;Sliced by ideaMaker 5.5.0.8810, 2026-09-21 20:58:16 UTC+0200
;Slicer Version: 5.5.0.8810
;Dimension: 250.000 250.000 250.000 0.400
;Plate Shape: 0
;Origin Center: 0
;Extruder Offset #1: 25.000 0.000
;Filament Diameter #1: 1.750
;Filament Diameter #2: 1.750
;Filament Compensation #1: 100.000
;Filament Compensation #2: 90.000
;Filament Density #1: 1240.000
;Filament Density #2: 1240.000
;Filament Type #1: PLA
;Filament Type #2: PLA
;Filament Name #1: [Raise3D] Premium PLA 1.75mm
;Filament Name #2: [Raise3D] Premium PLA 1.75mm
;Filament #1: PLA 1.75mm
;Filament #2: PLA 1.75mm
;Printer Type: floppy
;Firmware: Klipper
;Bounding Box: 113.748 133.748 75.975 175.975 0.000 20.000
;Model Gap: 0.000
M221 T0 S100.00
M140 S60.00
M104 T0 S200.00
M109 T0 S200.00
T0
M190 S60.00
G21 ;metric values
G90 ;absolute positioning
M82 ;set extruder to absolute mode
M107 ;start with the fan off
G28 X0 Y0 ;move X/Y to min endstops
G28 Z0 ;move Z to min endstops
G1 Z15.0 F9000 ;move the platform down 15mm

G92 E0 ;zero the extruded length

G0 X43 Y27 F2000  ;go to the edge of the bed
G92 X0 Y0 E0 ;set zero to edge of the bed
G0 F9000 Z1 ;Z up with 1mm
G1 F200 Z0 ;Z home slowly

G1 Z15.0 F9000 ;move the platform down 15mm

G1 F9000 ;speed setting
G92 E-3 ;retraction
M117 Printing...
M1001
;TOTAL_NUM: 1
;PRINTING_TIME: 0
;REMAINING_TIME: 3271
;LAYER:0
;Z:0.250
;HEIGHT:0.250
M106 S0
;PRINTING: Flow_Calibration_Cube_0.4_mm.stl
;PRINTING_ID: 0
G1 F2400 E-3.0000
G0 F3900 X113.948 Y76.175
G0 F300 Z0.250
;TYPE:WALL-OUTER
;WIDTH:0.400
G1 F1500 E0.0000
G1 F2400 X133.548 Y76.175 E0.8149
G1 X133.548 Y175.775 E4.9558
G1 X113.948 Y175.775 E5.7706
G1 X113.948 Y76.175 E9.9115
G0 F3900 X114.348 Y76.575
;TYPE:WALL-INNER
;WIDTH:0.400
G1 F2400 X133.148 Y76.575 E10.6931
G1 X133.148 Y175.375 E14.8008
G1 X114.348 Y175.375 E15.5824
G1 X114.348 Y76.575 E19.6900
G0 F3900 X114.748 Y76.975
G1 F2400 X132.748 Y76.975 E20.4384
G1 X132.748 Y174.975 E24.5127
G1 X114.748 Y174.975 E25.2611
G1 X114.748 Y76.975 E29.3354
G0 F3900 X115.148 Y77.375
G1 F2400 X132.348 Y77.375 E30.0505
G1 X132.348 Y174.575 E34.0916
G1 X115.148 Y174.575 E34.8067
G1 X115.148 Y77.375 E38.8478
G1 F2400 E35.8478
G1 F300 Z0.450
G0 F3900 X131.581 Y77.559
;TYPE:SOLID-FILL
;WIDTH:0.400
G1 F300 Z0.250
G1 F1500 E38.8478
G1 F2400 X132.163 Y78.140 E38.8820
G0 F2400 X132.163 Y78.706
G1 F2400 X131.016 Y77.559 E38.9495
G0 F2400 X130.450 Y77.559
G1 F2400 X132.163 Y79.272 E39.0502
G0 F2400 X132.163 Y79.838
G1 F2400 X129.884 Y77.559 E39.1842
G0 F2400 X129.319 Y77.559
G1 F2400 X132.163 Y80.403 E39.3514
G0 F2400 X132.163 Y80.969
G1 F2400 X128.753 Y77.559 E39.5519
G0 F2400 X128.187 Y77.559
G1 F2400 X132.163 Y81.535 E39.7857
G0 F2400 X132.163 Y82.100
G1 F2400 X127.622 Y77.559 E40.0527
G0 F2400 X127.056 Y77.559
G1 F2400 X132.163 Y82.666 E40.3529
G0 F2400 X132.163 Y83.232
G1 F2400 X126.490 Y77.559 E40.6865
G0 F2400 X125.925 Y77.559
G1 F2400 X132.163 Y83.797 E41.0533
G0 F2400 X132.163 Y84.363
G1 F2400 X125.359 Y77.559 E41.4533
G0 F2400 X124.793 Y77.559
G1 F2400 X132.163 Y84.929 E41.8866
G0 F2400 X132.163 Y85.494
G1 F2400 X124.228 Y77.559 E42.3532
G0 F2400 X123.662 Y77.559
G1 F2400 X132.163 Y86.060 E42.8530
G0 F2400 X132.163 Y86.626
G1 F2400 X123.096 Y77.559 E43.3861
G0 F2400 X122.530 Y77.559
G1 F2400 X132.163 Y87.191 E43.9525
G0 F2400 X132.163 Y87.757
G1 F2400 X121.965 Y77.559 E44.5521
G0 F2400 X121.399 Y77.559
G1 F2400 X132.163 Y88.323 E45.1849
G0 F2400 X132.163 Y88.888
G1 F2400 X120.833 Y77.559 E45.8511
G0 F2400 X120.268 Y77.559
G1 F2400 X132.163 Y89.454 E46.5505
G0 F2400 X132.163 Y90.020
G1 F2400 X119.702 Y77.559 E47.2831
G0 F2400 X119.136 Y77.559
G1 F2400 X132.163 Y90.586 E48.0491
G0 F2400 X132.163 Y91.151
G1 F2400 X118.571 Y77.559 E48.8482
G0 F2400 X118.005 Y77.559
G1 F2400 X132.163 Y91.717 E49.6806
G0 F2400 X132.163 Y92.283
G1 F2400 X117.439 Y77.559 E50.5464
G0 F2400 X116.874 Y77.559
G1 F2400 X132.163 Y92.848 E51.4453
G0 F2400 X132.163 Y93.414
G1 F2400 X116.308 Y77.559 E52.3775
G0 F2400 X115.742 Y77.559
G1 F2400 X132.163 Y93.980 E53.3430
G0 F2400 X132.163 Y94.545
G1 F2400 X115.331 Y77.713 E54.3327
G0 F2400 X115.331 Y78.278
G1 F2400 X132.163 Y95.111 E55.3223
G0 F2400 X132.163 Y95.677
G1 F2400 X115.331 Y78.844 E56.3120
G0 F2400 X115.331 Y79.410
G1 F2400 X132.163 Y96.242 E57.3017
G0 F2400 X132.163 Y96.808
G1 F2400 X115.331 Y79.975 E58.2914
G0 F2400 X115.331 Y80.541
G1 F2400 X132.163 Y97.374 E59.2811
G0 F2400 X132.163 Y97.939
G1 F2400 X115.331 Y81.107 E60.2707
G0 F2400 X115.331 Y81.672
G1 F2400 X132.163 Y98.505 E61.2604
G0 F2400 X132.163 Y99.071
G1 F2400 X115.331 Y82.238 E62.2501
G0 F2400 X115.331 Y82.804
G1 F2400 X132.163 Y99.637 E63.2398
G0 F2400 X132.163 Y100.202
G1 F2400 X115.331 Y83.370 E64.2294
G0 F2400 X115.331 Y83.935
G1 F2400 X132.163 Y100.768 E65.2191
G0 F2400 X132.163 Y101.334
G1 F2400 X115.331 Y84.501 E66.2088
G0 F2400 X115.331 Y85.067
G1 F2400 X132.163 Y101.899 E67.1985
G0 F2400 X132.163 Y102.465
G1 F2400 X115.331 Y85.632 E68.1882
G0 F2400 X115.331 Y86.198
G1 F2400 X132.163 Y103.031 E69.1778
G0 F2400 X132.163 Y103.596
G1 F2400 X115.331 Y86.764 E70.1675
G0 F2400 X115.331 Y87.329
G1 F2400 X132.163 Y104.162 E71.1572
G0 F2400 X132.163 Y104.728
G1 F2400 X115.331 Y87.895 E72.1469
G0 F2400 X115.331 Y88.461
G1 F2400 X132.163 Y105.293 E73.1365
G0 F2400 X132.163 Y105.859
G1 F2400 X115.331 Y89.026 E74.1262
G0 F2400 X115.331 Y89.592
G1 F2400 X132.163 Y106.425 E75.1159
G0 F2400 X132.163 Y106.990
G1 F2400 X115.331 Y90.158 E76.1056
G0 F2400 X115.331 Y90.723
G1 F2400 X132.163 Y107.556 E77.0952
G0 F2400 X132.163 Y108.122
G1 F2400 X115.331 Y91.289 E78.0849
G0 F2400 X115.331 Y91.855
G1 F2400 X132.163 Y108.687 E79.0746
G0 F2400 X132.163 Y109.253
G1 F2400 X115.331 Y92.420 E80.0643
G0 F2400 X115.331 Y92.986
G1 F2400 X132.163 Y109.819 E81.0540
G0 F2400 X132.163 Y110.385
G1 F2400 X115.331 Y93.552 E82.0436
G0 F2400 X115.331 Y94.118
G1 F2400 X132.163 Y110.950 E83.0333
G0 F2400 X132.163 Y111.516
G1 F2400 X115.331 Y94.683 E84.0230
G0 F2400 X115.331 Y95.249
G1 F2400 X132.163 Y112.082 E85.0127
G0 F2400 X132.163 Y112.647
G1 F2400 X115.331 Y95.815 E86.0023
G0 F2400 X115.331 Y96.380
G1 F2400 X132.163 Y113.213 E86.9920
G0 F2400 X132.163 Y113.779
G1 F2400 X115.331 Y96.946 E87.9817
G0 F2400 X115.331 Y97.512
G1 F2400 X132.163 Y114.344 E88.9714
G0 F2400 X132.163 Y114.910
G1 F2400 X115.331 Y98.077 E89.9611
G0 F2400 X115.331 Y98.643
G1 F2400 X132.163 Y115.476 E90.9507
G0 F2400 X132.163 Y116.041
G1 F2400 X115.331 Y99.209 E91.9404
G0 F2400 X115.331 Y99.774
G1 F2400 X132.163 Y116.607 E92.9301
G0 F2400 X132.163 Y117.173
G1 F2400 X115.331 Y100.340 E93.9198
G0 F2400 X115.331 Y100.906
G1 F2400 X132.163 Y117.738 E94.9094
G0 F2400 X132.163 Y118.304
G1 F2400 X115.331 Y101.471 E95.8991
G0 F2400 X115.331 Y102.037
G1 F2400 X132.163 Y118.870 E96.8888
G0 F2400 X132.163 Y119.435
G1 F2400 X115.331 Y102.603 E97.8785
G0 F2400 X115.331 Y103.169
G1 F2400 X132.163 Y120.001 E98.8681
G0 F2400 X132.163 Y120.567
G1 F2400 X115.331 Y103.734 E99.8578
G0 F2400 X115.331 Y104.300
G1 F2400 X132.163 Y121.133 E100.8475
G0 F2400 X132.163 Y121.698
G1 F2400 X115.331 Y104.866 E101.8371
G0 F2400 X115.331 Y105.431
G1 F2400 X132.163 Y122.264 E102.8268
G0 F2400 X132.163 Y122.830
G1 F2400 X115.331 Y105.997 E103.8165
G0 F2400 X115.331 Y106.563
G1 F2400 X132.163 Y123.395 E104.8062
G0 F2400 X132.163 Y123.961
G1 F2400 X115.331 Y107.128 E105.7959
G0 F2400 X115.331 Y107.694
G1 F2400 X132.163 Y124.527 E106.7855
G0 F2400 X132.163 Y125.092
G1 F2400 X115.331 Y108.260 E107.7752
G0 F2400 X115.331 Y108.825
G1 F2400 X132.163 Y125.658 E108.7649
G0 F2400 X132.164 Y126.224
G1 F2400 X115.331 Y109.391 E109.7546
G0 F2400 X115.331 Y109.957
G1 F2400 X132.164 Y126.790 E110.7443
G0 F2400 X132.164 Y127.356
G1 F2400 X115.331 Y110.522 E111.7341
G0 F2400 X115.331 Y111.088
G1 F2400 X132.164 Y127.921 E112.7238
G0 F2400 X132.164 Y128.487
G1 F2400 X115.331 Y111.654 E113.7135
G0 F2400 X115.331 Y112.219
G1 F2400 X132.164 Y129.053 E114.7032
G0 F2400 X132.164 Y129.619
G1 F2400 X115.331 Y112.785 E115.6930
G0 F2400 X115.331 Y113.351
G1 F2400 X132.164 Y130.184 E116.6827
G0 F2400 X132.164 Y130.750
G1 F2400 X115.331 Y113.917 E117.6724
G0 F2400 X115.331 Y114.482
G1 F2400 X132.164 Y131.316 E118.6622
G0 F2400 X132.164 Y131.881
G1 F2400 X115.331 Y115.048 E119.6519
G0 F2400 X115.331 Y115.614
G1 F2400 X132.164 Y132.447 E120.6416
G0 F2400 X132.164 Y133.013
G1 F2400 X115.331 Y116.179 E121.6313
G0 F2400 X115.331 Y116.745
G1 F2400 X132.164 Y133.578 E122.6211
G0 F2400 X132.164 Y134.144
G1 F2400 X115.331 Y117.311 E123.6108
G0 F2400 X115.331 Y117.876
G1 F2400 X132.164 Y134.710 E124.6005
G0 F2400 X132.164 Y135.275
G1 F2400 X115.331 Y118.442 E125.5902
G0 F2400 X115.331 Y119.008
G1 F2400 X132.164 Y135.841 E126.5800
G0 F2400 X132.164 Y136.407
G1 F2400 X115.331 Y119.573 E127.5697
G0 F2400 X115.331 Y120.139
G1 F2400 X132.164 Y136.972 E128.5594
G0 F2400 X132.164 Y137.538
G1 F2400 X115.331 Y120.705 E129.5491
G0 F2400 X115.331 Y121.270
G1 F2400 X132.164 Y138.104 E130.5389
G0 F2400 X132.164 Y138.670
G1 F2400 X115.331 Y121.836 E131.5286
G0 F2400 X115.331 Y122.402
G1 F2400 X132.164 Y139.235 E132.5183
G0 F2400 X132.164 Y139.801
G1 F2400 X115.331 Y122.967 E133.5081
G0 F2400 X115.331 Y123.533
G1 F2400 X132.164 Y140.367 E134.4978
G0 F2400 X132.164 Y140.932
G1 F2400 X115.331 Y124.099 E135.4875
G0 F2400 X115.331 Y124.665
G1 F2400 X132.164 Y141.498 E136.4773
G0 F2400 X132.164 Y142.064
G1 F2400 X115.331 Y125.230 E137.4670
G0 F2400 X115.331 Y125.796
G1 F2400 X132.164 Y142.629 E138.4567
G0 F2400 X132.164 Y143.195
G1 F2400 X115.331 Y126.362 E139.4464
G0 F2400 X115.331 Y126.927
G1 F2400 X132.164 Y143.761 E140.4362
G0 F2400 X132.164 Y144.326
G1 F2400 X115.331 Y127.493 E141.4259
G0 F2400 X115.331 Y128.059
G1 F2400 X132.164 Y144.892 E142.4156
G0 F2400 X132.164 Y145.458
G1 F2400 X115.331 Y128.624 E143.4054
G0 F2400 X115.331 Y129.190
G1 F2400 X132.164 Y146.023 E144.3951
G0 F2400 X132.164 Y146.589
G1 F2400 X115.331 Y129.756 E145.3848
G0 F2400 X115.331 Y130.321
G1 F2400 X132.164 Y147.155 E146.3745
G0 F2400 X132.164 Y147.720
G1 F2400 X115.331 Y130.887 E147.3642
G0 F2400 X115.331 Y131.453
G1 F2400 X132.164 Y148.286 E148.3540
G0 F2400 X132.164 Y148.852
G1 F2400 X115.331 Y132.018 E149.3437
G0 F2400 X115.331 Y132.584
G1 F2400 X132.164 Y149.418 E150.3335
G0 F2400 X132.164 Y149.983
G1 F2400 X115.331 Y133.150 E151.3232
G0 F2400 X115.331 Y133.716
G1 F2400 X132.164 Y150.549 E152.3129
G0 F2400 X132.164 Y151.115
G1 F2400 X115.331 Y134.281 E153.3026
G0 F2400 X115.331 Y134.847
G1 F2400 X132.164 Y151.680 E154.2923
G0 F2400 X132.164 Y152.246
G1 F2400 X115.331 Y135.413 E155.2821
G0 F2400 X115.331 Y135.978
G1 F2400 X132.164 Y152.812 E156.2718
G0 F2400 X132.164 Y153.377
G1 F2400 X115.331 Y136.544 E157.2615
G0 F2400 X115.331 Y137.110
G1 F2400 X132.164 Y153.943 E158.2512
G0 F2400 X132.164 Y154.509
G1 F2400 X115.331 Y137.675 E159.2410
G0 F2400 X115.331 Y138.241
G1 F2400 X132.164 Y155.074 E160.2307
G0 F2400 X132.164 Y155.640
G1 F2400 X115.331 Y138.807 E161.2204
G0 F2400 X115.331 Y139.372
G1 F2400 X132.164 Y156.206 E162.2102
G0 F2400 X132.164 Y156.771
G1 F2400 X115.331 Y139.938 E163.1999
G0 F2400 X115.331 Y140.504
G1 F2400 X132.164 Y157.337 E164.1896
G0 F2400 X132.164 Y157.903
G1 F2400 X115.331 Y141.069 E165.1793
G0 F2400 X115.331 Y141.635
G1 F2400 X132.164 Y158.468 E166.1691
G0 F2400 X132.164 Y159.034
G1 F2400 X115.331 Y142.201 E167.1588
G0 F2400 X115.331 Y142.766
G1 F2400 X132.164 Y159.600 E168.1485
G0 F2400 X132.164 Y160.166
G1 F2400 X115.331 Y143.332 E169.1383
G0 F2400 X115.331 Y143.898
G1 F2400 X132.164 Y160.731 E170.1280
G0 F2400 X132.164 Y161.297
G1 F2400 X115.331 Y144.464 E171.1177
G0 F2400 X115.331 Y145.029
G1 F2400 X132.164 Y161.863 E172.1074
G0 F2400 X132.164 Y162.428
G1 F2400 X115.331 Y145.595 E173.0972
G0 F2400 X115.331 Y146.161
G1 F2400 X132.164 Y162.994 E174.0869
G0 F2400 X132.164 Y163.560
G1 F2400 X115.331 Y146.726 E175.0766
G0 F2400 X115.331 Y147.292
G1 F2400 X132.164 Y164.125 E176.0663
G0 F2400 X132.164 Y164.691
G1 F2400 X115.331 Y147.858 E177.0560
G0 F2400 X115.331 Y148.423
G1 F2400 X132.164 Y165.257 E178.0458
G0 F2400 X132.164 Y165.822
G1 F2400 X115.331 Y148.989 E179.0355
G0 F2400 X115.331 Y149.555
G1 F2400 X132.164 Y166.388 E180.0252
G0 F2400 X132.164 Y166.954
G1 F2400 X115.331 Y150.120 E181.0150
G0 F2400 X115.331 Y150.686
G1 F2400 X132.164 Y167.519 E182.0047
G0 F2400 X132.164 Y168.085
G1 F2400 X115.331 Y151.252 E182.9944
G0 F2400 X115.331 Y151.817
G1 F2400 X132.164 Y168.651 E183.9841
G0 F2400 X132.164 Y169.217
G1 F2400 X115.331 Y152.383 E184.9739
G0 F2400 X115.331 Y152.949
G1 F2400 X132.164 Y169.782 E185.9636
G0 F2400 X132.164 Y170.348
G1 F2400 X115.331 Y153.515 E186.9533
G0 F2400 X115.331 Y154.080
G1 F2400 X132.164 Y170.914 E187.9431
G0 F2400 X132.164 Y171.479
G1 F2400 X115.331 Y154.646 E188.9328
G0 F2400 X115.331 Y155.212
G1 F2400 X132.164 Y172.045 E189.9225
G0 F2400 X132.164 Y172.611
G1 F2400 X115.331 Y155.777 E190.9122
G0 F2400 X115.331 Y156.343
G1 F2400 X132.164 Y173.176 E191.9020
G0 F2400 X132.164 Y173.742
G1 F2400 X115.331 Y156.909 E192.8917
G0 F2400 X115.331 Y157.474
G1 F2400 X132.164 Y174.308 E193.8814
G0 F2400 X131.680 Y174.390
G1 F2400 X115.331 Y158.040 E194.8427
G0 F2400 X115.331 Y158.606
G1 F2400 X131.115 Y174.390 E195.7708
G0 F2400 X130.549 Y174.390
G1 F2400 X115.331 Y159.171 E196.6655
G0 F2400 X115.331 Y159.737
G1 F2400 X129.983 Y174.390 E197.5271
G0 F2400 X129.418 Y174.390
G1 F2400 X115.331 Y160.303 E198.3553
G0 F2400 X115.331 Y160.868
G1 F2400 X128.852 Y174.390 E199.1503
G0 F2400 X128.286 Y174.390
G1 F2400 X115.331 Y161.434 E199.9121
G0 F2400 X115.331 Y162.000
G1 F2400 X127.721 Y174.390 E200.6405
G0 F2400 X127.155 Y174.390
G1 F2400 X115.331 Y162.565 E201.3358
G0 F2400 X115.331 Y163.131
G1 F2400 X126.589 Y174.390 E201.9977
G0 F2400 X126.024 Y174.390
G1 F2400 X115.331 Y163.697 E202.6264
G0 F2400 X115.331 Y164.263
G1 F2400 X125.458 Y174.390 E203.2219
G0 F2400 X124.892 Y174.390
G1 F2400 X115.331 Y164.828 E203.7841
G0 F2400 X115.331 Y165.394
G1 F2400 X124.327 Y174.390 E204.3130
G0 F2400 X123.761 Y174.390
G1 F2400 X115.331 Y165.960 E204.8086
G0 F2400 X115.331 Y166.525
G1 F2400 X123.195 Y174.390 E205.2710
G0 F2400 X122.629 Y174.390
G1 F2400 X115.331 Y167.091 E205.7002
G0 F2400 X115.331 Y167.657
G1 F2400 X122.064 Y174.390 E206.0960
G0 F2400 X121.498 Y174.390
G1 F2400 X115.331 Y168.222 E206.4587
G0 F2400 X115.331 Y168.788
G1 F2400 X120.932 Y174.390 E206.7880
G0 F2400 X120.367 Y174.390
G1 F2400 X115.331 Y169.354 E207.0841
G0 F2400 X115.331 Y169.919
G1 F2400 X119.801 Y174.390 E207.3470
G0 F2400 X119.235 Y174.390
G1 F2400 X115.331 Y170.485 E207.5765
G0 F2400 X115.331 Y171.051
G1 F2400 X118.670 Y174.390 E207.7728
G0 F2400 X118.104 Y174.390
G1 F2400 X115.331 Y171.616 E207.9359
G0 F2400 X115.331 Y172.182
G1 F2400 X117.538 Y174.390 E208.0657
G0 F2400 X116.973 Y174.390
G1 F2400 X115.331 Y172.748 E208.1623
G0 F2400 X115.331 Y173.313
G1 F2400 X116.407 Y174.390 E208.2255
G0 F2400 X115.841 Y174.390
G1 F2400 X115.331 Y173.879 E208.2556
;PRINTING_TIME: 143
;REMAINING_TIME: 3128
;LAYER:1
;Z:0.500
;HEIGHT:0.250
M106 S51
;PRINTING: Flow_Calibration_Cube_0.4_mm.stl
;PRINTING_ID: 0
G1 F2400 E205.2556
G1 F300 Z0.700
G0 F3900 X113.948 Y76.175
G0 F300 Z0.500
;TYPE:WALL-OUTER
;WIDTH:0.400
G1 F300 Z0.500
G1 F1500 E208.2556
G1 F2100 X133.548 Y76.175 E209.0704
G1 X133.548 Y175.775 E213.2113
G1 X113.948 Y175.775 E214.0262
G1 X113.948 Y76.175 E218.1671
G0 F3900 X114.348 Y76.575
;TYPE:WALL-INNER
;WIDTH:0.400
;FLOW:90.0
G1 F2400 X133.148 Y76.575 E218.8705
G1 X133.148 Y175.375 E222.5674
G1 X114.348 Y175.375 E223.2708
G1 X114.348 Y76.575 E226.9677
G0 F3900 X114.748 Y76.975
G1 F2400 X132.748 Y76.975 E227.6412
G1 X132.748 Y174.975 E231.3082
G1 X114.748 Y174.975 E231.9817
G1 X114.748 Y76.975 E235.6486
G0 F3900 X115.148 Y77.375
G1 F2400 X132.348 Y77.375 E236.2922
G1 X132.348 Y174.575 E239.9292
G1 X115.148 Y174.575 E240.5728
G1 X115.148 Y77.375 E244.2098
G0 F3900 X115.331 Y77.849
;TYPE:SOLID-FILL
;WIDTH:0.400
;FLOW:95.0
G1 F2700 X115.622 Y77.559 E244.2260
G0 F2700 X116.188 Y77.559
G1 F2700 X115.331 Y78.415 E244.2738
G0 F2700 X115.331 Y78.980
G1 F2700 X116.753 Y77.559 E244.3532
G0 F2700 X117.319 Y77.559
G1 F2700 X115.331 Y79.546 E244.4642
G0 F2700 X115.331 Y80.112
G1 F2700 X117.885 Y77.559 E244.6069
G0 F2700 X118.450 Y77.559
G1 F2700 X115.331 Y80.678 E244.7811
G0 F2700 X115.331 Y81.243
G1 F2700 X119.016 Y77.559 E244.9869
G0 F2700 X119.582 Y77.559
G1 F2700 X115.331 Y81.809 E245.2243
G0 F2700 X115.331 Y82.375
G1 F2700 X120.148 Y77.559 E245.4933
G0 F2700 X120.713 Y77.559
G1 F2700 X115.331 Y82.940 E245.7939
G0 F2700 X115.331 Y83.506
G1 F2700 X121.279 Y77.559 E246.1261
G0 F2700 X121.845 Y77.559
G1 F2700 X115.331 Y84.072 E246.4900
G0 F2700 X115.331 Y84.637
G1 F2700 X122.410 Y77.559 E246.8853
G0 F2700 X122.976 Y77.559
G1 F2700 X115.331 Y85.203 E247.3123
G0 F2700 X115.331 Y85.769
G1 F2700 X123.542 Y77.559 E247.7709
G0 F2700 X124.107 Y77.559
G1 F2700 X115.331 Y86.334 E248.2611
G0 F2700 X115.331 Y86.900
G1 F2700 X124.673 Y77.559 E248.7829
G0 F2700 X125.239 Y77.559
G1 F2700 X115.331 Y87.466 E249.3363
G0 F2700 X115.331 Y88.031
G1 F2700 X125.804 Y77.559 E249.9212
G0 F2700 X126.370 Y77.559
G1 F2700 X115.331 Y88.597 E250.5378
G0 F2700 X115.331 Y89.163
G1 F2700 X126.936 Y77.559 E251.1860
G0 F2700 X127.501 Y77.559
G1 F2700 X115.331 Y89.729 E251.8658
G0 F2700 X115.331 Y90.294
G1 F2700 X128.067 Y77.559 E252.5771
G0 F2700 X128.633 Y77.559
G1 F2700 X115.331 Y90.860 E253.3201
G0 F2700 X115.331 Y91.426
G1 F2700 X129.199 Y77.559 E254.0947
G0 F2700 X129.764 Y77.559
G1 F2700 X115.331 Y91.991 E254.9008
G0 F2700 X115.331 Y92.557
G1 F2700 X130.330 Y77.559 E255.7386
G0 F2700 X130.896 Y77.559
G1 F2700 X115.331 Y93.123 E256.6080
G0 F2700 X115.331 Y93.688
G1 F2700 X131.461 Y77.559 E257.5089
G0 F2700 X132.027 Y77.559
G1 F2700 X115.331 Y94.254 E258.4415
G0 F2700 X115.331 Y94.820
G1 F2700 X132.163 Y77.988 E259.3816
G0 F2700 X132.163 Y78.554
G1 F2700 X115.331 Y95.385 E260.3218
G0 F2700 X115.331 Y95.951
G1 F2700 X132.163 Y79.120 E261.2619
G0 F2700 X132.163 Y79.685
G1 F2700 X115.331 Y96.517 E262.2021
G0 F2700 X115.331 Y97.082
G1 F2700 X132.163 Y80.251 E263.1423
G0 F2700 X132.163 Y80.817
G1 F2700 X115.331 Y97.648 E264.0824
G0 F2700 X115.331 Y98.214
G1 F2700 X132.163 Y81.383 E265.0225
G0 F2700 X132.163 Y81.948
G1 F2700 X115.331 Y98.779 E265.9627
G0 F2700 X115.331 Y99.345
G1 F2700 X132.163 Y82.514 E266.9028
G0 F2700 X132.163 Y83.080
G1 F2700 X115.331 Y99.911 E267.8430
G0 F2700 X115.331 Y100.477
G1 F2700 X132.163 Y83.645 E268.7832
G0 F2700 X132.163 Y84.211
G1 F2700 X115.331 Y101.042 E269.7233
G0 F2700 X115.331 Y101.608
G1 F2700 X132.163 Y84.777 E270.6634
G0 F2700 X132.163 Y85.342
G1 F2700 X115.331 Y102.174 E271.6036
G0 F2700 X115.331 Y102.739
G1 F2700 X132.163 Y85.908 E272.5438
G0 F2700 X132.163 Y86.474
G1 F2700 X115.331 Y103.305 E273.4839
G0 F2700 X115.331 Y103.871
G1 F2700 X132.163 Y87.039 E274.4241
G0 F2700 X132.163 Y87.605
G1 F2700 X115.331 Y104.436 E275.3642
G0 F2700 X115.331 Y105.002
G1 F2700 X132.163 Y88.171 E276.3044
G0 F2700 X132.163 Y88.736
G1 F2700 X115.331 Y105.568 E277.2446
G0 F2700 X115.331 Y106.133
G1 F2700 X132.163 Y89.302 E278.1847
G0 F2700 X132.163 Y89.868
G1 F2700 X115.331 Y106.699 E279.1248
G0 F2700 X115.331 Y107.265
G1 F2700 X132.163 Y90.434 E280.0650
G0 F2700 X132.163 Y90.999
G1 F2700 X115.331 Y107.830 E281.0051
G0 F2700 X115.331 Y108.396
G1 F2700 X132.163 Y91.565 E281.9453
G0 F2700 X132.163 Y92.131
G1 F2700 X115.331 Y108.962 E282.8854
G0 F2700 X115.331 Y109.528
G1 F2700 X132.163 Y92.696 E283.8256
G0 F2700 X132.163 Y93.262
G1 F2700 X115.331 Y110.093 E284.7658
G0 F2700 X115.331 Y110.659
G1 F2700 X132.163 Y93.828 E285.7059
G0 F2700 X132.163 Y94.393
G1 F2700 X115.331 Y111.225 E286.6461
G0 F2700 X115.331 Y111.790
G1 F2700 X132.163 Y94.959 E287.5862
G0 F2700 X132.163 Y95.525
G1 F2700 X115.331 Y112.356 E288.5264
G0 F2700 X115.331 Y112.922
G1 F2700 X132.163 Y96.090 E289.4665
G0 F2700 X132.163 Y96.656
G1 F2700 X115.331 Y113.487 E290.4067
G0 F2700 X115.331 Y114.053
G1 F2700 X132.163 Y97.222 E291.3468
G0 F2700 X132.163 Y97.787
G1 F2700 X115.331 Y114.619 E292.2870
G0 F2700 X115.331 Y115.184
G1 F2700 X132.163 Y98.353 E293.2272
G0 F2700 X132.163 Y98.919
G1 F2700 X115.331 Y115.750 E294.1673
G0 F2700 X115.331 Y116.316
G1 F2700 X132.163 Y99.484 E295.1075
G0 F2700 X132.163 Y100.050
G1 F2700 X115.331 Y116.881 E296.0476
G0 F2700 X115.331 Y117.447
G1 F2700 X132.163 Y100.616 E296.9878
G0 F2700 X132.163 Y101.182
G1 F2700 X115.331 Y118.013 E297.9279
G0 F2700 X115.331 Y118.578
G1 F2700 X132.163 Y101.747 E298.8681
G0 F2700 X132.163 Y102.313
G1 F2700 X115.331 Y119.144 E299.8082
G0 F2700 X115.331 Y119.710
G1 F2700 X132.163 Y102.879 E300.7484
G0 F2700 X132.163 Y103.444
G1 F2700 X115.331 Y120.276 E301.6885
G0 F2700 X115.331 Y120.841
G1 F2700 X132.163 Y104.010 E302.6287
G0 F2700 X132.163 Y104.576
G1 F2700 X115.331 Y121.407 E303.5688
G0 F2700 X115.331 Y121.973
G1 F2700 X132.163 Y105.141 E304.5090
G0 F2700 X132.163 Y105.707
G1 F2700 X115.331 Y122.538 E305.4491
G0 F2700 X115.331 Y123.104
G1 F2700 X132.163 Y106.273 E306.3893
G0 F2700 X132.163 Y106.838
G1 F2700 X115.331 Y123.670 E307.3295
G0 F2700 X115.331 Y124.235
G1 F2700 X132.163 Y107.404 E308.2696
G0 F2700 X132.163 Y107.970
G1 F2700 X115.331 Y124.801 E309.2098
G0 F2700 X115.331 Y125.367
G1 F2700 X132.163 Y108.535 E310.1499
G0 F2700 X132.163 Y109.101
G1 F2700 X115.331 Y125.932 E311.0901
G0 F2700 X115.331 Y126.498
G1 F2700 X132.163 Y109.667 E312.0302
G0 F2700 X132.163 Y110.232
G1 F2700 X115.331 Y127.064 E312.9704
G0 F2700 X115.331 Y127.629
G1 F2700 X132.163 Y110.798 E313.9105
G0 F2700 X132.163 Y111.364
G1 F2700 X115.331 Y128.195 E314.8507
G0 F2700 X115.331 Y128.761
G1 F2700 X132.163 Y111.930 E315.7908
G0 F2700 X132.163 Y112.495
G1 F2700 X115.331 Y129.327 E316.7310
G0 F2700 X115.331 Y129.892
G1 F2700 X132.163 Y113.061 E317.6712
G0 F2700 X132.163 Y113.627
G1 F2700 X115.331 Y130.458 E318.6113
G0 F2700 X115.331 Y131.024
G1 F2700 X132.163 Y114.192 E319.5515
G0 F2700 X132.163 Y114.758
G1 F2700 X115.331 Y131.589 E320.4916
G0 F2700 X115.331 Y132.155
G1 F2700 X132.163 Y115.324 E321.4318
G0 F2700 X132.163 Y115.889
G1 F2700 X115.331 Y132.721 E322.3719
G0 F2700 X115.331 Y133.286
G1 F2700 X132.163 Y116.455 E323.3121
G0 F2700 X132.163 Y117.021
G1 F2700 X115.331 Y133.852 E324.2522
G0 F2700 X115.331 Y134.418
G1 F2700 X132.163 Y117.586 E325.1924
G0 F2700 X132.163 Y118.152
G1 F2700 X115.331 Y134.983 E326.1326
G0 F2700 X115.331 Y135.549
G1 F2700 X132.163 Y118.718 E327.0727
G0 F2700 X132.163 Y119.283
G1 F2700 X115.331 Y136.115 E328.0129
G0 F2700 X115.331 Y136.680
G1 F2700 X132.163 Y119.849 E328.9530
G0 F2700 X132.163 Y120.415
G1 F2700 X115.331 Y137.246 E329.8932
G0 F2700 X115.331 Y137.812
G1 F2700 X132.163 Y120.981 E330.8333
G0 F2700 X132.163 Y121.546
G1 F2700 X115.331 Y138.377 E331.7735
G0 F2700 X115.331 Y138.943
G1 F2700 X132.163 Y122.112 E332.7136
G0 F2700 X132.163 Y122.678
G1 F2700 X115.331 Y139.509 E333.6538
G0 F2700 X115.331 Y140.075
G1 F2700 X132.163 Y123.243 E334.5939
G0 F2700 X132.163 Y123.809
G1 F2700 X115.331 Y140.640 E335.5341
G0 F2700 X115.331 Y141.206
G1 F2700 X132.163 Y124.375 E336.4742
G0 F2700 X132.163 Y124.940
G1 F2700 X115.331 Y141.772 E337.4144
G0 F2700 X115.331 Y142.337
G1 F2700 X132.163 Y125.506 E338.3545
G0 F2700 X132.163 Y126.071
G1 F2700 X115.331 Y142.903 E339.2947
G0 F2700 X115.331 Y143.469
G1 F2700 X132.163 Y126.637 E340.2349
G0 F2700 X132.163 Y127.202
G1 F2700 X115.331 Y144.034 E341.1751
G0 F2700 X115.331 Y144.600
G1 F2700 X132.163 Y127.768 E342.1152
G0 F2700 X132.163 Y128.334
G1 F2700 X115.331 Y145.166 E343.0554
G0 F2700 X115.331 Y145.731
G1 F2700 X132.163 Y128.899 E343.9956
G0 F2700 X132.163 Y129.465
G1 F2700 X115.331 Y146.297 E344.9358
G0 F2700 X115.331 Y146.863
G1 F2700 X132.163 Y130.031 E345.8759
G0 F2700 X132.163 Y130.596
G1 F2700 X115.331 Y147.428 E346.8161
G0 F2700 X115.331 Y147.994
G1 F2700 X132.163 Y131.162 E347.7563
G0 F2700 X132.163 Y131.728
G1 F2700 X115.331 Y148.560 E348.6965
G0 F2700 X115.331 Y149.125
G1 F2700 X132.163 Y132.294 E349.6366
G0 F2700 X132.163 Y132.859
G1 F2700 X115.331 Y149.691 E350.5768
G0 F2700 X115.331 Y150.257
G1 F2700 X132.163 Y133.425 E351.5170
G0 F2700 X132.163 Y133.991
G1 F2700 X115.331 Y150.823 E352.4571
G0 F2700 X115.331 Y151.388
G1 F2700 X132.163 Y134.556 E353.3973
G0 F2700 X132.163 Y135.122
G1 F2700 X115.331 Y151.954 E354.3375
G0 F2700 X115.331 Y152.520
G1 F2700 X132.163 Y135.688 E355.2777
G0 F2700 X132.163 Y136.253
G1 F2700 X115.331 Y153.085 E356.2178
G0 F2700 X115.331 Y153.651
G1 F2700 X132.163 Y136.819 E357.1580
G0 F2700 X132.163 Y137.385
G1 F2700 X115.331 Y154.217 E358.0982
G0 F2700 X115.331 Y154.782
G1 F2700 X132.163 Y137.950 E359.0383
G0 F2700 X132.163 Y138.516
G1 F2700 X115.331 Y155.348 E359.9785
G0 F2700 X115.331 Y155.914
G1 F2700 X132.163 Y139.082 E360.9187
G0 F2700 X132.163 Y139.647
G1 F2700 X115.331 Y156.479 E361.8589
G0 F2700 X115.331 Y157.045
G1 F2700 X132.163 Y140.213 E362.7990
G0 F2700 X132.163 Y140.779
G1 F2700 X115.331 Y157.611 E363.7392
G0 F2700 X115.331 Y158.176
G1 F2700 X132.163 Y141.344 E364.6794
G0 F2700 X132.163 Y141.910
G1 F2700 X115.331 Y158.742 E365.6196
G0 F2700 X115.331 Y159.308
G1 F2700 X132.163 Y142.476 E366.5597
G0 F2700 X132.163 Y143.042
G1 F2700 X115.331 Y159.874 E367.4999
G0 F2700 X115.331 Y160.439
G1 F2700 X132.163 Y143.607 E368.4401
G0 F2700 X132.163 Y144.173
G1 F2700 X115.331 Y161.005 E369.3803
G0 F2700 X115.331 Y161.571
G1 F2700 X132.163 Y144.739 E370.3204
G0 F2700 X132.163 Y145.304
G1 F2700 X115.331 Y162.136 E371.2606
G0 F2700 X115.331 Y162.702
G1 F2700 X132.163 Y145.870 E372.2008
G0 F2700 X132.163 Y146.436
G1 F2700 X115.331 Y163.268 E373.1410
G0 F2700 X115.331 Y163.833
G1 F2700 X132.163 Y147.001 E374.0811
G0 F2700 X132.163 Y147.567
G1 F2700 X115.331 Y164.399 E375.0213
G0 F2700 X115.331 Y164.965
G1 F2700 X132.163 Y148.133 E375.9615
G0 F2700 X132.163 Y148.698
G1 F2700 X115.331 Y165.530 E376.9017
G0 F2700 X115.331 Y166.096
G1 F2700 X132.163 Y149.264 E377.8418
G0 F2700 X132.163 Y149.830
G1 F2700 X115.331 Y166.662 E378.7820
G0 F2700 X115.331 Y167.227
G1 F2700 X132.163 Y150.395 E379.7222
G0 F2700 X132.163 Y150.961
G1 F2700 X115.331 Y167.793 E380.6624
G0 F2700 X115.331 Y168.359
G1 F2700 X132.163 Y151.527 E381.6025
G0 F2700 X132.163 Y152.093
G1 F2700 X115.331 Y168.924 E382.5427
G0 F2700 X115.331 Y169.490
G1 F2700 X132.163 Y152.658 E383.4828
G0 F2700 X132.163 Y153.224
G1 F2700 X115.331 Y170.056 E384.4230
G0 F2700 X115.331 Y170.622
G1 F2700 X132.163 Y153.790 E385.3632
G0 F2700 X132.163 Y154.355
G1 F2700 X115.331 Y171.187 E386.3034
G0 F2700 X115.331 Y171.753
G1 F2700 X132.163 Y154.921 E387.2435
G0 F2700 X132.163 Y155.487
G1 F2700 X115.331 Y172.319 E388.1837
G0 F2700 X115.331 Y172.884
G1 F2700 X132.163 Y156.052 E389.1239
G0 F2700 X132.163 Y156.618
G1 F2700 X115.331 Y173.450 E390.0641
G0 F2700 X115.331 Y174.016
G1 F2700 X132.163 Y157.184 E391.0042
G0 F2700 X132.163 Y157.749
G1 F2700 X115.522 Y174.390 E391.9337
G0 F2700 X116.088 Y174.390
G1 F2700 X132.163 Y158.315 E392.8316
G0 F2700 X132.163 Y158.881
G1 F2700 X116.654 Y174.390 E393.6979
G0 F2700 X117.219 Y174.390
G1 F2700 X132.163 Y159.446 E394.5326
G0 F2700 X132.163 Y160.012
G1 F2700 X117.785 Y174.390 E395.3357
G0 F2700 X118.351 Y174.390
G1 F2700 X132.163 Y160.578 E396.1072
G0 F2700 X132.163 Y161.143
G1 F2700 X118.916 Y174.390 E396.8472
G0 F2700 X119.482 Y174.390
G1 F2700 X132.163 Y161.709 E397.5555
G0 F2700 X132.163 Y162.275
G1 F2700 X120.048 Y174.390 E398.2322
G0 F2700 X120.614 Y174.390
G1 F2700 X132.163 Y162.841 E398.8773
G0 F2700 X132.163 Y163.406
G1 F2700 X121.179 Y174.390 E399.4908
G0 F2700 X121.745 Y174.390
G1 F2700 X132.163 Y163.972 E400.0727
G0 F2700 X132.163 Y164.538
G1 F2700 X122.311 Y174.390 E400.6230
G0 F2700 X122.876 Y174.390
G1 F2700 X132.163 Y165.103 E401.1417
G0 F2700 X132.163 Y165.669
G1 F2700 X123.442 Y174.390 E401.6288
G0 F2700 X124.008 Y174.390
G1 F2700 X132.163 Y166.235 E402.0844
G0 F2700 X132.163 Y166.800
G1 F2700 X124.573 Y174.390 E402.5083
G0 F2700 X125.139 Y174.390
G1 F2700 X132.163 Y167.366 E402.9006
G0 F2700 X132.163 Y167.932
G1 F2700 X125.705 Y174.390 E403.2614
G0 F2700 X126.270 Y174.390
G1 F2700 X132.163 Y168.497 E403.5905
G0 F2700 X132.163 Y169.063
G1 F2700 X126.836 Y174.390 E403.8881
G0 F2700 X127.402 Y174.390
G1 F2700 X132.163 Y169.629 E404.1540
G0 F2700 X132.163 Y170.194
G1 F2700 X127.967 Y174.390 E404.3884
G0 F2700 X128.533 Y174.390
G1 F2700 X132.163 Y170.760 E404.5911
G0 F2700 X132.163 Y171.326
G1 F2700 X129.099 Y174.390 E404.7623
G0 F2700 X129.664 Y174.390
G1 F2700 X132.163 Y171.892 E404.9018
G0 F2700 X132.163 Y172.457
G1 F2700 X130.230 Y174.390 E405.0098
G0 F2700 X130.796 Y174.390
G1 F2700 X132.163 Y173.023 E405.0862
G0 F2700 X132.163 Y173.589
G1 F2700 X131.362 Y174.390 E405.1309
G0 F2700 X131.927 Y174.390
G1 F2700 X132.163 Y174.154 E405.1441
;PRINTING_TIME: 277
;REMAINING_TIME: 2995
;LAYER:2
;Z:0.750
;HEIGHT:0.250
;FLOW:100.0
;PRINTING: Flow_Calibration_Cube_0.4_mm.stl
;PRINTING_ID: 0
G1 F2400 E402.1441
G1 F300 Z0.950
G0 F3900 X113.948 Y76.175
G0 F300 Z0.750
;TYPE:WALL-OUTER
;WIDTH:0.400
G1 F300 Z0.750
G1 F1500 E405.1441
G1 F2100 X133.548 Y76.175 E405.9590
G1 X133.548 Y175.775 E410.0998
G1 X113.948 Y175.775 E410.9147
G1 X113.948 Y76.175 E415.0556
G0 F3900 X114.348 Y76.575
;TYPE:WALL-INNER
;WIDTH:0.400
;FLOW:90.0
G1 F2400 X133.148 Y76.575 E415.7591
G1 X133.148 Y175.375 E419.4559
G1 X114.348 Y175.375 E420.1594
G1 X114.348 Y76.575 E423.8562
G0 F3900 X114.748 Y76.975
G1 F2400 X132.748 Y76.975 E424.5298
G1 X132.748 Y174.975 E428.1967
G1 X114.748 Y174.975 E428.8702
G1 X114.748 Y76.975 E432.5371
G0 F3900 X115.148 Y77.375
G1 F2400 X132.348 Y77.375 E433.1807
G1 X132.348 Y174.575 E436.8177
G1 X115.148 Y174.575 E437.4613
G1 X115.148 Y77.375 E441.0983
G1 F2400 E438.0983
G1 F300 Z0.950
G0 F3900 X131.581 Y77.559
;TYPE:SOLID-FILL
;WIDTH:0.400
;FLOW:95.0
G1 F300 Z0.750
G1 F1500 E441.0983
G1 F3000 X132.163 Y78.140 E441.1308
G0 F3000 X132.163 Y78.706
G1 F3000 X131.016 Y77.559 E441.1948
G0 F3000 X130.450 Y77.559
G1 F3000 X132.163 Y79.272 E441.2905
G0 F3000 X132.163 Y79.838
G1 F3000 X129.884 Y77.559 E441.4178
G0 F3000 X129.319 Y77.559
G1 F3000 X132.163 Y80.403 E441.5767
G0 F3000 X132.163 Y80.969
G1 F3000 X128.753 Y77.559 E441.7671
G0 F3000 X128.187 Y77.559
G1 F3000 X132.163 Y81.535 E441.9892
G0 F3000 X132.163 Y82.100
G1 F3000 X127.622 Y77.559 E442.2429
G0 F3000 X127.056 Y77.559
G1 F3000 X132.163 Y82.666 E442.5281
G0 F3000 X132.163 Y83.232
G1 F3000 X126.490 Y77.559 E442.8450
G0 F3000 X125.925 Y77.559
G1 F3000 X132.163 Y83.797 E443.1934
G0 F3000 X132.163 Y84.363
G1 F3000 X125.359 Y77.559 E443.5735
G0 F3000 X124.793 Y77.559
G1 F3000 X132.163 Y84.929 E443.9851
G0 F3000 X132.163 Y85.494
G1 F3000 X124.228 Y77.559 E444.4284
G0 F3000 X123.662 Y77.559
G1 F3000 X132.163 Y86.060 E444.9032
G0 F3000 X132.163 Y86.626
G1 F3000 X123.096 Y77.559 E445.4096
G0 F3000 X122.530 Y77.559
G1 F3000 X132.163 Y87.191 E445.9477
G0 F3000 X132.163 Y87.757
G1 F3000 X121.965 Y77.559 E446.5173
G0 F3000 X121.399 Y77.559
G1 F3000 X132.163 Y88.323 E447.1185
G0 F3000 X132.163 Y88.888
G1 F3000 X120.833 Y77.559 E447.7514
G0 F3000 X120.268 Y77.559
G1 F3000 X132.163 Y89.454 E448.4158
G0 F3000 X132.163 Y90.020
G1 F3000 X119.702 Y77.559 E449.1118
G0 F3000 X119.136 Y77.559
G1 F3000 X132.163 Y90.586 E449.8394
G0 F3000 X132.163 Y91.151
G1 F3000 X118.571 Y77.559 E450.5986
G0 F3000 X118.005 Y77.559
G1 F3000 X132.163 Y91.717 E451.3895
G0 F3000 X132.163 Y92.283
G1 F3000 X117.439 Y77.559 E452.2119
G0 F3000 X116.874 Y77.559
G1 F3000 X132.163 Y92.848 E453.0659
G0 F3000 X132.163 Y93.414
G1 F3000 X116.308 Y77.559 E453.9515
G0 F3000 X115.742 Y77.559
G1 F3000 X132.163 Y93.980 E454.8687
G0 F3000 X132.163 Y94.545
G1 F3000 X115.331 Y77.713 E455.8089
G0 F3000 X115.331 Y78.278
G1 F3000 X132.163 Y95.111 E456.7491
G0 F3000 X132.163 Y95.677
G1 F3000 X115.331 Y78.844 E457.6893
G0 F3000 X115.331 Y79.410
G1 F3000 X132.163 Y96.242 E458.6295
G0 F3000 X132.163 Y96.808
G1 F3000 X115.331 Y79.975 E459.5697
G0 F3000 X115.331 Y80.541
G1 F3000 X132.163 Y97.374 E460.5099
G0 F3000 X132.163 Y97.939
G1 F3000 X115.331 Y81.107 E461.4500
G0 F3000 X115.331 Y81.672
G1 F3000 X132.163 Y98.505 E462.3902
G0 F3000 X132.163 Y99.071
G1 F3000 X115.331 Y82.238 E463.3304
G0 F3000 X115.331 Y82.804
G1 F3000 X132.163 Y99.637 E464.2706
G0 F3000 X132.163 Y100.202
G1 F3000 X115.331 Y83.370 E465.2108
G0 F3000 X115.331 Y83.935
G1 F3000 X132.163 Y100.768 E466.1510
G0 F3000 X132.163 Y101.334
G1 F3000 X115.331 Y84.501 E467.0912
G0 F3000 X115.331 Y85.067
G1 F3000 X132.163 Y101.899 E468.0314
G0 F3000 X132.163 Y102.465
G1 F3000 X115.331 Y85.632 E468.9716
G0 F3000 X115.331 Y86.198
G1 F3000 X132.163 Y103.031 E469.9118
G0 F3000 X132.163 Y103.596
G1 F3000 X115.331 Y86.764 E470.8520
G0 F3000 X115.331 Y87.329
G1 F3000 X132.163 Y104.162 E471.7922
G0 F3000 X132.163 Y104.728
G1 F3000 X115.331 Y87.895 E472.7324
G0 F3000 X115.331 Y88.461
G1 F3000 X132.163 Y105.293 E473.6725
G0 F3000 X132.163 Y105.859
G1 F3000 X115.331 Y89.026 E474.6127
G0 F3000 X115.331 Y89.592
G1 F3000 X132.163 Y106.425 E475.5530
G0 F3000 X132.163 Y106.990
G1 F3000 X115.331 Y90.158 E476.4931
G0 F3000 X115.331 Y90.723
G1 F3000 X132.163 Y107.556 E477.4333
G0 F3000 X132.163 Y108.122
G1 F3000 X115.331 Y91.289 E478.3735
G0 F3000 X115.331 Y91.855
G1 F3000 X132.163 Y108.687 E479.3137
G0 F3000 X132.163 Y109.253
G1 F3000 X115.331 Y92.420 E480.2539
G0 F3000 X115.331 Y92.986
G1 F3000 X132.163 Y109.819 E481.1941
G0 F3000 X132.163 Y110.385
G1 F3000 X115.331 Y93.552 E482.1343
G0 F3000 X115.331 Y94.118
G1 F3000 X132.163 Y110.950 E483.0745
G0 F3000 X132.163 Y111.516
G1 F3000 X115.331 Y94.683 E484.0147
G0 F3000 X115.331 Y95.249
G1 F3000 X132.163 Y112.082 E484.9549
G0 F3000 X132.163 Y112.647
G1 F3000 X115.331 Y95.815 E485.8951
G0 F3000 X115.331 Y96.380
G1 F3000 X132.163 Y113.213 E486.8353
G0 F3000 X132.163 Y113.779
G1 F3000 X115.331 Y96.946 E487.7755
G0 F3000 X115.331 Y97.512
G1 F3000 X132.163 Y114.344 E488.7156
G0 F3000 X132.163 Y114.910
G1 F3000 X115.331 Y98.077 E489.6558
G0 F3000 X115.331 Y98.643
G1 F3000 X132.163 Y115.476 E490.5960
G0 F3000 X132.163 Y116.041
G1 F3000 X115.331 Y99.209 E491.5362
G0 F3000 X115.331 Y99.774
G1 F3000 X132.163 Y116.607 E492.4764
G0 F3000 X132.163 Y117.173
G1 F3000 X115.331 Y100.340 E493.4166
G0 F3000 X115.331 Y100.906
G1 F3000 X132.163 Y117.738 E494.3568
G0 F3000 X132.163 Y118.304
G1 F3000 X115.331 Y101.471 E495.2970
G0 F3000 X115.331 Y102.037
G1 F3000 X132.163 Y118.870 E496.2372
G0 F3000 X132.163 Y119.435
G1 F3000 X115.331 Y102.603 E497.1774
G0 F3000 X115.331 Y103.169
G1 F3000 X132.163 Y120.001 E498.1176
G0 F3000 X132.163 Y120.567
G1 F3000 X115.331 Y103.734 E499.0578
G0 F3000 X115.331 Y104.300
G1 F3000 X132.163 Y121.133 E499.9980
G0 F3000 X132.163 Y121.698
G1 F3000 X115.331 Y104.866 E500.9381
G0 F3000 X115.331 Y105.431
G1 F3000 X132.163 Y122.264 E501.8783
G0 F3000 X132.163 Y122.830
G1 F3000 X115.331 Y105.997 E502.8185
G0 F3000 X115.331 Y106.563
G1 F3000 X132.163 Y123.395 E503.7587
G0 F3000 X132.163 Y123.961
G1 F3000 X115.331 Y107.128 E504.6989
G0 F3000 X115.331 Y107.694
G1 F3000 X132.163 Y124.527 E505.6391
G0 F3000 X132.163 Y125.092
G1 F3000 X115.331 Y108.260 E506.5793
G0 F3000 X115.331 Y108.825
G1 F3000 X132.163 Y125.658 E507.5195
G0 F3000 X132.164 Y126.224
G1 F3000 X115.331 Y109.391 E508.4597
G0 F3000 X115.331 Y109.957
G1 F3000 X132.164 Y126.790 E509.4000
G0 F3000 X132.164 Y127.356
G1 F3000 X115.331 Y110.522 E510.3402
G0 F3000 X115.331 Y111.088
G1 F3000 X132.164 Y127.921 E511.2804
G0 F3000 X132.164 Y128.487
G1 F3000 X115.331 Y111.654 E512.2207
G0 F3000 X115.331 Y112.219
G1 F3000 X132.164 Y129.053 E513.1609
G0 F3000 X132.164 Y129.619
G1 F3000 X115.331 Y112.785 E514.1012
G0 F3000 X115.331 Y113.351
G1 F3000 X132.164 Y130.184 E515.0414
G0 F3000 X132.164 Y130.750
G1 F3000 X115.331 Y113.917 E515.9816
G0 F3000 X115.331 Y114.482
G1 F3000 X132.164 Y131.316 E516.9219
G0 F3000 X132.164 Y131.881
G1 F3000 X115.331 Y115.048 E517.8621
G0 F3000 X115.331 Y115.614
G1 F3000 X132.164 Y132.447 E518.8024
G0 F3000 X132.164 Y133.013
G1 F3000 X115.331 Y116.179 E519.7426
G0 F3000 X115.331 Y116.745
G1 F3000 X132.164 Y133.578 E520.6829
G0 F3000 X132.164 Y134.144
G1 F3000 X115.331 Y117.311 E521.6231
G0 F3000 X115.331 Y117.876
G1 F3000 X132.164 Y134.710 E522.5633
G0 F3000 X132.164 Y135.275
G1 F3000 X115.331 Y118.442 E523.5036
G0 F3000 X115.331 Y119.008
G1 F3000 X132.164 Y135.841 E524.4438
G0 F3000 X132.164 Y136.407
G1 F3000 X115.331 Y119.573 E525.3841
G0 F3000 X115.331 Y120.139
G1 F3000 X132.164 Y136.972 E526.3243
G0 F3000 X132.164 Y137.538
G1 F3000 X115.331 Y120.705 E527.2645
G0 F3000 X115.331 Y121.270
G1 F3000 X132.164 Y138.104 E528.2048
G0 F3000 X132.164 Y138.670
G1 F3000 X115.331 Y121.836 E529.1450
G0 F3000 X115.331 Y122.402
G1 F3000 X132.164 Y139.235 E530.0853
G0 F3000 X132.164 Y139.801
G1 F3000 X115.331 Y122.967 E531.0255
G0 F3000 X115.331 Y123.533
G1 F3000 X132.164 Y140.367 E531.9658
G0 F3000 X132.164 Y140.932
G1 F3000 X115.331 Y124.099 E532.9060
G0 F3000 X115.331 Y124.665
G1 F3000 X132.164 Y141.498 E533.8462
G0 F3000 X132.164 Y142.064
G1 F3000 X115.331 Y125.230 E534.7865
G0 F3000 X115.331 Y125.796
G1 F3000 X132.164 Y142.629 E535.7267
G0 F3000 X132.164 Y143.195
G1 F3000 X115.331 Y126.362 E536.6670
G0 F3000 X115.331 Y126.927
G1 F3000 X132.164 Y143.761 E537.6072
G0 F3000 X132.164 Y144.326
G1 F3000 X115.331 Y127.493 E538.5474
G0 F3000 X115.331 Y128.059
G1 F3000 X132.164 Y144.892 E539.4877
G0 F3000 X132.164 Y145.458
G1 F3000 X115.331 Y128.624 E540.4279
G0 F3000 X115.331 Y129.190
G1 F3000 X132.164 Y146.023 E541.3682
G0 F3000 X132.164 Y146.589
G1 F3000 X115.331 Y129.756 E542.3084
G0 F3000 X115.331 Y130.321
G1 F3000 X132.164 Y147.155 E543.2487
G0 F3000 X132.164 Y147.720
G1 F3000 X115.331 Y130.887 E544.1889
G0 F3000 X115.331 Y131.453
G1 F3000 X132.164 Y148.286 E545.1291
G0 F3000 X132.164 Y148.852
G1 F3000 X115.331 Y132.018 E546.0694
G0 F3000 X115.331 Y132.584
G1 F3000 X132.164 Y149.418 E547.0096
G0 F3000 X132.164 Y149.983
G1 F3000 X115.331 Y133.150 E547.9499
G0 F3000 X115.331 Y133.716
G1 F3000 X132.164 Y150.549 E548.8901
G0 F3000 X132.164 Y151.115
G1 F3000 X115.331 Y134.281 E549.8303
G0 F3000 X115.331 Y134.847
G1 F3000 X132.164 Y151.680 E550.7706
G0 F3000 X132.164 Y152.246
G1 F3000 X115.331 Y135.413 E551.7108
G0 F3000 X115.331 Y135.978
G1 F3000 X132.164 Y152.812 E552.6511
G0 F3000 X132.164 Y153.377
G1 F3000 X115.331 Y136.544 E553.5913
G0 F3000 X115.331 Y137.110
G1 F3000 X132.164 Y153.943 E554.5315
G0 F3000 X132.164 Y154.509
G1 F3000 X115.331 Y137.675 E555.4718
G0 F3000 X115.331 Y138.241
G1 F3000 X132.164 Y155.074 E556.4120
G0 F3000 X132.164 Y155.640
G1 F3000 X115.331 Y138.807 E557.3522
G0 F3000 X115.331 Y139.372
G1 F3000 X132.164 Y156.206 E558.2925
G0 F3000 X132.164 Y156.771
G1 F3000 X115.331 Y139.938 E559.2327
G0 F3000 X115.331 Y140.504
G1 F3000 X132.164 Y157.337 E560.1730
G0 F3000 X132.164 Y157.903
G1 F3000 X115.331 Y141.069 E561.1132
G0 F3000 X115.331 Y141.635
G1 F3000 X132.164 Y158.468 E562.0534
G0 F3000 X132.164 Y159.034
G1 F3000 X115.331 Y142.201 E562.9937
G0 F3000 X115.331 Y142.766
G1 F3000 X132.164 Y159.600 E563.9339
G0 F3000 X132.164 Y160.166
G1 F3000 X115.331 Y143.332 E564.8742
G0 F3000 X115.331 Y143.898
G1 F3000 X132.164 Y160.731 E565.8144
G0 F3000 X132.164 Y161.297
G1 F3000 X115.331 Y144.464 E566.7547
G0 F3000 X115.331 Y145.029
G1 F3000 X132.164 Y161.863 E567.6949
G0 F3000 X132.164 Y162.428
G1 F3000 X115.331 Y145.595 E568.6351
G0 F3000 X115.331 Y146.161
G1 F3000 X132.164 Y162.994 E569.5754
G0 F3000 X132.164 Y163.560
G1 F3000 X115.331 Y146.726 E570.5156
G0 F3000 X115.331 Y147.292
G1 F3000 X132.164 Y164.125 E571.4559
G0 F3000 X132.164 Y164.691
G1 F3000 X115.331 Y147.858 E572.3961
G0 F3000 X115.331 Y148.423
G1 F3000 X132.164 Y165.257 E573.3364
G0 F3000 X132.164 Y165.822
G1 F3000 X115.331 Y148.989 E574.2766
G0 F3000 X115.331 Y149.555
G1 F3000 X132.164 Y166.388 E575.2168
G0 F3000 X132.164 Y166.954
G1 F3000 X115.331 Y150.120 E576.1571
G0 F3000 X115.331 Y150.686
G1 F3000 X132.164 Y167.519 E577.0973
G0 F3000 X132.164 Y168.085
G1 F3000 X115.331 Y151.252 E578.0375
G0 F3000 X115.331 Y151.817
G1 F3000 X132.164 Y168.651 E578.9778
G0 F3000 X132.164 Y169.217
G1 F3000 X115.331 Y152.383 E579.9180
G0 F3000 X115.331 Y152.949
G1 F3000 X132.164 Y169.782 E580.8583
G0 F3000 X132.164 Y170.348
G1 F3000 X115.331 Y153.515 E581.7985
G0 F3000 X115.331 Y154.080
G1 F3000 X132.164 Y170.914 E582.7388
G0 F3000 X132.164 Y171.479
G1 F3000 X115.331 Y154.646 E583.6790
G0 F3000 X115.331 Y155.212
G1 F3000 X132.164 Y172.045 E584.6192
G0 F3000 X132.164 Y172.611
G1 F3000 X115.331 Y155.777 E585.5595
G0 F3000 X115.331 Y156.343
G1 F3000 X132.164 Y173.176 E586.4997
G0 F3000 X132.164 Y173.742
G1 F3000 X115.331 Y156.909 E587.4399
G0 F3000 X115.331 Y157.474
G1 F3000 X132.164 Y174.308 E588.3802
G0 F3000 X131.680 Y174.390
G1 F3000 X115.331 Y158.040 E589.2934
G0 F3000 X115.331 Y158.606
G1 F3000 X131.115 Y174.390 E590.1751
G0 F3000 X130.549 Y174.390
G1 F3000 X115.331 Y159.171 E591.0251
G0 F3000 X115.331 Y159.737
G1 F3000 X129.983 Y174.390 E591.8435
G0 F3000 X129.418 Y174.390
G1 F3000 X115.331 Y160.303 E592.6304
G0 F3000 X115.331 Y160.868
G1 F3000 X128.852 Y174.390 E593.3857
G0 F3000 X128.286 Y174.390
G1 F3000 X115.331 Y161.434 E594.1093
G0 F3000 X115.331 Y162.000
G1 F3000 X127.721 Y174.390 E594.8014
G0 F3000 X127.155 Y174.390
G1 F3000 X115.331 Y162.565 E595.4618
G0 F3000 X115.331 Y163.131
G1 F3000 X126.589 Y174.390 E596.0907
G0 F3000 X126.024 Y174.390
G1 F3000 X115.331 Y163.697 E596.6880
G0 F3000 X115.331 Y164.263
G1 F3000 X125.458 Y174.390 E597.2536
G0 F3000 X124.892 Y174.390
G1 F3000 X115.331 Y164.828 E597.7877
G0 F3000 X115.331 Y165.394
G1 F3000 X124.327 Y174.390 E598.2902
G0 F3000 X123.761 Y174.390
G1 F3000 X115.331 Y165.960 E598.7610
G0 F3000 X115.331 Y166.525
G1 F3000 X123.195 Y174.390 E599.2003
G0 F3000 X122.629 Y174.390
G1 F3000 X115.331 Y167.091 E599.6080
G0 F3000 X115.331 Y167.657
G1 F3000 X122.064 Y174.390 E599.9841
G0 F3000 X121.498 Y174.390
G1 F3000 X115.331 Y168.222 E600.3286
G0 F3000 X115.331 Y168.788
G1 F3000 X120.932 Y174.390 E600.6415
G0 F3000 X120.367 Y174.390
G1 F3000 X115.331 Y169.354 E600.9227
G0 F3000 X115.331 Y169.919
G1 F3000 X119.801 Y174.390 E601.1725
G0 F3000 X119.235 Y174.390
G1 F3000 X115.331 Y170.485 E601.3905
G0 F3000 X115.331 Y171.051
G1 F3000 X118.670 Y174.390 E601.5770
G0 F3000 X118.104 Y174.390
G1 F3000 X115.331 Y171.616 E601.7320
G0 F3000 X115.331 Y172.182
G1 F3000 X117.538 Y174.390 E601.8553
G0 F3000 X116.973 Y174.390
G1 F3000 X115.331 Y172.748 E601.9470
G0 F3000 X115.331 Y173.313
G1 F3000 X116.407 Y174.390 E602.0071
G0 F3000 X115.841 Y174.390
G1 F3000 X115.331 Y173.879 E602.0356
;PRINTING_TIME: 402
;REMAINING_TIME: 2869
;LAYER:3
;Z:1.000
;HEIGHT:0.250
;FLOW:100.0
;PRINTING: Flow_Calibration_Cube_0.4_mm.stl
;PRINTING_ID: 0
G1 F2400 E599.0356
G1 F300 Z1.200
G0 F3900 X113.948 Y76.175
G0 F300 Z1.000
;TYPE:WALL-OUTER
;WIDTH:0.400
G1 F300 Z1.000
G1 F1500 E602.0356
G1 F2100 X133.548 Y76.175 E602.8505
G1 X133.548 Y175.775 E606.9914
G1 X113.948 Y175.775 E607.8063
G1 X113.948 Y76.175 E611.9471
G0 F3900 X114.348 Y76.575
;TYPE:WALL-INNER
;WIDTH:0.400
;FLOW:90.0
G1 F2400 X133.148 Y76.575 E612.6506
G1 X133.148 Y175.375 E616.3475
G1 X114.348 Y175.375 E617.0509
G1 X114.348 Y76.575 E620.7478
G0 F3900 X114.748 Y76.975
G1 F2400 X132.748 Y76.975 E621.4213
G1 X132.748 Y174.975 E625.0882
G1 X114.748 Y174.975 E625.7617
G1 X114.748 Y76.975 E629.4287
G0 F3900 X115.148 Y77.375
G1 F2400 X132.348 Y77.375 E630.0723
G1 X132.348 Y174.575 E633.7093
G1 X115.148 Y174.575 E634.3528
G1 X115.148 Y77.375 E637.9898
G0 F3900 X115.331 Y77.849
;TYPE:SOLID-FILL
;WIDTH:0.400
;FLOW:95.0
G1 F3300 X115.622 Y77.559 E638.0061
G0 F3300 X116.188 Y77.559
G1 F3300 X115.331 Y78.415 E638.0539
G0 F3300 X115.331 Y78.980
G1 F3300 X116.753 Y77.559 E638.1333
G0 F3300 X117.319 Y77.559
G1 F3300 X115.331 Y79.546 E638.2443
G0 F3300 X115.331 Y80.112
G1 F3300 X117.885 Y77.559 E638.3869
G0 F3300 X118.450 Y77.559
G1 F3300 X115.331 Y80.678 E638.5612
G0 F3300 X115.331 Y81.243
G1 F3300 X119.016 Y77.559 E638.7670
G0 F3300 X119.582 Y77.559
G1 F3300 X115.331 Y81.809 E639.0044
G0 F3300 X115.331 Y82.375
G1 F3300 X120.148 Y77.559 E639.2734
G0 F3300 X120.713 Y77.559
G1 F3300 X115.331 Y82.940 E639.5740
G0 F3300 X115.331 Y83.506
G1 F3300 X121.279 Y77.559 E639.9062
G0 F3300 X121.845 Y77.559
G1 F3300 X115.331 Y84.072 E640.2700
G0 F3300 X115.331 Y84.637
G1 F3300 X122.410 Y77.559 E640.6654
G0 F3300 X122.976 Y77.559
G1 F3300 X115.331 Y85.203 E641.0924
G0 F3300 X115.331 Y85.769
G1 F3300 X123.542 Y77.559 E641.5510
G0 F3300 X124.107 Y77.559
G1 F3300 X115.331 Y86.334 E642.0412
G0 F3300 X115.331 Y86.900
G1 F3300 X124.673 Y77.559 E642.5630
G0 F3300 X125.239 Y77.559
G1 F3300 X115.331 Y87.466 E643.1164
G0 F3300 X115.331 Y88.031
G1 F3300 X125.804 Y77.559 E643.7013
G0 F3300 X126.370 Y77.559
G1 F3300 X115.331 Y88.597 E644.3179
G0 F3300 X115.331 Y89.163
G1 F3300 X126.936 Y77.559 E644.9661
G0 F3300 X127.501 Y77.559
G1 F3300 X115.331 Y89.729 E645.6458
G0 F3300 X115.331 Y90.294
G1 F3300 X128.067 Y77.559 E646.3572
G0 F3300 X128.633 Y77.559
G1 F3300 X115.331 Y90.860 E647.1002
G0 F3300 X115.331 Y91.426
G1 F3300 X129.199 Y77.559 E647.8748
G0 F3300 X129.764 Y77.559
G1 F3300 X115.331 Y91.991 E648.6809
G0 F3300 X115.331 Y92.557
G1 F3300 X130.330 Y77.559 E649.5187
G0 F3300 X130.896 Y77.559
G1 F3300 X115.331 Y93.123 E650.3880
G0 F3300 X115.331 Y93.688
G1 F3300 X131.461 Y77.559 E651.2890
G0 F3300 X132.027 Y77.559
G1 F3300 X115.331 Y94.254 E652.2215
G0 F3300 X115.331 Y94.820
G1 F3300 X132.163 Y77.988 E653.1617
G0 F3300 X132.163 Y78.554
G1 F3300 X115.331 Y95.385 E654.1019
G0 F3300 X115.331 Y95.951
G1 F3300 X132.163 Y79.120 E655.0420
G0 F3300 X132.163 Y79.685
G1 F3300 X115.331 Y96.517 E655.9822
G0 F3300 X115.331 Y97.082
G1 F3300 X132.163 Y80.251 E656.9223
G0 F3300 X132.163 Y80.817
G1 F3300 X115.331 Y97.648 E657.8625
G0 F3300 X115.331 Y98.214
G1 F3300 X132.163 Y81.383 E658.8026
G0 F3300 X132.163 Y81.948
G1 F3300 X115.331 Y98.779 E659.7428
G0 F3300 X115.331 Y99.345
G1 F3300 X132.163 Y82.514 E660.6829
G0 F3300 X132.163 Y83.080
G1 F3300 X115.331 Y99.911 E661.6231
G0 F3300 X115.331 Y100.477
G1 F3300 X132.163 Y83.645 E662.5632
G0 F3300 X132.163 Y84.211
G1 F3300 X115.331 Y101.042 E663.5034
G0 F3300 X115.331 Y101.608
G1 F3300 X132.163 Y84.777 E664.4435
G0 F3300 X132.163 Y85.342
G1 F3300 X115.331 Y102.174 E665.3837
G0 F3300 X115.331 Y102.739
G1 F3300 X132.163 Y85.908 E666.3238
G0 F3300 X132.163 Y86.474
G1 F3300 X115.331 Y103.305 E667.2640
G0 F3300 X115.331 Y103.871
G1 F3300 X132.163 Y87.039 E668.2042
G0 F3300 X132.163 Y87.605
G1 F3300 X115.331 Y104.436 E669.1443
G0 F3300 X115.331 Y105.002
G1 F3300 X132.163 Y88.171 E670.0845
G0 F3300 X132.163 Y88.736
G1 F3300 X115.331 Y105.568 E671.0246
G0 F3300 X115.331 Y106.133
G1 F3300 X132.163 Y89.302 E671.9648
G0 F3300 X132.163 Y89.868
G1 F3300 X115.331 Y106.699 E672.9049
G0 F3300 X115.331 Y107.265
G1 F3300 X132.163 Y90.434 E673.8451
G0 F3300 X132.163 Y90.999
G1 F3300 X115.331 Y107.830 E674.7852
G0 F3300 X115.331 Y108.396
G1 F3300 X132.163 Y91.565 E675.7254
G0 F3300 X132.163 Y92.131
G1 F3300 X115.331 Y108.962 E676.6655
G0 F3300 X115.331 Y109.528
G1 F3300 X132.163 Y92.696 E677.6057
G0 F3300 X132.163 Y93.262
G1 F3300 X115.331 Y110.093 E678.5458
G0 F3300 X115.331 Y110.659
G1 F3300 X132.163 Y93.828 E679.4860
G0 F3300 X132.163 Y94.393
G1 F3300 X115.331 Y111.225 E680.4261
G0 F3300 X115.331 Y111.790
G1 F3300 X132.163 Y94.959 E681.3663
G0 F3300 X132.163 Y95.525
G1 F3300 X115.331 Y112.356 E682.3064
G0 F3300 X115.331 Y112.922
G1 F3300 X132.163 Y96.090 E683.2466
G0 F3300 X132.163 Y96.656
G1 F3300 X115.331 Y113.487 E684.1868
G0 F3300 X115.331 Y114.053
G1 F3300 X132.163 Y97.222 E685.1269
G0 F3300 X132.163 Y97.787
G1 F3300 X115.331 Y114.619 E686.0671
G0 F3300 X115.331 Y115.184
G1 F3300 X132.163 Y98.353 E687.0072
G0 F3300 X132.163 Y98.919
G1 F3300 X115.331 Y115.750 E687.9474
G0 F3300 X115.331 Y116.316
G1 F3300 X132.163 Y99.484 E688.8875
G0 F3300 X132.163 Y100.050
G1 F3300 X115.331 Y116.881 E689.8277
G0 F3300 X115.331 Y117.447
G1 F3300 X132.163 Y100.616 E690.7678
G0 F3300 X132.163 Y101.182
G1 F3300 X115.331 Y118.013 E691.7080
G0 F3300 X115.331 Y118.578
G1 F3300 X132.163 Y101.747 E692.6481
G0 F3300 X132.163 Y102.313
G1 F3300 X115.331 Y119.144 E693.5883
G0 F3300 X115.331 Y119.710
G1 F3300 X132.163 Y102.879 E694.5284
G0 F3300 X132.163 Y103.444
G1 F3300 X115.331 Y120.276 E695.4686
G0 F3300 X115.331 Y120.841
G1 F3300 X132.163 Y104.010 E696.4087
G0 F3300 X132.163 Y104.576
G1 F3300 X115.331 Y121.407 E697.3489
G0 F3300 X115.331 Y121.973
G1 F3300 X132.163 Y105.141 E698.2891
G0 F3300 X132.163 Y105.707
G1 F3300 X115.331 Y122.538 E699.2292
G0 F3300 X115.331 Y123.104
G1 F3300 X132.163 Y106.273 E700.1694
G0 F3300 X132.163 Y106.838
G1 F3300 X115.331 Y123.670 E701.1095
G0 F3300 X115.331 Y124.235
G1 F3300 X132.163 Y107.404 E702.0497
G0 F3300 X132.163 Y107.970
G1 F3300 X115.331 Y124.801 E702.9898
G0 F3300 X115.331 Y125.367
G1 F3300 X132.163 Y108.535 E703.9300
G0 F3300 X132.163 Y109.101
G1 F3300 X115.331 Y125.932 E704.8701
G0 F3300 X115.331 Y126.498
G1 F3300 X132.163 Y109.667 E705.8103
G0 F3300 X132.163 Y110.232
G1 F3300 X115.331 Y127.064 E706.7505
G0 F3300 X115.331 Y127.629
G1 F3300 X132.163 Y110.798 E707.6906
G0 F3300 X132.163 Y111.364
G1 F3300 X115.331 Y128.195 E708.6308
G0 F3300 X115.331 Y128.761
G1 F3300 X132.163 Y111.930 E709.5709
G0 F3300 X132.163 Y112.495
G1 F3300 X115.331 Y129.327 E710.5111
G0 F3300 X115.331 Y129.892
G1 F3300 X132.163 Y113.061 E711.4512
G0 F3300 X132.163 Y113.627
G1 F3300 X115.331 Y130.458 E712.3914
G0 F3300 X115.331 Y131.024
G1 F3300 X132.163 Y114.192 E713.3315
G0 F3300 X132.163 Y114.758
G1 F3300 X115.331 Y131.589 E714.2717
G0 F3300 X115.331 Y132.155
G1 F3300 X132.163 Y115.324 E715.2118
G0 F3300 X132.163 Y115.889
G1 F3300 X115.331 Y132.721 E716.1520
G0 F3300 X115.331 Y133.286
G1 F3300 X132.163 Y116.455 E717.0922
G0 F3300 X132.163 Y117.021
G1 F3300 X115.331 Y133.852 E718.0323
G0 F3300 X115.331 Y134.418
G1 F3300 X132.163 Y117.586 E718.9725
G0 F3300 X132.163 Y118.152
G1 F3300 X115.331 Y134.983 E719.9126
G0 F3300 X115.331 Y135.549
G1 F3300 X132.163 Y118.718 E720.8528
G0 F3300 X132.163 Y119.283
G1 F3300 X115.331 Y136.115 E721.7929
G0 F3300 X115.331 Y136.680
G1 F3300 X132.163 Y119.849 E722.7331
G0 F3300 X132.163 Y120.415
G1 F3300 X115.331 Y137.246 E723.6732
G0 F3300 X115.331 Y137.812
G1 F3300 X132.163 Y120.981 E724.6134
G0 F3300 X132.163 Y121.546
G1 F3300 X115.331 Y138.377 E725.5535
G0 F3300 X115.331 Y138.943
G1 F3300 X132.163 Y122.112 E726.4937
G0 F3300 X132.163 Y122.678
G1 F3300 X115.331 Y139.509 E727.4338
G0 F3300 X115.331 Y140.075
G1 F3300 X132.163 Y123.243 E728.3740
G0 F3300 X132.163 Y123.809
G1 F3300 X115.331 Y140.640 E729.3141
G0 F3300 X115.331 Y141.206
G1 F3300 X132.163 Y124.375 E730.2543
G0 F3300 X132.163 Y124.940
G1 F3300 X115.331 Y141.772 E731.1945
G0 F3300 X115.331 Y142.337
G1 F3300 X132.163 Y125.506 E732.1346
G0 F3300 X132.163 Y126.071
G1 F3300 X115.331 Y142.903 E733.0748
G0 F3300 X115.331 Y143.469
G1 F3300 X132.163 Y126.637 E734.0150
G0 F3300 X132.163 Y127.202
G1 F3300 X115.331 Y144.034 E734.9551
G0 F3300 X115.331 Y144.600
G1 F3300 X132.163 Y127.768 E735.8953
G0 F3300 X132.163 Y128.334
G1 F3300 X115.331 Y145.166 E736.8355
G0 F3300 X115.331 Y145.731
G1 F3300 X132.163 Y128.899 E737.7757
G0 F3300 X132.163 Y129.465
G1 F3300 X115.331 Y146.297 E738.7158
G0 F3300 X115.331 Y146.863
G1 F3300 X132.163 Y130.031 E739.6560
G0 F3300 X132.163 Y130.596
G1 F3300 X115.331 Y147.428 E740.5962
G0 F3300 X115.331 Y147.994
G1 F3300 X132.163 Y131.162 E741.5364
G0 F3300 X132.163 Y131.728
G1 F3300 X115.331 Y148.560 E742.4765
G0 F3300 X115.331 Y149.125
G1 F3300 X132.163 Y132.294 E743.4167
G0 F3300 X132.163 Y132.859
G1 F3300 X115.331 Y149.691 E744.3568
G0 F3300 X115.331 Y150.257
G1 F3300 X132.163 Y133.425 E745.2970
G0 F3300 X132.163 Y133.991
G1 F3300 X115.331 Y150.823 E746.2372
G0 F3300 X115.331 Y151.388
G1 F3300 X132.163 Y134.556 E747.1774
G0 F3300 X132.163 Y135.122
G1 F3300 X115.331 Y151.954 E748.1175
G0 F3300 X115.331 Y152.520
G1 F3300 X132.163 Y135.688 E749.0577
G0 F3300 X132.163 Y136.253
G1 F3300 X115.331 Y153.085 E749.9979
G0 F3300 X115.331 Y153.651
G1 F3300 X132.163 Y136.819 E750.9381
G0 F3300 X132.163 Y137.385
G1 F3300 X115.331 Y154.217 E751.8782
G0 F3300 X115.331 Y154.782
G1 F3300 X132.163 Y137.950 E752.8184
G0 F3300 X132.163 Y138.516
G1 F3300 X115.331 Y155.348 E753.7586
G0 F3300 X115.331 Y155.914
G1 F3300 X132.163 Y139.082 E754.6988
G0 F3300 X132.163 Y139.647
G1 F3300 X115.331 Y156.479 E755.6389
G0 F3300 X115.331 Y157.045
G1 F3300 X132.163 Y140.213 E756.5791
G0 F3300 X132.163 Y140.779
G1 F3300 X115.331 Y157.611 E757.5193
G0 F3300 X115.331 Y158.176
G1 F3300 X132.163 Y141.344 E758.4595
G0 F3300 X132.163 Y141.910
G1 F3300 X115.331 Y158.742 E759.3996
G0 F3300 X115.331 Y159.308
G1 F3300 X132.163 Y142.476 E760.3398
G0 F3300 X132.163 Y143.042
G1 F3300 X115.331 Y159.874 E761.2800
G0 F3300 X115.331 Y160.439
G1 F3300 X132.163 Y143.607 E762.2202
G0 F3300 X132.163 Y144.173
G1 F3300 X115.331 Y161.005 E763.1603
G0 F3300 X115.331 Y161.571
G1 F3300 X132.163 Y144.739 E764.1005
G0 F3300 X132.163 Y145.304
G1 F3300 X115.331 Y162.136 E765.0407
G0 F3300 X115.331 Y162.702
G1 F3300 X132.163 Y145.870 E765.9809
G0 F3300 X132.163 Y146.436
G1 F3300 X115.331 Y163.268 E766.9210
G0 F3300 X115.331 Y163.833
G1 F3300 X132.163 Y147.001 E767.8612
G0 F3300 X132.163 Y147.567
G1 F3300 X115.331 Y164.399 E768.8014
G0 F3300 X115.331 Y164.965
G1 F3300 X132.163 Y148.133 E769.7416
G0 F3300 X132.163 Y148.698
G1 F3300 X115.331 Y165.530 E770.6817
G0 F3300 X115.331 Y166.096
G1 F3300 X132.163 Y149.264 E771.6219
G0 F3300 X132.163 Y149.830
G1 F3300 X115.331 Y166.662 E772.5621
G0 F3300 X115.331 Y167.227
G1 F3300 X132.163 Y150.395 E773.5022
G0 F3300 X132.163 Y150.961
G1 F3300 X115.331 Y167.793 E774.4424
G0 F3300 X115.331 Y168.359
G1 F3300 X132.163 Y151.527 E775.3826
G0 F3300 X132.163 Y152.093
G1 F3300 X115.331 Y168.924 E776.3227
G0 F3300 X115.331 Y169.490
G1 F3300 X132.163 Y152.658 E777.2629
G0 F3300 X132.163 Y153.224
G1 F3300 X115.331 Y170.056 E778.2031
G0 F3300 X115.331 Y170.622
G1 F3300 X132.163 Y153.790 E779.1433
G0 F3300 X132.163 Y154.355
G1 F3300 X115.331 Y171.187 E780.0834
G0 F3300 X115.331 Y171.753
G1 F3300 X132.163 Y154.921 E781.0236
G0 F3300 X132.163 Y155.487
G1 F3300 X115.331 Y172.319 E781.9638
G0 F3300 X115.331 Y172.884
G1 F3300 X132.163 Y156.052 E782.9040
G0 F3300 X132.163 Y156.618
G1 F3300 X115.331 Y173.450 E783.8441
G0 F3300 X115.331 Y174.016
G1 F3300 X132.163 Y157.184 E784.7843
G0 F3300 X132.163 Y157.749
G1 F3300 X115.522 Y174.390 E785.7138
G0 F3300 X116.088 Y174.390
G1 F3300 X132.163 Y158.315 E786.6117
G0 F3300 X132.163 Y158.881
G1 F3300 X116.654 Y174.390 E787.4780
G0 F3300 X117.219 Y174.390
G1 F3300 X132.163 Y159.446 E788.3127
G0 F3300 X132.163 Y160.012
G1 F3300 X117.785 Y174.390 E789.1158
G0 F3300 X118.351 Y174.390
G1 F3300 X132.163 Y160.578 E789.8873
G0 F3300 X132.163 Y161.143
G1 F3300 X118.916 Y174.390 E790.6272
G0 F3300 X119.482 Y174.390
G1 F3300 X132.163 Y161.709 E791.3355
G0 F3300 X132.163 Y162.275
G1 F3300 X120.048 Y174.390 E792.0122
G0 F3300 X120.614 Y174.390
G1 F3300 X132.163 Y162.841 E792.6573
G0 F3300 X132.163 Y163.406
G1 F3300 X121.179 Y174.390 E793.2708
G0 F3300 X121.745 Y174.390
G1 F3300 X132.163 Y163.972 E793.8528
G0 F3300 X132.163 Y164.538
G1 F3300 X122.311 Y174.390 E794.4031
G0 F3300 X122.876 Y174.390
G1 F3300 X132.163 Y165.103 E794.9218
G0 F3300 X132.163 Y165.669
G1 F3300 X123.442 Y174.390 E795.4089
G0 F3300 X124.008 Y174.390
G1 F3300 X132.163 Y166.235 E795.8644
G0 F3300 X132.163 Y166.800
G1 F3300 X124.573 Y174.390 E796.2884
G0 F3300 X125.139 Y174.390
G1 F3300 X132.163 Y167.366 E796.6807
G0 F3300 X132.163 Y167.932
G1 F3300 X125.705 Y174.390 E797.0414
G0 F3300 X126.270 Y174.390
G1 F3300 X132.163 Y168.497 E797.3706
G0 F3300 X132.163 Y169.063
G1 F3300 X126.836 Y174.390 E797.6681
G0 F3300 X127.402 Y174.390
G1 F3300 X132.163 Y169.629 E797.9341
G0 F3300 X132.163 Y170.194
G1 F3300 X127.967 Y174.390 E798.1684
G0 F3300 X128.533 Y174.390
G1 F3300 X132.163 Y170.760 E798.3712
G0 F3300 X132.163 Y171.326
G1 F3300 X129.099 Y174.390 E798.5423
G0 F3300 X129.664 Y174.390
G1 F3300 X132.163 Y171.892 E798.6819
G0 F3300 X132.163 Y172.457
G1 F3300 X130.230 Y174.390 E798.7899
G0 F3300 X130.796 Y174.390
G1 F3300 X132.163 Y173.023 E798.8662
G0 F3300 X132.163 Y173.589
G1 F3300 X131.362 Y174.390 E798.9110
G0 F3300 X131.927 Y174.390
G1 F3300 X132.163 Y174.154 E798.9242
;PRINTING_TIME: 521
;REMAINING_TIME: 2750
;LAYER:4
;Z:1.250
;HEIGHT:0.250
;FLOW:100.0
M106 S89
;PRINTING: Flow_Calibration_Cube_0.4_mm.stl
;PRINTING_ID: 0
G1 F2400 E795.9242
G1 F300 Z1.450
G0 F3900 X114.207 Y172.316
G0 F300 Z1.250
G0 F3900 X114.048 Y76.185
G0 X113.948 Y76.175
;TYPE:WALL-OUTER
;WIDTH:0.400
G1 F300 Z1.250
G1 F1500 E798.9242
G1 F2100 X133.548 Y76.175 E799.7390
G1 X133.548 Y175.775 E803.8799
G1 X113.948 Y175.775 E804.6948
G1 X113.948 Y76.175 E808.8357
G1 F2400 E805.8357
G1 F300 Z1.450
G0 F3900 X114.348 Y79.775
G1 F300 Z1.250
G1 F1500 E808.8357
G1 F2100 X114.348 Y172.175 E812.6772
G1 X133.148 Y172.175 E813.4588
G1 X133.148 Y79.775 E817.3004
G1 X114.348 Y79.775 E818.0820
G0 F3900 X114.348 Y76.575
;TYPE:WALL-INNER
;WIDTH:0.400
;FLOW:90.0
G1 F2400 X133.148 Y76.575 E818.7854
G1 X133.148 Y79.375 E818.8902
G1 X114.348 Y79.375 E819.5937
G1 X114.348 Y76.575 E819.6984
G1 F2400 E816.6984
G1 F300 Z1.450
G0 F3900 X133.289 Y79.634
G0 X133.289 Y172.316
G0 X114.348 Y172.575
G1 F300 Z1.250
G1 F1500 E819.6984
G1 F2400 X133.148 Y172.575 E820.4019
G1 X133.148 Y175.375 E820.5067
G1 X114.348 Y175.375 E821.2101
G1 X114.348 Y172.575 E821.3149
G1 F2400 E818.3149
G1 F300 Z1.450
G0 F3900 X114.207 Y172.316
G0 X114.207 Y79.634
G0 X114.748 Y76.975
G1 F300 Z1.250
G1 F1500 E821.3149
G1 F2400 X132.748 Y76.975 E821.9884
G1 X132.748 Y78.975 E822.0632
G1 X114.748 Y78.975 E822.7367
G1 X114.748 Y76.975 E822.8116
G1 F2400 E819.8116
G1 F300 Z1.450
G0 F3900 X133.289 Y79.634
G0 X133.289 Y172.316
G0 X114.748 Y172.975
G1 F300 Z1.250
G1 F1500 E822.8116
G1 F2400 X132.748 Y172.975 E823.4851
G1 X132.748 Y174.975 E823.5599
G1 X114.748 Y174.975 E824.2335
G1 X114.748 Y172.975 E824.3083
G1 F2400 E821.3083
G1 F300 Z1.450
G0 F3900 X114.207 Y172.316
G0 X114.207 Y79.634
G0 X115.148 Y77.375
G1 F300 Z1.250
G1 F1500 E824.3083
G1 F2400 X132.348 Y77.375 E824.9519
G1 X132.348 Y78.575 E824.9968
G1 X115.148 Y78.575 E825.6404
G1 X115.148 Y77.375 E825.6853
G1 F2400 E822.6853
G1 F300 Z1.450
G0 F3900 X133.289 Y79.634
G0 X133.289 Y172.316
G0 X115.148 Y173.375
G1 F300 Z1.250
G1 F1500 E825.6853
G1 F2400 X132.348 Y173.375 E826.3288
G1 X132.348 Y174.575 E826.3737
G1 X115.148 Y174.575 E827.0173
G1 X115.148 Y173.375 E827.0622
G0 F3900 X115.331 Y173.880
;TYPE:SOLID-FILL
;WIDTH:0.400
;FLOW:95.0
G1 F3600 X115.841 Y174.390 E827.0907
G0 F3600 X116.407 Y174.390
G1 F3600 X115.575 Y173.557 E827.1372
G0 F3600 X116.140 Y173.557
G1 F3600 X116.973 Y174.390 E827.1837
G0 F3600 X117.538 Y174.390
G1 F3600 X116.706 Y173.557 E827.2302
G0 F3600 X117.272 Y173.557
G1 F3600 X118.104 Y174.390 E827.2767
G0 F3600 X118.670 Y174.390
G1 F3600 X117.837 Y173.557 E827.3233
G0 F3600 X118.403 Y173.557
G1 F3600 X119.235 Y174.390 E827.3698
G0 F3600 X119.801 Y174.390
G1 F3600 X118.969 Y173.557 E827.4163
G0 F3600 X119.534 Y173.557
G1 F3600 X120.367 Y174.390 E827.4628
G0 F3600 X120.932 Y174.390
G1 F3600 X120.100 Y173.557 E827.5093
G0 F3600 X120.666 Y173.557
G1 F3600 X121.498 Y174.390 E827.5558
G0 F3600 X122.064 Y174.390
G1 F3600 X121.232 Y173.557 E827.6023
G0 F3600 X121.797 Y173.557
G1 F3600 X122.629 Y174.390 E827.6488
G0 F3600 X123.195 Y174.390
G1 F3600 X122.363 Y173.557 E827.6953
G0 F3600 X122.929 Y173.557
G1 F3600 X123.761 Y174.390 E827.7418
G0 F3600 X124.327 Y174.390
G1 F3600 X123.494 Y173.557 E827.7883
G0 F3600 X124.060 Y173.557
G1 F3600 X124.892 Y174.390 E827.8348
G0 F3600 X125.458 Y174.390
G1 F3600 X124.626 Y173.557 E827.8813
G0 F3600 X125.191 Y173.557
G1 F3600 X126.024 Y174.390 E827.9279
G0 F3600 X126.589 Y174.390
G1 F3600 X125.757 Y173.557 E827.9744
G0 F3600 X126.323 Y173.557
G1 F3600 X127.155 Y174.390 E828.0209
G0 F3600 X127.721 Y174.390
G1 F3600 X126.888 Y173.557 E828.0674
G0 F3600 X127.454 Y173.557
G1 F3600 X128.286 Y174.390 E828.1139
G0 F3600 X128.852 Y174.390
G1 F3600 X128.020 Y173.557 E828.1604
G0 F3600 X128.585 Y173.557
G1 F3600 X129.418 Y174.390 E828.2069
G0 F3600 X129.983 Y174.390
G1 F3600 X129.151 Y173.557 E828.2534
G0 F3600 X129.717 Y173.557
G1 F3600 X130.549 Y174.390 E828.2999
G0 F3600 X131.115 Y174.390
G1 F3600 X130.283 Y173.557 E828.3464
G0 F3600 X130.848 Y173.557
G1 F3600 X131.680 Y174.390 E828.3929
G0 F3600 X132.164 Y174.308
G1 F3600 X131.414 Y173.557 E828.4348
G0 F3600 X131.980 Y173.557
G1 F3600 X132.164 Y173.742 E828.4451
G1 F2400 E825.4451
G1 F300 Z1.450
G0 F3900 X114.207 Y172.316
G0 X114.207 Y79.634
G0 X132.163 Y78.140
G1 F300 Z1.250
G1 F1500 E828.4451
G1 F3600 X131.581 Y77.559 E828.4776
G0 F3600 X131.016 Y77.559
G1 F3600 X131.847 Y78.390 E828.5240
G0 F3600 X131.282 Y78.390
G1 F3600 X130.450 Y77.559 E828.5705
G0 F3600 X129.884 Y77.559
G1 F3600 X130.716 Y78.390 E828.6169
G0 F3600 X130.150 Y78.390
G1 F3600 X129.319 Y77.559 E828.6634
G0 F3600 X128.753 Y77.559
G1 F3600 X129.585 Y78.390 E828.7098
G0 F3600 X129.019 Y78.390
G1 F3600 X128.187 Y77.559 E828.7562
G0 F3600 X127.622 Y77.559
G1 F3600 X128.453 Y78.390 E828.8027
G0 F3600 X127.888 Y78.390
G1 F3600 X127.056 Y77.559 E828.8491
G0 F3600 X126.490 Y77.559
G1 F3600 X127.322 Y78.390 E828.8955
G0 F3600 X126.756 Y78.390
G1 F3600 X125.925 Y77.559 E828.9420
G0 F3600 X125.359 Y77.559
G1 F3600 X126.190 Y78.390 E828.9884
G0 F3600 X125.625 Y78.390
G1 F3600 X124.793 Y77.559 E829.0348
G0 F3600 X124.228 Y77.559
G1 F3600 X125.059 Y78.390 E829.0812
G0 F3600 X124.493 Y78.390
G1 F3600 X123.662 Y77.559 E829.1277
G0 F3600 X123.096 Y77.559
G1 F3600 X123.928 Y78.390 E829.1741
G0 F3600 X123.362 Y78.390
G1 F3600 X122.530 Y77.559 E829.2205
G0 F3600 X121.965 Y77.559
G1 F3600 X122.796 Y78.390 E829.2670
G0 F3600 X122.231 Y78.390
G1 F3600 X121.399 Y77.559 E829.3134
G0 F3600 X120.833 Y77.559
G1 F3600 X121.665 Y78.390 E829.3599
G0 F3600 X121.099 Y78.390
G1 F3600 X120.268 Y77.559 E829.4063
G0 F3600 X119.702 Y77.559
G1 F3600 X120.534 Y78.390 E829.4527
G0 F3600 X119.968 Y78.390
G1 F3600 X119.136 Y77.559 E829.4992
G0 F3600 X118.571 Y77.559
G1 F3600 X119.402 Y78.390 E829.5456
G0 F3600 X118.837 Y78.390
G1 F3600 X118.005 Y77.559 E829.5920
G0 F3600 X117.439 Y77.559
G1 F3600 X118.271 Y78.390 E829.6385
G0 F3600 X117.705 Y78.390
G1 F3600 X116.874 Y77.559 E829.6849
G0 F3600 X116.308 Y77.559
G1 F3600 X117.140 Y78.390 E829.7313
G0 F3600 X116.574 Y78.390
G1 F3600 X115.742 Y77.559 E829.7778
G0 F3600 X115.331 Y77.713
G1 F3600 X116.008 Y78.390 E829.8156
G0 F3600 X115.442 Y78.390
G1 F3600 X115.331 Y78.278 E829.8218
;PRINTING_TIME: 563
;REMAINING_TIME: 2708
;LAYER:5
;Z:1.500
;HEIGHT:0.250
;FLOW:100.0
;PRINTING: Flow_Calibration_Cube_0.4_mm.stl
;PRINTING_ID: 0
G1 F2400 E826.8218
G1 F300 Z1.700
G0 F3900 X115.331 Y78.387
G0 F300 Z1.500
;TYPE:FILL
;WIDTH:0.360
;FLOW:90.0
G1 F300 Z1.500
G1 F1500 E829.8218
G1 F3600 X116.159 Y77.559 E829.8612
G0 F3900 X121.153 Y77.559
G1 F3600 X121.985 Y78.390 E829.9008
G0 F3900 X125.510 Y78.390
G1 F3600 X126.342 Y77.559 E829.9404
G0 F3900 X131.335 Y77.559
G1 F3600 X132.163 Y78.386 E829.9799
G1 F2400 E826.9799
G1 F300 Z1.700
G0 F3900 X133.289 Y79.634
G0 X133.289 Y172.316
G0 X132.163 Y173.560
G1 F300 Z1.500
G1 F1500 E829.9799
G1 F3600 X131.333 Y174.390 E830.0194
G0 F3900 X126.343 Y174.390
G1 F3600 X125.511 Y173.557 E830.0590
G0 F3900 X121.984 Y173.557
G1 F3600 X121.151 Y174.390 E830.0987
G0 F3900 X116.161 Y174.390
G1 F3600 X115.331 Y173.560 E830.1382
G1 F2400 E827.1382
G1 F300 Z1.700
G0 F3900 X114.320 Y172.441
G0 X114.048 Y76.185
G0 X113.948 Y76.175
;TYPE:WALL-OUTER
;WIDTH:0.400
;FLOW:100.0
G1 F300 Z1.500
G1 F1500 E830.1382
G1 F2100 X133.548 Y76.175 E830.9531
G1 X133.548 Y175.775 E835.0940
G1 X113.948 Y175.775 E835.9089
G1 X113.948 Y76.175 E840.0498
G1 F2400 E837.0498
G1 F300 Z1.700
G0 F3900 X114.348 Y79.775
G1 F300 Z1.500
G1 F1500 E840.0498
G1 F2100 X114.348 Y172.175 E843.8913
G1 X133.148 Y172.175 E844.6729
G1 X133.148 Y79.775 E848.5145
G1 X114.348 Y79.775 E849.2961
G0 F3900 X114.348 Y76.575
;TYPE:WALL-INNER
;WIDTH:0.400
;FLOW:90.0
G1 F2400 X133.148 Y76.575 E849.9995
G1 X133.148 Y79.375 E850.1043
G1 X114.348 Y79.375 E850.8077
G1 X114.348 Y76.575 E850.9125
G1 F2400 E847.9125
G1 F300 Z1.700
G0 F3900 X133.289 Y79.634
G0 X133.289 Y172.316
G0 X114.348 Y172.575
G1 F300 Z1.500
G1 F1500 E850.9125
G1 F2400 X133.148 Y172.575 E851.6160
G1 X133.148 Y175.375 E851.7207
G1 X114.348 Y175.375 E852.4242
G1 X114.348 Y172.575 E852.5290
G1 F2400 E849.5290
G1 F300 Z1.700
G0 F3900 X114.207 Y172.316
G0 X114.207 Y79.634
G0 X114.748 Y76.975
G1 F300 Z1.500
G1 F1500 E852.5290
G1 F2400 X132.748 Y76.975 E853.2025
G1 X132.748 Y78.975 E853.2773
G1 X114.748 Y78.975 E853.9508
G1 X114.748 Y76.975 E854.0257
G1 F2400 E851.0257
G1 F300 Z1.700
G0 F3900 X133.289 Y79.634
G0 X133.289 Y172.316
G0 X114.748 Y172.975
G1 F300 Z1.500
G1 F1500 E854.0257
G1 F2400 X132.748 Y172.975 E854.6992
G1 X132.748 Y174.975 E854.7740
G1 X114.748 Y174.975 E855.4475
G1 X114.748 Y172.975 E855.5224
G1 F2400 E852.5224
G1 F300 Z1.700
G0 F3900 X114.207 Y172.316
G0 X114.207 Y79.634
G0 X115.148 Y77.375
G1 F300 Z1.500
G1 F1500 E855.5224
G1 F2400 X132.348 Y77.375 E856.1659
G1 X132.348 Y78.575 E856.2109
G1 X115.148 Y78.575 E856.8544
G1 X115.148 Y77.375 E856.8993
G1 F2400 E853.8993
G1 F300 Z1.700
G0 F3900 X133.289 Y79.634
G0 X133.289 Y172.316
G0 X115.148 Y173.375
G1 F300 Z1.500
G1 F1500 E856.8993
G1 F2400 X132.348 Y173.375 E857.5429
G1 X132.348 Y174.575 E857.5878
G1 X115.148 Y174.575 E858.2314
G1 X115.148 Y173.375 E858.2763
;PRINTING_TIME: 600
;REMAINING_TIME: 2671
;LAYER:6
;Z:1.750
;HEIGHT:0.250
;FLOW:100.0
;PRINTING: Flow_Calibration_Cube_0.4_mm.stl
;PRINTING_ID: 0
G1 F2400 E855.2763
G1 F300 Z1.950
G0 F3900 X115.331 Y173.560
G0 F300 Z1.750
;TYPE:FILL
;WIDTH:0.360
;FLOW:90.0
G1 F300 Z1.750
G1 F1500 E858.2763
G1 F3600 X116.161 Y174.390 E858.3158
G0 F3900 X121.151 Y174.390
G1 F3600 X121.984 Y173.557 E858.3555
G0 F3900 X125.511 Y173.557
G1 F3600 X126.343 Y174.390 E858.3952
G0 F3900 X131.333 Y174.390
G1 F3600 X132.163 Y173.560 E858.4347
G1 F2400 E855.4347
G1 F300 Z1.950
G0 F3900 X114.207 Y172.316
G0 X114.207 Y79.634
G0 X132.163 Y78.386
G1 F300 Z1.750
G1 F1500 E858.4347
G1 F3600 X131.335 Y77.559 E858.4741
G0 F3900 X126.342 Y77.559
G1 F3600 X125.510 Y78.390 E858.5137
G0 F3900 X121.985 Y78.390
G1 F3600 X121.153 Y77.559 E858.5533
G0 F3900 X116.159 Y77.559
G1 F3600 X115.331 Y78.387 E858.5927
G1 F2400 E855.5927
G1 F300 Z1.950
G0 F3900 X113.948 Y76.175
;TYPE:WALL-OUTER
;WIDTH:0.400
;FLOW:100.0
G1 F300 Z1.750
G1 F1500 E858.5927
G1 F2100 X133.548 Y76.175 E859.4076
G1 X133.548 Y175.775 E863.5485
G1 X113.948 Y175.775 E864.3634
G1 X113.948 Y76.175 E868.5042
G1 F2400 E865.5042
G1 F300 Z1.950
G0 F3900 X114.348 Y79.775
G1 F300 Z1.750
G1 F1500 E868.5042
G1 F2100 X114.348 Y172.175 E872.3458
G1 X133.148 Y172.175 E873.1274
G1 X133.148 Y79.775 E876.9689
G1 X114.348 Y79.775 E877.7506
G0 F3900 X114.348 Y76.575
;TYPE:WALL-INNER
;WIDTH:0.400
;FLOW:90.0
G1 F2400 X133.148 Y76.575 E878.4540
G1 X133.148 Y79.375 E878.5588
G1 X114.348 Y79.375 E879.2622
G1 X114.348 Y76.575 E879.3670
G1 F2400 E876.3670
G1 F300 Z1.950
G0 F3900 X133.289 Y79.634
G0 X133.289 Y172.316
G0 X114.348 Y172.575
G1 F300 Z1.750
G1 F1500 E879.3670
G1 F2400 X133.148 Y172.575 E880.0705
G1 X133.148 Y175.375 E880.1752
G1 X114.348 Y175.375 E880.8787
G1 X114.348 Y172.575 E880.9834
G1 F2400 E877.9834
G1 F300 Z1.950
G0 F3900 X114.207 Y172.316
G0 X114.207 Y79.634
G0 X114.748 Y76.975
G1 F300 Z1.750
G1 F1500 E880.9834
G1 F2400 X132.748 Y76.975 E881.6570
G1 X132.748 Y78.975 E881.7318
G1 X114.748 Y78.975 E882.4053
G1 X114.748 Y76.975 E882.4802
G1 F2400 E879.4802
G1 F300 Z1.950
G0 F3900 X133.289 Y79.634
G0 X133.289 Y172.316
G0 X114.748 Y172.975
G1 F300 Z1.750
G1 F1500 E882.4802
G1 F2400 X132.748 Y172.975 E883.1537
G1 X132.748 Y174.975 E883.2285
G1 X114.748 Y174.975 E883.9020
G1 X114.748 Y172.975 E883.9769
G1 F2400 E880.9769
G1 F300 Z1.950
G0 F3900 X114.207 Y172.316
G0 X114.207 Y79.634
G0 X115.148 Y77.375
G1 F300 Z1.750
G1 F1500 E883.9769
G1 F2400 X132.348 Y77.375 E884.6204
G1 X132.348 Y78.575 E884.6653
G1 X115.148 Y78.575 E885.3089
G1 X115.148 Y77.375 E885.3538
G1 F2400 E882.3538
G1 F300 Z1.950
G0 F3900 X133.289 Y79.634
G0 X133.289 Y172.316
G0 X115.148 Y173.375
G1 F300 Z1.750
G1 F1500 E885.3538
G1 F2400 X132.348 Y173.375 E885.9974
G1 X132.348 Y174.575 E886.0423
G1 X115.148 Y174.575 E886.6859
G1 X115.148 Y173.375 E886.7308
;PRINTING_TIME: 636
;REMAINING_TIME: 2635
;LAYER:7
;Z:2.000
;HEIGHT:0.250
;FLOW:100.0
M106 S128
;PRINTING: Flow_Calibration_Cube_0.4_mm.stl
;PRINTING_ID: 0
G1 F2400 E883.7308
G1 F300 Z2.200
G0 F3900 X115.331 Y173.560
G0 F300 Z2.000
;TYPE:FILL
;WIDTH:0.360
;FLOW:90.0
G1 F300 Z2.000
G1 F1500 E886.7308
G1 F3600 X116.161 Y174.390 E886.7703
G0 F3900 X121.151 Y174.390
G1 F3600 X121.984 Y173.557 E886.8100
G0 F3900 X125.511 Y173.557
G1 F3600 X126.343 Y174.390 E886.8496
G0 F3900 X131.333 Y174.390
G1 F3600 X132.163 Y173.560 E886.8892
G1 F2400 E883.8892
G1 F300 Z2.200
G0 F3900 X114.207 Y172.316
G0 X114.207 Y79.634
G0 X132.163 Y78.386
G1 F300 Z2.000
G1 F1500 E886.8892
G1 F3600 X131.335 Y77.559 E886.9286
G0 F3900 X126.342 Y77.559
G1 F3600 X125.510 Y78.390 E886.9682
G0 F3900 X121.985 Y78.390
G1 F3600 X121.153 Y77.559 E887.0078
G0 F3900 X116.159 Y77.559
G1 F3600 X115.331 Y78.387 E887.0472
G1 F2400 E884.0472
G1 F300 Z2.200
G0 F3900 X113.948 Y76.175
;TYPE:WALL-OUTER
;WIDTH:0.400
;FLOW:100.0
G1 F300 Z2.000
G1 F1500 E887.0472
G1 F2100 X133.548 Y76.175 E887.8621
G1 X133.548 Y175.775 E892.0030
G1 X113.948 Y175.775 E892.8179
G1 X113.948 Y76.175 E896.9587
G1 F2400 E893.9587
G1 F300 Z2.200
G0 F3900 X114.348 Y79.775
G1 F300 Z2.000
G1 F1500 E896.9587
G1 F2100 X114.348 Y172.175 E900.8003
G1 X133.148 Y172.175 E901.5819
G1 X133.148 Y79.775 E905.4234
G1 X114.348 Y79.775 E906.2051
G0 F3900 X114.348 Y76.575
;TYPE:WALL-INNER
;WIDTH:0.400
;FLOW:90.0
G1 F2400 X133.148 Y76.575 E906.9085
G1 X133.148 Y79.375 E907.0133
G1 X114.348 Y79.375 E907.7167
G1 X114.348 Y76.575 E907.8215
G1 F2400 E904.8215
G1 F300 Z2.200
G0 F3900 X133.289 Y79.634
G0 X133.289 Y172.316
G0 X114.348 Y172.575
G1 F300 Z2.000
G1 F1500 E907.8215
G1 F2400 X133.148 Y172.575 E908.5250
G1 X133.148 Y175.375 E908.6297
G1 X114.348 Y175.375 E909.3332
G1 X114.348 Y172.575 E909.4379
G1 F2400 E906.4379
G1 F300 Z2.200
G0 F3900 X114.207 Y172.316
G0 X114.207 Y79.634
G0 X114.748 Y76.975
G1 F300 Z2.000
G1 F1500 E909.4379
G1 F2400 X132.748 Y76.975 E910.1115
G1 X132.748 Y78.975 E910.1863
G1 X114.748 Y78.975 E910.8598
G1 X114.748 Y76.975 E910.9346
G1 F2400 E907.9346
G1 F300 Z2.200
G0 F3900 X133.289 Y79.634
G0 X133.289 Y172.316
G0 X114.748 Y172.975
G1 F300 Z2.000
G1 F1500 E910.9346
G1 F2400 X132.748 Y172.975 E911.6082
G1 X132.748 Y174.975 E911.6830
G1 X114.748 Y174.975 E912.3565
G1 X114.748 Y172.975 E912.4314
G1 F2400 E909.4314
G1 F300 Z2.200
G0 F3900 X114.207 Y172.316
G0 X114.207 Y79.634
G0 X115.148 Y77.375
G1 F300 Z2.000
G1 F1500 E912.4314
G1 F2400 X132.348 Y77.375 E913.0749
G1 X132.348 Y78.575 E913.1198
G1 X115.148 Y78.575 E913.7634
G1 X115.148 Y77.375 E913.8083
G1 F2400 E910.8083
G1 F300 Z2.200
G0 F3900 X133.289 Y79.634
G0 X133.289 Y172.316
G0 X115.148 Y173.375
G1 F300 Z2.000
G1 F1500 E913.8083
G1 F2400 X132.348 Y173.375 E914.4519
G1 X132.348 Y174.575 E914.4968
G1 X115.148 Y174.575 E915.1404
G1 X115.148 Y173.375 E915.1853
;PRINTING_TIME: 672
;REMAINING_TIME: 2600
;LAYER:8
;Z:2.250
;HEIGHT:0.250
;FLOW:100.0
;PRINTING: Flow_Calibration_Cube_0.4_mm.stl
;PRINTING_ID: 0
G1 F2400 E912.1853
G1 F300 Z2.450
G0 F3900 X115.331 Y173.560
G0 F300 Z2.250
;TYPE:FILL
;WIDTH:0.360
;FLOW:90.0
G1 F300 Z2.250
G1 F1500 E915.1853
G1 F3600 X116.161 Y174.390 E915.2248
G0 F3900 X121.151 Y174.390
G1 F3600 X121.984 Y173.557 E915.2645
G0 F3900 X125.511 Y173.557
G1 F3600 X126.343 Y174.390 E915.3041
G0 F3900 X131.333 Y174.390
G1 F3600 X132.163 Y173.560 E915.3437
G1 F2400 E912.3437
G1 F300 Z2.450
G0 F3900 X114.207 Y172.316
G0 X114.207 Y79.634
G0 X132.163 Y78.386
G1 F300 Z2.250
G1 F1500 E915.3437
G1 F3600 X131.335 Y77.559 E915.3831
G0 F3900 X126.342 Y77.559
G1 F3600 X125.510 Y78.390 E915.4227
G0 F3900 X121.985 Y78.390
G1 F3600 X121.153 Y77.559 E915.4623
G0 F3900 X116.159 Y77.559
G1 F3600 X115.331 Y78.387 E915.5017
G1 F2400 E912.5017
G1 F300 Z2.450
G0 F3900 X113.948 Y76.175
;TYPE:WALL-OUTER
;WIDTH:0.400
;FLOW:100.0
G1 F300 Z2.250
G1 F1500 E915.5017
G1 F2100 X133.548 Y76.175 E916.3166
G1 X133.548 Y175.775 E920.4575
G1 X113.948 Y175.775 E921.2723
G1 X113.948 Y76.175 E925.4132
G1 F2400 E922.4132
G1 F300 Z2.450
G0 F3900 X114.348 Y79.775
G1 F300 Z2.250
G1 F1500 E925.4132
G1 F2100 X114.348 Y172.175 E929.2548
G1 X133.148 Y172.175 E930.0364
G1 X133.148 Y79.775 E933.8779
G1 X114.348 Y79.775 E934.6596
G0 F3900 X114.348 Y76.575
;TYPE:WALL-INNER
;WIDTH:0.400
;FLOW:90.0
G1 F2400 X133.148 Y76.575 E935.3630
G1 X133.148 Y79.375 E935.4678
G1 X114.348 Y79.375 E936.1712
G1 X114.348 Y76.575 E936.2760
G1 F2400 E933.2760
G1 F300 Z2.450
G0 F3900 X133.289 Y79.634
G0 X133.289 Y172.316
G0 X114.348 Y172.575
G1 F300 Z2.250
G1 F1500 E936.2760
G1 F2400 X133.148 Y172.575 E936.9794
G1 X133.148 Y175.375 E937.0842
G1 X114.348 Y175.375 E937.7877
G1 X114.348 Y172.575 E937.8924
G1 F2400 E934.8924
G1 F300 Z2.450
G0 F3900 X114.207 Y172.316
G0 X114.207 Y79.634
G0 X114.748 Y76.975
G1 F300 Z2.250
G1 F1500 E937.8924
G1 F2400 X132.748 Y76.975 E938.5660
G1 X132.748 Y78.975 E938.6408
G1 X114.748 Y78.975 E939.3143
G1 X114.748 Y76.975 E939.3891
G1 F2400 E936.3891
G1 F300 Z2.450
G0 F3900 X133.289 Y79.634
G0 X133.289 Y172.316
G0 X114.748 Y172.975
G1 F300 Z2.250
G1 F1500 E939.3891
G1 F2400 X132.748 Y172.975 E940.0627
G1 X132.748 Y174.975 E940.1375
G1 X114.748 Y174.975 E940.8110
G1 X114.748 Y172.975 E940.8858
G1 F2400 E937.8858
G1 F300 Z2.450
G0 F3900 X114.207 Y172.316
G0 X114.207 Y79.634
G0 X115.148 Y77.375
G1 F300 Z2.250
G1 F1500 E940.8858
G1 F2400 X132.348 Y77.375 E941.5294
G1 X132.348 Y78.575 E941.5743
G1 X115.148 Y78.575 E942.2179
G1 X115.148 Y77.375 E942.2628
G1 F2400 E939.2628
G1 F300 Z2.450
G0 F3900 X133.289 Y79.634
G0 X133.289 Y172.316
G0 X115.148 Y173.375
G1 F300 Z2.250
G1 F1500 E942.2628
G1 F2400 X132.348 Y173.375 E942.9064
G1 X132.348 Y174.575 E942.9513
G1 X115.148 Y174.575 E943.5949
G1 X115.148 Y173.375 E943.6398
;PRINTING_TIME: 708
;REMAINING_TIME: 2564
;LAYER:9
;Z:2.500
;HEIGHT:0.250
;FLOW:100.0
;PRINTING: Flow_Calibration_Cube_0.4_mm.stl
;PRINTING_ID: 0
G1 F2400 E940.6398
G1 F300 Z2.700
G0 F3900 X115.331 Y173.560
G0 F300 Z2.500
;TYPE:FILL
;WIDTH:0.360
;FLOW:90.0
G1 F300 Z2.500
G1 F1500 E943.6398
G1 F3600 X116.161 Y174.390 E943.6793
G0 F3900 X121.151 Y174.390
G1 F3600 X121.984 Y173.557 E943.7190
G0 F3900 X125.511 Y173.557
G1 F3600 X126.343 Y174.390 E943.7586
G0 F3900 X131.333 Y174.390
G1 F3600 X132.163 Y173.560 E943.7982
G1 F2400 E940.7982
G1 F300 Z2.700
G0 F3900 X114.207 Y172.316
G0 X114.207 Y79.634
G0 X132.163 Y78.386
G1 F300 Z2.500
G1 F1500 E943.7982
G1 F3600 X131.335 Y77.559 E943.8376
G0 F3900 X126.342 Y77.559
G1 F3600 X125.510 Y78.390 E943.8772
G0 F3900 X121.985 Y78.390
G1 F3600 X121.153 Y77.559 E943.9168
G0 F3900 X116.159 Y77.559
G1 F3600 X115.331 Y78.387 E943.9562
G1 F2400 E940.9562
G1 F300 Z2.700
G0 F3900 X113.948 Y76.175
;TYPE:WALL-OUTER
;WIDTH:0.400
;FLOW:100.0
G1 F300 Z2.500
G1 F1500 E943.9562
G1 F2100 X133.548 Y76.175 E944.7711
G1 X133.548 Y175.775 E948.9120
G1 X113.948 Y175.775 E949.7268
G1 X113.948 Y76.175 E953.8677
G1 F2400 E950.8677
G1 F300 Z2.700
G0 F3900 X114.348 Y79.775
G1 F300 Z2.500
G1 F1500 E953.8677
G1 F2100 X114.348 Y172.175 E957.7093
G1 X133.148 Y172.175 E958.4909
G1 X133.148 Y79.775 E962.3324
G1 X114.348 Y79.775 E963.1140
G0 F3900 X114.348 Y76.575
;TYPE:WALL-INNER
;WIDTH:0.400
;FLOW:90.0
G1 F2400 X133.148 Y76.575 E963.8175
G1 X133.148 Y79.375 E963.9223
G1 X114.348 Y79.375 E964.6257
G1 X114.348 Y76.575 E964.7305
G1 F2400 E961.7305
G1 F300 Z2.700
G0 F3900 X133.289 Y79.634
G0 X133.289 Y172.316
G0 X114.348 Y172.575
G1 F300 Z2.500
G1 F1500 E964.7305
G1 F2400 X133.148 Y172.575 E965.4339
G1 X133.148 Y175.375 E965.5387
G1 X114.348 Y175.375 E966.2422
G1 X114.348 Y172.575 E966.3469
G1 F2400 E963.3469
G1 F300 Z2.700
G0 F3900 X114.207 Y172.316
G0 X114.207 Y79.634
G0 X114.748 Y76.975
G1 F300 Z2.500
G1 F1500 E966.3469
G1 F2400 X132.748 Y76.975 E967.0204
G1 X132.748 Y78.975 E967.0953
G1 X114.748 Y78.975 E967.7688
G1 X114.748 Y76.975 E967.8436
G1 F2400 E964.8436
G1 F300 Z2.700
G0 F3900 X133.289 Y79.634
G0 X133.289 Y172.316
G0 X114.748 Y172.975
G1 F300 Z2.500
G1 F1500 E967.8436
G1 F2400 X132.748 Y172.975 E968.5172
G1 X132.748 Y174.975 E968.5920
G1 X114.748 Y174.975 E969.2655
G1 X114.748 Y172.975 E969.3403
G1 F2400 E966.3403
G1 F300 Z2.700
G0 F3900 X114.207 Y172.316
G0 X114.207 Y79.634
G0 X115.148 Y77.375
G1 F300 Z2.500
G1 F1500 E969.3403
G1 F2400 X132.348 Y77.375 E969.9839
G1 X132.348 Y78.575 E970.0288
G1 X115.148 Y78.575 E970.6724
G1 X115.148 Y77.375 E970.7173
G1 F2400 E967.7173
G1 F300 Z2.700
G0 F3900 X133.289 Y79.634
G0 X133.289 Y172.316
G0 X115.148 Y173.375
G1 F300 Z2.500
G1 F1500 E970.7173
G1 F2400 X132.348 Y173.375 E971.3609
G1 X132.348 Y174.575 E971.4058
G1 X115.148 Y174.575 E972.0494
G1 X115.148 Y173.375 E972.0943
;PRINTING_TIME: 743
;REMAINING_TIME: 2528
;LAYER:10
;Z:2.750
;HEIGHT:0.250
;FLOW:100.0
;PRINTING: Flow_Calibration_Cube_0.4_mm.stl
;PRINTING_ID: 0
G1 F2400 E969.0943
G1 F300 Z2.950
G0 F3900 X115.331 Y173.560
G0 F300 Z2.750
;TYPE:FILL
;WIDTH:0.360
;FLOW:90.0
G1 F300 Z2.750
G1 F1500 E972.0943
G1 F3600 X116.161 Y174.390 E972.1338
G0 F3900 X121.151 Y174.390
G1 F3600 X121.984 Y173.557 E972.1735
G0 F3900 X125.511 Y173.557
G1 F3600 X126.343 Y174.390 E972.2131
G0 F3900 X131.333 Y174.390
G1 F3600 X132.163 Y173.560 E972.2527
G1 F2400 E969.2527
G1 F300 Z2.950
G0 F3900 X114.207 Y172.316
G0 X114.207 Y79.634
G0 X132.163 Y78.386
G1 F300 Z2.750
G1 F1500 E972.2527
G1 F3600 X131.335 Y77.559 E972.2921
G0 F3900 X126.342 Y77.559
G1 F3600 X125.510 Y78.390 E972.3317
G0 F3900 X121.985 Y78.390
G1 F3600 X121.153 Y77.559 E972.3713
G0 F3900 X116.159 Y77.559
G1 F3600 X115.331 Y78.387 E972.4107
G1 F2400 E969.4107
G1 F300 Z2.950
G0 F3900 X113.948 Y76.175
;TYPE:WALL-OUTER
;WIDTH:0.400
;FLOW:100.0
G1 F300 Z2.750
G1 F1500 E972.4107
G1 F2100 X133.548 Y76.175 E973.2256
G1 X133.548 Y175.775 E977.3665
G1 X113.948 Y175.775 E978.1813
G1 X113.948 Y76.175 E982.3222
G1 F2400 E979.3222
G1 F300 Z2.950
G0 F3900 X114.348 Y79.775
G1 F300 Z2.750
G1 F1500 E982.3222
G1 F2100 X114.348 Y172.175 E986.1638
G1 X133.148 Y172.175 E986.9454
G1 X133.148 Y79.775 E990.7869
G1 X114.348 Y79.775 E991.5685
G0 F3900 X114.348 Y76.575
;TYPE:WALL-INNER
;WIDTH:0.400
;FLOW:90.0
G1 F2400 X133.148 Y76.575 E992.2720
G1 X133.148 Y79.375 E992.3768
G1 X114.348 Y79.375 E993.0802
G1 X114.348 Y76.575 E993.1850
G1 F2400 E990.1850
G1 F300 Z2.950
G0 F3900 X133.289 Y79.634
G0 X133.289 Y172.316
G0 X114.348 Y172.575
G1 F300 Z2.750
G1 F1500 E993.1850
G1 F2400 X133.148 Y172.575 E993.8884
G1 X133.148 Y175.375 E993.9932
G1 X114.348 Y175.375 E994.6967
G1 X114.348 Y172.575 E994.8014
G1 F2400 E991.8014
G1 F300 Z2.950
G0 F3900 X114.207 Y172.316
G0 X114.207 Y79.634
G0 X114.748 Y76.975
G1 F300 Z2.750
G1 F1500 E994.8014
G1 F2400 X132.748 Y76.975 E995.4749
G1 X132.748 Y78.975 E995.5498
G1 X114.748 Y78.975 E996.2233
G1 X114.748 Y76.975 E996.2981
G1 F2400 E993.2981
G1 F300 Z2.950
G0 F3900 X133.289 Y79.634
G0 X133.289 Y172.316
G0 X114.748 Y172.975
G1 F300 Z2.750
G1 F1500 E996.2981
G1 F2400 X132.748 Y172.975 E996.9716
G1 X132.748 Y174.975 E997.0465
G1 X114.748 Y174.975 E997.7200
G1 X114.748 Y172.975 E997.7948
G1 F2400 E994.7948
G1 F300 Z2.950
G0 F3900 X114.207 Y172.316
G0 X114.207 Y79.634
G0 X115.148 Y77.375
G1 F300 Z2.750
G1 F1500 E997.7948
G1 F2400 X132.348 Y77.375 E998.4384
G1 X132.348 Y78.575 E998.4833
G1 X115.148 Y78.575 E999.1269
G1 X115.148 Y77.375 E999.1718
G1 F2400 E996.1718
G1 F300 Z2.950
G0 F3900 X133.289 Y79.634
G0 X133.289 Y172.316
G0 X115.148 Y173.375
G1 F300 Z2.750
G1 F1500 E999.1718
G1 F2400 X132.348 Y173.375 E999.8154
G1 X132.348 Y174.575 E999.8603
G1 X115.148 Y174.575 E1000.5039
G1 X115.148 Y173.375 E1000.5488
;PRINTING_TIME: 779
;REMAINING_TIME: 2492
;LAYER:11
;Z:3.000
;HEIGHT:0.250
;FLOW:100.0
;PRINTING: Flow_Calibration_Cube_0.4_mm.stl
;PRINTING_ID: 0
G1 F2400 E997.5488
G1 F300 Z3.200
G0 F3900 X115.331 Y173.560
G0 F300 Z3.000
;TYPE:FILL
;WIDTH:0.360
;FLOW:90.0
G1 F300 Z3.000
G1 F1500 E1000.5488
G1 F3600 X116.161 Y174.390 E1000.5883
G0 F3900 X121.151 Y174.390
G1 F3600 X121.984 Y173.557 E1000.6280
G0 F3900 X125.511 Y173.557
G1 F3600 X126.343 Y174.390 E1000.6676
G0 F3900 X131.333 Y174.390
G1 F3600 X132.163 Y173.560 E1000.7072
G1 F2400 E997.7072
G1 F300 Z3.200
G0 F3900 X114.207 Y172.316
G0 X114.207 Y79.634
G0 X132.163 Y78.386
G1 F300 Z3.000
G1 F1500 E1000.7072
G1 F3600 X131.335 Y77.559 E1000.7466
G0 F3900 X126.342 Y77.559
G1 F3600 X125.510 Y78.390 E1000.7862
G0 F3900 X121.985 Y78.390
G1 F3600 X121.153 Y77.559 E1000.8258
G0 F3900 X116.159 Y77.559
G1 F3600 X115.331 Y78.387 E1000.8652
G1 F2400 E997.8652
G1 F300 Z3.200
G0 F3900 X113.948 Y76.175
;TYPE:WALL-OUTER
;WIDTH:0.400
;FLOW:100.0
G1 F300 Z3.000
G1 F1500 E1000.8652
G1 F2100 X133.548 Y76.175 E1001.6801
G1 X133.548 Y175.775 E1005.8210
G1 X113.948 Y175.775 E1006.6358
G1 X113.948 Y76.175 E1010.7767
G1 F2400 E1007.7767
G1 F300 Z3.200
G0 F3900 X114.348 Y79.775
G1 F300 Z3.000
G1 F1500 E1010.7767
G1 F2100 X114.348 Y172.175 E1014.6183
G1 X133.148 Y172.175 E1015.3999
G1 X133.148 Y79.775 E1019.2414
G1 X114.348 Y79.775 E1020.0230
G0 F3900 X114.348 Y76.575
;TYPE:WALL-INNER
;WIDTH:0.400
;FLOW:90.0
G1 F2400 X133.148 Y76.575 E1020.7265
G1 X133.148 Y79.375 E1020.8313
G1 X114.348 Y79.375 E1021.5347
G1 X114.348 Y76.575 E1021.6395
G1 F2400 E1018.6395
G1 F300 Z3.200
G0 F3900 X133.289 Y79.634
G0 X133.289 Y172.316
G0 X114.348 Y172.575
G1 F300 Z3.000
G1 F1500 E1021.6395
G1 F2400 X133.148 Y172.575 E1022.3429
G1 X133.148 Y175.375 E1022.4477
G1 X114.348 Y175.375 E1023.1511
G1 X114.348 Y172.575 E1023.2559
G1 F2400 E1020.2559
G1 F300 Z3.200
G0 F3900 X114.207 Y172.316
G0 X114.207 Y79.634
G0 X114.748 Y76.975
G1 F300 Z3.000
G1 F1500 E1023.2559
G1 F2400 X132.748 Y76.975 E1023.9294
G1 X132.748 Y78.975 E1024.0043
G1 X114.748 Y78.975 E1024.6778
G1 X114.748 Y76.975 E1024.7526
G1 F2400 E1021.7526
G1 F300 Z3.200
G0 F3900 X133.289 Y79.634
G0 X133.289 Y172.316
G0 X114.748 Y172.975
G1 F300 Z3.000
G1 F1500 E1024.7526
G1 F2400 X132.748 Y172.975 E1025.4261
G1 X132.748 Y174.975 E1025.5010
G1 X114.748 Y174.975 E1026.1745
G1 X114.748 Y172.975 E1026.2493
G1 F2400 E1023.2493
G1 F300 Z3.200
G0 F3900 X114.207 Y172.316
G0 X114.207 Y79.634
G0 X115.148 Y77.375
G1 F300 Z3.000
G1 F1500 E1026.2493
G1 F2400 X132.348 Y77.375 E1026.8929
G1 X132.348 Y78.575 E1026.9378
G1 X115.148 Y78.575 E1027.5814
G1 X115.148 Y77.375 E1027.6263
G1 F2400 E1024.6263
G1 F300 Z3.200
G0 F3900 X133.289 Y79.634
G0 X133.289 Y172.316
G0 X115.148 Y173.375
G1 F300 Z3.000
G1 F1500 E1027.6263
G1 F2400 X132.348 Y173.375 E1028.2699
G1 X132.348 Y174.575 E1028.3148
G1 X115.148 Y174.575 E1028.9584
G1 X115.148 Y173.375 E1029.0033
;PRINTING_TIME: 815
;REMAINING_TIME: 2457
;LAYER:12
;Z:3.250
;HEIGHT:0.250
;FLOW:100.0
;PRINTING: Flow_Calibration_Cube_0.4_mm.stl
;PRINTING_ID: 0
G1 F2400 E1026.0033
G1 F300 Z3.450
G0 F3900 X115.331 Y173.560
G0 F300 Z3.250
;TYPE:FILL
;WIDTH:0.360
;FLOW:90.0
G1 F300 Z3.250
G1 F1500 E1029.0033
G1 F3600 X116.161 Y174.390 E1029.0428
G0 F3900 X121.151 Y174.390
G1 F3600 X121.984 Y173.557 E1029.0825
G0 F3900 X125.511 Y173.557
G1 F3600 X126.343 Y174.390 E1029.1221
G0 F3900 X131.333 Y174.390
G1 F3600 X132.163 Y173.560 E1029.1616
G1 F2400 E1026.1616
G1 F300 Z3.450
G0 F3900 X114.207 Y172.316
G0 X114.207 Y79.634
G0 X132.163 Y78.386
G1 F300 Z3.250
G1 F1500 E1029.1616
G1 F3600 X131.335 Y77.559 E1029.2011
G0 F3900 X126.342 Y77.559
G1 F3600 X125.510 Y78.390 E1029.2407
G0 F3900 X121.985 Y78.390
G1 F3600 X121.153 Y77.559 E1029.2803
G0 F3900 X116.159 Y77.559
G1 F3600 X115.331 Y78.387 E1029.3197
G1 F2400 E1026.3197
G1 F300 Z3.450
G0 F3900 X113.948 Y76.175
;TYPE:WALL-OUTER
;WIDTH:0.400
;FLOW:100.0
G1 F300 Z3.250
G1 F1500 E1029.3197
G1 F2100 X133.548 Y76.175 E1030.1346
G1 X133.548 Y175.775 E1034.2754
G1 X113.948 Y175.775 E1035.0903
G1 X113.948 Y76.175 E1039.2312
G1 F2400 E1036.2312
G1 F300 Z3.450
G0 F3900 X114.348 Y79.775
G1 F300 Z3.250
G1 F1500 E1039.2312
G1 F2100 X114.348 Y172.175 E1043.0728
G1 X133.148 Y172.175 E1043.8544
G1 X133.148 Y79.775 E1047.6959
G1 X114.348 Y79.775 E1048.4775
G0 F3900 X114.348 Y76.575
;TYPE:WALL-INNER
;WIDTH:0.400
;FLOW:90.0
G1 F2400 X133.148 Y76.575 E1049.1810
G1 X133.148 Y79.375 E1049.2857
G1 X114.348 Y79.375 E1049.9892
G1 X114.348 Y76.575 E1050.0940
G1 F2400 E1047.0940
G1 F300 Z3.450
G0 F3900 X133.289 Y79.634
G0 X133.289 Y172.316
G0 X114.348 Y172.575
G1 F300 Z3.250
G1 F1500 E1050.0940
G1 F2400 X133.148 Y172.575 E1050.7974
G1 X133.148 Y175.375 E1050.9022
G1 X114.348 Y175.375 E1051.6056
G1 X114.348 Y172.575 E1051.7104
G1 F2400 E1048.7104
G1 F300 Z3.450
G0 F3900 X114.207 Y172.316
G0 X114.207 Y79.634
G0 X114.748 Y76.975
G1 F300 Z3.250
G1 F1500 E1051.7104
G1 F2400 X132.748 Y76.975 E1052.3839
G1 X132.748 Y78.975 E1052.4588
G1 X114.748 Y78.975 E1053.1323
G1 X114.748 Y76.975 E1053.2071
G1 F2400 E1050.2071
G1 F300 Z3.450
G0 F3900 X133.289 Y79.634
G0 X133.289 Y172.316
G0 X114.748 Y172.975
G1 F300 Z3.250
G1 F1500 E1053.2071
G1 F2400 X132.748 Y172.975 E1053.8806
G1 X132.748 Y174.975 E1053.9555
G1 X114.748 Y174.975 E1054.6290
G1 X114.748 Y172.975 E1054.7038
G1 F2400 E1051.7038
G1 F300 Z3.450
G0 F3900 X114.207 Y172.316
G0 X114.207 Y79.634
G0 X115.148 Y77.375
G1 F300 Z3.250
G1 F1500 E1054.7038
G1 F2400 X132.348 Y77.375 E1055.3474
G1 X132.348 Y78.575 E1055.3923
G1 X115.148 Y78.575 E1056.0359
G1 X115.148 Y77.375 E1056.0808
G1 F2400 E1053.0808
G1 F300 Z3.450
G0 F3900 X133.289 Y79.634
G0 X133.289 Y172.316
G0 X115.148 Y173.375
G1 F300 Z3.250
G1 F1500 E1056.0808
G1 F2400 X132.348 Y173.375 E1056.7244
G1 X132.348 Y174.575 E1056.7693
G1 X115.148 Y174.575 E1057.4129
G1 X115.148 Y173.375 E1057.4578
;PRINTING_TIME: 851
;REMAINING_TIME: 2421
;LAYER:13
;Z:3.500
;HEIGHT:0.250
;FLOW:100.0
;PRINTING: Flow_Calibration_Cube_0.4_mm.stl
;PRINTING_ID: 0
G1 F2400 E1054.4578
G1 F300 Z3.700
G0 F3900 X115.331 Y173.560
G0 F300 Z3.500
;TYPE:FILL
;WIDTH:0.360
;FLOW:90.0
G1 F300 Z3.500
G1 F1500 E1057.4578
G1 F3600 X116.161 Y174.390 E1057.4973
G0 F3900 X121.151 Y174.390
G1 F3600 X121.984 Y173.557 E1057.5370
G0 F3900 X125.511 Y173.557
G1 F3600 X126.343 Y174.390 E1057.5766
G0 F3900 X131.333 Y174.390
G1 F3600 X132.163 Y173.560 E1057.6161
G1 F2400 E1054.6161
G1 F300 Z3.700
G0 F3900 X114.207 Y172.316
G0 X114.207 Y79.634
G0 X132.163 Y78.386
G1 F300 Z3.500
G1 F1500 E1057.6161
G1 F3600 X131.335 Y77.559 E1057.6556
G0 F3900 X126.342 Y77.559
G1 F3600 X125.510 Y78.390 E1057.6952
G0 F3900 X121.985 Y78.390
G1 F3600 X121.153 Y77.559 E1057.7348
G0 F3900 X116.159 Y77.559
G1 F3600 X115.331 Y78.387 E1057.7742
G1 F2400 E1054.7742
G1 F300 Z3.700
G0 F3900 X113.948 Y76.175
;TYPE:WALL-OUTER
;WIDTH:0.400
;FLOW:100.0
G1 F300 Z3.500
G1 F1500 E1057.7742
G1 F2100 X133.548 Y76.175 E1058.5891
G1 X133.548 Y175.775 E1062.7299
G1 X113.948 Y175.775 E1063.5448
G1 X113.948 Y76.175 E1067.6857
G1 F2400 E1064.6857
G1 F300 Z3.700
G0 F3900 X114.348 Y79.775
G1 F300 Z3.500
G1 F1500 E1067.6857
G1 F2100 X114.348 Y172.175 E1071.5272
G1 X133.148 Y172.175 E1072.3089
G1 X133.148 Y79.775 E1076.1504
G1 X114.348 Y79.775 E1076.9320
G0 F3900 X114.348 Y76.575
;TYPE:WALL-INNER
;WIDTH:0.400
;FLOW:90.0
G1 F2400 X133.148 Y76.575 E1077.6355
G1 X133.148 Y79.375 E1077.7402
G1 X114.348 Y79.375 E1078.4437
G1 X114.348 Y76.575 E1078.5485
G1 F2400 E1075.5485
G1 F300 Z3.700
G0 F3900 X133.289 Y79.634
G0 X133.289 Y172.316
G0 X114.348 Y172.575
G1 F300 Z3.500
G1 F1500 E1078.5485
G1 F2400 X133.148 Y172.575 E1079.2519
G1 X133.148 Y175.375 E1079.3567
G1 X114.348 Y175.375 E1080.0601
G1 X114.348 Y172.575 E1080.1649
G1 F2400 E1077.1649
G1 F300 Z3.700
G0 F3900 X114.207 Y172.316
G0 X114.207 Y79.634
G0 X114.748 Y76.975
G1 F300 Z3.500
G1 F1500 E1080.1649
G1 F2400 X132.748 Y76.975 E1080.8384
G1 X132.748 Y78.975 E1080.9133
G1 X114.748 Y78.975 E1081.5868
G1 X114.748 Y76.975 E1081.6616
G1 F2400 E1078.6616
G1 F300 Z3.700
G0 F3900 X133.289 Y79.634
G0 X133.289 Y172.316
G0 X114.748 Y172.975
G1 F300 Z3.500
G1 F1500 E1081.6616
G1 F2400 X132.748 Y172.975 E1082.3351
G1 X132.748 Y174.975 E1082.4100
G1 X114.748 Y174.975 E1083.0835
G1 X114.748 Y172.975 E1083.1583
G1 F2400 E1080.1583
G1 F300 Z3.700
G0 F3900 X114.207 Y172.316
G0 X114.207 Y79.634
G0 X115.148 Y77.375
G1 F300 Z3.500
G1 F1500 E1083.1583
G1 F2400 X132.348 Y77.375 E1083.8019
G1 X132.348 Y78.575 E1083.8468
G1 X115.148 Y78.575 E1084.4904
G1 X115.148 Y77.375 E1084.5353
G1 F2400 E1081.5353
G1 F300 Z3.700
G0 F3900 X133.289 Y79.634
G0 X133.289 Y172.316
G0 X115.148 Y173.375
G1 F300 Z3.500
G1 F1500 E1084.5353
G1 F2400 X132.348 Y173.375 E1085.1789
G1 X132.348 Y174.575 E1085.2238
G1 X115.148 Y174.575 E1085.8674
G1 X115.148 Y173.375 E1085.9123
;PRINTING_TIME: 886
;REMAINING_TIME: 2385
;LAYER:14
;Z:3.750
;HEIGHT:0.250
;FLOW:100.0
;PRINTING: Flow_Calibration_Cube_0.4_mm.stl
;PRINTING_ID: 0
G1 F2400 E1082.9123
G1 F300 Z3.950
G0 F3900 X115.331 Y173.560
G0 F300 Z3.750
;TYPE:FILL
;WIDTH:0.360
;FLOW:90.0
G1 F300 Z3.750
G1 F1500 E1085.9123
G1 F3600 X116.161 Y174.390 E1085.9518
G0 F3900 X121.151 Y174.390
G1 F3600 X121.984 Y173.557 E1085.9915
G0 F3900 X125.511 Y173.557
G1 F3600 X126.343 Y174.390 E1086.0311
G0 F3900 X131.333 Y174.390
G1 F3600 X132.163 Y173.560 E1086.0706
G1 F2400 E1083.0706
G1 F300 Z3.950
G0 F3900 X114.207 Y172.316
G0 X114.207 Y79.634
G0 X132.163 Y78.386
G1 F300 Z3.750
G1 F1500 E1086.0706
G1 F3600 X131.335 Y77.559 E1086.1100
G0 F3900 X126.342 Y77.559
G1 F3600 X125.510 Y78.390 E1086.1496
G0 F3900 X121.985 Y78.390
G1 F3600 X121.153 Y77.559 E1086.1892
G0 F3900 X116.159 Y77.559
G1 F3600 X115.331 Y78.387 E1086.2287
G1 F2400 E1083.2287
G1 F300 Z3.950
G0 F3900 X113.948 Y76.175
;TYPE:WALL-OUTER
;WIDTH:0.400
;FLOW:100.0
G1 F300 Z3.750
G1 F1500 E1086.2287
G1 F2100 X133.548 Y76.175 E1087.0436
G1 X133.548 Y175.775 E1091.1844
G1 X113.948 Y175.775 E1091.9993
G1 X113.948 Y76.175 E1096.1402
G1 F2400 E1093.1402
G1 F300 Z3.950
G0 F3900 X114.348 Y79.775
G1 F300 Z3.750
G1 F1500 E1096.1402
G1 F2100 X114.348 Y172.175 E1099.9817
G1 X133.148 Y172.175 E1100.7634
G1 X133.148 Y79.775 E1104.6049
G1 X114.348 Y79.775 E1105.3865
G0 F3900 X114.348 Y76.575
;TYPE:WALL-INNER
;WIDTH:0.400
;FLOW:90.0
G1 F2400 X133.148 Y76.575 E1106.0900
G1 X133.148 Y79.375 E1106.1947
G1 X114.348 Y79.375 E1106.8982
G1 X114.348 Y76.575 E1107.0030
G1 F2400 E1104.0030
G1 F300 Z3.950
G0 F3900 X133.289 Y79.634
G0 X133.289 Y172.316
G0 X114.348 Y172.575
G1 F300 Z3.750
G1 F1500 E1107.0030
G1 F2400 X133.148 Y172.575 E1107.7064
G1 X133.148 Y175.375 E1107.8112
G1 X114.348 Y175.375 E1108.5146
G1 X114.348 Y172.575 E1108.6194
G1 F2400 E1105.6194
G1 F300 Z3.950
G0 F3900 X114.207 Y172.316
G0 X114.207 Y79.634
G0 X114.748 Y76.975
G1 F300 Z3.750
G1 F1500 E1108.6194
G1 F2400 X132.748 Y76.975 E1109.2929
G1 X132.748 Y78.975 E1109.3678
G1 X114.748 Y78.975 E1110.0413
G1 X114.748 Y76.975 E1110.1161
G1 F2400 E1107.1161
G1 F300 Z3.950
G0 F3900 X133.289 Y79.634
G0 X133.289 Y172.316
G0 X114.748 Y172.975
G1 F300 Z3.750
G1 F1500 E1110.1161
G1 F2400 X132.748 Y172.975 E1110.7896
G1 X132.748 Y174.975 E1110.8645
G1 X114.748 Y174.975 E1111.5380
G1 X114.748 Y172.975 E1111.6128
G1 F2400 E1108.6128
G1 F300 Z3.950
G0 F3900 X114.207 Y172.316
G0 X114.207 Y79.634
G0 X115.148 Y77.375
G1 F300 Z3.750
G1 F1500 E1111.6128
G1 F2400 X132.348 Y77.375 E1112.2564
G1 X132.348 Y78.575 E1112.3013
G1 X115.148 Y78.575 E1112.9449
G1 X115.148 Y77.375 E1112.9898
G1 F2400 E1109.9898
G1 F300 Z3.950
G0 F3900 X133.289 Y79.634
G0 X133.289 Y172.316
G0 X115.148 Y173.375
G1 F300 Z3.750
G1 F1500 E1112.9898
G1 F2400 X132.348 Y173.375 E1113.6334
G1 X132.348 Y174.575 E1113.6783
G1 X115.148 Y174.575 E1114.3219
G1 X115.148 Y173.375 E1114.3668
;PRINTING_TIME: 922
;REMAINING_TIME: 2349
;LAYER:15
;Z:4.000
;HEIGHT:0.250
;FLOW:100.0
;PRINTING: Flow_Calibration_Cube_0.4_mm.stl
;PRINTING_ID: 0
G1 F2400 E1111.3668
G1 F300 Z4.200
G0 F3900 X115.331 Y173.560
G0 F300 Z4.000
;TYPE:FILL
;WIDTH:0.360
;FLOW:90.0
G1 F300 Z4.000
G1 F1500 E1114.3668
G1 F3600 X116.161 Y174.390 E1114.4063
G0 F3900 X121.151 Y174.390
G1 F3600 X121.984 Y173.557 E1114.4460
G0 F3900 X125.511 Y173.557
G1 F3600 X126.343 Y174.390 E1114.4856
G0 F3900 X131.333 Y174.390
G1 F3600 X132.163 Y173.560 E1114.5251
G1 F2400 E1111.5251
G1 F300 Z4.200
G0 F3900 X114.207 Y172.316
G0 X114.207 Y79.634
G0 X132.163 Y78.386
G1 F300 Z4.000
G1 F1500 E1114.5251
G1 F3600 X131.335 Y77.559 E1114.5645
G0 F3900 X126.342 Y77.559
G1 F3600 X125.510 Y78.390 E1114.6041
G0 F3900 X121.985 Y78.390
G1 F3600 X121.153 Y77.559 E1114.6437
G0 F3900 X116.159 Y77.559
G1 F3600 X115.331 Y78.387 E1114.6832
G1 F2400 E1111.6832
G1 F300 Z4.200
G0 F3900 X113.948 Y76.175
;TYPE:WALL-OUTER
;WIDTH:0.400
;FLOW:100.0
G1 F300 Z4.000
G1 F1500 E1114.6832
G1 F2100 X133.548 Y76.175 E1115.4980
G1 X133.548 Y175.775 E1119.6389
G1 X113.948 Y175.775 E1120.4538
G1 X113.948 Y76.175 E1124.5947
G1 F2400 E1121.5947
G1 F300 Z4.200
G0 F3900 X114.348 Y79.775
G1 F300 Z4.000
G1 F1500 E1124.5947
G1 F2100 X114.348 Y172.175 E1128.4362
G1 X133.148 Y172.175 E1129.2179
G1 X133.148 Y79.775 E1133.0594
G1 X114.348 Y79.775 E1133.8410
G0 F3900 X114.348 Y76.575
;TYPE:WALL-INNER
;WIDTH:0.400
;FLOW:90.0
G1 F2400 X133.148 Y76.575 E1134.5445
G1 X133.148 Y79.375 E1134.6492
G1 X114.348 Y79.375 E1135.3527
G1 X114.348 Y76.575 E1135.4575
G1 F2400 E1132.4575
G1 F300 Z4.200
G0 F3900 X133.289 Y79.634
G0 X133.289 Y172.316
G0 X114.348 Y172.575
G1 F300 Z4.000
G1 F1500 E1135.4575
G1 F2400 X133.148 Y172.575 E1136.1609
G1 X133.148 Y175.375 E1136.2657
G1 X114.348 Y175.375 E1136.9691
G1 X114.348 Y172.575 E1137.0739
G1 F2400 E1134.0739
G1 F300 Z4.200
G0 F3900 X114.207 Y172.316
G0 X114.207 Y79.634
G0 X114.748 Y76.975
G1 F300 Z4.000
G1 F1500 E1137.0739
G1 F2400 X132.748 Y76.975 E1137.7474
G1 X132.748 Y78.975 E1137.8222
G1 X114.748 Y78.975 E1138.4958
G1 X114.748 Y76.975 E1138.5706
G1 F2400 E1135.5706
G1 F300 Z4.200
G0 F3900 X133.289 Y79.634
G0 X133.289 Y172.316
G0 X114.748 Y172.975
G1 F300 Z4.000
G1 F1500 E1138.5706
G1 F2400 X132.748 Y172.975 E1139.2441
G1 X132.748 Y174.975 E1139.3190
G1 X114.748 Y174.975 E1139.9925
G1 X114.748 Y172.975 E1140.0673
G1 F2400 E1137.0673
G1 F300 Z4.200
G0 F3900 X114.207 Y172.316
G0 X114.207 Y79.634
G0 X115.148 Y77.375
G1 F300 Z4.000
G1 F1500 E1140.0673
G1 F2400 X132.348 Y77.375 E1140.7109
G1 X132.348 Y78.575 E1140.7558
G1 X115.148 Y78.575 E1141.3994
G1 X115.148 Y77.375 E1141.4443
G1 F2400 E1138.4443
G1 F300 Z4.200
G0 F3900 X133.289 Y79.634
G0 X133.289 Y172.316
G0 X115.148 Y173.375
G1 F300 Z4.000
G1 F1500 E1141.4443
G1 F2400 X132.348 Y173.375 E1142.0879
G1 X132.348 Y174.575 E1142.1328
G1 X115.148 Y174.575 E1142.7763
G1 X115.148 Y173.375 E1142.8212
;PRINTING_TIME: 958
;REMAINING_TIME: 2314
;LAYER:16
;Z:4.250
;HEIGHT:0.250
;FLOW:100.0
;PRINTING: Flow_Calibration_Cube_0.4_mm.stl
;PRINTING_ID: 0
G1 F2400 E1139.8212
G1 F300 Z4.450
G0 F3900 X115.331 Y173.560
G0 F300 Z4.250
;TYPE:FILL
;WIDTH:0.360
;FLOW:90.0
G1 F300 Z4.250
G1 F1500 E1142.8212
G1 F3600 X116.161 Y174.390 E1142.8608
G0 F3900 X121.151 Y174.390
G1 F3600 X121.984 Y173.557 E1142.9004
G0 F3900 X125.511 Y173.557
G1 F3600 X126.343 Y174.390 E1142.9401
G0 F3900 X131.333 Y174.390
G1 F3600 X132.163 Y173.560 E1142.9796
G1 F2400 E1139.9796
G1 F300 Z4.450
G0 F3900 X114.207 Y172.316
G0 X114.207 Y79.634
G0 X132.163 Y78.386
G1 F300 Z4.250
G1 F1500 E1142.9796
G1 F3600 X131.335 Y77.559 E1143.0190
G0 F3900 X126.342 Y77.559
G1 F3600 X125.510 Y78.390 E1143.0586
G0 F3900 X121.985 Y78.390
G1 F3600 X121.153 Y77.559 E1143.0982
G0 F3900 X116.159 Y77.559
G1 F3600 X115.331 Y78.387 E1143.1377
G1 F2400 E1140.1377
G1 F300 Z4.450
G0 F3900 X113.948 Y76.175
;TYPE:WALL-OUTER
;WIDTH:0.400
;FLOW:100.0
G1 F300 Z4.250
G1 F1500 E1143.1377
G1 F2100 X133.548 Y76.175 E1143.9525
G1 X133.548 Y175.775 E1148.0934
G1 X113.948 Y175.775 E1148.9083
G1 X113.948 Y76.175 E1153.0492
G1 F2400 E1150.0492
G1 F300 Z4.450
G0 F3900 X114.348 Y79.775
G1 F300 Z4.250
G1 F1500 E1153.0492
G1 F2100 X114.348 Y172.175 E1156.8907
G1 X133.148 Y172.175 E1157.6723
G1 X133.148 Y79.775 E1161.5139
G1 X114.348 Y79.775 E1162.2955
G0 F3900 X114.348 Y76.575
;TYPE:WALL-INNER
;WIDTH:0.400
;FLOW:90.0
G1 F2400 X133.148 Y76.575 E1162.9990
G1 X133.148 Y79.375 E1163.1037
G1 X114.348 Y79.375 E1163.8072
G1 X114.348 Y76.575 E1163.9119
G1 F2400 E1160.9119
G1 F300 Z4.450
G0 F3900 X133.289 Y79.634
G0 X133.289 Y172.316
G0 X114.348 Y172.575
G1 F300 Z4.250
G1 F1500 E1163.9119
G1 F2400 X133.148 Y172.575 E1164.6154
G1 X133.148 Y175.375 E1164.7202
G1 X114.348 Y175.375 E1165.4236
G1 X114.348 Y172.575 E1165.5284
G1 F2400 E1162.5284
G1 F300 Z4.450
G0 F3900 X114.207 Y172.316
G0 X114.207 Y79.634
G0 X114.748 Y76.975
G1 F300 Z4.250
G1 F1500 E1165.5284
G1 F2400 X132.748 Y76.975 E1166.2019
G1 X132.748 Y78.975 E1166.2767
G1 X114.748 Y78.975 E1166.9503
G1 X114.748 Y76.975 E1167.0251
G1 F2400 E1164.0251
G1 F300 Z4.450
G0 F3900 X133.289 Y79.634
G0 X133.289 Y172.316
G0 X114.748 Y172.975
G1 F300 Z4.250
G1 F1500 E1167.0251
G1 F2400 X132.748 Y172.975 E1167.6986
G1 X132.748 Y174.975 E1167.7734
G1 X114.748 Y174.975 E1168.4470
G1 X114.748 Y172.975 E1168.5218
G1 F2400 E1165.5218
G1 F300 Z4.450
G0 F3900 X114.207 Y172.316
G0 X114.207 Y79.634
G0 X115.148 Y77.375
G1 F300 Z4.250
G1 F1500 E1168.5218
G1 F2400 X132.348 Y77.375 E1169.1654
G1 X132.348 Y78.575 E1169.2103
G1 X115.148 Y78.575 E1169.8539
G1 X115.148 Y77.375 E1169.8988
G1 F2400 E1166.8988
G1 F300 Z4.450
G0 F3900 X133.289 Y79.634
G0 X133.289 Y172.316
G0 X115.148 Y173.375
G1 F300 Z4.250
G1 F1500 E1169.8988
G1 F2400 X132.348 Y173.375 E1170.5424
G1 X132.348 Y174.575 E1170.5873
G1 X115.148 Y174.575 E1171.2308
G1 X115.148 Y173.375 E1171.2757
;PRINTING_TIME: 994
;REMAINING_TIME: 2278
;LAYER:17
;Z:4.500
;HEIGHT:0.250
;FLOW:100.0
;PRINTING: Flow_Calibration_Cube_0.4_mm.stl
;PRINTING_ID: 0
G1 F2400 E1168.2757
G1 F300 Z4.700
G0 F3900 X115.331 Y173.560
G0 F300 Z4.500
;TYPE:FILL
;WIDTH:0.360
;FLOW:90.0
G1 F300 Z4.500
G1 F1500 E1171.2757
G1 F3600 X116.161 Y174.390 E1171.3153
G0 F3900 X121.151 Y174.390
G1 F3600 X121.984 Y173.557 E1171.3549
G0 F3900 X125.511 Y173.557
G1 F3600 X126.343 Y174.390 E1171.3946
G0 F3900 X131.333 Y174.390
G1 F3600 X132.163 Y173.560 E1171.4341
G1 F2400 E1168.4341
G1 F300 Z4.700
G0 F3900 X114.207 Y172.316
G0 X114.207 Y79.634
G0 X132.163 Y78.386
G1 F300 Z4.500
G1 F1500 E1171.4341
G1 F3600 X131.335 Y77.559 E1171.4735
G0 F3900 X126.342 Y77.559
G1 F3600 X125.510 Y78.390 E1171.5131
G0 F3900 X121.985 Y78.390
G1 F3600 X121.153 Y77.559 E1171.5527
G0 F3900 X116.159 Y77.559
G1 F3600 X115.331 Y78.387 E1171.5922
G1 F2400 E1168.5922
G1 F300 Z4.700
G0 F3900 X113.948 Y76.175
;TYPE:WALL-OUTER
;WIDTH:0.400
;FLOW:100.0
G1 F300 Z4.500
G1 F1500 E1171.5922
G1 F2100 X133.548 Y76.175 E1172.4070
G1 X133.548 Y175.775 E1176.5479
G1 X113.948 Y175.775 E1177.3628
G1 X113.948 Y76.175 E1181.5037
G1 F2400 E1178.5037
G1 F300 Z4.700
G0 F3900 X114.348 Y79.775
G1 F300 Z4.500
G1 F1500 E1181.5037
G1 F2100 X114.348 Y172.175 E1185.3452
G1 X133.148 Y172.175 E1186.1268
G1 X133.148 Y79.775 E1189.9684
G1 X114.348 Y79.775 E1190.7500
G0 F3900 X114.348 Y76.575
;TYPE:WALL-INNER
;WIDTH:0.400
;FLOW:90.0
G1 F2400 X133.148 Y76.575 E1191.4534
G1 X133.148 Y79.375 E1191.5582
G1 X114.348 Y79.375 E1192.2617
G1 X114.348 Y76.575 E1192.3664
G1 F2400 E1189.3664
G1 F300 Z4.700
G0 F3900 X133.289 Y79.634
G0 X133.289 Y172.316
G0 X114.348 Y172.575
G1 F300 Z4.500
G1 F1500 E1192.3664
G1 F2400 X133.148 Y172.575 E1193.0699
G1 X133.148 Y175.375 E1193.1747
G1 X114.348 Y175.375 E1193.8781
G1 X114.348 Y172.575 E1193.9829
G1 F2400 E1190.9829
G1 F300 Z4.700
G0 F3900 X114.207 Y172.316
G0 X114.207 Y79.634
G0 X114.748 Y76.975
G1 F300 Z4.500
G1 F1500 E1193.9829
G1 F2400 X132.748 Y76.975 E1194.6564
G1 X132.748 Y78.975 E1194.7312
G1 X114.748 Y78.975 E1195.4048
G1 X114.748 Y76.975 E1195.4796
G1 F2400 E1192.4796
G1 F300 Z4.700
G0 F3900 X133.289 Y79.634
G0 X133.289 Y172.316
G0 X114.748 Y172.975
G1 F300 Z4.500
G1 F1500 E1195.4796
G1 F2400 X132.748 Y172.975 E1196.1531
G1 X132.748 Y174.975 E1196.2279
G1 X114.748 Y174.975 E1196.9015
G1 X114.748 Y172.975 E1196.9763
G1 F2400 E1193.9763
G1 F300 Z4.700
G0 F3900 X114.207 Y172.316
G0 X114.207 Y79.634
G0 X115.148 Y77.375
G1 F300 Z4.500
G1 F1500 E1196.9763
G1 F2400 X132.348 Y77.375 E1197.6199
G1 X132.348 Y78.575 E1197.6648
G1 X115.148 Y78.575 E1198.3084
G1 X115.148 Y77.375 E1198.3533
G1 F2400 E1195.3533
G1 F300 Z4.700
G0 F3900 X133.289 Y79.634
G0 X133.289 Y172.316
G0 X115.148 Y173.375
G1 F300 Z4.500
G1 F1500 E1198.3533
G1 F2400 X132.348 Y173.375 E1198.9968
G1 X132.348 Y174.575 E1199.0417
G1 X115.148 Y174.575 E1199.6853
G1 X115.148 Y173.375 E1199.7302
;PRINTING_TIME: 1029
;REMAINING_TIME: 2242
;LAYER:18
;Z:4.750
;HEIGHT:0.250
;FLOW:100.0
;PRINTING: Flow_Calibration_Cube_0.4_mm.stl
;PRINTING_ID: 0
G1 F2400 E1196.7302
G1 F300 Z4.950
G0 F3900 X115.331 Y173.560
G0 F300 Z4.750
;TYPE:FILL
;WIDTH:0.360
;FLOW:90.0
G1 F300 Z4.750
G1 F1500 E1199.7302
G1 F3600 X116.161 Y174.390 E1199.7698
G0 F3900 X121.151 Y174.390
G1 F3600 X121.984 Y173.557 E1199.8094
G0 F3900 X125.511 Y173.557
G1 F3600 X126.343 Y174.390 E1199.8491
G0 F3900 X131.333 Y174.390
G1 F3600 X132.163 Y173.560 E1199.8886
G1 F2400 E1196.8886
G1 F300 Z4.950
G0 F3900 X114.207 Y172.316
G0 X114.207 Y79.634
G0 X132.163 Y78.386
G1 F300 Z4.750
G1 F1500 E1199.8886
G1 F3600 X131.335 Y77.559 E1199.9280
G0 F3900 X126.342 Y77.559
G1 F3600 X125.510 Y78.390 E1199.9676
G0 F3900 X121.985 Y78.390
G1 F3600 X121.153 Y77.559 E1200.0072
G0 F3900 X116.159 Y77.559
G1 F3600 X115.331 Y78.387 E1200.0467
G1 F2400 E1197.0467
G1 F300 Z4.950
G0 F3900 X113.948 Y76.175
;TYPE:WALL-OUTER
;WIDTH:0.400
;FLOW:100.0
G1 F300 Z4.750
G1 F1500 E1200.0467
G1 F2100 X133.548 Y76.175 E1200.8615
G1 X133.548 Y175.775 E1205.0024
G1 X113.948 Y175.775 E1205.8173
G1 X113.948 Y76.175 E1209.9582
G1 F2400 E1206.9582
G1 F300 Z4.950
G0 F3900 X114.348 Y79.775
G1 F300 Z4.750
G1 F1500 E1209.9582
G1 F2100 X114.348 Y172.175 E1213.7997
G1 X133.148 Y172.175 E1214.5813
G1 X133.148 Y79.775 E1218.4229
G1 X114.348 Y79.775 E1219.2045
G0 F3900 X114.348 Y76.575
;TYPE:WALL-INNER
;WIDTH:0.400
;FLOW:90.0
G1 F2400 X133.148 Y76.575 E1219.9079
G1 X133.148 Y79.375 E1220.0127
G1 X114.348 Y79.375 E1220.7162
G1 X114.348 Y76.575 E1220.8209
G1 F2400 E1217.8209
G1 F300 Z4.950
G0 F3900 X133.289 Y79.634
G0 X133.289 Y172.316
G0 X114.348 Y172.575
G1 F300 Z4.750
G1 F1500 E1220.8209
G1 F2400 X133.148 Y172.575 E1221.5244
G1 X133.148 Y175.375 E1221.6292
G1 X114.348 Y175.375 E1222.3326
G1 X114.348 Y172.575 E1222.4374
G1 F2400 E1219.4374
G1 F300 Z4.950
G0 F3900 X114.207 Y172.316
G0 X114.207 Y79.634
G0 X114.748 Y76.975
G1 F300 Z4.750
G1 F1500 E1222.4374
G1 F2400 X132.748 Y76.975 E1223.1109
G1 X132.748 Y78.975 E1223.1857
G1 X114.748 Y78.975 E1223.8592
G1 X114.748 Y76.975 E1223.9341
G1 F2400 E1220.9341
G1 F300 Z4.950
G0 F3900 X133.289 Y79.634
G0 X133.289 Y172.316
G0 X114.748 Y172.975
G1 F300 Z4.750
G1 F1500 E1223.9341
G1 F2400 X132.748 Y172.975 E1224.6076
G1 X132.748 Y174.975 E1224.6824
G1 X114.748 Y174.975 E1225.3560
G1 X114.748 Y172.975 E1225.4308
G1 F2400 E1222.4308
G1 F300 Z4.950
G0 F3900 X114.207 Y172.316
G0 X114.207 Y79.634
G0 X115.148 Y77.375
G1 F300 Z4.750
G1 F1500 E1225.4308
G1 F2400 X132.348 Y77.375 E1226.0744
G1 X132.348 Y78.575 E1226.1193
G1 X115.148 Y78.575 E1226.7629
G1 X115.148 Y77.375 E1226.8078
G1 F2400 E1223.8078
G1 F300 Z4.950
G0 F3900 X133.289 Y79.634
G0 X133.289 Y172.316
G0 X115.148 Y173.375
G1 F300 Z4.750
G1 F1500 E1226.8078
G1 F2400 X132.348 Y173.375 E1227.4513
G1 X132.348 Y174.575 E1227.4962
G1 X115.148 Y174.575 E1228.1398
G1 X115.148 Y173.375 E1228.1847
;PRINTING_TIME: 1065
;REMAINING_TIME: 2206
;LAYER:19
;Z:5.000
;HEIGHT:0.250
;FLOW:100.0
;PRINTING: Flow_Calibration_Cube_0.4_mm.stl
;PRINTING_ID: 0
G1 F2400 E1225.1847
G1 F300 Z5.200
G0 F3900 X115.331 Y173.560
G0 F300 Z5.000
;TYPE:FILL
;WIDTH:0.360
;FLOW:90.0
G1 F300 Z5.000
G1 F1500 E1228.1847
G1 F3600 X116.161 Y174.390 E1228.2243
G0 F3900 X121.151 Y174.390
G1 F3600 X121.984 Y173.557 E1228.2639
G0 F3900 X125.511 Y173.557
G1 F3600 X126.343 Y174.390 E1228.3036
G0 F3900 X131.333 Y174.390
G1 F3600 X132.163 Y173.560 E1228.3431
G1 F2400 E1225.3431
G1 F300 Z5.200
G0 F3900 X114.207 Y172.316
G0 X114.207 Y79.634
G0 X132.163 Y78.386
G1 F300 Z5.000
G1 F1500 E1228.3431
G1 F3600 X131.335 Y77.559 E1228.3825
G0 F3900 X126.342 Y77.559
G1 F3600 X125.510 Y78.390 E1228.4221
G0 F3900 X121.985 Y78.390
G1 F3600 X121.153 Y77.559 E1228.4617
G0 F3900 X116.159 Y77.559
G1 F3600 X115.331 Y78.387 E1228.5011
G1 F2400 E1225.5011
G1 F300 Z5.200
G0 F3900 X113.948 Y76.175
;TYPE:WALL-OUTER
;WIDTH:0.400
;FLOW:100.0
G1 F300 Z5.000
G1 F1500 E1228.5011
G1 F2100 X133.548 Y76.175 E1229.3160
G1 X133.548 Y175.775 E1233.4569
G1 X113.948 Y175.775 E1234.2718
G1 X113.948 Y76.175 E1238.4127
G1 F2400 E1235.4127
G1 F300 Z5.200
G0 F3900 X114.348 Y79.775
G1 F300 Z5.000
G1 F1500 E1238.4127
G1 F2100 X114.348 Y172.175 E1242.2542
G1 X133.148 Y172.175 E1243.0358
G1 X133.148 Y79.775 E1246.8774
G1 X114.348 Y79.775 E1247.6590
G0 F3900 X114.348 Y76.575
;TYPE:WALL-INNER
;WIDTH:0.400
;FLOW:90.0
G1 F2400 X133.148 Y76.575 E1248.3624
G1 X133.148 Y79.375 E1248.4672
G1 X114.348 Y79.375 E1249.1707
G1 X114.348 Y76.575 E1249.2754
G1 F2400 E1246.2754
G1 F300 Z5.200
G0 F3900 X133.289 Y79.634
G0 X133.289 Y172.316
G0 X114.348 Y172.575
G1 F300 Z5.000
G1 F1500 E1249.2754
G1 F2400 X133.148 Y172.575 E1249.9789
G1 X133.148 Y175.375 E1250.0836
G1 X114.348 Y175.375 E1250.7871
G1 X114.348 Y172.575 E1250.8919
G1 F2400 E1247.8919
G1 F300 Z5.200
G0 F3900 X114.207 Y172.316
G0 X114.207 Y79.634
G0 X114.748 Y76.975
G1 F300 Z5.000
G1 F1500 E1250.8919
G1 F2400 X132.748 Y76.975 E1251.5654
G1 X132.748 Y78.975 E1251.6402
G1 X114.748 Y78.975 E1252.3137
G1 X114.748 Y76.975 E1252.3886
G1 F2400 E1249.3886
G1 F300 Z5.200
G0 F3900 X133.289 Y79.634
G0 X133.289 Y172.316
G0 X114.748 Y172.975
G1 F300 Z5.000
G1 F1500 E1252.3886
G1 F2400 X132.748 Y172.975 E1253.0621
G1 X132.748 Y174.975 E1253.1369
G1 X114.748 Y174.975 E1253.8104
G1 X114.748 Y172.975 E1253.8853
G1 F2400 E1250.8853
G1 F300 Z5.200
G0 F3900 X114.207 Y172.316
G0 X114.207 Y79.634
G0 X115.148 Y77.375
G1 F300 Z5.000
G1 F1500 E1253.8853
G1 F2400 X132.348 Y77.375 E1254.5289
G1 X132.348 Y78.575 E1254.5738
G1 X115.148 Y78.575 E1255.2174
G1 X115.148 Y77.375 E1255.2623
G1 F2400 E1252.2623
G1 F300 Z5.200
G0 F3900 X133.289 Y79.634
G0 X133.289 Y172.316
G0 X115.148 Y173.375
G1 F300 Z5.000
G1 F1500 E1255.2623
G1 F2400 X132.348 Y173.375 E1255.9058
G1 X132.348 Y174.575 E1255.9507
G1 X115.148 Y174.575 E1256.5943
G1 X115.148 Y173.375 E1256.6392
;PRINTING_TIME: 1101
;REMAINING_TIME: 2171
;LAYER:20
;Z:5.250
;HEIGHT:0.250
;FLOW:100.0
;PRINTING: Flow_Calibration_Cube_0.4_mm.stl
;PRINTING_ID: 0
G1 F2400 E1253.6392
G1 F300 Z5.450
G0 F3900 X115.331 Y173.560
G0 F300 Z5.250
;TYPE:FILL
;WIDTH:0.360
;FLOW:90.0
G1 F300 Z5.250
G1 F1500 E1256.6392
G1 F3600 X116.161 Y174.390 E1256.6788
G0 F3900 X121.151 Y174.390
G1 F3600 X121.984 Y173.557 E1256.7184
G0 F3900 X125.511 Y173.557
G1 F3600 X126.343 Y174.390 E1256.7581
G0 F3900 X131.333 Y174.390
G1 F3600 X132.163 Y173.560 E1256.7976
G1 F2400 E1253.7976
G1 F300 Z5.450
G0 F3900 X114.207 Y172.316
G0 X114.207 Y79.634
G0 X132.163 Y78.386
G1 F300 Z5.250
G1 F1500 E1256.7976
G1 F3600 X131.335 Y77.559 E1256.8370
G0 F3900 X126.342 Y77.559
G1 F3600 X125.510 Y78.390 E1256.8766
G0 F3900 X121.985 Y78.390
G1 F3600 X121.153 Y77.559 E1256.9162
G0 F3900 X116.159 Y77.559
G1 F3600 X115.331 Y78.387 E1256.9556
G1 F2400 E1253.9556
G1 F300 Z5.450
G0 F3900 X113.948 Y76.175
;TYPE:WALL-OUTER
;WIDTH:0.400
;FLOW:100.0
G1 F300 Z5.250
G1 F1500 E1256.9556
G1 F2100 X133.548 Y76.175 E1257.7705
G1 X133.548 Y175.775 E1261.9114
G1 X113.948 Y175.775 E1262.7263
G1 X113.948 Y76.175 E1266.8672
G1 F2400 E1263.8672
G1 F300 Z5.450
G0 F3900 X114.348 Y79.775
G1 F300 Z5.250
G1 F1500 E1266.8672
G1 F2100 X114.348 Y172.175 E1270.7087
G1 X133.148 Y172.175 E1271.4903
G1 X133.148 Y79.775 E1275.3319
G1 X114.348 Y79.775 E1276.1135
G0 F3900 X114.348 Y76.575
;TYPE:WALL-INNER
;WIDTH:0.400
;FLOW:90.0
G1 F2400 X133.148 Y76.575 E1276.8169
G1 X133.148 Y79.375 E1276.9217
G1 X114.348 Y79.375 E1277.6252
G1 X114.348 Y76.575 E1277.7299
G1 F2400 E1274.7299
G1 F300 Z5.450
G0 F3900 X133.289 Y79.634
G0 X133.289 Y172.316
G0 X114.348 Y172.575
G1 F300 Z5.250
G1 F1500 E1277.7299
G1 F2400 X133.148 Y172.575 E1278.4334
G1 X133.148 Y175.375 E1278.5381
G1 X114.348 Y175.375 E1279.2416
G1 X114.348 Y172.575 E1279.3464
G1 F2400 E1276.3464
G1 F300 Z5.450
G0 F3900 X114.207 Y172.316
G0 X114.207 Y79.634
G0 X114.748 Y76.975
G1 F300 Z5.250
G1 F1500 E1279.3464
G1 F2400 X132.748 Y76.975 E1280.0199
G1 X132.748 Y78.975 E1280.0947
G1 X114.748 Y78.975 E1280.7682
G1 X114.748 Y76.975 E1280.8431
G1 F2400 E1277.8431
G1 F300 Z5.450
G0 F3900 X133.289 Y79.634
G0 X133.289 Y172.316
G0 X114.748 Y172.975
G1 F300 Z5.250
G1 F1500 E1280.8431
G1 F2400 X132.748 Y172.975 E1281.5166
G1 X132.748 Y174.975 E1281.5914
G1 X114.748 Y174.975 E1282.2649
G1 X114.748 Y172.975 E1282.3398
G1 F2400 E1279.3398
G1 F300 Z5.450
G0 F3900 X114.207 Y172.316
G0 X114.207 Y79.634
G0 X115.148 Y77.375
G1 F300 Z5.250
G1 F1500 E1282.3398
G1 F2400 X132.348 Y77.375 E1282.9834
G1 X132.348 Y78.575 E1283.0283
G1 X115.148 Y78.575 E1283.6718
G1 X115.148 Y77.375 E1283.7167
G1 F2400 E1280.7167
G1 F300 Z5.450
G0 F3900 X133.289 Y79.634
G0 X133.289 Y172.316
G0 X115.148 Y173.375
G1 F300 Z5.250
G1 F1500 E1283.7167
G1 F2400 X132.348 Y173.375 E1284.3603
G1 X132.348 Y174.575 E1284.4052
G1 X115.148 Y174.575 E1285.0488
G1 X115.148 Y173.375 E1285.0937
;PRINTING_TIME: 1137
;REMAINING_TIME: 2135
;LAYER:21
;Z:5.500
;HEIGHT:0.250
;FLOW:100.0
;PRINTING: Flow_Calibration_Cube_0.4_mm.stl
;PRINTING_ID: 0
G1 F2400 E1282.0937
G1 F300 Z5.700
G0 F3900 X115.331 Y173.560
G0 F300 Z5.500
;TYPE:FILL
;WIDTH:0.360
;FLOW:90.0
G1 F300 Z5.500
G1 F1500 E1285.0937
G1 F3600 X116.161 Y174.390 E1285.1332
G0 F3900 X121.151 Y174.390
G1 F3600 X121.984 Y173.557 E1285.1729
G0 F3900 X125.511 Y173.557
G1 F3600 X126.343 Y174.390 E1285.2126
G0 F3900 X131.333 Y174.390
G1 F3600 X132.163 Y173.560 E1285.2521
G1 F2400 E1282.2521
G1 F300 Z5.700
G0 F3900 X114.207 Y172.316
G0 X114.207 Y79.634
G0 X132.163 Y78.386
G1 F300 Z5.500
G1 F1500 E1285.2521
G1 F3600 X131.335 Y77.559 E1285.2915
G0 F3900 X126.342 Y77.559
G1 F3600 X125.510 Y78.390 E1285.3311
G0 F3900 X121.985 Y78.390
G1 F3600 X121.153 Y77.559 E1285.3707
G0 F3900 X116.159 Y77.559
G1 F3600 X115.331 Y78.387 E1285.4101
G1 F2400 E1282.4101
G1 F300 Z5.700
G0 F3900 X113.948 Y76.175
;TYPE:WALL-OUTER
;WIDTH:0.400
;FLOW:100.0
G1 F300 Z5.500
G1 F1500 E1285.4101
G1 F2100 X133.548 Y76.175 E1286.2250
G1 X133.548 Y175.775 E1290.3659
G1 X113.948 Y175.775 E1291.1808
G1 X113.948 Y76.175 E1295.3217
G1 F2400 E1292.3217
G1 F300 Z5.700
G0 F3900 X114.348 Y79.775
G1 F300 Z5.500
G1 F1500 E1295.3217
G1 F2100 X114.348 Y172.175 E1299.1632
G1 X133.148 Y172.175 E1299.9448
G1 X133.148 Y79.775 E1303.7864
G1 X114.348 Y79.775 E1304.5680
G0 F3900 X114.348 Y76.575
;TYPE:WALL-INNER
;WIDTH:0.400
;FLOW:90.0
G1 F2400 X133.148 Y76.575 E1305.2714
G1 X133.148 Y79.375 E1305.3762
G1 X114.348 Y79.375 E1306.0796
G1 X114.348 Y76.575 E1306.1844
G1 F2400 E1303.1844
G1 F300 Z5.700
G0 F3900 X133.289 Y79.634
G0 X133.289 Y172.316
G0 X114.348 Y172.575
G1 F300 Z5.500
G1 F1500 E1306.1844
G1 F2400 X133.148 Y172.575 E1306.8879
G1 X133.148 Y175.375 E1306.9926
G1 X114.348 Y175.375 E1307.6961
G1 X114.348 Y172.575 E1307.8009
G1 F2400 E1304.8009
G1 F300 Z5.700
G0 F3900 X114.207 Y172.316
G0 X114.207 Y79.634
G0 X114.748 Y76.975
G1 F300 Z5.500
G1 F1500 E1307.8009
G1 F2400 X132.748 Y76.975 E1308.4744
G1 X132.748 Y78.975 E1308.5492
G1 X114.748 Y78.975 E1309.2227
G1 X114.748 Y76.975 E1309.2976
G1 F2400 E1306.2976
G1 F300 Z5.700
G0 F3900 X133.289 Y79.634
G0 X133.289 Y172.316
G0 X114.748 Y172.975
G1 F300 Z5.500
G1 F1500 E1309.2976
G1 F2400 X132.748 Y172.975 E1309.9711
G1 X132.748 Y174.975 E1310.0459
G1 X114.748 Y174.975 E1310.7194
G1 X114.748 Y172.975 E1310.7943
G1 F2400 E1307.7943
G1 F300 Z5.700
G0 F3900 X114.207 Y172.316
G0 X114.207 Y79.634
G0 X115.148 Y77.375
G1 F300 Z5.500
G1 F1500 E1310.7943
G1 F2400 X132.348 Y77.375 E1311.4379
G1 X132.348 Y78.575 E1311.4828
G1 X115.148 Y78.575 E1312.1263
G1 X115.148 Y77.375 E1312.1712
G1 F2400 E1309.1712
G1 F300 Z5.700
G0 F3900 X133.289 Y79.634
G0 X133.289 Y172.316
G0 X115.148 Y173.375
G1 F300 Z5.500
G1 F1500 E1312.1712
G1 F2400 X132.348 Y173.375 E1312.8148
G1 X132.348 Y174.575 E1312.8597
G1 X115.148 Y174.575 E1313.5033
G1 X115.148 Y173.375 E1313.5482
;PRINTING_TIME: 1173
;REMAINING_TIME: 2099
;LAYER:22
;Z:5.750
;HEIGHT:0.250
;FLOW:100.0
;PRINTING: Flow_Calibration_Cube_0.4_mm.stl
;PRINTING_ID: 0
G1 F2400 E1310.5482
G1 F300 Z5.950
G0 F3900 X115.331 Y173.560
G0 F300 Z5.750
;TYPE:FILL
;WIDTH:0.360
;FLOW:90.0
G1 F300 Z5.750
G1 F1500 E1313.5482
G1 F3600 X116.161 Y174.390 E1313.5877
G0 F3900 X121.151 Y174.390
G1 F3600 X121.984 Y173.557 E1313.6274
G0 F3900 X125.511 Y173.557
G1 F3600 X126.343 Y174.390 E1313.6671
G0 F3900 X131.333 Y174.390
G1 F3600 X132.163 Y173.560 E1313.7066
G1 F2400 E1310.7066
G1 F300 Z5.950
G0 F3900 X114.207 Y172.316
G0 X114.207 Y79.634
G0 X132.163 Y78.386
G1 F300 Z5.750
G1 F1500 E1313.7066
G1 F3600 X131.335 Y77.559 E1313.7460
G0 F3900 X126.342 Y77.559
G1 F3600 X125.510 Y78.390 E1313.7856
G0 F3900 X121.985 Y78.390
G1 F3600 X121.153 Y77.559 E1313.8252
G0 F3900 X116.159 Y77.559
G1 F3600 X115.331 Y78.387 E1313.8646
G1 F2400 E1310.8646
G1 F300 Z5.950
G0 F3900 X113.948 Y76.175
;TYPE:WALL-OUTER
;WIDTH:0.400
;FLOW:100.0
G1 F300 Z5.750
G1 F1500 E1313.8646
G1 F2100 X133.548 Y76.175 E1314.6795
G1 X133.548 Y175.775 E1318.8204
G1 X113.948 Y175.775 E1319.6353
G1 X113.948 Y76.175 E1323.7762
G1 F2400 E1320.7762
G1 F300 Z5.950
G0 F3900 X114.348 Y79.775
G1 F300 Z5.750
G1 F1500 E1323.7762
G1 F2100 X114.348 Y172.175 E1327.6177
G1 X133.148 Y172.175 E1328.3993
G1 X133.148 Y79.775 E1332.2409
G1 X114.348 Y79.775 E1333.0225
G0 F3900 X114.348 Y76.575
;TYPE:WALL-INNER
;WIDTH:0.400
;FLOW:90.0
G1 F2400 X133.148 Y76.575 E1333.7259
G1 X133.148 Y79.375 E1333.8307
G1 X114.348 Y79.375 E1334.5341
G1 X114.348 Y76.575 E1334.6389
G1 F2400 E1331.6389
G1 F300 Z5.950
G0 F3900 X133.289 Y79.634
G0 X133.289 Y172.316
G0 X114.348 Y172.575
G1 F300 Z5.750
G1 F1500 E1334.6389
G1 F2400 X133.148 Y172.575 E1335.3424
G1 X133.148 Y175.375 E1335.4471
G1 X114.348 Y175.375 E1336.1506
G1 X114.348 Y172.575 E1336.2554
G1 F2400 E1333.2554
G1 F300 Z5.950
G0 F3900 X114.207 Y172.316
G0 X114.207 Y79.634
G0 X114.748 Y76.975
G1 F300 Z5.750
G1 F1500 E1336.2554
G1 F2400 X132.748 Y76.975 E1336.9289
G1 X132.748 Y78.975 E1337.0037
G1 X114.748 Y78.975 E1337.6772
G1 X114.748 Y76.975 E1337.7521
G1 F2400 E1334.7521
G1 F300 Z5.950
G0 F3900 X133.289 Y79.634
G0 X133.289 Y172.316
G0 X114.748 Y172.975
G1 F300 Z5.750
G1 F1500 E1337.7521
G1 F2400 X132.748 Y172.975 E1338.4256
G1 X132.748 Y174.975 E1338.5004
G1 X114.748 Y174.975 E1339.1739
G1 X114.748 Y172.975 E1339.2488
G1 F2400 E1336.2488
G1 F300 Z5.950
G0 F3900 X114.207 Y172.316
G0 X114.207 Y79.634
G0 X115.148 Y77.375
G1 F300 Z5.750
G1 F1500 E1339.2488
G1 F2400 X132.348 Y77.375 E1339.8923
G1 X132.348 Y78.575 E1339.9373
G1 X115.148 Y78.575 E1340.5808
G1 X115.148 Y77.375 E1340.6257
G1 F2400 E1337.6257
G1 F300 Z5.950
G0 F3900 X133.289 Y79.634
G0 X133.289 Y172.316
G0 X115.148 Y173.375
G1 F300 Z5.750
G1 F1500 E1340.6257
G1 F2400 X132.348 Y173.375 E1341.2693
G1 X132.348 Y174.575 E1341.3142
G1 X115.148 Y174.575 E1341.9578
G1 X115.148 Y173.375 E1342.0027
;PRINTING_TIME: 1208
;REMAINING_TIME: 2063
;LAYER:23
;Z:6.000
;HEIGHT:0.250
;FLOW:100.0
;PRINTING: Flow_Calibration_Cube_0.4_mm.stl
;PRINTING_ID: 0
G1 F2400 E1339.0027
G1 F300 Z6.200
G0 F3900 X115.331 Y173.560
G0 F300 Z6.000
;TYPE:FILL
;WIDTH:0.360
;FLOW:90.0
G1 F300 Z6.000
G1 F1500 E1342.0027
G1 F3600 X116.161 Y174.390 E1342.0422
G0 F3900 X121.151 Y174.390
G1 F3600 X121.984 Y173.557 E1342.0819
G0 F3900 X125.511 Y173.557
G1 F3600 X126.343 Y174.390 E1342.1216
G0 F3900 X131.333 Y174.390
G1 F3600 X132.163 Y173.560 E1342.1611
G1 F2400 E1339.1611
G1 F300 Z6.200
G0 F3900 X114.207 Y172.316
G0 X114.207 Y79.634
G0 X132.163 Y78.386
G1 F300 Z6.000
G1 F1500 E1342.1611
G1 F3600 X131.335 Y77.559 E1342.2005
G0 F3900 X126.342 Y77.559
G1 F3600 X125.510 Y78.390 E1342.2401
G0 F3900 X121.985 Y78.390
G1 F3600 X121.153 Y77.559 E1342.2797
G0 F3900 X116.159 Y77.559
G1 F3600 X115.331 Y78.387 E1342.3191
G1 F2400 E1339.3191
G1 F300 Z6.200
G0 F3900 X113.948 Y76.175
;TYPE:WALL-OUTER
;WIDTH:0.400
;FLOW:100.0
G1 F300 Z6.000
G1 F1500 E1342.3191
G1 F2100 X133.548 Y76.175 E1343.1340
G1 X133.548 Y175.775 E1347.2749
G1 X113.948 Y175.775 E1348.0898
G1 X113.948 Y76.175 E1352.2306
G1 F2400 E1349.2306
G1 F300 Z6.200
G0 F3900 X114.348 Y79.775
G1 F300 Z6.000
G1 F1500 E1352.2306
G1 F2100 X114.348 Y172.175 E1356.0722
G1 X133.148 Y172.175 E1356.8538
G1 X133.148 Y79.775 E1360.6953
G1 X114.348 Y79.775 E1361.4770
G0 F3900 X114.348 Y76.575
;TYPE:WALL-INNER
;WIDTH:0.400
;FLOW:90.0
G1 F2400 X133.148 Y76.575 E1362.1804
G1 X133.148 Y79.375 E1362.2852
G1 X114.348 Y79.375 E1362.9886
G1 X114.348 Y76.575 E1363.0934
G1 F2400 E1360.0934
G1 F300 Z6.200
G0 F3900 X133.289 Y79.634
G0 X133.289 Y172.316
G0 X114.348 Y172.575
G1 F300 Z6.000
G1 F1500 E1363.0934
G1 F2400 X133.148 Y172.575 E1363.7969
G1 X133.148 Y175.375 E1363.9016
G1 X114.348 Y175.375 E1364.6051
G1 X114.348 Y172.575 E1364.7098
G1 F2400 E1361.7098
G1 F300 Z6.200
G0 F3900 X114.207 Y172.316
G0 X114.207 Y79.634
G0 X114.748 Y76.975
G1 F300 Z6.000
G1 F1500 E1364.7098
G1 F2400 X132.748 Y76.975 E1365.3834
G1 X132.748 Y78.975 E1365.4582
G1 X114.748 Y78.975 E1366.1317
G1 X114.748 Y76.975 E1366.2066
G1 F2400 E1363.2066
G1 F300 Z6.200
G0 F3900 X133.289 Y79.634
G0 X133.289 Y172.316
G0 X114.748 Y172.975
G1 F300 Z6.000
G1 F1500 E1366.2066
G1 F2400 X132.748 Y172.975 E1366.8801
G1 X132.748 Y174.975 E1366.9549
G1 X114.748 Y174.975 E1367.6284
G1 X114.748 Y172.975 E1367.7033
G1 F2400 E1364.7033
G1 F300 Z6.200
G0 F3900 X114.207 Y172.316
G0 X114.207 Y79.634
G0 X115.148 Y77.375
G1 F300 Z6.000
G1 F1500 E1367.7033
G1 F2400 X132.348 Y77.375 E1368.3468
G1 X132.348 Y78.575 E1368.3917
G1 X115.148 Y78.575 E1369.0353
G1 X115.148 Y77.375 E1369.0802
G1 F2400 E1366.0802
G1 F300 Z6.200
G0 F3900 X133.289 Y79.634
G0 X133.289 Y172.316
G0 X115.148 Y173.375
G1 F300 Z6.000
G1 F1500 E1369.0802
G1 F2400 X132.348 Y173.375 E1369.7238
G1 X132.348 Y174.575 E1369.7687
G1 X115.148 Y174.575 E1370.4123
G1 X115.148 Y173.375 E1370.4572
;PRINTING_TIME: 1244
;REMAINING_TIME: 2027
;LAYER:24
;Z:6.250
;HEIGHT:0.250
;FLOW:100.0
;PRINTING: Flow_Calibration_Cube_0.4_mm.stl
;PRINTING_ID: 0
G1 F2400 E1367.4572
G1 F300 Z6.450
G0 F3900 X115.331 Y173.560
G0 F300 Z6.250
;TYPE:FILL
;WIDTH:0.360
;FLOW:90.0
G1 F300 Z6.250
G1 F1500 E1370.4572
G1 F3600 X116.161 Y174.390 E1370.4967
G0 F3900 X121.151 Y174.390
G1 F3600 X121.984 Y173.557 E1370.5364
G0 F3900 X125.511 Y173.557
G1 F3600 X126.343 Y174.390 E1370.5760
G0 F3900 X131.333 Y174.390
G1 F3600 X132.163 Y173.560 E1370.6156
G1 F2400 E1367.6156
G1 F300 Z6.450
G0 F3900 X114.207 Y172.316
G0 X114.207 Y79.634
G0 X132.163 Y78.386
G1 F300 Z6.250
G1 F1500 E1370.6156
G1 F3600 X131.335 Y77.559 E1370.6550
G0 F3900 X126.342 Y77.559
G1 F3600 X125.510 Y78.390 E1370.6946
G0 F3900 X121.985 Y78.390
G1 F3600 X121.153 Y77.559 E1370.7342
G0 F3900 X116.159 Y77.559
G1 F3600 X115.331 Y78.387 E1370.7736
G1 F2400 E1367.7736
G1 F300 Z6.450
G0 F3900 X113.948 Y76.175
;TYPE:WALL-OUTER
;WIDTH:0.400
;FLOW:100.0
G1 F300 Z6.250
G1 F1500 E1370.7736
G1 F2100 X133.548 Y76.175 E1371.5885
G1 X133.548 Y175.775 E1375.7294
G1 X113.948 Y175.775 E1376.5443
G1 X113.948 Y76.175 E1380.6851
G1 F2400 E1377.6851
G1 F300 Z6.450
G0 F3900 X114.348 Y79.775
G1 F300 Z6.250
G1 F1500 E1380.6851
G1 F2100 X114.348 Y172.175 E1384.5267
G1 X133.148 Y172.175 E1385.3083
G1 X133.148 Y79.775 E1389.1498
G1 X114.348 Y79.775 E1389.9315
G0 F3900 X114.348 Y76.575
;TYPE:WALL-INNER
;WIDTH:0.400
;FLOW:90.0
G1 F2400 X133.148 Y76.575 E1390.6349
G1 X133.148 Y79.375 E1390.7397
G1 X114.348 Y79.375 E1391.4431
G1 X114.348 Y76.575 E1391.5479
G1 F2400 E1388.5479
G1 F300 Z6.450
G0 F3900 X133.289 Y79.634
G0 X133.289 Y172.316
G0 X114.348 Y172.575
G1 F300 Z6.250
G1 F1500 E1391.5479
G1 F2400 X133.148 Y172.575 E1392.2514
G1 X133.148 Y175.375 E1392.3561
G1 X114.348 Y175.375 E1393.0596
G1 X114.348 Y172.575 E1393.1643
G1 F2400 E1390.1643
G1 F300 Z6.450
G0 F3900 X114.207 Y172.316
G0 X114.207 Y79.634
G0 X114.748 Y76.975
G1 F300 Z6.250
G1 F1500 E1393.1643
G1 F2400 X132.748 Y76.975 E1393.8379
G1 X132.748 Y78.975 E1393.9127
G1 X114.748 Y78.975 E1394.5862
G1 X114.748 Y76.975 E1394.6610
G1 F2400 E1391.6610
G1 F300 Z6.450
G0 F3900 X133.289 Y79.634
G0 X133.289 Y172.316
G0 X114.748 Y172.975
G1 F300 Z6.250
G1 F1500 E1394.6610
G1 F2400 X132.748 Y172.975 E1395.3346
G1 X132.748 Y174.975 E1395.4094
G1 X114.748 Y174.975 E1396.0829
G1 X114.748 Y172.975 E1396.1578
G1 F2400 E1393.1578
G1 F300 Z6.450
G0 F3900 X114.207 Y172.316
G0 X114.207 Y79.634
G0 X115.148 Y77.375
G1 F300 Z6.250
G1 F1500 E1396.1578
G1 F2400 X132.348 Y77.375 E1396.8013
G1 X132.348 Y78.575 E1396.8462
G1 X115.148 Y78.575 E1397.4898
G1 X115.148 Y77.375 E1397.5347
G1 F2400 E1394.5347
G1 F300 Z6.450
G0 F3900 X133.289 Y79.634
G0 X133.289 Y172.316
G0 X115.148 Y173.375
G1 F300 Z6.250
G1 F1500 E1397.5347
G1 F2400 X132.348 Y173.375 E1398.1783
G1 X132.348 Y174.575 E1398.2232
G1 X115.148 Y174.575 E1398.8668
G1 X115.148 Y173.375 E1398.9117
;PRINTING_TIME: 1280
;REMAINING_TIME: 1992
;LAYER:25
;Z:6.500
;HEIGHT:0.250
;FLOW:100.0
;PRINTING: Flow_Calibration_Cube_0.4_mm.stl
;PRINTING_ID: 0
G1 F2400 E1395.9117
G1 F300 Z6.700
G0 F3900 X115.331 Y173.560
G0 F300 Z6.500
;TYPE:FILL
;WIDTH:0.360
;FLOW:90.0
G1 F300 Z6.500
G1 F1500 E1398.9117
G1 F3600 X116.161 Y174.390 E1398.9512
G0 F3900 X121.151 Y174.390
G1 F3600 X121.984 Y173.557 E1398.9909
G0 F3900 X125.511 Y173.557
G1 F3600 X126.343 Y174.390 E1399.0305
G0 F3900 X131.333 Y174.390
G1 F3600 X132.163 Y173.560 E1399.0701
G1 F2400 E1396.0701
G1 F300 Z6.700
G0 F3900 X114.207 Y172.316
G0 X114.207 Y79.634
G0 X132.163 Y78.386
G1 F300 Z6.500
G1 F1500 E1399.0701
G1 F3600 X131.335 Y77.559 E1399.1095
G0 F3900 X126.342 Y77.559
G1 F3600 X125.510 Y78.390 E1399.1491
G0 F3900 X121.985 Y78.390
G1 F3600 X121.153 Y77.559 E1399.1887
G0 F3900 X116.159 Y77.559
G1 F3600 X115.331 Y78.387 E1399.2281
G1 F2400 E1396.2281
G1 F300 Z6.700
G0 F3900 X113.948 Y76.175
;TYPE:WALL-OUTER
;WIDTH:0.400
;FLOW:100.0
G1 F300 Z6.500
G1 F1500 E1399.2281
G1 F2100 X133.548 Y76.175 E1400.0430
G1 X133.548 Y175.775 E1404.1839
G1 X113.948 Y175.775 E1404.9987
G1 X113.948 Y76.175 E1409.1396
G1 F2400 E1406.1396
G1 F300 Z6.700
G0 F3900 X114.348 Y79.775
G1 F300 Z6.500
G1 F1500 E1409.1396
G1 F2100 X114.348 Y172.175 E1412.9812
G1 X133.148 Y172.175 E1413.7628
G1 X133.148 Y79.775 E1417.6043
G1 X114.348 Y79.775 E1418.3860
G0 F3900 X114.348 Y76.575
;TYPE:WALL-INNER
;WIDTH:0.400
;FLOW:90.0
G1 F2400 X133.148 Y76.575 E1419.0894
G1 X133.148 Y79.375 E1419.1942
G1 X114.348 Y79.375 E1419.8976
G1 X114.348 Y76.575 E1420.0024
G1 F2400 E1417.0024
G1 F300 Z6.700
G0 F3900 X133.289 Y79.634
G0 X133.289 Y172.316
G0 X114.348 Y172.575
G1 F300 Z6.500
G1 F1500 E1420.0024
G1 F2400 X133.148 Y172.575 E1420.7058
G1 X133.148 Y175.375 E1420.8106
G1 X114.348 Y175.375 E1421.5141
G1 X114.348 Y172.575 E1421.6188
G1 F2400 E1418.6188
G1 F300 Z6.700
G0 F3900 X114.207 Y172.316
G0 X114.207 Y79.634
G0 X114.748 Y76.975
G1 F300 Z6.500
G1 F1500 E1421.6188
G1 F2400 X132.748 Y76.975 E1422.2924
G1 X132.748 Y78.975 E1422.3672
G1 X114.748 Y78.975 E1423.0407
G1 X114.748 Y76.975 E1423.1155
G1 F2400 E1420.1155
G1 F300 Z6.700
G0 F3900 X133.289 Y79.634
G0 X133.289 Y172.316
G0 X114.748 Y172.975
G1 F300 Z6.500
G1 F1500 E1423.1155
G1 F2400 X132.748 Y172.975 E1423.7891
G1 X132.748 Y174.975 E1423.8639
G1 X114.748 Y174.975 E1424.5374
G1 X114.748 Y172.975 E1424.6122
G1 F2400 E1421.6122
G1 F300 Z6.700
G0 F3900 X114.207 Y172.316
G0 X114.207 Y79.634
G0 X115.148 Y77.375
G1 F300 Z6.500
G1 F1500 E1424.6122
G1 F2400 X132.348 Y77.375 E1425.2558
G1 X132.348 Y78.575 E1425.3007
G1 X115.148 Y78.575 E1425.9443
G1 X115.148 Y77.375 E1425.9892
G1 F2400 E1422.9892
G1 F300 Z6.700
G0 F3900 X133.289 Y79.634
G0 X133.289 Y172.316
G0 X115.148 Y173.375
G1 F300 Z6.500
G1 F1500 E1425.9892
G1 F2400 X132.348 Y173.375 E1426.6328
G1 X132.348 Y174.575 E1426.6777
G1 X115.148 Y174.575 E1427.3213
G1 X115.148 Y173.375 E1427.3662
;PRINTING_TIME: 1316
;REMAINING_TIME: 1956
;LAYER:26
;Z:6.750
;HEIGHT:0.250
;FLOW:100.0
;PRINTING: Flow_Calibration_Cube_0.4_mm.stl
;PRINTING_ID: 0
G1 F2400 E1424.3662
G1 F300 Z6.950
G0 F3900 X115.331 Y173.560
G0 F300 Z6.750
;TYPE:FILL
;WIDTH:0.360
;FLOW:90.0
G1 F300 Z6.750
G1 F1500 E1427.3662
G1 F3600 X116.161 Y174.390 E1427.4057
G0 F3900 X121.151 Y174.390
G1 F3600 X121.984 Y173.557 E1427.4454
G0 F3900 X125.511 Y173.557
G1 F3600 X126.343 Y174.390 E1427.4850
G0 F3900 X131.333 Y174.390
G1 F3600 X132.163 Y173.560 E1427.5246
G1 F2400 E1424.5246
G1 F300 Z6.950
G0 F3900 X114.207 Y172.316
G0 X114.207 Y79.634
G0 X132.163 Y78.386
G1 F300 Z6.750
G1 F1500 E1427.5246
G1 F3600 X131.335 Y77.559 E1427.5640
G0 F3900 X126.342 Y77.559
G1 F3600 X125.510 Y78.390 E1427.6036
G0 F3900 X121.985 Y78.390
G1 F3600 X121.153 Y77.559 E1427.6432
G0 F3900 X116.159 Y77.559
G1 F3600 X115.331 Y78.387 E1427.6826
G1 F2400 E1424.6826
G1 F300 Z6.950
G0 F3900 X113.948 Y76.175
;TYPE:WALL-OUTER
;WIDTH:0.400
;FLOW:100.0
G1 F300 Z6.750
G1 F1500 E1427.6826
G1 F2100 X133.548 Y76.175 E1428.4975
G1 X133.548 Y175.775 E1432.6384
G1 X113.948 Y175.775 E1433.4532
G1 X113.948 Y76.175 E1437.5941
G1 F2400 E1434.5941
G1 F300 Z6.950
G0 F3900 X114.348 Y79.775
G1 F300 Z6.750
G1 F1500 E1437.5941
G1 F2100 X114.348 Y172.175 E1441.4357
G1 X133.148 Y172.175 E1442.2173
G1 X133.148 Y79.775 E1446.0588
G1 X114.348 Y79.775 E1446.8404
G0 F3900 X114.348 Y76.575
;TYPE:WALL-INNER
;WIDTH:0.400
;FLOW:90.0
G1 F2400 X133.148 Y76.575 E1447.5439
G1 X133.148 Y79.375 E1447.6487
G1 X114.348 Y79.375 E1448.3521
G1 X114.348 Y76.575 E1448.4569
G1 F2400 E1445.4569
G1 F300 Z6.950
G0 F3900 X133.289 Y79.634
G0 X133.289 Y172.316
G0 X114.348 Y172.575
G1 F300 Z6.750
G1 F1500 E1448.4569
G1 F2400 X133.148 Y172.575 E1449.1603
G1 X133.148 Y175.375 E1449.2651
G1 X114.348 Y175.375 E1449.9686
G1 X114.348 Y172.575 E1450.0733
G1 F2400 E1447.0733
G1 F300 Z6.950
G0 F3900 X114.207 Y172.316
G0 X114.207 Y79.634
G0 X114.748 Y76.975
G1 F300 Z6.750
G1 F1500 E1450.0733
G1 F2400 X132.748 Y76.975 E1450.7468
G1 X132.748 Y78.975 E1450.8217
G1 X114.748 Y78.975 E1451.4952
G1 X114.748 Y76.975 E1451.5700
G1 F2400 E1448.5700
G1 F300 Z6.950
G0 F3900 X133.289 Y79.634
G0 X133.289 Y172.316
G0 X114.748 Y172.975
G1 F300 Z6.750
G1 F1500 E1451.5700
G1 F2400 X132.748 Y172.975 E1452.2436
G1 X132.748 Y174.975 E1452.3184
G1 X114.748 Y174.975 E1452.9919
G1 X114.748 Y172.975 E1453.0667
G1 F2400 E1450.0667
G1 F300 Z6.950
G0 F3900 X114.207 Y172.316
G0 X114.207 Y79.634
G0 X115.148 Y77.375
G1 F300 Z6.750
G1 F1500 E1453.0667
G1 F2400 X132.348 Y77.375 E1453.7103
G1 X132.348 Y78.575 E1453.7552
G1 X115.148 Y78.575 E1454.3988
G1 X115.148 Y77.375 E1454.4437
G1 F2400 E1451.4437
G1 F300 Z6.950
G0 F3900 X133.289 Y79.634
G0 X133.289 Y172.316
G0 X115.148 Y173.375
G1 F300 Z6.750
G1 F1500 E1454.4437
G1 F2400 X132.348 Y173.375 E1455.0873
G1 X132.348 Y174.575 E1455.1322
G1 X115.148 Y174.575 E1455.7758
G1 X115.148 Y173.375 E1455.8207
;PRINTING_TIME: 1351
;REMAINING_TIME: 1920
;LAYER:27
;Z:7.000
;HEIGHT:0.250
;FLOW:100.0
;PRINTING: Flow_Calibration_Cube_0.4_mm.stl
;PRINTING_ID: 0
G1 F2400 E1452.8207
G1 F300 Z7.200
G0 F3900 X115.331 Y173.560
G0 F300 Z7.000
;TYPE:FILL
;WIDTH:0.360
;FLOW:90.0
G1 F300 Z7.000
G1 F1500 E1455.8207
G1 F3600 X116.161 Y174.390 E1455.8602
G0 F3900 X121.151 Y174.390
G1 F3600 X121.984 Y173.557 E1455.8999
G0 F3900 X125.511 Y173.557
G1 F3600 X126.343 Y174.390 E1455.9395
G0 F3900 X131.333 Y174.390
G1 F3600 X132.163 Y173.560 E1455.9791
G1 F2400 E1452.9791
G1 F300 Z7.200
G0 F3900 X114.207 Y172.316
G0 X114.207 Y79.634
G0 X132.163 Y78.386
G1 F300 Z7.000
G1 F1500 E1455.9791
G1 F3600 X131.335 Y77.559 E1456.0185
G0 F3900 X126.342 Y77.559
G1 F3600 X125.510 Y78.390 E1456.0581
G0 F3900 X121.985 Y78.390
G1 F3600 X121.153 Y77.559 E1456.0977
G0 F3900 X116.159 Y77.559
G1 F3600 X115.331 Y78.387 E1456.1371
G1 F2400 E1453.1371
G1 F300 Z7.200
G0 F3900 X113.948 Y76.175
;TYPE:WALL-OUTER
;WIDTH:0.400
;FLOW:100.0
G1 F300 Z7.000
G1 F1500 E1456.1371
G1 F2100 X133.548 Y76.175 E1456.9520
G1 X133.548 Y175.775 E1461.0929
G1 X113.948 Y175.775 E1461.9077
G1 X113.948 Y76.175 E1466.0486
G1 F2400 E1463.0486
G1 F300 Z7.200
G0 F3900 X114.348 Y79.775
G1 F300 Z7.000
G1 F1500 E1466.0486
G1 F2100 X114.348 Y172.175 E1469.8902
G1 X133.148 Y172.175 E1470.6718
G1 X133.148 Y79.775 E1474.5133
G1 X114.348 Y79.775 E1475.2949
G0 F3900 X114.348 Y76.575
;TYPE:WALL-INNER
;WIDTH:0.400
;FLOW:90.0
G1 F2400 X133.148 Y76.575 E1475.9984
G1 X133.148 Y79.375 E1476.1032
G1 X114.348 Y79.375 E1476.8066
G1 X114.348 Y76.575 E1476.9114
G1 F2400 E1473.9114
G1 F300 Z7.200
G0 F3900 X133.289 Y79.634
G0 X133.289 Y172.316
G0 X114.348 Y172.575
G1 F300 Z7.000
G1 F1500 E1476.9114
G1 F2400 X133.148 Y172.575 E1477.6148
G1 X133.148 Y175.375 E1477.7196
G1 X114.348 Y175.375 E1478.4231
G1 X114.348 Y172.575 E1478.5278
G1 F2400 E1475.5278
G1 F300 Z7.200
G0 F3900 X114.207 Y172.316
G0 X114.207 Y79.634
G0 X114.748 Y76.975
G1 F300 Z7.000
G1 F1500 E1478.5278
G1 F2400 X132.748 Y76.975 E1479.2013
G1 X132.748 Y78.975 E1479.2762
G1 X114.748 Y78.975 E1479.9497
G1 X114.748 Y76.975 E1480.0245
G1 F2400 E1477.0245
G1 F300 Z7.200
G0 F3900 X133.289 Y79.634
G0 X133.289 Y172.316
G0 X114.748 Y172.975
G1 F300 Z7.000
G1 F1500 E1480.0245
G1 F2400 X132.748 Y172.975 E1480.6980
G1 X132.748 Y174.975 E1480.7729
G1 X114.748 Y174.975 E1481.4464
G1 X114.748 Y172.975 E1481.5212
G1 F2400 E1478.5212
G1 F300 Z7.200
G0 F3900 X114.207 Y172.316
G0 X114.207 Y79.634
G0 X115.148 Y77.375
G1 F300 Z7.000
G1 F1500 E1481.5212
G1 F2400 X132.348 Y77.375 E1482.1648
G1 X132.348 Y78.575 E1482.2097
G1 X115.148 Y78.575 E1482.8533
G1 X115.148 Y77.375 E1482.8982
G1 F2400 E1479.8982
G1 F300 Z7.200
G0 F3900 X133.289 Y79.634
G0 X133.289 Y172.316
G0 X115.148 Y173.375
G1 F300 Z7.000
G1 F1500 E1482.8982
G1 F2400 X132.348 Y173.375 E1483.5418
G1 X132.348 Y174.575 E1483.5867
G1 X115.148 Y174.575 E1484.2303
G1 X115.148 Y173.375 E1484.2752
;PRINTING_TIME: 1387
;REMAINING_TIME: 1884
;LAYER:28
;Z:7.250
;HEIGHT:0.250
;FLOW:100.0
;PRINTING: Flow_Calibration_Cube_0.4_mm.stl
;PRINTING_ID: 0
G1 F2400 E1481.2752
G1 F300 Z7.450
G0 F3900 X115.331 Y173.560
G0 F300 Z7.250
;TYPE:FILL
;WIDTH:0.360
;FLOW:90.0
G1 F300 Z7.250
G1 F1500 E1484.2752
G1 F3600 X116.161 Y174.390 E1484.3147
G0 F3900 X121.151 Y174.390
G1 F3600 X121.984 Y173.557 E1484.3544
G0 F3900 X125.511 Y173.557
G1 F3600 X126.343 Y174.390 E1484.3940
G0 F3900 X131.333 Y174.390
G1 F3600 X132.163 Y173.560 E1484.4336
G1 F2400 E1481.4336
G1 F300 Z7.450
G0 F3900 X114.207 Y172.316
G0 X114.207 Y79.634
G0 X132.163 Y78.386
G1 F300 Z7.250
G1 F1500 E1484.4336
G1 F3600 X131.335 Y77.559 E1484.4730
G0 F3900 X126.342 Y77.559
G1 F3600 X125.510 Y78.390 E1484.5126
G0 F3900 X121.985 Y78.390
G1 F3600 X121.153 Y77.559 E1484.5522
G0 F3900 X116.159 Y77.559
G1 F3600 X115.331 Y78.387 E1484.5916
G1 F2400 E1481.5916
G1 F300 Z7.450
G0 F3900 X113.948 Y76.175
;TYPE:WALL-OUTER
;WIDTH:0.400
;FLOW:100.0
G1 F300 Z7.250
G1 F1500 E1484.5916
G1 F2100 X133.548 Y76.175 E1485.4065
G1 X133.548 Y175.775 E1489.5474
G1 X113.948 Y175.775 E1490.3622
G1 X113.948 Y76.175 E1494.5031
G1 F2400 E1491.5031
G1 F300 Z7.450
G0 F3900 X114.348 Y79.775
G1 F300 Z7.250
G1 F1500 E1494.5031
G1 F2100 X114.348 Y172.175 E1498.3447
G1 X133.148 Y172.175 E1499.1263
G1 X133.148 Y79.775 E1502.9678
G1 X114.348 Y79.775 E1503.7494
G0 F3900 X114.348 Y76.575
;TYPE:WALL-INNER
;WIDTH:0.400
;FLOW:90.0
G1 F2400 X133.148 Y76.575 E1504.4529
G1 X133.148 Y79.375 E1504.5577
G1 X114.348 Y79.375 E1505.2611
G1 X114.348 Y76.575 E1505.3659
G1 F2400 E1502.3659
G1 F300 Z7.450
G0 F3900 X133.289 Y79.634
G0 X133.289 Y172.316
G0 X114.348 Y172.575
G1 F300 Z7.250
G1 F1500 E1505.3659
G1 F2400 X133.148 Y172.575 E1506.0693
G1 X133.148 Y175.375 E1506.1741
G1 X114.348 Y175.375 E1506.8775
G1 X114.348 Y172.575 E1506.9823
G1 F2400 E1503.9823
G1 F300 Z7.450
G0 F3900 X114.207 Y172.316
G0 X114.207 Y79.634
G0 X114.748 Y76.975
G1 F300 Z7.250
G1 F1500 E1506.9823
G1 F2400 X132.748 Y76.975 E1507.6558
G1 X132.748 Y78.975 E1507.7307
G1 X114.748 Y78.975 E1508.4042
G1 X114.748 Y76.975 E1508.4790
G1 F2400 E1505.4790
G1 F300 Z7.450
G0 F3900 X133.289 Y79.634
G0 X133.289 Y172.316
G0 X114.748 Y172.975
G1 F300 Z7.250
G1 F1500 E1508.4790
G1 F2400 X132.748 Y172.975 E1509.1525
G1 X132.748 Y174.975 E1509.2274
G1 X114.748 Y174.975 E1509.9009
G1 X114.748 Y172.975 E1509.9757
G1 F2400 E1506.9757
G1 F300 Z7.450
G0 F3900 X114.207 Y172.316
G0 X114.207 Y79.634
G0 X115.148 Y77.375
G1 F300 Z7.250
G1 F1500 E1509.9757
G1 F2400 X132.348 Y77.375 E1510.6193
G1 X132.348 Y78.575 E1510.6642
G1 X115.148 Y78.575 E1511.3078
G1 X115.148 Y77.375 E1511.3527
G1 F2400 E1508.3527
G1 F300 Z7.450
G0 F3900 X133.289 Y79.634
G0 X133.289 Y172.316
G0 X115.148 Y173.375
G1 F300 Z7.250
G1 F1500 E1511.3527
G1 F2400 X132.348 Y173.375 E1511.9963
G1 X132.348 Y174.575 E1512.0412
G1 X115.148 Y174.575 E1512.6848
G1 X115.148 Y173.375 E1512.7297
;PRINTING_TIME: 1423
;REMAINING_TIME: 1849
;LAYER:29
;Z:7.500
;HEIGHT:0.250
;FLOW:100.0
;PRINTING: Flow_Calibration_Cube_0.4_mm.stl
;PRINTING_ID: 0
G1 F2400 E1509.7297
G1 F300 Z7.700
G0 F3900 X115.331 Y173.560
G0 F300 Z7.500
;TYPE:FILL
;WIDTH:0.360
;FLOW:90.0
G1 F300 Z7.500
G1 F1500 E1512.7297
G1 F3600 X116.161 Y174.390 E1512.7692
G0 F3900 X121.151 Y174.390
G1 F3600 X121.984 Y173.557 E1512.8089
G0 F3900 X125.511 Y173.557
G1 F3600 X126.343 Y174.390 E1512.8485
G0 F3900 X131.333 Y174.390
G1 F3600 X132.163 Y173.560 E1512.8880
G1 F2400 E1509.8880
G1 F300 Z7.700
G0 F3900 X114.207 Y172.316
G0 X114.207 Y79.634
G0 X132.163 Y78.386
G1 F300 Z7.500
G1 F1500 E1512.8880
G1 F3600 X131.335 Y77.559 E1512.9275
G0 F3900 X126.342 Y77.559
G1 F3600 X125.510 Y78.390 E1512.9671
G0 F3900 X121.985 Y78.390
G1 F3600 X121.153 Y77.559 E1513.0067
G0 F3900 X116.159 Y77.559
G1 F3600 X115.331 Y78.387 E1513.0461
G1 F2400 E1510.0461
G1 F300 Z7.700
G0 F3900 X113.948 Y76.175
;TYPE:WALL-OUTER
;WIDTH:0.400
;FLOW:100.0
G1 F300 Z7.500
G1 F1500 E1513.0461
G1 F2100 X133.548 Y76.175 E1513.8610
G1 X133.548 Y175.775 E1518.0018
G1 X113.948 Y175.775 E1518.8167
G1 X113.948 Y76.175 E1522.9576
G1 F2400 E1519.9576
G1 F300 Z7.700
G0 F3900 X114.348 Y79.775
G1 F300 Z7.500
G1 F1500 E1522.9576
G1 F2100 X114.348 Y172.175 E1526.7992
G1 X133.148 Y172.175 E1527.5808
G1 X133.148 Y79.775 E1531.4223
G1 X114.348 Y79.775 E1532.2039
G0 F3900 X114.348 Y76.575
;TYPE:WALL-INNER
;WIDTH:0.400
;FLOW:90.0
G1 F2400 X133.148 Y76.575 E1532.9074
G1 X133.148 Y79.375 E1533.0121
G1 X114.348 Y79.375 E1533.7156
G1 X114.348 Y76.575 E1533.8204
G1 F2400 E1530.8204
G1 F300 Z7.700
G0 F3900 X133.289 Y79.634
G0 X133.289 Y172.316
G0 X114.348 Y172.575
G1 F300 Z7.500
G1 F1500 E1533.8204
G1 F2400 X133.148 Y172.575 E1534.5238
G1 X133.148 Y175.375 E1534.6286
G1 X114.348 Y175.375 E1535.3320
G1 X114.348 Y172.575 E1535.4368
G1 F2400 E1532.4368
G1 F300 Z7.700
G0 F3900 X114.207 Y172.316
G0 X114.207 Y79.634
G0 X114.748 Y76.975
G1 F300 Z7.500
G1 F1500 E1535.4368
G1 F2400 X132.748 Y76.975 E1536.1103
G1 X132.748 Y78.975 E1536.1852
G1 X114.748 Y78.975 E1536.8587
G1 X114.748 Y76.975 E1536.9335
G1 F2400 E1533.9335
G1 F300 Z7.700
G0 F3900 X133.289 Y79.634
G0 X133.289 Y172.316
G0 X114.748 Y172.975
G1 F300 Z7.500
G1 F1500 E1536.9335
G1 F2400 X132.748 Y172.975 E1537.6070
G1 X132.748 Y174.975 E1537.6819
G1 X114.748 Y174.975 E1538.3554
G1 X114.748 Y172.975 E1538.4302
G1 F2400 E1535.4302
G1 F300 Z7.700
G0 F3900 X114.207 Y172.316
G0 X114.207 Y79.634
G0 X115.148 Y77.375
G1 F300 Z7.500
G1 F1500 E1538.4302
G1 F2400 X132.348 Y77.375 E1539.0738
G1 X132.348 Y78.575 E1539.1187
G1 X115.148 Y78.575 E1539.7623
G1 X115.148 Y77.375 E1539.8072
G1 F2400 E1536.8072
G1 F300 Z7.700
G0 F3900 X133.289 Y79.634
G0 X133.289 Y172.316
G0 X115.148 Y173.375
G1 F300 Z7.500
G1 F1500 E1539.8072
G1 F2400 X132.348 Y173.375 E1540.4508
G1 X132.348 Y174.575 E1540.4957
G1 X115.148 Y174.575 E1541.1393
G1 X115.148 Y173.375 E1541.1842
;PRINTING_TIME: 1459
;REMAINING_TIME: 1813
;LAYER:30
;Z:7.750
;HEIGHT:0.250
;FLOW:100.0
;PRINTING: Flow_Calibration_Cube_0.4_mm.stl
;PRINTING_ID: 0
G1 F2400 E1538.1842
G1 F300 Z7.950
G0 F3900 X115.331 Y173.560
G0 F300 Z7.750
;TYPE:FILL
;WIDTH:0.360
;FLOW:90.0
G1 F300 Z7.750
G1 F1500 E1541.1842
G1 F3600 X116.161 Y174.390 E1541.2237
G0 F3900 X121.151 Y174.390
G1 F3600 X121.984 Y173.557 E1541.2634
G0 F3900 X125.511 Y173.557
G1 F3600 X126.343 Y174.390 E1541.3030
G0 F3900 X131.333 Y174.390
G1 F3600 X132.163 Y173.560 E1541.3425
G1 F2400 E1538.3425
G1 F300 Z7.950
G0 F3900 X114.207 Y172.316
G0 X114.207 Y79.634
G0 X132.163 Y78.386
G1 F300 Z7.750
G1 F1500 E1541.3425
G1 F3600 X131.335 Y77.559 E1541.3819
G0 F3900 X126.342 Y77.559
G1 F3600 X125.510 Y78.390 E1541.4215
G0 F3900 X121.985 Y78.390
G1 F3600 X121.153 Y77.559 E1541.4611
G0 F3900 X116.159 Y77.559
G1 F3600 X115.331 Y78.387 E1541.5006
G1 F2400 E1538.5006
G1 F300 Z7.950
G0 F3900 X113.948 Y76.175
;TYPE:WALL-OUTER
;WIDTH:0.400
;FLOW:100.0
G1 F300 Z7.750
G1 F1500 E1541.5006
G1 F2100 X133.548 Y76.175 E1542.3155
G1 X133.548 Y175.775 E1546.4563
G1 X113.948 Y175.775 E1547.2712
G1 X113.948 Y76.175 E1551.4121
G1 F2400 E1548.4121
G1 F300 Z7.950
G0 F3900 X114.348 Y79.775
G1 F300 Z7.750
G1 F1500 E1551.4121
G1 F2100 X114.348 Y172.175 E1555.2536
G1 X133.148 Y172.175 E1556.0353
G1 X133.148 Y79.775 E1559.8768
G1 X114.348 Y79.775 E1560.6584
G0 F3900 X114.348 Y76.575
;TYPE:WALL-INNER
;WIDTH:0.400
;FLOW:90.0
G1 F2400 X133.148 Y76.575 E1561.3619
G1 X133.148 Y79.375 E1561.4666
G1 X114.348 Y79.375 E1562.1701
G1 X114.348 Y76.575 E1562.2749
G1 F2400 E1559.2749
G1 F300 Z7.950
G0 F3900 X133.289 Y79.634
G0 X133.289 Y172.316
G0 X114.348 Y172.575
G1 F300 Z7.750
G1 F1500 E1562.2749
G1 F2400 X133.148 Y172.575 E1562.9783
G1 X133.148 Y175.375 E1563.0831
G1 X114.348 Y175.375 E1563.7865
G1 X114.348 Y172.575 E1563.8913
G1 F2400 E1560.8913
G1 F300 Z7.950
G0 F3900 X114.207 Y172.316
G0 X114.207 Y79.634
G0 X114.748 Y76.975
G1 F300 Z7.750
G1 F1500 E1563.8913
G1 F2400 X132.748 Y76.975 E1564.5648
G1 X132.748 Y78.975 E1564.6397
G1 X114.748 Y78.975 E1565.3132
G1 X114.748 Y76.975 E1565.3880
G1 F2400 E1562.3880
G1 F300 Z7.950
G0 F3900 X133.289 Y79.634
G0 X133.289 Y172.316
G0 X114.748 Y172.975
G1 F300 Z7.750
G1 F1500 E1565.3880
G1 F2400 X132.748 Y172.975 E1566.0615
G1 X132.748 Y174.975 E1566.1364
G1 X114.748 Y174.975 E1566.8099
G1 X114.748 Y172.975 E1566.8847
G1 F2400 E1563.8847
G1 F300 Z7.950
G0 F3900 X114.207 Y172.316
G0 X114.207 Y79.634
G0 X115.148 Y77.375
G1 F300 Z7.750
G1 F1500 E1566.8847
G1 F2400 X132.348 Y77.375 E1567.5283
G1 X132.348 Y78.575 E1567.5732
G1 X115.148 Y78.575 E1568.2168
G1 X115.148 Y77.375 E1568.2617
G1 F2400 E1565.2617
G1 F300 Z7.950
G0 F3900 X133.289 Y79.634
G0 X133.289 Y172.316
G0 X115.148 Y173.375
G1 F300 Z7.750
G1 F1500 E1568.2617
G1 F2400 X132.348 Y173.375 E1568.9053
G1 X132.348 Y174.575 E1568.9502
G1 X115.148 Y174.575 E1569.5938
G1 X115.148 Y173.375 E1569.6387
;PRINTING_TIME: 1494
;REMAINING_TIME: 1777
;LAYER:31
;Z:8.000
;HEIGHT:0.250
;FLOW:100.0
;PRINTING: Flow_Calibration_Cube_0.4_mm.stl
;PRINTING_ID: 0
G1 F2400 E1566.6387
G1 F300 Z8.200
G0 F3900 X115.331 Y173.560
G0 F300 Z8.000
;TYPE:FILL
;WIDTH:0.360
;FLOW:90.0
G1 F300 Z8.000
G1 F1500 E1569.6387
G1 F3600 X116.161 Y174.390 E1569.6782
G0 F3900 X121.151 Y174.390
G1 F3600 X121.984 Y173.557 E1569.7179
G0 F3900 X125.511 Y173.557
G1 F3600 X126.343 Y174.390 E1569.7575
G0 F3900 X131.333 Y174.390
G1 F3600 X132.163 Y173.560 E1569.7970
G1 F2400 E1566.7970
G1 F300 Z8.200
G0 F3900 X114.207 Y172.316
G0 X114.207 Y79.634
G0 X132.163 Y78.386
G1 F300 Z8.000
G1 F1500 E1569.7970
G1 F3600 X131.335 Y77.559 E1569.8364
G0 F3900 X126.342 Y77.559
G1 F3600 X125.510 Y78.390 E1569.8760
G0 F3900 X121.985 Y78.390
G1 F3600 X121.153 Y77.559 E1569.9156
G0 F3900 X116.159 Y77.559
G1 F3600 X115.331 Y78.387 E1569.9551
G1 F2400 E1566.9551
G1 F300 Z8.200
G0 F3900 X113.948 Y76.175
;TYPE:WALL-OUTER
;WIDTH:0.400
;FLOW:100.0
G1 F300 Z8.000
G1 F1500 E1569.9551
G1 F2100 X133.548 Y76.175 E1570.7700
G1 X133.548 Y175.775 E1574.9108
G1 X113.948 Y175.775 E1575.7257
G1 X113.948 Y76.175 E1579.8666
G1 F2400 E1576.8666
G1 F300 Z8.200
G0 F3900 X114.348 Y79.775
G1 F300 Z8.000
G1 F1500 E1579.8666
G1 F2100 X114.348 Y172.175 E1583.7081
G1 X133.148 Y172.175 E1584.4898
G1 X133.148 Y79.775 E1588.3313
G1 X114.348 Y79.775 E1589.1129
G0 F3900 X114.348 Y76.575
;TYPE:WALL-INNER
;WIDTH:0.400
;FLOW:90.0
G1 F2400 X133.148 Y76.575 E1589.8164
G1 X133.148 Y79.375 E1589.9211
G1 X114.348 Y79.375 E1590.6246
G1 X114.348 Y76.575 E1590.7294
G1 F2400 E1587.7294
G1 F300 Z8.200
G0 F3900 X133.289 Y79.634
G0 X133.289 Y172.316
G0 X114.348 Y172.575
G1 F300 Z8.000
G1 F1500 E1590.7294
G1 F2400 X133.148 Y172.575 E1591.4328
G1 X133.148 Y175.375 E1591.5376
G1 X114.348 Y175.375 E1592.2410
G1 X114.348 Y172.575 E1592.3458
G1 F2400 E1589.3458
G1 F300 Z8.200
G0 F3900 X114.207 Y172.316
G0 X114.207 Y79.634
G0 X114.748 Y76.975
G1 F300 Z8.000
G1 F1500 E1592.3458
G1 F2400 X132.748 Y76.975 E1593.0193
G1 X132.748 Y78.975 E1593.0942
G1 X114.748 Y78.975 E1593.7677
G1 X114.748 Y76.975 E1593.8425
G1 F2400 E1590.8425
G1 F300 Z8.200
G0 F3900 X133.289 Y79.634
G0 X133.289 Y172.316
G0 X114.748 Y172.975
G1 F300 Z8.000
G1 F1500 E1593.8425
G1 F2400 X132.748 Y172.975 E1594.5160
G1 X132.748 Y174.975 E1594.5909
G1 X114.748 Y174.975 E1595.2644
G1 X114.748 Y172.975 E1595.3392
G1 F2400 E1592.3392
G1 F300 Z8.200
G0 F3900 X114.207 Y172.316
G0 X114.207 Y79.634
G0 X115.148 Y77.375
G1 F300 Z8.000
G1 F1500 E1595.3392
G1 F2400 X132.348 Y77.375 E1595.9828
G1 X132.348 Y78.575 E1596.0277
G1 X115.148 Y78.575 E1596.6713
G1 X115.148 Y77.375 E1596.7162
G1 F2400 E1593.7162
G1 F300 Z8.200
G0 F3900 X133.289 Y79.634
G0 X133.289 Y172.316
G0 X115.148 Y173.375
G1 F300 Z8.000
G1 F1500 E1596.7162
G1 F2400 X132.348 Y173.375 E1597.3598
G1 X132.348 Y174.575 E1597.4047
G1 X115.148 Y174.575 E1598.0483
G1 X115.148 Y173.375 E1598.0932
;PRINTING_TIME: 1530
;REMAINING_TIME: 1741
;LAYER:32
;Z:8.250
;HEIGHT:0.250
;FLOW:100.0
;PRINTING: Flow_Calibration_Cube_0.4_mm.stl
;PRINTING_ID: 0
G1 F2400 E1595.0932
G1 F300 Z8.450
G0 F3900 X115.331 Y173.560
G0 F300 Z8.250
;TYPE:FILL
;WIDTH:0.360
;FLOW:90.0
G1 F300 Z8.250
G1 F1500 E1598.0932
G1 F3600 X116.161 Y174.390 E1598.1327
G0 F3900 X121.151 Y174.390
G1 F3600 X121.984 Y173.557 E1598.1724
G0 F3900 X125.511 Y173.557
G1 F3600 X126.343 Y174.390 E1598.2120
G0 F3900 X131.333 Y174.390
G1 F3600 X132.163 Y173.560 E1598.2515
G1 F2400 E1595.2515
G1 F300 Z8.450
G0 F3900 X114.207 Y172.316
G0 X114.207 Y79.634
G0 X132.163 Y78.386
G1 F300 Z8.250
G1 F1500 E1598.2515
G1 F3600 X131.335 Y77.559 E1598.2909
G0 F3900 X126.342 Y77.559
G1 F3600 X125.510 Y78.390 E1598.3305
G0 F3900 X121.985 Y78.390
G1 F3600 X121.153 Y77.559 E1598.3701
G0 F3900 X116.159 Y77.559
G1 F3600 X115.331 Y78.387 E1598.4096
G1 F2400 E1595.4096
G1 F300 Z8.450
G0 F3900 X113.948 Y76.175
;TYPE:WALL-OUTER
;WIDTH:0.400
;FLOW:100.0
G1 F300 Z8.250
G1 F1500 E1598.4096
G1 F2100 X133.548 Y76.175 E1599.2244
G1 X133.548 Y175.775 E1603.3653
G1 X113.948 Y175.775 E1604.1802
G1 X113.948 Y76.175 E1608.3211
G1 F2400 E1605.3211
G1 F300 Z8.450
G0 F3900 X114.348 Y79.775
G1 F300 Z8.250
G1 F1500 E1608.3211
G1 F2100 X114.348 Y172.175 E1612.1626
G1 X133.148 Y172.175 E1612.9443
G1 X133.148 Y79.775 E1616.7858
G1 X114.348 Y79.775 E1617.5674
G0 F3900 X114.348 Y76.575
;TYPE:WALL-INNER
;WIDTH:0.400
;FLOW:90.0
G1 F2400 X133.148 Y76.575 E1618.2709
G1 X133.148 Y79.375 E1618.3756
G1 X114.348 Y79.375 E1619.0791
G1 X114.348 Y76.575 E1619.1839
G1 F2400 E1616.1839
G1 F300 Z8.450
G0 F3900 X133.289 Y79.634
G0 X133.289 Y172.316
G0 X114.348 Y172.575
G1 F300 Z8.250
G1 F1500 E1619.1839
G1 F2400 X133.148 Y172.575 E1619.8873
G1 X133.148 Y175.375 E1619.9921
G1 X114.348 Y175.375 E1620.6955
G1 X114.348 Y172.575 E1620.8003
G1 F2400 E1617.8003
G1 F300 Z8.450
G0 F3900 X114.207 Y172.316
G0 X114.207 Y79.634
G0 X114.748 Y76.975
G1 F300 Z8.250
G1 F1500 E1620.8003
G1 F2400 X132.748 Y76.975 E1621.4738
G1 X132.748 Y78.975 E1621.5486
G1 X114.748 Y78.975 E1622.2222
G1 X114.748 Y76.975 E1622.2970
G1 F2400 E1619.2970
G1 F300 Z8.450
G0 F3900 X133.289 Y79.634
G0 X133.289 Y172.316
G0 X114.748 Y172.975
G1 F300 Z8.250
G1 F1500 E1622.2970
G1 F2400 X132.748 Y172.975 E1622.9705
G1 X132.748 Y174.975 E1623.0454
G1 X114.748 Y174.975 E1623.7189
G1 X114.748 Y172.975 E1623.7937
G1 F2400 E1620.7937
G1 F300 Z8.450
G0 F3900 X114.207 Y172.316
G0 X114.207 Y79.634
G0 X115.148 Y77.375
G1 F300 Z8.250
G1 F1500 E1623.7937
G1 F2400 X132.348 Y77.375 E1624.4373
G1 X132.348 Y78.575 E1624.4822
G1 X115.148 Y78.575 E1625.1258
G1 X115.148 Y77.375 E1625.1707
G1 F2400 E1622.1707
G1 F300 Z8.450
G0 F3900 X133.289 Y79.634
G0 X133.289 Y172.316
G0 X115.148 Y173.375
G1 F300 Z8.250
G1 F1500 E1625.1707
G1 F2400 X132.348 Y173.375 E1625.8143
G1 X132.348 Y174.575 E1625.8592
G1 X115.148 Y174.575 E1626.5027
G1 X115.148 Y173.375 E1626.5476
;PRINTING_TIME: 1566
;REMAINING_TIME: 1706
;LAYER:33
;Z:8.500
;HEIGHT:0.250
;FLOW:100.0
;PRINTING: Flow_Calibration_Cube_0.4_mm.stl
;PRINTING_ID: 0
G1 F2400 E1623.5476
G1 F300 Z8.700
G0 F3900 X115.331 Y173.560
G0 F300 Z8.500
;TYPE:FILL
;WIDTH:0.360
;FLOW:90.0
G1 F300 Z8.500
G1 F1500 E1626.5476
G1 F3600 X116.161 Y174.390 E1626.5872
G0 F3900 X121.151 Y174.390
G1 F3600 X121.984 Y173.557 E1626.6268
G0 F3900 X125.511 Y173.557
G1 F3600 X126.343 Y174.390 E1626.6665
G0 F3900 X131.333 Y174.390
G1 F3600 X132.163 Y173.560 E1626.7060
G1 F2400 E1623.7060
G1 F300 Z8.700
G0 F3900 X114.207 Y172.316
G0 X114.207 Y79.634
G0 X132.163 Y78.386
G1 F300 Z8.500
G1 F1500 E1626.7060
G1 F3600 X131.335 Y77.559 E1626.7454
G0 F3900 X126.342 Y77.559
G1 F3600 X125.510 Y78.390 E1626.7850
G0 F3900 X121.985 Y78.390
G1 F3600 X121.153 Y77.559 E1626.8246
G0 F3900 X116.159 Y77.559
G1 F3600 X115.331 Y78.387 E1626.8641
G1 F2400 E1623.8641
G1 F300 Z8.700
G0 F3900 X113.948 Y76.175
;TYPE:WALL-OUTER
;WIDTH:0.400
;FLOW:100.0
G1 F300 Z8.500
G1 F1500 E1626.8641
G1 F2100 X133.548 Y76.175 E1627.6789
G1 X133.548 Y175.775 E1631.8198
G1 X113.948 Y175.775 E1632.6347
G1 X113.948 Y76.175 E1636.7756
G1 F2400 E1633.7756
G1 F300 Z8.700
G0 F3900 X114.348 Y79.775
G1 F300 Z8.500
G1 F1500 E1636.7756
G1 F2100 X114.348 Y172.175 E1640.6171
G1 X133.148 Y172.175 E1641.3987
G1 X133.148 Y79.775 E1645.2403
G1 X114.348 Y79.775 E1646.0219
G0 F3900 X114.348 Y76.575
;TYPE:WALL-INNER
;WIDTH:0.400
;FLOW:90.0
G1 F2400 X133.148 Y76.575 E1646.7254
G1 X133.148 Y79.375 E1646.8301
G1 X114.348 Y79.375 E1647.5336
G1 X114.348 Y76.575 E1647.6383
G1 F2400 E1644.6383
G1 F300 Z8.700
G0 F3900 X133.289 Y79.634
G0 X133.289 Y172.316
G0 X114.348 Y172.575
G1 F300 Z8.500
G1 F1500 E1647.6383
G1 F2400 X133.148 Y172.575 E1648.3418
G1 X133.148 Y175.375 E1648.4466
G1 X114.348 Y175.375 E1649.1500
G1 X114.348 Y172.575 E1649.2548
G1 F2400 E1646.2548
G1 F300 Z8.700
G0 F3900 X114.207 Y172.316
G0 X114.207 Y79.634
G0 X114.748 Y76.975
G1 F300 Z8.500
G1 F1500 E1649.2548
G1 F2400 X132.748 Y76.975 E1649.9283
G1 X132.748 Y78.975 E1650.0031
G1 X114.748 Y78.975 E1650.6767
G1 X114.748 Y76.975 E1650.7515
G1 F2400 E1647.7515
G1 F300 Z8.700
G0 F3900 X133.289 Y79.634
G0 X133.289 Y172.316
G0 X114.748 Y172.975
G1 F300 Z8.500
G1 F1500 E1650.7515
G1 F2400 X132.748 Y172.975 E1651.4250
G1 X132.748 Y174.975 E1651.4998
G1 X114.748 Y174.975 E1652.1734
G1 X114.748 Y172.975 E1652.2482
G1 F2400 E1649.2482
G1 F300 Z8.700
G0 F3900 X114.207 Y172.316
G0 X114.207 Y79.634
G0 X115.148 Y77.375
G1 F300 Z8.500
G1 F1500 E1652.2482
G1 F2400 X132.348 Y77.375 E1652.8918
G1 X132.348 Y78.575 E1652.9367
G1 X115.148 Y78.575 E1653.5803
G1 X115.148 Y77.375 E1653.6252
G1 F2400 E1650.6252
G1 F300 Z8.700
G0 F3900 X133.289 Y79.634
G0 X133.289 Y172.316
G0 X115.148 Y173.375
G1 F300 Z8.500
G1 F1500 E1653.6252
G1 F2400 X132.348 Y173.375 E1654.2688
G1 X132.348 Y174.575 E1654.3137
G1 X115.148 Y174.575 E1654.9572
G1 X115.148 Y173.375 E1655.0021
;PRINTING_TIME: 1602
;REMAINING_TIME: 1670
;LAYER:34
;Z:8.750
;HEIGHT:0.250
;FLOW:100.0
;PRINTING: Flow_Calibration_Cube_0.4_mm.stl
;PRINTING_ID: 0
G1 F2400 E1652.0021
G1 F300 Z8.950
G0 F3900 X115.331 Y173.560
G0 F300 Z8.750
;TYPE:FILL
;WIDTH:0.360
;FLOW:90.0
G1 F300 Z8.750
G1 F1500 E1655.0021
G1 F3600 X116.161 Y174.390 E1655.0417
G0 F3900 X121.151 Y174.390
G1 F3600 X121.984 Y173.557 E1655.0813
G0 F3900 X125.511 Y173.557
G1 F3600 X126.343 Y174.390 E1655.1210
G0 F3900 X131.333 Y174.390
G1 F3600 X132.163 Y173.560 E1655.1605
G1 F2400 E1652.1605
G1 F300 Z8.950
G0 F3900 X114.207 Y172.316
G0 X114.207 Y79.634
G0 X132.163 Y78.386
G1 F300 Z8.750
G1 F1500 E1655.1605
G1 F3600 X131.335 Y77.559 E1655.1999
G0 F3900 X126.342 Y77.559
G1 F3600 X125.510 Y78.390 E1655.2395
G0 F3900 X121.985 Y78.390
G1 F3600 X121.153 Y77.559 E1655.2791
G0 F3900 X116.159 Y77.559
G1 F3600 X115.331 Y78.387 E1655.3186
G1 F2400 E1652.3186
G1 F300 Z8.950
G0 F3900 X113.948 Y76.175
;TYPE:WALL-OUTER
;WIDTH:0.400
;FLOW:100.0
G1 F300 Z8.750
G1 F1500 E1655.3186
G1 F2100 X133.548 Y76.175 E1656.1334
G1 X133.548 Y175.775 E1660.2743
G1 X113.948 Y175.775 E1661.0892
G1 X113.948 Y76.175 E1665.2301
G1 F2400 E1662.2301
G1 F300 Z8.950
G0 F3900 X114.348 Y79.775
G1 F300 Z8.750
G1 F1500 E1665.2301
G1 F2100 X114.348 Y172.175 E1669.0716
G1 X133.148 Y172.175 E1669.8532
G1 X133.148 Y79.775 E1673.6948
G1 X114.348 Y79.775 E1674.4764
G0 F3900 X114.348 Y76.575
;TYPE:WALL-INNER
;WIDTH:0.400
;FLOW:90.0
G1 F2400 X133.148 Y76.575 E1675.1798
G1 X133.148 Y79.375 E1675.2846
G1 X114.348 Y79.375 E1675.9881
G1 X114.348 Y76.575 E1676.0928
G1 F2400 E1673.0928
G1 F300 Z8.950
G0 F3900 X133.289 Y79.634
G0 X133.289 Y172.316
G0 X114.348 Y172.575
G1 F300 Z8.750
G1 F1500 E1676.0928
G1 F2400 X133.148 Y172.575 E1676.7963
G1 X133.148 Y175.375 E1676.9011
G1 X114.348 Y175.375 E1677.6045
G1 X114.348 Y172.575 E1677.7093
G1 F2400 E1674.7093
G1 F300 Z8.950
G0 F3900 X114.207 Y172.316
G0 X114.207 Y79.634
G0 X114.748 Y76.975
G1 F300 Z8.750
G1 F1500 E1677.7093
G1 F2400 X132.748 Y76.975 E1678.3828
G1 X132.748 Y78.975 E1678.4576
G1 X114.748 Y78.975 E1679.1312
G1 X114.748 Y76.975 E1679.2060
G1 F2400 E1676.2060
G1 F300 Z8.950
G0 F3900 X133.289 Y79.634
G0 X133.289 Y172.316
G0 X114.748 Y172.975
G1 F300 Z8.750
G1 F1500 E1679.2060
G1 F2400 X132.748 Y172.975 E1679.8795
G1 X132.748 Y174.975 E1679.9543
G1 X114.748 Y174.975 E1680.6279
G1 X114.748 Y172.975 E1680.7027
G1 F2400 E1677.7027
G1 F300 Z8.950
G0 F3900 X114.207 Y172.316
G0 X114.207 Y79.634
G0 X115.148 Y77.375
G1 F300 Z8.750
G1 F1500 E1680.7027
G1 F2400 X132.348 Y77.375 E1681.3463
G1 X132.348 Y78.575 E1681.3912
G1 X115.148 Y78.575 E1682.0348
G1 X115.148 Y77.375 E1682.0797
G1 F2400 E1679.0797
G1 F300 Z8.950
G0 F3900 X133.289 Y79.634
G0 X133.289 Y172.316
G0 X115.148 Y173.375
G1 F300 Z8.750
G1 F1500 E1682.0797
G1 F2400 X132.348 Y173.375 E1682.7232
G1 X132.348 Y174.575 E1682.7681
G1 X115.148 Y174.575 E1683.4117
G1 X115.148 Y173.375 E1683.4566
;PRINTING_TIME: 1637
;REMAINING_TIME: 1634
;LAYER:35
;Z:9.000
;HEIGHT:0.250
;FLOW:100.0
;PRINTING: Flow_Calibration_Cube_0.4_mm.stl
;PRINTING_ID: 0
G1 F2400 E1680.4566
G1 F300 Z9.200
G0 F3900 X115.331 Y173.560
G0 F300 Z9.000
;TYPE:FILL
;WIDTH:0.360
;FLOW:90.0
G1 F300 Z9.000
G1 F1500 E1683.4566
G1 F3600 X116.161 Y174.390 E1683.4962
G0 F3900 X121.151 Y174.390
G1 F3600 X121.984 Y173.557 E1683.5358
G0 F3900 X125.511 Y173.557
G1 F3600 X126.343 Y174.390 E1683.5755
G0 F3900 X131.333 Y174.390
G1 F3600 X132.163 Y173.560 E1683.6150
G1 F2400 E1680.6150
G1 F300 Z9.200
G0 F3900 X114.207 Y172.316
G0 X114.207 Y79.634
G0 X132.163 Y78.386
G1 F300 Z9.000
G1 F1500 E1683.6150
G1 F3600 X131.335 Y77.559 E1683.6544
G0 F3900 X126.342 Y77.559
G1 F3600 X125.510 Y78.390 E1683.6940
G0 F3900 X121.985 Y78.390
G1 F3600 X121.153 Y77.559 E1683.7336
G0 F3900 X116.159 Y77.559
G1 F3600 X115.331 Y78.387 E1683.7731
G1 F2400 E1680.7731
G1 F300 Z9.200
G0 F3900 X113.948 Y76.175
;TYPE:WALL-OUTER
;WIDTH:0.400
;FLOW:100.0
G1 F300 Z9.000
G1 F1500 E1683.7731
G1 F2100 X133.548 Y76.175 E1684.5879
G1 X133.548 Y175.775 E1688.7288
G1 X113.948 Y175.775 E1689.5437
G1 X113.948 Y76.175 E1693.6846
G1 F2400 E1690.6846
G1 F300 Z9.200
G0 F3900 X114.348 Y79.775
G1 F300 Z9.000
G1 F1500 E1693.6846
G1 F2100 X114.348 Y172.175 E1697.5261
G1 X133.148 Y172.175 E1698.3077
G1 X133.148 Y79.775 E1702.1493
G1 X114.348 Y79.775 E1702.9309
G0 F3900 X114.348 Y76.575
;TYPE:WALL-INNER
;WIDTH:0.400
;FLOW:90.0
G1 F2400 X133.148 Y76.575 E1703.6343
G1 X133.148 Y79.375 E1703.7391
G1 X114.348 Y79.375 E1704.4426
G1 X114.348 Y76.575 E1704.5473
G1 F2400 E1701.5473
G1 F300 Z9.200
G0 F3900 X133.289 Y79.634
G0 X133.289 Y172.316
G0 X114.348 Y172.575
G1 F300 Z9.000
G1 F1500 E1704.5473
G1 F2400 X133.148 Y172.575 E1705.2508
G1 X133.148 Y175.375 E1705.3556
G1 X114.348 Y175.375 E1706.0590
G1 X114.348 Y172.575 E1706.1638
G1 F2400 E1703.1638
G1 F300 Z9.200
G0 F3900 X114.207 Y172.316
G0 X114.207 Y79.634
G0 X114.748 Y76.975
G1 F300 Z9.000
G1 F1500 E1706.1638
G1 F2400 X132.748 Y76.975 E1706.8373
G1 X132.748 Y78.975 E1706.9121
G1 X114.748 Y78.975 E1707.5856
G1 X114.748 Y76.975 E1707.6605
G1 F2400 E1704.6605
G1 F300 Z9.200
G0 F3900 X133.289 Y79.634
G0 X133.289 Y172.316
G0 X114.748 Y172.975
G1 F300 Z9.000
G1 F1500 E1707.6605
G1 F2400 X132.748 Y172.975 E1708.3340
G1 X132.748 Y174.975 E1708.4088
G1 X114.748 Y174.975 E1709.0824
G1 X114.748 Y172.975 E1709.1572
G1 F2400 E1706.1572
G1 F300 Z9.200
G0 F3900 X114.207 Y172.316
G0 X114.207 Y79.634
G0 X115.148 Y77.375
G1 F300 Z9.000
G1 F1500 E1709.1572
G1 F2400 X132.348 Y77.375 E1709.8008
G1 X132.348 Y78.575 E1709.8457
G1 X115.148 Y78.575 E1710.4893
G1 X115.148 Y77.375 E1710.5342
G1 F2400 E1707.5342
G1 F300 Z9.200
G0 F3900 X133.289 Y79.634
G0 X133.289 Y172.316
G0 X115.148 Y173.375
G1 F300 Z9.000
G1 F1500 E1710.5342
G1 F2400 X132.348 Y173.375 E1711.1777
G1 X132.348 Y174.575 E1711.2226
G1 X115.148 Y174.575 E1711.8662
G1 X115.148 Y173.375 E1711.9111
;PRINTING_TIME: 1673
;REMAINING_TIME: 1598
;LAYER:36
;Z:9.250
;HEIGHT:0.250
;FLOW:100.0
;PRINTING: Flow_Calibration_Cube_0.4_mm.stl
;PRINTING_ID: 0
G1 F2400 E1708.9111
G1 F300 Z9.450
G0 F3900 X115.331 Y173.560
G0 F300 Z9.250
;TYPE:FILL
;WIDTH:0.360
;FLOW:90.0
G1 F300 Z9.250
G1 F1500 E1711.9111
G1 F3600 X116.161 Y174.390 E1711.9507
G0 F3900 X121.151 Y174.390
G1 F3600 X121.984 Y173.557 E1711.9903
G0 F3900 X125.511 Y173.557
G1 F3600 X126.343 Y174.390 E1712.0300
G0 F3900 X131.333 Y174.390
G1 F3600 X132.163 Y173.560 E1712.0695
G1 F2400 E1709.0695
G1 F300 Z9.450
G0 F3900 X114.207 Y172.316
G0 X114.207 Y79.634
G0 X132.163 Y78.386
G1 F300 Z9.250
G1 F1500 E1712.0695
G1 F3600 X131.335 Y77.559 E1712.1089
G0 F3900 X126.342 Y77.559
G1 F3600 X125.510 Y78.390 E1712.1485
G0 F3900 X121.985 Y78.390
G1 F3600 X121.153 Y77.559 E1712.1881
G0 F3900 X116.159 Y77.559
G1 F3600 X115.331 Y78.387 E1712.2275
G1 F2400 E1709.2275
G1 F300 Z9.450
G0 F3900 X113.948 Y76.175
;TYPE:WALL-OUTER
;WIDTH:0.400
;FLOW:100.0
G1 F300 Z9.250
G1 F1500 E1712.2275
G1 F2100 X133.548 Y76.175 E1713.0424
G1 X133.548 Y175.775 E1717.1833
G1 X113.948 Y175.775 E1717.9982
G1 X113.948 Y76.175 E1722.1391
G1 F2400 E1719.1391
G1 F300 Z9.450
G0 F3900 X114.348 Y79.775
G1 F300 Z9.250
G1 F1500 E1722.1391
G1 F2100 X114.348 Y172.175 E1725.9806
G1 X133.148 Y172.175 E1726.7622
G1 X133.148 Y79.775 E1730.6038
G1 X114.348 Y79.775 E1731.3854
G0 F3900 X114.348 Y76.575
;TYPE:WALL-INNER
;WIDTH:0.400
;FLOW:90.0
G1 F2400 X133.148 Y76.575 E1732.0888
G1 X133.148 Y79.375 E1732.1936
G1 X114.348 Y79.375 E1732.8971
G1 X114.348 Y76.575 E1733.0018
G1 F2400 E1730.0018
G1 F300 Z9.450
G0 F3900 X133.289 Y79.634
G0 X133.289 Y172.316
G0 X114.348 Y172.575
G1 F300 Z9.250
G1 F1500 E1733.0018
G1 F2400 X133.148 Y172.575 E1733.7053
G1 X133.148 Y175.375 E1733.8100
G1 X114.348 Y175.375 E1734.5135
G1 X114.348 Y172.575 E1734.6183
G1 F2400 E1731.6183
G1 F300 Z9.450
G0 F3900 X114.207 Y172.316
G0 X114.207 Y79.634
G0 X114.748 Y76.975
G1 F300 Z9.250
G1 F1500 E1734.6183
G1 F2400 X132.748 Y76.975 E1735.2918
G1 X132.748 Y78.975 E1735.3666
G1 X114.748 Y78.975 E1736.0401
G1 X114.748 Y76.975 E1736.1150
G1 F2400 E1733.1150
G1 F300 Z9.450
G0 F3900 X133.289 Y79.634
G0 X133.289 Y172.316
G0 X114.748 Y172.975
G1 F300 Z9.250
G1 F1500 E1736.1150
G1 F2400 X132.748 Y172.975 E1736.7885
G1 X132.748 Y174.975 E1736.8633
G1 X114.748 Y174.975 E1737.5368
G1 X114.748 Y172.975 E1737.6117
G1 F2400 E1734.6117
G1 F300 Z9.450
G0 F3900 X114.207 Y172.316
G0 X114.207 Y79.634
G0 X115.148 Y77.375
G1 F300 Z9.250
G1 F1500 E1737.6117
G1 F2400 X132.348 Y77.375 E1738.2553
G1 X132.348 Y78.575 E1738.3002
G1 X115.148 Y78.575 E1738.9438
G1 X115.148 Y77.375 E1738.9887
G1 F2400 E1735.9887
G1 F300 Z9.450
G0 F3900 X133.289 Y79.634
G0 X133.289 Y172.316
G0 X115.148 Y173.375
G1 F300 Z9.250
G1 F1500 E1738.9887
G1 F2400 X132.348 Y173.375 E1739.6322
G1 X132.348 Y174.575 E1739.6771
G1 X115.148 Y174.575 E1740.3207
G1 X115.148 Y173.375 E1740.3656
;PRINTING_TIME: 1709
;REMAINING_TIME: 1562
;LAYER:37
;Z:9.500
;HEIGHT:0.250
;FLOW:100.0
;PRINTING: Flow_Calibration_Cube_0.4_mm.stl
;PRINTING_ID: 0
G1 F2400 E1737.3656
G1 F300 Z9.700
G0 F3900 X115.331 Y173.560
G0 F300 Z9.500
;TYPE:FILL
;WIDTH:0.360
;FLOW:90.0
G1 F300 Z9.500
G1 F1500 E1740.3656
G1 F3600 X116.161 Y174.390 E1740.4052
G0 F3900 X121.151 Y174.390
G1 F3600 X121.984 Y173.557 E1740.4448
G0 F3900 X125.511 Y173.557
G1 F3600 X126.343 Y174.390 E1740.4845
G0 F3900 X131.333 Y174.390
G1 F3600 X132.163 Y173.560 E1740.5240
G1 F2400 E1737.5240
G1 F300 Z9.700
G0 F3900 X114.207 Y172.316
G0 X114.207 Y79.634
G0 X132.163 Y78.386
G1 F300 Z9.500
G1 F1500 E1740.5240
G1 F3600 X131.335 Y77.559 E1740.5634
G0 F3900 X126.342 Y77.559
G1 F3600 X125.510 Y78.390 E1740.6030
G0 F3900 X121.985 Y78.390
G1 F3600 X121.153 Y77.559 E1740.6426
G0 F3900 X116.159 Y77.559
G1 F3600 X115.331 Y78.387 E1740.6820
G1 F2400 E1737.6820
G1 F300 Z9.700
G0 F3900 X113.948 Y76.175
;TYPE:WALL-OUTER
;WIDTH:0.400
;FLOW:100.0
G1 F300 Z9.500
G1 F1500 E1740.6820
G1 F2100 X133.548 Y76.175 E1741.4969
G1 X133.548 Y175.775 E1745.6378
G1 X113.948 Y175.775 E1746.4527
G1 X113.948 Y76.175 E1750.5936
G1 F2400 E1747.5936
G1 F300 Z9.700
G0 F3900 X114.348 Y79.775
G1 F300 Z9.500
G1 F1500 E1750.5936
G1 F2100 X114.348 Y172.175 E1754.4351
G1 X133.148 Y172.175 E1755.2167
G1 X133.148 Y79.775 E1759.0583
G1 X114.348 Y79.775 E1759.8399
G0 F3900 X114.348 Y76.575
;TYPE:WALL-INNER
;WIDTH:0.400
;FLOW:90.0
G1 F2400 X133.148 Y76.575 E1760.5433
G1 X133.148 Y79.375 E1760.6481
G1 X114.348 Y79.375 E1761.3516
G1 X114.348 Y76.575 E1761.4563
G1 F2400 E1758.4563
G1 F300 Z9.700
G0 F3900 X133.289 Y79.634
G0 X133.289 Y172.316
G0 X114.348 Y172.575
G1 F300 Z9.500
G1 F1500 E1761.4563
G1 F2400 X133.148 Y172.575 E1762.1598
G1 X133.148 Y175.375 E1762.2645
G1 X114.348 Y175.375 E1762.9680
G1 X114.348 Y172.575 E1763.0728
G1 F2400 E1760.0728
G1 F300 Z9.700
G0 F3900 X114.207 Y172.316
G0 X114.207 Y79.634
G0 X114.748 Y76.975
G1 F300 Z9.500
G1 F1500 E1763.0728
G1 F2400 X132.748 Y76.975 E1763.7463
G1 X132.748 Y78.975 E1763.8211
G1 X114.748 Y78.975 E1764.4946
G1 X114.748 Y76.975 E1764.5695
G1 F2400 E1761.5695
G1 F300 Z9.700
G0 F3900 X133.289 Y79.634
G0 X133.289 Y172.316
G0 X114.748 Y172.975
G1 F300 Z9.500
G1 F1500 E1764.5695
G1 F2400 X132.748 Y172.975 E1765.2430
G1 X132.748 Y174.975 E1765.3178
G1 X114.748 Y174.975 E1765.9913
G1 X114.748 Y172.975 E1766.0662
G1 F2400 E1763.0662
G1 F300 Z9.700
G0 F3900 X114.207 Y172.316
G0 X114.207 Y79.634
G0 X115.148 Y77.375
G1 F300 Z9.500
G1 F1500 E1766.0662
G1 F2400 X132.348 Y77.375 E1766.7098
G1 X132.348 Y78.575 E1766.7547
G1 X115.148 Y78.575 E1767.3982
G1 X115.148 Y77.375 E1767.4431
G1 F2400 E1764.4431
G1 F300 Z9.700
G0 F3900 X133.289 Y79.634
G0 X133.289 Y172.316
G0 X115.148 Y173.375
G1 F300 Z9.500
G1 F1500 E1767.4431
G1 F2400 X132.348 Y173.375 E1768.0867
G1 X132.348 Y174.575 E1768.1316
G1 X115.148 Y174.575 E1768.7752
G1 X115.148 Y173.375 E1768.8201
;PRINTING_TIME: 1745
;REMAINING_TIME: 1527
;LAYER:38
;Z:9.750
;HEIGHT:0.250
;FLOW:100.0
;PRINTING: Flow_Calibration_Cube_0.4_mm.stl
;PRINTING_ID: 0
G1 F2400 E1765.8201
G1 F300 Z9.950
G0 F3900 X115.331 Y173.560
G0 F300 Z9.750
;TYPE:FILL
;WIDTH:0.360
;FLOW:90.0
G1 F300 Z9.750
G1 F1500 E1768.8201
G1 F3600 X116.161 Y174.390 E1768.8596
G0 F3900 X121.151 Y174.390
G1 F3600 X121.984 Y173.557 E1768.8993
G0 F3900 X125.511 Y173.557
G1 F3600 X126.343 Y174.390 E1768.9390
G0 F3900 X131.333 Y174.390
G1 F3600 X132.163 Y173.560 E1768.9785
G1 F2400 E1765.9785
G1 F300 Z9.950
G0 F3900 X114.207 Y172.316
G0 X114.207 Y79.634
G0 X132.163 Y78.386
G1 F300 Z9.750
G1 F1500 E1768.9785
G1 F3600 X131.335 Y77.559 E1769.0179
G0 F3900 X126.342 Y77.559
G1 F3600 X125.510 Y78.390 E1769.0575
G0 F3900 X121.985 Y78.390
G1 F3600 X121.153 Y77.559 E1769.0971
G0 F3900 X116.159 Y77.559
G1 F3600 X115.331 Y78.387 E1769.1365
G1 F2400 E1766.1365
G1 F300 Z9.950
G0 F3900 X113.948 Y76.175
;TYPE:WALL-OUTER
;WIDTH:0.400
;FLOW:100.0
G1 F300 Z9.750
G1 F1500 E1769.1365
G1 F2100 X133.548 Y76.175 E1769.9514
G1 X133.548 Y175.775 E1774.0923
G1 X113.948 Y175.775 E1774.9072
G1 X113.948 Y76.175 E1779.0481
G1 F2400 E1776.0481
G1 F300 Z9.950
G0 F3900 X114.348 Y79.775
G1 F300 Z9.750
G1 F1500 E1779.0481
G1 F2100 X114.348 Y172.175 E1782.8896
G1 X133.148 Y172.175 E1783.6712
G1 X133.148 Y79.775 E1787.5128
G1 X114.348 Y79.775 E1788.2944
G0 F3900 X114.348 Y76.575
;TYPE:WALL-INNER
;WIDTH:0.400
;FLOW:90.0
G1 F2400 X133.148 Y76.575 E1788.9978
G1 X133.148 Y79.375 E1789.1026
G1 X114.348 Y79.375 E1789.8060
G1 X114.348 Y76.575 E1789.9108
G1 F2400 E1786.9108
G1 F300 Z9.950
G0 F3900 X133.289 Y79.634
G0 X133.289 Y172.316
G0 X114.348 Y172.575
G1 F300 Z9.750
G1 F1500 E1789.9108
G1 F2400 X133.148 Y172.575 E1790.6143
G1 X133.148 Y175.375 E1790.7190
G1 X114.348 Y175.375 E1791.4225
G1 X114.348 Y172.575 E1791.5273
G1 F2400 E1788.5273
G1 F300 Z9.950
G0 F3900 X114.207 Y172.316
G0 X114.207 Y79.634
G0 X114.748 Y76.975
G1 F300 Z9.750
G1 F1500 E1791.5273
G1 F2400 X132.748 Y76.975 E1792.2008
G1 X132.748 Y78.975 E1792.2756
G1 X114.748 Y78.975 E1792.9491
G1 X114.748 Y76.975 E1793.0240
G1 F2400 E1790.0240
G1 F300 Z9.950
G0 F3900 X133.289 Y79.634
G0 X133.289 Y172.316
G0 X114.748 Y172.975
G1 F300 Z9.750
G1 F1500 E1793.0240
G1 F2400 X132.748 Y172.975 E1793.6975
G1 X132.748 Y174.975 E1793.7723
G1 X114.748 Y174.975 E1794.4458
G1 X114.748 Y172.975 E1794.5207
G1 F2400 E1791.5207
G1 F300 Z9.950
G0 F3900 X114.207 Y172.316
G0 X114.207 Y79.634
G0 X115.148 Y77.375
G1 F300 Z9.750
G1 F1500 E1794.5207
G1 F2400 X132.348 Y77.375 E1795.1643
G1 X132.348 Y78.575 E1795.2092
G1 X115.148 Y78.575 E1795.8527
G1 X115.148 Y77.375 E1795.8976
G1 F2400 E1792.8976
G1 F300 Z9.950
G0 F3900 X133.289 Y79.634
G0 X133.289 Y172.316
G0 X115.148 Y173.375
G1 F300 Z9.750
G1 F1500 E1795.8976
G1 F2400 X132.348 Y173.375 E1796.5412
G1 X132.348 Y174.575 E1796.5861
G1 X115.148 Y174.575 E1797.2297
G1 X115.148 Y173.375 E1797.2746
;PRINTING_TIME: 1781
;REMAINING_TIME: 1491
;LAYER:39
;Z:10.000
;HEIGHT:0.250
;FLOW:100.0
;PRINTING: Flow_Calibration_Cube_0.4_mm.stl
;PRINTING_ID: 0
G1 F2400 E1794.2746
G1 F300 Z10.200
G0 F3900 X115.331 Y173.560
G0 F300 Z10.000
;TYPE:FILL
;WIDTH:0.360
;FLOW:90.0
G1 F300 Z10.000
G1 F1500 E1797.2746
G1 F3600 X116.161 Y174.390 E1797.3141
G0 F3900 X121.151 Y174.390
G1 F3600 X121.984 Y173.557 E1797.3538
G0 F3900 X125.511 Y173.557
G1 F3600 X126.343 Y174.390 E1797.3935
G0 F3900 X131.333 Y174.390
G1 F3600 X132.163 Y173.560 E1797.4330
G1 F2400 E1794.4330
G1 F300 Z10.200
G0 F3900 X114.207 Y172.316
G0 X114.207 Y79.634
G0 X132.163 Y78.386
G1 F300 Z10.000
G1 F1500 E1797.4330
G1 F3600 X131.335 Y77.559 E1797.4724
G0 F3900 X126.342 Y77.559
G1 F3600 X125.510 Y78.390 E1797.5120
G0 F3900 X121.985 Y78.390
G1 F3600 X121.153 Y77.559 E1797.5516
G0 F3900 X116.159 Y77.559
G1 F3600 X115.331 Y78.387 E1797.5910
G1 F2400 E1794.5910
G1 F300 Z10.200
G0 F3900 X113.948 Y76.175
;TYPE:WALL-OUTER
;WIDTH:0.400
;FLOW:100.0
G1 F300 Z10.000
G1 F1500 E1797.5910
G1 F2100 X133.548 Y76.175 E1798.4059
G1 X133.548 Y175.775 E1802.5468
G1 X113.948 Y175.775 E1803.3617
G1 X113.948 Y76.175 E1807.5026
G1 F2400 E1804.5026
G1 F300 Z10.200
G0 F3900 X114.348 Y79.775
G1 F300 Z10.000
G1 F1500 E1807.5026
G1 F2100 X114.348 Y172.175 E1811.3441
G1 X133.148 Y172.175 E1812.1257
G1 X133.148 Y79.775 E1815.9673
G1 X114.348 Y79.775 E1816.7489
G0 F3900 X114.348 Y76.575
;TYPE:WALL-INNER
;WIDTH:0.400
;FLOW:90.0
G1 F2400 X133.148 Y76.575 E1817.4523
G1 X133.148 Y79.375 E1817.5571
G1 X114.348 Y79.375 E1818.2605
G1 X114.348 Y76.575 E1818.3653
G1 F2400 E1815.3653
G1 F300 Z10.200
G0 F3900 X133.289 Y79.634
G0 X133.289 Y172.316
G0 X114.348 Y172.575
G1 F300 Z10.000
G1 F1500 E1818.3653
G1 F2400 X133.148 Y172.575 E1819.0688
G1 X133.148 Y175.375 E1819.1735
G1 X114.348 Y175.375 E1819.8770
G1 X114.348 Y172.575 E1819.9818
G1 F2400 E1816.9818
G1 F300 Z10.200
G0 F3900 X114.207 Y172.316
G0 X114.207 Y79.634
G0 X114.748 Y76.975
G1 F300 Z10.000
G1 F1500 E1819.9818
G1 F2400 X132.748 Y76.975 E1820.6553
G1 X132.748 Y78.975 E1820.7301
G1 X114.748 Y78.975 E1821.4036
G1 X114.748 Y76.975 E1821.4785
G1 F2400 E1818.4785
G1 F300 Z10.200
G0 F3900 X133.289 Y79.634
G0 X133.289 Y172.316
G0 X114.748 Y172.975
G1 F300 Z10.000
G1 F1500 E1821.4785
G1 F2400 X132.748 Y172.975 E1822.1520
G1 X132.748 Y174.975 E1822.2268
G1 X114.748 Y174.975 E1822.9003
G1 X114.748 Y172.975 E1822.9752
G1 F2400 E1819.9752
G1 F300 Z10.200
G0 F3900 X114.207 Y172.316
G0 X114.207 Y79.634
G0 X115.148 Y77.375
G1 F300 Z10.000
G1 F1500 E1822.9752
G1 F2400 X132.348 Y77.375 E1823.6187
G1 X132.348 Y78.575 E1823.6636
G1 X115.148 Y78.575 E1824.3072
G1 X115.148 Y77.375 E1824.3521
G1 F2400 E1821.3521
G1 F300 Z10.200
G0 F3900 X133.289 Y79.634
G0 X133.289 Y172.316
G0 X115.148 Y173.375
G1 F300 Z10.000
G1 F1500 E1824.3521
G1 F2400 X132.348 Y173.375 E1824.9957
G1 X132.348 Y174.575 E1825.0406
G1 X115.148 Y174.575 E1825.6842
G1 X115.148 Y173.375 E1825.7291
;PRINTING_TIME: 1816
;REMAINING_TIME: 1455
;LAYER:40
;Z:10.250
;HEIGHT:0.250
;FLOW:100.0
;PRINTING: Flow_Calibration_Cube_0.4_mm.stl
;PRINTING_ID: 0
G1 F2400 E1822.7291
G1 F300 Z10.450
G0 F3900 X115.331 Y173.560
G0 F300 Z10.250
;TYPE:FILL
;WIDTH:0.360
;FLOW:90.0
G1 F300 Z10.250
G1 F1500 E1825.7291
G1 F3600 X116.161 Y174.390 E1825.7686
G0 F3900 X121.151 Y174.390
G1 F3600 X121.984 Y173.557 E1825.8083
G0 F3900 X125.511 Y173.557
G1 F3600 X126.343 Y174.390 E1825.8480
G0 F3900 X131.333 Y174.390
G1 F3600 X132.163 Y173.560 E1825.8875
G1 F2400 E1822.8875
G1 F300 Z10.450
G0 F3900 X114.207 Y172.316
G0 X114.207 Y79.634
G0 X132.163 Y78.386
G1 F300 Z10.250
G1 F1500 E1825.8875
G1 F3600 X131.335 Y77.559 E1825.9269
G0 F3900 X126.342 Y77.559
G1 F3600 X125.510 Y78.390 E1825.9665
G0 F3900 X121.985 Y78.390
G1 F3600 X121.153 Y77.559 E1826.0061
G0 F3900 X116.159 Y77.559
G1 F3600 X115.331 Y78.387 E1826.0455
G1 F2400 E1823.0455
G1 F300 Z10.450
G0 F3900 X113.948 Y76.175
;TYPE:WALL-OUTER
;WIDTH:0.400
;FLOW:100.0
G1 F300 Z10.250
G1 F1500 E1826.0455
G1 F2100 X133.548 Y76.175 E1826.8604
G1 X133.548 Y175.775 E1831.0013
G1 X113.948 Y175.775 E1831.8162
G1 X113.948 Y76.175 E1835.9570
G1 F2400 E1832.9570
G1 F300 Z10.450
G0 F3900 X114.348 Y79.775
G1 F300 Z10.250
G1 F1500 E1835.9570
G1 F2100 X114.348 Y172.175 E1839.7986
G1 X133.148 Y172.175 E1840.5802
G1 X133.148 Y79.775 E1844.4217
G1 X114.348 Y79.775 E1845.2034
G0 F3900 X114.348 Y76.575
;TYPE:WALL-INNER
;WIDTH:0.400
;FLOW:90.0
G1 F2400 X133.148 Y76.575 E1845.9068
G1 X133.148 Y79.375 E1846.0116
G1 X114.348 Y79.375 E1846.7150
G1 X114.348 Y76.575 E1846.8198
G1 F2400 E1843.8198
G1 F300 Z10.450
G0 F3900 X133.289 Y79.634
G0 X133.289 Y172.316
G0 X114.348 Y172.575
G1 F300 Z10.250
G1 F1500 E1846.8198
G1 F2400 X133.148 Y172.575 E1847.5233
G1 X133.148 Y175.375 E1847.6280
G1 X114.348 Y175.375 E1848.3315
G1 X114.348 Y172.575 E1848.4362
G1 F2400 E1845.4362
G1 F300 Z10.450
G0 F3900 X114.207 Y172.316
G0 X114.207 Y79.634
G0 X114.748 Y76.975
G1 F300 Z10.250
G1 F1500 E1848.4362
G1 F2400 X132.748 Y76.975 E1849.1098
G1 X132.748 Y78.975 E1849.1846
G1 X114.748 Y78.975 E1849.8581
G1 X114.748 Y76.975 E1849.9330
G1 F2400 E1846.9330
G1 F300 Z10.450
G0 F3900 X133.289 Y79.634
G0 X133.289 Y172.316
G0 X114.748 Y172.975
G1 F300 Z10.250
G1 F1500 E1849.9330
G1 F2400 X132.748 Y172.975 E1850.6065
G1 X132.748 Y174.975 E1850.6813
G1 X114.748 Y174.975 E1851.3548
G1 X114.748 Y172.975 E1851.4297
G1 F2400 E1848.4297
G1 F300 Z10.450
G0 F3900 X114.207 Y172.316
G0 X114.207 Y79.634
G0 X115.148 Y77.375
G1 F300 Z10.250
G1 F1500 E1851.4297
G1 F2400 X132.348 Y77.375 E1852.0732
G1 X132.348 Y78.575 E1852.1181
G1 X115.148 Y78.575 E1852.7617
G1 X115.148 Y77.375 E1852.8066
G1 F2400 E1849.8066
G1 F300 Z10.450
G0 F3900 X133.289 Y79.634
G0 X133.289 Y172.316
G0 X115.148 Y173.375
G1 F300 Z10.250
G1 F1500 E1852.8066
G1 F2400 X132.348 Y173.375 E1853.4502
G1 X132.348 Y174.575 E1853.4951
G1 X115.148 Y174.575 E1854.1387
G1 X115.148 Y173.375 E1854.1836
;PRINTING_TIME: 1852
;REMAINING_TIME: 1419
;LAYER:41
;Z:10.500
;HEIGHT:0.250
;FLOW:100.0
;PRINTING: Flow_Calibration_Cube_0.4_mm.stl
;PRINTING_ID: 0
G1 F2400 E1851.1836
G1 F300 Z10.700
G0 F3900 X115.331 Y173.560
G0 F300 Z10.500
;TYPE:FILL
;WIDTH:0.360
;FLOW:90.0
G1 F300 Z10.500
G1 F1500 E1854.1836
G1 F3600 X116.161 Y174.390 E1854.2231
G0 F3900 X121.151 Y174.390
G1 F3600 X121.984 Y173.557 E1854.2628
G0 F3900 X125.511 Y173.557
G1 F3600 X126.343 Y174.390 E1854.3024
G0 F3900 X131.333 Y174.390
G1 F3600 X132.163 Y173.560 E1854.3420
G1 F2400 E1851.3420
G1 F300 Z10.700
G0 F3900 X114.207 Y172.316
G0 X114.207 Y79.634
G0 X132.163 Y78.386
G1 F300 Z10.500
G1 F1500 E1854.3420
G1 F3600 X131.335 Y77.559 E1854.3814
G0 F3900 X126.342 Y77.559
G1 F3600 X125.510 Y78.390 E1854.4210
G0 F3900 X121.985 Y78.390
G1 F3600 X121.153 Y77.559 E1854.4606
G0 F3900 X116.159 Y77.559
G1 F3600 X115.331 Y78.387 E1854.5000
G1 F2400 E1851.5000
G1 F300 Z10.700
G0 F3900 X113.948 Y76.175
;TYPE:WALL-OUTER
;WIDTH:0.400
;FLOW:100.0
G1 F300 Z10.500
G1 F1500 E1854.5000
G1 F2100 X133.548 Y76.175 E1855.3149
G1 X133.548 Y175.775 E1859.4558
G1 X113.948 Y175.775 E1860.2707
G1 X113.948 Y76.175 E1864.4115
G1 F2400 E1861.4115
G1 F300 Z10.700
G0 F3900 X114.348 Y79.775
G1 F300 Z10.500
G1 F1500 E1864.4115
G1 F2100 X114.348 Y172.175 E1868.2531
G1 X133.148 Y172.175 E1869.0347
G1 X133.148 Y79.775 E1872.8762
G1 X114.348 Y79.775 E1873.6579
G0 F3900 X114.348 Y76.575
;TYPE:WALL-INNER
;WIDTH:0.400
;FLOW:90.0
G1 F2400 X133.148 Y76.575 E1874.3613
G1 X133.148 Y79.375 E1874.4661
G1 X114.348 Y79.375 E1875.1695
G1 X114.348 Y76.575 E1875.2743
G1 F2400 E1872.2743
G1 F300 Z10.700
G0 F3900 X133.289 Y79.634
G0 X133.289 Y172.316
G0 X114.348 Y172.575
G1 F300 Z10.500
G1 F1500 E1875.2743
G1 F2400 X133.148 Y172.575 E1875.9778
G1 X133.148 Y175.375 E1876.0825
G1 X114.348 Y175.375 E1876.7860
G1 X114.348 Y172.575 E1876.8907
G1 F2400 E1873.8907
G1 F300 Z10.700
G0 F3900 X114.207 Y172.316
G0 X114.207 Y79.634
G0 X114.748 Y76.975
G1 F300 Z10.500
G1 F1500 E1876.8907
G1 F2400 X132.748 Y76.975 E1877.5643
G1 X132.748 Y78.975 E1877.6391
G1 X114.748 Y78.975 E1878.3126
G1 X114.748 Y76.975 E1878.3874
G1 F2400 E1875.3874
G1 F300 Z10.700
G0 F3900 X133.289 Y79.634
G0 X133.289 Y172.316
G0 X114.748 Y172.975
G1 F300 Z10.500
G1 F1500 E1878.3874
G1 F2400 X132.748 Y172.975 E1879.0610
G1 X132.748 Y174.975 E1879.1358
G1 X114.748 Y174.975 E1879.8093
G1 X114.748 Y172.975 E1879.8842
G1 F2400 E1876.8842
G1 F300 Z10.700
G0 F3900 X114.207 Y172.316
G0 X114.207 Y79.634
G0 X115.148 Y77.375
G1 F300 Z10.500
G1 F1500 E1879.8842
G1 F2400 X132.348 Y77.375 E1880.5277
G1 X132.348 Y78.575 E1880.5726
G1 X115.148 Y78.575 E1881.2162
G1 X115.148 Y77.375 E1881.2611
G1 F2400 E1878.2611
G1 F300 Z10.700
G0 F3900 X133.289 Y79.634
G0 X133.289 Y172.316
G0 X115.148 Y173.375
G1 F300 Z10.500
G1 F1500 E1881.2611
G1 F2400 X132.348 Y173.375 E1881.9047
G1 X132.348 Y174.575 E1881.9496
G1 X115.148 Y174.575 E1882.5932
G1 X115.148 Y173.375 E1882.6381
;PRINTING_TIME: 1888
;REMAINING_TIME: 1384
;LAYER:42
;Z:10.750
;HEIGHT:0.250
;FLOW:100.0
;PRINTING: Flow_Calibration_Cube_0.4_mm.stl
;PRINTING_ID: 0
G1 F2400 E1879.6381
G1 F300 Z10.950
G0 F3900 X115.331 Y173.560
G0 F300 Z10.750
;TYPE:FILL
;WIDTH:0.360
;FLOW:90.0
G1 F300 Z10.750
G1 F1500 E1882.6381
G1 F3600 X116.161 Y174.390 E1882.6776
G0 F3900 X121.151 Y174.390
G1 F3600 X121.984 Y173.557 E1882.7173
G0 F3900 X125.511 Y173.557
G1 F3600 X126.343 Y174.390 E1882.7569
G0 F3900 X131.333 Y174.390
G1 F3600 X132.163 Y173.560 E1882.7965
G1 F2400 E1879.7965
G1 F300 Z10.950
G0 F3900 X114.207 Y172.316
G0 X114.207 Y79.634
G0 X132.163 Y78.386
G1 F300 Z10.750
G1 F1500 E1882.7965
G1 F3600 X131.335 Y77.559 E1882.8359
G0 F3900 X126.342 Y77.559
G1 F3600 X125.510 Y78.390 E1882.8755
G0 F3900 X121.985 Y78.390
G1 F3600 X121.153 Y77.559 E1882.9151
G0 F3900 X116.159 Y77.559
G1 F3600 X115.331 Y78.387 E1882.9545
G1 F2400 E1879.9545
G1 F300 Z10.950
G0 F3900 X113.948 Y76.175
;TYPE:WALL-OUTER
;WIDTH:0.400
;FLOW:100.0
G1 F300 Z10.750
G1 F1500 E1882.9545
G1 F2100 X133.548 Y76.175 E1883.7694
G1 X133.548 Y175.775 E1887.9103
G1 X113.948 Y175.775 E1888.7251
G1 X113.948 Y76.175 E1892.8660
G1 F2400 E1889.8660
G1 F300 Z10.950
G0 F3900 X114.348 Y79.775
G1 F300 Z10.750
G1 F1500 E1892.8660
G1 F2100 X114.348 Y172.175 E1896.7076
G1 X133.148 Y172.175 E1897.4892
G1 X133.148 Y79.775 E1901.3307
G1 X114.348 Y79.775 E1902.1124
G0 F3900 X114.348 Y76.575
;TYPE:WALL-INNER
;WIDTH:0.400
;FLOW:90.0
G1 F2400 X133.148 Y76.575 E1902.8158
G1 X133.148 Y79.375 E1902.9206
G1 X114.348 Y79.375 E1903.6240
G1 X114.348 Y76.575 E1903.7288
G1 F2400 E1900.7288
G1 F300 Z10.950
G0 F3900 X133.289 Y79.634
G0 X133.289 Y172.316
G0 X114.348 Y172.575
G1 F300 Z10.750
G1 F1500 E1903.7288
G1 F2400 X133.148 Y172.575 E1904.4322
G1 X133.148 Y175.375 E1904.5370
G1 X114.348 Y175.375 E1905.2405
G1 X114.348 Y172.575 E1905.3452
G1 F2400 E1902.3452
G1 F300 Z10.950
G0 F3900 X114.207 Y172.316
G0 X114.207 Y79.634
G0 X114.748 Y76.975
G1 F300 Z10.750
G1 F1500 E1905.3452
G1 F2400 X132.748 Y76.975 E1906.0188
G1 X132.748 Y78.975 E1906.0936
G1 X114.748 Y78.975 E1906.7671
G1 X114.748 Y76.975 E1906.8419
G1 F2400 E1903.8419
G1 F300 Z10.950
G0 F3900 X133.289 Y79.634
G0 X133.289 Y172.316
G0 X114.748 Y172.975
G1 F300 Z10.750
G1 F1500 E1906.8419
G1 F2400 X132.748 Y172.975 E1907.5155
G1 X132.748 Y174.975 E1907.5903
G1 X114.748 Y174.975 E1908.2638
G1 X114.748 Y172.975 E1908.3386
G1 F2400 E1905.3386
G1 F300 Z10.950
G0 F3900 X114.207 Y172.316
G0 X114.207 Y79.634
G0 X115.148 Y77.375
G1 F300 Z10.750
G1 F1500 E1908.3386
G1 F2400 X132.348 Y77.375 E1908.9822
G1 X132.348 Y78.575 E1909.0271
G1 X115.148 Y78.575 E1909.6707
G1 X115.148 Y77.375 E1909.7156
G1 F2400 E1906.7156
G1 F300 Z10.950
G0 F3900 X133.289 Y79.634
G0 X133.289 Y172.316
G0 X115.148 Y173.375
G1 F300 Z10.750
G1 F1500 E1909.7156
G1 F2400 X132.348 Y173.375 E1910.3592
G1 X132.348 Y174.575 E1910.4041
G1 X115.148 Y174.575 E1911.0477
G1 X115.148 Y173.375 E1911.0926
;PRINTING_TIME: 1924
;REMAINING_TIME: 1348
;LAYER:43
;Z:11.000
;HEIGHT:0.250
;FLOW:100.0
;PRINTING: Flow_Calibration_Cube_0.4_mm.stl
;PRINTING_ID: 0
G1 F2400 E1908.0926
G1 F300 Z11.200
G0 F3900 X115.331 Y173.560
G0 F300 Z11.000
;TYPE:FILL
;WIDTH:0.360
;FLOW:90.0
G1 F300 Z11.000
G1 F1500 E1911.0926
G1 F3600 X116.161 Y174.390 E1911.1321
G0 F3900 X121.151 Y174.390
G1 F3600 X121.984 Y173.557 E1911.1718
G0 F3900 X125.511 Y173.557
G1 F3600 X126.343 Y174.390 E1911.2114
G0 F3900 X131.333 Y174.390
G1 F3600 X132.163 Y173.560 E1911.2510
G1 F2400 E1908.2510
G1 F300 Z11.200
G0 F3900 X114.207 Y172.316
G0 X114.207 Y79.634
G0 X132.163 Y78.386
G1 F300 Z11.000
G1 F1500 E1911.2510
G1 F3600 X131.335 Y77.559 E1911.2904
G0 F3900 X126.342 Y77.559
G1 F3600 X125.510 Y78.390 E1911.3300
G0 F3900 X121.985 Y78.390
G1 F3600 X121.153 Y77.559 E1911.3696
G0 F3900 X116.159 Y77.559
G1 F3600 X115.331 Y78.387 E1911.4090
G1 F2400 E1908.4090
G1 F300 Z11.200
G0 F3900 X113.948 Y76.175
;TYPE:WALL-OUTER
;WIDTH:0.400
;FLOW:100.0
G1 F300 Z11.000
G1 F1500 E1911.4090
G1 F2100 X133.548 Y76.175 E1912.2239
G1 X133.548 Y175.775 E1916.3648
G1 X113.948 Y175.775 E1917.1796
G1 X113.948 Y76.175 E1921.3205
G1 F2400 E1918.3205
G1 F300 Z11.200
G0 F3900 X114.348 Y79.775
G1 F300 Z11.000
G1 F1500 E1921.3205
G1 F2100 X114.348 Y172.175 E1925.1621
G1 X133.148 Y172.175 E1925.9437
G1 X133.148 Y79.775 E1929.7852
G1 X114.348 Y79.775 E1930.5668
G0 F3900 X114.348 Y76.575
;TYPE:WALL-INNER
;WIDTH:0.400
;FLOW:90.0
G1 F2400 X133.148 Y76.575 E1931.2703
G1 X133.148 Y79.375 E1931.3751
G1 X114.348 Y79.375 E1932.0785
G1 X114.348 Y76.575 E1932.1833
G1 F2400 E1929.1833
G1 F300 Z11.200
G0 F3900 X133.289 Y79.634
G0 X133.289 Y172.316
G0 X114.348 Y172.575
G1 F300 Z11.000
G1 F1500 E1932.1833
G1 F2400 X133.148 Y172.575 E1932.8867
G1 X133.148 Y175.375 E1932.9915
G1 X114.348 Y175.375 E1933.6950
G1 X114.348 Y172.575 E1933.7997
G1 F2400 E1930.7997
G1 F300 Z11.200
G0 F3900 X114.207 Y172.316
G0 X114.207 Y79.634
G0 X114.748 Y76.975
G1 F300 Z11.000
G1 F1500 E1933.7997
G1 F2400 X132.748 Y76.975 E1934.4732
G1 X132.748 Y78.975 E1934.5481
G1 X114.748 Y78.975 E1935.2216
G1 X114.748 Y76.975 E1935.2964
G1 F2400 E1932.2964
G1 F300 Z11.200
G0 F3900 X133.289 Y79.634
G0 X133.289 Y172.316
G0 X114.748 Y172.975
G1 F300 Z11.000
G1 F1500 E1935.2964
G1 F2400 X132.748 Y172.975 E1935.9700
G1 X132.748 Y174.975 E1936.0448
G1 X114.748 Y174.975 E1936.7183
G1 X114.748 Y172.975 E1936.7931
G1 F2400 E1933.7931
G1 F300 Z11.200
G0 F3900 X114.207 Y172.316
G0 X114.207 Y79.634
G0 X115.148 Y77.375
G1 F300 Z11.000
G1 F1500 E1936.7931
G1 F2400 X132.348 Y77.375 E1937.4367
G1 X132.348 Y78.575 E1937.4816
G1 X115.148 Y78.575 E1938.1252
G1 X115.148 Y77.375 E1938.1701
G1 F2400 E1935.1701
G1 F300 Z11.200
G0 F3900 X133.289 Y79.634
G0 X133.289 Y172.316
G0 X115.148 Y173.375
G1 F300 Z11.000
G1 F1500 E1938.1701
G1 F2400 X132.348 Y173.375 E1938.8137
G1 X132.348 Y174.575 E1938.8586
G1 X115.148 Y174.575 E1939.5022
G1 X115.148 Y173.375 E1939.5471
;PRINTING_TIME: 1959
;REMAINING_TIME: 1312
;LAYER:44
;Z:11.250
;HEIGHT:0.250
;FLOW:100.0
;PRINTING: Flow_Calibration_Cube_0.4_mm.stl
;PRINTING_ID: 0
G1 F2400 E1936.5471
G1 F300 Z11.450
G0 F3900 X115.331 Y173.560
G0 F300 Z11.250
;TYPE:FILL
;WIDTH:0.360
;FLOW:90.0
G1 F300 Z11.250
G1 F1500 E1939.5471
G1 F3600 X116.161 Y174.390 E1939.5866
G0 F3900 X121.151 Y174.390
G1 F3600 X121.984 Y173.557 E1939.6263
G0 F3900 X125.511 Y173.557
G1 F3600 X126.343 Y174.390 E1939.6659
G0 F3900 X131.333 Y174.390
G1 F3600 X132.163 Y173.560 E1939.7055
G1 F2400 E1936.7055
G1 F300 Z11.450
G0 F3900 X114.207 Y172.316
G0 X114.207 Y79.634
G0 X132.163 Y78.386
G1 F300 Z11.250
G1 F1500 E1939.7055
G1 F3600 X131.335 Y77.559 E1939.7449
G0 F3900 X126.342 Y77.559
G1 F3600 X125.510 Y78.390 E1939.7845
G0 F3900 X121.985 Y78.390
G1 F3600 X121.153 Y77.559 E1939.8241
G0 F3900 X116.159 Y77.559
G1 F3600 X115.331 Y78.387 E1939.8635
G1 F2400 E1936.8635
G1 F300 Z11.450
G0 F3900 X113.948 Y76.175
;TYPE:WALL-OUTER
;WIDTH:0.400
;FLOW:100.0
G1 F300 Z11.250
G1 F1500 E1939.8635
G1 F2100 X133.548 Y76.175 E1940.6784
G1 X133.548 Y175.775 E1944.8193
G1 X113.948 Y175.775 E1945.6341
G1 X113.948 Y76.175 E1949.7750
G1 F2400 E1946.7750
G1 F300 Z11.450
G0 F3900 X114.348 Y79.775
G1 F300 Z11.250
G1 F1500 E1949.7750
G1 F2100 X114.348 Y172.175 E1953.6166
G1 X133.148 Y172.175 E1954.3982
G1 X133.148 Y79.775 E1958.2397
G1 X114.348 Y79.775 E1959.0213
G0 F3900 X114.348 Y76.575
;TYPE:WALL-INNER
;WIDTH:0.400
;FLOW:90.0
G1 F2400 X133.148 Y76.575 E1959.7248
G1 X133.148 Y79.375 E1959.8296
G1 X114.348 Y79.375 E1960.5330
G1 X114.348 Y76.575 E1960.6378
G1 F2400 E1957.6378
G1 F300 Z11.450
G0 F3900 X133.289 Y79.634
G0 X133.289 Y172.316
G0 X114.348 Y172.575
G1 F300 Z11.250
G1 F1500 E1960.6378
G1 F2400 X133.148 Y172.575 E1961.3412
G1 X133.148 Y175.375 E1961.4460
G1 X114.348 Y175.375 E1962.1495
G1 X114.348 Y172.575 E1962.2542
G1 F2400 E1959.2542
G1 F300 Z11.450
G0 F3900 X114.207 Y172.316
G0 X114.207 Y79.634
G0 X114.748 Y76.975
G1 F300 Z11.250
G1 F1500 E1962.2542
G1 F2400 X132.748 Y76.975 E1962.9277
G1 X132.748 Y78.975 E1963.0026
G1 X114.748 Y78.975 E1963.6761
G1 X114.748 Y76.975 E1963.7509
G1 F2400 E1960.7509
G1 F300 Z11.450
G0 F3900 X133.289 Y79.634
G0 X133.289 Y172.316
G0 X114.748 Y172.975
G1 F300 Z11.250
G1 F1500 E1963.7509
G1 F2400 X132.748 Y172.975 E1964.4244
G1 X132.748 Y174.975 E1964.4993
G1 X114.748 Y174.975 E1965.1728
G1 X114.748 Y172.975 E1965.2476
G1 F2400 E1962.2476
G1 F300 Z11.450
G0 F3900 X114.207 Y172.316
G0 X114.207 Y79.634
G0 X115.148 Y77.375
G1 F300 Z11.250
G1 F1500 E1965.2476
G1 F2400 X132.348 Y77.375 E1965.8912
G1 X132.348 Y78.575 E1965.9361
G1 X115.148 Y78.575 E1966.5797
G1 X115.148 Y77.375 E1966.6246
G1 F2400 E1963.6246
G1 F300 Z11.450
G0 F3900 X133.289 Y79.634
G0 X133.289 Y172.316
G0 X115.148 Y173.375
G1 F300 Z11.250
G1 F1500 E1966.6246
G1 F2400 X132.348 Y173.375 E1967.2682
G1 X132.348 Y174.575 E1967.3131
G1 X115.148 Y174.575 E1967.9567
G1 X115.148 Y173.375 E1968.0016
;PRINTING_TIME: 1995
;REMAINING_TIME: 1276
;LAYER:45
;Z:11.500
;HEIGHT:0.250
;FLOW:100.0
;PRINTING: Flow_Calibration_Cube_0.4_mm.stl
;PRINTING_ID: 0
G1 F2400 E1965.0016
G1 F300 Z11.700
G0 F3900 X115.331 Y173.560
G0 F300 Z11.500
;TYPE:FILL
;WIDTH:0.360
;FLOW:90.0
G1 F300 Z11.500
G1 F1500 E1968.0016
G1 F3600 X116.161 Y174.390 E1968.0411
G0 F3900 X121.151 Y174.390
G1 F3600 X121.984 Y173.557 E1968.0808
G0 F3900 X125.511 Y173.557
G1 F3600 X126.343 Y174.390 E1968.1204
G0 F3900 X131.333 Y174.390
G1 F3600 X132.163 Y173.560 E1968.1600
G1 F2400 E1965.1600
G1 F300 Z11.700
G0 F3900 X114.207 Y172.316
G0 X114.207 Y79.634
G0 X132.163 Y78.386
G1 F300 Z11.500
G1 F1500 E1968.1600
G1 F3600 X131.335 Y77.559 E1968.1994
G0 F3900 X126.342 Y77.559
G1 F3600 X125.510 Y78.390 E1968.2390
G0 F3900 X121.985 Y78.390
G1 F3600 X121.153 Y77.559 E1968.2786
G0 F3900 X116.159 Y77.559
G1 F3600 X115.331 Y78.387 E1968.3180
G1 F2400 E1965.3180
G1 F300 Z11.700
G0 F3900 X113.948 Y76.175
;TYPE:WALL-OUTER
;WIDTH:0.400
;FLOW:100.0
G1 F300 Z11.500
G1 F1500 E1968.3180
G1 F2100 X133.548 Y76.175 E1969.1329
G1 X133.548 Y175.775 E1973.2738
G1 X113.948 Y175.775 E1974.0886
G1 X113.948 Y76.175 E1978.2295
G1 F2400 E1975.2295
G1 F300 Z11.700
G0 F3900 X114.348 Y79.775
G1 F300 Z11.500
G1 F1500 E1978.2295
G1 F2100 X114.348 Y172.175 E1982.0711
G1 X133.148 Y172.175 E1982.8527
G1 X133.148 Y79.775 E1986.6942
G1 X114.348 Y79.775 E1987.4758
G0 F3900 X114.348 Y76.575
;TYPE:WALL-INNER
;WIDTH:0.400
;FLOW:90.0
G1 F2400 X133.148 Y76.575 E1988.1793
G1 X133.148 Y79.375 E1988.2841
G1 X114.348 Y79.375 E1988.9875
G1 X114.348 Y76.575 E1989.0923
G1 F2400 E1986.0923
G1 F300 Z11.700
G0 F3900 X133.289 Y79.634
G0 X133.289 Y172.316
G0 X114.348 Y172.575
G1 F300 Z11.500
G1 F1500 E1989.0923
G1 F2400 X133.148 Y172.575 E1989.7957
G1 X133.148 Y175.375 E1989.9005
G1 X114.348 Y175.375 E1990.6039
G1 X114.348 Y172.575 E1990.7087
G1 F2400 E1987.7087
G1 F300 Z11.700
G0 F3900 X114.207 Y172.316
G0 X114.207 Y79.634
G0 X114.748 Y76.975
G1 F300 Z11.500
G1 F1500 E1990.7087
G1 F2400 X132.748 Y76.975 E1991.3822
G1 X132.748 Y78.975 E1991.4571
G1 X114.748 Y78.975 E1992.1306
G1 X114.748 Y76.975 E1992.2054
G1 F2400 E1989.2054
G1 F300 Z11.700
G0 F3900 X133.289 Y79.634
G0 X133.289 Y172.316
G0 X114.748 Y172.975
G1 F300 Z11.500
G1 F1500 E1992.2054
G1 F2400 X132.748 Y172.975 E1992.8789
G1 X132.748 Y174.975 E1992.9538
G1 X114.748 Y174.975 E1993.6273
G1 X114.748 Y172.975 E1993.7021
G1 F2400 E1990.7021
G1 F300 Z11.700
G0 F3900 X114.207 Y172.316
G0 X114.207 Y79.634
G0 X115.148 Y77.375
G1 F300 Z11.500
G1 F1500 E1993.7021
G1 F2400 X132.348 Y77.375 E1994.3457
G1 X132.348 Y78.575 E1994.3906
G1 X115.148 Y78.575 E1995.0342
G1 X115.148 Y77.375 E1995.0791
G1 F2400 E1992.0791
G1 F300 Z11.700
G0 F3900 X133.289 Y79.634
G0 X133.289 Y172.316
G0 X115.148 Y173.375
G1 F300 Z11.500
G1 F1500 E1995.0791
G1 F2400 X132.348 Y173.375 E1995.7227
G1 X132.348 Y174.575 E1995.7676
G1 X115.148 Y174.575 E1996.4112
G1 X115.148 Y173.375 E1996.4561
;PRINTING_TIME: 2031
;REMAINING_TIME: 1241
;LAYER:46
;Z:11.750
;HEIGHT:0.250
;FLOW:100.0
;PRINTING: Flow_Calibration_Cube_0.4_mm.stl
;PRINTING_ID: 0
G1 F2400 E1993.4561
G1 F300 Z11.950
G0 F3900 X115.331 Y173.560
G0 F300 Z11.750
;TYPE:FILL
;WIDTH:0.360
;FLOW:90.0
G1 F300 Z11.750
G1 F1500 E1996.4561
G1 F3600 X116.161 Y174.390 E1996.4956
G0 F3900 X121.151 Y174.390
G1 F3600 X121.984 Y173.557 E1996.5353
G0 F3900 X125.511 Y173.557
G1 F3600 X126.343 Y174.390 E1996.5749
G0 F3900 X131.333 Y174.390
G1 F3600 X132.163 Y173.560 E1996.6144
G1 F2400 E1993.6144
G1 F300 Z11.950
G0 F3900 X114.207 Y172.316
G0 X114.207 Y79.634
G0 X132.163 Y78.386
G1 F300 Z11.750
G1 F1500 E1996.6144
G1 F3600 X131.335 Y77.559 E1996.6539
G0 F3900 X126.342 Y77.559
G1 F3600 X125.510 Y78.390 E1996.6935
G0 F3900 X121.985 Y78.390
G1 F3600 X121.153 Y77.559 E1996.7331
G0 F3900 X116.159 Y77.559
G1 F3600 X115.331 Y78.387 E1996.7725
G1 F2400 E1993.7725
G1 F300 Z11.950
G0 F3900 X113.948 Y76.175
;TYPE:WALL-OUTER
;WIDTH:0.400
;FLOW:100.0
G1 F300 Z11.750
G1 F1500 E1996.7725
G1 F2100 X133.548 Y76.175 E1997.5874
G1 X133.548 Y175.775 E2001.7282
G1 X113.948 Y175.775 E2002.5431
G1 X113.948 Y76.175 E2006.6840
G1 F2400 E2003.6840
G1 F300 Z11.950
G0 F3900 X114.348 Y79.775
G1 F300 Z11.750
G1 F1500 E2006.6840
G1 F2100 X114.348 Y172.175 E2010.5256
G1 X133.148 Y172.175 E2011.3072
G1 X133.148 Y79.775 E2015.1487
G1 X114.348 Y79.775 E2015.9303
G0 F3900 X114.348 Y76.575
;TYPE:WALL-INNER
;WIDTH:0.400
;FLOW:90.0
G1 F2400 X133.148 Y76.575 E2016.6338
G1 X133.148 Y79.375 E2016.7385
G1 X114.348 Y79.375 E2017.4420
G1 X114.348 Y76.575 E2017.5468
G1 F2400 E2014.5468
G1 F300 Z11.950
G0 F3900 X133.289 Y79.634
G0 X133.289 Y172.316
G0 X114.348 Y172.575
G1 F300 Z11.750
G1 F1500 E2017.5468
G1 F2400 X133.148 Y172.575 E2018.2502
G1 X133.148 Y175.375 E2018.3550
G1 X114.348 Y175.375 E2019.0584
G1 X114.348 Y172.575 E2019.1632
G1 F2400 E2016.1632
G1 F300 Z11.950
G0 F3900 X114.207 Y172.316
G0 X114.207 Y79.634
G0 X114.748 Y76.975
G1 F300 Z11.750
G1 F1500 E2019.1632
G1 F2400 X132.748 Y76.975 E2019.8367
G1 X132.748 Y78.975 E2019.9116
G1 X114.748 Y78.975 E2020.5851
G1 X114.748 Y76.975 E2020.6599
G1 F2400 E2017.6599
G1 F300 Z11.950
G0 F3900 X133.289 Y79.634
G0 X133.289 Y172.316
G0 X114.748 Y172.975
G1 F300 Z11.750
G1 F1500 E2020.6599
G1 F2400 X132.748 Y172.975 E2021.3334
G1 X132.748 Y174.975 E2021.4083
G1 X114.748 Y174.975 E2022.0818
G1 X114.748 Y172.975 E2022.1566
G1 F2400 E2019.1566
G1 F300 Z11.950
G0 F3900 X114.207 Y172.316
G0 X114.207 Y79.634
G0 X115.148 Y77.375
G1 F300 Z11.750
G1 F1500 E2022.1566
G1 F2400 X132.348 Y77.375 E2022.8002
G1 X132.348 Y78.575 E2022.8451
G1 X115.148 Y78.575 E2023.4887
G1 X115.148 Y77.375 E2023.5336
G1 F2400 E2020.5336
G1 F300 Z11.950
G0 F3900 X133.289 Y79.634
G0 X133.289 Y172.316
G0 X115.148 Y173.375
G1 F300 Z11.750
G1 F1500 E2023.5336
G1 F2400 X132.348 Y173.375 E2024.1772
G1 X132.348 Y174.575 E2024.2221
G1 X115.148 Y174.575 E2024.8657
G1 X115.148 Y173.375 E2024.9106
;PRINTING_TIME: 2067
;REMAINING_TIME: 1205
;LAYER:47
;Z:12.000
;HEIGHT:0.250
;FLOW:100.0
;PRINTING: Flow_Calibration_Cube_0.4_mm.stl
;PRINTING_ID: 0
G1 F2400 E2021.9106
G1 F300 Z12.200
G0 F3900 X115.331 Y173.560
G0 F300 Z12.000
;TYPE:FILL
;WIDTH:0.360
;FLOW:90.0
G1 F300 Z12.000
G1 F1500 E2024.9106
G1 F3600 X116.161 Y174.390 E2024.9501
G0 F3900 X121.151 Y174.390
G1 F3600 X121.984 Y173.557 E2024.9898
G0 F3900 X125.511 Y173.557
G1 F3600 X126.343 Y174.390 E2025.0294
G0 F3900 X131.333 Y174.390
G1 F3600 X132.163 Y173.560 E2025.0689
G1 F2400 E2022.0689
G1 F300 Z12.200
G0 F3900 X114.207 Y172.316
G0 X114.207 Y79.634
G0 X132.163 Y78.386
G1 F300 Z12.000
G1 F1500 E2025.0689
G1 F3600 X131.335 Y77.559 E2025.1083
G0 F3900 X126.342 Y77.559
G1 F3600 X125.510 Y78.390 E2025.1479
G0 F3900 X121.985 Y78.390
G1 F3600 X121.153 Y77.559 E2025.1875
G0 F3900 X116.159 Y77.559
G1 F3600 X115.331 Y78.387 E2025.2270
G1 F2400 E2022.2270
G1 F300 Z12.200
G0 F3900 X113.948 Y76.175
;TYPE:WALL-OUTER
;WIDTH:0.400
;FLOW:100.0
G1 F300 Z12.000
G1 F1500 E2025.2270
G1 F2100 X133.548 Y76.175 E2026.0419
G1 X133.548 Y175.775 E2030.1827
G1 X113.948 Y175.775 E2030.9976
G1 X113.948 Y76.175 E2035.1385
G1 F2400 E2032.1385
G1 F300 Z12.200
G0 F3900 X114.348 Y79.775
G1 F300 Z12.000
G1 F1500 E2035.1385
G1 F2100 X114.348 Y172.175 E2038.9800
G1 X133.148 Y172.175 E2039.7617
G1 X133.148 Y79.775 E2043.6032
G1 X114.348 Y79.775 E2044.3848
G0 F3900 X114.348 Y76.575
;TYPE:WALL-INNER
;WIDTH:0.400
;FLOW:90.0
G1 F2400 X133.148 Y76.575 E2045.0883
G1 X133.148 Y79.375 E2045.1930
G1 X114.348 Y79.375 E2045.8965
G1 X114.348 Y76.575 E2046.0013
G1 F2400 E2043.0013
G1 F300 Z12.200
G0 F3900 X133.289 Y79.634
G0 X133.289 Y172.316
G0 X114.348 Y172.575
G1 F300 Z12.000
G1 F1500 E2046.0013
G1 F2400 X133.148 Y172.575 E2046.7047
G1 X133.148 Y175.375 E2046.8095
G1 X114.348 Y175.375 E2047.5129
G1 X114.348 Y172.575 E2047.6177
G1 F2400 E2044.6177
G1 F300 Z12.200
G0 F3900 X114.207 Y172.316
G0 X114.207 Y79.634
G0 X114.748 Y76.975
G1 F300 Z12.000
G1 F1500 E2047.6177
G1 F2400 X132.748 Y76.975 E2048.2912
G1 X132.748 Y78.975 E2048.3661
G1 X114.748 Y78.975 E2049.0396
G1 X114.748 Y76.975 E2049.1144
G1 F2400 E2046.1144
G1 F300 Z12.200
G0 F3900 X133.289 Y79.634
G0 X133.289 Y172.316
G0 X114.748 Y172.975
G1 F300 Z12.000
G1 F1500 E2049.1144
G1 F2400 X132.748 Y172.975 E2049.7879
G1 X132.748 Y174.975 E2049.8628
G1 X114.748 Y174.975 E2050.5363
G1 X114.748 Y172.975 E2050.6111
G1 F2400 E2047.6111
G1 F300 Z12.200
G0 F3900 X114.207 Y172.316
G0 X114.207 Y79.634
G0 X115.148 Y77.375
G1 F300 Z12.000
G1 F1500 E2050.6111
G1 F2400 X132.348 Y77.375 E2051.2547
G1 X132.348 Y78.575 E2051.2996
G1 X115.148 Y78.575 E2051.9432
G1 X115.148 Y77.375 E2051.9881
G1 F2400 E2048.9881
G1 F300 Z12.200
G0 F3900 X133.289 Y79.634
G0 X133.289 Y172.316
G0 X115.148 Y173.375
G1 F300 Z12.000
G1 F1500 E2051.9881
G1 F2400 X132.348 Y173.375 E2052.6317
G1 X132.348 Y174.575 E2052.6766
G1 X115.148 Y174.575 E2053.3202
G1 X115.148 Y173.375 E2053.3651
;PRINTING_TIME: 2102
;REMAINING_TIME: 1169
;LAYER:48
;Z:12.250
;HEIGHT:0.250
;FLOW:100.0
;PRINTING: Flow_Calibration_Cube_0.4_mm.stl
;PRINTING_ID: 0
G1 F2400 E2050.3651
G1 F300 Z12.450
G0 F3900 X115.331 Y173.560
G0 F300 Z12.250
;TYPE:FILL
;WIDTH:0.360
;FLOW:90.0
G1 F300 Z12.250
G1 F1500 E2053.3651
G1 F3600 X116.161 Y174.390 E2053.4046
G0 F3900 X121.151 Y174.390
G1 F3600 X121.984 Y173.557 E2053.4443
G0 F3900 X125.511 Y173.557
G1 F3600 X126.343 Y174.390 E2053.4839
G0 F3900 X131.333 Y174.390
G1 F3600 X132.163 Y173.560 E2053.5234
G1 F2400 E2050.5234
G1 F300 Z12.450
G0 F3900 X114.207 Y172.316
G0 X114.207 Y79.634
G0 X132.163 Y78.386
G1 F300 Z12.250
G1 F1500 E2053.5234
G1 F3600 X131.335 Y77.559 E2053.5628
G0 F3900 X126.342 Y77.559
G1 F3600 X125.510 Y78.390 E2053.6024
G0 F3900 X121.985 Y78.390
G1 F3600 X121.153 Y77.559 E2053.6420
G0 F3900 X116.159 Y77.559
G1 F3600 X115.331 Y78.387 E2053.6815
G1 F2400 E2050.6815
G1 F300 Z12.450
G0 F3900 X113.948 Y76.175
;TYPE:WALL-OUTER
;WIDTH:0.400
;FLOW:100.0
G1 F300 Z12.250
G1 F1500 E2053.6815
G1 F2100 X133.548 Y76.175 E2054.4964
G1 X133.548 Y175.775 E2058.6372
G1 X113.948 Y175.775 E2059.4521
G1 X113.948 Y76.175 E2063.5930
G1 F2400 E2060.5930
G1 F300 Z12.450
G0 F3900 X114.348 Y79.775
G1 F300 Z12.250
G1 F1500 E2063.5930
G1 F2100 X114.348 Y172.175 E2067.4345
G1 X133.148 Y172.175 E2068.2162
G1 X133.148 Y79.775 E2072.0577
G1 X114.348 Y79.775 E2072.8393
G0 F3900 X114.348 Y76.575
;TYPE:WALL-INNER
;WIDTH:0.400
;FLOW:90.0
G1 F2400 X133.148 Y76.575 E2073.5428
G1 X133.148 Y79.375 E2073.6475
G1 X114.348 Y79.375 E2074.3510
G1 X114.348 Y76.575 E2074.4558
G1 F2400 E2071.4558
G1 F300 Z12.450
G0 F3900 X133.289 Y79.634
G0 X133.289 Y172.316
G0 X114.348 Y172.575
G1 F300 Z12.250
G1 F1500 E2074.4558
G1 F2400 X133.148 Y172.575 E2075.1592
G1 X133.148 Y175.375 E2075.2640
G1 X114.348 Y175.375 E2075.9674
G1 X114.348 Y172.575 E2076.0722
G1 F2400 E2073.0722
G1 F300 Z12.450
G0 F3900 X114.207 Y172.316
G0 X114.207 Y79.634
G0 X114.748 Y76.975
G1 F300 Z12.250
G1 F1500 E2076.0722
G1 F2400 X132.748 Y76.975 E2076.7457
G1 X132.748 Y78.975 E2076.8206
G1 X114.748 Y78.975 E2077.4941
G1 X114.748 Y76.975 E2077.5689
G1 F2400 E2074.5689
G1 F300 Z12.450
G0 F3900 X133.289 Y79.634
G0 X133.289 Y172.316
G0 X114.748 Y172.975
G1 F300 Z12.250
G1 F1500 E2077.5689
G1 F2400 X132.748 Y172.975 E2078.2424
G1 X132.748 Y174.975 E2078.3173
G1 X114.748 Y174.975 E2078.9908
G1 X114.748 Y172.975 E2079.0656
G1 F2400 E2076.0656
G1 F300 Z12.450
G0 F3900 X114.207 Y172.316
G0 X114.207 Y79.634
G0 X115.148 Y77.375
G1 F300 Z12.250
G1 F1500 E2079.0656
G1 F2400 X132.348 Y77.375 E2079.7092
G1 X132.348 Y78.575 E2079.7541
G1 X115.148 Y78.575 E2080.3977
G1 X115.148 Y77.375 E2080.4426
G1 F2400 E2077.4426
G1 F300 Z12.450
G0 F3900 X133.289 Y79.634
G0 X133.289 Y172.316
G0 X115.148 Y173.375
G1 F300 Z12.250
G1 F1500 E2080.4426
G1 F2400 X132.348 Y173.375 E2081.0862
G1 X132.348 Y174.575 E2081.1311
G1 X115.148 Y174.575 E2081.7746
G1 X115.148 Y173.375 E2081.8196
;PRINTING_TIME: 2138
;REMAINING_TIME: 1133
;LAYER:49
;Z:12.500
;HEIGHT:0.250
;FLOW:100.0
;PRINTING: Flow_Calibration_Cube_0.4_mm.stl
;PRINTING_ID: 0
G1 F2400 E2078.8196
G1 F300 Z12.700
G0 F3900 X115.331 Y173.560
G0 F300 Z12.500
;TYPE:FILL
;WIDTH:0.360
;FLOW:90.0
G1 F300 Z12.500
G1 F1500 E2081.8196
G1 F3600 X116.161 Y174.390 E2081.8591
G0 F3900 X121.151 Y174.390
G1 F3600 X121.984 Y173.557 E2081.8988
G0 F3900 X125.511 Y173.557
G1 F3600 X126.343 Y174.390 E2081.9384
G0 F3900 X131.333 Y174.390
G1 F3600 X132.163 Y173.560 E2081.9779
G1 F2400 E2078.9779
G1 F300 Z12.700
G0 F3900 X114.207 Y172.316
G0 X114.207 Y79.634
G0 X132.163 Y78.386
G1 F300 Z12.500
G1 F1500 E2081.9779
G1 F3600 X131.335 Y77.559 E2082.0173
G0 F3900 X126.342 Y77.559
G1 F3600 X125.510 Y78.390 E2082.0569
G0 F3900 X121.985 Y78.390
G1 F3600 X121.153 Y77.559 E2082.0965
G0 F3900 X116.159 Y77.559
G1 F3600 X115.331 Y78.387 E2082.1360
G1 F2400 E2079.1360
G1 F300 Z12.700
G0 F3900 X113.948 Y76.175
;TYPE:WALL-OUTER
;WIDTH:0.400
;FLOW:100.0
G1 F300 Z12.500
G1 F1500 E2082.1360
G1 F2100 X133.548 Y76.175 E2082.9508
G1 X133.548 Y175.775 E2087.0917
G1 X113.948 Y175.775 E2087.9066
G1 X113.948 Y76.175 E2092.0475
G1 F2400 E2089.0475
G1 F300 Z12.700
G0 F3900 X114.348 Y79.775
G1 F300 Z12.500
G1 F1500 E2092.0475
G1 F2100 X114.348 Y172.175 E2095.8890
G1 X133.148 Y172.175 E2096.6706
G1 X133.148 Y79.775 E2100.5122
G1 X114.348 Y79.775 E2101.2938
G0 F3900 X114.348 Y76.575
;TYPE:WALL-INNER
;WIDTH:0.400
;FLOW:90.0
G1 F2400 X133.148 Y76.575 E2101.9973
G1 X133.148 Y79.375 E2102.1020
G1 X114.348 Y79.375 E2102.8055
G1 X114.348 Y76.575 E2102.9103
G1 F2400 E2099.9103
G1 F300 Z12.700
G0 F3900 X133.289 Y79.634
G0 X133.289 Y172.316
G0 X114.348 Y172.575
G1 F300 Z12.500
G1 F1500 E2102.9103
G1 F2400 X133.148 Y172.575 E2103.6137
G1 X133.148 Y175.375 E2103.7185
G1 X114.348 Y175.375 E2104.4219
G1 X114.348 Y172.575 E2104.5267
G1 F2400 E2101.5267
G1 F300 Z12.700
G0 F3900 X114.207 Y172.316
G0 X114.207 Y79.634
G0 X114.748 Y76.975
G1 F300 Z12.500
G1 F1500 E2104.5267
G1 F2400 X132.748 Y76.975 E2105.2002
G1 X132.748 Y78.975 E2105.2750
G1 X114.748 Y78.975 E2105.9486
G1 X114.748 Y76.975 E2106.0234
G1 F2400 E2103.0234
G1 F300 Z12.700
G0 F3900 X133.289 Y79.634
G0 X133.289 Y172.316
G0 X114.748 Y172.975
G1 F300 Z12.500
G1 F1500 E2106.0234
G1 F2400 X132.748 Y172.975 E2106.6969
G1 X132.748 Y174.975 E2106.7718
G1 X114.748 Y174.975 E2107.4453
G1 X114.748 Y172.975 E2107.5201
G1 F2400 E2104.5201
G1 F300 Z12.700
G0 F3900 X114.207 Y172.316
G0 X114.207 Y79.634
G0 X115.148 Y77.375
G1 F300 Z12.500
G1 F1500 E2107.5201
G1 F2400 X132.348 Y77.375 E2108.1637
G1 X132.348 Y78.575 E2108.2086
G1 X115.148 Y78.575 E2108.8522
G1 X115.148 Y77.375 E2108.8971
G1 F2400 E2105.8971
G1 F300 Z12.700
G0 F3900 X133.289 Y79.634
G0 X133.289 Y172.316
G0 X115.148 Y173.375
G1 F300 Z12.500
G1 F1500 E2108.8971
G1 F2400 X132.348 Y173.375 E2109.5407
G1 X132.348 Y174.575 E2109.5856
G1 X115.148 Y174.575 E2110.2291
G1 X115.148 Y173.375 E2110.2740
;PRINTING_TIME: 2174
;REMAINING_TIME: 1097
;LAYER:50
;Z:12.750
;HEIGHT:0.250
;FLOW:100.0
;PRINTING: Flow_Calibration_Cube_0.4_mm.stl
;PRINTING_ID: 0
G1 F2400 E2107.2740
G1 F300 Z12.950
G0 F3900 X115.331 Y173.560
G0 F300 Z12.750
;TYPE:FILL
;WIDTH:0.360
;FLOW:90.0
G1 F300 Z12.750
G1 F1500 E2110.2740
G1 F3600 X116.161 Y174.390 E2110.3136
G0 F3900 X121.151 Y174.390
G1 F3600 X121.984 Y173.557 E2110.3532
G0 F3900 X125.511 Y173.557
G1 F3600 X126.343 Y174.390 E2110.3929
G0 F3900 X131.333 Y174.390
G1 F3600 X132.163 Y173.560 E2110.4324
G1 F2400 E2107.4324
G1 F300 Z12.950
G0 F3900 X114.207 Y172.316
G0 X114.207 Y79.634
G0 X132.163 Y78.386
G1 F300 Z12.750
G1 F1500 E2110.4324
G1 F3600 X131.335 Y77.559 E2110.4718
G0 F3900 X126.342 Y77.559
G1 F3600 X125.510 Y78.390 E2110.5114
G0 F3900 X121.985 Y78.390
G1 F3600 X121.153 Y77.559 E2110.5510
G0 F3900 X116.159 Y77.559
G1 F3600 X115.331 Y78.387 E2110.5905
G1 F2400 E2107.5905
G1 F300 Z12.950
G0 F3900 X113.948 Y76.175
;TYPE:WALL-OUTER
;WIDTH:0.400
;FLOW:100.0
G1 F300 Z12.750
G1 F1500 E2110.5905
G1 F2100 X133.548 Y76.175 E2111.4053
G1 X133.548 Y175.775 E2115.5462
G1 X113.948 Y175.775 E2116.3611
G1 X113.948 Y76.175 E2120.5020
G1 F2400 E2117.5020
G1 F300 Z12.950
G0 F3900 X114.348 Y79.775
G1 F300 Z12.750
G1 F1500 E2120.5020
G1 F2100 X114.348 Y172.175 E2124.3435
G1 X133.148 Y172.175 E2125.1251
G1 X133.148 Y79.775 E2128.9667
G1 X114.348 Y79.775 E2129.7483
G0 F3900 X114.348 Y76.575
;TYPE:WALL-INNER
;WIDTH:0.400
;FLOW:90.0
G1 F2400 X133.148 Y76.575 E2130.4518
G1 X133.148 Y79.375 E2130.5565
G1 X114.348 Y79.375 E2131.2600
G1 X114.348 Y76.575 E2131.3647
G1 F2400 E2128.3647
G1 F300 Z12.950
G0 F3900 X133.289 Y79.634
G0 X133.289 Y172.316
G0 X114.348 Y172.575
G1 F300 Z12.750
G1 F1500 E2131.3647
G1 F2400 X133.148 Y172.575 E2132.0682
G1 X133.148 Y175.375 E2132.1730
G1 X114.348 Y175.375 E2132.8764
G1 X114.348 Y172.575 E2132.9812
G1 F2400 E2129.9812
G1 F300 Z12.950
G0 F3900 X114.207 Y172.316
G0 X114.207 Y79.634
G0 X114.748 Y76.975
G1 F300 Z12.750
G1 F1500 E2132.9812
G1 F2400 X132.748 Y76.975 E2133.6547
G1 X132.748 Y78.975 E2133.7295
G1 X114.748 Y78.975 E2134.4031
G1 X114.748 Y76.975 E2134.4779
G1 F2400 E2131.4779
G1 F300 Z12.950
G0 F3900 X133.289 Y79.634
G0 X133.289 Y172.316
G0 X114.748 Y172.975
G1 F300 Z12.750
G1 F1500 E2134.4779
G1 F2400 X132.748 Y172.975 E2135.1514
G1 X132.748 Y174.975 E2135.2262
G1 X114.748 Y174.975 E2135.8998
G1 X114.748 Y172.975 E2135.9746
G1 F2400 E2132.9746
G1 F300 Z12.950
G0 F3900 X114.207 Y172.316
G0 X114.207 Y79.634
G0 X115.148 Y77.375
G1 F300 Z12.750
G1 F1500 E2135.9746
G1 F2400 X132.348 Y77.375 E2136.6182
G1 X132.348 Y78.575 E2136.6631
G1 X115.148 Y78.575 E2137.3067
G1 X115.148 Y77.375 E2137.3516
G1 F2400 E2134.3516
G1 F300 Z12.950
G0 F3900 X133.289 Y79.634
G0 X133.289 Y172.316
G0 X115.148 Y173.375
G1 F300 Z12.750
G1 F1500 E2137.3516
G1 F2400 X132.348 Y173.375 E2137.9952
G1 X132.348 Y174.575 E2138.0401
G1 X115.148 Y174.575 E2138.6836
G1 X115.148 Y173.375 E2138.7285
;PRINTING_TIME: 2210
;REMAINING_TIME: 1062
;LAYER:51
;Z:13.000
;HEIGHT:0.250
;FLOW:100.0
;PRINTING: Flow_Calibration_Cube_0.4_mm.stl
;PRINTING_ID: 0
G1 F2400 E2135.7285
G1 F300 Z13.200
G0 F3900 X115.331 Y173.560
G0 F300 Z13.000
;TYPE:FILL
;WIDTH:0.360
;FLOW:90.0
G1 F300 Z13.000
G1 F1500 E2138.7285
G1 F3600 X116.161 Y174.390 E2138.7681
G0 F3900 X121.151 Y174.390
G1 F3600 X121.984 Y173.557 E2138.8077
G0 F3900 X125.511 Y173.557
G1 F3600 X126.343 Y174.390 E2138.8474
G0 F3900 X131.333 Y174.390
G1 F3600 X132.163 Y173.560 E2138.8869
G1 F2400 E2135.8869
G1 F300 Z13.200
G0 F3900 X114.207 Y172.316
G0 X114.207 Y79.634
G0 X132.163 Y78.386
G1 F300 Z13.000
G1 F1500 E2138.8869
G1 F3600 X131.335 Y77.559 E2138.9263
G0 F3900 X126.342 Y77.559
G1 F3600 X125.510 Y78.390 E2138.9659
G0 F3900 X121.985 Y78.390
G1 F3600 X121.153 Y77.559 E2139.0055
G0 F3900 X116.159 Y77.559
G1 F3600 X115.331 Y78.387 E2139.0450
G1 F2400 E2136.0450
G1 F300 Z13.200
G0 F3900 X113.948 Y76.175
;TYPE:WALL-OUTER
;WIDTH:0.400
;FLOW:100.0
G1 F300 Z13.000
G1 F1500 E2139.0450
G1 F2100 X133.548 Y76.175 E2139.8598
G1 X133.548 Y175.775 E2144.0007
G1 X113.948 Y175.775 E2144.8156
G1 X113.948 Y76.175 E2148.9565
G1 F2400 E2145.9565
G1 F300 Z13.200
G0 F3900 X114.348 Y79.775
G1 F300 Z13.000
G1 F1500 E2148.9565
G1 F2100 X114.348 Y172.175 E2152.7980
G1 X133.148 Y172.175 E2153.5796
G1 X133.148 Y79.775 E2157.4212
G1 X114.348 Y79.775 E2158.2028
G0 F3900 X114.348 Y76.575
;TYPE:WALL-INNER
;WIDTH:0.400
;FLOW:90.0
G1 F2400 X133.148 Y76.575 E2158.9062
G1 X133.148 Y79.375 E2159.0110
G1 X114.348 Y79.375 E2159.7145
G1 X114.348 Y76.575 E2159.8192
G1 F2400 E2156.8192
G1 F300 Z13.200
G0 F3900 X133.289 Y79.634
G0 X133.289 Y172.316
G0 X114.348 Y172.575
G1 F300 Z13.000
G1 F1500 E2159.8192
G1 F2400 X133.148 Y172.575 E2160.5227
G1 X133.148 Y175.375 E2160.6275
G1 X114.348 Y175.375 E2161.3309
G1 X114.348 Y172.575 E2161.4357
G1 F2400 E2158.4357
G1 F300 Z13.200
G0 F3900 X114.207 Y172.316
G0 X114.207 Y79.634
G0 X114.748 Y76.975
G1 F300 Z13.000
G1 F1500 E2161.4357
G1 F2400 X132.748 Y76.975 E2162.1092
G1 X132.748 Y78.975 E2162.1840
G1 X114.748 Y78.975 E2162.8576
G1 X114.748 Y76.975 E2162.9324
G1 F2400 E2159.9324
G1 F300 Z13.200
G0 F3900 X133.289 Y79.634
G0 X133.289 Y172.316
G0 X114.748 Y172.975
G1 F300 Z13.000
G1 F1500 E2162.9324
G1 F2400 X132.748 Y172.975 E2163.6059
G1 X132.748 Y174.975 E2163.6807
G1 X114.748 Y174.975 E2164.3543
G1 X114.748 Y172.975 E2164.4291
G1 F2400 E2161.4291
G1 F300 Z13.200
G0 F3900 X114.207 Y172.316
G0 X114.207 Y79.634
G0 X115.148 Y77.375
G1 F300 Z13.000
G1 F1500 E2164.4291
G1 F2400 X132.348 Y77.375 E2165.0727
G1 X132.348 Y78.575 E2165.1176
G1 X115.148 Y78.575 E2165.7612
G1 X115.148 Y77.375 E2165.8061
G1 F2400 E2162.8061
G1 F300 Z13.200
G0 F3900 X133.289 Y79.634
G0 X133.289 Y172.316
G0 X115.148 Y173.375
G1 F300 Z13.000
G1 F1500 E2165.8061
G1 F2400 X132.348 Y173.375 E2166.4496
G1 X132.348 Y174.575 E2166.4945
G1 X115.148 Y174.575 E2167.1381
G1 X115.148 Y173.375 E2167.1830
;PRINTING_TIME: 2246
;REMAINING_TIME: 1026
;LAYER:52
;Z:13.250
;HEIGHT:0.250
;FLOW:100.0
;PRINTING: Flow_Calibration_Cube_0.4_mm.stl
;PRINTING_ID: 0
G1 F2400 E2164.1830
G1 F300 Z13.450
G0 F3900 X115.331 Y173.560
G0 F300 Z13.250
;TYPE:FILL
;WIDTH:0.360
;FLOW:90.0
G1 F300 Z13.250
G1 F1500 E2167.1830
G1 F3600 X116.161 Y174.390 E2167.2226
G0 F3900 X121.151 Y174.390
G1 F3600 X121.984 Y173.557 E2167.2622
G0 F3900 X125.511 Y173.557
G1 F3600 X126.343 Y174.390 E2167.3019
G0 F3900 X131.333 Y174.390
G1 F3600 X132.163 Y173.560 E2167.3414
G1 F2400 E2164.3414
G1 F300 Z13.450
G0 F3900 X114.207 Y172.316
G0 X114.207 Y79.634
G0 X132.163 Y78.386
G1 F300 Z13.250
G1 F1500 E2167.3414
G1 F3600 X131.335 Y77.559 E2167.3808
G0 F3900 X126.342 Y77.559
G1 F3600 X125.510 Y78.390 E2167.4204
G0 F3900 X121.985 Y78.390
G1 F3600 X121.153 Y77.559 E2167.4600
G0 F3900 X116.159 Y77.559
G1 F3600 X115.331 Y78.387 E2167.4995
G1 F2400 E2164.4995
G1 F300 Z13.450
G0 F3900 X113.948 Y76.175
;TYPE:WALL-OUTER
;WIDTH:0.400
;FLOW:100.0
G1 F300 Z13.250
G1 F1500 E2167.4995
G1 F2100 X133.548 Y76.175 E2168.3143
G1 X133.548 Y175.775 E2172.4552
G1 X113.948 Y175.775 E2173.2701
G1 X113.948 Y76.175 E2177.4110
G1 F2400 E2174.4110
G1 F300 Z13.450
G0 F3900 X114.348 Y79.775
G1 F300 Z13.250
G1 F1500 E2177.4110
G1 F2100 X114.348 Y172.175 E2181.2525
G1 X133.148 Y172.175 E2182.0341
G1 X133.148 Y79.775 E2185.8757
G1 X114.348 Y79.775 E2186.6573
G0 F3900 X114.348 Y76.575
;TYPE:WALL-INNER
;WIDTH:0.400
;FLOW:90.0
G1 F2400 X133.148 Y76.575 E2187.3607
G1 X133.148 Y79.375 E2187.4655
G1 X114.348 Y79.375 E2188.1690
G1 X114.348 Y76.575 E2188.2737
G1 F2400 E2185.2737
G1 F300 Z13.450
G0 F3900 X133.289 Y79.634
G0 X133.289 Y172.316
G0 X114.348 Y172.575
G1 F300 Z13.250
G1 F1500 E2188.2737
G1 F2400 X133.148 Y172.575 E2188.9772
G1 X133.148 Y175.375 E2189.0820
G1 X114.348 Y175.375 E2189.7854
G1 X114.348 Y172.575 E2189.8902
G1 F2400 E2186.8902
G1 F300 Z13.450
G0 F3900 X114.207 Y172.316
G0 X114.207 Y79.634
G0 X114.748 Y76.975
G1 F300 Z13.250
G1 F1500 E2189.8902
G1 F2400 X132.748 Y76.975 E2190.5637
G1 X132.748 Y78.975 E2190.6385
G1 X114.748 Y78.975 E2191.3120
G1 X114.748 Y76.975 E2191.3869
G1 F2400 E2188.3869
G1 F300 Z13.450
G0 F3900 X133.289 Y79.634
G0 X133.289 Y172.316
G0 X114.748 Y172.975
G1 F300 Z13.250
G1 F1500 E2191.3869
G1 F2400 X132.748 Y172.975 E2192.0604
G1 X132.748 Y174.975 E2192.1352
G1 X114.748 Y174.975 E2192.8088
G1 X114.748 Y172.975 E2192.8836
G1 F2400 E2189.8836
G1 F300 Z13.450
G0 F3900 X114.207 Y172.316
G0 X114.207 Y79.634
G0 X115.148 Y77.375
G1 F300 Z13.250
G1 F1500 E2192.8836
G1 F2400 X132.348 Y77.375 E2193.5272
G1 X132.348 Y78.575 E2193.5721
G1 X115.148 Y78.575 E2194.2157
G1 X115.148 Y77.375 E2194.2606
G1 F2400 E2191.2606
G1 F300 Z13.450
G0 F3900 X133.289 Y79.634
G0 X133.289 Y172.316
G0 X115.148 Y173.375
G1 F300 Z13.250
G1 F1500 E2194.2606
G1 F2400 X132.348 Y173.375 E2194.9041
G1 X132.348 Y174.575 E2194.9490
G1 X115.148 Y174.575 E2195.5926
G1 X115.148 Y173.375 E2195.6375
;PRINTING_TIME: 2281
;REMAINING_TIME: 990
;LAYER:53
;Z:13.500
;HEIGHT:0.250
;FLOW:100.0
;PRINTING: Flow_Calibration_Cube_0.4_mm.stl
;PRINTING_ID: 0
G1 F2400 E2192.6375
G1 F300 Z13.700
G0 F3900 X115.331 Y173.560
G0 F300 Z13.500
;TYPE:FILL
;WIDTH:0.360
;FLOW:90.0
G1 F300 Z13.500
G1 F1500 E2195.6375
G1 F3600 X116.161 Y174.390 E2195.6771
G0 F3900 X121.151 Y174.390
G1 F3600 X121.984 Y173.557 E2195.7167
G0 F3900 X125.511 Y173.557
G1 F3600 X126.343 Y174.390 E2195.7564
G0 F3900 X131.333 Y174.390
G1 F3600 X132.163 Y173.560 E2195.7959
G1 F2400 E2192.7959
G1 F300 Z13.700
G0 F3900 X114.207 Y172.316
G0 X114.207 Y79.634
G0 X132.163 Y78.386
G1 F300 Z13.500
G1 F1500 E2195.7959
G1 F3600 X131.335 Y77.559 E2195.8353
G0 F3900 X126.342 Y77.559
G1 F3600 X125.510 Y78.390 E2195.8749
G0 F3900 X121.985 Y78.390
G1 F3600 X121.153 Y77.559 E2195.9145
G0 F3900 X116.159 Y77.559
G1 F3600 X115.331 Y78.387 E2195.9539
G1 F2400 E2192.9539
G1 F300 Z13.700
G0 F3900 X113.948 Y76.175
;TYPE:WALL-OUTER
;WIDTH:0.400
;FLOW:100.0
G1 F300 Z13.500
G1 F1500 E2195.9539
G1 F2100 X133.548 Y76.175 E2196.7688
G1 X133.548 Y175.775 E2200.9097
G1 X113.948 Y175.775 E2201.7246
G1 X113.948 Y76.175 E2205.8655
G1 F2400 E2202.8655
G1 F300 Z13.700
G0 F3900 X114.348 Y79.775
G1 F300 Z13.500
G1 F1500 E2205.8655
G1 F2100 X114.348 Y172.175 E2209.7070
G1 X133.148 Y172.175 E2210.4886
G1 X133.148 Y79.775 E2214.3302
G1 X114.348 Y79.775 E2215.1118
G0 F3900 X114.348 Y76.575
;TYPE:WALL-INNER
;WIDTH:0.400
;FLOW:90.0
G1 F2400 X133.148 Y76.575 E2215.8152
G1 X133.148 Y79.375 E2215.9200
G1 X114.348 Y79.375 E2216.6235
G1 X114.348 Y76.575 E2216.7282
G1 F2400 E2213.7282
G1 F300 Z13.700
G0 F3900 X133.289 Y79.634
G0 X133.289 Y172.316
G0 X114.348 Y172.575
G1 F300 Z13.500
G1 F1500 E2216.7282
G1 F2400 X133.148 Y172.575 E2217.4317
G1 X133.148 Y175.375 E2217.5364
G1 X114.348 Y175.375 E2218.2399
G1 X114.348 Y172.575 E2218.3447
G1 F2400 E2215.3447
G1 F300 Z13.700
G0 F3900 X114.207 Y172.316
G0 X114.207 Y79.634
G0 X114.748 Y76.975
G1 F300 Z13.500
G1 F1500 E2218.3447
G1 F2400 X132.748 Y76.975 E2219.0182
G1 X132.748 Y78.975 E2219.0930
G1 X114.748 Y78.975 E2219.7665
G1 X114.748 Y76.975 E2219.8414
G1 F2400 E2216.8414
G1 F300 Z13.700
G0 F3900 X133.289 Y79.634
G0 X133.289 Y172.316
G0 X114.748 Y172.975
G1 F300 Z13.500
G1 F1500 E2219.8414
G1 F2400 X132.748 Y172.975 E2220.5149
G1 X132.748 Y174.975 E2220.5897
G1 X114.748 Y174.975 E2221.2632
G1 X114.748 Y172.975 E2221.3381
G1 F2400 E2218.3381
G1 F300 Z13.700
G0 F3900 X114.207 Y172.316
G0 X114.207 Y79.634
G0 X115.148 Y77.375
G1 F300 Z13.500
G1 F1500 E2221.3381
G1 F2400 X132.348 Y77.375 E2221.9817
G1 X132.348 Y78.575 E2222.0266
G1 X115.148 Y78.575 E2222.6702
G1 X115.148 Y77.375 E2222.7151
G1 F2400 E2219.7151
G1 F300 Z13.700
G0 F3900 X133.289 Y79.634
G0 X133.289 Y172.316
G0 X115.148 Y173.375
G1 F300 Z13.500
G1 F1500 E2222.7151
G1 F2400 X132.348 Y173.375 E2223.3586
G1 X132.348 Y174.575 E2223.4035
G1 X115.148 Y174.575 E2224.0471
G1 X115.148 Y173.375 E2224.0920
;PRINTING_TIME: 2317
;REMAINING_TIME: 954
;LAYER:54
;Z:13.750
;HEIGHT:0.250
;FLOW:100.0
;PRINTING: Flow_Calibration_Cube_0.4_mm.stl
;PRINTING_ID: 0
G1 F2400 E2221.0920
G1 F300 Z13.950
G0 F3900 X115.331 Y173.560
G0 F300 Z13.750
;TYPE:FILL
;WIDTH:0.360
;FLOW:90.0
G1 F300 Z13.750
G1 F1500 E2224.0920
G1 F3600 X116.161 Y174.390 E2224.1316
G0 F3900 X121.151 Y174.390
G1 F3600 X121.984 Y173.557 E2224.1712
G0 F3900 X125.511 Y173.557
G1 F3600 X126.343 Y174.390 E2224.2109
G0 F3900 X131.333 Y174.390
G1 F3600 X132.163 Y173.560 E2224.2504
G1 F2400 E2221.2504
G1 F300 Z13.950
G0 F3900 X114.207 Y172.316
G0 X114.207 Y79.634
G0 X132.163 Y78.386
G1 F300 Z13.750
G1 F1500 E2224.2504
G1 F3600 X131.335 Y77.559 E2224.2898
G0 F3900 X126.342 Y77.559
G1 F3600 X125.510 Y78.390 E2224.3294
G0 F3900 X121.985 Y78.390
G1 F3600 X121.153 Y77.559 E2224.3690
G0 F3900 X116.159 Y77.559
G1 F3600 X115.331 Y78.387 E2224.4084
G1 F2400 E2221.4084
G1 F300 Z13.950
G0 F3900 X113.948 Y76.175
;TYPE:WALL-OUTER
;WIDTH:0.400
;FLOW:100.0
G1 F300 Z13.750
G1 F1500 E2224.4084
G1 F2100 X133.548 Y76.175 E2225.2233
G1 X133.548 Y175.775 E2229.3642
G1 X113.948 Y175.775 E2230.1791
G1 X113.948 Y76.175 E2234.3200
G1 F2400 E2231.3200
G1 F300 Z13.950
G0 F3900 X114.348 Y79.775
G1 F300 Z13.750
G1 F1500 E2234.3200
G1 F2100 X114.348 Y172.175 E2238.1615
G1 X133.148 Y172.175 E2238.9431
G1 X133.148 Y79.775 E2242.7847
G1 X114.348 Y79.775 E2243.5663
G0 F3900 X114.348 Y76.575
;TYPE:WALL-INNER
;WIDTH:0.400
;FLOW:90.0
G1 F2400 X133.148 Y76.575 E2244.2697
G1 X133.148 Y79.375 E2244.3745
G1 X114.348 Y79.375 E2245.0780
G1 X114.348 Y76.575 E2245.1827
G1 F2400 E2242.1827
G1 F300 Z13.950
G0 F3900 X133.289 Y79.634
G0 X133.289 Y172.316
G0 X114.348 Y172.575
G1 F300 Z13.750
G1 F1500 E2245.1827
G1 F2400 X133.148 Y172.575 E2245.8862
G1 X133.148 Y175.375 E2245.9909
G1 X114.348 Y175.375 E2246.6944
G1 X114.348 Y172.575 E2246.7992
G1 F2400 E2243.7992
G1 F300 Z13.950
G0 F3900 X114.207 Y172.316
G0 X114.207 Y79.634
G0 X114.748 Y76.975
G1 F300 Z13.750
G1 F1500 E2246.7992
G1 F2400 X132.748 Y76.975 E2247.4727
G1 X132.748 Y78.975 E2247.5475
G1 X114.748 Y78.975 E2248.2210
G1 X114.748 Y76.975 E2248.2959
G1 F2400 E2245.2959
G1 F300 Z13.950
G0 F3900 X133.289 Y79.634
G0 X133.289 Y172.316
G0 X114.748 Y172.975
G1 F300 Z13.750
G1 F1500 E2248.2959
G1 F2400 X132.748 Y172.975 E2248.9694
G1 X132.748 Y174.975 E2249.0442
G1 X114.748 Y174.975 E2249.7177
G1 X114.748 Y172.975 E2249.7926
G1 F2400 E2246.7926
G1 F300 Z13.950
G0 F3900 X114.207 Y172.316
G0 X114.207 Y79.634
G0 X115.148 Y77.375
G1 F300 Z13.750
G1 F1500 E2249.7926
G1 F2400 X132.348 Y77.375 E2250.4362
G1 X132.348 Y78.575 E2250.4811
G1 X115.148 Y78.575 E2251.1246
G1 X115.148 Y77.375 E2251.1695
G1 F2400 E2248.1695
G1 F300 Z13.950
G0 F3900 X133.289 Y79.634
G0 X133.289 Y172.316
G0 X115.148 Y173.375
G1 F300 Z13.750
G1 F1500 E2251.1695
G1 F2400 X132.348 Y173.375 E2251.8131
G1 X132.348 Y174.575 E2251.8580
G1 X115.148 Y174.575 E2252.5016
G1 X115.148 Y173.375 E2252.5465
;PRINTING_TIME: 2353
;REMAINING_TIME: 919
;LAYER:55
;Z:14.000
;HEIGHT:0.250
;FLOW:100.0
;PRINTING: Flow_Calibration_Cube_0.4_mm.stl
;PRINTING_ID: 0
G1 F2400 E2249.5465
G1 F300 Z14.200
G0 F3900 X115.331 Y173.560
G0 F300 Z14.000
;TYPE:FILL
;WIDTH:0.360
;FLOW:90.0
G1 F300 Z14.000
G1 F1500 E2252.5465
G1 F3600 X116.161 Y174.390 E2252.5860
G0 F3900 X121.151 Y174.390
G1 F3600 X121.984 Y173.557 E2252.6257
G0 F3900 X125.511 Y173.557
G1 F3600 X126.343 Y174.390 E2252.6654
G0 F3900 X131.333 Y174.390
G1 F3600 X132.163 Y173.560 E2252.7049
G1 F2400 E2249.7049
G1 F300 Z14.200
G0 F3900 X114.207 Y172.316
G0 X114.207 Y79.634
G0 X132.163 Y78.386
G1 F300 Z14.000
G1 F1500 E2252.7049
G1 F3600 X131.335 Y77.559 E2252.7443
G0 F3900 X126.342 Y77.559
G1 F3600 X125.510 Y78.390 E2252.7839
G0 F3900 X121.985 Y78.390
G1 F3600 X121.153 Y77.559 E2252.8235
G0 F3900 X116.159 Y77.559
G1 F3600 X115.331 Y78.387 E2252.8629
G1 F2400 E2249.8629
G1 F300 Z14.200
G0 F3900 X113.948 Y76.175
;TYPE:WALL-OUTER
;WIDTH:0.400
;FLOW:100.0
G1 F300 Z14.000
G1 F1500 E2252.8629
G1 F2100 X133.548 Y76.175 E2253.6778
G1 X133.548 Y175.775 E2257.8187
G1 X113.948 Y175.775 E2258.6336
G1 X113.948 Y76.175 E2262.7745
G1 F2400 E2259.7745
G1 F300 Z14.200
G0 F3900 X114.348 Y79.775
G1 F300 Z14.000
G1 F1500 E2262.7745
G1 F2100 X114.348 Y172.175 E2266.6160
G1 X133.148 Y172.175 E2267.3976
G1 X133.148 Y79.775 E2271.2392
G1 X114.348 Y79.775 E2272.0208
G0 F3900 X114.348 Y76.575
;TYPE:WALL-INNER
;WIDTH:0.400
;FLOW:90.0
G1 F2400 X133.148 Y76.575 E2272.7242
G1 X133.148 Y79.375 E2272.8290
G1 X114.348 Y79.375 E2273.5324
G1 X114.348 Y76.575 E2273.6372
G1 F2400 E2270.6372
G1 F300 Z14.200
G0 F3900 X133.289 Y79.634
G0 X133.289 Y172.316
G0 X114.348 Y172.575
G1 F300 Z14.000
G1 F1500 E2273.6372
G1 F2400 X133.148 Y172.575 E2274.3407
G1 X133.148 Y175.375 E2274.4454
G1 X114.348 Y175.375 E2275.1489
G1 X114.348 Y172.575 E2275.2537
G1 F2400 E2272.2537
G1 F300 Z14.200
G0 F3900 X114.207 Y172.316
G0 X114.207 Y79.634
G0 X114.748 Y76.975
G1 F300 Z14.000
G1 F1500 E2275.2537
G1 F2400 X132.748 Y76.975 E2275.9272
G1 X132.748 Y78.975 E2276.0020
G1 X114.748 Y78.975 E2276.6755
G1 X114.748 Y76.975 E2276.7504
G1 F2400 E2273.7504
G1 F300 Z14.200
G0 F3900 X133.289 Y79.634
G0 X133.289 Y172.316
G0 X114.748 Y172.975
G1 F300 Z14.000
G1 F1500 E2276.7504
G1 F2400 X132.748 Y172.975 E2277.4239
G1 X132.748 Y174.975 E2277.4987
G1 X114.748 Y174.975 E2278.1722
G1 X114.748 Y172.975 E2278.2471
G1 F2400 E2275.2471
G1 F300 Z14.200
G0 F3900 X114.207 Y172.316
G0 X114.207 Y79.634
G0 X115.148 Y77.375
G1 F300 Z14.000
G1 F1500 E2278.2471
G1 F2400 X132.348 Y77.375 E2278.8907
G1 X132.348 Y78.575 E2278.9356
G1 X115.148 Y78.575 E2279.5791
G1 X115.148 Y77.375 E2279.6240
G1 F2400 E2276.6240
G1 F300 Z14.200
G0 F3900 X133.289 Y79.634
G0 X133.289 Y172.316
G0 X115.148 Y173.375
G1 F300 Z14.000
G1 F1500 E2279.6240
G1 F2400 X132.348 Y173.375 E2280.2676
G1 X132.348 Y174.575 E2280.3125
G1 X115.148 Y174.575 E2280.9561
G1 X115.148 Y173.375 E2281.0010
;PRINTING_TIME: 2389
;REMAINING_TIME: 883
;LAYER:56
;Z:14.250
;HEIGHT:0.250
;FLOW:100.0
;PRINTING: Flow_Calibration_Cube_0.4_mm.stl
;PRINTING_ID: 0
G1 F2400 E2278.0010
G1 F300 Z14.450
G0 F3900 X115.331 Y173.560
G0 F300 Z14.250
;TYPE:FILL
;WIDTH:0.360
;FLOW:90.0
G1 F300 Z14.250
G1 F1500 E2281.0010
G1 F3600 X116.161 Y174.390 E2281.0405
G0 F3900 X121.151 Y174.390
G1 F3600 X121.984 Y173.557 E2281.0802
G0 F3900 X125.511 Y173.557
G1 F3600 X126.343 Y174.390 E2281.1199
G0 F3900 X131.333 Y174.390
G1 F3600 X132.163 Y173.560 E2281.1594
G1 F2400 E2278.1594
G1 F300 Z14.450
G0 F3900 X114.207 Y172.316
G0 X114.207 Y79.634
G0 X132.163 Y78.386
G1 F300 Z14.250
G1 F1500 E2281.1594
G1 F3600 X131.335 Y77.559 E2281.1988
G0 F3900 X126.342 Y77.559
G1 F3600 X125.510 Y78.390 E2281.2384
G0 F3900 X121.985 Y78.390
G1 F3600 X121.153 Y77.559 E2281.2780
G0 F3900 X116.159 Y77.559
G1 F3600 X115.331 Y78.387 E2281.3174
G1 F2400 E2278.3174
G1 F300 Z14.450
G0 F3900 X113.948 Y76.175
;TYPE:WALL-OUTER
;WIDTH:0.400
;FLOW:100.0
G1 F300 Z14.250
G1 F1500 E2281.3174
G1 F2100 X133.548 Y76.175 E2282.1323
G1 X133.548 Y175.775 E2286.2732
G1 X113.948 Y175.775 E2287.0881
G1 X113.948 Y76.175 E2291.2289
G1 F2400 E2288.2289
G1 F300 Z14.450
G0 F3900 X114.348 Y79.775
G1 F300 Z14.250
G1 F1500 E2291.2289
G1 F2100 X114.348 Y172.175 E2295.0705
G1 X133.148 Y172.175 E2295.8521
G1 X133.148 Y79.775 E2299.6937
G1 X114.348 Y79.775 E2300.4753
G0 F3900 X114.348 Y76.575
;TYPE:WALL-INNER
;WIDTH:0.400
;FLOW:90.0
G1 F2400 X133.148 Y76.575 E2301.1787
G1 X133.148 Y79.375 E2301.2835
G1 X114.348 Y79.375 E2301.9869
G1 X114.348 Y76.575 E2302.0917
G1 F2400 E2299.0917
G1 F300 Z14.450
G0 F3900 X133.289 Y79.634
G0 X133.289 Y172.316
G0 X114.348 Y172.575
G1 F300 Z14.250
G1 F1500 E2302.0917
G1 F2400 X133.148 Y172.575 E2302.7952
G1 X133.148 Y175.375 E2302.8999
G1 X114.348 Y175.375 E2303.6034
G1 X114.348 Y172.575 E2303.7082
G1 F2400 E2300.7082
G1 F300 Z14.450
G0 F3900 X114.207 Y172.316
G0 X114.207 Y79.634
G0 X114.748 Y76.975
G1 F300 Z14.250
G1 F1500 E2303.7082
G1 F2400 X132.748 Y76.975 E2304.3817
G1 X132.748 Y78.975 E2304.4565
G1 X114.748 Y78.975 E2305.1300
G1 X114.748 Y76.975 E2305.2049
G1 F2400 E2302.2049
G1 F300 Z14.450
G0 F3900 X133.289 Y79.634
G0 X133.289 Y172.316
G0 X114.748 Y172.975
G1 F300 Z14.250
G1 F1500 E2305.2049
G1 F2400 X132.748 Y172.975 E2305.8784
G1 X132.748 Y174.975 E2305.9532
G1 X114.748 Y174.975 E2306.6267
G1 X114.748 Y172.975 E2306.7016
G1 F2400 E2303.7016
G1 F300 Z14.450
G0 F3900 X114.207 Y172.316
G0 X114.207 Y79.634
G0 X115.148 Y77.375
G1 F300 Z14.250
G1 F1500 E2306.7016
G1 F2400 X132.348 Y77.375 E2307.3451
G1 X132.348 Y78.575 E2307.3900
G1 X115.148 Y78.575 E2308.0336
G1 X115.148 Y77.375 E2308.0785
G1 F2400 E2305.0785
G1 F300 Z14.450
G0 F3900 X133.289 Y79.634
G0 X133.289 Y172.316
G0 X115.148 Y173.375
G1 F300 Z14.250
G1 F1500 E2308.0785
G1 F2400 X132.348 Y173.375 E2308.7221
G1 X132.348 Y174.575 E2308.7670
G1 X115.148 Y174.575 E2309.4106
G1 X115.148 Y173.375 E2309.4555
;PRINTING_TIME: 2424
;REMAINING_TIME: 847
;LAYER:57
;Z:14.500
;HEIGHT:0.250
;FLOW:100.0
;PRINTING: Flow_Calibration_Cube_0.4_mm.stl
;PRINTING_ID: 0
G1 F2400 E2306.4555
G1 F300 Z14.700
G0 F3900 X115.331 Y173.560
G0 F300 Z14.500
;TYPE:FILL
;WIDTH:0.360
;FLOW:90.0
G1 F300 Z14.500
G1 F1500 E2309.4555
G1 F3600 X116.161 Y174.390 E2309.4950
G0 F3900 X121.151 Y174.390
G1 F3600 X121.984 Y173.557 E2309.5347
G0 F3900 X125.511 Y173.557
G1 F3600 X126.343 Y174.390 E2309.5744
G0 F3900 X131.333 Y174.390
G1 F3600 X132.163 Y173.560 E2309.6139
G1 F2400 E2306.6139
G1 F300 Z14.700
G0 F3900 X114.207 Y172.316
G0 X114.207 Y79.634
G0 X132.163 Y78.386
G1 F300 Z14.500
G1 F1500 E2309.6139
G1 F3600 X131.335 Y77.559 E2309.6533
G0 F3900 X126.342 Y77.559
G1 F3600 X125.510 Y78.390 E2309.6929
G0 F3900 X121.985 Y78.390
G1 F3600 X121.153 Y77.559 E2309.7325
G0 F3900 X116.159 Y77.559
G1 F3600 X115.331 Y78.387 E2309.7719
G1 F2400 E2306.7719
G1 F300 Z14.700
G0 F3900 X113.948 Y76.175
;TYPE:WALL-OUTER
;WIDTH:0.400
;FLOW:100.0
G1 F300 Z14.500
G1 F1500 E2309.7719
G1 F2100 X133.548 Y76.175 E2310.5868
G1 X133.548 Y175.775 E2314.7277
G1 X113.948 Y175.775 E2315.5426
G1 X113.948 Y76.175 E2319.6834
G1 F2400 E2316.6834
G1 F300 Z14.700
G0 F3900 X114.348 Y79.775
G1 F300 Z14.500
G1 F1500 E2319.6834
G1 F2100 X114.348 Y172.175 E2323.5250
G1 X133.148 Y172.175 E2324.3066
G1 X133.148 Y79.775 E2328.1481
G1 X114.348 Y79.775 E2328.9298
G0 F3900 X114.348 Y76.575
;TYPE:WALL-INNER
;WIDTH:0.400
;FLOW:90.0
G1 F2400 X133.148 Y76.575 E2329.6332
G1 X133.148 Y79.375 E2329.7380
G1 X114.348 Y79.375 E2330.4414
G1 X114.348 Y76.575 E2330.5462
G1 F2400 E2327.5462
G1 F300 Z14.700
G0 F3900 X133.289 Y79.634
G0 X133.289 Y172.316
G0 X114.348 Y172.575
G1 F300 Z14.500
G1 F1500 E2330.5462
G1 F2400 X133.148 Y172.575 E2331.2497
G1 X133.148 Y175.375 E2331.3544
G1 X114.348 Y175.375 E2332.0579
G1 X114.348 Y172.575 E2332.1626
G1 F2400 E2329.1626
G1 F300 Z14.700
G0 F3900 X114.207 Y172.316
G0 X114.207 Y79.634
G0 X114.748 Y76.975
G1 F300 Z14.500
G1 F1500 E2332.1626
G1 F2400 X132.748 Y76.975 E2332.8362
G1 X132.748 Y78.975 E2332.9110
G1 X114.748 Y78.975 E2333.5845
G1 X114.748 Y76.975 E2333.6594
G1 F2400 E2330.6594
G1 F300 Z14.700
G0 F3900 X133.289 Y79.634
G0 X133.289 Y172.316
G0 X114.748 Y172.975
G1 F300 Z14.500
G1 F1500 E2333.6594
G1 F2400 X132.748 Y172.975 E2334.3329
G1 X132.748 Y174.975 E2334.4077
G1 X114.748 Y174.975 E2335.0812
G1 X114.748 Y172.975 E2335.1561
G1 F2400 E2332.1561
G1 F300 Z14.700
G0 F3900 X114.207 Y172.316
G0 X114.207 Y79.634
G0 X115.148 Y77.375
G1 F300 Z14.500
G1 F1500 E2335.1561
G1 F2400 X132.348 Y77.375 E2335.7996
G1 X132.348 Y78.575 E2335.8445
G1 X115.148 Y78.575 E2336.4881
G1 X115.148 Y77.375 E2336.5330
G1 F2400 E2333.5330
G1 F300 Z14.700
G0 F3900 X133.289 Y79.634
G0 X133.289 Y172.316
G0 X115.148 Y173.375
G1 F300 Z14.500
G1 F1500 E2336.5330
G1 F2400 X132.348 Y173.375 E2337.1766
G1 X132.348 Y174.575 E2337.2215
G1 X115.148 Y174.575 E2337.8651
G1 X115.148 Y173.375 E2337.9100
;PRINTING_TIME: 2460
;REMAINING_TIME: 811
;LAYER:58
;Z:14.750
;HEIGHT:0.250
;FLOW:100.0
;PRINTING: Flow_Calibration_Cube_0.4_mm.stl
;PRINTING_ID: 0
G1 F2400 E2334.9100
G1 F300 Z14.950
G0 F3900 X115.331 Y173.560
G0 F300 Z14.750
;TYPE:FILL
;WIDTH:0.360
;FLOW:90.0
G1 F300 Z14.750
G1 F1500 E2337.9100
G1 F3600 X116.161 Y174.390 E2337.9495
G0 F3900 X121.151 Y174.390
G1 F3600 X121.984 Y173.557 E2337.9892
G0 F3900 X125.511 Y173.557
G1 F3600 X126.343 Y174.390 E2338.0288
G0 F3900 X131.333 Y174.390
G1 F3600 X132.163 Y173.560 E2338.0684
G1 F2400 E2335.0684
G1 F300 Z14.950
G0 F3900 X114.207 Y172.316
G0 X114.207 Y79.634
G0 X132.163 Y78.386
G1 F300 Z14.750
G1 F1500 E2338.0684
G1 F3600 X131.335 Y77.559 E2338.1078
G0 F3900 X126.342 Y77.559
G1 F3600 X125.510 Y78.390 E2338.1474
G0 F3900 X121.985 Y78.390
G1 F3600 X121.153 Y77.559 E2338.1870
G0 F3900 X116.159 Y77.559
G1 F3600 X115.331 Y78.387 E2338.2264
G1 F2400 E2335.2264
G1 F300 Z14.950
G0 F3900 X113.948 Y76.175
;TYPE:WALL-OUTER
;WIDTH:0.400
;FLOW:100.0
G1 F300 Z14.750
G1 F1500 E2338.2264
G1 F2100 X133.548 Y76.175 E2339.0413
G1 X133.548 Y175.775 E2343.1822
G1 X113.948 Y175.775 E2343.9971
G1 X113.948 Y76.175 E2348.1379
G1 F2400 E2345.1379
G1 F300 Z14.950
G0 F3900 X114.348 Y79.775
G1 F300 Z14.750
G1 F1500 E2348.1379
G1 F2100 X114.348 Y172.175 E2351.9795
G1 X133.148 Y172.175 E2352.7611
G1 X133.148 Y79.775 E2356.6026
G1 X114.348 Y79.775 E2357.3843
G0 F3900 X114.348 Y76.575
;TYPE:WALL-INNER
;WIDTH:0.400
;FLOW:90.0
G1 F2400 X133.148 Y76.575 E2358.0877
G1 X133.148 Y79.375 E2358.1925
G1 X114.348 Y79.375 E2358.8959
G1 X114.348 Y76.575 E2359.0007
G1 F2400 E2356.0007
G1 F300 Z14.950
G0 F3900 X133.289 Y79.634
G0 X133.289 Y172.316
G0 X114.348 Y172.575
G1 F300 Z14.750
G1 F1500 E2359.0007
G1 F2400 X133.148 Y172.575 E2359.7041
G1 X133.148 Y175.375 E2359.8089
G1 X114.348 Y175.375 E2360.5124
G1 X114.348 Y172.575 E2360.6171
G1 F2400 E2357.6171
G1 F300 Z14.950
G0 F3900 X114.207 Y172.316
G0 X114.207 Y79.634
G0 X114.748 Y76.975
G1 F300 Z14.750
G1 F1500 E2360.6171
G1 F2400 X132.748 Y76.975 E2361.2907
G1 X132.748 Y78.975 E2361.3655
G1 X114.748 Y78.975 E2362.0390
G1 X114.748 Y76.975 E2362.1138
G1 F2400 E2359.1138
G1 F300 Z14.950
G0 F3900 X133.289 Y79.634
G0 X133.289 Y172.316
G0 X114.748 Y172.975
G1 F300 Z14.750
G1 F1500 E2362.1138
G1 F2400 X132.748 Y172.975 E2362.7874
G1 X132.748 Y174.975 E2362.8622
G1 X114.748 Y174.975 E2363.5357
G1 X114.748 Y172.975 E2363.6106
G1 F2400 E2360.6106
G1 F300 Z14.950
G0 F3900 X114.207 Y172.316
G0 X114.207 Y79.634
G0 X115.148 Y77.375
G1 F300 Z14.750
G1 F1500 E2363.6106
G1 F2400 X132.348 Y77.375 E2364.2541
G1 X132.348 Y78.575 E2364.2990
G1 X115.148 Y78.575 E2364.9426
G1 X115.148 Y77.375 E2364.9875
G1 F2400 E2361.9875
G1 F300 Z14.950
G0 F3900 X133.289 Y79.634
G0 X133.289 Y172.316
G0 X115.148 Y173.375
G1 F300 Z14.750
G1 F1500 E2364.9875
G1 F2400 X132.348 Y173.375 E2365.6311
G1 X132.348 Y174.575 E2365.6760
G1 X115.148 Y174.575 E2366.3196
G1 X115.148 Y173.375 E2366.3645
;PRINTING_TIME: 2496
;REMAINING_TIME: 776
;LAYER:59
;Z:15.000
;HEIGHT:0.250
;FLOW:100.0
;PRINTING: Flow_Calibration_Cube_0.4_mm.stl
;PRINTING_ID: 0
G1 F2400 E2363.3645
G1 F300 Z15.200
G0 F3900 X115.331 Y173.560
G0 F300 Z15.000
;TYPE:FILL
;WIDTH:0.360
;FLOW:90.0
G1 F300 Z15.000
G1 F1500 E2366.3645
G1 F3600 X116.161 Y174.390 E2366.4040
G0 F3900 X121.151 Y174.390
G1 F3600 X121.984 Y173.557 E2366.4437
G0 F3900 X125.511 Y173.557
G1 F3600 X126.343 Y174.390 E2366.4833
G0 F3900 X131.333 Y174.390
G1 F3600 X132.163 Y173.560 E2366.5229
G1 F2400 E2363.5229
G1 F300 Z15.200
G0 F3900 X114.207 Y172.316
G0 X114.207 Y79.634
G0 X132.163 Y78.386
G1 F300 Z15.000
G1 F1500 E2366.5229
G1 F3600 X131.335 Y77.559 E2366.5623
G0 F3900 X126.342 Y77.559
G1 F3600 X125.510 Y78.390 E2366.6019
G0 F3900 X121.985 Y78.390
G1 F3600 X121.153 Y77.559 E2366.6415
G0 F3900 X116.159 Y77.559
G1 F3600 X115.331 Y78.387 E2366.6809
G1 F2400 E2363.6809
G1 F300 Z15.200
G0 F3900 X113.948 Y76.175
;TYPE:WALL-OUTER
;WIDTH:0.400
;FLOW:100.0
G1 F300 Z15.000
G1 F1500 E2366.6809
G1 F2100 X133.548 Y76.175 E2367.4958
G1 X133.548 Y175.775 E2371.6367
G1 X113.948 Y175.775 E2372.4515
G1 X113.948 Y76.175 E2376.5924
G1 F2400 E2373.5924
G1 F300 Z15.200
G0 F3900 X114.348 Y79.775
G1 F300 Z15.000
G1 F1500 E2376.5924
G1 F2100 X114.348 Y172.175 E2380.4340
G1 X133.148 Y172.175 E2381.2156
G1 X133.148 Y79.775 E2385.0571
G1 X114.348 Y79.775 E2385.8387
G0 F3900 X114.348 Y76.575
;TYPE:WALL-INNER
;WIDTH:0.400
;FLOW:90.0
G1 F2400 X133.148 Y76.575 E2386.5422
G1 X133.148 Y79.375 E2386.6470
G1 X114.348 Y79.375 E2387.3504
G1 X114.348 Y76.575 E2387.4552
G1 F2400 E2384.4552
G1 F300 Z15.200
G0 F3900 X133.289 Y79.634
G0 X133.289 Y172.316
G0 X114.348 Y172.575
G1 F300 Z15.000
G1 F1500 E2387.4552
G1 F2400 X133.148 Y172.575 E2388.1586
G1 X133.148 Y175.375 E2388.2634
G1 X114.348 Y175.375 E2388.9669
G1 X114.348 Y172.575 E2389.0716
G1 F2400 E2386.0716
G1 F300 Z15.200
G0 F3900 X114.207 Y172.316
G0 X114.207 Y79.634
G0 X114.748 Y76.975
G1 F300 Z15.000
G1 F1500 E2389.0716
G1 F2400 X132.748 Y76.975 E2389.7452
G1 X132.748 Y78.975 E2389.8200
G1 X114.748 Y78.975 E2390.4935
G1 X114.748 Y76.975 E2390.5683
G1 F2400 E2387.5683
G1 F300 Z15.200
G0 F3900 X133.289 Y79.634
G0 X133.289 Y172.316
G0 X114.748 Y172.975
G1 F300 Z15.000
G1 F1500 E2390.5683
G1 F2400 X132.748 Y172.975 E2391.2419
G1 X132.748 Y174.975 E2391.3167
G1 X114.748 Y174.975 E2391.9902
G1 X114.748 Y172.975 E2392.0650
G1 F2400 E2389.0650
G1 F300 Z15.200
G0 F3900 X114.207 Y172.316
G0 X114.207 Y79.634
G0 X115.148 Y77.375
G1 F300 Z15.000
G1 F1500 E2392.0650
G1 F2400 X132.348 Y77.375 E2392.7086
G1 X132.348 Y78.575 E2392.7535
G1 X115.148 Y78.575 E2393.3971
G1 X115.148 Y77.375 E2393.4420
G1 F2400 E2390.4420
G1 F300 Z15.200
G0 F3900 X133.289 Y79.634
G0 X133.289 Y172.316
G0 X115.148 Y173.375
G1 F300 Z15.000
G1 F1500 E2393.4420
G1 F2400 X132.348 Y173.375 E2394.0856
G1 X132.348 Y174.575 E2394.1305
G1 X115.148 Y174.575 E2394.7741
G1 X115.148 Y173.375 E2394.8190
;PRINTING_TIME: 2532
;REMAINING_TIME: 740
;LAYER:60
;Z:15.250
;HEIGHT:0.250
;FLOW:100.0
;PRINTING: Flow_Calibration_Cube_0.4_mm.stl
;PRINTING_ID: 0
G1 F2400 E2391.8190
G1 F300 Z15.450
G0 F3900 X115.331 Y173.560
G0 F300 Z15.250
;TYPE:FILL
;WIDTH:0.360
;FLOW:90.0
G1 F300 Z15.250
G1 F1500 E2394.8190
G1 F3600 X116.161 Y174.390 E2394.8585
G0 F3900 X121.151 Y174.390
G1 F3600 X121.984 Y173.557 E2394.8982
G0 F3900 X125.511 Y173.557
G1 F3600 X126.343 Y174.390 E2394.9378
G0 F3900 X131.333 Y174.390
G1 F3600 X132.163 Y173.560 E2394.9774
G1 F2400 E2391.9774
G1 F300 Z15.450
G0 F3900 X114.207 Y172.316
G0 X114.207 Y79.634
G0 X132.163 Y78.386
G1 F300 Z15.250
G1 F1500 E2394.9774
G1 F3600 X131.335 Y77.559 E2395.0168
G0 F3900 X126.342 Y77.559
G1 F3600 X125.510 Y78.390 E2395.0564
G0 F3900 X121.985 Y78.390
G1 F3600 X121.153 Y77.559 E2395.0960
G0 F3900 X116.159 Y77.559
G1 F3600 X115.331 Y78.387 E2395.1354
G1 F2400 E2392.1354
G1 F300 Z15.450
G0 F3900 X113.948 Y76.175
;TYPE:WALL-OUTER
;WIDTH:0.400
;FLOW:100.0
G1 F300 Z15.250
G1 F1500 E2395.1354
G1 F2100 X133.548 Y76.175 E2395.9503
G1 X133.548 Y175.775 E2400.0912
G1 X113.948 Y175.775 E2400.9060
G1 X113.948 Y76.175 E2405.0469
G1 F2400 E2402.0469
G1 F300 Z15.450
G0 F3900 X114.348 Y79.775
G1 F300 Z15.250
G1 F1500 E2405.0469
G1 F2100 X114.348 Y172.175 E2408.8885
G1 X133.148 Y172.175 E2409.6701
G1 X133.148 Y79.775 E2413.5116
G1 X114.348 Y79.775 E2414.2932
G0 F3900 X114.348 Y76.575
;TYPE:WALL-INNER
;WIDTH:0.400
;FLOW:90.0
G1 F2400 X133.148 Y76.575 E2414.9967
G1 X133.148 Y79.375 E2415.1015
G1 X114.348 Y79.375 E2415.8049
G1 X114.348 Y76.575 E2415.9097
G1 F2400 E2412.9097
G1 F300 Z15.450
G0 F3900 X133.289 Y79.634
G0 X133.289 Y172.316
G0 X114.348 Y172.575
G1 F300 Z15.250
G1 F1500 E2415.9097
G1 F2400 X133.148 Y172.575 E2416.6131
G1 X133.148 Y175.375 E2416.7179
G1 X114.348 Y175.375 E2417.4214
G1 X114.348 Y172.575 E2417.5261
G1 F2400 E2414.5261
G1 F300 Z15.450
G0 F3900 X114.207 Y172.316
G0 X114.207 Y79.634
G0 X114.748 Y76.975
G1 F300 Z15.250
G1 F1500 E2417.5261
G1 F2400 X132.748 Y76.975 E2418.1996
G1 X132.748 Y78.975 E2418.2745
G1 X114.748 Y78.975 E2418.9480
G1 X114.748 Y76.975 E2419.0228
G1 F2400 E2416.0228
G1 F300 Z15.450
G0 F3900 X133.289 Y79.634
G0 X133.289 Y172.316
G0 X114.748 Y172.975
G1 F300 Z15.250
G1 F1500 E2419.0228
G1 F2400 X132.748 Y172.975 E2419.6964
G1 X132.748 Y174.975 E2419.7712
G1 X114.748 Y174.975 E2420.4447
G1 X114.748 Y172.975 E2420.5195
G1 F2400 E2417.5195
G1 F300 Z15.450
G0 F3900 X114.207 Y172.316
G0 X114.207 Y79.634
G0 X115.148 Y77.375
G1 F300 Z15.250
G1 F1500 E2420.5195
G1 F2400 X132.348 Y77.375 E2421.1631
G1 X132.348 Y78.575 E2421.2080
G1 X115.148 Y78.575 E2421.8516
G1 X115.148 Y77.375 E2421.8965
G1 F2400 E2418.8965
G1 F300 Z15.450
G0 F3900 X133.289 Y79.634
G0 X133.289 Y172.316
G0 X115.148 Y173.375
G1 F300 Z15.250
G1 F1500 E2421.8965
G1 F2400 X132.348 Y173.375 E2422.5401
G1 X132.348 Y174.575 E2422.5850
G1 X115.148 Y174.575 E2423.2286
G1 X115.148 Y173.375 E2423.2735
;PRINTING_TIME: 2567
;REMAINING_TIME: 704
;LAYER:61
;Z:15.500
;HEIGHT:0.250
;FLOW:100.0
;PRINTING: Flow_Calibration_Cube_0.4_mm.stl
;PRINTING_ID: 0
G1 F2400 E2420.2735
G1 F300 Z15.700
G0 F3900 X115.331 Y173.560
G0 F300 Z15.500
;TYPE:FILL
;WIDTH:0.360
;FLOW:90.0
G1 F300 Z15.500
G1 F1500 E2423.2735
G1 F3600 X116.161 Y174.390 E2423.3130
G0 F3900 X121.151 Y174.390
G1 F3600 X121.984 Y173.557 E2423.3527
G0 F3900 X125.511 Y173.557
G1 F3600 X126.343 Y174.390 E2423.3923
G0 F3900 X131.333 Y174.390
G1 F3600 X132.163 Y173.560 E2423.4319
G1 F2400 E2420.4319
G1 F300 Z15.700
G0 F3900 X114.207 Y172.316
G0 X114.207 Y79.634
G0 X132.163 Y78.386
G1 F300 Z15.500
G1 F1500 E2423.4319
G1 F3600 X131.335 Y77.559 E2423.4713
G0 F3900 X126.342 Y77.559
G1 F3600 X125.510 Y78.390 E2423.5109
G0 F3900 X121.985 Y78.390
G1 F3600 X121.153 Y77.559 E2423.5505
G0 F3900 X116.159 Y77.559
G1 F3600 X115.331 Y78.387 E2423.5899
G1 F2400 E2420.5899
G1 F300 Z15.700
G0 F3900 X113.948 Y76.175
;TYPE:WALL-OUTER
;WIDTH:0.400
;FLOW:100.0
G1 F300 Z15.500
G1 F1500 E2423.5899
G1 F2100 X133.548 Y76.175 E2424.4048
G1 X133.548 Y175.775 E2428.5457
G1 X113.948 Y175.775 E2429.3605
G1 X113.948 Y76.175 E2433.5014
G1 F2400 E2430.5014
G1 F300 Z15.700
G0 F3900 X114.348 Y79.775
G1 F300 Z15.500
G1 F1500 E2433.5014
G1 F2100 X114.348 Y172.175 E2437.3430
G1 X133.148 Y172.175 E2438.1246
G1 X133.148 Y79.775 E2441.9661
G1 X114.348 Y79.775 E2442.7477
G0 F3900 X114.348 Y76.575
;TYPE:WALL-INNER
;WIDTH:0.400
;FLOW:90.0
G1 F2400 X133.148 Y76.575 E2443.4512
G1 X133.148 Y79.375 E2443.5560
G1 X114.348 Y79.375 E2444.2594
G1 X114.348 Y76.575 E2444.3642
G1 F2400 E2441.3642
G1 F300 Z15.700
G0 F3900 X133.289 Y79.634
G0 X133.289 Y172.316
G0 X114.348 Y172.575
G1 F300 Z15.500
G1 F1500 E2444.3642
G1 F2400 X133.148 Y172.575 E2445.0676
G1 X133.148 Y175.375 E2445.1724
G1 X114.348 Y175.375 E2445.8759
G1 X114.348 Y172.575 E2445.9806
G1 F2400 E2442.9806
G1 F300 Z15.700
G0 F3900 X114.207 Y172.316
G0 X114.207 Y79.634
G0 X114.748 Y76.975
G1 F300 Z15.500
G1 F1500 E2445.9806
G1 F2400 X132.748 Y76.975 E2446.6541
G1 X132.748 Y78.975 E2446.7290
G1 X114.748 Y78.975 E2447.4025
G1 X114.748 Y76.975 E2447.4773
G1 F2400 E2444.4773
G1 F300 Z15.700
G0 F3900 X133.289 Y79.634
G0 X133.289 Y172.316
G0 X114.748 Y172.975
G1 F300 Z15.500
G1 F1500 E2447.4773
G1 F2400 X132.748 Y172.975 E2448.1508
G1 X132.748 Y174.975 E2448.2257
G1 X114.748 Y174.975 E2448.8992
G1 X114.748 Y172.975 E2448.9740
G1 F2400 E2445.9740
G1 F300 Z15.700
G0 F3900 X114.207 Y172.316
G0 X114.207 Y79.634
G0 X115.148 Y77.375
G1 F300 Z15.500
G1 F1500 E2448.9740
G1 F2400 X132.348 Y77.375 E2449.6176
G1 X132.348 Y78.575 E2449.6625
G1 X115.148 Y78.575 E2450.3061
G1 X115.148 Y77.375 E2450.3510
G1 F2400 E2447.3510
G1 F300 Z15.700
G0 F3900 X133.289 Y79.634
G0 X133.289 Y172.316
G0 X115.148 Y173.375
G1 F300 Z15.500
G1 F1500 E2450.3510
G1 F2400 X132.348 Y173.375 E2450.9946
G1 X132.348 Y174.575 E2451.0395
G1 X115.148 Y174.575 E2451.6831
G1 X115.148 Y173.375 E2451.7280
;PRINTING_TIME: 2603
;REMAINING_TIME: 668
;LAYER:62
;Z:15.750
;HEIGHT:0.250
;FLOW:100.0
;PRINTING: Flow_Calibration_Cube_0.4_mm.stl
;PRINTING_ID: 0
G1 F2400 E2448.7280
G1 F300 Z15.950
G0 F3900 X115.331 Y173.560
G0 F300 Z15.750
;TYPE:FILL
;WIDTH:0.360
;FLOW:90.0
G1 F300 Z15.750
G1 F1500 E2451.7280
G1 F3600 X116.161 Y174.390 E2451.7675
G0 F3900 X121.151 Y174.390
G1 F3600 X121.984 Y173.557 E2451.8072
G0 F3900 X125.511 Y173.557
G1 F3600 X126.343 Y174.390 E2451.8468
G0 F3900 X131.333 Y174.390
G1 F3600 X132.163 Y173.560 E2451.8864
G1 F2400 E2448.8864
G1 F300 Z15.950
G0 F3900 X114.207 Y172.316
G0 X114.207 Y79.634
G0 X132.163 Y78.386
G1 F300 Z15.750
G1 F1500 E2451.8864
G1 F3600 X131.335 Y77.559 E2451.9258
G0 F3900 X126.342 Y77.559
G1 F3600 X125.510 Y78.390 E2451.9654
G0 F3900 X121.985 Y78.390
G1 F3600 X121.153 Y77.559 E2452.0050
G0 F3900 X116.159 Y77.559
G1 F3600 X115.331 Y78.387 E2452.0444
G1 F2400 E2449.0444
G1 F300 Z15.950
G0 F3900 X113.948 Y76.175
;TYPE:WALL-OUTER
;WIDTH:0.400
;FLOW:100.0
G1 F300 Z15.750
G1 F1500 E2452.0444
G1 F2100 X133.548 Y76.175 E2452.8593
G1 X133.548 Y175.775 E2457.0002
G1 X113.948 Y175.775 E2457.8150
G1 X113.948 Y76.175 E2461.9559
G1 F2400 E2458.9559
G1 F300 Z15.950
G0 F3900 X114.348 Y79.775
G1 F300 Z15.750
G1 F1500 E2461.9559
G1 F2100 X114.348 Y172.175 E2465.7975
G1 X133.148 Y172.175 E2466.5791
G1 X133.148 Y79.775 E2470.4206
G1 X114.348 Y79.775 E2471.2022
G0 F3900 X114.348 Y76.575
;TYPE:WALL-INNER
;WIDTH:0.400
;FLOW:90.0
G1 F2400 X133.148 Y76.575 E2471.9057
G1 X133.148 Y79.375 E2472.0105
G1 X114.348 Y79.375 E2472.7139
G1 X114.348 Y76.575 E2472.8187
G1 F2400 E2469.8187
G1 F300 Z15.950
G0 F3900 X133.289 Y79.634
G0 X133.289 Y172.316
G0 X114.348 Y172.575
G1 F300 Z15.750
G1 F1500 E2472.8187
G1 F2400 X133.148 Y172.575 E2473.5221
G1 X133.148 Y175.375 E2473.6269
G1 X114.348 Y175.375 E2474.3303
G1 X114.348 Y172.575 E2474.4351
G1 F2400 E2471.4351
G1 F300 Z15.950
G0 F3900 X114.207 Y172.316
G0 X114.207 Y79.634
G0 X114.748 Y76.975
G1 F300 Z15.750
G1 F1500 E2474.4351
G1 F2400 X132.748 Y76.975 E2475.1086
G1 X132.748 Y78.975 E2475.1835
G1 X114.748 Y78.975 E2475.8570
G1 X114.748 Y76.975 E2475.9318
G1 F2400 E2472.9318
G1 F300 Z15.950
G0 F3900 X133.289 Y79.634
G0 X133.289 Y172.316
G0 X114.748 Y172.975
G1 F300 Z15.750
G1 F1500 E2475.9318
G1 F2400 X132.748 Y172.975 E2476.6053
G1 X132.748 Y174.975 E2476.6802
G1 X114.748 Y174.975 E2477.3537
G1 X114.748 Y172.975 E2477.4285
G1 F2400 E2474.4285
G1 F300 Z15.950
G0 F3900 X114.207 Y172.316
G0 X114.207 Y79.634
G0 X115.148 Y77.375
G1 F300 Z15.750
G1 F1500 E2477.4285
G1 F2400 X132.348 Y77.375 E2478.0721
G1 X132.348 Y78.575 E2478.1170
G1 X115.148 Y78.575 E2478.7606
G1 X115.148 Y77.375 E2478.8055
G1 F2400 E2475.8055
G1 F300 Z15.950
G0 F3900 X133.289 Y79.634
G0 X133.289 Y172.316
G0 X115.148 Y173.375
G1 F300 Z15.750
G1 F1500 E2478.8055
G1 F2400 X132.348 Y173.375 E2479.4491
G1 X132.348 Y174.575 E2479.4940
G1 X115.148 Y174.575 E2480.1376
G1 X115.148 Y173.375 E2480.1825
;PRINTING_TIME: 2639
;REMAINING_TIME: 633
;LAYER:63
;Z:16.000
;HEIGHT:0.250
;FLOW:100.0
;PRINTING: Flow_Calibration_Cube_0.4_mm.stl
;PRINTING_ID: 0
G1 F2400 E2477.1825
G1 F300 Z16.200
G0 F3900 X115.331 Y173.560
G0 F300 Z16.000
;TYPE:FILL
;WIDTH:0.360
;FLOW:90.0
G1 F300 Z16.000
G1 F1500 E2480.1825
G1 F3600 X116.161 Y174.390 E2480.2220
G0 F3900 X121.151 Y174.390
G1 F3600 X121.984 Y173.557 E2480.2617
G0 F3900 X125.511 Y173.557
G1 F3600 X126.343 Y174.390 E2480.3013
G0 F3900 X131.333 Y174.390
G1 F3600 X132.163 Y173.560 E2480.3408
G1 F2400 E2477.3408
G1 F300 Z16.200
G0 F3900 X114.207 Y172.316
G0 X114.207 Y79.634
G0 X132.163 Y78.386
G1 F300 Z16.000
G1 F1500 E2480.3408
G1 F3600 X131.335 Y77.559 E2480.3803
G0 F3900 X126.342 Y77.559
G1 F3600 X125.510 Y78.390 E2480.4199
G0 F3900 X121.985 Y78.390
G1 F3600 X121.153 Y77.559 E2480.4595
G0 F3900 X116.159 Y77.559
G1 F3600 X115.331 Y78.387 E2480.4989
G1 F2400 E2477.4989
G1 F300 Z16.200
G0 F3900 X113.948 Y76.175
;TYPE:WALL-OUTER
;WIDTH:0.400
;FLOW:100.0
G1 F300 Z16.000
G1 F1500 E2480.4989
G1 F2100 X133.548 Y76.175 E2481.3138
G1 X133.548 Y175.775 E2485.4546
G1 X113.948 Y175.775 E2486.2695
G1 X113.948 Y76.175 E2490.4104
G1 F2400 E2487.4104
G1 F300 Z16.200
G0 F3900 X114.348 Y79.775
G1 F300 Z16.000
G1 F1500 E2490.4104
G1 F2100 X114.348 Y172.175 E2494.2520
G1 X133.148 Y172.175 E2495.0336
G1 X133.148 Y79.775 E2498.8751
G1 X114.348 Y79.775 E2499.6567
G0 F3900 X114.348 Y76.575
;TYPE:WALL-INNER
;WIDTH:0.400
;FLOW:90.0
G1 F2400 X133.148 Y76.575 E2500.3602
G1 X133.148 Y79.375 E2500.4649
G1 X114.348 Y79.375 E2501.1684
G1 X114.348 Y76.575 E2501.2732
G1 F2400 E2498.2732
G1 F300 Z16.200
G0 F3900 X133.289 Y79.634
G0 X133.289 Y172.316
G0 X114.348 Y172.575
G1 F300 Z16.000
G1 F1500 E2501.2732
G1 F2400 X133.148 Y172.575 E2501.9766
G1 X133.148 Y175.375 E2502.0814
G1 X114.348 Y175.375 E2502.7848
G1 X114.348 Y172.575 E2502.8896
G1 F2400 E2499.8896
G1 F300 Z16.200
G0 F3900 X114.207 Y172.316
G0 X114.207 Y79.634
G0 X114.748 Y76.975
G1 F300 Z16.000
G1 F1500 E2502.8896
G1 F2400 X132.748 Y76.975 E2503.5631
G1 X132.748 Y78.975 E2503.6380
G1 X114.748 Y78.975 E2504.3115
G1 X114.748 Y76.975 E2504.3863
G1 F2400 E2501.3863
G1 F300 Z16.200
G0 F3900 X133.289 Y79.634
G0 X133.289 Y172.316
G0 X114.748 Y172.975
G1 F300 Z16.000
G1 F1500 E2504.3863
G1 F2400 X132.748 Y172.975 E2505.0598
G1 X132.748 Y174.975 E2505.1347
G1 X114.748 Y174.975 E2505.8082
G1 X114.748 Y172.975 E2505.8830
G1 F2400 E2502.8830
G1 F300 Z16.200
G0 F3900 X114.207 Y172.316
G0 X114.207 Y79.634
G0 X115.148 Y77.375
G1 F300 Z16.000
G1 F1500 E2505.8830
G1 F2400 X132.348 Y77.375 E2506.5266
G1 X132.348 Y78.575 E2506.5715
G1 X115.148 Y78.575 E2507.2151
G1 X115.148 Y77.375 E2507.2600
G1 F2400 E2504.2600
G1 F300 Z16.200
G0 F3900 X133.289 Y79.634
G0 X133.289 Y172.316
G0 X115.148 Y173.375
G1 F300 Z16.000
G1 F1500 E2507.2600
G1 F2400 X132.348 Y173.375 E2507.9036
G1 X132.348 Y174.575 E2507.9485
G1 X115.148 Y174.575 E2508.5921
G1 X115.148 Y173.375 E2508.6370
;PRINTING_TIME: 2675
;REMAINING_TIME: 597
;LAYER:64
;Z:16.250
;HEIGHT:0.250
;FLOW:100.0
;PRINTING: Flow_Calibration_Cube_0.4_mm.stl
;PRINTING_ID: 0
G1 F2400 E2505.6370
G1 F300 Z16.450
G0 F3900 X115.331 Y173.560
G0 F300 Z16.250
;TYPE:FILL
;WIDTH:0.360
;FLOW:90.0
G1 F300 Z16.250
G1 F1500 E2508.6370
G1 F3600 X116.161 Y174.390 E2508.6765
G0 F3900 X121.151 Y174.390
G1 F3600 X121.984 Y173.557 E2508.7162
G0 F3900 X125.511 Y173.557
G1 F3600 X126.343 Y174.390 E2508.7558
G0 F3900 X131.333 Y174.390
G1 F3600 X132.163 Y173.560 E2508.7953
G1 F2400 E2505.7953
G1 F300 Z16.450
G0 F3900 X114.207 Y172.316
G0 X114.207 Y79.634
G0 X132.163 Y78.386
G1 F300 Z16.250
G1 F1500 E2508.7953
G1 F3600 X131.335 Y77.559 E2508.8347
G0 F3900 X126.342 Y77.559
G1 F3600 X125.510 Y78.390 E2508.8743
G0 F3900 X121.985 Y78.390
G1 F3600 X121.153 Y77.559 E2508.9139
G0 F3900 X116.159 Y77.559
G1 F3600 X115.331 Y78.387 E2508.9534
G1 F2400 E2505.9534
G1 F300 Z16.450
G0 F3900 X113.948 Y76.175
;TYPE:WALL-OUTER
;WIDTH:0.400
;FLOW:100.0
G1 F300 Z16.250
G1 F1500 E2508.9534
G1 F2100 X133.548 Y76.175 E2509.7683
G1 X133.548 Y175.775 E2513.9091
G1 X113.948 Y175.775 E2514.7240
G1 X113.948 Y76.175 E2518.8649
G1 F2400 E2515.8649
G1 F300 Z16.450
G0 F3900 X114.348 Y79.775
G1 F300 Z16.250
G1 F1500 E2518.8649
G1 F2100 X114.348 Y172.175 E2522.7064
G1 X133.148 Y172.175 E2523.4881
G1 X133.148 Y79.775 E2527.3296
G1 X114.348 Y79.775 E2528.1112
G0 F3900 X114.348 Y76.575
;TYPE:WALL-INNER
;WIDTH:0.400
;FLOW:90.0
G1 F2400 X133.148 Y76.575 E2528.8147
G1 X133.148 Y79.375 E2528.9194
G1 X114.348 Y79.375 E2529.6229
G1 X114.348 Y76.575 E2529.7277
G1 F2400 E2526.7277
G1 F300 Z16.450
G0 F3900 X133.289 Y79.634
G0 X133.289 Y172.316
G0 X114.348 Y172.575
G1 F300 Z16.250
G1 F1500 E2529.7277
G1 F2400 X133.148 Y172.575 E2530.4311
G1 X133.148 Y175.375 E2530.5359
G1 X114.348 Y175.375 E2531.2393
G1 X114.348 Y172.575 E2531.3441
G1 F2400 E2528.3441
G1 F300 Z16.450
G0 F3900 X114.207 Y172.316
G0 X114.207 Y79.634
G0 X114.748 Y76.975
G1 F300 Z16.250
G1 F1500 E2531.3441
G1 F2400 X132.748 Y76.975 E2532.0176
G1 X132.748 Y78.975 E2532.0925
G1 X114.748 Y78.975 E2532.7660
G1 X114.748 Y76.975 E2532.8408
G1 F2400 E2529.8408
G1 F300 Z16.450
G0 F3900 X133.289 Y79.634
G0 X133.289 Y172.316
G0 X114.748 Y172.975
G1 F300 Z16.250
G1 F1500 E2532.8408
G1 F2400 X132.748 Y172.975 E2533.5143
G1 X132.748 Y174.975 E2533.5892
G1 X114.748 Y174.975 E2534.2627
G1 X114.748 Y172.975 E2534.3375
G1 F2400 E2531.3375
G1 F300 Z16.450
G0 F3900 X114.207 Y172.316
G0 X114.207 Y79.634
G0 X115.148 Y77.375
G1 F300 Z16.250
G1 F1500 E2534.3375
G1 F2400 X132.348 Y77.375 E2534.9811
G1 X132.348 Y78.575 E2535.0260
G1 X115.148 Y78.575 E2535.6696
G1 X115.148 Y77.375 E2535.7145
G1 F2400 E2532.7145
G1 F300 Z16.450
G0 F3900 X133.289 Y79.634
G0 X133.289 Y172.316
G0 X115.148 Y173.375
G1 F300 Z16.250
G1 F1500 E2535.7145
G1 F2400 X132.348 Y173.375 E2536.3581
G1 X132.348 Y174.575 E2536.4030
G1 X115.148 Y174.575 E2537.0466
G1 X115.148 Y173.375 E2537.0915
;PRINTING_TIME: 2711
;REMAINING_TIME: 561
;LAYER:65
;Z:16.500
;HEIGHT:0.250
;FLOW:100.0
;PRINTING: Flow_Calibration_Cube_0.4_mm.stl
;PRINTING_ID: 0
G1 F2400 E2534.0915
G1 F300 Z16.700
G0 F3900 X115.331 Y173.560
G0 F300 Z16.500
;TYPE:FILL
;WIDTH:0.360
;FLOW:90.0
G1 F300 Z16.500
G1 F1500 E2537.0915
G1 F3600 X116.161 Y174.390 E2537.1310
G0 F3900 X121.151 Y174.390
G1 F3600 X121.984 Y173.557 E2537.1707
G0 F3900 X125.511 Y173.557
G1 F3600 X126.343 Y174.390 E2537.2103
G0 F3900 X131.333 Y174.390
G1 F3600 X132.163 Y173.560 E2537.2498
G1 F2400 E2534.2498
G1 F300 Z16.700
G0 F3900 X114.207 Y172.316
G0 X114.207 Y79.634
G0 X132.163 Y78.386
G1 F300 Z16.500
G1 F1500 E2537.2498
G1 F3600 X131.335 Y77.559 E2537.2892
G0 F3900 X126.342 Y77.559
G1 F3600 X125.510 Y78.390 E2537.3288
G0 F3900 X121.985 Y78.390
G1 F3600 X121.153 Y77.559 E2537.3684
G0 F3900 X116.159 Y77.559
G1 F3600 X115.331 Y78.387 E2537.4079
G1 F2400 E2534.4079
G1 F300 Z16.700
G0 F3900 X113.948 Y76.175
;TYPE:WALL-OUTER
;WIDTH:0.400
;FLOW:100.0
G1 F300 Z16.500
G1 F1500 E2537.4079
G1 F2100 X133.548 Y76.175 E2538.2227
G1 X133.548 Y175.775 E2542.3636
G1 X113.948 Y175.775 E2543.1785
G1 X113.948 Y76.175 E2547.3194
G1 F2400 E2544.3194
G1 F300 Z16.700
G0 F3900 X114.348 Y79.775
G1 F300 Z16.500
G1 F1500 E2547.3194
G1 F2100 X114.348 Y172.175 E2551.1609
G1 X133.148 Y172.175 E2551.9426
G1 X133.148 Y79.775 E2555.7841
G1 X114.348 Y79.775 E2556.5657
G0 F3900 X114.348 Y76.575
;TYPE:WALL-INNER
;WIDTH:0.400
;FLOW:90.0
G1 F2400 X133.148 Y76.575 E2557.2692
G1 X133.148 Y79.375 E2557.3739
G1 X114.348 Y79.375 E2558.0774
G1 X114.348 Y76.575 E2558.1822
G1 F2400 E2555.1822
G1 F300 Z16.700
G0 F3900 X133.289 Y79.634
G0 X133.289 Y172.316
G0 X114.348 Y172.575
G1 F300 Z16.500
G1 F1500 E2558.1822
G1 F2400 X133.148 Y172.575 E2558.8856
G1 X133.148 Y175.375 E2558.9904
G1 X114.348 Y175.375 E2559.6938
G1 X114.348 Y172.575 E2559.7986
G1 F2400 E2556.7986
G1 F300 Z16.700
G0 F3900 X114.207 Y172.316
G0 X114.207 Y79.634
G0 X114.748 Y76.975
G1 F300 Z16.500
G1 F1500 E2559.7986
G1 F2400 X132.748 Y76.975 E2560.4721
G1 X132.748 Y78.975 E2560.5470
G1 X114.748 Y78.975 E2561.2205
G1 X114.748 Y76.975 E2561.2953
G1 F2400 E2558.2953
G1 F300 Z16.700
G0 F3900 X133.289 Y79.634
G0 X133.289 Y172.316
G0 X114.748 Y172.975
G1 F300 Z16.500
G1 F1500 E2561.2953
G1 F2400 X132.748 Y172.975 E2561.9688
G1 X132.748 Y174.975 E2562.0437
G1 X114.748 Y174.975 E2562.7172
G1 X114.748 Y172.975 E2562.7920
G1 F2400 E2559.7920
G1 F300 Z16.700
G0 F3900 X114.207 Y172.316
G0 X114.207 Y79.634
G0 X115.148 Y77.375
G1 F300 Z16.500
G1 F1500 E2562.7920
G1 F2400 X132.348 Y77.375 E2563.4356
G1 X132.348 Y78.575 E2563.4805
G1 X115.148 Y78.575 E2564.1241
G1 X115.148 Y77.375 E2564.1690
G1 F2400 E2561.1690
G1 F300 Z16.700
G0 F3900 X133.289 Y79.634
G0 X133.289 Y172.316
G0 X115.148 Y173.375
G1 F300 Z16.500
G1 F1500 E2564.1690
G1 F2400 X132.348 Y173.375 E2564.8126
G1 X132.348 Y174.575 E2564.8575
G1 X115.148 Y174.575 E2565.5010
G1 X115.148 Y173.375 E2565.5460
;PRINTING_TIME: 2746
;REMAINING_TIME: 525
;LAYER:66
;Z:16.750
;HEIGHT:0.250
;FLOW:100.0
;PRINTING: Flow_Calibration_Cube_0.4_mm.stl
;PRINTING_ID: 0
G1 F2400 E2562.5460
G1 F300 Z16.950
G0 F3900 X115.331 Y173.560
G0 F300 Z16.750
;TYPE:FILL
;WIDTH:0.360
;FLOW:90.0
G1 F300 Z16.750
G1 F1500 E2565.5460
G1 F3600 X116.161 Y174.390 E2565.5855
G0 F3900 X121.151 Y174.390
G1 F3600 X121.984 Y173.557 E2565.6252
G0 F3900 X125.511 Y173.557
G1 F3600 X126.343 Y174.390 E2565.6648
G0 F3900 X131.333 Y174.390
G1 F3600 X132.163 Y173.560 E2565.7043
G1 F2400 E2562.7043
G1 F300 Z16.950
G0 F3900 X114.207 Y172.316
G0 X114.207 Y79.634
G0 X132.163 Y78.386
G1 F300 Z16.750
G1 F1500 E2565.7043
G1 F3600 X131.335 Y77.559 E2565.7437
G0 F3900 X126.342 Y77.559
G1 F3600 X125.510 Y78.390 E2565.7833
G0 F3900 X121.985 Y78.390
G1 F3600 X121.153 Y77.559 E2565.8229
G0 F3900 X116.159 Y77.559
G1 F3600 X115.331 Y78.387 E2565.8624
G1 F2400 E2562.8624
G1 F300 Z16.950
G0 F3900 X113.948 Y76.175
;TYPE:WALL-OUTER
;WIDTH:0.400
;FLOW:100.0
G1 F300 Z16.750
G1 F1500 E2565.8624
G1 F2100 X133.548 Y76.175 E2566.6772
G1 X133.548 Y175.775 E2570.8181
G1 X113.948 Y175.775 E2571.6330
G1 X113.948 Y76.175 E2575.7739
G1 F2400 E2572.7739
G1 F300 Z16.950
G0 F3900 X114.348 Y79.775
G1 F300 Z16.750
G1 F1500 E2575.7739
G1 F2100 X114.348 Y172.175 E2579.6154
G1 X133.148 Y172.175 E2580.3970
G1 X133.148 Y79.775 E2584.2386
G1 X114.348 Y79.775 E2585.0202
G0 F3900 X114.348 Y76.575
;TYPE:WALL-INNER
;WIDTH:0.400
;FLOW:90.0
G1 F2400 X133.148 Y76.575 E2585.7237
G1 X133.148 Y79.375 E2585.8284
G1 X114.348 Y79.375 E2586.5319
G1 X114.348 Y76.575 E2586.6367
G1 F2400 E2583.6367
G1 F300 Z16.950
G0 F3900 X133.289 Y79.634
G0 X133.289 Y172.316
G0 X114.348 Y172.575
G1 F300 Z16.750
G1 F1500 E2586.6367
G1 F2400 X133.148 Y172.575 E2587.3401
G1 X133.148 Y175.375 E2587.4449
G1 X114.348 Y175.375 E2588.1483
G1 X114.348 Y172.575 E2588.2531
G1 F2400 E2585.2531
G1 F300 Z16.950
G0 F3900 X114.207 Y172.316
G0 X114.207 Y79.634
G0 X114.748 Y76.975
G1 F300 Z16.750
G1 F1500 E2588.2531
G1 F2400 X132.748 Y76.975 E2588.9266
G1 X132.748 Y78.975 E2589.0014
G1 X114.748 Y78.975 E2589.6750
G1 X114.748 Y76.975 E2589.7498
G1 F2400 E2586.7498
G1 F300 Z16.950
G0 F3900 X133.289 Y79.634
G0 X133.289 Y172.316
G0 X114.748 Y172.975
G1 F300 Z16.750
G1 F1500 E2589.7498
G1 F2400 X132.748 Y172.975 E2590.4233
G1 X132.748 Y174.975 E2590.4982
G1 X114.748 Y174.975 E2591.1717
G1 X114.748 Y172.975 E2591.2465
G1 F2400 E2588.2465
G1 F300 Z16.950
G0 F3900 X114.207 Y172.316
G0 X114.207 Y79.634
G0 X115.148 Y77.375
G1 F300 Z16.750
G1 F1500 E2591.2465
G1 F2400 X132.348 Y77.375 E2591.8901
G1 X132.348 Y78.575 E2591.9350
G1 X115.148 Y78.575 E2592.5786
G1 X115.148 Y77.375 E2592.6235
G1 F2400 E2589.6235
G1 F300 Z16.950
G0 F3900 X133.289 Y79.634
G0 X133.289 Y172.316
G0 X115.148 Y173.375
G1 F300 Z16.750
G1 F1500 E2592.6235
G1 F2400 X132.348 Y173.375 E2593.2671
G1 X132.348 Y174.575 E2593.3120
G1 X115.148 Y174.575 E2593.9555
G1 X115.148 Y173.375 E2594.0004
;PRINTING_TIME: 2782
;REMAINING_TIME: 489
;LAYER:67
;Z:17.000
;HEIGHT:0.250
;FLOW:100.0
;PRINTING: Flow_Calibration_Cube_0.4_mm.stl
;PRINTING_ID: 0
G1 F2400 E2591.0004
G1 F300 Z17.200
G0 F3900 X115.331 Y173.560
G0 F300 Z17.000
;TYPE:FILL
;WIDTH:0.360
;FLOW:90.0
G1 F300 Z17.000
G1 F1500 E2594.0004
G1 F3600 X116.161 Y174.390 E2594.0400
G0 F3900 X121.151 Y174.390
G1 F3600 X121.984 Y173.557 E2594.0796
G0 F3900 X125.511 Y173.557
G1 F3600 X126.343 Y174.390 E2594.1193
G0 F3900 X131.333 Y174.390
G1 F3600 X132.163 Y173.560 E2594.1588
G1 F2400 E2591.1588
G1 F300 Z17.200
G0 F3900 X114.207 Y172.316
G0 X114.207 Y79.634
G0 X132.163 Y78.386
G1 F300 Z17.000
G1 F1500 E2594.1588
G1 F3600 X131.335 Y77.559 E2594.1982
G0 F3900 X126.342 Y77.559
G1 F3600 X125.510 Y78.390 E2594.2378
G0 F3900 X121.985 Y78.390
G1 F3600 X121.153 Y77.559 E2594.2774
G0 F3900 X116.159 Y77.559
G1 F3600 X115.331 Y78.387 E2594.3169
G1 F2400 E2591.3169
G1 F300 Z17.200
G0 F3900 X113.948 Y76.175
;TYPE:WALL-OUTER
;WIDTH:0.400
;FLOW:100.0
G1 F300 Z17.000
G1 F1500 E2594.3169
G1 F2100 X133.548 Y76.175 E2595.1317
G1 X133.548 Y175.775 E2599.2726
G1 X113.948 Y175.775 E2600.0875
G1 X113.948 Y76.175 E2604.2284
G1 F2400 E2601.2284
G1 F300 Z17.200
G0 F3900 X114.348 Y79.775
G1 F300 Z17.000
G1 F1500 E2604.2284
G1 F2100 X114.348 Y172.175 E2608.0699
G1 X133.148 Y172.175 E2608.8515
G1 X133.148 Y79.775 E2612.6931
G1 X114.348 Y79.775 E2613.4747
G0 F3900 X114.348 Y76.575
;TYPE:WALL-INNER
;WIDTH:0.400
;FLOW:90.0
G1 F2400 X133.148 Y76.575 E2614.1782
G1 X133.148 Y79.375 E2614.2829
G1 X114.348 Y79.375 E2614.9864
G1 X114.348 Y76.575 E2615.0911
G1 F2400 E2612.0911
G1 F300 Z17.200
G0 F3900 X133.289 Y79.634
G0 X133.289 Y172.316
G0 X114.348 Y172.575
G1 F300 Z17.000
G1 F1500 E2615.0911
G1 F2400 X133.148 Y172.575 E2615.7946
G1 X133.148 Y175.375 E2615.8994
G1 X114.348 Y175.375 E2616.6028
G1 X114.348 Y172.575 E2616.7076
G1 F2400 E2613.7076
G1 F300 Z17.200
G0 F3900 X114.207 Y172.316
G0 X114.207 Y79.634
G0 X114.748 Y76.975
G1 F300 Z17.000
G1 F1500 E2616.7076
G1 F2400 X132.748 Y76.975 E2617.3811
G1 X132.748 Y78.975 E2617.4559
G1 X114.748 Y78.975 E2618.1295
G1 X114.748 Y76.975 E2618.2043
G1 F2400 E2615.2043
G1 F300 Z17.200
G0 F3900 X133.289 Y79.634
G0 X133.289 Y172.316
G0 X114.748 Y172.975
G1 F300 Z17.000
G1 F1500 E2618.2043
G1 F2400 X132.748 Y172.975 E2618.8778
G1 X132.748 Y174.975 E2618.9526
G1 X114.748 Y174.975 E2619.6262
G1 X114.748 Y172.975 E2619.7010
G1 F2400 E2616.7010
G1 F300 Z17.200
G0 F3900 X114.207 Y172.316
G0 X114.207 Y79.634
G0 X115.148 Y77.375
G1 F300 Z17.000
G1 F1500 E2619.7010
G1 F2400 X132.348 Y77.375 E2620.3446
G1 X132.348 Y78.575 E2620.3895
G1 X115.148 Y78.575 E2621.0331
G1 X115.148 Y77.375 E2621.0780
G1 F2400 E2618.0780
G1 F300 Z17.200
G0 F3900 X133.289 Y79.634
G0 X133.289 Y172.316
G0 X115.148 Y173.375
G1 F300 Z17.000
G1 F1500 E2621.0780
G1 F2400 X132.348 Y173.375 E2621.7216
G1 X132.348 Y174.575 E2621.7665
G1 X115.148 Y174.575 E2622.4100
G1 X115.148 Y173.375 E2622.4549
;PRINTING_TIME: 2818
;REMAINING_TIME: 454
;LAYER:68
;Z:17.250
;HEIGHT:0.250
;FLOW:100.0
;PRINTING: Flow_Calibration_Cube_0.4_mm.stl
;PRINTING_ID: 0
G1 F2400 E2619.4549
G1 F300 Z17.450
G0 F3900 X115.331 Y173.560
G0 F300 Z17.250
;TYPE:FILL
;WIDTH:0.360
;FLOW:90.0
G1 F300 Z17.250
G1 F1500 E2622.4549
G1 F3600 X116.161 Y174.390 E2622.4945
G0 F3900 X121.151 Y174.390
G1 F3600 X121.984 Y173.557 E2622.5341
G0 F3900 X125.511 Y173.557
G1 F3600 X126.343 Y174.390 E2622.5738
G0 F3900 X131.333 Y174.390
G1 F3600 X132.163 Y173.560 E2622.6133
G1 F2400 E2619.6133
G1 F300 Z17.450
G0 F3900 X114.207 Y172.316
G0 X114.207 Y79.634
G0 X132.163 Y78.386
G1 F300 Z17.250
G1 F1500 E2622.6133
G1 F3600 X131.335 Y77.559 E2622.6527
G0 F3900 X126.342 Y77.559
G1 F3600 X125.510 Y78.390 E2622.6923
G0 F3900 X121.985 Y78.390
G1 F3600 X121.153 Y77.559 E2622.7319
G0 F3900 X116.159 Y77.559
G1 F3600 X115.331 Y78.387 E2622.7714
G1 F2400 E2619.7714
G1 F300 Z17.450
G0 F3900 X113.948 Y76.175
;TYPE:WALL-OUTER
;WIDTH:0.400
;FLOW:100.0
G1 F300 Z17.250
G1 F1500 E2622.7714
G1 F2100 X133.548 Y76.175 E2623.5862
G1 X133.548 Y175.775 E2627.7271
G1 X113.948 Y175.775 E2628.5420
G1 X113.948 Y76.175 E2632.6829
G1 F2400 E2629.6829
G1 F300 Z17.450
G0 F3900 X114.348 Y79.775
G1 F300 Z17.250
G1 F1500 E2632.6829
G1 F2100 X114.348 Y172.175 E2636.5244
G1 X133.148 Y172.175 E2637.3060
G1 X133.148 Y79.775 E2641.1476
G1 X114.348 Y79.775 E2641.9292
G0 F3900 X114.348 Y76.575
;TYPE:WALL-INNER
;WIDTH:0.400
;FLOW:90.0
G1 F2400 X133.148 Y76.575 E2642.6326
G1 X133.148 Y79.375 E2642.7374
G1 X114.348 Y79.375 E2643.4409
G1 X114.348 Y76.575 E2643.5456
G1 F2400 E2640.5456
G1 F300 Z17.450
G0 F3900 X133.289 Y79.634
G0 X133.289 Y172.316
G0 X114.348 Y172.575
G1 F300 Z17.250
G1 F1500 E2643.5456
G1 F2400 X133.148 Y172.575 E2644.2491
G1 X133.148 Y175.375 E2644.3539
G1 X114.348 Y175.375 E2645.0573
G1 X114.348 Y172.575 E2645.1621
G1 F2400 E2642.1621
G1 F300 Z17.450
G0 F3900 X114.207 Y172.316
G0 X114.207 Y79.634
G0 X114.748 Y76.975
G1 F300 Z17.250
G1 F1500 E2645.1621
G1 F2400 X132.748 Y76.975 E2645.8356
G1 X132.748 Y78.975 E2645.9104
G1 X114.748 Y78.975 E2646.5840
G1 X114.748 Y76.975 E2646.6588
G1 F2400 E2643.6588
G1 F300 Z17.450
G0 F3900 X133.289 Y79.634
G0 X133.289 Y172.316
G0 X114.748 Y172.975
G1 F300 Z17.250
G1 F1500 E2646.6588
G1 F2400 X132.748 Y172.975 E2647.3323
G1 X132.748 Y174.975 E2647.4071
G1 X114.748 Y174.975 E2648.0807
G1 X114.748 Y172.975 E2648.1555
G1 F2400 E2645.1555
G1 F300 Z17.450
G0 F3900 X114.207 Y172.316
G0 X114.207 Y79.634
G0 X115.148 Y77.375
G1 F300 Z17.250
G1 F1500 E2648.1555
G1 F2400 X132.348 Y77.375 E2648.7991
G1 X132.348 Y78.575 E2648.8440
G1 X115.148 Y78.575 E2649.4876
G1 X115.148 Y77.375 E2649.5325
G1 F2400 E2646.5325
G1 F300 Z17.450
G0 F3900 X133.289 Y79.634
G0 X133.289 Y172.316
G0 X115.148 Y173.375
G1 F300 Z17.250
G1 F1500 E2649.5325
G1 F2400 X132.348 Y173.375 E2650.1760
G1 X132.348 Y174.575 E2650.2209
G1 X115.148 Y174.575 E2650.8645
G1 X115.148 Y173.375 E2650.9094
;PRINTING_TIME: 2854
;REMAINING_TIME: 418
;LAYER:69
;Z:17.500
;HEIGHT:0.250
;FLOW:100.0
;PRINTING: Flow_Calibration_Cube_0.4_mm.stl
;PRINTING_ID: 0
G1 F2400 E2647.9094
G1 F300 Z17.700
G0 F3900 X115.331 Y173.560
G0 F300 Z17.500
;TYPE:FILL
;WIDTH:0.360
;FLOW:90.0
G1 F300 Z17.500
G1 F1500 E2650.9094
G1 F3600 X116.161 Y174.390 E2650.9490
G0 F3900 X121.151 Y174.390
G1 F3600 X121.984 Y173.557 E2650.9886
G0 F3900 X125.511 Y173.557
G1 F3600 X126.343 Y174.390 E2651.0283
G0 F3900 X131.333 Y174.390
G1 F3600 X132.163 Y173.560 E2651.0678
G1 F2400 E2648.0678
G1 F300 Z17.700
G0 F3900 X114.207 Y172.316
G0 X114.207 Y79.634
G0 X132.163 Y78.386
G1 F300 Z17.500
G1 F1500 E2651.0678
G1 F3600 X131.335 Y77.559 E2651.1072
G0 F3900 X126.342 Y77.559
G1 F3600 X125.510 Y78.390 E2651.1468
G0 F3900 X121.985 Y78.390
G1 F3600 X121.153 Y77.559 E2651.1864
G0 F3900 X116.159 Y77.559
G1 F3600 X115.331 Y78.387 E2651.2259
G1 F2400 E2648.2259
G1 F300 Z17.700
G0 F3900 X113.948 Y76.175
;TYPE:WALL-OUTER
;WIDTH:0.400
;FLOW:100.0
G1 F300 Z17.500
G1 F1500 E2651.2259
G1 F2100 X133.548 Y76.175 E2652.0407
G1 X133.548 Y175.775 E2656.1816
G1 X113.948 Y175.775 E2656.9965
G1 X113.948 Y76.175 E2661.1374
G1 F2400 E2658.1374
G1 F300 Z17.700
G0 F3900 X114.348 Y79.775
G1 F300 Z17.500
G1 F1500 E2661.1374
G1 F2100 X114.348 Y172.175 E2664.9789
G1 X133.148 Y172.175 E2665.7605
G1 X133.148 Y79.775 E2669.6021
G1 X114.348 Y79.775 E2670.3837
G0 F3900 X114.348 Y76.575
;TYPE:WALL-INNER
;WIDTH:0.400
;FLOW:90.0
G1 F2400 X133.148 Y76.575 E2671.0871
G1 X133.148 Y79.375 E2671.1919
G1 X114.348 Y79.375 E2671.8954
G1 X114.348 Y76.575 E2672.0001
G1 F2400 E2669.0001
G1 F300 Z17.700
G0 F3900 X133.289 Y79.634
G0 X133.289 Y172.316
G0 X114.348 Y172.575
G1 F300 Z17.500
G1 F1500 E2672.0001
G1 F2400 X133.148 Y172.575 E2672.7036
G1 X133.148 Y175.375 E2672.8084
G1 X114.348 Y175.375 E2673.5118
G1 X114.348 Y172.575 E2673.6166
G1 F2400 E2670.6166
G1 F300 Z17.700
G0 F3900 X114.207 Y172.316
G0 X114.207 Y79.634
G0 X114.748 Y76.975
G1 F300 Z17.500
G1 F1500 E2673.6166
G1 F2400 X132.748 Y76.975 E2674.2901
G1 X132.748 Y78.975 E2674.3649
G1 X114.748 Y78.975 E2675.0384
G1 X114.748 Y76.975 E2675.1133
G1 F2400 E2672.1133
G1 F300 Z17.700
G0 F3900 X133.289 Y79.634
G0 X133.289 Y172.316
G0 X114.748 Y172.975
G1 F300 Z17.500
G1 F1500 E2675.1133
G1 F2400 X132.748 Y172.975 E2675.7868
G1 X132.748 Y174.975 E2675.8616
G1 X114.748 Y174.975 E2676.5352
G1 X114.748 Y172.975 E2676.6100
G1 F2400 E2673.6100
G1 F300 Z17.700
G0 F3900 X114.207 Y172.316
G0 X114.207 Y79.634
G0 X115.148 Y77.375
G1 F300 Z17.500
G1 F1500 E2676.6100
G1 F2400 X132.348 Y77.375 E2677.2536
G1 X132.348 Y78.575 E2677.2985
G1 X115.148 Y78.575 E2677.9421
G1 X115.148 Y77.375 E2677.9870
G1 F2400 E2674.9870
G1 F300 Z17.700
G0 F3900 X133.289 Y79.634
G0 X133.289 Y172.316
G0 X115.148 Y173.375
G1 F300 Z17.500
G1 F1500 E2677.9870
G1 F2400 X132.348 Y173.375 E2678.6305
G1 X132.348 Y174.575 E2678.6754
G1 X115.148 Y174.575 E2679.3190
G1 X115.148 Y173.375 E2679.3639
;PRINTING_TIME: 2889
;REMAINING_TIME: 382
;LAYER:70
;Z:17.750
;HEIGHT:0.250
;FLOW:100.0
;PRINTING: Flow_Calibration_Cube_0.4_mm.stl
;PRINTING_ID: 0
G1 F2400 E2676.3639
G1 F300 Z17.950
G0 F3900 X115.331 Y173.560
G0 F300 Z17.750
;TYPE:FILL
;WIDTH:0.360
;FLOW:90.0
G1 F300 Z17.750
G1 F1500 E2679.3639
G1 F3600 X116.161 Y174.390 E2679.4035
G0 F3900 X121.151 Y174.390
G1 F3600 X121.984 Y173.557 E2679.4431
G0 F3900 X125.511 Y173.557
G1 F3600 X126.343 Y174.390 E2679.4828
G0 F3900 X131.333 Y174.390
G1 F3600 X132.163 Y173.560 E2679.5223
G1 F2400 E2676.5223
G1 F300 Z17.950
G0 F3900 X114.207 Y172.316
G0 X114.207 Y79.634
G0 X132.163 Y78.386
G1 F300 Z17.750
G1 F1500 E2679.5223
G1 F3600 X131.335 Y77.559 E2679.5617
G0 F3900 X126.342 Y77.559
G1 F3600 X125.510 Y78.390 E2679.6013
G0 F3900 X121.985 Y78.390
G1 F3600 X121.153 Y77.559 E2679.6409
G0 F3900 X116.159 Y77.559
G1 F3600 X115.331 Y78.387 E2679.6803
G1 F2400 E2676.6803
G1 F300 Z17.950
G0 F3900 X113.948 Y76.175
;TYPE:WALL-OUTER
;WIDTH:0.400
;FLOW:100.0
G1 F300 Z17.750
G1 F1500 E2679.6803
G1 F2100 X133.548 Y76.175 E2680.4952
G1 X133.548 Y175.775 E2684.6361
G1 X113.948 Y175.775 E2685.4510
G1 X113.948 Y76.175 E2689.5919
G1 F2400 E2686.5919
G1 F300 Z17.950
G0 F3900 X114.348 Y79.775
G1 F300 Z17.750
G1 F1500 E2689.5919
G1 F2100 X114.348 Y172.175 E2693.4334
G1 X133.148 Y172.175 E2694.2150
G1 X133.148 Y79.775 E2698.0566
G1 X114.348 Y79.775 E2698.8382
G0 F3900 X114.348 Y76.575
;TYPE:WALL-INNER
;WIDTH:0.400
;FLOW:90.0
G1 F2400 X133.148 Y76.575 E2699.5416
G1 X133.148 Y79.375 E2699.6464
G1 X114.348 Y79.375 E2700.3499
G1 X114.348 Y76.575 E2700.4546
G1 F2400 E2697.4546
G1 F300 Z17.950
G0 F3900 X133.289 Y79.634
G0 X133.289 Y172.316
G0 X114.348 Y172.575
G1 F300 Z17.750
G1 F1500 E2700.4546
G1 F2400 X133.148 Y172.575 E2701.1581
G1 X133.148 Y175.375 E2701.2628
G1 X114.348 Y175.375 E2701.9663
G1 X114.348 Y172.575 E2702.0711
G1 F2400 E2699.0711
G1 F300 Z17.950
G0 F3900 X114.207 Y172.316
G0 X114.207 Y79.634
G0 X114.748 Y76.975
G1 F300 Z17.750
G1 F1500 E2702.0711
G1 F2400 X132.748 Y76.975 E2702.7446
G1 X132.748 Y78.975 E2702.8194
G1 X114.748 Y78.975 E2703.4929
G1 X114.748 Y76.975 E2703.5678
G1 F2400 E2700.5678
G1 F300 Z17.950
G0 F3900 X133.289 Y79.634
G0 X133.289 Y172.316
G0 X114.748 Y172.975
G1 F300 Z17.750
G1 F1500 E2703.5678
G1 F2400 X132.748 Y172.975 E2704.2413
G1 X132.748 Y174.975 E2704.3161
G1 X114.748 Y174.975 E2704.9896
G1 X114.748 Y172.975 E2705.0645
G1 F2400 E2702.0645
G1 F300 Z17.950
G0 F3900 X114.207 Y172.316
G0 X114.207 Y79.634
G0 X115.148 Y77.375
G1 F300 Z17.750
G1 F1500 E2705.0645
G1 F2400 X132.348 Y77.375 E2705.7081
G1 X132.348 Y78.575 E2705.7530
G1 X115.148 Y78.575 E2706.3966
G1 X115.148 Y77.375 E2706.4415
G1 F2400 E2703.4415
G1 F300 Z17.950
G0 F3900 X133.289 Y79.634
G0 X133.289 Y172.316
G0 X115.148 Y173.375
G1 F300 Z17.750
G1 F1500 E2706.4415
G1 F2400 X132.348 Y173.375 E2707.0850
G1 X132.348 Y174.575 E2707.1299
G1 X115.148 Y174.575 E2707.7735
G1 X115.148 Y173.375 E2707.8184
;PRINTING_TIME: 2925
;REMAINING_TIME: 346
;LAYER:71
;Z:18.000
;HEIGHT:0.250
;FLOW:100.0
;PRINTING: Flow_Calibration_Cube_0.4_mm.stl
;PRINTING_ID: 0
G1 F2400 E2704.8184
G1 F300 Z18.200
G0 F3900 X115.331 Y173.560
G0 F300 Z18.000
;TYPE:FILL
;WIDTH:0.360
;FLOW:90.0
G1 F300 Z18.000
G1 F1500 E2707.8184
G1 F3600 X116.161 Y174.390 E2707.8579
G0 F3900 X121.151 Y174.390
G1 F3600 X121.984 Y173.557 E2707.8976
G0 F3900 X125.511 Y173.557
G1 F3600 X126.343 Y174.390 E2707.9373
G0 F3900 X131.333 Y174.390
G1 F3600 X132.163 Y173.560 E2707.9768
G1 F2400 E2704.9768
G1 F300 Z18.200
G0 F3900 X114.207 Y172.316
G0 X114.207 Y79.634
G0 X132.163 Y78.386
G1 F300 Z18.000
G1 F1500 E2707.9768
G1 F3600 X131.335 Y77.559 E2708.0162
G0 F3900 X126.342 Y77.559
G1 F3600 X125.510 Y78.390 E2708.0558
G0 F3900 X121.985 Y78.390
G1 F3600 X121.153 Y77.559 E2708.0954
G0 F3900 X116.159 Y77.559
G1 F3600 X115.331 Y78.387 E2708.1348
G1 F2400 E2705.1348
G1 F300 Z18.200
G0 F3900 X113.948 Y76.175
;TYPE:WALL-OUTER
;WIDTH:0.400
;FLOW:100.0
G1 F300 Z18.000
G1 F1500 E2708.1348
G1 F2100 X133.548 Y76.175 E2708.9497
G1 X133.548 Y175.775 E2713.0906
G1 X113.948 Y175.775 E2713.9055
G1 X113.948 Y76.175 E2718.0464
G1 F2400 E2715.0464
G1 F300 Z18.200
G0 F3900 X114.348 Y79.775
G1 F300 Z18.000
G1 F1500 E2718.0464
G1 F2100 X114.348 Y172.175 E2721.8879
G1 X133.148 Y172.175 E2722.6695
G1 X133.148 Y79.775 E2726.5111
G1 X114.348 Y79.775 E2727.2927
G0 F3900 X114.348 Y76.575
;TYPE:WALL-INNER
;WIDTH:0.400
;FLOW:90.0
G1 F2400 X133.148 Y76.575 E2727.9961
G1 X133.148 Y79.375 E2728.1009
G1 X114.348 Y79.375 E2728.8044
G1 X114.348 Y76.575 E2728.9091
G1 F2400 E2725.9091
G1 F300 Z18.200
G0 F3900 X133.289 Y79.634
G0 X133.289 Y172.316
G0 X114.348 Y172.575
G1 F300 Z18.000
G1 F1500 E2728.9091
G1 F2400 X133.148 Y172.575 E2729.6126
G1 X133.148 Y175.375 E2729.7173
G1 X114.348 Y175.375 E2730.4208
G1 X114.348 Y172.575 E2730.5256
G1 F2400 E2727.5256
G1 F300 Z18.200
G0 F3900 X114.207 Y172.316
G0 X114.207 Y79.634
G0 X114.748 Y76.975
G1 F300 Z18.000
G1 F1500 E2730.5256
G1 F2400 X132.748 Y76.975 E2731.1991
G1 X132.748 Y78.975 E2731.2739
G1 X114.748 Y78.975 E2731.9474
G1 X114.748 Y76.975 E2732.0223
G1 F2400 E2729.0223
G1 F300 Z18.200
G0 F3900 X133.289 Y79.634
G0 X133.289 Y172.316
G0 X114.748 Y172.975
G1 F300 Z18.000
G1 F1500 E2732.0223
G1 F2400 X132.748 Y172.975 E2732.6958
G1 X132.748 Y174.975 E2732.7706
G1 X114.748 Y174.975 E2733.4441
G1 X114.748 Y172.975 E2733.5190
G1 F2400 E2730.5190
G1 F300 Z18.200
G0 F3900 X114.207 Y172.316
G0 X114.207 Y79.634
G0 X115.148 Y77.375
G1 F300 Z18.000
G1 F1500 E2733.5190
G1 F2400 X132.348 Y77.375 E2734.1626
G1 X132.348 Y78.575 E2734.2075
G1 X115.148 Y78.575 E2734.8510
G1 X115.148 Y77.375 E2734.8959
G1 F2400 E2731.8959
G1 F300 Z18.200
G0 F3900 X133.289 Y79.634
G0 X133.289 Y172.316
G0 X115.148 Y173.375
G1 F300 Z18.000
G1 F1500 E2734.8959
G1 F2400 X132.348 Y173.375 E2735.5395
G1 X132.348 Y174.575 E2735.5844
G1 X115.148 Y174.575 E2736.2280
G1 X115.148 Y173.375 E2736.2729
;PRINTING_TIME: 2961
;REMAINING_TIME: 311
;LAYER:72
;Z:18.250
;HEIGHT:0.250
;FLOW:100.0
;PRINTING: Flow_Calibration_Cube_0.4_mm.stl
;PRINTING_ID: 0
G1 F2400 E2733.2729
G1 F300 Z18.450
G0 F3900 X115.331 Y173.560
G0 F300 Z18.250
;TYPE:FILL
;WIDTH:0.360
;FLOW:90.0
G1 F300 Z18.250
G1 F1500 E2736.2729
G1 F3600 X116.161 Y174.390 E2736.3124
G0 F3900 X121.151 Y174.390
G1 F3600 X121.984 Y173.557 E2736.3521
G0 F3900 X125.511 Y173.557
G1 F3600 X126.343 Y174.390 E2736.3918
G0 F3900 X131.333 Y174.390
G1 F3600 X132.163 Y173.560 E2736.4313
G1 F2400 E2733.4313
G1 F300 Z18.450
G0 F3900 X114.207 Y172.316
G0 X114.207 Y79.634
G0 X132.163 Y78.386
G1 F300 Z18.250
G1 F1500 E2736.4313
G1 F3600 X131.335 Y77.559 E2736.4707
G0 F3900 X126.342 Y77.559
G1 F3600 X125.510 Y78.390 E2736.5103
G0 F3900 X121.985 Y78.390
G1 F3600 X121.153 Y77.559 E2736.5499
G0 F3900 X116.159 Y77.559
G1 F3600 X115.331 Y78.387 E2736.5893
G1 F2400 E2733.5893
G1 F300 Z18.450
G0 F3900 X113.948 Y76.175
;TYPE:WALL-OUTER
;WIDTH:0.400
;FLOW:100.0
G1 F300 Z18.250
G1 F1500 E2736.5893
G1 F2100 X133.548 Y76.175 E2737.4042
G1 X133.548 Y175.775 E2741.5451
G1 X113.948 Y175.775 E2742.3600
G1 X113.948 Y76.175 E2746.5009
G1 F2400 E2743.5009
G1 F300 Z18.450
G0 F3900 X114.348 Y79.775
G1 F300 Z18.250
G1 F1500 E2746.5009
G1 F2100 X114.348 Y172.175 E2750.3424
G1 X133.148 Y172.175 E2751.1240
G1 X133.148 Y79.775 E2754.9656
G1 X114.348 Y79.775 E2755.7472
G0 F3900 X114.348 Y76.575
;TYPE:WALL-INNER
;WIDTH:0.400
;FLOW:90.0
G1 F2400 X133.148 Y76.575 E2756.4506
G1 X133.148 Y79.375 E2756.5554
G1 X114.348 Y79.375 E2757.2588
G1 X114.348 Y76.575 E2757.3636
G1 F2400 E2754.3636
G1 F300 Z18.450
G0 F3900 X133.289 Y79.634
G0 X133.289 Y172.316
G0 X114.348 Y172.575
G1 F300 Z18.250
G1 F1500 E2757.3636
G1 F2400 X133.148 Y172.575 E2758.0671
G1 X133.148 Y175.375 E2758.1718
G1 X114.348 Y175.375 E2758.8753
G1 X114.348 Y172.575 E2758.9801
G1 F2400 E2755.9801
G1 F300 Z18.450
G0 F3900 X114.207 Y172.316
G0 X114.207 Y79.634
G0 X114.748 Y76.975
G1 F300 Z18.250
G1 F1500 E2758.9801
G1 F2400 X132.748 Y76.975 E2759.6536
G1 X132.748 Y78.975 E2759.7284
G1 X114.748 Y78.975 E2760.4019
G1 X114.748 Y76.975 E2760.4768
G1 F2400 E2757.4768
G1 F300 Z18.450
G0 F3900 X133.289 Y79.634
G0 X133.289 Y172.316
G0 X114.748 Y172.975
G1 F300 Z18.250
G1 F1500 E2760.4768
G1 F2400 X132.748 Y172.975 E2761.1503
G1 X132.748 Y174.975 E2761.2251
G1 X114.748 Y174.975 E2761.8986
G1 X114.748 Y172.975 E2761.9735
G1 F2400 E2758.9735
G1 F300 Z18.450
G0 F3900 X114.207 Y172.316
G0 X114.207 Y79.634
G0 X115.148 Y77.375
G1 F300 Z18.250
G1 F1500 E2761.9735
G1 F2400 X132.348 Y77.375 E2762.6171
G1 X132.348 Y78.575 E2762.6620
G1 X115.148 Y78.575 E2763.3055
G1 X115.148 Y77.375 E2763.3504
G1 F2400 E2760.3504
G1 F300 Z18.450
G0 F3900 X133.289 Y79.634
G0 X133.289 Y172.316
G0 X115.148 Y173.375
G1 F300 Z18.250
G1 F1500 E2763.3504
G1 F2400 X132.348 Y173.375 E2763.9940
G1 X132.348 Y174.575 E2764.0389
G1 X115.148 Y174.575 E2764.6825
G1 X115.148 Y173.375 E2764.7274
;PRINTING_TIME: 2997
;REMAINING_TIME: 275
;LAYER:73
;Z:18.500
;HEIGHT:0.250
;FLOW:100.0
;PRINTING: Flow_Calibration_Cube_0.4_mm.stl
;PRINTING_ID: 0
G1 F2400 E2761.7274
G1 F300 Z18.700
G0 F3900 X115.331 Y173.560
G0 F300 Z18.500
;TYPE:FILL
;WIDTH:0.360
;FLOW:90.0
G1 F300 Z18.500
G1 F1500 E2764.7274
G1 F3600 X116.161 Y174.390 E2764.7669
G0 F3900 X121.151 Y174.390
G1 F3600 X121.984 Y173.557 E2764.8066
G0 F3900 X125.511 Y173.557
G1 F3600 X126.343 Y174.390 E2764.8463
G0 F3900 X131.333 Y174.390
G1 F3600 X132.163 Y173.560 E2764.8858
G1 F2400 E2761.8858
G1 F300 Z18.700
G0 F3900 X114.207 Y172.316
G0 X114.207 Y79.634
G0 X132.163 Y78.386
G1 F300 Z18.500
G1 F1500 E2764.8858
G1 F3600 X131.335 Y77.559 E2764.9252
G0 F3900 X126.342 Y77.559
G1 F3600 X125.510 Y78.390 E2764.9648
G0 F3900 X121.985 Y78.390
G1 F3600 X121.153 Y77.559 E2765.0044
G0 F3900 X116.159 Y77.559
G1 F3600 X115.331 Y78.387 E2765.0438
G1 F2400 E2762.0438
G1 F300 Z18.700
G0 F3900 X113.948 Y76.175
;TYPE:WALL-OUTER
;WIDTH:0.400
;FLOW:100.0
G1 F300 Z18.500
G1 F1500 E2765.0438
G1 F2100 X133.548 Y76.175 E2765.8587
G1 X133.548 Y175.775 E2769.9996
G1 X113.948 Y175.775 E2770.8145
G1 X113.948 Y76.175 E2774.9553
G1 F2400 E2771.9553
G1 F300 Z18.700
G0 F3900 X114.348 Y79.775
G1 F300 Z18.500
G1 F1500 E2774.9553
G1 F2100 X114.348 Y172.175 E2778.7969
G1 X133.148 Y172.175 E2779.5785
G1 X133.148 Y79.775 E2783.4201
G1 X114.348 Y79.775 E2784.2017
G0 F3900 X114.348 Y76.575
;TYPE:WALL-INNER
;WIDTH:0.400
;FLOW:90.0
G1 F2400 X133.148 Y76.575 E2784.9051
G1 X133.148 Y79.375 E2785.0099
G1 X114.348 Y79.375 E2785.7133
G1 X114.348 Y76.575 E2785.8181
G1 F2400 E2782.8181
G1 F300 Z18.700
G0 F3900 X133.289 Y79.634
G0 X133.289 Y172.316
G0 X114.348 Y172.575
G1 F300 Z18.500
G1 F1500 E2785.8181
G1 F2400 X133.148 Y172.575 E2786.5216
G1 X133.148 Y175.375 E2786.6263
G1 X114.348 Y175.375 E2787.3298
G1 X114.348 Y172.575 E2787.4346
G1 F2400 E2784.4346
G1 F300 Z18.700
G0 F3900 X114.207 Y172.316
G0 X114.207 Y79.634
G0 X114.748 Y76.975
G1 F300 Z18.500
G1 F1500 E2787.4346
G1 F2400 X132.748 Y76.975 E2788.1081
G1 X132.748 Y78.975 E2788.1829
G1 X114.748 Y78.975 E2788.8564
G1 X114.748 Y76.975 E2788.9313
G1 F2400 E2785.9313
G1 F300 Z18.700
G0 F3900 X133.289 Y79.634
G0 X133.289 Y172.316
G0 X114.748 Y172.975
G1 F300 Z18.500
G1 F1500 E2788.9313
G1 F2400 X132.748 Y172.975 E2789.6048
G1 X132.748 Y174.975 E2789.6796
G1 X114.748 Y174.975 E2790.3531
G1 X114.748 Y172.975 E2790.4280
G1 F2400 E2787.4280
G1 F300 Z18.700
G0 F3900 X114.207 Y172.316
G0 X114.207 Y79.634
G0 X115.148 Y77.375
G1 F300 Z18.500
G1 F1500 E2790.4280
G1 F2400 X132.348 Y77.375 E2791.0715
G1 X132.348 Y78.575 E2791.1164
G1 X115.148 Y78.575 E2791.7600
G1 X115.148 Y77.375 E2791.8049
G1 F2400 E2788.8049
G1 F300 Z18.700
G0 F3900 X133.289 Y79.634
G0 X133.289 Y172.316
G0 X115.148 Y173.375
G1 F300 Z18.500
G1 F1500 E2791.8049
G1 F2400 X132.348 Y173.375 E2792.4485
G1 X132.348 Y174.575 E2792.4934
G1 X115.148 Y174.575 E2793.1370
G1 X115.148 Y173.375 E2793.1819
;PRINTING_TIME: 3032
;REMAINING_TIME: 239
;LAYER:74
;Z:18.750
;HEIGHT:0.250
;FLOW:100.0
;PRINTING: Flow_Calibration_Cube_0.4_mm.stl
;PRINTING_ID: 0
G1 F2400 E2790.1819
G1 F300 Z18.950
G0 F3900 X115.331 Y173.560
G0 F300 Z18.750
;TYPE:FILL
;WIDTH:0.360
;FLOW:90.0
G1 F300 Z18.750
G1 F1500 E2793.1819
G1 F3600 X116.161 Y174.390 E2793.2214
G0 F3900 X121.151 Y174.390
G1 F3600 X121.984 Y173.557 E2793.2611
G0 F3900 X125.511 Y173.557
G1 F3600 X126.343 Y174.390 E2793.3008
G0 F3900 X131.333 Y174.390
G1 F3600 X132.163 Y173.560 E2793.3403
G1 F2400 E2790.3403
G1 F300 Z18.950
G0 F3900 X114.207 Y172.316
G0 X114.207 Y79.634
G0 X132.163 Y78.386
G1 F300 Z18.750
G1 F1500 E2793.3403
G1 F3600 X131.335 Y77.559 E2793.3797
G0 F3900 X126.342 Y77.559
G1 F3600 X125.510 Y78.390 E2793.4193
G0 F3900 X121.985 Y78.390
G1 F3600 X121.153 Y77.559 E2793.4589
G0 F3900 X116.159 Y77.559
G1 F3600 X115.331 Y78.387 E2793.4983
G1 F2400 E2790.4983
G1 F300 Z18.950
G0 F3900 X113.948 Y76.175
;TYPE:WALL-OUTER
;WIDTH:0.400
;FLOW:100.0
G1 F300 Z18.750
G1 F1500 E2793.4983
G1 F2100 X133.548 Y76.175 E2794.3132
G1 X133.548 Y175.775 E2798.4541
G1 X113.948 Y175.775 E2799.2690
G1 X113.948 Y76.175 E2803.4098
G1 F2400 E2800.4098
G1 F300 Z18.950
G0 F3900 X114.348 Y79.775
G1 F300 Z18.750
G1 F1500 E2803.4098
G1 F2100 X114.348 Y172.175 E2807.2514
G1 X133.148 Y172.175 E2808.0330
G1 X133.148 Y79.775 E2811.8745
G1 X114.348 Y79.775 E2812.6562
G0 F3900 X114.348 Y76.575
;TYPE:WALL-INNER
;WIDTH:0.400
;FLOW:90.0
G1 F2400 X133.148 Y76.575 E2813.3596
G1 X133.148 Y79.375 E2813.4644
G1 X114.348 Y79.375 E2814.1678
G1 X114.348 Y76.575 E2814.2726
G1 F2400 E2811.2726
G1 F300 Z18.950
G0 F3900 X133.289 Y79.634
G0 X133.289 Y172.316
G0 X114.348 Y172.575
G1 F300 Z18.750
G1 F1500 E2814.2726
G1 F2400 X133.148 Y172.575 E2814.9761
G1 X133.148 Y175.375 E2815.0808
G1 X114.348 Y175.375 E2815.7843
G1 X114.348 Y172.575 E2815.8890
G1 F2400 E2812.8890
G1 F300 Z18.950
G0 F3900 X114.207 Y172.316
G0 X114.207 Y79.634
G0 X114.748 Y76.975
G1 F300 Z18.750
G1 F1500 E2815.8890
G1 F2400 X132.748 Y76.975 E2816.5626
G1 X132.748 Y78.975 E2816.6374
G1 X114.748 Y78.975 E2817.3109
G1 X114.748 Y76.975 E2817.3858
G1 F2400 E2814.3858
G1 F300 Z18.950
G0 F3900 X133.289 Y79.634
G0 X133.289 Y172.316
G0 X114.748 Y172.975
G1 F300 Z18.750
G1 F1500 E2817.3858
G1 F2400 X132.748 Y172.975 E2818.0593
G1 X132.748 Y174.975 E2818.1341
G1 X114.748 Y174.975 E2818.8076
G1 X114.748 Y172.975 E2818.8825
G1 F2400 E2815.8825
G1 F300 Z18.950
G0 F3900 X114.207 Y172.316
G0 X114.207 Y79.634
G0 X115.148 Y77.375
G1 F300 Z18.750
G1 F1500 E2818.8825
G1 F2400 X132.348 Y77.375 E2819.5260
G1 X132.348 Y78.575 E2819.5709
G1 X115.148 Y78.575 E2820.2145
G1 X115.148 Y77.375 E2820.2594
G1 F2400 E2817.2594
G1 F300 Z18.950
G0 F3900 X133.289 Y79.634
G0 X133.289 Y172.316
G0 X115.148 Y173.375
G1 F300 Z18.750
G1 F1500 E2820.2594
G1 F2400 X132.348 Y173.375 E2820.9030
G1 X132.348 Y174.575 E2820.9479
G1 X115.148 Y174.575 E2821.5915
G1 X115.148 Y173.375 E2821.6364
;PRINTING_TIME: 3068
;REMAINING_TIME: 203
;LAYER:75
;Z:19.000
;HEIGHT:0.250
;FLOW:100.0
;PRINTING: Flow_Calibration_Cube_0.4_mm.stl
;PRINTING_ID: 0
G1 F2400 E2818.6364
G1 F300 Z19.200
G0 F3900 X114.302 Y172.422
G0 F300 Z19.000
G0 F3900 X114.048 Y76.185
G0 X113.948 Y76.175
;TYPE:WALL-OUTER
;WIDTH:0.400
G1 F300 Z19.000
G1 F1500 E2821.6364
G1 F2100 X133.548 Y76.175 E2822.4513
G1 X133.548 Y175.775 E2826.5922
G1 X113.948 Y175.775 E2827.4070
G1 X113.948 Y76.175 E2831.5479
G1 F2400 E2828.5479
G1 F300 Z19.200
G0 F3900 X114.348 Y79.775
G1 F300 Z19.000
G1 F1500 E2831.5479
G1 F2100 X114.348 Y172.175 E2835.3895
G1 X133.148 Y172.175 E2836.1711
G1 X133.148 Y79.775 E2840.0126
G1 X114.348 Y79.775 E2840.7942
G0 F3900 X114.348 Y76.575
;TYPE:WALL-INNER
;WIDTH:0.400
;FLOW:90.0
G1 F2400 X133.148 Y76.575 E2841.4977
G1 X133.148 Y79.375 E2841.6025
G1 X114.348 Y79.375 E2842.3059
G1 X114.348 Y76.575 E2842.4107
G1 F2400 E2839.4107
G1 F300 Z19.200
G0 F3900 X133.289 Y79.634
G0 X133.289 Y172.316
G0 X114.348 Y172.575
G1 F300 Z19.000
G1 F1500 E2842.4107
G1 F2400 X133.148 Y172.575 E2843.1141
G1 X133.148 Y175.375 E2843.2189
G1 X114.348 Y175.375 E2843.9224
G1 X114.348 Y172.575 E2844.0271
G1 F2400 E2841.0271
G1 F300 Z19.200
G0 F3900 X114.207 Y172.316
G0 X114.207 Y79.634
G0 X114.748 Y76.975
G1 F300 Z19.000
G1 F1500 E2844.0271
G1 F2400 X132.748 Y76.975 E2844.7006
G1 X132.748 Y78.975 E2844.7755
G1 X114.748 Y78.975 E2845.4490
G1 X114.748 Y76.975 E2845.5238
G1 F2400 E2842.5238
G1 F300 Z19.200
G0 F3900 X133.289 Y79.634
G0 X133.289 Y172.316
G0 X114.748 Y172.975
G1 F300 Z19.000
G1 F1500 E2845.5238
G1 F2400 X132.748 Y172.975 E2846.1973
G1 X132.748 Y174.975 E2846.2722
G1 X114.748 Y174.975 E2846.9457
G1 X114.748 Y172.975 E2847.0205
G1 F2400 E2844.0205
G1 F300 Z19.200
G0 F3900 X114.207 Y172.316
G0 X114.207 Y79.634
G0 X115.148 Y77.375
G1 F300 Z19.000
G1 F1500 E2847.0205
G1 F2400 X132.348 Y77.375 E2847.6641
G1 X132.348 Y78.575 E2847.7090
G1 X115.148 Y78.575 E2848.3526
G1 X115.148 Y77.375 E2848.3975
G1 F2400 E2845.3975
G1 F300 Z19.200
G0 F3900 X133.289 Y79.634
G0 X133.289 Y172.316
G0 X115.148 Y173.375
G1 F300 Z19.000
G1 F1500 E2848.3975
G1 F2400 X132.348 Y173.375 E2849.0411
G1 X132.348 Y174.575 E2849.0860
G1 X115.148 Y174.575 E2849.7296
G1 X115.148 Y173.375 E2849.7745
G0 F3900 X115.331 Y174.016
;TYPE:SOLID-FILL
;WIDTH:0.400
;FLOW:95.0
G1 F3600 X115.790 Y173.557 E2849.8001
G0 F3600 X116.355 Y173.557
G1 F3600 X115.522 Y174.390 E2849.8466
G0 F3600 X116.088 Y174.390
G1 F3600 X116.921 Y173.557 E2849.8932
G0 F3600 X117.487 Y173.557
G1 F3600 X116.654 Y174.390 E2849.9397
G0 F3600 X117.219 Y174.390
G1 F3600 X118.052 Y173.557 E2849.9862
G0 F3600 X118.618 Y173.557
G1 F3600 X117.785 Y174.390 E2850.0328
G0 F3600 X118.351 Y174.390
G1 F3600 X119.184 Y173.557 E2850.0793
G0 F3600 X119.749 Y173.557
G1 F3600 X118.916 Y174.390 E2850.1258
G0 F3600 X119.482 Y174.390
G1 F3600 X120.315 Y173.557 E2850.1723
G0 F3600 X120.881 Y173.557
G1 F3600 X120.048 Y174.390 E2850.2189
G0 F3600 X120.614 Y174.390
G1 F3600 X121.447 Y173.557 E2850.2654
G0 F3600 X122.012 Y173.557
G1 F3600 X121.179 Y174.390 E2850.3119
G0 F3600 X121.745 Y174.390
G1 F3600 X122.578 Y173.557 E2850.3584
G0 F3600 X123.144 Y173.557
G1 F3600 X122.311 Y174.390 E2850.4050
G0 F3600 X122.876 Y174.390
G1 F3600 X123.709 Y173.557 E2850.4515
G0 F3600 X124.275 Y173.557
G1 F3600 X123.442 Y174.390 E2850.4980
G0 F3600 X124.008 Y174.390
G1 F3600 X124.841 Y173.557 E2850.5446
G0 F3600 X125.406 Y173.557
G1 F3600 X124.573 Y174.390 E2850.5911
G0 F3600 X125.139 Y174.390
G1 F3600 X125.972 Y173.557 E2850.6376
G0 F3600 X126.538 Y173.557
G1 F3600 X125.705 Y174.390 E2850.6841
G0 F3600 X126.270 Y174.390
G1 F3600 X127.103 Y173.557 E2850.7307
G0 F3600 X127.669 Y173.557
G1 F3600 X126.836 Y174.390 E2850.7772
G0 F3600 X127.402 Y174.390
G1 F3600 X128.235 Y173.557 E2850.8237
G0 F3600 X128.800 Y173.557
G1 F3600 X127.967 Y174.390 E2850.8703
G0 F3600 X128.533 Y174.390
G1 F3600 X129.366 Y173.557 E2850.9168
G0 F3600 X129.932 Y173.557
G1 F3600 X129.099 Y174.390 E2850.9633
G0 F3600 X129.664 Y174.390
G1 F3600 X130.497 Y173.557 E2851.0098
G0 F3600 X131.063 Y173.557
G1 F3600 X130.230 Y174.390 E2851.0564
G0 F3600 X130.796 Y174.390
G1 F3600 X131.629 Y173.557 E2851.1029
G0 F3600 X132.163 Y173.589
G1 F3600 X131.362 Y174.390 E2851.1476
G0 F3600 X131.927 Y174.390
G1 F3600 X132.163 Y174.154 E2851.1608
G1 F2400 E2848.1608
G1 F300 Z19.200
G0 F3900 X114.207 Y172.316
G0 X114.207 Y79.634
G0 X131.761 Y78.390
G1 F300 Z19.000
G1 F1500 E2851.1608
G1 F3600 X132.163 Y77.988 E2851.1833
G0 F3600 X132.027 Y77.559
G1 F3600 X131.195 Y78.390 E2851.2297
G0 F3600 X130.630 Y78.390
G1 F3600 X131.461 Y77.559 E2851.2761
G0 F3600 X130.896 Y77.559
G1 F3600 X130.064 Y78.390 E2851.3226
G0 F3600 X129.498 Y78.390
G1 F3600 X130.330 Y77.559 E2851.3690
G0 F3600 X129.764 Y77.559
G1 F3600 X128.933 Y78.390 E2851.4154
G0 F3600 X128.367 Y78.390
G1 F3600 X129.199 Y77.559 E2851.4619
G0 F3600 X128.633 Y77.559
G1 F3600 X127.801 Y78.390 E2851.5083
G0 F3600 X127.236 Y78.390
G1 F3600 X128.067 Y77.559 E2851.5548
G0 F3600 X127.501 Y77.559
G1 F3600 X126.670 Y78.390 E2851.6012
G0 F3600 X126.104 Y78.390
G1 F3600 X126.936 Y77.559 E2851.6476
G0 F3600 X126.370 Y77.559
G1 F3600 X125.539 Y78.390 E2851.6940
G0 F3600 X124.973 Y78.390
G1 F3600 X125.804 Y77.559 E2851.7404
G0 F3600 X125.239 Y77.559
G1 F3600 X124.407 Y78.390 E2851.7869
G0 F3600 X123.841 Y78.390
G1 F3600 X124.673 Y77.559 E2851.8333
G0 F3600 X124.107 Y77.559
G1 F3600 X123.276 Y78.390 E2851.8798
G0 F3600 X122.710 Y78.390
G1 F3600 X123.542 Y77.559 E2851.9262
G0 F3600 X122.976 Y77.559
G1 F3600 X122.144 Y78.390 E2851.9726
G0 F3600 X121.579 Y78.390
G1 F3600 X122.410 Y77.559 E2852.0191
G0 F3600 X121.845 Y77.559
G1 F3600 X121.013 Y78.390 E2852.0655
G0 F3600 X120.447 Y78.390
G1 F3600 X121.279 Y77.559 E2852.1119
G0 F3600 X120.713 Y77.559
G1 F3600 X119.882 Y78.390 E2852.1584
G0 F3600 X119.316 Y78.390
G1 F3600 X120.148 Y77.559 E2852.2048
G0 F3600 X119.582 Y77.559
G1 F3600 X118.750 Y78.390 E2852.2513
G0 F3600 X118.185 Y78.390
G1 F3600 X119.016 Y77.559 E2852.2977
G0 F3600 X118.450 Y77.559
G1 F3600 X117.619 Y78.390 E2852.3441
G0 F3600 X117.053 Y78.390
G1 F3600 X117.885 Y77.559 E2852.3905
G0 F3600 X117.319 Y77.559
G1 F3600 X116.488 Y78.390 E2852.4369
G0 F3600 X115.922 Y78.390
G1 F3600 X116.753 Y77.559 E2852.4834
G0 F3600 X116.188 Y77.559
G1 F3600 X115.356 Y78.390 E2852.5298
G0 F3600 X115.331 Y77.850
G1 F3600 X115.622 Y77.559 E2852.5461
;PRINTING_TIME: 3110
;REMAINING_TIME: 161
;LAYER:76
;Z:19.250
;HEIGHT:0.250
;FLOW:100.0
;PRINTING: Flow_Calibration_Cube_0.4_mm.stl
;PRINTING_ID: 0
G1 F2400 E2849.5461
G1 F300 Z19.450
G0 F3900 X113.948 Y76.175
G0 F300 Z19.250
;TYPE:WALL-OUTER
;WIDTH:0.400
G1 F300 Z19.250
G1 F1500 E2852.5461
G1 F2100 X133.548 Y76.175 E2853.3609
G1 X133.548 Y175.775 E2857.5018
G1 X113.948 Y175.775 E2858.3167
G1 X113.948 Y76.175 E2862.4576
G1 F2400 E2859.4576
G1 F300 Z19.450
G0 F3900 X114.348 Y79.775
G1 F300 Z19.250
G1 F1500 E2862.4576
G1 F2100 X114.348 Y172.175 E2866.2991
G1 X133.148 Y172.175 E2867.0807
G1 X133.148 Y79.775 E2870.9223
G1 X114.348 Y79.775 E2871.7039
G0 F3900 X114.348 Y76.575
;TYPE:WALL-INNER
;WIDTH:0.400
;FLOW:90.0
G1 F2400 X133.148 Y76.575 E2872.4074
G1 X133.148 Y79.375 E2872.5121
G1 X114.348 Y79.375 E2873.2156
G1 X114.348 Y76.575 E2873.3203
G1 F2400 E2870.3203
G1 F300 Z19.450
G0 F3900 X133.289 Y79.634
G0 X133.289 Y172.316
G0 X114.348 Y172.575
G1 F300 Z19.250
G1 F1500 E2873.3203
G1 F2400 X133.148 Y172.575 E2874.0238
G1 X133.148 Y175.375 E2874.1286
G1 X114.348 Y175.375 E2874.8320
G1 X114.348 Y172.575 E2874.9368
G1 F2400 E2871.9368
G1 F300 Z19.450
G0 F3900 X114.207 Y172.316
G0 X114.207 Y79.634
G0 X114.748 Y76.975
G1 F300 Z19.250
G1 F1500 E2874.9368
G1 F2400 X132.748 Y76.975 E2875.6103
G1 X132.748 Y78.975 E2875.6851
G1 X114.748 Y78.975 E2876.3587
G1 X114.748 Y76.975 E2876.4335
G1 F2400 E2873.4335
G1 F300 Z19.450
G0 F3900 X133.289 Y79.634
G0 X133.289 Y172.316
G0 X114.748 Y172.975
G1 F300 Z19.250
G1 F1500 E2876.4335
G1 F2400 X132.748 Y172.975 E2877.1070
G1 X132.748 Y174.975 E2877.1818
G1 X114.748 Y174.975 E2877.8554
G1 X114.748 Y172.975 E2877.9302
G1 F2400 E2874.9302
G1 F300 Z19.450
G0 F3900 X114.207 Y172.316
G0 X114.207 Y79.634
G0 X115.148 Y77.375
G1 F300 Z19.250
G1 F1500 E2877.9302
G1 F2400 X132.348 Y77.375 E2878.5738
G1 X132.348 Y78.575 E2878.6187
G1 X115.148 Y78.575 E2879.2623
G1 X115.148 Y77.375 E2879.3072
G1 F2400 E2876.3072
G1 F300 Z19.450
G0 F3900 X133.289 Y79.634
G0 X133.289 Y172.316
G0 X115.148 Y173.375
G1 F300 Z19.250
G1 F1500 E2879.3072
G1 F2400 X132.348 Y173.375 E2879.9508
G1 X132.348 Y174.575 E2879.9957
G1 X115.148 Y174.575 E2880.6392
G1 X115.148 Y173.375 E2880.6841
G0 F3900 X115.331 Y173.880
;TYPE:SOLID-FILL
;WIDTH:0.400
;FLOW:95.0
G1 F3600 X115.841 Y174.390 E2880.7126
G0 F3600 X116.407 Y174.390
G1 F3600 X115.575 Y173.557 E2880.7591
G0 F3600 X116.140 Y173.557
G1 F3600 X116.973 Y174.390 E2880.8057
G0 F3600 X117.538 Y174.390
G1 F3600 X116.706 Y173.557 E2880.8522
G0 F3600 X117.272 Y173.557
G1 F3600 X118.104 Y174.390 E2880.8987
G0 F3600 X118.670 Y174.390
G1 F3600 X117.837 Y173.557 E2880.9452
G0 F3600 X118.403 Y173.557
G1 F3600 X119.235 Y174.390 E2880.9917
G0 F3600 X119.801 Y174.390
G1 F3600 X118.969 Y173.557 E2881.0382
G0 F3600 X119.534 Y173.557
G1 F3600 X120.367 Y174.390 E2881.0847
G0 F3600 X120.932 Y174.390
G1 F3600 X120.100 Y173.557 E2881.1312
G0 F3600 X120.666 Y173.557
G1 F3600 X121.498 Y174.390 E2881.1777
G0 F3600 X122.064 Y174.390
G1 F3600 X121.232 Y173.557 E2881.2242
G0 F3600 X121.797 Y173.557
G1 F3600 X122.629 Y174.390 E2881.2707
G0 F3600 X123.195 Y174.390
G1 F3600 X122.363 Y173.557 E2881.3172
G0 F3600 X122.929 Y173.557
G1 F3600 X123.761 Y174.390 E2881.3637
G0 F3600 X124.327 Y174.390
G1 F3600 X123.494 Y173.557 E2881.4102
G0 F3600 X124.060 Y173.557
G1 F3600 X124.892 Y174.390 E2881.4567
G0 F3600 X125.458 Y174.390
G1 F3600 X124.626 Y173.557 E2881.5032
G0 F3600 X125.191 Y173.557
G1 F3600 X126.024 Y174.390 E2881.5498
G0 F3600 X126.589 Y174.390
G1 F3600 X125.757 Y173.557 E2881.5963
G0 F3600 X126.323 Y173.557
G1 F3600 X127.155 Y174.390 E2881.6428
G0 F3600 X127.721 Y174.390
G1 F3600 X126.888 Y173.557 E2881.6893
G0 F3600 X127.454 Y173.557
G1 F3600 X128.286 Y174.390 E2881.7358
G0 F3600 X128.852 Y174.390
G1 F3600 X128.020 Y173.557 E2881.7823
G0 F3600 X128.585 Y173.557
G1 F3600 X129.418 Y174.390 E2881.8288
G0 F3600 X129.983 Y174.390
G1 F3600 X129.151 Y173.557 E2881.8753
G0 F3600 X129.717 Y173.557
G1 F3600 X130.549 Y174.390 E2881.9218
G0 F3600 X131.115 Y174.390
G1 F3600 X130.283 Y173.557 E2881.9683
G0 F3600 X130.848 Y173.557
G1 F3600 X131.680 Y174.390 E2882.0148
G0 F3600 X132.164 Y174.308
G1 F3600 X131.414 Y173.557 E2882.0568
G0 F3600 X131.980 Y173.557
G1 F3600 X132.164 Y173.742 E2882.0671
G1 F2400 E2879.0671
G1 F300 Z19.450
G0 F3900 X114.207 Y172.316
G0 X114.207 Y79.634
G0 X132.163 Y78.140
G1 F300 Z19.250
G1 F1500 E2882.0671
G1 F3600 X131.581 Y77.559 E2882.0995
G0 F3600 X131.016 Y77.559
G1 F3600 X131.847 Y78.390 E2882.1460
G0 F3600 X131.282 Y78.390
G1 F3600 X130.450 Y77.559 E2882.1924
G0 F3600 X129.884 Y77.559
G1 F3600 X130.716 Y78.390 E2882.2388
G0 F3600 X130.150 Y78.390
G1 F3600 X129.319 Y77.559 E2882.2853
G0 F3600 X128.753 Y77.559
G1 F3600 X129.585 Y78.390 E2882.3317
G0 F3600 X129.019 Y78.390
G1 F3600 X128.187 Y77.559 E2882.3782
G0 F3600 X127.622 Y77.559
G1 F3600 X128.453 Y78.390 E2882.4246
G0 F3600 X127.888 Y78.390
G1 F3600 X127.056 Y77.559 E2882.4710
G0 F3600 X126.490 Y77.559
G1 F3600 X127.322 Y78.390 E2882.5175
G0 F3600 X126.756 Y78.390
G1 F3600 X125.925 Y77.559 E2882.5639
G0 F3600 X125.359 Y77.559
G1 F3600 X126.190 Y78.390 E2882.6103
G0 F3600 X125.625 Y78.390
G1 F3600 X124.793 Y77.559 E2882.6567
G0 F3600 X124.228 Y77.559
G1 F3600 X125.059 Y78.390 E2882.7032
G0 F3600 X124.493 Y78.390
G1 F3600 X123.662 Y77.559 E2882.7496
G0 F3600 X123.096 Y77.559
G1 F3600 X123.928 Y78.390 E2882.7960
G0 F3600 X123.362 Y78.390
G1 F3600 X122.530 Y77.559 E2882.8425
G0 F3600 X121.965 Y77.559
G1 F3600 X122.796 Y78.390 E2882.8889
G0 F3600 X122.231 Y78.390
G1 F3600 X121.399 Y77.559 E2882.9353
G0 F3600 X120.833 Y77.559
G1 F3600 X121.665 Y78.390 E2882.9818
G0 F3600 X121.099 Y78.390
G1 F3600 X120.268 Y77.559 E2883.0282
G0 F3600 X119.702 Y77.559
G1 F3600 X120.534 Y78.390 E2883.0746
G0 F3600 X119.968 Y78.390
G1 F3600 X119.136 Y77.559 E2883.1211
G0 F3600 X118.571 Y77.559
G1 F3600 X119.402 Y78.390 E2883.1675
G0 F3600 X118.837 Y78.390
G1 F3600 X118.005 Y77.559 E2883.2139
G0 F3600 X117.439 Y77.559
G1 F3600 X118.271 Y78.390 E2883.2604
G0 F3600 X117.705 Y78.390
G1 F3600 X116.874 Y77.559 E2883.3068
G0 F3600 X116.308 Y77.559
G1 F3600 X117.140 Y78.390 E2883.3532
G0 F3600 X116.574 Y78.390
G1 F3600 X115.742 Y77.559 E2883.3997
G0 F3600 X115.331 Y77.713
G1 F3600 X116.008 Y78.390 E2883.4375
G0 F3600 X115.442 Y78.390
G1 F3600 X115.331 Y78.278 E2883.4437
;PRINTING_TIME: 3150
;REMAINING_TIME: 121
;LAYER:77
;Z:19.500
;HEIGHT:0.250
;FLOW:100.0
;PRINTING: Flow_Calibration_Cube_0.4_mm.stl
;PRINTING_ID: 0
G1 F2400 E2880.4437
G1 F300 Z19.700
G0 F3900 X113.948 Y76.175
G0 F300 Z19.500
;TYPE:WALL-OUTER
;WIDTH:0.400
G1 F300 Z19.500
G1 F1500 E2883.4437
G1 F2100 X133.548 Y76.175 E2884.2586
G1 X133.548 Y175.775 E2888.3995
G1 X113.948 Y175.775 E2889.2144
G1 X113.948 Y76.175 E2893.3552
G1 F2400 E2890.3552
G1 F300 Z19.700
G0 F3900 X114.348 Y79.775
G1 F300 Z19.500
G1 F1500 E2893.3552
G1 F2100 X114.348 Y172.175 E2897.1968
G1 X133.148 Y172.175 E2897.9784
G1 X133.148 Y79.775 E2901.8199
G1 X114.348 Y79.775 E2902.6016
G0 F3900 X114.348 Y76.575
;TYPE:WALL-INNER
;WIDTH:0.400
;FLOW:90.0
G1 F2400 X133.148 Y76.575 E2903.3050
G1 X133.148 Y79.375 E2903.4098
G1 X114.348 Y79.375 E2904.1132
G1 X114.348 Y76.575 E2904.2180
G1 F2400 E2901.2180
G1 F300 Z19.700
G0 F3900 X133.289 Y79.634
G0 X133.289 Y172.316
G0 X114.348 Y172.575
G1 F300 Z19.500
G1 F1500 E2904.2180
G1 F2400 X133.148 Y172.575 E2904.9215
G1 X133.148 Y175.375 E2905.0262
G1 X114.348 Y175.375 E2905.7297
G1 X114.348 Y172.575 E2905.8344
G1 F2400 E2902.8344
G1 F300 Z19.700
G0 F3900 X114.207 Y172.316
G0 X114.207 Y79.634
G0 X114.748 Y76.975
G1 F300 Z19.500
G1 F1500 E2905.8344
G1 F2400 X132.748 Y76.975 E2906.5080
G1 X132.748 Y78.975 E2906.5828
G1 X114.748 Y78.975 E2907.2563
G1 X114.748 Y76.975 E2907.3312
G1 F2400 E2904.3312
G1 F300 Z19.700
G0 F3900 X133.289 Y79.634
G0 X133.289 Y172.316
G0 X114.748 Y172.975
G1 F300 Z19.500
G1 F1500 E2907.3312
G1 F2400 X132.748 Y172.975 E2908.0047
G1 X132.748 Y174.975 E2908.0795
G1 X114.748 Y174.975 E2908.7530
G1 X114.748 Y172.975 E2908.8279
G1 F2400 E2905.8279
G1 F300 Z19.700
G0 F3900 X114.207 Y172.316
G0 X114.207 Y79.634
G0 X115.148 Y77.375
G1 F300 Z19.500
G1 F1500 E2908.8279
G1 F2400 X132.348 Y77.375 E2909.4714
G1 X132.348 Y78.575 E2909.5163
G1 X115.148 Y78.575 E2910.1599
G1 X115.148 Y77.375 E2910.2048
G1 F2400 E2907.2048
G1 F300 Z19.700
G0 F3900 X133.289 Y79.634
G0 X133.289 Y172.316
G0 X115.148 Y173.375
G1 F300 Z19.500
G1 F1500 E2910.2048
G1 F2400 X132.348 Y173.375 E2910.8484
G1 X132.348 Y174.575 E2910.8933
G1 X115.148 Y174.575 E2911.5369
G1 X115.148 Y173.375 E2911.5818
G0 F3900 X115.331 Y174.016
;TYPE:SOLID-FILL
;WIDTH:0.400
;FLOW:95.0
G1 F3600 X115.790 Y173.557 E2911.6074
G0 F3600 X116.355 Y173.557
G1 F3600 X115.522 Y174.390 E2911.6540
G0 F3600 X116.088 Y174.390
G1 F3600 X116.921 Y173.557 E2911.7005
G0 F3600 X117.487 Y173.557
G1 F3600 X116.654 Y174.390 E2911.7470
G0 F3600 X117.219 Y174.390
G1 F3600 X118.052 Y173.557 E2911.7935
G0 F3600 X118.618 Y173.557
G1 F3600 X117.785 Y174.390 E2911.8401
G0 F3600 X118.351 Y174.390
G1 F3600 X119.184 Y173.557 E2911.8866
G0 F3600 X119.749 Y173.557
G1 F3600 X118.916 Y174.390 E2911.9331
G0 F3600 X119.482 Y174.390
G1 F3600 X120.315 Y173.557 E2911.9797
G0 F3600 X120.881 Y173.557
G1 F3600 X120.048 Y174.390 E2912.0262
G0 F3600 X120.614 Y174.390
G1 F3600 X121.447 Y173.557 E2912.0727
G0 F3600 X122.012 Y173.557
G1 F3600 X121.179 Y174.390 E2912.1192
G0 F3600 X121.745 Y174.390
G1 F3600 X122.578 Y173.557 E2912.1658
G0 F3600 X123.144 Y173.557
G1 F3600 X122.311 Y174.390 E2912.2123
G0 F3600 X122.876 Y174.390
G1 F3600 X123.709 Y173.557 E2912.2588
G0 F3600 X124.275 Y173.557
G1 F3600 X123.442 Y174.390 E2912.3054
G0 F3600 X124.008 Y174.390
G1 F3600 X124.841 Y173.557 E2912.3519
G0 F3600 X125.406 Y173.557
G1 F3600 X124.573 Y174.390 E2912.3984
G0 F3600 X125.139 Y174.390
G1 F3600 X125.972 Y173.557 E2912.4449
G0 F3600 X126.538 Y173.557
G1 F3600 X125.705 Y174.390 E2912.4915
G0 F3600 X126.270 Y174.390
G1 F3600 X127.103 Y173.557 E2912.5380
G0 F3600 X127.669 Y173.557
G1 F3600 X126.836 Y174.390 E2912.5845
G0 F3600 X127.402 Y174.390
G1 F3600 X128.235 Y173.557 E2912.6311
G0 F3600 X128.800 Y173.557
G1 F3600 X127.967 Y174.390 E2912.6776
G0 F3600 X128.533 Y174.390
G1 F3600 X129.366 Y173.557 E2912.7241
G0 F3600 X129.932 Y173.557
G1 F3600 X129.099 Y174.390 E2912.7706
G0 F3600 X129.664 Y174.390
G1 F3600 X130.497 Y173.557 E2912.8172
G0 F3600 X131.063 Y173.557
G1 F3600 X130.230 Y174.390 E2912.8637
G0 F3600 X130.796 Y174.390
G1 F3600 X131.629 Y173.557 E2912.9102
G0 F3600 X132.163 Y173.589
G1 F3600 X131.362 Y174.390 E2912.9550
G0 F3600 X131.927 Y174.390
G1 F3600 X132.163 Y174.154 E2912.9682
G1 F2400 E2909.9682
G1 F300 Z19.700
G0 F3900 X114.207 Y172.316
G0 X114.207 Y79.634
G0 X131.761 Y78.390
G1 F300 Z19.500
G1 F1500 E2912.9682
G1 F3600 X132.163 Y77.988 E2912.9906
G0 F3600 X132.027 Y77.559
G1 F3600 X131.195 Y78.390 E2913.0371
G0 F3600 X130.630 Y78.390
G1 F3600 X131.461 Y77.559 E2913.0835
G0 F3600 X130.896 Y77.559
G1 F3600 X130.064 Y78.390 E2913.1299
G0 F3600 X129.498 Y78.390
G1 F3600 X130.330 Y77.559 E2913.1764
G0 F3600 X129.764 Y77.559
G1 F3600 X128.933 Y78.390 E2913.2228
G0 F3600 X128.367 Y78.390
G1 F3600 X129.199 Y77.559 E2913.2692
G0 F3600 X128.633 Y77.559
G1 F3600 X127.801 Y78.390 E2913.3157
G0 F3600 X127.236 Y78.390
G1 F3600 X128.067 Y77.559 E2913.3621
G0 F3600 X127.501 Y77.559
G1 F3600 X126.670 Y78.390 E2913.4085
G0 F3600 X126.104 Y78.390
G1 F3600 X126.936 Y77.559 E2913.4549
G0 F3600 X126.370 Y77.559
G1 F3600 X125.539 Y78.390 E2913.5014
G0 F3600 X124.973 Y78.390
G1 F3600 X125.804 Y77.559 E2913.5478
G0 F3600 X125.239 Y77.559
G1 F3600 X124.407 Y78.390 E2913.5942
G0 F3600 X123.841 Y78.390
G1 F3600 X124.673 Y77.559 E2913.6407
G0 F3600 X124.107 Y77.559
G1 F3600 X123.276 Y78.390 E2913.6871
G0 F3600 X122.710 Y78.390
G1 F3600 X123.542 Y77.559 E2913.7335
G0 F3600 X122.976 Y77.559
G1 F3600 X122.144 Y78.390 E2913.7800
G0 F3600 X121.579 Y78.390
G1 F3600 X122.410 Y77.559 E2913.8264
G0 F3600 X121.845 Y77.559
G1 F3600 X121.013 Y78.390 E2913.8728
G0 F3600 X120.447 Y78.390
G1 F3600 X121.279 Y77.559 E2913.9193
G0 F3600 X120.713 Y77.559
G1 F3600 X119.882 Y78.390 E2913.9657
G0 F3600 X119.316 Y78.390
G1 F3600 X120.148 Y77.559 E2914.0121
G0 F3600 X119.582 Y77.559
G1 F3600 X118.750 Y78.390 E2914.0586
G0 F3600 X118.185 Y78.390
G1 F3600 X119.016 Y77.559 E2914.1050
G0 F3600 X118.450 Y77.559
G1 F3600 X117.619 Y78.390 E2914.1514
G0 F3600 X117.053 Y78.390
G1 F3600 X117.885 Y77.559 E2914.1979
G0 F3600 X117.319 Y77.559
G1 F3600 X116.488 Y78.390 E2914.2443
G0 F3600 X115.922 Y78.390
G1 F3600 X116.753 Y77.559 E2914.2907
G0 F3600 X116.188 Y77.559
G1 F3600 X115.356 Y78.390 E2914.3371
G0 F3600 X115.331 Y77.850
G1 F3600 X115.622 Y77.559 E2914.3534
;PRINTING_TIME: 3191
;REMAINING_TIME: 81
;LAYER:78
;Z:19.750
;HEIGHT:0.250
;FLOW:100.0
;PRINTING: Flow_Calibration_Cube_0.4_mm.stl
;PRINTING_ID: 0
G1 F2400 E2911.3534
G1 F300 Z19.950
G0 F3900 X113.948 Y76.175
G0 F300 Z19.750
;TYPE:WALL-OUTER
;WIDTH:0.400
G1 F300 Z19.750
G1 F1500 E2914.3534
G1 F2100 X133.548 Y76.175 E2915.1683
G1 X133.548 Y175.775 E2919.3091
G1 X113.948 Y175.775 E2920.1240
G1 X113.948 Y76.175 E2924.2649
G1 F2400 E2921.2649
G1 F300 Z19.950
G0 F3900 X114.348 Y79.775
G1 F300 Z19.750
G1 F1500 E2924.2649
G1 F2100 X114.348 Y172.175 E2928.1065
G1 X133.148 Y172.175 E2928.8881
G1 X133.148 Y79.775 E2932.7296
G1 X114.348 Y79.775 E2933.5112
G0 F3900 X114.348 Y76.575
;TYPE:WALL-INNER
;WIDTH:0.400
;FLOW:90.0
G1 F2400 X133.148 Y76.575 E2934.2147
G1 X133.148 Y79.375 E2934.3194
G1 X114.348 Y79.375 E2935.0229
G1 X114.348 Y76.575 E2935.1277
G1 F2400 E2932.1277
G1 F300 Z19.950
G0 F3900 X133.289 Y79.634
G0 X133.289 Y172.316
G0 X114.348 Y172.575
G1 F300 Z19.750
G1 F1500 E2935.1277
G1 F2400 X133.148 Y172.575 E2935.8311
G1 X133.148 Y175.375 E2935.9359
G1 X114.348 Y175.375 E2936.6393
G1 X114.348 Y172.575 E2936.7441
G1 F2400 E2933.7441
G1 F300 Z19.950
G0 F3900 X114.207 Y172.316
G0 X114.207 Y79.634
G0 X114.748 Y76.975
G1 F300 Z19.750
G1 F1500 E2936.7441
G1 F2400 X132.748 Y76.975 E2937.4176
G1 X132.748 Y78.975 E2937.4925
G1 X114.748 Y78.975 E2938.1660
G1 X114.748 Y76.975 E2938.2408
G1 F2400 E2935.2408
G1 F300 Z19.950
G0 F3900 X133.289 Y79.634
G0 X133.289 Y172.316
G0 X114.748 Y172.975
G1 F300 Z19.750
G1 F1500 E2938.2408
G1 F2400 X132.748 Y172.975 E2938.9143
G1 X132.748 Y174.975 E2938.9892
G1 X114.748 Y174.975 E2939.6627
G1 X114.748 Y172.975 E2939.7375
G1 F2400 E2936.7375
G1 F300 Z19.950
G0 F3900 X114.207 Y172.316
G0 X114.207 Y79.634
G0 X115.148 Y77.375
G1 F300 Z19.750
G1 F1500 E2939.7375
G1 F2400 X132.348 Y77.375 E2940.3811
G1 X132.348 Y78.575 E2940.4260
G1 X115.148 Y78.575 E2941.0696
G1 X115.148 Y77.375 E2941.1145
G1 F2400 E2938.1145
G1 F300 Z19.950
G0 F3900 X133.289 Y79.634
G0 X133.289 Y172.316
G0 X115.148 Y173.375
G1 F300 Z19.750
G1 F1500 E2941.1145
G1 F2400 X132.348 Y173.375 E2941.7581
G1 X132.348 Y174.575 E2941.8030
G1 X115.148 Y174.575 E2942.4466
G1 X115.148 Y173.375 E2942.4915
G0 F3900 X115.331 Y173.880
;TYPE:SOLID-FILL
;WIDTH:0.400
;FLOW:95.0
G1 F3600 X115.841 Y174.390 E2942.5200
G0 F3600 X116.407 Y174.390
G1 F3600 X115.575 Y173.557 E2942.5665
G0 F3600 X116.140 Y173.557
G1 F3600 X116.973 Y174.390 E2942.6130
G0 F3600 X117.538 Y174.390
G1 F3600 X116.706 Y173.557 E2942.6595
G0 F3600 X117.272 Y173.557
G1 F3600 X118.104 Y174.390 E2942.7060
G0 F3600 X118.670 Y174.390
G1 F3600 X117.837 Y173.557 E2942.7525
G0 F3600 X118.403 Y173.557
G1 F3600 X119.235 Y174.390 E2942.7990
G0 F3600 X119.801 Y174.390
G1 F3600 X118.969 Y173.557 E2942.8455
G0 F3600 X119.534 Y173.557
G1 F3600 X120.367 Y174.390 E2942.8920
G0 F3600 X120.932 Y174.390
G1 F3600 X120.100 Y173.557 E2942.9385
G0 F3600 X120.666 Y173.557
G1 F3600 X121.498 Y174.390 E2942.9850
G0 F3600 X122.064 Y174.390
G1 F3600 X121.232 Y173.557 E2943.0315
G0 F3600 X121.797 Y173.557
G1 F3600 X122.629 Y174.390 E2943.0780
G0 F3600 X123.195 Y174.390
G1 F3600 X122.363 Y173.557 E2943.1245
G0 F3600 X122.929 Y173.557
G1 F3600 X123.761 Y174.390 E2943.1710
G0 F3600 X124.327 Y174.390
G1 F3600 X123.494 Y173.557 E2943.2176
G0 F3600 X124.060 Y173.557
G1 F3600 X124.892 Y174.390 E2943.2641
G0 F3600 X125.458 Y174.390
G1 F3600 X124.626 Y173.557 E2943.3106
G0 F3600 X125.191 Y173.557
G1 F3600 X126.024 Y174.390 E2943.3571
G0 F3600 X126.589 Y174.390
G1 F3600 X125.757 Y173.557 E2943.4036
G0 F3600 X126.323 Y173.557
G1 F3600 X127.155 Y174.390 E2943.4501
G0 F3600 X127.721 Y174.390
G1 F3600 X126.888 Y173.557 E2943.4966
G0 F3600 X127.454 Y173.557
G1 F3600 X128.286 Y174.390 E2943.5431
G0 F3600 X128.852 Y174.390
G1 F3600 X128.020 Y173.557 E2943.5896
G0 F3600 X128.585 Y173.557
G1 F3600 X129.418 Y174.390 E2943.6362
G0 F3600 X129.983 Y174.390
G1 F3600 X129.151 Y173.557 E2943.6827
G0 F3600 X129.717 Y173.557
G1 F3600 X130.549 Y174.390 E2943.7292
G0 F3600 X131.115 Y174.390
G1 F3600 X130.283 Y173.557 E2943.7757
G0 F3600 X130.848 Y173.557
G1 F3600 X131.680 Y174.390 E2943.8222
G0 F3600 X132.164 Y174.308
G1 F3600 X131.414 Y173.557 E2943.8641
G0 F3600 X131.980 Y173.557
G1 F3600 X132.164 Y173.742 E2943.8744
G1 F2400 E2940.8744
G1 F300 Z19.950
G0 F3900 X114.207 Y172.316
G0 X114.207 Y79.634
G0 X132.163 Y78.140
G1 F300 Z19.750
G1 F1500 E2943.8744
G1 F3600 X131.581 Y77.559 E2943.9069
G0 F3600 X131.016 Y77.559
G1 F3600 X131.847 Y78.390 E2943.9533
G0 F3600 X131.282 Y78.390
G1 F3600 X130.450 Y77.559 E2943.9997
G0 F3600 X129.884 Y77.559
G1 F3600 X130.716 Y78.390 E2944.0462
G0 F3600 X130.150 Y78.390
G1 F3600 X129.319 Y77.559 E2944.0926
G0 F3600 X128.753 Y77.559
G1 F3600 X129.585 Y78.390 E2944.1390
G0 F3600 X129.019 Y78.390
G1 F3600 X128.187 Y77.559 E2944.1855
G0 F3600 X127.622 Y77.559
G1 F3600 X128.453 Y78.390 E2944.2319
G0 F3600 X127.888 Y78.390
G1 F3600 X127.056 Y77.559 E2944.2783
G0 F3600 X126.490 Y77.559
G1 F3600 X127.322 Y78.390 E2944.3248
G0 F3600 X126.756 Y78.390
G1 F3600 X125.925 Y77.559 E2944.3712
G0 F3600 X125.359 Y77.559
G1 F3600 X126.190 Y78.390 E2944.4176
G0 F3600 X125.625 Y78.390
G1 F3600 X124.793 Y77.559 E2944.4641
G0 F3600 X124.228 Y77.559
G1 F3600 X125.059 Y78.390 E2944.5105
G0 F3600 X124.493 Y78.390
G1 F3600 X123.662 Y77.559 E2944.5569
G0 F3600 X123.096 Y77.559
G1 F3600 X123.928 Y78.390 E2944.6033
G0 F3600 X123.362 Y78.390
G1 F3600 X122.530 Y77.559 E2944.6498
G0 F3600 X121.965 Y77.559
G1 F3600 X122.796 Y78.390 E2944.6962
G0 F3600 X122.231 Y78.390
G1 F3600 X121.399 Y77.559 E2944.7426
G0 F3600 X120.833 Y77.559
G1 F3600 X121.665 Y78.390 E2944.7891
G0 F3600 X121.099 Y78.390
G1 F3600 X120.268 Y77.559 E2944.8355
G0 F3600 X119.702 Y77.559
G1 F3600 X120.534 Y78.390 E2944.8819
G0 F3600 X119.968 Y78.390
G1 F3600 X119.136 Y77.559 E2944.9284
G0 F3600 X118.571 Y77.559
G1 F3600 X119.402 Y78.390 E2944.9748
G0 F3600 X118.837 Y78.390
G1 F3600 X118.005 Y77.559 E2945.0213
G0 F3600 X117.439 Y77.559
G1 F3600 X118.271 Y78.390 E2945.0677
G0 F3600 X117.705 Y78.390
G1 F3600 X116.874 Y77.559 E2945.1141
G0 F3600 X116.308 Y77.559
G1 F3600 X117.140 Y78.390 E2945.1606
G0 F3600 X116.574 Y78.390
G1 F3600 X115.742 Y77.559 E2945.2070
G0 F3600 X115.331 Y77.713
G1 F3600 X116.008 Y78.390 E2945.2448
G0 F3600 X115.442 Y78.390
G1 F3600 X115.331 Y78.278 E2945.2510
;PRINTING_TIME: 3231
;REMAINING_TIME: 40
;LAYER:79
;Z:20.000
;HEIGHT:0.250
;FLOW:100.0
;PRINTING: Flow_Calibration_Cube_0.4_mm.stl
;PRINTING_ID: 0
G1 F2400 E2942.2510
G1 F300 Z20.200
G0 F3900 X113.948 Y76.175
G0 F300 Z20.000
;TYPE:WALL-OUTER
;WIDTH:0.400
G1 F300 Z20.000
G1 F1500 E2945.2510
G1 F2100 X133.548 Y76.175 E2946.0659
G1 X133.548 Y175.775 E2950.2068
G1 X113.948 Y175.775 E2951.0217
G1 X113.948 Y76.175 E2955.1626
G1 F2400 E2952.1626
G1 F300 Z20.200
G0 F3900 X114.348 Y79.775
G1 F300 Z20.000
G1 F1500 E2955.1626
G1 F2100 X114.348 Y172.175 E2959.0041
G1 X133.148 Y172.175 E2959.7857
G1 X133.148 Y79.775 E2963.6273
G1 X114.348 Y79.775 E2964.4089
G0 F3900 X114.348 Y76.575
;TYPE:WALL-INNER
;WIDTH:0.400
;FLOW:90.0
G1 F2400 X133.148 Y76.575 E2965.1123
G1 X133.148 Y79.375 E2965.2171
G1 X114.348 Y79.375 E2965.9206
G1 X114.348 Y76.575 E2966.0253
G1 F2400 E2963.0253
G1 F300 Z20.200
G0 F3900 X133.289 Y79.634
G0 X133.289 Y172.316
G0 X114.348 Y172.575
G1 F300 Z20.000
G1 F1500 E2966.0253
G1 F2400 X133.148 Y172.575 E2966.7288
G1 X133.148 Y175.375 E2966.8335
G1 X114.348 Y175.375 E2967.5370
G1 X114.348 Y172.575 E2967.6418
G1 F2400 E2964.6418
G1 F300 Z20.200
G0 F3900 X114.207 Y172.316
G0 X114.207 Y79.634
G0 X114.748 Y76.975
G1 F300 Z20.000
G1 F1500 E2967.6418
G1 F2400 X132.748 Y76.975 E2968.3153
G1 X132.748 Y78.975 E2968.3901
G1 X114.748 Y78.975 E2969.0636
G1 X114.748 Y76.975 E2969.1385
G1 F2400 E2966.1385
G1 F300 Z20.200
G0 F3900 X133.289 Y79.634
G0 X133.289 Y172.316
G0 X114.748 Y172.975
G1 F300 Z20.000
G1 F1500 E2969.1385
G1 F2400 X132.748 Y172.975 E2969.8120
G1 X132.748 Y174.975 E2969.8868
G1 X114.748 Y174.975 E2970.5603
G1 X114.748 Y172.975 E2970.6352
G1 F2400 E2967.6352
G1 F300 Z20.200
G0 F3900 X114.207 Y172.316
G0 X114.207 Y79.634
G0 X115.148 Y77.375
G1 F300 Z20.000
G1 F1500 E2970.6352
G1 F2400 X132.348 Y77.375 E2971.2788
G1 X132.348 Y78.575 E2971.3237
G1 X115.148 Y78.575 E2971.9673
G1 X115.148 Y77.375 E2972.0122
G1 F2400 E2969.0122
G1 F300 Z20.200
G0 F3900 X133.289 Y79.634
G0 X133.289 Y172.316
G0 X115.148 Y173.375
G1 F300 Z20.000
G1 F1500 E2972.0122
G1 F2400 X132.348 Y173.375 E2972.6557
G1 X132.348 Y174.575 E2972.7006
G1 X115.148 Y174.575 E2973.3442
G1 X115.148 Y173.375 E2973.3891
G0 F3900 X115.331 Y174.016
;TYPE:SOLID-FILL
;WIDTH:0.400
;FLOW:95.0
G1 F3600 X115.790 Y173.557 E2973.4148
G0 F3600 X116.355 Y173.557
G1 F3600 X115.522 Y174.390 E2973.4613
G0 F3600 X116.088 Y174.390
G1 F3600 X116.921 Y173.557 E2973.5078
G0 F3600 X117.487 Y173.557
G1 F3600 X116.654 Y174.390 E2973.5543
G0 F3600 X117.219 Y174.390
G1 F3600 X118.052 Y173.557 E2973.6009
G0 F3600 X118.618 Y173.557
G1 F3600 X117.785 Y174.390 E2973.6474
G0 F3600 X118.351 Y174.390
G1 F3600 X119.184 Y173.557 E2973.6939
G0 F3600 X119.749 Y173.557
G1 F3600 X118.916 Y174.390 E2973.7405
G0 F3600 X119.482 Y174.390
G1 F3600 X120.315 Y173.557 E2973.7870
G0 F3600 X120.881 Y173.557
G1 F3600 X120.048 Y174.390 E2973.8335
G0 F3600 X120.614 Y174.390
G1 F3600 X121.447 Y173.557 E2973.8800
G0 F3600 X122.012 Y173.557
G1 F3600 X121.179 Y174.390 E2973.9266
G0 F3600 X121.745 Y174.390
G1 F3600 X122.578 Y173.557 E2973.9731
G0 F3600 X123.144 Y173.557
G1 F3600 X122.311 Y174.390 E2974.0196
G0 F3600 X122.876 Y174.390
G1 F3600 X123.709 Y173.557 E2974.0662
G0 F3600 X124.275 Y173.557
G1 F3600 X123.442 Y174.390 E2974.1127
G0 F3600 X124.008 Y174.390
G1 F3600 X124.841 Y173.557 E2974.1592
G0 F3600 X125.406 Y173.557
G1 F3600 X124.573 Y174.390 E2974.2057
G0 F3600 X125.139 Y174.390
G1 F3600 X125.972 Y173.557 E2974.2523
G0 F3600 X126.538 Y173.557
G1 F3600 X125.705 Y174.390 E2974.2988
G0 F3600 X126.270 Y174.390
G1 F3600 X127.103 Y173.557 E2974.3453
G0 F3600 X127.669 Y173.557
G1 F3600 X126.836 Y174.390 E2974.3919
G0 F3600 X127.402 Y174.390
G1 F3600 X128.235 Y173.557 E2974.4384
G0 F3600 X128.800 Y173.557
G1 F3600 X127.967 Y174.390 E2974.4849
G0 F3600 X128.533 Y174.390
G1 F3600 X129.366 Y173.557 E2974.5314
G0 F3600 X129.932 Y173.557
G1 F3600 X129.099 Y174.390 E2974.5780
G0 F3600 X129.664 Y174.390
G1 F3600 X130.497 Y173.557 E2974.6245
G0 F3600 X131.063 Y173.557
G1 F3600 X130.230 Y174.390 E2974.6710
G0 F3600 X130.796 Y174.390
G1 F3600 X131.629 Y173.557 E2974.7176
G0 F3600 X132.163 Y173.589
G1 F3600 X131.362 Y174.390 E2974.7623
G0 F3600 X131.927 Y174.390
G1 F3600 X132.163 Y174.154 E2974.7755
G1 F2400 E2971.7755
G1 F300 Z20.200
G0 F3900 X114.207 Y172.316
G0 X114.207 Y79.634
G0 X131.761 Y78.390
G1 F300 Z20.000
G1 F1500 E2974.7755
G1 F3600 X132.163 Y77.988 E2974.7979
G0 F3600 X132.027 Y77.559
G1 F3600 X131.195 Y78.390 E2974.8444
G0 F3600 X130.630 Y78.390
G1 F3600 X131.461 Y77.559 E2974.8908
G0 F3600 X130.896 Y77.559
G1 F3600 X130.064 Y78.390 E2974.9372
G0 F3600 X129.498 Y78.390
G1 F3600 X130.330 Y77.559 E2974.9837
G0 F3600 X129.764 Y77.559
G1 F3600 X128.933 Y78.390 E2975.0301
G0 F3600 X128.367 Y78.390
G1 F3600 X129.199 Y77.559 E2975.0765
G0 F3600 X128.633 Y77.559
G1 F3600 X127.801 Y78.390 E2975.1230
G0 F3600 X127.236 Y78.390
G1 F3600 X128.067 Y77.559 E2975.1694
G0 F3600 X127.501 Y77.559
G1 F3600 X126.670 Y78.390 E2975.2158
G0 F3600 X126.104 Y78.390
G1 F3600 X126.936 Y77.559 E2975.2623
G0 F3600 X126.370 Y77.559
G1 F3600 X125.539 Y78.390 E2975.3087
G0 F3600 X124.973 Y78.390
G1 F3600 X125.804 Y77.559 E2975.3551
G0 F3600 X125.239 Y77.559
G1 F3600 X124.407 Y78.390 E2975.4015
G0 F3600 X123.841 Y78.390
G1 F3600 X124.673 Y77.559 E2975.4480
G0 F3600 X124.107 Y77.559
G1 F3600 X123.276 Y78.390 E2975.4944
G0 F3600 X122.710 Y78.390
G1 F3600 X123.542 Y77.559 E2975.5408
G0 F3600 X122.976 Y77.559
G1 F3600 X122.144 Y78.390 E2975.5873
G0 F3600 X121.579 Y78.390
G1 F3600 X122.410 Y77.559 E2975.6337
G0 F3600 X121.845 Y77.559
G1 F3600 X121.013 Y78.390 E2975.6802
G0 F3600 X120.447 Y78.390
G1 F3600 X121.279 Y77.559 E2975.7266
G0 F3600 X120.713 Y77.559
G1 F3600 X119.882 Y78.390 E2975.7730
G0 F3600 X119.316 Y78.390
G1 F3600 X120.148 Y77.559 E2975.8195
G0 F3600 X119.582 Y77.559
G1 F3600 X118.750 Y78.390 E2975.8659
G0 F3600 X118.185 Y78.390
G1 F3600 X119.016 Y77.559 E2975.9123
G0 F3600 X118.450 Y77.559
G1 F3600 X117.619 Y78.390 E2975.9587
G0 F3600 X117.053 Y78.390
G1 F3600 X117.885 Y77.559 E2976.0052
G0 F3600 X117.319 Y77.559
G1 F3600 X116.488 Y78.390 E2976.0516
G0 F3600 X115.922 Y78.390
G1 F3600 X116.753 Y77.559 E2976.0980
G0 F3600 X116.188 Y77.559
G1 F3600 X115.356 Y78.390 E2976.1445
G0 F3600 X115.331 Y77.850
G1 F3600 X115.622 Y77.559 E2976.1607
;PRINTING_TIME: 3271
;REMAINING_TIME: 0
M106 S0
G1 F2400 E2973.1607
G1 F300 Z20.200
G0 F3900 X115.622 Y77.559
G0 F300 Z25.000
M221 T0 S100
G92 E0
M1002
M104 T0 S0
M104 S0 ;extruder heater off
M140 S0 ;heated bed heater off (if you have it)
G91 ;relative positionion
G1 E-1 F300  ;retract the filament a bit before lifting the nozzle, to release some of the pressure
G1 Z+10 E-5 F9000 ;move Z up and retract filament even more
M84 ;steppers off
;Data start:149224:fc9cd48e5bef533054bd742483f05340
;SURFQSAtIFBSSU5UREFUQUlZDHzi6E17riyBkcQfrmdbfVs3FHh8P5cV6dV8SnsUi1BfPeij/32FAkU
;e3AVW6ynIGzdCqDk/WxG21QxKQxSEUH097aPkfYICfx78BTfrP8hpN1OoLz9EEbvVf0okFJJQST3ko/
;B9nAJBHsUFAusEyAU3XKgOP2ARj9UkShcUvlAtLoGjkRySYUVyy3cGnx+nNGhuxwhLYHzp1E1KexTbE
;FJ9gbiRffFjQ33LaQKZF7wzWGL3HlB7ZYa4EjkOZr0xTliBopF98QIgXtFFZ/N2yFpWb8sZU2pjiKEk
;JRVLvTlfTvX8/RyIZ1IerwVn63bIGkhMqG8/DxGIti4vF3GpMVlU7s3OFJ9kSXLCBWbrdshaN0zXPD8
;XEenVLCkYcbc1X1z1yv4TrmtObctxOIIYpj9FDKl8Pw8R6ZUyCnsM21AtXOLA9BGUcEFqx2oJtB+mKV
;J49xNKe3Sb1UxKexTbUG1CwaODffECQX3NYAuOBKkuXmPGI099eIehTUt7FNtQLX3+45Fp8QIgf81mA
;ocTujtDZccSYHxkmaUiOA8U2lAtPYGj0QKxAjAergUGiBWtNlJ+yQhWYH+2oSI6exXbUC09gePuPfEa
;IB6uZASIE6Q/RW3cFVBhTp26PRUIYak2TF7ko5B98QIgHu56J+tlyFo3bcsfWmN0m7Q5IxR6hCRfXPf
;G/X3wAiAergUnlDbIeDcMqB1cbHSFsD8rD320PnJJ88LnGJ1dU3bBdxO0EqEpQ23GH1oPEOnVTUp7FN
;tQLRSBo5Ech21JevFxFYoArTZoZMcQWnxOmbQ5IiR5uihyUeTN9gmZXUZ/zXEImXbJWjcMqHw/ZlHp/
;E1Ke3WtP0RZ3tfjHIdnTEHGaguOBZcqVnjAI1Juaba7IhUJca8iTF71yv4T8QMgHq4FZ+t2yFo8DKh8
;XWp9nYoiLB1nviQtPIGjkX3xAvAhrhNn63aqP1t49w5eaWW2tC4pHni+IkxJ6Mz/ffACIB6uBSeUNsh
;KNwyoHlpjZbanLCwPS7o5X1rg05F88QIgHq4Fh9R22lo3DMoZU3tOm7QrPiRytz9aT+DX9H3wAiAerg
;VnsjbIVDcMqB5aY2W2pywsD0uxNV9WgaKRffECIB66RWf7dshaVWnECGB9cI+hEiUdcqg1WT2Ao5F98
;QIg7pEFaOt2yDhSYNwjTW53nYo+Oh5xv1AsPYGjkX3xLGAevQVn6xStNkNT2h1Ze06dvSQpEHq+I149
;gKORffECIOaRBXXrdsg4UmDcI0hufYWKKyYUY6kxWViBopF98QIgHvdFZ/92yFpVacQIYHhwhbkSJh5
;6vCRFYuzK/33wAiAergVnG0nIVTcMqB5aY2W2oiwmF0uoIEhY5aOQffECIB6uISfraMhaN27aFVtoeI
;eyEi8DYKklXlTuzc4KmGZUdvF3Bp8fp1o2DKh8Pw8RsJVNWHsU2zJfVOXE+BOWXUZ/wFoUmxOtPjcNq
;Hw/DxHpjA1KbxTbUE9P6Mf2FJ9lf3jHfQKPKak0UGDNfD4PEenVTUp7FNtJLT2BweMUlWVJcMlaAYcZ
;qS5SaPcdTWpwtrgkJHsV21AtPYGjpT3xEyAermcVghKvM1lr9xpTYGabtDkvexXbUC09gaPIPfEaIB6
;uZxWCEq8zWWv3D1dqfYWmEiwXe6wiTEnko5B98QIgHq5cJ+tjyFo3btoVW2h4h7ISORNxtzxeYvLT9B
;iVAiEergVn63b2GjcCqHw/bWOAsSojFXOEI11Y5MeRfPECIB6uBSmrdulaNwzKDlZrdoC7KhUIYasgQ
;k/1xvUikHBFf/F3Bp8fpwVabdB8Pg8R6dVNSjJU218tPYHB4xScXUx3wGA4iBm9NEMMqXw/DxHp1WkK
;ex/bUC1f88r8Ip5kRm3LcWfqdshaNwyofD8PA+nVTSkUdagkRFPm/PUUgnZBcM1gVut3yFo3DKh8Pw8
;R+9VNShh7uiNZVO/EzhmYcVR/wGYC2XbJWjcMqHw/DxHp+01Ke3e0PklU9cr+E5Buf3HAYDiYHq02W1
;PHEmB7fpmKPj8JcrozSE7ezvgTrmNSe88FZut2yFo3DKh8PyAR6dUuJRVwsiREUu/C/SKebEVB3W0Ch
;xqXNVlT3BNPUGKcpysrGHGoD0BU7/zmFJV2SB6vBWfrdshaNwyoUz8PEYq6Iy4SYLI/Q1zt/OUSgV1T
;a9xjBogTlzNZasEQU1BhiKE5Lwl6hD1EU97C4xiQAiEergVn63bIWjc8qHw/bH6HsSQ+Enu1MUFi9cz
;hIoJ3UnjPZgK0H6Y8XmDEI09uZZ2wPyQkebI+ckrox+UV8QMgHq4FZ+t2yFoiDKh8XGB+hbwjLSR3tD
;VLW+jA+Bifdn9/rgRKqGojuAFWl3wqDxHptiIlF321N3Je7sb3G5hhSXvAcTiJdsmX+8BksPP7runAT
;Up7d7Q/QVTvxM4enmdGeMdmDo4YvAVUDKl8Pw8R6RU/CnsH21AtXu7M/SKca05BwmQejgSXLl5hzXw+
;DxHp1U1KVVTbQS09gcD+Ep1dTXfAWgGOE6woVnjNfD4PEenVTUpfVNtGLT2Bx/QTgmd/bdt1F4QEvAV
;RYMcLTW5ljNVMSnsU21AtZMGjjH3xAkR7wHYCtAW9Kkdj2ghgZn+PvCEmJHuuJEFU78biffACIB6uBW
;frdshNNwyoD0p/YYanORUfcbUjSGLnyv0RrnBBassFZut2yFo3DPw8PxIR6dUpLxVnvg9eSPHT/g+FX
;UlwwGAVtBOwKlZi2xVQYRHo1U1KexTbUC09kqORfYJ3UG7BdxO0Eq00RGn3EF52dJvVTEp7FNtQLT2B
;o4p98QJEe8B2ArQFvSpHY9oIYGNwkLA/OSR2tCRZUuyjkH3xAiAergVn62XIWjdozRJMak6aoD06FGa
;vD15N5Mb1ffACIB6uBWeiNshDNwyoGFZidIemJCUVS6Mpcl7uzuEYn3FBasdqCet3yFo3DKh8Pw8R99
;VNSh99tjVDTujM/yKJe399wWgXjhi7O0NlxxJgZ36FsE1LexTbUC09gaORZPECIHrCdTiKGLwzVmDBH
;Uxmf46KKjgabYQ9TEWBopF98QIg/sFFZ/J2yFpTYNgjXmFlgLQhIxpnsj5KYubR8ASub0lwrgRn63bI
;WjcMqHwpDxHpsSE6JHW1JERc7crwDphsR0HCYBGOGshbNwyofD8PManVWkp7FL88XWLgzeUUkG5Jf91
;sCYwppT9DZMcYPw4R6dVNSnvk5FAKPYGj9RGBXUJ/3WA4hxexP0VTyRpLamO2sDU6FGeuIkhi9sL4Ca
;52SXPLBWbrdshaNwyofD8nEenVKSYLS7kxXljez/AElHB/fMtjCJkTlz9PfMcPSn10tqIsIw9LrzlAW
;IGikX3xAiAeqkVn93bIWlNg2CNdbmKMiiErAnGpD09S88f0D65tRnjdYBPrd8haNwyofD8PEc3VTUof
;eKsPT1zyxs4RkHtFbPFmCIUCpy9FU80ET2BinKcoFQ99tjUtPIGjkX3xAgheri5n63asNkdTyh1Mak6
;FtDQvCUu+I1lU7MLlFJ5sf2rHaAK0Fac3R2nGD157eIa7TUt7FNtQLT2Bo5FZ8QIgesJ1OIkXuz9oYM
;kFWn1Oj7whJhJ6vA9IRfHM4giDZ39qx2gC63fIWjcMqHzPMBHw1U1KH3irD09c8sbOEZB7RWzxdQicE
;7oFWmPMGT8OEenVTUp75ORQDD2Bo/URgV1Cf91gOIcXsT9FU9odT2Z1trE/JQtLoQ9eTeTG9X3wAiAe
;rgVnyzbIfjcMqBhTf06LtD4vJHi6KUhP3tHwDZhmf3LHYxO0DJc+Xn/cHVFsdOnUTUp7FNtQP32BgpF
;98WZMbvFnBpgTlzZWdc0OYH1wmbwpFRd9vSRyR97Q4RiUZiAfrgVn63bIencMi3w/D3WFpRIoGme+D0
;Fc+MbjIoJuT2nxYRWEBpcgaGjBD0tuf4qwTUt7FNtQLT2J45Fd8QIgesJ1OIkXuz9oYMkFWn1OmrkiP
;SRwqT9dYvv84g2UZ0QerwVn63bIWhdMqF8/DxGNuT0VGXWoNXJR4Nr0D65xTHHZWguCELwFTVPMFUx7
;cIe2KEp6FNtQLT2Bq9F90QIgHsppF7QUqSlSU8QdRmpjtqYhJQxLtzlLSd7Zzg6BZ0V6rgRn63bIWjc
;s6HwbDxHpsSE6JHa6I0hi7cLoGINdU2vedQiZApc/T3zHD0p9dLahJCceFNpQLT2Bo5FVsQIFHq4FA4
;cGlzhWf80jU25ojKcSPhN9uDtDWPLQzh6eb1B7wHYGnx+nNDcNqHw/DxHp1U1KXxTbUElR8fzzHIJnf
;3LPfAKZKb0qR2naI09geIehEj0afa8PWVTsxpF88QIgHq4Fh9R2x1o3DMwQT1BziKYoFRd1ojVfToGi
;kX3xAiAejkVn9HbIWlNg2CNcZ3CEtyg4JHy+MVlI8fziCZBsRHzXWhOCG61aNgyofD8PEf2VTWp7FNs
;0QU3ewPkcnGBFbPF1FYIYvDNZa/cIWmJhjKcsPg5mvlAsPYGjkX1xQ2AevwVn6xKkKmhvxxJLYGSbij
;ojH2CzUCw9gaORffEKYB6hBWfrEqQqaGjaBVZhdrahJCceFNpQLT2Bo5FpsQIzHq4FA4cGlz9Ta80jX
;WNkm4ohLw1xt1AsPYGjkX3x8h8ejQVn6xKkKmhqwQ5SeHCbsBIrGHe+PEhP4Nf4Ep9dWkHKYAGKA6Qu
;Nw2ofD8PEenxDUpgFNtQSVHx/PcUg29Xf9xgOIETujFodvcYWmlwnLk5SnoU21AtPYFTrn3pAiAeymk
;XtBChKFp7yQ5aUGKZsCguJG6EPUxFgaKRffECIB66RWfwdshaU2DYI1dqcJ2KLj8JfbU3cknkzuEYg2
;NUa9xgZ+p2yFo3DKgyfw8G6dVNLhdkhDlAXObGzgmDY05tyGAVtAKhN1IMqdJ47mv9e1gKewfbUC1Z7
;dPOFIJuQXDKWgaZE6kFWmXGfD4PEenVTUqDK9tLLT2Bx/0Nrm5BZ8t3OIYTuj1SU8sQUHx0trMsKR5n
;21EtPYGjkX3xAiAFrgVnjxq4BVo4mExgbH6EuCwkH0u/NUFc+PzlFJxnIB+dNlTYRfuJCAyBfD8PdYW
;lEicScL88SGLtwugYg11BeNpgFbQTsCpYf90OWlBmiLw5FQ99tjUtPIGjkX3xAiAeri9n63asNkdTxR
;Vba32MiiErAnGpD09Y58zjGK5nWG7BdhKZE5ctVmXcI0tmfIzVTEp7FNtQLTnBo4998QJEct5aCoISr
;DZSU8QdRmpjtrciOB9xqQ9CW+fQ9AnxAyAergVn63bIWhEMqHxbY2G2uCQuH3i+D0Fc+MbjIpJtTmrB
;cBW0E7AqWH/dDlpQZYC4KEp6FNtQLT2Bg9F93AIgHsppF7QboT5TYM0jU25ojKcSLwhgsj1MSejM/yK
;Fa0178WYIhgatNERt3BVQYRHo1U1KexTbUC09qKORfZVuUEHDbAOPGq0FW23RGU1QdJGlIjkOZr4PWV
;Tsxs4Jg2NObcdxDoQYyFs3DKh8Pw8R6dVrSnsUvzxdYuzK9RmdZ39yz3wCmSmuM1tgwRJYUHSRpSI5D
;ma+D1lU7MaRfPECIB6uBZfUdtNaNwzMEE9QfICxKSYeS7cxVFjz/OEShmdSQcNqA452yVo3DKh8P/8u
;6fZNSntwtyByUOjH9RGUXUx/12AVtASpKl5o9xhNYGG2rxI5C3G+NC08gaORffECAF6uI2frdqw2R1P
;FFVtrfYyKISsCcakPX1zxyvUinWtGavF/OI8fuy5WYssZPw4R6dVNSnsUm1AOPYGj9RGBXU13ymELji
;mkO05p2iNNbmGAsRImEnKvD1di8tP0GJUCIR6uBWfrdugaNymofD9rfZmKICMfcLc1clHg2vQPrnFMc
;dlaA5kZuAVNU8wVTHtwh7YoSnoU21AtPYGj0X3TAiAeymkXtBuhPlNgzSNTbmiMpxI5F3usD0lP7tPO
;B65xUHvLYWfqdshaNwyoXH8PNOnVTS4XZIQ9RFnlz/QinWNZe9xaFIcZvwVbZc4IYHVOjbw+Php6uDU
;tPIGjkX3xAiBeridn63asNkdTxRVba32MiiErAnGpD15R7tTOEZhkVEHUWhSbE60+Nw2ofD8PEen1DU
;pdFNtQSVHx/PwUlWZMe/FpBpITugVEedgMUH1ltrA1OhRnriJIYvXK/BjxAyAergVn61aIWhEMqHxbY
;2G2uCQuH3i+D0Fc+MbjIoRyUHvcWheEH6YuaHvJFUtQZYC4KEp6FNtQLT2Bo5F94AIgHsppF7QboT5T
;YM0jU25ojKc+SnoU21AtPYGD0X3YAiAeymkXtBinKFptxCNTbmiMpxIrHWC+InJY+dP+DoRwRUHZZA6
;fKbwzWmmofT8PEenVTUp7FPFQLT3lz+Ein21Sc89pOIcXsT9FU8oZWWBjjIooMgt7qCVfWN7U8BSFXV
;R3w2Bn6nbIWjcMqHx/Dw/p1U0uF2SEPkJP7ML9Ip1jWXvcWgWEBKw/RVPHGll8dJ3VTEp7FNtQLT2Bo
;7d98QJEct5aCYQEpTtbU8QdRmpjtrYiJA97riJyWPnT/g6EcEVB2mwKjnbJWjcMqHw/H1Hp+E1Ke3C3
;IHJT7tH8HJ1dTH/XYBW0E7suXmHJCFZgf7ahJCceS7g/QE3kzeIchWtPcK4EZ+t2yFo3DKh8GQ8R6bE
;hOiR6tCJAXO38/RyIZ1JByGwLhx+mPWhp0AxQfGSbsBI+Enm+UCw9gaORffESYB61BWfrEqQqaGLHDl
;Jufba5LDMeZoQgQkrk0c4QnmZFHq8FZ+t2yFrHM6hfPw8Rjbk9FRV7qT1MUd7P8ASUcH9sz3UOjymsK
;Fh89wZgfGGMsClKehTbUC09gYvRfdcCIB7KaRe0GKcoWm3EI1NuaIynEjgaZLI0clHoxeUii11Ed91x
;BoUVrVo2DKh8Pw8R6ZVNaXsU2zRBTd7N/g+cY0xBwmQejgSXKFZ8wRhgY3iPoRIwJGerNUhZgaKRffE
;CIB6GRWfOdshaU2DYI1FgY4S0IRUXdaI1X2Lyz/4KrmZScd5aHbQSoSlDbcYfWg8Q6dVNSnsUK28tH4
;GjkRmdcn9wwXcKihqXNlZ1zQ5gfH2GohIuCXurD1di8tP0GJUCIR6uBWfrduAaNymofD9rfZmKIyUJe
;bo8clHg2vQPrnFMcdlaC4IQvAVNU8wVTHtwh7YoSnoU21AtPYFTrn3TAiAeymkXtBinKFptxCNTbmiM
;pxI5F3usD0FU59fOB65xUHvLYWfqdshaNwyoaH8PN+nVTS4XZIQ+Qk/swv0inWNZe9xaFJ4GuDVFePc
;ZR39+mqA/LyRgsj1IPYCjkX3xAiAE7gVB63bIPlt89xJQfXyIuRImGm2+InJI8dP0D65yT3fAcTicF6
;EuaHjBEVoPEOnVTUp7FNtQLSOBo5EZnXJ/bMtoCJ0TlzhCbsoQWlBmiLw5IxVzhCREUOSjkE7CMRMtn
;dZY63vIWjdoxAxgfHKIuSQkHEujUCw9gaORffFbYB6jBWfrEqQqaH/LHVNmf46KNEp6FNtQLT2B+tF9
;4gIgHsppF7QFpDNUafcIUGN0m7QjKR4U2lAtPYGjkX3xAhIergUDhwaXKUJ+zh1cak6avCkvJGC+KFl
;I88bOGZhxQXzCYDiEGJc1QWnaFF5hdra0Iy0XcdtRLT2Bo5H9sEIgPa4FZ48auAVEedoaXmx0tqYkLh
;5LrzVVSfTR9CKDZ1NxwnATghmmWjaWMeWmlohQ6k1oexTbNEFN3tDkD5djQ3vxdg6PE5cuUnTcCU1qT
;pGsEiUdcqg1WT2Ao5F98QIg/pEFcOt2yD5bfPcIWmJhjKcsPg5mvg9OVeDO8xiDAiEergVn6/aJGjcc
;qHw/a32ZijorCHyyPkpi7Mz1GPEDIB6uBWfrhvdaOAyofFp3ZZugKS8JS7o9Qkjv15F88QIgHq4Fl9R
;231o3DM0ES31kjbA/FR5suDhMU+bGzgmYb0UvrgRn63bIWjcMqHwoDxHpsDU+CWG/NV9i5NvyFZBsR3
;vxcQ6GE/paNgyofD8PEenVTVh7FNs1VUnz1vUYg11PeMh2Ap8psGs3Dah8Pw8R6ewNSmkU21BIRfXR5
;BmUcH9xyGMUjgKXIgUMqXw/DxHp1U1KewbbUC1Y+dfjCJVnUkHBYwGYE7wFTz+ofT8PEenVTUp7FMlQ
;LT3k2+UPhGZFbPFqAY0FrS5odZl8Pg8R6dVNSnsU20ItPYHG6QmDd0R73FoIjRC7P0NT0U4/DhHp1U1
;KexTbUD89gaP0BYVwVXrLdziEEK4pUnj3BQwPEOnVTUp7FNtQLQ6Bo5EYiXZSa8pgFbQFvzNDb8AjXG
;B+hbwjLSR8vjFZSPH88BmHY059y1oTjhu4P0Vt3AlNaiDp1E1KexTbUER9gZCRffFnWGrccAOOBJcpQ
;GXcH1dQcoa6ISMVc4Q4SFz11uEikGZWf8BmArQCrTdHadodS3pjjOdNS3sU21AtPejjkVbxAiB71nEV
;nhKtKGh/3xVLbHm2tiIlF321N3JV5MLlCIFdQXrYZAmIE5cuXmHNfD4PEenVTUo/VNtOLT2BxukJg3d
;Ee9xaFJwfvDlfU8sTUGN4h7ISOhpmsA9VPYCjkX3xAiAg7gV563bIP0942glbamO2pjojD3ezD05S7s
;/4E5ZdUH/cbjiSdslaNwyofJ9RUenxTUp7caMkX0jlxuMignVJas1tOIgZpzZeYs8jS2p8mbA/Kw9hq
;TUcPYCjkX3xAqB47gVD63bIP0942glbamO2pjojD3ezD05S7s/4E5ZdVHvDdQKZF7wvRWmafD4PEenV
;TcodVNtJLT2B0fQOhWNSavFgH58EqQVTeckQYG58hqAjPnsV21AtPYGjkX3xJyAermAfnwS9PlJ+9w9
;IZmWKvRI4HmevMV9J3sbpCYNjf3/DahKFAvpaNgyofD8PEenVTVh7FNsiSE71wuMJrmZVf8JaFJsTrT
;43Dah8Pw8R6eENSmUU21BIRfXR5BmUcH9t2WwTiB6XKFJ/3B1Ne06apSgvHybbUS09gaORfcVCIAiuB
;WeZE7woVm/cFVBhTo2gLCYkdbY/WFP1o5B98QIgHq4hJ+tUyFo3adAITXp1jKcSOQx9rzNFYvPG5Q+Q
;YVR3wWs4ihunL1l4mnw+DxHp1U1KX1TbRS09gdH0CYNjQ2rHagm0Er07W1PbDFpqdenUTUp7FNtQGX2
;BgpF98WdYatxwA44ElylAZdwfV1BjjKE/Kxhgsj9DYvLT9BiVMCAfrgVn63bIbncMu3w/D3SRoT8/H3
;GpD1pU8cbOCZhvRS+uBGfrdshaNwyofCwPEemwNT4JYb81X2L2yuEYrnZJc8s3Z+p2yFo3DKh8Pw8e6
;dVNLwNgqSVeVO7NzgqYZlR2rgT9cu9Rw67Vl3wuDxHpsDU+CWGoOUJT3tT4GYVqfyyuBP1y71HDrtWX
;fCwPEemzLCQkdrc5XWLxwuQOlF1NbctmZ+p2yFo3DOgDfw8D6dVNLBp6hDJBVPH85RWDZ1N2wWkD63f
;IWjcMqHwBTxHg1U1KHXW1D15N5Mb1ffACIB6uBWeyNshXNwyoGl5hTpqlKC8fS7YxVT2Ao5F98QIgWu
;4Fdut2yDxeYMkRWmFltrEkKxZxrzVfPYCjkX3xAiDikQV163bIPF5gyRFaYWW2sSQrFnGvNV8PgaKRf
;fECIB5SOmf5dshaUWXEHVJqf52KKSMaeb4kSE+yo5B98QIgHq4FZ+tkyFo3asEQXmJ0h6ESLhJ1tjVZ
;WPOXkXzxAiAergVn63bFWjcMzhVTbnyMuzkVHXi0Jy08gaORffECeV6uC2frdq4zW23FGVF7To+5Ij1
;KFNpQLT2Bo1EqsQIuHq4FAYIaqTdSYtwjWWN+nudNS3sU21AtvdfjkXDxAiB4x2kGhhOmLmh40QxaDx
;Dp1U1KexTbEC0zgaORG5huQXPLaxO0ArEqUj6ofT8PEenVTUo7FPtQLT3nyv0JlHB/cdtxOJgbqTZbU
;9gdTXtOmrw3LyRmuiREUoGikX3xAiAe90VnznbIWlFl2g9LUH2IrCg4JHCyPUhT8sr+E656WUHNagqb
;E6YpVnjBE1EPEOnVTUp7FNtQLReBo5EbmHBTavFpBpITugVTZcUZUXx4hrsSMgJLuD9ATeTN4hyFa09
;w8W0IhxPIWzcMqHw/DxHp1WxKexS9OV9O9fz9HIhnUkHLfROZA7szWGL3C1ZrZYGKPysPfbRQLD2Bo5
;F98VtgHrYFZ+sQoShEeMQdRmpjtrMkJhp5vj5ZYufP/grxAyAergVn6y+IWicMqHxdYGWduiAVD3yyM
;0ZT5NDiffACIB6uBWc7SchINwyoGlZ9Yp2KISsCcakPXlXkz/0O8QMgHq4FZ+tiiFoZDKh8WWZjmqES
;JhptviJyTu7P+Bmua054x2kLtBOwLkV52xVQYU6evCk+E0upMVlU7qOQffECIB6uXCfrV8haN2rBDkx
;7ToW0NC8JS6g/QVTl/PgTl2tMcvFjC4QBujtDaah9Pw8R6dVNEzsUxVAtPefK4w6FXUx/12AVtAWnNl
;5o9xVRaXiFuRI5C3G+NC08gaORffECZF6uF2frdqo1Q3jHEWBjcJCwPxUIZL41ST2Ao5F98QIgWu4Fd
;Ot2yD1WfPcaVmN9trgkJCR4vj5KSemjkH3xAiAergVn61rIWjdryQxgaXiFuRI5Enq8PEhi5NvlD4Rx
;SXHAWgSEG7g/WX/JCFZgf7anLD4Se9tRLT2Bo5H9oUIgPa4FZ4wXuAVRZcQQYHx4h7IhLyRxoyRfSPL
;K/hOucEFqx2o4hhewWjYMqHw/DxGAlU1pexTbN0xN3sX4EZ1dU3fAYguOKa0iQ37dD1Zgf7anLD4Se4
;Q9RFOBopF98QIgnu5FZ/R2yFpQbdgjWWZ9hYo+IxVztzVyWPnX4wiCa09w8XYXjhOsWjYMqHw/DxHQl
;U1EexTbN0xN3sX4EZ1dU27LYAPrd8haNwyofHFPEfnVTUocd7Q0SGL12uEYrmtOest9Z+p2yFo3DKh8
;Pw8C6dVNLRh7vzVyS+TR+BuIXUx7wGITg3bJWjcMqMg0HFDpxk1Ke3O4P0lY3tX0D5hkWUHBYwGYE7x
;aNgyofD8PEenVTUV7FNs3QVLjwv0inmRGbctxOJN2yVo3DKh8Pw8R6dpNSntztz9PXO38/huXcUVq8X
;xn6nbIWjcMqHw/Dx7p1U0tF3u5MUFi7sX3DpR2f2SuBGfrdshaNwyofCoPEem9KCsPfbU3cl7uxvcbm
;GFJe8BxOIp2yaBJZhQIrGeu6cBNSnt8vjFZVO/Ezh6eZ0Z4x2YOjhi8BVUMqXw/DxHp1U0KewHbUC1V
;5MLlFJ9lf33BYAGNH6szUmLcI1wPEOnVTUp7FJUQLSGBo5EVlGNUd8BiOJ8fpT9oadsIVmJwnbwiJCR
;goiBIPYCjkX3xAiAergVy63bIMlJt3AlPUHaKuikvJGe+IVhY78D0ffACIB6uBWfrdsh6NwyoFVFpeI
;W5EisfdaskREvk/PgTl2tMcvF3Bp8fpwVabdB8Pg8R6dVNSkVU23AtPYHK/xuYbkxBz2EGmwKhLFJTw
;RJZZn2Fij8rD320D0BU76OQffECIB6uESfrachaN2XGGlZjfba0KSsLYLImSGLozf8Yg11FZt5kCZgf
;pzQ3DTLlppaIcDxySm0U21BEU+fK/RGuY0R/3nEOnROXNlZ1zQ5MDxDp1U1KexTPEC0ngaORFJ9kSXL
;CWgaPF7guXnrNI01qdZy2OSMUeqhQLD2Bo5F98QJgHrcFZ+sfpjxeYMQjXmtwmaEkPB5LrDlJSen8/B
;SfAiEergVn63bAGjcXqHw/Zn+PvCEmJHW1M0VS8/z9GJ9lVHbxYwaIAqcoNw2ofD8PEenVTUp0FNtQR
;FPnyv0RrmNSe89aCoIYyFs3DKh8Pw8R6dVRSnsUsj5LVO3Pzg6BY1Jty1oEhBuqM1lp9xBednSbpk1L
;exTbUC09cZyRYfECIHfAYw6HGpc/T3jaCUxmfoeKOiMfYLMPX1z1yv598AIgHq4F5702yE43DKgVUWl
;4hbkSLBJ4uj1IU/X89xGedSAfrgVn63ZIDHcMp3w/D3iHsyQmF0u0NktO5NfOBfEDIB6uBWfrdshaOA
;yofFZhd4C5IRUUcr0jSEne2pF88QIgHq4FZ+t2xFo3DM4VU2NOhqMoOBd1q1AsPYGjkX3xEmAeogVn6
;xChNltTzBlRfHidrE1LexTbUC09peORcPECIHfAYw6HGpcpX2nEEEwPEOnVTUp7FNtQLTGBo5EUn2RJ
;csJaFJsTrT43Dah8Pw8R6ZsNSmsU21BEU+fK/RGudUl62m04hh+mWjaWMeWmlohA6k1uexTbOUNT5NH
;OH4NrRHnHawC0E7AuRXnbFVBhTp68KT4TS6kxWVTuo5B98QIgHq5cJ+thyFo3ZcYSWn1Oi6ckLhx9tT
;dyW+3M5g+QdkUerwVn63bIWm5MqGg/DxGAuyMvCUu5IkRZ5sr/Gq5xUHvLYWfqdshaNwyoMn8PMOnVT
;SMVZ74kclTvzfQPrmdYatxwFIIZpgVAZcwIV1BjiKEkJXsV21AtPYGjyD3xFiAermwJmBO8BV5ixhlN
;UHeFujo4GmC+UCw9gaORfXFUYB6iBWfrH6YpUnjQI0x/dIyxTUt7FNtQLT3F45Fc8QIgd8B2Ap8ppy9
;DadojWndlm6A+IxR6hCdEWfXLzg+QdklxrgRn63bIWjdV6HwrDxHpvCM5HmCEP1hJ5NHOG51tV2zPcQ
;Lrd8haNwyofGZPEeXVTUoSeqg1WQ3e0OEYlGYgH64FZ+t2SBt3DLZ8Pw94h6EoOBd7uDtEU+b88xKEb
;ER/3Hw4jx+7LlZiyxk/DhHp1U1KexSbUDo9gaP4E4VnUnLBZgyCGK8FVGnEEGBuf465KEp6FNtQLT0B
;ldF96QIgHsdrE44EpDVUZ8ESWFByjLkhFRd1ojVfToGikX3xAiAerkVn/HbIWl5i3BlNY36KviQkHEu
;4NUFR3tT4GYVqIB80nP5y71GzCAy6fD8PeIehKDgXe7g7RFPm/PUYgXZIHq8FZ+t2yFo3TKhxPw8RgK
;ciJBJ6vA9MU+bP9H3wAiAergXnvTbISjcMqBVNYH+AuyoVHXi0J19c9caRfPECIB6uBXOrdsVaNwzBD
;lBheIeyEiMVZ74kLTwbOgjkaJvpIa4QZ+t2oShYYsESWFB9gLsoFR99qCRMU+LGkXzxAiAergVn63bF
;WjcMwQ5QYXiHshI5C3G+NC08gaORffECBF6uDmfrdqI/RWf3HlB7ZYa4TUt7FNtQLT2V45Fu8QIgdMt
;3DLQUpy5DY8UjTHpjj7QuL3sV21AtPYGjhT3xEiAerm8CmR2XPF5+2whgY3CQsD9KehTbUC09gbfRff
;oCIB7EYBWAKaE0UWXEED8OEenVTUp7AJtQPT2Bo/sYg2l/d8B2Ap8poTRZadp8Pg8R6dVNSm9U20AtP
;YHJ9A+aXUlw3WATtBm9LlJ+qH0/DxHp1U1eOxTRUC0968bjFq5yUnfAcWfqdshaNwyoaH8PHenVTSAe
;ZrAPXkjx0/4PhQIhHq4FZ+t23Bo3BKh8P2V0m74SPhRk21EtPYGjkX3lQiAOrgVngRO6MWh4xwxgfGS
;bsywpHhTaUC09gaORabECKx6uBQ2OBKMFQ37JClpjEejVTUp7FNtEbT2Ko5F9gXBJcNpaFJsTrT43Da
;h8Pw8R6ZENSncU21BBXPjG4yKZZ0l5xnFn6nbIWjcMqKwADzfp1U0mGm2+InJV5Mr2FYVdQXrPdROCA
;K0FWm3QI1dqeI69ORUJda85Qj2Ao5F98QIgUO4FQet2yDZWdc0OYGd0gLIlPiR1vzFdSejV9CKca05B
;xmAOjB68BUVt3BVQDxDp1U1KexTiEC0egaOREZB7RWzxbQKCEaAuaG3MHU97eJ+wEjkaeas8RFPm/OI
;JlHIgH9URyayXst4IDIN8Pw99iKwoOCR8vjlKVfX88BmQclR32GA4mAKtKlh6zQ5gbX6doSInJGa6JE
;RSgaKRffECIB7nRWfDdshaW23RGU1QeYy8KiIPS7o0TE31yucYrnFUe95qEY4Ely5YfPcOXnt4htVMS
;nsU21AtdMGjhn3xAkx/12AVtButKFBp9x9TYGKMiisrGHGoUCynGDoI5Gi7Hx62BWfrGqkjUn73D1po
;fIy7ORUXcbU3WVXezvgT8QO6hzec/nLP91o8DKh8SG59hYo+Ih54tyMtPIGjkX3xAjBerhFn63akO05
;p2iNMZ3SFuT4VFGK+IkFc8aOQffECIB6uTCfrW8haN2DJBVp9TpqhLDgPS6s/RFP1/OIekHBGQcRqDo
;UClztZa8QZYHt5m7A+IhR4v1AsPYGjkX2RYWAeigVn6xqpI1J+9w9LbmOdij0lEnqvD15e4NH3IpttS
;XDaWguOGK8uXwypfD8PEenVeQp7PdtQLVHg2vQPrnFUf9xxOJsZoTRDU9sfXn13tr8iIxVghCNdWOTH
;zg+QdklxrgRn63bIWjdV6HwPDxHpuSwzHmaEI1lc89fODZ5rTmrxdgSKBK4FXWPBEktQYp20Pz4kfL4
;5SlX1/OMchWtPHq8FZ+t2yFo3DKhfPw8RhbQ0LwlLqCRMT/X84RKYbFRB3WYGmRCXMFhlxghgfGWMpT
;5KehTbUC09gYfRfeQCIB7CZB6OBJcpQ23aCE9geIehEj4CZL5QLD2Bo5F98QpgHr0FZ+sQoSJSaPcQX
;nZ0m4o+Phpmrw9VPYCjkX3xAiAergV063bIPF50zRhgY3CQsD8VCGC6Illi+KOQffECIB6uBWfracha
;N2HJCGBsfoezfBUdfbcxQFjv184enm9Qe8B2Bp8fpzQ3Dah8Pw8R6YwNSmEU21BAXPX88hKfZBFByGw
;LihutNENTzBlRfHidrE1LexTbUC1dEuORZvECIHPPcTiIGaY8BlPOFVNufIy7ORUffbo9SEnk0ZF88Q
;IgHq4Fm9R201o3DMUdS1ByhrsreyRysjxMUOTN5SKBcEl9y1oEhXbJWjcMqHzfZ1Hpzk1Ke3m6JHJe7
;s33TK5kSXLPaAKFApcqRWXLGWBlYenUTUp7FNvYnn2Bv5F98W9BavFmCIUQ+QVRZcQdUmp/nYo9OBJ3
;vg9GUvOjkH3xAiAe7ton623IWjdhyQhgbH6Hs3wVHX23MUBY79fODYNrQ3vxcBTrd8haN6zYgQdPEcX
;VTUoWda8PTlLvxaAil2tMf8NgCZ8puz9DeMESWHxOj7whKxZxtSRyWeTN4hSFeyAfrgVn63aoyXcMhX
;w/D3yIoRIpFHq9YXJb6M/wEJRsVEHdYBOfH6Y9RFPOFVNufIy7ORUffbo9SEnk0ZF88QIgHq4Fm9R25
;Vo3DMUdS1ByhrsreyRysjxMUOTN5SKCZ1Rqx2sAmCmuM1ttxRlRe06PuSI9CXWvNS08gaORffECeV6u
;L2frdqU7Q1PLE1FpILazJCYaeb4+WWLyxuUJmGxHbfFjDocXpT9ZePcMTWZyjNVMSnsUeyDQBcGjv33
;xAk1/2loEhBiua2hqwRBeYnSHoRI5HmCvOUNa8vz3FJ1jTXvAcTidE7ozUXX3FVsPEOnVTUr7hBgQLS
;GBo5EQkHZ/fcFrAdoprjNbbcUZUXtOn7A/Ix1thDlJPYCjkX3xgrDd7gV463bIN1Z49x9QYXfbiisjF
;3W2NUNJ3sD+EIFnTm3PcQ6EGMhbNwyofD8PSKnVV0p7FLYxWWLizP8bw11Gd8JkCo4YvAVTacYPVnto
;6dRNSnsU2zC+fYG4kX3xb0Fq8WYIhRD6BVFlxB1San+diikjGnm+JEhPgaKRffECIB5SOmfwdshaWm3
;cI1xgf4/nEiwSeLo9SFP1/OEPmGFFQc1rZ+p2yFo3DEgUfw8K6dVNJxpghDNCU+eRzhuYbkFzy2sTtA
;a6M1Rp9xZPDxDp1U1Ke5xoEC0hgaOREJB2f33BawHZKa4zW23FGVF7TpmnJCkeS7A/Xz2Ao5F98QJgw
;e4FfOt2yDdWePcfUGF324orIxd1tjVDSd7T4xSSZ39r3QVm63bI+kfxkDw/IxHp1SArD0u4P0Nbs/z3
;FJ1jTXvAcTiYE7wuXmLPD2BpeIW0IC8VYIQ0SFPyyuUE8QMgHq4FZ4vliFoaDKh8Um5ltrYiJB0mhDZ
;EUeDO9BOFXVN72nEOhRG7BVFlxB1San+diikjGnm+JEhPgaKRffECIB5SOmfGdshaWm3cI1xgf4/nEi
;wSeLo9SFP1/OIYhXZJcMl2OI0fpDtaacYIYGl9hqI/Kw9x21EtPYGjkX2oQiA0rgVnhhe8BVRjxhoNU
;HeAuSwnHnqvD15Y9df4E5Zxf3jHaQaGE6YuaHzaFVxqEejVTUrbZCZobT2vo5F9nGNUQc1qCY1Elzxe
;YMkRWmFltqYoPg99tTdeYufK/RycZ05q8XMCmR+uI2hlzHw+DxHp1c3auFTbTC09gc7wCa5hT3DINzi
;NH6Q7WmnGCGB5dJu8KzMkfb9QLD2Bo5H9YcFgHrkFZ+sbqS5SfsEdU1BiirQhLyRyujNZUvP86X3wAi
;AergVnsjbITTcMqBFee3SbvCwmJGe4MUFY3sXwHoVtUkHXBWbrdshaNwzxPD8YEenVICsPcak5TFHe0
;PIcnWd/eM9mE4QElyA3Dah8Pw8R6YwNSm4U21BAXPn85xKdd0172ncOiCm7KlJpzE0/DhHp1U1KexTb
;UDg9gaP8HIldVnHCcAqOArozVFPbDFpqddvVTEp7FNtQLT2Bo4x98QJNccpgC7QGuj9UZdsZYHVOgbA
;kLRNghDxMROTR4n3wAiAergVn/zbIUTcMqBJQdWuFsBI5Em6+UCw9gaMx5GjbHx6gBWfrAak2W1PcFF
;ZseoewPjl7FUHJtKQYOnhC8RAgHq52EpsGpyhDU9IjW2ZinbQjKR4U2mMeDrKQor7OAjUergUInRO6M
;lZizyNMZ3SFuT4VGnq8PEg9gKORffECICDuBX7rdsg1QWnaFF5hdramJS8XeKgPS1zv/OINlGdEHq8F
;Z+t2yFpuTKhkPw8RhqMoOBN1tTdyTunG/RGCXUZywXIVigKtWjYMqHw/DxGwlU1fexTbP1tY88vwE5Z
;dU3bLaQuYKbsqUmnMfD4PEenVTUoyVNtBLT2B0+MYgnFVbMtaBo8AqTRUaZl8Pg8R6dVNSnsU20EtPY
;HT4xiCcVVsy1oGjwCpNFRpmnw+DxHp1U1KexTbSC09gdPjGIJxVWzLWgaPAKk0VGn3FVFpeIW5fEp6F
;NtQLT2Bo5F96QIgHt53ApgFvShSU8kYSW5/irASIxVysjxBD4GikX3xAiAergVn9nbIWkd+zQ9MemOM
;iiwuDXW1M0hi6M3iGIVdSXDAYBXadslaNwyofD8PEenITUp7ZKk1Xk700fQikGZWf8BmArQfpilSePc
;VUWF0m+dNS3sU21AtPYGjkWDxAiBu3GAUmAO6P2htzApeYXKMiiQkCHGvD0JI9cbjTPEDIB6uBWfrds
;haKgyofE99dJqmODgeS7o0W1zvwPQimGxTe9paCJ4CrSgFDKl8Pw8R6dVNSnsJ21AtTfPG4g6EcEVBz
;2ERihirP2h4xwxgfGSbsywpHiXbUS09gaORffECIAOuBWebBK0pRHnaGWBudZ+0IykeS68/XWLy1uMb
;kGFFLK4EZ+t2yFo3DKh8Ew8R6aU/IxVgviJyXu7N9yKUelRs22ECmUeXOVtpyQ5eYXKMii8rGH+EP0t
;b8sblffACIB6uBWfrdshzNwyoDE1mf52wPxUYe7U2clj51+MIlWdSL/FmC44XujtZb80jWndlm6ApLw
;kU2lAtPYGjkX3xAg0ergUXmR+mLlJ+9x9QYXe2sDU+CWG/NV8M3sD9GJBwQXDNYDiNBKc0Q1PHGll8d
;J3VTEp7FNtQLT2Bo7198QJQbMdrE44ElzlYYs4jWndlm6ApLwklhDNBWODR8BOSZ39yy2MTtBmuPERp
;3Hw+DxHp1U1KexTbfS09gdPjFJ92RWzxZgiFEJc/T3jaCVtqY9iKLiYedakxQ17k/OMUlmpUQcFjAZg
;TvFo2DKh8Pw8R6dVNensU2yBfVO/X9A+uYU9wyFoCkwK6L1Np2k1gbGSaoSInJGSpOUNJ4MH9GK5wRX
;nHagm0DshbNwyofD8PEenVeUp7FKsiRFP1xuMikm1OePFgH58EvT5SfpkjXHpinbogFQtmsj5ZXOPP9
;CKDZ0d3wWs4kwWhIFIMqXw/DxHpVSYKeyTbUC1N88r/CZRwf33BawG0E7AuRXnMGU0+ToqgPj4UeYQg
;X1Tv1/AfnWd/bMtiDoQYlyM3Dah8Pw8R6dVNSk8U21BdT+jN5RiDXUNxwGM4jg68KEJozQ4OUHKcpjk
;lFkurIkRT9cLzEZRdUnvJbAiFKbEpXnbNfD4PEenVTcoQVNt8LT2B0+MUn3ZFbPFmCIUQlz9PeNoJW2
;pj24ouJh51qTFDXuT88xySaX9xyGMUjgLIWzcMqHw/DxHp1WRKexSrIkRT9cbjIpJtTnjxYB+fBL0+U
;n6aI1xjdIinLCQYcYQ1VUnz1vUYgwIhHq4FZ+t2OGU3Iah8P39jgLs5LwlLuD9DW97G6QmDd0R73Dc4
;iBqtO0Vtxh9aUHebuiM+JHu9Nl5Y9aOQffECIB6uBWfrWshaN3zaFVF7dJuKLiUVcoQ1VUnz1vUYgzB
;/fcJgBpkXpjlSU8QZWXtOhrMrOR5g21EtPYGjkX3xAiAzrgVnmwShNENp2iNcYH+PiigyD2auNEhPs/
;zyEZRjUn/AZgK0BKE9X3j3E1lpYoyhTUt7FNtQLT2Bo5FN8QIgbtxsCZ8TugVUY8YaYGppnac4Lh5m6
;Q9OSPLX/hCuclJ3wHEGiRqtBUVpzxVQYU6R1UxKexTbUC09gaOlffECUGzHaxOOBJc5WGLOI1p3ZZug
;KS8JJoQzWE71zPwigXBJcNpkBYcTlyhSa8ETUVBpmrw3L3sV21AtPYGjkX3xMiAernUVghi8P0VTyxN
;RaU6MrTk4DnC+Ih9i4tbiCZ5vf27cbAmfF6o2UlPaGVhmfoeKNEp6FNtQLT2Bo5F9xQIgHt53DoUCrS
;hob8cSWVB0kaE/Px9xqWJyXvTQ5RKcXVBsx2sTihSkP2h+zRtWYH+2rD4jAXHbUS09gaORffECIASuB
;WebBKE0Q2naI1xgf4+KKisVYKkpclXkyvYVhQIhHq4FZ+t2yFo3Eah8P39jgLs5LwlLuD9DW97O8B6Z
;a0578WcGnhK6O0NpqH0/DxHp1W1GOhTFUC098dH4E4VnUkHNagmNKaU7VGTBElpQc4yxEjkTdas1LTy
;Bo5F98QIgHq4kZ+t2uCheYtwZTVByhrsrFRZ1uDhEU+T88xiVXVR7w3U4hhewWjYMqHw/D5GylU1sex
;TbIF9U79f0D65hT3DIWgqKFaAzWWn3HlpjZbayLCQPZqIPTFPmz/R98AIgHq4F5602yHk3DKgMTWZ/n
;bA/FRh7tTZyUODA+RSfZ399wWgXjhi7O0NlxxJgdxHo1U1KexTbCW09oqORfYFwSXDaYBW0Fac0UVPF
;HVxneIewEikUeas1Q07g1/gSn11ZHq8FZ+t2yFpuTKhTPw8RmackJA9xqQ9OUu/FzhCQYUh3wGA4jxe
;8O2hqwRBaUGWBoCAoFXWyPHJV5Mr2FYUCIR6uBWfrdkwaNyKofD9/Y4C7OS8JS7g/Q1vezvAemWtOe/
;FhBp8XlzxeYM0jS2dkhLcjKxJ4hCdEWfXLkXzxAiAergXjq3bSWjcM2A5WYWWMpxIpFHq9D0Bc4sv4E
;5RdRHfDWh/rd8haNwyoPFBPEfPVTUoLZrI+WVjz/PISn2R/c89mD4IYrQVTZcUjRg8Q6dVNSntUtBAt
;J4GjkQ2Da05qy3c4iBmmPGhhyR9XZn+MiikjFkuhUCw9gaORfbFtYB6HBWfrBrozWXjNDmBsfoezEic
;ad7M5Q1jex/gOhWNOfctaAZkZpQVVY9oYWn0R6NVNSnsU21RtPaCjkX2BcElw2mAVtBWnNFFTxR1cZ3
;iHsBIvA2CpJUlY8/z/CJwCIR6uBWfrdjhlNyuofD9/Y4C7OS8JS7g/Q1vezvAemWtOe/FgH58EvT5Sf
;vcTWWlijKESMkkU2lAtPYGjkUSxAgcergUXmR+mLlJ+9x9QYXe2uCwpE321NXJY+dfjCJVnUkHBYwGY
;E7wFTj6ofT8PEenVTUp7FMRQLT3x0fgThWdSQc1qCY0ppTtUZMESWlB3gLksJx56rw8cPYCjkX3xAiA
;e7gV463bIKkVlxghafU6KuiMsJHm6M0VU78bOG5huQXPLaxO0RMhbNwyofD8PEanVfUp7FKsiRFP1xu
;Mikm1OePFoBogeoTRSU84VTWJmiKcoFRp3uDVBWPPC5RSebH978WgGk3bJWjcMqHy3zFHp5k1Ke2SpO
;UNJ5NHOHp5sRkHDZASDH6Y/aGrBDlJ4cJuwEisYd748SE/g1/gSn11QbMdrE4IYr1o2DKh8Pw9RZpVN
;eHsU2yBfVO/X9A+uYU9wyFoKihWgM1lp9xpWfXyetD8vJHW4M0hR5NHwCZhtTkHcYBOZF6suNw2ofD8
;PEZlyDUpKFNtQXU/ozeUYg11DccBjOIYXqzJeYs0jWWZjhKIsOB5LujNOWO3G4xyFa09w8XEVigCtNj
;cNqHw/DxGpWg1KSxTbUF1P6M3lGINdQ3HAYziGF6syXmLNI1lmY4SiLDgeS7ozTljtxuMchWtPcPF9O
;IYXsFo2DKh8Pw+FKJVNensU2yBfVO/X9A+uYU9wyFoKihWgM1lp9xpWfXyetD8vJHW4M0hR5NHwCZht
;TkHXWgqKDshbNwyofD+b0KnVfUp7FKsiRFP1xuMikm1OePFoBogeoTRSU84VTWJmiKcoFRp3uDVBWPP
;C5RSebH9k8WgGk3bJWjcMqHw/VlHp+U1Ke2SpOUNJ5NHOHp5sRkHDZASDH6Y/aGrBDlJ4cJuwEiwecb
;8iTEnk/PQinGNYHq8FZ+t2yFoOTKhQPw8RmackJA9xqQ9OUu/FzhCQYUh3wGA4jR+6N0Bt2hlgaXSMs
;T8rD3GEKHJQ4NuRfPECIB6uxRWrduRaNwzYDlZhZYynEikUer0PQFziy/gTlF1Gd9xoEIoErQVRac0Y
;TW5ljIo0FRZ1o1AsPYGjkX0xcGAeggVn6wa6M1l4zQ5gbH6HsxInGnezOUNY3sX4D5x1QWzLWgGOE6w
;oVnjNI0VQfIitTUt7FNtQLT2V45FZ8QIgbtxsCZ8TugVUY8YaYGJwir0kJB5LvTlfUPbC4xiuaEVsxV
;oC63fIWjcMqHwrTxHN1U1KC2ayPllY8/zyEp9kf3PPZg+CGK0FUWXaEUhuY4yKJy8Jf4QoLTyBo5F98
;QIIXq4hZ+t2uCheYtwZTVByhrsrFRZ1uDhEU+T89xSDb1d/3GA4gRO6MWh1qH0/DxHp1U1iOxT/UC09
;8dH4E4VnUkHNagmNKaU7VGTBElpQd4CnID0aZr4PR1jzyM4H8QO6hzec/nKv91oWDKh8T314h6EoOCR
;3tD5LYuzC8hWYbEVByWYIjxOXO1R4wRNRDxDp1U1KexTbUC0WgaORDYNrTmrLdziIGaY8aGHJH1dmf4
;yKKikUcL4PWVX0zvMTkGtMQcZgDowevFo2DKh8Pw8RgJVNYHsU2yBfVO/X9A+uYU9wyFoKihWgM1lp9
;xtcYHWMijkiDnm5PkxU7fzmFJV2SB6vBWfrdshaXkyoUD8PEZmnJCQPcakPTlLvxc4QkGFId8BgOIcX
;uy5oedgQUG51tqYoOA1xqQ9ZRPHGkXzxAiAergVn63bsWjcM2A5WYWWMpxIpFHq9D0Bc4sv4E5RdTnH
;UfwuOKawzVmHNCFp9EejVTUrbjUKJEj2no5F9gXBJcNpgFbQVpzRRU8UdXGd4h7ASJBRuoTxIYuXK8B
;CUdkVs8Tdn6nbIWpeVMaUADzfp1U06CX21JEhP3sD+E5ddTX/NbQ6FE5c0WHbSEFpQZYy4PRUWdaMPH
;D2Ao5F98QJAbe4FQet2yCpFZcYIWn1OirojLCR5ujNFVO/GzhOeeFpyy1oTjhu4BVpt0CMNDxDp1U1K
;e3SoEC0igaORDYNrTmrLdziIGaY8aGHJH1dmf4yKPTgSeq8PQFLlxpF88QIgHq4FZ+t25lo3DNgOVmF
;ljKcSKRR6vQ9AXOLL+BOUXVBswWgXnym9KVJT2h1Ze06dvT8vCHy0PEk9gKORffEC4HzuBX3rdsgqRW
;XGCFp9Toq6IywkebozRVTvxs4OhWdQe64EZ+t2yFo3DKh8EA8R6aU/IxVgviJyXu7N9yKcY0N2x2sCt
;AChKEN5yRBgammdpzguHmaEP0tb8sblIokwIB+uBWfrdshjdwyHfD8PYZu8Iz4eZoQzQlPn/PwckmpJ
;cMtaEYIEvC9WYPcZR3tjnLEoOCR7vTZeWPX86E/xAyAergVn63bIWjwMqHxNbnediiwjCXO6IC08spC
;iTsIx4yGuFmfrdro7UXj3Hl58dLa5JCQeY7I0WVWBogvkaJu5h0c6Z/R2yFpFbc4IYG1wmrASLwNgqS
;VeVO7NzgqYZlR28XcGnx+nWjYMqHw/DxGAlU1cexTbIkxb9fzzHIJnf3fAYw6HGpc7WWvEGT8OEenVT
;Up7FNtQOz2Bo+Mcl3Z/fM92ArQfpjxeYMQjTW5lgLpNS3sU21AtvcHjkW7xAiBsz2MTtBSpKVJT3BRW
;bHqHsD45exXbUC09gaNxQvESIB6udwaNApc4Vn/NI1NuaIynPkp6FNtQLT2Bo9F94AIgHtxkAZ8ppDN
;ZafcPT25ygLsqSnoU21AtPYGr0X3+AiAe3GQBnymqO0Rp9w9PanSN1UxKexTbUC0dwaOJffECUn/IcT
;iCGLw/RWrJH1pQfYC7KD0ScK84LTyykKJOwjHDIa4hZ+t2ujtRePcVUXt0m7MsKR5LvihZT/TQ+BKfX
;Vd3ynEPtASpLl5jqH0/DxHp1Y0oOxTAUC0988L3Ca5rTmrLdwGKFa0FXmLOFVNjToi7KiYeFNpQLT2B
;oxErsQI7Hq4FFYoQvAVeYtwZTWlwirASIxVysjxBYvPC5RSeAiEergVn63aBGjcUqHw/fXCPoRIjFWC
;+Iktc4sbOCZlrQ3XAYBSYdskIjxItl27XLunATUp7Zro2WWLozeUYg2RBfctaC4oPrShEDKl8Pw8R6d
;W9dXsC21AtT+DF5SKYbFR73GMGiBOXKUdtyxVRaBHo1U1KexTboBI9laORfYNjRmrxbAmfE7o8Vm/NI
;0x/dIyxTUt7FNtQLT2/45F28QIgbM9jE7QbqShQZcZ8Pg8R6dVNSm9U20YtPYHR8BuFXVNr3GMGiBOX
;Nl5izQtWa2WB1UzQ4o1CybTkvqOzffECUn/IcTiYA7o8Vm/NI1p3ZZugPiMUeoQnRFn1y84PkHZJca4
;EZ+t2yFo3Veh8Kg8R6acsLA9LqCVfW+DA9CKXbk9p3GQTjnbJWjcMqHyfalHpzE1Ke2a6Nlli8tbjG5
;BhRUHHawGCGqQFVmLPEFoPEOnVTUp7FOUQLSuBo5EPkGRUQd1wFY0Xqz9oasEQU1BjiKEoSnoU21AtP
;cH20X3nAiAe3GQBnym7L0VqyR9aUGWBvC4hFXGoIy08qP8evwQq7CGuFmfrdro7UXj3D0p9d4i2KBUX
;daI1X06BopF98QIgHq5FZ/92yFpFbc4IYHxkm7MsKR5LqCBMXujN9n3wCPe93jhtPEnISDcMqA5eaWW
;2pjg4HXW4NXJO8cb0GfEDIB6uBWfrOIhaIwyofE1ud52KOTgaYr48ckX4/OINlGdEHq8FZ+t2yBpnTK
;hoPw8Rm7A+Phpmrw9IRfXR8CKQb09rwHFn6nbIWjcMqHw/Dwfp1U04HmevMV9J3sbpCYNjf3/DahKFA
;pdoNw2ofD8PEenVTUp2FNtQX1jy1/APhV1TbstgA+t3yFo3DKh8Bk8R5tVNSglxqCRMT/X84g2UZ0RB
;nAVm63bIWjcMkTw/HhHp1T8vD2a6M1lU7s3OHJxtVXDaBWbrdshaNwygPD8cEenVPy8PZrozWVTuzc4
;cnG1VcNpaVet3yFo3DKh8N08R/tVNSglxryJMXvXK/hOuZlVsx2sAtAGhKlI+qH0/DxHp1U1KexT8UC
;0988blD5BhVHfBaziOGKk4W2n3E0p7YoCxKBUZe68kQlDez/AElHBTHq8FZ+t2yFrHM6hYPw8Rm7A5O
;Bp3rzlCU97G/xyTbkVBwXATmB+sP2h4xwxgY3CQsD85exXbUC09gaORPfEeIB6udwKfBKk5Q2XHEmBi
;eIe8ICsXS74oWU/00PgSnwIhZbqrIAoMXGU3Eqh8P310nacsKQ99tD5yUOjN+BCQbn971nEVngWhNVl
;Tmnw+dAVHkqww7yvbRS09gdH0CYNjQ2rHagm0G6E0aHjaHUlqfenUTUp7FNtQOX2BtJF98XBFatxkBJ
;8fpzRoYcESYHtjiKMoJiQm21EtPYGjkX3lQiAOrgVnmRO8KFZv3BVQYU6apSgvHxTaUC09gaORObECM
;h6uBRWOAro7VHjBE1FQYpmwKC4kJttRLT2Bo5F9tUIgEK4FZ5kTvChWb9wVUGFOgbo9SnqOQsm0pBhq
;rn3hAiAe3GATmRerLl5jxiNXYGG2501L4Y1CybSkSJyRZ/ECIGzLcRWKFbwzWGL3BldgYba2IiQffa8
;5QlOwo5B98QIgHq4FZ+tsyFo3fs0ITW5ynbwiJCRusz9dYuLM/xmYdklxwDdn6nbIWjcMqHw/DwLp1U
;05Hne0Pkli7cLoGINdWkHCbAGfdslaNwyofD8PEenHTUp7Z7M1QVHeyv8bmG5MQcF3A44EyFs3DKh8P
;w8ZqdVBSnsUqDtET/X8/RyIZ1JtrgRn63bIWjf8l3wvDxHppiYjCWCEPEhT5tf5IpxrTh6vBWfrdsha
;NwyobD8PEZq+JDgPS7c5Q1jewP4In3YgH64FZ+t2yKoIDLx8Pw9igrw/PiR5sj5EUODPzhGUbEdqxgV
;m63bIWjfMyjw/BhHp1T4hEmavD0pc8aOQBuWsZ//UgVjrfchaN3/DFU17TpqlKC8fFNpQLT2Bo5FTsQ
;I6Hq4FFIcZvwVTY98SYGl4m6Y5FR1xrA9BXPjG4w7xAyAergVn636IWioMqHxMY2K2tCQ4JHm0NEhi5
;Nv5HIRxVEHedwKYBb0oUgypfD8PEenVeQp7CNtQLU7t0M4cmHB/c8FhArQGpD9ZecUjT310mqY4OB4U
;2lAtPYGjkVmxAgcergUUhwWXOFh43BNSUGKcpysrGHGEM0JT9czkD65hT2zAYBW0Eq02VnWofT8PEen
;VTRM7FPBQLT3yz+Iik21UasFoOJgDujxWb80jXGB/nbo4OCRxtTRyXu7O4RifcUFqx2oJ63fIWjcMqH
;w/DxHN1U1KCHioD09S9df+EK5xVWzIZASOKas1WXjHCU1QdIexEi4eeLopLTyBo5F98QIgHq4vZ+t2u
;zZEU8oTS3t+hIo+PwlyujNIYuLM/wmed1JBwmQUjgSXNVFq9xhaY3CQ1UxKexTbUC1kwaO4ffECU3Ld
;WgWEArw1WlPbCU1pcIqwEikUeq8/WE/ez/AOlHB/ccBaA44aqSM3Dah8Pw8R6dVNSl0U21BeUfL88xK
;Fdk9z8XYSmRCpOVJTyxNRe36cpxImGme+InJN7tT0D/EDIB6uBWfrP4haHwyofExjYra3Ij4Pe7YPXk
;jzxfAelF1DccBxCJ4ElzZeYs0jW2ZinbQjKR4U2sq0pBg6CMTOAgAergUUhwWXOFh43BNSUGKcpysrG
;HGEM0JT9czkD65uT3HedmfqdshaNwyojAAPMOnVTTkXZ4QyQkn1zPwigndSeM9mArQVpzRDY90OYGB3
;j6YoPnsVoESDemDZJcLxKyAernYLmCmqNUN4xxFgfGSbsywpHku4P0NJ7tbjIoJhQXDAbAmMKas1QmL
;cfD4PEenVTUqLK9t5LT2B0P0OrmBPatpqCrQFvShRbcsZYGx+h6EiPwlLqDNMU+/K/xqucVB7y2Fn6n
;bIWjcM5KF/Dzzp1U05F2eEMkJJ9cz8IoJ3UnjPZgK0Fac0Q2PdDmB7fra8IywSeLcPSVTy1/ATkmcgH
;9URyayXsv4IDI58Pw9ihaYSKBRgrz9AYvLW4xuQYUVBx2sBghqkBVRj2hJafU6NsCErAhTaUC09gaOR
;JLECCh6uBRSHBZc4WHjcE1JQYpynKysYcYQ5Q1voz/0ilGxEQc1qCpsTpilWeMETUQ8Q6dVNSnsU21A
;tHoGjkQ6dcX98wXEThBuXKUJ+zh1cak6AuysjF3iENUNZ3sf0EZB7IB+uBWfrdshaNwyBfD8PYoWmEi
;gUYK8/QGLy1uMbkGFFQcdrAYIapAVbbdsZTVB+j7MSLh54uiktPIGjkX3xAnleri1n63a7NkRTyhNLe
;36Eij4/CXK6M0hi6M33FJ1uf3LPdgKZKac0aGjNEF52EejVTUp7FNtQLT2ko5F9gm5TQcxqE58ZpQVE
;edoaXmx0trwjLBJ4tw9BXPLG4yKBbVd73AVm63bIWjcM4Tw/KBHp1T4mCEu5P1lJ7s7ODoRwRn/NYDi
;CGK4zW2D3EFZhdLaxJDkPdbUzSD2AOQjkaJu5p5EFRut2yClbf/ceUHtlhrgSOQ5mvTFOWN7K/xuYbk
;xBwXMCmRqpKjcNqHw/DxHp1U1KUxTbUF5R8vzzEoV2T3PxdhKZEKk5UlPBEllmfYWKPikaerU5Q1rew
;P4In3YgH64FZ+t2yKoIDJh8Pw9ihaYSKBRgrz9AYvLW4xuQYUVBx2sBghqkBURvyRJRZn+Oii4lDnqv
;D09E3s/4E5QCIR6uBWfrdjhlNySofD98fZqKLyUPYLQ9ck700fcckmd/d8BjDocalylUbcYSVmF2tqY
;9Lx5w21EtPYGjkTEsQiAHrgVnmBq7BVVj3AhQYk6aoD8sGne+D0Fc+MbjDvEDIB6uBWfrdshaKwyofE
;xjYra3Ij4Pe7YPXkjzxfAelF1UdtxgFIMZpD43DRBiuuRAUWtySl8U21BeUfL88xKFdk9z8XYSmRCpO
;VJT3BNgYX6buCwmJHutNV9R4NORfPECIB6uBWfrduFaNwzbEExQc4ahOSUWS6glX1vgwPQihW1/asF1
;OJgDujxWb80jUHl0m7ksOnsV21AtPYGjkX3xGiAernYLmCmrNVl4xwlNUHKGpyMvCUu/NUFc+KOQffE
;CIB6uXCfrashaN3/ED2BsfoehIj8JS74+SWLizPwNlGxTf9psCIV2yVo3DKh8Pw8R6cBNSntntyNyXu
;7N5RKEcH97wGE4jxOkO04MqXw/DxHp1U1Kew/bUC1O7dDOHp5sVHHbdziHF7s/RVPHGllQdYy5LDN7F
;dtQLT2Bo8g98RggHq52C5gpqzVZeMcJTVB9iKYoOCR7tQ9JWO3C6H3wAiAergVn63bITTcMqA9TfE6K
;uiM+FGGpD0Fc8sbjIoFtV3vcBWbrdshaNwzhPD8TEenVPiYIS7g/Q0nu1uMinWdOedptOJ8euj9EZMc
;QWw8QUcvIoSqsFW8tJIGjkQ6dcX99wWsThAO6BVtlxhlga3iaoSwkGHHbUbekGDoI5Eg9IA+uBWeYGr
;sFVGPGCFB6Y7a5IiULZ9tRLT2Bo5F9AT0gDK4FZ5gauwVUY8YIUHpjtrorLAhxr1AsRpUN1pyLtp8et
;AVn6wWkKWhvxxJLYGSbij4pGnq1OUNa3sD+CJ92IB+uBWfrdsiqCAyyfD8PYoWmEikUeq8/WE/e0PIc
;n2xJcMlaFJsTrT43Dah8Pw8RpQgNSmUU21BeUfL88hKfdk9r3FoThCmhNFFlxBBga3iaoSwkGHHbUVY
;pL+RwB1U9IDKuBWeYGrsFVGPHEFZhdra2NCYSer81X2LtzOYYg11Ie89xApkppTtPU8cJS39kndVMSn
;sU21Cta8GjvX3xAlNy3VoEhBmkM1lr9x9GY3iHsSg4JGGrIEhP3sv0HIVnUkHDZB+0Gb0uR3ncfD4PE
;enVTcotVNt2LT2B0P0OrmFPccJsCYwprihYYtwjVn1OgbAsPh5mhD1MRd7M5AmBd1QerwVn63bI2mFM
;qG4/DxGauT4VGHu0PERT5vz5GJhlSGquBGfrdshaNyjofCcPEemmITkkd7Q/QVTvxM4RkHtFbPFtAoI
;RoC43Dah8Pw8R6QVySlwU21BeUfL88hKebklwyVoLjhC8BVFpzRhgZ3SIoSg4JHm6KHJS9NfhCIUCIR
;6uBWfr9p4aNymofD98fZqKLiUUeLI+SmLtxvcJrmtSQcZgBp8TugVabdAjUHplmaA5SnoU21AtPQH10
;X3VAiAe3WkUtBWnNVtlxhtgf3iaoSIkJHy+MVlY8/z8HIldT2vadRKfdslaNwyofL9ZUenxTUp7Z7cj
;cl7uzP0Un2V/bsFyA44ElzxSacwVUWhOnbwgLyRxrTVDPYCjkX3xAiAergVE63bIKVt/9x9QYH2Auyo
;VC3usNEhP3sX0GJVrTnnxcQ6GE5c1U2iofT8PEenVTUp7FP5QLT3yz+Iikm1PcsdrALQErTtFU8EOYG
;d0iKEoOCR5uihyUvTX4QiFAiEergVn6/aeGjcWqHw/fH2aii4lFHiyPkpi88byEpB2RWzxdheOE6xaN
;gyofD8PkYKVTWJ7FNsjQU7ewP4SnWtOefF3DowevAVRac0YYGd0iKEoOCR5uihyUvTX4QiFAiEergVn
;6/aeGjcqqHw/fH2aii4lFHiyPkpi88r2FYVdSWzxbQKKAq0oaGHJBGBgZJ2lOD57FdtQLT2BI8c98Rs
;gHq52C5gprztHU84VU2NOiro/JB5mhDRIUeDakXzxAiAergU+q3bVWjcM2xBMUHaIpRIsEni3D0hT5f
;zyEpxyRXDdZBOCGaZaNgyofD8PEenVTVx7FNsjQU7exPANrmRJcsJaAoUSlz5SYMkFPw4R6dVNSnsU2
;1AxPYGj4hGCXUd/3loBghqkBVtt2xlNUH6PsxIuHni6KS08gaORffECeV6uHmfrdrs2RFPPHU9Qd4C5
;IRUXdag1X2Luzc4ZlG5BZ64EZ+t2yFo3DKh8Jw8R6aYhOSRzuiByW+jP/SKdY1N73FoXhAGtKDcNqHw
;/DxHpnA1KZhTbUF5R8vz2HIFdRnfCaTiHE6Y9Q2T3CFd9dJq9IiYfFNorOZPGQuv5zgI7Hq4FFIcFlz
;1WfPcaVmN9tqYuKxV6sj5KYuLM5BOFAiEergVn63Y4ZTcXqHw/fH2aiiorC0u9OUFR3tDyHJ9sSXDJW
;hSbE60+Nw2ofD8PEaUIDUpsFNtQXlHy/PgTl2tMcvFmCJkYrShoaM0QXnYR6NVNSnsU2wltPZqjkX2C
;blNBx2sBghqkBVJizCNcYHyZsCM5GmCyP0M9gKORffECIB6uBXPrdsgpW3/3FVFpeIW5Ei8VcIQ0SFH
;g2pF88QIgHq4FZ+t26Fo3DNsQTFB4h7MkJhdLvDFdYufK/RGuYU9swGAVtBKtNlZ1qH0/DxHp1U0TOx
;T/UC098s/iIphsRnfCaTiMF7gFUWXEEGBqf42KLiUWZL4+Xlz1yv4T8QMgHq4FZ+t2yFoqDKh8TGNit
;rwjLBJ4tw9KXPH89xSdbn97wGE4jxOkO04MqXw/DxHp1U1Kez3bUC1O7dDOFJ9kSXLCWgCKBpc8XmDE
;I1duZYq9Ei4SZ68xQ17k/PccknZPbK4EZ+t2yFo3/Jd8HA8R6aYhOSR9tTZEUe389hyBXUZ3wmk4hxe
;7P0VTxxpZUHWMuSwzexXbUC09gaPIPfEgIB6udguYKaE0UWXEEGBocJmKKyMXeIQ8TE7k0c4Sn11Ee8
;JkHut3yFo3DKh8Pw8R9tVNSgh4qA9EU+fK/RGuZUFu8WMOhxqXNlZ/zQ5gf36esD9KehTbUC09gerRf
;dUCIB7daRS0H6Y8XmDEI1huYbazJCYXS7c1Q1r1y84JmXBFbcZqC492ySEjou+dRYsu6fdNSntntyNy
;VO/F+BGdXUd/3loBghqkBURvyRJRZn+Oii4lDnqvUCw9gaORffHyHx6MBWfrBaQpaGXGGlZjfbayLDo
;kcrI8QWLywPATn2tOefF2F44TrFo2DKh8Pw9dNJVNUHsU2yNBTt7K/xuYbkxBwmQUjgSXNVFq9xhaY3
;CQ1UxKexTbUC1kwaOIffECU3LdWg6FEKE2W1PEHUxqY7a6IxUfcbcxVD2Ao5F98QIgHq4Fcet2yClbf
;/cVUWl4hbkSJhpnviJyTe7U9A/xAyAergVn6z+IWi8MqHxMY2K2vCMsEni3D0FU78bOGZhxVH/AZgLr
;d1LDrpUx5YYwEfDVTUoIeKgPRFPnyv0RrnFDf8BrDoURlzlYecYIPw4R6dVNSnvk5FAMPYGj4hGCXUl
;wyGwLhym7OVZixhVRaE6KujgkD0u5KXJR6M30ffACIB6uBWcbSchDNwyoD1N8ToC7KyMXeIQjTlzvzf
;gTll1TbstgA+t3yFo3DKgw4k8R/NVNSgh4qA9HSOzTzhGUbEdqxloLghuhLjcNqHw/DxHp8Q1KaRTbU
;F5R8vz7CJxyf3PPfTiPE6Q7TgypfD8PEemVGAp7BttQLU7t0M4XhG9QQcNsCbQSrTZWdah9Pw8R6dVN
;bjsU1VAtPfLP4iKbd01u8XYXjhOsWjYMqHw/D100lU1dexTbI0FO3s/wBJRwf3zBdwOOBJc1UWrbGUs
;PEOnVTUp7FNtQLSaBo5EOnXF/cs98ApkppT9Fa80jXGN+mrASLBp3viMtPIGjkX3xAiAerh5n63a7Nk
;RTxR1LamOAtCEVCHe6PEhi58LyCZ5wf2auBGfrdshaN1XofCQPEemmITkkebokSE/owv0igmFBcstaA
;YoVvDVFU9F8Pg8R6dVNSiJU20stPYHQ/Q6ub0Fqy3cOihqXKVRtxBlgaXCKoSI4JG7bUS09gaORfahC
;IDyuBWeYGrsFWWXcDlBodIeKICUfcYQ1VVXg1uIJrnJSe912EpkTyFs3DKh8Pw8lqdVsSnsUqDxeYu/
;K5Q+eZUVw8WgIjxOXKltpxglSUGGbsD45Dma+UCw9gaORffEmYB63BWfrBaQpaGLHDlJufba8IywSeL
;cPQkvk0f0cgQIhHq4FZ+t2yFo3Lah8P3x9moojJQl5ujxySe785RKBXVNr3GMGiBOXNUFp2hBefxHo1
;U1KexTbUC09k6ORfYJuU0HBfR6ME6YFVGPGCFphZenUTUp7FNtQOX2BgpF98XFMbfF1CJwSrShoas0Z
;W2Z/joo/JQ91rzlCU97R8AmYbSAfrgVn63bIqggMnnw/D2KFphI6FGO/NV9i58b0GZhsR0HcahOKAqE
;1WVPaHUtmfrazOCQYYLI/Q2Lg0fQcrmRBfdpqFet3yFo3DKh8Pw8RxtVNSgh4qA9dUvbH9A+uZEV7ym
;wJjCm6NUNt3BVQYU6btDkjFEu9JUNe9cr+E65gQW3LBWbrdshaNwyofD84EenVPiYIS6s/Wlnk0c4bl
;GdEd8BiOJkZvDtDZccSYH1wnbwiFR1htTNZVO7Nzh6eb1B7wHYGnx+nNDcNqHw/DxHpJXJKXxTbUF5R
;8vzhEoZmRWzxbQKKAqE0UFPLE1J/dIemLD4Se7UPWVTsxpF8l2RGeMhje6t251o3DNsQTFBhm7AlLxp
;gsj5KYuLa/RSfZkVs8WkInBO6BV9pyQhafU6EtDUVFGGvIFhJgaKRffECIJ74RWfEdshaRGDbI099dI
;GwLD4SerwPTkTtyv8ZlHB/a951ApkpoD9WeM0OYGJwkYoiPw9kriQtPIGjkX3xgnZerixn63a7NkRT2
;A5aZ3SIoSQkHEu9IkJT9fz4D65qRX/aYBW0G6kiaGPdCE96ZenUTUp7FNvQe32BtpF98XFMbfF1FY4e
;rTtDZcYbYGd0gLIlPnsV21AtPYGjuT3xGSAernYLmCm4KFJkzR1LZn+OiiErAnGpD0VY6MT5CfEDIB6
;uBWfrpvdaHQyofExjYralPy8TcbokRFPm/P0Yl3Z/eMtgA7QerTtDadojUm5ptro4Pgthr1AsPYGjkX
;1xVGAehgVn6wWkKWh82hlXanCdvCMtJHi+Nlli6NHOFZRjVHvcWgqKDpc1QnjYCUsPEOnVTUp7lI0QL
;RqBo5EOnXF/btxgD44XvDNZa/cMVnxlhrsSIh51rzVfYuzC6SKed1Ru23Fn6nbIWjcMKCp/Dzbp1U05
;F2eEIF9Y6cbwCZhsR0HeahCPE7oFUWnNGFZhdrahJCceS74mSFOBopF98QIgHq4FZ812yFpEYNsjT31
;0gbAsPhJ6vA9dUvbH9A+uZEV7ymwJjCm8M1pp9xNbaxHo1U1KexTbUC09qaORfYJuU0HedwKDE6kuXm
;LPI01qcJuKJDgkfL4xWVjz/PwciV1Pa9p1Ep92yVo3DKh8v1lR6chNSntntyNyTfPG+RiQdklwyVoVj
;hWnO0Np2iNMf3SMsU1LexTbUC296uORVvECIG3CdjibBK0yUm3cFVFoTpu8KiIPS701SFney/QchWdS
;QcNkH7QZvS5Hedx8Pg8R6dVNyi1U23ktPYHQ/Q6uclJ7xmAGnx+mPWh+wRtXe06ApxIiHnWvNV9i7ML
;pIp53VG7bcWfqdshaNwwoKn8PPOnVTTkXZ4QgX1Tv1/gTll1DZ8JsCY8TugVbY98ZTVB5jLQ5LwlLtj
;FVYu7W5Q2EdiAfrgVn63ZIDHcMhXw/D2KFphI6CX21JERT5vzyBJ1rTnrLdzieBrg/RVPAGV57dJuKI
;CsDS7QlWU3015F88QIgHq6FMat271o3DNsQTFBhm7wjPhJ6vA9LT+7N5SKYcH92y2QTjgSXN1Z09xNK
;e2GcoU1LexTbUC291+ORVfECIG3CdjibBKE0Q2XGG2BjdI+hEiwecb8PRVjg1/QPrm9BZvFqEp8GvS4
;3Dah8Pw8RaYMNSl0U21BeUfL84Q+YbFR3wGI4hxOuLmhl2iNXanCdsD8VFnWjD0JI9dPkCfEDIB6uBW
;drIIhaEgyofExjYralPyMVYLI+SmLxyuIJnmx/dstkE44ElzdWdPcTSnthnKFNS3sU21AtvdfjkVjxA
;iBtwnY4mwShNENlxhtgf36esSg4JHK+NUlU78TOCZhvRUHLcwKFdslaNwyofD8PEenxTUp7Z7cjck3z
;yv8JmGxHQd5qEI8TugVRac0YVmF2tqEkJx5LtDRJPYCjkX3xAiAergVB63bIKVt/9wxNZn+dvCMtJGa
;+MV9i6NHOFZRjVHvcWgqKDpc1QnjYCUsPEOnVTUp7lI0QLSaBo5EOnXF/btxsCZ8fpj1ofs0fUG5ljK
;cSOQtxvjQtPIGjkX3xgkterixn63a7NkRT2A5WYWWAuyoVCX28OFli58b0Ga5qRX/aYBW0G6kiaGPdC
;E96ZenUTUp7FNvQe32BhJF98XFMbfF1FYIYvDNZa/cOVmh5nYokOCR8vjFZWPP8/ByJXU9r2nUSn3bJ
;WjcMqHy/WVHpwk1Ke2e3I3JP7srOD5RlSXHAWgSOGLw/RVPQfD6vC8YIaexF1NtHLT2B0P0OrnBPd/F
;3AowfpzRob80SS2pjtqxNS/JVu7X9379jkWjxAiBtwnY4mRmhBUVpzxVQYU6btCkjDmfbUS09gaORfc
;9CIAOuBWeYGrsFRWPBI01qdoC6IxUPfKk1XlXuz/UikHBFf64EZ+t2yFo3KOh8KQ8R6aYhOSRnvjdAW
;O/XzhGUbEdqxloKghjIW81ywsBLnJnW1WpKexSoPF5i8sv4GJ1mf3zBcROEG5c5WGLcE0p9ToW8Iy8k
;cLIjWVzvwPR98Ji5hzec/lJJyEU3DKgPU3xOmr0kLxdwhDJCSfXM/CKSbU5qwXAVtBqnNUd/qH0/DxH
;p1U1eOxT3UC098s/iIoJqSXvCYTiJGbwuWGH3H1BhZYagPxUPe4Q5Q1voz/0ilWtTas9rBI52ySEjou
;+dRasu6c5NSntntyNyTunK9BGVXUJx2nEIhimtIkdtxg9WYH/p1E1KexTbUDl9gYWRffFxTG3xdg+CE
;6Q+aG7HCEtgfLa8IywSeLcPQVTvxs4ZmHFUf8BmAut3UsOulTHlhjAR8dVNSgh4qA9eVejG/RmuYE9q
;2moKtBqpI1J+23w+DxHp1U1KX1Tbci09gdD9Dq5xSHfLaQO0FKcuQ2PFI099foOwLj4ecIQ8TETk0eJ
;98AIgHq4FZ7I2yHo3DKgPU3xOmr0kLxdwhDNCU/XM5A+ubklwy1oDggW8O1lvzXw+lYhwTNTTwivbSC
;09gdD9Dq5xSHfLaQO0Fac0Q2PdDmBjfoalPkp6FNtQLT2Bt9F95gIgHt1pFLQFoDNSYMwjXGBjh7A/F
;R9xtzFUPYCjkX3xAiBH7gV863bIKVt/9w9XZnSFsRIvFXCEM0JQ8cb/DpB2SXHABWbrdshaNwyofD8b
;EenVPiYIS6g4RFjtx84Yn2Z/estpBpJ2yVo3DKh8Pw8R6cFNSntntyNyTunK9BGVXUVm3mQJmB+nNDc
;NqHw/DxHpJXJKZBTbUF5R8vziFZhnTHrxYw6HAq0oaGLJDk1gZranKC0Se7VQLD2Bo5F98QpgHrEFZ+
;sFpClof8AVWmN1trwjLBJ4tw9BVO/GzhmYcVR/wGYC63f7aQQ/m0/sMBHz1U1KCHioD15V6Mb9Ga5uQ
;W3LdziEEK4FU2nEHUYPEOnVTUp7FIIQLSSBo5EOnXF/bcZsAocSlzZWf80OYGB/trEoJhpt21EtPYGj
;kX3xAiAIrgVnmBq7BURkwRlTa06FtD4vCUurP1pY86OQffECIB6uESfrZ8haN3/ED2B8eYCwIS4ke70
;2Xlj1o5B98QIgHq4FZ+tvyFo3f8QPYHx5gLAhLiRnuDFDU+jN9iKCckV7ygVm63bIWjdAdTw/LBHp1T
;4mCEuoJV9b4MD0IoJrRHvxcQKTAr0oUlPaGUxgfZyhJCUVFNrKtKQYOgjEzgICHq4FFIcFlylCfs4dX
;GpOmrwpLyRgvihZSPPGzgWIXU94yHYCn3bJWjcMqHw/7y7p501Ke2e3I3JJ6cbjEJBuf3vAZguEBb0o
;UlPKHUxqTo28Pj4aerg1cknu/PcUg3FUQcJkHo4EyFs3DKh8Pw/h1tVqSnsUqDxeYvXL+BOudUFywlo
;DhAOqNlJTxBVRamK2tiI4FXGpD0lY7cLoffACIB6uBWeyNshxNwyoD1N8Tp29JCQkY7o8QWLlzOQfnW
;d/csdrApgprTRTU8sTUn90h6YsPhJ7tVAsPYGjkX3xAiAeigVn6wWkKWh4wBVRUGaIuSEVH3uuMkFY3
;s/4E5Rxf3vAYTiPE6Q7TgypfD8PEenVTUp7PttQLU7t0M4JmWtOQdlkC4cprDVCbsQZYGN4h7A+FRd1
;qDVfYu7F9yKVZ0x/1wVm63bIWjcM8Tw/JhHp1T4mCEuvOERT3tTwEZ1dRHHbZwuOKaQzWWnbI1NuYoy
;nEiUVS781QVz4o5B98QIgHq4FZ+tQyFo3f8QPYHt5gLsSPRp4tw9JUvTB/Riubklwy3Y4hxe7P0VT2B
;NIamPp1E1KexTbUGR9gYqRffFxTG3xcQ+CGJctVmDEI1tgZIu5KBUXfbU1XmLywPATn2tOefFmCJ4Yv
;Fo2DKh8Pw8RGepNY3sU2yNBTt7X+RSfXVd/wmk4jxm9OFtp9xBWYXSaij4pGnq1OUNa3tDhGJRmIB+u
;BWfrdoSHdwyOfD8PYoWmEj4TfbUPWlztz84OmGxHcstaC4IYrQVUY9oSWn1OjbAhKwIU2lAtPYGjkSS
;xAgoergUUhwWXLl9lxiNIbn2Fij4jFXO3NXJR6M30IpRsREHNagqbE6YpVnjBE1EPEOnVTUp7FNtQLR
;6Bo5EOnXF/asZsCbQBqTZbU9sVUWh9jIohIxVxhDVDWd7H9BGQeyAfrgVn63bIWjcMgXw/D2KFphI+E
;321D1pc7c/ODphsR3LLWguCGK0FW23bGU1Qfo+zEi4eeLopLTyBo5F98QJ5Xq4tZ+t2uzZEU9wUVmFO
;nrQhJiRnsj5KUeT8/RSfZ39yz3YCmSmnNGhozRBedhHo1U1KexTbUC09pKORfYJuU0HabQ6FKb87W2D
;3D1ZhdoWwEiYSer4PQVzyxuMigW1Xe9wFZut2yFo3DOE8PycR6dU+JghLrzhEU97U8BGdXVN3wGILji
;mkM1lp9w9cbn+HvCMtJHe0JUNJgaKRffECIB5eOmfDdshaRGDbI0tneIeKOisXeIQjRFPmz/QinWtOe
;/F2BIoYpjNZa/cPT2p0jdVMSnsU21Bh4MGjtX3xAlNy3VoThAaXKUJ+zh1cak6KuiM+FGGpD05S8830
;D65mRXLPfGfqdshaNwyoJX8POenVTTkXZ4QkQk3e0OQPl2NDe/FmCIUCpy9FU80SW1Byhrg9LxVnuiR
;EUu+jkH3xAiAergVn61fIWjd/xA9ge36Zij4/CXK6M0hi4sz/CZ53UkHLawO0Eq02VnWofT8PEenVTU
;p7FPxQLT3yz+IihW1QQd1wFY0Xqz9ob8cSS2Bkm4ohKwhxqQ9CW+f89RidY1kerwVn63bIWm5MqFo/D
;xGauT4VD3urD15I88XwHpRdQ3HAcQieBJc2Vn/NDmBgf7axKCYabdtRLT2Bo5F98QIgPa4FZ5gauwVD
;Y9gjTHpjj7QuLyR3tD5ZUvTRzhGQcUVs8XUInBO6WjYMqHw/DxGglU1vexTbI0FO3tf+Da5xVWzIZAS
;OKas1WXjHCU1QfYC7KBUffagkTFPixpF8a5u5hzec3tR21Vo3DNsQTFBlhqUSOQ5mvTFOWN7A/hOFbV
;Vs8WkIhAa7WjYMqHw/DxEZ6k1UexTbI0FO3tf+Da5xVWzIZASOKas1WXjHCU1Qfo+zPi8PFNorOZPGQ
;uvJTgIGHq4FFIcFly5YfPcPSn13iLYoFRh7tSRCSPP84h6QbE53wGI4iBm9NEMMqXw/DxHp1b11ezLb
;UC1O7dDOCZ5yf23bdwGKFa0FVGPGCFB6Y7amLisVerI+SmLy0/QYlQIhHq4FZ+s6FRo3Jqh8P3x9moo
;5JQtLqCVfW+DA9CKSbU5qwXAVtAKnBV5izhVTY06NvD4+Gnq4NS08+rc/OhB4hCGuJmfrdrs2RFPcE0
;9QYpynKysYcYQ5Q1voz/0ikm1ScMt3OI8TpDtODKl8Pw8R6dUUCnsz21AtTu3Qzgmecn9t23cBihWtB
;V5izhVTY06MuykVGHu2IEhT8sLlFJ5sIB+uBWfrdshaNwyIfD8PYoWmEj4UZIQjWE/nwvIYrmtOeMdp
;C7QTpj5oaM0QXnYR6NVNSnsU21AtPaejkX2CblNB2moXtAW9KFFtyxlgZn+PvCEmJHi6I0hP3sz3G65
;mRXLPfGfqdshaNwyoJX8PNOnVTTkXZ4QkQk3e0OQPl2NDe/FsCY0fpDZoYMkPWn1OhrsSLh54uiktPI
;GjkX3xAiAeridn63a7NkRT3BNPUGKcpysrGHGEOUNb6M/9Ip1jU3vcWheEAa0oNw2ofD8PEemcDUpfF
;NtQXlHy/OUSgV1Ta9xjBogTlzNZasEQU1B9gLsoFR99qCRMU+LGkXxrm7mHN5ze1HbtWjcM2xBMUGWG
;pRI5Dma9MU5Y3sr/G5huTEHdZgaFGKE0UFPLE0phZenUTUp7FNtQ3QKBjpF98XFMbfFxCJspuy9Fask
;fWlB4h7MkJhdLqDNMU+/K/xquYU9rwHE4iQ+XNl5izXw+DxHp1U1KiyvbdS09gdD9Dq52T27xdhKZEK
;k5UlPBEllmfYWKPikaerU5Q1re0OEYlGYgH64FZ+t2hId3DL58Pw9ihaYSPhRkhCNYT+fC8hiubkFny
;3cU63fIWjcMqHw/DxHw1U1KCHioD1lS8fziCINkQX3LWhODBK0pX2PEGD8OqfdQphvDquRQPz2Bo+IR
;gl1YZ/F2Bo0TlyhWaMEJTA8Q6dVNSnsUO28tKoGjkQ6cY0xy8WMCigK9KFJ/9xhWbnyMoSg4exXbUC0
;9gaO1PfEeIB6udgqKGqQFUWnJCEp9dJqKJSUXcYQ0RFzsxuUYgwIhHq4FZ+t21Bo3F6h8P3x8iLkhFR
;1xuiRYT+TQzhSfZElywloVigKhNTcNqHw/DxHpjA1KYRTbUF5Q4M/9IpdnQWrbdwKYKbsqUmnMI01uZ
;YC6TUt7FNtQLT3I45Ff8QIgbcFpDo8pqjVDeMcRYGppnac4ORJ7tQ9aVOXX+SKDY1R3wQVm63bIWjcM
;8Tw/FRHp1T4lF32/D09S9df+EK5kSXLPaAKFApc8W2PffD4PEenVTYosVNtCLT2B0P4RmGZ/fMFxE4Q
;blzZWdc0OPw4R6dVNSnsAm1A/PYGj4hKda0RBzGoTnxmlBUR8zRlbDxDp1U1KexSVEC0ngaORDp5uSX
;rxYw6HGpc0Vn7aE0hQd4W6OjgaYL5QLD2Bo5F9MVVgHrgFZ+sFpzZeaPcVUWl4hbkSLwNkuj5eVO7Nk
;XzxAiAergVn63bqWjcM2xNTZnW2vCMsEni3D0hF8cL/DphtTkHcYAqEAK0FX2PEGT8OEenVTUp7FNtQ
;Pj2Bo+ISnWtEQcdrAYIapAVEZM0QU3wR6NVNSnsU21AtPZejkX2CbUx3yloOhRChNltT3xVbe3m2uCQ
;kexXbUC09gaORffEdIB6udgiHH6wFQ2PYI1p3ZZugPiMUeoQnRFn1y84PkHZJca4EZ+t2yFo3Veh8KA
;8R6aYiJhJwhCRCTd7F+BGQb0Vw2loBhxm/WjYMqHw/D9G+lU1FexTbI0JR6MfOCZ5yf3LPfAKZdslaN
;wyofD8bUenaTUp7Z7Q8RFne1/4NrnFQe8thZ+p2yFo3DKgyfw8w6dVNOQ5kqz9fSd7C9RyBdkloy1oO
;hRChNltT2h1LZn62uCwyexXbUC09gaPVPfEjIB6udhKbBqcoQ1PJGF5/ZYCjKBUSer05QVHe0fAJmG1
;/c8drZ+p2yFo3DKhYfw8x6dVNOQ5kqz9fSd7C9RyBdkloy1oOhRitKGhp0AxeYWKAuiNKeo5CybSkGH
;qufeYCIB7dcBebGbouaG3MHU97eJ+wEiYabb4iXj2Ao5F98QIgCu4FfOt2yClCfNgTTXtOiLEsOg99r
;TVyT+TH5B6Fa09w3QVm63bIWjcMqDw/FRHp1T4/C2S0Illi4MfwDYVrVnvxcg6PAqAFWmXGfD4PEenV
;TUpzVNtDLT2B0OQNgW1SavFnBpgTlzZWdc0OTA8Q6dVNSnsU21AtJIGjkQ6EclBx3HE4iRe7P2hgyQV
;afWK2pj0vHnDbUS09gaORfbhCIAuuBWeYA7gqWH7cI119eI2yKBUXdaI1X06BopF98QIgHq4FZ/l2yF
;pEedgMUH1ltrc/IxZLrDlJSemjkH3xAiAergUn62jIWjd/3QxPYGOdii4lFXq+M1lU7s3OBYhdRHfdc
;QaFFa1aNpYx5aaWiFDqTVd7FNsjWE3xzOMJrmdYatxwFIIZpgVAZcwIV1BjiKEkJXsV21AtPYGjyD3x
;FyAernYSmwanKENTzhVTbnyMuzkVHXi0Jy08gaORffECeV6uHGfrdrsvR3zHDktQeIezJCYXS7c1Q1r
;1y84QmGwgH64FZ+t2yFo3DL98Pw9inKU9JQlghDlDW+jP/SKed1Ryx2sCmHbJWjcMqHw/DxHpxE1Ke2
;euIF1S89fOG5huTEHcZBOOdslaNwyofD8xUenYTUp7Z64gXVLz184cn2VMe64EZ+t2yFq3Suh8LA8R6
;aY4Ogt7qSRyTejP/RyDXVN31GBn6nbIWjcMqGx/Dzrp1U05DmSrP19J3tD8HJ1uf3jCagafE6wFUWnJ
;CEp9dJqKNTMkcaMgTFPyyv4T8QMgHq4FZ+uG91o6DKh8THphmbo/PiRnqzVIWYGikX3xAiAe50Vn9nb
;IWkR52AxQfWW2oT8vHku5IkxT4svOHJ9lTHvxaAaTdslaNwyofL9JUenOTUp7Z64gXVLz184Jg2dFQc
;x3BoUVoAVTacYPVnto6dRNSnsU21ATfYG/kX3xcVVu3moVnym8KFJp9x5Nbn+KvRIuEnW2NVlY86OQf
;fECIB6uBSfrWshaN3/dDE9gY52KOTgecYQyX1zvwPkilWtBc8txApkprDVCbsQZYGBknbkkJB5n21Et
;PYGjkX35QiA+rgVnmAO4Klh+3CNLfXSMii84Gnq4OHJZ6ML8GIVnUkHDZB/rd8haNwyofBFPEf3VTUo
;IYasgQk/1/OkErmdYbs9rFIIZplo2DKh8Pw8R6dVNWXsU2yNYTfHM4wmuellBymwUnxemOVIMqRpZaX
;ePs6t1ewjbUC1O9NPhEoN2f2TxagGNBa0uaGjHC1FQfYisKDgIFNpQLT2Bo5GNzgI6Hq4FFJ4GuDVFe
;PcGYGB3j6YoPiRhqw9BXPjG4w7xAyAergVn64b3WigMqHxMemOPtC4vJGeyNEhi9cbpCYRwRUHcYBSE
;Gr0uXmPGfD6ViHBM1NOyK9tOLT2B0OQPl2NDe/F2Do8Tly5SdNwJTWpOkawSJR1yqDVZPYCjkX3xAiD
;ukQV563bIKUJ+zh1cak6auiEjH0u5P1lJ7s7OGIlyQXDdbAiFdslaNwyofD8PEen/TUp7Z64iS1zixs
;4Onm5JevFnCJ8CpzdoadAITXpigLojFQx9vyRFYvPC5RSeAiEergVn63aRGjcRqHw/fGSbsywpHkuoP
;0FU5fzzEoV2T3PxYwuEAbo7Q2mofT8PEenVTRQ7FMBQLT3y1uMbkGFFQd1qC4ISlzhYeNwTUlB9iKwo
;OAgU2lAtPYGjkX3xAjoergUUngSuO1Rp9w9QY3iNii8lD2C0PXJO8cb0GfEDIB6uBWfrOIhaLAyofEx
;6Y4+0Li8kZ7Q8RFne1/4NrmdYbs9rFIIZplo2DKh8Pw8R6dVNbXsU2yNYT+fC8hiucU9yx2E4nxm4BV
;J03A5KfHiGuxI9EnCvOHJP4Nf4EvEDIB6uBWfrL4haLQyofEx6Y4+0Li8kZ7Q8RFne1/4NrmRMcdl3B
;p8TyFs3DKh8Pw9PqdVVSnsUqCVfW+DA9CKCbUx3yloThAaXNlZ1zQ5MDxDp1U1KexTbUC0cgaORDoRw
;Rn/NYDiYGaQzU1PcE09Qf4inPyUMS708QkrzwuUY8QMgHq4FZ+soiFogDKh8THpjj7QuLyRntDxEWd7
;X/g2ucVB7y2Fn6nbIWjcMqEJ/Dwvp1U0+HnmrNV9c9dbjGK5gT2raagq0Bb0oUW3LGT8OEenVTUp7fZ
;tQBD2Bo+UYnHJFbM9xEpkTlzhYeNwTUlBinKcrKxhxhDFfWOD85RWDZ1N2wWkD63fIWjcMqHxWTxHd1
;U1KD3G2IEhP4NfkD5RdRHvNdwKKBa0+aH7JGktQYpynKysYcYQ9Qlnkz84bmHBTavFpBpITulo2DKh8
;Pw8R6dVNW3sU2yBfVO/XzgmUb1B73GQTngStWjYMqHw/DxGAlU1YexTbIF9U79fOCZRvUHvcZBOeBK1
;oNw2ofD8PEUm8DUppFNtQXU/ozeUihWdNbst3Bp8Duj8EDKl8Pw8R6dVNSnsG21AtTfPK/wmudkVz3m
;AVigK9KFI4qH0/DxHp1U1KexTOUC098dH4E4VdQnvKWhOOG7g/RW3cCU1qEejVTUp7FNsebT2Oo5F9h
;WpJcPFyBocalylHac0YPw4R6dVNSntdm1AjPYGj4g2EcFNBw2QfnB+sLl8MqXw/DxHp1a11ew3bUC1J
;6cr/IoZjTHLxcg6PAqAFRW3cFVBQfIitTUt7FNtQLT3o45Fk8QIgasZsCbQBqTZbU98VW3t5tqcsPhJ
;7hD1EU4GikX3xAiAel0Vn53bIWkN+yQpaY06apSgvHxTaUC09gaPRLbECPh6uBROZF74/W1PSI1hsfo
;2wEi4SZ68xQ17k/PcUn2tTdq4EZ+t2yFo3GOh8MQ8R6a8SPgl1rTVBYvLT9BiVAiEergVn63bcGjcdq
;Hw/eXSbpiQlFUu3MV5J3sb1FIUCIR6uBWfrQwkaNyqofD95foWgIC8PZrIzck7xxvQZrnFNccFxD7QF
;rT1aacYIYGN0h7I5InsV21AtPYGjmT3xIyAernMIhwOlP0N+wR9gfGGMsCkVCHm0P1lV3tf5D5RxSHH
;CYWfqdshaNwyojAAPPunVTTwUeK49SEnzyvIignJFe8paFIYZpy5fU9wOXnl0hYohLxVzrzhySenR9A
;6ZbUx6rgRn63bIWjcY6HwqDxHpoiQ6HkuyPktU7c/OGZhxVH/AZgLadslaNwyofD8PEenATUp7Y7IgS
;GLozfcUnW5/esd2E4oYqz8FDKl8Pw8R6dVNSnsO21AtSujT9CKed1R73FoOhQWtLmhowQ9Lbn+KsHxK
;ehTbUC09gaORfesCIB7ZbBeOKacvQ2naI1ZhYoyhEi4SZ68xQ17kkZF88QIgHq4FZ+t231o3DN8VT2p
;OhqA5LwlLsj5eWPX84g2UZ0QvrgRn63bIWjdF6HwoDxHpoiQ6Hku0JVlY8/z4E4JnVEHddQKOEvpaNg
;yofD8PEaCVTWl7FNsnRE3k/OMYhXBBfdpsCIUpqj9RY9oZYHh4mbASLBp3rz9fDIGikX3xAiAergVny
;HbIWkBl2BlgfXSdpywpD320PnJf5MX+D5RdV3feYDiNF6suWH6afD4PEenVTUp7FNtLLT2B1PgNlF1T
;ccJsA7QfpjxeYMQjW2ZinbQjKR4l21EtPYGjkX3xAiAFrgVnnB+4P2h/xxBWa06AuysjF3iENERO9cL
;/HpQwIB+uBWfrdshaNwy+fD8PZoClKBUIYasgQk/1/PUUgnZBcM1gVut3yFo3DKh8Pw8R/9VNSgx9qz
;VyTvTT4RKDdn96x3YTihirPwUMqXw/DxHp1U1KewzbUC1K6NP0IoVqSXDxcgaHGpc+Xn/cHVFsdNjVT
;Ep7FNtQLT2Bo4l98QJXd95gOJ8eoTRoe8kQU1B1gKY5KxV3vmItPIGjkX3xAiAerhBn63a/M0dp9whQ
;eHSbii84EnmEJ0RZ9cuRfPECIB6uBWerdt1aNwzfFU9qTp26Oi8JS705VVjl/OESgnogH64FZ+t2yGN
;3DL18Pw9mgKUoFQ97rDVfYufK6RiVXVBx3Xxn6nbIWjcMCCJ/DwXp1U09EmS+D1lS9sbjIpduT2ncZB
;OOR8hbNwyofD8PSKnVWUp7FKw5XVje1/4KlHB/eMJqEJkXvD8FDKl8Pw8R6dUUCnsC21AtSujT9CKFb
;Vd73FoOhRChNltT2h1LahHo1U1KexTbCW09n6ORfYZrUHvxcQicE7oFW2PHDExQdIi2JRUebK8iWFnk
;0ZF88QIgHq4Fb6t241o3DN8VT2pOnbo6LwlLtDNZXObM/xydXVB3wmkGmSmqNUN4xxFga3iIuCg+Hmb
;bUS09gaORfbhCIDauBWecH7g/aHjHC1p9Toa2OSsce7UxQWLxyv0RkHB/asF1OI8fqTdSeM0OPw4R6d
;VNSnstm1A/PYGj5hSBZ39qwXICmSmnPFF/zQhHDxDp1U1KexTbkC0vgaORCphyRUHaahCOBJc1UWrbG
;Ut2EejVTUp7FNtQbT2Ro5F9hmtQe/FxCJwTugVEfM0ZWw8Q6dVNSnsU5RAtKIGjkQqYckVB2moQjgSX
;LFhg3RFaUHyAu01LexTbUC09oeORbfECIGnHdQK0AqctUn73C1ZrZYHVTEp7FNtQLRXBo4B98QJPcdR
;gOJgeoT9baPcdUWh9jNVMSnsU21AtA8Gjgn3xAld33mA4nBekNmhqxBNIfXCdsHxKehTbUC09gfrRfe
;ICIB7ZbBeOKb87W2D3GlNgZpu0OS9JFNpQLT2Bo5EksQI2Hq4FCIQMrQVEZMEZU2tOhbwjLyR3tCVDS
;YGikX3xAiAeXjpn+XbIWlhj0hlgfHmAsCEuJHu9Nl5Y9aOQffECIB6uBSfrechaN3vBDFpQZoi5IRUI
;ZL41ST2Ao5F98QIgV+4FdOt2yDtUb80QWn1wnbwiJCRxtTFPUeSjk33xHSAermQEiBOkP0Vt3BVQYU6
;PvD85D0u3MVRY8/z0E5BgTHuuB2frashaN23eE1ZrToC7Pi8JYIQ3TlLlxs4JrmFPc8NkCY92ylo3Hq
;h8P310nacsKQ99tD5yXu7O8xSfZSAcrwVX63bIO0FjwRhge2OIoygmJHy0PEhO3tPwCZldTX/WWguOG
;K8uX1POHVx7fpuKKCQadrc1LT+Bo4F98QJCe8JxOJkXri5oacYdXWN06ddNSmsU21BPWO3XzgqQbkxB
;y2sGiRqtWjUMqHM/DxGLpyQuHH21N3JY78LzEZQCIh+uHGfrdqooXmjPFVFoTo+0IxUIZL41SWLkzfA
;fnWcgHK4FfOt2yDhFZcwbVmF2trMkMh5whDFDWu3GzhifY0JyywVl63beWjcMyg5Wa3aAuyoVCHy+PE
;FO3sb/HJNuRR6sBWfxdshaVX7BEWBqaZ2wPyQaeIQjRVjtz+Iil2tSbdoFZet22lo3DMoOVmJOgLs+I
;x9xhDVDXOPP9H3zAiA9rgVniBmpKUNlxhtgan+ItyEvJH21NkRR7fziFJ9lTHvxaQ6FE/laNQyoXz8P
;EYq6LDkPfbU3cljvwvMRlF1JcMhsC4cpuzNZa8QZYGN4h7B/SnkU20QtPYHA/hKda0558WMGhSmhNFR
;+zR1MahHr1E1RexTbM0JS7cr/Gq5yUnfAcRSbE60+aH/EE0hrfp67TUh6FPZQLT3izP4RmGxHQd53Do
;UCuypSacwjTGN+nrEiPRVLuiZCVOX8/giFZ1JB3W0ChxrIWDcMiXw/D3KGuiEjFXOEJ0xU9fzjGJBhS
;EHDbAm0GqkjUn73CFZidOnXTUpfFNtQSVjv0PQigndQbsF3E7QXpC5SfsYdS2pOiLsqJh5Lvj5MX+3G
;kX/xAj0ergUDjhi7P2h/3QxPYGOdiismFGOpMVlY3sb/HJNuRR6sBWfYdshaU2nGD1pQYpylPSUJYIQ
;5Q1voz/0ihHFFQcJsCY4FlzNZU8AVWGdOjbAjORJgog9KT+jHkX/wAgIergUDjhi7P2h/3QxPYGOdii
;ErAnGpI3Jf7tflEpxdRXDPZwuOdspaNyuofD9rfZmKLiIaebk1X2Lx0fgThWtOefFxAoYGrShWeN0OW
;lB0h7QvJh4U2VAtFoGjkRmdcn99xmQKiRO6BUNpxQxafXCdoD8vJH21I0hP9fz2Hp5mRUHLawaJGq1a
;NQyoXD8PEY25PRUcd7Q0SGLnyv0Yn2NNe/FjCJkbqS5oacYdXWN06ddNSmwU21BJUfH8/BiDZUVBwXU
;ChSm7P1BhzRJLfBHr1E1dexTbNEFN3s70D5Znf3HYYBWHF7gFR23aCEwPE+jVUUp7FL88XWLzxvYUnm
;xBcvFgH5sZuy9FafcZUW5zhbBNSHoUw1AtPeXP4SKDZ01x2GA4iQOqOFtp9xlRbnOFsE1IexTyUC095
;c/hIoJ3UnjPZgK0BaE+UlPcGUd7ZJuwEikUeLQiclPu0fwcnWtae8oFZet25Fo3DMwQT1BinKcrKxhx
;hCNEWeT85RiJdlVsy1oDggWpOFtp9xNRUH6fsD8iGnq8UC88gbyRffFmTG7xdhKZEKk5UlPbFVtqTp2
;wNT4OZr4PSFPgwf0Y8QAhHo0FZ+sSpCpof90OWW5yjIo+Ix9xhCRIRfXW4xiubkl5xnECmSm9KjcOqX
;waDxHpsSE6JGeuIktc4sbODphmRUHaYB+fA7o/aGPdCExmdYyKIiQXbdtSLT2fo5F9lW5QQdpgCpsTu
;jtDedoZYGx5iLgvLwlLvj5MX+3GkX/wAjUergUCkwKtKFltxCNMZ3SFuT4VHX2pI1k9g6KRZPECIG3L
;cROCGK8FUnTcDkprdJuKfxUeeroyQViBoZF91AIgHst9E5kDrD9FU9sLVntygYouJRR4sj5KYuPG9xK
;DZ39t2WwTiB7IWDcMjnw/D3SRoT8/H3GpD15K6NfyFa5hT3HCbAmMKaA/VnjdDGBudZ+0IykeFNlQLR
;2Bo5EYiXZSa8pgFbQFvzNDb8AjXGB+hbwjLSR9tTFOSejV9H3zAiA2rgVnjg68KEJozQ5gfGaAoS4iJ
;He0P0FU78TODZBwS0HDahGOKa00Vm7EGT8NEOnxTUp7caMkX0jlxuMignVJas1tOJgCpypoe8EMWlBm
;iLkhFQ97rDVfPYOjkUrxAiB71nEVnhKtKGh/3xVLbHm2pjklC0usOV1Y3tTwEZ1dVHHZYBW0Fac1W1P
;ME0hhToytOTgOcL4iLT+Ao5598QJGf8BaBYcfuAVSYskeU2oR69VNWHsU2zZMU97A/hKda0558WAJih
;SkPzcOqXwZDxHpsywkJHe0P0FU78TOCpBrVEHIahW0G6csUmHNEktQd4C7JDkTcb9QLz2BqJF98WRBc
;PFgCYoUpD9TDKp9PxwR6dUrKxV7vTZyWuLM9RiuZ05/zGkC63TJWhsMqHxZZmOaoRImGm2+InJZ6M70
;E4JrT3DxfR60Fac3R2nGD157eIa7Ei8Vdbk8SD2Do5Fk8QIgeMd3FJ8ppDtOadojTGd0hbk+FR56ujJ
;BWIGhkX3EAiAeyGwVmAKXNlZ1zQ5gfH6FvCkVEnq9OUFR3sbpCYN3U3fBazicH6wuX1PaHUtmfrawIy
;sZeL5QLz2Bi5F98WRJbN1xOIcXsT9FU9sTU2Z1trwjLBJ4tw9LUe7U4xyFZ397wGQFhxPIWDcMjXw/D
;3eApz4+JHi6KUhP3tD+EZhmf3fAYw6HGpcpR2nNGGBqf4i3IS97FttQNj2Bo/cRnnVSf9pgOJkTuz9D
;U88fUGt0trAjKxl4vlAvPIGCkX3xZUFu8WMOhxqXNVlg0SNLYGG2tyI+D3u2D15I88XwHpRxIByuBWj
;rdsg9Vnz3GlZjfbamJS8XeKhQLzyBupF98WVBbvFjDocalyleYs8QWlB0kaE/Pwh9tD4tP4CjvH3xAk
;d/3loBghqkBURlxhtTak6MrTk4DmeyP0Ni4sz8DZRsU3/abAiFKa00Vm7EGT8NEen0TUp7c7g/SVjex
;v8ZrnZVbMBqAY0ppjVNdscQWlB5jLQ5IxVz21IsPZ2jkX2WYU96y1oBghqtNFZhzSNZYGOEtDkVHnq6
;MkFYgaGRfekCIB7GYAafH6Y9aHjBEVpQcoi5LhUeeroyQViBoZF96wIgHsdrFI4EvAVfackISn9OjrY
;iLh5Lvj5MX+3GkX/wAjUergUPjhe8L0dTzx9Qa3S2oywmEnC6JEg9g6KRZvECIHfAYw6HGpdrBzz3CU
;xqTpq6ISMfS7I+S1Ttz5F/8QI2Hq4FDoUQoTZbU8kYXn9lgKMoFR56ujJBWIGhkX3VAiAex2sBghqkB
;VRjxh9aYWWbvC4VCHu3OUli9ND0IpZjUEHIbAuHdspaNxSofD9mf4+8ISYkd7Q+Q1ji184Yn2ZQccdr
;E5h2ylo3AKh8P2Z/j7whJiRysiJeSYGhkH3rAiAex2sBghqkBURkzRBTfE6cpigVHHWrD0tU7c+Rf/E
;CBR6uBQ6FEKE2W1PdD1pQfYC7KDkkfbUPRVTmy84ZlGxTd9p8OIwEoT43Dql8LA8R6bwjPh5mtz9OVu
;jN9iKUbEF8wmBn6XbIVDcMqBVNYH+AuyoVHnq6MkFYgaGRfeACIB7HdwiFH6Y9aGHHElB7foe8Lkp5F
;NtCLT2ByfQPml1Ee8JxBrQGujNZeM0OPw0R6d5NSnt+viJGYuTN8B+dZyAcrgVw63bIMFJ+wyNZZmOa
;oRImGm2+InJY78LzEZQCIh6uH2frdq4zT1PAE019eIu5KBUOZ74PQk3kzc4fmHZTHqwFZ/d2yFpbbdE
;ZTVB5jLwqIg9LujRMTfXK5xiuZ05/zGkC63TIWiwMqHxTbmiMpxI5E3G3PF5i7tH1GINdT27abAqCDK
;1aNQyoUz8PEYW0NC8JS6gkTE/1/OESmGxUQd1mBpkQlzBYZcYIYG59hbo6FRJ6tTVfYvLL9BGdAiIfr
;jRn63akO05p2iNMe3CboRI6FH21JHJO4sLjG65oT3fAcTiKBKcvWWj3GVF7eJuwEjkTcbc8LT+Bo7h9
;8QJMf9dgFbQFvDtFePcMUGZ/nYo+KRpmvQ9HUujN5SKSbU56x3EOhBipNjcOqXwdDxHpuSwzHmaEI1l
;c89fODZ5rTmrxdgKKG5c/U2vNI1xqf52wP0p5FNtyLT2Bz/AElHB/bdpkFZ8puDVeYtwjTGpwhIogJQ
;1xhDlDSuDR9X3zAiA9rgVnhxexP0VT2whefWW2pSIjFWCEI0hc7Pz/Eq5tVnvcbQaFEbtaNQ2oVT8PE
;YW0NC8JS6gkTE/1/OESmGxUQd1gBoYppjVZU9gTU3Z2hrsSPB5mrzVVPYOjkVXxAiByz3wCmSm7LlZ+
;3CNPYHiHoRI5HnW2D19Y7cLlFIdnf27Bdg6fH6c0Nw6ofAwPEem4LD4kd7Q+SwzexfgRkG9FcNpaFI4
;CvDNZa9sjUHl0m6ckLh5LqDxEXuT84hiFdklwyXZn6XbIaTcMqBFee06KuiMsSUu9OUFc7Mb/Ca5xRW
;rabAmMBZc1QWnaDlZrdLamISMYcYQjSEn1yv8aggIiHq4lZ+t2rjNPU8ATTX14i7koFR5srzVDTujV9
;CKCdklqzW0OhRHIWDcMtXw/D3eArRIiFGapOU9R5PzkE5htTkHBcwKZGqkqR2nMfD0PEf/VTUoWe781
;QWLx0fQemHFFQdRaD44frzJDDKp8PxMR6dUgJR99vTlIT97Q+RidblNBw2AVjBOXKlZ+zRJLDxPp1UN
;KexS1P1li8sLnGK5xVH/aYGfpdshHNwyoGlZ3ToG6PzgSdrc1ckjvyv4TrmNMcvFxHpsTlzs3Dql8LQ
;8R6aYmIwlghDZCT+LGzhifY0JyywVl63bEWjcM2xNTZnW2tyI+D3u2UC88gaqRffFxT3LHYTifGbhaN
;Q2odj8PEZ68PS8kYLQnSE+BoZF97wIgHsFrC5IppzRSU9sUWmN9trojFQ97qw9eSPPF8B6UcSAcrgVx
;63bINUFp2hReYXa2piUvF3ioD0hT4MH9GPEAIB6OBWfrGb4/RWTJElhQYoGwISYIS70xQ2Ly0/QYlV1
;FcM9nC452ylo3FKh8P2BnjKc/Ix9xhDZEUeDO9BOFXUVwz2cLjnbKWjcVqHw/YGeMpz8jH3GENkRR4M
;70E4VdRXDPZwuORMhYNgywfD8PYZuwPjkOZr4PTFn3wv8elF1FcM9nC45HyFg3DLB8Pw9hm7A+OQ5mv
;g9MWffC/x6UXUVwz2cLjkTIWDcMu3w/D2GbvCM+JHurNUNi8sb2EJRsVG2uB2frbMhaN3zaFVF7Tpm0
;Pz4IS6g1XEjkzfIYrm1Sest3Z+l2yHQ3DKgMTWZ/nbA/FRh7tTZyWPnX4wiVZ1Iv8WYSmAKnN2h82hV
;Re3CLuSgVCXG8OUJTgaGRfd8CIB7edw6FAq0oaG/HEllQdJGhPz8fcalicl700OUSnF1QbMdrE4oUpD
;9ofs0bVmB/6ddNSmIU21BdT+jN5RiDXUNxwGM4hherMl5izSNdan2d1U9KeznbUC1N88r/CZRwf33Ba
;wG0G6k5X2XGGWBsZJqhIickZKk5Q0nozfYigXBJcdxsE5J2ylo3I6h8P39jgLs5LwlLuD9DW97O8B6Z
;a0578WYSmAKnN152zSNLYH6FvSgrH0u+Pkxf7cagffMCIDGuBWebBKE0Q2naI1xgf4+KICsYfLI+SGL
;i1uIJnm9JZMtaE4QZpDJSbcwjWmFwi7koeHsW21AIPYGj4Q+YbFR73FoEhBiuBVptyxRWYXS2sSw+Gk
;u4P0NJ5M3lIpBmRB6sBGfJdshaR37BEktqY7a2IiQdS7YxTlXozfQilWNUf/FjDocTlztTaKh+Pg8g6
;dVNOgl9tSRIT97A/hOXXU1/zW0OhROXP0942glbamO2pjojD3ezD1pc6NfOFZRjVHfAYmfpdsh6Nwyo
;DE1mf52wPxUYe7U2clDgwPkUn2d/eM9rOIgZpi5FY8R8PQ4RwdVNSgtmsj5ZWPP88hKfZH9zz2YPghi
;tBVFl2hFIbmOMij8vD2a6M1lU7s2Rf/ECDR6uBReZH6YuUn73H1Bhd7a4LCkTfbU1clvo0fwKkHBFQd
;psCo4prSlDZcUdS2Z+h9VPSns+21AtTfPK/wmUcH99wWsBtBupOV9lxhlgaHKGsSgVHku2JUFJ6NP9B
;K5kTHHZBWXrduBaNwzYDlZhZYynEikUer0PQFziy/gTlF1HfcFhArQCoC9absYdVmNOiLEpSnkU200t
;PYHT4xSfdkVs8WYIhRCXN1ZvwBVRak6BsCw+JHa+NC0/gKOxffECUGzHaxOOBJc5WGLOI1JucoG8Iy8
;kfb81VWLy2uIJlG8gHK4FTut2yCpFZcYIWn1OirojLCR5ujNFVO/GzhKca1RB3GQOmBO8NUJvwCNcYH
;WM1U9KezbbUC1N88r/CZRwf33BawG0G6k5X2XGGWBgY4CyJCQkd74+WVjzo5N98SYgHq51FYIYvD9FU
;8sTUWlOhLQuIhJ6vg9dT+7O4Qmud1N78XcGjQLIWDcMn3w/D2GbvCM+HmaEM0JT5/z8HJJqSXDLWheZ
;GaUqQ1PdD1pQY4izORUfYas8RF7g1/gSn11Nd9x3CJl2ylo3K6h8P39jgLs5LwlLuD9DW97O8B6Za05
;78XcChxe8M0Fp9xlHe2OcpiQlFRTZUC0NgaORDYNrTmrLdziIGaY8aGHJH1dmf4yKPy8Ica8PSGLtxv
;8ahWp/cs98ApkpqzJWYs8ZPw0R6fpNSntkqTlDSeTRzh6ebEZBw2QEgx+mP2h6yRBWa3CdsBI6CX21J
;ERT5vzhD5htUnfafGfpd8hVNwyoDl5pZba+KC8LS7M/QVjyo5N98RYgHq53Bo0ClzVBadoOVmt0trAj
;Kxl4vlAvPYG1kX3xcEF42loUngSuO1Rp9xFQYX6duiMjGBTZUC0ggaORG5h6f3bBdxWCFKQ/aHnGFVB
;hToi5IRUPbas1cl+BoZF92QIgHtxgE5kXqy5eY8YjXnl+gLESPxV6vjNITvLC4wSua05B3XAXmxm6Lg
;YMqnw/JxHp1T8vD2a6M1lU7s3OHIdtSXrxcAmFE6s/RH/JDkZQeIeKPj8LZLQiWQ+BoZF96gIgHtxgE
;5kXqy5eY8YjW2ZiiLchLyR1rw9eSeDR5X3zAiALrgVnmRO8KFZv3BVQYU6HujkVEnqoOUlYgaGRfeYC
;IB7cYBOZF6suXmPGI1t6Y4C7KhUMfas1HD2Do5Fq8QIgbMtxFYoVvDNYYvcYSn14h7ISPRJkvmItP4G
;jgH3xAlJ72ncGiAKhNVlTzRJebX2M1U9LewfbUC1P5NfjHJJ2SXHAWgKFF6o2UlOafD0OEc3VTUoJca
;8iTF71yv4TrmdOf8xpArQUrTxYfs0jUHpljKcSORNxtzwtP4Cjh33xAlJ72ncGiAKhNVlTxB1GamOKv
;SwkHHHbUiw9mKORfYNnVGzPZhOCGaYFUmLJHlNqToagOTkScL5QLz2BuJF98XBFatxkBJ8fpzRodsAT
;T1B+h7k0FQh7tzlJDIGhkX3qAiAe3GATmRerLl5jxiNFZ36ZiiIkF22EI0JR6MejffMCIAWuBWeYHaE
;oQ1PNBEtqY4e0IRUIfL48QU7exfgPgnYgHK4Fc+t2yClbf/cdUWF0iLkkJBxLvj5MX+3GkX/wAgEerg
;UUhwWXOVhi3BNKfU6IuTkvCXq6JERL5Pz1FINnQ2rHagnrdMhaFwyofExjYra2IiUXfbU3cl/kx84Jl
;G9Qe9xkE54ErQVAbcEIPw0R6edNSntntyNyXu7M/RSfZX9912kOhRKtKGhgxwtafU6BsCw+HmaEJEhQ
;8cbjHIV3UnvxcgaCAshYNwyafD8PYoWmEikUe7c5Q1rewOgRmGxEe9xaEpsGrShoZM0dS2pjtqEoJwt
;xqTFZSPPGzgqQa1QerAVnxnbIWkRg2yNcYH6FvCMtJHi+Nlli58b0Ga5qRX/aYBW0Aq03R2naHUt6Y4
;yKOisSYNtSLT2ro5F9gm5TQc1qCIcfpj1ofMEPS2B/tr0oKw9xqQ9ZWOzT9A+QdlVsy1oQih+8WjUMq
;FI/DxGauT4VGHu0PERT5vzjFJZqVEHIYAKPKaA/VnjNDmB7dISlKDgaYK4iSGL2wvgJ8QAgHr0FZ+sF
;pCloa8kMYGl4hbkSLxV1uTxIPYOjkV3xAiBtwnY4jBWnPlJTzhVTan+IuCgVHXupPUxJ3sb/HJNuRR6
;sBWfxdshaRGDbI1Zhd4C5IRUcdasPS1Ttz84Yn2NCcssFZet2/Fo3DNsQTFB4h7MkJhdLtiVBSejT/R
;iucUN/wGsOhRGXOVh5xghgbn2dsD8kGmCyJkhi4M32EZQCIh+uEmfrdrs2RFPFGU1odLa6PS8VS6g1S
;lDkzeUO8QAhHrkFZ+sFpCloYc0OWGpOhqMoOBd1qw9dXPPX4n3zAyA6rgVnmBq7BVll3A5QaHSHij04
;FGC+M1lU7s3ODZ5xVEHNagiHH6Y9Nw6ofCEPEemmITkke601X07ozeUYg2tOefFmCIYGrTREbdwVUGE
;R69VNaXsU2yNBTt7T4xiZZ0Fqx2sAtBStPmh4zRFPamOIoTg4HkusMURJgaGQfcQCIB7daRS0Bro/X2
;nJCFZhdra2NCYSer81X2LtzOYYg11Ie89xApkpvD9afM0OXntkm7ASPRp9r1AvPYGWkX3xcUxt8XUVj
;h6tO0NlxhtgbGiFvCMuHmaEJV1N5NHOFZRjVHvcWhOOG7g/RW3cCU1qTp60JD57FttQHT2Bo+IRgl1Q
;bMttAooCoTRQU8QZWXtOj7AoLiR8vjFZWPP85RicckVsz3ESmROXLVZl3Hw9DxHE1U1KCHioD11P5Mv
;0HIVrTnnxdQ6YAqc0aGTNHUtqY7ahKCcLcakxWUjzxs4KkGtUHqwFZ9p2yFpEYNsjT310gbAsPhJ6vA
;9fVObL5SKXZ0V68W0CigKtKGh4zRFPamOIoTg4HkusMURJgaGRfeoCIB7daRS0BrozWXj3CF58era5L
;CgeeIQ1Q1zjz/R98wMgP64FZ5gauwVHfsESS2Z/joovLx9LrzVATeTR8AmEcEVB2WQOn3bKWzc/qHw/
;fH2aij04EnqvOUNa3sDoEZhsRHvcWguEAa0oaGTNHUtqY7ahKCcLcakxWUjzxs4KkGtUHqwFZ9h2yFp
;EYNsjT314h6EkJBxLuClBVO/H9A+ud1Buy3c4gxOpLlJ+9whaYmGMpyw+Dma+D1pc6NeRf/ECDh6uBR
;SHBZcqRWXGCFZhdra5KCwPS701SFney/QchWdSQdpgCpsTujtDedoZYHhwgKFNSHsU8FAtPfLP4iKBc
;Elw2mwJjCm4M0R4xxJgZ3SIoSg4JGC+PV1Y88LlCINnf2nPbBPrdMhaGAyofExjYralPyMVYLI+SmLz
;yvYVhV1Ge8thOIMTqS5SfvcIWmJhjKcsPg5mvg9aXOjXkX/xAjgergUUhwWXKFhl9w5aaHiGuxI5GHW
;1D0Fc8teRf/ECMR6uBRSHBZcpX2XNEFtQdIe0LyYeFNlRLRSBo5EOnXF/bdt3AYoVrQVEZcwZYHt0ka
;E4OB5LuD9BUvP8/xKDb0Fyx38Cj3bKWjcTqHw/fH2aij4/CXK6M0hi8sr1GK52RWbacBWOKa00Vm7EG
;T8NEOn2TUp7Z7cjck700fcckmd/bcdhArQCrSJDedoZYGN4jr05LwlLriAtP4CjtH3xAlNy3VoUngSu
;O1Rp9w9Wa3S2oSgyD2GpNXJS9NfiFJVnf3HAaR7rdMhaFgyofExjYrahJS8Jebo8cljvwP0SgndSe/F
;nBpgTlz9ZbcoQWg8T6dVsSnsUqDxeYvXL+BOudUFywloDhAOqNlJTxBVRamK2sCMrGXi+UC89gZORff
;FxTX/CaTiKBK07aH/HEFZrToC7KyMXeIQ2QVL2/PISnHJFcN1kE4IZpgVSYskeU2oR69VNX3sU2yNAX
;O3PzhuUY1Rr3GAUtBOmO1VgzXw9DxHL1U1KCHm6PEFi58bwCYRwRW3xbAmNH6Q2aH7JCFZgToy7LCgX
;cdtSLT2no5F9gm1Md8paAYIapAVeYsYZTVBzm7wpLRJ6vA9MX+7V9CKCckFs3WBn6XbIRzcMqA9QY3i
;NiiQkHX23PHJf7tflEpxdTXHAahOEGKE5Nw6ofBYPEemmIiYScIQ5Q1voz/0in2NSbMFyOJkTrzNYYv
;cJTGpOirojKR56ryJEXoGhkX3rAiAe3WoLghKXM1lqwRBTUGWGpRInFHq0JEJT6MCRf/ECOR6uBRSEG
;qE+aGXGGlZjfbagPi8kc7ogclvoz/198wMgF64FZ5gGoShWYMEGWg8T6dVTSnsUqCBET+DPzhCeZkVB
;3mQTgymhNENp2gxQY3CdvCIkexbaUDo9gaPiCIFyT2zaWgaPF7guXnrNI1phcIu5KEp5FNteLT2B0OQ
;NgW1SavFgCYoUpD83Dql8Kg8R6aY4Ogt7qSRyWO/F/g+SZ1JBwWsLknbKWjchqHw/fGSZpSI4D0uyPk
;tU7c/OCIJnf3LHawKYKaE0aGTBG1dQdYy7PiMPbYQ3X1Tlo5N88RsgHq52EpsGpyhDU8UTW2Z3gLA/F
;RxxtTVfXPXGkX/xAgcergUUnga4NUV49w5abGOMtDkvJHW9JEhP3s7+GZhkSXvcWgWEGaQ/VmKofj8P
;D+nVTTkOZKs/X0ne0PwcnW5/eMJqBp8TrAVRackISn10mtVPSnsM21AtTvTT4RKDdn9yy2QMkimrNVl
;izR9LZn6H1U9KewfbUC1O9NH3HJJnf3PBYQK0E6Y7VWDNfD0PEczVTUoIYak2TF7k/OIUlWd/ast9E5
;4ErQVUY8QTTVB/hqcgKxd9oTVJPYOjkWbxAiBt23cBihWtBURlzBlge3SRoTg4Hku+Pkxf7caRf/ACP
;x6uBRSeBK47VGn3D1ZrdLahKDIPYak1clHoxPkJlHB/a94FZep26Vo3DNsJTWlwirASORJwvg9ZWPnX
;5A+UXU9r2nYOjxOXNVlg0Xw9DxHy1U1KCGGpNkxe5PziEp1rREHaahe0G6c0WHjHElZsEevVTWt7FNs
;kSFDxxuMchXdSe/FnCJ8Cpzdof90OWW5yjIooJBp2tzUtP4Gjhn3xAlR7w3UCmRe8L0Vp9xBWfGW2sC
;MrGXi+UC89ga+RffFxUGvcdjiOGKk4W2mofj8PD+nVTTwUeK49SEnzyvIignJFe8paFIYZpy5fU80SX
;m19jNVPSnsF21AtWO/C8xGUXVd33mA4nxm/P0UMqnw/LxHp1TojC3GEJEJK5NHOG5h6RXrxdQiYH7wz
;WGL3GVFuc4WwTUh7FP5QLT32yuEYrnZPact3OIcZpypEU80dXGdOjK05OA5wviJyWO/C8xGUAiIerg5
;n63anNU1p9w9XZnSFsU1IehT4UC099srhGK51QXLCWgGEBKs/U1PKBWB8eIeyIS8kcaMkX0jlxuN98w
;IgF64FZ4kEoTdoeNEMWg8S7NVNSjRhrzVfPYyjkX2SY1R7yWoVkimmO1ppqH8ODxHphT8jFWC+Ihxiw
;O3UKa5DGEH+aRKYKZoKfj/3L3RdI7acKS8aebo7SE/e8+MSl2tMe64UZ+t2qztDac8TTXZOh7QgLyR8
;vigtPkWjkX3BMhUunjVQ2Ub4bA48mEp6PyHe4X16TSHrYBoPsZOiTMEyFVieNVPaRvhucjyYSAo/Idz
;hfXpOUutgGQyxk6JFwTIVWJ41UttG+Gx0PJhLCj8h3uZ9ek5S62AYD7GTpE3BMhQnnjVU2Eb4b3E8mE
;kMPyHdl316TibrYB4PsZOkO8EyFCeeNVHfRvhsAjyYSg4/Id+RfXpNJetgG3+xk6dIwTIXLJ41Uq1G+
;G8HPJhLDT8h35N9ek0i62AbBLGTpz7BMhYrrhln63a7L0d8xw5LUHWMuz4vJHCuMUFi5NvlD4RxSXHA
;BWTndshadmDEXFp3ZZugKS8JFP1QLT3lxv8OlF1Ta951CJkClzNZasEQU1B+nKEhIxVxqA9IRfXR5Bm
;UcCAdogVn6zekNhdp0AhNenWMp01YexTbI1hN8czjCa5mRXDdYDifD7g/Nw+tfD8PXYC7KDl7OttQLV
;nt084fkHFFQcJkHo4ElztReM0OYGppmbo+PwlxhCNITeDR8AmYbU5ByWYIjxPIWTcMqHw/PRHp1SkmC
;0u5MV5Y3s/wBJRwf3/IcQKZKa0iR2PbCU1qTpqwPSsJda85QlPexPISlWd/btxgZ+h2yFo3DId8Pw91
;haUSKBpnvg9BXPjG4yKTZ0Zx3GA4jg64NUR52hlgfHSZtD8rD320PnJa4sz1GPEBIB6uBWfYdshaU2D
;YI11uYoyKISsCcakPT1jnzOMYrmdYbsF2EpkTlylSfMkOXnt4hrsSLRh7vzVyTfPGkX7xAiAeri5n63
;asNkdTyh1Mak6FtDQvCUuuIF1Y8/zhEphsVEHdYBeKBKkuXmPGI1hsfo2wTUl7FNtQLRKBo5EZnXJ/f
;M92ArQaqSNSfvcJT390m4o9JRJ6rw9eWPHC4xyFa09w8WIEhBKtBUd+zXw8DxHp1U1HexTbNEFN3sTy
;EpVnf3vAYWfodshaNwyyfD8PdYWlEi0Ye781clj51/QPn2NMQc1qCoYXpj43D6h8Pw8R8NVNSh94qw9
;KXu7H9CKXa0x7wGQKjimuNUVhyQg/DHfp1U0xHHe0NEhi58r9GJ9jTXvxcg6fHqcvQ1PNBEtyTpK4LC
;kTfbU1ckn40/QikGBCbMtzDooCoTVZcfcHUm5ljKckKxdLtTFAWN7C8x+DZ1Z3z3EOhBi1BUxgyQVaf
;U6BsCQtE2CmPUA9l6ORfZVuUEHJZgiPE5c2VnXNDmBseYi7Ki97F9tQLT2BtpF98WZMbvFiBIQSrQVH
;Y9sIT31+irA+OXsX21AtPYGskX3xZkxu8WIEhBKtBUR4yQ5LDxLp1U1Kew3bUC1Z7dPOFZRjVEHNcBW
;CGK8FQ2XFGWBjeJqhTUl7FNtQLSCBo5EZnXJ/d8BrApkpqzVZeMcJTVB+j7M+Lw9LtzleSYGgkX3xAi
;AurgVnjxq4BVplzBhTak6FtDQvCUu6NllY8/z0BYFtU2vcYDiYE7g7RW3cFVBhTo62Ii4eFNhQLT2Bo
;6V98QJEct5aCoISrDZSU8QdRmpjtrQrPh5mhDVVTe7Q5A+UXVN73mQVigKhNVlTzx9Qa3S2pT8vexfb
;UC09gZKRffFmTG7xaA6PEqQ/aGDJBVp9TouwKyUJcYQ1VU3u0OQPlF1Te95kFYoCoTVZU88fUGt06dZ
;NSnsU22UtPYHH/Q2ub0l6ymkCtBqpI1J+9x5aaX6bsBIvA2S0I1hP5PziGIFjUn/abAiFKa85WGjNI0
;99dOnWTUp7FNt9LT2Bx/0Nrm9JesppArQaqSNSfvcJT390m4o9JRJ6rw9eWPHC4xyFa09w8WIEhBKtW
;jQMqHw/DyDp1U0uF2SEPURZ5c/0Ip1jWXvcWhKbBq0oaHzHFVF7TpqwPSsJda85QlPexPISlWd/btxg
;Z+h2yFo3DJh8Pw91haUSJBRmtjFBYu3C6BiDXUF42mAVtBOwKlh/3Q5aUGKMpSw4GmCyP0Ni5sD+GZQ
;CIx6uBWfrQshaN2jEDGBhfpu4LCYkeLopSE/ewvcJlHB/e9Z1CJgDuj9of80MXn1wnbwiJCRzuD9JWN
;7T4xjxASAergVn2nbIWlNg2CNRYGOEtCEVF3WiNV9i48b3EoNnf3vWdQiYA7o/aH/NDF59cJ28IiQkc
;7g/SViBoJF98QIgK64FZ48auAVZY9oRXmNOhbQ0LwlLuTVLUvPGzhiJck9t23cCtAWtKlZ+yQhWYH+2
;si4lH3GEIF9YgaCRffECIDOuBWePGrgFWWPaEV5jToW0NC8JS64gXVjz/OESmGxUQd1gF4oEqS5eY8Y
;jWGx+jbBNSXsU21AtDIGjkRmdcn9wwXcKihqXNlZ1zQ5gemGZsD8VC3uyPlli8sbhHINjVHfBaziMFa
;c+UlPYDloPEunVTUp7A9tQLVnt084Ih11Da9xsCYwpvDNaafcQVnxl6dZNSnsU20wtPYHH/Q2udUFtx
;mwJjCmsKE5lxhtge3iEsBImEmevUC49gaORfeQCIB7KaRe0AakpX2XGG2B7eISwEiYSZ69QLj2Bo5F9
;7gIgHst9E44EpjtbU8sTUGN4h7ISLBp6hCNdWOTHzhGYcVQerQVn63bIVDcMqBpeYU6apSgvH0u3OV5
;JgaCDffECESWePlXQRPhhAjebSQQ3KtzlTVt7FNs2RFHgzvQThV1UZ95gOJgCulo0Bqh8P19dqPV8ZE
;whtj0tL4GjkRuYbkFzy2sTtAKxKlJT2whNPRHq301Ke0SXEQ0Mr5SkEJwCAB6uBQGCBLsuaGDJBVp9T
;pq6ISMfS7I+S1Ttz84NkHZUe9xrZ+hzyFo3QMESWnwR4NVNSh56v35KXu7H9H3yGiEerkhW20LoCQcs
;kxlHe2OcsSg4W3y+MVlY84P+G5cIbS+aNUe4RuhhX2nJCFprMYuwKWoTcbokSE+hzPcb0SpJeI58CJ5
;WoDtBaYgVSyYbrux8akBmvjxMSejV9F2BbVN32mwIhR+nND1LmVx6IiDJk356SzT7a19Y9dHwHoUiVH
;bLJQGCGqk3UmLcXF4vc4ChbSgecrQiSB3tyvcJmGxHPtptAssYpyBNYM1QH3t+yacoJh51qDUNTu7O9
;F2eZABqxmBHmwStKUR52hk1SCDJj2Z7SzSefRgdx5qhTcEiG3PBcwLLLOgvRyzJElsvY4yhPysYYPs2
;RFHgzvQThSJFaMtrR4YZuj89QZBIHzRinbA9Oh5mqHBCW+ejm33xAkVwyjdJjBWnPlIMq/k/DxGk539
;7W0DrcH4MsZObMMMwET76NEe4R/hqPUGZTAsvRdn1HnpxWepgGR3VkrEuwQhtL5o1R7hGwhcGPJ92eD
;Yg45J8aj456nBrDrGTmzrAIno1nitSyzPlbxdUhU4PL0jE531qPW+vIkxL5M/ODoFnRXrTDyDZTugCB
;yzxTDVCKd3fCnNLFM1QLT3mwP4ZlF1FZtpgFYUXpAVUY8URXmF16dZNSnsU20UtPYHG6QmDd0R73FoU
;nB+8OV8izx9Qa3Tp1k1KexTbRS09gcTyEpVnf3jHaQKFF6U/aGrHDlJuZenWKkp7FKA3TlLlxs4bmG5
;FcM9oArQBoS5fY90IYGppnagSMRZ1uDhEU+T85QSBZ39/zGcVjgChO0NlxxJCUGqPvCErFnG1JHJT4M
;70IpBgQmzLcw6KAqE1WT3VI0RjcJCwPxUTcbI3RUn8zvx94wIgHsJkHo4ElzlfbcYbWiF2iropL3sX2
;1AtPYGykX3xZUNxymA4mxm7Lkd+xx9afGLp1k1KexTbQC09gcTyEpVnf2zLdQKfH7wzWGKofxUPEenu
;Py8Lca85WVTuzbEakm1Ee6RCXtlWjWo9N9oZT2plgKEkJRU0vDNCWeSjgX3xAlJ72ncGiAKhNVkizx9
;Qa3Tp1k1KexTbWy09gdDlHIN2DnnNagOOdsusNgyoOw0+MdK4KD4JfbhwW1zt1vQO+0UZLo4+BokFpz
;ZCeM1cT2BigKEkJRV9tTcncLmRsUaCZ1Q+y30TmQOsP0Us3BMfbnOauiE/D3H7PUJZ5KncTME1ACXdc
;QaZAugtXnjAXEtndMmzLCRbe702J3qzm7ElwSJ5Lo4+CoQArXpvI/FcS2AxhLwjah56vyNZUvHQmzrD
;OgBEniVchhm+PxdWiAhQL3yAu20vFXCoJEJN8qnWTNFYESuANUetT/hqByyTEVB5dMmhJS9bZLcxWVv
;u0fxdlW1XcI40UoYbwlBwNZpcej8x0q8oOBQ0rzhIHeTb5Q+EZkV6jmkChRG8Mj0G70wfVyXa9RR4TD
;SdYh0NsYOxRpZtAGrBJRODE+g/U2vNXFBpMZ29KGoZcb9wJ3q4kbElwSJ5Lo5AV8tNuz9DLNIZTWAxn
;bptLx9zvnBCW6HX+RjRYEV6pEJXyzDxagc8iCYOLyqz9Tg6W2OyJEUdsM78d7YzAFicNVfLLPh6DFaI
;FFBidMmmISUMeKJaJ3qwg8tMxCwQPug8V9tG6GFaY94ZH3t5jPU9JhpgvT9fUKHH/gqfIhErw2ht4TH
;5enE1mEwPLyqapSgvHzSoNVlJ6M32d7Y7Ej7rKFTLTbo/Q37JH0tmfoffAHtKI/sAX1Tv1/gTliwOMK
;4JZ+t2uy5WftxOEWhyhrEoSnik21AterOSmzrIMipTljdtpkf4bT1LmkQfVyHJjH1APCbjcHcNi+SgX
;aszFTCeJSHYRvhQYz2iOwY9MazlRw1KNJ1iHQ2h5qBN+0UZLI5AV+Ex+XpxPphMH0o8kqcoPgl1uCRE
;Uu/89QiQbn9/w2oShQK1UGM8ojsGPTGs5UcNSjSdYh0NoeagTftFGSyOQFfhMfl6cXfcDl55dIWKPjo
;ecb8tJ3CwkqZdoXBJcNpsCYxY5nQ3Bqh8P2hyhrEoFQ9tqzUtPoejkX2jZ1BMz3Vn+nbIWlBvxxhaUG
;eMpyQsAku4P0lYgaCJffECUVbgTTS/Bas1Xzn9GgZHQq63IgEOReZtLSyBo5EUn2RJcsJaBoURpD9oY
;MEPSw8S79VNSk8h4GEeCIG2kX3xa054x2kLtBK9O1tTzQRLfWSavCIkexfXUC09wM/9XZR6VGzbYQKZ
;dsZaNwzBEllmfYWKPSsPYL4iQz2Cp5F98UVSd8oFaOt2yDNFY8YVUWhOmbQ5Ph5mtVAuNoGjkS+UYVR
;3wmwJjhe6WioMqHxTbmiMpxI5D3WpJHJN7sr/Ca5xQ3/cYziBGaE0Qwyrfz8PEai5IUpmFNtQQVz4xu
;MignZBbNpaF4Qfpi5of80dUlByhqcjLwkU2F4tPYHx9BudZ1hR3EYIhQCtIjcUqHw/YnCdii4lFXLqD
;0tU7cL8GJ92f3zcZAmPdstdNwyoLl5mYozmCUpkFNtQQFz1/PISn2QRQchsC4obrTRDU8wVTH99iKwS
;JBp5vlAuIYGjkSajY0ltyzYjtlaYKFJhwQlSL0GllG17VSPuPUA9naORfZxjVEHNagmNR5c8XmDJEVp
;hZbayLiUfcYQ1Q1mBoJF98QIgAK4FZ4YXvAVUY8YaDlB3gLksJx56rw9KXu7H9CKCdkFs2gVk63bIWj
;cbqHw/YnCdii4lFXLqD0tU7cL8GJ92f3DPaALrdcJaNwz4MH4vIMfieCcWFP9QLT3swuUikm1OeJ9aA
;YIaqTdSYtwjUW58jIosKBlmviZEXPXK/hPxASMergU3pzfIQjcMqBFee06KuiMsSku9OUFc7Mb/Ca5s
;T2rLdmfodshaNwy1fD8PfIihEikUer1hclvoz/AQlGxUQd53DogTly9ZZdx8PA0R6dUGLXsJ21AtUOD
;Xzh6ebEYv8WMOhxelP1l49w9ae2WAuyoVEnDbUwk9gaOiH8MxGH3KMUqPTvg7GjibHlwiKYzsK2dJLL
;poTw3jwKkbkDEgNK4FZ4YXvAVUY8YaDlB3gLksJx56rw9eWPXX+BOWcX94x2kGhhOmLmhu2h1RaxHq0
;k1Ke0a6OV5YsueRTPECIHPPcTiIGaY8BlPOFVNufIy7ORUIca8kRFPm0M4bmG5Bc8trE7QSoSlHYMkF
;YGFwhLBNSWcU21B2b+DK4hjCRn0+/ncChh+9Nxdc5D0fPj/e4CAnezrbUC1Q4NfOHp5sRi/xYw6HF6U
;/WXj3D1p7ZYC7KjkkcrI8TFDkzeUil2tMe/FrBoYTyFk9DKh8b0NQyeRjfU55tlADPYGj/ByFXUNxwG
;NWtBChNlZhzRJLUGKMoTkjFXOoD0tU7cL8GJ92f3nNagOOKa00UwyrfD8PEenlTUp7ebokcl7uzfdMr
;mRJcs9oAoUClylSeNwVUWhitrMkJhp5vj5ZYubA/hmUXVNqz3cT63XIWjcMqFs/DxGEtDkVGHu1Nhxi
;58r9HJxnTmrxdgKfAqE0UH/3GlZjcISwIz4kfb9QLhmBo5FOkzATJs1hU8YS8GpWIZxPXWw80bB0LFY
;m4zEVX7HB8kWXYxMehwVn6xupLmhvxxJZPk6PvCErFnG1JHJO5NflFJ9lU0HIbAuKG600Q1PGHVJqEe
;rfTUp7RJcRDQyvlKQQnAIWHq4FCooClzlYYs5NYGl4hbQgLxVghCNISfXK/xqCXUZ3wmQKjhi8BVltx
;RlgbnOLpyg8EnWvOUJTgaCSffECcFLvBU3rdsg3Vnj3H1Bhd9iKKyMXdbY1Q0ne0PQJhWtOed1aAYIa
;qTdSYtwjUWBljKZNSXsU21AtIIGjkRCQdn99wWsB2imuM1ttxRlRe06dsC4iFXu3P0pEgaCZffECZnf
;CZAqOGLxaLwyofFJuZba2IiQdJoQ2RFHgzvQThV1CbM9rA+t1z1o3DPodVnx02pFNVXsU2z1MSd7A/h
;OXMH94x2kGhhOmLmhowQ9PY3CQiiMrFnHbUzE9gaPKL5BrU3udQTrLJro/WmXdER9fXaj1fGRMIbY9L
;SGBo5EQkHZ/fcFrAdkprjNbbcUZUXtOjrYiLh5Lvj5JPYKjkX3xAj4ergUKigKXOVhizk5gaXiFtCAv
;FWCEN05S5cbODoVjUmquBmfrdshaIAyofFJuZba2IiQdJoQ2RFHgzvQThV1Of8NgZ+h8yFo3XOQ9Hz4
;/3uAgJ3sw21AtUODXzh6ebEYs8WMOhxelP1l49xJeYnS2tC8oCXGtOUxJ6Mz/ffIBIB6uVSuqdtBaNw
;zFHUtQcoa7K3gkcrI8TFDkzeUin21Ue90FZOt2yFo3Eah8P2JwnYouJRVy6Q9LVO3C/Bifdn9u3GwEj
;im9NF54qH89DxHpnipKZhTbUEBc9fzyEp9kEkHIbAuKG600Q1PbGUt7eIeyEiMfFNh0LT2BkPNPwjpD
;epooA9NGqXcDP8ofEjd00LNgeEN14zIdX+Kb9xzCAgoergUKigKXOVhizk5gaXiFtCAvFWCEI0hJ9cr
;/GoJdRnfCZAqOGLwFVX7JElsPEu7VTUopdbIjSA7Fo6B98QJNf9paBIQYrmhoasEQXmJ0h6ESOR5grz
;lDWvL89xSdY017wHE4jx+7Kltt0SNRbnyM1U5WexTbC39c6ND0TrVfAE7cYAqCA6V6Z0DpXA4hJty4I
;EpVFNtQQFz1/PISn2QSQchsC4obrTRDU9sZS3t4h7I+FR19tzFAWO/XzhuYbkVBwGQKjnbLUDcMqCxz
;TjHY+3p/Fnnbfi09gc7wCa5hT3DINziNH6Q7WmnGCGB8dJ2hJCQcZ4Q2RFHgzvQThV1HfcFhArQTpj4
;3D6h8Pw8R2dVNShZ1rw9OUu/FoyKXa0x/w2AJnym7P0N4wRJYfE6PvCErFnG1JHJa4sz1GK5xVH/ccW
;fodshaNwyPfD8PfIihEikUer1iclvoz/AQlGxUQd1gE58fpj1EU84VU258jLs5FRJw21MJPYGjoh/DM
;Rh9yjFKj074Oxo4mx5cIimM7CtnSSy6aE8N48CpG5AxIDeuBWeGF7wFVGPGGg1Qd4C5LCceeq8PXlj1
;1/gTlnF/eMdpBoYTpi5oYskRWg8S49VNSitYmnAcE7aW/BDxNCAermgGnymrNVlqmiNZZn2IuCgkD0u
;oNVlJ6M32Dq5kSXLPaAKFApc0VmHNI15tc5uwOyMaYLI/Qz2CoJF98VJsX64vZ+t2pTtDU8sTUWkjtr
;MkJhp5vj5ZYvLG5QmYbEdt8WMOhxelP1l49xJQe3Sa1U5KexTbUDA9gaP8HIVdQ3HAY1W0EKE2VmHNE
;ktQZYy2JSQUeLQ3VD2Cq5F98URJcs9oAoUCyEs3DKgMU25lj7o/JyR1vzhITujM/33yBiAerlcGjQLI
;QDcMqBNJamOBtCMtJGezNUFR8vziDZRnREHCbBSfdstaNwyofC4PEemlLD8IcYQ4SFTmy+UinWtTaq4
;GZ+t2yFomDKh8T2NwnbMiOBZLujRJVPXK/hPxASQergUphBitWiEMqHxPfXSapjg4Hku6NFtc78D0Io
;V7UHufBWTudshacWXQGVsPB+nVTToJcagjWE/k/PAZh2NOfctaE5IGrWg3D618Pw9XgK0oLns221AtT
;fPK/wmUcH99wWsBtBupOV9lxhlgbny2oSgpE3q0PEJa+KOSfvECIFjoQ2fGdshaR37BEktqY7a2IiQd
;S7YxTlXozfQikndTasFoDpETly5YY8QUWm51trssJx4l21MvPYGjxU3xLyAernUVghi8P0VTyxNRaU6
;EtC4iEnq+D05I8tf+EJh4RUHaagiHHq07U1PGHVJqI+nWT0p7FI9hLRmBo5ENg2tOast3OIgZpjxoYc
;kfV2Z/jIorIxd1tjVDSd7N8BCUXREerQ9n63aYFnYsmVIIOnyE1WlKexSrIkRT9cbjIpJtTnjxaAaIH
;qE0UlPOFVNufIy7ORUVdbY1cg+BoJt98QJwUu8lVsVB/TdaDIp8Pw9hm7wjPh5mhDNCU+f8/BySaklw
;y1oBggSlLVZ+zSNLdmGM1U5NexTbG0FU8dP0D/EdIB6udRWCGLw/RVPLE1FpToS0LiISer4PQAyxk6A
;ikm1Ee64GZ+t2yFooDKh8T314h6EoOCR3tD5LYuzC8hWYbEVBwzRX20SXOVhozXw8DxHp1U1VexTbIF
;9U79f0D65hT3DIWgqKFaAzWWn3EQ0/IdmKLiUfcdtTLT2Bo5Fc8QIgbtxsCZ8TugVUY8YaYGJwir0kJ
;B5LtDNZUt7C9RmDZ1NtrgZn63bIWhcMqHxPfXiHoSg4JHe0Pkti7MLyFZhsRUHBZhOEKakqXmfNBT8M
;EenVTUpXFNtQXU/ozeUYg11DccBjOIYXqzJeYs0jUGxlhoohKwhghCVdUe7C9SKXbUx6y3dn6HbIWjc
;MjXw/D2GbvCM+HmaEM0JT5/z8HJJqSXDLWhWOBq0uXmnaI15rdZuwPjl7F9tQLT2Bh5F98XJSd8BxAp
;kpqzVZavcRXmx5gLsoFQlxqzVZVOTRzhyBa0t71wVk63bIWjckqHw/f2OAuzkvCUu4P0Nb3s7wHplrT
;nvxdwKbE7wzUn73EF58ZbayPyUOZNtTLT2Bo5FX8QIgbtxsCZ8TugVUY8YaYGJwir0kJB5LqTVdWPXK
;9A+uclJ3wHECmSmmO1ppqH8/DxHp1VJKexSrIkRT9cbjIpJtTnjxaAaIHqE0UlPbGUt7eIeyEiMfFNh
;0LT2BxqQexGESfZcoXthB+ncDbpFFEjcp3OJge00n6WcbBbjC9RnBAjkergUXmR+mLlJ+9x9QYXe2uC
;wpE321NXJJ+NP0ffIEIB6uYwuEBrgjNyqofD9/Y4C7OS8JS7g/Q1vezvAemWtOe/FxHpsTlztVbtoZS
;WZwnbwiJHsX21AtPYGvkX3xclJ3wHECmSm8I0dpqH85DxHpsyElC2SiUCE9gaPhD55kSXLLWgmKG61a
;NAyofD8PAunVTTgacq8PSUjgz84YiXZSa91sCIV2y1Y3DKg9U2MxjK05OA5wviItLoGjkQ+QZFRBx2s
;BghqkBUdt3AhafX/p1khKexSXOUNY8qOEffECUnvadwaIAqE1WVPSFFB/Tp2sPS9KFNhWLT2B7f4PnG
;NMHrsFZ+sErS5FbcsIVmB/tq8lJQtLryldWLOjknvxAiBQwXcKihrITjcMqA9Xan2FiikjCXG4JERS7
;/z9FIJ2IB2uBWfrdtxaNwzbF1Z9ZbaxOCsXS74oWU/00PgSnwIjEq4FZ6oapHpSdNwOSmt0m9VlSnsU
;qDxeYuDH9RSFa09wz2k4iBmnNl5izyNXaniOvTkVD322NXJa88LhFfEBBh6uBVfFRvNrDzyYTBE/Ktr
;lY3pAJeNgHQ2vk6pOwTIOLpUzV9tG+HQHDL98Pw9ihaYSKxV6vjFBVO/Ezh+UZn953GQXg3bLWjcMqH
;wdDxHppiE5JHW1Pkhc7cr/Gq5hWXLHawOOBJc2WHvNDmBoY4ilJUp4FNtQLT2jo5F9gm5TQc9rCY4Xp
;DNZa/cfRmN4h7EoOCRhqyBIT97E4xyBaiAdrgVn63bSWjcM2xBMUHCHuygrF321N3JN6NDlEp9dR2zP
;dQ/rdchaNwyobz8PEZq5PhUaYLY/Xk3pxuMYrm9PessFZOh2yFpWZdp8Gw8R6aYhOSR2tCRZUuz84gi
;DZEF9y1oOhRChNltTyRJYY3S2uSQ5DxTYVC09gZOqRMECNx6uBRSHBZc5WGLcE0p9TpuwPS8aYIQ9Ql
;nko5J78QIgX+xGJqk1yGg3DKgPU3xOiroiJhJ6vA9MW/XG4yKDZ0Nxz3EOhRGXLlJh2BlNbmWcpygVD
;322NXJa88LhFfEBNh6uBVbSRuZqDDyGTAQ+Idn7fXFJIOtgAw2Bg5F98XFMbfFmCIQaoTRQU8oZW1Bl
;jLg9Lwl1ryVfWN7P+A6FAiMZrgVn21j4YQY7mHwNDxHppiE5JHe0P0FU78TOHohuSXDKYBW0GqctUn7
;3FFpuZYynEj4eeas1X1z11uMYrm5JbdoFZOx2yFoHIphHDj4h6edNSntntyNyXu7M/RSfZX9912kOhR
;KtKGh52AxafU6BsCw+HmaEJEhQ8cbjHIV3UnvxaQ6YAshZMAyofA8hIdLke3p7OdtQLU7t0M4enm1Md
;8BiOIcTri5oas0ZW1B5jLQ5LwlLrzVATeTR8AmEcEVBwmwUn3bLXTcMqEwRPyrY4X1KZBTbUF5R8vzy
;Ep5uSXDJWgqCGJc2VnXNDmB7eISwEiYSZ69QLj2Bo5F92wIgHt1pFLQVpzVbZcYbYH94mqEiJCR8vjF
;ZWPP85RicckVsz3ESmROXNl5/3Hw8CBHp1X1kSy/qZh09paORfYJuU0HNagiHH6Y9aHzHD0tQYoq0Iy
;QSerwPSVjtwuginWtTaq4GYOt2yGoZPJNPET8RytVNSgh4qA9OUu7P+BOWXVBsy1oUiBemNF5izyNba
;n2IrBImEmevUC46gaORTd8yGy2ANWfFdshaRGDbI1xgfoW8Iy0kZrI3RUnexfQYlV1Ie89xApkpvD9a
;fM0OXntkm7ASJhJnr1AuOoGjkU3fMhsvmjVnyXbIWkRg2yNcYH6FvCMtJGCyPUhi9cb8DZRwQWrbdwK
;0Ebo7R2SofykPEenlY3pAJexgAw26kaVNwSwQJZ81V8VGyEI3DKgPU3xOjrQ9FR19tzxyT+TT9ByFXU
;1xymBn6HDIWjdN6T59TFLpzE1Ke2e3I3Ja4sz1GK5kSXLLawaGE5c8WH7FHUsPEo/VTUoAc7g/SVjex
;fgRlGxBc8taEIICoDVCePcZR3tstq4gKxh8sj5IYvXa4RiuY0J83GARghe8M1hi1SNEYnCdsD8jGniE
;PkxQ5PzwH5NwRWjHZBOCGaYnaHfEHUZqY7a9KCMcfK8tQFCBkJF98XFMbfFtAooCoTRQU8oZWWBjjIo
;/Lxh7uiREU+b85RicckVsz3ESmROXLl5hzSNYfXCZvU1JbhTbUB4Nr5OqTd8yGy+ZNUnbTfloBzyGTD
;8aEenVPiYIS7I+S1Ttz84cn2VMe/FpDpgCyFkzDKh8DzQo2dVSSnsUqDxeYujN9xSdbn95z3U4jR+kN
;mh+zQxabmW2uCIuHhTYVi09geLQP7NBYx64BWfrBaQpaGXGGlZjfbanKDoeda8PQFLlxpF+9wIgHu9E
;Jak1i1ovDKh8TGNitrwjLBJ4tw9eXuDN/xSfZX9zwWEC63XNWjcMxRNban3pyE1Ke2e3I3JU7830D65
;hT3DaahKZKac8UX/NCGBjeJqhTUl7FNtQLRuBo5EOnXF/bsFyA44ElzxSacwVUWhOm7o5Kw99tD5yT+
;DX+BKub096ywVk7nbIWlFl0BlbDzLp1U05F2eEIF9Y6cbwCZhsR0HMYAO0Aq03R2naHUt6Y4yKISMIY
;NtTDT2Bo6FTwTkRLJ4rV9BD+HQHN5lLDyEh0uR9elUk4GEaDa+TkUjxAiBtwnY4mwStMlJt3BVRaE6K
;rCEjFXC+InJR7tT0D65qRX/aYBW0Aq03R2naHUt6Y4yKISMIYNtTKj2Bo6FTwTkRL54FUut2yClbf/c
;MTWp5jLQ5IxVzhDNUUejN9RiDXVVu3mAVtB6tO0Np2iNLanyZsD8rD2GpNXJR6NDlffIFIB6uNUnbTf
;lsBwyYfD8PYoWmEjoJcbM1TEnozfYinWdGavFjAo4SlzJSbdwZTVBljLg9Lwl1ryVfWN7P+A6FAiMZr
;gVn21j4YQY4mHwdDxHppiE5JGSpNUVY4Nf4E5ZdTXfAWguKD60oaHjBEVpQfYCmOUp4FNtQLT2so5F9
;gm5TQd53AoMTqS5eYs8jT2ZinbojFRNxuiRIT97X9BCBZ1J/2nAVjimkM0R4qH84DxHp5WN6QCXtYC0
;agaORDp1xf27cYA+OF7wzWWv3DFB8ZbamLisVerI+SmLlxv0ciF1Md91xZ+hxyFo3PIZMBDw/2dVrSn
;sUqDxeYvHR9BWUY1R3wGI4mwStBURvyRJRZn+OiikvF3WiD0FU8teRfvYCIB6eK1fQReZqNz2ofD98f
;ZqKPTgefL4xWVTvxM4PmGVIavFjAo4SlzJSbdwZTVBljLg9Lwl1ryVfWN7P+A6FAiMZrgVn21j4YQY4
;mHwaDxHppiE5JGSpNUVY4Nf4E5ZdVHfDYDifE6UqUn7JCEp9dLayPysLfNtTDz2Bo6FTwTkVLoA1XNp
;E+GoZPJNNDz8/2e5+fEsk9WAWDLaTv03xIyAernYLmCm4KF5i3BVRaE6LsCkVD3G2IEhP4NfkD5RdTH
;fdcWfof8haNzyGTAQ+Jtn7fUpIFNtQXlHy/OEPmGxUd8BiOIgPpDNZaM0OYGN+nrA/FRNxuiRIT97X9
;BCBZ1J/2nAVjimkM0R4qH84DxHp5WN6QCXqYC0OgaORDp1xf27cbAmfH6Y9aG/REFZhdYynEj8LZL4i
;clXkwuUYg11Ue8N1ApkXvC9FafcQVnxl6dZKSnsU634dBrCVoX3fAiAe3WkUtAa6M1l4wRJYUH2Mszk
;VHXG+NHJV5MLlGINdVHvDdQKZF7wvRWn3EFZ8ZenWSkp7FOt+HQawl6F90QIgHt1pFLQGujNZeMESWF
;B8gLsSJhptviJySejO9CKda1NqrgZn63bIWhwMqHxMY2K2pT8jFWCyPkpi8criCZ5sf3bLZBOOBJcuU
;mHYGU1uZZynKBUXfagkLT6Go5F9wSwQJZ8zV+tTyFo3f8QPYH9jgLs5IxVzhCBCTvX84h6QbE53wGI4
;jxOkO05TxBVMexHq0k1KeyT1YBYOr5ORWfECIG3CdjibBKE0Q2XGG2B/Y4yKPikaerU5Q1rex/QRkHt
;/csd2E+t1z1o3DJhSDzQix+VNZXsU2yNBTt7T4xSfdklwyVoVghGgLmhqzRlbUHmMtDkvCUuvNUBN5N
;HwCYRwRUHCbBSfdstdNwyoTBE/KtjhfUpYFNtQXlHy/OEPmGxUd8BiOJ8fpT9oeM0RT2pjiKE4OB5Lv
;CJMTemjknTxAiAugDVc2kH4dAcMsHw/D2KFphI4FH2EIkha6Mz/IoJhQXDxaAiPE8hZMQyofFZ8fYi7
;KUpuFNtQXlHy/OIekGxOd8BiOJgTuS9SYssZPwwf6dVNIxVysjxBA+LM/wmed1IeowVn6wWkKWh/zR1
;SUGWQpShKeBDbUC1T7s30fegCIB7daRS0BaAzUmDMI15jdoanJD4TeYQkVE3ko5J/8QIgSJ8Fe+t2yC
;lbf/cPV2Z0hbESIxVysjxBYuDN9hGUXUx33XFn6HHIWjc+mkkEPCDc1WtKexSoPF5i9cv4E651QXLCW
;gOEA6o2UlPEFVFqYranKDoeda8PQFLlxpF+9wIgHu9EJak1i1oSDKh8TGNitqElIxVLrDFBUd7Q+BOW
;bkVBwmwJjim6P0dpyQhgYn6NsE1JfRTbUGx8w+HSPvEjIB6udguYKbw1R1PbCU1pcIqwEiMVcrI8QWL
;gzfYRlF1Md91xZ+hyyFo3PJNFDw846dVNORZ1tzxyXPPG8CKCbUx3yloOhRChNltTzhBQeE6KuiA6Hn
;qoMVlU7s2RfqoCIB6ePlfQRuZoDDyGSAs7JdLlY35AJPVmHAm0mKFTxzkQMJk1UtJN+HQPN5hSCDkg0
;O58ZE4v634VCLaSqk/KMg4mlj1e0EXzahk1mk8ONCTS5WNzTibraxwNupKqfeYCIB7daguCEpczWWrB
;EFNQcIeyIS8keLIjWT2CpZF98TYVJZ82UutiyFo3f8cQVmtOgLsrIxd4hCBMSfXG4xPxASUergUrghi
;tKTcXqHw/fH6FvCkVEnq9OUFR3tPwCYVnUnDxZwifAqc3Nw+tfD8PXYC7KDl7AttQLU700+ESg3Z/et
;tkC7QTsC5FedsVUGER6tlNSntVtzwNWPnX4wiVZ1IetwVn6wW9Kkdj2ghgZn+PvCEmJHW1N0FY3s/4D
;oUCIx2uBWfGQv1aFwyofEx6YZm6Pz4kfbU2RFHt/P4IhW5JcMt2OI4OvChCaM0OPwwd6dVNCxd4+zVV
;SfPW9RiDAiwergUUnga4NUV49whGf3Tp1khKexSXOUNY8qOBffECU2vedQiZApcpQ37JCFpoaOnWSUp
;7FI8iSFiBpJF98XFVbt5qFZ92y1A3DKg5SWpjkKIlLwlx23MtPYHQ5A+XY0N78XYIhx+sBVVj3AhQYk
;6AuysjF3iEIExJ9cbjE/EBJR6uBSuCGK0pNyyofD98ZJuzLCkeS6g/QVTl/OUSgV1JcMhsC4cpuDtDe
;M0OUQ8S7NVNSjd9tTVePZWjkX2FZ01uy3cGnwO6P2huzRhgY3iaoU1JexTbUC0ogaORCZRvUHvcZBOe
;BK0FW2nOCGBjeJqhTUl7FNtQLSuBo5EJlG9Qe9xkE54ErQVFZc8US1B9gKY5SngU21AtPY+jkX2FZ01
;uwmQTjimmNUNp23w8DxHp1U1FexTbJ0RN5PzlEoZnUkHDagOOdstQNwyoNVF7dJu5LCkecNtALT2B1P
;gNlF1UcdlgFbQFoDtHaah/Ng8R6YcoKQ91tTdBWIGtkX3xdUluy1oQihqkBVpjzBk/DBvp1U0DFWC+I
;kFc4sb1feECIB7Bah2OKbsyXmnEGGB7aJmwTUlyFNtQelz1xuM7kG5MHuoFZ+twyFo3asQTT39o6dVN
;MDgU2ypuPYHZ0n3xAiDTYslZ6nbIknUMqLR9DhHp1U1Ks1XbUC09g6ORffMCIB6ugWTrd8haNyOofD8
;FEenVHQY6NOp+GgjszpF98eIfHq6eI+t2jxmy5289P0+NrNVNsD0U25hvkYCjkfShTGcTpB9t63bIV3
;5E7C4/DxGF1U1K3RzdUC09vrb7YvECIBfeTT6YdshIQwyobksOz4/KNUp7FYEZaXzV20uQLTMq3J4R5
;wouUjQ5tn21nHcFhr+iqp0VZ9Cvf8jSJrzIDZ9hopy5rFYbgat7Uzdtl+sK5dHGWgSDvV3m9IVCNX5n
;2ROY4/vlT1MONNFPBTrpOOzeVXp6B+swLxvhY5UxMYIphi4EdNt3y3xXDq4w/wsdcVVEUksVyGBNP6f
;Dk3u9wiQSNoVu80bJSQdsqlpfzxWlFc1D45TaA56QF5euNri1clIIhNn8Qp+bXZt8rDQUvNVaSCw8qZ
;TXrTSZk5BuwWIiOM7FY6e2SFOvjKlvDw4Sz7VPTDfU31y1vYi7oXziMiEdiGVl7ToIXjuUKHUnPxD65
;S1IXXQbVGH9AaoJ/fAREB+tIwfpUKiaM0Bo/DaXkejGfUt4MrtSK3FBp53lcQs4Lq8WV4t07jr3COS8
;OwOJadxVenoH6zAvG+FjlTExgimGLgR023czyc3nU0kmTI3XNyNR/kINy7Q9gaORNLRMZLDsZeVJd8h
;avlzmOzIFC+PVTUp2XZMUfz2Bo/198QKGFqgFZ+tJ3TAoDKh8Nn9ZsKZNSmlg21A/SYB992KJAiAf/k
;wjqiKwgNrQCXK8PwVvhPtqC4N/f/7K1tiAOaxny+4NnAlYhYHYzUPgLMiaYhe5F+xGsb/VuP3HrB6eQ
;c4Eq3h75K6yvsSQqY7U6fURkk4o5/sVyGAsPqfDk3u9wiQSNoVu80bJSQdsqlpfzxWlFc1D45TaQx08
;goXxf9di4Brixefi7khbJDypfxlvE++ZjU53jFtZNQ3MeHI1gu1dNQtdAWnIx244ze5TVq0+xffh+mm
;MwKVTB4XvUf34mqAfvTVm6FCoWDFAaHgzl5HgzX1LaCS7UgtdQafdvXELuJ6nHVfqZfg6NSrIvDtD0W
;nc1cp6B+tRLhvhoZcxMQYshi4Mf9t322o2D44cPQldKdFB0vsdw2AsLrHDk1uRwiRSboVuc/bJSQcNq
;1pfDTeJFUkGu5TSyK08kpOQftdiIhjixWPn7khT75McI+hqlGxvTKUhDkfmr3Pqo5F98UtlUOqrJYv0
;2oo3DKl8Pw+xJtVN338U22EtPYHzkQ/xayBwrnFnjna6WgYM93x+D1/pkE0ee0vbES0FgfyRLfFuIGu
;udme0dppaZwzhfAwPTumGTQF7RttiLWKB6pEZ8Wcgf65oZ4p2o1pSDNp8YA9B6adNJXty2zktUYHGkX
;3iAiAez2YEjhqtKFZ4wRNRUHOGoTklFhTaUC09gaPRArECOx6uBQaIFa02Un7JCFZgf7a3Ij4Pe7YPX
;kjzxfAelAIhHq4FZ+s2txo3FKh8P25yirAhLwl1rzlCU97F+A+Cdn9yz3wCmXbJWjcMqHx/cFHpxk1K
;e3W4M0hR5NHwCZhtTkHHawGCGqRaNgyofD8PUZaVTVJ7FNsxTl7kz/QPkHZJccBaDoUFrS5oZcYSWn0
;R6NVNSnsUmy9tPZmjkX2QYUN7wmAVigKhNVlTwRJMamW2ujg+HmbbUS09gaORPY5CIAyuBWeKFas/W2
;naHUtmfoeKPTgSeq9QLD2Bo5F9sX1gHroFZ+sXqzlSYM0OXnt4hrsSOQ5kqz9fSYGikX3xAiBe0UVn+
;3bIWlZvyxlTamOIoSQlFUuvP109gKORffECYGHuBX/rdsg7VG/NEFp9cJ28IiQkYLQgck700fcckmcg
;H64FZ+t2iCV3DLt8Pw9wirYoJh5muiREUu/85Q+QdEVyrgRn63bIWndz6HwdDxHptC4pHni+IkxJ6Mz
;/IoVwQWjLaTiYHqcoQ1PMFUx7cIe2KEp6FNtQLT2Bo5F92AIgHs9zCIISly5Fbd4ZU1B5hrkoOSRkui
;RFYuzC6SKdZ0552m04jRerLlh+qH0/DxHp1U0jOxTyUC094NX+FJVdVGzPcwKHKaA1W2nbI09uZYGKI
;CsDS7U/ck/k1+McknZJccAFZut2yFo3DKh8PwQR6dUvLxdghD9LW/LG5X3wAiAergVnO0nITDcMqB5a
;Y2W2pywsD0u6M05Y7cbjHIVrT3CuBGfrdshad3PofC8PEem3KCYPS6kxS0newvgPlmNQHq8FZ+t2yFr
;XM6huPw8Ri7AhPiRmujZZYufP/gqDY1R7rgRn63bIWjdV6HwxDxHptygmD0upMUtJ3sn0D5oCIR6uBW
;frdtwaNxyofD9tdIWhEjgacq8PQlvn0PQJ8QMgHq4FZ+uG91o4DKh8XWp9nYo/Kx1ghCNdWOTHkXzxA
;iAergVJq3bbWjcMyhlTe06btCs+JGCzOU5W78biDvEDIB6uBWfrjvdaJQyofF1qfZ2KOisXeIQ2QVL2
;0fAJlAIhHq4FZ+t2kRo3GKh8P210haESPRp4tw9BWO/E5RWub0lwrgRn63bIWjf8l3wwDxHptygmD0u
;sMUFR3tDhGJRmIB+uBWfrdsh+dwy2fD8Pc5u8KS0SerwPSEX10eQOmG1OQdlsA58elyhWeMETPw4R6d
;VNSntNm1A/PYGj8w+YZkd3wGI4jRemBUR8zRlbDxDp1U1KexSCEC0pgaORH4NrRHnHawC0EKEiUmj3H
;VFofYzVTEp7FNtQLT2Bo4h98QJCbMdhAIIYrwVRYMcdS2p1trQ/LxpLtjlDPYCjkX3xAiAq7gV263bI
;OEVlzBtWYXa2syElDGa6JEg9gKORffECIEfuBX/rdsg4RWXMG1ZhdramJS8XeKgPS1Hu1OMchWcgH64
;FZ+t2yAN3DL18Pw9zm7wpLRJ6vA9eVeTP/Q6ucVB7y2Fn6nbIWjcMqEJ/Dx/p1U0oCX2/N0RT5vziDZ
;RnRB6vBWfrdshaeUyoXT8PEYunJC4cfbU3ck700+ESg3ZFevFkFY4XlyhWeMETYGJwkdVMSnsU21Atd
;MGjnn3xAkJsx2g4hx+mP2hvxwlRexHo1U1KexTbdG09iqORfZNwSXPxagGNBa0uNw2ofD8PEenVTUpp
;FNtQTlLg0OUUn2V/esd2E4oYqz8GDKl8Pw8R6dVNSnsG21AtXu7C4gmYbEdBymwUnxemOVI+qH0/DxH
;p1U1KexT1UC094sz/GZh2SXHAZAu0GaY/aH/AGVNjToa7Ej4UZIQjWE/nwvIYgl1Nd8BaBpkTqVo2DK
;h8Pw8R6dVNZXsU2zNCU+XK5RSebEFy8WoJjim7MlJgxCNQYU6duj0VCGGpNkxe5NDOEJhsf2nHYRODd
;slaNwyofD8PEen6TUp7d7Q+SVT1yv4TkG5/asF1OJgDujxWb80jVmF3gLkhFQt1ryRIT+/8/BSfXUFs
;y2Rn6nbIWjcMqHw/DyHp1U0pFHq/OVlU7s3wEa52T27xdhKZEKk5UlPBEllmfYWKPSsPYL4iQ2Lsyv8
;ihmtEasYFZut2yFo3DKh8PxoR6dUuJRR4sj5KYuLM9BuXa0N3y2sTtBfIWxpPtJfdOUvW1VhKexS4P0
;JR6M32IpJtRXjIbASCE6YuaG6offLD3SUZgb7EFM5QLT3izP4RmGxHQc1qAo0QoTleacYIYGwR6NVNS
;nsUGyJtPZKjkX2SbU9y8WgOhSmkO05p2iNLZnyM1UxKexTbUC0TwaOAffECQ3HBaTiGH6YFUWnNGE1u
;ZYzVTEp7FNtQLRnBo4d98QJEe8B2ArQFvSpHY9oIYGl9hqI/Kw9x21EtPYGjkX2oQiADrgVnjxOmKVJ
;T2wlPf36boRIjFXKyPEFi7tblEZhsRW2uBGfrdshaNwyofCgPEemmODoLe6kkclnkzeIYrmRJcsJaFY
;oCrVo2DKh8Pw8RvZVNV3sU2zRIU/LGzg6EclBx3HE4ghimP0VTzQRPbn+avCIkexXbUC09gaORffERI
;B6udhKbBqcoQ1PMGVF8dLa5LDMeZttRLT2Bo5F98QIgBa4FZ48TpilSU9sJT39+m6ESJhptviJeYuPM
;5QmebyAfrgVn63bIWjcMu3w/D3WMuz4vJGeuIF1S89fODoFnRXquBGfrdshaN0XofCYPEemxJCceeqg
;5QlPe2+gikm1NbstrFIoCoTVZDKl8Pw8R6dVNSnsK21AtWejO9BOCa09w8X0etBWnN0dpxg9ee3iGux
;IiFHi+UCw9gaORffECIB63BWfrEqQqaG3GCFZufYC0PiMVc4Q3X1z4/PwciQIhHq4FZ+uWpxo3Fah8P
;2t9mYosJA99ujxEXPLK/xquZVJ/11oKghjIWzcMqHw/DxHp1VtKexS/PF1i4M3lFJBuSX/dbAmMKaQ/
;QWnEfD4PEenVTUpbVNtHLT2Bx/0NrmNOasdkC4IXuzNZa/cRWnt5hrFNS3sU21AtPXGckVrxAiB6wnU
;4iRe7P2hgyQVafU6IszkvCUu+KF1S8tbjGK51QXfaWhOCG61aNgyofD8PEenVTWJ7FNs0QU3ewfAOlF
;1Mf9dgFbQUrTxYfs0jWndhhqY4OB5LrDFESd7X+BCUAiEergVn63bMGjcQqHw/a32Zii8rCHGEPExE5
;NHOH55wRHvcWgiNELs/QwypfD8PEenVTUp7MNtQLVnt084fkHFFQcJkHo4ElzlYYtwTSn1OjK09JQhh
;qTVySejO9H3wAiAergVnwzbIcTcMqBhTf06LtD4vJHi6KUhP3sbiCZhvQWrHagm0AqE3UlPLE1J/dIe
;mLD4Se7VQLD2Bo5F98QIgHooFZ+sSpCpobskPWlB9iKwoOCRysjxBVO/EzhiJck9t23cCtAKhN1IMqX
;w/DxHp1b11ew3bUC1Z7dPOH5BxRUHCZB6OBJcqWHvNDmBifo2wTUt7FNtQLT1xnJFc8QIgesJ1OIkXu
;z9oYMkFWn1Om7Q9Ix9LvyJCTd7Zzg6BZ0V6rgRn63bIWjcs6HwbDxHpsSE6JHa6I0hi7cLoGINdUn/e
;bAO0GqE8Q1PSI1tmYp20IykeFNpQLT2Bo5FvsQIBHq4FA4cGlzhWf80jU25ojKcSOBpksjRyUejF5SK
;LXVNuy2AD63fIWjcMqHwfTxHK1U1KH3irD09c8sbOEZB7RWzxdguEAZc+RWPYI0VQdYCmOSsVd75QLD
;2Bo5F98QpgHo4FZ+sSpCpobskPWlB9iKwoOCRntz9aYuXR/g2ueH9t3mACj3bJWjcMqHw/L1Hp9k1Ke
;3C3IHJf4ND0Ip1jWXvcWhSHGb8FW2XOCGB1To28Pj4aerg1LTyBo5F98QIoXq4lZ+t2rDZHU8odTGpO
;hbQ0LwlLqDxCSt7P+BuFXVpB3XUCjhLIWzcMqHw/DzGp1WlKexS/PF1i48LiGK5uQWfLdziYA7gqWH7
;cI1p3YYamODgeS685QFiBopF98QIgHoZFZ852yFpTYNgjXW5ijIohKwJxqQ9ZVejA+hOUcVNBzWoKmx
;OmKVZ4wRNRDxDp1U1KexTbUC0ZgaORGZ1yf3zPdgK0GqkjUn73CU9/dJuKPSUSeq8PWlzo184JmG9FH
;q8FZ+t2yFrXM6hzPw8Rjbk9FRl1qDVyUeDa9A+CAiEergVn63boGjcTqHw/a32Zii4iGnm5NV9i6cbw
;CYRyf23aZAmPFLEFQ2XFGT8OEenVTUp7AJtQDT2Bo/URgV1Dds9oBY4ElypFZcYIVmF2tqEoJwtxqTF
;ZSPPGkXzxAiAeroUmq3bZWjcMzBBPUHKGuzklDmaEJ0RZ9cuRfPECIB6uBW+rdsdaNwzMEE9QdZusJC
;QcS685QFiBopF98QIgHrpFZ/h2yFpTYNgjWmt2jIovJg5mhDxIS+TPkXzxAiAergWX1HbrWjcMzBBPU
;HeApyA9Gma+D0xe4sb9GINjVHfBaziRKaw/UW3dEEsPEOnVTUp7FP8QLSaBo5EZnXJ/eMd3CpwXuj9o
;Zs0OVFBrtrEoLBphtyQtPIGjkX3xAtAhrh1n63asNkdTzhVNYmaIpygVCGS+NUli+/z8HIkCIR6uBWf
;rdtwaNxeofD9rfZmKJS8aYIQzWE/ozfYihWdNbst3Bp8Duj83Dah8Pw8R6ZsNSmwU21BJUfH8+BCQZU
;VB2ncGhQWuP0VT3BVSahHoewqrAQB1RW09kqORfZVuUEHHdguKGKwFVn7NHWBieIfVTEp7FNtQLcW+o
;4p98QJEct5aC4oPrShoYc0OWGpOirkiOR5LvTFOWPKjkH3xAiAergVn623IWjdoxAxgYiXZ5RIpFHm2
;MUNZ3sf0EZB7f2rHaALrd/tpBD+bT+wwEcDVTUofeKsPQFTlx/0Yrm5BZ8t3OIoQvD9FU80ET2BinKc
;oFQx1siRySejO9H3wAiAergVn63bIcDcMqBhTf06EvCkuF3GEPExE5NHOH5RkT2zLWgKTBqcpQn7NI0
;hueJ2KOSMWcdtRLT2Bo5F99UIgAK4FZ48auAVaZcwYU2pOhbQ0LwlLuT9fWeTRzhKXZFN72gVm63bIW
;jcMqHw/KRHp1SkmC0u2OUlZ7cbOEZB7RWzxZgiFAqcvRVPNBE9gYpynKBUPfbY1LTyBo5F98QIAXq4o
;Z+t2rDZHU8UVW2t9jIohKwJxqQ9ITvXK/ByFa09w8XEOhhOXOVhh2BlRfHCdvCIkexXbUC09gaORffE
;rIB6uYQubKaUzU2jEGWBjcJCwPxUebKs/Xkjzxs4JmG9FQdp3BoUFoS5eY8Z8Pg8R6dVNSnsU23YtPY
;HH/Q2ub0l6ymkCtBqpI1J+9xpWY32AuyoVHmyrP15I88bOCZhvRR6vBWfrdshaxzOoZz8PEY25PRUWf
;b80QVjez/AElHB/bsFyApkppTVTaah9Pw8R6dVNukQU+FAtPeXP4SKca0R6wmA4hxexP0VT2h1PZnW2
;sT8lC0uhD15N5Mb1ffACIB6uBWfLNsh8NwyoGFN/ToS8KS4XcYQ8TETk0c4PkHJJevFpDo0ClyBoaME
;PS25/irBNS3sU21AtPYHjkV7xAiB6wnU4hh+sPltp9xBednSbij8rC32/D0FU59fOB65xUHvLYWfqds
;haNwyoXH8PNOnVTS4XZIQ9RFnlz/QinWNZe9xaFIcZvwVTfscMYHVOjbw+Php6uDUtPIGjkX3xAiBer
;idn63asNkdTxRVba32MiiErAnGpD15R7tTOGYNtUEHUWhSbE60+Nw2ofD8PEen1DUpeFNtQSVHx/PwU
;lWZMe/FpBpITugVEYMcLYGN4j6ESMCRwsiNZXO/A9H3wAiAergVn6zbIeDcMqBhTf06EvCkuF3GEPEx
;E5NHODp1tV0HCbAGfKbIFRHzNGVsPEOnVTUp7FPsQLRuBo5EZnXJ/c8dhA4cTlzZWdc0OYHxkmaUiOA
;9LvihdUvLW4xiudklzywVm63bIWjcMiDw/KRHp1SkmC0u2OUlZ7cbOEZB7RWzxcBebE7oFR2PBEktQZ
;oi8ORUPfbY1LTyBo5F98QIgHq4UZ+t2rDZHU8UVW2t9jIohKwJxqSMtPIGjkX3xAgBerixn63asNkdT
;xhNNYnCFiiErAnGpD0xb9cbjIpR6UHHdcBWOKb87Xnj3CFZidOnUTUp7FNtQLT2BiZF98WZMbvFrCJk
;bqTZoYMkFWn1Oi7ArJQlxhDVVTe7Q5A+UXVd/x3E4nx+lPzcNqHw/DxHp1Q1KZRTbUElR8fz/EoNvQX
;LxaQaSE7oFVWPaGFp9ToazKzkeYNtRLT2Bo5F98QIgOK4FZ48auAVZY9oRXmNOhbQ0LwlLuD9DSe7W4
;yKUelBx3XAVjim8M1ppqH0/DxHp1U1aOxT2UC095c/hIp9tUnPPaTiHF7E/RVPND0tmfIihJCUVS685
;QFjewP4QgWdObc9xDoQYyFs3DKh8Pw8R6dVrSnsUvzxdYu/M4xCQbn9yz3wCmSmuM1tgwRJYUHSRpSI
;5Dma+D1lU7MaRfPECIB6uBXerdtNaNwzMEE9Qf4anICsXS7cxVFjz/OEShmdSQcNqA452yVo3DKh8P/
;8u6fZNSntwtyByU+7R/BydXUx/12AVtASpKl5o9xhNYGG2rxI5C3G+NC08gaORffECCF6uI2frdqw2R
;1PGE01icIWKISsCcakPX1zxyvUinWtGavF/OI8fuy5WYssZPw4R6dVNSnsUm1AOPYGj9RGBXU5x3GgG
;hymkO05p2iNNbmGAsRImEnKvD1di8tP0GJUCIR6uBWfrduAaNymofD9rfZmKIyUJebo8clHg2vQPrnF
;McdlaA5kZuAVNU8wVTHtwh7YoSnoU21AtPYFTrn3TAiAeymkXtBinKFptxCNTbmiMpxI5F3usD0lP7t
;POB65xUHvLYWfqdshaNwyoVH8PNOnVTS4XZIQ+Qk/swv0inWNZe9xaFIcZvwVbZc4IYHVOjbw+Php6u
;DUtPIGjkX3xAtAhridn63asNkdTxhNNYnCFiiErAnGpD15R7tTOEZhkVEHUWhSbE60+Nw2ofD8PEenB
;DUpdFNtQSVHx/P8Sg29BcvFpBpITugVEedgMUH1ltrA1OhRnriJIYvXK/BjxAyAergVn62yIWhEMqHx
;bY2G2uyI4FnW3D0Fc+MbjIoRyUHvcWheEH6YuaHvJFUtQZYC4KEp6FNtQLT2Bo5F97wIgHsppF7QErT
;dYes0jXXpzi7koFQx1siREU+b85RScZyAfnTZU2EX7iQgMpXw/D3WFpRI5GHW3OUNa3tuRfPECIB6uB
;T6rdsVaNwzMEE9QYoq0ISMVc4QpLTyBo5F98QJ5Xq4WZ+t2rDZHU9sQVmx0tqEiJh5muj5OWIGikX3x
;AiAergVn2XbIWlNg2CNMemOPtC4vJGeyNEhi9cbpCYRwRUHKbBSKFKQ/aGPGI1B5dJu9LCQcS7o+SlH
;ko5B98QIgHi5EJ+tVyFo3aMQMYHxkm7MsKR5LqDlJWN7X9AWFd1J78XcCmBmkL0NlxxI/DotwTNTT4q
;3kUA89gaP1EYFdU2vcYwaIE5cpXmjNI0tqaZ2gPy8kbKIPQlvn0PQJ8QMgHq4FZ+uW91ogDKh8W2Nht
;qEoJwtxqTFZSPPGzh6ZY018y3dn6nbIWjcMKD1/DwHp1U0uF2SEJ0xO6cr/Gq5vT3rLBWbrdshaNwxY
;Qz8AEenVKDIPZq40SE/ewvwShGxUHq8FZ+t2yFrHM6hrPw8RjK05OA5wviJyWPnA+RyfZUVB2mwKjkf
;IWzcMqHw/DxHp1VpKexS+KFlP9Mf0D65nWH3GZAmME5cuXmHNTj8OEenVTUp7FNtQPz2Bo/QFhXBVes
;t3OIQQrilSePcEDg8Q6dVNSnsU4hAtL4GjkRiJdlJrymAVtBmuPERp3CNHPRHo1U1KexTbUC09k6ORf
;ZR6VGzbYQKZKac8UX/NCGB3IunUTUp7FNtQLT2BsZF98WdYatxwA44ElzVRatsZS1Bo2NVMSnsU21At
;PYGjg33xAkVm2ncSjxO6BVhqzg9ae06Q501LexTbUC09gaORb/ECIHvWcRWeEq0oaGPOGkxqZbasfkp
;6FNtQLT2Bo5F9wgIgHst9E5kDrD9FU9sLVntygYouJRR4sj5KYunG8AmEcn9/ynMGhRWtBUNpxQxafX
;CdoD8vShTaUC09gaORFLECEx6uBQKTArovU2naI0x4eJ22JRUYe7Q8RFPm/PkYkHZVbvFkA50XpjlSU
;9wZUn90m7Q5Pwlx6VAsPYGjkX3xa2AehQVn6xOwLkV5zBlNUGKevDkpE0u4P0JR6M32IplnQWrbdTiK
;Er47WW/NI0tmfIzVTEp7FNtQLXnBo4998QJFZtp3Eo8TugVEe8EIXGdOiroiJhJ6vA9dXPPIzgXxAyA
;ergVn60iIWikMqHxad2WboCkvCUuoJ0RJ4svOHp5tTHfAYjibF7oxaHWofT8PEenV7RQ7FP9QLT3k2+
;UPhGZFbPF2EIICqzJob8cTU2Z/joo5LxZkviJMSfTR9EzxAyAergVnaxCIWhMMqHxad2WboCkvCUuoJ
;0RJ4svOHp5tTHfAYjifE6UqUn7JCEp9dNvVTEp7FNtQrVvBo4h98QJSe91xBpkClz9PeNodYGtkiLkS
;KxZ7rj5ZPYCjkX3xAiAergVC63bIP0942glbamO2pjojD3ezD19Y8tfwD4VdRWbadwa0F6U1QmLcTj8
;OEenVTUp7FNtQPz2Bo+MYgnZBbNpaA54XpAVEfM0ZWw8Q6dVNSnsU7xAtI4GjkRiJdlJrymAVtAW/M0
;NvwCNNamKdtD8+JGerNUhZs6OQffECIB6uMSfrYMhaN37NCE1ucp28IiQkcK4xQWLgzv4In3YgH64FZ
;+t2yH53DIp8Pw90kaE/Px9xqQ9eSujX8hWucEVq3GQEnx+nNGhtxRNKYWXb1UxKexTbUC0ZwaOEffEC
;UnvadwaIAqE1WVPMCV5jTpqlKC8fFNpQLT2Bo5FJsQIBHq4FApMCui9TadojTHh4nbYlFQlxryJMXvX
;K/hOucVB7y2FV63fIWjcMqHwLTxH61U1KHmyvIlhZ5NHOCphyRUHabAqOR8hbNwyofD8PEenVXkp7FL
;4oWU/0x/QPrnVJbstaE4IbrWg3Dah8Pw8R6dVNSnQU21BIRfXR5A6YbU5B2WwDnx7IW62VMeWmlsjW1
;VxKexS+KFlP9ND4Ep9dV3fKcQ+0RMhbrZUx5aaWyNbVXkp7FL0xQ2Ljz/gNrnJBa91gOIYFrTk3Dah8
;Pw8RqaoNSmkU21BLXO/88xGYcn9qxncCmB6nNlMMqXw/DxHp1XMKex3bUC1b4M3ODoFnRXquBGfrdsh
;aN1XofDIPEemzLCQkZ6s1SFnezvAF8QMgHq4FZ+syiFomDKh8WWZ9iLgoJA9LvzlMUOTX9A/xAyAerg
;Vn64r3WiUMqHxZZn2IuCgkD0u/OUxQ5Nf0D8MCIR6uBWfrdjRlNx6ofD9peIW0IC8VYIQ0RFzsxuUYg
;zEgH64FZ+t2yFo3DLp8Pw93gLksJx56rw9JVODO9AmUcBQerwVn63bIWjcMqHE/DxGPvCErFnG1JHJb
;7czmffACIB6uBWeyNshUNwyoGlZjcISwIz4kcrc/WgyBopF98QIg3vlFZ+V2yFpRZcQdUmp/nYorJhR
;j6VAsPYGjkX1xVGAeowVn6xChNlZhzRJLUGWQpShKehTbUC09gaPRff8CIB7IbAuKG600Q1PcBU9qI+
;nUTUp7FNtQLX2Bg5F98WRJctpgFbQZvS5of8UdU2NOmbQ/PiRnsipIYvPC5RSeAiEergVn63aRGjcpq
;Hw/aXibpjkVF3WiNV9i5cr8GJ9xSXHAWh+SKas1WnzNEkxuZYC6I0p6FNtQLT2Bo5F92wIgHshsFZgC
;lzZWdc0OYGt4hLAjORJ7tQ9VRN7A/hCBZ05tz3EOhBiXMlhgzXw+DxHp1U1KexTbcS09gcX4D4J2f3L
;PfAKZKa0iQ37dD1Zgf7aiJC4PfIQiTEnozJF88QIgHq4FPqt20Fo3DM4VTXxlhbQ0LwlLvTlBXOzG/w
;muZExx2QVm63bIWjcM8Tw/HxHp1S8lD2C0PXJJ6cryFp9nU22uBGfrdshaN9yXfC0PEemzJDgIYIQ8T
;ETk0c4OmWdMct0FZut2yFo3DLw8PyER6dUrIwlnrw9BXPjG4yKCbUx3yloOhRChNltTzQRLfWSavCIk
;JGOyNFlV3tHwCZhtIB+uBWfrdsgDdwyJfD8Pd4CnPj4keLopSE/e0P4RmGZ/d8BjDocalzxbY98OXnt
;06dRNSnsU21B0fYG9kX3xZEls3XE4hxexP0VT2xNTZnW2vCMsEni3D15N5Mb1ffACIB6uBWevNshINw
;yoHlB7ZYa4EiYabb4ick7xxvQZ8QMgHq4FZ+syiFokDKh8WG5htrMkJhdLtjlDYu3G/xqFaiAfrgVn6
;3bIWjcMhHw/D3aIpRIsEni3D15U78T9GK5nWGrccBSCGaYFVGPFDFphYoihJCUVS6kxWVTuo5B98QIg
;Hi5VJ+tVyFo3a8kMYGl4hbkSORJ6vDxIYuTb5Q+EcUlxwFoVigKhNWhhyQQ/DhHp1U1Ke32bUA49gaP
;2HIFdRnfCaTiYH6Y9W2n3GUd7Y5ymJCUVS6kxWVTu/PwUnwIhHq4FZ+v2iBo3E6h8P2hwmYorIxd4hC
;NEU+bP9CKUelRs23YOhBiXKUdpzRg/DhHp1U1Key2bUCM9gaP2HIFdRnfCaTiYBq0/UwypfD8PEenVA
;wp7BNtQLVrizPUYrnZZbstaDoUSrSI3Dah8Pw8R6dVNSnQU21BKUe7B8BGubUZ43WATtA7IWzcMqHw/
;DxHp1UJKexS8PEJf4M/OEpdkU3vaWh7rd8haNwyofD8PEebVTUoceLQyTFHezPcbgmdUQdQFZut2yFo
;3DKh8PxoR6dUlLxpgsj5KYuLM9BuXa0N3y2sTtBfIW81ywsBLnHlW1VhKexSzNUxJ6M32IpJtRXjIbA
;SCE6YuaG6ofT8PEenVTUo7FM5QLT3pxvAJmGxHQc1qAo0QoTleacYIYGwR6NVNSnsU2x5tPZ2jkX2ZZ
;0Fqx2sAtAKhN1JTzQ9LZnyIoSQlFUuvKV1YgaKRffECIB6uBWf+dshaX2nJCEp/To62Ii4eS6g1XEjk
;zfIY8QMgHq4FZ+t2yFoXDKh8VmF3gLkhFRpwuiBZVPfGzhSfZElywloVigKhNWhhyQQ/DhHp1U1Keyq
;bUA09gaP4E5drTHLxZAOKBrwzQWn3FVFpeIW5EjgaYLI/clDozZF88QIgHq4Fc6t211o3DMESWWZ9hY
;osLhpkrzlbWN7K/xOUcH971nUGhQWhNVkMqeamlohwTKR1ewLbUC1U78X4EZ1dQXrPdROCAK0FW23RG
;U18EejVTUp7FNtEbT2bo5F9mGxGd8JpOIoSqSpDZd4ZYH10jaAuPhJ7tSMtPIGjkX3xAiBerhxn63ah
;NFFlxBBgbnWIpTkjDXGEJ0RZ9cvOEJhsIB+uBWfrdshSdwyzfD8PeIezJCYXS7o+TlXu0c4RlGxHasZ
;aAYoVvDVFDKl8Pw8R6dVNSnsb21AtVO/F+BGdXUFsy2Q4hh+mWjYMqHw/DxHp1U1WexTbOUNb6M/9Io
;JyQWzdYDiIGaU4XmLNI1NuaIynPkp6FNtQLT2BU6597QIgHsdrAYIapAVSdNwOSnx4hrsSPRJwrzhyT
;+DX+BLxAyAergVnayCIWiMMqHxWYXeAuSEVHX23MUBY79fOG51tVx6vBWfrdsjaYUyocz8PEYC7KyMX
;eIQ/S1vyxuUiiQIhHq4FZ+t2yFo3A6h8P2Z/j7whJiR7vTZeWPX86H3wAiAergVn63bIVjcMqBpWY32
;2ujsvCXi6IC08gaORffECMF6uCWfrdq4zW2D3GFphYoChNEp6FNtQLT2Bh9F9/AIgHsdrAYIapAVEZM
;0QU3wR6NVNSnsU21AtPY2jkX2YbEZ3wmk4mAatP1MMqXw/DxHp1QMKewTbUC1U78X4EZ1dV3fKcQ+0G
;6E0Nw0y5aaWiHB8ckpfFNtQRFPvxuMik3BJeslsCYwprSJDft0PVmB/tqIkLg98hCJMSejMkXzxAiAe
;rgU+q3bfWjcMwRJRamO2tz8jH3OyPkpi58/+CoNjVHuuBGfrdshaN1XofCsPEem8IyQeZoQyX1TlxPg
;Tll1TbstgA+t3yFo3DKh8cU8RyNVNShJ6qDVZYujN/xiDXUVm2ncSmB+nNGh7wRhLZ06btDkjFBTaUC
;09gaORJLECNB6uBQ6FBa0uaGXGElp9To+5Ij0Jda81LTyBo5F98YJ2Xq4JZ+t2oTREadwEYHxhjLApS
;noU21AtPYHn0X3QAiAex2sUjgKXNUJ4zQ5gammdpzg5Enu1D1pU5df5IoNjVHfBBWbrdshaNwzxPD8b
;EenVJCQIca8PQkj1xuMil25PadxkE452yVo3DKh8P1ZR6dlNSnt9tSNISbH84g2UZ0QerwVn63bI2nZ
;MqGI/DxGAuzkvCXi0M0ZU78TOH553TnrPdx60EqEpQ23GH1oPEOnVTUp7FNsQLSqBo5EUn3ZFbMJqBI
;Afpj1ob80QU1Bwh7IhL3sV21AtPYEjpz3xGiAermwJnxO6NlhvwxVRaE6KsCEmJHi6KUhP8qOQffECI
;B6uBSfrYchaN2XGCFp9fYa2JiMVc4QzSFHt/OYUlXZIHq+f/nLvUcPeM6huPw8RgLs5Lwl4tDNGVO/E
;zhmUclR2rgRn63bIWjcM6HwyDxHpvD8lFX21N3Jc78T9GPEDIB6uBWdrIIhaJwyofFZ9foe8Iy0kcrc
;/Wk/g1/R98AIgHq4FZ/82yFc3DKgVTWB/gLsqFRJ6qDVZPYA5CORom7nXkQVy63bIM0VjxhVRaE6FvC
;MvJHCyI1lc78D0ffACIB6uBWfrdshXNwyoFU1gf4C7KhUIZL41ST2Ao5F98QIgOu4FbOt2yDBSfsMjX
;WBlnbogSnoU21AtPYG30X3iAiAexGAVgCmqNUN4xxFgfGSbsywpHhTaUC09gaORabECMB6uBQ2OBKMF
;UWXaD0tQfYisKDh7FdtQLT2Bo4U98QkgHq5vApkdlzNZasEQUw8Q6dVNSnsUzxAtLYGjkReUcEtBx2s
;UjgKXM1lizQ4/DhHp1U1KewCbUD09gaP7GINpf3fAdgKfKacvQ2nafD4PEenVTUpvVNtaLT2ByfQPml
;1QbMdrE+t3yFo3DKh8K08R5dVNShFxqTtyTvTT4RKDdiAfrgVn63bITncMoHw/D3uMpyYVD3urUCw9g
;aORffEWYB6+BWfrHK0oXFPcE09QYpynKysYcdtRLT2Bo5F95UIgFa4FZ4ETujFoeNodSWp96dRNSnsU
;21A5fYGokX3xclJ3wHE4mAatP1MMqXw/DxHp1QkKexjbUC1R4Nr0D65qRXfJbRPrd8haNwyofO8wEc/
;VTUoXdaI1X2LpxvgamXZ/f8pkF58fvj9oYckEYGd0gLIlPiRmuiREUoGikX3xAiAe4EVnzXbIWltt0R
;lNUHmMvCoiD0u6NExN9crnGK5vSXDxbQKCEaAuaH7JCFZgEejVTUp7FNtpbT2io5F9nWNZe9xaD44fr
;zJDU8kYXn9lgKMoFQh1tiBBVO/Ezg6FZ1Aer35zRTEpILMzqFc/DxGFtDQvCUuzNURa6dfOHJVjUGrH
;cwK0Bbw/R2PeGU1Qc4ahOSUWS6kxWVTuo5B98QIgHq5MJ+teyFo3YMkFWn1OgbAkLRNghDFJXPHX+Au
;UXVNqy3UInRO6BUNj2CNNbmWAuk1LexTbUC09yOORavECIHLPfAKZKaU/RWvNI1xjfpqwEiwad74jLT
;wbOgjkaJuZIa4dZ+t2pDtOadojTGp2hLAjPiR4vj5KSen8/BSfAiGEN5z+cu9xZTcHqHw/eHCFuRI5E
;3G3PF49gKORffECIA7uBXPrdsg2VnXNDmB8eYy5ITkke601X1Hg05F88QIgHq4FLqt25Vo3DMQdRmpj
;tqY5KwlghCBCVO/Xzg6SY1J48W8Ighi8BVZizxBaUGWBpyg5E3u3NC08gaORffFiQ16uIWfrdqQ7Tmn
;aI0x7cJuhEjoUfbUkck7iwuMbrmhPd8BxOIcTpj1DZKh9Pw8R6dVNfjsU8lAtPe3C6BiDXVNqz3cTtA
;anM1l49w9cbmOPiiclEnqvD15N5Mb1IoNjVHfBBWbrdshaNwzxPD8/EenVISsCcakPXkng0eUigW1Jc
;NpaFIgXujxoZscVUXtOmqEsOA9LszVEWunXzg+QdklxrgRn63bIWjcMqHwcDxHpuSwzHmaEI1lc89fO
;DZ5rTmrxdgSKBK4FXWPBEktQYp2wPTl7FdtQLT2Bo7U98RcgHq5pBpITugVEeMkOS39+gLs5FQ9tqzU
;tPIGjkX3xAiherhZn63auM09pzCNTbmiMpxI5D3WpJHJFgaKRffECIB6uBWf4dshaUWXQGVtQfYisKD
;gkZ68xX0ne2pF88QIgHq4FZ+t211o3DMUdS1ByhrsreyRysjxMUOTN5SKSbU1uy2sUigKhNVkMqXw/D
;xHp1RQKew7bUC1Q4NfOHp5sRi/xYw6HF6U/WXj3GFphYoChNEp6FNtQLT3hMNF96gIgHsNkE7QVpzRR
;PfcaVmNwhLAjPiRwsjFAWPXG433wAiAergVnF0nIQTcMqBFee06KuiMsSku9OUFc7Mb/Ca5yUnfNYDi
;IGMhbNwyofD/veanVVkp7FLYxWWLizP8bwF1Gd8JkCo4YvAVHfsEfWlB7mdVMSnsU21CljsGjjX3xAk
;1/2loEhBiua2hqwRBeYnSHoRI6CX24NXJW7tGRfPECIB6uRbirdtNaNwzFHUtQcoa7K3skcrI8TFDkz
;eUigXBJfctaEph2yVo3DAgMwjdR6flNSnt5uiRyXu7N90yuZElyz2gChQKXKVJ43BVRaGK2syQmGnm+
;Plli5cb/Dph2WR6vBWfrdsg6pEyoUT8PEYS0ORUYe7U2HGLnyv0cnGdOavF2Ap8CoTRQf/caVmNwhLA
;jPiRwsjFAWPXG433wAiAergVnF0nIdzcMqBFee06KuiMsSku9OUFc7Mb/Ca5xRWrabAmMBZc8XmDJEV
;phZbazISUMZrokSD2Ao5F98QIgR+4FTet2yDdWePcfUGF32IorIxd1tjVDSd7Q9AmFa0553VoBghqpN
;1Ji3CNPfXiKsE1LexTb8F3AueORU/ECIHPPcTiIGaY8BlPOFVNufIy7ORUIca8kRFPm0M4bmG5Bc8tr
;E7QArSheatEjVmsR6NVNSnuUS5NtPZ2jkX2cY1RBzWoJjUeXPF5gyRFaYWW2oyg4EnKiD0RZgaKRffE
;CoI5tRWf0dshaWm3cI1xgf4/nEiwSeLo9SFP1/PISnHJFcN1kE4IZplo2DKh8Pw8RsJVNUHsU2z1MSd
;7A/hOXMH94x2kGhhOmLmhozRJMZmWQ1UxKexTbUE2uwaOKffECTX/aWgSEGK5oaGrBEF5idIehEi4Sd
;bY1WVjzo5B98QIgHq75WOttyFo3YckIYGx+h7N/FR19tzFAWO/Xzg2Da0N78WYJ63fIWjcMqJxXTxHy
;1U1KFnWvD05S78WjIpdrTH/DYAmfKbgoXm/NI1V/EejVTUp7FFPjbT2do5F9nGNUQc1qCY1ElzxeYMk
;RWmFltqU/IxhxhDtCT4GikX3xAiBecUVn8HbIWlpt3CNcYH+P5xIsEni6PUhT9fzhD5hhRUHbdmfqds
;hal3xVRH8PPenVTScaYIQzQlPnkc4bmG5Bc8trE7QFrS5DZcYbTFB3gLksJx56rw9JWO/Q+AmIAiEer
;gVn6xZbGjchqHw/YnCdii4lFXLpD0tU7cL8GJ92f23LcROCGK8paGrBEF5idIehEi4SdbY1WVjzo5B9
;8QIgHq75WOtbyFo3YckIYGx+h7N/FR19tzFAWO/Xzg6UdlR3wGIUtBChNlZhzRJLUHeFujo4GmC+UCw
;9gaORffFbYB6EBWfrG6kuaG/HElk9To+8ISsWcbUkck7k1+UUn2VTQchsC4obrTRDU9gOVmx06dRNSn
;u0q60VfYGNkX3xb0Fq8WYIhRD6BVFlxB1San+dij4vD2CyPkpO3sX4EZBvRXDaWhGOBKE8TlPBGD8OE
;enVTcrr15tQMT2Bo/wchV1DccBjVbQQoTZWYc0SS1BnjKckLAJLsjQtPIGjkX1xkuNerhJn63alO0Np
;2hVeY06atiwmHku9MU5J7tHOBfEDIB6uBWfrL4haIAyofFJuZYynJCsXS6gzTFHk/PccknZPbPF8Z+p
;2yFo3DKglfw8G6dVNJxpgviJEXO384h6QbkVByGQEnxm6BU0MqXw/DxHp1RQKewHbUC1Q4NvOC55uVX
;PLcRWCFZcpR2nNGA4PEOnVTUp7FNtQLSiBo5EQkHp/aMFpEoYTvCheb/cPT2p0jedNS3sU21AtPYGjk
;WDxAiBzwWEChym4KFJvwQ9aUGu2vSgjHHyvD0Fc+MbjDvEDIB6uBWfrYohaPAyofFFga5O5KBUIfaE1
;LTyBo5HdaJv5Ia4LZ+t2vztbYPcIV2ZygrsoOQgU2sq0pBg6CJTOAjIergUUnga4NUV49wZga3iaoSw
;kGHHbUR4OspCiTjI9IAuuBWeEAK0oX23GG2B8eYy5ITkkdbU3QViBopF98QIgHpBFZ/J2yFpYes0OV2
;5/joo+Ih54tyNyW+DNzg6BZ0V6rgRn63bIWjdV6HwnDxHpujsvCXy6Pkpi8sv0EZ1xf3jCahCZF7w/N
;w2ofD8PEemMDUpuFNtQQkvk0fkcn2V/bcZgC4cFlylHac0YPw4R6dVNSntdm1A8PYGj4Q+UcVNr3GA4
;ihK+O1lvzU0/DhHp1U1KexTbUDw9gaPhD5RxU2vcYDiKEr47WW/NTj8OEenVTUp7FNtQNT2Bo+EPlHF
;Ta9xgOIoSvjtZb80jVmF3gLkhe3sV21AtPYGjkX3xGiAernUVjgW7L0Vp9x1beXCHtigVEnq9OUFRs6
;OQffECIB6uBWfra8haN3zaGUx8ZJuwEisfYro+Tljeyv8OlHZ/d8BrAplHyFs3DKh8Pw8R6dVQSnsUq
;yJITvLW4xiuY0Roz2sEjimhNERp3CNWYX+Mp39KehTbUC09gaORfewCIB7edwKYBb0oUlPJGEluf4qw
;EiMVZ74kclL01/QPwAIhHq4FZ+t2yFo3Eah8P39jjKY+PwlxhDFJS+DN8hiua05ty3E4hAO8P0U+qH0
;/DxHp1U1KexTGUC098dH0DoJ3UnvxZAOdF6Y5UlPcE09QYpynKysYcepQLD2Bo5F98QIgHrMFZ+sGuj
;9Ef90OWlBwjaMsJBhxhCRCTd7Q5A+XY0N7nAVm63bIWjcMqHw/IxHp1T04EnqvNV9i4sz/G65nWGrcc
;AOOBPkFVGDNHU1uf4qwEigad7APQlvn0PQJ8QMgHq4FZ+t2yFoeDKh8T314h6EoOCR3tD5LYuTb5Q+E
;ZkVsn1oEhxOpKFZiyxlgammdpzguHmbbUS09gaORffECIDOuBWebBKE0Q2naI1xgf4+KKDIPZq40SE+
;w/PIRlGNSf8BmArQQujVZePcTWWlijKFNS3sU21AtPYGjkVHxAiBu3GwJnxO6BVRjxhpgammdpzguHm
;bqD05R5MLjHJ9hRUHCYAGfKac8UX/NCD8OEenVTUp7FNtQAD2Bo+EPmGxUe9xaBIQYrgVSdNwOSmt0m
;+QSKRdxuiJMU+LGzg+YZUhq8WoBjQWtLjcNqHw/DxHp1U1KSxTbUF1P6M3lGINdQ3HAYziODrwoQmjN
;Dg5QcpymOSUWS6siRFP1wvMRlF1Se8lsCIUpsFo2DKh8Pw8R6dVNfnsU2yBfVO/X9A+uYU9wyFoCkwK
;6L1Np2k1gbGSaoSInJGSpOUNJ4MH9GK5wRXnHagm0DrszTWmofT8PEenVzSE7FOtQLT3x0fgThWdSQc
;1qCY0prSJDft0YWn0gtrY4OQ97tg9dT+jN5RyTbkVB3GAAghmmBU4MqXw/DxHp1U1KeyDbUC1N88r/C
;ZRwf33BawG0E7AuRXnMGU0+ToqgPj4UeYQgX1Tv1/AfnWd/bMtiDoQYlyNEZdIZPw4R6dVNSvt/m1AB
;PYGj4Q+YbFR73FoEhBiuBVJ03A5Ka3Sb5xIpF3G6IkxT4sbOH5BhS0HBYwGYE7xaNgyofD8PEenVTWN
;7FNsgX1Tv1/QPrmFPcMhaApMCui9TadpOYGx9jLQ/KxV3vg9IRfXR5BmUcCAfrgVn63bIqggMhXw/D2
;GbvCM+HmaEM0JT5/z0BYVwVXrLd1W0FaQ/Vn7JElxqTo+nIiQPS7Q2S07k15F88QIgHq4FZ+t25Fo3D
;NgOVmFljKcSKRR6vQ9IRfXR5BmUcBJBzWkCigSpNFRp9xBaaWW2uissCHGvUCw9gaORffECIB6DBWfr
;BrozWXjNDmBsfoezEi8DYKklSVjzkc4enWdBbM9rBI4pujNQZNwjUGl3mrA5SnoU21AtPYGjkX3BAiA
;e3ncOhQKtKGhvxxJZUHSRoT8/H3GpYnJe9NDlEpxdUGzHaxOKFKQ/aH7NG1Zgf7atTUt7FNtQLT2Bo5
;FJ8QIgbtxsCZ8TugVUY8YaYGppnac4Lh5m6Q9OSPLX/hCuclJ3wHEGiRqtBUVpzxVQYU6RpiQwHhTaU
;C09gaORffECEB6uBReZH6YuUn73H1Bhd7awNT4JYb81Xw/ewOQOhW1NQd53DoUCqThbafcOWmh4hrsS
;M3sV21AtPYGjkX3xNiAernUVghi8P0VTyxNRaU6MrTk4DnC+Ih9i4tbiCZ5vf27cbAmfF6o2UlPaGVh
;mfoeKNDkSbr5QLD2Bo5F98QIgHrQFZ+sGujNZeM0OYGx+h7MSLRp6ryJUYunG+BqZdiAfrgVn63bIWj
;cMtXw/D2GbvCM+HmaEM0JT5/z8HJJqSXDLWgWKA6woVnjNfD4PEenVTWp3VdtOLT2B0+MUn3ZFbPFmC
;IUQlzdWb8AVUWpOi7ApFQh8uiBIPYCjkX3xAiAergVG63bIKkVlxghafU6KuiMsJHm6M0VU78bOH5Rm
;f2rLaBe0G6kiNw2ofD8PEWmODUpdFNtQXU/ozeUYg11DccBjOIYXqzJeYs0jXWp9nYoqKxVgqSlyXO/
;E/RjxAyAergVnazCIWhQMqHxPfXiHoSg4JHe0Pkti7MLyFZhsRUHNagqbE6YpVnjBE1FQaenUTUp7FN
;tQdH2BgJF98XJSd8BxApkpqzVZavcRXmx5gLsoFRh7tiBIU/LC5RSebH9nrgRn63bIWjdV6HwQDxHpp
;T8jFWC+InJe7s33IpxjQ3bHawK0EqkuVlPOFVNqTp29OCcZero5QWLpxvgamXYgH64FZ+t2yN53DIZ8
;Pw9hm7wjPh5mhDNCU+f8/BySaklwy1oDigKpBVFlxBlge3mcuC8kGn23D1pU5df5ffACIB6uBWdvNsh
;ANwyoDE1mf52wPxUYe7U2clDgwPkUn2d/esdoOJN2yVo3DKh8f2BR6c9NSntkqTlDSeTRzh6ebEZBw2
;QEgx+mP2howRFgdhHo1U1KexSbP209m6ORfYFwSXDaYBW0Fac0UVPFHVxneIewEi4SeYQqLTyBo5F98
;UJPXq4sZ+t2uCheYtwZTVByhrsrFRZ1uDhEU+T89RSCdkFwzWA4jQSnN2huxw5bamPp1E1KexTbUCl9
;gYKRffFyUnfAcQKZKas1WWr3EV5seYC7KBUebK8iWFnk0c4ThG8gH64FZ+t2yKoIDI98Pw9hm7wjPh5
;mhDNCU+f8/BySaklwy1oCkwK6L1Np2iNQaXeasDkVAybbUS09gaORfchCIDmuBWebBKE0Q2naI1xgf4
;+KICsYfLI+SGLk2+UPhGZFbPFqAY0FrS5odZp8Pg8R6dVNSnsU208tPYHT4xSfdkVs8WYIhRCXN1Zvw
;BVRak6PvCErFnG1JHIMgaKRffECIB6uRWf0dshaR37BEktqY7a2IiQdS7YxTlXozfQil2tMf8NgCZ8p
;+lo2DKh8Pw8R6ZVNensU2yBfVO/X9A+uYU9wyFoKihWgM1lp9xpWfXyetD8vJHW4M0hR5NHwCZhtTkH
;LWgqKDshbNwyofD+H0qnVfkp7FKsiRFP1xuMikm1OePFoBogeoTRSU84VTWJmiKcoFRp3uDVBWPPC5R
;SebH9u3GwJnx+mPTcNqHw/DxGpWg1KSRTbUF1P6M3lGINdQ3HAYziGF6syXmLNI1lmY4SiLDgeS7ozT
;ljtxuMchWtPcPF3Ap8EqTlDDKl8Pw8R6aXqCnsl21AtTfPK/wmUcH99wWsBtBupOV9lxhlgaXibuDor
;CXGEMU5e5M/0D5B2SXHAWhOZF74/WwypfD8PEemVwgp7JNtQLU3zyv8JlHB/fcFrAbQbqTlfZcYZYGl
;4m7g6KwlxhDFOXuTP9A+QdklxwFoftBupIjcNqHw/DxF9FA1KSxTbUF1P6M3lGINdQ3HAYziGF6syXm
;LNI1lmY4SiLDgeS7ozTljtxuMchWtPcPF8OIYXsFo2DKh8Pw+FKJVNensU2yBfVO/X9A+uYU9wyFoKi
;hWgM1lp9xpWfXyetD8vJHW4M0hR5NHwCZhtTkHUWgqKDshbNwyofD8PSKnVYUp7FKsiRFP1xuMikm1O
;ePFoBogeoTRSU84VTWJmiKcoFR1xvjRfXPXGzhiub0FmrgRn63bIWjc16HwTDxHppT8jFWC+InJe7s3
;3IpxjQ3bHawK0EKEoWnvJDlpQd4ywKTgaYL4PVWLswul98AIgHq4Fp5k2yHY3DKgMTWZ/nbA/FRh7tT
;ZyUODA+RSfZ394x3cKnBe6P2hqzRlbfXCdsBIzJHm6KC08gaORffHCUl6uKWfrdrgoXmLcGU1Qcoa7K
;xUWdbg4RFPk/PcUg29Xf9xgOI0TrT5FbdwZYHVOhLQ1SnoU21AtPYG30X3VAiAe3ncOhQKtKGhvxxJZ
;UHyItiUjFXGENkRP7NTwD5RdSnvcbjiOdslaNwyofD8bUenxTUp7ZKk5Q0nk0c4enmxGQcNkBIMfpj9
;oasEOUnhwm7ASIB5msA9VPYCjkX3xAiA27gVD63bIKkVlxghafU6KuiMsJHm6M0VU78bOG5hwTWnPdw
;K0HK0oXFPRfD4PEenVTUpTVNt0LT2B0+MUn3ZFbPFmCIUQlzdWb8AVUWpOj7w/Jwx1qTVyV+TR+iKLA
;iGEN5z+cu8RZTctqHw/f2OAuzkvCUu4P0Nb3s7wHplrTnvxYgSEEq0FVm/cFVBhEejVTUp7FNtQLT2q
;o5F9gXBJcNpgFbQVpzRRU8UdXGd4h7ASLRh7vzVySenW/B+fY0ly8W0CghGgLjcNqHw/DxHpvA1KURT
;bUF1P6M3lGINdQ3HAYziGF6syXmLNI1hsfo2wEj4TYbYyQ1zoz84KmGZUdq4EZ+t2yFo3Zeh8Ew8R6a
;U/IxVgviJyXu7N9yKcY0N2x2sCtBqpKUNT3QxTYHCNij4vCWK+InJJ+NP0ffACIB6uBWfrdsh+NwyoD
;E1mf52wPxUYe7U2clDgwPkUn2d/cMF/HYcTlz5ebcUZS2pj6dRNSnu0Qsn0AoGFkX3xclJ3wHECmSmr
;NVlq9xFebHmAuygVFXuhKkFY3sf4HJxnVHvcWlXrd8haN6wx5eYwEc/VTUoLZrI+WVjz/PISn2R/c89
;mD4IYrQVZY9IGU2pOnbAgOiR5uihyDIGikX3xAiB+3UVnzXbIWkd+wRJLamO2tiIkHUu2MU5V6M30Ip
;9tWmTCYDifE6UqaGHJBGA9EejVTUp7FLsjbT2eo5F9gXBJcNpgFbQVpzRRU8UdXGd4h7ASOgl9tSRyU
;O7H9H3wAiAergVn63bIdDcMqAxNZn+dsD8VGHu1NnJQ4MD5FJ9nf27cagqbApcvRGn3Dl5pZbahJTge
;Z7M/QVmBopF98QIg3sxFZ/F2yFpHfsESS2pjtrYiJB1LtjFOVejN9CKCdkVuywVm63bIWjcMqHw/IBH
;p1T04EnqvNV9i4sz/G65vQX3GbAmOKb4zRXjdHVNQdJGhPz8fcakPQlvn0PQJrnoSHq8FZ+t2yFoOTK
;hTPw8RmackJA9xqQ9OUu/FzhCQYUh3wGA4nR+6LkJtxCNad2WboCkvCUu0NktO5NfOBMMCIR6uBWfrd
;shaNweofD99cI+hEisSZrwxXT2AkKJOwjET3ZEFdOt2yChWatwjXW5ijIohIxVxrDlJSemjkOdom7mH
;N+xY62nIWjd+yRpLUHOIpigVHmyvIlhO6Mz/IoZrRGrGWhWKAqE1Nw2ofD8PEem8DUptFNtQX1zn184
;fkHFFQcdrAYIapAVWYs8QWg8Q6dVNSnsU21AtK4GjkQ+QZFRBzGQUjimhNFFlxBBgfXCdvCJKehTbUC
;09AePRfeICIB7cZAGfKao7RGn3CFdmcoK7KDkIFNpQLT2Bo5GdzgIwHq4FFYoQvAVVbdsZYGNwkLA/O
;XsV21AtPYGjkT3xEyAerncGjQKXNl5izSNMf3CKvCMtexXbUC09gaOZPfENIB6udwaNApc4Vn/NI0x/
;dIyxTUt7FNtQLT2h45Fl8QIgbM9jE7Qfpi5Sfs4dXGpOhbwjLwx9vyRFPYCQok7CMRP9kQVD63bIKFZ
;q3CNWYWWMpysrGHGENVVJ89biFJ5sf2nHYRODKbo7Q2XHfD4PEenVTYoZVNtLLT2B0fAbhV1JcNpgFY
;0Xqz9oZcYaVmN9trQjLRdx21EtPYGjkf2nQiAFrgVnmReuLmhlxghafXeItigVEnq9OUFR3tHwCZhtI
;B+uBWfrdsgTdwywfD8PY4izORUSeq81X1vgwPQihWpJfcVrApgFyFtltLb51F7J1tVYSnsUqTFLSd7K
;/wmUcEZ/zWA4hxexP0V/qH0/DxHp1U26RBTNUC0988L3Ca5rTmrLdwGKFa0FRHzJH1ZhdunUTUp7FNt
;Q3QKBt5F98XBBeNpaDoUCrShRbcsZYHxhjLApSnoU21AtPYGd0X36AiAe3GQBnymlO0VrwRI/DhHp1U
;1KewCbUDs9gaPjHJd2f23bdwGKFa0FW2XGGUhmdZ29TUvhjULJtKRYnJFf8QIgbM9jE7QFvShRbcsZY
;Gppnac4ORJ7tQ9aVOXX+SKDY1R3wQVm63bIWjcM8Tw/GhHp1T8rHWCEI1hP58LyGK5kTHHZdwafE8hb
;NwyofD+vdKnVVEp7FKkxS0ne0OQPl2NDe/FsCY0fpDZobcYbU2oR6NVNSnsU225tPZejkX2DY0Zq8XY
;SmRCpOVJTzhVTY06btDkvexXbUC09gePEPfEUIB6udwaNApcpQn7OHVxqTp29JCkQer4jXj2Ais3yM/
;cI0pEFdOt2yChWatwjTHpjj7QuLyR4uilIT/KjkH3xAiAergUn62LIWjd+yRpLUGKcpysrGHGEI11c4
;sr/GvEDKskNdVrhofdaJQyofE1ud52KPj8JcrozSGLy0/QYlQIhHq4FZ+t2hho3GKh8P31wj6ESPgl1
;rTVBYvnazg6BZ0V6rgRn63bIWndc6HwrDxHppyg5D3WpJHJY+dfjHK5jTXHbaxPrd8haNwyofD8PEf/
;VTUoJcagkTE/1/PQFhXBBQc9oCJ4YvAUFDKl8Pw8R6dVNSnsZ21AtT+TQ5RyDdn9t3mACj3bJWjcMqH
;w/NlHp2k1Ke2a+I1lc89fODoFnRXrxN2fqdshaNwyoRX8PAOnVTTgeYKkxTknozP8ikG9Pa8BxZ+p2y
;Fo3DKh0fw8C6dVNOB5gqTFOSejM/yKQb09rwHE42XbJWjcMqHw/B1Hpwk1Ke2a+JF9c4tf4Ep9dRGvc
;bAmMKb8zR2mafD4PEenVTUp7FNt3LT2B0fQJg2NDasdqCbQTpjtVYM0jUHplmrwpLyR2tCRZUuz8/Ry
;IZ1JtrgRn63bIWjf8l3wbDxHppyg+CXW4JERS7/z0E5BgTHvxahKfBaE+UlPcE09QfYisKDgIFNpQLT
;2Bo5F9sQI8Hq4FFY4CujtUeMETUVB8gLskJxp4hDVVSfPW4hSebCAf1RHJrJeyzggMtnw/D2OMoT8rG
;GCyP0Ni7Mr/FJxjTEHLfROZA7szWGL3Tj8Oav17CqsBgORQOD2Bo+MYhXBBfdpsCIUppTNZU9wOXnl0
;hdVMSnsU21AtKcGjhn3xAlJ72ncGiAKhNVlTxRVRUGWbtDsvF0vpUCw9gaORffEWYB6+BWfrBK0uRW3
;LCFZgf7amPS8ecNtRLT2Bo5F9tUIgDK4FZ5kTvChWb9wVUGFOmqUoLx9L6VAsPYGjkX3xRmAeoAVn6w
;StLkVtywhWYH+2vSI6exVBybSkGDpYQvESIB6udwKfBKk5Q2XHEmBnfpmKf0p6jkLJtKQYaq596wIgH
;txgE5kXqy5eY8YjRWd+mYouJRVwsiREUu+SkXzxAiAergVn63bSWjcM2hlLfXCKoSQlFUuhOEJN3sD+
;E5VrVHfBa1Xrd8haNwyofD8PEfrVTUoIcbg/Q1nez/AElHB/ZPFpDo0CyFs3DKh8Pw8R6dVfSnsUqDh
;IUe38+BOXa0xy8WoVjxO6WjYMqHw/DxHhlU1GexTbI0ZU89fOEZB7RWzdBWbrdshaNwxYQz8fEenVPi
;ESZq8PQVjvxOUVrm9JcK4EZ+t2yFo3DKh8Lw8R6aYmIwlghDxEU+T88hKEbFQerwVn63bIWsczqGg/D
;xGaviQ4D0u2OUNU7ML9Ip1nTnnabWfqdshaNwxoHn8PGOnVTTkQfakkclrg05F8ihaOWU9/49R2w1o3
;DNsXVn1ltqY9Lx5w21EtPYGjkX3fQiAErgVnmBqnLWhoxwtRUHeApz4+JHK+J3JR4Nr0D4ICIR6uBWf
;rdsAaNxGofD98fZqKLCMJS7Y/SVjexukVkHdTavF1FY4Fuy9Faah9Pw8R6dVNfjsUx1AtPfLP4iKQa1
;JBw2oDjim4NlJi3RFgf2OMpj4/CXHbUS09gaORfdVCIDmuBWeYGrsFVWPcCFBiTpqgPywad74PTlLv1
;/4Ig11DcdxrApkprD9bbdF8Pg8R6dVNSiJU23stPYHQ/Q6uYE9q2moKtAW9KFFtyxlgbH6HoSI/CUu+
;Pkli4sz8DZRsU3/abAiFdslaNwyofD8PEenxTUp7Z7cjcl/u1+USnF1Ta9xjBogTlzlYYtwTSn1OjLs
;pFR9xtzFUPYCjkX3xAiAergVN63bIKVt/9x5Qe2WGuBI5Dma9MU5Y3sD+E4VtVWzxaQaYE7oFWGrOI1
;tqfYisTUt7FNtQLT3Y45FU8QIgbcJ2OIkZvC5YYfcPSn13iLYoFRh7tSRCSPP8/RyCZ1JBwWs4jxOkO
;04MqXw/DxHp1U1KezLbUC1O7dDOH552VHHDWhSeBK47VGn3H1BhZYagPxUXdag1X2LxzOYYgwIhHq4F
;Z+t2gRo3JKh8P3x9moovJQ9gtD1yTvTR9xySZ399wWsThAO6BVtlxhlga3iaoSwkGHHbUbekGDoI5Eg
;9ID6uBWeYGrsFVWPcCFBiTpqgPywad74PTlLv1/4Ig11MccF1FOt3yFo3DKh8zzARyNVNSgh4qA9PUv
;XX/hCucVVsyGQEjimrNVl4xwlNUH6Psz4vDxTaKzmTxkLryU4CCR6uBRSHBZc4WHjcE1JQYpynKysYc
;YQzQlP1zOQPrnFDf8BrDoURlzlYecYIPw4R6dVNSnvk5FAEPYGj4hGCXUJx2nEIhim7L0VqyR9aUHKG
;uzklDmaEI05c7834E5ZdU27LYAPrd8haNwyoMOJPEcTVTUoIeKgPT1L11/4QrnFVbMhkBI4pqzVZeMc
;JTVBlhookJB19tzxyWejQ5RyfYUUer35zRTEpIJMzqFo/DxGauT4VGXuvJEJQ3tDkD5djQ3vxbAmNH6
;Q2aG/HDlFqY7axKCYabdtRLT2Bo5F9qEIgNK4FZ5gauwVVY9wIUGJOmqA/LBp3vg9EU+fK/RGuZ0568
;WYIhgatNERt3BVQYRHo1U1KexTbUC09oqORfYJuU0HMahOfGaUFRHnaGl5sdLa8IywSeLcPSFPl/PUY
;nWNZHq8FZ+t2yFo3DKhVPw8Rmrk+FRl7ryRCUN7Q5A+XY0N78WwJjR+kNmhgyQ9afU6GsysVH3G3MVQ
;9gKORffECIEfuBU/rdsgpW3/3HlB7ZYa4EjkOZr0xTljeyv8bmG5MQcJkFI4ElzVZU8wZU25o6dRNSn
;sU21AtPYGGkX3xcUxt8WcInwKnN2h/3Q5ZbnKMiiQkHX23PHJR4ND0D65yT2nLd2fqdshaNwyoNX8PN
;unVTTkXZ4QyQkn1zPwigndSeM9mArQfpjxeYMQjU2Z/jIopIwhguj5OWIGiC+Rom7mHFzpnynbIWkRg
;2yNdYGWduiAVCGGpNkxe5Pz4E5drTHLxahGOBKQ7RwypfD8PEenVTUp7PNtQLU7t0M4fnnZUccNaFJ4
;ErjtUafcVUWl4hbkSORh1tT5EU+b88hKEbFQerwVn63bIWsczqEw/DxGauT4VGXuvJEJQ3tDkD5djQ3
;vxbAmNH6Q2aH/LHVFheIeyEikUYbUkcl/4/P0Un2cgH64FZ+t2yKoIDIB8Pw9ihaYSKBRgrz9AYvLW4
;xuQYUVBx2sBghqkBURvyRJRZn+Oij46HnG/UCw9gaORfb3fYB63BWfrBaQpaG7HCEtgfLamODgddbg1
;clHg2vQPggIhHq4FZ+t2yFo3EKh8P3x9moovJQ9gtD1yTvTR9xySZ39qxncCmB6nNlMMqcQhivq4bfN
;1ezDbUC1O7dDOH552VHHDWhSeBK47VGn3CFBQf4anICsXS7QmSE/twuF98AIgHq4FZ+t2yHM3DKgPU3
;xOi7o5PhR5hCNYT+fC8hiudk9B2moXtAW9KFFtyxlgYGeMpyErCxTaUC09gaORffECOB6uBRSHBZc5W
;GLcE0p9Toq6PyQeZoQ0SFHg2pF88QIgHq4FPqt21Fo3DNsQTFByhrs5JQ5mhDVDWd7A/hCBZ05tz3EO
;hBjIWzcMqHw/DxHp1VhKexSoPF5i4sz/CZ53UkHLawO0Eq02VnWofT8PEenVTUp7FMBQLT3yz+Iikm1
;OasFwFbQaqSlSfvcTWWlOjbAhKwIU2lAtPYGjkSSxAjoergUUhwWXOVhi3BNKfU6FtD4vCUu0PnJZ5M
;/wBPEDIB6uBWfrdshaIAyofExjYra2IiQPe64iclHg0PQPrnJPact3Z+p2yFo3DKg1fw8N6dVNORdnh
;DNCU/XM5A+ubkVwyXEPtAKgKFJ/wBNTaxHobVPPkEVjnhI9mKORfYJuU0HNagmfGb0oaGDBElpQdYCm
;OSsVd75QLKcYOgjkaLsfHr8FZ+sFpClob8cSS2Bkm4ohJRRkqFAsPYGjkX3x8h8evAVn6wWkKWhvxxJ
;LYGSbiiIsHWe+JC08+rc/OhB4lKGuH2frdrs2RFPLE1F7fpynEjkYdbU+RFPm/PIShGxUHq8FZ+t2yF
;rHM6hmPw8Rmrk+FRh7tSRCSPP84h6QbE53wGI4mAatP1MMqXw/DxHpmZAKewrbUC1O7dDOHp5sVHHbd
;zifGZczWWrBEFNQdYCmOSsVd75QLEaVDdaci6YfHoIFZ+sFpClob8cTU2Z/joouMxd9tTRIT97P/gqU
;cH92y2QTjgSXN1Z09xNKe2GcoU1LexTbUC291+ORUfECIG3CdjiIGac2XmLPI1x2fYC7KS8JS64gXVj
;z/PkYkHZFbPFoBpMppy9DfN0IPw4R6dVNSvtCm1ALPYGj4hGCXUNxwWkOhRGXPEVjxghgZmO2vSgrD3
;GpD0Bc+fz+CIVyVWquBGfrdshat1rofC0PEemmITkkd7Q/QVTvxM4VlGtHdtoFZut2yFo3DIw8PxcR6
;dU+JghLuD9CUejN9iKdY1l73FoPjh+vMkMMqXw/DxHp1Z11ezPbUC1O7dDOHp5tTHfAYjiHE64uaGrN
;GVtQeYy0OS8JS7YxVWLu1uUNhHYgH64FZ+t2SAx3DI18Pw9ihaYSKRR7tzlDWt7P9BuFXUls8W0CigK
;tKGhhyQRgYGSdpTg+exXbUC09gSPHPfEmIB6udguYKas1WGDBElhQYYCmOSUVS7M1TEnk0c4QkHp/cd
;txF54CyFs3DKh8P49HqdVpSnsUqDxeYuLM/hGYbEdB3moQjxO6BVFpzRhWYXa2oSQnHku+JkhTgaKRf
;fECIB6uBWfIdshaRGDbI1xgfoW8Iy0kZLQnSVjz/PcYlGZJcMlaE4IbrQVYaMx8Pg8R6dVNSnsU23Ut
;PYHQ/Q6uYU9xwmwJjCm6P1Z+9xVNUHmMtDkvCUu2MVVi7tblDYR2IB+uBWfrdkgMdwyyfD8PYoWmEik
;Ue7c5Q1re0fQenmNUe9xaFJsTrT43Dah8Pw8Rab4NSlMU21BeUfL88hKebklwyVoVghGgLmhqzRlbUH
;mMtDkvCUu2MVVi7tblDYR2IB+uBWfrdkgMdwyOfD8PYoWmEikUe7c5Q1re0fgamXZ/d9xaD44XvD9FU
;8UdR1B+nKE9Pw8U2lAtPYGjESuxAjkergUUhwWXPVZ89xpWY322tiI4FXGpD0lY7cLoffACIB6uBWey
;NshHNwyoD1N8To60PRUdfbc8cljvx84enm9Qe8B2Bp8fpzQ3Dah8Pw8R6dVNSm0U21BeUfL89hyBXUZ
;3wmk4jhisBVNpxB1GDxDp1U1KexTbUC0hgaORDp1xf3nPdTiNH6Q2aGDJD1p9ToazKxUfcbcxVD2Ao5
;F98QIgR+4FfOt2yClbf/cbXn9Oj7whJiR4uiNIT97M/yKVZ0x/1wVm63bIWjcMqHw/FxHp1T4mCEu8M
;V1i58r9Ea5uQW3LdzibGb8/RQypfD8PEenVBAp7CdtQLU7t0M4akHJ/eMdpC7QarTRQeMAjS2djjKYl
;JRdw21FWKS/kcAd1PSAFrgVnmBq7BVBt2CNZZn2Fij4pGnq1OUNa3sD+CJ92IB+uBWfrdsiqCAyzfD8
;PYoWmEi0aZIQ2RFHt/OIekGxOd8BiOJgGrT9TDKl8Pw8R6ZmQCnsD21AtTu3QzhSfZElywloEhASmP0
;VTzBlTbmjp1E1KexTbUHR9gbiRffFxTG3xbAmNH6Q2aGnGGGBsfoSlKCQIda85QlOBopF98QIgHq4FZ
;/92yFpEYNsjVmF3gLkhFR56vw9JWO3C6H3wAiAergVn63bIejcMqA9TfE6AuysjF3iEN0xN3sX4EZ1d
;Q3HcawKZKaw/W23RfD4PEenVTUoiVNt0LT2B0P0OrmtOeMdpC7QRqSpoasEQU1B0h7ESKRR5qzVDTuD
;X+BKfAiEergVn63bIWjcRqHw/fH2aiiQkHX23PHJa4NPOG5huTEHLawO0Eq02VnWofT8PEenVTUp7FP
;JQLT3yz+IimGxGd8JpOIwXuAVRZcQQYGdwnbYlFR99qCRMU+LGzhuQYVRx3AVm63bIWjcMWEM/LBHp1
;T4mCEuyPktU7c/OGpByf3jHaQu0GqkpUn73E1lpTo2wISsCFNpQLT2Bo5EksQICHq4FFIcFlzNZasEQ
;U1B2iKUSLBJ4tw9BXPLG4yKebH96y2kGknbJWjcMqHw/DxHpyk1Ke2e3I3JU78X4EZ1dR3/eWgGCGqQ
;FW23bGU1QYYaiKDh7FdtQLT2Bo9g98SYgHq52C5gpoTRRZcQQYGhwmYorIxd4hDxIU+bX+SKFalJ73W
;0IhxLIW0wYBjvedZXW1W9KexSoPF5i6M33FJ1uf3nPdTiNH6Q2aH/LHVFheIeyEikUYbUkLTyBo5F98
;QLQIa4nZ+t2uzZEU8ESWWZ9hYoqKwtLvTlBUd7Q8hyfbElwyVoUmxOtPjcNqHw/DxGlCA1KYRTbUF5R
;8vz4E5drTHLxaQaYE7oFWGrOI1tqfYisTUt7FNtQLT3Y45Fk8QIgbcJ2OIIYrjNbYPcQXnx0m4oiJCR
;wvjxMRIGikX3xAiAergVn/XbIWkRg2yNWYXeAuSEVF3WoNV9i8czmGIMCIR6uBWfrdoEaNxSofD98fZ
;qKJCQdfbc8clHozfQilWtTas9rBI52ycCulTHlprYu6cxNSntntyNyVO/F+BGdXVN9z2sJghivBVRj3
;RJLDxDp1U1KexQrby0cgaORDp1xf3fAYw6HGpcpVG3GElZhdra2Ij8VYIQyVGLtyv8Y8QMgHq4FZ+uG
;91ouDKh8TGNitrwjLBJ4tw9eXuDN/xSfZX9t3mACj3bJWjcMqHxz0lHpwE1Ke2e3I3JX9M7hIp1nTnn
;abTiHH6UzQwypfD8PEenVaQp7BttQLU7t0M4XhG9QQcNkH7QSrTZWdah9Pw8R6dUNHzsUyVAtPfLP4i
;Kbd01u8WgOhSmsP1tt0Xw+DxHp1U1KX1TbXi09gdD9Dq5oVXPeWhSbE60+Nw2ofD8PEaUIDUpsFNtQX
;lHy/P0ciGdSQcxqFY8TugVYas4PWnsR6NVNSnsU21AtPZqjkX2CblNBwmQejgSXN1J+zxlgbH2GpigV
;HXW4NV49gKORffECIB6uBXzrdsgpW3/3EV57dJu8LCYkZ7gxQVjexfAehW1SQdYFZut2yFo3DPE8PxQ
;R6dU+JghLtjFZWPPK8BGucUN/wmA4jRerLlh+9wU/DhHp1U1Ke02bUDY9gaPiEYJdTX/aYBWCF6QFRG
;/JEFpQd4i2OSUJS6FQLD2Bo5F98VtgHowFZ+sFpCloYsEITWB2jLsSJxRwvg9IRenC5A6FXVBsy3YUn
;gStWjYMqHw/DxHdlU1rexTbI0FO3s34CYNtR3vAWgqEEq0FR2DNEkpiTpmnKDkIYak1LTyBo5F98QIE
;Xq4cZ+t2uzZEU8YTTWJwhYokJB19tzxyUvfG4xGQciAfrgVn63bIWjcMiXw/D2KFphIkFGa2MUFi9cz
;OCZ5yf23bdwGKFa0FWHrNDlNuYenUTUp7FNtQLT2BsZF98XFMbfFqH5IRrTRob8cSS2p/ndVMSnsU21
;AtKcGjsH3xAlNy3VoXhAGsP0VTzhlaa3iHshI4FGC6JERS7/zjHIVrTx6vBWfrdshaxzOoSj8PEZq5P
;hULe6w0SE/exfQYlWtOefF3CJ8XvDNYYvcOXnt4hoorPxV3rzlCU97C4xiQXUZ/zXEImXbJWjcMqHw/
;DxHp+k1Ke2e3I3JN7tT1GINdRnvLYQ6FEZcoWHjJCFZgf7anLD4Se4Q2WFPi1/gSn11Cf91gZ+p2yFo
;3DKh8Pw8m6dVNORdnhCBCSuXG4yKXZ0V6x2sAtASnLlZ4wRNRUGOIoSQlJHKuPk5J6Mz/IpJtTW7Lax
;SKAqE1WQypfD8PEenVvXV7MNtQLU7t0M4NnnVEe9xaD44XvDNZa/cfUGJhjLs+Kw99tD5ySejO9H3wZ
;EZ4yGMB9zbIdTcMqA9TfE6ZpygiHnWvOUNa3sDoEZhsRHvcWguEAa0oaGTNHUtqY7a4LDIke64kXUj1
;o5B98QIgHi5TJ+tZyFo3f8QPYH9jjL0oKw99tTdyXvjP+BOVZ1JB23UXjgSXMlJt3BlNUHyIrRIlDmC
;rJVk9gKORffECoEjuBU7rdsgpW3/3DE1qeYy0OSMVc4Q2X1Lv184Ug11Ie89xApkppTtPU8cJS39knd
;VMSnsU21Cta8GjhH3xAlNy3VoXmROgP1Z4wRJYUHmMvCoiDxTaUC09gaORVbECOx6uBRSHBZcqRWnAG
;V57eIeyEiYabb4iclXkyvYVhQIhHq4FZ+t2GGU3Jqh8P3x9moo9OB58vjFZVO/EzhGUZFRByGACjymg
;P1Z4zQ5gYnCRiiI/D2SuJC08gaORffGCdl6uLWfrdrs2RFPYDlpndIihJCQcS7c1S0neyuMimWdBast
;3OIYXsAVYedwMSnsR6NVNSnsUWwZtPaajkX2CblNB3ncCgxOpLl5izyNPZmKduiMVE3G6JEhP3s7wBa
;5tVWrecBPrd8haNwyo/GlPEc7VTUoIeKgPXU/ky/QchWtOefF1CJwSrShoas0ZW2Z/joo5IxZxhDVbW
;O+jkH3xAiAergVn61DIWjd/xA9gf2OMvSgrD321N3JN7tT1GINdRnvLYQ6FEZcuXmHNI1BrdenUTUp7
;FNtQLT2Bi5F98XFMbfF1FY4erTtDZcYbYH10iKcSIwlLszVMSeTRzhCQen9x23EXngLIWzcMqHw/j0e
;p1VBKexSoPF5i8dH0FZRjVHfAYjiZE6s1VnjNDmB8YYywKUp6FNtQLT0ByNF92gIgHt1pFLQGuj9fac
;kIVmF2tqckLRNghDZIWOX8+RiQdkVs8WgGkymnL0N83Qg/DhHp1U1K+0KbUAQ9gaPiEYJdUGzLbQKKA
;qE0UFPaFVhnZba8PxUTcbokSE/ezvAFrm1Vat5wE+t3yFo3DKj8aU8RxNVNSgh4qA9dT+jN5RSfZX99
;12kOhRKtKGhgxwtafU6BsCw+HmaEPUxF3szkCYF3VB6vBWfrdsjaYUyoUT8PEZq5PhULZrI+WVTvxM4
;eiG5JcMpgFbQDuCpSfvcUWm5ljKcSJxpshD9YSfHW5X3wAiAergXnvTbIfTcMqA9TfE6ZpyQkD321N3
;Jb88z/Ca5rUkHGYAafE7oFWm3QI1B6ZZmgOUp6FNtQLT0B9dF92QIgHt1pFLQGujNZeMESWFB9jLM5F
;R1xvjRyVeTC5RiDXU1/1loIngK4L0MMqXw/DxHpVRsKezLbUC1O7dDODYNrTmrHawC0Gq08Q1PBDmBn
;dIihKDgkebooclL01+EIhQIhHq4FZ+v2nho3Kah8P3x9moo9OBJ6rzlDWt7T+A6FbU5BxmAGnxO6BVp
;t0CNQemWZoDlKehTbUC09AfXRfdQCIB7daRS0BrozWXjBElhQYYaiKS8JS701SFnozfYihWtNe/FgEY
;4YyFs3DKh8Pw8R6dVpSnsUqDxeYvHR+BOFa0558XUInBKtKGhqzRlbZn+OijkjFnGEP0lZgaKRffECI
;B6uBWfNdshaRGDbI099eIehJCQcS6k1TE/eyuMimWdBast3OIYXsAVYedwMSnsR6NVNSnsUWwZtPZqj
;kX2CblNB3ncOhQKhNFBT2hlcYHCdsD8VCGS+NUk9gKORffECoHXuBU7rdsgpW3/3DE1mf528Iy0kZrI
;3RUnexfQYlV1Ie89xApkppTtPU8cJS39kndVMSnsU21Cta8Gjtn3xAlNy3VoXmR+mLl5izyNNZnaBoR
;IjCUuzNUxJ5NHOEJB6f3HbcReeAshbNwyofD+PR6nVWkp7FKg8XmLzzPgig2dHd8FrOIgTpi5SfvcEP
;w6x8/qQbt0qG1A6PYGj4hGCXVJxx1oVjhGhNVlTyxlRe3SbijRKep2aMMjtY51RfeQCIB7daRS0BKcz
;aH7NG1Zgf7anLC4SYahQLD2Bo5F98TxgHrMFZ+sFpClofscVYH10jrwiJCRgsyJITunM/RmuY1J7zwV
;m63bIWjcMjDw/GRHp1T4mCEuoNUpQ5M3lIp1nTnnabTiGH6ZaNvbWFoN7gmHqTW17FNsjQU7e0PkUlG
;5EQcxqE58ZpQVUY8YIUHpjtrkkJB5LvzleSeDN8hjxA7qHN5z+cs/3WigMqHxMY2K2piUjHni/D09S9
;df+EK5hT3DaahKZKaQ1WHzbfD4PEenVTUpvVNt8LT2B0P0OrnFId8tpA7QUpy5DY8UjXGB/nbo4OCRg
;tA9EU+fK/RGuZklt2mQJiBPIW0wYBjvedbXW1VZKexSoPF5i8sv4GJ1mf3zBcROEG5c/T3zJEkxmfof
;VTEp7FNtQLSnBo7d98QJTct1aFIMfrTZTU8oTS3t+hIokJB19tzxyUejN9CKVa1Nqz2sEjnbJwK6VMe
;Wmti7pzU1Ke2e3I3JO6cr0EZVdQnHacQiGKaQ7TmnaDz8OEenVTUp7MJtQDz2Bo+IRgl1TdsdgC48pq
;jVDeMcRYH9jhr8oKQ9xvw9BXPjG4w7xAyAergVn6y+IWhcMqHxMY2K2piUjHni/D05S79f+CINdTHfA
;YDiPH7suVmLLGT8Oi3BM1NPireRQNT2Bo+IRgl1TdsdgC48pqzVZeMcJTVB9hro9OXsV21AtPYGjhT3
;xFSAernYLmCm7Ml5pxBhgbH6buyg4JHC+PExEgaKRffECIB73RWfwdshaRGDbI0xneIy5KRUeer8PTl
;Ls0/QTgmNUd8FrZ+p2yFo3DKh8Pw8F6dVNORdnhCNFVOTP9SKUbERBymALig/IWzcMqHw/DxHp1VlKe
;xSoPF5i8sv4GJ1mf3vWdQaFBaE1WQypfD8PEenVvXV7C9tQLU7t0M4OmWtFcspaAYIavD9FU8YdTX1+
;noo/Lxx9tD4tPIGjkX3xAiherhpn63a7NkRT2xRWan2NiiQkHX23PHJR6M30IpVrU2rPawSOdslpBD+
;bTwzcLunPTUp7Z7cjck7pyvQRlV1Mf91gFbQZrjxoaM0QXnYR6NVNSnsU2wltPZijkX2CblNB3W0Ojh
;qsBVtt2xlNUH6HiikvF3WiUCw9gaORffECIB64BWfrBaQpaH/AFVpjdba5LDkeZoQgQkrk0ZF88QIgH
;q4Fc6t22Vo3DNsQTFBigbwoJh9LtDZLTuTXkXzxAiAergVn63bRWjcM2xBMUGKBvCgmH0uoM0xT78r/
;Gq5xUHvLYWfqdshaNwzkoX8PMunVTTkXZ4QjWE/nwvIYrnFJestaE44OvC9FafcOWnx+haA5IxR621G
;3pBg6CORIPSA8rgVnmBq7BUR52hpebHS2piQuHkuvNVVJ9NH0Iol7f3HIYxSOAshbNwyofD8P8dbVf0
;p7FKg8XmL1y/QPnGNMQctrBIcZuy9FafceXnx0trEkOQ91tTNIYvXMzhuYcFNq8WkGkhO6WjYMqHw/D
;xEZ6k1texTbI0FO3tf5FJ9dV3/CaTiPGb04W2n3EFZhdJqKLiUJer4iclnkz/AE8QMgHq4FZ+sviFoc
;DKh8TGNitqElIxVLrDFBUd7H/giTbkVBwmwJjgWXP1lo9x9QYmGMuz4rD320Pi08gaORffECIB6uIWf
;rdrs2RFPcFFZhTp60ISYkcLQlT1Hk/P0Un2dTQctrA7QSrTZWdah9Pw8R6dVNSnsU8VAtPfLP4iKFak
;lw8XIGhxqXPlh5yhBaUH2Auyg5JHi6I0hP3sz3G65mRXLPfGfqdshaNwyoJX8POOnVTTkXZ4QkRVTv/
;OYcnW5/esFwBYcTlzZeYs0PYGNwmrA/FRR6hDRIUeDakXzxAiAergVn63buWjcM2xBMUGWBvCMVDHW3
;PHJZ7tbzEZRdTHfAYBS0GqkpUn73DFB4dJvVTEp7FNtQLXTBo7h98QJTct1aE4MfpgVAbcQQYGt+nLc
;hLyR4sj5ITt7Q8hyfbElwyVoEhAOmLjcNqHw/DxHpJXJKUhTbUF5R8vzlFZhsf2nPaQu0EqcvVWDNI1
;Nmf4ymEjkYdbU+RFPm/OINlGdEHq8FZ+t2yBbqTKhaPw8Rmrk+FQ98sj5ySuDP/SKCa055wmA4hx+mP
;2hvxw5RamO2sSgmGm3bUS09gaORfahCIDSuBWeYGrsFQ2TBEmB4cIW5EjkSerw8SGLtyv8YrmdOevFm
;CIYGrTREbdwVUGER6NVNSnsU21AtPaKjkX2CblNB2m0OhSm/O1tg9w9WYXaFsBImEnq+D0hT5fz1GJ1
;jWR6vBWfrdshaNwyoVT8PEZq5PhUPfLI+ckrgz/0igmtOecJgOIcfpj9oYMkPWn1OhrMrFR9xtzFUPY
;CjkX3xAiBH7gVP63bIKVt/9whXZn+2oiwmF0uoOUNa7cbOEZhsRUHCZBSOBJc1WVPMGVNuaOnUTUp7F
;NtQLT2BhpF98XFMbfFxD4IYly1WYMQjTGZ/jrkoFRd9tTVyUeDQ9A+uck9py3dn6nbIWjcMqDV/Dznp
;1U05F2eEJEVU7/zmHJ1uf23HawCHE5c2XmLNI0xscIe7JCQcS7g/WFP1o5B98QIgHq71WOteyFo3f8Q
;PYHt5gLsSPRp4tw9eVO/E/Riubklwy1oUiBemNF5izyNMf3SMsU1LexTbUC1xXOORWfECIG3CdjifGb
;gFRHnaGl5sdLa2IiQPe64icl7u0f8Yg11Ee8JkHut3yFo3DKh8Zk8RwdVNSgh4qA9ZUvH84giDZEF9y
;1oEhBi8NUJ+9xlRa06KuiA6HnqoMVlU7s2RfPECIB6uBWfrdulaNwzbEExQZYalEjkOZr0xTljewP4T
;hW1VbPFgCY8prD9bbdF8Pg8R6dVNSnsU23ctPYHQ/Q6udk9u8XYSmRCpOVJTyxNRe36cpxImGme+InJ
;S58XOGZRuQWeuBGfrdshaN1XofBkPEemmITkkYLQgck700fcckmd/fcFrE4QDugVbbdsZTVB+h4opLx
;d1olAsPYGjkX3xAiAejQVn6wWkKWh4xwxgfGSbsywpHku4P0NJ7tbjIp1jU3vcWheEAa0oNw2ofD8PE
;emcDUpeFNtQXlHy/OUSgV1Ta9xjBogTlzlYYtwTSn1OhbwjLyRwsiNZXO/A9H3wmLmHN5z+UknIRzcM
;qA9TfE6duj0VCGGpNkxe5PzyEp92T2vcWguEGbgpNw2ofD8PEeklckplFNtQXlHy/OUSgV1Ta9xjBog
;TlzlYYtwTSn1OhrMrOR5g21FWKS/kcAdFvSA4rgVnmBq7BUNj2CNMemOPtC4vJHe0PllS9NHODpJjTn
;DHawC0FacvWXiofT8PEenVTbpEFP1QLT3yz+IihW1QQd1wFY0Xqz9ob8cSS2Bkm4o+KRp6tTlDWt7Q4
;RiUZiAfrgVn63aEh3cMgnw/D2KFphI+FGSEI1hP58LyGK5hT3DaahKZKbw1aGXGGlZjfbaxJDkPdbUz
;SD2A2IXTtuNaupEFROt2yClbf/cIUH9OmqA/LBp3vg9EU+fK/RGuYU9swGAVtBKtNlZ1qH0/DxHp1U0
;TOxT8UC098s/iIoVtUEHdcBWNF6s/aGXGGlZjfbawIy4kd7Q9XVjv0PAJmG1OHq8FZ+t2yFo3DKhcPw
;8Rmrk+FQ97qw9eSPPF8B6UXUlwyGwLhymtNFNTzBlTbmjp1E1KexTbUC09gYWRffFxTG3xcQibKbsvR
;WrJH1pQeIezJCYXS7cxXljz/P4bl11Ee8JkHut3yFo3DKh8Zk8RzNVNSgh4qA9ZUvH84giDZEF9y1oO
;hRChNltTxB1MamO2uiMVH3G3MVQ9gKORffECIB6uBUXrdsgpW3/3CFB/TpqgPywad74PRFPnyv0Rrm5
;Bbct3OJsZvz9FDKl8Pw8R6dUECnsw21AtTu3Qzgmecn9t23cBihWtBV5izhVTY06FvCMvJHCyI1lc78
;D0ffCYuYc3nP5SSch/NwyoD1N8Tp26PRUIYak2TF7k/PgTl2tMcvF2BIoYpjNZa/cfUHp/ndVMSnsU2
;1Atzb6jvH3xAlNy3VoThAaXKUJ+zh1cak6AuysjF3iEI05c7834E5ZdQ3HbaxO0FLEFW2XGGT8OEenV
;TUp75ORQCD2Bo+IRgl1Ucd5aFJ4ErjtUafcVUWl4hbkSORh1tT5EU+b84g2UZ0QerwVn63bIFupMqGo
;/DxGauT4VD3urD15I88XwHpRdTH/XYBWYdslaNwyofD8PEenMTUp7Z7cjcknu084OhHBGf81gOJ8euj
;9EZMcQWw8QUcvIoSqsZW8tL4GjkQ6dcX9m11oUihCtBUVtzBVKfBHo1U1KexTbsBI9lqORfYJvQXLCW
;gGOF7wvRWnbI1tmcISwOS8JFNpQLT2Bo5FZsQI8Hq4FFIYXpDZoas0dS3pjjKYSIhR4vg9JVODO9AmU
;cCAfrgVn63bIRncMs3w/D2KEtCEmJHK+MVlI88biIphsRnfCaTiZF7wzWAypfD8PEenVFAp7DttQLU7
;swv0RrmRFf9pwFY4FlylHac0YYH1wnbwiSnoU21AtPYHq0X3TAiAe3WoLghKXOFh43BNSUHSRoT8/CH
;20PnJK6MflFa5wQWrHamfqdshaNwyoJX8PC+nVTTkUeLI0cl/u1+USnF1Gd8JkCo4YvAVRYMcLPw4R6
;dVNSrtDm1A/PYGj4hKda0RBzGoTnxmlBVtt0RlNDxDp1U1KexTPEC0vgaORDp5uSXrxZwifAqc3aH/Y
;GVprEejVTUp7FNsebT2bo5F9gm1Md8paAYIapAVZbdoOUHhOj7kiPQl1rzUtPIGjkX3xwnderhNn63a
;7NVtlzCNWYXeAuSEVHmyrMUNO6Mz/ffACIB6uBWfrdsh4NwyoD1BjeI2KJCQdfbc8clj50/ATgmtPcP
;F3AoYZvj9oZMcQWg8Q6dVNSnsU21AtLoGjkQ6ebkl68WwJjR+kNmh/wBlTY2Lp1E1KexTbUC09gbWRf
;fFxT3LHYTiCGK4zW2D3C1ZrZYGKICMVFNpQLT2Bo5F98QI/Hq4FFIQaoT5oeMcMYGppnac4ORJ7tQ9a
;VOXX+SKDY1R3wQVm63bIWjcM8Tw/GBHp1T4lF32/D1lS8fz3FJ1jTXvAcTiNGqctNw2ofD8PESmCDUp
;0FNtQXlLtyvUihW1QQcJkHo4EyFs3DKh8Pw8FqdVCSnsUqD9BVOX85RKBXVNuy2AD63fIWjcMqHxxTx
;HI1U1KCGGrIEJP9fzwGZByVHfYYDiCGK4zW2D3Dl57eIaKICsDFNpQLT2Bo5E5sQIBHq4FFJ4GuDVFe
;PcdW25hnbw7LyR9tTZEUe384xyFa09Bw2wJ63fIWjcMqHwbTxHJ1U1KCGGrIEJP9fzwGZByVHfYYDiC
;GKY/RVPNBE9uf5q8IiR7FUHJtKQYOkhC8RUgHq52EpsGpyhDU8kYXn9lgKMoFRd1ojVfToGikX3xAiA
;eukVn8HbIWkR52AxQfWW2tCkrC2CyJkhi88b1CJJ2SXHAdmfqdshaNwyofH8PC+nVTTkOZKs/X0newv
;UcgXZJaMtaEIISvDJoYcESPw4R6dVNSnscm1A+PYGj4giBck9s2loFigWtBVtt0RlNfBHo1U1KexTbU
;C09mKORfYJ3UG7BdxO0FKkpUlPEHUZqY5qKPjoecb9QLD2Bo5F98UtgHrsFZ+sFvSpHY9oIYG1jgLEq
;LyR4uilIT/KjkH3xAiAergVn62TIWjd/3QxPYGOdii84EnmEJ0RZ9cuRfPECIB6uBWerdtZaNwzbCU9
;/fpuhEikUerU1TknozP8iiXt/esd2E4oYqz83DTLlppaIcGxySmYU21BeSPHT/g+FXUVm2ncSmB+nNG
;h7wRhLZ06btDkjFBTaUC09gaORJLECNR6uBRSeBrg1RXj3GlZjcISwIz4kcrc/Wj2Ao5F98QIgR+4Ff
;ut2yClCfNgTTXtOgLsrIxd4hDxIU+bX+SKca04erwVn63bIWjcMqGs/DxGaoD06FGavD0RT58r9Ea5t
;VWrCbAmOBchbNwyofD8PEenVXEp7FKglXU3u0eUil2tMcvF3Bp8TyFs3DKh8Pw8vqdVASnsUqCVdTe7
;R5SKQbEdyywVm63bIWjeM7jw/HBHp1T4/C2S0Illi8cr9EZBwf23HfwLrd8haNwyofC9PEcLVTUoIYa
;sgQk/1/OIQkG5MQchpCIoCrT5oas0dS3pjjKYSMgJLvihdXO/Q+BKfAiEergVn63Y4ZTcBqHw/fGSZp
;SI4D0uoIEhY5aOQffECIB6uTCfra8haN3/dDE9gY52KOTgecYQyX1zvwPkikGxHcstaCooOyFs3DKh8
;P49XqdVWSnsUqCVdTe7R5SKFcEV78WcVihirMmhozRJMZmWQ1UxKexTbUC0DwaONffECU2vedQiZApc
;uRWnNI119cIe2JRUffbo9SEnk0ZF88QIgHq4FZ6t25Fo3DNsJT39+m6ESPglxvg9PT+DN8hWuZkl/w2
;ATjgSXPlh5yhBaUH6coSEjFXGoUCw9gaORffEKYB6OBWfrBb0qR2PaCGB7Y4ywEigJdbUzRWLlyvAQl
;HZFbPFoBpN2yVo3DKh8PyFR6cFNSntnriBdUvPXzgWIXUVm3mQJmB+nNDcNqHw/DxHp1U1KaBTbUF5I
;8dP+D4VdWGfxYQ6YAqk0VGmofVlpd4+zK6xEFMdQLT3y1uENnnBUQdRaCI0Quz9DU8wTSGFOhbQ0Lwl
;n21EtPYGjkX0BPSAErgVnmAO4Klh+3CNFUH6Psz4vD0uuIHJR4Nr0D4ICIR6uBWfrdjhlNxOofD98ZJ
;uzLCkeS6g5SVje1/QFhXdSe/F3ApgZpC9DZccSPw6LcEzU0+Ld5FAzPYGj4giDZEF9y1oUghKtBUNp0
;AhKfXS2rTQVFHK9I0hJgaKRffECIB5eOmf1dshaRHnaGl5sdLamIiYScIQyQkn1zPwilHpQf8B2DoQY
;yFs3DKh8Pw8R6dVnSnsUqCVfW+DA9CKCbUx3yloFhAK8NVpTzQRLfWSavCIkJGOyNFlV3tHwCZhtIB+
;uBWfrdsgDdwy1fD8PYpynKysYcYQjQlHox84fnnZUccNaAYcZvyhWeM18Pg8R6dVNSiVU20stPYHQ5A
;+XY0N78XYIhx+sBVVj3AhQYk6FtDQvCWfbUS09gaORffECIASuBWeYA7o8Vm/NI0xgfYCxEigUYK8/Q
;GLy0/QYlQIhHq4FZ+t2hho3F6h8P3xkm7MsKR5LqD9BVOX85RKBXUVm3mQJmB+nNDcNqHw/DxHp1U1K
;XBTbUF5I88XwHpRdU3HCbAO0AqcqaGnQCE16YoC6IxUMfb8kRWLzwuUUngIhHq4FZ+t2kRo3Fqh8P3x
;km7MsKR5LqD9BVOX85RKBXUZywXIVigKtWjYMqHw/DxG3lU1SexTbI1hP58LyGK5xT3LHYTifGbgFW2
;3RGU18EejVTUp7FNtQLT2go5F9gndSeM9mArQFpzZeaPcIUH9Oh7Q/OBRjhDZBUvbR8AmUAiEergVn6
;3aWGjcbqHw/fGSbsywpHkuoP0FU5fzlEoFdU27LYAPrd8haNwyofAFPEfPVTUoPcbYgSE/g1+QPlF1C
;cdpxCIYpuy9FaskfWg8Q6dVNSnsUshAtFIGjkQmUb1B73GQTngStBVVj3AhQYk6aoD8sGne+D0xP5ML
;OCZlwRW3GaguPdslaNwyofD9mUenhTUp7YL49XVjzwuUIg2d/estmFY4Xuz9TU9odWXtOmqA/LBp3vg
;9AUuXG/SKXa1Jt2loLig+tKDcNqHw/DxHp1U1KahTbUF1P6M3lIoVnTW7LdwafA7o/Nw2ofD8PEem8D
;UppFNtQXU/ozeUihWdNbst3Bp8Duj8FDKl8Pw8R6XUkCnsG21AtTfPK/wmudkVz3mAVigK9KFI/qH0/
;DxHp1U1KexTJUC098dH4E4VdVHvDdQKZF7wvRWmcfD4PEenVTUp7FNtFLT2B0+MUn3Z/fMthOJ8TpSp
;SfskISn106dRNSnsU21BjfYGskX3xdkh3wFoQihqkBUR8zRlbDxDp1U1KexSSEC0zgaORDoF3Um3xaA
;aTAaE+Q2SofT8PEenVTapEFMJQLT31y/gTrnVBcsJaEIISvDJofskIVmBOhLQ1SnoU21AtPYHK0X3oA
;iAe2m0OhSm/O1tg9wtWa2WBij8rD320D0BU76OQffECIB6uPCfreshaN3jaHUlqfbamPS8ecNtRLT2B
;o5E9oUIgAK4FZ58EqSxSYPcGYGhyhrEoFR99qCRMU+LGzhuYbEltxgVm63bIWjcMvDw/ARHp1TcVD2a
;6JkhR3tDhGJRmIB+uBWfrdshOdwy5fD8PZ4ynPiMUeoQ8TE71/PQZmHYgH64FZ+t2/Zt3DI58Pw9nhr
;k4Jx5gqTlOYvLT9BiVXVNzwWoTgym7P1BhzRJLUH2Muyo+ExTaUC09gaORdbECAR6uBRGEGr03UnjaF
;VxQYpmwKC4kZ7Y/Qknp/OUVg2dTdsFpA+t3yFo3DKh8zzARxtVNSg17tyVAWPXR+B6ucVB7y2E4mBun
;NUNk9whNbmeMuRImHnq8JEVi9cvjGIJqT3LKBWbrdshaNwy8PD8aEenVOiMLcYQ5Q1voz/0ilWtTas9
;rBI5HyFs3DKh8Pw8R6dVYSnsUrDldWN7K/xuYbkxBymwUnxemOVI+qH0/DxHp1U1KexTBUC099srhGK
;5tVWrLdziCGLs/Q1PMFUx7cIe2KHt7FdtQLT2Bo5F98RggHq5yDpsTlzVCeM0OYGZ/mrA5FR99qCRMU
;+LGo33wAiAergVn63bITTcMqAtWf3S2ujg+HmaEOUNO5NfODoFnRXqfBWbrdshaNwzhPD8YEenVOiML
;cYQ/WEnk0c4Un3FFavF2F44TrGg3Dah8Pw8R6ZwNSlgU21BaVPHGzg+UdlJ/zXEOhBiXOFJqxw5aUGa
;ApSgVHXW4JEJPsKOQffECIB6uBWfrVchaN3vBDFpQY4yhPysYYLI/Q2LjxvcSg2d/acd1ArQQqTlDY9
;pOPw4R6dVNSnsU21A2PYGj5hSBZ39twWkOjymhNFFlxBBga3iaoSwkGHHqUCw9gaORffECIB61BWfrA
;aEqUlPbE1Nmdba8IywSeLcPSVTy1/ATkmcSHq8FZ+t2yFo3DKhqPw8Rnrw9LyRnriBdUvPXzhmYcVR/
;wGYC2nbJWjcMqHw/DxHpw01Ke2OyIEhi8tbhDZ5wVEHKbBSfF6Y5Uj6ofT8PEenVTUp7FMNQLT32yuE
;YrnZId8BaEIoapAVTZdsIXmFyjORNS3sU21AtPYGjkWXxAiBpx3UCtAKgM1lT3x1TY06NvD4+Gnq4NR
;89gKORffECIB6uBXLrdsgtXnzNI0tgZoynEigJfbYPWlTl1/l98AIgHq4FZ+s2yE83DKgLVn90tqEiP
;R5mhDZEReTHzg2ecVgerwVn63bIWg5MqGk/DxGevD0vJGC0J0hP3sX4BZRmf27Bdh7rd8haNwyo3GFP
;Ef3VTUoMfas1cknu1PQPrmRMcdl3Bp8T+Vo2DKh8Pw8RsJVNXnsU2ydETeT85RKGZ1JByGkInASpLlI
;+qH0/DxHp1U0TOxTNUC099srhGK52T2nLdziCGK4zW2D3Dl57dOnUTUp7FNtQdH2BvZF98XVJbstaE4
;QBrShoYMcTT3xOjLQuIiRxoyRfSOXG433wAiAergVn4zbIcTcMqAtWf3S2oSI9HmaEP05J4MT+E5Buf
;27HaQuKBJc4WHjcE1JQdYC0IC8PcalQLD2Bo5F98UtgHoYFZ+sBoSpSU9wTSGpjtrouPhpztD5MUd7T
;+BGdY1JB2moXtBKhO1pp3BlNDxDp1U1KexTiEC0vgaORCphyRUHaahCOBJc1UWrbGUt3EejVTUp7FNt
;Q7T2To5F9hmtQe/FxCJwTugVYas4PWnto6dRNSnsU21AtfYGzkX3xdUluy1oThAGtKGh/2BlaaxHo1U
;1KexTbbm09lKORfYZrUHvxcQicE7oFQWPECVJqToS8I0p6FNtQLT2Bg9F94QIgHtlsF44pvDVAadojS
;GZ1nb1NS3sU21AtPanjkWzxAiBxwX8CtAWgM1JgzCNeYXaFsE1LexTbUC09v+ORbvECIGnHdQK0Aak2
;W1POEFB4Y4ihKHt7FdtQLT2Bo8g98REgHq5yDpsTly1WYMQjWWN+nqcsPh4m21EtPYGjkX2oQiAIrgV
;nhBmyP2h/wBVaY3W2uSQkHku4P1hT9aOQffECIB6u9VjrZMhaN2PHBlpQYoG8KCYfS7Q2S07k15F88Q
;IgHq4FZ6t2x1o3DN8VT2pOnrQhJiRnqzVIWYGikX3xAiAe50Vn+HbIWlZvyxlTamOIoSQlFUu+Pkxf7
;caRf/ECPx6uBQaIFa02Un7JCFZgf7azJDgIYIQ8TETk0c4Yn2NCcssFZet21Fo3DMkKUGZ1trwjOR5m
;rw9KXu7H9CKFXUNxw2gGhRLIWDcMunw/D2OMoT8rGGCyP0Ni4sz8H5hsRx6sBGfbdshaVnrHFVtQZZu
;0Oy8XS7M/QVjy/OEchWp/c899OIcTpj1DZPcaXmxlhqcSLxV1uTxIPYOjkW3xAiB8y2kTtASpPENTzR
;JebX2M1U9KewTbUC1f5M/lIoZjTHLxYAmKFKQ/Nw6ofDAPEem3PyMfc7I+SmLkzfAfnWcgHK8Ffut2y
;DhFZcwbVmF2trMsJCRnqzVIWd7G/xyTbkUerAVn8HbIWlV+wRhYZn+OiisjA3G/D0xT5s/0IpRsQXzC
;YGfpdshMNwyoHk1mdY68Iy0kZ7M1QVHy/PQTkGBMe64HZ+tsyFo3btoVUlB0kaEoOBV1tw9eVeTP/Q6
;uZEls3XFn6XbISDcMqB5NZny2vCM5EnC+D0hT4MH9GPEAIB6NBWfrFac7RHjBElhQdIe0LyYeS7I+S1
;Ttz84OmGxHcstaC4IYrWs3Dqh8HA8R6bYiKwhgsj5KYuTN8B+dZ393wGMOhxqXKV5izxBaUH2Auyh4e
;xbbUDk9gaPyEp5uSXDJWgGKGJczWW/aGV58dOnXTEpgFNtQTlLuz/gTll1QbMdrE5gGrT9TU9sQUHh1
;hqIjSnkV230tPYHA/hKda0558XUVghi8KUdpzRhgfH2GoiklDHqEMVtS6MfOEoR2RWzxdg+OGqRaNQy
;oXT8PEYq6IiYSerwPWlzo184PlGNDdvFoDoUppDtOadojS2Z8jNVPSnsw21AtWeTN4hiucVVu3moVny
;mpNkNp2hJee3S2tCMtF3GENUNc48/0ffMCIAOuBWePE6YpUlPbCU9/fpuhEiwXe6wiTEnk/PQTkGBMe
;64HZ+tFyFo3aM0STGpOmqA9OhRmrw9EU+fK/RGud1N78WkOhRO7BV5i9xRWaHm2sSgkCH2vKXJa88r1
;ffMDIDyuBWePE6YpUlPbCU9/fpuhEiYabb4iXmLjzOUJnm9/e8BkBYcTyFg3DI98Pw91haUSKRN1tjJ
;IT97T4xSfdklwyVoTjhu4P0Vt3AlNak6MuywoF3HbUi09qqORfZVuUEHNbQaGFK0oaHjNEU9qY4ihOD
;geS7I+Xljz184akm1Ee/FgCYoUpD83Dqh8Hw8R6bEhOiRzuD9JWN7F+BGUbEFzy1oBhASlO0NTzRJeb
;X2M1U9KewPbUC1Z7dPOEJRwR3vxaheOGJcpUmvFGVF7YunXTEpsFNtQSVHx/PwYg2VFQcFzApkaqSpo
;fMkOS3wR69RNVnsU2zRBTd7R9BqYbU5/wloCkwanKUJ+zSNaYXCLuShKeRXbSC09gcf9Da5wRXPBcwK
;0FL04VWDNI1phcIu5KEp5FNt5LT2Bx/0NrnFVbMhkBI4puzNTafcIWndlnKcoFRh7tz9fYu/M4xCQbk
;lky2Fn6XbIdjcMqBhTf06aoD8sGne+D15U5cbOCZR6VGvcYDiPH7s7VWDNI1BhToajKDgTdbU3LT+Ao
;4598QJEct5aFJ4ErjtUafcPVmt0tqEoMg9hqTVyWO/C8xGUAiIfriZn63asNkdT2wlNaXCKsBI5EnC+
;D1lY+dfkD5RdTHfJbROOBJcvRwyqfT8qEenVKSYLS6glX1vgwPQigmtEe/FxApMCvShSU8cJS3x4jbA
;SJRV4olAvPYG9kX3xZkxu8XEChgatKFZ43Q5aUHKBtCAoHmaENUNc48/0ffMDIAuuBWeODrw/RWLJEG
;B8eYy5ITkkcrIiXkmBoZB96AIgHt1gE58fpj1oadAITXp1jKcSeCRxtTFPUeSjk33xJyAermAfnwS9P
;lJ+9w9IZmWKvRIpFHu3OUNa3sH0G55wRUHdcg6fFaBaNQyoWj8PEYytOTgOcL4ick72yuUemV1DccFp
;DoURlzJSbdwJT1BwjaMsJBhx21ItPaGjkX2UelRs22ECmSm7LV54yxRgbH6GuSQkHEuyPkxe9crnGPE
;AIB6GBWfrE7AuRXnMGU1QYp68OSkTS7g/QlHozfYigWNSdfFoCJ0Tlz9ZbcoQWg8T6NVpSnsUvihZT/
;TH9A+ucVd32mYPtAW8NUdT3xVPak6etCEmJGC0J0hPgaGRfcYCIB7LfROZA6w/RVPbC1Z7coGKPj4UZ
;IQnRE3k/OYcnW5/asFyApkpqzVYYPcYUHh/trA1PglhvzVfPYOikXLxAiB4z2s4iRqhKmhpxh1dY3Tp
;101KaRTbUEtc7/zyEp5uSXDJWgKFF6o2UgyqfT8pEenVKysVS7g/QlHozfYihmNJavFjCJkppTVBacU
;ZUXtOj7wjIwh8vjQtP4Gjmn3xAkZ/wFoChReqNlJoqH4+DwLp1U0sGnq0Nkti5sD+GZRdRXDPZwuOds
;pbNyCofD9peJumORUXdaI1X2LlyvwYn3FJccBaH5IpqzVafM0STG5lgLojFR56ujJBWIGhkX3oAiAey
;GwVmAKXNlZ1zQ5gfHmMuSE5JHG1MU9R5KOTffE3IB6uYw6ZBbwFW23RGU1QYoa5JC4kfbU2RFHt/PQF
;hXBVbcdqCbQBoT5DZPcOXnt4hoooJBp2tzUtP4GjuX3xAkZ33HYTtBqpI1J+9w9QY3iNiiQkHX23PHJ
;b7czmD5B2RUHLawaJGq1aNQyoWT8PEY+8PzkPS7cxVFjz/OISnWtEQcdrAYIapAVEfM0ZW1B0h7QvJh
;4U2VAtJoGjkRudbVdsz3ECtAStKVJ49xtcYHWMiigkGna3NS0/gKOwffECR3/eWgGCGqQFWGLEBWB7f
;pmKLyUPYLQ9ck700fcckmdTHqwFZ+R2yFpQbdgjWWZ9hYo+Ih54tyMtP4CjiH3xAkd/3loBghqkBURl
;xhtTak6MrTk4DmeyP0M9g6KRUPECIHnPdTiNH6Q2aH/BElhjdLawNT4JYag5QlPewP4QgWdObc9xDoQ
;Ylz9ZbcoQWg8T6dVsSnsUvDNCWeT89BOVXVRr3GsIjRCXNFh20hNTak6BsCw+Enq8UC88gb+RffFlQ3
;HKYDiNH6Q/WW3FGWBpfpu4LD4kcbUxT1Hko5N98RogHq5tAooCoTRQU9wVUmpOirQhKSRxtTFPUeSjk
;33xGCAermwJmBO6LmhkzR1LemG2si4lH3GENUNc48/0ffMDIAuuBWeDE6kuQnz3G1xgdYyKOysXfb8x
;WViBoZB96gIgHsdrAYIapAUGPJgjSnx0tqYiJhJwhDlDW+jP/X3zAiAIrgVnghiuM1tg9x1bbmGdvDs
;vJHG1MU9R5KOTffEmIB6ubAmNH6Q2aG/HElxqf52nJCkkZ7Q8RFne1uIYrmVBbvFjDocayFg3DLB8Pw
;94h7MkJhdLuD9DU+TA5SKUbERuwWwJnwXIWDcMpHw/D3iHsyQmF0u9OV9O9aOTfPEYIB6ubAmNH6Q2a
;H/AGVNjYragPi8kc7ogclvoz/198wIgO64FZ4IYrjNbYPcJTGpOhbwjLwhLsj5yVejE+SKVZ05tx3Ee
;tBG6M1MMqn0/HBHp1SQkD3GpPEJe6sr/Gq5nTn/MaQLrdMhaOQyofFZ9foe8Iy0kcbUxT1Hko5N98RM
;gHq5sFYQYoTRQU8UTUWBlhrskKXsW21A/PYGj+xiDaX96y2kTiim4KF5i3BlNDxPp1UZKexSxNV9W3s
;b/HJNuRR6sBWf8dshaXWnaF2BpeJumORUXdaI1X2LkzfAfnWcgHK4Ffet2yDxedPcUUH1jgLchLyRhq
;DVyUvHG/yKTa1Rtrgdn62rIWjdgyQVafU6BsCQtE2CEMUlc8df4C5RdRXDPZwuOdspaNxeofD9jcJCw
;PxUIfL48QU7ezOMZlHB/cd5xDoYfsj83Dqh8EA8R6bksMx5mhCNZXPPXzg2ea05q8XYEigSuBV1jwRJ
;LUHCFuSI9JH21PkhP3tD5GJ1uIByvBVbrdsg2VnXNDmB8ZYinORULe7I+WWLywPAPl11KccdrE7QXuj
;VCYswjWmFlgKcoFQh8vjxBPYOjkVTxAiByz3wCmSm7LlZ+3CNPYHiHoRI5GHWpNnJX7sr/Ca5hT3DKb
;BOCGaY7WwyqfT8tEenVISsCcakPXkng0eUigW1JcNpaFI4XpQVSaM8ZYGx0h6EoOHsW21APPYGj/RyI
;Z1JB3XEGmQKXKlhlxghgfHSIuBInFGK+D0RT9sLjGfEAIB6NBWfrGqkjUn73D0tuY52KPSUSeq8PXlj
;gzs4Tnl1PaMt3D4oYryk3Dql8Fg8R6bksMx5mhCNZXPPXzg2ea05q8XYCihuXNFhi9wxQY2iOuiMVDX
;GpJEhFgaGRfdkCIB7CZB6OBJcpQ23aCGB/foC7ORUIcbo9ck/kz/AJmHRFQd5qFIICoTVZDKp8PzwR6
;dUgKw9LuD9DW7D89xSdY017wHE4mBO8Ll5izw9gYGeMpz8jH3GEI0FU4sbODpR2VHfAYhTrdMhaBAyo
;fFJuZba2IiQdJoQ2RFHgzvQThV1Te9pxDoURuwVYes0OTWZ1jIo+JhJ3vg9eWPXX+BOWcSAcrgVH63b
;IPF509xRQfWOAtyEvJHGjJEhT8srnGK5xVHfaZg+CGK9aNQyoYT8PEY+8NRUTe6kiRF/txs4In2tPcP
;FqEY4EpDtHfM0YPw0R6cNNSnt5tDRIUd7T4xiSa1N78X84gxOhPV94qH4/Dw3p1U0nFHCyNkRY8/ziF
;ZRuTG3xaAKZEa0FR23aGVF7EevVTUR7FNs+Qkne0PALlF1Tas9xAut0yFoqDKh8WWZptr0iOAl9uTxI
;YvTN+BKfXUFywloTkgatBVYMqn0/HRHp1T4hEmavD0tS88D0IpRsQXzCYGfpdshWNwyoD1BjeI2KLyU
;PYLQ9LT+Ao5h98QJTccJsA7QCpyo3Dql8NQ8R6aIkOh5Lrz9aWPOjk33xHCAermoJhw+XNVlp9w9Xan
;2FiiIkJGC0IHJO9NH3HJJnUx6sBWf9dshaWHrNDlduf46KPiIeeLcjcljvwvMRlAIiHq4lZ+t2pyxSf
;sAdUWhOmr0oJhdnhDZMU97Q4RiUZn97wGQFhxPIWDcMsHw/D36fsD84EnC+D0tU7cL8GJ92f3vAZAWH
;E8hYNwyxfD8Pfp+wPzgScL4PS1TtwvwYn3Z/e8BkBYcT+lo1DahkPw8RmacoOQhhqTVyXOXV8BOSZ39
;7wGQFhxP5WjUMqGQ/DxGZpyg5CGGpNXJc5dXwE5Jnf3vAZAWHE/paNQyobz8PEZmnJCQPS7QgSFPe0P
;QanGdOat0FZet20lo3DNgOVmFltqUsOA9nhCNITPTG/x6UXU9symAV63TIWhkMqHxPfXiHoSg4JHe0P
;kti5NvlD4RmRWyfWgSeBbw1WlPYDlZhZYi3IS8kZr43RFLvo5N98SwgHq51FYIYvD9FU8sTUWlOjK05
;OA5wviIfYuLW4gmeb39u3GwJnxeqNlJT2hlYZn6H1U9Kew3bUC1N88r/CZRwf33BawG0G6k5X2XGGWB
;tdIWhTUh7FPZQLT3x0fgThWdSQc1qCY0ppTtUZMESWlBynKY5JRZLqyJEU/XK/xquclJ3wXcOnw/IWD
;cMh3w/D2GbvCM+HmaEM0JT5/z8HJJqSXDLWgSeBbw1WmXSGWB7foa5JS8acIQ1Q1zjz/RM8QAgHoEFZ
;+sGujNZeM0OYGx+h7MSJxp3szlDWN7A5A6FbU131GA4nxmnNl9pyRhgan+ItyEvSRTZUC0YgaORDYNr
;TmrLdziIGaY8aGHJH1dmf4yKKSsPdYQzQlP1xv8JrmNEeq4HZutUyFo3fNoVUXt0m4ouJRVyhD1MXun
;K/xiuZkFqz1oBghqtBVZozHw9DhHY1U1KC2ayPllY8/zyEp9kf3PPZg+CGK0FUnTcDkprdJuKPj0SYL
;g4ckrgyuUimWdBasdrAOt0yFoXDKh8T314h6EoOCR3tD5LYuzC8hWYbEVByGQJtBWnNEN+xxA/DRDp/
;U1Ke2SpOUNJ5NHOHp5sRkHDZASDH6Y/aGrBDlJ4cJuwEjgeYKkxTknozP998wIgM64FZ5sEoTRDadoj
;XGB/j4ogKxh8sj5IYufK4xCGY1J78XEOhhOXP0R4wRFee3iGu01IexTxUC098dH4E4VnUkHNagmNKaU
;7VGTBElpQdoq6KS8kcYQ9WFH1yuERiF1GcsFyZ+l2yHI3DKgMTWZ/nbA/FRh7tTZyUODA+RSfZ395zW
;oDjim8MkJhyhJeZn22tCkuexbbUDA9gaPhD5hsVHvcWgSEGK4FWm3LFFZhdLa9KCsPS7k1ST2DopFd8
;QIgbtxsCZ8TugVUY8YaYGJwir0kJB5LsjRIRd7Q6A6FZ00erAVnwnbIWkd+wRJLamO2tiIkHUu2MU5V
;6M30Ip5vSWrxdwaCBa0uWHnLFGBsfo2wTUh7FPlQLT3x0fgThWdSQc1qCY0ppTtUZMESWlB+m7wqIxV
;LuDVDSeTRkX/xAgQergUXmR+mLlJ+9x9QYXe2uCwpE321NXJN88z8DYVdVW3LWhWKELxaNQyoSz8PEZ
;mnJCQPcakPTlLvxc4QkGFId8BgOJsEpzdHePcJTGpOm7QrPiRwriBBVOLC5RSebH9zx3cVhATIWDcMj
;3w/D2GbvCM+HmaEM0JT5/z8HJJqSXDLWhWOGqkuXnrNI1p3ZZugPiMUettSLT2xo5F9gXBJcNpgFbQV
;pzRRU8UdXGd4h7ASOB5nviRyWN7P9BOWdkhBwmQejgSXOV9txhtaDxPp1WJKexSrIkRT9cbjIpJtTnj
;xaAaIHqE0UlPeHVNmdYihKBULZrI+WVTvxM4Ng2tPbMdxHut0yVo4DKh8TW53nYomLx5khDhCUeTQkX
;/xAjQergUVihC8BVh6zQ5NZnWMiigkGna3NS0/gaOHffECUn/IcTiYA7o8Vm/NI1Jgf4ahIiQSd9tSL
;T2co5F9l2tYQcZqFZkfqjZSU90SVmB/trQhJiRgoiBIYuOjk33xKiAerncCnwSpOUNlxxJgbmeGvCkV
;Dnq1NU5Y8tDwD4hdSXDxdhKbBqcoQz2ofj8POenVTTgeYKkxTknozP8ikHRPd8paEoUYrTlSf9sdTXZ
;OgLsSOQ5kqz9fSbOjk33xGSAerncCnwSpOUNlxxJga3iatC8mHku6JHJO9cLjCfEAIB67BWfrBK0uRW
;3LCFZgf7a7Ij4kfbUjRFnko5N98RUgHq53Ap8EqTlDZccSYGtkm7wjLSRjsiBIDIGhkX3mAiAe3GATm
;RerLl5jxiNbemOAuyoVDH2rNR89g6ORbPECIGzLcRWKFbwzWGL3GVFuc4WwTUh6FMhQLT3zxuUPkGFU
;d8FrOI4YqThbafdOPw0Q6fFNSntmviRfXOLX+BKfXUVwz2cLjimqP1Fj2hlgYGSdsD8VCHy+PEE9g6K
;Ra/ECIGzLcRWKFbwzWGL3EF52dJu2JSsVc75QLzyBupF98XBFatxkBJ8fpzRoacYdXWN0tro4Pgh9vz
;UtP4Gjin3xAlJ72ncGiAKhNVlT0hRQf06GuyEzJGe0PERZsKOTffEZIB6udwKfBKk5Q2XHEmB1eYalE
;iUVeKIPXlLtyvVP8QAgHrUFZ+sFozNFePcZR3t0m7ssJiRnszVBUfL89xSDcVQerAVn/3bIWkRg2yNe
;YX+MtCEjFXOENUNc48/0ffMDID+uBWeYGrsFVGPGCFB6Y7a0IT4eZrUxWVT3xs4ZmHBFfdpsCIV2ylo
;3LKh8P3x9moouJRR4sj5KYuPG9SKFZ01uy3cGnwO6P2h7yRVLDxPp1X9KexSoPF5i4sz+EZhsR0HNfA
;uCGKw/RVPEE0hqY7a9KCsPcakPWVjs0/QPkHZVbMtaEIofvFo1DKhOPw8Rmrk+FRh7tDxEU+b88gSda
;056y3c4nga4P0VTwBlee3SbijkvFmS+IkxJ9NH0IoZjSWquB2frW8haN3/ED2Bsfoa5JCQcS7c1S0ne
;xfQYlV1Ie89xApkpvD9afM0OXntkm7ASPRp9r1AvPYGJkX3xcUxt8WYIhBqhNFBT2BVMe36HiiUvGmC
;+InJJ5M7hGINjVGvcYDicF6EuNw6ofBEPEemmITkkd7Q/QVTvxM4PmGVIavFjAo4SlzJSbdwZTVBljL
;g9Lwl1ryVfWN7U8BSFAiIerhZn63a7NkRTzx1PUHeAuSEVHnq6MkFYgaGRfdECIB7daRS0Eas1U2n3G
;lZjdIe0IC8kcrQiQFz1/PQTkGBMe64HZ+tsyFo3f8QPYGZ/j7whJiRzuiByW+jP/SKUbEF8wmBn6XbI
;bjcMqA9TfE6AuysjF3iEPVhR9crhEZRdU33PawmCGK8FVGPdEktQcIWhKDgVda85W1jewv8anWcgHK8
;FcOt2yClbf/cRWn12jIoiOh56hCNIWuzG/wmCAiIfrhJn63a7NkRTxRlNaHS2ujsvCXi6IHJN4NHlDv
;EAIR6KBWfrBaQpaGLBCE1gdoy7EjoJe681TknozP8igW1TavFmCIQaoTRQDKp8PxER6dU+JghLtCZIT
;/LK/wmUcElwyVoEhBu4P1l/yQhWYH/p101KWBTbUF5R8vzhD5RqRX/abAmMKao/U1PcGVJ/dJu0OT8J
;cYQnTFT1o5N88TcgHq52C5gpuChSZM0dS2Z/joouMxd9tTRIT97P/gqUcH92y2QTjgSXLlJh2BlNbmW
;cpygVDHWyJC0/gaOkffECU3LdWheZE6A/VnjBElhQcpC5JCQfcakPWE3xxuMimWdBast3OJ8TpSpSfs
;kISn10tqIsIw8U2VAtDYGjkQ6dcX9u3GAPjhe8M1lr9xBaaWW2sygvH0uzNUxJ5NHOCZRvUHvcZBOeB
;K0FQG3BCD8NEen4TUp7Z7cjck3zxvkYkHZJcMlaF4IFvDVZU8AZXnt0m4o5LxZkviJMSfTR9CKGY0lq
;rgdn60fIWjd/xA9gf2OMvSgrD321N3JP6MT5Ca5kRXvKWg+OF7w/RVPcGVJ/dJu0OT8JcYQnTFT1o5N
;98RkgHq52C5gpuCheYtwjS25igoohKxlxtw9IU+DB/RjxACEejwVn6wWkKWh82hVRe3iHshIoHnCEJE
;hQ8cbjHIV3UnvxcgaCAshYNgybfD8PYoWmEjoJfbUkRFPm/PIEnWtOest3OIcZvz9FU8AZXnt0m4o5L
;xZkviJMSfTR9CKGY0lqrgdn60XIWjd/xA9gf2OAuzkjFXOEM1RR6M31GINdVW7eYBW0Hq07Q2naI0tq
;fJmwPysPYak1ckrgyuV98wIgMK4FZ5gauwVHfsESS2Z/joohLx1ghDZIWOX8+RiQdkVs8XEChgatKFZ
;43Q5aUGaIvDlKeRTbey09gdD9Dq5yUnfAcQ6FEZcqXn/cE1FQeYy0OS8JS681QE3k0fAJhHBFQdlkDp
;92ylo3I6h8P3x9moo9OBJ6rzlDWt7R+BqZdn94y2ADtB6tO0Np2iNLanyZsD8rD2GpNXJK4MrlffMCI
;AauBWeYGrsFRWPBI01qdoC6IxUId7o+clHg0OV98wIgD64FZ5gauwVEZMEZU2tOjLssKBdx21IsPaij
;kX2CblNB3XAVjRerP2h/wRhaUGWMrTk/CXGEM0JR7tHOE55wTX/CbB2OEshYNwy3fD8PYoWmEjkOZr0
;xTlje0PgZlF1Ue9ZxEpkTlz9ZbcoQWg8T6NVuSnsUqDxeYvLW4xuQYUVB3WwDjim8P0943Q5aUH2Asi
;U+HmaEJV09g6KRWPECIG3CdjiYA7o8Vm/NI0xmdYyKOS8DYK4iSGLu1uUOmGZFQcFrC5J2ylo3Lah8P
;3x9moo5Ih5mtjFBYuTN8hGecVVsy1oFigWtBVJiyR5TahHr1U1rexTbI0FO3tf5FJ9dV3/CaTiPGb04
;W2n3EFZhdJqKKCQadrc1LT+Bo6F98QJTc89pC7QXuj9WU9sTU2Z1trwjLBJ4tw9LUe7Uzh6eb1B7wHY
;Gnx+nNGhpxh1dY3Tp101KbhTbUF5Q4M/9IpdnQWrbdwKYKa00Vm7EGT8NEen3TUp7Z7YxQVHexfQchX
;dSe91aDoUQoTZbU9odS2Z+trAjKxl4vlAvPYGFkX3xcU9yx2E4jR+kNmhlxhJafU6LpyQuHH21N3Jc4
;8znGK5xUH/cdgLrdMhaKgyofExgfYCxEiMVcrI8QWLjzOUJnm9/c8FrCJ8ZpjNUDKp8PyYR6dU+JRd9
;vw9EU+fK/RGubEFs3GoQtAStPV5jxiNKfHS2tiIkGHG1JF9U4qOTffEYIB6udgiHH6wFXmLOFVNjTp2
;6PRUWe7U/WVLvyvJ98wIgB64FZ5gZpDNTU8ESWWZ9hYo4OR5LvDFdYufK/RHxACEepwVn6wW4M0VtxB
;VFahHr1U1UexTbI11U88L9IpxtRHvxdQafHpczWXjNDk9gfYihJCUVFNlRLSqBo5EOhHJQcdxxOIoSq
;SpDZd4ZYGp/iLchL3sW21AjPYGj4giBck9s2loChReqNlIMqn0/GhHp1T4/C2S0Illi5M33EoNhRWzx
;agmHD8hYNwyFfD8PYpylPSUJYIQ5Q1voz/0ihHFFQcJsCY4FlzNZU8AVWGdOjbAjORJgog9KT+jHkX/
;wAjkergUUnga4NUV49xFQa3iPvCg4JHO+PkhP4Nf0ffMCIDmuBWeYA7gqWH7cI01qcpuwLD4eS7o2WV
;jz/PwSlWtGd8t3OIkZpzZSbcZ8PQ8R99VNSghhqyBCT/X84hCQbkxByGkIigKtPmhqzR1LemOMpk1Ie
;xTDUC098tbhDZ5wVEHCYAaAD5c5WGLGGVx7eIa7TUh7FMhQLT3y1uMbkGFFQcNqA44prTRWbsQZPw0R
;6fBNSntnriJLXOLGzg6YZkVB2mAfnwO6P2hvxxBQfU6Huj8nGniyKkhZgaGRfeoCIB7dcBWNF6s/aH/
;BGFpQZYytOT8JcYQ1Q1zjz/R98wMgAa4FZ5gDujxWb80jTGZ1jIo5LwNgriJIYu3K9hWFZ1JB23Vn6X
;fIezcMqA9KfXeItigVCH2/NXJJ5NvlCINnf3HbcRSCEq0FWGLEBT8NEenOTUp7Z64iS1zixs4Onm5Je
;vFxCJsppTVZY9wTUWZy6ddNSloU21BZWOzT9A+QdlVsy1oFhAK8NVpT2wlNaXCKsBIvFXW5PEg9g6OR
;avECIGrLaBeOBKkuQn7NI1NmYp2KKCQadrc1LT+Bo5198QJTbtt3FLQTpjtVYM18PQ8R99VNSg17tyV
;AWPXR+B6ucVB7y2E4mBunNUNk9xlRbnOFsE1IexTKUC095M3wH51nf2nHdQK0AqctUn6ofj8PMenVTT
;0SZL4PWVL2xuMil2tYe8paF4QFoS5eY8YjWmFwi7koSnkU23UtPYHU+A2UXVRx2WAVtBqnNUd/9xleb
;Hm2sDU+CWG/NV9i5M3wH51nIByuBWzrdsg1WHbNI0xneIy5KUp5FdtzLT2B1PgNlF1Xf8JpOI0ZujlS
;aPceRlBigLsqJh5LvihZT/TH9A/xACAepwVn6xS6M1pT3AVPahHq0E1Ke1uuJEhPga6RffFhQWrLYgi
;ZD5c0VmHNfDw+EenVHTgSeq81Xwze4t84pV1hJvFVC54FlwhnRZsjbERD24oELh51tjFGWPP8wQ+eZE
;lyywV263bIOVZ4zRtQfWi2uywnHkuzNVU9gmeRffEyECueNVfcRPhqATWYTAlKIdnieXpLIu5gHQqzk
;6FOwDIQK+g1V99H+GoDSZhMCzoh2eB5ekshnWAdCbCToU7JMhAr6DVX3kb4agFPmEwIOiHZ4n56SyGd
;YB0Is5OhSMEyECqXNVfYRfhqAkqYTAo8IdnhD3pLIelgHQ6zk6FItzIQKpc1V91C+GoBOZhMCT4h2eM
;Jeksi6mAdC8OToUvEMhApnDVX3jD4agI8mEwIPSHZ4wt6SyLtYB0LuJOhS7IyECibBXvrdsgpQnzYE0
;17To2wIzkeS78lTFHexukJg3dTd8FrZ+h6yFo3TcQQH2ppnac4Lh5m23YtPYHH9BOCZ39t23UXhAS8B
;V5izhVTY06GoDkmEnq+I3JY+dfjCJVnUh6tCWfrdok2WyzNBEt9ZI2wP0ppFNtQXkjx0/4PhV1Ee8B2
;ArQCsSpSDKt5Pw8RpbwjLwgU9VAtPeXP4SKTY1N78WkGkhO6BVZq3BlNUHSRpSI5Dma+D15Y8cLjHIV
;rT3DxYgSEEq1aNAyofD8PI+nVTS4XZIQyTE7k/P0ciGdSQc9jE44Elz9PfMcPSn10tqYoOhpmuiREUu
;/89h6eZkVB3ncC63XIWjcMqFM/DxGNuT0VGXWoNXJR4Nr0D65gRXjBdwK0E7AqWH/dDlpQYoylLDgaY
;LI/Q2LmwP4ZlAIjHq4FZ+tFyFo3aMQMYG1wmrASJhptviJyX+TF/g+UXUVm3moUngStBURp2B1NbmWA
;uiMVHHe0NEhi8dH0ffICIB6uBUzrdsg+W3z3Hl58dLa5LDMeZoQlXU3k0c4NnmtOavF2ApsXujtDZcc
;SYGhyhrEoSngU21AtPa6jkX2VblBBzGQUjimkO05p2iNKf2GMpxI6FH21JHJO5NPwD5B2SXHAWgCIGa
;w/aHzaGT8MEenVTUp2FNtQSVHx/PYenmZFQctrA+t1yFo3DKhmPw8Rjbk9FRx3tDRIYuTb5RiDbEFy8
;WYIhhupNFMMq3w/DxHpzE1Ke3C3IHJa4sz1GK5kSXLLawaGE5c8WH7FHUsPEo/VTUoAc7g/SVjexfgR
;lGxBc8taEIICoDVCePcZR3tstq4gKxh8sj5IYvXa4RiuY0J83GARghe8M1hi1SNEYnCdsD8jGniEPkx
;Q5PzwH5NwRWjHZBOCGaYnaHfEHUZqY7a9KCMcfK8tQFCBtZF98WZMbvFiBIQSrQVbbdEZTVBygbQjLR
;4U2FAtPYGjhH3xAkRy3loAiBmsP2h8xw9Lf2OGtig5CBTYUC09gaOeffECRHLeWgCIGaw/aH/cHU17E
;erVTUp7FMJQLT3lz+EimWdBavFmEpkfpj1oeMERWlB9gKY5SngU21AtPZyjkX2VblBBx2sJjgSXOVhi
;3BNKfU6Gsys5HmCEPERO9aOSffECIB6eBWfrEqQqaGHBGFtjdLa5LDMeZoQxS0nk0c4YiXJPbdt3ArQ
;FrSpWfskIVmB/trIuJR9x21MtPYGjkUnxAiB6wnU4hh+sPltp9xBednSbiiwsD3GpD0hF8cziCINnf2
;3LdQaZF7wzWGL3G1xgdYyKPTgeFNhQLT2Bo6B98QJEct5aCoISrDZSU8QdRmpjtrcoLBRmvg9IRfHM4
;giDZ39ty3UGmRe8M1hi9xtcYHWM1U5KexTbUBg9gaP1EYFdTXfKYQuOKaQ7TmnaI11qd4anKBUebKs/
;Xkjzxs4OlHJBbM9xDoQYlz1UY8wZYH9jjNVOSnsU21AAPYGj9RGBXU13ymELjimkO05p2iNKf2GMpxI
;6FH21JHJO5NPwD5B2SXHAWgCIGaw/Nw+ofD8PEdjVTUofeKsPQFTlx/0Yrm5BZ8t3OJ4GuD9FU9gTVm
;FltqYoOhpmuiREUu/89h6eZkVB3ncC63XIWjcMqEw/DxGNuT0VFXupPUxR3s/wBJRwf3/IcQKZKa0iR
;2PbCU1qTpqwPSsJda85QlPexPISlWcgHa4FZ+t2/Fo3DMwQT1B/hqcgKxdLtzFUWPP88BuFZ1JBy30X
;hAW9KFJT2xlPbmOIoSQlFUu8M0JZ5PzhD5QCIx6uBWfrR8haN2jEDGBhfpu4LCYkeLopSE/ewfQbnnB
;FQct9F4QFvShSU9sZT25jiKEkJRVLvDNCWeSjkn3xAiAemwVn6xKkKmhixw5Sbn22uSwzHmaEMkhb7t
;H0IpR6UHHdcBWOKbs/R23aHUtmfoeKKikUcL4PXU/ko5J98QIgHoMFZ+sSpCpoYscOUm59trksMx5mh
;CVdTeTRzg2ea05q8XYCmxe6O0NlxxJgaHKGsShKeBTbUC09sKORfZVuUEHAahWGF6QFW23RGU1QZJml
;KDgkZLQ5Q0ne0PQNkHBBasdqCbQRqzVTafcMTWoR6tVNSnsUzFAtPeXP4SKEdH9923cOhRGXLl5hzSN
;TZmKd1U5KexTbUDE9gaP1EYFdV3/dbQ6FEZc+RXXBElhQZYC4KBUXfagkLT6Bo5F98RcgHq5hC5spvz
;tEZMESWFBlgLgoFRd9qCQtPoGjkX3xHSAermAfnxO6NFZg9x9QYH2AuyoVHXW1D15N5Mb1Ip1rU2quB
;mfrdshaOQyofFluf7amPS8ecIQ8RE71o5Jv8QIgL5U1XNlN+moMOZNPCjQp0uB9SmoU21BLVO3C/Bif
;dn9q13UCtAW8KDcPonw/D0GllG17VSPuPUA9k6ORfZdrTH/DYAmfKbwjR2n3D0t9I+nWR0p7FIscbB2
;wjaZInG8gPq4FZ40fuilDU8QdRmpjtqYiJhJwhDlDW+jP/SKBY1Rqy3cJ63XNWjcM5BVRamLp3E1Ke3
;G1NANa4sz1GPEBOB+uBSraRvx6ZDyIR1p3ZZugKS8JNLM1TEnk0bESl2QqU58xV8sl+HoMZM0dS2p1y
;bcoLlt8vjFZWPOD/huXIgh3yCUehAPoMlZ6zVxWezjjknR7Wy+pNUFc9crnGNFyT23HcQ6EGKE1WQbv
;TR9KPNj1C3lLJPtwFk/k1+McknYAasZgR40fpDtaacYIH24xi7w5ahlxvT9fWKHP+BuFa055jnEPjla
;mNU12xBkTL2WG9T8vF3G6I0gd8sz8GNFtRj7abQLLBro/RH/dDloFVtj1F2FKJPsVAAih5ahNwTIAJc
;NqEY5WknpCfIgdUWsxm7A5OBp3r3BLVO3C/BifdgB72GAJyxunKFIG5UQLLyqaoSg6C3GpIw1S58WRd
;/ECIHvAYVXFEas1U2mof7oPEemYf3hKNI9gDW6wk6F3vDASL45RVssl+WoHBuVNDzsxveVtGUselmEd
;CaH3oF2iMipTnzFXyyX4UHo9mEs1SCjY3wp7W1H2YQ17spOhd7YzAESFNUneVo13AizwUQ0/MbD4f3p
;bUqAkX1z3xv0ignJFe8p4baxE8HpvPIglDwVc0eFHDUIk20YtPYHE8hKVZ3971nECmRipNmhvxxFSbn
;+N1U5KexTbUDg9gaP0BYVwVXrLdziYAaEuVGSGG1xgdYzVTkp7FNtQOD2Bo/YenmZFQchsC44YqTdSU
;84TTWJwndVOLXsU2ytKXu7H9CKXa0x7wGQKjim/M0NkxwlLUHSRoTAVAHm6M0VU78bOCYhyRUHPZwWZ
;E74zVnjBE1FyTpKzJCYaeb4+WWLvwvwYrmNCfNxgEYIXvDNYYpkBYHR9iKwoOCR8vjlKVfXe/BDxECA
;ermkGkhO6BVRkyRJYaj+OtiIuHhTYUC09gaOAffECR33BYQK0BqcpQ3zaE1xqYprVTkp7FNtQPT2Bo/
;YenmZFQdxgF44CoS5eY8Z8PCUR6dV2OB5kviRESejM/12WYU96yw8g0kToHwcGkw5af3SdvDkjFHr7N
;05S5caRbfECIGzLcRWKFbwzWGKGG1xgdYzVTkp7FNtQJj2Bo+IJkHBUMMlmCI8TyFnBDah8eD0gye4g
;Lw9msjMNS+DP5BiCCGcnniVcihS7NVt53Bkff36avDkjFHqyPko3zJujXcpxRWqOYB+fBL0+Un6ICFA
;vcIumIiYOYL5wQFLlxpswwDIXPpV2E4oEvHpAZdwUH3t5jPUrKxU0tDZLN8aRqV2pMgBHniVchhm+Px
;dUhyUfe37JuCQkW3G1NF5J7tPid7YwGD70NUfQG6csUizyXEtgMYS8I2oeer8jWVLx0Js6wCJ6L5srV
;8sw8WoHPIhHUmBnjPU5Ih40qzxMSefM4xDRZk9pwCVW3hulUD1LkU4fSiHJ7jcvCXv7JEVYocbpCYN3
;RHvKJQuOGK8uXwaiOw8vSd3mbRNJI/sWHw2xk7FdymVPPtpqR58erXpSaM8ZH2B3yaElL1t2vjQNN8a
;ao12pMgBHniUi21bzKVJ4iAZafX7JoSJqHnC8NQ1S54PlFZQiQnvKDyDbVo5jBzyYXGU+MdKPbT8LNK
;w5WVWhkvwQ+0URPug3V9tWkmoXN/JcV2B8jPU+JhRjtyknN8aSsSfANw4ujkNe20b4egxhxwpaL2WBs
;G06F3WvNkJP7IP1EoZsAC+baArhfI9rF0qRTA8/MdKmPS8ecPsjSEn1yv8a+0UZLI5ASthW8yhSeNod
;XHt4hrtHB0ol7HB9T+jN5RSfZQ4wgAVr63bIKUNt2ggNIXaKuikvexdrUC09xpGgd7Y7EBTjPVXhO/l
;qAAbvTgcvSdn1FHpxU+loDWexqdZM0VgRK4A1R61F+Go9WJl2eDYjyZB9QDwl+xYfDbGD1EzBCGcnnC
;Ui23yPaxdKmkwPL1TErj8vD2a6M1lU7s3OGYRjTEHPaAieGLwnPViYdng2I8mQfUA8JfsWHw2xg9RMw
;QhnJ5wlItt8j2sXStMITW5njLkSOQtxvjRQN8ySoErRUlJ3wHEOhRHmdBkMonw/D3aKuikvJGCiIEg9
;gqWRffFQRW78ZBfrZ8haN2XGGlZjfba0Iy0XcYQ8RE71o5J78QIgKps+VthDyE83DKgVUWl4hbkSLg5
;1tw9IRfXR5A6YbU4erQln63aJNlsszQRLfWSNsD9KdRTbUERT58r9Ea5yQWraYBWFdsteNwyoO01mde
;naTUp7fak/Q1TvxM4NkHZUe9xrZ+h9yFo3Xs0fS2Z9gLsoKwkUxlAtPe3C6BiDXVNqz3cTtAanM1l49
;w9cbmOPiiclEnqvUC4+gaORPJ1uIAOuBWeHF7E/RVPbCF59ZbalIiMVYIQjSFzs/PISg2xFbK4Gaet2
;yAhSasQZR0BjqrojPB5s20gtPYHO8AmuYU9wyDQ4jR+kO1ppxghgbWOIuylKeBPbUC1v4MriGMJGIAG
;uBWeGF7wFVGPGGg5Qd4C5LCceeq8PSVTy0/0ciF1Of8NgZ+hqyFo3V/odVnx02pEQaitmvj1ESOyDwT
;GwIhEwmTAKhnbUWjcMxR1LUHKGuyt7JHKyPExQ5M3lIpZhT3rLWgKFEshZNwyofD8REenVICsPS7g/Q
;1uw/PcUnWNNe8BxOIwVpz5SU9sIXn1l6dZNSnsU20ctPYHO8AmuYU9wyDQ4jR+kO1ppxghgYXCEsE1J
;cRTbUH1xwIOgU8Y3TXOuIWfrdqU7Q1PLE1FpILazJCYaeb4+WWLvwvwYrmNCfNxgEYIXvDNYYqh/PA8
;R6YUBC3sM21AtUODXzh6ebEYv8WMOhxelP1l49xJQe3Sa1U5KexTbUDA9gaP8HIVdQ3HAY1a0EKE2Vm
;HNEktQYZu8Li8kYbU5WT2CoZF98UlHHrMFZ+sbqS5ob8cSWT5Oj7whKxZxtSRyTuTX5RSfZX93ygVkz
;3bIWgRumk8HbHXd+ClyS3X2ZB5f4o6pGMhkDSyWZF+JRqo5D2rJTz8lEenVICsPS7g/Q1uw/PcUnWNN
;e8BxOJgTvC5eYs8PYGl4hbQgLxVghDJfXO/HkX72AiAe/GQOmBP7Hjc9qHw/YnCdii4lFXLqD0tU7cL
;8GJ92f23LcROCGK8paGrBEF5idIehEi4SZ6s8TETezfAQlAIjAq4FZ7AkqTNEaZs4Yi9Bm7AgIw55+w
;BhfKGSv0rEb00egAVn6xupLmhvxxJZPk6PvCErFnG1JHJO5NflFJ9lU0HIbAuKG600Q1POFVNqToe0I
;C97F9FQLT3R79BdwCwXK8NoZ8V2yFpabdwjXGB/j+QSLBJ4uj1IU/X84hiFdklwyXY4jR+kO1ppxghg
;aHKGsSgVHnq/UC49gaORfcECIB7DZBO0Fac0UT33GlZjcISwIz4kZ74kWVTvxOIil2tMf8NgCZ8przl
;YaM0jTHtwm6FNSXsU21AtGoGjkRCQdn99wWsB2imuM1ttxRlRe06asDk+Enq8I3Jb6M/wEJRsVEHHYW
;foUshaNz/KTgw3co3hYC5DJLp9GQ7jwLxFlDtGM5w9BtMU+DhUNM4dDA846dVNJxpghDNCU+eSzhuYb
;kFzy2sTtAWtLkNlxhtMUHeAuSwnHnqvD0Nc7MaRfvsCIB7+SSbLR+ZtAmHFfAkPEem4LD4kd7Q+Swze
;xfgRkG9FcNpaFI4CvDNZa9sjWWZ9iLgoJA9LtTFAWN7C8x+DZ1Z3z3EOhBjIWTQMqHxvQ1Dp/01Ke3m
;6JHJe7s33TK5kSXLPaAKFApcpUnjcFVFoYrazJCYaeb4+WWLvzOUYggIjHq4FZ+tryFo3YckIYGx+h7
;N8FR19tzFAWO/XzgmUYUhwwWkIjA/IWT8MqHx5Zn2IuCgkDxTDUC097MLlIpJtTnicWgGCGqk3UmLcI
;119cIexTUl8FNtQf1zo0PROtQI/Hq4FCooClzlYYs5OYGl4hbQgLxVghDRETvHP8ASubEFzywVk93bI
;WmxeyRVMaiKtiG0aCXG2OVhQofPdPNEzDimbaArrashaN2HJCGBsfoezfxUdfbcxQFjv184akm1Ee/F
;gCY92y1o3DKh8IQ8R6bgsPiR3tD5LD97F+BGQb0Vw2loAiBmsP2h/3B1NexHq1U1KexTMUC097MLlIp
;JtTnicWgGCGqk3UmLcI1FufIzVTkB7FNsAYXyhkr9KxG9NHooFZ+sbqS5ob8cSWT1Oj7whKxZxtSRyU
;+DO9CKQYEJsy3MOigKhNVkMq38/DxG5mQxKYxTbUEBc9fzyEp9kEkHIbAuKG600Q1PGE0tqYunWTUp7
;FNtNLT2BzvAJrmFPcMg3OI0fpDtaacYIYH9jgLYoFQ56siQtPoOjkX26ZSADrgVnhhe8BVRjxhoNUHe
;AuSwnHnqvD15Y9df4E5ZdSXquBkPrdshpVT6bRFxrJcSxdXoaOe9jT16sm/REly8SJs89BdsUq2JRbZ
;t8FQ8R6bgsPiR3tD5LD97F+BGQb0Vw2loUjgK8M1lr2yNZZn2IuCgkD0u5IkxT5aOSevECIEzPbBSOR
;YxaBgyofFJuZba2IiQdJoQ2RFHgzvQThV1Te9pxDoURuwVRZcQdUmp/nYopIwhktzFUYu/C/BjxATwe
;rgU8uRehKVI/7CEfX2OMuCQ/FjSLHGwdsI2mSJxvIDCuBWeGF7wFVGPGGg1Qd4C5LCceeq8PXlj11/g
;TlnF/eMdpBoYTpi5oasEQWlB/iLgoSnge21Atbc3isUzfNRVzwwVJ63bIN1Z49x9QYXfbiisjF3W2NU
;NJ3tD0CYVrTnndWgGCGqk3UmLcI1hsfo2wEi8VcNtTLT2Bo5FN8QIgc89xOIgZpjwFU84VU258jLs5F
;QhxryREU+bQzhuYbkFzy2sTtBGrNVNp9w9LbmOd1U5KexTbUAo9gaP8HIVdQ3HAY1W0EKE2VmHNEktQ
;YoyhOSMVc6gPS1TtwvwYn3Z/d8oFZM92yFoEbppPB2x13fgpckt19mQeX+KOqRjIZA0slmRfiUaqOQ9
;qyU8/JhHp1SArD0u4P0Nbs/z3FJ1jTXvAcTiYE7wuXmLPD2BpeIW0IC8VYIQ+TFDko5J38QIgTuJER9
;pY/29aYahKPw8RhLQ5FRh7tTYfYufK/RycZ05q8XYCnwKhNFB/9xpWY3CEsCM+JHq6PUhi4MHzD5R0S
;X/abAiFdstZNwyoLHNOEcPVTUoWda8PTlLvxaMil2tMf8NgCZ8puz9DeMESWHxOj7whKxZxtSRyU+7X
;9A7xASAergVn9nbIWlpt3CNcYH+P5xIsEni6PUhT9fzlGJJqTnHCagCSdstSNwyoOlZjcISwIz57Bdt
;QLU3twuUbnnBNQc9hD44FoTVZDKt4Pw8Ru7QrPnsO21AtUvfG4xWQbEdB3W0Chxq7BUR8zRlbUH2Apj
;lKeBTbUC09kKORfYFjVW3LWg+OH68yQ1PEFUx7EerVTUp7FMpQLT3xz/AJl21Sc/FkA48fvDNYYqh/O
;w8R6ZsiJB4UzVAtPfHR9A6Cd1J78WQDnRemOVJT3AVPaiDp1khKexSdOVVY5aOHffECUGzLdhSeBK0F
;VmjeHVFsdLahNDoeJttTKD2Bo9cUiWdEHowFZ+sGujNZeM0OYGx+h7MSJxp3szlDWN7C/CKFZ0N2wGo
;LhBGxWjQPqHw/SVev1WBKexSrIkRT9cbjIpJtTnjxaAaIHqE0UlPLCUx7foS8Ny8kYLQ/QVXkwvUin2
;NNe58FZOl2yFpjPKhRPw8RmackJA9xqQ9OUu/FzhCQYUh3wGA4iAO7LlhhwQZaUGWGuiEiHnW/D0Nc7
;MajffIAIB6uUVbrUshaN3zaFVF7dJuKLiUVcoQ9TF7pyv8YrmRJcs9oAoUClzRWYc0jDg8S49VNSitY
;mnAcE7aW/BDxJiAernUVghi8P0VTyxNRaU6EtC4iEnq+D0tU7cL8GJ92f3DPaAK0RMhZPQyofG9DUMn
;kY31OebZQDz2Bo+EPmGxUe9xaBIQYrgVabcsUVmF0trMkOBZjuiJIYvXa4RjxAScergUshx+4KlJ+qG
;M/DxGZpyQkD3GpD05S78XOEJBhSHfAYDiGR/hqBlPLE1tqEerVTUp7FMRQLT3x0fgThWdSQc1qCY0pp
;TtUZMESWlB82OV9eCR3tDRIPYKjkX3xAj8ergUXmR+mLlJ+9x9QYXe2uCwpE321NXJQs5OhTa5hT3rL
;BWTrdshaNy2ofD9/Y4C7OS8JS7g/Q1vezvAemWtOe/FqBJ8ZlztTaNoZTHwR6tVNSnsU+1AtPfHR+BO
;FZ1JBzWoJjSmlO1RkwRJaUH6KoSIVGmSyO0hEgaCRffECIDKuBWebBKE0Q2naI1xgf4+KICsYfLI+SG
;LuwOUSrm5BbdpaEpsapztTU84TU2t0m9VOSnsU21AIPYGj4Q+YbFR73FoEhBiuBVptyxRWYXS2pyg6H
;mCyNV9i4Mf1D5RxUx6tBWfrdsh+NwyoDE1mf52wPxUYe7U2clDgwPkUn2d/bMt1Ap8frShobdgVVGpo
;6dZNSnsU23gtPYHT4xSfdkVs8WYIhRCXN1ZvwBVRak6bsD0vD32+InJR4NDlIpZwT2veBWTrdshaNya
;ofD9/Y4C7OS8JS7g/Q1vezvAemWtOe/F3ApsTvDNSfvcMTWZ/nbA/FRV1tjUtPoGjkX3xHSAernUVgh
;i8P0VTyxNRaU6EtC4iEnq+D15Y9df4E5ZdSXquBkPrdsg/Am+dHw1sKMTsfn1JOe8yFASsm6lIxi8RK
;J03UN1O8TtTaJh8Jg8R6aU/IxVgviJyXu7N9yKcY0N2x2sCtAKxKlIMq3o/DxGPuSI6C23bdi09gdPj
;FJ92RWzxZgiFEJc3Vm/AFVFqTp2sPS8kdbkyX1j3yvAJmG1OHq0FZ+t2yFY3DKgMTWZ/nbA/FQ9tqzU
;tPoejkX2Xbk9u3nxn53bIWkd+xxpWY3S2uywnHhTYUC09gaOCffECUn/IcTiPA6k2aGnQCE16YoC6I0
;p4GNtQLXztz7EYiXZSa8pgFetlyFo3fskaS1B4h7MkJhdLqzFZSeTR/33yByAerkkOhRO7WiIMqHxNa
;mWbtC4+Enu1D1dV7tPOCYhyRS+uBmHrdsgUWH7FHVMPBOnVTTgeYKkxTknozP8ii2pPbvFxHpsT+lo0
;Cqh8P0F+m7gsJnsA21AtTunG/RGuZklsy2YTghmmBVtl2wg/DBHp1U1KbxTbUF5W6NHlIpV3QXLxYB+
;fBL0pXmPGfDwDEenVDCYXNL4oWU/0x/QP8SogHq52C5gpqT5TZdwVUGFwhYouJRR4sj5KYunG+BqZdn
;9qx2gCtBG6O0dkqH8ZDxHp5WN6QCXjYB0Nr5OqTsEsECWfPVfbRuZqDD+YTBE/Kt/lfXpLOutQOj2Bo
;+IRgl1BcMBgBocfpj1obs0YYGhjiKUlSngU21AtPaOjkX2CblNBz2sJjhekM1lr9x9GY3iHsSg4JHi0
;J0hP3sTjHIFqIB2uBWfrdupaNwzbEExQcIe7KCsXfbU3cl74z/gTlWdSQdt1F44Elz1FbdgUPwwR6dV
;NSmEU21BeUfL88BOfZ0Fyx2sAtAahKUNjxiNYfXCZvU1JexTbUC0ugaORDp1xf3/aaAiYBqA/RWn3EV
;BrdOnWTkp7FLo5Xz2lo5F9gm5TQcxqE58ZpQVEedoaXmx0trwjLBJ4tw9MU+bP9CKda1NqrgZj63bIa
;gw1mHwoDxHppiE5JHe0PllS9NHOD5RyRX/aWgqEEq1aNAqofD9OU6qUDwl7JttQLU7t0M4enm1Md8Bi
;OIoQvD9FU9oZXGBwnbwjLSRgvj1dWPPC5QiDZ39qx2gCtBG6O0dkqH8pDxHp5HR6VSTgYAMNupKhTd8
;yGyyaNVfFRsh6NwyoD1N8Toq6IiYSerwPT1jl/OUYnHJFbM9xEpkTlzZef9x8PAgR6dV9ZEsv6mcdPb
;OjkX2CblNBzWoIhx+mPWhv0RBWYXWMpxImFGO+InJV5MLlGINdVHvDdQKZF7wvRWn3EFZ8ZenWSkp7F
;Ot+HQawkqF9wwIgHt1pFLQVpzVbZcYbYGxohbwjLh5mhCVdTeTRzhWUY1R73FoTjhu4P0Vt3AlNak6F
;vD4+exfcUC09sY2hRsA0EB6DBWfrBaQpaG/HE1Nmf46KIS8dYIQ2SFjl/PkYkHZFbPFxAoYGrShWeN0
;OWlB9gKY5SngT21AtDa+TqkzFMiABrgVnmBq7BVRjxxBWYXa2uCQkJHi6KUhP3tf4EJRdTHfdcWfods
;haNwyCfD8PYoWmEikUe7c5Q1re0/gOhW1OQcZgBp8TugVDacUMWn1wnaA/LyR4siNZPYKkkX3xMg4ul
;TRR23bsWjcM2xBMUHKGuiEjFXOEIEJO9fziHpBsTnfAYjiPE6Q7TlPEFUx7EerSTUp7JPVgFg6vk5Fe
;8QIgbcJ2OIgZpzZeYs8jT310tqYuKxV6sj5KYuXG/RyIXUx33XFn6HHIWjc8hkwEPD/Z1WNKexSoPF5
;i4sz+EZhsR0HcbACDApc8UmnMI1dqcJ2wPxUPcbYgSE/g1+QPlF1Md91xZ+hxyFo3PIZMBD4l2dVvSn
;sUqDxeYuLM/hGYbEdB2mwKjim8P1p8zQ5ee2SbsBItCXWrOC0+l6ORfcEsECWfMlfFRvNoAzyYUg80I
;NnlY3p7DNtQLU7t0M4akHJ/eMdpC7QErSpSbdwjUmB1jNVOTHsU2xFsf8Pg0n3oAiAe3WkUtBGrNVNp
;9xpWY3SHtCAvJHK0IkBc9aOSG/ECIGXJZgiPE5c8XmDNEl5idLaiJD4Te64kclj51+wiim9BfcZsCY4
;pvCNHafcdXW1jjKMkKw99tD5QYvrO8AmUcEl/wloJihutBVZuyg5aeXiIoSQlFWmEK0Fc+MbjIplnSX
;nGcRqGG8hpNwyoD1N8ToGwLD4SerwPT1jnzOMYrnBFfcFkE4IYrwVDacUMWn1wnaA/LyRgsj1IYubR8
;A2ZAiMLrgVn2Ebmagw8hkwEPibZ+31xSibrYAMNgbaRffFxTG3xbAmNH6Q2aG3GG1NqToW8Pj57F99Q
;LT2xmKhN8R0gHq52C5gpoTRRZcQQYGhwmYorIxd4hCJITeTC5SKcbUR7rgZh63bIG3ZO6j98Dwfp1U0
;5F2eEOUNb6M/9IoNnUHvPcTiGGaw/Nw+ufD8PUKiXDwk4FMNQLT3yz+IimGxGd8JpOJgVqTRZZcYbYG
;J+jbBNSX4U21BAUuXG/X3sAiAe3WkUtB+mNFJ+9x9QYWWGoD8VFHK9I0hJ3s/4DoUCIx6uBWfrUMhaN
;3/ED2B/fp6xKDgkcr41SVTvxM4PnnZBasdqCbQEqS5eY/cRUGt06dZISnsUvTlVWOWjsn3xAlNy3VoX
;mROgP1Z4wRJYUHOMsRI+HnmrNV9c9dbjGK5uSW3aBWTLdshaByKYRw49Icfldn9LOutrHAqxjaFGwDI
;QMJ4+VtxG5mo3Oah8P3x9moo9OB58vjFZVO/Ezh6IbklwymAVtBqnLVJ+9xRabmWMpxI+HnmrNV9c9d
;bjGK5uSW3aBWTsdshaByKYRw4+IengTUp7Z7cjck3zxvkYkHZJcMlaBJIaoTRTadojSn9hjKcSIh51r
;zVfYvXG/A2UcEFq23cCtBqhKUMMq3s/DxHZ+31xSiLrUB09gaPiEYJdUGzLbQKKAqE0UFPEGVl7To+w
;KC4kfL4xWVjz/OUYnHJFbM9xEpkTlzZef9x8PAgR6dV9ZEsv6mQdPaOjkX2CblNB3ncCgxOpLl5izyN
;SZn+2uSwzHmaEJERQ5Pz9FIJ2IB2uBWfrduVaNwzbEExQYZuwJS8aYLI+SmLxyuIJnmx/dstkE44Ely
;5SYdgZTW5lnKcoFRd9qCQtPoajkX3BLBAlnzNX61HIWjd/xA9gf2OMvSgrD321N3JN7tDlIoJhQXDAb
;AmMKaw/W23RI1NmYp3VTk17FNtgAw26kL9N8SQgHq52C5gpuChSZM0dS2Z/joo9OB5LqDNMU+/K/xqu
;ZkVyz3w4hx+7LjcPr3w/DyHH5XZ5VSTbYS09gdD9Dq5yUnvGYAafH6Y9aH7BG1d7To+wKC4kfL4xWVj
;z/OUYnHJFbM9xEpkTlzZef9x8PAgR6dV9ZEsv6mQdPaSjkX2CblNB3ncCgxOpLl5izyNLZnyMijkvFm
;S+IkxJ9NH0IpZwQW7GBWTJdshaByKYRwo/P9nufHhLJPVgFgyxk79NyjEWLp4rV9BH/2oZPKhdPw8Rm
;rk+FQtmsj5ZVO/Ezh+UZn9qy2gXjgSpLkJ+zSNTZmKd1U5DexTbYAMNupKmTd8yIC2uBWeYGrsFR37B
;Ektmf46KLjMXfbU0SE/ez/4KlHB/dstkE44Ely5SYdgZTW5lnKcoFRd9qCQtPoajkX3BLBAlnzRX60X
;IWjd/xA9gf2OAuzkjFXOEM1RR6M31GINdVW7eYBW0Hq07Q2naI0tqfJmwPysPYak1clHo0OV98gUgHq
;41SdtN+WwHDIZ8Pw9ihaYSOgl9tSREU+b8/RiXdn94y2ADtB6tO0Np2iNLanyZsD8rD2GpNXJR6NDlf
;fIFIB6uNUnbTfluBwyIfD8PYoWmEjoJfbUkRFPm/PwUn11Mf9dgFbQCoTdSU8QVTHsR6tVNSnsU8FAt
;PfLP4iKBcElw2mwJjCm4M0R4xxJgZ3SIoSg4JGC+PV1Y88LlCINnf3LHdhPrdc9aNwyYUg80IN/lTW9
;7FNsjQU7e0+MUn3ZJcMlaF4QFvAVEb8kSUWZ/joopLxd1og9BVPLXkX72AiAenitX0EXmajcoqHw/fH
;2aij04EnqvOUNa3tPjGK5xQ3/Aaw6FEZc+UmDJBWBjeJqhTUl8FNtQHROxmKJTwQIPHq4FFIcFlypFZ
;cYIVmF2tqckLRNghDZIWOX8+RiQdkVs8XEChgatKFZ43Q5aUH2ApjlKeBPbUC0Nr5OqTMUyID2uBWeY
;GrsFR37BEktmf46KOSMWcYQkSFDxxuMchXdSe/FiFYoGoFo0Bah8Pz8/2e58fUs661A1PYGj4hGCXVJ
;xx1oVjhGhNVlT2x9eYU6EuikvexfdUC096ND9HJ9mIAuuBWeYGrsFRG/JElFmf46KPi8KYb4+TliBoJ
;998QJJcMhsC4dIqzVZeMcJTQ8c6dVNORdnhCNIXOz85QSBZyAdqgVn6xinNFIMsXw/D2KFphI5E32+P
;Eli4M/2EoNrVHbDWhOSBq1aNA6ofD9ZIOnJTUp7Z7cjck7pyvQRlV1JcMhsC4cpqTRQYM0jU2ZindVO
;TXsU22IfCLqQoEjxJCAernYLmCm8Ml5i9wteY322sSI/GXi+D0FU78biIoNnUHvPcTiGGaw/Nw+ufD8
;PUKiXDwk4FP5QLT3yz+IihWpJcPFyBocalyleYs8QWlB9gLsoFQlxqzVMSd7O/hmUAiMYrgVnqjeKGH
;RPqF0/DxGauT4VD3urD15I88XwHpRdSXDIbAuHKak0UGDNI1NmYp3VTk57FNtgFgSxo7h98QJTc89pC
;7QXuj9WU9sTU2Z1trwjLBJ4tw9LUe7Uzh6eb1B7wHYGnx+nNDcP83w/DyHS5XZ6VSbgYAMJtZelRsEs
;FCWeK1HaQv1hByKeRw8hJtngdHFLOuNrHRO2laBEyjMOK5U1SdND/2sMPpNMETcp0ex2eUAk9WkfDrC
;YpEbBLBkrnDVc2kbzawwMv3w/D2KGuSQuJH21NkRR7fzwE5ZuRUHCbBSfdstcNwyoSAo0INrgTV57FN
;sjQlHox84Un2RJcsJaF4oCvD9FYqh/Og8R6ZkkJB5n20stPYHQ/hGYZn93wGMOhxqXKlZ43BlNYU6Lu
;jk+FHnbUyg9gaPdFJ9nUx64BWfrBb0qR2PaCGBrZIi5Ei8DYKklXlTuzZF+/QIgHu9pC8sTsC5FecwZ
;TQ8I6dVNOQ5kqz9fSd7K/xuYbkxBz2sAhxOXNl5/3Hw8DBHp1WB+ThT7UC098tbhDZ5wVEHHawGCGqQ
;FWHncEFZhdJqKKDIPZq40SE+BoJ198QJhcsIlApMCui9Tadp8Mw8R6aY4Ogt7qSRySfjT9H3yByAerk
;kOhRO7WicMqHxMemGZuj8+JGevIkxJ5MToffIGIB6uURWOE8hdNwyoD0p/YYanOUp4HttQLXj3xuMEh
;mpFbMsFROt2yClCfs4dXGpOmrohIx9LuT9ZSe7OzhSfZElywloXigK8P0ViqH86DxHpmSQkHmfbcC09
;gdDkD5djQ3vxdgiHH6wFQ2PYI1Zhd4C5IRULda8kSE/vo5J48QIgUsdrAph23Fo3DNwZUn90m7Q5Pwl
;xhDJIWd7P+A6FAiMergVn62PIWjd4zRFPamOIoTg4Hku3NUtJ3s/4DoUCIx6uBWfrYMhaN3jNEU9qY4
;ihODgeS6k5SlX1/P0UgnYgHa4FZ+t2xlo3DNwZUn99iKEoFRV7rzVePYKjkX3xAi8ergUQggatBUNj3
;xlNUHyGsShKeB7bUC1079f0D51jQ3vKBXfrdsgtXnzNI0tgZoynEjkTdas1LT6Io5F9o2dDas9rAIcT
;yFQ3DKgLVn90tqIsJhdLtj9JWIGgm33xAmlw2mAVhxerP1MMuHw/D36GrygVCHyyNUFZ3tfoDZQCIxe
;uBWe8F7w/RUrJEFMPPunVTUh7FNtRLT2B5ZF98QMgHq4KZ+t2m1pSDNx8Sw946btNLXs02xctT4HMkQ
;jxciA+rjRn6nbIWjcMqHwvDxHp1U1KexTbUC09gaORffECIB6uBWfrdshaNwyofD0PEenRTUp7ENtQL
;UCPo5F78QIgeMJqF5sPyFo3dut8P3VS6dU3CXsU21Dg8U2dkH3xymIers0l6nbIWjcMYD0/DxHp101K
;exbbUC09BaCRfPEC6F+uBWfrdsh6d8FksAEPEenVTUrgV9tQtn6Bo00/xQIgHq4FZ+t0yFo3GKh8Pw8
;R6dVNSnsU21AtPYGjkX3xAiAerwVn63bIWjcMqHw/DxHp1U1KexQZXS09gaORfakCIB6NBWfrE7AuRX
;nMGU0+ToqgPj4UeYQgX1Tv1/AfnWd/bMtiDoQYlyI3Dah8Pw8R6dVNSlwU21BIRfXR5BmUcBFBzXAUn
;xmlBUd+wRJLbnOFsBI4HnOyP0Ni+dD4B5QCIR6uBWfr9qMaNy+ofD9qaZ2nOC4eZuoPTkjy1/4QrnJS
;d8BxBokarQVFac8VUGFOkNVMSnsU21AtPYGjtn3xAkVm2ncSjxO6a2hv3Q9LYHy2pT8jFWC6MkFY3tH
;0GphtTkHXdg6RE8hbNwyofD+PeqnVbkp7FL4oWU/0x/QPw11Da91xCIYpuCheYtwdXWN0tqcoLRJ7tQ
;9VPYCjkX3xAiAergVA63bIP0942glbamPbii4/CGC0PXJN88r/CZBgTHvxdwKMH6c0aHTbFUVqEejVT
;Up7FNtQLT2io5F9lHpUbNthAplElzlCf9wTUlBhm7wjPhp2tzVyT+TE+BKfXVkerwVn63bIWjcMqFs/
;DxGMrTk4DnC+Ih9i4tbiCZ5vf27cbAmfF6o2UlPaGVhmfoeKNDkSbr5QLD2Bo5F98QIgHrsFZ+sbqTl
;fZcYZYG58tqEoKRN6tDxCWvijkH3xAiAergVn62bIWjdhyR9XZn+Mii8rDnCpMVlYgaKRffECID6iRG
;f6dshaWm3LFFZhdLa3KC4kZ7MxXViBopF98QIgHq4FZ/92yFpabcsUVmF0trcoLiRgvj1dYuzC6X3wA
;iAergXnsDbIQzcMqBFebHmAuygVGXG3JHJa4M3lD4hdQXDJaQLrd8haNwyo/HlPEf/VTUoWdbg4RFPk
;/PISnHJFcN1kE4IZpgVPDKl8Pw8R6dUUCnsC21AtUODA+RSfZ399wWgXjhi7O0NlxxJgdhHo1U1KexT
;bCW09o6ORfZxjQ3bHawK0EqkuVlPOFVNqTp29OCcZero5QWLpxvgamXYgH64FZ+t2yN53DIl8Pw98iL
;YlIxVxhDRMSeD89xSdZ39qxnAKiRipM1tT3xVbe3np1E1KexTbUKl9ga6RffFvQX3GbAmOKawzWlPQf
;D4PEenVTQoUVNtdLT2BzvAemWtOe/FhDoYpsVo2DKh8Pw9RhpVNR3sU2z1MXunK/xiuZklz8X9n6nbI
;WjcM6BN/Dw3p1U0nGnezOUNY3sf4DoVjTn3LWgGZGaUFVWPaGFp9EejVTUp7FNtUbT2Vo5F9nGNDdsd
;rArQTsC5FecwZTVB/nLhNS3sU21AtPXGckWfxAiBzz2YPghitBVJ03A5Ka3SbiiIsHWe+JHJFs6OQff
;ECIB6uPCfrbMhaN2HJH1dmf4yKKDIPZq40SE/ezPcbgmdUQdc3Z+p2yFo3DKh8Pw8D6dVNJxp3szlDW
;N7F+BGQb0Vw2lpW63fIWjcMqHw/TxH71U1KFnW4OERT5Pz3FJ1jTXvAcTjZdslaNwyofD8PUen2TUp7
;ebozRVTvxs4bmHBNac93ArQXqzlSYM0OXnt4hrsSLyR5uigtPIGjkX3xiuNeriNn63alO1RkwRJaUHe
;ApyA9Gma+D0xe4sb9GINjVHfBazibBKE0Q2XGGz8OEenVTUo7m5tQCD2Bo/wckmpJcMtaAYIEpS1Wfs
;0jXmxyjLkoOBpgsj9DYvPG5Q+QYVQerwVn63bIKpBMqFg/DxGEtC4iEnq+D0tU887mHINnf3/NZgKHE
;7o7Q2XHEmB7Y4ijKCZ7FdtQLT2B4x498SEgHq5oBogeoTRSU84VTWJmiKcoFRp3uDVBWPPC5RSebH9m
;8WgGk3bJWjcMqHyrzlHp9k1Ke3m6M0VU78bOG5hwTWnPdwK0F6s5UmDNDl57eIa7EjMkebooLTyBo5F
;98ZbhXq4mZ+t2pTtUZMESWlB3gKcgPRpmvg9MXuLG/RiDY1R3wWs4kSmlO08MqXw/DxHp1RQKewvbUC
;1Q4MD5FJ9nf3jHdwqcF7o/aGrNGVt9cJ2wEi8kebooLTyBo5F98QIZXq4aZ+t2pTtUZMESWlB3gKcgP
;Rpmvg9LWOTH4xyFZ39m8WgGk3bJWjcMqHz/fVHpyk1Ke3m6M0VU78bOG5hwTWnPdwK0EK0/U37JCFpQ
;aLa4LDJ7FdtQLT2BY+M98R0gHq5oBogeoTRSU84VTWJmiKcoFR1xvjRfXPXGzgeub0FmrgRn63bIWjc
;Y6HwoDxHpuCwpE321NXJb6NH8CpBwRUHEYBWAKa1aNgyofD8PEf2VTV17FNs9TF7pyv8YrmRJbMNyBp
;kTlzBSfsMjRw8Q6dVNSnsU8xAtKoGjkRCQYUh3wGA4jR+6N0Bt2hlgZXSbvhIzexXbUC09gaO5PfEVI
;B6uaAaIHqE0UlPOFU1iZoinKBURcak7ckeBogvkaJu5h3c6Z/52yFpabcsUVmF0trIsJA9mog9FWOjE
;+QnxAyAergVn63bIWiMMqHxSbnKBvCMvJHO4P0lY3sLyCZhtTh6vBWfrdshaNwyoYj8PEYS0LiISer4
;PSl7ux/QihWpVc8xrBoIalzJSZc8USw8Q6dVNSnsUshAtIIGjkRCQYUh3wGA4jBWnPlJT3BRKYnOHtC
;QmJGOyNFlVgaKRffECIB7HRWf0dshaWm3LFFZhdLa5LDkPS64gQVLgx84OlHBWe9xaE5IGrVo2DKh8P
;w8R6dVNXXsU2z1MXunK/xiubE9k1GkCtBKhO1pp3BlNDxDp1U3q4o0Cby0kgaOREJBhSHfAYDiFGbIg
;W2n3GFZufIyhKDgkJttRLT2BAwjkKD0gB64FZ4YXqzJeYs0jUWBrk7koFQ9xtiByUODbzkzxAyAergV
;niwWIWi4MqHxSbnKBvCMvJHq0KldR5PzlGJxyf3PPfTjZdslaNwyofF98UenHTUp7ebozRVTvxs4Ng2
;tOavFoCI8TyFs3DKh8Pw8R6dVsSnsUtjFOVejN9CKBcE9z3nE4ngWtBUVtzghge3mbsD4iFHi/UCw9g
;aORfTFgYB6jBWfrG6k5X2XGGWB8ZYylKEp6FNtQLT2Bo5F90wIgHsNkBIMfpj9oesEOS3pwhYooMg9m
;rjRIT97M9xuCZ1RB1jdn6nbIWjcMqEV/DzPp1U0nGnezOUNY3tX4D4V3QXLxYB+fBL0+Un73E1lpYoy
;hEjNJFNpQLT2Bo5F98QIBHq4FApMCui9TadpNYGxkmqEiJyRkqTlDSeDB/RiucEV5x2oJ63TIWhYMqH
;xad2WboCkvCSaEM1hO9cz8IoFwSXDaZAWHE5coUmvBE1EPE+nVQUp7FLYxTlXozfQik2dMaq4HZ+tWy
;Fo3YckfV2Z/jIouPwhgtD1yTfPK/wmYbEdB3ncOhAShLk4Mqnw/FxHp1SArGHyyPkhi5cLlHK5hT3Da
;YAmfKak+UwyqfT8aEenVICsYfLI+SGLlwuUcrmRJcstaBo8SyFg2DIx8Pw98iLYlIxVxhDVVSfPW9Ri
;DXVNpx3EEgym/O1549xRabmWAuypKeRTbQy09gc7wHplrTnvxYwaFKas1WXjaE1MPE+jVVkp7FLYxTl
;XozfQil2tSc9lkFY4puj9DfskfS2Z+h9VPSns021AtUODA+RSfZ394x3cKnBe6P2h4wRFaUHSaoSQnG
;mCyP0M9g6ORYPECIHPPZg+CGK0FUG/HGFpQdLa4OCYPfas8VGLnz/4K8QAgHrUFZ+sbqTlfZcYZYGhy
;hrEoFQ98rj1PU+DK/SKQZkQerAVn+3bIWlptyxRWYXS2vSgrD0u5NUk9g6KRbvECIHPPZg+CGK0FXmj
;NBGB8aJqhKCd7FttQMT2Bo/wckmpJcMtaCIYfvAVFbcEPWnt+nLYlFRh7vzUtP4GjhH3xAk1/zW0OhR
;OXNUVlzxVRUHKMuzkvCRTZUC0qgaOREJBhSHfAYDibBKc3R3j3CUxqTpu0Kz57FttQBz2Bo/wckmpJc
;MtaF5kZpSpDU90PWlBjiLM5FR9hqzxEXuDX+BKfXU133HcImXbKWjcWqHw/YnCKvSQkHkupNUFc9crn
;GK5nWGrccBSCGaZaNQyoXz8PEYS0LiISer4PX1jyxuUilF1Me8BiE4MppDtOadojXGdwh7IoSnkU23I
;tPYHO8B6Za0578XMGhx+sO0Np9wxNZn+dvCMtJGSpOUJP6NfoffMDIAmuBWeEAK0oRWXMGWB8fYC2KB
;UIca8kRFPm0JF/8QI3Hq4FD44XvDNZa/cPVmJkhbQ5IxR6hDRMSeCjkn3xAiAeuQVn6xupOV9lxhlga
;XiFtCAvFWCEPkxQ5PygffIIIB6uVSuqVvl0ADnFET8YEenVICsYfLI+SGLnyv0cnGdOavFrBoYTl2g3
;D6J8Pw9BpZRte1Uj7j1APZCjkX2cY0N2x2sCtBChNlJTxh1SahHq001Ke3K3P11N+KOEffECTX/NbQ6
;FE5c8Xn7FC159dLahNDoeFNhXLT2B6P0UgXJFbK4PZ+t2pTtUZMESWlB4jdVObnsU2zUYXrTAox7ILx
;ktmTdK3xTxYxo0kEkIIiDf5n99TSziMUlZsaODffECTX/NbQ6FE5c3BjyYTWBsfo2wTUl7FNtQLS+Bo
;5EQkGFId8BgOIZH+GoFU8sTW2oR6tVNSnsUyVAtPezC8hWYbEVBwzdX20aXOVhozXw8DxHp1U1GexTb
;PUxe6cr/GK52WW7LBWTtdshaUWDHDE92EfDVTUoWdbg4RFPk/OUEgWd/f8xnFY4AoTtDZccSPwwR6dV
;NSnsU21AtPYGjgX3xAiAergVn63bIWjcMqHw/DxHr1U1KAGmiUi09gKORfYQAIB6kBWfrJoQbFz2GSw
;pifOnVTapEFNvLaT2B5NL4GsVhHu6ZIut2Mhw3DGA+Fw0R6dVNSnsb21AtLYGjkRuYbkFzy2sTtBKtN
;ERl3AU/DhHp1U1KG4ebUDw9gaP3FJ1jTXvAcTiPH6k3UnjNDj8OEenVTUp76ORQPD2Bo/cUnWNNe8Bx
;OI0apy1FbdwZPw4R6dVNSntNm1AjPYGj9xSdY017wHE4mwShOVIMqXw/D7GZKHUKewbbUC1b6M/wEJR
;sVEHYYBWCELEFXmiofT8PEelV3Yk7FMxQLT3u1fQPg2tEe/F2C4IVrQVEadwIVmF2mtVPSnsa21AtW+
;jP8BCUbFRBzHcGhRLIWTAMqHxtbniasH4OewHbUC1b6M/wEJRsVEHKbBSbGqkjaGLJEVoPEvXVTUogR
;ro5Xliy58xdoXBFc8dwCssmhBsXPYZLCmJ86cdNSntysjxMUOTN5SKXa0x78WsGhhPIWT0MqHxvQ1DJ
;5GN9Tnm2UD89gaP3FJ1jTXvAcTiMFac+UlPNElsPEunVTUp7ANtQLVvoz/AQlGxUQclmCI8TlylDbdo
;IPwwR6dVNSnAU21BLVO3C/Bifdn93ygVkz3bIWgRumk8HbHXd+ClyS3X2ZB5f4o6pGMhkDSyWZF+JRq
;o5D2rJTz8CEenVKyMXdbY1Q0nezfAQlAIjFK4FZ7s6iXoGIp9JUmIR89VNSh19tzFAWO/XzhOQb0VBz
;2cFmRO+M1Z4wRNRDxLq1U1KK1iaUCM9gaP3FJ1jTXvAcTiFGbw/RAyrfD8PEenVTUp7FNtQLS2Bo5F9
;8QIgHq4FZ+t2yFo3DKh8PQ8R6a4wSnsU21AtPYGjkX3xAiAergVn63bIWjcMqHw/DxHp1U0=
;Data end
;Recover start:29
;G21
;G90
;G28 X0 Y0
;G92 X0 Y0 Z{z}
;M221 T0 S100.00
;M140 S60.00
;M104 T0 S200.00
;M109 T0 S200.00
;T0
;M190 S60.00
;G21
;G90
;M82
;M106 S0
;T0
;G92 E0
;G1 F140 E29
;G1 X20 Y0 F140 E30
;G92 E0
;T{current_extruder}
;M106 S{current_fan_speed}
;G92 E{current_extrusion}
;G0 F6000 X{x} Y{y} Z{z}
;G0 F{current_travel_speed}
;G1 F{current_extrude_speed} E{current_extrusion}
;{current_unit}
;{current_pos_abs}
;{current_extrude_abs}
;M117 Printing...
;Recover end
;Print Time: 3271
;Material#1 Used: 2976.2
;Material#1 Cost: 0.22
