;Sliced by ideaMaker 5.5.0.8810, 2026-09-26 07:33:31 UTC+0200
;Slicer Version: 5.5.0.8810
;Dimension: 250.000 250.000 250.000 0.400
;Plate Shape: 0
;Origin Center: 0
;Extruder Offset #1: 25.000 0.000
;Filament Diameter #1: 1.750
;Filament Diameter #2: 1.750
;Filament Compensation #1: 100.000
;Filament Compensation #2: 90.000
;Filament Density #1: 1240.000
;Filament Density #2: 1240.000
;Filament Type #1: PLA
;Filament Type #2: PLA
;Filament Name #1: [Raise3D] Premium PLA 1.75mm
;Filament Name #2: [Raise3D] Premium PLA 1.75mm
;Filament #1: PLA 1.75mm
;Filament #2: PLA 1.75mm
;Printer Type: floppy
;Firmware: Klipper
;Bounding Box: 104.868 145.132 104.908 145.092 0.000 40.000
;Model Gap: 0.000
M221 T0 S100.00
M140 S60.00
M104 T0 S200.00
M109 T0 S200.00
T0
M190 S60.00
G21 ;metric values
G90 ;absolute positioning
M82 ;set extruder to absolute mode
M107 ;start with the fan off
G28 X0 Y0 ;move X/Y to min endstops
G28 Z0 ;move Z to min endstops
G1 Z15.0 F9000 ;move the platform down 15mm

G92 E0 ;zero the extruded length

G0 X43 Y27 F2000  ;go to the edge of the bed
G92 X0 Y0 E0 ;set zero to edge of the bed
G0 F9000 Z1 ;Z up with 1mm
G1 F200 Z0 ;Z home slowly

G1 Z15.0 F9000 ;move the platform down 15mm

G1 F9000 ;speed setting
G92 E-3 ;retraction
M117 Printing...
M1001
;TOTAL_NUM: 1
;PRINTING_TIME: 0
;REMAINING_TIME: 3487
;LAYER:0
;Z:0.250
;HEIGHT:0.250
M106 S0
;PRINTING: Flow_Calibration_Cube_0.4_mm.stl
;PRINTING_ID: 0
G1 F2400 E-3.0000
G0 F3900 X105.068 Y105.108
G0 F300 Z0.250
;TYPE:WALL-OUTER
;WIDTH:0.400
G1 F1500 E0.0000
G1 F2400 X144.932 Y105.108 E1.6574
G1 X144.932 Y144.892 E3.3114
G1 X105.068 Y144.892 E4.9687
G1 X105.068 Y105.108 E6.6228
G0 F3900 X105.468 Y105.508
;TYPE:WALL-INNER
;WIDTH:0.400
G1 F2400 X144.532 Y105.508 E8.2469
G1 X144.532 Y144.492 E9.8676
G1 X105.468 Y144.492 E11.4917
G1 X105.468 Y105.508 E13.1125
G0 F3900 X105.868 Y105.908
G1 F2400 X144.132 Y105.908 E14.7033
G1 X144.132 Y144.092 E16.2908
G1 X105.868 Y144.092 E17.8816
G1 X105.868 Y105.908 E19.4692
G0 F3900 X106.268 Y106.308
G1 F2400 X143.732 Y106.308 E21.0267
G1 X143.732 Y143.692 E22.5810
G1 X106.268 Y143.692 E24.1385
G1 X106.268 Y106.308 E25.6928
G1 F2400 E22.6928
G1 F300 Z0.450
G0 F3900 X106.452 Y142.938
;TYPE:SOLID-FILL
;WIDTH:0.400
G1 F300 Z0.250
G1 F1500 E25.6928
G1 F2400 X107.020 Y143.507 E25.7262
G0 F2400 X107.586 Y143.507
G1 F2400 X106.452 Y142.373 E25.7929
G0 F2400 X106.452 Y141.807
G1 F2400 X108.151 Y143.507 E25.8928
G0 F2400 X108.717 Y143.507
G1 F2400 X106.452 Y141.241 E26.0260
G0 F2400 X106.452 Y140.676
G1 F2400 X109.283 Y143.507 E26.1925
G0 F2400 X109.849 Y143.507
G1 F2400 X106.452 Y140.110 E26.3922
G0 F2400 X106.452 Y139.544
G1 F2400 X110.414 Y143.507 E26.6252
G0 F2400 X110.980 Y143.507
G1 F2400 X106.452 Y138.979 E26.8914
G0 F2400 X106.452 Y138.413
G1 F2400 X111.546 Y143.507 E27.1909
G0 F2400 X112.111 Y143.507
G1 F2400 X106.452 Y137.847 E27.5237
G0 F2400 X106.452 Y137.281
G1 F2400 X112.677 Y143.507 E27.8897
G0 F2400 X113.243 Y143.507
G1 F2400 X106.452 Y136.716 E28.2890
G0 F2400 X106.452 Y136.150
G1 F2400 X113.808 Y143.507 E28.7215
G0 F2400 X114.374 Y143.507
G1 F2400 X106.452 Y135.584 E29.1873
G0 F2400 X106.452 Y135.019
G1 F2400 X114.940 Y143.507 E29.6864
G0 F2400 X115.505 Y143.507
G1 F2400 X106.452 Y134.453 E30.2187
G0 F2400 X106.452 Y133.887
G1 F2400 X116.071 Y143.507 E30.7843
G0 F2400 X116.637 Y143.507
G1 F2400 X106.452 Y133.322 E31.3831
G0 F2400 X106.452 Y132.756
G1 F2400 X117.202 Y143.507 E32.0152
G0 F2400 X117.768 Y143.507
G1 F2400 X106.452 Y132.190 E32.6806
G0 F2400 X106.452 Y131.625
G1 F2400 X118.334 Y143.507 E33.3792
G0 F2400 X118.900 Y143.507
G1 F2400 X106.452 Y131.059 E34.1111
G0 F2400 X106.452 Y130.493
G1 F2400 X119.465 Y143.507 E34.8763
G0 F2400 X120.031 Y143.507
G1 F2400 X106.452 Y129.928 E35.6746
G0 F2400 X106.452 Y129.362
G1 F2400 X120.597 Y143.507 E36.5063
G0 F2400 X121.162 Y143.507
G1 F2400 X106.452 Y128.796 E37.3712
G0 F2400 X106.452 Y128.230
G1 F2400 X121.728 Y143.507 E38.2694
G0 F2400 X122.294 Y143.507
G1 F2400 X106.452 Y127.665 E39.2009
G0 F2400 X106.452 Y127.099
G1 F2400 X122.859 Y143.507 E40.1656
G0 F2400 X123.425 Y143.507
G1 F2400 X106.452 Y126.533 E41.1636
G0 F2400 X106.452 Y125.968
G1 F2400 X123.991 Y143.507 E42.1948
G0 F2400 X124.556 Y143.507
G1 F2400 X106.452 Y125.402 E43.2593
G0 F2400 X106.452 Y124.836
G1 F2400 X125.122 Y143.507 E44.3570
G0 F2400 X125.688 Y143.507
G1 F2400 X106.452 Y124.271 E45.4880
G0 F2400 X106.452 Y123.705
G1 F2400 X126.253 Y143.507 E46.6523
G0 F2400 X126.819 Y143.507
G1 F2400 X106.452 Y123.139 E47.8498
G0 F2400 X106.452 Y122.574
G1 F2400 X127.385 Y143.507 E49.0806
G0 F2400 X127.950 Y143.507
G1 F2400 X106.452 Y122.008 E50.3446
G0 F2400 X106.452 Y121.442
G1 F2400 X128.516 Y143.507 E51.6419
G0 F2400 X129.082 Y143.507
G1 F2400 X106.452 Y120.877 E52.9725
G0 F2400 X106.452 Y120.311
G1 F2400 X129.648 Y143.507 E54.3363
G0 F2400 X130.213 Y143.507
G1 F2400 X106.452 Y119.745 E55.7334
G0 F2400 X106.452 Y119.180
G1 F2400 X130.779 Y143.507 E57.1637
G0 F2400 X131.345 Y143.507
G1 F2400 X106.452 Y118.614 E58.6273
G0 F2400 X106.452 Y118.048
G1 F2400 X131.910 Y143.507 E60.1242
G0 F2400 X132.476 Y143.507
G1 F2400 X106.452 Y117.482 E61.6543
G0 F2400 X106.452 Y116.917
G1 F2400 X133.042 Y143.507 E63.2177
G0 F2400 X133.607 Y143.507
G1 F2400 X106.452 Y116.351 E64.8144
G0 F2400 X106.452 Y115.785
G1 F2400 X134.173 Y143.507 E66.4443
G0 F2400 X134.739 Y143.507
G1 F2400 X106.452 Y115.220 E68.1075
G0 F2400 X106.452 Y114.654
G1 F2400 X135.304 Y143.507 E69.8039
G0 F2400 X135.870 Y143.507
G1 F2400 X106.452 Y114.088 E71.5336
G0 F2400 X106.452 Y113.523
G1 F2400 X136.436 Y143.507 E73.2965
G0 F2400 X137.001 Y143.507
G1 F2400 X106.452 Y112.957 E75.0927
G0 F2400 X106.452 Y112.391
G1 F2400 X137.567 Y143.507 E76.9222
G0 F2400 X138.133 Y143.507
G1 F2400 X106.452 Y111.826 E78.7849
G0 F2400 X106.452 Y111.260
G1 F2400 X138.698 Y143.507 E80.6809
G0 F2400 X139.264 Y143.507
G1 F2400 X106.452 Y110.694 E82.6101
G0 F2400 X106.452 Y110.129
G1 F2400 X139.830 Y143.507 E84.5726
G0 F2400 X140.396 Y143.507
G1 F2400 X106.452 Y109.563 E86.5684
G0 F2400 X106.452 Y108.997
G1 F2400 X140.961 Y143.507 E88.5974
G0 F2400 X141.527 Y143.507
G1 F2400 X106.452 Y108.431 E90.6597
G0 F2400 X106.452 Y107.866
G1 F2400 X142.093 Y143.507 E92.7553
G0 F2400 X142.658 Y143.507
G1 F2400 X106.452 Y107.300 E94.8841
G0 F2400 X106.452 Y106.734
G1 F2400 X143.224 Y143.507 E97.0462
G0 F2400 X143.547 Y143.264
G1 F2400 X106.774 Y106.491 E99.2083
G0 F2400 X107.340 Y106.491
G1 F2400 X143.547 Y142.699 E101.3371
G0 F2400 X143.547 Y142.133
G1 F2400 X107.905 Y106.491 E103.4328
G0 F2400 X108.471 Y106.491
G1 F2400 X143.547 Y141.567 E105.4951
G0 F2400 X143.547 Y141.002
G1 F2400 X109.037 Y106.491 E107.5242
G0 F2400 X109.602 Y106.491
G1 F2400 X143.547 Y140.436 E109.5200
G0 F2400 X143.547 Y139.870
G1 F2400 X110.168 Y106.491 E111.4826
G0 F2400 X110.734 Y106.491
G1 F2400 X143.547 Y139.304 E113.4118
G0 F2400 X143.547 Y138.739
G1 F2400 X111.300 Y106.491 E115.3079
G0 F2400 X111.865 Y106.491
G1 F2400 X143.547 Y138.173 E117.1707
G0 F2400 X143.547 Y137.607
G1 F2400 X112.431 Y106.491 E119.0002
G0 F2400 X112.997 Y106.491
G1 F2400 X143.547 Y137.042 E120.7964
G0 F2400 X143.547 Y136.476
G1 F2400 X113.562 Y106.491 E122.5594
G0 F2400 X114.128 Y106.491
G1 F2400 X143.547 Y135.910 E124.2891
G0 F2400 X143.547 Y135.345
G1 F2400 X114.694 Y106.491 E125.9856
G0 F2400 X115.259 Y106.491
G1 F2400 X143.547 Y134.779 E127.6488
G0 F2400 X143.547 Y134.213
G1 F2400 X115.825 Y106.491 E129.2788
G0 F2400 X116.391 Y106.491
G1 F2400 X143.547 Y133.648 E130.8755
G0 F2400 X143.547 Y133.082
G1 F2400 X116.956 Y106.491 E132.4389
G0 F2400 X117.522 Y106.491
G1 F2400 X143.547 Y132.516 E133.9691
G0 F2400 X143.547 Y131.951
G1 F2400 X118.088 Y106.491 E135.4660
G0 F2400 X118.653 Y106.491
G1 F2400 X143.547 Y131.385 E136.9297
G0 F2400 X143.547 Y130.819
G1 F2400 X119.219 Y106.491 E138.3601
G0 F2400 X119.785 Y106.491
G1 F2400 X143.547 Y130.254 E139.7572
G0 F2400 X143.547 Y129.688
G1 F2400 X120.350 Y106.491 E141.1211
G0 F2400 X120.916 Y106.491
G1 F2400 X143.547 Y129.122 E142.4517
G0 F2400 X143.547 Y128.556
G1 F2400 X121.482 Y106.491 E143.7491
G0 F2400 X122.048 Y106.491
G1 F2400 X143.547 Y127.991 E145.0132
G0 F2400 X143.547 Y127.425
G1 F2400 X122.613 Y106.491 E146.2440
G0 F2400 X123.179 Y106.491
G1 F2400 X143.547 Y126.859 E147.4416
G0 F2400 X143.547 Y126.294
G1 F2400 X123.745 Y106.491 E148.6059
G0 F2400 X124.310 Y106.491
G1 F2400 X143.547 Y125.728 E149.7369
G0 F2400 X143.547 Y125.162
G1 F2400 X124.876 Y106.491 E150.8347
G0 F2400 X125.442 Y106.491
G1 F2400 X143.547 Y124.597 E151.8993
G0 F2400 X143.547 Y124.031
G1 F2400 X126.007 Y106.491 E152.9305
G0 F2400 X126.573 Y106.491
G1 F2400 X143.547 Y123.465 E153.9286
G0 F2400 X143.547 Y122.900
G1 F2400 X127.139 Y106.491 E154.8933
G0 F2400 X127.704 Y106.491
G1 F2400 X143.547 Y122.334 E155.8248
G0 F2400 X143.547 Y121.768
G1 F2400 X128.270 Y106.491 E156.7230
G0 F2400 X128.836 Y106.491
G1 F2400 X143.547 Y121.203 E157.5880
G0 F2400 X143.547 Y120.637
G1 F2400 X129.401 Y106.491 E158.4198
G0 F2400 X129.967 Y106.491
G1 F2400 X143.547 Y120.071 E159.2182
G0 F2400 X143.547 Y119.505
G1 F2400 X130.533 Y106.491 E159.9834
G0 F2400 X131.099 Y106.491
G1 F2400 X143.547 Y118.940 E160.7153
G0 F2400 X143.547 Y118.374
G1 F2400 X131.664 Y106.491 E161.4140
G0 F2400 X132.230 Y106.491
G1 F2400 X143.547 Y117.808 E162.0794
G0 F2400 X143.547 Y117.243
G1 F2400 X132.796 Y106.491 E162.7115
G0 F2400 X133.361 Y106.491
G1 F2400 X143.547 Y116.677 E163.3104
G0 F2400 X143.547 Y116.111
G1 F2400 X133.927 Y106.491 E163.8760
G0 F2400 X134.493 Y106.491
G1 F2400 X143.547 Y115.546 E164.4084
G0 F2400 X143.547 Y114.980
G1 F2400 X135.058 Y106.491 E164.9075
G0 F2400 X135.624 Y106.491
G1 F2400 X143.547 Y114.414 E165.3734
G0 F2400 X143.547 Y113.849
G1 F2400 X136.190 Y106.491 E165.8060
G0 F2400 X136.755 Y106.491
G1 F2400 X143.547 Y113.283 E166.2053
G0 F2400 X143.547 Y112.717
G1 F2400 X137.321 Y106.491 E166.5714
G0 F2400 X137.887 Y106.491
G1 F2400 X143.547 Y112.152 E166.9042
G0 F2400 X143.547 Y111.586
G1 F2400 X138.452 Y106.491 E167.2038
G0 F2400 X139.018 Y106.491
G1 F2400 X143.547 Y111.020 E167.4700
G0 F2400 X143.547 Y110.455
G1 F2400 X139.584 Y106.491 E167.7031
G0 F2400 X140.149 Y106.491
G1 F2400 X143.547 Y109.889 E167.9029
G0 F2400 X143.547 Y109.323
G1 F2400 X140.715 Y106.491 E168.0694
G0 F2400 X141.281 Y106.491
G1 F2400 X143.547 Y108.757 E168.2026
G0 F2400 X143.547 Y108.192
G1 F2400 X141.847 Y106.491 E168.3026
G0 F2400 X142.412 Y106.491
G1 F2400 X143.547 Y107.626 E168.3693
G0 F2400 X143.547 Y107.060
G1 F2400 X142.978 Y106.491 E168.4028
;PRINTING_TIME: 115
;REMAINING_TIME: 3372
;LAYER:1
;Z:0.500
;HEIGHT:0.250
M106 S51
;PRINTING: Flow_Calibration_Cube_0.4_mm.stl
;PRINTING_ID: 0
G1 F2400 E165.4028
G1 F300 Z0.700
G0 F3900 X105.068 Y105.108
G0 F300 Z0.500
;TYPE:WALL-OUTER
;WIDTH:0.400
G1 F300 Z0.500
G1 F1500 E168.4028
G1 F2100 X144.932 Y105.108 E170.0601
G1 X144.932 Y144.892 E171.7142
G1 X105.068 Y144.892 E173.3715
G1 X105.068 Y105.108 E175.0255
G0 F3900 X105.468 Y105.508
;TYPE:WALL-INNER
;WIDTH:0.400
;FLOW:90.0
G1 F2400 X144.532 Y105.508 E176.4872
G1 X144.532 Y144.492 E177.9459
G1 X105.468 Y144.492 E179.4076
G1 X105.468 Y105.508 E180.8663
G0 F3900 X105.868 Y105.908
G1 F2400 X144.132 Y105.908 E182.2980
G1 X144.132 Y144.092 E183.7268
G1 X105.868 Y144.092 E185.1585
G1 X105.868 Y105.908 E186.5873
G0 F3900 X106.268 Y106.308
G1 F2400 X143.732 Y106.308 E187.9891
G1 X143.732 Y143.692 E189.3879
G1 X106.268 Y143.692 E190.7898
G1 X106.268 Y106.308 E192.1886
G0 F3900 X107.054 Y106.491
;TYPE:SOLID-FILL
;WIDTH:0.400
;FLOW:95.0
G1 F2700 X106.452 Y107.094 E192.2222
G0 F2700 X106.452 Y107.659
G1 F2700 X107.620 Y106.491 E192.2875
G0 F2700 X108.185 Y106.491
G1 F2700 X106.452 Y108.225 E192.3843
G0 F2700 X106.452 Y108.791
G1 F2700 X108.751 Y106.491 E192.5127
G0 F2700 X109.317 Y106.491
G1 F2700 X106.452 Y109.356 E192.6728
G0 F2700 X106.452 Y109.922
G1 F2700 X109.882 Y106.491 E192.8644
G0 F2700 X110.448 Y106.491
G1 F2700 X106.452 Y110.488 E193.0876
G0 F2700 X106.452 Y111.053
G1 F2700 X111.014 Y106.491 E193.3424
G0 F2700 X111.580 Y106.491
G1 F2700 X106.452 Y111.619 E193.6289
G0 F2700 X106.452 Y112.185
G1 F2700 X112.145 Y106.491 E193.9469
G0 F2700 X112.711 Y106.491
G1 F2700 X106.452 Y112.751 E194.2965
G0 F2700 X106.452 Y113.316
G1 F2700 X113.277 Y106.491 E194.6777
G0 F2700 X113.842 Y106.491
G1 F2700 X106.452 Y113.882 E195.0905
G0 F2700 X106.452 Y114.448
G1 F2700 X114.408 Y106.491 E195.5350
G0 F2700 X114.974 Y106.491
G1 F2700 X106.452 Y115.013 E196.0110
G0 F2700 X106.452 Y115.579
G1 F2700 X115.539 Y106.491 E196.5186
G0 F2700 X116.105 Y106.491
G1 F2700 X106.452 Y116.145 E197.0578
G0 F2700 X106.452 Y116.710
G1 F2700 X116.671 Y106.491 E197.6286
G0 F2700 X117.236 Y106.491
G1 F2700 X106.452 Y117.276 E198.2309
G0 F2700 X106.452 Y117.842
G1 F2700 X117.802 Y106.491 E198.8649
G0 F2700 X118.368 Y106.491
G1 F2700 X106.452 Y118.407 E199.5305
G0 F2700 X106.452 Y118.973
G1 F2700 X118.933 Y106.491 E200.2277
G0 F2700 X119.499 Y106.491
G1 F2700 X106.452 Y119.539 E200.9565
G0 F2700 X106.452 Y120.104
G1 F2700 X120.065 Y106.491 E201.7169
G0 F2700 X120.631 Y106.491
G1 F2700 X106.452 Y120.670 E202.5088
G0 F2700 X106.452 Y121.236
G1 F2700 X121.196 Y106.491 E203.3324
G0 F2700 X121.762 Y106.491
G1 F2700 X106.452 Y121.801 E204.1876
G0 F2700 X106.452 Y122.367
G1 F2700 X122.328 Y106.491 E205.0744
G0 F2700 X122.893 Y106.491
G1 F2700 X106.452 Y122.933 E205.9927
G0 F2700 X106.452 Y123.499
G1 F2700 X123.459 Y106.491 E206.9427
G0 F2700 X124.025 Y106.491
G1 F2700 X106.452 Y124.064 E207.9243
G0 F2700 X106.452 Y124.630
G1 F2700 X124.590 Y106.491 E208.9374
G0 F2700 X125.156 Y106.491
G1 F2700 X106.452 Y125.196 E209.9822
G0 F2700 X106.452 Y125.761
G1 F2700 X125.722 Y106.491 E211.0585
G0 F2700 X126.287 Y106.491
G1 F2700 X106.452 Y126.327 E212.1665
G0 F2700 X106.452 Y126.893
G1 F2700 X126.853 Y106.491 E213.3060
G0 F2700 X127.419 Y106.491
G1 F2700 X106.452 Y127.458 E214.4772
G0 F2700 X106.452 Y128.024
G1 F2700 X127.984 Y106.491 E215.6799
G0 F2700 X128.550 Y106.491
G1 F2700 X106.452 Y128.590 E216.9142
G0 F2700 X106.452 Y129.155
G1 F2700 X129.116 Y106.491 E218.1802
G0 F2700 X129.681 Y106.491
G1 F2700 X106.452 Y129.721 E219.4777
G0 F2700 X106.452 Y130.287
G1 F2700 X130.247 Y106.491 E220.8068
G0 F2700 X130.813 Y106.491
G1 F2700 X106.452 Y130.852 E222.1675
G0 F2700 X106.452 Y131.418
G1 F2700 X131.379 Y106.491 E223.5599
G0 F2700 X131.944 Y106.491
G1 F2700 X106.452 Y131.984 E224.9838
G0 F2700 X106.452 Y132.549
G1 F2700 X132.510 Y106.491 E226.4393
G0 F2700 X133.076 Y106.491
G1 F2700 X106.452 Y133.115 E227.9264
G0 F2700 X106.452 Y133.681
G1 F2700 X133.641 Y106.491 E229.4451
G0 F2700 X134.207 Y106.491
G1 F2700 X106.452 Y134.247 E230.9954
G0 F2700 X106.452 Y134.812
G1 F2700 X134.773 Y106.491 E232.5773
G0 F2700 X135.338 Y106.491
G1 F2700 X106.452 Y135.378 E234.1908
G0 F2700 X106.452 Y135.944
G1 F2700 X135.904 Y106.491 E235.8359
G0 F2700 X136.470 Y106.491
G1 F2700 X106.452 Y136.509 E237.5126
G0 F2700 X106.452 Y137.075
G1 F2700 X137.035 Y106.491 E239.2209
G0 F2700 X137.601 Y106.491
G1 F2700 X106.452 Y137.641 E240.9608
G0 F2700 X106.452 Y138.206
G1 F2700 X138.167 Y106.491 E242.7323
G0 F2700 X138.732 Y106.491
G1 F2700 X106.452 Y138.772 E244.5354
G0 F2700 X106.452 Y139.338
G1 F2700 X139.298 Y106.491 E246.3701
G0 F2700 X139.864 Y106.491
G1 F2700 X106.452 Y139.903 E248.2363
G0 F2700 X106.452 Y140.469
G1 F2700 X140.429 Y106.491 E250.1342
G0 F2700 X140.995 Y106.491
G1 F2700 X106.452 Y141.035 E252.0637
G0 F2700 X106.452 Y141.600
G1 F2700 X141.561 Y106.491 E254.0247
G0 F2700 X142.127 Y106.491
G1 F2700 X106.452 Y142.166 E256.0174
G0 F2700 X106.452 Y142.732
G1 F2700 X142.692 Y106.491 E258.0417
G0 F2700 X143.258 Y106.491
G1 F2700 X106.452 Y143.298 E260.0975
G0 F2700 X106.807 Y143.508
G1 F2700 X143.546 Y106.768 E262.1497
G0 F2700 X143.546 Y107.334
G1 F2700 X107.373 Y143.508 E264.1702
G0 F2700 X107.939 Y143.508
G1 F2700 X143.546 Y107.900 E266.1591
G0 F2700 X143.546 Y108.465
G1 F2700 X108.504 Y143.508 E268.1164
G0 F2700 X109.070 Y143.508
G1 F2700 X143.546 Y109.031 E270.0422
G0 F2700 X143.546 Y109.597
G1 F2700 X109.636 Y143.508 E271.9363
G0 F2700 X110.201 Y143.508
G1 F2700 X143.546 Y110.162 E273.7988
G0 F2700 X143.546 Y110.728
G1 F2700 X110.767 Y143.508 E275.6298
G0 F2700 X111.333 Y143.508
G1 F2700 X143.546 Y111.294 E277.4291
G0 F2700 X143.546 Y111.860
G1 F2700 X111.898 Y143.508 E279.1969
G0 F2700 X112.464 Y143.508
G1 F2700 X143.546 Y112.425 E280.9330
G0 F2700 X143.546 Y112.991
G1 F2700 X113.030 Y143.508 E282.6376
G0 F2700 X113.595 Y143.508
G1 F2700 X143.546 Y113.557 E284.3105
G0 F2700 X143.546 Y114.122
G1 F2700 X114.161 Y143.508 E285.9519
G0 F2700 X114.727 Y143.508
G1 F2700 X143.546 Y114.688 E287.5616
G0 F2700 X143.546 Y115.254
G1 F2700 X115.293 Y143.508 E289.1398
G0 F2700 X115.858 Y143.508
G1 F2700 X143.546 Y115.819 E290.6863
G0 F2700 X143.546 Y116.385
G1 F2700 X116.424 Y143.508 E292.2013
G0 F2700 X116.990 Y143.508
G1 F2700 X143.546 Y116.951 E293.6847
G0 F2700 X143.546 Y117.516
G1 F2700 X117.555 Y143.508 E295.1365
G0 F2700 X118.121 Y143.508
G1 F2700 X143.546 Y118.082 E296.5566
G0 F2700 X143.546 Y118.648
G1 F2700 X118.687 Y143.508 E297.9452
G0 F2700 X119.252 Y143.508
G1 F2700 X143.546 Y119.213 E299.3022
G0 F2700 X143.546 Y119.779
G1 F2700 X119.818 Y143.508 E300.6276
G0 F2700 X120.384 Y143.508
G1 F2700 X143.546 Y120.345 E301.9214
G0 F2700 X143.546 Y120.911
G1 F2700 X120.949 Y143.508 E303.1835
G0 F2700 X121.515 Y143.508
G1 F2700 X143.546 Y121.476 E304.4141
G0 F2700 X143.546 Y122.042
G1 F2700 X122.081 Y143.508 E305.6131
G0 F2700 X122.646 Y143.508
G1 F2700 X143.546 Y122.608 E306.7805
G0 F2700 X143.546 Y123.173
G1 F2700 X123.212 Y143.508 E307.9163
G0 F2700 X123.778 Y143.508
G1 F2700 X143.546 Y123.739 E309.0205
G0 F2700 X143.546 Y124.305
G1 F2700 X124.344 Y143.508 E310.0931
G0 F2700 X124.909 Y143.508
G1 F2700 X143.546 Y124.870 E311.1341
G0 F2700 X143.546 Y125.436
G1 F2700 X125.475 Y143.508 E312.1435
G0 F2700 X126.041 Y143.508
G1 F2700 X143.546 Y126.002 E313.1213
G0 F2700 X143.546 Y126.567
G1 F2700 X126.606 Y143.508 E314.0676
G0 F2700 X127.172 Y143.508
G1 F2700 X143.546 Y127.133 E314.9822
G0 F2700 X143.546 Y127.699
G1 F2700 X127.738 Y143.508 E315.8652
G0 F2700 X128.303 Y143.508
G1 F2700 X143.546 Y128.264 E316.7166
G0 F2700 X143.546 Y128.830
G1 F2700 X128.869 Y143.508 E317.5365
G0 F2700 X129.435 Y143.508
G1 F2700 X143.546 Y129.396 E318.3247
G0 F2700 X143.546 Y129.961
G1 F2700 X130.000 Y143.508 E319.0813
G0 F2700 X130.566 Y143.508
G1 F2700 X143.546 Y130.527 E319.8064
G0 F2700 X143.546 Y131.093
G1 F2700 X131.132 Y143.508 E320.4998
G0 F2700 X131.697 Y143.508
G1 F2700 X143.546 Y131.659 E321.1617
G0 F2700 X143.546 Y132.224
G1 F2700 X132.263 Y143.508 E321.7919
G0 F2700 X132.829 Y143.508
G1 F2700 X143.546 Y132.790 E322.3906
G0 F2700 X143.546 Y133.356
G1 F2700 X133.394 Y143.508 E322.9576
G0 F2700 X133.960 Y143.508
G1 F2700 X143.546 Y133.921 E323.4931
G0 F2700 X143.546 Y134.487
G1 F2700 X134.526 Y143.508 E323.9969
G0 F2700 X135.092 Y143.508
G1 F2700 X143.546 Y135.053 E324.4692
G0 F2700 X143.546 Y135.618
G1 F2700 X135.657 Y143.508 E324.9098
G0 F2700 X136.223 Y143.508
G1 F2700 X143.546 Y136.184 E325.3189
G0 F2700 X143.546 Y136.750
G1 F2700 X136.789 Y143.508 E325.6964
G0 F2700 X137.354 Y143.508
G1 F2700 X143.546 Y137.315 E326.0423
G0 F2700 X143.546 Y137.881
G1 F2700 X137.920 Y143.508 E326.3565
G0 F2700 X138.486 Y143.508
G1 F2700 X143.546 Y138.447 E326.6392
G0 F2700 X143.546 Y139.012
G1 F2700 X139.051 Y143.508 E326.8903
G0 F2700 X139.617 Y143.508
G1 F2700 X143.546 Y139.578 E327.1098
G0 F2700 X143.546 Y140.144
G1 F2700 X140.183 Y143.508 E327.2977
G0 F2700 X140.748 Y143.508
G1 F2700 X143.546 Y140.710 E327.4539
G0 F2700 X143.546 Y141.275
G1 F2700 X141.314 Y143.508 E327.5786
G0 F2700 X141.880 Y143.508
G1 F2700 X143.546 Y141.841 E327.6717
G0 F2700 X143.546 Y142.407
G1 F2700 X142.445 Y143.508 E327.7332
G0 F2700 X143.011 Y143.508
G1 F2700 X143.546 Y142.972 E327.7631
;PRINTING_TIME: 219
;REMAINING_TIME: 3268
;LAYER:2
;Z:0.750
;HEIGHT:0.250
;FLOW:100.0
;PRINTING: Flow_Calibration_Cube_0.4_mm.stl
;PRINTING_ID: 0
G1 F2400 E324.7631
G1 F300 Z0.950
G0 F3900 X105.068 Y105.108
G0 F300 Z0.750
;TYPE:WALL-OUTER
;WIDTH:0.400
G1 F300 Z0.750
G1 F1500 E327.7631
G1 F2100 X144.932 Y105.108 E329.4205
G1 X144.932 Y144.892 E331.0745
G1 X105.068 Y144.892 E332.7319
G1 X105.068 Y105.108 E334.3859
G0 F3900 X105.468 Y105.508
;TYPE:WALL-INNER
;WIDTH:0.400
;FLOW:90.0
G1 F2400 X144.532 Y105.508 E335.8476
G1 X144.532 Y144.492 E337.3063
G1 X105.468 Y144.492 E338.7679
G1 X105.468 Y105.508 E340.2266
G0 F3900 X105.868 Y105.908
G1 F2400 X144.132 Y105.908 E341.6584
G1 X144.132 Y144.092 E343.0871
G1 X105.868 Y144.092 E344.5189
G1 X105.868 Y105.908 E345.9476
G0 F3900 X106.268 Y106.308
G1 F2400 X143.732 Y106.308 E347.3495
G1 X143.732 Y143.692 E348.7483
G1 X106.268 Y143.692 E350.1501
G1 X106.268 Y106.308 E351.5489
G1 F2400 E348.5489
G1 F300 Z0.950
G0 F3900 X106.452 Y142.938
;TYPE:SOLID-FILL
;WIDTH:0.400
;FLOW:95.0
G1 F300 Z0.750
G1 F1500 E351.5489
G1 F3000 X107.020 Y143.507 E351.5807
G0 F3000 X107.586 Y143.507
G1 F3000 X106.452 Y142.373 E351.6440
G0 F3000 X106.452 Y141.807
G1 F3000 X108.151 Y143.507 E351.7389
G0 F3000 X108.717 Y143.507
G1 F3000 X106.452 Y141.241 E351.8655
G0 F3000 X106.452 Y140.676
G1 F3000 X109.283 Y143.507 E352.0236
G0 F3000 X109.849 Y143.507
G1 F3000 X106.452 Y140.110 E352.2134
G0 F3000 X106.452 Y139.544
G1 F3000 X110.414 Y143.507 E352.4347
G0 F3000 X110.980 Y143.507
G1 F3000 X106.452 Y138.979 E352.6876
G0 F3000 X106.452 Y138.413
G1 F3000 X111.546 Y143.507 E352.9721
G0 F3000 X112.111 Y143.507
G1 F3000 X106.452 Y137.847 E353.2883
G0 F3000 X106.452 Y137.281
G1 F3000 X112.677 Y143.507 E353.6360
G0 F3000 X113.243 Y143.507
G1 F3000 X106.452 Y136.716 E354.0153
G0 F3000 X106.452 Y136.150
G1 F3000 X113.808 Y143.507 E354.4262
G0 F3000 X114.374 Y143.507
G1 F3000 X106.452 Y135.584 E354.8687
G0 F3000 X106.452 Y135.019
G1 F3000 X114.940 Y143.507 E355.3428
G0 F3000 X115.505 Y143.507
G1 F3000 X106.452 Y134.453 E355.8485
G0 F3000 X106.452 Y133.887
G1 F3000 X116.071 Y143.507 E356.3859
G0 F3000 X116.637 Y143.507
G1 F3000 X106.452 Y133.322 E356.9547
G0 F3000 X106.452 Y132.756
G1 F3000 X117.202 Y143.507 E357.5552
G0 F3000 X117.768 Y143.507
G1 F3000 X106.452 Y132.190 E358.1873
G0 F3000 X106.452 Y131.625
G1 F3000 X118.334 Y143.507 E358.8510
G0 F3000 X118.900 Y143.507
G1 F3000 X106.452 Y131.059 E359.5463
G0 F3000 X106.452 Y130.493
G1 F3000 X119.465 Y143.507 E360.2732
G0 F3000 X120.031 Y143.507
G1 F3000 X106.452 Y129.928 E361.0317
G0 F3000 X106.452 Y129.362
G1 F3000 X120.597 Y143.507 E361.8218
G0 F3000 X121.162 Y143.507
G1 F3000 X106.452 Y128.796 E362.6434
G0 F3000 X106.452 Y128.230
G1 F3000 X121.728 Y143.507 E363.4967
G0 F3000 X122.294 Y143.507
G1 F3000 X106.452 Y127.665 E364.3816
G0 F3000 X106.452 Y127.099
G1 F3000 X122.859 Y143.507 E365.2981
G0 F3000 X123.425 Y143.507
G1 F3000 X106.452 Y126.533 E366.2461
G0 F3000 X106.452 Y125.968
G1 F3000 X123.991 Y143.507 E367.2258
G0 F3000 X124.556 Y143.507
G1 F3000 X106.452 Y125.402 E368.2371
G0 F3000 X106.452 Y124.836
G1 F3000 X125.122 Y143.507 E369.2799
G0 F3000 X125.688 Y143.507
G1 F3000 X106.452 Y124.271 E370.3544
G0 F3000 X106.452 Y123.705
G1 F3000 X126.253 Y143.507 E371.4604
G0 F3000 X126.819 Y143.507
G1 F3000 X106.452 Y123.139 E372.5981
G0 F3000 X106.452 Y122.574
G1 F3000 X127.385 Y143.507 E373.7673
G0 F3000 X127.950 Y143.507
G1 F3000 X106.452 Y122.008 E374.9681
G0 F3000 X106.452 Y121.442
G1 F3000 X128.516 Y143.507 E376.2006
G0 F3000 X129.082 Y143.507
G1 F3000 X106.452 Y120.877 E377.4646
G0 F3000 X106.452 Y120.311
G1 F3000 X129.648 Y143.507 E378.7603
G0 F3000 X130.213 Y143.507
G1 F3000 X106.452 Y119.745 E380.0875
G0 F3000 X106.452 Y119.180
G1 F3000 X130.779 Y143.507 E381.4463
G0 F3000 X131.345 Y143.507
G1 F3000 X106.452 Y118.614 E382.8367
G0 F3000 X106.452 Y118.048
G1 F3000 X131.910 Y143.507 E384.2588
G0 F3000 X132.476 Y143.507
G1 F3000 X106.452 Y117.482 E385.7124
G0 F3000 X106.452 Y116.917
G1 F3000 X133.042 Y143.507 E387.1976
G0 F3000 X133.607 Y143.507
G1 F3000 X106.452 Y116.351 E388.7144
G0 F3000 X106.452 Y115.785
G1 F3000 X134.173 Y143.507 E390.2628
G0 F3000 X134.739 Y143.507
G1 F3000 X106.452 Y115.220 E391.8429
G0 F3000 X106.452 Y114.654
G1 F3000 X135.304 Y143.507 E393.4545
G0 F3000 X135.870 Y143.507
G1 F3000 X106.452 Y114.088 E395.0977
G0 F3000 X106.452 Y113.523
G1 F3000 X136.436 Y143.507 E396.7725
G0 F3000 X137.001 Y143.507
G1 F3000 X106.452 Y112.957 E398.4788
G0 F3000 X106.452 Y112.391
G1 F3000 X137.567 Y143.507 E400.2168
G0 F3000 X138.133 Y143.507
G1 F3000 X106.452 Y111.826 E401.9864
G0 F3000 X106.452 Y111.260
G1 F3000 X138.698 Y143.507 E403.7876
G0 F3000 X139.264 Y143.507
G1 F3000 X106.452 Y110.694 E405.6204
G0 F3000 X106.452 Y110.129
G1 F3000 X139.830 Y143.507 E407.4848
G0 F3000 X140.396 Y143.507
G1 F3000 X106.452 Y109.563 E409.3807
G0 F3000 X106.452 Y108.997
G1 F3000 X140.961 Y143.507 E411.3083
G0 F3000 X141.527 Y143.507
G1 F3000 X106.452 Y108.431 E413.2675
G0 F3000 X106.452 Y107.866
G1 F3000 X142.093 Y143.507 E415.2583
G0 F3000 X142.658 Y143.507
G1 F3000 X106.452 Y107.300 E417.2807
G0 F3000 X106.452 Y106.734
G1 F3000 X143.224 Y143.507 E419.3346
G0 F3000 X143.547 Y143.264
G1 F3000 X106.774 Y106.491 E421.3886
G0 F3000 X107.340 Y106.491
G1 F3000 X143.547 Y142.699 E423.4111
G0 F3000 X143.547 Y142.133
G1 F3000 X107.905 Y106.491 E425.4019
G0 F3000 X108.471 Y106.491
G1 F3000 X143.547 Y141.567 E427.3611
G0 F3000 X143.547 Y141.002
G1 F3000 X109.037 Y106.491 E429.2887
G0 F3000 X109.602 Y106.491
G1 F3000 X143.547 Y140.436 E431.1848
G0 F3000 X143.547 Y139.870
G1 F3000 X110.168 Y106.491 E433.0492
G0 F3000 X110.734 Y106.491
G1 F3000 X143.547 Y139.304 E434.8820
G0 F3000 X143.547 Y138.739
G1 F3000 X111.300 Y106.491 E436.6833
G0 F3000 X111.865 Y106.491
G1 F3000 X143.547 Y138.173 E438.4529
G0 F3000 X143.547 Y137.607
G1 F3000 X112.431 Y106.491 E440.1909
G0 F3000 X112.997 Y106.491
G1 F3000 X143.547 Y137.042 E441.8974
G0 F3000 X143.547 Y136.476
G1 F3000 X113.562 Y106.491 E443.5722
G0 F3000 X114.128 Y106.491
G1 F3000 X143.547 Y135.910 E445.2154
G0 F3000 X143.547 Y135.345
G1 F3000 X114.694 Y106.491 E446.8271
G0 F3000 X115.259 Y106.491
G1 F3000 X143.547 Y134.779 E448.4072
G0 F3000 X143.547 Y134.213
G1 F3000 X115.825 Y106.491 E449.9556
G0 F3000 X116.391 Y106.491
G1 F3000 X143.547 Y133.648 E451.4725
G0 F3000 X143.547 Y133.082
G1 F3000 X116.956 Y106.491 E452.9578
G0 F3000 X117.522 Y106.491
G1 F3000 X143.547 Y132.516 E454.4114
G0 F3000 X143.547 Y131.951
G1 F3000 X118.088 Y106.491 E455.8335
G0 F3000 X118.653 Y106.491
G1 F3000 X143.547 Y131.385 E457.2240
G0 F3000 X143.547 Y130.819
G1 F3000 X119.219 Y106.491 E458.5829
G0 F3000 X119.785 Y106.491
G1 F3000 X143.547 Y130.254 E459.9101
G0 F3000 X143.547 Y129.688
G1 F3000 X120.350 Y106.491 E461.2058
G0 F3000 X120.916 Y106.491
G1 F3000 X143.547 Y129.122 E462.4699
G0 F3000 X143.547 Y128.556
G1 F3000 X121.482 Y106.491 E463.7024
G0 F3000 X122.048 Y106.491
G1 F3000 X143.547 Y127.991 E464.9033
G0 F3000 X143.547 Y127.425
G1 F3000 X122.613 Y106.491 E466.0726
G0 F3000 X123.179 Y106.491
G1 F3000 X143.547 Y126.859 E467.2103
G0 F3000 X143.547 Y126.294
G1 F3000 X123.745 Y106.491 E468.3164
G0 F3000 X124.310 Y106.491
G1 F3000 X143.547 Y125.728 E469.3909
G0 F3000 X143.547 Y125.162
G1 F3000 X124.876 Y106.491 E470.4338
G0 F3000 X125.442 Y106.491
G1 F3000 X143.547 Y124.597 E471.4451
G0 F3000 X143.547 Y124.031
G1 F3000 X126.007 Y106.491 E472.4248
G0 F3000 X126.573 Y106.491
G1 F3000 X143.547 Y123.465 E473.3729
G0 F3000 X143.547 Y122.900
G1 F3000 X127.139 Y106.491 E474.2894
G0 F3000 X127.704 Y106.491
G1 F3000 X143.547 Y122.334 E475.1743
G0 F3000 X143.547 Y121.768
G1 F3000 X128.270 Y106.491 E476.0277
G0 F3000 X128.836 Y106.491
G1 F3000 X143.547 Y121.203 E476.8494
G0 F3000 X143.547 Y120.637
G1 F3000 X129.401 Y106.491 E477.6395
G0 F3000 X129.967 Y106.491
G1 F3000 X143.547 Y120.071 E478.3981
G0 F3000 X143.547 Y119.505
G1 F3000 X130.533 Y106.491 E479.1250
G0 F3000 X131.099 Y106.491
G1 F3000 X143.547 Y118.940 E479.8203
G0 F3000 X143.547 Y118.374
G1 F3000 X131.664 Y106.491 E480.4840
G0 F3000 X132.230 Y106.491
G1 F3000 X143.547 Y117.808 E481.1162
G0 F3000 X143.547 Y117.243
G1 F3000 X132.796 Y106.491 E481.7167
G0 F3000 X133.361 Y106.491
G1 F3000 X143.547 Y116.677 E482.2857
G0 F3000 X143.547 Y116.111
G1 F3000 X133.927 Y106.491 E482.8230
G0 F3000 X134.493 Y106.491
G1 F3000 X143.547 Y115.546 E483.3288
G0 F3000 X143.547 Y114.980
G1 F3000 X135.058 Y106.491 E483.8029
G0 F3000 X135.624 Y106.491
G1 F3000 X143.547 Y114.414 E484.2455
G0 F3000 X143.547 Y113.849
G1 F3000 X136.190 Y106.491 E484.6564
G0 F3000 X136.755 Y106.491
G1 F3000 X143.547 Y113.283 E485.0358
G0 F3000 X143.547 Y112.717
G1 F3000 X137.321 Y106.491 E485.3836
G0 F3000 X137.887 Y106.491
G1 F3000 X143.547 Y112.152 E485.6997
G0 F3000 X143.547 Y111.586
G1 F3000 X138.452 Y106.491 E485.9843
G0 F3000 X139.018 Y106.491
G1 F3000 X143.547 Y111.020 E486.2373
G0 F3000 X143.547 Y110.455
G1 F3000 X139.584 Y106.491 E486.4587
G0 F3000 X140.149 Y106.491
G1 F3000 X143.547 Y109.889 E486.6485
G0 F3000 X143.547 Y109.323
G1 F3000 X140.715 Y106.491 E486.8067
G0 F3000 X141.281 Y106.491
G1 F3000 X143.547 Y108.757 E486.9333
G0 F3000 X143.547 Y108.192
G1 F3000 X141.847 Y106.491 E487.0282
G0 F3000 X142.412 Y106.491
G1 F3000 X143.547 Y107.626 E487.0916
G0 F3000 X143.547 Y107.060
G1 F3000 X142.978 Y106.491 E487.1234
;PRINTING_TIME: 317
;REMAINING_TIME: 3170
;LAYER:3
;Z:1.000
;HEIGHT:0.250
;FLOW:100.0
;PRINTING: Flow_Calibration_Cube_0.4_mm.stl
;PRINTING_ID: 0
G1 F2400 E484.1234
G1 F300 Z1.200
G0 F3900 X105.068 Y105.108
G0 F300 Z1.000
;TYPE:WALL-OUTER
;WIDTH:0.400
G1 F300 Z1.000
G1 F1500 E487.1234
G1 F2100 X144.932 Y105.108 E488.7808
G1 X144.932 Y144.892 E490.4348
G1 X105.068 Y144.892 E492.0921
G1 X105.068 Y105.108 E493.7462
G0 F3900 X105.468 Y105.508
;TYPE:WALL-INNER
;WIDTH:0.400
;FLOW:90.0
G1 F2400 X144.532 Y105.508 E495.2079
G1 X144.532 Y144.492 E496.6665
G1 X105.468 Y144.492 E498.1282
G1 X105.468 Y105.508 E499.5869
G0 F3900 X105.868 Y105.908
G1 F2400 X144.132 Y105.908 E501.0187
G1 X144.132 Y144.092 E502.4474
G1 X105.868 Y144.092 E503.8792
G1 X105.868 Y105.908 E505.3079
G0 F3900 X106.268 Y106.308
G1 F2400 X143.732 Y106.308 E506.7097
G1 X143.732 Y143.692 E508.1086
G1 X106.268 Y143.692 E509.5104
G1 X106.268 Y106.308 E510.9092
G0 F3900 X107.054 Y106.491
;TYPE:SOLID-FILL
;WIDTH:0.400
;FLOW:95.0
G1 F3300 X106.452 Y107.094 E510.9429
G0 F3300 X106.452 Y107.659
G1 F3300 X107.620 Y106.491 E511.0081
G0 F3300 X108.185 Y106.491
G1 F3300 X106.452 Y108.225 E511.1049
G0 F3300 X106.452 Y108.791
G1 F3300 X108.751 Y106.491 E511.2334
G0 F3300 X109.317 Y106.491
G1 F3300 X106.452 Y109.356 E511.3934
G0 F3300 X106.452 Y109.922
G1 F3300 X109.882 Y106.491 E511.5850
G0 F3300 X110.448 Y106.491
G1 F3300 X106.452 Y110.488 E511.8082
G0 F3300 X106.452 Y111.053
G1 F3300 X111.014 Y106.491 E512.0631
G0 F3300 X111.580 Y106.491
G1 F3300 X106.452 Y111.619 E512.3495
G0 F3300 X106.452 Y112.185
G1 F3300 X112.145 Y106.491 E512.6675
G0 F3300 X112.711 Y106.491
G1 F3300 X106.452 Y112.751 E513.0171
G0 F3300 X106.452 Y113.316
G1 F3300 X113.277 Y106.491 E513.3984
G0 F3300 X113.842 Y106.491
G1 F3300 X106.452 Y113.882 E513.8112
G0 F3300 X106.452 Y114.448
G1 F3300 X114.408 Y106.491 E514.2556
G0 F3300 X114.974 Y106.491
G1 F3300 X106.452 Y115.013 E514.7316
G0 F3300 X106.452 Y115.579
G1 F3300 X115.539 Y106.491 E515.2392
G0 F3300 X116.105 Y106.491
G1 F3300 X106.452 Y116.145 E515.7784
G0 F3300 X106.452 Y116.710
G1 F3300 X116.671 Y106.491 E516.3492
G0 F3300 X117.236 Y106.491
G1 F3300 X106.452 Y117.276 E516.9516
G0 F3300 X106.452 Y117.842
G1 F3300 X117.802 Y106.491 E517.5856
G0 F3300 X118.368 Y106.491
G1 F3300 X106.452 Y118.407 E518.2512
G0 F3300 X106.452 Y118.973
G1 F3300 X118.933 Y106.491 E518.9483
G0 F3300 X119.499 Y106.491
G1 F3300 X106.452 Y119.539 E519.6771
G0 F3300 X106.452 Y120.104
G1 F3300 X120.065 Y106.491 E520.4375
G0 F3300 X120.631 Y106.491
G1 F3300 X106.452 Y120.670 E521.2295
G0 F3300 X106.452 Y121.236
G1 F3300 X121.196 Y106.491 E522.0530
G0 F3300 X121.762 Y106.491
G1 F3300 X106.452 Y121.801 E522.9082
G0 F3300 X106.452 Y122.367
G1 F3300 X122.328 Y106.491 E523.7950
G0 F3300 X122.893 Y106.491
G1 F3300 X106.452 Y122.933 E524.7133
G0 F3300 X106.452 Y123.499
G1 F3300 X123.459 Y106.491 E525.6633
G0 F3300 X124.025 Y106.491
G1 F3300 X106.452 Y124.064 E526.6449
G0 F3300 X106.452 Y124.630
G1 F3300 X124.590 Y106.491 E527.6580
G0 F3300 X125.156 Y106.491
G1 F3300 X106.452 Y125.196 E528.7028
G0 F3300 X106.452 Y125.761
G1 F3300 X125.722 Y106.491 E529.7792
G0 F3300 X126.287 Y106.491
G1 F3300 X106.452 Y126.327 E530.8871
G0 F3300 X106.452 Y126.893
G1 F3300 X126.853 Y106.491 E532.0266
G0 F3300 X127.419 Y106.491
G1 F3300 X106.452 Y127.458 E533.1978
G0 F3300 X106.452 Y128.024
G1 F3300 X127.984 Y106.491 E534.4005
G0 F3300 X128.550 Y106.491
G1 F3300 X106.452 Y128.590 E535.6349
G0 F3300 X106.452 Y129.155
G1 F3300 X129.116 Y106.491 E536.9008
G0 F3300 X129.681 Y106.491
G1 F3300 X106.452 Y129.721 E538.1983
G0 F3300 X106.452 Y130.287
G1 F3300 X130.247 Y106.491 E539.5274
G0 F3300 X130.813 Y106.491
G1 F3300 X106.452 Y130.852 E540.8881
G0 F3300 X106.452 Y131.418
G1 F3300 X131.379 Y106.491 E542.2805
G0 F3300 X131.944 Y106.491
G1 F3300 X106.452 Y131.984 E543.7044
G0 F3300 X106.452 Y132.549
G1 F3300 X132.510 Y106.491 E545.1599
G0 F3300 X133.076 Y106.491
G1 F3300 X106.452 Y133.115 E546.6470
G0 F3300 X106.452 Y133.681
G1 F3300 X133.641 Y106.491 E548.1657
G0 F3300 X134.207 Y106.491
G1 F3300 X106.452 Y134.247 E549.7160
G0 F3300 X106.452 Y134.812
G1 F3300 X134.773 Y106.491 E551.2980
G0 F3300 X135.338 Y106.491
G1 F3300 X106.452 Y135.378 E552.9115
G0 F3300 X106.452 Y135.944
G1 F3300 X135.904 Y106.491 E554.5566
G0 F3300 X136.470 Y106.491
G1 F3300 X106.452 Y136.509 E556.2333
G0 F3300 X106.452 Y137.075
G1 F3300 X137.035 Y106.491 E557.9415
G0 F3300 X137.601 Y106.491
G1 F3300 X106.452 Y137.641 E559.6814
G0 F3300 X106.452 Y138.206
G1 F3300 X138.167 Y106.491 E561.4529
G0 F3300 X138.732 Y106.491
G1 F3300 X106.452 Y138.772 E563.2560
G0 F3300 X106.452 Y139.338
G1 F3300 X139.298 Y106.491 E565.0907
G0 F3300 X139.864 Y106.491
G1 F3300 X106.452 Y139.903 E566.9570
G0 F3300 X106.452 Y140.469
G1 F3300 X140.429 Y106.491 E568.8548
G0 F3300 X140.995 Y106.491
G1 F3300 X106.452 Y141.035 E570.7843
G0 F3300 X106.452 Y141.600
G1 F3300 X141.561 Y106.491 E572.7453
G0 F3300 X142.127 Y106.491
G1 F3300 X106.452 Y142.166 E574.7380
G0 F3300 X106.452 Y142.732
G1 F3300 X142.692 Y106.491 E576.7623
G0 F3300 X143.258 Y106.491
G1 F3300 X106.452 Y143.298 E578.8182
G0 F3300 X106.807 Y143.508
G1 F3300 X143.546 Y106.768 E580.8703
G0 F3300 X143.546 Y107.334
G1 F3300 X107.373 Y143.508 E582.8908
G0 F3300 X107.939 Y143.508
G1 F3300 X143.546 Y107.900 E584.8797
G0 F3300 X143.546 Y108.465
G1 F3300 X108.504 Y143.508 E586.8371
G0 F3300 X109.070 Y143.508
G1 F3300 X143.546 Y109.031 E588.7628
G0 F3300 X143.546 Y109.597
G1 F3300 X109.636 Y143.508 E590.6569
G0 F3300 X110.201 Y143.508
G1 F3300 X143.546 Y110.162 E592.5195
G0 F3300 X143.546 Y110.728
G1 F3300 X110.767 Y143.508 E594.3504
G0 F3300 X111.333 Y143.508
G1 F3300 X143.546 Y111.294 E596.1497
G0 F3300 X143.546 Y111.860
G1 F3300 X111.898 Y143.508 E597.9175
G0 F3300 X112.464 Y143.508
G1 F3300 X143.546 Y112.425 E599.6536
G0 F3300 X143.546 Y112.991
G1 F3300 X113.030 Y143.508 E601.3582
G0 F3300 X113.595 Y143.508
G1 F3300 X143.546 Y113.557 E603.0311
G0 F3300 X143.546 Y114.122
G1 F3300 X114.161 Y143.508 E604.6725
G0 F3300 X114.727 Y143.508
G1 F3300 X143.546 Y114.688 E606.2823
G0 F3300 X143.546 Y115.254
G1 F3300 X115.293 Y143.508 E607.8604
G0 F3300 X115.858 Y143.508
G1 F3300 X143.546 Y115.819 E609.4070
G0 F3300 X143.546 Y116.385
G1 F3300 X116.424 Y143.508 E610.9219
G0 F3300 X116.990 Y143.508
G1 F3300 X143.546 Y116.951 E612.4053
G0 F3300 X143.546 Y117.516
G1 F3300 X117.555 Y143.508 E613.8571
G0 F3300 X118.121 Y143.508
G1 F3300 X143.546 Y118.082 E615.2773
G0 F3300 X143.546 Y118.648
G1 F3300 X118.687 Y143.508 E616.6658
G0 F3300 X119.252 Y143.508
G1 F3300 X143.546 Y119.213 E618.0228
G0 F3300 X143.546 Y119.779
G1 F3300 X119.818 Y143.508 E619.3482
G0 F3300 X120.384 Y143.508
G1 F3300 X143.546 Y120.345 E620.6420
G0 F3300 X143.546 Y120.911
G1 F3300 X120.949 Y143.508 E621.9042
G0 F3300 X121.515 Y143.508
G1 F3300 X143.546 Y121.476 E623.1348
G0 F3300 X143.546 Y122.042
G1 F3300 X122.081 Y143.508 E624.3337
G0 F3300 X122.646 Y143.508
G1 F3300 X143.546 Y122.608 E625.5011
G0 F3300 X143.546 Y123.173
G1 F3300 X123.212 Y143.508 E626.6370
G0 F3300 X123.778 Y143.508
G1 F3300 X143.546 Y123.739 E627.7412
G0 F3300 X143.546 Y124.305
G1 F3300 X124.344 Y143.508 E628.8137
G0 F3300 X124.909 Y143.508
G1 F3300 X143.546 Y124.870 E629.8548
G0 F3300 X143.546 Y125.436
G1 F3300 X125.475 Y143.508 E630.8642
G0 F3300 X126.041 Y143.508
G1 F3300 X143.546 Y126.002 E631.8420
G0 F3300 X143.546 Y126.567
G1 F3300 X126.606 Y143.508 E632.7882
G0 F3300 X127.172 Y143.508
G1 F3300 X143.546 Y127.133 E633.7028
G0 F3300 X143.546 Y127.699
G1 F3300 X127.738 Y143.508 E634.5858
G0 F3300 X128.303 Y143.508
G1 F3300 X143.546 Y128.264 E635.4373
G0 F3300 X143.546 Y128.830
G1 F3300 X128.869 Y143.508 E636.2571
G0 F3300 X129.435 Y143.508
G1 F3300 X143.546 Y129.396 E637.0453
G0 F3300 X143.546 Y129.961
G1 F3300 X130.000 Y143.508 E637.8020
G0 F3300 X130.566 Y143.508
G1 F3300 X143.546 Y130.527 E638.5270
G0 F3300 X143.546 Y131.093
G1 F3300 X131.132 Y143.508 E639.2204
G0 F3300 X131.697 Y143.508
G1 F3300 X143.546 Y131.659 E639.8823
G0 F3300 X143.546 Y132.224
G1 F3300 X132.263 Y143.508 E640.5125
G0 F3300 X132.829 Y143.508
G1 F3300 X143.546 Y132.790 E641.1112
G0 F3300 X143.546 Y133.356
G1 F3300 X133.394 Y143.508 E641.6782
G0 F3300 X133.960 Y143.508
G1 F3300 X143.546 Y133.921 E642.2137
G0 F3300 X143.546 Y134.487
G1 F3300 X134.526 Y143.508 E642.7176
G0 F3300 X135.092 Y143.508
G1 F3300 X143.546 Y135.053 E643.1898
G0 F3300 X143.546 Y135.618
G1 F3300 X135.657 Y143.508 E643.6305
G0 F3300 X136.223 Y143.508
G1 F3300 X143.546 Y136.184 E644.0395
G0 F3300 X143.546 Y136.750
G1 F3300 X136.789 Y143.508 E644.4170
G0 F3300 X137.354 Y143.508
G1 F3300 X143.546 Y137.315 E644.7629
G0 F3300 X143.546 Y137.881
G1 F3300 X137.920 Y143.508 E645.0772
G0 F3300 X138.486 Y143.508
G1 F3300 X143.546 Y138.447 E645.3598
G0 F3300 X143.546 Y139.012
G1 F3300 X139.051 Y143.508 E645.6109
G0 F3300 X139.617 Y143.508
G1 F3300 X143.546 Y139.578 E645.8304
G0 F3300 X143.546 Y140.144
G1 F3300 X140.183 Y143.508 E646.0183
G0 F3300 X140.748 Y143.508
G1 F3300 X143.546 Y140.710 E646.1746
G0 F3300 X143.546 Y141.275
G1 F3300 X141.314 Y143.508 E646.2993
G0 F3300 X141.880 Y143.508
G1 F3300 X143.546 Y141.841 E646.3923
G0 F3300 X143.546 Y142.407
G1 F3300 X142.445 Y143.508 E646.4538
G0 F3300 X143.011 Y143.508
G1 F3300 X143.546 Y142.972 E646.4838
;PRINTING_TIME: 409
;REMAINING_TIME: 3078
;LAYER:4
;Z:1.250
;HEIGHT:0.250
;FLOW:100.0
M106 S89
;PRINTING: Flow_Calibration_Cube_0.4_mm.stl
;PRINTING_ID: 0
G1 F2400 E643.4838
G1 F300 Z1.450
G0 F3900 X105.068 Y105.108
G0 F300 Z1.250
;TYPE:WALL-OUTER
;WIDTH:0.400
G1 F300 Z1.250
G1 F1500 E646.4838
G1 F2100 X144.932 Y105.108 E648.1411
G1 X144.932 Y144.892 E649.7951
G1 X105.068 Y144.892 E651.4525
G1 X105.068 Y105.108 E653.1065
G0 F3900 X105.468 Y105.508
;TYPE:WALL-INNER
;WIDTH:0.400
;FLOW:90.0
G1 F2400 X144.532 Y105.508 E654.5682
G1 X144.532 Y144.492 E656.0269
G1 X105.468 Y144.492 E657.4886
G1 X105.468 Y105.508 E658.9473
G0 F3900 X105.868 Y105.908
G1 F2400 X144.132 Y105.908 E660.3790
G1 X144.132 Y144.092 E661.8078
G1 X105.868 Y144.092 E663.2395
G1 X105.868 Y105.908 E664.6683
G0 F3900 X106.268 Y106.308
G1 F2400 X143.732 Y106.308 E666.0701
G1 X143.732 Y143.692 E667.4689
G1 X106.268 Y143.692 E668.8707
G1 X106.268 Y106.308 E670.2695
G1 F2400 E667.2695
G1 F300 Z1.450
G0 F3900 X106.452 Y142.938
;TYPE:SOLID-FILL
;WIDTH:0.400
;FLOW:95.0
G1 F300 Z1.250
G1 F1500 E670.2695
G1 F3600 X107.020 Y143.507 E670.3013
G0 F3600 X107.586 Y143.507
G1 F3600 X106.452 Y142.373 E670.3646
G0 F3600 X106.452 Y141.807
G1 F3600 X108.151 Y143.507 E670.4596
G0 F3600 X108.717 Y143.507
G1 F3600 X106.452 Y141.241 E670.5861
G0 F3600 X106.452 Y140.676
G1 F3600 X109.283 Y143.507 E670.7442
G0 F3600 X109.849 Y143.507
G1 F3600 X106.452 Y140.110 E670.9340
G0 F3600 X106.452 Y139.544
G1 F3600 X110.414 Y143.507 E671.1553
G0 F3600 X110.980 Y143.507
G1 F3600 X106.452 Y138.979 E671.4082
G0 F3600 X106.452 Y138.413
G1 F3600 X111.546 Y143.507 E671.6928
G0 F3600 X112.111 Y143.507
G1 F3600 X106.452 Y137.847 E672.0089
G0 F3600 X106.452 Y137.281
G1 F3600 X112.677 Y143.507 E672.3566
G0 F3600 X113.243 Y143.507
G1 F3600 X106.452 Y136.716 E672.7359
G0 F3600 X106.452 Y136.150
G1 F3600 X113.808 Y143.507 E673.1468
G0 F3600 X114.374 Y143.507
G1 F3600 X106.452 Y135.584 E673.5894
G0 F3600 X106.452 Y135.019
G1 F3600 X114.940 Y143.507 E674.0635
G0 F3600 X115.505 Y143.507
G1 F3600 X106.452 Y134.453 E674.5692
G0 F3600 X106.452 Y133.887
G1 F3600 X116.071 Y143.507 E675.1065
G0 F3600 X116.637 Y143.507
G1 F3600 X106.452 Y133.322 E675.6754
G0 F3600 X106.452 Y132.756
G1 F3600 X117.202 Y143.507 E676.2759
G0 F3600 X117.768 Y143.507
G1 F3600 X106.452 Y132.190 E676.9080
G0 F3600 X106.452 Y131.625
G1 F3600 X118.334 Y143.507 E677.5716
G0 F3600 X118.900 Y143.507
G1 F3600 X106.452 Y131.059 E678.2669
G0 F3600 X106.452 Y130.493
G1 F3600 X119.465 Y143.507 E678.9938
G0 F3600 X120.031 Y143.507
G1 F3600 X106.452 Y129.928 E679.7523
G0 F3600 X106.452 Y129.362
G1 F3600 X120.597 Y143.507 E680.5424
G0 F3600 X121.162 Y143.507
G1 F3600 X106.452 Y128.796 E681.3641
G0 F3600 X106.452 Y128.230
G1 F3600 X121.728 Y143.507 E682.2174
G0 F3600 X122.294 Y143.507
G1 F3600 X106.452 Y127.665 E683.1022
G0 F3600 X106.452 Y127.099
G1 F3600 X122.859 Y143.507 E684.0187
G0 F3600 X123.425 Y143.507
G1 F3600 X106.452 Y126.533 E684.9668
G0 F3600 X106.452 Y125.968
G1 F3600 X123.991 Y143.507 E685.9464
G0 F3600 X124.556 Y143.507
G1 F3600 X106.452 Y125.402 E686.9577
G0 F3600 X106.452 Y124.836
G1 F3600 X125.122 Y143.507 E688.0006
G0 F3600 X125.688 Y143.507
G1 F3600 X106.452 Y124.271 E689.0750
G0 F3600 X106.452 Y123.705
G1 F3600 X126.253 Y143.507 E690.1810
G0 F3600 X126.819 Y143.507
G1 F3600 X106.452 Y123.139 E691.3187
G0 F3600 X106.452 Y122.574
G1 F3600 X127.385 Y143.507 E692.4879
G0 F3600 X127.950 Y143.507
G1 F3600 X106.452 Y122.008 E693.6888
G0 F3600 X106.452 Y121.442
G1 F3600 X128.516 Y143.507 E694.9212
G0 F3600 X129.082 Y143.507
G1 F3600 X106.452 Y120.877 E696.1852
G0 F3600 X106.452 Y120.311
G1 F3600 X129.648 Y143.507 E697.4809
G0 F3600 X130.213 Y143.507
G1 F3600 X106.452 Y119.745 E698.8081
G0 F3600 X106.452 Y119.180
G1 F3600 X130.779 Y143.507 E700.1669
G0 F3600 X131.345 Y143.507
G1 F3600 X106.452 Y118.614 E701.5574
G0 F3600 X106.452 Y118.048
G1 F3600 X131.910 Y143.507 E702.9794
G0 F3600 X132.476 Y143.507
G1 F3600 X106.452 Y117.482 E704.4330
G0 F3600 X106.452 Y116.917
G1 F3600 X133.042 Y143.507 E705.9182
G0 F3600 X133.607 Y143.507
G1 F3600 X106.452 Y116.351 E707.4351
G0 F3600 X106.452 Y115.785
G1 F3600 X134.173 Y143.507 E708.9835
G0 F3600 X134.739 Y143.507
G1 F3600 X106.452 Y115.220 E710.5635
G0 F3600 X106.452 Y114.654
G1 F3600 X135.304 Y143.507 E712.1751
G0 F3600 X135.870 Y143.507
G1 F3600 X106.452 Y114.088 E713.8183
G0 F3600 X106.452 Y113.523
G1 F3600 X136.436 Y143.507 E715.4931
G0 F3600 X137.001 Y143.507
G1 F3600 X106.452 Y112.957 E717.1995
G0 F3600 X106.452 Y112.391
G1 F3600 X137.567 Y143.507 E718.9375
G0 F3600 X138.133 Y143.507
G1 F3600 X106.452 Y111.826 E720.7071
G0 F3600 X106.452 Y111.260
G1 F3600 X138.698 Y143.507 E722.5082
G0 F3600 X139.264 Y143.507
G1 F3600 X106.452 Y110.694 E724.3410
G0 F3600 X106.452 Y110.129
G1 F3600 X139.830 Y143.507 E726.2054
G0 F3600 X140.396 Y143.507
G1 F3600 X106.452 Y109.563 E728.1014
G0 F3600 X106.452 Y108.997
G1 F3600 X140.961 Y143.507 E730.0289
G0 F3600 X141.527 Y143.507
G1 F3600 X106.452 Y108.431 E731.9881
G0 F3600 X106.452 Y107.866
G1 F3600 X142.093 Y143.507 E733.9789
G0 F3600 X142.658 Y143.507
G1 F3600 X106.452 Y107.300 E736.0013
G0 F3600 X106.452 Y106.734
G1 F3600 X143.224 Y143.507 E738.0553
G0 F3600 X143.547 Y143.264
G1 F3600 X106.774 Y106.491 E740.1093
G0 F3600 X107.340 Y106.491
G1 F3600 X143.547 Y142.699 E742.1317
G0 F3600 X143.547 Y142.133
G1 F3600 X107.905 Y106.491 E744.1225
G0 F3600 X108.471 Y106.491
G1 F3600 X143.547 Y141.567 E746.0817
G0 F3600 X143.547 Y141.002
G1 F3600 X109.037 Y106.491 E748.0094
G0 F3600 X109.602 Y106.491
G1 F3600 X143.547 Y140.436 E749.9054
G0 F3600 X143.547 Y139.870
G1 F3600 X110.168 Y106.491 E751.7698
G0 F3600 X110.734 Y106.491
G1 F3600 X143.547 Y139.304 E753.6026
G0 F3600 X143.547 Y138.739
G1 F3600 X111.300 Y106.491 E755.4039
G0 F3600 X111.865 Y106.491
G1 F3600 X143.547 Y138.173 E757.1735
G0 F3600 X143.547 Y137.607
G1 F3600 X112.431 Y106.491 E758.9115
G0 F3600 X112.997 Y106.491
G1 F3600 X143.547 Y137.042 E760.6180
G0 F3600 X143.547 Y136.476
G1 F3600 X113.562 Y106.491 E762.2928
G0 F3600 X114.128 Y106.491
G1 F3600 X143.547 Y135.910 E763.9361
G0 F3600 X143.547 Y135.345
G1 F3600 X114.694 Y106.491 E765.5477
G0 F3600 X115.259 Y106.491
G1 F3600 X143.547 Y134.779 E767.1278
G0 F3600 X143.547 Y134.213
G1 F3600 X115.825 Y106.491 E768.6762
G0 F3600 X116.391 Y106.491
G1 F3600 X143.547 Y133.648 E770.1931
G0 F3600 X143.547 Y133.082
G1 F3600 X116.956 Y106.491 E771.6784
G0 F3600 X117.522 Y106.491
G1 F3600 X143.547 Y132.516 E773.1320
G0 F3600 X143.547 Y131.951
G1 F3600 X118.088 Y106.491 E774.5541
G0 F3600 X118.653 Y106.491
G1 F3600 X143.547 Y131.385 E775.9446
G0 F3600 X143.547 Y130.819
G1 F3600 X119.219 Y106.491 E777.3035
G0 F3600 X119.785 Y106.491
G1 F3600 X143.547 Y130.254 E778.6308
G0 F3600 X143.547 Y129.688
G1 F3600 X120.350 Y106.491 E779.9265
G0 F3600 X120.916 Y106.491
G1 F3600 X143.547 Y129.122 E781.1906
G0 F3600 X143.547 Y128.556
G1 F3600 X121.482 Y106.491 E782.4230
G0 F3600 X122.048 Y106.491
G1 F3600 X143.547 Y127.991 E783.6239
G0 F3600 X143.547 Y127.425
G1 F3600 X122.613 Y106.491 E784.7932
G0 F3600 X123.179 Y106.491
G1 F3600 X143.547 Y126.859 E785.9309
G0 F3600 X143.547 Y126.294
G1 F3600 X123.745 Y106.491 E787.0370
G0 F3600 X124.310 Y106.491
G1 F3600 X143.547 Y125.728 E788.1115
G0 F3600 X143.547 Y125.162
G1 F3600 X124.876 Y106.491 E789.1544
G0 F3600 X125.442 Y106.491
G1 F3600 X143.547 Y124.597 E790.1657
G0 F3600 X143.547 Y124.031
G1 F3600 X126.007 Y106.491 E791.1454
G0 F3600 X126.573 Y106.491
G1 F3600 X143.547 Y123.465 E792.0935
G0 F3600 X143.547 Y122.900
G1 F3600 X127.139 Y106.491 E793.0100
G0 F3600 X127.704 Y106.491
G1 F3600 X143.547 Y122.334 E793.8950
G0 F3600 X143.547 Y121.768
G1 F3600 X128.270 Y106.491 E794.7483
G0 F3600 X128.836 Y106.491
G1 F3600 X143.547 Y121.203 E795.5700
G0 F3600 X143.547 Y120.637
G1 F3600 X129.401 Y106.491 E796.3602
G0 F3600 X129.967 Y106.491
G1 F3600 X143.547 Y120.071 E797.1187
G0 F3600 X143.547 Y119.505
G1 F3600 X130.533 Y106.491 E797.8456
G0 F3600 X131.099 Y106.491
G1 F3600 X143.547 Y118.940 E798.5409
G0 F3600 X143.547 Y118.374
G1 F3600 X131.664 Y106.491 E799.2047
G0 F3600 X132.230 Y106.491
G1 F3600 X143.547 Y117.808 E799.8368
G0 F3600 X143.547 Y117.243
G1 F3600 X132.796 Y106.491 E800.4373
G0 F3600 X133.361 Y106.491
G1 F3600 X143.547 Y116.677 E801.0063
G0 F3600 X143.547 Y116.111
G1 F3600 X133.927 Y106.491 E801.5436
G0 F3600 X134.493 Y106.491
G1 F3600 X143.547 Y115.546 E802.0494
G0 F3600 X143.547 Y114.980
G1 F3600 X135.058 Y106.491 E802.5235
G0 F3600 X135.624 Y106.491
G1 F3600 X143.547 Y114.414 E802.9661
G0 F3600 X143.547 Y113.849
G1 F3600 X136.190 Y106.491 E803.3771
G0 F3600 X136.755 Y106.491
G1 F3600 X143.547 Y113.283 E803.7564
G0 F3600 X143.547 Y112.717
G1 F3600 X137.321 Y106.491 E804.1042
G0 F3600 X137.887 Y106.491
G1 F3600 X143.547 Y112.152 E804.4204
G0 F3600 X143.547 Y111.586
G1 F3600 X138.452 Y106.491 E804.7050
G0 F3600 X139.018 Y106.491
G1 F3600 X143.547 Y111.020 E804.9579
G0 F3600 X143.547 Y110.455
G1 F3600 X139.584 Y106.491 E805.1793
G0 F3600 X140.149 Y106.491
G1 F3600 X143.547 Y109.889 E805.3691
G0 F3600 X143.547 Y109.323
G1 F3600 X140.715 Y106.491 E805.5273
G0 F3600 X141.281 Y106.491
G1 F3600 X143.547 Y108.757 E805.6539
G0 F3600 X143.547 Y108.192
G1 F3600 X141.847 Y106.491 E805.7489
G0 F3600 X142.412 Y106.491
G1 F3600 X143.547 Y107.626 E805.8123
G0 F3600 X143.547 Y107.060
G1 F3600 X142.978 Y106.491 E805.8440
;PRINTING_TIME: 498
;REMAINING_TIME: 2989
;LAYER:5
;Z:1.500
;HEIGHT:0.250
;FLOW:100.0
;PRINTING: Flow_Calibration_Cube_0.4_mm.stl
;PRINTING_ID: 0
G1 F2400 E802.8440
G1 F300 Z1.700
G0 F3900 X105.068 Y105.108
G0 F300 Z1.500
;TYPE:WALL-OUTER
;WIDTH:0.400
G1 F300 Z1.500
G1 F1500 E805.8440
G1 F2100 X144.932 Y105.108 E807.5014
G1 X144.932 Y144.892 E809.1554
G1 X105.068 Y144.892 E810.8128
G1 X105.068 Y105.108 E812.4668
G0 F3900 X105.468 Y105.508
;TYPE:WALL-INNER
;WIDTH:0.400
;FLOW:90.0
G1 F2400 X144.532 Y105.508 E813.9285
G1 X144.532 Y144.492 E815.3872
G1 X105.468 Y144.492 E816.8489
G1 X105.468 Y105.508 E818.3075
G0 F3900 X105.868 Y105.908
G1 F2400 X144.132 Y105.908 E819.7393
G1 X144.132 Y144.092 E821.1680
G1 X105.868 Y144.092 E822.5998
G1 X105.868 Y105.908 E824.0286
G0 F3900 X106.268 Y106.308
G1 F2400 X143.732 Y106.308 E825.4304
G1 X143.732 Y143.692 E826.8292
G1 X106.268 Y143.692 E828.2310
G1 X106.268 Y106.308 E829.6298
G0 F3900 X107.054 Y106.491
;TYPE:SOLID-FILL
;WIDTH:0.400
;FLOW:95.0
G1 F3600 X106.452 Y107.094 E829.6635
G0 F3600 X106.452 Y107.659
G1 F3600 X107.620 Y106.491 E829.7287
G0 F3600 X108.185 Y106.491
G1 F3600 X106.452 Y108.225 E829.8255
G0 F3600 X106.452 Y108.791
G1 F3600 X108.751 Y106.491 E829.9540
G0 F3600 X109.317 Y106.491
G1 F3600 X106.452 Y109.356 E830.1140
G0 F3600 X106.452 Y109.922
G1 F3600 X109.882 Y106.491 E830.3056
G0 F3600 X110.448 Y106.491
G1 F3600 X106.452 Y110.488 E830.5289
G0 F3600 X106.452 Y111.053
G1 F3600 X111.014 Y106.491 E830.7837
G0 F3600 X111.580 Y106.491
G1 F3600 X106.452 Y111.619 E831.0701
G0 F3600 X106.452 Y112.185
G1 F3600 X112.145 Y106.491 E831.3881
G0 F3600 X112.711 Y106.491
G1 F3600 X106.452 Y112.751 E831.7378
G0 F3600 X106.452 Y113.316
G1 F3600 X113.277 Y106.491 E832.1190
G0 F3600 X113.842 Y106.491
G1 F3600 X106.452 Y113.882 E832.5318
G0 F3600 X106.452 Y114.448
G1 F3600 X114.408 Y106.491 E832.9762
G0 F3600 X114.974 Y106.491
G1 F3600 X106.452 Y115.013 E833.4522
G0 F3600 X106.452 Y115.579
G1 F3600 X115.539 Y106.491 E833.9598
G0 F3600 X116.105 Y106.491
G1 F3600 X106.452 Y116.145 E834.4990
G0 F3600 X106.452 Y116.710
G1 F3600 X116.671 Y106.491 E835.0698
G0 F3600 X117.236 Y106.491
G1 F3600 X106.452 Y117.276 E835.6722
G0 F3600 X106.452 Y117.842
G1 F3600 X117.802 Y106.491 E836.3062
G0 F3600 X118.368 Y106.491
G1 F3600 X106.452 Y118.407 E836.9718
G0 F3600 X106.452 Y118.973
G1 F3600 X118.933 Y106.491 E837.6690
G0 F3600 X119.499 Y106.491
G1 F3600 X106.452 Y119.539 E838.3977
G0 F3600 X106.452 Y120.104
G1 F3600 X120.065 Y106.491 E839.1581
G0 F3600 X120.631 Y106.491
G1 F3600 X106.452 Y120.670 E839.9501
G0 F3600 X106.452 Y121.236
G1 F3600 X121.196 Y106.491 E840.7737
G0 F3600 X121.762 Y106.491
G1 F3600 X106.452 Y121.801 E841.6288
G0 F3600 X106.452 Y122.367
G1 F3600 X122.328 Y106.491 E842.5156
G0 F3600 X122.893 Y106.491
G1 F3600 X106.452 Y122.933 E843.4340
G0 F3600 X106.452 Y123.499
G1 F3600 X123.459 Y106.491 E844.3839
G0 F3600 X124.025 Y106.491
G1 F3600 X106.452 Y124.064 E845.3655
G0 F3600 X106.452 Y124.630
G1 F3600 X124.590 Y106.491 E846.3787
G0 F3600 X125.156 Y106.491
G1 F3600 X106.452 Y125.196 E847.4234
G0 F3600 X106.452 Y125.761
G1 F3600 X125.722 Y106.491 E848.4998
G0 F3600 X126.287 Y106.491
G1 F3600 X106.452 Y126.327 E849.6077
G0 F3600 X106.452 Y126.893
G1 F3600 X126.853 Y106.491 E850.7473
G0 F3600 X127.419 Y106.491
G1 F3600 X106.452 Y127.458 E851.9184
G0 F3600 X106.452 Y128.024
G1 F3600 X127.984 Y106.491 E853.1211
G0 F3600 X128.550 Y106.491
G1 F3600 X106.452 Y128.590 E854.3555
G0 F3600 X106.452 Y129.155
G1 F3600 X129.116 Y106.491 E855.6214
G0 F3600 X129.681 Y106.491
G1 F3600 X106.452 Y129.721 E856.9189
G0 F3600 X106.452 Y130.287
G1 F3600 X130.247 Y106.491 E858.2481
G0 F3600 X130.813 Y106.491
G1 F3600 X106.452 Y130.852 E859.6088
G0 F3600 X106.452 Y131.418
G1 F3600 X131.379 Y106.491 E861.0011
G0 F3600 X131.944 Y106.491
G1 F3600 X106.452 Y131.984 E862.4250
G0 F3600 X106.452 Y132.549
G1 F3600 X132.510 Y106.491 E863.8805
G0 F3600 X133.076 Y106.491
G1 F3600 X106.452 Y133.115 E865.3676
G0 F3600 X106.452 Y133.681
G1 F3600 X133.641 Y106.491 E866.8864
G0 F3600 X134.207 Y106.491
G1 F3600 X106.452 Y134.247 E868.4367
G0 F3600 X106.452 Y134.812
G1 F3600 X134.773 Y106.491 E870.0186
G0 F3600 X135.338 Y106.491
G1 F3600 X106.452 Y135.378 E871.6321
G0 F3600 X106.452 Y135.944
G1 F3600 X135.904 Y106.491 E873.2772
G0 F3600 X136.470 Y106.491
G1 F3600 X106.452 Y136.509 E874.9539
G0 F3600 X106.452 Y137.075
G1 F3600 X137.035 Y106.491 E876.6622
G0 F3600 X137.601 Y106.491
G1 F3600 X106.452 Y137.641 E878.4021
G0 F3600 X106.452 Y138.206
G1 F3600 X138.167 Y106.491 E880.1735
G0 F3600 X138.732 Y106.491
G1 F3600 X106.452 Y138.772 E881.9766
G0 F3600 X106.452 Y139.338
G1 F3600 X139.298 Y106.491 E883.8113
G0 F3600 X139.864 Y106.491
G1 F3600 X106.452 Y139.903 E885.6776
G0 F3600 X106.452 Y140.469
G1 F3600 X140.429 Y106.491 E887.5754
G0 F3600 X140.995 Y106.491
G1 F3600 X106.452 Y141.035 E889.5049
G0 F3600 X106.452 Y141.600
G1 F3600 X141.561 Y106.491 E891.4660
G0 F3600 X142.127 Y106.491
G1 F3600 X106.452 Y142.166 E893.4586
G0 F3600 X106.452 Y142.732
G1 F3600 X142.692 Y106.491 E895.4829
G0 F3600 X143.258 Y106.491
G1 F3600 X106.452 Y143.298 E897.5388
G0 F3600 X106.807 Y143.508
G1 F3600 X143.546 Y106.768 E899.5909
G0 F3600 X143.546 Y107.334
G1 F3600 X107.373 Y143.508 E901.6114
G0 F3600 X107.939 Y143.508
G1 F3600 X143.546 Y107.900 E903.6003
G0 F3600 X143.546 Y108.465
G1 F3600 X108.504 Y143.508 E905.5577
G0 F3600 X109.070 Y143.508
G1 F3600 X143.546 Y109.031 E907.4834
G0 F3600 X143.546 Y109.597
G1 F3600 X109.636 Y143.508 E909.3775
G0 F3600 X110.201 Y143.508
G1 F3600 X143.546 Y110.162 E911.2401
G0 F3600 X143.546 Y110.728
G1 F3600 X110.767 Y143.508 E913.0710
G0 F3600 X111.333 Y143.508
G1 F3600 X143.546 Y111.294 E914.8704
G0 F3600 X143.546 Y111.860
G1 F3600 X111.898 Y143.508 E916.6381
G0 F3600 X112.464 Y143.508
G1 F3600 X143.546 Y112.425 E918.3743
G0 F3600 X143.546 Y112.991
G1 F3600 X113.030 Y143.508 E920.0788
G0 F3600 X113.595 Y143.508
G1 F3600 X143.546 Y113.557 E921.7518
G0 F3600 X143.546 Y114.122
G1 F3600 X114.161 Y143.508 E923.3931
G0 F3600 X114.727 Y143.508
G1 F3600 X143.546 Y114.688 E925.0029
G0 F3600 X143.546 Y115.254
G1 F3600 X115.293 Y143.508 E926.5810
G0 F3600 X115.858 Y143.508
G1 F3600 X143.546 Y115.819 E928.1276
G0 F3600 X143.546 Y116.385
G1 F3600 X116.424 Y143.508 E929.6426
G0 F3600 X116.990 Y143.508
G1 F3600 X143.546 Y116.951 E931.1259
G0 F3600 X143.546 Y117.516
G1 F3600 X117.555 Y143.508 E932.5777
G0 F3600 X118.121 Y143.508
G1 F3600 X143.546 Y118.082 E933.9979
G0 F3600 X143.546 Y118.648
G1 F3600 X118.687 Y143.508 E935.3864
G0 F3600 X119.252 Y143.508
G1 F3600 X143.546 Y119.213 E936.7434
G0 F3600 X143.546 Y119.779
G1 F3600 X119.818 Y143.508 E938.0688
G0 F3600 X120.384 Y143.508
G1 F3600 X143.546 Y120.345 E939.3626
G0 F3600 X143.546 Y120.911
G1 F3600 X120.949 Y143.508 E940.6248
G0 F3600 X121.515 Y143.508
G1 F3600 X143.546 Y121.476 E941.8554
G0 F3600 X143.546 Y122.042
G1 F3600 X122.081 Y143.508 E943.0544
G0 F3600 X122.646 Y143.508
G1 F3600 X143.546 Y122.608 E944.2218
G0 F3600 X143.546 Y123.173
G1 F3600 X123.212 Y143.508 E945.3576
G0 F3600 X123.778 Y143.508
G1 F3600 X143.546 Y123.739 E946.4618
G0 F3600 X143.546 Y124.305
G1 F3600 X124.344 Y143.508 E947.5344
G0 F3600 X124.909 Y143.508
G1 F3600 X143.546 Y124.870 E948.5754
G0 F3600 X143.546 Y125.436
G1 F3600 X125.475 Y143.508 E949.5848
G0 F3600 X126.041 Y143.508
G1 F3600 X143.546 Y126.002 E950.5626
G0 F3600 X143.546 Y126.567
G1 F3600 X126.606 Y143.508 E951.5088
G0 F3600 X127.172 Y143.508
G1 F3600 X143.546 Y127.133 E952.4234
G0 F3600 X143.546 Y127.699
G1 F3600 X127.738 Y143.508 E953.3064
G0 F3600 X128.303 Y143.508
G1 F3600 X143.546 Y128.264 E954.1579
G0 F3600 X143.546 Y128.830
G1 F3600 X128.869 Y143.508 E954.9777
G0 F3600 X129.435 Y143.508
G1 F3600 X143.546 Y129.396 E955.7659
G0 F3600 X143.546 Y129.961
G1 F3600 X130.000 Y143.508 E956.5226
G0 F3600 X130.566 Y143.508
G1 F3600 X143.546 Y130.527 E957.2476
G0 F3600 X143.546 Y131.093
G1 F3600 X131.132 Y143.508 E957.9411
G0 F3600 X131.697 Y143.508
G1 F3600 X143.546 Y131.659 E958.6029
G0 F3600 X143.546 Y132.224
G1 F3600 X132.263 Y143.508 E959.2332
G0 F3600 X132.829 Y143.508
G1 F3600 X143.546 Y132.790 E959.8318
G0 F3600 X143.546 Y133.356
G1 F3600 X133.394 Y143.508 E960.3989
G0 F3600 X133.960 Y143.508
G1 F3600 X143.546 Y133.921 E960.9343
G0 F3600 X143.546 Y134.487
G1 F3600 X134.526 Y143.508 E961.4382
G0 F3600 X135.092 Y143.508
G1 F3600 X143.546 Y135.053 E961.9104
G0 F3600 X143.546 Y135.618
G1 F3600 X135.657 Y143.508 E962.3511
G0 F3600 X136.223 Y143.508
G1 F3600 X143.546 Y136.184 E962.7602
G0 F3600 X143.546 Y136.750
G1 F3600 X136.789 Y143.508 E963.1376
G0 F3600 X137.354 Y143.508
G1 F3600 X143.546 Y137.315 E963.4835
G0 F3600 X143.546 Y137.881
G1 F3600 X137.920 Y143.508 E963.7978
G0 F3600 X138.486 Y143.508
G1 F3600 X143.546 Y138.447 E964.0804
G0 F3600 X143.546 Y139.012
G1 F3600 X139.051 Y143.508 E964.3315
G0 F3600 X139.617 Y143.508
G1 F3600 X143.546 Y139.578 E964.5510
G0 F3600 X143.546 Y140.144
G1 F3600 X140.183 Y143.508 E964.7389
G0 F3600 X140.748 Y143.508
G1 F3600 X143.546 Y140.710 E964.8952
G0 F3600 X143.546 Y141.275
G1 F3600 X141.314 Y143.508 E965.0199
G0 F3600 X141.880 Y143.508
G1 F3600 X143.546 Y141.841 E965.1130
G0 F3600 X143.546 Y142.407
G1 F3600 X142.445 Y143.508 E965.1745
G0 F3600 X143.011 Y143.508
G1 F3600 X143.546 Y142.972 E965.2044
;PRINTING_TIME: 585
;REMAINING_TIME: 2902
;LAYER:6
;Z:1.750
;HEIGHT:0.250
;FLOW:100.0
;PRINTING: Flow_Calibration_Cube_0.4_mm.stl
;PRINTING_ID: 0
G1 F2400 E962.2044
G1 F300 Z1.950
G0 F3900 X105.068 Y105.108
G0 F300 Z1.750
;TYPE:WALL-OUTER
;WIDTH:0.400
G1 F300 Z1.750
G1 F1500 E965.2044
G1 F2100 X144.932 Y105.108 E966.8617
G1 X144.932 Y144.892 E968.5158
G1 X105.068 Y144.892 E970.1731
G1 X105.068 Y105.108 E971.8271
G0 F3900 X105.468 Y105.508
;TYPE:WALL-INNER
;WIDTH:0.400
;FLOW:90.0
G1 F2400 X144.532 Y105.508 E973.2888
G1 X144.532 Y144.492 E974.7475
G1 X105.468 Y144.492 E976.2092
G1 X105.468 Y105.508 E977.6679
G0 F3900 X105.868 Y105.908
G1 F2400 X144.132 Y105.908 E979.0996
G1 X144.132 Y144.092 E980.5284
G1 X105.868 Y144.092 E981.9601
G1 X105.868 Y105.908 E983.3889
G0 F3900 X106.268 Y106.308
G1 F2400 X143.732 Y106.308 E984.7907
G1 X143.732 Y143.692 E986.1895
G1 X106.268 Y143.692 E987.5913
G1 X106.268 Y106.308 E988.9902
G1 F2400 E985.9902
G1 F300 Z1.950
G0 F3900 X106.452 Y142.938
;TYPE:SOLID-FILL
;WIDTH:0.400
;FLOW:95.0
G1 F300 Z1.750
G1 F1500 E988.9902
G1 F3600 X107.020 Y143.507 E989.0219
G0 F3600 X107.586 Y143.507
G1 F3600 X106.452 Y142.373 E989.0853
G0 F3600 X106.452 Y141.807
G1 F3600 X108.151 Y143.507 E989.1802
G0 F3600 X108.717 Y143.507
G1 F3600 X106.452 Y141.241 E989.3067
G0 F3600 X106.452 Y140.676
G1 F3600 X109.283 Y143.507 E989.4649
G0 F3600 X109.849 Y143.507
G1 F3600 X106.452 Y140.110 E989.6546
G0 F3600 X106.452 Y139.544
G1 F3600 X110.414 Y143.507 E989.8759
G0 F3600 X110.980 Y143.507
G1 F3600 X106.452 Y138.979 E990.1289
G0 F3600 X106.452 Y138.413
G1 F3600 X111.546 Y143.507 E990.4134
G0 F3600 X112.111 Y143.507
G1 F3600 X106.452 Y137.847 E990.7295
G0 F3600 X106.452 Y137.281
G1 F3600 X112.677 Y143.507 E991.0772
G0 F3600 X113.243 Y143.507
G1 F3600 X106.452 Y136.716 E991.4566
G0 F3600 X106.452 Y136.150
G1 F3600 X113.808 Y143.507 E991.8675
G0 F3600 X114.374 Y143.507
G1 F3600 X106.452 Y135.584 E992.3100
G0 F3600 X106.452 Y135.019
G1 F3600 X114.940 Y143.507 E992.7841
G0 F3600 X115.505 Y143.507
G1 F3600 X106.452 Y134.453 E993.2898
G0 F3600 X106.452 Y133.887
G1 F3600 X116.071 Y143.507 E993.8271
G0 F3600 X116.637 Y143.507
G1 F3600 X106.452 Y133.322 E994.3960
G0 F3600 X106.452 Y132.756
G1 F3600 X117.202 Y143.507 E994.9965
G0 F3600 X117.768 Y143.507
G1 F3600 X106.452 Y132.190 E995.6286
G0 F3600 X106.452 Y131.625
G1 F3600 X118.334 Y143.507 E996.2923
G0 F3600 X118.900 Y143.507
G1 F3600 X106.452 Y131.059 E996.9876
G0 F3600 X106.452 Y130.493
G1 F3600 X119.465 Y143.507 E997.7145
G0 F3600 X120.031 Y143.507
G1 F3600 X106.452 Y129.928 E998.4729
G0 F3600 X106.452 Y129.362
G1 F3600 X120.597 Y143.507 E999.2630
G0 F3600 X121.162 Y143.507
G1 F3600 X106.452 Y128.796 E1000.0847
G0 F3600 X106.452 Y128.230
G1 F3600 X121.728 Y143.507 E1000.9380
G0 F3600 X122.294 Y143.507
G1 F3600 X106.452 Y127.665 E1001.8229
G0 F3600 X106.452 Y127.099
G1 F3600 X122.859 Y143.507 E1002.7393
G0 F3600 X123.425 Y143.507
G1 F3600 X106.452 Y126.533 E1003.6874
G0 F3600 X106.452 Y125.968
G1 F3600 X123.991 Y143.507 E1004.6671
G0 F3600 X124.556 Y143.507
G1 F3600 X106.452 Y125.402 E1005.6783
G0 F3600 X106.452 Y124.836
G1 F3600 X125.122 Y143.507 E1006.7212
G0 F3600 X125.688 Y143.507
G1 F3600 X106.452 Y124.271 E1007.7956
G0 F3600 X106.452 Y123.705
G1 F3600 X126.253 Y143.507 E1008.9017
G0 F3600 X126.819 Y143.507
G1 F3600 X106.452 Y123.139 E1010.0393
G0 F3600 X106.452 Y122.574
G1 F3600 X127.385 Y143.507 E1011.2086
G0 F3600 X127.950 Y143.507
G1 F3600 X106.452 Y122.008 E1012.4094
G0 F3600 X106.452 Y121.442
G1 F3600 X128.516 Y143.507 E1013.6418
G0 F3600 X129.082 Y143.507
G1 F3600 X106.452 Y120.877 E1014.9059
G0 F3600 X106.452 Y120.311
G1 F3600 X129.648 Y143.507 E1016.2015
G0 F3600 X130.213 Y143.507
G1 F3600 X106.452 Y119.745 E1017.5287
G0 F3600 X106.452 Y119.180
G1 F3600 X130.779 Y143.507 E1018.8876
G0 F3600 X131.345 Y143.507
G1 F3600 X106.452 Y118.614 E1020.2780
G0 F3600 X106.452 Y118.048
G1 F3600 X131.910 Y143.507 E1021.7000
G0 F3600 X132.476 Y143.507
G1 F3600 X106.452 Y117.482 E1023.1536
G0 F3600 X106.452 Y116.917
G1 F3600 X133.042 Y143.507 E1024.6389
G0 F3600 X133.607 Y143.507
G1 F3600 X106.452 Y116.351 E1026.1557
G0 F3600 X106.452 Y115.785
G1 F3600 X134.173 Y143.507 E1027.7041
G0 F3600 X134.739 Y143.507
G1 F3600 X106.452 Y115.220 E1029.2841
G0 F3600 X106.452 Y114.654
G1 F3600 X135.304 Y143.507 E1030.8957
G0 F3600 X135.870 Y143.507
G1 F3600 X106.452 Y114.088 E1032.5389
G0 F3600 X106.452 Y113.523
G1 F3600 X136.436 Y143.507 E1034.2137
G0 F3600 X137.001 Y143.507
G1 F3600 X106.452 Y112.957 E1035.9201
G0 F3600 X106.452 Y112.391
G1 F3600 X137.567 Y143.507 E1037.6581
G0 F3600 X138.133 Y143.507
G1 F3600 X106.452 Y111.826 E1039.4277
G0 F3600 X106.452 Y111.260
G1 F3600 X138.698 Y143.507 E1041.2289
G0 F3600 X139.264 Y143.507
G1 F3600 X106.452 Y110.694 E1043.0616
G0 F3600 X106.452 Y110.129
G1 F3600 X139.830 Y143.507 E1044.9260
G0 F3600 X140.396 Y143.507
G1 F3600 X106.452 Y109.563 E1046.8220
G0 F3600 X106.452 Y108.997
G1 F3600 X140.961 Y143.507 E1048.7496
G0 F3600 X141.527 Y143.507
G1 F3600 X106.452 Y108.431 E1050.7088
G0 F3600 X106.452 Y107.866
G1 F3600 X142.093 Y143.507 E1052.6995
G0 F3600 X142.658 Y143.507
G1 F3600 X106.452 Y107.300 E1054.7219
G0 F3600 X106.452 Y106.734
G1 F3600 X143.224 Y143.507 E1056.7759
G0 F3600 X143.547 Y143.264
G1 F3600 X106.774 Y106.491 E1058.8299
G0 F3600 X107.340 Y106.491
G1 F3600 X143.547 Y142.699 E1060.8523
G0 F3600 X143.547 Y142.133
G1 F3600 X107.905 Y106.491 E1062.8431
G0 F3600 X108.471 Y106.491
G1 F3600 X143.547 Y141.567 E1064.8024
G0 F3600 X143.547 Y141.002
G1 F3600 X109.037 Y106.491 E1066.7300
G0 F3600 X109.602 Y106.491
G1 F3600 X143.547 Y140.436 E1068.6260
G0 F3600 X143.547 Y139.870
G1 F3600 X110.168 Y106.491 E1070.4905
G0 F3600 X110.734 Y106.491
G1 F3600 X143.547 Y139.304 E1072.3233
G0 F3600 X143.547 Y138.739
G1 F3600 X111.300 Y106.491 E1074.1245
G0 F3600 X111.865 Y106.491
G1 F3600 X143.547 Y138.173 E1075.8941
G0 F3600 X143.547 Y137.607
G1 F3600 X112.431 Y106.491 E1077.6322
G0 F3600 X112.997 Y106.491
G1 F3600 X143.547 Y137.042 E1079.3386
G0 F3600 X143.547 Y136.476
G1 F3600 X113.562 Y106.491 E1081.0135
G0 F3600 X114.128 Y106.491
G1 F3600 X143.547 Y135.910 E1082.6567
G0 F3600 X143.547 Y135.345
G1 F3600 X114.694 Y106.491 E1084.2684
G0 F3600 X115.259 Y106.491
G1 F3600 X143.547 Y134.779 E1085.8484
G0 F3600 X143.547 Y134.213
G1 F3600 X115.825 Y106.491 E1087.3969
G0 F3600 X116.391 Y106.491
G1 F3600 X143.547 Y133.648 E1088.9137
G0 F3600 X143.547 Y133.082
G1 F3600 X116.956 Y106.491 E1090.3990
G0 F3600 X117.522 Y106.491
G1 F3600 X143.547 Y132.516 E1091.8527
G0 F3600 X143.547 Y131.951
G1 F3600 X118.088 Y106.491 E1093.2747
G0 F3600 X118.653 Y106.491
G1 F3600 X143.547 Y131.385 E1094.6652
G0 F3600 X143.547 Y130.819
G1 F3600 X119.219 Y106.491 E1096.0241
G0 F3600 X119.785 Y106.491
G1 F3600 X143.547 Y130.254 E1097.3514
G0 F3600 X143.547 Y129.688
G1 F3600 X120.350 Y106.491 E1098.6471
G0 F3600 X120.916 Y106.491
G1 F3600 X143.547 Y129.122 E1099.9112
G0 F3600 X143.547 Y128.556
G1 F3600 X121.482 Y106.491 E1101.1436
G0 F3600 X122.048 Y106.491
G1 F3600 X143.547 Y127.991 E1102.3445
G0 F3600 X143.547 Y127.425
G1 F3600 X122.613 Y106.491 E1103.5138
G0 F3600 X123.179 Y106.491
G1 F3600 X143.547 Y126.859 E1104.6515
G0 F3600 X143.547 Y126.294
G1 F3600 X123.745 Y106.491 E1105.7576
G0 F3600 X124.310 Y106.491
G1 F3600 X143.547 Y125.728 E1106.8321
G0 F3600 X143.547 Y125.162
G1 F3600 X124.876 Y106.491 E1107.8750
G0 F3600 X125.442 Y106.491
G1 F3600 X143.547 Y124.597 E1108.8863
G0 F3600 X143.547 Y124.031
G1 F3600 X126.007 Y106.491 E1109.8660
G0 F3600 X126.573 Y106.491
G1 F3600 X143.547 Y123.465 E1110.8141
G0 F3600 X143.547 Y122.900
G1 F3600 X127.139 Y106.491 E1111.7307
G0 F3600 X127.704 Y106.491
G1 F3600 X143.547 Y122.334 E1112.6156
G0 F3600 X143.547 Y121.768
G1 F3600 X128.270 Y106.491 E1113.4689
G0 F3600 X128.836 Y106.491
G1 F3600 X143.547 Y121.203 E1114.2906
G0 F3600 X143.547 Y120.637
G1 F3600 X129.401 Y106.491 E1115.0808
G0 F3600 X129.967 Y106.491
G1 F3600 X143.547 Y120.071 E1115.8393
G0 F3600 X143.547 Y119.505
G1 F3600 X130.533 Y106.491 E1116.5662
G0 F3600 X131.099 Y106.491
G1 F3600 X143.547 Y118.940 E1117.2616
G0 F3600 X143.547 Y118.374
G1 F3600 X131.664 Y106.491 E1117.9253
G0 F3600 X132.230 Y106.491
G1 F3600 X143.547 Y117.808 E1118.5574
G0 F3600 X143.547 Y117.243
G1 F3600 X132.796 Y106.491 E1119.1580
G0 F3600 X133.361 Y106.491
G1 F3600 X143.547 Y116.677 E1119.7269
G0 F3600 X143.547 Y116.111
G1 F3600 X133.927 Y106.491 E1120.2643
G0 F3600 X134.493 Y106.491
G1 F3600 X143.547 Y115.546 E1120.7700
G0 F3600 X143.547 Y114.980
G1 F3600 X135.058 Y106.491 E1121.2442
G0 F3600 X135.624 Y106.491
G1 F3600 X143.547 Y114.414 E1121.6867
G0 F3600 X143.547 Y113.849
G1 F3600 X136.190 Y106.491 E1122.0977
G0 F3600 X136.755 Y106.491
G1 F3600 X143.547 Y113.283 E1122.4771
G0 F3600 X143.547 Y112.717
G1 F3600 X137.321 Y106.491 E1122.8248
G0 F3600 X137.887 Y106.491
G1 F3600 X143.547 Y112.152 E1123.1410
G0 F3600 X143.547 Y111.586
G1 F3600 X138.452 Y106.491 E1123.4256
G0 F3600 X139.018 Y106.491
G1 F3600 X143.547 Y111.020 E1123.6786
G0 F3600 X143.547 Y110.455
G1 F3600 X139.584 Y106.491 E1123.8999
G0 F3600 X140.149 Y106.491
G1 F3600 X143.547 Y109.889 E1124.0897
G0 F3600 X143.547 Y109.323
G1 F3600 X140.715 Y106.491 E1124.2479
G0 F3600 X141.281 Y106.491
G1 F3600 X143.547 Y108.757 E1124.3745
G0 F3600 X143.547 Y108.192
G1 F3600 X141.847 Y106.491 E1124.4695
G0 F3600 X142.412 Y106.491
G1 F3600 X143.547 Y107.626 E1124.5329
G0 F3600 X143.547 Y107.060
G1 F3600 X142.978 Y106.491 E1124.5647
;PRINTING_TIME: 674
;REMAINING_TIME: 2813
;LAYER:7
;Z:2.000
;HEIGHT:0.250
;FLOW:100.0
M106 S128
;PRINTING: Flow_Calibration_Cube_0.4_mm.stl
;PRINTING_ID: 0
G1 F2400 E1121.5647
G1 F300 Z2.200
G0 F3900 X105.068 Y105.108
G0 F300 Z2.000
;TYPE:WALL-OUTER
;WIDTH:0.400
G1 F300 Z2.000
G1 F1500 E1124.5647
G1 F2100 X144.932 Y105.108 E1126.2220
G1 X144.932 Y144.892 E1127.8760
G1 X105.068 Y144.892 E1129.5334
G1 X105.068 Y105.108 E1131.1874
G0 F3900 X105.468 Y105.508
;TYPE:WALL-INNER
;WIDTH:0.400
;FLOW:90.0
G1 F2400 X144.532 Y105.508 E1132.6491
G1 X144.532 Y144.492 E1134.1078
G1 X105.468 Y144.492 E1135.5695
G1 X105.468 Y105.508 E1137.0282
G0 F3900 X105.868 Y105.908
G1 F2400 X144.132 Y105.908 E1138.4599
G1 X144.132 Y144.092 E1139.8887
G1 X105.868 Y144.092 E1141.3204
G1 X105.868 Y105.908 E1142.7492
G0 F3900 X106.268 Y106.308
G1 F2400 X143.732 Y106.308 E1144.1510
G1 X143.732 Y143.692 E1145.5498
G1 X106.268 Y143.692 E1146.9516
G1 X106.268 Y106.308 E1148.3505
G0 F3900 X107.054 Y106.491
;TYPE:SOLID-FILL
;WIDTH:0.400
;FLOW:95.0
G1 F3600 X106.452 Y107.094 E1148.3841
G0 F3600 X106.452 Y107.659
G1 F3600 X107.620 Y106.491 E1148.4493
G0 F3600 X108.185 Y106.491
G1 F3600 X106.452 Y108.225 E1148.5462
G0 F3600 X106.452 Y108.791
G1 F3600 X108.751 Y106.491 E1148.6746
G0 F3600 X109.317 Y106.491
G1 F3600 X106.452 Y109.356 E1148.8346
G0 F3600 X106.452 Y109.922
G1 F3600 X109.882 Y106.491 E1149.0263
G0 F3600 X110.448 Y106.491
G1 F3600 X106.452 Y110.488 E1149.2495
G0 F3600 X106.452 Y111.053
G1 F3600 X111.014 Y106.491 E1149.5043
G0 F3600 X111.580 Y106.491
G1 F3600 X106.452 Y111.619 E1149.7907
G0 F3600 X106.452 Y112.185
G1 F3600 X112.145 Y106.491 E1150.1088
G0 F3600 X112.711 Y106.491
G1 F3600 X106.452 Y112.751 E1150.4584
G0 F3600 X106.452 Y113.316
G1 F3600 X113.277 Y106.491 E1150.8396
G0 F3600 X113.842 Y106.491
G1 F3600 X106.452 Y113.882 E1151.2524
G0 F3600 X106.452 Y114.448
G1 F3600 X114.408 Y106.491 E1151.6968
G0 F3600 X114.974 Y106.491
G1 F3600 X106.452 Y115.013 E1152.1728
G0 F3600 X106.452 Y115.579
G1 F3600 X115.539 Y106.491 E1152.6804
G0 F3600 X116.105 Y106.491
G1 F3600 X106.452 Y116.145 E1153.2196
G0 F3600 X106.452 Y116.710
G1 F3600 X116.671 Y106.491 E1153.7904
G0 F3600 X117.236 Y106.491
G1 F3600 X106.452 Y117.276 E1154.3928
G0 F3600 X106.452 Y117.842
G1 F3600 X117.802 Y106.491 E1155.0268
G0 F3600 X118.368 Y106.491
G1 F3600 X106.452 Y118.407 E1155.6924
G0 F3600 X106.452 Y118.973
G1 F3600 X118.933 Y106.491 E1156.3896
G0 F3600 X119.499 Y106.491
G1 F3600 X106.452 Y119.539 E1157.1184
G0 F3600 X106.452 Y120.104
G1 F3600 X120.065 Y106.491 E1157.8787
G0 F3600 X120.631 Y106.491
G1 F3600 X106.452 Y120.670 E1158.6707
G0 F3600 X106.452 Y121.236
G1 F3600 X121.196 Y106.491 E1159.4943
G0 F3600 X121.762 Y106.491
G1 F3600 X106.452 Y121.801 E1160.3495
G0 F3600 X106.452 Y122.367
G1 F3600 X122.328 Y106.491 E1161.2362
G0 F3600 X122.893 Y106.491
G1 F3600 X106.452 Y122.933 E1162.1546
G0 F3600 X106.452 Y123.499
G1 F3600 X123.459 Y106.491 E1163.1046
G0 F3600 X124.025 Y106.491
G1 F3600 X106.452 Y124.064 E1164.0861
G0 F3600 X106.452 Y124.630
G1 F3600 X124.590 Y106.491 E1165.0993
G0 F3600 X125.156 Y106.491
G1 F3600 X106.452 Y125.196 E1166.1441
G0 F3600 X106.452 Y125.761
G1 F3600 X125.722 Y106.491 E1167.2204
G0 F3600 X126.287 Y106.491
G1 F3600 X106.452 Y126.327 E1168.3283
G0 F3600 X106.452 Y126.893
G1 F3600 X126.853 Y106.491 E1169.4679
G0 F3600 X127.419 Y106.491
G1 F3600 X106.452 Y127.458 E1170.6390
G0 F3600 X106.452 Y128.024
G1 F3600 X127.984 Y106.491 E1171.8418
G0 F3600 X128.550 Y106.491
G1 F3600 X106.452 Y128.590 E1173.0761
G0 F3600 X106.452 Y129.155
G1 F3600 X129.116 Y106.491 E1174.3420
G0 F3600 X129.681 Y106.491
G1 F3600 X106.452 Y129.721 E1175.6396
G0 F3600 X106.452 Y130.287
G1 F3600 X130.247 Y106.491 E1176.9687
G0 F3600 X130.813 Y106.491
G1 F3600 X106.452 Y130.852 E1178.3294
G0 F3600 X106.452 Y131.418
G1 F3600 X131.379 Y106.491 E1179.7217
G0 F3600 X131.944 Y106.491
G1 F3600 X106.452 Y131.984 E1181.1456
G0 F3600 X106.452 Y132.549
G1 F3600 X132.510 Y106.491 E1182.6012
G0 F3600 X133.076 Y106.491
G1 F3600 X106.452 Y133.115 E1184.0883
G0 F3600 X106.452 Y133.681
G1 F3600 X133.641 Y106.491 E1185.6070
G0 F3600 X134.207 Y106.491
G1 F3600 X106.452 Y134.247 E1187.1573
G0 F3600 X106.452 Y134.812
G1 F3600 X134.773 Y106.491 E1188.7392
G0 F3600 X135.338 Y106.491
G1 F3600 X106.452 Y135.378 E1190.3527
G0 F3600 X106.452 Y135.944
G1 F3600 X135.904 Y106.491 E1191.9978
G0 F3600 X136.470 Y106.491
G1 F3600 X106.452 Y136.509 E1193.6745
G0 F3600 X106.452 Y137.075
G1 F3600 X137.035 Y106.491 E1195.3828
G0 F3600 X137.601 Y106.491
G1 F3600 X106.452 Y137.641 E1197.1227
G0 F3600 X106.452 Y138.206
G1 F3600 X138.167 Y106.491 E1198.8942
G0 F3600 X138.732 Y106.491
G1 F3600 X106.452 Y138.772 E1200.6972
G0 F3600 X106.452 Y139.338
G1 F3600 X139.298 Y106.491 E1202.5319
G0 F3600 X139.864 Y106.491
G1 F3600 X106.452 Y139.903 E1204.3982
G0 F3600 X106.452 Y140.469
G1 F3600 X140.429 Y106.491 E1206.2961
G0 F3600 X140.995 Y106.491
G1 F3600 X106.452 Y141.035 E1208.2255
G0 F3600 X106.452 Y141.600
G1 F3600 X141.561 Y106.491 E1210.1866
G0 F3600 X142.127 Y106.491
G1 F3600 X106.452 Y142.166 E1212.1793
G0 F3600 X106.452 Y142.732
G1 F3600 X142.692 Y106.491 E1214.2035
G0 F3600 X143.258 Y106.491
G1 F3600 X106.452 Y143.298 E1216.2594
G0 F3600 X106.807 Y143.508
G1 F3600 X143.546 Y106.768 E1218.3115
G0 F3600 X143.546 Y107.334
G1 F3600 X107.373 Y143.508 E1220.3321
G0 F3600 X107.939 Y143.508
G1 F3600 X143.546 Y107.900 E1222.3210
G0 F3600 X143.546 Y108.465
G1 F3600 X108.504 Y143.508 E1224.2783
G0 F3600 X109.070 Y143.508
G1 F3600 X143.546 Y109.031 E1226.2041
G0 F3600 X143.546 Y109.597
G1 F3600 X109.636 Y143.508 E1228.0982
G0 F3600 X110.201 Y143.508
G1 F3600 X143.546 Y110.162 E1229.9607
G0 F3600 X143.546 Y110.728
G1 F3600 X110.767 Y143.508 E1231.7917
G0 F3600 X111.333 Y143.508
G1 F3600 X143.546 Y111.294 E1233.5910
G0 F3600 X143.546 Y111.860
G1 F3600 X111.898 Y143.508 E1235.3587
G0 F3600 X112.464 Y143.508
G1 F3600 X143.546 Y112.425 E1237.0949
G0 F3600 X143.546 Y112.991
G1 F3600 X113.030 Y143.508 E1238.7994
G0 F3600 X113.595 Y143.508
G1 F3600 X143.546 Y113.557 E1240.4724
G0 F3600 X143.546 Y114.122
G1 F3600 X114.161 Y143.508 E1242.1138
G0 F3600 X114.727 Y143.508
G1 F3600 X143.546 Y114.688 E1243.7235
G0 F3600 X143.546 Y115.254
G1 F3600 X115.293 Y143.508 E1245.3016
G0 F3600 X115.858 Y143.508
G1 F3600 X143.546 Y115.819 E1246.8482
G0 F3600 X143.546 Y116.385
G1 F3600 X116.424 Y143.508 E1248.3632
G0 F3600 X116.990 Y143.508
G1 F3600 X143.546 Y116.951 E1249.8465
G0 F3600 X143.546 Y117.516
G1 F3600 X117.555 Y143.508 E1251.2983
G0 F3600 X118.121 Y143.508
G1 F3600 X143.546 Y118.082 E1252.7185
G0 F3600 X143.546 Y118.648
G1 F3600 X118.687 Y143.508 E1254.1071
G0 F3600 X119.252 Y143.508
G1 F3600 X143.546 Y119.213 E1255.4641
G0 F3600 X143.546 Y119.779
G1 F3600 X119.818 Y143.508 E1256.7895
G0 F3600 X120.384 Y143.508
G1 F3600 X143.546 Y120.345 E1258.0832
G0 F3600 X143.546 Y120.911
G1 F3600 X120.949 Y143.508 E1259.3454
G0 F3600 X121.515 Y143.508
G1 F3600 X143.546 Y121.476 E1260.5760
G0 F3600 X143.546 Y122.042
G1 F3600 X122.081 Y143.508 E1261.7750
G0 F3600 X122.646 Y143.508
G1 F3600 X143.546 Y122.608 E1262.9424
G0 F3600 X143.546 Y123.173
G1 F3600 X123.212 Y143.508 E1264.0782
G0 F3600 X123.778 Y143.508
G1 F3600 X143.546 Y123.739 E1265.1824
G0 F3600 X143.546 Y124.305
G1 F3600 X124.344 Y143.508 E1266.2550
G0 F3600 X124.909 Y143.508
G1 F3600 X143.546 Y124.870 E1267.2960
G0 F3600 X143.546 Y125.436
G1 F3600 X125.475 Y143.508 E1268.3054
G0 F3600 X126.041 Y143.508
G1 F3600 X143.546 Y126.002 E1269.2832
G0 F3600 X143.546 Y126.567
G1 F3600 X126.606 Y143.508 E1270.2294
G0 F3600 X127.172 Y143.508
G1 F3600 X143.546 Y127.133 E1271.1441
G0 F3600 X143.546 Y127.699
G1 F3600 X127.738 Y143.508 E1272.0271
G0 F3600 X128.303 Y143.508
G1 F3600 X143.546 Y128.264 E1272.8785
G0 F3600 X143.546 Y128.830
G1 F3600 X128.869 Y143.508 E1273.6984
G0 F3600 X129.435 Y143.508
G1 F3600 X143.546 Y129.396 E1274.4866
G0 F3600 X143.546 Y129.961
G1 F3600 X130.000 Y143.508 E1275.2432
G0 F3600 X130.566 Y143.508
G1 F3600 X143.546 Y130.527 E1275.9683
G0 F3600 X143.546 Y131.093
G1 F3600 X131.132 Y143.508 E1276.6617
G0 F3600 X131.697 Y143.508
G1 F3600 X143.546 Y131.659 E1277.3235
G0 F3600 X143.546 Y132.224
G1 F3600 X132.263 Y143.508 E1277.9538
G0 F3600 X132.829 Y143.508
G1 F3600 X143.546 Y132.790 E1278.5524
G0 F3600 X143.546 Y133.356
G1 F3600 X133.394 Y143.508 E1279.1195
G0 F3600 X133.960 Y143.508
G1 F3600 X143.546 Y133.921 E1279.6550
G0 F3600 X143.546 Y134.487
G1 F3600 X134.526 Y143.508 E1280.1588
G0 F3600 X135.092 Y143.508
G1 F3600 X143.546 Y135.053 E1280.6310
G0 F3600 X143.546 Y135.618
G1 F3600 X135.657 Y143.508 E1281.0717
G0 F3600 X136.223 Y143.508
G1 F3600 X143.546 Y136.184 E1281.4808
G0 F3600 X143.546 Y136.750
G1 F3600 X136.789 Y143.508 E1281.8582
G0 F3600 X137.354 Y143.508
G1 F3600 X143.546 Y137.315 E1282.2041
G0 F3600 X143.546 Y137.881
G1 F3600 X137.920 Y143.508 E1282.5184
G0 F3600 X138.486 Y143.508
G1 F3600 X143.546 Y138.447 E1282.8011
G0 F3600 X143.546 Y139.012
G1 F3600 X139.051 Y143.508 E1283.0522
G0 F3600 X139.617 Y143.508
G1 F3600 X143.546 Y139.578 E1283.2717
G0 F3600 X143.546 Y140.144
G1 F3600 X140.183 Y143.508 E1283.4595
G0 F3600 X140.748 Y143.508
G1 F3600 X143.546 Y140.710 E1283.6158
G0 F3600 X143.546 Y141.275
G1 F3600 X141.314 Y143.508 E1283.7405
G0 F3600 X141.880 Y143.508
G1 F3600 X143.546 Y141.841 E1283.8336
G0 F3600 X143.546 Y142.407
G1 F3600 X142.445 Y143.508 E1283.8951
G0 F3600 X143.011 Y143.508
G1 F3600 X143.546 Y142.972 E1283.9250
;PRINTING_TIME: 761
;REMAINING_TIME: 2726
;LAYER:8
;Z:2.250
;HEIGHT:0.250
;FLOW:100.0
;PRINTING: Flow_Calibration_Cube_0.4_mm.stl
;PRINTING_ID: 0
G1 F2400 E1280.9250
G1 F300 Z2.450
G0 F3900 X144.221 Y142.972
G0 F300 Z2.250
G0 F3900 X144.262 Y105.774
G0 X105.568 Y105.518
G0 X105.068 Y105.108
;TYPE:WALL-OUTER
;WIDTH:0.400
G1 F300 Z2.250
G1 F1500 E1283.9250
G1 F2100 X144.932 Y105.108 E1285.5824
G1 X144.932 Y144.892 E1287.2364
G1 X105.068 Y144.892 E1288.8937
G1 X105.068 Y105.108 E1290.5478
G1 F2400 E1287.5478
G1 F300 Z2.450
G0 F3900 X106.278 Y106.315
G1 F300 Z2.250
G1 F1500 E1290.5478
G1 F2100 X106.278 Y143.684 E1292.1014
G1 X143.721 Y143.684 E1293.6581
G1 X143.721 Y106.315 E1295.2117
G1 X106.278 Y106.315 E1296.7684
G0 F3900 X105.468 Y105.508
;TYPE:WALL-INNER
;WIDTH:0.400
;FLOW:90.0
G1 F2400 X144.532 Y105.508 E1298.2301
G1 X144.532 Y144.492 E1299.6888
G1 X105.468 Y144.492 E1301.1505
G1 X105.468 Y105.508 E1302.6092
G0 F3900 X105.878 Y105.915
G1 F2400 X105.878 Y144.084 E1304.0374
G1 X144.121 Y144.084 E1305.4683
G1 X144.121 Y105.915 E1306.8965
G1 X105.878 Y105.915 E1308.3275
;PRINTING_TIME: 780
;REMAINING_TIME: 2707
;LAYER:9
;Z:2.500
;HEIGHT:0.250
;FLOW:100.0
;PRINTING: Flow_Calibration_Cube_0.4_mm.stl
;PRINTING_ID: 0
G1 F2400 E1305.3275
G1 F300 Z2.700
G0 F3900 X105.068 Y105.108
G0 F300 Z2.500
;TYPE:WALL-OUTER
;WIDTH:0.400
G1 F300 Z2.500
G1 F1500 E1308.3275
G1 F2100 X144.932 Y105.108 E1309.9848
G1 X144.932 Y144.892 E1311.6389
G1 X105.068 Y144.892 E1313.2962
G1 X105.068 Y105.108 E1314.9502
G1 F2400 E1311.9502
G1 F300 Z2.700
G0 F3900 X106.278 Y106.315
G1 F300 Z2.500
G1 F1500 E1314.9502
G1 F2100 X106.278 Y143.684 E1316.5039
G1 X143.721 Y143.684 E1318.0606
G1 X143.721 Y106.315 E1319.6142
G1 X106.278 Y106.315 E1321.1709
G0 F3900 X105.468 Y105.508
;TYPE:WALL-INNER
;WIDTH:0.400
;FLOW:90.0
G1 F2400 X144.532 Y105.508 E1322.6326
G1 X144.532 Y144.492 E1324.0912
G1 X105.468 Y144.492 E1325.5529
G1 X105.468 Y105.508 E1327.0116
G0 F3900 X105.878 Y105.915
G1 F2400 X105.878 Y144.084 E1328.4398
G1 X144.121 Y144.084 E1329.8708
G1 X144.121 Y105.915 E1331.2990
G1 X105.878 Y105.915 E1332.7299
;PRINTING_TIME: 798
;REMAINING_TIME: 2689
;LAYER:10
;Z:2.750
;HEIGHT:0.250
;FLOW:100.0
;PRINTING: Flow_Calibration_Cube_0.4_mm.stl
;PRINTING_ID: 0
G1 F2400 E1329.7299
G1 F300 Z2.950
G0 F3900 X105.068 Y105.108
G0 F300 Z2.750
;TYPE:WALL-OUTER
;WIDTH:0.400
G1 F300 Z2.750
G1 F1500 E1332.7299
G1 F2100 X144.932 Y105.108 E1334.3873
G1 X144.932 Y144.892 E1336.0413
G1 X105.068 Y144.892 E1337.6987
G1 X105.068 Y105.108 E1339.3527
G1 F2400 E1336.3527
G1 F300 Z2.950
G0 F3900 X106.278 Y106.315
G1 F300 Z2.750
G1 F1500 E1339.3527
G1 F2100 X106.278 Y143.684 E1340.9063
G1 X143.721 Y143.684 E1342.4630
G1 X143.721 Y106.315 E1344.0166
G1 X106.278 Y106.315 E1345.5733
G0 F3900 X105.468 Y105.508
;TYPE:WALL-INNER
;WIDTH:0.400
;FLOW:90.0
G1 F2400 X144.532 Y105.508 E1347.0350
G1 X144.532 Y144.492 E1348.4937
G1 X105.468 Y144.492 E1349.9554
G1 X105.468 Y105.508 E1351.4141
G0 F3900 X105.878 Y105.915
G1 F2400 X105.878 Y144.084 E1352.8423
G1 X144.121 Y144.084 E1354.2732
G1 X144.121 Y105.915 E1355.7014
G1 X105.878 Y105.915 E1357.1324
;PRINTING_TIME: 816
;REMAINING_TIME: 2671
;LAYER:11
;Z:3.000
;HEIGHT:0.250
;FLOW:100.0
;PRINTING: Flow_Calibration_Cube_0.4_mm.stl
;PRINTING_ID: 0
G1 F2400 E1354.1324
G1 F300 Z3.200
G0 F3900 X105.068 Y105.108
G0 F300 Z3.000
;TYPE:WALL-OUTER
;WIDTH:0.400
G1 F300 Z3.000
G1 F1500 E1357.1324
G1 F2100 X144.932 Y105.108 E1358.7897
G1 X144.932 Y144.892 E1360.4438
G1 X105.068 Y144.892 E1362.1011
G1 X105.068 Y105.108 E1363.7552
G1 F2400 E1360.7552
G1 F300 Z3.200
G0 F3900 X106.278 Y106.315
G1 F300 Z3.000
G1 F1500 E1363.7552
G1 F2100 X106.278 Y143.684 E1365.3088
G1 X143.721 Y143.684 E1366.8655
G1 X143.721 Y106.315 E1368.4191
G1 X106.278 Y106.315 E1369.9758
G0 F3900 X105.468 Y105.508
;TYPE:WALL-INNER
;WIDTH:0.400
;FLOW:90.0
G1 F2400 X144.532 Y105.508 E1371.4375
G1 X144.532 Y144.492 E1372.8962
G1 X105.468 Y144.492 E1374.3579
G1 X105.468 Y105.508 E1375.8165
G0 F3900 X105.878 Y105.915
G1 F2400 X105.878 Y144.084 E1377.2447
G1 X144.121 Y144.084 E1378.6757
G1 X144.121 Y105.915 E1380.1039
G1 X105.878 Y105.915 E1381.5349
;PRINTING_TIME: 834
;REMAINING_TIME: 2653
;LAYER:12
;Z:3.250
;HEIGHT:0.250
;FLOW:100.0
;PRINTING: Flow_Calibration_Cube_0.4_mm.stl
;PRINTING_ID: 0
G1 F2400 E1378.5349
G1 F300 Z3.450
G0 F3900 X105.068 Y105.108
G0 F300 Z3.250
;TYPE:WALL-OUTER
;WIDTH:0.400
G1 F300 Z3.250
G1 F1500 E1381.5349
G1 F2100 X144.932 Y105.108 E1383.1922
G1 X144.932 Y144.892 E1384.8462
G1 X105.068 Y144.892 E1386.5036
G1 X105.068 Y105.108 E1388.1576
G1 F2400 E1385.1576
G1 F300 Z3.450
G0 F3900 X106.278 Y106.315
G1 F300 Z3.250
G1 F1500 E1388.1576
G1 F2100 X106.278 Y143.684 E1389.7112
G1 X143.721 Y143.684 E1391.2679
G1 X143.721 Y106.315 E1392.8216
G1 X106.278 Y106.315 E1394.3783
G0 F3900 X105.468 Y105.508
;TYPE:WALL-INNER
;WIDTH:0.400
;FLOW:90.0
G1 F2400 X144.532 Y105.508 E1395.8399
G1 X144.532 Y144.492 E1397.2986
G1 X105.468 Y144.492 E1398.7603
G1 X105.468 Y105.508 E1400.2190
G0 F3900 X105.878 Y105.915
G1 F2400 X105.878 Y144.084 E1401.6472
G1 X144.121 Y144.084 E1403.0782
G1 X144.121 Y105.915 E1404.5064
G1 X105.878 Y105.915 E1405.9373
;PRINTING_TIME: 852
;REMAINING_TIME: 2635
;LAYER:13
;Z:3.500
;HEIGHT:0.250
;FLOW:100.0
;PRINTING: Flow_Calibration_Cube_0.4_mm.stl
;PRINTING_ID: 0
G1 F2400 E1402.9373
G1 F300 Z3.700
G0 F3900 X105.068 Y105.108
G0 F300 Z3.500
;TYPE:WALL-OUTER
;WIDTH:0.400
G1 F300 Z3.500
G1 F1500 E1405.9373
G1 F2100 X144.932 Y105.108 E1407.5947
G1 X144.932 Y144.892 E1409.2487
G1 X105.068 Y144.892 E1410.9061
G1 X105.068 Y105.108 E1412.5601
G1 F2400 E1409.5601
G1 F300 Z3.700
G0 F3900 X106.278 Y106.315
G1 F300 Z3.500
G1 F1500 E1412.5601
G1 F2100 X106.278 Y143.684 E1414.1137
G1 X143.721 Y143.684 E1415.6704
G1 X143.721 Y106.315 E1417.2240
G1 X106.278 Y106.315 E1418.7807
G0 F3900 X105.468 Y105.508
;TYPE:WALL-INNER
;WIDTH:0.400
;FLOW:90.0
G1 F2400 X144.532 Y105.508 E1420.2424
G1 X144.532 Y144.492 E1421.7011
G1 X105.468 Y144.492 E1423.1628
G1 X105.468 Y105.508 E1424.6215
G0 F3900 X105.878 Y105.915
G1 F2400 X105.878 Y144.084 E1426.0497
G1 X144.121 Y144.084 E1427.4806
G1 X144.121 Y105.915 E1428.9088
G1 X105.878 Y105.915 E1430.3398
;PRINTING_TIME: 870
;REMAINING_TIME: 2617
;LAYER:14
;Z:3.750
;HEIGHT:0.250
;FLOW:100.0
;PRINTING: Flow_Calibration_Cube_0.4_mm.stl
;PRINTING_ID: 0
G1 F2400 E1427.3398
G1 F300 Z3.950
G0 F3900 X105.068 Y105.108
G0 F300 Z3.750
;TYPE:WALL-OUTER
;WIDTH:0.400
G1 F300 Z3.750
G1 F1500 E1430.3398
G1 F2100 X144.932 Y105.108 E1431.9971
G1 X144.932 Y144.892 E1433.6512
G1 X105.068 Y144.892 E1435.3085
G1 X105.068 Y105.108 E1436.9625
G1 F2400 E1433.9625
G1 F300 Z3.950
G0 F3900 X106.278 Y106.315
G1 F300 Z3.750
G1 F1500 E1436.9625
G1 F2100 X106.278 Y143.684 E1438.5162
G1 X143.721 Y143.684 E1440.0729
G1 X143.721 Y106.315 E1441.6265
G1 X106.278 Y106.315 E1443.1832
G0 F3900 X105.468 Y105.508
;TYPE:WALL-INNER
;WIDTH:0.400
;FLOW:90.0
G1 F2400 X144.532 Y105.508 E1444.6449
G1 X144.532 Y144.492 E1446.1036
G1 X105.468 Y144.492 E1447.5652
G1 X105.468 Y105.508 E1449.0239
G0 F3900 X105.878 Y105.915
G1 F2400 X105.878 Y144.084 E1450.4521
G1 X144.121 Y144.084 E1451.8831
G1 X144.121 Y105.915 E1453.3113
G1 X105.878 Y105.915 E1454.7422
;PRINTING_TIME: 888
;REMAINING_TIME: 2599
;LAYER:15
;Z:4.000
;HEIGHT:0.250
;FLOW:100.0
;PRINTING: Flow_Calibration_Cube_0.4_mm.stl
;PRINTING_ID: 0
G1 F2400 E1451.7422
G1 F300 Z4.200
G0 F3900 X105.068 Y105.108
G0 F300 Z4.000
;TYPE:WALL-OUTER
;WIDTH:0.400
G1 F300 Z4.000
G1 F1500 E1454.7422
G1 F2100 X144.932 Y105.108 E1456.3996
G1 X144.932 Y144.892 E1458.0536
G1 X105.068 Y144.892 E1459.7110
G1 X105.068 Y105.108 E1461.3650
G1 F2400 E1458.3650
G1 F300 Z4.200
G0 F3900 X106.278 Y106.315
G1 F300 Z4.000
G1 F1500 E1461.3650
G1 F2100 X106.278 Y143.684 E1462.9186
G1 X143.721 Y143.684 E1464.4753
G1 X143.721 Y106.315 E1466.0289
G1 X106.278 Y106.315 E1467.5856
G0 F3900 X105.468 Y105.508
;TYPE:WALL-INNER
;WIDTH:0.400
;FLOW:90.0
G1 F2400 X144.532 Y105.508 E1469.0473
G1 X144.532 Y144.492 E1470.5060
G1 X105.468 Y144.492 E1471.9677
G1 X105.468 Y105.508 E1473.4264
G0 F3900 X105.878 Y105.915
G1 F2400 X105.878 Y144.084 E1474.8546
G1 X144.121 Y144.084 E1476.2855
G1 X144.121 Y105.915 E1477.7137
G1 X105.878 Y105.915 E1479.1447
;PRINTING_TIME: 906
;REMAINING_TIME: 2581
;LAYER:16
;Z:4.250
;HEIGHT:0.250
;FLOW:100.0
;PRINTING: Flow_Calibration_Cube_0.4_mm.stl
;PRINTING_ID: 0
G1 F2400 E1476.1447
G1 F300 Z4.450
G0 F3900 X105.068 Y105.108
G0 F300 Z4.250
;TYPE:WALL-OUTER
;WIDTH:0.400
G1 F300 Z4.250
G1 F1500 E1479.1447
G1 F2100 X144.932 Y105.108 E1480.8021
G1 X144.932 Y144.892 E1482.4561
G1 X105.068 Y144.892 E1484.1134
G1 X105.068 Y105.108 E1485.7675
G1 F2400 E1482.7675
G1 F300 Z4.450
G0 F3900 X106.278 Y106.315
G1 F300 Z4.250
G1 F1500 E1485.7675
G1 F2100 X106.278 Y143.684 E1487.3211
G1 X143.721 Y143.684 E1488.8778
G1 X143.721 Y106.315 E1490.4314
G1 X106.278 Y106.315 E1491.9881
G0 F3900 X105.468 Y105.508
;TYPE:WALL-INNER
;WIDTH:0.400
;FLOW:90.0
G1 F2400 X144.532 Y105.508 E1493.4498
G1 X144.532 Y144.492 E1494.9085
G1 X105.468 Y144.492 E1496.3702
G1 X105.468 Y105.508 E1497.8289
G0 F3900 X105.878 Y105.915
G1 F2400 X105.878 Y144.084 E1499.2570
G1 X144.121 Y144.084 E1500.6880
G1 X144.121 Y105.915 E1502.1162
G1 X105.878 Y105.915 E1503.5472
;PRINTING_TIME: 924
;REMAINING_TIME: 2563
;LAYER:17
;Z:4.500
;HEIGHT:0.250
;FLOW:100.0
;PRINTING: Flow_Calibration_Cube_0.4_mm.stl
;PRINTING_ID: 0
G1 F2400 E1500.5472
G1 F300 Z4.700
G0 F3900 X105.068 Y105.108
G0 F300 Z4.500
;TYPE:WALL-OUTER
;WIDTH:0.400
G1 F300 Z4.500
G1 F1500 E1503.5472
G1 F2100 X144.932 Y105.108 E1505.2045
G1 X144.932 Y144.892 E1506.8585
G1 X105.068 Y144.892 E1508.5159
G1 X105.068 Y105.108 E1510.1699
G1 F2400 E1507.1699
G1 F300 Z4.700
G0 F3900 X106.278 Y106.315
G1 F300 Z4.500
G1 F1500 E1510.1699
G1 F2100 X106.278 Y143.684 E1511.7235
G1 X143.721 Y143.684 E1513.2802
G1 X143.721 Y106.315 E1514.8339
G1 X106.278 Y106.315 E1516.3906
G0 F3900 X105.468 Y105.508
;TYPE:WALL-INNER
;WIDTH:0.400
;FLOW:90.0
G1 F2400 X144.532 Y105.508 E1517.8523
G1 X144.532 Y144.492 E1519.3109
G1 X105.468 Y144.492 E1520.7726
G1 X105.468 Y105.508 E1522.2313
G0 F3900 X105.878 Y105.915
G1 F2400 X105.878 Y144.084 E1523.6595
G1 X144.121 Y144.084 E1525.0905
G1 X144.121 Y105.915 E1526.5187
G1 X105.878 Y105.915 E1527.9496
;PRINTING_TIME: 942
;REMAINING_TIME: 2545
;LAYER:18
;Z:4.750
;HEIGHT:0.250
;FLOW:100.0
;PRINTING: Flow_Calibration_Cube_0.4_mm.stl
;PRINTING_ID: 0
G1 F2400 E1524.9496
G1 F300 Z4.950
G0 F3900 X105.068 Y105.108
G0 F300 Z4.750
;TYPE:WALL-OUTER
;WIDTH:0.400
G1 F300 Z4.750
G1 F1500 E1527.9496
G1 F2100 X144.932 Y105.108 E1529.6070
G1 X144.932 Y144.892 E1531.2610
G1 X105.068 Y144.892 E1532.9184
G1 X105.068 Y105.108 E1534.5724
G1 F2400 E1531.5724
G1 F300 Z4.950
G0 F3900 X106.278 Y106.315
G1 F300 Z4.750
G1 F1500 E1534.5724
G1 F2100 X106.278 Y143.684 E1536.1260
G1 X143.721 Y143.684 E1537.6827
G1 X143.721 Y106.315 E1539.2363
G1 X106.278 Y106.315 E1540.7930
G0 F3900 X105.468 Y105.508
;TYPE:WALL-INNER
;WIDTH:0.400
;FLOW:90.0
G1 F2400 X144.532 Y105.508 E1542.2547
G1 X144.532 Y144.492 E1543.7134
G1 X105.468 Y144.492 E1545.1751
G1 X105.468 Y105.508 E1546.6338
G0 F3900 X105.878 Y105.915
G1 F2400 X105.878 Y144.084 E1548.0620
G1 X144.121 Y144.084 E1549.4929
G1 X144.121 Y105.915 E1550.9211
G1 X105.878 Y105.915 E1552.3521
;PRINTING_TIME: 960
;REMAINING_TIME: 2528
;LAYER:19
;Z:5.000
;HEIGHT:0.250
;FLOW:100.0
;PRINTING: Flow_Calibration_Cube_0.4_mm.stl
;PRINTING_ID: 0
G1 F2400 E1549.3521
G1 F300 Z5.200
G0 F3900 X105.068 Y105.108
G0 F300 Z5.000
;TYPE:WALL-OUTER
;WIDTH:0.400
G1 F300 Z5.000
G1 F1500 E1552.3521
G1 F2100 X144.932 Y105.108 E1554.0094
G1 X144.932 Y144.892 E1555.6635
G1 X105.068 Y144.892 E1557.3208
G1 X105.068 Y105.108 E1558.9749
G1 F2400 E1555.9749
G1 F300 Z5.200
G0 F3900 X106.278 Y106.315
G1 F300 Z5.000
G1 F1500 E1558.9749
G1 F2100 X106.278 Y143.684 E1560.5285
G1 X143.721 Y143.684 E1562.0852
G1 X143.721 Y106.315 E1563.6388
G1 X106.278 Y106.315 E1565.1955
G0 F3900 X105.468 Y105.508
;TYPE:WALL-INNER
;WIDTH:0.400
;FLOW:90.0
G1 F2400 X144.532 Y105.508 E1566.6572
G1 X144.532 Y144.492 E1568.1159
G1 X105.468 Y144.492 E1569.5776
G1 X105.468 Y105.508 E1571.0362
G0 F3900 X105.878 Y105.915
G1 F2400 X105.878 Y144.084 E1572.4644
G1 X144.121 Y144.084 E1573.8954
G1 X144.121 Y105.915 E1575.3236
G1 X105.878 Y105.915 E1576.7546
;PRINTING_TIME: 978
;REMAINING_TIME: 2510
;LAYER:20
;Z:5.250
;HEIGHT:0.250
;FLOW:100.0
;PRINTING: Flow_Calibration_Cube_0.4_mm.stl
;PRINTING_ID: 0
G1 F2400 E1573.7546
G1 F300 Z5.450
G0 F3900 X105.068 Y105.108
G0 F300 Z5.250
;TYPE:WALL-OUTER
;WIDTH:0.400
G1 F300 Z5.250
G1 F1500 E1576.7546
G1 F2100 X144.932 Y105.108 E1578.4119
G1 X144.932 Y144.892 E1580.0659
G1 X105.068 Y144.892 E1581.7233
G1 X105.068 Y105.108 E1583.3773
G1 F2400 E1580.3773
G1 F300 Z5.450
G0 F3900 X106.278 Y106.315
G1 F300 Z5.250
G1 F1500 E1583.3773
G1 F2100 X106.278 Y143.684 E1584.9309
G1 X143.721 Y143.684 E1586.4876
G1 X143.721 Y106.315 E1588.0413
G1 X106.278 Y106.315 E1589.5980
G0 F3900 X105.468 Y105.508
;TYPE:WALL-INNER
;WIDTH:0.400
;FLOW:90.0
G1 F2400 X144.532 Y105.508 E1591.0596
G1 X144.532 Y144.492 E1592.5183
G1 X105.468 Y144.492 E1593.9800
G1 X105.468 Y105.508 E1595.4387
G0 F3900 X105.878 Y105.915
G1 F2400 X105.878 Y144.084 E1596.8669
G1 X144.121 Y144.084 E1598.2979
G1 X144.121 Y105.915 E1599.7261
G1 X105.878 Y105.915 E1601.1570
;PRINTING_TIME: 996
;REMAINING_TIME: 2492
;LAYER:21
;Z:5.500
;HEIGHT:0.250
;FLOW:100.0
;PRINTING: Flow_Calibration_Cube_0.4_mm.stl
;PRINTING_ID: 0
G1 F2400 E1598.1570
G1 F300 Z5.700
G0 F3900 X105.068 Y105.108
G0 F300 Z5.500
;TYPE:WALL-OUTER
;WIDTH:0.400
G1 F300 Z5.500
G1 F1500 E1601.1570
G1 F2100 X144.932 Y105.108 E1602.8144
G1 X144.932 Y144.892 E1604.4684
G1 X105.068 Y144.892 E1606.1257
G1 X105.068 Y105.108 E1607.7798
G1 F2400 E1604.7798
G1 F300 Z5.700
G0 F3900 X106.278 Y106.315
G1 F300 Z5.500
G1 F1500 E1607.7798
G1 F2100 X106.278 Y143.684 E1609.3334
G1 X143.721 Y143.684 E1610.8901
G1 X143.721 Y106.315 E1612.4437
G1 X106.278 Y106.315 E1614.0004
G0 F3900 X105.468 Y105.508
;TYPE:WALL-INNER
;WIDTH:0.400
;FLOW:90.0
G1 F2400 X144.532 Y105.508 E1615.4621
G1 X144.532 Y144.492 E1616.9208
G1 X105.468 Y144.492 E1618.3825
G1 X105.468 Y105.508 E1619.8412
G0 F3900 X105.878 Y105.915
G1 F2400 X105.878 Y144.084 E1621.2694
G1 X144.121 Y144.084 E1622.7003
G1 X144.121 Y105.915 E1624.1285
G1 X105.878 Y105.915 E1625.5595
;PRINTING_TIME: 1013
;REMAINING_TIME: 2474
;LAYER:22
;Z:5.750
;HEIGHT:0.250
;FLOW:100.0
;PRINTING: Flow_Calibration_Cube_0.4_mm.stl
;PRINTING_ID: 0
G1 F2400 E1622.5595
G1 F300 Z5.950
G0 F3900 X105.068 Y105.108
G0 F300 Z5.750
;TYPE:WALL-OUTER
;WIDTH:0.400
G1 F300 Z5.750
G1 F1500 E1625.5595
G1 F2100 X144.932 Y105.108 E1627.2168
G1 X144.932 Y144.892 E1628.8709
G1 X105.068 Y144.892 E1630.5282
G1 X105.068 Y105.108 E1632.1822
G1 F2400 E1629.1822
G1 F300 Z5.950
G0 F3900 X106.278 Y106.315
G1 F300 Z5.750
G1 F1500 E1632.1822
G1 F2100 X106.278 Y143.684 E1633.7359
G1 X143.721 Y143.684 E1635.2926
G1 X143.721 Y106.315 E1636.8462
G1 X106.278 Y106.315 E1638.4029
G0 F3900 X105.468 Y105.508
;TYPE:WALL-INNER
;WIDTH:0.400
;FLOW:90.0
G1 F2400 X144.532 Y105.508 E1639.8646
G1 X144.532 Y144.492 E1641.3233
G1 X105.468 Y144.492 E1642.7849
G1 X105.468 Y105.508 E1644.2436
G0 F3900 X105.878 Y105.915
G1 F2400 X105.878 Y144.084 E1645.6718
G1 X144.121 Y144.084 E1647.1028
G1 X144.121 Y105.915 E1648.5310
G1 X105.878 Y105.915 E1649.9619
;PRINTING_TIME: 1031
;REMAINING_TIME: 2456
;LAYER:23
;Z:6.000
;HEIGHT:0.250
;FLOW:100.0
;PRINTING: Flow_Calibration_Cube_0.4_mm.stl
;PRINTING_ID: 0
G1 F2400 E1646.9619
G1 F300 Z6.200
G0 F3900 X105.068 Y105.108
G0 F300 Z6.000
;TYPE:WALL-OUTER
;WIDTH:0.400
G1 F300 Z6.000
G1 F1500 E1649.9619
G1 F2100 X144.932 Y105.108 E1651.6193
G1 X144.932 Y144.892 E1653.2733
G1 X105.068 Y144.892 E1654.9307
G1 X105.068 Y105.108 E1656.5847
G1 F2400 E1653.5847
G1 F300 Z6.200
G0 F3900 X106.278 Y106.315
G1 F300 Z6.000
G1 F1500 E1656.5847
G1 F2100 X106.278 Y143.684 E1658.1383
G1 X143.721 Y143.684 E1659.6950
G1 X143.721 Y106.315 E1661.2486
G1 X106.278 Y106.315 E1662.8053
G0 F3900 X105.468 Y105.508
;TYPE:WALL-INNER
;WIDTH:0.400
;FLOW:90.0
G1 F2400 X144.532 Y105.508 E1664.2670
G1 X144.532 Y144.492 E1665.7257
G1 X105.468 Y144.492 E1667.1874
G1 X105.468 Y105.508 E1668.6461
G0 F3900 X105.878 Y105.915
G1 F2400 X105.878 Y144.084 E1670.0743
G1 X144.121 Y144.084 E1671.5052
G1 X144.121 Y105.915 E1672.9334
G1 X105.878 Y105.915 E1674.3644
;PRINTING_TIME: 1049
;REMAINING_TIME: 2438
;LAYER:24
;Z:6.250
;HEIGHT:0.250
;FLOW:100.0
;PRINTING: Flow_Calibration_Cube_0.4_mm.stl
;PRINTING_ID: 0
G1 F2400 E1671.3644
G1 F300 Z6.450
G0 F3900 X105.068 Y105.108
G0 F300 Z6.250
;TYPE:WALL-OUTER
;WIDTH:0.400
G1 F300 Z6.250
G1 F1500 E1674.3644
G1 F2100 X144.932 Y105.108 E1676.0218
G1 X144.932 Y144.892 E1677.6758
G1 X105.068 Y144.892 E1679.3331
G1 X105.068 Y105.108 E1680.9872
G1 F2400 E1677.9872
G1 F300 Z6.450
G0 F3900 X106.278 Y106.315
G1 F300 Z6.250
G1 F1500 E1680.9872
G1 F2100 X106.278 Y143.684 E1682.5408
G1 X143.721 Y143.684 E1684.0975
G1 X143.721 Y106.315 E1685.6511
G1 X106.278 Y106.315 E1687.2078
G0 F3900 X105.468 Y105.508
;TYPE:WALL-INNER
;WIDTH:0.400
;FLOW:90.0
G1 F2400 X144.532 Y105.508 E1688.6695
G1 X144.532 Y144.492 E1690.1282
G1 X105.468 Y144.492 E1691.5899
G1 X105.468 Y105.508 E1693.0486
G0 F3900 X105.878 Y105.915
G1 F2400 X105.878 Y144.084 E1694.4767
G1 X144.121 Y144.084 E1695.9077
G1 X144.121 Y105.915 E1697.3359
G1 X105.878 Y105.915 E1698.7669
;PRINTING_TIME: 1067
;REMAINING_TIME: 2420
;LAYER:25
;Z:6.500
;HEIGHT:0.250
;FLOW:100.0
;PRINTING: Flow_Calibration_Cube_0.4_mm.stl
;PRINTING_ID: 0
G1 F2400 E1695.7669
G1 F300 Z6.700
G0 F3900 X105.068 Y105.108
G0 F300 Z6.500
;TYPE:WALL-OUTER
;WIDTH:0.400
G1 F300 Z6.500
G1 F1500 E1698.7669
G1 F2100 X144.932 Y105.108 E1700.4242
G1 X144.932 Y144.892 E1702.0782
G1 X105.068 Y144.892 E1703.7356
G1 X105.068 Y105.108 E1705.3896
G1 F2400 E1702.3896
G1 F300 Z6.700
G0 F3900 X106.278 Y106.315
G1 F300 Z6.500
G1 F1500 E1705.3896
G1 F2100 X106.278 Y143.684 E1706.9432
G1 X143.721 Y143.684 E1708.4999
G1 X143.721 Y106.315 E1710.0536
G1 X106.278 Y106.315 E1711.6103
G0 F3900 X105.468 Y105.508
;TYPE:WALL-INNER
;WIDTH:0.400
;FLOW:90.0
G1 F2400 X144.532 Y105.508 E1713.0720
G1 X144.532 Y144.492 E1714.5306
G1 X105.468 Y144.492 E1715.9923
G1 X105.468 Y105.508 E1717.4510
G0 F3900 X105.878 Y105.915
G1 F2400 X105.878 Y144.084 E1718.8792
G1 X144.121 Y144.084 E1720.3102
G1 X144.121 Y105.915 E1721.7384
G1 X105.878 Y105.915 E1723.1693
;PRINTING_TIME: 1085
;REMAINING_TIME: 2402
;LAYER:26
;Z:6.750
;HEIGHT:0.250
;FLOW:100.0
;PRINTING: Flow_Calibration_Cube_0.4_mm.stl
;PRINTING_ID: 0
G1 F2400 E1720.1693
G1 F300 Z6.950
G0 F3900 X105.068 Y105.108
G0 F300 Z6.750
;TYPE:WALL-OUTER
;WIDTH:0.400
G1 F300 Z6.750
G1 F1500 E1723.1693
G1 F2100 X144.932 Y105.108 E1724.8267
G1 X144.932 Y144.892 E1726.4807
G1 X105.068 Y144.892 E1728.1381
G1 X105.068 Y105.108 E1729.7921
G1 F2400 E1726.7921
G1 F300 Z6.950
G0 F3900 X106.278 Y106.315
G1 F300 Z6.750
G1 F1500 E1729.7921
G1 F2100 X106.278 Y143.684 E1731.3457
G1 X143.721 Y143.684 E1732.9024
G1 X143.721 Y106.315 E1734.4560
G1 X106.278 Y106.315 E1736.0127
G0 F3900 X105.468 Y105.508
;TYPE:WALL-INNER
;WIDTH:0.400
;FLOW:90.0
G1 F2400 X144.532 Y105.508 E1737.4744
G1 X144.532 Y144.492 E1738.9331
G1 X105.468 Y144.492 E1740.3948
G1 X105.468 Y105.508 E1741.8535
G0 F3900 X105.878 Y105.915
G1 F2400 X105.878 Y144.084 E1743.2817
G1 X144.121 Y144.084 E1744.7126
G1 X144.121 Y105.915 E1746.1408
G1 X105.878 Y105.915 E1747.5718
;PRINTING_TIME: 1103
;REMAINING_TIME: 2384
;LAYER:27
;Z:7.000
;HEIGHT:0.250
;FLOW:100.0
;PRINTING: Flow_Calibration_Cube_0.4_mm.stl
;PRINTING_ID: 0
G1 F2400 E1744.5718
G1 F300 Z7.200
G0 F3900 X105.068 Y105.108
G0 F300 Z7.000
;TYPE:WALL-OUTER
;WIDTH:0.400
G1 F300 Z7.000
G1 F1500 E1747.5718
G1 F2100 X144.932 Y105.108 E1749.2291
G1 X144.932 Y144.892 E1750.8832
G1 X105.068 Y144.892 E1752.5405
G1 X105.068 Y105.108 E1754.1945
G1 F2400 E1751.1945
G1 F300 Z7.200
G0 F3900 X106.278 Y106.315
G1 F300 Z7.000
G1 F1500 E1754.1945
G1 F2100 X106.278 Y143.684 E1755.7482
G1 X143.721 Y143.684 E1757.3049
G1 X143.721 Y106.315 E1758.8585
G1 X106.278 Y106.315 E1760.4152
G0 F3900 X105.468 Y105.508
;TYPE:WALL-INNER
;WIDTH:0.400
;FLOW:90.0
G1 F2400 X144.532 Y105.508 E1761.8769
G1 X144.532 Y144.492 E1763.3356
G1 X105.468 Y144.492 E1764.7972
G1 X105.468 Y105.508 E1766.2559
G0 F3900 X105.878 Y105.915
G1 F2400 X105.878 Y144.084 E1767.6841
G1 X144.121 Y144.084 E1769.1151
G1 X144.121 Y105.915 E1770.5433
G1 X105.878 Y105.915 E1771.9743
;PRINTING_TIME: 1121
;REMAINING_TIME: 2366
;LAYER:28
;Z:7.250
;HEIGHT:0.250
;FLOW:100.0
;PRINTING: Flow_Calibration_Cube_0.4_mm.stl
;PRINTING_ID: 0
G1 F2400 E1768.9743
G1 F300 Z7.450
G0 F3900 X105.068 Y105.108
G0 F300 Z7.250
;TYPE:WALL-OUTER
;WIDTH:0.400
G1 F300 Z7.250
G1 F1500 E1771.9743
G1 F2100 X144.932 Y105.108 E1773.6316
G1 X144.932 Y144.892 E1775.2856
G1 X105.068 Y144.892 E1776.9430
G1 X105.068 Y105.108 E1778.5970
G1 F2400 E1775.5970
G1 F300 Z7.450
G0 F3900 X106.278 Y106.315
G1 F300 Z7.250
G1 F1500 E1778.5970
G1 F2100 X106.278 Y143.684 E1780.1506
G1 X143.721 Y143.684 E1781.7073
G1 X143.721 Y106.315 E1783.2610
G1 X106.278 Y106.315 E1784.8177
G0 F3900 X105.468 Y105.508
;TYPE:WALL-INNER
;WIDTH:0.400
;FLOW:90.0
G1 F2400 X144.532 Y105.508 E1786.2793
G1 X144.532 Y144.492 E1787.7380
G1 X105.468 Y144.492 E1789.1997
G1 X105.468 Y105.508 E1790.6584
G0 F3900 X105.878 Y105.915
G1 F2400 X105.878 Y144.084 E1792.0866
G1 X144.121 Y144.084 E1793.5176
G1 X144.121 Y105.915 E1794.9458
G1 X105.878 Y105.915 E1796.3767
;PRINTING_TIME: 1139
;REMAINING_TIME: 2348
;LAYER:29
;Z:7.500
;HEIGHT:0.250
;FLOW:100.0
;PRINTING: Flow_Calibration_Cube_0.4_mm.stl
;PRINTING_ID: 0
G1 F2400 E1793.3767
G1 F300 Z7.700
G0 F3900 X105.068 Y105.108
G0 F300 Z7.500
;TYPE:WALL-OUTER
;WIDTH:0.400
G1 F300 Z7.500
G1 F1500 E1796.3767
G1 F2100 X144.932 Y105.108 E1798.0341
G1 X144.932 Y144.892 E1799.6881
G1 X105.068 Y144.892 E1801.3454
G1 X105.068 Y105.108 E1802.9995
G1 F2400 E1799.9995
G1 F300 Z7.700
G0 F3900 X106.278 Y106.315
G1 F300 Z7.500
G1 F1500 E1802.9995
G1 F2100 X106.278 Y143.684 E1804.5531
G1 X143.721 Y143.684 E1806.1098
G1 X143.721 Y106.315 E1807.6634
G1 X106.278 Y106.315 E1809.2201
G0 F3900 X105.468 Y105.508
;TYPE:WALL-INNER
;WIDTH:0.400
;FLOW:90.0
G1 F2400 X144.532 Y105.508 E1810.6818
G1 X144.532 Y144.492 E1812.1405
G1 X105.468 Y144.492 E1813.6022
G1 X105.468 Y105.508 E1815.0609
G0 F3900 X105.878 Y105.915
G1 F2400 X105.878 Y144.084 E1816.4891
G1 X144.121 Y144.084 E1817.9200
G1 X144.121 Y105.915 E1819.3482
G1 X105.878 Y105.915 E1820.7792
;PRINTING_TIME: 1157
;REMAINING_TIME: 2330
;LAYER:30
;Z:7.750
;HEIGHT:0.250
;FLOW:100.0
;PRINTING: Flow_Calibration_Cube_0.4_mm.stl
;PRINTING_ID: 0
G1 F2400 E1817.7792
G1 F300 Z7.950
G0 F3900 X105.068 Y105.108
G0 F300 Z7.750
;TYPE:WALL-OUTER
;WIDTH:0.400
G1 F300 Z7.750
G1 F1500 E1820.7792
G1 F2100 X144.932 Y105.108 E1822.4365
G1 X144.932 Y144.892 E1824.0906
G1 X105.068 Y144.892 E1825.7479
G1 X105.068 Y105.108 E1827.4019
G1 F2400 E1824.4019
G1 F300 Z7.950
G0 F3900 X106.278 Y106.315
G1 F300 Z7.750
G1 F1500 E1827.4019
G1 F2100 X106.278 Y143.684 E1828.9556
G1 X143.721 Y143.684 E1830.5123
G1 X143.721 Y106.315 E1832.0659
G1 X106.278 Y106.315 E1833.6226
G0 F3900 X105.468 Y105.508
;TYPE:WALL-INNER
;WIDTH:0.400
;FLOW:90.0
G1 F2400 X144.532 Y105.508 E1835.0843
G1 X144.532 Y144.492 E1836.5430
G1 X105.468 Y144.492 E1838.0046
G1 X105.468 Y105.508 E1839.4633
G0 F3900 X105.878 Y105.915
G1 F2400 X105.878 Y144.084 E1840.8915
G1 X144.121 Y144.084 E1842.3225
G1 X144.121 Y105.915 E1843.7507
G1 X105.878 Y105.915 E1845.1816
;PRINTING_TIME: 1175
;REMAINING_TIME: 2312
;LAYER:31
;Z:8.000
;HEIGHT:0.250
;FLOW:100.0
;PRINTING: Flow_Calibration_Cube_0.4_mm.stl
;PRINTING_ID: 0
G1 F2400 E1842.1816
G1 F300 Z8.200
G0 F3900 X105.068 Y105.108
G0 F300 Z8.000
;TYPE:WALL-OUTER
;WIDTH:0.400
G1 F300 Z8.000
G1 F1500 E1845.1816
G1 F2100 X144.932 Y105.108 E1846.8390
G1 X144.932 Y144.892 E1848.4930
G1 X105.068 Y144.892 E1850.1504
G1 X105.068 Y105.108 E1851.8044
G1 F2400 E1848.8044
G1 F300 Z8.200
G0 F3900 X106.278 Y106.315
G1 F300 Z8.000
G1 F1500 E1851.8044
G1 F2100 X106.278 Y143.684 E1853.3580
G1 X143.721 Y143.684 E1854.9147
G1 X143.721 Y106.315 E1856.4683
G1 X106.278 Y106.315 E1858.0250
G0 F3900 X105.468 Y105.508
;TYPE:WALL-INNER
;WIDTH:0.400
;FLOW:90.0
G1 F2400 X144.532 Y105.508 E1859.4867
G1 X144.532 Y144.492 E1860.9454
G1 X105.468 Y144.492 E1862.4071
G1 X105.468 Y105.508 E1863.8658
G0 F3900 X105.878 Y105.915
G1 F2400 X105.878 Y144.084 E1865.2940
G1 X144.121 Y144.084 E1866.7249
G1 X144.121 Y105.915 E1868.1531
G1 X105.878 Y105.915 E1869.5841
;PRINTING_TIME: 1193
;REMAINING_TIME: 2295
;LAYER:32
;Z:8.250
;HEIGHT:0.250
;FLOW:100.0
;PRINTING: Flow_Calibration_Cube_0.4_mm.stl
;PRINTING_ID: 0
G1 F2400 E1866.5841
G1 F300 Z8.450
G0 F3900 X105.068 Y105.108
G0 F300 Z8.250
;TYPE:WALL-OUTER
;WIDTH:0.400
G1 F300 Z8.250
G1 F1500 E1869.5841
G1 F2100 X144.932 Y105.108 E1871.2415
G1 X144.932 Y144.892 E1872.8955
G1 X105.068 Y144.892 E1874.5528
G1 X105.068 Y105.108 E1876.2069
G1 F2400 E1873.2069
G1 F300 Z8.450
G0 F3900 X106.278 Y106.315
G1 F300 Z8.250
G1 F1500 E1876.2069
G1 F2100 X106.278 Y143.684 E1877.7605
G1 X143.721 Y143.684 E1879.3172
G1 X143.721 Y106.315 E1880.8708
G1 X106.278 Y106.315 E1882.4275
G0 F3900 X105.468 Y105.508
;TYPE:WALL-INNER
;WIDTH:0.400
;FLOW:90.0
G1 F2400 X144.532 Y105.508 E1883.8892
G1 X144.532 Y144.492 E1885.3479
G1 X105.468 Y144.492 E1886.8096
G1 X105.468 Y105.508 E1888.2682
G0 F3900 X105.878 Y105.915
G1 F2400 X105.878 Y144.084 E1889.6964
G1 X144.121 Y144.084 E1891.1274
G1 X144.121 Y105.915 E1892.5556
G1 X105.878 Y105.915 E1893.9866
;PRINTING_TIME: 1211
;REMAINING_TIME: 2277
;LAYER:33
;Z:8.500
;HEIGHT:0.250
;FLOW:100.0
;PRINTING: Flow_Calibration_Cube_0.4_mm.stl
;PRINTING_ID: 0
G1 F2400 E1890.9866
G1 F300 Z8.700
G0 F3900 X105.068 Y105.108
G0 F300 Z8.500
;TYPE:WALL-OUTER
;WIDTH:0.400
G1 F300 Z8.500
G1 F1500 E1893.9866
G1 F2100 X144.932 Y105.108 E1895.6439
G1 X144.932 Y144.892 E1897.2979
G1 X105.068 Y144.892 E1898.9553
G1 X105.068 Y105.108 E1900.6093
G1 F2400 E1897.6093
G1 F300 Z8.700
G0 F3900 X106.278 Y106.315
G1 F300 Z8.500
G1 F1500 E1900.6093
G1 F2100 X106.278 Y143.684 E1902.1629
G1 X143.721 Y143.684 E1903.7196
G1 X143.721 Y106.315 E1905.2733
G1 X106.278 Y106.315 E1906.8300
G0 F3900 X105.468 Y105.508
;TYPE:WALL-INNER
;WIDTH:0.400
;FLOW:90.0
G1 F2400 X144.532 Y105.508 E1908.2916
G1 X144.532 Y144.492 E1909.7503
G1 X105.468 Y144.492 E1911.2120
G1 X105.468 Y105.508 E1912.6707
G0 F3900 X105.878 Y105.915
G1 F2400 X105.878 Y144.084 E1914.0989
G1 X144.121 Y144.084 E1915.5299
G1 X144.121 Y105.915 E1916.9581
G1 X105.878 Y105.915 E1918.3890
;PRINTING_TIME: 1229
;REMAINING_TIME: 2259
;LAYER:34
;Z:8.750
;HEIGHT:0.250
;FLOW:100.0
;PRINTING: Flow_Calibration_Cube_0.4_mm.stl
;PRINTING_ID: 0
G1 F2400 E1915.3890
G1 F300 Z8.950
G0 F3900 X105.068 Y105.108
G0 F300 Z8.750
;TYPE:WALL-OUTER
;WIDTH:0.400
G1 F300 Z8.750
G1 F1500 E1918.3890
G1 F2100 X144.932 Y105.108 E1920.0464
G1 X144.932 Y144.892 E1921.7004
G1 X105.068 Y144.892 E1923.3578
G1 X105.068 Y105.108 E1925.0118
G1 F2400 E1922.0118
G1 F300 Z8.950
G0 F3900 X106.278 Y106.315
G1 F300 Z8.750
G1 F1500 E1925.0118
G1 F2100 X106.278 Y143.684 E1926.5654
G1 X143.721 Y143.684 E1928.1221
G1 X143.721 Y106.315 E1929.6757
G1 X106.278 Y106.315 E1931.2324
G0 F3900 X105.468 Y105.508
;TYPE:WALL-INNER
;WIDTH:0.400
;FLOW:90.0
G1 F2400 X144.532 Y105.508 E1932.6941
G1 X144.532 Y144.492 E1934.1528
G1 X105.468 Y144.492 E1935.6145
G1 X105.468 Y105.508 E1937.0732
G0 F3900 X105.878 Y105.915
G1 F2400 X105.878 Y144.084 E1938.5014
G1 X144.121 Y144.084 E1939.9323
G1 X144.121 Y105.915 E1941.3605
G1 X105.878 Y105.915 E1942.7915
;PRINTING_TIME: 1247
;REMAINING_TIME: 2241
;LAYER:35
;Z:9.000
;HEIGHT:0.250
;FLOW:100.0
;PRINTING: Flow_Calibration_Cube_0.4_mm.stl
;PRINTING_ID: 0
G1 F2400 E1939.7915
G1 F300 Z9.200
G0 F3900 X105.068 Y105.108
G0 F300 Z9.000
;TYPE:WALL-OUTER
;WIDTH:0.400
G1 F300 Z9.000
G1 F1500 E1942.7915
G1 F2100 X144.932 Y105.108 E1944.4488
G1 X144.932 Y144.892 E1946.1029
G1 X105.068 Y144.892 E1947.7602
G1 X105.068 Y105.108 E1949.4142
G1 F2400 E1946.4142
G1 F300 Z9.200
G0 F3900 X106.278 Y106.315
G1 F300 Z9.000
G1 F1500 E1949.4142
G1 F2100 X106.278 Y143.684 E1950.9679
G1 X143.721 Y143.684 E1952.5246
G1 X143.721 Y106.315 E1954.0782
G1 X106.278 Y106.315 E1955.6349
G0 F3900 X105.468 Y105.508
;TYPE:WALL-INNER
;WIDTH:0.400
;FLOW:90.0
G1 F2400 X144.532 Y105.508 E1957.0966
G1 X144.532 Y144.492 E1958.5553
G1 X105.468 Y144.492 E1960.0169
G1 X105.468 Y105.508 E1961.4756
G0 F3900 X105.878 Y105.915
G1 F2400 X105.878 Y144.084 E1962.9038
G1 X144.121 Y144.084 E1964.3348
G1 X144.121 Y105.915 E1965.7630
G1 X105.878 Y105.915 E1967.1939
;PRINTING_TIME: 1264
;REMAINING_TIME: 2223
;LAYER:36
;Z:9.250
;HEIGHT:0.250
;FLOW:100.0
;PRINTING: Flow_Calibration_Cube_0.4_mm.stl
;PRINTING_ID: 0
G1 F2400 E1964.1939
G1 F300 Z9.450
G0 F3900 X105.068 Y105.108
G0 F300 Z9.250
;TYPE:WALL-OUTER
;WIDTH:0.400
G1 F300 Z9.250
G1 F1500 E1967.1939
G1 F2100 X144.932 Y105.108 E1968.8513
G1 X144.932 Y144.892 E1970.5053
G1 X105.068 Y144.892 E1972.1627
G1 X105.068 Y105.108 E1973.8167
G1 F2400 E1970.8167
G1 F300 Z9.450
G0 F3900 X106.278 Y106.315
G1 F300 Z9.250
G1 F1500 E1973.8167
G1 F2100 X106.278 Y143.684 E1975.3703
G1 X143.721 Y143.684 E1976.9270
G1 X143.721 Y106.315 E1978.4807
G1 X106.278 Y106.315 E1980.0374
G0 F3900 X105.468 Y105.508
;TYPE:WALL-INNER
;WIDTH:0.400
;FLOW:90.0
G1 F2400 X144.532 Y105.508 E1981.4990
G1 X144.532 Y144.492 E1982.9577
G1 X105.468 Y144.492 E1984.4194
G1 X105.468 Y105.508 E1985.8781
G0 F3900 X105.878 Y105.915
G1 F2400 X105.878 Y144.084 E1987.3063
G1 X144.121 Y144.084 E1988.7373
G1 X144.121 Y105.915 E1990.1654
G1 X105.878 Y105.915 E1991.5964
;PRINTING_TIME: 1282
;REMAINING_TIME: 2205
;LAYER:37
;Z:9.500
;HEIGHT:0.250
;FLOW:100.0
;PRINTING: Flow_Calibration_Cube_0.4_mm.stl
;PRINTING_ID: 0
G1 F2400 E1988.5964
G1 F300 Z9.700
G0 F3900 X105.068 Y105.108
G0 F300 Z9.500
;TYPE:WALL-OUTER
;WIDTH:0.400
G1 F300 Z9.500
G1 F1500 E1991.5964
G1 F2100 X144.932 Y105.108 E1993.2538
G1 X144.932 Y144.892 E1994.9078
G1 X105.068 Y144.892 E1996.5651
G1 X105.068 Y105.108 E1998.2192
G1 F2400 E1995.2192
G1 F300 Z9.700
G0 F3900 X106.278 Y106.315
G1 F300 Z9.500
G1 F1500 E1998.2192
G1 F2100 X106.278 Y143.684 E1999.7728
G1 X143.721 Y143.684 E2001.3295
G1 X143.721 Y106.315 E2002.8831
G1 X106.278 Y106.315 E2004.4398
G0 F3900 X105.468 Y105.508
;TYPE:WALL-INNER
;WIDTH:0.400
;FLOW:90.0
G1 F2400 X144.532 Y105.508 E2005.9015
G1 X144.532 Y144.492 E2007.3602
G1 X105.468 Y144.492 E2008.8219
G1 X105.468 Y105.508 E2010.2806
G0 F3900 X105.878 Y105.915
G1 F2400 X105.878 Y144.084 E2011.7088
G1 X144.121 Y144.084 E2013.1397
G1 X144.121 Y105.915 E2014.5679
G1 X105.878 Y105.915 E2015.9989
;PRINTING_TIME: 1300
;REMAINING_TIME: 2187
;LAYER:38
;Z:9.750
;HEIGHT:0.250
;FLOW:100.0
;PRINTING: Flow_Calibration_Cube_0.4_mm.stl
;PRINTING_ID: 0
G1 F2400 E2012.9989
G1 F300 Z9.950
G0 F3900 X105.068 Y105.108
G0 F300 Z9.750
;TYPE:WALL-OUTER
;WIDTH:0.400
G1 F300 Z9.750
G1 F1500 E2015.9989
G1 F2100 X144.932 Y105.108 E2017.6562
G1 X144.932 Y144.892 E2019.3103
G1 X105.068 Y144.892 E2020.9676
G1 X105.068 Y105.108 E2022.6216
G1 F2400 E2019.6216
G1 F300 Z9.950
G0 F3900 X106.278 Y106.315
G1 F300 Z9.750
G1 F1500 E2022.6216
G1 F2100 X106.278 Y143.684 E2024.1753
G1 X143.721 Y143.684 E2025.7320
G1 X143.721 Y106.315 E2027.2856
G1 X106.278 Y106.315 E2028.8423
G0 F3900 X105.468 Y105.508
;TYPE:WALL-INNER
;WIDTH:0.400
;FLOW:90.0
G1 F2400 X144.532 Y105.508 E2030.3040
G1 X144.532 Y144.492 E2031.7626
G1 X105.468 Y144.492 E2033.2243
G1 X105.468 Y105.508 E2034.6830
G0 F3900 X105.878 Y105.915
G1 F2400 X105.878 Y144.084 E2036.1112
G1 X144.121 Y144.084 E2037.5422
G1 X144.121 Y105.915 E2038.9704
G1 X105.878 Y105.915 E2040.4013
;PRINTING_TIME: 1318
;REMAINING_TIME: 2169
;LAYER:39
;Z:10.000
;HEIGHT:0.250
;FLOW:100.0
;PRINTING: Flow_Calibration_Cube_0.4_mm.stl
;PRINTING_ID: 0
G1 F2400 E2037.4013
G1 F300 Z10.200
G0 F3900 X105.068 Y105.108
G0 F300 Z10.000
;TYPE:WALL-OUTER
;WIDTH:0.400
G1 F300 Z10.000
G1 F1500 E2040.4013
G1 F2100 X144.932 Y105.108 E2042.0587
G1 X144.932 Y144.892 E2043.7127
G1 X105.068 Y144.892 E2045.3701
G1 X105.068 Y105.108 E2047.0241
G1 F2400 E2044.0241
G1 F300 Z10.200
G0 F3900 X106.278 Y106.315
G1 F300 Z10.000
G1 F1500 E2047.0241
G1 F2100 X106.278 Y143.684 E2048.5777
G1 X143.721 Y143.684 E2050.1344
G1 X143.721 Y106.315 E2051.6880
G1 X106.278 Y106.315 E2053.2447
G0 F3900 X105.468 Y105.508
;TYPE:WALL-INNER
;WIDTH:0.400
;FLOW:90.0
G1 F2400 X144.532 Y105.508 E2054.7064
G1 X144.532 Y144.492 E2056.1651
G1 X105.468 Y144.492 E2057.6268
G1 X105.468 Y105.508 E2059.0855
G0 F3900 X105.878 Y105.915
G1 F2400 X105.878 Y144.084 E2060.5137
G1 X144.121 Y144.084 E2061.9446
G1 X144.121 Y105.915 E2063.3728
G1 X105.878 Y105.915 E2064.8038
;PRINTING_TIME: 1336
;REMAINING_TIME: 2151
;LAYER:40
;Z:10.250
;HEIGHT:0.250
;FLOW:100.0
;PRINTING: Flow_Calibration_Cube_0.4_mm.stl
;PRINTING_ID: 0
G1 F2400 E2061.8038
G1 F300 Z10.450
G0 F3900 X105.068 Y105.108
G0 F300 Z10.250
;TYPE:WALL-OUTER
;WIDTH:0.400
G1 F300 Z10.250
G1 F1500 E2064.8038
G1 F2100 X144.932 Y105.108 E2066.4612
G1 X144.932 Y144.892 E2068.1152
G1 X105.068 Y144.892 E2069.7725
G1 X105.068 Y105.108 E2071.4266
G1 F2400 E2068.4266
G1 F300 Z10.450
G0 F3900 X106.278 Y106.315
G1 F300 Z10.250
G1 F1500 E2071.4266
G1 F2100 X106.278 Y143.684 E2072.9802
G1 X143.721 Y143.684 E2074.5369
G1 X143.721 Y106.315 E2076.0905
G1 X106.278 Y106.315 E2077.6472
G0 F3900 X105.468 Y105.508
;TYPE:WALL-INNER
;WIDTH:0.400
;FLOW:90.0
G1 F2400 X144.532 Y105.508 E2079.1089
G1 X144.532 Y144.492 E2080.5676
G1 X105.468 Y144.492 E2082.0293
G1 X105.468 Y105.508 E2083.4879
G0 F3900 X105.878 Y105.915
G1 F2400 X105.878 Y144.084 E2084.9161
G1 X144.121 Y144.084 E2086.3471
G1 X144.121 Y105.915 E2087.7753
G1 X105.878 Y105.915 E2089.2063
;PRINTING_TIME: 1354
;REMAINING_TIME: 2133
;LAYER:41
;Z:10.500
;HEIGHT:0.250
;FLOW:100.0
;PRINTING: Flow_Calibration_Cube_0.4_mm.stl
;PRINTING_ID: 0
G1 F2400 E2086.2063
G1 F300 Z10.700
G0 F3900 X105.068 Y105.108
G0 F300 Z10.500
;TYPE:WALL-OUTER
;WIDTH:0.400
G1 F300 Z10.500
G1 F1500 E2089.2063
G1 F2100 X144.932 Y105.108 E2090.8636
G1 X144.932 Y144.892 E2092.5176
G1 X105.068 Y144.892 E2094.1750
G1 X105.068 Y105.108 E2095.8290
G1 F2400 E2092.8290
G1 F300 Z10.700
G0 F3900 X106.278 Y106.315
G1 F300 Z10.500
G1 F1500 E2095.8290
G1 F2100 X106.278 Y143.684 E2097.3826
G1 X143.721 Y143.684 E2098.9393
G1 X143.721 Y106.315 E2100.4930
G1 X106.278 Y106.315 E2102.0497
G0 F3900 X105.468 Y105.508
;TYPE:WALL-INNER
;WIDTH:0.400
;FLOW:90.0
G1 F2400 X144.532 Y105.508 E2103.5113
G1 X144.532 Y144.492 E2104.9700
G1 X105.468 Y144.492 E2106.4317
G1 X105.468 Y105.508 E2107.8904
G0 F3900 X105.878 Y105.915
G1 F2400 X105.878 Y144.084 E2109.3186
G1 X144.121 Y144.084 E2110.7496
G1 X144.121 Y105.915 E2112.1778
G1 X105.878 Y105.915 E2113.6087
;PRINTING_TIME: 1372
;REMAINING_TIME: 2115
;LAYER:42
;Z:10.750
;HEIGHT:0.250
;FLOW:100.0
;PRINTING: Flow_Calibration_Cube_0.4_mm.stl
;PRINTING_ID: 0
G1 F2400 E2110.6087
G1 F300 Z10.950
G0 F3900 X105.068 Y105.108
G0 F300 Z10.750
;TYPE:WALL-OUTER
;WIDTH:0.400
G1 F300 Z10.750
G1 F1500 E2113.6087
G1 F2100 X144.932 Y105.108 E2115.2661
G1 X144.932 Y144.892 E2116.9201
G1 X105.068 Y144.892 E2118.5775
G1 X105.068 Y105.108 E2120.2315
G1 F2400 E2117.2315
G1 F300 Z10.950
G0 F3900 X106.278 Y106.315
G1 F300 Z10.750
G1 F1500 E2120.2315
G1 F2100 X106.278 Y143.684 E2121.7851
G1 X143.721 Y143.684 E2123.3418
G1 X143.721 Y106.315 E2124.8954
G1 X106.278 Y106.315 E2126.4521
G0 F3900 X105.468 Y105.508
;TYPE:WALL-INNER
;WIDTH:0.400
;FLOW:90.0
G1 F2400 X144.532 Y105.508 E2127.9138
G1 X144.532 Y144.492 E2129.3725
G1 X105.468 Y144.492 E2130.8342
G1 X105.468 Y105.508 E2132.2929
G0 F3900 X105.878 Y105.915
G1 F2400 X105.878 Y144.084 E2133.7211
G1 X144.121 Y144.084 E2135.1520
G1 X144.121 Y105.915 E2136.5802
G1 X105.878 Y105.915 E2138.0112
;PRINTING_TIME: 1390
;REMAINING_TIME: 2097
;LAYER:43
;Z:11.000
;HEIGHT:0.250
;FLOW:100.0
;PRINTING: Flow_Calibration_Cube_0.4_mm.stl
;PRINTING_ID: 0
G1 F2400 E2135.0112
G1 F300 Z11.200
G0 F3900 X105.068 Y105.108
G0 F300 Z11.000
;TYPE:WALL-OUTER
;WIDTH:0.400
G1 F300 Z11.000
G1 F1500 E2138.0112
G1 F2100 X144.932 Y105.108 E2139.6685
G1 X144.932 Y144.892 E2141.3226
G1 X105.068 Y144.892 E2142.9799
G1 X105.068 Y105.108 E2144.6339
G1 F2400 E2141.6339
G1 F300 Z11.200
G0 F3900 X106.278 Y106.315
G1 F300 Z11.000
G1 F1500 E2144.6339
G1 F2100 X106.278 Y143.684 E2146.1876
G1 X143.721 Y143.684 E2147.7443
G1 X143.721 Y106.315 E2149.2979
G1 X106.278 Y106.315 E2150.8546
G0 F3900 X105.468 Y105.508
;TYPE:WALL-INNER
;WIDTH:0.400
;FLOW:90.0
G1 F2400 X144.532 Y105.508 E2152.3163
G1 X144.532 Y144.492 E2153.7750
G1 X105.468 Y144.492 E2155.2366
G1 X105.468 Y105.508 E2156.6953
G0 F3900 X105.878 Y105.915
G1 F2400 X105.878 Y144.084 E2158.1235
G1 X144.121 Y144.084 E2159.5545
G1 X144.121 Y105.915 E2160.9827
G1 X105.878 Y105.915 E2162.4136
;PRINTING_TIME: 1408
;REMAINING_TIME: 2079
;LAYER:44
;Z:11.250
;HEIGHT:0.250
;FLOW:100.0
;PRINTING: Flow_Calibration_Cube_0.4_mm.stl
;PRINTING_ID: 0
G1 F2400 E2159.4136
G1 F300 Z11.450
G0 F3900 X105.068 Y105.108
G0 F300 Z11.250
;TYPE:WALL-OUTER
;WIDTH:0.400
G1 F300 Z11.250
G1 F1500 E2162.4136
G1 F2100 X144.932 Y105.108 E2164.0710
G1 X144.932 Y144.892 E2165.7250
G1 X105.068 Y144.892 E2167.3824
G1 X105.068 Y105.108 E2169.0364
G1 F2400 E2166.0364
G1 F300 Z11.450
G0 F3900 X106.278 Y106.315
G1 F300 Z11.250
G1 F1500 E2169.0364
G1 F2100 X106.278 Y143.684 E2170.5900
G1 X143.721 Y143.684 E2172.1467
G1 X143.721 Y106.315 E2173.7003
G1 X106.278 Y106.315 E2175.2570
G0 F3900 X105.468 Y105.508
;TYPE:WALL-INNER
;WIDTH:0.400
;FLOW:90.0
G1 F2400 X144.532 Y105.508 E2176.7187
G1 X144.532 Y144.492 E2178.1774
G1 X105.468 Y144.492 E2179.6391
G1 X105.468 Y105.508 E2181.0978
G0 F3900 X105.878 Y105.915
G1 F2400 X105.878 Y144.084 E2182.5260
G1 X144.121 Y144.084 E2183.9570
G1 X144.121 Y105.915 E2185.3851
G1 X105.878 Y105.915 E2186.8161
;PRINTING_TIME: 1426
;REMAINING_TIME: 2061
;LAYER:45
;Z:11.500
;HEIGHT:0.250
;FLOW:100.0
;PRINTING: Flow_Calibration_Cube_0.4_mm.stl
;PRINTING_ID: 0
G1 F2400 E2183.8161
G1 F300 Z11.700
G0 F3900 X105.068 Y105.108
G0 F300 Z11.500
;TYPE:WALL-OUTER
;WIDTH:0.400
G1 F300 Z11.500
G1 F1500 E2186.8161
G1 F2100 X144.932 Y105.108 E2188.4735
G1 X144.932 Y144.892 E2190.1275
G1 X105.068 Y144.892 E2191.7848
G1 X105.068 Y105.108 E2193.4389
G1 F2400 E2190.4389
G1 F300 Z11.700
G0 F3900 X106.278 Y106.315
G1 F300 Z11.500
G1 F1500 E2193.4389
G1 F2100 X106.278 Y143.684 E2194.9925
G1 X143.721 Y143.684 E2196.5492
G1 X143.721 Y106.315 E2198.1028
G1 X106.278 Y106.315 E2199.6595
G0 F3900 X105.468 Y105.508
;TYPE:WALL-INNER
;WIDTH:0.400
;FLOW:90.0
G1 F2400 X144.532 Y105.508 E2201.1212
G1 X144.532 Y144.492 E2202.5799
G1 X105.468 Y144.492 E2204.0416
G1 X105.468 Y105.508 E2205.5003
G0 F3900 X105.878 Y105.915
G1 F2400 X105.878 Y144.084 E2206.9285
G1 X144.121 Y144.084 E2208.3594
G1 X144.121 Y105.915 E2209.7876
G1 X105.878 Y105.915 E2211.2186
;PRINTING_TIME: 1444
;REMAINING_TIME: 2044
;LAYER:46
;Z:11.750
;HEIGHT:0.250
;FLOW:100.0
;PRINTING: Flow_Calibration_Cube_0.4_mm.stl
;PRINTING_ID: 0
G1 F2400 E2208.2186
G1 F300 Z11.950
G0 F3900 X105.068 Y105.108
G0 F300 Z11.750
;TYPE:WALL-OUTER
;WIDTH:0.400
G1 F300 Z11.750
G1 F1500 E2211.2186
G1 F2100 X144.932 Y105.108 E2212.8759
G1 X144.932 Y144.892 E2214.5300
G1 X105.068 Y144.892 E2216.1873
G1 X105.068 Y105.108 E2217.8413
G1 F2400 E2214.8413
G1 F300 Z11.950
G0 F3900 X106.278 Y106.315
G1 F300 Z11.750
G1 F1500 E2217.8413
G1 F2100 X106.278 Y143.684 E2219.3950
G1 X143.721 Y143.684 E2220.9517
G1 X143.721 Y106.315 E2222.5053
G1 X106.278 Y106.315 E2224.0620
G0 F3900 X105.468 Y105.508
;TYPE:WALL-INNER
;WIDTH:0.400
;FLOW:90.0
G1 F2400 X144.532 Y105.508 E2225.5237
G1 X144.532 Y144.492 E2226.9823
G1 X105.468 Y144.492 E2228.4440
G1 X105.468 Y105.508 E2229.9027
G0 F3900 X105.878 Y105.915
G1 F2400 X105.878 Y144.084 E2231.3309
G1 X144.121 Y144.084 E2232.7619
G1 X144.121 Y105.915 E2234.1901
G1 X105.878 Y105.915 E2235.6210
;PRINTING_TIME: 1462
;REMAINING_TIME: 2026
;LAYER:47
;Z:12.000
;HEIGHT:0.250
;FLOW:100.0
;PRINTING: Flow_Calibration_Cube_0.4_mm.stl
;PRINTING_ID: 0
G1 F2400 E2232.6210
G1 F300 Z12.200
G0 F3900 X105.068 Y105.108
G0 F300 Z12.000
;TYPE:WALL-OUTER
;WIDTH:0.400
G1 F300 Z12.000
G1 F1500 E2235.6210
G1 F2100 X144.932 Y105.108 E2237.2784
G1 X144.932 Y144.892 E2238.9324
G1 X105.068 Y144.892 E2240.5898
G1 X105.068 Y105.108 E2242.2438
G1 F2400 E2239.2438
G1 F300 Z12.200
G0 F3900 X106.278 Y106.315
G1 F300 Z12.000
G1 F1500 E2242.2438
G1 F2100 X106.278 Y143.684 E2243.7974
G1 X143.721 Y143.684 E2245.3541
G1 X143.721 Y106.315 E2246.9077
G1 X106.278 Y106.315 E2248.4644
G0 F3900 X105.468 Y105.508
;TYPE:WALL-INNER
;WIDTH:0.400
;FLOW:90.0
G1 F2400 X144.532 Y105.508 E2249.9261
G1 X144.532 Y144.492 E2251.3848
G1 X105.468 Y144.492 E2252.8465
G1 X105.468 Y105.508 E2254.3052
G0 F3900 X105.878 Y105.915
G1 F2400 X105.878 Y144.084 E2255.7334
G1 X144.121 Y144.084 E2257.1643
G1 X144.121 Y105.915 E2258.5925
G1 X105.878 Y105.915 E2260.0235
;PRINTING_TIME: 1480
;REMAINING_TIME: 2008
;LAYER:48
;Z:12.250
;HEIGHT:0.250
;FLOW:100.0
;PRINTING: Flow_Calibration_Cube_0.4_mm.stl
;PRINTING_ID: 0
G1 F2400 E2257.0235
G1 F300 Z12.450
G0 F3900 X105.068 Y105.108
G0 F300 Z12.250
;TYPE:WALL-OUTER
;WIDTH:0.400
G1 F300 Z12.250
G1 F1500 E2260.0235
G1 F2100 X144.932 Y105.108 E2261.6808
G1 X144.932 Y144.892 E2263.3349
G1 X105.068 Y144.892 E2264.9922
G1 X105.068 Y105.108 E2266.6463
G1 F2400 E2263.6463
G1 F300 Z12.450
G0 F3900 X106.278 Y106.315
G1 F300 Z12.250
G1 F1500 E2266.6463
G1 F2100 X106.278 Y143.684 E2268.1999
G1 X143.721 Y143.684 E2269.7566
G1 X143.721 Y106.315 E2271.3102
G1 X106.278 Y106.315 E2272.8669
G0 F3900 X105.468 Y105.508
;TYPE:WALL-INNER
;WIDTH:0.400
;FLOW:90.0
G1 F2400 X144.532 Y105.508 E2274.3286
G1 X144.532 Y144.492 E2275.7873
G1 X105.468 Y144.492 E2277.2490
G1 X105.468 Y105.508 E2278.7076
G0 F3900 X105.878 Y105.915
G1 F2400 X105.878 Y144.084 E2280.1358
G1 X144.121 Y144.084 E2281.5668
G1 X144.121 Y105.915 E2282.9950
G1 X105.878 Y105.915 E2284.4260
;PRINTING_TIME: 1497
;REMAINING_TIME: 1990
;LAYER:49
;Z:12.500
;HEIGHT:0.250
;FLOW:100.0
;PRINTING: Flow_Calibration_Cube_0.4_mm.stl
;PRINTING_ID: 0
G1 F2400 E2281.4260
G1 F300 Z12.700
G0 F3900 X105.068 Y105.108
G0 F300 Z12.500
;TYPE:WALL-OUTER
;WIDTH:0.400
G1 F300 Z12.500
G1 F1500 E2284.4260
G1 F2100 X144.932 Y105.108 E2286.0833
G1 X144.932 Y144.892 E2287.7373
G1 X105.068 Y144.892 E2289.3947
G1 X105.068 Y105.108 E2291.0487
G1 F2400 E2288.0487
G1 F300 Z12.700
G0 F3900 X106.278 Y106.315
G1 F300 Z12.500
G1 F1500 E2291.0487
G1 F2100 X106.278 Y143.684 E2292.6023
G1 X143.721 Y143.684 E2294.1590
G1 X143.721 Y106.315 E2295.7127
G1 X106.278 Y106.315 E2297.2694
G0 F3900 X105.468 Y105.508
;TYPE:WALL-INNER
;WIDTH:0.400
;FLOW:90.0
G1 F2400 X144.532 Y105.508 E2298.7310
G1 X144.532 Y144.492 E2300.1897
G1 X105.468 Y144.492 E2301.6514
G1 X105.468 Y105.508 E2303.1101
G0 F3900 X105.878 Y105.915
G1 F2400 X105.878 Y144.084 E2304.5383
G1 X144.121 Y144.084 E2305.9693
G1 X144.121 Y105.915 E2307.3975
G1 X105.878 Y105.915 E2308.8284
;PRINTING_TIME: 1515
;REMAINING_TIME: 1972
;LAYER:50
;Z:12.750
;HEIGHT:0.250
;FLOW:100.0
;PRINTING: Flow_Calibration_Cube_0.4_mm.stl
;PRINTING_ID: 0
G1 F2400 E2305.8284
G1 F300 Z12.950
G0 F3900 X105.068 Y105.108
G0 F300 Z12.750
;TYPE:WALL-OUTER
;WIDTH:0.400
G1 F300 Z12.750
G1 F1500 E2308.8284
G1 F2100 X144.932 Y105.108 E2310.4858
G1 X144.932 Y144.892 E2312.1398
G1 X105.068 Y144.892 E2313.7972
G1 X105.068 Y105.108 E2315.4512
G1 F2400 E2312.4512
G1 F300 Z12.950
G0 F3900 X106.278 Y106.315
G1 F300 Z12.750
G1 F1500 E2315.4512
G1 F2100 X106.278 Y143.684 E2317.0048
G1 X143.721 Y143.684 E2318.5615
G1 X143.721 Y106.315 E2320.1151
G1 X106.278 Y106.315 E2321.6718
G0 F3900 X105.468 Y105.508
;TYPE:WALL-INNER
;WIDTH:0.400
;FLOW:90.0
G1 F2400 X144.532 Y105.508 E2323.1335
G1 X144.532 Y144.492 E2324.5922
G1 X105.468 Y144.492 E2326.0539
G1 X105.468 Y105.508 E2327.5126
G0 F3900 X105.878 Y105.915
G1 F2400 X105.878 Y144.084 E2328.9408
G1 X144.121 Y144.084 E2330.3717
G1 X144.121 Y105.915 E2331.7999
G1 X105.878 Y105.915 E2333.2309
;PRINTING_TIME: 1533
;REMAINING_TIME: 1954
;LAYER:51
;Z:13.000
;HEIGHT:0.250
;FLOW:100.0
;PRINTING: Flow_Calibration_Cube_0.4_mm.stl
;PRINTING_ID: 0
G1 F2400 E2330.2309
G1 F300 Z13.200
G0 F3900 X105.068 Y105.108
G0 F300 Z13.000
;TYPE:WALL-OUTER
;WIDTH:0.400
G1 F300 Z13.000
G1 F1500 E2333.2309
G1 F2100 X144.932 Y105.108 E2334.8882
G1 X144.932 Y144.892 E2336.5423
G1 X105.068 Y144.892 E2338.1996
G1 X105.068 Y105.108 E2339.8536
G1 F2400 E2336.8536
G1 F300 Z13.200
G0 F3900 X106.278 Y106.315
G1 F300 Z13.000
G1 F1500 E2339.8536
G1 F2100 X106.278 Y143.684 E2341.4073
G1 X143.721 Y143.684 E2342.9640
G1 X143.721 Y106.315 E2344.5176
G1 X106.278 Y106.315 E2346.0743
G0 F3900 X105.468 Y105.508
;TYPE:WALL-INNER
;WIDTH:0.400
;FLOW:90.0
G1 F2400 X144.532 Y105.508 E2347.5360
G1 X144.532 Y144.492 E2348.9947
G1 X105.468 Y144.492 E2350.4563
G1 X105.468 Y105.508 E2351.9150
G0 F3900 X105.878 Y105.915
G1 F2400 X105.878 Y144.084 E2353.3432
G1 X144.121 Y144.084 E2354.7742
G1 X144.121 Y105.915 E2356.2024
G1 X105.878 Y105.915 E2357.6333
;PRINTING_TIME: 1551
;REMAINING_TIME: 1936
;LAYER:52
;Z:13.250
;HEIGHT:0.250
;FLOW:100.0
;PRINTING: Flow_Calibration_Cube_0.4_mm.stl
;PRINTING_ID: 0
G1 F2400 E2354.6333
G1 F300 Z13.450
G0 F3900 X105.068 Y105.108
G0 F300 Z13.250
;TYPE:WALL-OUTER
;WIDTH:0.400
G1 F300 Z13.250
G1 F1500 E2357.6333
G1 F2100 X144.932 Y105.108 E2359.2907
G1 X144.932 Y144.892 E2360.9447
G1 X105.068 Y144.892 E2362.6021
G1 X105.068 Y105.108 E2364.2561
G1 F2400 E2361.2561
G1 F300 Z13.450
G0 F3900 X106.278 Y106.315
G1 F300 Z13.250
G1 F1500 E2364.2561
G1 F2100 X106.278 Y143.684 E2365.8097
G1 X143.721 Y143.684 E2367.3664
G1 X143.721 Y106.315 E2368.9200
G1 X106.278 Y106.315 E2370.4767
G0 F3900 X105.468 Y105.508
;TYPE:WALL-INNER
;WIDTH:0.400
;FLOW:90.0
G1 F2400 X144.532 Y105.508 E2371.9384
G1 X144.532 Y144.492 E2373.3971
G1 X105.468 Y144.492 E2374.8588
G1 X105.468 Y105.508 E2376.3175
G0 F3900 X105.878 Y105.915
G1 F2400 X105.878 Y144.084 E2377.7457
G1 X144.121 Y144.084 E2379.1766
G1 X144.121 Y105.915 E2380.6048
G1 X105.878 Y105.915 E2382.0358
;PRINTING_TIME: 1569
;REMAINING_TIME: 1918
;LAYER:53
;Z:13.500
;HEIGHT:0.250
;FLOW:100.0
;PRINTING: Flow_Calibration_Cube_0.4_mm.stl
;PRINTING_ID: 0
G1 F2400 E2379.0358
G1 F300 Z13.700
G0 F3900 X105.068 Y105.108
G0 F300 Z13.500
;TYPE:WALL-OUTER
;WIDTH:0.400
G1 F300 Z13.500
G1 F1500 E2382.0358
G1 F2100 X144.932 Y105.108 E2383.6932
G1 X144.932 Y144.892 E2385.3472
G1 X105.068 Y144.892 E2387.0045
G1 X105.068 Y105.108 E2388.6586
G1 F2400 E2385.6586
G1 F300 Z13.700
G0 F3900 X106.278 Y106.315
G1 F300 Z13.500
G1 F1500 E2388.6586
G1 F2100 X106.278 Y143.684 E2390.2122
G1 X143.721 Y143.684 E2391.7689
G1 X143.721 Y106.315 E2393.3225
G1 X106.278 Y106.315 E2394.8792
G0 F3900 X105.468 Y105.508
;TYPE:WALL-INNER
;WIDTH:0.400
;FLOW:90.0
G1 F2400 X144.532 Y105.508 E2396.3409
G1 X144.532 Y144.492 E2397.7996
G1 X105.468 Y144.492 E2399.2613
G1 X105.468 Y105.508 E2400.7200
G0 F3900 X105.878 Y105.915
G1 F2400 X105.878 Y144.084 E2402.1481
G1 X144.121 Y144.084 E2403.5791
G1 X144.121 Y105.915 E2405.0073
G1 X105.878 Y105.915 E2406.4383
;PRINTING_TIME: 1587
;REMAINING_TIME: 1900
;LAYER:54
;Z:13.750
;HEIGHT:0.250
;FLOW:100.0
;PRINTING: Flow_Calibration_Cube_0.4_mm.stl
;PRINTING_ID: 0
G1 F2400 E2403.4383
G1 F300 Z13.950
G0 F3900 X105.068 Y105.108
G0 F300 Z13.750
;TYPE:WALL-OUTER
;WIDTH:0.400
G1 F300 Z13.750
G1 F1500 E2406.4383
G1 F2100 X144.932 Y105.108 E2408.0956
G1 X144.932 Y144.892 E2409.7496
G1 X105.068 Y144.892 E2411.4070
G1 X105.068 Y105.108 E2413.0610
G1 F2400 E2410.0610
G1 F300 Z13.950
G0 F3900 X106.278 Y106.315
G1 F300 Z13.750
G1 F1500 E2413.0610
G1 F2100 X106.278 Y143.684 E2414.6146
G1 X143.721 Y143.684 E2416.1713
G1 X143.721 Y106.315 E2417.7250
G1 X106.278 Y106.315 E2419.2817
G0 F3900 X105.468 Y105.508
;TYPE:WALL-INNER
;WIDTH:0.400
;FLOW:90.0
G1 F2400 X144.532 Y105.508 E2420.7434
G1 X144.532 Y144.492 E2422.2020
G1 X105.468 Y144.492 E2423.6637
G1 X105.468 Y105.508 E2425.1224
G0 F3900 X105.878 Y105.915
G1 F2400 X105.878 Y144.084 E2426.5506
G1 X144.121 Y144.084 E2427.9816
G1 X144.121 Y105.915 E2429.4098
G1 X105.878 Y105.915 E2430.8407
;PRINTING_TIME: 1605
;REMAINING_TIME: 1882
;LAYER:55
;Z:14.000
;HEIGHT:0.250
;FLOW:100.0
;PRINTING: Flow_Calibration_Cube_0.4_mm.stl
;PRINTING_ID: 0
G1 F2400 E2427.8407
G1 F300 Z14.200
G0 F3900 X105.068 Y105.108
G0 F300 Z14.000
;TYPE:WALL-OUTER
;WIDTH:0.400
G1 F300 Z14.000
G1 F1500 E2430.8407
G1 F2100 X144.932 Y105.108 E2432.4981
G1 X144.932 Y144.892 E2434.1521
G1 X105.068 Y144.892 E2435.8095
G1 X105.068 Y105.108 E2437.4635
G1 F2400 E2434.4635
G1 F300 Z14.200
G0 F3900 X106.278 Y106.315
G1 F300 Z14.000
G1 F1500 E2437.4635
G1 F2100 X106.278 Y143.684 E2439.0171
G1 X143.721 Y143.684 E2440.5738
G1 X143.721 Y106.315 E2442.1274
G1 X106.278 Y106.315 E2443.6841
G0 F3900 X105.468 Y105.508
;TYPE:WALL-INNER
;WIDTH:0.400
;FLOW:90.0
G1 F2400 X144.532 Y105.508 E2445.1458
G1 X144.532 Y144.492 E2446.6045
G1 X105.468 Y144.492 E2448.0662
G1 X105.468 Y105.508 E2449.5249
G0 F3900 X105.878 Y105.915
G1 F2400 X105.878 Y144.084 E2450.9531
G1 X144.121 Y144.084 E2452.3840
G1 X144.121 Y105.915 E2453.8122
G1 X105.878 Y105.915 E2455.2432
;PRINTING_TIME: 1623
;REMAINING_TIME: 1864
;LAYER:56
;Z:14.250
;HEIGHT:0.250
;FLOW:100.0
;PRINTING: Flow_Calibration_Cube_0.4_mm.stl
;PRINTING_ID: 0
G1 F2400 E2452.2432
G1 F300 Z14.450
G0 F3900 X105.068 Y105.108
G0 F300 Z14.250
;TYPE:WALL-OUTER
;WIDTH:0.400
G1 F300 Z14.250
G1 F1500 E2455.2432
G1 F2100 X144.932 Y105.108 E2456.9005
G1 X144.932 Y144.892 E2458.5546
G1 X105.068 Y144.892 E2460.2119
G1 X105.068 Y105.108 E2461.8660
G1 F2400 E2458.8660
G1 F300 Z14.450
G0 F3900 X106.278 Y106.315
G1 F300 Z14.250
G1 F1500 E2461.8660
G1 F2100 X106.278 Y143.684 E2463.4196
G1 X143.721 Y143.684 E2464.9763
G1 X143.721 Y106.315 E2466.5299
G1 X106.278 Y106.315 E2468.0866
G0 F3900 X105.468 Y105.508
;TYPE:WALL-INNER
;WIDTH:0.400
;FLOW:90.0
G1 F2400 X144.532 Y105.508 E2469.5483
G1 X144.532 Y144.492 E2471.0070
G1 X105.468 Y144.492 E2472.4687
G1 X105.468 Y105.508 E2473.9273
G0 F3900 X105.878 Y105.915
G1 F2400 X105.878 Y144.084 E2475.3555
G1 X144.121 Y144.084 E2476.7865
G1 X144.121 Y105.915 E2478.2147
G1 X105.878 Y105.915 E2479.6457
;PRINTING_TIME: 1641
;REMAINING_TIME: 1846
;LAYER:57
;Z:14.500
;HEIGHT:0.250
;FLOW:100.0
;PRINTING: Flow_Calibration_Cube_0.4_mm.stl
;PRINTING_ID: 0
G1 F2400 E2476.6457
G1 F300 Z14.700
G0 F3900 X105.068 Y105.108
G0 F300 Z14.500
;TYPE:WALL-OUTER
;WIDTH:0.400
G1 F300 Z14.500
G1 F1500 E2479.6457
G1 F2100 X144.932 Y105.108 E2481.3030
G1 X144.932 Y144.892 E2482.9570
G1 X105.068 Y144.892 E2484.6144
G1 X105.068 Y105.108 E2486.2684
G1 F2400 E2483.2684
G1 F300 Z14.700
G0 F3900 X106.278 Y106.315
G1 F300 Z14.500
G1 F1500 E2486.2684
G1 F2100 X106.278 Y143.684 E2487.8220
G1 X143.721 Y143.684 E2489.3787
G1 X143.721 Y106.315 E2490.9324
G1 X106.278 Y106.315 E2492.4891
G0 F3900 X105.468 Y105.508
;TYPE:WALL-INNER
;WIDTH:0.400
;FLOW:90.0
G1 F2400 X144.532 Y105.508 E2493.9507
G1 X144.532 Y144.492 E2495.4094
G1 X105.468 Y144.492 E2496.8711
G1 X105.468 Y105.508 E2498.3298
G0 F3900 X105.878 Y105.915
G1 F2400 X105.878 Y144.084 E2499.7580
G1 X144.121 Y144.084 E2501.1890
G1 X144.121 Y105.915 E2502.6172
G1 X105.878 Y105.915 E2504.0481
;PRINTING_TIME: 1659
;REMAINING_TIME: 1828
;LAYER:58
;Z:14.750
;HEIGHT:0.250
;FLOW:100.0
;PRINTING: Flow_Calibration_Cube_0.4_mm.stl
;PRINTING_ID: 0
G1 F2400 E2501.0481
G1 F300 Z14.950
G0 F3900 X105.068 Y105.108
G0 F300 Z14.750
;TYPE:WALL-OUTER
;WIDTH:0.400
G1 F300 Z14.750
G1 F1500 E2504.0481
G1 F2100 X144.932 Y105.108 E2505.7055
G1 X144.932 Y144.892 E2507.3595
G1 X105.068 Y144.892 E2509.0168
G1 X105.068 Y105.108 E2510.6709
G1 F2400 E2507.6709
G1 F300 Z14.950
G0 F3900 X106.278 Y106.315
G1 F300 Z14.750
G1 F1500 E2510.6709
G1 F2100 X106.278 Y143.684 E2512.2245
G1 X143.721 Y143.684 E2513.7812
G1 X143.721 Y106.315 E2515.3348
G1 X106.278 Y106.315 E2516.8915
G0 F3900 X105.468 Y105.508
;TYPE:WALL-INNER
;WIDTH:0.400
;FLOW:90.0
G1 F2400 X144.532 Y105.508 E2518.3532
G1 X144.532 Y144.492 E2519.8119
G1 X105.468 Y144.492 E2521.2736
G1 X105.468 Y105.508 E2522.7323
G0 F3900 X105.878 Y105.915
G1 F2400 X105.878 Y144.084 E2524.1605
G1 X144.121 Y144.084 E2525.5914
G1 X144.121 Y105.915 E2527.0196
G1 X105.878 Y105.915 E2528.4506
;PRINTING_TIME: 1677
;REMAINING_TIME: 1811
;LAYER:59
;Z:15.000
;HEIGHT:0.250
;FLOW:100.0
;PRINTING: Flow_Calibration_Cube_0.4_mm.stl
;PRINTING_ID: 0
G1 F2400 E2525.4506
G1 F300 Z15.200
G0 F3900 X105.068 Y105.108
G0 F300 Z15.000
;TYPE:WALL-OUTER
;WIDTH:0.400
G1 F300 Z15.000
G1 F1500 E2528.4506
G1 F2100 X144.932 Y105.108 E2530.1079
G1 X144.932 Y144.892 E2531.7620
G1 X105.068 Y144.892 E2533.4193
G1 X105.068 Y105.108 E2535.0733
G1 F2400 E2532.0733
G1 F300 Z15.200
G0 F3900 X106.278 Y106.315
G1 F300 Z15.000
G1 F1500 E2535.0733
G1 F2100 X106.278 Y143.684 E2536.6270
G1 X143.721 Y143.684 E2538.1837
G1 X143.721 Y106.315 E2539.7373
G1 X106.278 Y106.315 E2541.2940
G0 F3900 X105.468 Y105.508
;TYPE:WALL-INNER
;WIDTH:0.400
;FLOW:90.0
G1 F2400 X144.532 Y105.508 E2542.7557
G1 X144.532 Y144.492 E2544.2144
G1 X105.468 Y144.492 E2545.6760
G1 X105.468 Y105.508 E2547.1347
G0 F3900 X105.878 Y105.915
G1 F2400 X105.878 Y144.084 E2548.5629
G1 X144.121 Y144.084 E2549.9939
G1 X144.121 Y105.915 E2551.4221
G1 X105.878 Y105.915 E2552.8530
;PRINTING_TIME: 1695
;REMAINING_TIME: 1793
;LAYER:60
;Z:15.250
;HEIGHT:0.250
;FLOW:100.0
;PRINTING: Flow_Calibration_Cube_0.4_mm.stl
;PRINTING_ID: 0
G1 F2400 E2549.8530
G1 F300 Z15.450
G0 F3900 X105.068 Y105.108
G0 F300 Z15.250
;TYPE:WALL-OUTER
;WIDTH:0.400
G1 F300 Z15.250
G1 F1500 E2552.8530
G1 F2100 X144.932 Y105.108 E2554.5104
G1 X144.932 Y144.892 E2556.1644
G1 X105.068 Y144.892 E2557.8218
G1 X105.068 Y105.108 E2559.4758
G1 F2400 E2556.4758
G1 F300 Z15.450
G0 F3900 X106.278 Y106.315
G1 F300 Z15.250
G1 F1500 E2559.4758
G1 F2100 X106.278 Y143.684 E2561.0294
G1 X143.721 Y143.684 E2562.5861
G1 X143.721 Y106.315 E2564.1397
G1 X106.278 Y106.315 E2565.6964
G0 F3900 X105.468 Y105.508
;TYPE:WALL-INNER
;WIDTH:0.400
;FLOW:90.0
G1 F2400 X144.532 Y105.508 E2567.1581
G1 X144.532 Y144.492 E2568.6168
G1 X105.468 Y144.492 E2570.0785
G1 X105.468 Y105.508 E2571.5372
G0 F3900 X105.878 Y105.915
G1 F2400 X105.878 Y144.084 E2572.9654
G1 X144.121 Y144.084 E2574.3963
G1 X144.121 Y105.915 E2575.8245
G1 X105.878 Y105.915 E2577.2555
;PRINTING_TIME: 1713
;REMAINING_TIME: 1775
;LAYER:61
;Z:15.500
;HEIGHT:0.250
;FLOW:100.0
;PRINTING: Flow_Calibration_Cube_0.4_mm.stl
;PRINTING_ID: 0
G1 F2400 E2574.2555
G1 F300 Z15.700
G0 F3900 X105.068 Y105.108
G0 F300 Z15.500
;TYPE:WALL-OUTER
;WIDTH:0.400
G1 F300 Z15.500
G1 F1500 E2577.2555
G1 F2100 X144.932 Y105.108 E2578.9129
G1 X144.932 Y144.892 E2580.5669
G1 X105.068 Y144.892 E2582.2242
G1 X105.068 Y105.108 E2583.8783
G1 F2400 E2580.8783
G1 F300 Z15.700
G0 F3900 X106.278 Y106.315
G1 F300 Z15.500
G1 F1500 E2583.8783
G1 F2100 X106.278 Y143.684 E2585.4319
G1 X143.721 Y143.684 E2586.9886
G1 X143.721 Y106.315 E2588.5422
G1 X106.278 Y106.315 E2590.0989
G0 F3900 X105.468 Y105.508
;TYPE:WALL-INNER
;WIDTH:0.400
;FLOW:90.0
G1 F2400 X144.532 Y105.508 E2591.5606
G1 X144.532 Y144.492 E2593.0193
G1 X105.468 Y144.492 E2594.4810
G1 X105.468 Y105.508 E2595.9397
G0 F3900 X105.878 Y105.915
G1 F2400 X105.878 Y144.084 E2597.3678
G1 X144.121 Y144.084 E2598.7988
G1 X144.121 Y105.915 E2600.2270
G1 X105.878 Y105.915 E2601.6580
;PRINTING_TIME: 1731
;REMAINING_TIME: 1757
;LAYER:62
;Z:15.750
;HEIGHT:0.250
;FLOW:100.0
;PRINTING: Flow_Calibration_Cube_0.4_mm.stl
;PRINTING_ID: 0
G1 F2400 E2598.6580
G1 F300 Z15.950
G0 F3900 X105.068 Y105.108
G0 F300 Z15.750
;TYPE:WALL-OUTER
;WIDTH:0.400
G1 F300 Z15.750
G1 F1500 E2601.6580
G1 F2100 X144.932 Y105.108 E2603.3153
G1 X144.932 Y144.892 E2604.9693
G1 X105.068 Y144.892 E2606.6267
G1 X105.068 Y105.108 E2608.2807
G1 F2400 E2605.2807
G1 F300 Z15.950
G0 F3900 X106.278 Y106.315
G1 F300 Z15.750
G1 F1500 E2608.2807
G1 F2100 X106.278 Y143.684 E2609.8343
G1 X143.721 Y143.684 E2611.3910
G1 X143.721 Y106.315 E2612.9447
G1 X106.278 Y106.315 E2614.5014
G0 F3900 X105.468 Y105.508
;TYPE:WALL-INNER
;WIDTH:0.400
;FLOW:90.0
G1 F2400 X144.532 Y105.508 E2615.9631
G1 X144.532 Y144.492 E2617.4217
G1 X105.468 Y144.492 E2618.8834
G1 X105.468 Y105.508 E2620.3421
G0 F3900 X105.878 Y105.915
G1 F2400 X105.878 Y144.084 E2621.7703
G1 X144.121 Y144.084 E2623.2013
G1 X144.121 Y105.915 E2624.6295
G1 X105.878 Y105.915 E2626.0604
;PRINTING_TIME: 1748
;REMAINING_TIME: 1739
;LAYER:63
;Z:16.000
;HEIGHT:0.250
;FLOW:100.0
;PRINTING: Flow_Calibration_Cube_0.4_mm.stl
;PRINTING_ID: 0
G1 F2400 E2623.0604
G1 F300 Z16.200
G0 F3900 X105.068 Y105.108
G0 F300 Z16.000
;TYPE:WALL-OUTER
;WIDTH:0.400
G1 F300 Z16.000
G1 F1500 E2626.0604
G1 F2100 X144.932 Y105.108 E2627.7178
G1 X144.932 Y144.892 E2629.3718
G1 X105.068 Y144.892 E2631.0292
G1 X105.068 Y105.108 E2632.6832
G1 F2400 E2629.6832
G1 F300 Z16.200
G0 F3900 X106.278 Y106.315
G1 F300 Z16.000
G1 F1500 E2632.6832
G1 F2100 X106.278 Y143.684 E2634.2368
G1 X143.721 Y143.684 E2635.7935
G1 X143.721 Y106.315 E2637.3471
G1 X106.278 Y106.315 E2638.9038
G0 F3900 X105.468 Y105.508
;TYPE:WALL-INNER
;WIDTH:0.400
;FLOW:90.0
G1 F2400 X144.532 Y105.508 E2640.3655
G1 X144.532 Y144.492 E2641.8242
G1 X105.468 Y144.492 E2643.2859
G1 X105.468 Y105.508 E2644.7446
G0 F3900 X105.878 Y105.915
G1 F2400 X105.878 Y144.084 E2646.1728
G1 X144.121 Y144.084 E2647.6037
G1 X144.121 Y105.915 E2649.0319
G1 X105.878 Y105.915 E2650.4629
;PRINTING_TIME: 1766
;REMAINING_TIME: 1721
;LAYER:64
;Z:16.250
;HEIGHT:0.250
;FLOW:100.0
;PRINTING: Flow_Calibration_Cube_0.4_mm.stl
;PRINTING_ID: 0
G1 F2400 E2647.4629
G1 F300 Z16.450
G0 F3900 X105.068 Y105.108
G0 F300 Z16.250
;TYPE:WALL-OUTER
;WIDTH:0.400
G1 F300 Z16.250
G1 F1500 E2650.4629
G1 F2100 X144.932 Y105.108 E2652.1202
G1 X144.932 Y144.892 E2653.7743
G1 X105.068 Y144.892 E2655.4316
G1 X105.068 Y105.108 E2657.0856
G1 F2400 E2654.0856
G1 F300 Z16.450
G0 F3900 X106.278 Y106.315
G1 F300 Z16.250
G1 F1500 E2657.0856
G1 F2100 X106.278 Y143.684 E2658.6393
G1 X143.721 Y143.684 E2660.1960
G1 X143.721 Y106.315 E2661.7496
G1 X106.278 Y106.315 E2663.3063
G0 F3900 X105.468 Y105.508
;TYPE:WALL-INNER
;WIDTH:0.400
;FLOW:90.0
G1 F2400 X144.532 Y105.508 E2664.7680
G1 X144.532 Y144.492 E2666.2267
G1 X105.468 Y144.492 E2667.6883
G1 X105.468 Y105.508 E2669.1470
G0 F3900 X105.878 Y105.915
G1 F2400 X105.878 Y144.084 E2670.5752
G1 X144.121 Y144.084 E2672.0062
G1 X144.121 Y105.915 E2673.4344
G1 X105.878 Y105.915 E2674.8654
;PRINTING_TIME: 1784
;REMAINING_TIME: 1703
;LAYER:65
;Z:16.500
;HEIGHT:0.250
;FLOW:100.0
;PRINTING: Flow_Calibration_Cube_0.4_mm.stl
;PRINTING_ID: 0
G1 F2400 E2671.8654
G1 F300 Z16.700
G0 F3900 X105.068 Y105.108
G0 F300 Z16.500
;TYPE:WALL-OUTER
;WIDTH:0.400
G1 F300 Z16.500
G1 F1500 E2674.8654
G1 F2100 X144.932 Y105.108 E2676.5227
G1 X144.932 Y144.892 E2678.1767
G1 X105.068 Y144.892 E2679.8341
G1 X105.068 Y105.108 E2681.4881
G1 F2400 E2678.4881
G1 F300 Z16.700
G0 F3900 X106.278 Y106.315
G1 F300 Z16.500
G1 F1500 E2681.4881
G1 F2100 X106.278 Y143.684 E2683.0417
G1 X143.721 Y143.684 E2684.5984
G1 X143.721 Y106.315 E2686.1521
G1 X106.278 Y106.315 E2687.7088
G0 F3900 X105.468 Y105.508
;TYPE:WALL-INNER
;WIDTH:0.400
;FLOW:90.0
G1 F2400 X144.532 Y105.508 E2689.1704
G1 X144.532 Y144.492 E2690.6291
G1 X105.468 Y144.492 E2692.0908
G1 X105.468 Y105.508 E2693.5495
G0 F3900 X105.878 Y105.915
G1 F2400 X105.878 Y144.084 E2694.9777
G1 X144.121 Y144.084 E2696.4087
G1 X144.121 Y105.915 E2697.8369
G1 X105.878 Y105.915 E2699.2678
;PRINTING_TIME: 1802
;REMAINING_TIME: 1685
;LAYER:66
;Z:16.750
;HEIGHT:0.250
;FLOW:100.0
;PRINTING: Flow_Calibration_Cube_0.4_mm.stl
;PRINTING_ID: 0
G1 F2400 E2696.2678
G1 F300 Z16.950
G0 F3900 X105.068 Y105.108
G0 F300 Z16.750
;TYPE:WALL-OUTER
;WIDTH:0.400
G1 F300 Z16.750
G1 F1500 E2699.2678
G1 F2100 X144.932 Y105.108 E2700.9252
G1 X144.932 Y144.892 E2702.5792
G1 X105.068 Y144.892 E2704.2365
G1 X105.068 Y105.108 E2705.8906
G1 F2400 E2702.8906
G1 F300 Z16.950
G0 F3900 X106.278 Y106.315
G1 F300 Z16.750
G1 F1500 E2705.8906
G1 F2100 X106.278 Y143.684 E2707.4442
G1 X143.721 Y143.684 E2709.0009
G1 X143.721 Y106.315 E2710.5545
G1 X106.278 Y106.315 E2712.1112
G0 F3900 X105.468 Y105.508
;TYPE:WALL-INNER
;WIDTH:0.400
;FLOW:90.0
G1 F2400 X144.532 Y105.508 E2713.5729
G1 X144.532 Y144.492 E2715.0316
G1 X105.468 Y144.492 E2716.4933
G1 X105.468 Y105.508 E2717.9520
G0 F3900 X105.878 Y105.915
G1 F2400 X105.878 Y144.084 E2719.3802
G1 X144.121 Y144.084 E2720.8111
G1 X144.121 Y105.915 E2722.2393
G1 X105.878 Y105.915 E2723.6703
;PRINTING_TIME: 1820
;REMAINING_TIME: 1667
;LAYER:67
;Z:17.000
;HEIGHT:0.250
;FLOW:100.0
;PRINTING: Flow_Calibration_Cube_0.4_mm.stl
;PRINTING_ID: 0
G1 F2400 E2720.6703
G1 F300 Z17.200
G0 F3900 X105.068 Y105.108
G0 F300 Z17.000
;TYPE:WALL-OUTER
;WIDTH:0.400
G1 F300 Z17.000
G1 F1500 E2723.6703
G1 F2100 X144.932 Y105.108 E2725.3276
G1 X144.932 Y144.892 E2726.9817
G1 X105.068 Y144.892 E2728.6390
G1 X105.068 Y105.108 E2730.2930
G1 F2400 E2727.2930
G1 F300 Z17.200
G0 F3900 X106.278 Y106.315
G1 F300 Z17.000
G1 F1500 E2730.2930
G1 F2100 X106.278 Y143.684 E2731.8467
G1 X143.721 Y143.684 E2733.4034
G1 X143.721 Y106.315 E2734.9570
G1 X106.278 Y106.315 E2736.5137
G0 F3900 X105.468 Y105.508
;TYPE:WALL-INNER
;WIDTH:0.400
;FLOW:90.0
G1 F2400 X144.532 Y105.508 E2737.9754
G1 X144.532 Y144.492 E2739.4341
G1 X105.468 Y144.492 E2740.8957
G1 X105.468 Y105.508 E2742.3544
G0 F3900 X105.878 Y105.915
G1 F2400 X105.878 Y144.084 E2743.7826
G1 X144.121 Y144.084 E2745.2136
G1 X144.121 Y105.915 E2746.6418
G1 X105.878 Y105.915 E2748.0727
;PRINTING_TIME: 1838
;REMAINING_TIME: 1649
;LAYER:68
;Z:17.250
;HEIGHT:0.250
;FLOW:100.0
;PRINTING: Flow_Calibration_Cube_0.4_mm.stl
;PRINTING_ID: 0
G1 F2400 E2745.0727
G1 F300 Z17.450
G0 F3900 X105.068 Y105.108
G0 F300 Z17.250
;TYPE:WALL-OUTER
;WIDTH:0.400
G1 F300 Z17.250
G1 F1500 E2748.0727
G1 F2100 X144.932 Y105.108 E2749.7301
G1 X144.932 Y144.892 E2751.3841
G1 X105.068 Y144.892 E2753.0415
G1 X105.068 Y105.108 E2754.6955
G1 F2400 E2751.6955
G1 F300 Z17.450
G0 F3900 X106.278 Y106.315
G1 F300 Z17.250
G1 F1500 E2754.6955
G1 F2100 X106.278 Y143.684 E2756.2491
G1 X143.721 Y143.684 E2757.8058
G1 X143.721 Y106.315 E2759.3594
G1 X106.278 Y106.315 E2760.9161
G0 F3900 X105.468 Y105.508
;TYPE:WALL-INNER
;WIDTH:0.400
;FLOW:90.0
G1 F2400 X144.532 Y105.508 E2762.3778
G1 X144.532 Y144.492 E2763.8365
G1 X105.468 Y144.492 E2765.2982
G1 X105.468 Y105.508 E2766.7569
G0 F3900 X105.878 Y105.915
G1 F2400 X105.878 Y144.084 E2768.1851
G1 X144.121 Y144.084 E2769.6160
G1 X144.121 Y105.915 E2771.0442
G1 X105.878 Y105.915 E2772.4752
;PRINTING_TIME: 1856
;REMAINING_TIME: 1631
;LAYER:69
;Z:17.500
;HEIGHT:0.250
;FLOW:100.0
;PRINTING: Flow_Calibration_Cube_0.4_mm.stl
;PRINTING_ID: 0
G1 F2400 E2769.4752
G1 F300 Z17.700
G0 F3900 X105.068 Y105.108
G0 F300 Z17.500
;TYPE:WALL-OUTER
;WIDTH:0.400
G1 F300 Z17.500
G1 F1500 E2772.4752
G1 F2100 X144.932 Y105.108 E2774.1326
G1 X144.932 Y144.892 E2775.7866
G1 X105.068 Y144.892 E2777.4439
G1 X105.068 Y105.108 E2779.0980
G1 F2400 E2776.0980
G1 F300 Z17.700
G0 F3900 X106.278 Y106.315
G1 F300 Z17.500
G1 F1500 E2779.0980
G1 F2100 X106.278 Y143.684 E2780.6516
G1 X143.721 Y143.684 E2782.2083
G1 X143.721 Y106.315 E2783.7619
G1 X106.278 Y106.315 E2785.3186
G0 F3900 X105.468 Y105.508
;TYPE:WALL-INNER
;WIDTH:0.400
;FLOW:90.0
G1 F2400 X144.532 Y105.508 E2786.7803
G1 X144.532 Y144.492 E2788.2390
G1 X105.468 Y144.492 E2789.7007
G1 X105.468 Y105.508 E2791.1593
G0 F3900 X105.878 Y105.915
G1 F2400 X105.878 Y144.084 E2792.5875
G1 X144.121 Y144.084 E2794.0185
G1 X144.121 Y105.915 E2795.4467
G1 X105.878 Y105.915 E2796.8777
;PRINTING_TIME: 1874
;REMAINING_TIME: 1613
;LAYER:70
;Z:17.750
;HEIGHT:0.250
;FLOW:100.0
;PRINTING: Flow_Calibration_Cube_0.4_mm.stl
;PRINTING_ID: 0
G1 F2400 E2793.8777
G1 F300 Z17.950
G0 F3900 X105.068 Y105.108
G0 F300 Z17.750
;TYPE:WALL-OUTER
;WIDTH:0.400
G1 F300 Z17.750
G1 F1500 E2796.8777
G1 F2100 X144.932 Y105.108 E2798.5350
G1 X144.932 Y144.892 E2800.1890
G1 X105.068 Y144.892 E2801.8464
G1 X105.068 Y105.108 E2803.5004
G1 F2400 E2800.5004
G1 F300 Z17.950
G0 F3900 X106.278 Y106.315
G1 F300 Z17.750
G1 F1500 E2803.5004
G1 F2100 X106.278 Y143.684 E2805.0540
G1 X143.721 Y143.684 E2806.6107
G1 X143.721 Y106.315 E2808.1644
G1 X106.278 Y106.315 E2809.7211
G0 F3900 X105.468 Y105.508
;TYPE:WALL-INNER
;WIDTH:0.400
;FLOW:90.0
G1 F2400 X144.532 Y105.508 E2811.1827
G1 X144.532 Y144.492 E2812.6414
G1 X105.468 Y144.492 E2814.1031
G1 X105.468 Y105.508 E2815.5618
G0 F3900 X105.878 Y105.915
G1 F2400 X105.878 Y144.084 E2816.9900
G1 X144.121 Y144.084 E2818.4210
G1 X144.121 Y105.915 E2819.8492
G1 X105.878 Y105.915 E2821.2801
;PRINTING_TIME: 1892
;REMAINING_TIME: 1595
;LAYER:71
;Z:18.000
;HEIGHT:0.250
;FLOW:100.0
;PRINTING: Flow_Calibration_Cube_0.4_mm.stl
;PRINTING_ID: 0
G1 F2400 E2818.2801
G1 F300 Z18.200
G0 F3900 X105.068 Y105.108
G0 F300 Z18.000
;TYPE:WALL-OUTER
;WIDTH:0.400
G1 F300 Z18.000
G1 F1500 E2821.2801
G1 F2100 X144.932 Y105.108 E2822.9375
G1 X144.932 Y144.892 E2824.5915
G1 X105.068 Y144.892 E2826.2489
G1 X105.068 Y105.108 E2827.9029
G1 F2400 E2824.9029
G1 F300 Z18.200
G0 F3900 X106.278 Y106.315
G1 F300 Z18.000
G1 F1500 E2827.9029
G1 F2100 X106.278 Y143.684 E2829.4565
G1 X143.721 Y143.684 E2831.0132
G1 X143.721 Y106.315 E2832.5668
G1 X106.278 Y106.315 E2834.1235
G0 F3900 X105.468 Y105.508
;TYPE:WALL-INNER
;WIDTH:0.400
;FLOW:90.0
G1 F2400 X144.532 Y105.508 E2835.5852
G1 X144.532 Y144.492 E2837.0439
G1 X105.468 Y144.492 E2838.5056
G1 X105.468 Y105.508 E2839.9643
G0 F3900 X105.878 Y105.915
G1 F2400 X105.878 Y144.084 E2841.3925
G1 X144.121 Y144.084 E2842.8234
G1 X144.121 Y105.915 E2844.2516
G1 X105.878 Y105.915 E2845.6826
;PRINTING_TIME: 1910
;REMAINING_TIME: 1577
;LAYER:72
;Z:18.250
;HEIGHT:0.250
;FLOW:100.0
;PRINTING: Flow_Calibration_Cube_0.4_mm.stl
;PRINTING_ID: 0
G1 F2400 E2842.6826
G1 F300 Z18.450
G0 F3900 X105.068 Y105.108
G0 F300 Z18.250
;TYPE:WALL-OUTER
;WIDTH:0.400
G1 F300 Z18.250
G1 F1500 E2845.6826
G1 F2100 X144.932 Y105.108 E2847.3399
G1 X144.932 Y144.892 E2848.9940
G1 X105.068 Y144.892 E2850.6513
G1 X105.068 Y105.108 E2852.3053
G1 F2400 E2849.3053
G1 F300 Z18.450
G0 F3900 X106.278 Y106.315
G1 F300 Z18.250
G1 F1500 E2852.3053
G1 F2100 X106.278 Y143.684 E2853.8590
G1 X143.721 Y143.684 E2855.4157
G1 X143.721 Y106.315 E2856.9693
G1 X106.278 Y106.315 E2858.5260
G0 F3900 X105.468 Y105.508
;TYPE:WALL-INNER
;WIDTH:0.400
;FLOW:90.0
G1 F2400 X144.532 Y105.508 E2859.9877
G1 X144.532 Y144.492 E2861.4464
G1 X105.468 Y144.492 E2862.9080
G1 X105.468 Y105.508 E2864.3667
G0 F3900 X105.878 Y105.915
G1 F2400 X105.878 Y144.084 E2865.7949
G1 X144.121 Y144.084 E2867.2259
G1 X144.121 Y105.915 E2868.6541
G1 X105.878 Y105.915 E2870.0851
;PRINTING_TIME: 1928
;REMAINING_TIME: 1560
;LAYER:73
;Z:18.500
;HEIGHT:0.250
;FLOW:100.0
;PRINTING: Flow_Calibration_Cube_0.4_mm.stl
;PRINTING_ID: 0
G1 F2400 E2867.0851
G1 F300 Z18.700
G0 F3900 X105.068 Y105.108
G0 F300 Z18.500
;TYPE:WALL-OUTER
;WIDTH:0.400
G1 F300 Z18.500
G1 F1500 E2870.0851
G1 F2100 X144.932 Y105.108 E2871.7424
G1 X144.932 Y144.892 E2873.3964
G1 X105.068 Y144.892 E2875.0538
G1 X105.068 Y105.108 E2876.7078
G1 F2400 E2873.7078
G1 F300 Z18.700
G0 F3900 X106.278 Y106.315
G1 F300 Z18.500
G1 F1500 E2876.7078
G1 F2100 X106.278 Y143.684 E2878.2614
G1 X143.721 Y143.684 E2879.8181
G1 X143.721 Y106.315 E2881.3718
G1 X106.278 Y106.315 E2882.9285
G0 F3900 X105.468 Y105.508
;TYPE:WALL-INNER
;WIDTH:0.400
;FLOW:90.0
G1 F2400 X144.532 Y105.508 E2884.3901
G1 X144.532 Y144.492 E2885.8488
G1 X105.468 Y144.492 E2887.3105
G1 X105.468 Y105.508 E2888.7692
G0 F3900 X105.878 Y105.915
G1 F2400 X105.878 Y144.084 E2890.1974
G1 X144.121 Y144.084 E2891.6284
G1 X144.121 Y105.915 E2893.0565
G1 X105.878 Y105.915 E2894.4875
;PRINTING_TIME: 1946
;REMAINING_TIME: 1542
;LAYER:74
;Z:18.750
;HEIGHT:0.250
;FLOW:100.0
;PRINTING: Flow_Calibration_Cube_0.4_mm.stl
;PRINTING_ID: 0
G1 F2400 E2891.4875
G1 F300 Z18.950
G0 F3900 X105.068 Y105.108
G0 F300 Z18.750
;TYPE:WALL-OUTER
;WIDTH:0.400
G1 F300 Z18.750
G1 F1500 E2894.4875
G1 F2100 X144.932 Y105.108 E2896.1449
G1 X144.932 Y144.892 E2897.7989
G1 X105.068 Y144.892 E2899.4562
G1 X105.068 Y105.108 E2901.1103
G1 F2400 E2898.1103
G1 F300 Z18.950
G0 F3900 X106.278 Y106.315
G1 F300 Z18.750
G1 F1500 E2901.1103
G1 F2100 X106.278 Y143.684 E2902.6639
G1 X143.721 Y143.684 E2904.2206
G1 X143.721 Y106.315 E2905.7742
G1 X106.278 Y106.315 E2907.3309
G0 F3900 X105.468 Y105.508
;TYPE:WALL-INNER
;WIDTH:0.400
;FLOW:90.0
G1 F2400 X144.532 Y105.508 E2908.7926
G1 X144.532 Y144.492 E2910.2513
G1 X105.468 Y144.492 E2911.7130
G1 X105.468 Y105.508 E2913.1717
G0 F3900 X105.878 Y105.915
G1 F2400 X105.878 Y144.084 E2914.5999
G1 X144.121 Y144.084 E2916.0308
G1 X144.121 Y105.915 E2917.4590
G1 X105.878 Y105.915 E2918.8900
;PRINTING_TIME: 1964
;REMAINING_TIME: 1524
;LAYER:75
;Z:19.000
;HEIGHT:0.250
;FLOW:100.0
;PRINTING: Flow_Calibration_Cube_0.4_mm.stl
;PRINTING_ID: 0
G1 F2400 E2915.8900
G1 F300 Z19.200
G0 F3900 X105.068 Y105.108
G0 F300 Z19.000
;TYPE:WALL-OUTER
;WIDTH:0.400
G1 F300 Z19.000
G1 F1500 E2918.8900
G1 F2100 X144.932 Y105.108 E2920.5473
G1 X144.932 Y144.892 E2922.2014
G1 X105.068 Y144.892 E2923.8587
G1 X105.068 Y105.108 E2925.5127
G1 F2400 E2922.5127
G1 F300 Z19.200
G0 F3900 X106.278 Y106.315
G1 F300 Z19.000
G1 F1500 E2925.5127
G1 F2100 X106.278 Y143.684 E2927.0664
G1 X143.721 Y143.684 E2928.6231
G1 X143.721 Y106.315 E2930.1767
G1 X106.278 Y106.315 E2931.7334
G0 F3900 X105.468 Y105.508
;TYPE:WALL-INNER
;WIDTH:0.400
;FLOW:90.0
G1 F2400 X144.532 Y105.508 E2933.1951
G1 X144.532 Y144.492 E2934.6537
G1 X105.468 Y144.492 E2936.1154
G1 X105.468 Y105.508 E2937.5741
G0 F3900 X105.878 Y105.915
G1 F2400 X105.878 Y144.084 E2939.0023
G1 X144.121 Y144.084 E2940.4333
G1 X144.121 Y105.915 E2941.8615
G1 X105.878 Y105.915 E2943.2924
;PRINTING_TIME: 1981
;REMAINING_TIME: 1506
;LAYER:76
;Z:19.250
;HEIGHT:0.250
;FLOW:100.0
;PRINTING: Flow_Calibration_Cube_0.4_mm.stl
;PRINTING_ID: 0
G1 F2400 E2940.2924
G1 F300 Z19.450
G0 F3900 X105.068 Y105.108
G0 F300 Z19.250
;TYPE:WALL-OUTER
;WIDTH:0.400
G1 F300 Z19.250
G1 F1500 E2943.2924
G1 F2100 X144.932 Y105.108 E2944.9498
G1 X144.932 Y144.892 E2946.6038
G1 X105.068 Y144.892 E2948.2612
G1 X105.068 Y105.108 E2949.9152
G1 F2400 E2946.9152
G1 F300 Z19.450
G0 F3900 X106.278 Y106.315
G1 F300 Z19.250
G1 F1500 E2949.9152
G1 F2100 X106.278 Y143.684 E2951.4688
G1 X143.721 Y143.684 E2953.0255
G1 X143.721 Y106.315 E2954.5791
G1 X106.278 Y106.315 E2956.1358
G0 F3900 X105.468 Y105.508
;TYPE:WALL-INNER
;WIDTH:0.400
;FLOW:90.0
G1 F2400 X144.532 Y105.508 E2957.5975
G1 X144.532 Y144.492 E2959.0562
G1 X105.468 Y144.492 E2960.5179
G1 X105.468 Y105.508 E2961.9766
G0 F3900 X105.878 Y105.915
G1 F2400 X105.878 Y144.084 E2963.4048
G1 X144.121 Y144.084 E2964.8357
G1 X144.121 Y105.915 E2966.2639
G1 X105.878 Y105.915 E2967.6949
;PRINTING_TIME: 1999
;REMAINING_TIME: 1488
;LAYER:77
;Z:19.500
;HEIGHT:0.250
;FLOW:100.0
;PRINTING: Flow_Calibration_Cube_0.4_mm.stl
;PRINTING_ID: 0
G1 F2400 E2964.6949
G1 F300 Z19.700
G0 F3900 X105.068 Y105.108
G0 F300 Z19.500
;TYPE:WALL-OUTER
;WIDTH:0.400
G1 F300 Z19.500
G1 F1500 E2967.6949
G1 F2100 X144.932 Y105.108 E2969.3523
G1 X144.932 Y144.892 E2971.0063
G1 X105.068 Y144.892 E2972.6636
G1 X105.068 Y105.108 E2974.3177
G1 F2400 E2971.3177
G1 F300 Z19.700
G0 F3900 X106.278 Y106.315
G1 F300 Z19.500
G1 F1500 E2974.3177
G1 F2100 X106.278 Y143.684 E2975.8713
G1 X143.721 Y143.684 E2977.4280
G1 X143.721 Y106.315 E2978.9816
G1 X106.278 Y106.315 E2980.5383
G0 F3900 X105.468 Y105.508
;TYPE:WALL-INNER
;WIDTH:0.400
;FLOW:90.0
G1 F2400 X144.532 Y105.508 E2982.0000
G1 X144.532 Y144.492 E2983.4587
G1 X105.468 Y144.492 E2984.9204
G1 X105.468 Y105.508 E2986.3790
G0 F3900 X105.878 Y105.915
G1 F2400 X105.878 Y144.084 E2987.8072
G1 X144.121 Y144.084 E2989.2382
G1 X144.121 Y105.915 E2990.6664
G1 X105.878 Y105.915 E2992.0974
;PRINTING_TIME: 2017
;REMAINING_TIME: 1470
;LAYER:78
;Z:19.750
;HEIGHT:0.250
;FLOW:100.0
;PRINTING: Flow_Calibration_Cube_0.4_mm.stl
;PRINTING_ID: 0
G1 F2400 E2989.0974
G1 F300 Z19.950
G0 F3900 X105.068 Y105.108
G0 F300 Z19.750
;TYPE:WALL-OUTER
;WIDTH:0.400
G1 F300 Z19.750
G1 F1500 E2992.0974
G1 F2100 X144.932 Y105.108 E2993.7547
G1 X144.932 Y144.892 E2995.4087
G1 X105.068 Y144.892 E2997.0661
G1 X105.068 Y105.108 E2998.7201
G1 F2400 E2995.7201
G1 F300 Z19.950
G0 F3900 X106.278 Y106.315
G1 F300 Z19.750
G1 F1500 E2998.7201
G1 F2100 X106.278 Y143.684 E3000.2737
G1 X143.721 Y143.684 E3001.8304
G1 X143.721 Y106.315 E3003.3841
G1 X106.278 Y106.315 E3004.9408
G0 F3900 X105.468 Y105.508
;TYPE:WALL-INNER
;WIDTH:0.400
;FLOW:90.0
G1 F2400 X144.532 Y105.508 E3006.4024
G1 X144.532 Y144.492 E3007.8611
G1 X105.468 Y144.492 E3009.3228
G1 X105.468 Y105.508 E3010.7815
G0 F3900 X105.878 Y105.915
G1 F2400 X105.878 Y144.084 E3012.2097
G1 X144.121 Y144.084 E3013.6407
G1 X144.121 Y105.915 E3015.0689
G1 X105.878 Y105.915 E3016.4998
;PRINTING_TIME: 2035
;REMAINING_TIME: 1452
;LAYER:79
;Z:20.000
;HEIGHT:0.250
;FLOW:100.0
;PRINTING: Flow_Calibration_Cube_0.4_mm.stl
;PRINTING_ID: 0
G1 F2400 E3013.4998
G1 F300 Z20.200
G0 F3900 X105.068 Y105.108
G0 F300 Z20.000
;TYPE:WALL-OUTER
;WIDTH:0.400
G1 F300 Z20.000
G1 F1500 E3016.4998
G1 F2100 X144.932 Y105.108 E3018.1572
G1 X144.932 Y144.892 E3019.8112
G1 X105.068 Y144.892 E3021.4686
G1 X105.068 Y105.108 E3023.1226
G1 F2400 E3020.1226
G1 F300 Z20.200
G0 F3900 X106.278 Y106.315
G1 F300 Z20.000
G1 F1500 E3023.1226
G1 F2100 X106.278 Y143.684 E3024.6762
G1 X143.721 Y143.684 E3026.2329
G1 X143.721 Y106.315 E3027.7865
G1 X106.278 Y106.315 E3029.3432
G0 F3900 X105.468 Y105.508
;TYPE:WALL-INNER
;WIDTH:0.400
;FLOW:90.0
G1 F2400 X144.532 Y105.508 E3030.8049
G1 X144.532 Y144.492 E3032.2636
G1 X105.468 Y144.492 E3033.7253
G1 X105.468 Y105.508 E3035.1840
G0 F3900 X105.878 Y105.915
G1 F2400 X105.878 Y144.084 E3036.6122
G1 X144.121 Y144.084 E3038.0431
G1 X144.121 Y105.915 E3039.4713
G1 X105.878 Y105.915 E3040.9023
;PRINTING_TIME: 2053
;REMAINING_TIME: 1434
;LAYER:80
;Z:20.250
;HEIGHT:0.250
;FLOW:100.0
;PRINTING: Flow_Calibration_Cube_0.4_mm.stl
;PRINTING_ID: 0
G1 F2400 E3037.9023
G1 F300 Z20.450
G0 F3900 X105.068 Y105.108
G0 F300 Z20.250
;TYPE:WALL-OUTER
;WIDTH:0.400
G1 F300 Z20.250
G1 F1500 E3040.9023
G1 F2100 X144.932 Y105.108 E3042.5596
G1 X144.932 Y144.892 E3044.2137
G1 X105.068 Y144.892 E3045.8710
G1 X105.068 Y105.108 E3047.5250
G1 F2400 E3044.5250
G1 F300 Z20.450
G0 F3900 X106.278 Y106.315
G1 F300 Z20.250
G1 F1500 E3047.5250
G1 F2100 X106.278 Y143.684 E3049.0787
G1 X143.721 Y143.684 E3050.6354
G1 X143.721 Y106.315 E3052.1890
G1 X106.278 Y106.315 E3053.7457
G0 F3900 X105.468 Y105.508
;TYPE:WALL-INNER
;WIDTH:0.400
;FLOW:90.0
G1 F2400 X144.532 Y105.508 E3055.2074
G1 X144.532 Y144.492 E3056.6661
G1 X105.468 Y144.492 E3058.1277
G1 X105.468 Y105.508 E3059.5864
G0 F3900 X105.878 Y105.915
G1 F2400 X105.878 Y144.084 E3061.0146
G1 X144.121 Y144.084 E3062.4456
G1 X144.121 Y105.915 E3063.8738
G1 X105.878 Y105.915 E3065.3047
;PRINTING_TIME: 2071
;REMAINING_TIME: 1416
;LAYER:81
;Z:20.500
;HEIGHT:0.250
;FLOW:100.0
;PRINTING: Flow_Calibration_Cube_0.4_mm.stl
;PRINTING_ID: 0
G1 F2400 E3062.3047
G1 F300 Z20.700
G0 F3900 X105.068 Y105.108
G0 F300 Z20.500
;TYPE:WALL-OUTER
;WIDTH:0.400
G1 F300 Z20.500
G1 F1500 E3065.3047
G1 F2100 X144.932 Y105.108 E3066.9621
G1 X144.932 Y144.892 E3068.6161
G1 X105.068 Y144.892 E3070.2735
G1 X105.068 Y105.108 E3071.9275
G1 F2400 E3068.9275
G1 F300 Z20.700
G0 F3900 X106.278 Y106.315
G1 F300 Z20.500
G1 F1500 E3071.9275
G1 F2100 X106.278 Y143.684 E3073.4811
G1 X143.721 Y143.684 E3075.0378
G1 X143.721 Y106.315 E3076.5915
G1 X106.278 Y106.315 E3078.1481
G0 F3900 X105.468 Y105.508
;TYPE:WALL-INNER
;WIDTH:0.400
;FLOW:90.0
G1 F2400 X144.532 Y105.508 E3079.6098
G1 X144.532 Y144.492 E3081.0685
G1 X105.468 Y144.492 E3082.5302
G1 X105.468 Y105.508 E3083.9889
G0 F3900 X105.878 Y105.915
G1 F2400 X105.878 Y144.084 E3085.4171
G1 X144.121 Y144.084 E3086.8481
G1 X144.121 Y105.915 E3088.2762
G1 X105.878 Y105.915 E3089.7072
;PRINTING_TIME: 2089
;REMAINING_TIME: 1398
;LAYER:82
;Z:20.750
;HEIGHT:0.250
;FLOW:100.0
;PRINTING: Flow_Calibration_Cube_0.4_mm.stl
;PRINTING_ID: 0
G1 F2400 E3086.7072
G1 F300 Z20.950
G0 F3900 X105.068 Y105.108
G0 F300 Z20.750
;TYPE:WALL-OUTER
;WIDTH:0.400
G1 F300 Z20.750
G1 F1500 E3089.7072
G1 F2100 X144.932 Y105.108 E3091.3646
G1 X144.932 Y144.892 E3093.0186
G1 X105.068 Y144.892 E3094.6759
G1 X105.068 Y105.108 E3096.3300
G1 F2400 E3093.3300
G1 F300 Z20.950
G0 F3900 X106.278 Y106.315
G1 F300 Z20.750
G1 F1500 E3096.3300
G1 F2100 X106.278 Y143.684 E3097.8836
G1 X143.721 Y143.684 E3099.4403
G1 X143.721 Y106.315 E3100.9939
G1 X106.278 Y106.315 E3102.5506
G0 F3900 X105.468 Y105.508
;TYPE:WALL-INNER
;WIDTH:0.400
;FLOW:90.0
G1 F2400 X144.532 Y105.508 E3104.0123
G1 X144.532 Y144.492 E3105.4710
G1 X105.468 Y144.492 E3106.9327
G1 X105.468 Y105.508 E3108.3914
G0 F3900 X105.878 Y105.915
G1 F2400 X105.878 Y144.084 E3109.8196
G1 X144.121 Y144.084 E3111.2505
G1 X144.121 Y105.915 E3112.6787
G1 X105.878 Y105.915 E3114.1097
;PRINTING_TIME: 2107
;REMAINING_TIME: 1380
;LAYER:83
;Z:21.000
;HEIGHT:0.250
;FLOW:100.0
;PRINTING: Flow_Calibration_Cube_0.4_mm.stl
;PRINTING_ID: 0
G1 F2400 E3111.1097
G1 F300 Z21.200
G0 F3900 X105.068 Y105.108
G0 F300 Z21.000
;TYPE:WALL-OUTER
;WIDTH:0.400
G1 F300 Z21.000
G1 F1500 E3114.1097
G1 F2100 X144.932 Y105.108 E3115.7670
G1 X144.932 Y144.892 E3117.4211
G1 X105.068 Y144.892 E3119.0784
G1 X105.068 Y105.108 E3120.7324
G1 F2400 E3117.7324
G1 F300 Z21.200
G0 F3900 X106.278 Y106.315
G1 F300 Z21.000
G1 F1500 E3120.7324
G1 F2100 X106.278 Y143.684 E3122.2861
G1 X143.721 Y143.684 E3123.8428
G1 X143.721 Y106.315 E3125.3964
G1 X106.278 Y106.315 E3126.9531
G0 F3900 X105.468 Y105.508
;TYPE:WALL-INNER
;WIDTH:0.400
;FLOW:90.0
G1 F2400 X144.532 Y105.508 E3128.4148
G1 X144.532 Y144.492 E3129.8734
G1 X105.468 Y144.492 E3131.3351
G1 X105.468 Y105.508 E3132.7938
G0 F3900 X105.878 Y105.915
G1 F2400 X105.878 Y144.084 E3134.2220
G1 X144.121 Y144.084 E3135.6530
G1 X144.121 Y105.915 E3137.0812
G1 X105.878 Y105.915 E3138.5121
;PRINTING_TIME: 2125
;REMAINING_TIME: 1362
;LAYER:84
;Z:21.250
;HEIGHT:0.250
;FLOW:100.0
;PRINTING: Flow_Calibration_Cube_0.4_mm.stl
;PRINTING_ID: 0
G1 F2400 E3135.5121
G1 F300 Z21.450
G0 F3900 X105.068 Y105.108
G0 F300 Z21.250
;TYPE:WALL-OUTER
;WIDTH:0.400
G1 F300 Z21.250
G1 F1500 E3138.5121
G1 F2100 X144.932 Y105.108 E3140.1695
G1 X144.932 Y144.892 E3141.8235
G1 X105.068 Y144.892 E3143.4809
G1 X105.068 Y105.108 E3145.1349
G1 F2400 E3142.1349
G1 F300 Z21.450
G0 F3900 X106.278 Y106.315
G1 F300 Z21.250
G1 F1500 E3145.1349
G1 F2100 X106.278 Y143.684 E3146.6885
G1 X143.721 Y143.684 E3148.2452
G1 X143.721 Y106.315 E3149.7988
G1 X106.278 Y106.315 E3151.3555
G0 F3900 X105.468 Y105.508
;TYPE:WALL-INNER
;WIDTH:0.400
;FLOW:90.0
G1 F2400 X144.532 Y105.508 E3152.8172
G1 X144.532 Y144.492 E3154.2759
G1 X105.468 Y144.492 E3155.7376
G1 X105.468 Y105.508 E3157.1963
G0 F3900 X105.878 Y105.915
G1 F2400 X105.878 Y144.084 E3158.6245
G1 X144.121 Y144.084 E3160.0554
G1 X144.121 Y105.915 E3161.4836
G1 X105.878 Y105.915 E3162.9146
;PRINTING_TIME: 2143
;REMAINING_TIME: 1344
;LAYER:85
;Z:21.500
;HEIGHT:0.250
;FLOW:100.0
;PRINTING: Flow_Calibration_Cube_0.4_mm.stl
;PRINTING_ID: 0
G1 F2400 E3159.9146
G1 F300 Z21.700
G0 F3900 X105.068 Y105.108
G0 F300 Z21.500
;TYPE:WALL-OUTER
;WIDTH:0.400
G1 F300 Z21.500
G1 F1500 E3162.9146
G1 F2100 X144.932 Y105.108 E3164.5719
G1 X144.932 Y144.892 E3166.2260
G1 X105.068 Y144.892 E3167.8833
G1 X105.068 Y105.108 E3169.5374
G1 F2400 E3166.5374
G1 F300 Z21.700
G0 F3900 X106.278 Y106.315
G1 F300 Z21.500
G1 F1500 E3169.5374
G1 F2100 X106.278 Y143.684 E3171.0910
G1 X143.721 Y143.684 E3172.6477
G1 X143.721 Y106.315 E3174.2013
G1 X106.278 Y106.315 E3175.7580
G0 F3900 X105.468 Y105.508
;TYPE:WALL-INNER
;WIDTH:0.400
;FLOW:90.0
G1 F2400 X144.532 Y105.508 E3177.2197
G1 X144.532 Y144.492 E3178.6784
G1 X105.468 Y144.492 E3180.1401
G1 X105.468 Y105.508 E3181.5987
G0 F3900 X105.878 Y105.915
G1 F2400 X105.878 Y144.084 E3183.0269
G1 X144.121 Y144.084 E3184.4579
G1 X144.121 Y105.915 E3185.8861
G1 X105.878 Y105.915 E3187.3171
;PRINTING_TIME: 2161
;REMAINING_TIME: 1327
;LAYER:86
;Z:21.750
;HEIGHT:0.250
;FLOW:100.0
;PRINTING: Flow_Calibration_Cube_0.4_mm.stl
;PRINTING_ID: 0
G1 F2400 E3184.3171
G1 F300 Z21.950
G0 F3900 X105.068 Y105.108
G0 F300 Z21.750
;TYPE:WALL-OUTER
;WIDTH:0.400
G1 F300 Z21.750
G1 F1500 E3187.3171
G1 F2100 X144.932 Y105.108 E3188.9744
G1 X144.932 Y144.892 E3190.6284
G1 X105.068 Y144.892 E3192.2858
G1 X105.068 Y105.108 E3193.9398
G1 F2400 E3190.9398
G1 F300 Z21.950
G0 F3900 X106.278 Y106.315
G1 F300 Z21.750
G1 F1500 E3193.9398
G1 F2100 X106.278 Y143.684 E3195.4934
G1 X143.721 Y143.684 E3197.0501
G1 X143.721 Y106.315 E3198.6038
G1 X106.278 Y106.315 E3200.1605
G0 F3900 X105.468 Y105.508
;TYPE:WALL-INNER
;WIDTH:0.400
;FLOW:90.0
G1 F2400 X144.532 Y105.508 E3201.6221
G1 X144.532 Y144.492 E3203.0808
G1 X105.468 Y144.492 E3204.5425
G1 X105.468 Y105.508 E3206.0012
G0 F3900 X105.878 Y105.915
G1 F2400 X105.878 Y144.084 E3207.4294
G1 X144.121 Y144.084 E3208.8604
G1 X144.121 Y105.915 E3210.2886
G1 X105.878 Y105.915 E3211.7195
;PRINTING_TIME: 2179
;REMAINING_TIME: 1309
;LAYER:87
;Z:22.000
;HEIGHT:0.250
;FLOW:100.0
;PRINTING: Flow_Calibration_Cube_0.4_mm.stl
;PRINTING_ID: 0
G1 F2400 E3208.7195
G1 F300 Z22.200
G0 F3900 X105.068 Y105.108
G0 F300 Z22.000
;TYPE:WALL-OUTER
;WIDTH:0.400
G1 F300 Z22.000
G1 F1500 E3211.7195
G1 F2100 X144.932 Y105.108 E3213.3769
G1 X144.932 Y144.892 E3215.0309
G1 X105.068 Y144.892 E3216.6883
G1 X105.068 Y105.108 E3218.3423
G1 F2400 E3215.3423
G1 F300 Z22.200
G0 F3900 X106.278 Y106.315
G1 F300 Z22.000
G1 F1500 E3218.3423
G1 F2100 X106.278 Y143.684 E3219.8959
G1 X143.721 Y143.684 E3221.4526
G1 X143.721 Y106.315 E3223.0062
G1 X106.278 Y106.315 E3224.5629
G0 F3900 X105.468 Y105.508
;TYPE:WALL-INNER
;WIDTH:0.400
;FLOW:90.0
G1 F2400 X144.532 Y105.508 E3226.0246
G1 X144.532 Y144.492 E3227.4833
G1 X105.468 Y144.492 E3228.9450
G1 X105.468 Y105.508 E3230.4037
G0 F3900 X105.878 Y105.915
G1 F2400 X105.878 Y144.084 E3231.8319
G1 X144.121 Y144.084 E3233.2628
G1 X144.121 Y105.915 E3234.6910
G1 X105.878 Y105.915 E3236.1220
;PRINTING_TIME: 2197
;REMAINING_TIME: 1291
;LAYER:88
;Z:22.250
;HEIGHT:0.250
;FLOW:100.0
;PRINTING: Flow_Calibration_Cube_0.4_mm.stl
;PRINTING_ID: 0
G1 F2400 E3233.1220
G1 F300 Z22.450
G0 F3900 X105.068 Y105.108
G0 F300 Z22.250
;TYPE:WALL-OUTER
;WIDTH:0.400
G1 F300 Z22.250
G1 F1500 E3236.1220
G1 F2100 X144.932 Y105.108 E3237.7793
G1 X144.932 Y144.892 E3239.4334
G1 X105.068 Y144.892 E3241.0907
G1 X105.068 Y105.108 E3242.7447
G1 F2400 E3239.7447
G1 F300 Z22.450
G0 F3900 X106.278 Y106.315
G1 F300 Z22.250
G1 F1500 E3242.7447
G1 F2100 X106.278 Y143.684 E3244.2984
G1 X143.721 Y143.684 E3245.8551
G1 X143.721 Y106.315 E3247.4087
G1 X106.278 Y106.315 E3248.9654
G0 F3900 X105.468 Y105.508
;TYPE:WALL-INNER
;WIDTH:0.400
;FLOW:90.0
G1 F2400 X144.532 Y105.508 E3250.4271
G1 X144.532 Y144.492 E3251.8858
G1 X105.468 Y144.492 E3253.3474
G1 X105.468 Y105.508 E3254.8061
G0 F3900 X105.878 Y105.915
G1 F2400 X105.878 Y144.084 E3256.2343
G1 X144.121 Y144.084 E3257.6653
G1 X144.121 Y105.915 E3259.0935
G1 X105.878 Y105.915 E3260.5244
;PRINTING_TIME: 2215
;REMAINING_TIME: 1273
;LAYER:89
;Z:22.500
;HEIGHT:0.250
;FLOW:100.0
;PRINTING: Flow_Calibration_Cube_0.4_mm.stl
;PRINTING_ID: 0
G1 F2400 E3257.5244
G1 F300 Z22.700
G0 F3900 X105.068 Y105.108
G0 F300 Z22.500
;TYPE:WALL-OUTER
;WIDTH:0.400
G1 F300 Z22.500
G1 F1500 E3260.5244
G1 F2100 X144.932 Y105.108 E3262.1818
G1 X144.932 Y144.892 E3263.8358
G1 X105.068 Y144.892 E3265.4932
G1 X105.068 Y105.108 E3267.1472
G1 F2400 E3264.1472
G1 F300 Z22.700
G0 F3900 X106.278 Y106.315
G1 F300 Z22.500
G1 F1500 E3267.1472
G1 F2100 X106.278 Y143.684 E3268.7008
G1 X143.721 Y143.684 E3270.2575
G1 X143.721 Y106.315 E3271.8111
G1 X106.278 Y106.315 E3273.3678
G0 F3900 X105.468 Y105.508
;TYPE:WALL-INNER
;WIDTH:0.400
;FLOW:90.0
G1 F2400 X144.532 Y105.508 E3274.8295
G1 X144.532 Y144.492 E3276.2882
G1 X105.468 Y144.492 E3277.7499
G1 X105.468 Y105.508 E3279.2086
G0 F3900 X105.878 Y105.915
G1 F2400 X105.878 Y144.084 E3280.6368
G1 X144.121 Y144.084 E3282.0678
G1 X144.121 Y105.915 E3283.4959
G1 X105.878 Y105.915 E3284.9269
;PRINTING_TIME: 2232
;REMAINING_TIME: 1255
;LAYER:90
;Z:22.750
;HEIGHT:0.250
;FLOW:100.0
;PRINTING: Flow_Calibration_Cube_0.4_mm.stl
;PRINTING_ID: 0
G1 F2400 E3281.9269
G1 F300 Z22.950
G0 F3900 X105.068 Y105.108
G0 F300 Z22.750
;TYPE:WALL-OUTER
;WIDTH:0.400
G1 F300 Z22.750
G1 F1500 E3284.9269
G1 F2100 X144.932 Y105.108 E3286.5843
G1 X144.932 Y144.892 E3288.2383
G1 X105.068 Y144.892 E3289.8956
G1 X105.068 Y105.108 E3291.5497
G1 F2400 E3288.5497
G1 F300 Z22.950
G0 F3900 X106.278 Y106.315
G1 F300 Z22.750
G1 F1500 E3291.5497
G1 F2100 X106.278 Y143.684 E3293.1033
G1 X143.721 Y143.684 E3294.6600
G1 X143.721 Y106.315 E3296.2136
G1 X106.278 Y106.315 E3297.7703
G0 F3900 X105.468 Y105.508
;TYPE:WALL-INNER
;WIDTH:0.400
;FLOW:90.0
G1 F2400 X144.532 Y105.508 E3299.2320
G1 X144.532 Y144.492 E3300.6907
G1 X105.468 Y144.492 E3302.1524
G1 X105.468 Y105.508 E3303.6111
G0 F3900 X105.878 Y105.915
G1 F2400 X105.878 Y144.084 E3305.0392
G1 X144.121 Y144.084 E3306.4702
G1 X144.121 Y105.915 E3307.8984
G1 X105.878 Y105.915 E3309.3294
;PRINTING_TIME: 2250
;REMAINING_TIME: 1237
;LAYER:91
;Z:23.000
;HEIGHT:0.250
;FLOW:100.0
;PRINTING: Flow_Calibration_Cube_0.4_mm.stl
;PRINTING_ID: 0
G1 F2400 E3306.3294
G1 F300 Z23.200
G0 F3900 X105.068 Y105.108
G0 F300 Z23.000
;TYPE:WALL-OUTER
;WIDTH:0.400
G1 F300 Z23.000
G1 F1500 E3309.3294
G1 F2100 X144.932 Y105.108 E3310.9867
G1 X144.932 Y144.892 E3312.6407
G1 X105.068 Y144.892 E3314.2981
G1 X105.068 Y105.108 E3315.9521
G1 F2400 E3312.9521
G1 F300 Z23.200
G0 F3900 X106.278 Y106.315
G1 F300 Z23.000
G1 F1500 E3315.9521
G1 F2100 X106.278 Y143.684 E3317.5058
G1 X143.721 Y143.684 E3319.0624
G1 X143.721 Y106.315 E3320.6161
G1 X106.278 Y106.315 E3322.1728
G0 F3900 X105.468 Y105.508
;TYPE:WALL-INNER
;WIDTH:0.400
;FLOW:90.0
G1 F2400 X144.532 Y105.508 E3323.6345
G1 X144.532 Y144.492 E3325.0931
G1 X105.468 Y144.492 E3326.5548
G1 X105.468 Y105.508 E3328.0135
G0 F3900 X105.878 Y105.915
G1 F2400 X105.878 Y144.084 E3329.4417
G1 X144.121 Y144.084 E3330.8727
G1 X144.121 Y105.915 E3332.3009
G1 X105.878 Y105.915 E3333.7318
;PRINTING_TIME: 2268
;REMAINING_TIME: 1219
;LAYER:92
;Z:23.250
;HEIGHT:0.250
;FLOW:100.0
;PRINTING: Flow_Calibration_Cube_0.4_mm.stl
;PRINTING_ID: 0
G1 F2400 E3330.7318
G1 F300 Z23.450
G0 F3900 X105.068 Y105.108
G0 F300 Z23.250
;TYPE:WALL-OUTER
;WIDTH:0.400
G1 F300 Z23.250
G1 F1500 E3333.7318
G1 F2100 X144.932 Y105.108 E3335.3892
G1 X144.932 Y144.892 E3337.0432
G1 X105.068 Y144.892 E3338.7006
G1 X105.068 Y105.108 E3340.3546
G1 F2400 E3337.3546
G1 F300 Z23.450
G0 F3900 X106.278 Y106.315
G1 F300 Z23.250
G1 F1500 E3340.3546
G1 F2100 X106.278 Y143.684 E3341.9082
G1 X143.721 Y143.684 E3343.4649
G1 X143.721 Y106.315 E3345.0185
G1 X106.278 Y106.315 E3346.5752
G0 F3900 X105.468 Y105.508
;TYPE:WALL-INNER
;WIDTH:0.400
;FLOW:90.0
G1 F2400 X144.532 Y105.508 E3348.0369
G1 X144.532 Y144.492 E3349.4956
G1 X105.468 Y144.492 E3350.9573
G1 X105.468 Y105.508 E3352.4160
G0 F3900 X105.878 Y105.915
G1 F2400 X105.878 Y144.084 E3353.8442
G1 X144.121 Y144.084 E3355.2751
G1 X144.121 Y105.915 E3356.7033
G1 X105.878 Y105.915 E3358.1343
;PRINTING_TIME: 2286
;REMAINING_TIME: 1201
;LAYER:93
;Z:23.500
;HEIGHT:0.250
;FLOW:100.0
;PRINTING: Flow_Calibration_Cube_0.4_mm.stl
;PRINTING_ID: 0
G1 F2400 E3355.1343
G1 F300 Z23.700
G0 F3900 X105.068 Y105.108
G0 F300 Z23.500
;TYPE:WALL-OUTER
;WIDTH:0.400
G1 F300 Z23.500
G1 F1500 E3358.1343
G1 F2100 X144.932 Y105.108 E3359.7916
G1 X144.932 Y144.892 E3361.4457
G1 X105.068 Y144.892 E3363.1030
G1 X105.068 Y105.108 E3364.7571
G1 F2400 E3361.7571
G1 F300 Z23.700
G0 F3900 X106.278 Y106.315
G1 F300 Z23.500
G1 F1500 E3364.7571
G1 F2100 X106.278 Y143.684 E3366.3107
G1 X143.721 Y143.684 E3367.8674
G1 X143.721 Y106.315 E3369.4210
G1 X106.278 Y106.315 E3370.9777
G0 F3900 X105.468 Y105.508
;TYPE:WALL-INNER
;WIDTH:0.400
;FLOW:90.0
G1 F2400 X144.532 Y105.508 E3372.4394
G1 X144.532 Y144.492 E3373.8981
G1 X105.468 Y144.492 E3375.3598
G1 X105.468 Y105.508 E3376.8184
G0 F3900 X105.878 Y105.915
G1 F2400 X105.878 Y144.084 E3378.2466
G1 X144.121 Y144.084 E3379.6776
G1 X144.121 Y105.915 E3381.1058
G1 X105.878 Y105.915 E3382.5368
;PRINTING_TIME: 2304
;REMAINING_TIME: 1183
;LAYER:94
;Z:23.750
;HEIGHT:0.250
;FLOW:100.0
;PRINTING: Flow_Calibration_Cube_0.4_mm.stl
;PRINTING_ID: 0
G1 F2400 E3379.5368
G1 F300 Z23.950
G0 F3900 X105.068 Y105.108
G0 F300 Z23.750
;TYPE:WALL-OUTER
;WIDTH:0.400
G1 F300 Z23.750
G1 F1500 E3382.5368
G1 F2100 X144.932 Y105.108 E3384.1941
G1 X144.932 Y144.892 E3385.8481
G1 X105.068 Y144.892 E3387.5055
G1 X105.068 Y105.108 E3389.1595
G1 F2400 E3386.1595
G1 F300 Z23.950
G0 F3900 X106.278 Y106.315
G1 F300 Z23.750
G1 F1500 E3389.1595
G1 F2100 X106.278 Y143.684 E3390.7131
G1 X143.721 Y143.684 E3392.2698
G1 X143.721 Y106.315 E3393.8235
G1 X106.278 Y106.315 E3395.3802
G0 F3900 X105.468 Y105.508
;TYPE:WALL-INNER
;WIDTH:0.400
;FLOW:90.0
G1 F2400 X144.532 Y105.508 E3396.8418
G1 X144.532 Y144.492 E3398.3005
G1 X105.468 Y144.492 E3399.7622
G1 X105.468 Y105.508 E3401.2209
G0 F3900 X105.878 Y105.915
G1 F2400 X105.878 Y144.084 E3402.6491
G1 X144.121 Y144.084 E3404.0801
G1 X144.121 Y105.915 E3405.5083
G1 X105.878 Y105.915 E3406.9392
;PRINTING_TIME: 2322
;REMAINING_TIME: 1165
;LAYER:95
;Z:24.000
;HEIGHT:0.250
;FLOW:100.0
;PRINTING: Flow_Calibration_Cube_0.4_mm.stl
;PRINTING_ID: 0
G1 F2400 E3403.9392
G1 F300 Z24.200
G0 F3900 X105.068 Y105.108
G0 F300 Z24.000
;TYPE:WALL-OUTER
;WIDTH:0.400
G1 F300 Z24.000
G1 F1500 E3406.9392
G1 F2100 X144.932 Y105.108 E3408.5966
G1 X144.932 Y144.892 E3410.2506
G1 X105.068 Y144.892 E3411.9080
G1 X105.068 Y105.108 E3413.5620
G1 F2400 E3410.5620
G1 F300 Z24.200
G0 F3900 X106.278 Y106.315
G1 F300 Z24.000
G1 F1500 E3413.5620
G1 F2100 X106.278 Y143.684 E3415.1156
G1 X143.721 Y143.684 E3416.6723
G1 X143.721 Y106.315 E3418.2259
G1 X106.278 Y106.315 E3419.7826
G0 F3900 X105.468 Y105.508
;TYPE:WALL-INNER
;WIDTH:0.400
;FLOW:90.0
G1 F2400 X144.532 Y105.508 E3421.2443
G1 X144.532 Y144.492 E3422.7030
G1 X105.468 Y144.492 E3424.1647
G1 X105.468 Y105.508 E3425.6234
G0 F3900 X105.878 Y105.915
G1 F2400 X105.878 Y144.084 E3427.0516
G1 X144.121 Y144.084 E3428.4825
G1 X144.121 Y105.915 E3429.9107
G1 X105.878 Y105.915 E3431.3417
;PRINTING_TIME: 2340
;REMAINING_TIME: 1147
;LAYER:96
;Z:24.250
;HEIGHT:0.250
;FLOW:100.0
;PRINTING: Flow_Calibration_Cube_0.4_mm.stl
;PRINTING_ID: 0
G1 F2400 E3428.3417
G1 F300 Z24.450
G0 F3900 X105.068 Y105.108
G0 F300 Z24.250
;TYPE:WALL-OUTER
;WIDTH:0.400
G1 F300 Z24.250
G1 F1500 E3431.3417
G1 F2100 X144.932 Y105.108 E3432.9990
G1 X144.932 Y144.892 E3434.6531
G1 X105.068 Y144.892 E3436.3104
G1 X105.068 Y105.108 E3437.9644
G1 F2400 E3434.9644
G1 F300 Z24.450
G0 F3900 X106.278 Y106.315
G1 F300 Z24.250
G1 F1500 E3437.9644
G1 F2100 X106.278 Y143.684 E3439.5181
G1 X143.721 Y143.684 E3441.0748
G1 X143.721 Y106.315 E3442.6284
G1 X106.278 Y106.315 E3444.1851
G0 F3900 X105.468 Y105.508
;TYPE:WALL-INNER
;WIDTH:0.400
;FLOW:90.0
G1 F2400 X144.532 Y105.508 E3445.6468
G1 X144.532 Y144.492 E3447.1055
G1 X105.468 Y144.492 E3448.5671
G1 X105.468 Y105.508 E3450.0258
G0 F3900 X105.878 Y105.915
G1 F2400 X105.878 Y144.084 E3451.4540
G1 X144.121 Y144.084 E3452.8850
G1 X144.121 Y105.915 E3454.3132
G1 X105.878 Y105.915 E3455.7441
;PRINTING_TIME: 2358
;REMAINING_TIME: 1129
;LAYER:97
;Z:24.500
;HEIGHT:0.250
;FLOW:100.0
;PRINTING: Flow_Calibration_Cube_0.4_mm.stl
;PRINTING_ID: 0
G1 F2400 E3452.7441
G1 F300 Z24.700
G0 F3900 X105.068 Y105.108
G0 F300 Z24.500
;TYPE:WALL-OUTER
;WIDTH:0.400
G1 F300 Z24.500
G1 F1500 E3455.7441
G1 F2100 X144.932 Y105.108 E3457.4015
G1 X144.932 Y144.892 E3459.0555
G1 X105.068 Y144.892 E3460.7129
G1 X105.068 Y105.108 E3462.3669
G1 F2400 E3459.3669
G1 F300 Z24.700
G0 F3900 X106.278 Y106.315
G1 F300 Z24.500
G1 F1500 E3462.3669
G1 F2100 X106.278 Y143.684 E3463.9205
G1 X143.721 Y143.684 E3465.4772
G1 X143.721 Y106.315 E3467.0308
G1 X106.278 Y106.315 E3468.5875
G0 F3900 X105.468 Y105.508
;TYPE:WALL-INNER
;WIDTH:0.400
;FLOW:90.0
G1 F2400 X144.532 Y105.508 E3470.0492
G1 X144.532 Y144.492 E3471.5079
G1 X105.468 Y144.492 E3472.9696
G1 X105.468 Y105.508 E3474.4283
G0 F3900 X105.878 Y105.915
G1 F2400 X105.878 Y144.084 E3475.8565
G1 X144.121 Y144.084 E3477.2874
G1 X144.121 Y105.915 E3478.7156
G1 X105.878 Y105.915 E3480.1466
;PRINTING_TIME: 2376
;REMAINING_TIME: 1111
;LAYER:98
;Z:24.750
;HEIGHT:0.250
;FLOW:100.0
;PRINTING: Flow_Calibration_Cube_0.4_mm.stl
;PRINTING_ID: 0
G1 F2400 E3477.1466
G1 F300 Z24.950
G0 F3900 X105.068 Y105.108
G0 F300 Z24.750
;TYPE:WALL-OUTER
;WIDTH:0.400
G1 F300 Z24.750
G1 F1500 E3480.1466
G1 F2100 X144.932 Y105.108 E3481.8040
G1 X144.932 Y144.892 E3483.4580
G1 X105.068 Y144.892 E3485.1153
G1 X105.068 Y105.108 E3486.7694
G1 F2400 E3483.7694
G1 F300 Z24.950
G0 F3900 X106.278 Y106.315
G1 F300 Z24.750
G1 F1500 E3486.7694
G1 F2100 X106.278 Y143.684 E3488.3230
G1 X143.721 Y143.684 E3489.8797
G1 X143.721 Y106.315 E3491.4333
G1 X106.278 Y106.315 E3492.9900
G0 F3900 X105.468 Y105.508
;TYPE:WALL-INNER
;WIDTH:0.400
;FLOW:90.0
G1 F2400 X144.532 Y105.508 E3494.4517
G1 X144.532 Y144.492 E3495.9104
G1 X105.468 Y144.492 E3497.3721
G1 X105.468 Y105.508 E3498.8308
G0 F3900 X105.878 Y105.915
G1 F2400 X105.878 Y144.084 E3500.2589
G1 X144.121 Y144.084 E3501.6899
G1 X144.121 Y105.915 E3503.1181
G1 X105.878 Y105.915 E3504.5491
;PRINTING_TIME: 2394
;REMAINING_TIME: 1093
;LAYER:99
;Z:25.000
;HEIGHT:0.250
;FLOW:100.0
;PRINTING: Flow_Calibration_Cube_0.4_mm.stl
;PRINTING_ID: 0
G1 F2400 E3501.5491
G1 F300 Z25.200
G0 F3900 X105.068 Y105.108
G0 F300 Z25.000
;TYPE:WALL-OUTER
;WIDTH:0.400
G1 F300 Z25.000
G1 F1500 E3504.5491
G1 F2100 X144.932 Y105.108 E3506.2064
G1 X144.932 Y144.892 E3507.8604
G1 X105.068 Y144.892 E3509.5178
G1 X105.068 Y105.108 E3511.1718
G1 F2400 E3508.1718
G1 F300 Z25.200
G0 F3900 X106.278 Y106.315
G1 F300 Z25.000
G1 F1500 E3511.1718
G1 F2100 X106.278 Y143.684 E3512.7254
G1 X143.721 Y143.684 E3514.2821
G1 X143.721 Y106.315 E3515.8358
G1 X106.278 Y106.315 E3517.3925
G0 F3900 X105.468 Y105.508
;TYPE:WALL-INNER
;WIDTH:0.400
;FLOW:90.0
G1 F2400 X144.532 Y105.508 E3518.8542
G1 X144.532 Y144.492 E3520.3128
G1 X105.468 Y144.492 E3521.7745
G1 X105.468 Y105.508 E3523.2332
G0 F3900 X105.878 Y105.915
G1 F2400 X105.878 Y144.084 E3524.6614
G1 X144.121 Y144.084 E3526.0924
G1 X144.121 Y105.915 E3527.5206
G1 X105.878 Y105.915 E3528.9515
;PRINTING_TIME: 2412
;REMAINING_TIME: 1076
;LAYER:100
;Z:25.250
;HEIGHT:0.250
;FLOW:100.0
;PRINTING: Flow_Calibration_Cube_0.4_mm.stl
;PRINTING_ID: 0
G1 F2400 E3525.9515
G1 F300 Z25.450
G0 F3900 X105.068 Y105.108
G0 F300 Z25.250
;TYPE:WALL-OUTER
;WIDTH:0.400
G1 F300 Z25.250
G1 F1500 E3528.9515
G1 F2100 X144.932 Y105.108 E3530.6089
G1 X144.932 Y144.892 E3532.2629
G1 X105.068 Y144.892 E3533.9203
G1 X105.068 Y105.108 E3535.5743
G1 F2400 E3532.5743
G1 F300 Z25.450
G0 F3900 X106.278 Y106.315
G1 F300 Z25.250
G1 F1500 E3535.5743
G1 F2100 X106.278 Y143.684 E3537.1279
G1 X143.721 Y143.684 E3538.6846
G1 X143.721 Y106.315 E3540.2382
G1 X106.278 Y106.315 E3541.7949
G0 F3900 X105.468 Y105.508
;TYPE:WALL-INNER
;WIDTH:0.400
;FLOW:90.0
G1 F2400 X144.532 Y105.508 E3543.2566
G1 X144.532 Y144.492 E3544.7153
G1 X105.468 Y144.492 E3546.1770
G1 X105.468 Y105.508 E3547.6357
G0 F3900 X105.878 Y105.915
G1 F2400 X105.878 Y144.084 E3549.0639
G1 X144.121 Y144.084 E3550.4948
G1 X144.121 Y105.915 E3551.9230
G1 X105.878 Y105.915 E3553.3540
;PRINTING_TIME: 2430
;REMAINING_TIME: 1058
;LAYER:101
;Z:25.500
;HEIGHT:0.250
;FLOW:100.0
;PRINTING: Flow_Calibration_Cube_0.4_mm.stl
;PRINTING_ID: 0
G1 F2400 E3550.3540
G1 F300 Z25.700
G0 F3900 X105.068 Y105.108
G0 F300 Z25.500
;TYPE:WALL-OUTER
;WIDTH:0.400
G1 F300 Z25.500
G1 F1500 E3553.3540
G1 F2100 X144.932 Y105.108 E3555.0113
G1 X144.932 Y144.892 E3556.6654
G1 X105.068 Y144.892 E3558.3227
G1 X105.068 Y105.108 E3559.9767
G1 F2400 E3556.9767
G1 F300 Z25.700
G0 F3900 X106.278 Y106.315
G1 F300 Z25.500
G1 F1500 E3559.9767
G1 F2100 X106.278 Y143.684 E3561.5304
G1 X143.721 Y143.684 E3563.0871
G1 X143.721 Y106.315 E3564.6407
G1 X106.278 Y106.315 E3566.1974
G0 F3900 X105.468 Y105.508
;TYPE:WALL-INNER
;WIDTH:0.400
;FLOW:90.0
G1 F2400 X144.532 Y105.508 E3567.6591
G1 X144.532 Y144.492 E3569.1178
G1 X105.468 Y144.492 E3570.5794
G1 X105.468 Y105.508 E3572.0381
G0 F3900 X105.878 Y105.915
G1 F2400 X105.878 Y144.084 E3573.4663
G1 X144.121 Y144.084 E3574.8973
G1 X144.121 Y105.915 E3576.3255
G1 X105.878 Y105.915 E3577.7565
;PRINTING_TIME: 2448
;REMAINING_TIME: 1040
;LAYER:102
;Z:25.750
;HEIGHT:0.250
;FLOW:100.0
;PRINTING: Flow_Calibration_Cube_0.4_mm.stl
;PRINTING_ID: 0
G1 F2400 E3574.7565
G1 F300 Z25.950
G0 F3900 X105.068 Y105.108
G0 F300 Z25.750
;TYPE:WALL-OUTER
;WIDTH:0.400
G1 F300 Z25.750
G1 F1500 E3577.7565
G1 F2100 X144.932 Y105.108 E3579.4138
G1 X144.932 Y144.892 E3581.0678
G1 X105.068 Y144.892 E3582.7252
G1 X105.068 Y105.108 E3584.3792
G1 F2400 E3581.3792
G1 F300 Z25.950
G0 F3900 X106.278 Y106.315
G1 F300 Z25.750
G1 F1500 E3584.3792
G1 F2100 X106.278 Y143.684 E3585.9328
G1 X143.721 Y143.684 E3587.4895
G1 X143.721 Y106.315 E3589.0432
G1 X106.278 Y106.315 E3590.5999
G0 F3900 X105.468 Y105.508
;TYPE:WALL-INNER
;WIDTH:0.400
;FLOW:90.0
G1 F2400 X144.532 Y105.508 E3592.0615
G1 X144.532 Y144.492 E3593.5202
G1 X105.468 Y144.492 E3594.9819
G1 X105.468 Y105.508 E3596.4406
G0 F3900 X105.878 Y105.915
G1 F2400 X105.878 Y144.084 E3597.8688
G1 X144.121 Y144.084 E3599.2998
G1 X144.121 Y105.915 E3600.7280
G1 X105.878 Y105.915 E3602.1589
;PRINTING_TIME: 2465
;REMAINING_TIME: 1022
;LAYER:103
;Z:26.000
;HEIGHT:0.250
;FLOW:100.0
;PRINTING: Flow_Calibration_Cube_0.4_mm.stl
;PRINTING_ID: 0
G1 F2400 E3599.1589
G1 F300 Z26.200
G0 F3900 X105.068 Y105.108
G0 F300 Z26.000
;TYPE:WALL-OUTER
;WIDTH:0.400
G1 F300 Z26.000
G1 F1500 E3602.1589
G1 F2100 X144.932 Y105.108 E3603.8163
G1 X144.932 Y144.892 E3605.4703
G1 X105.068 Y144.892 E3607.1276
G1 X105.068 Y105.108 E3608.7817
G1 F2400 E3605.7817
G1 F300 Z26.200
G0 F3900 X106.278 Y106.315
G1 F300 Z26.000
G1 F1500 E3608.7817
G1 F2100 X106.278 Y143.684 E3610.3353
G1 X143.721 Y143.684 E3611.8920
G1 X143.721 Y106.315 E3613.4456
G1 X106.278 Y106.315 E3615.0023
G0 F3900 X105.468 Y105.508
;TYPE:WALL-INNER
;WIDTH:0.400
;FLOW:90.0
G1 F2400 X144.532 Y105.508 E3616.4640
G1 X144.532 Y144.492 E3617.9227
G1 X105.468 Y144.492 E3619.3844
G1 X105.468 Y105.508 E3620.8431
G0 F3900 X105.878 Y105.915
G1 F2400 X105.878 Y144.084 E3622.2713
G1 X144.121 Y144.084 E3623.7022
G1 X144.121 Y105.915 E3625.1304
G1 X105.878 Y105.915 E3626.5614
;PRINTING_TIME: 2483
;REMAINING_TIME: 1004
;LAYER:104
;Z:26.250
;HEIGHT:0.250
;FLOW:100.0
;PRINTING: Flow_Calibration_Cube_0.4_mm.stl
;PRINTING_ID: 0
G1 F2400 E3623.5614
G1 F300 Z26.450
G0 F3900 X105.068 Y105.108
G0 F300 Z26.250
;TYPE:WALL-OUTER
;WIDTH:0.400
G1 F300 Z26.250
G1 F1500 E3626.5614
G1 F2100 X144.932 Y105.108 E3628.2187
G1 X144.932 Y144.892 E3629.8728
G1 X105.068 Y144.892 E3631.5301
G1 X105.068 Y105.108 E3633.1841
G1 F2400 E3630.1841
G1 F300 Z26.450
G0 F3900 X106.278 Y106.315
G1 F300 Z26.250
G1 F1500 E3633.1841
G1 F2100 X106.278 Y143.684 E3634.7378
G1 X143.721 Y143.684 E3636.2945
G1 X143.721 Y106.315 E3637.8481
G1 X106.278 Y106.315 E3639.4048
G0 F3900 X105.468 Y105.508
;TYPE:WALL-INNER
;WIDTH:0.400
;FLOW:90.0
G1 F2400 X144.532 Y105.508 E3640.8665
G1 X144.532 Y144.492 E3642.3252
G1 X105.468 Y144.492 E3643.7868
G1 X105.468 Y105.508 E3645.2455
G0 F3900 X105.878 Y105.915
G1 F2400 X105.878 Y144.084 E3646.6737
G1 X144.121 Y144.084 E3648.1047
G1 X144.121 Y105.915 E3649.5329
G1 X105.878 Y105.915 E3650.9638
;PRINTING_TIME: 2501
;REMAINING_TIME: 986
;LAYER:105
;Z:26.500
;HEIGHT:0.250
;FLOW:100.0
;PRINTING: Flow_Calibration_Cube_0.4_mm.stl
;PRINTING_ID: 0
G1 F2400 E3647.9638
G1 F300 Z26.700
G0 F3900 X105.068 Y105.108
G0 F300 Z26.500
;TYPE:WALL-OUTER
;WIDTH:0.400
G1 F300 Z26.500
G1 F1500 E3650.9638
G1 F2100 X144.932 Y105.108 E3652.6212
G1 X144.932 Y144.892 E3654.2752
G1 X105.068 Y144.892 E3655.9326
G1 X105.068 Y105.108 E3657.5866
G1 F2400 E3654.5866
G1 F300 Z26.700
G0 F3900 X106.278 Y106.315
G1 F300 Z26.500
G1 F1500 E3657.5866
G1 F2100 X106.278 Y143.684 E3659.1402
G1 X143.721 Y143.684 E3660.6969
G1 X143.721 Y106.315 E3662.2505
G1 X106.278 Y106.315 E3663.8072
G0 F3900 X105.468 Y105.508
;TYPE:WALL-INNER
;WIDTH:0.400
;FLOW:90.0
G1 F2400 X144.532 Y105.508 E3665.2689
G1 X144.532 Y144.492 E3666.7276
G1 X105.468 Y144.492 E3668.1893
G1 X105.468 Y105.508 E3669.6480
G0 F3900 X105.878 Y105.915
G1 F2400 X105.878 Y144.084 E3671.0762
G1 X144.121 Y144.084 E3672.5071
G1 X144.121 Y105.915 E3673.9353
G1 X105.878 Y105.915 E3675.3663
;PRINTING_TIME: 2519
;REMAINING_TIME: 968
;LAYER:106
;Z:26.750
;HEIGHT:0.250
;FLOW:100.0
;PRINTING: Flow_Calibration_Cube_0.4_mm.stl
;PRINTING_ID: 0
G1 F2400 E3672.3663
G1 F300 Z26.950
G0 F3900 X105.068 Y105.108
G0 F300 Z26.750
;TYPE:WALL-OUTER
;WIDTH:0.400
G1 F300 Z26.750
G1 F1500 E3675.3663
G1 F2100 X144.932 Y105.108 E3677.0237
G1 X144.932 Y144.892 E3678.6777
G1 X105.068 Y144.892 E3680.3350
G1 X105.068 Y105.108 E3681.9891
G1 F2400 E3678.9891
G1 F300 Z26.950
G0 F3900 X106.278 Y106.315
G1 F300 Z26.750
G1 F1500 E3681.9891
G1 F2100 X106.278 Y143.684 E3683.5427
G1 X143.721 Y143.684 E3685.0994
G1 X143.721 Y106.315 E3686.6530
G1 X106.278 Y106.315 E3688.2097
G0 F3900 X105.468 Y105.508
;TYPE:WALL-INNER
;WIDTH:0.400
;FLOW:90.0
G1 F2400 X144.532 Y105.508 E3689.6714
G1 X144.532 Y144.492 E3691.1301
G1 X105.468 Y144.492 E3692.5918
G1 X105.468 Y105.508 E3694.0504
G0 F3900 X105.878 Y105.915
G1 F2400 X105.878 Y144.084 E3695.4786
G1 X144.121 Y144.084 E3696.9096
G1 X144.121 Y105.915 E3698.3378
G1 X105.878 Y105.915 E3699.7688
;PRINTING_TIME: 2537
;REMAINING_TIME: 950
;LAYER:107
;Z:27.000
;HEIGHT:0.250
;FLOW:100.0
;PRINTING: Flow_Calibration_Cube_0.4_mm.stl
;PRINTING_ID: 0
G1 F2400 E3696.7688
G1 F300 Z27.200
G0 F3900 X105.068 Y105.108
G0 F300 Z27.000
;TYPE:WALL-OUTER
;WIDTH:0.400
G1 F300 Z27.000
G1 F1500 E3699.7688
G1 F2100 X144.932 Y105.108 E3701.4261
G1 X144.932 Y144.892 E3703.0801
G1 X105.068 Y144.892 E3704.7375
G1 X105.068 Y105.108 E3706.3915
G1 F2400 E3703.3915
G1 F300 Z27.200
G0 F3900 X106.278 Y106.315
G1 F300 Z27.000
G1 F1500 E3706.3915
G1 F2100 X106.278 Y143.684 E3707.9451
G1 X143.721 Y143.684 E3709.5018
G1 X143.721 Y106.315 E3711.0555
G1 X106.278 Y106.315 E3712.6122
G0 F3900 X105.468 Y105.508
;TYPE:WALL-INNER
;WIDTH:0.400
;FLOW:90.0
G1 F2400 X144.532 Y105.508 E3714.0738
G1 X144.532 Y144.492 E3715.5325
G1 X105.468 Y144.492 E3716.9942
G1 X105.468 Y105.508 E3718.4529
G0 F3900 X105.878 Y105.915
G1 F2400 X105.878 Y144.084 E3719.8811
G1 X144.121 Y144.084 E3721.3121
G1 X144.121 Y105.915 E3722.7403
G1 X105.878 Y105.915 E3724.1712
;PRINTING_TIME: 2555
;REMAINING_TIME: 932
;LAYER:108
;Z:27.250
;HEIGHT:0.250
;FLOW:100.0
;PRINTING: Flow_Calibration_Cube_0.4_mm.stl
;PRINTING_ID: 0
G1 F2400 E3721.1712
G1 F300 Z27.450
G0 F3900 X105.068 Y105.108
G0 F300 Z27.250
;TYPE:WALL-OUTER
;WIDTH:0.400
G1 F300 Z27.250
G1 F1500 E3724.1712
G1 F2100 X144.932 Y105.108 E3725.8286
G1 X144.932 Y144.892 E3727.4826
G1 X105.068 Y144.892 E3729.1400
G1 X105.068 Y105.108 E3730.7940
G1 F2400 E3727.7940
G1 F300 Z27.450
G0 F3900 X106.278 Y106.315
G1 F300 Z27.250
G1 F1500 E3730.7940
G1 F2100 X106.278 Y143.684 E3732.3476
G1 X143.721 Y143.684 E3733.9043
G1 X143.721 Y106.315 E3735.4579
G1 X106.278 Y106.315 E3737.0146
G0 F3900 X105.468 Y105.508
;TYPE:WALL-INNER
;WIDTH:0.400
;FLOW:90.0
G1 F2400 X144.532 Y105.508 E3738.4763
G1 X144.532 Y144.492 E3739.9350
G1 X105.468 Y144.492 E3741.3967
G1 X105.468 Y105.508 E3742.8554
G0 F3900 X105.878 Y105.915
G1 F2400 X105.878 Y144.084 E3744.2836
G1 X144.121 Y144.084 E3745.7145
G1 X144.121 Y105.915 E3747.1427
G1 X105.878 Y105.915 E3748.5737
;PRINTING_TIME: 2573
;REMAINING_TIME: 914
;LAYER:109
;Z:27.500
;HEIGHT:0.250
;FLOW:100.0
;PRINTING: Flow_Calibration_Cube_0.4_mm.stl
;PRINTING_ID: 0
G1 F2400 E3745.5737
G1 F300 Z27.700
G0 F3900 X105.068 Y105.108
G0 F300 Z27.500
;TYPE:WALL-OUTER
;WIDTH:0.400
G1 F300 Z27.500
G1 F1500 E3748.5737
G1 F2100 X144.932 Y105.108 E3750.2310
G1 X144.932 Y144.892 E3751.8851
G1 X105.068 Y144.892 E3753.5424
G1 X105.068 Y105.108 E3755.1964
G1 F2400 E3752.1964
G1 F300 Z27.700
G0 F3900 X106.278 Y106.315
G1 F300 Z27.500
G1 F1500 E3755.1964
G1 F2100 X106.278 Y143.684 E3756.7501
G1 X143.721 Y143.684 E3758.3068
G1 X143.721 Y106.315 E3759.8604
G1 X106.278 Y106.315 E3761.4171
G0 F3900 X105.468 Y105.508
;TYPE:WALL-INNER
;WIDTH:0.400
;FLOW:90.0
G1 F2400 X144.532 Y105.508 E3762.8788
G1 X144.532 Y144.492 E3764.3375
G1 X105.468 Y144.492 E3765.7991
G1 X105.468 Y105.508 E3767.2578
G0 F3900 X105.878 Y105.915
G1 F2400 X105.878 Y144.084 E3768.6860
G1 X144.121 Y144.084 E3770.1170
G1 X144.121 Y105.915 E3771.5452
G1 X105.878 Y105.915 E3772.9762
;PRINTING_TIME: 2591
;REMAINING_TIME: 896
;LAYER:110
;Z:27.750
;HEIGHT:0.250
;FLOW:100.0
;PRINTING: Flow_Calibration_Cube_0.4_mm.stl
;PRINTING_ID: 0
G1 F2400 E3769.9762
G1 F300 Z27.950
G0 F3900 X105.068 Y105.108
G0 F300 Z27.750
;TYPE:WALL-OUTER
;WIDTH:0.400
G1 F300 Z27.750
G1 F1500 E3772.9762
G1 F2100 X144.932 Y105.108 E3774.6335
G1 X144.932 Y144.892 E3776.2875
G1 X105.068 Y144.892 E3777.9449
G1 X105.068 Y105.108 E3779.5989
G1 F2400 E3776.5989
G1 F300 Z27.950
G0 F3900 X106.278 Y106.315
G1 F300 Z27.750
G1 F1500 E3779.5989
G1 F2100 X106.278 Y143.684 E3781.1525
G1 X143.721 Y143.684 E3782.7092
G1 X143.721 Y106.315 E3784.2629
G1 X106.278 Y106.315 E3785.8196
G0 F3900 X105.468 Y105.508
;TYPE:WALL-INNER
;WIDTH:0.400
;FLOW:90.0
G1 F2400 X144.532 Y105.508 E3787.2812
G1 X144.532 Y144.492 E3788.7399
G1 X105.468 Y144.492 E3790.2016
G1 X105.468 Y105.508 E3791.6603
G0 F3900 X105.878 Y105.915
G1 F2400 X105.878 Y144.084 E3793.0885
G1 X144.121 Y144.084 E3794.5195
G1 X144.121 Y105.915 E3795.9477
G1 X105.878 Y105.915 E3797.3786
;PRINTING_TIME: 2609
;REMAINING_TIME: 878
;LAYER:111
;Z:28.000
;HEIGHT:0.250
;FLOW:100.0
;PRINTING: Flow_Calibration_Cube_0.4_mm.stl
;PRINTING_ID: 0
G1 F2400 E3794.3786
G1 F300 Z28.200
G0 F3900 X105.068 Y105.108
G0 F300 Z28.000
;TYPE:WALL-OUTER
;WIDTH:0.400
G1 F300 Z28.000
G1 F1500 E3797.3786
G1 F2100 X144.932 Y105.108 E3799.0360
G1 X144.932 Y144.892 E3800.6900
G1 X105.068 Y144.892 E3802.3473
G1 X105.068 Y105.108 E3804.0014
G1 F2400 E3801.0014
G1 F300 Z28.200
G0 F3900 X106.278 Y106.315
G1 F300 Z28.000
G1 F1500 E3804.0014
G1 F2100 X106.278 Y143.684 E3805.5550
G1 X143.721 Y143.684 E3807.1117
G1 X143.721 Y106.315 E3808.6653
G1 X106.278 Y106.315 E3810.2220
G0 F3900 X105.468 Y105.508
;TYPE:WALL-INNER
;WIDTH:0.400
;FLOW:90.0
G1 F2400 X144.532 Y105.508 E3811.6837
G1 X144.532 Y144.492 E3813.1424
G1 X105.468 Y144.492 E3814.6041
G1 X105.468 Y105.508 E3816.0628
G0 F3900 X105.878 Y105.915
G1 F2400 X105.878 Y144.084 E3817.4910
G1 X144.121 Y144.084 E3818.9219
G1 X144.121 Y105.915 E3820.3501
G1 X105.878 Y105.915 E3821.7811
;PRINTING_TIME: 2627
;REMAINING_TIME: 860
;LAYER:112
;Z:28.250
;HEIGHT:0.250
;FLOW:100.0
;PRINTING: Flow_Calibration_Cube_0.4_mm.stl
;PRINTING_ID: 0
G1 F2400 E3818.7811
G1 F300 Z28.450
G0 F3900 X105.068 Y105.108
G0 F300 Z28.250
;TYPE:WALL-OUTER
;WIDTH:0.400
G1 F300 Z28.250
G1 F1500 E3821.7811
G1 F2100 X144.932 Y105.108 E3823.4384
G1 X144.932 Y144.892 E3825.0925
G1 X105.068 Y144.892 E3826.7498
G1 X105.068 Y105.108 E3828.4038
G1 F2400 E3825.4038
G1 F300 Z28.450
G0 F3900 X106.278 Y106.315
G1 F300 Z28.250
G1 F1500 E3828.4038
G1 F2100 X106.278 Y143.684 E3829.9575
G1 X143.721 Y143.684 E3831.5142
G1 X143.721 Y106.315 E3833.0678
G1 X106.278 Y106.315 E3834.6245
G0 F3900 X105.468 Y105.508
;TYPE:WALL-INNER
;WIDTH:0.400
;FLOW:90.0
G1 F2400 X144.532 Y105.508 E3836.0862
G1 X144.532 Y144.492 E3837.5448
G1 X105.468 Y144.492 E3839.0065
G1 X105.468 Y105.508 E3840.4652
G0 F3900 X105.878 Y105.915
G1 F2400 X105.878 Y144.084 E3841.8934
G1 X144.121 Y144.084 E3843.3244
G1 X144.121 Y105.915 E3844.7526
G1 X105.878 Y105.915 E3846.1835
;PRINTING_TIME: 2645
;REMAINING_TIME: 843
;LAYER:113
;Z:28.500
;HEIGHT:0.250
;FLOW:100.0
;PRINTING: Flow_Calibration_Cube_0.4_mm.stl
;PRINTING_ID: 0
G1 F2400 E3843.1835
G1 F300 Z28.700
G0 F3900 X105.068 Y105.108
G0 F300 Z28.500
;TYPE:WALL-OUTER
;WIDTH:0.400
G1 F300 Z28.500
G1 F1500 E3846.1835
G1 F2100 X144.932 Y105.108 E3847.8409
G1 X144.932 Y144.892 E3849.4949
G1 X105.068 Y144.892 E3851.1523
G1 X105.068 Y105.108 E3852.8063
G1 F2400 E3849.8063
G1 F300 Z28.700
G0 F3900 X106.278 Y106.315
G1 F300 Z28.500
G1 F1500 E3852.8063
G1 F2100 X106.278 Y143.684 E3854.3599
G1 X143.721 Y143.684 E3855.9166
G1 X143.721 Y106.315 E3857.4702
G1 X106.278 Y106.315 E3859.0269
G0 F3900 X105.468 Y105.508
;TYPE:WALL-INNER
;WIDTH:0.400
;FLOW:90.0
G1 F2400 X144.532 Y105.508 E3860.4886
G1 X144.532 Y144.492 E3861.9473
G1 X105.468 Y144.492 E3863.4090
G1 X105.468 Y105.508 E3864.8677
G0 F3900 X105.878 Y105.915
G1 F2400 X105.878 Y144.084 E3866.2959
G1 X144.121 Y144.084 E3867.7268
G1 X144.121 Y105.915 E3869.1550
G1 X105.878 Y105.915 E3870.5860
;PRINTING_TIME: 2663
;REMAINING_TIME: 825
;LAYER:114
;Z:28.750
;HEIGHT:0.250
;FLOW:100.0
;PRINTING: Flow_Calibration_Cube_0.4_mm.stl
;PRINTING_ID: 0
G1 F2400 E3867.5860
G1 F300 Z28.950
G0 F3900 X105.068 Y105.108
G0 F300 Z28.750
;TYPE:WALL-OUTER
;WIDTH:0.400
G1 F300 Z28.750
G1 F1500 E3870.5860
G1 F2100 X144.932 Y105.108 E3872.2434
G1 X144.932 Y144.892 E3873.8974
G1 X105.068 Y144.892 E3875.5547
G1 X105.068 Y105.108 E3877.2088
G1 F2400 E3874.2088
G1 F300 Z28.950
G0 F3900 X106.278 Y106.315
G1 F300 Z28.750
G1 F1500 E3877.2088
G1 F2100 X106.278 Y143.684 E3878.7624
G1 X143.721 Y143.684 E3880.3191
G1 X143.721 Y106.315 E3881.8727
G1 X106.278 Y106.315 E3883.4294
G0 F3900 X105.468 Y105.508
;TYPE:WALL-INNER
;WIDTH:0.400
;FLOW:90.0
G1 F2400 X144.532 Y105.508 E3884.8911
G1 X144.532 Y144.492 E3886.3498
G1 X105.468 Y144.492 E3887.8115
G1 X105.468 Y105.508 E3889.2701
G0 F3900 X105.878 Y105.915
G1 F2400 X105.878 Y144.084 E3890.6983
G1 X144.121 Y144.084 E3892.1293
G1 X144.121 Y105.915 E3893.5575
G1 X105.878 Y105.915 E3894.9885
;PRINTING_TIME: 2681
;REMAINING_TIME: 807
;LAYER:115
;Z:29.000
;HEIGHT:0.250
;FLOW:100.0
;PRINTING: Flow_Calibration_Cube_0.4_mm.stl
;PRINTING_ID: 0
G1 F2400 E3891.9885
G1 F300 Z29.200
G0 F3900 X105.068 Y105.108
G0 F300 Z29.000
;TYPE:WALL-OUTER
;WIDTH:0.400
G1 F300 Z29.000
G1 F1500 E3894.9885
G1 F2100 X144.932 Y105.108 E3896.6458
G1 X144.932 Y144.892 E3898.2998
G1 X105.068 Y144.892 E3899.9572
G1 X105.068 Y105.108 E3901.6112
G1 F2400 E3898.6112
G1 F300 Z29.200
G0 F3900 X106.278 Y106.315
G1 F300 Z29.000
G1 F1500 E3901.6112
G1 F2100 X106.278 Y143.684 E3903.1648
G1 X143.721 Y143.684 E3904.7215
G1 X143.721 Y106.315 E3906.2752
G1 X106.278 Y106.315 E3907.8319
G0 F3900 X105.468 Y105.508
;TYPE:WALL-INNER
;WIDTH:0.400
;FLOW:90.0
G1 F2400 X144.532 Y105.508 E3909.2935
G1 X144.532 Y144.492 E3910.7522
G1 X105.468 Y144.492 E3912.2139
G1 X105.468 Y105.508 E3913.6726
G0 F3900 X105.878 Y105.915
G1 F2400 X105.878 Y144.084 E3915.1008
G1 X144.121 Y144.084 E3916.5318
G1 X144.121 Y105.915 E3917.9600
G1 X105.878 Y105.915 E3919.3909
;PRINTING_TIME: 2699
;REMAINING_TIME: 789
;LAYER:116
;Z:29.250
;HEIGHT:0.250
;FLOW:100.0
;PRINTING: Flow_Calibration_Cube_0.4_mm.stl
;PRINTING_ID: 0
G1 F2400 E3916.3909
G1 F300 Z29.450
G0 F3900 X105.068 Y105.108
G0 F300 Z29.250
;TYPE:WALL-OUTER
;WIDTH:0.400
G1 F300 Z29.250
G1 F1500 E3919.3909
G1 F2100 X144.932 Y105.108 E3921.0483
G1 X144.932 Y144.892 E3922.7023
G1 X105.068 Y144.892 E3924.3597
G1 X105.068 Y105.108 E3926.0137
G1 F2400 E3923.0137
G1 F300 Z29.450
G0 F3900 X106.278 Y106.315
G1 F300 Z29.250
G1 F1500 E3926.0137
G1 F2100 X106.278 Y143.684 E3927.5673
G1 X143.721 Y143.684 E3929.1240
G1 X143.721 Y106.315 E3930.6776
G1 X106.278 Y106.315 E3932.2343
G0 F3900 X105.468 Y105.508
;TYPE:WALL-INNER
;WIDTH:0.400
;FLOW:90.0
G1 F2400 X144.532 Y105.508 E3933.6960
G1 X144.532 Y144.492 E3935.1547
G1 X105.468 Y144.492 E3936.6164
G1 X105.468 Y105.508 E3938.0751
G0 F3900 X105.878 Y105.915
G1 F2400 X105.878 Y144.084 E3939.5033
G1 X144.121 Y144.084 E3940.9342
G1 X144.121 Y105.915 E3942.3624
G1 X105.878 Y105.915 E3943.7934
;PRINTING_TIME: 2716
;REMAINING_TIME: 771
;LAYER:117
;Z:29.500
;HEIGHT:0.250
;FLOW:100.0
;PRINTING: Flow_Calibration_Cube_0.4_mm.stl
;PRINTING_ID: 0
G1 F2400 E3940.7934
G1 F300 Z29.700
G0 F3900 X105.068 Y105.108
G0 F300 Z29.500
;TYPE:WALL-OUTER
;WIDTH:0.400
G1 F300 Z29.500
G1 F1500 E3943.7934
G1 F2100 X144.932 Y105.108 E3945.4507
G1 X144.932 Y144.892 E3947.1048
G1 X105.068 Y144.892 E3948.7621
G1 X105.068 Y105.108 E3950.4161
G1 F2400 E3947.4161
G1 F300 Z29.700
G0 F3900 X106.278 Y106.315
G1 F300 Z29.500
G1 F1500 E3950.4161
G1 F2100 X106.278 Y143.684 E3951.9698
G1 X143.721 Y143.684 E3953.5265
G1 X143.721 Y106.315 E3955.0801
G1 X106.278 Y106.315 E3956.6368
G0 F3900 X105.468 Y105.508
;TYPE:WALL-INNER
;WIDTH:0.400
;FLOW:90.0
G1 F2400 X144.532 Y105.508 E3958.0985
G1 X144.532 Y144.492 E3959.5572
G1 X105.468 Y144.492 E3961.0188
G1 X105.468 Y105.508 E3962.4775
G0 F3900 X105.878 Y105.915
G1 F2400 X105.878 Y144.084 E3963.9057
G1 X144.121 Y144.084 E3965.3367
G1 X144.121 Y105.915 E3966.7649
G1 X105.878 Y105.915 E3968.1958
;PRINTING_TIME: 2734
;REMAINING_TIME: 753
;LAYER:118
;Z:29.750
;HEIGHT:0.250
;FLOW:100.0
;PRINTING: Flow_Calibration_Cube_0.4_mm.stl
;PRINTING_ID: 0
G1 F2400 E3965.1958
G1 F300 Z29.950
G0 F3900 X105.068 Y105.108
G0 F300 Z29.750
;TYPE:WALL-OUTER
;WIDTH:0.400
G1 F300 Z29.750
G1 F1500 E3968.1958
G1 F2100 X144.932 Y105.108 E3969.8532
G1 X144.932 Y144.892 E3971.5072
G1 X105.068 Y144.892 E3973.1646
G1 X105.068 Y105.108 E3974.8186
G1 F2400 E3971.8186
G1 F300 Z29.950
G0 F3900 X106.278 Y106.315
G1 F300 Z29.750
G1 F1500 E3974.8186
G1 F2100 X106.278 Y143.684 E3976.3722
G1 X143.721 Y143.684 E3977.9289
G1 X143.721 Y106.315 E3979.4826
G1 X106.278 Y106.315 E3981.0392
G0 F3900 X105.468 Y105.508
;TYPE:WALL-INNER
;WIDTH:0.400
;FLOW:90.0
G1 F2400 X144.532 Y105.508 E3982.5009
G1 X144.532 Y144.492 E3983.9596
G1 X105.468 Y144.492 E3985.4213
G1 X105.468 Y105.508 E3986.8800
G0 F3900 X105.878 Y105.915
G1 F2400 X105.878 Y144.084 E3988.3082
G1 X144.121 Y144.084 E3989.7392
G1 X144.121 Y105.915 E3991.1673
G1 X105.878 Y105.915 E3992.5983
;PRINTING_TIME: 2752
;REMAINING_TIME: 735
;LAYER:119
;Z:30.000
;HEIGHT:0.250
;FLOW:100.0
;PRINTING: Flow_Calibration_Cube_0.4_mm.stl
;PRINTING_ID: 0
G1 F2400 E3989.5983
G1 F300 Z30.200
G0 F3900 X105.068 Y105.108
G0 F300 Z30.000
;TYPE:WALL-OUTER
;WIDTH:0.400
G1 F300 Z30.000
G1 F1500 E3992.5983
G1 F2100 X144.932 Y105.108 E3994.2557
G1 X144.932 Y144.892 E3995.9097
G1 X105.068 Y144.892 E3997.5670
G1 X105.068 Y105.108 E3999.2211
G1 F2400 E3996.2211
G1 F300 Z30.200
G0 F3900 X106.278 Y106.315
G1 F300 Z30.000
G1 F1500 E3999.2211
G1 F2100 X106.278 Y143.684 E4000.7747
G1 X143.721 Y143.684 E4002.3314
G1 X143.721 Y106.315 E4003.8850
G1 X106.278 Y106.315 E4005.4417
G0 F3900 X105.468 Y105.508
;TYPE:WALL-INNER
;WIDTH:0.400
;FLOW:90.0
G1 F2400 X144.532 Y105.508 E4006.9034
G1 X144.532 Y144.492 E4008.3621
G1 X105.468 Y144.492 E4009.8238
G1 X105.468 Y105.508 E4011.2825
G0 F3900 X105.878 Y105.915
G1 F2400 X105.878 Y144.084 E4012.7107
G1 X144.121 Y144.084 E4014.1416
G1 X144.121 Y105.915 E4015.5698
G1 X105.878 Y105.915 E4017.0008
;PRINTING_TIME: 2770
;REMAINING_TIME: 717
;LAYER:120
;Z:30.250
;HEIGHT:0.250
;FLOW:100.0
;PRINTING: Flow_Calibration_Cube_0.4_mm.stl
;PRINTING_ID: 0
G1 F2400 E4014.0008
G1 F300 Z30.450
G0 F3900 X105.068 Y105.108
G0 F300 Z30.250
;TYPE:WALL-OUTER
;WIDTH:0.400
G1 F300 Z30.250
G1 F1500 E4017.0008
G1 F2100 X144.932 Y105.108 E4018.6581
G1 X144.932 Y144.892 E4020.3122
G1 X105.068 Y144.892 E4021.9695
G1 X105.068 Y105.108 E4023.6235
G1 F2400 E4020.6235
G1 F300 Z30.450
G0 F3900 X106.278 Y106.315
G1 F300 Z30.250
G1 F1500 E4023.6235
G1 F2100 X106.278 Y143.684 E4025.1772
G1 X143.721 Y143.684 E4026.7339
G1 X143.721 Y106.315 E4028.2875
G1 X106.278 Y106.315 E4029.8442
G0 F3900 X105.468 Y105.508
;TYPE:WALL-INNER
;WIDTH:0.400
;FLOW:90.0
G1 F2400 X144.532 Y105.508 E4031.3059
G1 X144.532 Y144.492 E4032.7645
G1 X105.468 Y144.492 E4034.2262
G1 X105.468 Y105.508 E4035.6849
G0 F3900 X105.878 Y105.915
G1 F2400 X105.878 Y144.084 E4037.1131
G1 X144.121 Y144.084 E4038.5441
G1 X144.121 Y105.915 E4039.9723
G1 X105.878 Y105.915 E4041.4032
;PRINTING_TIME: 2788
;REMAINING_TIME: 699
;LAYER:121
;Z:30.500
;HEIGHT:0.250
;FLOW:100.0
;PRINTING: Flow_Calibration_Cube_0.4_mm.stl
;PRINTING_ID: 0
G1 F2400 E4038.4032
G1 F300 Z30.700
G0 F3900 X105.068 Y105.108
G0 F300 Z30.500
;TYPE:WALL-OUTER
;WIDTH:0.400
G1 F300 Z30.500
G1 F1500 E4041.4032
G1 F2100 X144.932 Y105.108 E4043.0606
G1 X144.932 Y144.892 E4044.7146
G1 X105.068 Y144.892 E4046.3720
G1 X105.068 Y105.108 E4048.0260
G1 F2400 E4045.0260
G1 F300 Z30.700
G0 F3900 X106.278 Y106.315
G1 F300 Z30.500
G1 F1500 E4048.0260
G1 F2100 X106.278 Y143.684 E4049.5796
G1 X143.721 Y143.684 E4051.1363
G1 X143.721 Y106.315 E4052.6899
G1 X106.278 Y106.315 E4054.2466
G0 F3900 X105.468 Y105.508
;TYPE:WALL-INNER
;WIDTH:0.400
;FLOW:90.0
G1 F2400 X144.532 Y105.508 E4055.7083
G1 X144.532 Y144.492 E4057.1670
G1 X105.468 Y144.492 E4058.6287
G1 X105.468 Y105.508 E4060.0874
G0 F3900 X105.878 Y105.915
G1 F2400 X105.878 Y144.084 E4061.5156
G1 X144.121 Y144.084 E4062.9465
G1 X144.121 Y105.915 E4064.3747
G1 X105.878 Y105.915 E4065.8057
;PRINTING_TIME: 2806
;REMAINING_TIME: 681
;LAYER:122
;Z:30.750
;HEIGHT:0.250
;FLOW:100.0
;PRINTING: Flow_Calibration_Cube_0.4_mm.stl
;PRINTING_ID: 0
G1 F2400 E4062.8057
G1 F300 Z30.950
G0 F3900 X105.068 Y105.108
G0 F300 Z30.750
;TYPE:WALL-OUTER
;WIDTH:0.400
G1 F300 Z30.750
G1 F1500 E4065.8057
G1 F2100 X144.932 Y105.108 E4067.4631
G1 X144.932 Y144.892 E4069.1171
G1 X105.068 Y144.892 E4070.7744
G1 X105.068 Y105.108 E4072.4285
G1 F2400 E4069.4285
G1 F300 Z30.950
G0 F3900 X106.278 Y106.315
G1 F300 Z30.750
G1 F1500 E4072.4285
G1 F2100 X106.278 Y143.684 E4073.9821
G1 X143.721 Y143.684 E4075.5388
G1 X143.721 Y106.315 E4077.0924
G1 X106.278 Y106.315 E4078.6491
G0 F3900 X105.468 Y105.508
;TYPE:WALL-INNER
;WIDTH:0.400
;FLOW:90.0
G1 F2400 X144.532 Y105.508 E4080.1108
G1 X144.532 Y144.492 E4081.5695
G1 X105.468 Y144.492 E4083.0312
G1 X105.468 Y105.508 E4084.4898
G0 F3900 X105.878 Y105.915
G1 F2400 X105.878 Y144.084 E4085.9180
G1 X144.121 Y144.084 E4087.3490
G1 X144.121 Y105.915 E4088.7772
G1 X105.878 Y105.915 E4090.2082
;PRINTING_TIME: 2824
;REMAINING_TIME: 663
;LAYER:123
;Z:31.000
;HEIGHT:0.250
;FLOW:100.0
;PRINTING: Flow_Calibration_Cube_0.4_mm.stl
;PRINTING_ID: 0
G1 F2400 E4087.2082
G1 F300 Z31.200
G0 F3900 X105.068 Y105.108
G0 F300 Z31.000
;TYPE:WALL-OUTER
;WIDTH:0.400
G1 F300 Z31.000
G1 F1500 E4090.2082
G1 F2100 X144.932 Y105.108 E4091.8655
G1 X144.932 Y144.892 E4093.5195
G1 X105.068 Y144.892 E4095.1769
G1 X105.068 Y105.108 E4096.8309
G1 F2400 E4093.8309
G1 F300 Z31.200
G0 F3900 X106.278 Y106.315
G1 F300 Z31.000
G1 F1500 E4096.8309
G1 F2100 X106.278 Y143.684 E4098.3845
G1 X143.721 Y143.684 E4099.9412
G1 X143.721 Y106.315 E4101.4949
G1 X106.278 Y106.315 E4103.0516
G0 F3900 X105.468 Y105.508
;TYPE:WALL-INNER
;WIDTH:0.400
;FLOW:90.0
G1 F2400 X144.532 Y105.508 E4104.5132
G1 X144.532 Y144.492 E4105.9719
G1 X105.468 Y144.492 E4107.4336
G1 X105.468 Y105.508 E4108.8923
G0 F3900 X105.878 Y105.915
G1 F2400 X105.878 Y144.084 E4110.3205
G1 X144.121 Y144.084 E4111.7515
G1 X144.121 Y105.915 E4113.1797
G1 X105.878 Y105.915 E4114.6106
;PRINTING_TIME: 2842
;REMAINING_TIME: 645
;LAYER:124
;Z:31.250
;HEIGHT:0.250
;FLOW:100.0
;PRINTING: Flow_Calibration_Cube_0.4_mm.stl
;PRINTING_ID: 0
G1 F2400 E4111.6106
G1 F300 Z31.450
G0 F3900 X105.068 Y105.108
G0 F300 Z31.250
;TYPE:WALL-OUTER
;WIDTH:0.400
G1 F300 Z31.250
G1 F1500 E4114.6106
G1 F2100 X144.932 Y105.108 E4116.2680
G1 X144.932 Y144.892 E4117.9220
G1 X105.068 Y144.892 E4119.5794
G1 X105.068 Y105.108 E4121.2334
G1 F2400 E4118.2334
G1 F300 Z31.450
G0 F3900 X106.278 Y106.315
G1 F300 Z31.250
G1 F1500 E4121.2334
G1 F2100 X106.278 Y143.684 E4122.7870
G1 X143.721 Y143.684 E4124.3437
G1 X143.721 Y106.315 E4125.8973
G1 X106.278 Y106.315 E4127.4540
G0 F3900 X105.468 Y105.508
;TYPE:WALL-INNER
;WIDTH:0.400
;FLOW:90.0
G1 F2400 X144.532 Y105.508 E4128.9157
G1 X144.532 Y144.492 E4130.3744
G1 X105.468 Y144.492 E4131.8361
G1 X105.468 Y105.508 E4133.2948
G0 F3900 X105.878 Y105.915
G1 F2400 X105.878 Y144.084 E4134.7230
G1 X144.121 Y144.084 E4136.1539
G1 X144.121 Y105.915 E4137.5821
G1 X105.878 Y105.915 E4139.0131
;PRINTING_TIME: 2860
;REMAINING_TIME: 627
;LAYER:125
;Z:31.500
;HEIGHT:0.250
;FLOW:100.0
;PRINTING: Flow_Calibration_Cube_0.4_mm.stl
;PRINTING_ID: 0
G1 F2400 E4136.0131
G1 F300 Z31.700
G0 F3900 X105.068 Y105.108
G0 F300 Z31.500
;TYPE:WALL-OUTER
;WIDTH:0.400
G1 F300 Z31.500
G1 F1500 E4139.0131
G1 F2100 X144.932 Y105.108 E4140.6704
G1 X144.932 Y144.892 E4142.3245
G1 X105.068 Y144.892 E4143.9818
G1 X105.068 Y105.108 E4145.6358
G1 F2400 E4142.6358
G1 F300 Z31.700
G0 F3900 X106.278 Y106.315
G1 F300 Z31.500
G1 F1500 E4145.6358
G1 F2100 X106.278 Y143.684 E4147.1895
G1 X143.721 Y143.684 E4148.7462
G1 X143.721 Y106.315 E4150.2998
G1 X106.278 Y106.315 E4151.8565
G0 F3900 X105.468 Y105.508
;TYPE:WALL-INNER
;WIDTH:0.400
;FLOW:90.0
G1 F2400 X144.532 Y105.508 E4153.3182
G1 X144.532 Y144.492 E4154.7769
G1 X105.468 Y144.492 E4156.2385
G1 X105.468 Y105.508 E4157.6972
G0 F3900 X105.878 Y105.915
G1 F2400 X105.878 Y144.084 E4159.1254
G1 X144.121 Y144.084 E4160.5564
G1 X144.121 Y105.915 E4161.9846
G1 X105.878 Y105.915 E4163.4155
;PRINTING_TIME: 2878
;REMAINING_TIME: 609
;LAYER:126
;Z:31.750
;HEIGHT:0.250
;FLOW:100.0
;PRINTING: Flow_Calibration_Cube_0.4_mm.stl
;PRINTING_ID: 0
G1 F2400 E4160.4155
G1 F300 Z31.950
G0 F3900 X105.068 Y105.108
G0 F300 Z31.750
;TYPE:WALL-OUTER
;WIDTH:0.400
G1 F300 Z31.750
G1 F1500 E4163.4155
G1 F2100 X144.932 Y105.108 E4165.0729
G1 X144.932 Y144.892 E4166.7269
G1 X105.068 Y144.892 E4168.3843
G1 X105.068 Y105.108 E4170.0383
G1 F2400 E4167.0383
G1 F300 Z31.950
G0 F3900 X106.278 Y106.315
G1 F300 Z31.750
G1 F1500 E4170.0383
G1 F2100 X106.278 Y143.684 E4171.5919
G1 X143.721 Y143.684 E4173.1486
G1 X143.721 Y106.315 E4174.7022
G1 X106.278 Y106.315 E4176.2589
G0 F3900 X105.468 Y105.508
;TYPE:WALL-INNER
;WIDTH:0.400
;FLOW:90.0
G1 F2400 X144.532 Y105.508 E4177.7206
G1 X144.532 Y144.492 E4179.1793
G1 X105.468 Y144.492 E4180.6410
G1 X105.468 Y105.508 E4182.0997
G0 F3900 X105.878 Y105.915
G1 F2400 X105.878 Y144.084 E4183.5279
G1 X144.121 Y144.084 E4184.9589
G1 X144.121 Y105.915 E4186.3870
G1 X105.878 Y105.915 E4187.8180
;PRINTING_TIME: 2896
;REMAINING_TIME: 592
;LAYER:127
;Z:32.000
;HEIGHT:0.250
;FLOW:100.0
;PRINTING: Flow_Calibration_Cube_0.4_mm.stl
;PRINTING_ID: 0
G1 F2400 E4184.8180
G1 F300 Z32.200
G0 F3900 X105.068 Y105.108
G0 F300 Z32.000
;TYPE:WALL-OUTER
;WIDTH:0.400
G1 F300 Z32.000
G1 F1500 E4187.8180
G1 F2100 X144.932 Y105.108 E4189.4754
G1 X144.932 Y144.892 E4191.1294
G1 X105.068 Y144.892 E4192.7867
G1 X105.068 Y105.108 E4194.4408
G1 F2400 E4191.4408
G1 F300 Z32.200
G0 F3900 X106.278 Y106.315
G1 F300 Z32.000
G1 F1500 E4194.4408
G1 F2100 X106.278 Y143.684 E4195.9944
G1 X143.721 Y143.684 E4197.5511
G1 X143.721 Y106.315 E4199.1047
G1 X106.278 Y106.315 E4200.6614
G0 F3900 X105.468 Y105.508
;TYPE:WALL-INNER
;WIDTH:0.400
;FLOW:90.0
G1 F2400 X144.532 Y105.508 E4202.1231
G1 X144.532 Y144.492 E4203.5818
G1 X105.468 Y144.492 E4205.0435
G1 X105.468 Y105.508 E4206.5022
G0 F3900 X105.878 Y105.915
G1 F2400 X105.878 Y144.084 E4207.9303
G1 X144.121 Y144.084 E4209.3613
G1 X144.121 Y105.915 E4210.7895
G1 X105.878 Y105.915 E4212.2205
;PRINTING_TIME: 2914
;REMAINING_TIME: 574
;LAYER:128
;Z:32.250
;HEIGHT:0.250
;FLOW:100.0
;PRINTING: Flow_Calibration_Cube_0.4_mm.stl
;PRINTING_ID: 0
G1 F2400 E4209.2205
G1 F300 Z32.450
G0 F3900 X105.068 Y105.108
G0 F300 Z32.250
;TYPE:WALL-OUTER
;WIDTH:0.400
G1 F300 Z32.250
G1 F1500 E4212.2205
G1 F2100 X144.932 Y105.108 E4213.8778
G1 X144.932 Y144.892 E4215.5318
G1 X105.068 Y144.892 E4217.1892
G1 X105.068 Y105.108 E4218.8432
G1 F2400 E4215.8432
G1 F300 Z32.450
G0 F3900 X106.278 Y106.315
G1 F300 Z32.250
G1 F1500 E4218.8432
G1 F2100 X106.278 Y143.684 E4220.3969
G1 X143.721 Y143.684 E4221.9536
G1 X143.721 Y106.315 E4223.5072
G1 X106.278 Y106.315 E4225.0639
G0 F3900 X105.468 Y105.508
;TYPE:WALL-INNER
;WIDTH:0.400
;FLOW:90.0
G1 F2400 X144.532 Y105.508 E4226.5256
G1 X144.532 Y144.492 E4227.9842
G1 X105.468 Y144.492 E4229.4459
G1 X105.468 Y105.508 E4230.9046
G0 F3900 X105.878 Y105.915
G1 F2400 X105.878 Y144.084 E4232.3328
G1 X144.121 Y144.084 E4233.7638
G1 X144.121 Y105.915 E4235.1920
G1 X105.878 Y105.915 E4236.6229
;PRINTING_TIME: 2932
;REMAINING_TIME: 556
;LAYER:129
;Z:32.500
;HEIGHT:0.250
;FLOW:100.0
;PRINTING: Flow_Calibration_Cube_0.4_mm.stl
;PRINTING_ID: 0
G1 F2400 E4233.6229
G1 F300 Z32.700
G0 F3900 X105.068 Y105.108
G0 F300 Z32.500
;TYPE:WALL-OUTER
;WIDTH:0.400
G1 F300 Z32.500
G1 F1500 E4236.6229
G1 F2100 X144.932 Y105.108 E4238.2803
G1 X144.932 Y144.892 E4239.9343
G1 X105.068 Y144.892 E4241.5917
G1 X105.068 Y105.108 E4243.2457
G1 F2400 E4240.2457
G1 F300 Z32.700
G0 F3900 X106.278 Y106.315
G1 F300 Z32.500
G1 F1500 E4243.2457
G1 F2100 X106.278 Y143.684 E4244.7993
G1 X143.721 Y143.684 E4246.3560
G1 X143.721 Y106.315 E4247.9096
G1 X106.278 Y106.315 E4249.4663
G0 F3900 X105.468 Y105.508
;TYPE:WALL-INNER
;WIDTH:0.400
;FLOW:90.0
G1 F2400 X144.532 Y105.508 E4250.9280
G1 X144.532 Y144.492 E4252.3867
G1 X105.468 Y144.492 E4253.8484
G1 X105.468 Y105.508 E4255.3071
G0 F3900 X105.878 Y105.915
G1 F2400 X105.878 Y144.084 E4256.7353
G1 X144.121 Y144.084 E4258.1662
G1 X144.121 Y105.915 E4259.5944
G1 X105.878 Y105.915 E4261.0254
;PRINTING_TIME: 2949
;REMAINING_TIME: 538
;LAYER:130
;Z:32.750
;HEIGHT:0.250
;FLOW:100.0
;PRINTING: Flow_Calibration_Cube_0.4_mm.stl
;PRINTING_ID: 0
G1 F2400 E4258.0254
G1 F300 Z32.950
G0 F3900 X105.068 Y105.108
G0 F300 Z32.750
;TYPE:WALL-OUTER
;WIDTH:0.400
G1 F300 Z32.750
G1 F1500 E4261.0254
G1 F2100 X144.932 Y105.108 E4262.6827
G1 X144.932 Y144.892 E4264.3368
G1 X105.068 Y144.892 E4265.9941
G1 X105.068 Y105.108 E4267.6482
G1 F2400 E4264.6482
G1 F300 Z32.950
G0 F3900 X106.278 Y106.315
G1 F300 Z32.750
G1 F1500 E4267.6482
G1 F2100 X106.278 Y143.684 E4269.2018
G1 X143.721 Y143.684 E4270.7585
G1 X143.721 Y106.315 E4272.3121
G1 X106.278 Y106.315 E4273.8688
G0 F3900 X105.468 Y105.508
;TYPE:WALL-INNER
;WIDTH:0.400
;FLOW:90.0
G1 F2400 X144.532 Y105.508 E4275.3305
G1 X144.532 Y144.492 E4276.7892
G1 X105.468 Y144.492 E4278.2509
G1 X105.468 Y105.508 E4279.7095
G0 F3900 X105.878 Y105.915
G1 F2400 X105.878 Y144.084 E4281.1377
G1 X144.121 Y144.084 E4282.5687
G1 X144.121 Y105.915 E4283.9969
G1 X105.878 Y105.915 E4285.4279
;PRINTING_TIME: 2967
;REMAINING_TIME: 520
;LAYER:131
;Z:33.000
;HEIGHT:0.250
;FLOW:100.0
;PRINTING: Flow_Calibration_Cube_0.4_mm.stl
;PRINTING_ID: 0
G1 F2400 E4282.4279
G1 F300 Z33.200
G0 F3900 X105.068 Y105.108
G0 F300 Z33.000
;TYPE:WALL-OUTER
;WIDTH:0.400
G1 F300 Z33.000
G1 F1500 E4285.4279
G1 F2100 X144.932 Y105.108 E4287.0852
G1 X144.932 Y144.892 E4288.7392
G1 X105.068 Y144.892 E4290.3966
G1 X105.068 Y105.108 E4292.0506
G1 F2400 E4289.0506
G1 F300 Z33.200
G0 F3900 X106.278 Y106.315
G1 F300 Z33.000
G1 F1500 E4292.0506
G1 F2100 X106.278 Y143.684 E4293.6042
G1 X143.721 Y143.684 E4295.1609
G1 X143.721 Y106.315 E4296.7146
G1 X106.278 Y106.315 E4298.2713
G0 F3900 X105.468 Y105.508
;TYPE:WALL-INNER
;WIDTH:0.400
;FLOW:90.0
G1 F2400 X144.532 Y105.508 E4299.7329
G1 X144.532 Y144.492 E4301.1916
G1 X105.468 Y144.492 E4302.6533
G1 X105.468 Y105.508 E4304.1120
G0 F3900 X105.878 Y105.915
G1 F2400 X105.878 Y144.084 E4305.5402
G1 X144.121 Y144.084 E4306.9712
G1 X144.121 Y105.915 E4308.3994
G1 X105.878 Y105.915 E4309.8303
;PRINTING_TIME: 2985
;REMAINING_TIME: 502
;LAYER:132
;Z:33.250
;HEIGHT:0.250
;FLOW:100.0
;PRINTING: Flow_Calibration_Cube_0.4_mm.stl
;PRINTING_ID: 0
G1 F2400 E4306.8303
G1 F300 Z33.450
G0 F3900 X105.068 Y105.108
G0 F300 Z33.250
;TYPE:WALL-OUTER
;WIDTH:0.400
G1 F300 Z33.250
G1 F1500 E4309.8303
G1 F2100 X144.932 Y105.108 E4311.4877
G1 X144.932 Y144.892 E4313.1417
G1 X105.068 Y144.892 E4314.7991
G1 X105.068 Y105.108 E4316.4531
G1 F2400 E4313.4531
G1 F300 Z33.450
G0 F3900 X106.278 Y106.315
G1 F300 Z33.250
G1 F1500 E4316.4531
G1 F2100 X106.278 Y143.684 E4318.0067
G1 X143.721 Y143.684 E4319.5634
G1 X143.721 Y106.315 E4321.1170
G1 X106.278 Y106.315 E4322.6737
G0 F3900 X105.468 Y105.508
;TYPE:WALL-INNER
;WIDTH:0.400
;FLOW:90.0
G1 F2400 X144.532 Y105.508 E4324.1354
G1 X144.532 Y144.492 E4325.5941
G1 X105.468 Y144.492 E4327.0558
G1 X105.468 Y105.508 E4328.5145
G0 F3900 X105.878 Y105.915
G1 F2400 X105.878 Y144.084 E4329.9427
G1 X144.121 Y144.084 E4331.3736
G1 X144.121 Y105.915 E4332.8018
G1 X105.878 Y105.915 E4334.2328
;PRINTING_TIME: 3003
;REMAINING_TIME: 484
;LAYER:133
;Z:33.500
;HEIGHT:0.250
;FLOW:100.0
;PRINTING: Flow_Calibration_Cube_0.4_mm.stl
;PRINTING_ID: 0
G1 F2400 E4331.2328
G1 F300 Z33.700
G0 F3900 X105.068 Y105.108
G0 F300 Z33.500
;TYPE:WALL-OUTER
;WIDTH:0.400
G1 F300 Z33.500
G1 F1500 E4334.2328
G1 F2100 X144.932 Y105.108 E4335.8901
G1 X144.932 Y144.892 E4337.5442
G1 X105.068 Y144.892 E4339.2015
G1 X105.068 Y105.108 E4340.8555
G1 F2400 E4337.8555
G1 F300 Z33.700
G0 F3900 X106.278 Y106.315
G1 F300 Z33.500
G1 F1500 E4340.8555
G1 F2100 X106.278 Y143.684 E4342.4092
G1 X143.721 Y143.684 E4343.9659
G1 X143.721 Y106.315 E4345.5195
G1 X106.278 Y106.315 E4347.0762
G0 F3900 X105.468 Y105.508
;TYPE:WALL-INNER
;WIDTH:0.400
;FLOW:90.0
G1 F2400 X144.532 Y105.508 E4348.5379
G1 X144.532 Y144.492 E4349.9966
G1 X105.468 Y144.492 E4351.4582
G1 X105.468 Y105.508 E4352.9169
G0 F3900 X105.878 Y105.915
G1 F2400 X105.878 Y144.084 E4354.3451
G1 X144.121 Y144.084 E4355.7761
G1 X144.121 Y105.915 E4357.2043
G1 X105.878 Y105.915 E4358.6352
;PRINTING_TIME: 3021
;REMAINING_TIME: 466
;LAYER:134
;Z:33.750
;HEIGHT:0.250
;FLOW:100.0
;PRINTING: Flow_Calibration_Cube_0.4_mm.stl
;PRINTING_ID: 0
G1 F2400 E4355.6352
G1 F300 Z33.950
G0 F3900 X105.068 Y105.108
G0 F300 Z33.750
;TYPE:WALL-OUTER
;WIDTH:0.400
G1 F300 Z33.750
G1 F1500 E4358.6352
G1 F2100 X144.932 Y105.108 E4360.2926
G1 X144.932 Y144.892 E4361.9466
G1 X105.068 Y144.892 E4363.6040
G1 X105.068 Y105.108 E4365.2580
G1 F2400 E4362.2580
G1 F300 Z33.950
G0 F3900 X106.278 Y106.315
G1 F300 Z33.750
G1 F1500 E4365.2580
G1 F2100 X106.278 Y143.684 E4366.8116
G1 X143.721 Y143.684 E4368.3683
G1 X143.721 Y106.315 E4369.9219
G1 X106.278 Y106.315 E4371.4786
G0 F3900 X105.468 Y105.508
;TYPE:WALL-INNER
;WIDTH:0.400
;FLOW:90.0
G1 F2400 X144.532 Y105.508 E4372.9403
G1 X144.532 Y144.492 E4374.3990
G1 X105.468 Y144.492 E4375.8607
G1 X105.468 Y105.508 E4377.3194
G0 F3900 X105.878 Y105.915
G1 F2400 X105.878 Y144.084 E4378.7476
G1 X144.121 Y144.084 E4380.1785
G1 X144.121 Y105.915 E4381.6067
G1 X105.878 Y105.915 E4383.0377
;PRINTING_TIME: 3039
;REMAINING_TIME: 448
;LAYER:135
;Z:34.000
;HEIGHT:0.250
;FLOW:100.0
;PRINTING: Flow_Calibration_Cube_0.4_mm.stl
;PRINTING_ID: 0
G1 F2400 E4380.0377
G1 F300 Z34.200
G0 F3900 X105.068 Y105.108
G0 F300 Z34.000
;TYPE:WALL-OUTER
;WIDTH:0.400
G1 F300 Z34.000
G1 F1500 E4383.0377
G1 F2100 X144.932 Y105.108 E4384.6951
G1 X144.932 Y144.892 E4386.3491
G1 X105.068 Y144.892 E4388.0064
G1 X105.068 Y105.108 E4389.6605
G1 F2400 E4386.6605
G1 F300 Z34.200
G0 F3900 X106.278 Y106.315
G1 F300 Z34.000
G1 F1500 E4389.6605
G1 F2100 X106.278 Y143.684 E4391.2141
G1 X143.721 Y143.684 E4392.7708
G1 X143.721 Y106.315 E4394.3244
G1 X106.278 Y106.315 E4395.8811
G0 F3900 X105.468 Y105.508
;TYPE:WALL-INNER
;WIDTH:0.400
;FLOW:90.0
G1 F2400 X144.532 Y105.508 E4397.3428
G1 X144.532 Y144.492 E4398.8015
G1 X105.468 Y144.492 E4400.2632
G1 X105.468 Y105.508 E4401.7219
G0 F3900 X105.878 Y105.915
G1 F2400 X105.878 Y144.084 E4403.1500
G1 X144.121 Y144.084 E4404.5810
G1 X144.121 Y105.915 E4406.0092
G1 X105.878 Y105.915 E4407.4402
;PRINTING_TIME: 3057
;REMAINING_TIME: 430
;LAYER:136
;Z:34.250
;HEIGHT:0.250
;FLOW:100.0
;PRINTING: Flow_Calibration_Cube_0.4_mm.stl
;PRINTING_ID: 0
G1 F2400 E4404.4402
G1 F300 Z34.450
G0 F3900 X105.068 Y105.108
G0 F300 Z34.250
;TYPE:WALL-OUTER
;WIDTH:0.400
G1 F300 Z34.250
G1 F1500 E4407.4402
G1 F2100 X144.932 Y105.108 E4409.0975
G1 X144.932 Y144.892 E4410.7515
G1 X105.068 Y144.892 E4412.4089
G1 X105.068 Y105.108 E4414.0629
G1 F2400 E4411.0629
G1 F300 Z34.450
G0 F3900 X106.278 Y106.315
G1 F300 Z34.250
G1 F1500 E4414.0629
G1 F2100 X106.278 Y143.684 E4415.6165
G1 X143.721 Y143.684 E4417.1732
G1 X143.721 Y106.315 E4418.7269
G1 X106.278 Y106.315 E4420.2836
G0 F3900 X105.468 Y105.508
;TYPE:WALL-INNER
;WIDTH:0.400
;FLOW:90.0
G1 F2400 X144.532 Y105.508 E4421.7453
G1 X144.532 Y144.492 E4423.2039
G1 X105.468 Y144.492 E4424.6656
G1 X105.468 Y105.508 E4426.1243
G0 F3900 X105.878 Y105.915
G1 F2400 X105.878 Y144.084 E4427.5525
G1 X144.121 Y144.084 E4428.9835
G1 X144.121 Y105.915 E4430.4117
G1 X105.878 Y105.915 E4431.8426
;PRINTING_TIME: 3075
;REMAINING_TIME: 412
;LAYER:137
;Z:34.500
;HEIGHT:0.250
;FLOW:100.0
;PRINTING: Flow_Calibration_Cube_0.4_mm.stl
;PRINTING_ID: 0
G1 F2400 E4428.8426
G1 F300 Z34.700
G0 F3900 X105.068 Y105.108
G0 F300 Z34.500
;TYPE:WALL-OUTER
;WIDTH:0.400
G1 F300 Z34.500
G1 F1500 E4431.8426
G1 F2100 X144.932 Y105.108 E4433.5000
G1 X144.932 Y144.892 E4435.1540
G1 X105.068 Y144.892 E4436.8114
G1 X105.068 Y105.108 E4438.4654
G1 F2400 E4435.4654
G1 F300 Z34.700
G0 F3900 X106.278 Y106.315
G1 F300 Z34.500
G1 F1500 E4438.4654
G1 F2100 X106.278 Y143.684 E4440.0190
G1 X143.721 Y143.684 E4441.5757
G1 X143.721 Y106.315 E4443.1293
G1 X106.278 Y106.315 E4444.6860
G0 F3900 X105.468 Y105.508
;TYPE:WALL-INNER
;WIDTH:0.400
;FLOW:90.0
G1 F2400 X144.532 Y105.508 E4446.1477
G1 X144.532 Y144.492 E4447.6064
G1 X105.468 Y144.492 E4449.0681
G1 X105.468 Y105.508 E4450.5268
G0 F3900 X105.878 Y105.915
G1 F2400 X105.878 Y144.084 E4451.9550
G1 X144.121 Y144.084 E4453.3859
G1 X144.121 Y105.915 E4454.8141
G1 X105.878 Y105.915 E4456.2451
;PRINTING_TIME: 3093
;REMAINING_TIME: 394
;LAYER:138
;Z:34.750
;HEIGHT:0.250
;FLOW:100.0
;PRINTING: Flow_Calibration_Cube_0.4_mm.stl
;PRINTING_ID: 0
G1 F2400 E4453.2451
G1 F300 Z34.950
G0 F3900 X105.068 Y105.108
G0 F300 Z34.750
;TYPE:WALL-OUTER
;WIDTH:0.400
G1 F300 Z34.750
G1 F1500 E4456.2451
G1 F2100 X144.932 Y105.108 E4457.9024
G1 X144.932 Y144.892 E4459.5565
G1 X105.068 Y144.892 E4461.2138
G1 X105.068 Y105.108 E4462.8679
G1 F2400 E4459.8679
G1 F300 Z34.950
G0 F3900 X106.278 Y106.315
G1 F300 Z34.750
G1 F1500 E4462.8679
G1 F2100 X106.278 Y143.684 E4464.4215
G1 X143.721 Y143.684 E4465.9782
G1 X143.721 Y106.315 E4467.5318
G1 X106.278 Y106.315 E4469.0885
G0 F3900 X105.468 Y105.508
;TYPE:WALL-INNER
;WIDTH:0.400
;FLOW:90.0
G1 F2400 X144.532 Y105.508 E4470.5502
G1 X144.532 Y144.492 E4472.0089
G1 X105.468 Y144.492 E4473.4705
G1 X105.468 Y105.508 E4474.9292
G0 F3900 X105.878 Y105.915
G1 F2400 X105.878 Y144.084 E4476.3574
G1 X144.121 Y144.084 E4477.7884
G1 X144.121 Y105.915 E4479.2166
G1 X105.878 Y105.915 E4480.6476
;PRINTING_TIME: 3111
;REMAINING_TIME: 376
;LAYER:139
;Z:35.000
;HEIGHT:0.250
;FLOW:100.0
;PRINTING: Flow_Calibration_Cube_0.4_mm.stl
;PRINTING_ID: 0
G1 F2400 E4477.6476
G1 F300 Z35.200
G0 F3900 X105.068 Y105.108
G0 F300 Z35.000
;TYPE:WALL-OUTER
;WIDTH:0.400
G1 F300 Z35.000
G1 F1500 E4480.6476
G1 F2100 X144.932 Y105.108 E4482.3049
G1 X144.932 Y144.892 E4483.9589
G1 X105.068 Y144.892 E4485.6163
G1 X105.068 Y105.108 E4487.2703
G1 F2400 E4484.2703
G1 F300 Z35.200
G0 F3900 X106.278 Y106.315
G1 F300 Z35.000
G1 F1500 E4487.2703
G1 F2100 X106.278 Y143.684 E4488.8239
G1 X143.721 Y143.684 E4490.3806
G1 X143.721 Y106.315 E4491.9343
G1 X106.278 Y106.315 E4493.4910
G0 F3900 X105.468 Y105.508
;TYPE:WALL-INNER
;WIDTH:0.400
;FLOW:90.0
G1 F2400 X144.532 Y105.508 E4494.9526
G1 X144.532 Y144.492 E4496.4113
G1 X105.468 Y144.492 E4497.8730
G1 X105.468 Y105.508 E4499.3317
G0 F3900 X105.878 Y105.915
G1 F2400 X105.878 Y144.084 E4500.7599
G1 X144.121 Y144.084 E4502.1909
G1 X144.121 Y105.915 E4503.6191
G1 X105.878 Y105.915 E4505.0500
;PRINTING_TIME: 3129
;REMAINING_TIME: 359
;LAYER:140
;Z:35.250
;HEIGHT:0.250
;FLOW:100.0
;PRINTING: Flow_Calibration_Cube_0.4_mm.stl
;PRINTING_ID: 0
G1 F2400 E4502.0500
G1 F300 Z35.450
G0 F3900 X105.068 Y105.108
G0 F300 Z35.250
;TYPE:WALL-OUTER
;WIDTH:0.400
G1 F300 Z35.250
G1 F1500 E4505.0500
G1 F2100 X144.932 Y105.108 E4506.7074
G1 X144.932 Y144.892 E4508.3614
G1 X105.068 Y144.892 E4510.0187
G1 X105.068 Y105.108 E4511.6728
G1 F2400 E4508.6728
G1 F300 Z35.450
G0 F3900 X106.278 Y106.315
G1 F300 Z35.250
G1 F1500 E4511.6728
G1 F2100 X106.278 Y143.684 E4513.2264
G1 X143.721 Y143.684 E4514.7831
G1 X143.721 Y106.315 E4516.3367
G1 X106.278 Y106.315 E4517.8934
G0 F3900 X105.468 Y105.508
;TYPE:WALL-INNER
;WIDTH:0.400
;FLOW:90.0
G1 F2400 X144.532 Y105.508 E4519.3551
G1 X144.532 Y144.492 E4520.8138
G1 X105.468 Y144.492 E4522.2755
G1 X105.468 Y105.508 E4523.7342
G0 F3900 X105.878 Y105.915
G1 F2400 X105.878 Y144.084 E4525.1624
G1 X144.121 Y144.084 E4526.5933
G1 X144.121 Y105.915 E4528.0215
G1 X105.878 Y105.915 E4529.4525
;PRINTING_TIME: 3147
;REMAINING_TIME: 341
;LAYER:141
;Z:35.500
;HEIGHT:0.250
;FLOW:100.0
;PRINTING: Flow_Calibration_Cube_0.4_mm.stl
;PRINTING_ID: 0
G1 F2400 E4526.4525
G1 F300 Z35.700
G0 F3900 X105.068 Y105.108
G0 F300 Z35.500
;TYPE:WALL-OUTER
;WIDTH:0.400
G1 F300 Z35.500
G1 F1500 E4529.4525
G1 F2100 X144.932 Y105.108 E4531.1098
G1 X144.932 Y144.892 E4532.7639
G1 X105.068 Y144.892 E4534.4212
G1 X105.068 Y105.108 E4536.0752
G1 F2400 E4533.0752
G1 F300 Z35.700
G0 F3900 X106.278 Y106.315
G1 F300 Z35.500
G1 F1500 E4536.0752
G1 F2100 X106.278 Y143.684 E4537.6289
G1 X143.721 Y143.684 E4539.1856
G1 X143.721 Y106.315 E4540.7392
G1 X106.278 Y106.315 E4542.2959
G0 F3900 X105.468 Y105.508
;TYPE:WALL-INNER
;WIDTH:0.400
;FLOW:90.0
G1 F2400 X144.532 Y105.508 E4543.7576
G1 X144.532 Y144.492 E4545.2163
G1 X105.468 Y144.492 E4546.6779
G1 X105.468 Y105.508 E4548.1366
G0 F3900 X105.878 Y105.915
G1 F2400 X105.878 Y144.084 E4549.5648
G1 X144.121 Y144.084 E4550.9958
G1 X144.121 Y105.915 E4552.4240
G1 X105.878 Y105.915 E4553.8549
;PRINTING_TIME: 3165
;REMAINING_TIME: 323
;LAYER:142
;Z:35.750
;HEIGHT:0.250
;FLOW:100.0
;PRINTING: Flow_Calibration_Cube_0.4_mm.stl
;PRINTING_ID: 0
G1 F2400 E4550.8549
G1 F300 Z35.950
G0 F3900 X105.068 Y105.108
G0 F300 Z35.750
;TYPE:WALL-OUTER
;WIDTH:0.400
G1 F300 Z35.750
G1 F1500 E4553.8549
G1 F2100 X144.932 Y105.108 E4555.5123
G1 X144.932 Y144.892 E4557.1663
G1 X105.068 Y144.892 E4558.8237
G1 X105.068 Y105.108 E4560.4777
G1 F2400 E4557.4777
G1 F300 Z35.950
G0 F3900 X106.278 Y106.315
G1 F300 Z35.750
G1 F1500 E4560.4777
G1 F2100 X106.278 Y143.684 E4562.0313
G1 X143.721 Y143.684 E4563.5880
G1 X143.721 Y106.315 E4565.1416
G1 X106.278 Y106.315 E4566.6983
G0 F3900 X105.468 Y105.508
;TYPE:WALL-INNER
;WIDTH:0.400
;FLOW:90.0
G1 F2400 X144.532 Y105.508 E4568.1600
G1 X144.532 Y144.492 E4569.6187
G1 X105.468 Y144.492 E4571.0804
G1 X105.468 Y105.508 E4572.5391
G0 F3900 X105.878 Y105.915
G1 F2400 X105.878 Y144.084 E4573.9673
G1 X144.121 Y144.084 E4575.3982
G1 X144.121 Y105.915 E4576.8264
G1 X105.878 Y105.915 E4578.2574
;PRINTING_TIME: 3183
;REMAINING_TIME: 305
;LAYER:143
;Z:36.000
;HEIGHT:0.250
;FLOW:100.0
;PRINTING: Flow_Calibration_Cube_0.4_mm.stl
;PRINTING_ID: 0
G1 F2400 E4575.2574
G1 F300 Z36.200
G0 F3900 X105.068 Y105.108
G0 F300 Z36.000
;TYPE:WALL-OUTER
;WIDTH:0.400
G1 F300 Z36.000
G1 F1500 E4578.2574
G1 F2100 X144.932 Y105.108 E4579.9148
G1 X144.932 Y144.892 E4581.5688
G1 X105.068 Y144.892 E4583.2261
G1 X105.068 Y105.108 E4584.8802
G1 F2400 E4581.8802
G1 F300 Z36.200
G0 F3900 X106.278 Y106.315
G1 F300 Z36.000
G1 F1500 E4584.8802
G1 F2100 X106.278 Y143.684 E4586.4338
G1 X143.721 Y143.684 E4587.9905
G1 X143.721 Y106.315 E4589.5441
G1 X106.278 Y106.315 E4591.1008
G0 F3900 X105.468 Y105.508
;TYPE:WALL-INNER
;WIDTH:0.400
;FLOW:90.0
G1 F2400 X144.532 Y105.508 E4592.5625
G1 X144.532 Y144.492 E4594.0212
G1 X105.468 Y144.492 E4595.4829
G1 X105.468 Y105.508 E4596.9416
G0 F3900 X105.878 Y105.915
G1 F2400 X105.878 Y144.084 E4598.3697
G1 X144.121 Y144.084 E4599.8007
G1 X144.121 Y105.915 E4601.2289
G1 X105.878 Y105.915 E4602.6599
;PRINTING_TIME: 3200
;REMAINING_TIME: 287
;LAYER:144
;Z:36.250
;HEIGHT:0.250
;FLOW:100.0
;PRINTING: Flow_Calibration_Cube_0.4_mm.stl
;PRINTING_ID: 0
G1 F2400 E4599.6599
G1 F300 Z36.450
G0 F3900 X105.068 Y105.108
G0 F300 Z36.250
;TYPE:WALL-OUTER
;WIDTH:0.400
G1 F300 Z36.250
G1 F1500 E4602.6599
G1 F2100 X144.932 Y105.108 E4604.3172
G1 X144.932 Y144.892 E4605.9712
G1 X105.068 Y144.892 E4607.6286
G1 X105.068 Y105.108 E4609.2826
G1 F2400 E4606.2826
G1 F300 Z36.450
G0 F3900 X106.278 Y106.315
G1 F300 Z36.250
G1 F1500 E4609.2826
G1 F2100 X106.278 Y143.684 E4610.8362
G1 X143.721 Y143.684 E4612.3929
G1 X143.721 Y106.315 E4613.9466
G1 X106.278 Y106.315 E4615.5033
G0 F3900 X105.468 Y105.508
;TYPE:WALL-INNER
;WIDTH:0.400
;FLOW:90.0
G1 F2400 X144.532 Y105.508 E4616.9649
G1 X144.532 Y144.492 E4618.4236
G1 X105.468 Y144.492 E4619.8853
G1 X105.468 Y105.508 E4621.3440
G0 F3900 X105.878 Y105.915
G1 F2400 X105.878 Y144.084 E4622.7722
G1 X144.121 Y144.084 E4624.2032
G1 X144.121 Y105.915 E4625.6314
G1 X105.878 Y105.915 E4627.0623
;PRINTING_TIME: 3218
;REMAINING_TIME: 269
;LAYER:145
;Z:36.500
;HEIGHT:0.250
;FLOW:100.0
;PRINTING: Flow_Calibration_Cube_0.4_mm.stl
;PRINTING_ID: 0
G1 F2400 E4624.0623
G1 F300 Z36.700
G0 F3900 X105.068 Y105.108
G0 F300 Z36.500
;TYPE:WALL-OUTER
;WIDTH:0.400
G1 F300 Z36.500
G1 F1500 E4627.0623
G1 F2100 X144.932 Y105.108 E4628.7197
G1 X144.932 Y144.892 E4630.3737
G1 X105.068 Y144.892 E4632.0311
G1 X105.068 Y105.108 E4633.6851
G1 F2400 E4630.6851
G1 F300 Z36.700
G0 F3900 X106.278 Y106.315
G1 F300 Z36.500
G1 F1500 E4633.6851
G1 F2100 X106.278 Y143.684 E4635.2387
G1 X143.721 Y143.684 E4636.7954
G1 X143.721 Y106.315 E4638.3490
G1 X106.278 Y106.315 E4639.9057
G0 F3900 X105.468 Y105.508
;TYPE:WALL-INNER
;WIDTH:0.400
;FLOW:90.0
G1 F2400 X144.532 Y105.508 E4641.3674
G1 X144.532 Y144.492 E4642.8261
G1 X105.468 Y144.492 E4644.2878
G1 X105.468 Y105.508 E4645.7465
G0 F3900 X105.878 Y105.915
G1 F2400 X105.878 Y144.084 E4647.1747
G1 X144.121 Y144.084 E4648.6056
G1 X144.121 Y105.915 E4650.0338
G1 X105.878 Y105.915 E4651.4648
;PRINTING_TIME: 3236
;REMAINING_TIME: 251
;LAYER:146
;Z:36.750
;HEIGHT:0.250
;FLOW:100.0
;PRINTING: Flow_Calibration_Cube_0.4_mm.stl
;PRINTING_ID: 0
G1 F2400 E4648.4648
G1 F300 Z36.950
G0 F3900 X105.068 Y105.108
G0 F300 Z36.750
;TYPE:WALL-OUTER
;WIDTH:0.400
G1 F300 Z36.750
G1 F1500 E4651.4648
G1 F2100 X144.932 Y105.108 E4653.1221
G1 X144.932 Y144.892 E4654.7762
G1 X105.068 Y144.892 E4656.4335
G1 X105.068 Y105.108 E4658.0875
G1 F2400 E4655.0875
G1 F300 Z36.950
G0 F3900 X106.278 Y106.315
G1 F300 Z36.750
G1 F1500 E4658.0875
G1 F2100 X106.278 Y143.684 E4659.6412
G1 X143.721 Y143.684 E4661.1979
G1 X143.721 Y106.315 E4662.7515
G1 X106.278 Y106.315 E4664.3082
G0 F3900 X105.468 Y105.508
;TYPE:WALL-INNER
;WIDTH:0.400
;FLOW:90.0
G1 F2400 X144.532 Y105.508 E4665.7699
G1 X144.532 Y144.492 E4667.2286
G1 X105.468 Y144.492 E4668.6902
G1 X105.468 Y105.508 E4670.1489
G0 F3900 X105.878 Y105.915
G1 F2400 X105.878 Y144.084 E4671.5771
G1 X144.121 Y144.084 E4673.0081
G1 X144.121 Y105.915 E4674.4363
G1 X105.878 Y105.915 E4675.8673
;PRINTING_TIME: 3254
;REMAINING_TIME: 233
;LAYER:147
;Z:37.000
;HEIGHT:0.250
;FLOW:100.0
;PRINTING: Flow_Calibration_Cube_0.4_mm.stl
;PRINTING_ID: 0
G1 F2400 E4672.8673
G1 F300 Z37.200
G0 F3900 X105.068 Y105.108
G0 F300 Z37.000
;TYPE:WALL-OUTER
;WIDTH:0.400
G1 F300 Z37.000
G1 F1500 E4675.8673
G1 F2100 X144.932 Y105.108 E4677.5246
G1 X144.932 Y144.892 E4679.1786
G1 X105.068 Y144.892 E4680.8360
G1 X105.068 Y105.108 E4682.4900
G1 F2400 E4679.4900
G1 F300 Z37.200
G0 F3900 X106.278 Y106.315
G1 F300 Z37.000
G1 F1500 E4682.4900
G1 F2100 X106.278 Y143.684 E4684.0436
G1 X143.721 Y143.684 E4685.6003
G1 X143.721 Y106.315 E4687.1540
G1 X106.278 Y106.315 E4688.7107
G0 F3900 X105.468 Y105.508
;TYPE:WALL-INNER
;WIDTH:0.400
;FLOW:90.0
G1 F2400 X144.532 Y105.508 E4690.1723
G1 X144.532 Y144.492 E4691.6310
G1 X105.468 Y144.492 E4693.0927
G1 X105.468 Y105.508 E4694.5514
G0 F3900 X105.878 Y105.915
G1 F2400 X105.878 Y144.084 E4695.9796
G1 X144.121 Y144.084 E4697.4106
G1 X144.121 Y105.915 E4698.8388
G1 X105.878 Y105.915 E4700.2697
;PRINTING_TIME: 3272
;REMAINING_TIME: 215
;LAYER:148
;Z:37.250
;HEIGHT:0.250
;FLOW:100.0
;PRINTING: Flow_Calibration_Cube_0.4_mm.stl
;PRINTING_ID: 0
G1 F2400 E4697.2697
G1 F300 Z37.450
G0 F3900 X105.068 Y105.108
G0 F300 Z37.250
;TYPE:WALL-OUTER
;WIDTH:0.400
G1 F300 Z37.250
G1 F1500 E4700.2697
G1 F2100 X144.932 Y105.108 E4701.9271
G1 X144.932 Y144.892 E4703.5811
G1 X105.068 Y144.892 E4705.2384
G1 X105.068 Y105.108 E4706.8925
G1 F2400 E4703.8925
G1 F300 Z37.450
G0 F3900 X106.278 Y106.315
G1 F300 Z37.250
G1 F1500 E4706.8925
G1 F2100 X106.278 Y143.684 E4708.4461
G1 X143.721 Y143.684 E4710.0028
G1 X143.721 Y106.315 E4711.5564
G1 X106.278 Y106.315 E4713.1131
G0 F3900 X105.468 Y105.508
;TYPE:WALL-INNER
;WIDTH:0.400
;FLOW:90.0
G1 F2400 X144.532 Y105.508 E4714.5748
G1 X144.532 Y144.492 E4716.0335
G1 X105.468 Y144.492 E4717.4952
G1 X105.468 Y105.508 E4718.9539
G0 F3900 X105.878 Y105.915
G1 F2400 X105.878 Y144.084 E4720.3821
G1 X144.121 Y144.084 E4721.8130
G1 X144.121 Y105.915 E4723.2412
G1 X105.878 Y105.915 E4724.6722
;PRINTING_TIME: 3290
;REMAINING_TIME: 197
;LAYER:149
;Z:37.500
;HEIGHT:0.250
;FLOW:100.0
;PRINTING: Flow_Calibration_Cube_0.4_mm.stl
;PRINTING_ID: 0
G1 F2400 E4721.6722
G1 F300 Z37.700
G0 F3900 X105.068 Y105.108
G0 F300 Z37.500
;TYPE:WALL-OUTER
;WIDTH:0.400
G1 F300 Z37.500
G1 F1500 E4724.6722
G1 F2100 X144.932 Y105.108 E4726.3295
G1 X144.932 Y144.892 E4727.9836
G1 X105.068 Y144.892 E4729.6409
G1 X105.068 Y105.108 E4731.2949
G1 F2400 E4728.2949
G1 F300 Z37.700
G0 F3900 X106.278 Y106.315
G1 F300 Z37.500
G1 F1500 E4731.2949
G1 F2100 X106.278 Y143.684 E4732.8486
G1 X143.721 Y143.684 E4734.4053
G1 X143.721 Y106.315 E4735.9589
G1 X106.278 Y106.315 E4737.5156
G0 F3900 X105.468 Y105.508
;TYPE:WALL-INNER
;WIDTH:0.400
;FLOW:90.0
G1 F2400 X144.532 Y105.508 E4738.9773
G1 X144.532 Y144.492 E4740.4360
G1 X105.468 Y144.492 E4741.8976
G1 X105.468 Y105.508 E4743.3563
G0 F3900 X105.878 Y105.915
G1 F2400 X105.878 Y144.084 E4744.7845
G1 X144.121 Y144.084 E4746.2155
G1 X144.121 Y105.915 E4747.6437
G1 X105.878 Y105.915 E4749.0746
;PRINTING_TIME: 3308
;REMAINING_TIME: 179
;LAYER:150
;Z:37.750
;HEIGHT:0.250
;FLOW:100.0
;PRINTING: Flow_Calibration_Cube_0.4_mm.stl
;PRINTING_ID: 0
G1 F2400 E4746.0746
G1 F300 Z37.950
G0 F3900 X105.068 Y105.108
G0 F300 Z37.750
;TYPE:WALL-OUTER
;WIDTH:0.400
G1 F300 Z37.750
G1 F1500 E4749.0746
G1 F2100 X144.932 Y105.108 E4750.7320
G1 X144.932 Y144.892 E4752.3860
G1 X105.068 Y144.892 E4754.0434
G1 X105.068 Y105.108 E4755.6974
G1 F2400 E4752.6974
G1 F300 Z37.950
G0 F3900 X106.278 Y106.315
G1 F300 Z37.750
G1 F1500 E4755.6974
G1 F2100 X106.278 Y143.684 E4757.2510
G1 X143.721 Y143.684 E4758.8077
G1 X143.721 Y106.315 E4760.3613
G1 X106.278 Y106.315 E4761.9180
G0 F3900 X105.468 Y105.508
;TYPE:WALL-INNER
;WIDTH:0.400
;FLOW:90.0
G1 F2400 X144.532 Y105.508 E4763.3797
G1 X144.532 Y144.492 E4764.8384
G1 X105.468 Y144.492 E4766.3001
G1 X105.468 Y105.508 E4767.7588
G0 F3900 X105.878 Y105.915
G1 F2400 X105.878 Y144.084 E4769.1870
G1 X144.121 Y144.084 E4770.6179
G1 X144.121 Y105.915 E4772.0461
G1 X105.878 Y105.915 E4773.4771
;PRINTING_TIME: 3326
;REMAINING_TIME: 161
;LAYER:151
;Z:38.000
;HEIGHT:0.250
;FLOW:100.0
;PRINTING: Flow_Calibration_Cube_0.4_mm.stl
;PRINTING_ID: 0
G1 F2400 E4770.4771
G1 F300 Z38.200
G0 F3900 X105.068 Y105.108
G0 F300 Z38.000
;TYPE:WALL-OUTER
;WIDTH:0.400
G1 F300 Z38.000
G1 F1500 E4773.4771
G1 F2100 X144.932 Y105.108 E4775.1345
G1 X144.932 Y144.892 E4776.7885
G1 X105.068 Y144.892 E4778.4458
G1 X105.068 Y105.108 E4780.0999
G1 F2400 E4777.0999
G1 F300 Z38.200
G0 F3900 X106.278 Y106.315
G1 F300 Z38.000
G1 F1500 E4780.0999
G1 F2100 X106.278 Y143.684 E4781.6535
G1 X143.721 Y143.684 E4783.2102
G1 X143.721 Y106.315 E4784.7638
G1 X106.278 Y106.315 E4786.3205
G0 F3900 X105.468 Y105.508
;TYPE:WALL-INNER
;WIDTH:0.400
;FLOW:90.0
G1 F2400 X144.532 Y105.508 E4787.7822
G1 X144.532 Y144.492 E4789.2409
G1 X105.468 Y144.492 E4790.7026
G1 X105.468 Y105.508 E4792.1612
G0 F3900 X105.878 Y105.915
G1 F2400 X105.878 Y144.084 E4793.5894
G1 X144.121 Y144.084 E4795.0204
G1 X144.121 Y105.915 E4796.4486
G1 X105.878 Y105.915 E4797.8796
;PRINTING_TIME: 3344
;REMAINING_TIME: 143
;LAYER:152
;Z:38.250
;HEIGHT:0.250
;FLOW:100.0
;PRINTING: Flow_Calibration_Cube_0.4_mm.stl
;PRINTING_ID: 0
G1 F2400 E4794.8796
G1 F300 Z38.450
G0 F3900 X105.068 Y105.108
G0 F300 Z38.250
;TYPE:WALL-OUTER
;WIDTH:0.400
G1 F300 Z38.250
G1 F1500 E4797.8796
G1 F2100 X144.932 Y105.108 E4799.5369
G1 X144.932 Y144.892 E4801.1909
G1 X105.068 Y144.892 E4802.8483
G1 X105.068 Y105.108 E4804.5023
G1 F2400 E4801.5023
G1 F300 Z38.450
G0 F3900 X106.278 Y106.315
G1 F300 Z38.250
G1 F1500 E4804.5023
G1 F2100 X106.278 Y143.684 E4806.0559
G1 X143.721 Y143.684 E4807.6126
G1 X143.721 Y106.315 E4809.1663
G1 X106.278 Y106.315 E4810.7230
G0 F3900 X105.468 Y105.508
;TYPE:WALL-INNER
;WIDTH:0.400
;FLOW:90.0
G1 F2400 X144.532 Y105.508 E4812.1846
G1 X144.532 Y144.492 E4813.6433
G1 X105.468 Y144.492 E4815.1050
G1 X105.468 Y105.508 E4816.5637
G0 F3900 X105.878 Y105.915
G1 F2400 X105.878 Y144.084 E4817.9919
G1 X144.121 Y144.084 E4819.4229
G1 X144.121 Y105.915 E4820.8511
G1 X105.878 Y105.915 E4822.2820
;PRINTING_TIME: 3362
;REMAINING_TIME: 125
;LAYER:153
;Z:38.500
;HEIGHT:0.250
;FLOW:100.0
;PRINTING: Flow_Calibration_Cube_0.4_mm.stl
;PRINTING_ID: 0
G1 F2400 E4819.2820
G1 F300 Z38.700
G0 F3900 X105.068 Y105.108
G0 F300 Z38.500
;TYPE:WALL-OUTER
;WIDTH:0.400
G1 F300 Z38.500
G1 F1500 E4822.2820
G1 F2100 X144.932 Y105.108 E4823.9394
G1 X144.932 Y144.892 E4825.5934
G1 X105.068 Y144.892 E4827.2508
G1 X105.068 Y105.108 E4828.9048
G1 F2400 E4825.9048
G1 F300 Z38.700
G0 F3900 X106.278 Y106.315
G1 F300 Z38.500
G1 F1500 E4828.9048
G1 F2100 X106.278 Y143.684 E4830.4584
G1 X143.721 Y143.684 E4832.0151
G1 X143.721 Y106.315 E4833.5687
G1 X106.278 Y106.315 E4835.1254
G0 F3900 X105.468 Y105.508
;TYPE:WALL-INNER
;WIDTH:0.400
;FLOW:90.0
G1 F2400 X144.532 Y105.508 E4836.5871
G1 X144.532 Y144.492 E4838.0458
G1 X105.468 Y144.492 E4839.5075
G1 X105.468 Y105.508 E4840.9662
G0 F3900 X105.878 Y105.915
G1 F2400 X105.878 Y144.084 E4842.3944
G1 X144.121 Y144.084 E4843.8253
G1 X144.121 Y105.915 E4845.2535
G1 X105.878 Y105.915 E4846.6845
;PRINTING_TIME: 3380
;REMAINING_TIME: 108
;LAYER:154
;Z:38.750
;HEIGHT:0.250
;FLOW:100.0
;PRINTING: Flow_Calibration_Cube_0.4_mm.stl
;PRINTING_ID: 0
G1 F2400 E4843.6845
G1 F300 Z38.950
G0 F3900 X105.068 Y105.108
G0 F300 Z38.750
;TYPE:WALL-OUTER
;WIDTH:0.400
G1 F300 Z38.750
G1 F1500 E4846.6845
G1 F2100 X144.932 Y105.108 E4848.3418
G1 X144.932 Y144.892 E4849.9959
G1 X105.068 Y144.892 E4851.6532
G1 X105.068 Y105.108 E4853.3072
G1 F2400 E4850.3072
G1 F300 Z38.950
G0 F3900 X106.278 Y106.315
G1 F300 Z38.750
G1 F1500 E4853.3072
G1 F2100 X106.278 Y143.684 E4854.8609
G1 X143.721 Y143.684 E4856.4176
G1 X143.721 Y106.315 E4857.9712
G1 X106.278 Y106.315 E4859.5279
G0 F3900 X105.468 Y105.508
;TYPE:WALL-INNER
;WIDTH:0.400
;FLOW:90.0
G1 F2400 X144.532 Y105.508 E4860.9896
G1 X144.532 Y144.492 E4862.4483
G1 X105.468 Y144.492 E4863.9099
G1 X105.468 Y105.508 E4865.3686
G0 F3900 X105.878 Y105.915
G1 F2400 X105.878 Y144.084 E4866.7968
G1 X144.121 Y144.084 E4868.2278
G1 X144.121 Y105.915 E4869.6560
G1 X105.878 Y105.915 E4871.0869
;PRINTING_TIME: 3398
;REMAINING_TIME: 90
;LAYER:155
;Z:39.000
;HEIGHT:0.250
;FLOW:100.0
;PRINTING: Flow_Calibration_Cube_0.4_mm.stl
;PRINTING_ID: 0
G1 F2400 E4868.0869
G1 F300 Z39.200
G0 F3900 X105.068 Y105.108
G0 F300 Z39.000
;TYPE:WALL-OUTER
;WIDTH:0.400
G1 F300 Z39.000
G1 F1500 E4871.0869
G1 F2100 X144.932 Y105.108 E4872.7443
G1 X144.932 Y144.892 E4874.3983
G1 X105.068 Y144.892 E4876.0557
G1 X105.068 Y105.108 E4877.7097
G1 F2400 E4874.7097
G1 F300 Z39.200
G0 F3900 X106.278 Y106.315
G1 F300 Z39.000
G1 F1500 E4877.7097
G1 F2100 X106.278 Y143.684 E4879.2633
G1 X143.721 Y143.684 E4880.8200
G1 X143.721 Y106.315 E4882.3737
G1 X106.278 Y106.315 E4883.9304
G0 F3900 X105.468 Y105.508
;TYPE:WALL-INNER
;WIDTH:0.400
;FLOW:90.0
G1 F2400 X144.532 Y105.508 E4885.3920
G1 X144.532 Y144.492 E4886.8507
G1 X105.468 Y144.492 E4888.3124
G1 X105.468 Y105.508 E4889.7711
G0 F3900 X105.878 Y105.915
G1 F2400 X105.878 Y144.084 E4891.1993
G1 X144.121 Y144.084 E4892.6303
G1 X144.121 Y105.915 E4894.0584
G1 X105.878 Y105.915 E4895.4894
;PRINTING_TIME: 3416
;REMAINING_TIME: 72
;LAYER:156
;Z:39.250
;HEIGHT:0.250
;FLOW:100.0
;PRINTING: Flow_Calibration_Cube_0.4_mm.stl
;PRINTING_ID: 0
G1 F2400 E4892.4894
G1 F300 Z39.450
G0 F3900 X105.068 Y105.108
G0 F300 Z39.250
;TYPE:WALL-OUTER
;WIDTH:0.400
G1 F300 Z39.250
G1 F1500 E4895.4894
G1 F2100 X144.932 Y105.108 E4897.1468
G1 X144.932 Y144.892 E4898.8008
G1 X105.068 Y144.892 E4900.4581
G1 X105.068 Y105.108 E4902.1122
G1 F2400 E4899.1122
G1 F300 Z39.450
G0 F3900 X106.278 Y106.315
G1 F300 Z39.250
G1 F1500 E4902.1122
G1 F2100 X106.278 Y143.684 E4903.6658
G1 X143.721 Y143.684 E4905.2225
G1 X143.721 Y106.315 E4906.7761
G1 X106.278 Y106.315 E4908.3328
G0 F3900 X105.468 Y105.508
;TYPE:WALL-INNER
;WIDTH:0.400
;FLOW:90.0
G1 F2400 X144.532 Y105.508 E4909.7945
G1 X144.532 Y144.492 E4911.2532
G1 X105.468 Y144.492 E4912.7149
G1 X105.468 Y105.508 E4914.1736
G0 F3900 X105.878 Y105.915
G1 F2400 X105.878 Y144.084 E4915.6018
G1 X144.121 Y144.084 E4917.0327
G1 X144.121 Y105.915 E4918.4609
G1 X105.878 Y105.915 E4919.8919
;PRINTING_TIME: 3433
;REMAINING_TIME: 54
;LAYER:157
;Z:39.500
;HEIGHT:0.250
;FLOW:100.0
;PRINTING: Flow_Calibration_Cube_0.4_mm.stl
;PRINTING_ID: 0
G1 F2400 E4916.8919
G1 F300 Z39.700
G0 F3900 X105.068 Y105.108
G0 F300 Z39.500
;TYPE:WALL-OUTER
;WIDTH:0.400
G1 F300 Z39.500
G1 F1500 E4919.8919
G1 F2100 X144.932 Y105.108 E4921.5492
G1 X144.932 Y144.892 E4923.2033
G1 X105.068 Y144.892 E4924.8606
G1 X105.068 Y105.108 E4926.5146
G1 F2400 E4923.5146
G1 F300 Z39.700
G0 F3900 X106.278 Y106.315
G1 F300 Z39.500
G1 F1500 E4926.5146
G1 F2100 X106.278 Y143.684 E4928.0683
G1 X143.721 Y143.684 E4929.6250
G1 X143.721 Y106.315 E4931.1786
G1 X106.278 Y106.315 E4932.7353
G0 F3900 X105.468 Y105.508
;TYPE:WALL-INNER
;WIDTH:0.400
;FLOW:90.0
G1 F2400 X144.532 Y105.508 E4934.1970
G1 X144.532 Y144.492 E4935.6556
G1 X105.468 Y144.492 E4937.1173
G1 X105.468 Y105.508 E4938.5760
G0 F3900 X105.878 Y105.915
G1 F2400 X105.878 Y144.084 E4940.0042
G1 X144.121 Y144.084 E4941.4352
G1 X144.121 Y105.915 E4942.8634
G1 X105.878 Y105.915 E4944.2943
;PRINTING_TIME: 3451
;REMAINING_TIME: 36
;LAYER:158
;Z:39.750
;HEIGHT:0.250
;FLOW:100.0
;PRINTING: Flow_Calibration_Cube_0.4_mm.stl
;PRINTING_ID: 0
G1 F2400 E4941.2943
G1 F300 Z39.950
G0 F3900 X105.068 Y105.108
G0 F300 Z39.750
;TYPE:WALL-OUTER
;WIDTH:0.400
G1 F300 Z39.750
G1 F1500 E4944.2943
G1 F2100 X144.932 Y105.108 E4945.9517
G1 X144.932 Y144.892 E4947.6057
G1 X105.068 Y144.892 E4949.2631
G1 X105.068 Y105.108 E4950.9171
G1 F2400 E4947.9171
G1 F300 Z39.950
G0 F3900 X106.278 Y106.315
G1 F300 Z39.750
G1 F1500 E4950.9171
G1 F2100 X106.278 Y143.684 E4952.4707
G1 X143.721 Y143.684 E4954.0274
G1 X143.721 Y106.315 E4955.5810
G1 X106.278 Y106.315 E4957.1377
G0 F3900 X105.468 Y105.508
;TYPE:WALL-INNER
;WIDTH:0.400
;FLOW:90.0
G1 F2400 X144.532 Y105.508 E4958.5994
G1 X144.532 Y144.492 E4960.0581
G1 X105.468 Y144.492 E4961.5198
G1 X105.468 Y105.508 E4962.9785
G0 F3900 X105.878 Y105.915
G1 F2400 X105.878 Y144.084 E4964.4067
G1 X144.121 Y144.084 E4965.8376
G1 X144.121 Y105.915 E4967.2658
G1 X105.878 Y105.915 E4968.6968
;PRINTING_TIME: 3469
;REMAINING_TIME: 18
;LAYER:159
;Z:40.000
;HEIGHT:0.250
;FLOW:100.0
;PRINTING: Flow_Calibration_Cube_0.4_mm.stl
;PRINTING_ID: 0
G1 F2400 E4965.6968
G1 F300 Z40.200
G0 F3900 X105.068 Y105.108
G0 F300 Z40.000
;TYPE:WALL-OUTER
;WIDTH:0.400
G1 F300 Z40.000
G1 F1500 E4968.6968
G1 F2100 X144.932 Y105.108 E4970.3542
G1 X144.932 Y144.892 E4972.0082
G1 X105.068 Y144.892 E4973.6655
G1 X105.068 Y105.108 E4975.3196
G1 F2400 E4972.3196
G1 F300 Z40.200
G0 F3900 X106.278 Y106.315
G1 F300 Z40.000
G1 F1500 E4975.3196
G1 F2100 X106.278 Y143.684 E4976.8732
G1 X143.721 Y143.684 E4978.4299
G1 X143.721 Y106.315 E4979.9835
G1 X106.278 Y106.315 E4981.5402
G0 F3900 X105.468 Y105.508
;TYPE:WALL-INNER
;WIDTH:0.400
;FLOW:90.0
G1 F2400 X144.532 Y105.508 E4983.0019
G1 X144.532 Y144.492 E4984.4606
G1 X105.468 Y144.492 E4985.9223
G1 X105.468 Y105.508 E4987.3809
G0 F3900 X105.878 Y105.915
G1 F2400 X105.878 Y144.084 E4988.8091
G1 X144.121 Y144.084 E4990.2401
G1 X144.121 Y105.915 E4991.6683
G1 X105.878 Y105.915 E4993.0993
;PRINTING_TIME: 3487
;REMAINING_TIME: 0
M106 S0
G1 F2400 E4990.0993
G1 F300 Z40.200
G0 F3900 X105.878 Y105.915
G0 F300 Z45.000
M221 T0 S100
G92 E0
M1002
M104 T0 S0
M104 S0 ;extruder heater off
M140 S0 ;heated bed heater off (if you have it)
G91 ;relative positionion
G1 E-1 F300  ;retract the filament a bit before lifting the nozzle, to release some of the pressure
G1 Z+10 E-5 F9000 ;move Z up and retract filament even more
M84 ;steppers off
;Data start:151036:98d8bae5a056c4a6d58806342648ee26
;SURFQSAtIFBSSU5UREFUQUlZDHzi6E17riyBkcQfrme7d1s3FHh8P8cS6dV8SnsUe1VfPeij/301B0U
;e3AVW65nNGzdCqDk/Cxa21QxKQxR0VX097aPkfTIHfx78BTfrj81pN1OoLz8UFrvVf0okFGJVST3ko/
;B9LAdBHsUFAuu0zQU3XKgOPzAWj9UkShcUTlUtLoGjkRwiZEVyy3cGn6+iNGhuxwhLMHvp1E1KexQrF
;VJ9gbiRfUFmQ33LaQKZp7kzWGL3HlArYoa4EjkOZk00TliBopF9QQcgXtFFZ/PGzVpWb8sZUzpkiKEk
;JRVLTTxfTvX8/Rw4YlIerwVn68bNGkhMqG8/XxaIti4vF3FZNFlU7s3OFC9hSXLCBWbrxs1aN0zXPD9
;HFunVLCkYcUcwX1z1yv4THm5ObctxOIKooz9FDKl8P18W6ZUyCnsMK1UtXOLA9BEkdUFqx2oJtK+jKV
;J49xNKK3Ob1UxKexQrVW1CwaODfUEHQX3NYAuOtKwuXmPGI08tf4ehTUt7FCtVLX3+45FpQQcgf81mA
;oejvztDZccSYCxjmaUiOA8UKlUtPYGj0QIBBzAergUGiKWoNlJ+yQhWMHi2oSI6exUrVS09gePuPUEf
;IB6uZASIo6E/RW3cFVAxSZ26PRUIYVkzTF7ko5B9QQcgHu56J+vVzVo3bcsfWjNzm7Q5IxR6dCFfXPf
;G/X1AByAergUnlIbNeDcMqB1cPHOFsD8rD31EO3JJ88LnGC1YU3bBdxO0oqQpQ23GH1pfF+nVTUp7FC
;tVLRSBo5EcN2hJevFxFYqwqDZoZMcQWixJmbQ5IiR5Si1yUeTN9gkpWEZ/zXEImcbMWjcMqHw/Nlbp/
;E1Ke3VdOkRZ3tfjHDdiTEHGaguOtZIqVnjAI1I+bra7IhUJcV8nTF71yv4TQQYgHq4FZ+vGzVo8DKh8
;XTp6nYoiLB1nTiEtPIGjkX1BB/AhrhNn68avP1t49w5eOWK2tC4pHnhOJ0xJ6Mz/fUAHIB6uBSeUhs1
;KNwyoHlozYranLCwPS0o8X1rg05F8QQcgHq4Fh9TG31o3DMoZUytJm7QrPiRyRzpaT+DX9H1AByAerg
;VnsobNVDcMqB5aM2K2pywsD0tBMF9WgaKRfUEHIB66RWf7xs1aVWnECGAtd4+hEiUdclgwWT2Ao5F9Q
;Qcg7pEFaOvGzThSYNwjTT5wnYo+Oh5xT1UsPYGjkX1BKWAevQVn66SoNkNT2h1ZK0mdvSQpEHpOJl49
;gKORfUEHIOaRBXXrxs04UmDcI0g+eoWKKyYUY1k0WViBopF9QQcgHvdFZ//GzVpVacQIYCh3hbkSJh5
;6TCFFYuzK/31AByAergVnG/nNVTcMqB5aM2K2oiwmF0tYJUhY5aOQfUEHIB6uISfr2M1aN27aFVs4f4
;eyEi8DYFkgXlTuzc4KKGNUdvF3Bp+volo2DKh8P18WsJVNWHsUKzdfVOXE+BMmWEZ/wFoUm6OoPjcNq
;Hw/XxbpjA1KbxQrVU9P6Mf2FC9gf3jHfQKPmaw0UGDNfD5fFunVTUp7FCtMLT2BweMUJWBJcMlaAYep
;rC5SaPcdTTp3trgkJHsVK1UtPYGjpT1BFiAermcVgqKqM1lr9xpTMGGbtDkvexUrVS09gaPIPUEfIB6
;uZxWCoqozWWv3D1c6eoWmEiwXe1wnTEnko5B9QQcgHq5cJ+vTzVo3btoVWzh/h7ISORNxRzleYvLT9B
;glByEergVn68bzGjcCqHw/PWSAsSojFXN0Jl1Y5MeRfEEHIB6uBSmrxuxaNwzKDlY7cYC7KhUIYVslQ
;k/1xvUiIHVFf/F3Bp+vogVabdB8Pl8W6dVNSjJUK1otPYHB4xQsWEx3wGA4iKm4NEMMqXw/Xxbp1WkK
;ex8rVS1f88r8Ii5hRm3LcWfqxs1aNwyofD9fBOnVTSkUdVghRFPm/PUUMnNBcM1gVuvHzVo3DKh8P18
;W+9VNShh7SiZZVO/EzhkodFR/wGYC2cbMWjcMqHw/Xxbp+01Ke3dEO0lU9cr+EyBrf3HAYDiYrqg2W1
;PHEmAreZmKPj8Jcko2SE7ezvgTHmZSe88FZuvGzVo3DKh8P3AW6dUuJRVwQiFEUu/C/SIuaUVB3W0Ch
;6qSNVlT3BNPAGWcpysrGHFYCkBU7/zmFCVzSB6vBWfrxs1aNwyoUz9fFoq6Iy4SYEI6Q1zt/OUSMVhT
;a9xjBoijkjNZasEQUwBmiKE5Lwl6dDhEU97C4xggByEergVn68bNWjc8qHw/PHmHsSQ+EntFNEFi9cz
;hIjJyUnjPZgK0r6M8XmDEI08+Yp2wPyQkeUI7ckrox+UVQQYgHq4FZ+vGzVoiDKh8XDB5hbwjLSR3RD
;BLW+jA+Bgvc39/rgRKqNomuAFWl3wqXxbptiIlF31FMnJe7sb3GyhkSXvAcTiJxsyX+8BksPOrqenAT
;Up7d0Q6QVTvxM4eLmJGeMdmDo6ouQVUDKl8P18W6RU/CnsHK1UtXu7M/SIsbk5BwmQejrSSLl5hzXw+
;Xxbp1U1KVVQrRC09gcD+Ei1YTXfAWgGOo6koVnjNfD5fFunVTUpfVCtDLT2Bx/QTMmJ/bdt1F4S0uQV
;RYMcLTT5ijNVMSnsUK1UtZMGjjH1BB0R7wHYCtLW4Kkdj2ghgNniPvCEmJHteIUFU78bifUAHIB6uBW
;frxs1NNwyoD0ovZoanORUfcUUmSGLnyv0RHnVBassFZuvGzVo3DPw8P0IW6dUpLxVnTgpeSPHT/g81W
;ElwwGAVtKO1KlZi2xVQMRbo1U1KexQrVS09kqORfTJyUG7BdxO0oqg0RGn3EF4mc5vVTEp7FCtVLT2B
;o4p9QQdEe8B2ArS1uCpHY9oIYDN3kLA/OSR2RCFZUuyjkH1BByAergVn69XNWjdozRJMOkmaoD06FGZ
;fCl5N5Mb1fUAHIB6uBWeihs1DNwyoGFYyc4emJCUVS1Mscl7uzuEYL3RBasdqCevHzVo3DKh8P18W99
;VNSh99RjBDTujM/yI5fn99wWgXjqi+O0NlxxJgN3mFsE1LexQrVS09gaORZEEHIHrCdTiKqLkzVmDBH
;Uw2eI6KKjgabXQ4TEWBopF9QQcg/sFFZ/LGzVpTYNgjXjFigLQhIxpnQjtKYubR8AQeaklwrgRn68bN
;WjcMqHwpXxbpsSE6JHVFIURc7crwDihpR0HCYBGOqs1bNwyofD9fNqnVWkp7FE85XWLgzeUUIGtJf91
;sCYyZoD9DZMcYP14W6dVNSnvkFFUKPYGj9RExWEJ/3WA4h6e0P0VTyRpLOmS2sDU6FGdeJ0hi9sL4CR
;5zSXPLBWbrxs1aNwyofD93FunVKSYLS0k0Xljez/AEJHV/fMtjCJmjkj9PfMcPSi1ztqIsIw9LXzxAW
;IGikX1BByAeqkVn98bNWlNg2CNdPmWMiiErAnFZCk9S88f0Dx5oRnjdYBPrx81aNwyofD9fFs3VTUof
;eFsKT1zyxs4RIH5FbPFmCIWyoi9FU80ETzBlnKcoFQ99RjAtPIGjkX1BBwheri5n68apNkdTyh1MOkm
;FtDQvCUtOJllU7MLlFC5pf2rHaAK0paI3R2nGD14rf4a7TUt7FCtVLT2Bo5FZQQcgesJ1OImnvj9oYM
;kFWi1Jj7whJhJ6TApIRfHM4ggzYn9qx2gC68fNWjcMqHzPYBbw1U1KH3hbCk9c8sbOESB+RWzxdQico
;78FWmPMGT9eFunVTUp75BRVDD2Bo/URMVhCf91gOIentD9FU9odTzZytrE/JQtLUQpeTeTG9X1AByAe
;rgVny4bNfjcMqBhTL0mLtD4vJHhKLEhP3tHwDShjf3LHYxO0vJI+Xn/cHVE8c+nUTUp7FCtVP32BgpF
;9QWNMbvFnBpijkjZWdc0OYC13mbwpFRd9TSFyR97Q4RgkYyAfrgVn68bNencMi3w/X3KFpRIoGmdOCk
;Fc+MbjIjJrT2nxYRWEtpIgaGjBD0s+eIqwTUt7FCtVLT2J45FdQQcgesJ1OImnvj9oYMkFWi1JmrkiP
;SRwWTpdYvv84g0kYkQerwVn68bNWhdMqF8/XxaNuT0VGXVYMHJR4Nr0Dx50THHZWguCoLkFTVPMFUwr
;d4e2KEp6FCtVLT2Bq9F9YQcgHsppF7SkrClSU8QdRjpktqYhJQxLRzxLSd7Zzg4xYkV6rgRn68bNWjc
;s6HwbXxbpsSE6JHZKJkhi7cLoGDNYU2vedQiZspI/T3zHD0otc7ahJCceFCpVLT2Bo5FVAQcFHq4FA4
;e2kjhWf80jUz5vjKcSPhN9SD5DWPLQzh4ualB7wHYGn6+iNDcNqHw/Xxbp1U1KXxQrVUlR8fzzHDJif
;3LPfAKZmbgqR2naI08wf4ehEj0afV8KWVTsxpF8QQcgHq4Fh9TGwlo3DMwQTwB0iKYoFRd1UjBfToGi
;kX1BByAejkVn9MbNWlNg2CNcN3eEtyg4JHxONFlI8fziCSBpRHzXWhOCq6haNgyofD9fFv2VTWp7FCs
;xQU3ewPkcLGVFbPF1FYKouTNZa/cIWjJmjKcsPg5mTlUsPYGjkX3BRmAevwVn66KhKmhvxxJLMGObij
;ojH2BDVSw9gaORfUEPYB6hBWfroqEqaGjaBVYxcbahJCceFCpVLT2Bo5FpAQczHq4FA4e2kj9Ta80jX
;TNjm4ohLw1xR1UsPYGjkX1B9x8ejQVn66KhKmhqwQ5SKHebsBIrGHdOOUhP4Nf4Ei9YWkHKYAGKs6Eu
;Nw2ofD9fFunxDUpgFCtVSVHx/PcUM2pXf9xgOIGjvzFodvcYWjl3nLk5SnoUK1UtPYFTrn1ZByAeymk
;XtKCkKFp7yQ5aAGWZsCguJG50OExFgaKRfUEHIB66RWfwxs1aU2DYI1c6d52KLj8JfUUycknkzuEYM2
;ZUa9xgZ+rGzVo3DKgyf18B6dVNLhdkdDxAXObGzgkzZk5tyGAVtLKkN1IMqdJ4vmz9e1gKewcrVS1Z7
;dPOFDJrQXDKWgaZo6wFWmXGfD5fFunVTUqDKytOLT2Bx/0NHmtBZ8t3OIajvz1SU8sQUCxztrMsKR5n
;K1QtPYGjkX1BByAFrgVnj6q9BVo4mExgPHmEuCwkH0tPMEFc+PzlFCxiIB+dNlTY9f6JCAyBfD9fcoW
;lEicScE85SGLtwugYM1hBeNpgFbSjtSpYf90OWgBhiLw5FQ99RjAtPIGjkX1BByAeri9n68apNkdTxR
;VbO3qMiiErAnFZCk9Y58zjGB5iWG7BdhKZo5ItVmXcI0s2e4zVTEp7FCtVLTnBo499QQdEct5aCoKiq
;TZSU8QdRjpktrciOB9xWQpCW+fQ9AlBBiAergVn68bNWhEMqHxbM2a2uCQuH3hOCkFc+MbjIiJoTmrB
;cBW0o7UqWH/dDloAYoC4KEp6FCtVLT2Bg9F9bAcgHsppF7SrpD5TYM0jUz5vjKcSLwhgQjhMSejM/yI
;1bk178WYIhraoNERt3BVQMRbo1U1KexQrVS09qKORfSVrUEHDbAOPqqgFW23RGU0Ac5GlIjkOZk4KWV
;Tsxs4JM2ZObcdxDoSozVs3DKh8P18W6dVrSnsUTzldYuzK9RktYn9yz3wCmZmrM1tgwRJYAHORpSI5D
;mZOCllU7MaRfEEHIB6uBZfUxtZaNwzMEE8Ae4CxKSYeS0c0VFjz/OESNmJSQcNqA47GzFo3DKh8P68p
;6fZNSntwRyVyUOjH9REkWEx/12AVtLSsKl5o9xhNMGa2rxI5C3FOMS08gaORfUEHAF6uI2frxqk2R1P
;FFVs7eoyKISsCcVkKX1zxyvUiLW5GavF/OI+vvi5WYssZP14W6dVNSnsUa1UOPYGj9RExWE13ymELjp
;mhO05p2iNNPmaAsRImEnJfCldi8tP0GCUHIR6uBWfrxu0aNymofD87epmKICMfcEcwclHg2vQPHnRMc
;dlaA5mpvQVNU8wVTCt3h7YoSnoUK1UtPYGj0X1jByAeymkXtKukPlNgzSNTPm+MpxI5F3tcCklP7tPO
;Bx50UHvLYWfqxs1aNwyoXH9fM+nVTS4XZHQ4RFnlz/QiLWZZe9xaFIepugVbZc4IYCVJjbw+Php6SDA
;tPIGjkX1BByBeridn68apNkdTxRVbO3qMiiErAnFZCl5R7tTOEShhVEHUWhSbo6g+Nw2ofD9fFun1DU
;pdFCtVSVHx/PwUJWNMe/FpBpKjvwVEedgMUC1itrA1OhRnXidIYvXK/BhBBiAergVn6+aNWhEMqHxbM
;2a2uCQuH3hOCkFc+MbjIjR3UHvcWheEr6MuaHvJFUsAYoC4KEp6FCtVLT2Bo5F9UAcgHsppF7SrpD5T
;YM0jUz5vjKc+SnoUK1UtPYGD0X1oByAeymkXtKiiKFptxCNTPm+MpxIrHWBOJ3JY+dP+DjR1RUHZZA6
;fmbkzWmmofT9fFunVTUp7FAFVLT3lz+EiL2hSc89pOIentD9FU8oZWTBkjIooMgt7WCBfWN7U8BQ1WF
;R3w2Bn6sbNWjcMqHx/Xwjp1U0uF2R0O0JP7ML9Ii1mWXvcWgWEtKk/RVPHGlksc53VTEp7FCtVLT2Bo
;7d9QQdEct5aCYS0oDtbU8QdRjpktrYiJA97XidyWPnT/g40dUVB2mwKjsbMWjcMqHw/T1bp+E1Ke3BH
;JXJT7tH8HC1YTH/XYBW0o74uXmHJCFYweLahJCceS0g6QE3kzeIcNW5PcK4EZ+vGzVo3DKh8GV8W6bE
;hOiR6RCdAXO38/Rw4YlJByGwLh6+jPWhp0AxQLGObsBI+EnlOVSw9gaORfUEXYB61BWfroqEqaGLHDl
;I+era5LDMeZnQlQkrk0c4QLmNFHq8FZ+vGzVrHM6hfP18Wjbk9FRV7WThMUd7P8AQkdX9sz3UOj5mpK
;Fh89wZgLGaMsClKehQrVS09gYvRfWcHIB7KaRe0qKIoWm3EI1M+b4ynEjgaZEIxclHoxeUiO1hEd91x
;BoWlqFo2DKh8P18W6ZVNaXsUKzFBTd7N/g8sZkxBwmQejrSSKFZ8wRhgM3+PoRIwJGdbMEhZgaKRfUE
;HIB6GRWfOxs1aU2DYI1EwZIS0IRUXdVIwX2Lyz/4KHmNScd5aHbSipClDbcYfWl8X6dVNSnsU22otH4
;GjkRktd39wwXcKiqqSNlZ1zQ5gLHqGohIuCXtbCldi8tP0GCUHIR6uBWfrxuUaNymofD87epmKIyUJe
;Uo5clHg2vQPHnRMcdlaC4KguQVNU8wVTCt3h7YoSnoUK1UtPYFTrn1jByAeymkXtKiiKFptxCNTPm+M
;pxI5F3tcCkFU59fOBx50UHvLYWfqxs1aNwyoaH9fMOnVTS4XZHQ7Qk/swv0iLWZZe9xaFJ62vTVFePc
;ZRy95mqA/LyRgQjhIPYCjkX1BByAE7gVB68bNPlt89xJQLXuIuRImGm1OJ3JI8dP0Dx53T3fAcTicp6
;QuaHjBEVpfF+nVTUp7FCtVLSOBo5EZLXd/bMtoCJ2jkjhCbsoQWgBhiLw5IxVzdCFEUOSjkE5yNBMtn
;dZY68vNWjdoxAxgLHWIuSQkHEtTVSw9gaORfUFeYB6jBWfroqEqaH/LHVM2eI6KNEp6FCtVLT2B+tF9
;UgcgHsppF7S1oTNUafcIUDNzm7QjKR4UKlUtPYGjkX1BBxIergUDh7aSKUJ+zh1cOkmavCkvJGBOLVl
;I88bOGSh0QXzCYDiEqJI1QWnaFF4xcba0Iy0XcStULT2Bo5H9AEcgPa4FZ4+qvQVEedoaXjxztqYkLh
;5LXzBVSfTR9CIzYlNxwnATgqmjWjaWMeWmxo9Q6k1oexQrMUFN3tDkDydmQ3vxdg6Po5IuUnTcCU06S
;ZGsEiUdclgwWT2Ao5F9QQcg/pEFcOvGzT5bfPcIWjJmjKcsPg5mTgpOVeDO8xgzByEergVn60aMGjcc
;qHw/O3qZijorCHxCO0pi7Mz1GEEGIB6uBWfrNvJaOAyofFonYpugKS8JS0o4Qkjv15F8QQcgHq4Fl9T
;G2lo3DM0ESy1jjbA/FR5sSD1MU+bGzgkoakUvrgRn68bNWjcMqHwoXxbpsDU+CWFPMF9i5NvyFSBpR3
;vxcQ6Go/9aNgyofD9fFunVTVh7FCswVUnz1vUYM1hPeMh2Ap+ZtWs3Dah8P18W6ewNSmkUK1VIRfXR5
;BkkdX9xyGMUjrKSIgUMqXw/Xxbp1U1KewYrVS1Y+dfjCCViUkHBYwGYo7kFTz+ofT9fFunVTUp7FDlV
;LT3k2+UPNGNFbPFqAY21qC5odZl8Pl8W6dVNSnsUK0ctPYHG6QkzckR73FoIjaC+P0NT0U4/Xhbp1U1
;KexQrVT89gaP0BTV1VXrLdziEoKspUnj3BQxfF+nVTUp7FCtVLQ6Bo5EYOXNSa8pgFbS1ujNDb8AjXD
;B5hbwjLSR8TjRZSPH88Bk3Zk59y1oTjqu9P0Vt3AlNOifp1E1KexQrVUR9gZCRfUFiWGrccAOOtJIpQ
;GXcH1cAdYa6ISMVc3Q9SFz11uEiIGNWf8BmArSyqDdHadodSypkjOdNS3sUK1UtPejjkVZBByB71nEV
;nqKoKGh/3xVLPH62tiIlF31FMnJV5MLlCDFYQXrYZAmIo5IuXmHNfD5fFunVTUo/VCtLLT2BxukJM3J
;Ee9xaFJyvuTlfU8sTUDN/h7ISOhpmQApVPYCjkX1BByAg7gV568bNP0942glbOmS2pjojD3dDCk5S7s
;/4EyZYUH/cbjiSxsxaNwyofJ8BVunxTUp7cVMhX0jlxuMiMnBJas1tOIipojZeYs8jSzp7mbA/Kw9hW
;TAcPYCjkX1BB6B47gVD68bNP0942glbOmS2pjojD3dDCk5S7s/4EyZYVHvDdQKZp7kvRWmafD5fFunV
;TcodVCtMLT2B0fQONWZSavFgH5+0rAVTeckQYD57hqAjPnsVK1UtPYGjkX1BIiAermAfn7S4PlJ+9w9
;INmKKvRI4HmdfNF9J3sbpCTNmf3/DahKFsv9aNgyofD9fFunVTVh7FCsnSE71wuMJHmNVf8JaFJujqD
;43Dah8P18W6eENSmUUK1VIRfXR5BkkdX9t2WwTiK6SKFJ/3B1NK0mapSgvHyYrVC09gaORfXVHIAiuB
;WeZo7koVm/cFVAxSY2gLCYkdUY6WFP1o5B9QQcgHq4hJ+vkzVo3adAITSpyjKcSOQx9XzZFYvPG5Q8g
;ZFR3wWs4iquiL1l4mnw+Xxbp1U1KX1QrQC09gdH0CTNmQ2rHagm0org7W1PbDFo6cunUTUp7FCtVGX2
;BgpF9QWJYatxwA460kilAZdwfVwBkjKE/KxhgQjpDYvLT9BglNSAfrgVn68bNbncMu3w/X3ORoT8/H3
;FZClpU8cbOCShqRS+uBGfrxs1aNwyofCxfFumwNT4JYU8wX2L2yuEYHnNJc8s3Z+rGzVo3DKh8P18Z6
;dVNLwNgWSBeVO7NzgooY1R2rgT9cl9Uw67Vl3wuXxbpsDU+CWFYPEJT3tT4GTVvfyyuBP1yX1TDrtWX
;fCxfFumzLCQkdkc8XWLxwuQOJFhNbctmZ+rGzVo3DOgDf18E6dVNLBp6dDdBVPH85RUzYlN2wWkD68f
;NWjcMqHwBHxbg1U1KHXVFCl5N5Mb1fUAHIB6uBWeyhs1XNwyoGl4xSZqlKC8fS0Y0VT2Ao5F9QQcgWu
;4FduvGzTxeYMkRWjFitrEkKxZxXzBfPYCjkX1BByDikQV168bNPF5gyRFaMWK2sSQrFnFfMF8PgaKRf
;UEHIB5SOmf5xs1aUWXEHVI6eJ2KKSMaeU4hSE+yo5B9QQcgHq4FZ+vUzVo3asEQXjJzh6ESLhJ1RjBZ
;WPOXkXxBByAergVn68bAWjcMzhVTPnuMuzkVHXhEIi08gaORfUEHeV6uC2frxqszW23FGVErSY+5Ij1
;KFCpVLT2Bo1EqAQcuHq4FAYKqrDdSYtwjWTN5nudNS3sUK1UtvdfjkXBBByB4x2kGhqOjLmh40QxaXx
;fp1U1KexQrFS0zgaORGyhrQXPLaxO0srQqUj6ofT9fFunVTUo7FAtVLT3nyv0JJHV/cdtxOJirrDZbU
;9gdTStJmrw3LyRmSiFEUoGikX1BByAe90VnzsbNWlFl2g9LAHqIrCg4JHBCOEhT8sr+Ex5/WUHNagqb
;o6MpVnjBE1FfF+nVTUp7FCtVLReBo5EbKHVTavFpBpKjvwVTZcUZUSx/hrsSMgJLSDpATeTN4hw1bk9
;w8W0Ih6PNWzcMqHw/Xxbp1WxKexRNPF9O9fz9HDhiUkHLfROZs74zWGL3C1Y7YoGKPysPfURVLD2Bo5
;F9QV5gHrYFZ+ugpChEeMQdRjpktrMkJhp5TjtZYufP/gpBBiAergVn65+NWicMqHxdMGKduiAVD3xCN
;kZT5NDifUAHIB6uBWc7+c1INwyoGlYtZZ2KISsCcVkKXlXkz/0OQQYgHq4FZ+vSjVoZDKh8WTZkmqES
;JhptTidyTu7P+Bkebk54x2kLtKO1LkV52xVQMUmevCk+E0tZNFlU7qOQfUEHIB6uXCfr581aN2rBDkw
;rSYW0NC8JS1g6QVTl/PgTJ25McvFjC4SxvztDaah9P18W6dVNEzsUNVUtPefK4w41WEx/12AVtLWiNl
;5o9xVROX+FuRI5C3FOMS08gaORfUEHZF6uF2frxq81Q3jHEWAzd5CwPxUIZE4wST2Ao5F9QQcgWu4Fd
;OvGzT1WfPcaVjN6trgkJCR4TjtKSemjkH1BByAergVn6+rNWjdryQxgOX+FuRI5EnpMOUhi5NvlDzR0
;SXHAWgSEq70/WX/JCFYweLanLD4SeytULT2Bo5H9EUcgPa4FZ4ynvQVRZcQQYCx/h7IhLyRxUyFfSPL
;K/hMedUFqx2o4hqe1WjYMqHw/XxaAlU1pexQrMkxN3sX4ES1YU3fAYguOmagiQ37dD1YweLanLD4Se3
;Q4RFOBopF9QQcgnu5FZ/TGzVpQbdgjWTZ6hYo+IxVzRzByWPnX4wgybk9w8XYXjqOpWjYMqHw/XxbQl
;U1EexQrMkxN3sX4ES1YU27LYAPrx81aNwyofHEfFvnVTUocd0QxSGL12uEYHm5Oest9Z+rGzVo3DKh8
;P18F6dVNLRh7TzByS+TR+Bs4WEx7wGITg8bMWjcMqGRZUlfpxk1Ke3NIOklY3tX0DyhhWUHBYwGYo7l
;aNgyofD9fFunVTUV7FCsyQVLjwv0iLmFGbctxOJPGzFo3DKh8P18W6dpNSntzRzpPXO38/hsndEVq8X
;xn6sbNWjcMqHw/Xxnp1U0tF3tJNEFi7sX3DiRzf2SuBGfrxs1aNwyofCpfFum9KCsPfUUycl7uxvcbK
;GRJe8BxOIrGzKBJZhQIrDep6cBNSnt8TjRZVO/Ezh4uYkZ4x2YOjqi5BVUMqXw/Xxbp1U0KewErVS1V
;5MLlFC9gf33BYAGNr64zUmLcI1xfF+nVTUp7FGUVLSGBo5EVJGZUd8BiOJ+voD9oadsIVjJ3nbwiJCR
;gUiVIPYCjkX1BByAergVy68bNMlJt3AlPAHGKuikvJGdOJFhY78D0fUAHIB6uBWfrxs16NwyoFVE5f4
;W5EisfdVshREvk/PgTJ25McvF3Bp+vogVabdB8Pl8W6dVNSkVUK3UtPYHK/xsoa0xBz2EGm7KkLFJTw
;RJZNnqFij8rD31ECkBU76OQfUEHIB6uESfr2c1aN2XGGlYzera0KSsLYEIjSGLozf8YM1hFZt5kCZiv
;ojQ3DTLlpsaPcDxySm0UK1VEU+fK/REeZkR/3nEOnaOSNlZ1zQ5MXxfp1U1KexQ/FS0ngaORFC9hSXL
;CWgaPp70uXnrNI006cpy2OSMUelhVLD2Bo5F9QQdgHrcFZ+uvozxeYMQjXjt3maEkPB5LXDxJSen8/B
;QvByEergVn68bFGjcXqHw/NniPvCEmJHVFNkVS8/z9GC9gVHbxYwaIsqIoNw2ofD9fFunVTUp0FCtVR
;FPnyv0RHmZSe89aCoKozVs3DKh8P18W6dVRSnsUQjtLVO3Pzg4xZlJty1oEhKuvM1lp9xBeJnObpk1L
;exQrVS09cZyRYUEHIHfAYw6HqpI/T3jaCUw2eYeKOiMfYEMKX1z1yv59QAcgHq4F572GzU43DKgVUTl
;/hbkSLBJ4SjhIU/X89xEucCAfrgVn68ZNDHcMp3w/X3+HsyQmF0tEM0tO5NfOBUEGIB6uBWfrxs1aOA
;yofFYxcIC5IRUUck0mSEne2pF8QQcgHq4FZ+vGwVo3DM4VUzNJhqMoOBd1W1UsPYGjkX1BF2AeogVn6
;6CkNltTzBlRLH+drE1LexQrVS09peORcEEHIHfAYw6HqpIpX2nEEExfF+nVTUp7FCtVLTGBo5EUL2FJ
;csJaFJujqD43Dah8P18W6ZsNSmsUK1VEU+fK/REecEl62m04hq+jWjaWMeWmxo9A6k1uexQrPENT5NH
;OHzNuRHnHawC0o7UuRXnbFVAxSZ68KT4TS1k0WVTuo5B9QQcgHq5cJ+vRzVo3ZcYSWi1Ji6ckLhx9RT
;JyW+3M5g8gc0UerwVn68bNWm5MqGg/XxaAuyMvCUtJJ0RZ5sr/Gh50UHvLYWfqxs1aNwyoMn9fN+nVT
;SMVZ04hclTvzfQPHmJYatxwFIKpowVAZcwIVwBkiKEkJXsVK1UtPYGjyD1BEyAermwJmKO5BV5ixhlN
;AHCFujo4GmBOVSw9gaORfcFRYB6iBWfrr6MpUnjQI0wvc4yxTUt7FCtVLT3F45FcQQcgd8B2Ap+Zoi9
;DadojWidim6A+IxR6dCJEWfXLzg8gc0lxrgRn68bNWjdV6HwrXxbpvCM5HmB0OlhJ5NHOGy1oV2zPcQ
;Lrx81aNwyofGYfFuXVTUoSelgwWQ3e0OEYJGMgH64FZ+vGTRt3DLZ8P19/h6EoOBd7SD5EU+b88xI0a
;UR/3Hw4j6++LlZiyxk/Xhbp1U1KexRrVTo9gaP4EzViUnLBZgyCqKoFVGnEEGA+eI65KEp6FCtVLT0B
;ldF9WQcgHsdrE460oTVUZ8ESWAB1jLkhFRd1UjBfToGikX1BByAerkVn/MbNWl5i3BlNM3mKviQkHEt
;IMEFR3tT4GTVvIB80nP5yX1SzCAy6fD9ff4ehKDgXe0g+RFPm/PUYMXNIHq8FZ+vGzVo3TKhxP18WgK
;ciJBJ6TApMU+bP9H1AByAergXnvYbNSjcMqBVNMHiAuyoVHXhEIl9c9caRfEEHIB6uBXOrxsBaNwzBD
;lAxf4eyEiMVZ04hLTwbOgjk2J7pIa4QZ+vGpChYYsESWAB6gLsoFR99WCFMU+LGkXxBByAergVn68bA
;WjcMwQ5QMX+HshI5C3FOMS08gaORfUEHBF6uDmfrxqc/RWf3HlArYoa4TUt7FCtVLT2V45FuQQcgdMt
;3DLSkoi5DY8UjTCpkj7QuL3sVK1UtPYGjhT1BFyAerm8Cma2SPF5+2whgM3eQsD9KehQrVS09gbfRfU
;oHIB7EYBWAmaQ0UWXEED9eFunVTUp7AGtVPT2Bo/sYM2x/d8B2Ap+ZpDRZadp8Pl8W6dVNSm9UK0UtP
;YHJ9A8qWElw3WATtKm4LlJ+qH0/Xxbp1U1eOxQhVS0968bjFh53UnfAcWfqxs1aNwyoaH9fGunVTSAe
;ZkAKXkjx0/4PNQchHq4FZ+vG2Ro3BKh8PzVzm74SPhRkK1QtPYGjkX1VRyAOrgVngaO/MWh4xwxgLGO
;bsywpHhQqVS09gaORaQEHKx6uBQ2OtKYFQ37JClozFujVTUp7FCtBbT2Ko5F9MXVJcNpaFJujqD43Da
;h8P18W6ZENSncUK1VBXPjG4yIpYkl5xnFn6sbNWjcMqKwAXzDp1U0mGm1OJ3JV5Mr2FTVYQXrPdROCs
;KgFWm3QI1c6f469ORUJdV88Qj2Ao5F9QQcgUO4FQevGzTZWdc0OYDdzgLIlPiR1TzRdSejV9CIsbk5B
;xmAOjK65BUVt3BVQXxfp1U1KexQSFS0egaORESB+RWzxbQKCoaUuaG3MHU8rf5+wEjkaeVs5RFPm/OI
;JJHcgH9URyawnt94IDIN8P196iKwoOCR8TjxKVfX88Bkgd1R32GA4mLKoKlh6zQ5gPXmdoSInJGZKIU
;RSgaKRfUEHIB7nRWfDxs1aW23RGU0Afoy8KiIPS0oxTE31yucYHnRUe95qEY60ki5YfPcOXit/htVMS
;nsUK1UtdMGjhn1BB0x/12AVtKuoKFBp9x9TMGWMiisrGHFYVSynGDoI5Ni+Hx62BWfrqqwjUn73D1o4
;e4y7ORUXcUUyWVXezvgTQQa6hzec/nJ/8lo8DKh8SD56hYo+Ih54RyYtPIGjkX1BBzBerhFn68ahO05
;p2iNMN3OFuT4VFGJOJ0Fc8aOQfUEHIB6uTCfr681aN2DJBVotSZqhLDgPS1s6RFP1/OIeIHVGQcRqDo
;WykjtZa8QZYCt+m7A+IhR4T1UsPYGjkX0hZGAeigVn66qsI1J+9w9LPmSdij0lEnpfCl5e4NH3IitoS
;XDaWguOqKouXwypfD9fFunVeQp7PStVLVHg2vQPHnRUf9xxOJuppDRDU9sfXi1wtr8iIxVgdCZdWOTH
;zg8gc0lxrgRn68bNWjdV6HwPXxbpuSwzHmZ0Jllc89fODS5uTmrxdgSKtKsFXWPBEksAZZ20Pz4kfE4
;8SlX1/OMcNW5PHq8FZ+vGzVo3DKhfP18WhbQ0LwlLWCFMT/X84RIoaVRB3WYGmaCSMFhlxghgLGKMpT
;5KehQrVS09gYfRfVQHIB7CZB6OtJIpQ23aCE8wf4ehEj4CZE5VLD2Bo5F9QQ9gHr0FZ+ugpCJSaPcQX
;iZzm4o+PhpmXwpVPYCjkX1BByAergV068bNPF50zRhgM3eQsD8VCGBKJ1li+KOQfUEHIB6uBWfr2c1a
;N2HJCGA8eYezfBUdfUc0QFjv184eLmpQe8B2Bp+vojQ3Dah8P18W6YwNSmEUK1VAXPX88hIvYRFByGw
;LiquoNENTzBlRLH+drE1LexQrVS1dEuORZkEHIHPPcTiIqaM8BlPOFVM+e4y7ORUffUo4SEnk0ZF8QQ
;cgHq4Fm9TG1lo3DMUdSwB1hrsreyRyQjlMUOTN5SIxdUl9y1oEhcbMWjcMqHzfN1bpzk1Ke3lKIXJe7
;s33TB5hSXLPaAKFspIqRWXLGWA1ZunUTUp7FCvdnn2Bv5F9QWpBavFmCIWg/AVRZcQdUjp4nYo9OBJ3
;TgpGUvOjkH1BByAe7ton693NWjdhyQhgPHmHs3wVHX1HNEBY79fODTNuQ3vxcBTrx81aN6zYgQcfFsX
;VTUoWdV8KTlLvxaAiJ25Mf8NgCZ+Zvj9DeMESWCxJj7whKxZxRSFyWeTN4hQ1fiAfrgVn68atyXcMhX
;w/X3uIoRIpFHpNZHJb6M/wECRpVEHdYBOfr6M9RFPOFVM+e4y7ORUffUo4SEnk0ZF8QQcgHq4Fm9TG4
;Fo3DMUdSwB1hrsreyRyQjlMUOTN5SIyYlRqx2sAmJmrM1ttxRlRK0mPuSI9CXVfMC08gaORfUEHeV6u
;L2frxqA7Q1PLE1E5J7azJCYaeU47WWLyxuUJKGlHbfFjDoenoD9ZePcMTTZ1jNVMSnsUiyXQBcGjv31
;BB01/2loEhKira2hqwRBeMnOHoRI5HmBfPENa8vz3FC1mTXvAcTido78zUXX3FVtfF+nVTUr7hOgVLS
;GBo5EQIHN/fcFrAdqZqzNbbcUZUStJn7A/Ix1tdDxJPYCjkX1Bh7Dd7gV468bNN1Z49x9QMXDbiisjF
;3VGMENJ3sD+EDFiTm3PcQ6EqM1bNwyofD9fT6nVV0p7FEY0WWLizP8bc1hGd8JkCo6ouQVTacYPVitv
;6dRNSnsUKzW+fYG4kX1BakFq8WYIhaD/BVFlxB1SOnidiikjGnlOIUhPgaKRfUEHIB5SOmfwxs1aWm3
;cI1wweI/nEiwSeEo4SFP1/OEPKGRFQc1rZ+rGzVo3DEgUf18N6dVNJxpgdDZCU+eRzhsoa0Fzy2sTtL
;a/M1Rp9xZPXxfp1U1Ke5yYFS0hgaORECBzf33BawHZmaszW23FGVErSZmnJCkeS0A6Xz2Ao5F9QQdgw
;e4FfOvGzTdWePcfUDFw24orIxd1RjBDSd7T4xQiYn9r3QVm68bN+kfxkDw/cxbp1SArD0tIOkNbs/z3
;FC1mTXvAcTiYo7kuXmLPD2A5f4W0IC8VYHQxSFPyyuUEQQYgHq4FZ4tVjVoaDKh8Uj5itrYiJB0mdDN
;EUeDO9BM1WFN72nEOhaG+BVFlxB1SOnidiikjGnlOIUhPgaKRfUEHIB5SOmfGxs1aWm3cI1wweI/nEi
;wSeEo4SFP1/OIYNXNJcMl2OI2voTtaacYIYDl6hqI/Kw9xK1QtPYGjkX0YRyA0rgVnhqe5BVRjxhoNA
;HCAuSwnHnpfCl5Y9df4EyZ0f3jHaQaGo6MuaHzaFVw6FujVTUrbZNZtbT2vo5F9LGZUQc1qCY30kjxe
;YMkRWjFitqYoPg99RTJeYufK/RwsYk5q8XMCma+rI2hlzHw+Xxbp1c3auFQrSS09gc7wCR5kT3DINzi
;Nr6E7WmnGCGApc5u8KzMkfU9VLD2Bo5H90cRgHrkFZ+urrC5SfsEdUwBlirQhLyRySjZZUvP86X1ADf
;e93jhNsobNTTcMqBFeK3ObvCwmJGdINEFY3sXwHjVoUkHXBWbWzBr5RxHxPD9IFunVICsPcVk8TFHe0
;PIcLWJ/eM9mE4S0kiA3Dah8P18W6YwNSm4UK1VAXPn85xItck172ncOiJm+KlJpzE0/Xhbp1U1KexQr
;VTg9gaP8HDlYVnHCcAqOsr8zVFPbDFo6ctvVTEp7FCtVLT2Bo4x9QQdNccpgC7S2vz9UZdsZYCVJgbA
;kLRNgdDlMROTR4n1AByAergVn/4bNUTcMqBJQJWyFsBI5Em5OVSw9gaMx5NjeHx6gBWfrsaw2W1PcFF
;Y8fYewPjl7FbHMtKQYOnhCQRUgHq52Epu2oihDU9IjWzZlnbQjKR4UKmYeDrKQor5+BzUergUInaO/M
;lZizyNMN3OFuT4VGnpMOUg9gKORfUEHICDuBX7rxs01QWnaFF4xcbamJS8XeFgKS1zv/OINJGJEHq8F
;Z+vGzVpuTKhkP18WhqMoOBN1RTJyTunG/REyWEZywXIVirKoWjYMqHw/XxawlU1fexQrOltY88vwEyZ
;YU3bLaQuYmb4qUmnMfD5fFunVTUoyVCtELT2B0+MYMnRVbMtaBo+wrDRUaZl8Pl8W6dVNSnsUK0QtPY
;HT4xgydFVsy1oGj7CsNFRpmnw+Xxbp1U1KexQrTS09gdPjGDJ0VWzLWgaPsKw0VGn3FVE5f4W5fEp6F
;CtVLT2Bo5F9WQcgHt53Api1uChSU8kYST54irASIxVyQjlBD4GikX1BByAergVn9sbNWkd+zQ9MKmSM
;iiwuDXVFNkhi6M3iGDVYSXDAYBXaxsxaNwyofD9fFunITUp7ZFkwXk700fQiIGNWf8BmArSvoylSePc
;VUTFzm+dNS3sUK1UtPYGjkWBBByBu3GAUmLO/P2htzApeMXWMiiQkCHFfCkJI9cbjTEEGIB6uBWfrxs
;1aKgyofE8tc5qmODgeS0oxW1zvwPQiKGlTe9paCJ6yqCgFDKl8P18W6dVNSnsJK1UtTfPG4g40dUVBz
;2ERiqiuP2h4xwxgLGObsywpHiUrVC09gaORfUEHIAOuBWebtKgpRHnaGWA+cp+0IykeS186XWLy1uMb
;IGRFLK4EZ+vGzVo3DKh8E18W6aU/IxVgTidyXu7N9yIkf1Rs22ECmfeSOVtpyQ5eMXWMii8rGH90Okt
;b8sblfUAHIB6uBWfrxs1zNwyoDE02eJ2wPxUYe0Uzclj51+MIJWJSL/FmC46nvztZb80jWidim6ApLw
;kUKlUtPYGjkX1BBw0ergUXma+jLlJ+9x9QMXC2sDU+CWFPMF8M3sD9GCB1QXDNYDiNtKI0Q1PHGlksc
;53VTEp7FCtVLT2Bo719QQdQbMdrE460kjlYYs4jWidim6ApLwkldDZBWODR8BMiYn9yy2MTtKmrPERp
;3Hw+Xxbp1U1KexQreC09gdPjFC9zRWzxZgiFoJI/T3jaCVs6ZNiKLiYedVk0Q17k/OMUJm9UQcFjAZi
;juVo2DKh8P18W6dVNensUKyVfVO/X9A8eZE9wyFoCk7K/L1Np2k1gPGOaoSInJGRZPENJ4MH9GB51RX
;nHagm0vs1bNwyofD9fFunVeUp7FFsnRFP1xuMiImhOePFgH5+0uD5SfpkjXCplnbogFQtmQjtZXOPP9
;CIzYkd3wWs4k7WkIFIMqXw/XxbpVSYKeyQrVS1N88r/CSR1f33BawG0o7UuRXnMGU1uSYqgPj4UeXQl
;X1Tv1/AfLWJ/bMtiDoSokiM3Dah8P18W6dVNSk8UK1VdT+jN5RgzWENxwGM4jr65KEJozQ4OAHWcpjk
;lFktbJ0RT9cLzESRYUnvJbAiFmbQpXnbNfD5fFunVTcoQVCt5LT2B0+MUL3NFbPFmCIWgkj9PeNoJWz
;pk24ouJh51WTRDXuT88xwibH9xyGMUjrLNWzcMqHw/Xxbp1WRKexRbJ0RT9cbjIiJoTnjxYB+ftLg+U
;n6aI1wzc4inLCQYcXQwVUnz1vUYMwchHq4FZ+vGPWU3Iah8Py9kgLs5LwlLSDpDW97G6QkzckR73Dc4
;iKqoO0Vtxh9aAHCbuiM+JHtNM15Y9aOQfUEHIB6uBWfr6s1aN3zaFVErc5uKLiUVcnQwVUnz1vUYMzV
;/fcJgBpmnozlSU8QZWStJhrMrOR5gK1QtPYGjkX1BByAzrgVnm7SkNENp2iNcMHiPiigyD2ZeMUhPs/
;zyESRmUn/AZgK0tKQ9X3j3E1k5ZYyhTUt7FCtVLT2Bo5FNQQcgbtxsCZ+jvwVUY8YaYDpunac4Lh5mG
;QpOSPLX/hAed1J3wHEGiaqoBUVpzxVQMUmR1UxKexQrVS09gaOlfUEHUGzHaxOOtJI5WGLOI1onYpug
;KS8JJnQ2WE71zPwiMXVJcNpkBYejkihSa8ETUQBumrw3L3sVK1UtPYGjkX1BNyAernUVgqi5P0VTyxN
;ROUmMrTk4DnBOJx9i4tbiCS5qf27cbAmfp682UlPaGVg2eYeKNEp6FCtVLT2Bo5F9dQcgHt53DoWyqC
;hob8cSWQBzkaE/Px9xWWdyXvTQ5RIsWFBsx2sTiqShP2h+zRtWMHi2rD4jAXErVC09gaORfUEHIASuB
;WebtKQ0Q2naI1wweI+KKisVYFksclXkyvYVNQchHq4FZ+vGzVo3Eah8Py9kgLs5LwlLSDpDW97O8B4p
;bk578WcGnqK/O0NpqH0/Xxbp1W1GOhQ1VS098dH4EzViUkHNagmNmaA7VGTBEloAdIyxEjkTdVswLTy
;Bo5F9QQcgHq4kZ+vGvSheYtwZTQB1hrsrFRZ1SD1EU+T88xglWFR7w3U4hqe1WjYMqHw/X5aylU1sex
;QrJV9U79f0Dx5kT3DIWgqKpaUzWWn3HlozYrayLCQPZlIKTFPmz/R9QAcgHq4F562GzXk3DKgMTTZ4n
;bA/FRh7RTNyUODA+RQvYn99wWgXjqi+O0NlxxJgJxbo1U1KexQrDG09oqORfTF1SXDaYBW0paI0UVPF
;HVw3f4ewEikUeVswQ07g1/gSL1hZHq8FZ+vGzVpuTKhTP18WmackJA9xWQpOUu/FzhAgZEh3wGA4j6e
;5O2hqwRBaAGKBoCAoFXVCOXJV5Mr2FTUHIR6uBWfrxkkaNyKofD8vZIC7OS8JS0g6Q1vezvAeKW5Oe/
;FhBp+nkjxeYM0jSzdjhLcjKxJ4dCJEWfXLkXxBByAergXjq8bXWjcM2A5WMWKMpxIpFHpNCkBc4sv4E
;yRYRHfDWh/rx81aNwyoPFAfFvPVTUoLZkI7WVjz/PISL2F/c89mD4KoqAVTZcUjRl8X6dVNSntURBUt
;J4GjkQ0zbk5qy3c4iKmjPGhhyR9XNniMiikjFktRVSw9gaORfQFoYB6HBWfrtr8zWXjNDmA8eYezEic
;ad0M8Q1jex/gONWZOfctaAZmpoAVVY9oYWi0W6NVNSnsUK1FtPaCjkX0xdUlw2mAVtKWiNFFTxR1cN3
;+HsBIvA2BZIElY8/z/CCwHIR6uBWfrxj1lNyuofD8vZIC7OS8JS0g6Q1vezvAeKW5Oe/FgH5+0uD5Sf
;vcTWTlljKESMkkUKlUtPYGjkUQBBwcergUXma+jLlJ+9x9QMXC2uCwpE31FMHJY+dfjCCViUkHBYwGY
;o7kFTj6ofT9fFunVTUp7FDRVLT3x0fgTNWJSQc1qCY2ZoDtUZMESWgBwgLksJx56XwocPYCjkX1BByA
;e7gV468bNKkVlxghaLUmKuiMsJHlKNkVU78bOGyhrQXPLaxO09M1bNwyofD9fFqnVfUp7FFsnRFP1xu
;MiImhOePFoBoiupDRSU84VTTJhiKcoFRp3SDBBWPPC5RQuaX978WgGk8bMWjcMqHy3nFbp5k1Ke2RZP
;ENJ5NHOHi5pRkHDZASDr6M/aGrBDlIod5uwEisYd045SE/g1/gSL1hQbMdrE4Koqlo2DKh8P19WZpVN
;eHsUKyVfVO/X9A8eZE9wyFoKiqWlM1lp9xpWLXuetD8vJHVINkhR5NHwCShoTkHcYBOZp64uNw2ofD9
;fFplyDUpKFCtVXU/ozeUYM1hDccBjOIanrjJeYs0jWTZkhKIsOB5LSjZOWO3G4xw1bk9w8XEVirCoNj
;cNqHw/XxapWg1KSxQrVV1P6M3lGDNYQ3HAYziGp64yXmLNI1k2ZISiLDgeS0o2TljtxuMcNW5PcPF9O
;IantVo2DKh8P1+CKJVNensUKyVfVO/X9A8eZE9wyFoKiqWlM1lp9xpWLXuetD8vJHVINkhR5NHwCSho
;TkHXWgqKvs1bNwyofD/L16nVfUp7FFsnRFP1xuMiImhOePFoBoiupDRSU84VTTJhiKcoFRp3SDBBWPP
;C5RQuaX9k8WgGk8bMWjcMqHw/Blbp+U1Ke2RZPENJ5NHOHi5pRkHDZASDr6M/aGrBDlIod5uwEiwecU
;8nTEnk/PQiLGZYHq8FZ+vGzVoOTKhQP18WmackJA9xWQpOUu/FzhAgZEh3wGA4ja+/N0Bt2hlgOXOMs
;T8rD3F0LXJQ4NuRfEEHIB6uxRWrxuFaNwzYDlYxYoynEikUek0KQFziy/gTJFhGd9xoEIq0qAVRac0Y
;TT5ijIo0FRZ1U1UsPYGjkX2BdWAeggVn67a/M1l4zQ5gPHmHsxInGndDPENY3sX4DyxwQWzLWgGOo6k
;oVnjNI0UAe4itTUt7FCtVLT2V45FZQQcgbtxsCZ+jvwVUY8YaYDJ3ir0kJB5LTTxfUPbC4xgebUVsxV
;oC68fNWjcMqHwrHxbN1U1KC2ZCO1lY8/zyEi9hf3PPZg+CqKgFUWXaEUg+ZIyKJy8Jf3QtLTyBo5F9Q
;QcIXq4hZ+vGvSheYtwZTQB1hrsrFRZ1SD1EU+T89xQzald/3GA4gaO/MWh1qH0/Xxbp1U1iOxQPVS09
;8dH4EzViUkHNagmNmaA7VGTBEloAcICnID0aZk4KR1jzyM4HQQa6hzec/nIf8loWDKh8Ty1/h6EoOCR
;3RDtLYuzC8hUoaUVByWYIj6OSO1R4wRNRXxfp1U1KexQrVS0WgaORDTNuTmrLdziIqaM8aGHJH1c2eI
;yKKikUcE4KWVX0zvMTIG5MQcZgDoyuuVo2DKh8P18WgJVNYHsUKyVfVO/X9A8eZE9wyFoKiqWlM1lp9
;xtcMHKMijkiDnlJO0xU7fzmFCVzSB6vBWfrxs1aXkyoUD9fFpmnJCQPcVkKTlLvxc4QIGRId8BgOIen
;vi5oedgQUD5ytqYoOA1xWQpZRPHGkXxBByAergVn68bpWjcM2A5WMWKMpxIpFHpNCkBc4sv4EyRYTnH
;UfwuOmakzVmHNCFotFujVTUrbjbKMEj2no5F9MXVJcNpgFbSlojRRU8UdXDd/h7ASJBRuUTlIYuXK8B
;Akc0Vs8Tdn6sbNWpeVMaUAXzDp1U06CX1FIUhP3sD+EydYTX/NbQ6Fo5I0WHbSEFoAYoy4PRUWdVMKH
;D2Ao5F9QQdAbe4FQevGzSpFZcYIWi1JirojLCR5SjZFVO/GzhMufVpyy1oTjqu9BVpt0CMNXxfp1U1K
;e3RYFS0igaORDTNuTmrLdziIqaM8aGHJH1c2eIyKPTgSel8KQFLlxpF8QQcgHq4FZ+vG41o3DNgOVjF
;ijKcSKRR6TQpAXOLL+BMkWFBswWgXn5m4KVJT2h1ZK0mdvT8vCHxEOUk9gKORfUEH4HzuBX3rxs0qRW
;XGCFotSYq6IywkeUo2RVTvxs4ONWJQe64EZ+vGzVo3DKh8EF8W6aU/IxVgTidyXu7N9yIsZkN2x2sCt
;LCkKEN5yRBgOm6dpzguHmZ0Oktb8sblIjk1IB+uBWfrxs1jdwyHfD9fZpu8Iz4eZnQ2QlPn/PwcIm9J
;cMtaEYK0uS9WYPcZRytknLEoOCR7TTNeWPX86E9BBiAergVn68bNWjwMqHxNPnCdiiwjCXNKJS08spC
;iTnI04yGuFmfrxr87UXj3Hl4sc7a5JCQeY0IxWVWBogvk2J65h0c6Z/TGzVpFbc4IYD13mrASLwNgWS
;BeVO7NzgooY1R28XcGn6+iWjYMqHw/XxaAlU1cexQrJ0xb9fzzHDJif3fAYw6HqpI7WWvEGT9eFunVT
;Up7FCtVOz2Bo+McJ3N/fM92ArSvozxeYMQjTT5igLpNS3sUK1UtvcHjkW5BByBsz2MTtKSsKVJT3BRW
;PH2HsD45exUrVS09gaNxQkEXIB6udwaNspI4Vn/NI1M+b4ynPkp6FCtVLT2Bo9F9UAcgHtxkAZ+ZoTN
;ZafcPTz51gLsqSnoUK1UtPYGr0X1OByAe3GQBn5mvO0Rp9w9POnON1UxKexQrVS0dwaOJfUEHUn/IcT
;iCqLk/RWrJH1oAeoC7KD0ScF89LTyykKJOcjTDIa4hZ+vGvztRePcVUStzm7MsKR5LTi1ZT/TQ+BIvW
;Fd3ynEPtLSsLl5jqH0/Xxbp1Y0oOxQwVS0988L3CR5uTmrLdwGKpagFXmLOFVMzSYi7KiYeFCpVLT2B
;oxErAQc7Hq4FFYqguQVeYtwZTTl3irASIxVyQjlBYvPC5RQuByEergVn68aEGjcUqHw/LXePoRIjFWB
;OJ0tc4sbOCSluQ3XAYBSYxswIjxItl26HKenATUp7ZkozWWLozeUYM2FBfctaC4q/qChEDKl8P18W6d
;W9dXsCK1UtT+DF5SIoaVR73GMGiKOSKUdtyxVROBbo1U1KexQrpRI9laORfTNmRmrxbAmfo788Vm/NI
;0wvc4yxTUt7FCtVLT2/45F2QQcgbM9jE7SrrChQZcZ8Pl8W6dVNSm9UK0MtPYHR8Bs1WFNr3GMGiKOS
;Nl5izQtWO2KB1UzQ4o2yzLTkvqOzfUEHUn/IcTiYs788Vm/NI1onYpugPiMUenQiRFn1y84PIHNJca4
;EZ+vGzVo3Veh8Kl8W6acsLA9LWCBfW+DA9CIna09p3GQTjsbMWjcMqHyfOlbpzE1Ke2ZKM1li8tbjGy
;BkRUHHawGCqqEFVmLPEFpfF+nVTUp7FBUVLSuBo5EPIGFUQd1wFY2nrj9oasEQUwBkiKEoSnoUK1UtP
;cH20X1XByAe3GQBn5m+L0VqyR9aAGKBvC4hFXFYJi08qP8ev7Qv7CGuFmfrxr87UXj3D0otcIi2KBUX
;dVIwX06BopF9QQcgHq5FZ//GzVpFbc4IYCxjm7MsKR5LWCVMXujN9n1ADfe93jhtPPnNSDcMqA5eOWK
;2pjg4HXVIMHJO8cb0GUEGIB6uBWfriI1aIwyofE0+cJ2KOTgaYk45ckX4/OINJGJEHq8FZ+vGzRpnTK
;hoP18Wm7A+PhpmXwpIRfXR8CIgak9rwHFn6sbNWjcMqHw/XwDp1U04HmdfNF9J3sbpCTNmf3/DahKFs
;pJoNw2ofD9fFunVTUp2FCtVX1jy1/APNVhTbstgA+vHzVo3DKh8Bh8W5tVNSglxWCFMT/X84g0kYkRB
;nAVm68bNWjcMkTw/Thbp1T8vD2ZKNllU7s3OHCxoVXDaBWbrxs1aNwygPD9MFunVPy8PZko2WVTuzc4
;cLGhVcNpaVevHzVo3DKh8Nx8W/tVNSglxXydMXvXK/hMeY1Vsx2sAtLGkKlI+qH0/Xxbp1U1KexQMVS
;0988blDyBkVHfBaziOqKw4W2n3E0orZYCxKBUZe18hQlDez/AEJHVTHq8FZ+vGzVrHM6hYP18Wm7A5O
;Bp3XzxCU97G/xwja0VBwXATmK+pP2h4xwxgM3eQsD85exUrVS09gaORPUEbIB6udwKftKw5Q2XHEmAy
;f4e8ICsXS04tWU/00PgSLwchZbqrIAq8WWU3Eqh8Py1znacsKQ99RDtyUOjN+BAga3971nEVnrWkNVl
;Tmnw+JAJHkqww7ysrQC09gdH0CTNmQ2rHagm0q6Q0aHjaHUk6eunUTUp7FCtVOX2BtJF9QXVFatxkBJ
;+vojRoYcESYCtkiKMoJiQmK1QtPYGjkX1VRyAOrgVnmaO5KFZv3BVQMUmapSgvHxQqVS09gaOROQEHM
;h6uBRWOsr87VHjBE1EAZZmwKC4kJitULT2Bo5F9BUcgEK4FZ5mjuShWb9wVUDFJgbo9SnqOssy0pBhq
;rn1RByAe3GATmaeuLl5jxiNXMGa2501L4Y2yzLSkSJyRZ0EHIGzLcRWKpbkzWGL3BlcwZra2IiQffV8
;8QlOwo5B9QQcgHq4FZ+vczVo3fs0ITT51nbwiJCRuQzpdYuLM/xkoc0lxwDdn6sbNWjcMqHw/XwXp1U
;05HndEO0li7cLoGDNYWkHCbAGfxsxaNwyofD9fFunHTUp7Z0MwQVHeyv8bKGtMQcF3A460zVs3DKh8P
;18eqdVBSnsUWD5ET/X8/Rw4YlJtrgRn68bNWjf8l3wvXxbppiYjCWB0OUhT5tf5IixuTh6vBWfrxs1a
;NwyobD9fFpq+JDgPS0c8Q1jewP4IL3MgH64FZ+vGzaoIDLx8P19lgrw/PiR5QjtEUODPzhEkaUdqxgV
;m68bNWjfMyjw/Vhbp1T4hEmZfCkpc8aOQBlWpZ//UgVjrzc1aN3/DFU0rSZqlKC8fFCpVLT2Bo5FTAQ
;c6Hq4FFIepugVTY98SYDl/m6Y5FR1xXApBXPjG4w5BBiAergVn686NWioMqHxMM2W2tCQ4JHlEMUhi5
;Nv5HDR0VEHedwKYtbgoUgypfD9fFunVeQp7CCtVLU7t0M4cKHV/c8FhArS2oT9ZecUjTy1zmqY4OB4U
;KlUtPYGjkVkBBwcergUUh7WSOFh43BNSAGWcpysrGHF0NkJT9czkDx5kT2zAYBW0oqg2VnWofT9fFun
;VTRM7FABVLT3yz+IiI2hUasFoOJizvzxWb80jXDB4nbo4OCRxRTFyXu7O4RgvdEFqx2oJ68fNWjcMqH
;w/XxbN1U1KCHhYCk9S9df+EB50VWzIZASOma41WXjHCU0Ac4exEi4eeEosLTyBo5F9QQcgHq4vZ+vGv
;jZEU8oTSyt5hIo+PwlySjZIYuLM/wkuclJBwmQUjrSSNVFq9xhaM3eQ1UxKexQrVS1kwaO4fUEHU3Ld
;WgWEsrk1WlPbCU05d4qwEikUel86WE/ez/AOJHV/ccBaA46qrCM3Dah8P18W6dVNSl0UK1VeUfL88xI
;1c09z8XYSmaCsOVJTyxNRK3mcpxImGmdOJ3JN7tT0D0EGIB6uBWfrj41aHwyofEwzZba3Ij4Pe0YKXk
;jzxfAeJFhDccBxCJ60kjZeYs0jWzZlnbQjKR4UKs+0pBg6CMR+BwAergUUh7WSOFh43BNSAGWcpysrG
;HF0NkJT9czkDx5rT3Hedmfqxs1aNwyojABfN+nVTTkXZ3Q3Qkn1zPwiMnJSeM9mArSlojRDY90OYDBw
;j6YoPnsVUEGDemDZJcJBLiAernYLmJmvNUN4xxFgLGObsywpHktIOkNJ7tbjIjJkQXDAbAmMma41QmL
;cfD5fFunVTUqLKyt8LT2B0P0OHmVPatpqCrS1uChRbcsZYDx5h6EiPwlLWDZMU+/K/xoedFB7y2Fn6s
;bNWjcM5KF/Xzvp1U05F2d0N0JJ9cz8IjJyUnjPZgK0paI0Q2PdDmAreba8IywSeEcKSVTy1/ATImIgH
;9URyawnt/4IDI58P19lhaYSKBRgXzpAYvLW4xsgZEVBx2sBgqqhBVRj2hJaLUmNsCErAhQqVS09gaOR
;JAEHCh6uBRSHtZI4WHjcE1IAZZynKysYcXQ8Q1voz/0iJGlEQc1qCpujoylWeMETUV8X6dVNSnsUK1U
;tHoGjkQ4tdH98wXEThKuSKUJ+zh1cOkmAuysjF3h0MENZ3sf0ESB+IB+uBWfrxs1aNwyBfD9fZYWmEi
;gUYF86QGLy1uMbIGRFQcdrAYKqoQVbbdsZTQB5j7MSLh54SiwtPIGjkX1BB3leri1n68a+NkRTyhNLK
;3mEij4/CXJKNkhi6M33FC1rf3LPdgKZmaI0aGjNEF4mFujVTUp7FCtVLT2ko5F9MmtTQcxqE5+poAVE
;edoaXjxztrwjLBJ4RwpBXPLG4yIxaFd73AVm68bNWjcM4Tw/eBbp1T4mCEtJOllJ7s7ODjR1Rn/NYDi
;CqKszW2D3EFYxc7axJDkPdUU2SD2AOQjk2J65p5EFRuvGzSlbf/ceUCtihrgSOQ5mTTROWN7K/xsoa0
;xBwXMCmaqsKjcNqHw/Xxbp1U1KUxQrVV5R8vzzEjVzT3PxdhKZoKw5UlPBElk2eoWKPikaekU8Q1rew
;P4IL3MgH64FZ+vGzaoIDJh8P19lhaYSKBRgXzpAYvLW4xsgZEVBx2sBgqqhBURvyRJRNniOii4lDnpf
;Ck9E3s/4EyQHIR6uBWfrxj1lNySofD8sepqKLyUPYEQ4ck700fccImJ/d8BjDoeqkilUbcYSVjFxtqY
;9Lx5wK1QtPYGjkTGcRyAHrgVnmKq+BVVj3AhQMkmaoD8sGndOCkFc+MbjDkEGIB6uBWfrxs1aKwyofE
;wzZba3Ij4Pe0YKXkjzxfAeJFhUdtxgFIOpoT43DRBiurRHUWtySl8UK1VeUfL88xI1c09z8XYSmaCsO
;VJT3BNgMXmbuCwmJHtdMF9R4NORfEEHIB6uBWfrxuRaNwzbEEwAdIahOSUWS1ggX1vgwPQiNWh/asF1
;OJizvzxWb80jUClzm7ksOnsVK1UtPYGjkX1BHyAernYLmJmuNVl4xwlNAHWGpyMvCUtPMEFc+KOQfUE
;HIB6uXCfr2s1aN3/ED2A8eYehIj8JS047SWLizPwNJGlTf9psCIXGzFo3DKh8P18W6cBNSntnRyZyXu
;7N5RI0dX97wGE4j6OhO04MqXw/Xxbp1U1Kew8rVS1O7dDOHi5pVHHbdziHp74/RVPHGlkAcoy5LDN7F
;StVLT2Bo8g9QR0gHq52C5iZrjVZeMcJTQB6iKYoOCR7RQpJWO3C6H1AByAergVn68bNTTcMqA9TLEmK
;uiM+FGFZCkFc8sbjIjFoV3vcBWbrxs1aNwzhPD9DFunVPiYIS0g6Q0nu1uMiLWJOedptOJ+uvz9EZMc
;QW18XUcvIoSqs5WotJIGjkQ4tdH99wWsThLO/BVtlxhlgO3+aoSwkGHErVLekGDoI5Pg4IA+uBWeYqr
;4FVGPGCFAqZLa5IiULZytULT2Bo5F9sTggDK4FZ5iqvgVUY8YIUCpktrorLAhxX1UsRpUN1pw7s58et
;AVn67WhKWhvxxJLMGObij4pGnpFPENa3sD+CC9zIB+uBWfrxs2qCAyyfD9fZYWmEikUel86WE/e0PIc
;L2lJcMlaFJujqD43Dah8P18WpQgNSmUUK1VeUfL88hIvc09r3FoThJmkNFFlxBBgO3+aoSwkGHErVFY
;pL+RwB+U4IDKuBWeYqr4FVGPHEFYxcba2NCYSek8wX2LtzOYYM1hIe89xApmZoDtPU8cJSy9jndVMSn
;sUK1Wta8GjvX1BB1Ny3VoEhKmhM1lr9x9GM3+HsSg4JGFbJUhP3sv0HDViUkHDZB+0qbguR3ncfD5fF
;unVTcotVCtzLT2B0P0OHmRPccJsCYyZqyhYYtwjVi1JgbAsPh5mdDhMRd7M5AkxclQerwVn68bN2mFM
;qG4/XxaauT4VGHtEOURT5vz5GChgSGquBGfrxs1aNyjofCdfFummITkkd0Q6QVTvxM4RIH5FbPFtAoK
;hpS43Dah8P18W6QVySlwUK1VeUfL88hIua0lwyVoLjqC5BVFpzRhgN3OIoSg4JHlKLXJS9NfhCDUHIR
;6uBWfrRpsaNymofD8sepqKLiUUeEI7SmLtxvcJHm5SQcZgBp+jvwVabdAjUCpimaA5SnoUK1UtPQH10
;X1lByAe3WkUtKWiNVtlxhtgL3+aoSIkJHxONFlY8/z8HDlYT2vadRKfxsxaNwyofL8JVunxTUp7Z0cm
;cl7uzP0UL2B/bsFyA460kjxSacwVUThJnbwgLyRxXTBDPYCjkX1BByAergVE68bNKVt/9x9QMHqAuyo
;VC3tcMUhP3sX0GCVuTnnxcQ6Go5I1U2iofT9fFunVTUp7FA5VLT3yz+IiImhPcsdrALS0qDtFU8EOYD
;dziKEoOCR5Si1yUvTX4Qg1ByEergVn60abGjcWqHw/LHqaii4lFHhCO0pi88byEiBzRWzxdheOo6laN
;gyofD9floKVTWJ7FCsmQU7ewP4SLW5OefF3DoyuuQVRac0YYDdziKEoOCR5Si1yUvTX4Qg1ByEergVn
;60abGjcqqHw/LHqaii4lFHhCO0pi88r2FTVYSWzxbQKKsqgoaGHJBGAwY52lOD57FStVLT2BI8c9QR4
;gHq52C5iZqjtHU84VUzNJiro/JB5mdDFIUeDakXxBByAergU+q8bQWjcM2xBMAHGIpRIsEnhHCkhT5f
;zyEix3RXDdZBOCqaNaNgyofD9fFunVTVx7FCsmQU7exPANHmFJcsJaAoWikj5SYMkFP14W6dVNSnsUK
;1UxPYGj4hEyWEd/3loBgqqhBVtt2xlNAHmPsxIuHnhKLC08gaORfUEHeV6uHmfrxr42RFPPHU8AcIC5
;IRUXdVgwX2Luzc4ZJGtBZ64EZ+vGzVo3DKh8J18W6aYhOSRzSiVyW+jP/SItZlN73FoXhLGoKDcNqHw
;/XxbpnA1KZhQrVV5R8vz2HDFYRnfCaTiHo6M9Q2T3CFctc5q9IiYfFCouOZPGQuv5fgc7Hq4FFIe1kj
;1WfPcaVjN6tqYuKxV6QjtKYuLM5BM1ByEergVn68Y9ZTcXqHw/LHqaiiorC0tNPEFR3tDyHC9pSXDJW
;hSbo6g+Nw2ofD9fFqUIDUpsFCtVXlHy/PgTJ25McvFmCJmoqChoaM0QXiYW6NVNSnsUKwxtPZqjkX0y
;a1NBx2sBgqqhBVJizCNcMHuZsCM5GmBCOkM9gKORfUEHIB6uBXPrxs0pW3/3FVE5f4W5Ei8VcHQxSFH
;g2pF8QQcgHq4FZ+vG7Vo3DNsQTAB/h7MkJhdLTDRdYufK/REeZE9swGAVtKKoNlZ1qH0/Xxbp1U0TOx
;QPVS098s/iIihpRnfCaTiMp70FUWXEEGA6eI2KLiUWZE47Xlz1yv4TQQYgHq4FZ+vGzVoqDKh8TDNlt
;rwjLBJ4RwpKXPH89xQta397wGE4j6OhO04MqXw/Xxbp1U1Kez0rVS1O7dDOFC9hSXLCWgCKtpI8XmDE
;I1c+Yoq9Ei4SZ180Q17k/PccInNPbK4EZ+vGzVo3/Jd8HF8W6aYhOSR9RTNEUe389hwxWEZ3wmk4h6e
;+P0VTxxpZAHKMuSwzexUrVS09gaPIPUElIB6udguYmaQ0UWXEEGA4d5mKKyMXeHQ5TE7k0c4SL1hEe8
;JkHuvHzVo3DKh8P18W9tVNSgh4WApEU+fK/REeYEFu8WMOh6qSNlZ/zQ5gL3mesD9KehQrVS09gerRf
;WUHIB7daRS0r6M8XmDEI1g+ZrazJCYXS0cwQ1r1y84JKXVFbcZqC4/GzCEjou+dRdsp6fdNSntnRyZy
;VO/F+BEtWEd/3loBgqqhBURvyRJRNniOii4lDnpfVSw9gaORfUH3Hx6MBWfrtaEpaGXGGlYzerayLDo
;kckI5QWLywPATL25OefF2F46jqVo2DKh8P19aNJVNUHsUKyZBTt7K/xsoa0xBwmQUjrSSNVFq9xhaM3
;eQ1UxKexQrVS1kwaOIfUEHU3LdWg6FoKQ2W1PEHUw6ZLa6IxUfcUc0VD2Ao5F9QQcgHq4FcevGzSlbf
;/cVUTl/hbkSJhpnTidyTe7U9A9BBiAergVn64+NWi8MqHxMM2W2vCMsEnhHCkFU78bOGSh0VH/AZgLr
;x1fDrpUx5YZgFvDVTUoIeFgKRFPnyv0RHnRDf8BrDoWhkjlYecYIP14W6dVNSnvkFFUMPYGj4hEyWEl
;wyGwLh5m+OVZixhVROEmKujgkD0tJLHJR6M30fUAHIB6uBWcb+c1DNwyoD1MsSYC7KyMXeHQmTlzvzf
;gTJlhTbstgA+vHzVo3DKgw4h8W/NVNSgh4WApHSOzTzhEkaUdqxloLgqukLjcNqHw/Xxbp8Q1KaRQrV
;V5R8vz7CCx3f3PPfTiPo6E7TgypfD9fFumVGAp7BitVLU7t0M4XNGpQQcNsCbSiqDZWdah9P18W6dVN
;bjsUJVUtPfLP4iIrck1u8XYXjqOpWjYMqHw/X1o0lU1dexQrJkFO3s/wBCR1f3zBdwOOtJI1UWrbGUt
;fF+nVTUp7FCtVLSaBo5EOLXR/cs98ApmZoD9Fa80jXDN5mrASLBp3TiYtPIGjkX1BByAerh5n68a+Nk
;RTxR1LOmSAtCEVCHdKOUhi58LyCS51f2auBGfrxs1aN1XofCRfFummITkkeUohSE/owv0iMmRBcstaA
;YqluTVFU9F8Pl8W6dVNSiJUK04tPYHQ/Q4eakFqy3cOiqqSKVRtxBlgOXeKoSI4JG4rVC09gaORfRhH
;IDyuBWeYqr4FWWXcDlA4c4eKICUfcXQwVVXg1uIJHndSe912EpmjzVs3DKh8P18iqdVsSnsUWDleYu/
;K5Q8uYEVw8WgIj6OSKltpxglSAGabsD45DmZOVSw9gaORfUEjYB63BWfrtaEpaGLHDlI+era8IywSeE
;cKQkvk0f0cMQchHq4FZ+vGzVo3Lah8Pyx6moojJQl5SjlySe785RIxWFNr3GMGiKOSNUFp2hBeLxbo1
;U1KexQrVS09k6ORfTJrU0HBfR6Mo6MFVGPGCFoxYunUTUp7FCtVOX2BgpF9QXRMbfF1CJyiqChoas0Z
;WzZ4joo/JQ91XzxCU97R8AkoaCAfrgVn68bNqggMnnw/X2WFphI6FGNPMF9i58b0GShpR0HcahOKsqQ
;1WVPaHUs2ebazOCQYYEI6Q2Lg0fQcHmFBfdpqFevHzVo3DKh8P18WxtVNSgh4WApdUvbH9A8eYUV7ym
;wJjJm/NUNt3BVQMUmbtDkjFEtNIENe9cr+Ex5lQW3LBWbrxs1aNwyofD9oFunVPiYIS1s6Wlnk0c4bJ
;GJEd8BiOJmpuTtDZccSYC13nbwiFR1hRTZZVO7Nzh4ualB7wHYGn6+iNDcNqHw/XxbpJXJKXxQrVV5R
;8vzhEjZjRWzxbQKKsqQ0UFPLE1Ivc4emLD4Se0UKWVTsxpF8J2FGeMhje6vG4lo3DNsQTABmm7AlLxp
;gQjtKYuLa/RQvY0Vs8WkInKO/BV9pyQhaLUmEtDUVFGFfJVhJgaKRfUEHIJ74RWfExs1aRGDbI08tc4
;GwLD4SekwKTkTtyv8ZJHV/a951ApmZpT9WeM0OYDJ3kYoiPw9kXiEtPIGjkX1Bh3Zerixn68a+NkRT2
;A5aN3OIoSQkHEtNJ0JT9fz4Dx5vRX/aYBW0q6wiaGPdCE8qYunUTUp7FCvVe32BtpF9QXRMbfF1FY6u
;qDtDZcYbYDdzgLIlPnsVK1UtPYGjuT1BHCAernYLmJm9KFJkzR1LNniOiiErAnFZCkVY6MT5CUEGIB6
;uBWfrFvJaHQyofEwzZbalPy8TcUohRFPm/P0YJ3N/eMtgA7SuqDtDadojUj5utro4PgthX1UsPYGjkX
;3BUWAehgVn67WhKWh82hlXOnedvCMtJHhOM1li6NHOFSRmVHvcWgqKvpI1QnjYCUtfF+nVTUp7lH0VL
;RqBo5EOLXR/btxgD46nuTNZa/cMVixihrsSIh51XzBfYuzC6SIuclRu23Fn6sbNWjcMKCp/XzHp1U05
;F2d0JV9Y6cbwCShpR0HeahCPo78FUWnNGFYxcbahJCceS04jSFOBopF9QQcgHq4FZ83GzVpEYNsjTy1
;zgbAsPhJ6TApdUvbH9A8eYUV7ymwJjJm5M1pp9xNbOxbo1U1KexQrVS09qaORfTJrU0HedwKDo6wuXm
;LPI006d5uKJDgkfE40WVjz/PwcOVhPa9p1Ep/GzFo3DKh8vwlW6chNSntnRyZyTfPG+Rggc0lwyVoVj
;qWiO0Np2iNML3OMsU1LexQrVS296uORVkEHIG3CdjibtKgyUm3cFVE4SZu8KiIPS00wSFney/QcNWJS
;QcNkH7SpuC5Hedx8Pl8W6dVNyi1UK3wtPYHQ/Q4ed1J7xmAGn6+jPWh+wRtXK0mApxIiHnVfMF9i7ML
;pIi5yVG7bcWfqxs1aNwwoKn9fO+nVTTkXZ3QlX1Tv1/gTJlhDZ8JsCY+jvwVbY98ZTQB+jLQ5LwlLRj
;RVYu7W5Q00cyAfrgVn68ZNDHcMhXw/X2WFphI6CX1FIURT5vzyBC1uTnrLdzietr0/RVPAGV4rc5uKI
;CsDS0QgWU3015F8QQcgHq6FMavG6lo3DNsQTABmm7wjPhJ6TApLT+7N5SIodX92y2QTjrSSN1Z09xNK
;K2acoU1LexQrVS291+ORVUEHIG3CdjibtKQ0Q2XGG2Azc4+hEiwecU8KRVjg1/QPHmpBZvFqEp+2uC4
;3Dah8P18WaYMNSl0UK1VeUfL84Q8oaVR3wGI4h6OrLmhl2iNXOnedsD8VFnVTCkJI9dPkCUEGIB6uBW
;drkI1aEgyofEwzZbalPyMVYEI7SmLxyuIJLml/dstkE460kjdWdPcTSitmnKFNS3sUK1UtvdfjkVhBB
;yBtwnY4m7SkNENlxhtgL3mesSg4JHJOMElU78TOCShqRUHLcwKFxsxaNwyofD9fFunxTUp7Z0cmck3z
;yv8JKGlHQd5qEI+jvwVRac0YVjFxtqEkJx5LRDFJPYCjkX1BByAergVB68bNKVt/9wxNNnidvCMtJGZ
;ONF9i6NHOFSRmVHvcWgqKvpI1QnjYCUtfF+nVTUp7lH0VLSaBo5EOLXR/btxsCZ+voz1ofs0fUD5ijK
;cSOQtxTjEtPIGjkX1Bh0terixn68a+NkRT2A5WMWKAuyoVCX1MPVli58b0GR5vRX/aYBW0q6wiaGPdC
;E8qYunUTUp7FCvVe32BhJF9QXRMbfF1FYKouTNZa/cOVjh+nYokOCR8TjRZWPP8/Bw5WE9r2nUSn8bM
;WjcMqHy/CVbpwk1Ke2dHJnJP7srODyRgSXHAWgSOqLk/RVPQfD7/DMYIaexF1CtCLT2B0P0OHnVPd/F
;3AoyvojRob80SSzpktqxNS/JVS7D9379jkWhBByBtwnY4mamkBUVpzxVQMUmbtCkjDmcrVC09gaORfX
;9HIAOuBWeYqr4FRWPBI006cYC6IxUPfFkwXlXuz/UiIHVFf64EZ+vGzVo3KOh8KV8W6aYhOSRnTjJAW
;O/XzhEkaUdqxloKgqjNW81ywsBLzJ7W1WpKexRYOV5i8sv4GC1jf3zBcROEq5I5WGLcE0otSYW8Iy8k
;cEImWVzvwPR9QJ25hzec/lL5zUU3DKgPUyxJmr0kLxdwdDdCSfXM/CIiaE5qwXAVtKqiNUd/qH0/Xxb
;p1U1eOxQHVS098s/iIjJvSXvCYTiJqbkuWGH3H1AxYoagPxUPe3Q8Q1voz/0iJW5Tas9rBI7GzCEjou
;+dRfsp6c5NSntnRyZyTunK9BElWEJx2nEIhpmoIkdtxg9WMHjp1E1KexQrVTl9gYWRfUF0TG3xdg+Co
;6E+aG7HCEswe7a8IywSeEcKQVTvxs4ZKHRUf8BmAuvHV8OulTHlhmAW8dVNSgh4WApeVejG/RkeZU9q
;2moKtKqsI1J+23w+Xxbp1U1KX1Qrdy09gdD9Dh50SHfLaQO0pKIuQ2PFI08teYOwLj4ecHQ5TETk0eJ
;9QAcgHq4FZ7KGzXo3DKgPUyxJmr0kLxdwdDZCU/XM5A8ea0lwy1oDgrW5O1lvzXw+xY9wTNTTwisrTS
;09gdD9Dh50SHfLaQO0paI0Q2PdDmAzeYalPkp6FCtVLT2Bt9F9VgcgHt1pFLS1pTNSYMwjXDBkh7A/F
;R9xRzRUPYCjkX1BByBH7gV868bNKVt/9w9XNnOFsRIvFXB0NkJQ8cb/DiBzSXHABWbrxs1aNwyofD9L
;FunVPiYIS1g9RFjtx84YL2N/estpBpLGzFo3DKh8P18W6cFNSntnRyZyTunK9BElWEVm3mQJmK+iNDc
;NqHw/XxbpJXJKZBQrVV5R8vziFShiTHrxYw6HsqgoaGLJDk0wYbanKC0Se0VVLD2Bo5F9QQ9gHrEFZ+
;u1oSlof8AVWjNytrwjLBJ4RwpBVO/GzhkodFR/wGYC68f+aQQ/m0/sYBbz1U1KCHhYCl5V6Mb9GR5rQ
;W3LdziEoKsFU2nEHUZfF+nVTUp7FHIVLSSBo5EOLXR/bcZsAoeikjZWf80OYDB4trEoJhptK1QtPYGj
;kX1BByAIrgVnmKq+BURkwRlTO0mFtD4vCUtbOlpY86OQfUEHIB6uESfr181aN3/ED2AsfoCwIS4ke00
;zXlj1o5B9QQcgHq4FZ+vfzVo3f8QPYCx+gLAhLiRnSDRDU+jN9iIyd0V7ygVm68bNWjdAdTw/fBbp1T
;4mCEtYIF9b4MD0IjJuRHvxcQKTsrgoUlPaGUwwepyhJCUVFCrPtKQYOgjEfgcCHq4FFIe1kilCfs4dX
;DpJmrwpLyRgTi1ZSPPGzgU4WE94yHYCn8bMWjcMqHw/vynp501Ke2dHJnJJ6cbjECBrf3vAZguEtbgo
;UlPKHUw6SY28Pj4aekgwcknu/PcUM3RUQcJkHo60zVs3DKh8P1/m1tVqSnsUWDleYvXL+BMecEFywlo
;DhLOvNlJTxBVROmW2tiI4FXFZCklY7cLofUAHIB6uBWeyhs1xNwyoD1MsSZ29JCQkY0o5QWLlzOQfLW
;J/csdrApiZqDRTU8sTUi9zh6YsPhJ7RVUsPYGjkX1BByAeigVn67WhKWh4wBVRAGGIuSEVH3teN0FY3
;s/4EyR0f3vAYTiPo6E7TgypfD9fFunVTUp7PitVLU7t0M4JKW5OQdlkC4eZqTVCbsQZYDN/h7A+FRd1
;WDBfYu7F9yIlYkx/1wVm68bNWjcM8Tw/dhbp1T4mCEtfPURT3tTwES1YRHHbZwuOmaEzWWnbI1M+ZYy
;nEiUVS08wQVz4o5B9QQcgHq4FZ+vgzVo3f8QPYCt+gLsSPRp4RwpJUvTB/Rgea0lwy3Y4h6e+P0VT2B
;NIOmTp1E1KexQrVWR9gYqRfUF0TG3xcQ+CqJItVmDEI1swY4u5KBUXfUUwXmLywPATL25OefFmCJ6ou
;Vo2DKh8P18WGepNY3sUKyZBTt7X+RQvWFd/wmk4j6m4OFtp9xBWMXOaij4pGnpFPENa3tDhGCRjIB+u
;BWfrxoGHdwyOfD9fZYWmEj4TfUUKWlztz84OKGlHcstaC4KoqAVUY9oSWi1JjbAhKwIUKlUtPYGjkSQ
;BBwoergUUh7WSLl9lxiNIPnqFij4jFXNHMHJR6M30IiRpREHNagqbo6MpVnjBE1FfF+nVTUp7FCtVLR
;6Bo5EOLXR/asZsCbSxrDZbU9sVUTh6jIohIxVxdDBDWd7H9BEgfiAfrgVn68bNWjcMgXw/X2WFphI+E
;31FClpc7c/ODihpR3LLWguCqKgFW23bGU0AeY+zEi4eeEosLTyBo5F9QQd5Xq4tZ+vGvjZEU9wUVjFJ
;nrQhJiRnQjtKUeT8/RQvYn9yz3YCmZmiNGhozRBeJhbo1U1KexQrVS09pKORfTJrU0HabQ6Fmbo7W2D
;3D1YxcYWwEiYSek4KQVzyxuMiMWhXe9wFZuvGzVo3DOE8P3cW6dU+JghLXz1EU97U8BEtWFN3wGILjp
;mhM1lp9w9cPniHvCMtJHdEIENJgaKRfUEHIB5eOmfDxs1aRGDbI0s3f4eKOisXeHQmRFPmz/QiLW5Oe
;/F2BIqoozNZa/cPTzpzjdVMSnsUK1Vh4MGjtX1BB1Ny3VoThLaSKUJ+zh1cOkmKuiM+FGFZCk5S8830
;Dx5jRXLPfGfqxs1aNwyoJX9fPunVTTkXZ3QhQk3e0OQPJ2ZDe/FmCIWyoi9FU80SWwB1hrg9LxVnSiF
;EUu+jkH1BByAergVn6+fNWjd/xA9gK3mZij4/CXJKNkhi4sz/CS5yUkHLawO0oqg2VnWofT9fFunVTU
;p7FAxVLT3yz+IiNWhQQd1wFY2nrj9ob8cSSzBjm4ohKwhxWQpCW+f89RgtZlkerwVn68bNWm5MqFo/X
;xaauT4VD3tbCl5I88XwHiRYQ3HAcQietJI2Vn/NDmAweLaxKCYabStULT2Bo5F9QQcgPa4FZ5iqvgVD
;Y9gjTCpkj7QuLyR3RDtZUvTRzhEgdEVs8XUInKO/WjYMqHw/XxaglU1vexQrJkFO3tf+DR50VWzIZAS
;Oma41WXjHCU0AeoC7KBUffVghTFPixpF82565hzec3tTG0Fo3DNsQTABihqUSOQ5mTTROWN7A/hM1aF
;Vs8WkIhLa+WjYMqHw/XxYZ6k1UexQrJkFO3tf+DR50VWzIZASOma41WXjHCU0AeY+zPi8PFCouOZPGQ
;uvJ/gcGHq4FFIe1ki5YfPcPSi1wiLYoFRh7RSFCSPP84h4gaU53wGI4iKm4NEMMqXw/Xxbp1b11ezIr
;VS1O7dDOCS53f23bdwGKpagFVGPGCFAqZLamLisVekI7SmLy0/QYJQchHq4FZ+uKEBo3Jqh8Pyx6moo
;5JQtLWCBfW+DA9CIiaE5qwXAVtLKiBV5izhVTM0mNvD4+GnpIMC08+rc/OqB9hCGuJmfrxr42RFPcE0
;8AZZynKysYcXQ8Q1voz/0iImhScMt3OI+joTtODKl8P18W6dUUCnszK1UtTu3Qzgkud39t23cBiqWoB
;V5izhVTM0mMuykVGHtGJUhT8sLlFC5pIB+uBWfrxs1aNwyIfD9fZYWmEj4UZHQmWE/nwvIYHm5OeMdp
;C7Sjoz5oaM0QXiYW6NVNSnsUK1UtPaejkX0ya1NB2moXtLW4KFFtyxlgNniPvCEmJHhKJkhP3sz3Gx5
;jRXLPfGfqxs1aNwyoJX9fM+nVTTkXZ3QhQk3e0OQPJ2ZDe/FsCY2voTZoYMkPWi1JhrsSLh54SiwtPI
;GjkX1BByAeridn68a+NkRT3BNPAGWcpysrGHF0PENb6M/9Ii1mU3vcWheEsagoNw2ofD9fFumcDUpfF
;CtVXlHy/OUSMVhTa9xjBoijkjNZasEQUwB6gLsoFR99WCFMU+LGkXzbnrmHN5ze1MboWjcM2xBMAGKG
;pRI5DmZNNE5Y3sr/GyhrTEHdZgaFqKQ0UFPLE0oxYunUTUp7FCtV3QKBjpF9QXRMbfFxCJuZvi9Fask
;fWgB/h7MkJhdLWDZMU+/K/xoeZE9rwHE4ib+SNl5izXw+Xxbp1U1KiysrcC09gdD9Dh5zT27xdhKZoK
;w5UlPBElk2eoWKPikaekU8Q1re0OEYJGMgH64FZ+vGgYd3DL58P19lhaYSPhRkdCZYT+fC8hgea0Fny
;3cU68fNWjcMqHw/Xxbw1U1KCHhYCllS8fziCDNhQX3LWhODtKgpX2PEGD9ervdQphvDqhRVPz2Bo+IR
;MlhYZ/F2Bo2jkihWaMEJTF8X6dVNSnsUy2otKoGjkQ4sZkxy8WMCirK4KFJ/9xhWPnuMoSg4exUrVS0
;9gaO1PUEbIB6udgqKqqEFUWnJCEotc5qKJSUXcXQxRFzsxuUYMwchHq4FZ+vG0Ro3F6h8Pyx7iLkhFR
;1xSiFYT+TQzhQvYUlywloVirKkNTcNqHw/XxbpjA1KYRQrVV5Q4M/9IidiQWrbdwKYmb4qUmnMI00+Y
;oC6TUt7FCtVLT3I45FfQQcgbcFpDo+ZrzVDeMcRYDpunac4ORJ7RQpaVOXX+SIzZlR3wQVm68bNWjcM
;8Tw/RRbp1T4lF31PCk9S9df+EB5hSXLPaAKFspI8W2PffD5fFunVTYosVCtHLT2B0P4RKGN/fMFxE4S
;rkjZWdc0OP14W6dVNSnsAa1U/PYGj4hItbkRBzGoTn6mgBUR8zRlbXxfp1U1KexRlFS0ngaORDi5rSX
;rxYw6HqpI0Vn7aE0gAcIW6OjgaYE5VLD2Bo5F9gVBgHrgFZ+u1ojZeaPcVUTl/hbkSLwNkSjteVO7Nk
;XxBByAergVn68bvWjcM2xNTNnK2vCMsEnhHCkhF8cL/DihoTkHcYAqEsKgFX2PEGT9eFunVTUp7FCtV
;Pj2Bo+ISLW5EQcdrAYKqoQVEZM0QUywW6NVNSnsUK1UtPZejkX0yaEx3yloOhaCkNltT3xVbK362uCQ
;kexUrVS09gaORfUEYIB6udgiHr6kFQ2PYI1onYpugPiMUenQiRFn1y84PIHNJca4EZ+vGzVo3Veh8KF
;8W6aYiJhJwdCFCTd7F+BEgakVw2loBh6m6WjYMqHw/X9a+lU1FexQrJkJR6MfOCS53f3LPfAKZxsxaN
;wyofD9LVunaTUp7Z0Q5RFne1/4NHnRQe8thZ+rGzVo3DKgyf1836dVNOQ5kWzpfSd7C9Rwxc0loy1oO
;haCkNltT2h1LNnm2uCwyexUrVS09gaPVPUEmIB6udhKbtqIoQ1PJGF4vYoCjKBUSek08QVHe0fAJKGh
;/c8drZ+rGzVo3DKhYf1826dVNOQ5kWzpfSd7C9Rwxc0loy1oOhaioKGhp0AxeMWWAuiNKeo6yzLSkGH
;qufVYHIB7dcBebqb8uaG3MHU8rf5+wEiYabU4nXj2Ao5F9QQcgCu4FfOvGzSlCfNgTTStJiLEsOg99X
;TByT+TH5B41bk9w3QVm68bNWjcMqDw/RRbp1T4/C2REJ1li4MfwDTVuVnvxcg6PsqUFWmXGfD5fFunV
;TUpzVCtGLT2B0OQNMWhSavFnBpijkjZWdc0OTF8X6dVNSnsUK1UtJIGjkQ40d1Bx3HE4iae+P2hgyQV
;aLWW2pj0vHnArVC09gaORfQhHIAuuBWeYs70qWH7cI10tf42yKBUXdVIwX06BopF9QQcgHq4FZ/nGzV
;pEedgMUC1itrc/IxZLXDxJSemjkH1BByAergUn69jNWjd/3QxPMGSdii4lFXpONllU7s3OBThYRHfdc
;QaFpahaNpYx5abGj1DqTVd7FCsmWE3xzOMJHmJYatxwFIKpowVAZcwIVwBkiKEkJXsVK1UtPYGjyD1B
;EiAernYSm7aiKENTzhVTPnuMuzkVHXhEIi08gaORfUEHeV6uHGfrxr4vR3zHDksAf4ezJCYXS0cwQ1r
;1y84QKGkgH64FZ+vGzVo3DL98P19lnKU9JQlgdDxDW+jP/SIuclRyx2sCmMbMWjcMqHw/XxbpxE1Ke2
;deJV1S89fOGyhrTEHcZBOOxsxaNwyofD9hVunYTUp7Z14lXVLz184cL2BMe64EZ+vGzVq3Suh8LF8W6
;aY4Ogt7WSFyTejP/RwzWFN31GBn6sbNWjcMqGx/Xz3p1U05DmRbOl9J3tD8HC1rf3jCagafo6kFUWnJ
;CEotc5qKNTMkcVMlTFPyyv4TQQYgHq4FZ+s28lo6DKh8TCpmmbo/PiRnWzBIWYGikX1BByAe50Vn9sb
;NWkR52AxQLWK2oT8vHktJJ0xT4svOHC9gTHvxaAaTxsxaNwyofL8ZVunOTUp7Z14lXVLz184JM2JFQc
;x3BoWlpQVTacYPVitv6dRNSnsUK1UTfYG/kX1BdFVu3moVn5m5KFJp9x5NPniKvRIuEnVGMFlY86OQf
;UEHIB6uBSfr6s1aN3/dDE8wZJ2KOTgecXQ3X1zvwPkiJW5Bc8txApmZqTVCbsQZYDBjnbkkJB5nK1Qt
;PYGjkX1JRyA+rgVnmLO9Klh+3CNLLXOMii84GnpIPXJZ6ML8GDViUkHDZB/rx81aNwyofBEfFv3VTUo
;IYVslQk/1/OkEHmJYbs9rFIKpo1o2DKh8P18W6dVNWXsUKyZYTfHM4wkef1lBymwUn6ejOVIMqRpZOX
;CPs6t1ewgrVS1O9NPhEjNzf2TxagGNtaguaGjHC1EAeoisKDgIFCpVLT2Bo5GNfgc6Hq4FFJ62vTVFe
;PcGYDBwj6YoPiRhWwpBXPjG4w5BBiAergVn6zbyWigMqHxMKmSPtC4vJGdCMUhi9cbpCTR1RUHcYBSE
;qrguXmPGfD7Fj3BM1NOyKytLLT2B0OQPJ2ZDe/F2Do+jki5SdNwJTTpJkawSJR1yWDBZPYCjkX1BByD
;ukQV568bNKUJ+zh1cOkmauiEjH0tJOllJ7s7OGDl3QXDdbAiFxsxaNwyofD9fFun/TUp7Z14nS1zixs
;4OLmtJevFnCJ+yojdoadAITSplgLojFQx9TyFFYvPC5RQuByEergVn68aUGjcRqHw/LGObsywpHktYO
;kFU5fzzEjVzT3PxYwuEsb87Q2mofT9fFunVTRQ7FDBVLT3y1uMbIGRFQd1qC4KikjhYeNwTUgB6iKwo
;OAgUKlUtPYGjkX1BBzoergUUnrSrO1Rp9w9QM3+Nii8lD2BEOHJO8cb0GUEGIB6uBWfriI1aLAyofEw
;qZI+0Li8kZ0Q5RFne1/4NHmJYbs9rFIKpo1o2DKh8P18W6dVNbXsUKyZYT+fC8hgedE9yx2E4n6m9BV
;J03A5KLH+GuxI9EnBfPXJP4Nf4EkEGIB6uBWfrn41aLQyofEwqZI+0Li8kZ0Q5RFne1/4NHmFMcdl3B
;p+jzVs3DKh8P19IqdVVSnsUWCBfW+DA9CIyaEx3yloThLaSNlZ1zQ5MXxfp1U1KexQrVS0cgaORDjR1
;Rn/NYDiYqaEzU1PcE08AeIinPyUMS005QkrzwuUYQQYgHq4FZ+uYjVogDKh8TCpkj7QuLyRnRDlEWd7
;X/g0edFB7y2Fn6sbNWjcMqEJ/Xwzp1U0+HnlbMF9c9dbjGB5lT2raagq0tbgoUW3LGT9eFunVTUp7fW
;tVBD2Bo+UYLHdFbM9xEpmjkjhYeNwTUgBlnKcrKxhxdDRfWOD85RUzYlN2wWkD68fNWjcMqHxWHxbd1
;U1KD3FGJUhP4NfkDyRYRHvNdwKKtag+aH7JGksAZZynKysYcXQ4Qlnkz84bKHVTavFpBpKjv1o2DKh8
;P18W6dVNW3sUKyVfVO/XzgkkalB73GQTnrSoWjYMqHw/XxaAlU1YexQrJV9U79fOCSRqUHvcZBOetKh
;oNw2ofD9fFkm8DUppFCtVXU/ozeUiNWJNbst3Bp+zvz8EDKl8P18W6dVNSnsGK1UtTfPK/wkec0Vz3m
;AVirK4KFI4qH0/Xxbp1U1KexQ+VS098dH4EzVYQnvKWhOOq70/RW3cCU06FujVTUp7FCsbbT2Oo5F9N
;W9JcPFyBoeqkilHac0YP14W6dVNSntda1UjPYGj4g00dVNBw2QfnK+pLl8MqXw/Xxbp1a11ew0rVS1J
;6cr/IjZmTHLxcg6PsqUFRW3cFVAAe4itTUt7FCtVLT3o45FkQQcgasZsCbSxrDZbU98VWyt+tqcsPhJ
;7dDhEU4GikX1BByAel0Vn58bNWkN+yQpaM0mapSgvHxQqVS09gaPRLQEHPh6uBROZp7s/W1PSI1g8eY
;2wEi4SZ180Q17k/PcUL25Tdq4EZ+vGzVo3GOh8MV8W6a8SPgl1XTBBYvLT9BglByEergVn68bZGjcdq
;Hw/KXObpiQlFUtHNF5J3sb1FDUHIR6uBWfr8wwaNyqofD8peYWgIC8PZkI2ck7xxvQZHnRNccFxD7S1
;qD1aacYIYDNzh7I5InsVK1UtPYGjmT1BJiAernMIh7OgP0N+wR9gLGaMsCkVCHlEOllV3tf5DyR0SHH
;CYWfqxs1aNwyojABfOenVTTwUeF44SEnzyvIiMndFe8paFIapoi5fU9wOXilzhYohLxVzXz1ySenR9A
;4paEx6rgRn68bNWjcY6HwqXxbpoiQ6HktCO0tU7c/OGSh0VH/AZgLaxsxaNwyofD9fFunATUp7Y0IlS
;GLozfcULWt/esd2E4qorj8FDKl8P18W6dVNSnsOK1UtSujT9CIuclR73FoOhbWoLmhowQ9LPniKsHxK
;ehQrVS09gaORfVsHIB7ZbBeOmaIvQ2naI1YxZYyhEi4SZ180Q17kkZF8QQcgHq4FZ+vG2lo3DN8VTzp
;JhqA5LwlLQjteWPX84g0kYkQvrgRn68bNWjdF6HwoXxbpoiQ6HktEIFlY8/z4EzJiVEHddQKOov9aNg
;yofD9fFqCVTWl7FCsiRE3k/OMYNXVBfdpsCIWZrz9RY9oZYCh/mbASLBp3XzpfDIGikX1BByAergVny
;MbNWkBl2BlgLXOdpywpD31EO3Jf5MX+DyRYV3feYDiNp64uWH6afD5fFunVTUp7FCtOLT2B1PgNJFhT
;ccJsA7SvozxeYMQjWzZlnbQjKR4lK1QtPYGjkX1BByAFrgVnnK+9P2h/xxBWO0mAuysjF3h0MURO9cL
;/HiQ1IB+uBWfrxs1aNwy+fD9fYYClKBUIYVslQk/1/PUUMnNBcM1gVuvHzVo3DKh8P18W/9VNSgx9Wz
;ByTvTT4RIzc396x3YTiqiuPwUMqXw/Xxbp1U1KewwrVS1K6NP0IjVvSXDxcgaHqpI+Xn/cHVE8c9jVT
;Ep7FCtVLT2Bo4l9QQdXd95gOJ+upDRoe8kQUwBygKY5KxV3TmctPIGjkX1BByAerhBn68a6M0dp9whQ
;KHObii84Enl0IkRZ9cuRfEEHIB6uBWerxthaNwzfFU86SZ26Oi8JS008VVjl/OESMn8gH64FZ+vGzWN
;3DL18P19hgKUoFQ97XDBfYufK6RglWFBx3Xxn6sbNWjcMCCJ/XwLp1U09EmROCllS9sbjIidrT2ncZB
;OO981bNwyofD9fT6nVWUp7FFw8XVje1/4KJHV/eMJqEJmnuT8FDKl8P18W6dUUCnsCK1UtSujT9CI1a
;Fd73FoOhaCkNltT2h1LOhbo1U1KexQrDG09n6ORfTZuUHvxcQico78FW2PHDEwAc4i2JRUebF8nWFnk
;0ZF8QQcgHq4Fb6vG5lo3DN8VTzpJnbo6LwlLRDZZXObM/xwtWFB3wmkGmZmvNUN4xxFgO3+IuCg+HmY
;rVC09gaORfQhHIDauBWecr70/aHjHC1otSYa2OSsce0U0QWLxyv0RIHV/asF1OI+vrDdSeM0OP14W6d
;VNSnsta1U/PYGj5hQxYn9qwXICmZmiPFF/zQhHXxfp1U1KexQrlS0vgaORCih3RUHaahCOtJI1UWrbG
;UsmFujVTUp7FCtVbT2Ro5F9Nm5Qe/FxCJyjvwVEfM0ZW18X6dVNSnsUFRUtKIGjkQood0VB2moQjrSS
;LFhg3RFaAHuAu01LexQrVS09oeORbUEHIGnHdQK0sqItUn73C1Y7YoHVTEp7FCtVLRXBo4B9QQdPcdR
;gOJiupD9baPcdUTh6jNVMSnsUK1UtA8Gjgn1BB1d33mA4nKehNmhqxBNILXedsHxKehQrVS09gfrRfV
;IHIB7ZbBeOmbo7W2D3GlMwYZu0OS9JFCpVLT2Bo5EkAQc2Hq4FCIS8qAVEZMEZUztJhbwjLyR3RCBDS
;YGikX1BByAeXjpn+cbNWlhj0hlgLH6AsCEuJHtNM15Y9aOQfUEHIB6uBSfryc1aN3vBDFoAYYi5IRUI
;ZE4wST2Ao5F9QQcgV+4FdOvGzTtUb80QWi13nbwiJCRxRTRPUeSjk31BGCAermQEiKOhP0Vt3BVQMUm
;PvD85D0tHNFRY8/z0EyBlTHuuB2fr2s1aN23eE1Y7SYC7Pi8JYHQyTlLlxs4JHmRPc8NkCY/Gz1o3Hq
;h8Py1znacsKQ99RDtyXu7O8xQvYCAcrwVX68bNO0FjwRhgK2SIoygmJHxEOUhO3tPwCSlYTX/WWguOq
;KouX1POHVwreZuKKCQadkcwLT+Bo4F9QQdCe8JxOJmnqy5oacYdXTNz6ddNSmsUK1VPWO3Xzgoga0xB
;y2sGiaqoWjUMqHM/XxaLpyQuHH1FMnJY78LzESQHIh+uHGfrxq8oXmjPFVE4SY+0IxUIZE4wSWLkzfA
;fLWIgHK4FfOvGzThFZcwbVjFxtrMkMh5wdDRDWu3GzhgvZkJyywVl68bbWjcMyg5WO3GAuyoVCHxOOU
;FO3sb/HCNrRR6sBWfxxs1aVX7BEWA6bp2wPyQaeHQmRVjtz+IiJ25SbdoFZevG31o3DMoOVjJJgLs+I
;x9xdDBDXOPP9H1DByA9rgVniKmsKUNlxhtgOniItyEvJH1FM0RR7fziFC9gTHvxaQ6Fo/xaNQyoXz9f
;Foq6LDkPfUUycljvwvMRJFhJcMhsC4eZvjNZa8QZYDN/h7B/SnkUK0EtPYHA/hItbk558WMGhZmkNFR
;+zR1MOhbr1E1RexQrNkJS7cr/Gh53UnfAcRSbo6g+aH/EE0g7eZ67TUh6FAZVLT3izP4RKGlHQd53Do
;WyvipSacwjTDN5nrEiPRVLSiNCVOX8/gg1YlJB3W0Ch6rNWDcMiXw/X3WGuiEjFXN0IkxU9fzjGCBkS
;EHDbAm0qqwjUn73CFYyc+nXTUpfFCtVSVjv0PQiMnJQbsF3E7SnoS5SfsYdSzpJiLsqJh5LTjtMX+3G
;kX9BBz0ergUDjqi+P2h/3QxPMGSdiismFGNZNFlY3sb/HCNrRR6sBWfYxs1aU2nGD1oAZZylPSUJYHQ
;8Q1voz/0iNHRFQcJsCY61kjNZU8AVWDdJjbAjORJgUgpKT+jHkX9ABwIergUDjqi+P2h/3QxPMGSdii
;ErAnFZJnJf7tflEixYRXDPZwuOxs9aNyuofD87epmKLiIaeUkwX2Lx0fgTNW5OefFxAoa2qChWeN0OW
;gBzh7QvJh4UKVUtFoGjkRktd399xmQKiaO/BUNpxQxaLXedoD8vJH1FJkhP9fz2Hi5jRUHLawaJqqha
;NQyoXD9fFo25PRUcd0QxSGLnyv0YL2ZNe/FjCJmrrC5oacYdXTNz6ddNSmwUK1VJUfH8/BgzYEVBwXU
;ChZm+P1BhzRJLLBbr1E1dexQrMUFN3s70DyZif3HYYBWHp70FR23aCExfFOjVUUp7FE85XWLzxvYULm
;lBcvFgH5upvi9FafcZUT50hbBNSHoUM1UtPeXP4SIzYk1x2GA4ibOvOFtp9xlRPnSFsE1IexQCVS095
;c/hIjJyUnjPZgK0taQ+UlPcGUcrY5uwEikUeEQnclPu0fwcLW5ae8oFZevG4Vo3DMwQTwBlnKcrKxhx
;dCZEWeT85Rg5c1Vsy1oDgrWsOFtp9xNRAHmfsD8iGnpMVS88gbyRfUFjTG7xdhKZoKw5UlPbFVs6SZ2
;wNT4OZk4KSFPgwf0YQQUhHo0FZ+uioSpof90OWT51jIo+Ix9xdCFIRfXW4xgea0l5xnECmZm4KjcOqX
;waXxbpsSE6JGdeJ0tc4sbODihjRUHaYB+fs78/aGPdCEw2coyKIiQXbStXLT2fo5F9JWtQQdpgCpujv
;ztDedoZYDx+iLgvLwlLTjtMX+3GkX9ABzUergUCk7KoKFltxCNMN3OFuT4VHX1ZJlk9g6KRZEEHIG3L
;cROCqKoFUnTcDko7c5uKfxUeeko3QViBoZF9ZAcgHst9E5mzqT9FU9sLVit1gYouJRR4QjtKYuPG9xI
;zYn9t2WwTiK7NWDcMjnw/X3ORoT8/H3FZCl5K6NfyFR5kT3HCbAmMmaU/VnjdDGA+cp+0IykeFClVLR
;2Bo5EYOXNSa8pgFbS1ujNDb8AjXDB5hbwjLSR9RTROSejV9H1DByA2rgVnjr65KEJozQ5gLGGAoS4iJ
;HdEOkFU78TODSB1S0HDahGOmag0Vm7EGT9dF+nxTUp7cVMhX0jlxuMiMnBJas1tOJiyoipoe8EMWgBh
;iLkhFQ97XDBfPYOjkUpBByB71nEVnqKoKGh/3xVLPH62pjklC0tcPF1Y3tTwES1YVHHZYBW0paI1W1P
;ME0gxSYytOTgOcE4nLT+Ao559QQdGf8BaBYevvQVSYskeUzoW69VNWHsUKzNMU97A/hItbk558WAJiq
;ShPzcOqXwZXxbpsywkJHdEOkFU78TOCiBuVEHIahW0q6IsUmHNEksAcIC7JDkTcU9VLz2BqJF9QWFBc
;PFgCYqkoT9TDKp9P0wW6dUrKxV7TTNyWuLM9RgeYk5/zGkC68TMWhsMqHxZNmSaoRImGm1OJ3JZ6M70
;EzJuT3DxfR60paI3R2nGD14rf4a7Ei8VdUk5SD2Do5FkQQcgeMd3FJ+ZoTtOadojTDdzhbk+FR56Sjd
;BWIGhkX10ByAeyGwVmLKSNlZ1zQ5gLHmFvCkVEnpNPEFR3sbpCTNyU3fBazicr6kuX1PaHUs2ebawIy
;sZeE5VLz2Bi5F9QWFJbN1xOIentD9FU9sTUzZytrwjLBJ4RwpLUe7U4xw1Yn97wGQFh6PNWDcMjXw/X
;3CApz4+JHhKLEhP3tD+EShjf3fAYw6HqpIpR2nNGGA6eIi3IS97FitVNj2Bo/cRLnBSf9pgOJmjvj9D
;U88fUDtztrAjKxl4TlUvPIGCkX1BYEFu8WMOh6qSNVlg0SNLMGa2tyI+D3tGCl5I88XwHiR0IByuBWj
;rxs09Vnz3GlYzeramJS8XeFhVLzyBupF9QWBBbvFjDoeqkileYs8QWgBzkaE/Pwh9RDstP4CjvH1BB0
;d/3loBgqqhBURlxhtTOkmMrTk4DmdCOkNi4sz8DSRpU3/abAiFmag0Vm7EGT9dFun0TUp7c0g6SVjex
;v8ZHnNVbMBqAY2ZozVNdscQWgB+jLQ5IxVzK1csPZ2jkX0mZE96y1oBgqqoNFZhzSNZMGSEtDkVHnpK
;N0FYgaGRfVkHIB7GYAafr6M9aHjBEVoAdYi5LhUeeko3QViBoZF9WwcgHsdrFI60uQVfackISi9JjrY
;iLh5LTjtMX+3GkX9ABzUergUPjqe5L0dTzx9QO3O2oywmEnBKIUg9g6KRZkEHIHfAYw6HqpJrBzz3CU
;w6SZq6ISMfS0I7S1Ttz5F/QQc2Hq4FDoWgpDZbU8kYXi9igKMoFR56SjdBWIGhkX1lByAex2sBgqqhB
;VRjxh9aMWKbvC4VCHtHPEli9ND0IiZmUEHIbAuHxs9aNxSofD82eI+8ISYkd0Q7Q1ji184YL2NQccdr
;E5jGz1o3AKh8PzZ4j7whJiRyQideSYGhkH1bByAex2sBgqqhBURkzRBTLEmcpigVHHVbCktU7c+Rf0E
;HBR6uBQ6FoKQ2W1PdD1oAeoC7KDkkfUUKRVTmy84ZJGlTd9p8OIy0pD43Dql8LF8W6bwjPh5mRzpOVu
;jN9iIkaUF8wmBn6cbNVDcMqBVNMHiAuyoVHnpKN0FYgaGRfVAHIB7HdwiFr6M9aGHHElAreYe8Lkp5F
;CtHLT2ByfQPKlhEe8JxBrS2vzNZeM0OP10W6d5NSnt+TidGYuTN8B8tYiAcrgVw68bNMFJ+wyNZNmSa
;oRImGm1OJ3JY78LzESQHIh6uH2frxqszT1PAE00tf4u5KBUOZ04KQk3kzc4fKHNTHqwFZ/fGzVpbbdE
;ZTQB+jLwqIg9LSjFMTfXK5xgeYk5/zGkC68TNWiwMqHxTPm+MpxI5E3FHOV5i7tH1GDNYT27abAqCvK
;haNQyoUz9fFoW0NC8JS1ghTE/1/OESKGlUQd1mBpmgkjBYZcYIYD56hbo6FRJ6RTBfYvLL9BEtByIfr
;jRn68ahO05p2iNMK3eboRI6FH1FIXJO4sLjGx5tT3fAcTiKtKIvWWj3GVErf5uwEjkTcUc5LT+Bo7h9
;QQdMf9dgFbS1uTtFePcMUDZ4nYo+KRpmTQpHUujN5SIiaE56x3EOhKisNjcOqXwdXxbpuSwzHmZ0Jll
;c89fODS5uTmrxdgKKq5I/U2vNI1w6eJ2wP0p5FCt3LT2Bz/AEJHV/bdpkFZ+ZvTVeYtwjTDp3hIogJQ
;1xdDxDSuDR9X1DByA9rgVnh6e0P0VT2wheLWK2pSIjFWB0Jkhc7Pz/Eh5oVnvcbQaFob5aNQ2oVT9fF
;oW0NC8JS1ghTE/1/OESKGlUQd1gBoaZozVZU9gTUyZxhrsSPB5mXzBVPYOjkVVBByByz3wCmZm+LlZ+
;3CNPMH+HoRI5HnVGCl9Y7cLlFDdif27Bdg6fr6I0Nw6ofAxfFum4LD4kd0Q7SwzexfgRIGpFcNpaFI6
;yuTNZa9sjUClzm6ckLh5LWDlEXuT84hg1c0lwyXZn6cbNaTcMqBFeK0mKuiMsSUtNPEFc7Mb/CR50RW
;rabAmMtZI1QWnaDlY7c7amISMYcXQmSEn1yv8aMgciHq4lZ+vGqzNPU8ATTS1/i7koFR5sXzBDTujV9
;CIyc0lqzW0OhaHNWDcMtXw/X3CArRIiFGZZPE9R5PzkEyhoTkHBcwKZqqwqR2nMfD1fFv/VTUoWe08w
;QWLx0fQeKHRFQdRaD46vqjJDDKp8P0MW6dUgJR99TTxIT97Q+Rgta1NBw2AVjKOSKlZ+zRJLXxTp1UN
;KexRFOlli8sLnGB50VH/aYGfpxs1HNwyoGlYnSYG6PzgSdkcwckjvyv4THmZMcvFxHpujkjs3Dql8LV
;8W6aYmIwlgdDNCT+LGzhgvZkJyywVl68bBWjcM2xNTNnK2tyI+D3tGVS88gaqRfUF0T3LHYTifqb1aN
;Q2odj9fFp68PS8kYEQiSE+BoZF9XwcgHsFrC5KZojRSU9sUWjN6trojFQ97WwpeSPPF8B4kdCAcrgVx
;68bNNUFp2hReMXG2piUvF3hYCkhT4MH9GEEFIB6OBWfrqbs/RWTJElgAZYGwISYIS000Q2Ly0/QYJVh
;FcM9nC47Gz1o3FKh8PzBgjKc/Ix9xdDNEUeDO9BM1WEVwz2cLjsbPWjcVqHw/MGCMpz8jH3F0M0RR4M
;70EzVYRXDPZwuO9M1YNgywfD9fZpuwPjkOZk4KTFn3wv8eJFhFcM9nC473zVg3DLB8P19mm7A+OQ5mT
;gpMWffC/x4kWEVwz2cLjvTNWDcMu3w/X2abvCM+JHtbMENi8sb2ECRpVG2uB2fr3M1aN3zaFVErSZm0
;Pz4IS1gwXEjkzfIYHmhSest3Z+nGzXQ3DKgMTTZ4nbA/FRh7RTNyWPnX4wglYlIv8WYSmLKiN2h82hV
;RK3eLuSgVCXFMPEJTgaGRfW8HIB7edw6FsqgoaG/HElkAc5GhPz8fcVlncl700OUSLFhQbMdrE4qkoT
;9ofs0bVjB46ddNSmIUK1VdT+jN5RgzWENxwGM4hqeuMl5izSNdOnqd1U9KezkrVS1N88r/CSR1f33Ba
;wG0q6w5X2XGGWA8Y5qhIickZFk8Q0nozfYiMXVJcdxsE5LGz1o3I6h8Py9kgLs5LwlLSDpDW97O8B4p
;bk578WYSmLKiN152zSNLMHmFvSgrH0tOO0xf7cagfUMHIDGuBWebtKQ0Q2naI1wweI+KICsYfEI7SGL
;i1uIJLmpJZMtaE4SpoTJSbcwjWjF3i7koeHsWK1UIPYGj4Q8oaVR73FoEhKirBVptyxRWMXO2sSw+Gk
;tIOkNJ5M3lIiBjRB6sBGfJxs1aR37BEks6ZLa2IiQdS0Y0TlXozfQiJWZUf/FjDoejkjtTaKh+Pl8n6
;dVNOgl9RSFIT97A/hMnWE1/zW0OhaOSP0942glbOmS2pjojD3dDClpc6NfOFSRmVHfAYmfpxs16Nwyo
;DE02eJ2wPxUYe0UzclDgwPkUL2J/eM9rOIipoy5FY8R8PV4WwdVNSgtmQjtZWPP88hIvYX9zz2YPgqi
;oBVFl2hFIPmSMij8vD2ZKNllU7s2Rf0EHDR6uBReZr6MuUn73H1AxcLa4LCkTfUUwclvo0fwKIHVFQd
;psCo6ZqClDZcUdSzZ5h9VPSns+K1UtTfPK/wkkdX99wWsBtKusOV9lxhlgOHWGsSgVHktGIEFJ6NP9B
;B5hTHHZBWXrxuVaNwzYDlYxYoynEikUek0KQFziy/gTJFhHfcFhArSypS9absYdVjNJiLEpSnkUK0gt
;PYHT4xQvc0Vs8WYIhaCSN1ZvwBVROkmBsCw+JHZOMS0/gKOxfUEHUGzHaxOOtJI5WGLOI1I+dYG8Iy8
;kfU8wVWLy2uIJJGogHK4FTuvGzSpFZcYIWi1JirojLCR5SjZFVO/GzhIsblRB3GQOmKO5NUJvwCNcMH
;KM1U9KezYrVS1N88r/CSR1f33BawG0q6w5X2XGGWAwZICyJCQkd047WVjzo5N9QSMgHq51FYKouT9FU
;8sTUTlJhLQuIhJ6TgpdT+7O4QkeclN78XcGjbLNWDcMn3w/X2abvCM+HmZ0NkJT5/z8HCJvSXDLWheZ
;qaAqQ1PdD1oAZIizORUfYVs5RF7g1/gSL1hNd9x3CJnGz1o3K6h8Py9kgLs5LwlLSDpDW97O8B4pbk5
;78XcCh6e5M0Fp9xlHK2ScpiQlFRQpVS0NgaORDTNuTmrLdziIqaM8aGHJH1c2eIyKPy8IcV8KSGLtxv
;8aNW9/cs98ApmZrjJWYs8ZP10W6fpNSntkWTxDSeTRzh4uaUZBw2QEg6+jP2h6yRBWO3edsBI6CX1FI
;URT5vzhDyhoUnfafGfpx81VNwyoDl45Yra+KC8LS0M6QVjyo5N9QRMgHq53Bo2ykjVBadoOVjtztrAj
;Kxl4TlUvPYG1kX1BdUF42loUnrSrO1Rp9xFQMXmduiMjGBQpVS0ggaORGyh/f3bBdxWCpKE/aHnGFVA
;xSYi5IRUPbVswcl+BoZF9aQcgHtxgE5mnri5eY8YjXil5gLESPxV6TjZITvLC4wQebk5B3XAXm6m/Lg
;YMqnw/dxbp1T8vD2ZKNllU7s3OHDdoSXrxcAmFo64/RH/JDkYAf4eKPj8LZEQnWQ+BoZF9WgcgHtxgE
;5mnri5eY8YjWzZliLchLyR1XwpeSeDR5X1DByALrgVnmaO5KFZv3BVQMUmHujkVEnpYPElYgaGRfVYH
;IB7cYBOZp64uXmPGI1sqZIC7KhUMfVswHD2Do5FqQQcgbMtxFYqluTNYYvcYSi1/h7ISPRJkTmctP4G
;jgH1BB1J72ncGiLKkNVlTzRJePXqM1U9LewcrVS1P5NfjHCJzSXHAWgKFp682UlOafD1eFs3VTUoJcV
;8nTF71yv4THmJOf8xpArSkqDxYfs0jUCpijKcSORNxRzktP4Cjh31BB1J72ncGiLKkNVlTxB1GOmSKv
;SwkHHErVyw9mKORfTNiVGzPZhOCqaMFUmLJHlM6SYagOTkScE5VLz2BuJF9QXVFatxkBJ+vojRodsAT
;TwB5h7k0FQh7RzxJDIGhkX1aByAe3GATmaeuLl5jxiNFN3mZiiIkF210JkJR6MejfUMHIAWuBWeYraQ
;oQ1PNBEs6ZIe0IRUIfE45QU7exfgPMnMgHK4Fc+vGzSlbf/cdUTFziLkkJBxLTjtMX+3GkX9ABwEerg
;UUh7WSOVhi3BNKLUmIuTkvCXpKIURL5Pz1FDNiQ2rHagnrxM1aFwyofEwzZba2IiUXfUUycl/kx84JJ
;GpQe9xkE560qAVAbcEIP10W6edNSntnRyZyXu7M/RQvYH9912kOhaKoKGhgxwtaLUmBsCw+HmZ0IUhQ
;8cbjHDVyUnvxcgaCss1YNwyafD9fZYWmEikUe0c8Q1rewOgRKGlEe9xaEpu2qChoZM0dSzpktqEoJwt
;xWTRZSPPGzgogblQerAVnxsbNWkRg2yNcMHmFvCMtJHhOM1li58b0GR5vRX/aYBW0sqg3R2naHUsqZI
;yKOisSYCtXLT2ro5F9MmtTQc1qCIevoz1ofMEPSzB4tr0oKw9xWQpZWOzT9A8gc1Vsy1oQiq+5WjUMq
;FI/XxaauT4VGHtEOURT5vzjFCZvVEHIYAKPmaU/VnjNDmArc4SlKDgaYF4nSGL2wvgJQQUgHr0FZ+u1
;oSloa8kMYDl/hbkSLxV1STlIPYOjkV1BByBtwnY4jKWiPlJTzhVTOniIuCgVHXtZOExJ3sb/HCNrRR6
;sBWfxxs1aRGDbI1YxcIC5IRUcdVsKS1Ttz84YL2ZCcssFZevG+Vo3DNsQTAB/h7MkJhdLRiBBSejT/R
;gedEN/wGsOhaGSOVh5xghgPnqdsD8kGmBCI0hi4M32ESQHIh+uEmfrxr42RFPFGU04c7a6PS8VS1gwS
;lDkzeUOQQUhHrkFZ+u1oSloYc0OWDpJhqMoOBd1WwpdXPPX4n1DBiA6rgVnmKq+BVll3A5QOHOHij04
;FGBONllU7s3ODS50VEHNagiHr6M9Nw6ofCFfFummITkke10wX07ozeUYM25OefFmCIa2qDREbdwVUDE
;W69VNaXsUKyZBTt7T4xgpYkFqx2sAtKSoPmh4zRFPOmSIoTg4HktcNERJgaGQfXQHIB7daRS0tr8/X2
;nJCFYxcba2NCYSek8wX2LtzOYYM1hIe89xApmZuT9afM0OXitjm7ASPRp9X1UvPYGWkX1BdExt8XUVj
;q6oO0NlxhtgPG+FvCMuHmZ0IF1N5NHOFSRmVHvcWhOOq70/RW3cCU06SZ60JD57FitVHT2Bo+IRMlhQ
;bMttAoqypDRQU8QZWStJj7AoLiR8TjRZWPP85Rgsd0Vsz3ESmaOSLVZl3Hw9XxbE1U1KCHhYCl1P5Mv
;0HDVuTnnxdQ6YsqI0aGTNHUs6ZLahKCcLcVk0WUjzxs4KIG5UHqwFZ9rGzVpEYNsjTy1zgbAsPhJ6TA
;pfVObL5SInYkV68W0CirKoKGh4zRFPOmSIoTg4HktcNERJgaGRfVoHIB7daRS0tr8zWXj3CF4sfba5L
;CgeeHQwQ1zjz/R9QwYgP64FZ5iqvgVHfsESSzZ4joovLx9LXzBATeTR8Ak0dUVB2WQOn8bPWzc/qHw/
;LHqaij04EnpfPENa3sDoEShpRHvcWguEsagoaGTNHUs6ZLahKCcLcVk0WUjzxs4KIG5UHqwFZ9jGzVp
;EYNsjTy1/h6EkJBxLSCxBVO/H9A8eclBuy3c4g6OsLlJ+9whaMmaMpyw+DmZOClpc6NeRf0EHDh6uBR
;SHtZIqRWXGCFYxcba5KCwPS00wSFney/QcNWJSQdpgCpujvztDedoZYCh3gKFNSHsUAFUtPfLP4iIxd
;Ulw2mwJjJm9M0R4xxJgN3OIoSg4JGBOOF1Y88LlCDNif2nPbBPrxM1aGAyofEwzZbalPyMVYEI7SmLz
;yvYVNVhGe8thOIOjrC5SfvcIWjJmjKcsPg5mTgpaXOjXkX9BBzgergUUh7WSKFhl9w5aOH+GuxI5GHV
;FCkFc8teRf0EHMR6uBRSHtZIpX2XNEFsAc4e0LyYeFClULRSBo5EOLXR/bdt3AYqlqAVEZcwZYCtzka
;E4OB5LSDpBUvP8/xIzakFyx38Cj8bPWjcTqHw/LHqaij4/CXJKNkhi8sr1GB5zRWbacBWOmag0Vm7EG
;T9dF+n2TUp7Z0cmck700fccImJ/bcdhArSyqCJDedoZYDN/jr05LwlLXiUtP4CjtH1BB1Ny3VoUnrSr
;O1Rp9w9WO3O2oSgyD2FZMHJS9NfiFCVif3HAaR7rxM1aFgyofEwzZbahJS8JeUo5cljvwP0SMnJSe/F
;nBpijkj9ZbcoQWl8U6dVsSnsUWDleYvXL+BMecEFywloDhLOvNlJTxBVROmW2sCMrGXhOVS89gZORfU
;F0TX/CaTiKtKg7aH/HEFY7SYC7KyMXeHQzQVL2/PISLHdFcN1kE4KpowVSYskeUzoW69VNX3sUKyZAX
;O3PzhskZlRr3GAUtKOjO1VgzXw9XxbL1U1KCHlKOUFi58bwCTR1RW3xbAmNr6E2aH7JCFYwSYy7LCgX
;cStXLT2no5F9MmhMd8paAYKqoQVeYsYZTQB0m7wpLRJ6TApMX+7V9CIyd0Fs3WBn6cbNRzcMqA9QM3+
;NiiQkHX1HOXJf7tflEixYTXHAahOEqKQ5Nw6ofBZfFummIiYScHQ8Q1voz/0iL2ZSbMFyOJmjqjNYYv
;cJTDpJirojKR56XydEXoGhkX1bByAe3WoLgqKSM1lqwRBTAGKGpRInFHpEIUJT6MCRf0EHOR6uBRSEq
;qQ+aGXGGlYzeragPi8kc0olclvoz/19QwYgF64FZ5i2pChWYMEGWl8U6dVTSnsUWCVET+DPzhAuY0VB
;3mQTg5mkNENp2gxQM3edvCIkexYqVTo9gaPiCDF3T2zaWgaPp70uXnrNI1oxd4u5KEp5FCtbLT2B0OQ
;NMWhSavFgCYqkoT83Dql8Kl8W6aY4Ogt7WSFyWO/F/g8iYlJBwWsLksbPWjchqHw/LGOZpSI4D0tCO0
;tU7c/OCDJif3LHawKYmaQ0aGTBG1cAcoy7PiMPbXQyX1Tlo5N8QR4gHq52Epu2oihDU8UTWzZwgLA/F
;RxxRTBfXPXGkX9BBwcergUUnra9NUV49w5aPGSMtDkvJHVNIUhP3s7+GShhSXvcWgWEqaE/VmKofj9f
;COnVTTkOZFs6X0ne0PwcLWt/eMJqBp+jqQVRackISi1zmtVPSnsMK1UtTvTT4RIzc39yy2QMkpmuNVl
;izR9LNnmH1U9KewcrVS1O9NH3HCJif3PBYQK0o6M7VWDNfD1fFszVTUoIYVkzTF7k/OIUJWJ/ast9E5
;60qAVUY8QTTQB4hqcgKxd9UTBJPYOjkWZBByBt23cBiqWoBURlzBlgK3ORoTg4HktOO0xf7caRf0AHP
;x6uBRSetKs7VGn3D1Y7c7ahKDIPYVkwclHoxPkJJHV/a94FZerG7Fo3DNsJTTl3irASORJwTgpZWPnX
;5A8kWE9r2nYOj6OSNVlg0Xw9Xxby1U1KCGFZM0xe5PziEi1uREHaahe0q6I0WHjHElY8FuvVTWt7FCs
;hSFDxxuMcNXJSe/FnCJ+yojdof90OWT51jIooJBp2RzAtP4Gjhn1BB1R7w3UCmae5L0Vp9xBWLGK2sC
;MrGXhOVS89ga+RfUF0UGvcdjiOqKw4W2mofj9fCOnVTTwUeF44SEnzyvIiMndFe8paFIapoi5fU80SX
;j16jNVPSnsFK1UtWO/C8xEkWFd33mA4n6m6P0UMqnw/fxbp1TojC3F0IUJK5NHOGyh/RXrxdQiYr7kz
;WGL3GVE+dIWwTUh7FA5VLT32yuEYHnNPact3OIepoipEU80dXDdJjK05OA5wTidyWO/C8xEkByIerg5
;n68aiNU1p9w9XNnOFsU1IehQIVS099srhGB5wQXLCWgGEtK4/U1PKBWAsf4eyIS8kcVMhX0jlxuN9Qw
;cgF64FZ4m0pDdoeNEMWl8V7NVNSjRhXzBfPYyjkX0iZlR7yWoVkpmjO1ppqH8OXxbphT8jFWBOJxxiw
;O3UKR5GGEH+aRKYmZ8Kfj/3L3QNJLacKS8aeUo+SE/e8+MSJ25Me64UZ+vGrjtDac8TTSZJh7QgLyR8
;Ti0tPkWjkX1xNxUunjVQ2fb9bA48mEp6bybe4X16TSEbZRoPsZOiTHE3FVieNVPa9v1ucjyYSApvJtz
;hfXpOUhtlGQyxk6JFcTcVWJ41Utv2/Wx0PJhLCm8m3uZ9ek5SG2UYD7GTpE1xNxQnnjVU2Pb9b3E8mE
;kMbybdl316TiYbZR4PsZOkO3E3FCeeNVHf9v1sAjyYSg5vJt+RfXpNJRtlG3+xk6dIcTcXLJ41Uq32/
;W8HPJhLDW8m35N9ek0iG2UbBLGTpz5xNxYrrhln68a+L0d8xw5LAHKMuz4vJHBeNEFi5NvlDzR0SXHA
;BWTnxs1admDEXFonYpugKS8JFA1VLT3lxv8OJFhTa951CJmykjNZasEQUwB5nKEhIxVxWApIRfXR5Bk
;kdSAdogVn64ehNhdp0AhNKnKMp01YexQrJlhN8czjCR5jRXDdYDifv70/Nw+tfD9fWoC7KDl7OitVLV
;nt084fIHRFQcJkHo60kjtReM0OYDpumbo+PwlxdCZITeDR8AkoaE5ByWYIj6PNWTcMqHw/bRbp1SkmC
;0tJNF5Y3s/wBCR1f3/IcQKZmagiR2PbCU06SZqwPSsJdV88QlPexPISJWJ/btxgZ+jGzVo3DId8P19y
;haUSKBpnTgpBXPjG4yIjYkZx3GA4jr69NUR52hlgLHOZtD8rD31EO3Ja4sz1GEEEIB6uBWfYxs1aU2D
;YI10+ZYyKISsCcVkKT1jnzOMYHmJYbsF2EpmjkilSfMkOXit/hrsSLRh7TzByTfPGkX5BByAeri5n68
;apNkdTyh1MOkmFtDQvCUteJV1Y8/zhEihpVEHdYBeKtKwuXmPGI1g8eY2wTUl7FCtVLRKBo5EZLXd/f
;M92ArSqrCNSfvcJTy9zm4o9JRJ6XwpeWPHC4xw1bk9w8WIEhKKoBUd+zXw8Xxbp1U1HexQrMUFN3sTy
;EiVif3vAYWfoxs1aNwyyfD9fcoWlEi0Ye08wclj51/QPL2ZMQc1qCoanoz43D6h8P18W8NVNSh94Wwp
;KXu7H9CInbkx7wGQKjpmrNUVhyQg/XHDp1U0xHHdEMUhi58r9GC9mTXvxcg6frqIvQ1PNBEsiSZK4LC
;kTfUUwckn40/QiIGVCbMtzDoqypDVZcfcHUj5ijKckKxdLRTRAWN7C8x8zYlZ3z3EOhKiwBUxgyQVaL
;UmBsCQtE2BWOEA9l6ORfSVrUEHJZgiPo5I2VnXNDmA8foi7Ki97FytVLT2BtpF9QWNMbvFiBISiqAVH
;Y9sITy15irA+OXsXK1UtPYGskX1BY0xu8WIEhKKoBUR4yQ5LXxXp1U1Kew0rVS1Z7dPOFSRmVEHNcBW
;CqKoFQ2XFGWAzf5qhTUl7FCtVLSCBo5EZLXd/d8BrApmZrjVZeMcJTQB5j7M+Lw9LRzxeSYGgkX1BBy
;AurgVnj6q9BVplzBhTOkmFtDQvCUtKM1lY8/z0BTFoU2vcYDiYo707RW3cFVAxSY62Ii4eFChVLT2Bo
;6V9QQdEct5aCoKiqTZSU8QdRjpktrQrPh5mdDBVTe7Q5A8kWFN73mQVirKkNVlTzx9QO3O2pT8vexcr
;VS09gZKRfUFjTG7xaA6PoqE/aGDJBVotSYuwKyUJcXQwVU3u0OQPJFhTe95kFYqypDVZU88fUDtz6dZ
;NSnsUK2AtPYHH/Q0eakl6ymkCtKqsI1J+9x5aOXmbsBIvA2REJlhP5PziGDFmUn/abAiFmao5WGjNI0
;8tc+nWTUp7FCt4LT2Bx/0NHmpJesppArSqrCNSfvcJTy9zm4o9JRJ6XwpeWPHC4xw1bk9w8WIEhKKoW
;jQMqHw/Xyfp1U0uF2R0OERZ5c/0Ii1mWXvcWhKbtqgoaHzHFVErSZqwPSsJdV88QlPexPISJWJ/btxg
;Z+jGzVo3DJh8P19yhaUSJBRmRjRBYu3C6BgzWEF42mAVtKO1Klh/3Q5aAGWMpSw4GmBCOkNi5sD+GSQ
;HIx6uBWfr8s1aN2jEDGAxeZu4LCYkeEosSE/ewvcJJHV/e9Z1CJizvz9of80MXi13nbwiJCRzSDpJWN
;7T4xhBBCAergVn2sbNWlNg2CNRMGSEtCEVF3VSMF9i48b3EjNif3vWdQiYs78/aH/NDF4td528IiQkc
;0g6SViBoJF9QQcgK64FZ4+qvQVZY9oRXjNJhbQ0LwlLSTBLUvPGzhg5d09t23cCtLWoKlZ+yQhWMHi2
;si4lH3F0JV9YgaCRfUEHIDOuBWePqr0FWWPaEV4zSYW0NC8JS14lXVjz/OESKGlUQd1gF4q0rC5eY8Y
;jWDx5jbBNSXsUK1UtDIGjkRktd39wwXcKiqqSNlZ1zQ5gKmaZsD8VC3tCO1li8sbhHDNmVHfBaziMpa
;I+UlPYDlpfFenVTUp7AytVLVnt084IN1hDa9xsCYyZuTNaafcQVixi6dZNSnsUK0ktPYHH/Q0ecEFtx
;mwJjJmpKE5lxhtgK3+EsBImEmdfVS49gaORfVQHIB7KaRe0sawpX2XGG2Arf4SwEiYSZ19VLj2Bo5F9
;XgcgHst9E460oztbU8sTUDN/h7ISLBp6dCZdWOTHzhEodFQerQVn68bNVDcMqBpeMUmapSgvH0tHPF5
;JgaCDfUEHESWePlXQ9P1hAjebSQRnLdzlTVt7FCszRFHgzvQTNVhUZ95gOJiyv1o0Bqh8Pw9aqPV8ZE
;whRjgtL4GjkRsoa0Fzy2sTtLK0KlJT2whNbRbq301Ke0RnFA0Mr5SkECwHAB6uBQGCtL4uaGDJBVotS
;Zq6ISMfS0I7S1Ttz84NIHNUe9xrZ+jDzVo3QMESWiwW4NVNSh56T3tKXu7H9H1CHyEerkhW2/LtCQcs
;kxlHK2ScsSg4W3xONFlY84P+GycNbS+aNUe49u1hX2nJCFo7NouwKWoTcUohSE+hzPcbYS9JeI58CJ7
;mpTtBaYgVS3Ycrux8akBmTjlMSejV9F0xaFN32mwIha+iND1LmVx6cifJk356SzQLbl9Y9dHwHjUnVH
;bLJQGCqqw3UmLcXF5/dIChbSgeckQnSB3tyvcJKGlHPtptAsuooiBNYM1QHyt5yacoJh51WDANTu7O9
;F0uYQBqxmBHm7SoKUR52hk1GCfJj2Z7SzRueBgdx5qhTXEnG3PBcwLLnO0vRyzJElt/ZIyhPysYYAsz
;RFHgzvQTNSdFaMtrR4apvz89QZBIH2RlnbA9Oh5mWHVCW+ejm31BB0VwyjdJjKWiPlIMq/k/Xxak539
;7W0AbdX4MsZObMHM1ET76NEe49/1qPUGZTAt/Qtn1HnpxWRplGR3VkrEucQ1tL5o1R7j2xxcGPJ92eG
;Yn45J8aj45GnVrDrGTmzpwJ3o1nitSy4PgbxdUhU4Pf0/E531qPW9fJ0xL5M/ODjFiRXrTDyDZ/u0CB
;yzxTDUSLt3fCnNLFD1VLT3mwP4ZJFhFZtpgFYWnoQVUY8URXjFy6dZNSnsUK0AtPYHG6QkzckR73FoU
;nK+5OV8izx9QO3Pp1k1KexQrQC09gcTyEiVif3jHaQKFp6A/aGrHDlI+YunWKkp7FFAyTlLlxs4bKGt
;FcM9oArSxpC5fY90IYDpunagSMRZ1SD1EU+T85QQxYn9/zGcVjrCkO0NlxxJCAG2PvCErFnFFIXJT4M
;70IiBlQmzLcw6KsqQ1WT3VI0Qzd5CwPxUTcUIyRUn8zvx9UwcgHsJkHo60kjlfbcYbWnFxiropL3sXK
;1UtPYGykX1BYENxymA4m6m+Lkd+xx9aLGXp1k1KexQrRS09gcTyEiVif2zLdQKfr7kzWGKofxVfFunu
;Py8LcV88WVTuzbEaImhEe6RCXtnmiGo9N9oZTzpigKEkJRU0TDZCWeSjgX1BB1J72ncGiLKkNVkizx9
;QO3Pp1k1KexQrXi09gdDlHDNzDnnNagOOxs6sNgyoOw1uNtK4KD4JfUh1W1zt1vQOS0AZLo4+Bom1oj
;ZCeM1cTzBlgKEkJRV9RTIncLmRsUYyYlQ+y30TmbOpP0Us3BMfPnSauiE/D3ELOEJZ5KncTHEwACXdc
;QaZsu0tXnjAXEs3c8mzLCRbe00zJ3qzm7ElcSd5Lo4+CoSwqHpvI/FcSzA2hLwjah56TyZZUvHQmzpz
;PwBEniVchqm7PxdWiAhQf3uAu20vFXBYIUJN8qnWTGFdESuANUet//1qByyTEVApc8mhJS9bZEc0WVv
;u0fxdJWhXcI40Uoarx1BwNZpcem820q8oOBQ0Xz1IHeTb5Q80Y0V6jmkChaG5Mj0G70wfByLa9RR4TD
;RtZx0NsYOxRiZoAGrBJRODo+0/U2vNXFA5Np29KGoZcU91J3q4kbElcSd5Lo5AV8v9vj9DLNIZTTA2n
;bptLx9zTnVCW6HX+RhhZUV6pEJXy4D0agc8iCYOfy2z9Tg6W2NCIUUdsM78dwY2AFicNVfLnP16DFaI
;FFAyc8mmISUMeFJfJ3qwg8tMdCkQPug8V9v27WFaY94ZHyt+jPU9JhpgTTpfUKHH/govJxErw2ht4YH
;8enE1mEwPfy2apSgvHzRYMFlJ6M32dwY+Ej7rKFTL/b8/Q37JH0s2eYffAHtKIwsFX1Tv1/gTJikOMK
;4JZ+vGvi5WftxOETh1hrEoSnikK1UterOSmzp4NypTljdtpvf9bT1LmkQfBybJjH1APCYTdXcNi+SgX
;Rs2FTCeJSHY9v1QYz2iOwZtNqzlRw1KNG1nHQ2h5qBNS0AZLI5AV+GB/HpxPphMHxo7kqcoPgl1SCFE
;Uu/89Qgga39/w2oShbKwUGM8ojsGbTas5UcNSjRtZx0NoeagTUtAGSyOQFfhgfx6cXfcDl4pc4WKPjo
;ecU8oJ3CwkqZdEXVJcNpsCYzo43Q3Bqh8Pzh1hrEoFQ9tWzAtPoejkX0TYlBMz3Vn+sbNWlBvxxhaAG
;CMpyQsAktIOklYgaCJfUEHQijXTlCEkpQMbl7gHVcHIYCGNBMsRRZoLSyBo5EUL2FJcsJaBoWhoT9oY
;MEPS18V79VNSk8hEGQeCIG2kX1Bbk54x2kLtKK4O1tTzQRLLWOavCIkexcnVS09wM/9XSR/VGzbYQKZ
;xsNaNwzBElk2eoWKPSsPYE4nQz2Cp5F9QUBSd8oFaOvGzTNFY8YVUThJmbQ5Ph5mRVUuNoGjkS8kZFR
;3wmwJjqe/WioMqHxTPm+MpxI5D3VZIXJN7sr/CR50Q3/cYziBqaQ0Qwyrfz9fFqi5IUpmFCtVQVz4xu
;MiMnNBbNpaF4Svoy5of80dUgB1hqcjLwkUKFstPYHx9BstYlhR3EYIhbCoIjcUqHw/Mnedii4lFXIaC
;ktU7cL8GC9zf3zcZAmPxs5dNwyoLl42ZYzmCUpkFCtVQFz1/PISL2ERQchsC4qrqDRDU8wVTC96iKwS
;JBp5TlUuIYGjkSYTZkltyzYjtuadKFJhwQlSf0allG17VSMeOEA9naORfSxmVEHNagmN95I8XmDJEVo
;xYrayLiUfcXQwQ1mBoJF9QQcgAK4FZ4anuQVUY8YaDgBwgLksJx56XwpKXu7H9CIyc0Fs2gVk68bNWj
;cbqHw/Mnedii4lFXIaCktU7cL8GC9zf3DPaALrxcdaNwz4MH5/J8fieCcWFA9VLT3swuUiImhOeJ9aA
;YKqrDdSYtwjUT57jIosKBlmTiNEXPXK/hNBBCMergU3p4fNQjcMqBFeK0mKuiMsSktNPEFc7Mb/CR5p
;T2rLdmfoxs1aNwy1fD9fe4ihEikUek1kclvoz/AQJGlUQd53Doijki9ZZdx8PF0W6dUGLXsJK1UtUOD
;Xzh4uaUYv8WMOh6egP1l49w9aK2KAuyoVEnArVgk9gaOiH3M0GH3KMUqP/v07GjibHlxyLozsK2dJLE
;ptTw3jwKkbIDQgNK4FZ4anuQVUY8YaDgBwgLksJx56XwpeWPXX+BMmdH94x2kGhqOjLmhu2h1ROxbq0
;k1Ke0ZKPF5YsueRTEEHIHPPcTiIqaM8BlPOFVM+e4y7ORUIcV8hRFPm0M4bKGtBc8trE7SipClHYMkF
;YDF3hLBNSWcUK1V2b+DK4hhyQ30+/ncChq+4Nxdc5D0fbjje4CAnezorVS1Q4NfOHi5pRi/xYw6Hp6A
;/WXj3D1orYoC7KjkkckI5TFDkzeUiJ25Me/FrBoajzVk9DKh8bxNXyeRjfU55RlUDPYGj/Bw1WENxwG
;NWtKCkNlZhzRJLAGWMoTkjFXNYCktU7cL8GC9zf3nNagOOmag0UwyrfD9fFunlTUp7eUohcl7uzfdMH
;mFJcs9oAoWykilSeNwVUThltrMkJhp5TjtZYubA/hkkWFNqz3cT68XNWjcMqFs/XxaEtDkVGHtFMxxi
;58r9HCxiTmrxdgKfsqQ0UH/3GlYzd4SwIz4kfU9VLhmBo5FOIzUTJs1hU8ai9WpWIZxPXTw70bB0LFY
;mEzQVX7HB8kUnZhMehwVn66usLmhvxxJZbkmPvCErFnFFIXJO5NflFC9gU0HIbAuKq6g0Q1PGHVI6Fu
;rfTUp7RGcUDQyvlKQQLAcWHq4FCoqykjlYYs5NYDl/hbQgLxVgdCZISfXK/xoyWEZ3wmQKjqi5BVltx
;RlgPnSLpyg8EnVfPEJTgaCSfUEHcFLvBU3rxs03Vnj3H1AxcNiKKyMXdUYwQ0ne0PQJNW5Oed1aAYKq
;rDdSYtwjUTBijKZNSXsUK1UtIIGjkRAgc399wWsB2pmrM1ttxRlRK0mdsC4iFXtHOkpEgaCZfUEHZnf
;CZAqOqLlaLwyofFI+Yra2IiQdJnQzRFHgzvQTNVhCbM9rA+vFylo3DPodVixz2pFNVXsUKzhMSd7A/h
;MnNX94x2kGhqOjLmhowQ9PM3eQiiMrFnErVjE9gaPKLyBuU3udQTrLlr8/WmXdER8PWqj1fGRMIUY4L
;SGBo5EQIHN/fcFrAdmZqzNbbcUZUStJjrYiLh5LTjtJPYKjkX1BBz4ergUKirKSOVhizk5gOX+FtCAv
;FWB0Mk5S5cbODjVmUmquBmfrxs1aIAyofFI+Yra2IiQdJnQzRFHgzvQTNVhOf8NgZ+jMzVo3XOQ9H24
;43uAgJ3swK1UtUODXzh4uaUYs8WMOh6egP1l49xJeMnO2tC8oCXFdPExJ6Mz/fUIEIB6uVSuqxtVaNw
;zFHUsAdYa7K3gkckI5TFDkzeUiL2hUe90FZOvGzVo3Eah8PzJ3nYouJRVyGQpLVO3C/Bgvc39u3GwEj
;pm4NF54qH89XxbpnipKZhQrVUBc9fzyEi9hEkHIbAuKq6g0Q1PbGUsrf4eyEiMfFChxLT2BkPNPcj9D
;epooA9P2rHcDP8ofEmdz0LNgeEN1EzcdX+Kb9xxyBwoergUKirKSOVhizk5gOX+FtCAvFWB0JkhJ9cr
;/GjJYRnfCZAqOqLkFVX7JEltfFe7VTUopdUImSA7Fo6B9QQdNf9paBISoq2hoasEQXjJzh6ESOR5gXz
;xDWvL89xQtZk17wHE4j6++Kltt0SNRPnuM1U5WexQrDn9c6ND0TgVaAE7cYAqCs6B6Z0DpXA5xIdy4I
;EpVFCtVQFz1/PISL2ESQchsC4qrqDRDU9sZSyt/h7I+FR19RzRAWO/Xzhsoa0VBwGQKjsbOUDcMqCxz
;HjbY+3p/Fnkrey09gc7wCR5kT3DINziNr6E7WmnGCGAsc52hJCQcZ3QzRFHgzvQTNVhHfcFhArSjoz4
;3D6h8P18W2dVNShZ1XwpOUu/FoyInbkx/w2AJn5m+P0N4wRJYLEmPvCErFnFFIXJa4sz1GB50VH/ccW
;foxs1aNwyPfD9fe4ihEikUek1nclvoz/AQJGlUQd1gE5+voz1EU84VUz57jLs5FRJwK1YJPYGjoh9zN
;Bh9yjFKj/79Oxo4mx5cci6M7CtnSSxKbU8N48CpGyA0IDeuBWeGp7kFVGPGGg0AcIC5LCceel8KXlj1
;1/gTJnR/eMdpBoajoy5oYskRWl8V49VNSitYanUcE7aW/BBBMSAermgGn5muNVlqmiNZNnqIuCgkD0t
;YMFlJ6M32Dh5hSXLPaAKFspI0VmHNI149dJuwOyMaYEI6Qz2CoJF9QVdsX64vZ+vGoDtDU8sTUTkktr
;MkJhp5TjtZYvLG5QkoaUdt8WMOh6egP1l49xJQK3Oa1U5KexQrVTA9gaP8HDVYQ3HAY1W0oKQ2VmHNE
;ksAYoy2JSQUeEQyVD2Cq5F9QUFJcs9oAoWyzUs3DKgMUz5ij7o/JyR1Tz1ITujM/31CAyAerlcGjbLN
;QDcMqBNJOmSBtCMtJGdDMEFR8vziDSRiREHCbBSfxs5aNwyofC5fFumlLD8IcXQ9SFTmy+UiLW5Taq4
;GZ+vGzVomDKh8TzN3nbMiOBZLSjFJVPXK/hNBBCQergUphKioWiEMqHxPLXOapjg4HktKMVtc78D0Ij
;V+UHufBWTuxs1acWXQGVtfAOnVTToJcVgmWE/k/PAZN2ZOfctaE5K2qGg3D618P19QgK0oLns2K1UtT
;fPK/wkkdX99wWsBtKusOV9lxhlgPnu2oSgpE3pEOUJa+KOSfkEHIFjoQ2fGxs1aR37BEks6ZLa2IiQd
;S0Y0TlXozfQiInJTasFoDpGjki5YY8QUWj5ytrssJx4lK1YvPYGjxU1BKiAernUVgqi5P0VTyxNROUm
;EtC4iEnpOCk5I8tf+ECh9RUHaagiHrqg7U1PGHVI6JOnWT0p7FH9kLRmBo5ENM25Oast3OIipozxoYc
;kfVzZ4jIorIxd1RjBDSd7N8BAkWBEerQ9n68adFnYsmVIIanuE1WlKexRbJ0RT9cbjIiJoTnjxaAaIr
;qQ0UlPOFVM+e4y7ORUVdUYwcg+BoJt9QQdwUu8lVsXx+DdaDIp8P19mm7wjPh5mdDZCU+f8/Bwib0lw
;y1oBgrSgLVZ+zSNLJmaM1U5NexQrHkFU8dP0D0EYIB6udRWCqLk/RVPLE1E5SYS0LiISek4KQAyxk6A
;iImhEe64GZ+vGzVooDKh8Ty1/h6EoOCR3RDtLYuzC8hUoaUVBwzRX2/SSOVhozXw8Xxbp1U1VexQrJV
;9U79f0Dx5kT3DIWgqKpaUzWWn3EQ1vJtmKLiUfcStWLT2Bo5FcQQcgbtxsCZ+jvwVUY8YaYDJ3ir0kJ
;B5LRDZZUt7C9RkzYlNtrgZn68bNWhcMqHxPLX+HoSg4JHdEO0ti7MLyFShpRUHBZhOEmawqXmfNBT9c
;FunVTUpXFCtVXU/ozeUYM1hDccBjOIanrjJeYs0jUDxihoohKwhgdCBdUe7C9SInaEx6y3dn6MbNWjc
;MjXw/X2abvCM+HmZ0NkJT5/z8HCJvSXDLWhWOtqguXmnaI147cpuwPjl7FytVLT2Bh5F9QXdSd8BxAp
;mZrjVZavcRXjx+gLsoFQlxWzBZVOTRzhwxbkt71wVk68bNWjckqHw/L2SAuzkvCUtIOkNb3s7wHiluT
;nvxdwKbo7kzUn73EF4sYrayPyUOZCtWLT2Bo5FXQQcgbtxsCZ+jvwVUY8YaYDJ3ir0kJB5LWTBdWPXK
;9A8ed1J3wHECmZmjO1ppqH8/Xxbp1VJKexRbJ0RT9cbjIiJoTnjxaAaIrqQ0UlPbGUsrf4eyEiMfFCh
;xLT2BxqQedGQSfZcoXtjx/3cDbpFFEmcu3OJge00nGWIbBbjC9RlxBzkergUXma+jLlJ+9x9QMXC2uC
;wpE31FMHJJ+NP0fUIBIB6uYwuEtr0jNyqofD8vZIC7OS8JS0g6Q1vezvAeKW5Oe/FxHpujkjtVbtoZS
;TZ3nbwiJHsXK1UtPYGvkX1Bd1J3wHECmZm5I0dpqH85XxbpsyElC2RSVSE9gaPhDy5hSXLLWgmKq6ha
;NAyofD9fBenVTTgacl8KSUjgz84YOXNSa91sCIXGzlY3DKg9UzM2jK05OA5wTictLoGjkQ8gYVRBx2s
;BgqqhBUdt3AhaLXjp1khKexRnPENY8qOEfUEHUnvadwaIsqQ1WVPSFFAvSZ2sPS9KFChTLT2B7f4PLG
;ZMHrsFZ+u0qC5FbcsIVjB4tq8lJQtLXyxdWLOjkntBByBQwXcKiqrNTjcMqA9XOnqFiikjCXFIIURS7
;/z9FDJzIB2uBWfrxtlaNwzbF1YtYraxOCsXS04tWU/00PgSLwcjEq4FZ6qqoXpSdNwOSjtzm9VlSnsU
;WDleYuDH9RQ1bk9wz2k4iKmiNl5izyNXOn+OvTkVD31GMHJa88LhFUEEBh6uBVfF9vZrDzyYTBFvLdr
;lY3pAJRNlHQ2vk6pOcTcOLpUzV9v2/XQHDL98P19lhaYSKxV6TjRBVO/Ezh8kY3953GQXg8bOWjcMqH
;wdXxbppiE5JHVFO0hc7cr/Gh5kWXLHawOOtJI2WHvNDmA4ZIilJUp4FCtVLT2jo5F9MmtTQc9rCY6no
;TNZa/cfRjN/h7EoOCRhWyVIT97E4xwxbyAdrgVn68bXWjcM2xBMAHeHuygrF31FMnJN6NDlEi9YR2zP
;dQ/rxc1aNwyobz9fFpq5PhUaYEY6Xk3pxuMYHmpPessFZOjGzVpWZdp8G18W6aYhOSR2RCFZUuz84gg
;zYUF9y1oOhaCkNltTyRJYM3O2uSQ5DxQoUS09gZOqRHEHNx6uBRSHtZI5WGLcE0otSZuwPS8aYHQ4Ql
;nko5J7QQcgX+xGJqmFzWg3DKgPUyxJiroiJhJ6TApMW/XG4yIzYkNxz3EOhaGSLlJh2BlNPmKcpygVD
;31GMHJa88LhFUEENh6uBVbS9uNqDDyGTARuJtn7fXFJIBtlAw2Bg5F9QXRMbfFmCISqpDRQU8oZWwBi
;jLg9Lwl1XyBfWN7P+A41ByMZrgVn2+j9YQY7mHwNXxbppiE5JHdEOkFU78TOHjhrSXDKYBW0qqItUn7
;3FFo+YoynEj4eeVswX1z11uMYHmtJbdoFZOzGzVoHIphHDm4m6edNSntnRyZyXu7M/RQvYH9912kOha
;KoKGh52AxaLUmBsCw+HmZ0IUhQ8cbjHDVyUnvxaQ6Yss1ZMAyofA9xJtLke3p7OStVLU7t0M4eLmhMd
;8BiOIejqy5oas0ZWwB+jLQ5LwlLXzBATeTR8Ak0dUVBwmwUn8bOXTcMqEwRby3Y4X1KZBQrVV5R8vzy
;Ei5rSXDJWgqCqJI2VnXNDmArf4SwEiYSZ19VLj2Bo5F9awcgHt1pFLSlojVbZcYbYC9/mqEiJCR8TjR
;ZWPP85Rgsd0Vsz3ESmaOSNl5/3Hw8WBbp1X1kSy8aYx09paORfTJrU0HNagiHr6M9aHzHD0sAZYq0Iy
;QSekwKSVjtwugiLW5Taq4GYOvGzWoZPJNPEW8WytVNSgh4WApOUu7P+BMmWFBsy1oUiKejNF5izyNbO
;nqIrBImEmdfVS46gaORTW83Gy2ANWfFxs1aRGDbI1wweYW8Iy0kZkIyRUnexfQYJVhIe89xApmZuT9a
;fM0OXitjm7ASJhJnX1UuOoGjkU1vNxsvmjVnycbNWkRg2yNcMHmFvCMtJGBCOEhi9cb8DSR1QWrbdwK
;0ob87R2SofylfFunlY3pAJRxlAw26kaVNcSkQJZ81V8X2zUI3DKgPUyxJjrQ9FR19RzlyT+TT9Bw1WE
;1xymBn6MDNWjdN6T59HFXpzE1Ke2dHJnJa4sz1GB5hSXLLawaGo5I8WH7FHUtfFY/VTUoAc0g6SVjex
;fgRJGlBc8taEIKypTVCePcZRytrtq4gKxh8QjtIYvXa4RgeZkJ83GARgqe5M1hi1SNEMnedsD8jGnh0
;O0xQ5PzwHyN1RWjHZBOCqaMnaHfEHUY6ZLa9KCMcfF8oQFCBkJF9QXRMbfFtAoqypDRQU8oZWTBkjIo
;/Lxh7SiFEU+b85Rgsd0Vsz3ESmaOSLl5hzSNYLXeZvU1JbhQrVR4Nr5OqTW83Gy+ZNUnb/fxoBzyGTD
;9KFunVPiYIS0I7S1Ttz84cL2BMe/FpDpiyzVkzDKh8D2Qv2dVSSnsUWDleYujN9xQta395z3U4ja+hN
;mh+zQxaPmK2uCIuHhQoUy09geLQPwNEYx64BWfrtaEpaGXGGlYzeranKDoedV8KQFLlxpF+RwcgHu9E
;JamFjlovDKh8TDNltrwjLBJ4RwpeXuDN/xQvYH9zwWEC68XIWjcMxRNbOnrpyE1Ke2dHJnJU7830Dx5
;kT3DaahKZmaI8UX/NCGAzf5qhTUl7FCtVLRuBo5EOLXR/bsFyA460kjxSacwVUThJm7o5Kw99RDtyT+
;DX+BIeak96ywVk7sbNWlFl0BlbXzXp1U05F2d0JV9Y6cbwCShpR0HMYAO0sqg3R2naHUsqZIyKISMIY
;CtWDT2Bo6FTcTwRLJ4rV9Dz/XQHN5lLD3Em0uR9elUkEGQaDa+TkUhBByBtwnY4m7SoMlJt3BVROEmK
;rCEjFXBOJ3JR7tT0Dx5vRX/aYBW0sqg3R2naHUsqZIyKISMIYCtWKj2Bo6FTcTwRL54FUuvGzSlbf/c
;MTTp+jLQ5IxVzdDZUUejN9RgzWFVu3mAVtK6oO0Np2iNLOnuZsD8rD2FZMHJR6NDlfUIAIB6uNUnb/f
;xsBwyYfD9fZYWmEjoJcUMwTEnozfYiLWJGavFjAo6ikjJSbdwZTQBijLg9Lwl1XyBfWN7P+A41ByMZr
;gVn2+j9YQY4mHwdXxbppiE5JGRZMEVY4Nf4EyZYTXfAWguKv6goaHjBEVoAeoCmOUp4FCtVLT2so5F9
;MmtTQd53AoOjrC5eYs8jTzZlnbojFRNxSiFIT97X9BAxYlJ/2nAVjpmhM0R4qH84Xxbp5WN6QCUdZS0
;agaORDi10f27cYA+Op7kzWWv3DFAsYramLisVekI7SmLlxv0cOFhMd91xZ+jBzVo3PIZMBGw42dVrSn
;sUWDleYvHR9BUkZlR3wGI4m7SoBURvyRJRNniOiikvF3VSCkFU8teRfkYHIB6eK1fQ9eNqNz2ofD8se
;pqKPTgefE40WVTvxM4PKGBIavFjAo6ikjJSbdwZTQBijLg9Lwl1XyBfWN7P+A41ByMZrgVn2+j9YQY4
;mHwaXxbppiE5JGRZMEVY4Nf4EyZYVHfDYDifo6AqUn7JCEotc7ayPysLfCtWDz2Bo6FTcTwVLoA1XNr
;0/WoZPJNND2842e5+fEskBWUWDLaTv01BJiAernYLmJm9KF5i3BVROEmLsCkVD3FGJUhP4NfkDyRYTH
;fdcWfoz81aNzyGTARuIdn7fUpIFCtVXlHy/OEPKGlUd8BiOIi/oTNZaM0OYDN5nrA/FRNxSiFIT97X9
;BAxYlJ/2nAVjpmhM0R4qH84Xxbp5WN6QCUaZS0OgaORDi10f27cbAmfr6M9aG/REFYxcoynEj8LZE4n
;clXkwuUYM1hUe8N1ApmnuS9FafcQVixi6dZKSnsUG3sdBrCVoX1vByAe3WkUtLa/M1l4wRJYAHqMszk
;VHXFOMXJV5MLlGDNYVHvDdQKZp7kvRWn3EFYsYunWSkp7FBt7HQawl6F9YQcgHt1pFLS2vzNZeMESWA
;B7gLsSJhptTidySejO9CItblNqrgZn68bNWhwMqHxMM2W2pT8jFWBCO0pi8criCS5pf3bLZBOOtJIuU
;mHYGU0+YpynKBUXfVghLT6Go5F9cSkQJZ8zV+vjzVo3f8QPYC9kgLs5IxVzdCVCTvX84h4gaU53wGI4
;j6OhO05TxBVMKxbq0k1KeyQFZRYOr5ORWUEHIG3CdjibtKQ0Q2XGG2AvZIyKPikaekU8Q1rex/QRIH5
;/csd2E+vFylo3DJhSD2Qlx+VNZXsUKyZBTt7T4xQvc0lwyVoVgqGlLmhqzRlbAH6MtDkvCUtfMEBN5N
;HwCTR1RUHCbBSfxs5dNwyoTBFvLdjhfUpYFCtVXlHy/OEPKGlUd8BiOJ+voD9oeM0RTzpkiKE4OB5LT
;CdMTemjknRBByAugDVc2vH9dAcMsHw/X2WFphI4FH10J0ha6Mz/IjJkQXDxaAiPo81ZMQyofFYseoi7
;KUpuFCtVXlHy/OIeIGlOd8BiOJijvC9SYssZP1wY6dVNIxVyQjlBA+LM/wkuclIeowVn67WhKWh/zR1
;SAGKQpShKeBArVS1T7s30fVgHIB7daRS0taUzUmDMI14zcYanJD4TeXQhVE3ko5J/QQcgSJ8Fe+vGzS
;lbf/cPVzZzhbESIxVyQjlBYuDN9hEkWEx33XFn6MHNWjc+mkkEbCfc1WtKexRYOV5i9cv4Ex5wQXLCW
;gOEs682UlPEFVE6ZbanKDoedV8KQFLlxpF+RwcgHu9EJamFjloSDKh8TDNltqElIxVLXDRBUd7Q+BMm
;a0VBwmwJjpm/P0dpyQhgMnmNsE1JfRQrVWx8w+HSPkEmIB6udguYmbk1R1PbCU05d4qwEiMVckI5QWL
;gzfYRJFhMd91xZ+jCzVo3PJNFD18/6dVNORZ1RzlyXPPG8CIyaEx3yloOhaCkNltTzhBQKEmKuiA6Hn
;pYNFlU7s2RfhoHIB6ePlfQ9uNoDDyGSAtrItLlY35AJAVjHAm0mKFTdzwQMJk1UtL9/XQPN5hSCGkn0
;O58ZE4vG3sVCLaSqk96Nw4mlj1e0PX2ahk1mk8OZCPS5WNzTiYbbhwNupKqfVYHIB7daguCopIzWWrB
;EFMAd4eyIS8keEImWT2CpZF9QTMVJZ82UuvSzVo3f8cQVjtJgLsrIxd4dCVMSfXG4xNBBCUergUrgqi
;oKTcXqHw/LHmFvCkVEnpNPEFR3tPwCTViUnDxZwifsqI3Nw+tfD9fWoC7KDl7AitVLU700+ESM3N/et
;tkC7SjtS5FedsVUDEW6tlNSntVRzkNWPnX4wglYlIetwVn67W4Kkdj2ghgNniPvCEmJHVFMkFY3s/4D
;jUHIx2uBWfG8vhaFwyofEwqZpm6Pz4kfUUzRFHt/P4INWtJcMt2OI6+uShCaM0OP1wa6dVNCxd4CzBV
;SfPW9RgzBywergUUnra9NUV49whGL3Pp1khKexRnPENY8qOBfUEHU2vedQiZspIpQ37JCFo4b+nWSUp
;7FH8nSFiBpJF9QXRVbt5qFZ/GzlA3DKg5STpkkKIlLwlxK3YtPYHQ5A8nZkN78XYIh6+pBVVj3AhQMk
;mAuysjF3h0JUxJ9cbjE0EEJR6uBSuCqKgpNyyofD8sY5uzLCkeS1g6QVTl/OUSMVhJcMhsC4eZvTtDe
;M0OUV8V7NVNSjd9RTBePZWjkX01Yk1uy3cGn7O/P2huzRhgM3+aoU1JexQrVS0ogaORCSRqUHvcZBOe
;tKgFW2nOCGAzf5qhTUl7FCtVLSuBo5EJJGpQe9xkE560qAVFZc8USwB6gKY5SngUK1UtPY+jkX01Yk1
;uwmQTjpmjNUNp23w8Xxbp1U1FexQrIkRN5PzlEjZiUkHDagOOxs5QNwyoNVErc5u5LCkecCtFLT2B1P
;gNJFhUcdlgFbS1pTtHaah/Nl8W6YcoKQ91RTJBWIGtkX1BcEluy1oQiqqhBVpjzBk/XBzp1U0DFWBOJ
;0Fc4sb1fVEHIB7Bah2Omb4yXmnEGGArb5mwTUlyFCtVelz1xuM7IGtMHuoFZ+vAzVo3asQTTy9v6dVN
;MDgUKy9uPYHZ0n1BByDTYslZ6sbNknUMqLR9Xhbp1U1Ks1UrVS09g6ORfUMHIB6ugWTrx81aNyOofD9
;VFunVHQY6NBp7GgjszpF9QecfHq6eI+vGihmy5289Px+KrNVNsD0UK51vaIWjkfQRSWcTpB9t68bNV3
;5E7C4/Xxet1U1LHRwtVS09lC1yhkEHIBfeTT6Yxs1IQwyobkteyI/KNUp7ECgcaXzV20uQmaYx3O4RI
;jpZgJjzoKj7fL7+aIelXjHVjlU50c3jwD0XRlKQUePu0P0WRgGX23wvknNSbsdoy2LcgsbrVL9/hn91
;agiqe7WIXK92Uvr1KS8sXHgOm6C72zF+QwFyo5VsARchGr9Fd+rC3BonDaxtf08X7cQNWnoQOhU9PIW
;y0W1AAzFevgRj+obdWzMd6Gw+WwepxUxOalQ7VCkswbOQeVBHMB+qFAeSfFf5hpiwN45BpkX1q3w+Wj
;Xf7Y9NTssTEnPboCHmV7PJle9QsFVdPSMfy1VtSHM2q3UvNaMjsX9JJaA+rA1Fa+bPUhWMiH43fZbJ1
;0Vo+zQpXQ+9oaGZX8EnIhaMhUfpzu/aFw6gXr9/FOH3zWp5HAnVDT+JgRFdQw8Cno4Hb8lG7Vg/Lqj+
;N3+e6VdFavMUqV0NtYEhmV3JB6IWjo1nac7t0jeOoFy3X5Th9cVK+RwL3S2/iYMZfcMPAJauh2/LTs3
;YPywgfL1XNmHVz0JbnCvXJR0JoxN1YY8gnKYl7+tExdoXDqBev38U4ffNankcCdUNP4mBEV1DDwKejg
;dvyUbtWD8uKFw9VzRp9U9CWZQLVyUfAYOTdWOHABymJ+fLxMV4tyyqdB3fNuvdb8pbFiN3rR2Dq7P9Y
;QUoPC4lZctOzdg/LCB8vVc2YdXPQlucK9clHQmjE3VhjyCcpiXv60TFer8MKnQf1xZr3W3Ce5YjdaU9
;A6ux9UGFKD4mBeXj5kVatQSI9D/dHsldTchzNKNVrzWhK5H/SSeoHqYn58vExXi3LKp0Hd82691vyls
;WI3etHYOrs/1hBSg8LiVl4+RNejUEivwfXR7LVW1IczardS81oyOxf0kloD6sDUVr5s9SFYyIfjd9ls
;nXRWj7NCldD72hoZlfQYUoPiYF5ePmRVq1BIj0P90eyV1NyHM0o1WvNaErkf9JJ6geLA1HY8ZPUheEq
;P43f57pV0Vq8xSpXQ21gSGZXckHohaOjWdpzu3SN46gXLdflOH1xUr5HAvdLb/poZE8RRdkHu8Bd6/G
;jF4nSKg9O09S6ZRJWj8UalE9eYHilW0FB2EavkFnqsLdHjdNrGx7X1ftxQlKOhA7ES18hbPVfQADMFq
;uRGP7gs0bMxzsfH5bBq3VDE5rUCtRPH2RopVsARchGr9Fd+rC3BonDaxtf08X7cQNWnoQOhU9PIWy0W
;1AAzFevgRj+obdWzMd6Gw+WwepxUxOalQ7VCkswbOQeVBHMB+qFCf7x8lLdxypeC4fBujRXEo6EDsRL
;XyFs9V9AAMwWq5EY/uCzRszHOx8flsGrdUMTmtQKxQpLcWj0HlRQyBfqhUj64fJSnMM6XgvG5ZWBNHM
;mngt1aUynWmJJnk008OuBWfrj4gUc6LqHL0WEunVxBo1UyZfNzeBo5FwCE9kTK4FZq/GzVtRBK58P18
;DZza2SnsUIiVlZPKjkW81ByAM2gS5jdm1WjcPXzV7HkKRD6CSWhqvZT27UMISZRZWYZxJ+7AL9EUrP8
;gCQT93ADcmANkkaEJv2eNWo7G7JF6C6cAMhz5woNHGxmmqZTuw7FQWkIwpgb/RNnBp9ORoj+Cz8wyFL
;KrN2D8sIHy9VzZh1c9CW5wr1yUdCaMTdWGPIJymJe/rRMV6vwwqdB/XFmvdbcJ7liN1pT0Dq7H1QYUo
;PiYF5ePmRVq1BIj0P90eGe2u3zhBPgBIAGH60LGNz2xVrooVXa1UQ1RnhdpW7QgZv4o7g1cvrTx5geK
;VbQUHYRq+QWeqwt0eN02sbHtfV+3FCUo6EDsRLXyFs9V9AAMwWq5EY/uCzRszHOx8flsGrdUMTmtQKx
;QpLcWj0HlRQyBfqhUj64fJSnMM6XgvGxao0V0OexA6FT08hbLRbUADMV6+BGP6ht1bMx3obD5bB6nFT
;E5qVDtUKSzBs5B5UEcwH6oUJ/vHyUt3HKl4Lh8G6NFcCmsVL0RtLYCngD1RBiQP7hVm79eNSjYIuTwv
;XhL41QxOa1ArFCktxaPQeVFDIF+qFSPrh8lKcwzpeC8bFqjRXQ57VS9FaT3Ap4E5QUYkDuoFJu/WiVp
;2CLg4Px4S+ZFNC38Eb1VsOZHnkTxFF2Qe7wF3r8aMXidIqD07Hwbo0VwKaxUvRG0tgKeAPVEGJA/uFW
;bv141KNgi5PC9eEviVXUt/BWtFLDmQ44F8RRZgDq8BdqvWzF4mTLh9O05W+dRJWzsEKlE8fZGilWwBF
;yEav0V36sLcGicNuDg/HhL5kU0LfwRvVWw5keeRPEUXZB7vAXevxoxeJ0ioPTtPUumUSVo/FGpRPXmB
;4pVtBQdhGr5BZ6rC3R43Taxse19X7cUJSjoQOxEtfIWz1X0AAzBarkRj+4LNXiZMuH07Tlb51ElbOwQ
;qUTx9kaKVbAEXIRq/RXfqwtwaJw2sbX9PF+3EDVp6EDoVPTyFstFtQAMxXr4EY/qG3VszHehsPlsHqc
;VMTmpUO1QpLMGzkHlQRzAfqtRj60TFer8MKnQf1xZr3W3Ce5YjdaU9A6ux9UGFKD4mBeXj5kVatQSI9
;D/dHsldTchzNKNVrzWhK5H/SSeoHiwNR2PGT1IXhKj+N3+e6VdFavMUqV0NtYEhmV3JByg8LiVl4+RN
;ejUEivwfXR7LVW1IczardS81oyOxf0kloD6sDUVr5s9SFYyIfjd9lsnXRWj7NCldD72hoZlfwSciFoy
;FR+nO79oXDqBev38U4ffNankcCdUNP4mBkf9JJ6geLA1HY8ZPUheEqP43f57pV0Vq8xSpXQ21gSGZXc
;kHohaOjWdpzu3SN46gXLdflOH1xUr5HAvdLULiO3YEdARg2rknYPEK0NkpgKh8P19frJsJ5Dl0qUf9P
;YGikX1Bp+8erpBj68b8WjcM+HxNX3/pu00+e3ErJy0MgfyRPEFJIFuuUWe0xoxaDwz3fG9feumgTTl7
;SysHLW2B6pFOQVggTa5OZ7nG/1poDOF8W19z6bRNJ3t1Kz4tWIHRkSJBVyBsrmpnjcakWlsMzXw/TBb
;p1SwpGHFHMF9c9cr+Ex5lT2raagrrx81aNwyoPEAfFvLVTUoad0gwQVjzwuUULml/fMFxE4SrkilCfs
;4dXDoW6NVNSnsUayptPZmjkX0gZEN7wmAVirKkNVlTzhVNLGK2uSwzHmYrVC09gaORPT5HIA2uBWeKp
;a4/W2naHUs2eYeKJCQdfUc5LTyBo5F9QUdfXq4dZ+vGrDlUacQZTT5igLojFRJ6WDBZYujN/xgzByEe
;rgVn64ayGjcUqHw/PnWKsCEvCXVfPEJT3sr/DiRzf3HbcQKZxsxaNwyofH8gVunHTUp7dUg2SFHk0fA
;JKGhOQd53DoWyzVs3DKh8Px9pqdVZSnsUSjZOWO3G4xw1bk9w8XYSm7aiKEMMqXw/XxbplTIKewQrVS
;1c4sD0ESR1QWrHagm0sqIqNw2ofD9fFqmqDUpjFCtVTF7ixv0YM2ZUd8FrOJ+pvQVEedoaXjxz6dRNS
;nsUKxVSfYGwkX1BZkN9y2kCmae5M1hi9whNPmCMuU1LexQrVS19/uORX0EHIH/NZgKHo787Q2XHEmAr
;ZIijKCYkZ0M6X0nex/gONWZOfcsFZuvGzVo3DKh8P3YW6dUsPBR9TwpZT+DV9BEeb09yy3Y4m6e5Mmh
;hyQRgM3OHsjkiJHJKNllS86OQfUEHIB6ubCfr781aN23eE1Y7SZ2nLDweeHQ9QlHk0M4NIHNIQcNkH7
;SoogVFadwOXjxigLojSnoUK1UtPYGjkX1KByAezGALn5miPFF/zQg/Xhbp1U1Ke8QUVTs9gaPzGC1zf
;2zPYxO0p645UmDNDl4rf4a7TUt7FCtVLX3+45FtQQcgfMtpE7S0rDxDU8kVTTh3mdVMSnsUK1Ut3b6j
;g31BB0J7wnE4maerLmhqxBNILXedsE1LexQrVS092OORc0EHIHzLaRO0tKw8Q1PCGU00FujVTUp7FCt
;BbT2Ro5F9I2JMavF3Bo2ykjVRatsZS18X6dVNSnsU22otMoGjkR8ka1RB3GQBn5m+KlJpzHw+Xxbp1U
;1KVVQrRi09gcH0ETVYUn/IcTifrqQ5XGLND0xfF+nVTUp7FNNqLS+Bo5EfJGtUQdlkC4eZqzZYe9odS
;zoW6NVNSnsUKwxtPZWjkX0jYkxq8XIGh6qSNlJizwhXAHuAu01LexQrVS09cZyRckEHIHzLaRO0saw2
;W1PbDFo6cunUTUp7FCtVCX2BvZF9QWVSd8piDoWhkj9PeNoJTDZ5h4o6Ix9gQwpfXPXK/n1AByAergV
;nsobNSDcMqB5NNnKOvCMtJHJKO3JO8cb0GUEGIB6uBWfrn41aIwyofF0tf42yJCQcS008VVjl/PATJm
;tFHq8FZ+vGzVo3DKhlP18Wi6ckLhx9RTJyW+3M8AkkY39/3GAGtKukNDcNqHw/Xxbp4Q1KahQrVU9P6
;Mf2FC9gf3jCahCZp7k/Nw2ofD9fFumMDUpjFCtVT0/ox/YUL2B/bcZgC4e1kjxbY98OXitz6dRNSnsU
;K1V0fYG2kX1BZVJ3ymIOhaGSKV9pxBBMAGWZsCguexUrVS09gaOvPUEJIB6uZxWCoqozWWv3D086c43
;VTEp7FCtVLXPBo7B9QQdCbMdhAIKoqgVEedgMUC1ijLESKwlxSgpfXPXK/iIsZlgerwVn68bNWn5MqH
;M/XxaLpyQnJHhCO0hi4szkEzUHIR6uBWfrxukaNweofD89ZIC4EiUdclgwWT2Ao5F9QQcgHq4FdevGz
;TlYbdsIVjFxtrEkOQ91RTZIDIGikX1BByAergVn+cbNWlRjyQ9LNniOiikjCGBKO05Ys6OQfUEHIB6u
;BWfr6M1aN2/HEls2YoC6IysXS0Q7SGLyy/QRLVhPcPFxCJuZvi9FaskfWixJhLwjFRpmTjQtPIGjkX1
;BByAeripn68auNVlowQhWMHiIuRIlFXF0JkVY7c/OEi9YVHHeWhSetKs7VGnbI1I2eLaiJC4PfCtULT
;2Bo5F9QQcgMa4FZ4ipoz5eeMETUT56tqEiOiRnXidLXOLGzhQvYUlywloXirK5P0Vi9xFWMUmIpygre
;xUrVS09gaORfUE3IB6uZgiFoqQuXmPGHVMAYoalEjkOZk00Tljeyv8bKGtMQd5kE5+jvzRoYcESYCh/
;jaElSnoUK1UtPYGjkX1UByAezWoIh6+jPWhvxxlZOX+KvCgkD0tKVSwQwr96n3ddHx67BWfrpaI1W2X
;GG2A8eYyzKyMYfU47WWLjo5Cwjcvs0mLx2OvTzVo3b8cTUzZ4joouJR5yTTxOVOTN5SIiByEergVn6w
;a/GjcfqHw/PHmGuRInEnp0OUxE5NHOCShqRR6vBWfrxs1aGUyobT9fFoq6IiYkeUI7clvkxvUPIHNFH
;q8FZ+vGzVoTTKhqP18WjbAjOR5LWCBdTe7R5SIna09p3GQTjsbMWjcMqHw/BlbpyE1Ke3BOO15Y3tDk
;DTFoUmrxbAmNr6E2aGPdCFM2eIymTUt7FCtVLT2Bo5FqQQcgbdt1F4S0uQVTacYPWgBwgLkhFQl1XzA
;tPIGjkX1BB3Rerhhn68apP1l/zSNMKmaZuj8+JH1FO0hP3sbpDSBpU3fBa2fqxs1aNwyofD9fBenVTT
;kOZFs6X0nex/QTMmJ/cs98ApnGzFo3DKh8P18W6c5NSntwTjteWN7Q5A0xaFJq8WkGkqO/KWhuxwhLM
;Hvp1E1KexQrVS09gbCRfUFjRXDdYDiYs70qWH7cI0wvc4yxTUt7FCtVLT3I45FkQQcgesdoAoW1pDVZ
;U9AFYDx5hKUoJAh1XzxCU4GikX1BByAergVn9cbNWlNlxRlRLH+GuxIyAktIOkBN5M3iHDVuT3DxbQi
;Ho81bNwyofD9fFunVVEp7FE85XWLgzeUUIGtJf91sCYyZqihWdfcRXicW6NVNSnsUyzptPZijkX0la1
;BBz2sTgqehM1Z/wRJYAHGbtDQVFn1FVSw9gaORfUEHIB64BWfroqEqaG3GCFY+eoC0PiMVc3Q5SEvkz
;5F8QQcgHq4FR6vG2lo3DMwQTwB3h6EkKxd9SiZEU+b8/Bg1b096rgRn68bNWjf8l3wYXxbpsSE6JHZK
;Jkhi7cLoGDNYQXjaYBW0o7UqWH/dDloAYYi8ORUPfUYwLTyBo5F9QQcgHq4tZ+vGqTZHU8odTDpJhbQ
;0LwlLSTBLUvPGzhg5d09t23cCtLGsM0NT3BVSOhbo1U1KexQrUW09naORfSVrUEHMZBSOmaE7TmnaI1
;0wZI2wPxUUck0mSEmBopF9QQcgHq4FZ8/GzVpTYNgjXT5ljIohKwJxWQpOUu/X/ggzWEVm3moUnrSoB
;UNlxRk/Xhbp1U1KezxrVQY9gaP1ETFYQn/dYDiHp7Q/RVPND0s2e4ihJCUVS188QFjewP4QMWJObc9x
;DoSozVs3DKh8P18W6dVpSnsUTzldYuPC4hgea0Fny3c4ja+hNl5izyNaJ2aGpjg4HktfPEBYgaKRfUE
;HIB5eOmfyxs1aU2DYI10+ZYyKISsCcVkKXVL2xuMiLGhEe64EZ+vGzVo3/Jd8Hl8W6bEhOiR2SiZIYu
;3C6BgzWFJ/3mwDtKK/NUdT0iNML3OMsU1LexQrVS09oeORWUEHIHrCdTiJp74/aGDJBVotSZu0PSMfS
;0c8S0ne2c4ZKHRUf8BmAuvHzVo3DKh8LR8WyNVNSh94WwpPXPLGzhEgfkVs8XcGm6+pBVtlzghgJUma
;pSgvHxQqVS09gaORXQEHAx6uBQOHtpI4Vn/NI1M+b4ynEjkXe1wKSU/u084HHmNJbdpkCYijzVs3DKh
;8P18eqdVtSnsUTzldYuPC4hgea0Fny3c4mKqiLWho2hNPAGy2pj0vHnArVC09gaORfWFHID2uBWePqr
;0FVW3bGWAzd5CwPxUIeEQiclHoxeUiO1hEd91xBoWlqFo2DKh8P18W4ZVNansUKzFBTd7B8A4kWEx/1
;2AVtLWhNUBTxBVZK0mTij46HnFPVSw9gaORfUEnYB6KBWfroqEqaG7JD1oAeoisKDgkZ14lXVLz184Y
;OXdPbdt3ArSypDdSDKl8P18W6dVlCnsxK1UtWe3Tzh8gdEVBwmQejrSSLl9lyxdROmWaii4lFmROO15
;c9cr+E0EGIB6uBWfrxs1aEwyofFszZra3LDkeS0c0VFjz/OQNMWJSQd5qDoWyki1WZdwjSzZ7jNVMSn
;sUK1Ut3b6jnn1BB0Ry3loFirWoBVtt0RlNLBbo1U1KexQrdW09nqORfSVrUEHNbQaGpKgoaGTNHUsqZ
;ramOSsVcEkscknozvR9QAcgHq4FZ/+GzXo3DKgYUy9Jir0sJxlxWQpdT+jN5RQvYH9qy2gXjrSsLkJ+
;zXw+Xxbp1U3KOlQrRC09gcf9DR5kT3DaahKZmbozU3jAfD5fFunVTUpzVCtaLT2Bx/0NHmNSZ8drALS
;ypDdSDKl8P18W6dVZCnsHK1UtWe3TzhglYEVBzGkSmZmhP0FpxHw+Xxbp1U1Kiysrdi09gcf9DR5hSW
;zDcgaZo5I7VG/NEFotd528IiQkbnQxSFvg1v0JQQYgHq4FZ+vijVosDKh8WzNmtrMkOBZjSidIYuvG4
;xYefX96y2MGnqq5WjYMqHw/XxYZ6k1SexQrMUFN3sX4DyxwQWzLWhSbo6g+aHb3EV4nFujVTUp7FCtB
;bT2ao5F9JWtQQcZgBp+Zri9FZcYbYCtzhKUoOBpgXidIPYCjkX1BByBQ7gVw68bNPlt89xVSPnGMijk
;4GnpYM0hP3tf4ECQHIbDp5B3/aNgaNx+ofD87epmKJDkXdUUxclzzxvAiLG5OHq8FZ+vGzVrPM6hnP1
;8Wjbk9FRd1UjBfYuzG4xokWENywXYCtKCsOVJ/qH0/Xxbp1U1KexQwVS095c/hIiwzEC7xZgiGq6w0U
;1PMGVM+b7ahJCceFCpmHg6ykKKufgcJHq4FA4e2kjdeaMwQWgB6iKwoOCR1TSFIT97G6Q0udFVsy1oQ
;iq+5BUNlxRk/Xhbp1U1KexQrVQc9gaP1ETFYTXfKYQuOmaE7TmnaI106cIanKBUebFs6Xkjzxs4KIG5
;UQdpsCo7GzFo3DKh8P1tW6ctNSntwRyVyUOjH9REkWEx/12AVtKSiKFNp2iNQOXCasDlKehQrVS09ga
;ORfWcHIB7KaRe0q6Q+U2DNI1M+b4ynEikUel86WE/exukNLnRVbMtaE4KrqFo2DKh8P18WyZVNZ3sUK
;zFBTd7O+Bkla0VBwmQejrSSP0R4wRFeK3+GuxI+EnlOCk5S7NP0EzJmVHfBa2fqxs1aNwyofD9fP+nV
;TS4XZHQ4RFnlz/QiLWZZe9xaApO2oilCfs0jSzZ7jIo5OBp6WDxZVO7NkXxBByAergVn68brWjcMzBB
;PAHuAsSkmHktHNFRY8/z3FC1rSXDJWgKTtqIpQn7NI0s2e4zVTEp7FCtVLc2+o4p9QQdEct5aCoKiqT
;ZSU8QdRjpktqUiPR5mdDhCWeSjkH1BByAervVY6+XNWjdoxAxgMn+NsSEvJHhKLEhP3tHwDShjf3rca
;he0vJIpR2nNGD9eFunVTUp7NGtVCz2Bo/URMVhNd8phC46ZoTtOadojTT5mgLESJhJyXwpXYuXK4gkg
;aUN7rgRn68bNWjcM6HwcXxbpsSE6JHlCMUlR5Pz9HDhiUkHcZBeCopI2XmrcI0UAZZmwKC57FStVLT2
;Bo7E9QSIgHq5hC5uZoDNTaMQZYDN3kLA/FQh4RCJyWfPM4SI7WER33XEGhaWoWjYMqHw/XxbplU1oex
;QrMUFN3s74GSVrRUHCZB6OtJIpW2PfI1steZmKNxUIZE4wST2Ao5F9QQcgPu4FQuvGzT5bfPcRVjtyh
;bASJhptTidyTu3M5iItbkZq8X84j6++LlZiyxk/Xhbp1U1KexRrVQ89gaP1ETFYTXfKYQuOmaE7Tmna
;I0wzeZ6KISMdYHQvck7xxvQZQQYgHq4FZ+vmjVoRDKh8WzNmtrgkLh94TgpBXPjG4yIyclBuwXcTtKO
;1Klh/3Q5aAGKAuChKehQrVS09gYPRfWcHIB7KaRe0q6Q+U2DNI1M+b4ynEj8LZE4nck3uyv8JHnBBd9
;paE4KrqFo2DKh8P18W6dVNW3sUKzFBTd7O+Bkla0VBwmQejrS+WjYMqHw/XxbJlU1jexQrMUFN3s3+D
;yxmTEHCZB6OtJI7UXjNDmA6bpm6Pj8JcXQiTFT1/OUULGIgH64FZ+vGzVo3DIJ8P19yhaUSJBRmRjRB
;Yu3C6BgzWEJ7yGoVjpmoIkdj2wlNOkmetCQ+JGBCOEg9gKORfUEHIB7uBXnrxs0+W3z3ElAte4i5EiY
;abU4ncl/u0fUYM1hPeMh2Ap/GzFo3DKh8P18W6fNNSntwRyVyU+7R/BwtWEx/12AVtKWiNENj3Q5gOm
;6Zuj4/CXF0IURQ5KOQfUEHIB6uFSfr681aN2jEDGAxeZu4LCYkeEosSE/exuIJKGpBasdqCbSypDdSU
;8sTUi9zh6YsPhJ7RVUsPYGjkX1BByAeiAVn66KhKmhixw5SPnq2uSwzHmZ0M0RR7cr/Gh5iWG7BdhKZ
;o5IuXmHNfD5fFunVTUprVCtOLT2Bx/0NHmlPbMNkC7SqrCNSfvcMUChzm4ogJR9xK1QtPYGjkX2xOCA
;9rgVnj6q9BVlj2hFeM0mFtDQvCUtZNF1U5fz1Dy53f2TxdheOo6laNgyofD9fFsGVTWx7FCsxQU3ezf
;4PLGZMQcJkHo60kihWfMEYYDN/j6ESMCRwQiZZXO/A9H1AByAergVn64bNeTcMqBhTL0mHuj8nGnh0O
;UxE5NHODyB3SXrxaQ6NspIgaH/YGVo7FujVTUp7FCt9bT2ko5F9JWtQQcBqFYanoQVbbdEZTQBlhbo6
;FR9mRCVyR97H+A41Zk59ywVm68bNWjcMWEM/fRbp1SkmC0tFOl9Q4M/OESB+RWzxdguEsZI+RWPYI0U
;AZZmwKC57FStVLT2Bo7k9QSIgHq5hC5uZozVFYckQYDN3kLA/FQh4RCJyUejF5SI7WER33XEGhaWoWj
;YMqHw/XxYZ6k1oexQrMUFN3s3+DyxmTEHCZB6OtJIpW2PfI1M2cJ2KNxUIZE4wST2Ao5F9QQcgCu4FQ
;evGzT5bfPcSUC17iLkSJhptTidyTvTT4RIzc3971nUImLO/P2h4wRFaXxfp1U1KexQxFS0bgaORGS13
;f3DBdwqKqpI2VnXNDmAqZpmwPxULe0I7WWL2wvgJHnNJc8sFZuvGzVo3DKh8P0EW6dUpJgtLWTBAUvf
;Gzh80ZUJyy1oQiq+5M1lr9whWMnPp1H55SCcYZv4Cga6RfUFjTG7xdgSKqqQ0UFPQfD5fFunVTUoiVC
;tYLT2Bx/0NHnRDf8JsCYyZtFo2DKh8P18WsJVNWXsUKzFBTd7Q/RQiYn9qwWkCmaejOVIMqXw/Xxbp1
;U1KeyYrVS1Z7dPODjR1Rn/NYDiYr6k/aHjNBEsqZIyKKSMIdUk5SGLuzc4SN2JSds9rALSnoz1baah9
;P18W6dXNCzsUCFUtPeXP4SIyclJ4z2YCtLWkPlJT3BlHK2ObsBI4HmdEOVhJ6Mz/fUCduYc3nP5S+c1
;4NwyoGFMvSZqgPywad04KXlTlxs4JJH9Ua9xgOJO/kjVRatsZS18X6dVNSnsUy2otKoGjkRktd39qy2
;gXjrSsLkJ+zSNcN3eEtyg4exUrVS09gSPQPUEXIB6uYQubmbo7RGTBElgAe4axKEp6FCtVLT2BU659T
;gcgHst9E5mzqT9FU8kRUCp4ndVMSnsUK1Utzb6jhn1BB0Vm2ncSj6O/BVJ0yxReMXGMijkjFnEaVSw9
;gaORfUEHIB65BWfro7UuRXnMGU0Ac5G2JSsVc04KWVTsxqN9QAcgHq4FZ+vGzUg3DKgZRytknLEoOCR
;7TTNeWPX86UxBBiAergVn6/+NWiUMqHxaJ2KboCkvCUtEM0tO5NfOBXMHIR6uBWfrxs1aNx6ofD86bp
;2nOC4eZnQ6S1vyxuUiOTQgH64FZ+vGzVo3DLp8P19zkaE/Px9xWQpCW+fQ9AkefhEerwVn68bNWjcMq
;G4/XxaMrTk4DnBOJ3JS58XiGDVYWSyuBGfrxs1aNwyofC1fFumwNT4JYU8wX2LuxfcOJHN/Z50FZuvG
;zVo3DKh8P2wW6dUoMg9mXjFIT97Q5hQ1ZEhBzWoIh6+jPWhkzR1LKma2tCk8GnpIMHJJ5M7hGDNmVGv
;cYFbrx81aNwyofFYfFtrVTUoebF8nWFnk0c4ONm5UfcZaBISpoTNZa/cUWj5inKUSKx9iSjtOWN7X9B
;AxYlJ/2nAVjvTNWzcMqHw/X3+p1WZKexROLVlP9Mf0Dx50V3faZg+0paI1W2XGG2A3c4ihODokdU8jT
;FPixs4JKGpFHq8FZ+vGzVpzTKhiP18WjK05OA5wTidyTvbK5R4pWENxwWkOhaGSKlZ+wyNHXxfp1U1K
;exQVFS0jgaORGDlzUmvKYBW0tbozQ2/AI1wweYW8Iy0kZEonRmL4o5B9QQcgHg5bJ+vizVo3adAITSp
;yjKcSOQx9XzZFYuLM/hEoaUdB2mAKm6O/O0N52hkOXxfp1U1Ke5RNFS0ZgaORGDlzUmvKYBW0tbozQ2
;/AI1wweYW8Iy0kYE44XVjzwuUIM2ISHq8FZ+vGzdpRTKhlP18Wm7A+PhpmXwpIRfXR8CIlckFy8WQKh
;LOjLjcNqHw/Xxbp1U1KXhQrVUhF9dHkGSR1f23ZbBOIrpIoUn/cHU0rSYytOTgaS0o4Qkjv16N9QAcg
;Hq4FZ+vGzUg3DKgOWixiiKc5FR9hSjlyTvHG9BlBBiAergVn6/KNWikMqHxaJ2KboCkvCUtYIkRJ4sv
;ODyR0VH/ccTiYtqg/Uz6ofT9fFunVTX47FD1VLT3zxuUPIGRUd8FrOI+zrDZobcUTSjFi6dRNSnsUK1
;UJfYGBkX1BYlhq3HADjrSSKUBl3B9XAGSMoT8rGGBCOkNi4M7+CC9zEh6vBWfrxs1aE0yoaT9fFpuwO
;Tgad188QlPex+QcLVhTbstgA+vHzVo3DKh8Cx8WyNVNSh5sXydYWeTRzg42blR9xloVjrK/O1R4wRNR
;AGWZsCguSRQqVS09gaORSQEHMx6uBQKTsr8vU2naI0g2ZoyKOSMWcRpVLD2Bo5F9QQcgHr0FZ+ujtS5
;FecwZTQBhgKUoFQ99RjAfPYCjkX1BByAergVo68bNP0942glMNnmHijojH2BDVSynGDoI5NjeHx6/BW
;fro7UuRXnbFVAxSZ68KT4TSxlVLKcYOgjk2N4fHr0FZ+ugrDRobsQVTwBmiKA+LyR5WDBOPYCjkX1BB
;2Bh7gV168bNPFZi9x5TNma2oSU4HmdDOkFZgaKRfUEHIB6QRWfixs1aUW3GI0wvc4yxTUt7FCtVLT3Y
;45FwQQcgeM9rOJi2qD9TU8UdR18X6dVNSnsUbxUtLIGjkRsoa0Fzy2sTtKKkO1pp3BlNXxfp1U1KexT
;Xai0vgaORGyhrQXPLaxO0oqQ7WmncGU1tFujVTUp7FCupEj2To5F9J25Mf8NgCZ+ZqTNWYc0IWi0l6d
;RNSnsUK1UtPYGxkX1BYUlyz2gChbKSPl5txRlLOmTd1UxKexQrVS09gaOcfUEHRnfCZAqOqLkFUWDHC
;z9eFunVTUp7TWtVIz2Bo/cULWZNe8BxOI2qoi0GDKl8P18W6RUaCnsaK1UtW+jP8BAkaVRByGkInPTN
;WzcMqHw/30Cp1UBKexRNPEFc7Mb/CR5zWW7LBWbrxs1aNwyoPD9RFunVKyMXdUYwQ0ne1+gNJDUgH64
;FZ+vGzVp3DIh8P19wgLk5LwlLRCBZYvLO8BEtWFB/3HE4mK+3P2h+yQhWMBbo1U1KexQrDG09pKORfS
;duUm3aWguKv6goaGjBEVoxZYC6IxUDbXQ2QlDxxv8OIHNJccAFZuvGzVo3DKh8P3UW6dUrIwlnXwpBX
;PjG4yIlbk17wHYOhKiSIk5TyxNSL3OHpiw+EntFCkVS7caRfEEHIB6uBWfrxuxaNwzOFU0sYra5LDMe
;ZnQwVUnz1uIULml/acdhE4OZvztDZcd8Pl8W6dVNSiJUK00tPYHF+A8yc0x/12AVtKCkNlZhzRJLAHC
;FujpKehQrVS09gfrRfVEHIB7MahOfqaAFQ2TBH1Qxc5qmTUt7FCtVLT1RnJFvQQcgeMd3FJ+ZoTtOad
;ojTDdzhbk+SnoUK1UtPYG30X1vByAeyGwVmLKSNlZ1zQ5gLHmFvCkVEnpNPEFR3sbpCTNyU3fBazicr
;6kuX1PaHUs2eenUTUp7FCtVdH2BgpF9QWFJbN1xOIentD9FU9sTUzZytrwjLBJ4RwpLUe7U4xw1YiAf
;rgVn68bNA3cMtnw/X3CApz4+JHhKLEhP3tD+EShjf3fAYw6HqpIpR2nNGD9eFunVTUp7UGtVPz2Bo/M
;SNXNPc/FpBpKjvwVEfM0ZW18X6dVNSnsUbxUtLoGjkRogd394x2kLtKukNGhgzRJYK37p1E1KexQrVS
;09gY+RfUFgQW7xYw6HqpIpXmLPEFoAc5GhPz8IfUQ7cl7uzuEYL3RBasdqCbS0rC5eY6h9P18W6dXNG
;jsUCFUtPebC4SInbkxy8XYOhaGhP2hp0AhNKmWAuiMVCXVfPEJi7MLpfUAHIB6uBWeChs15NwyoG14v
;SY+8ISYkZ0I7SlHk/PQFNXVVbcdqCbS0rC5eY/cRVjEW6NVNSnsUqxVtPZ6jkX0mZlBByGwLh5m+M1l
;rxBlgOm6dpzg5EntFCl5N5Mb1fUAHIB6uBWfShs1UNwyoG14vSY+8ISYkZ1swSFmBopF9QQcgHuBFZ/
;vGzVpQb8cYWgBikKUoFRJ6TzBVPYCjkX1BByAergVo68bNPVtjyh1TAHmPsz4vD0tTVSw9gaORfUEHI
;B6hBWfroaE1VW3EI1A5cJqwORUCFCpVLT2Bo5F9QQcvHq4FAIeprztbU8caWSxznYo3SnoUK1UtPYGj
;kX1UByAexmAGn6+jPWhvxxlZOX+KvCgkD0tKVSzH/8ktCdJvnx67BWfrrqg7Q2XGG2A8eYyzKyMYfU4
;7WWLjo5B9QQcgHq4FJ+vTzVo3ZM0dSzZ4joouJR5yTTxOVOTN5SIiByEergVn68aDGjcQqHw/N3OIoS
;QkHEtfPEBY3sbiCShqQWrHagm0srQqUgypfD9fFunVTUp7AStVLVXkwuUIMVhHfcFhArS1qCtCacYfW
;l8X6dVNSnsUK1UtHYGjkRQvYUlywloGj6e9Ll56zSNWMXCAuSEVCXVfPEJi7MLpfUAHIB6uBWfVhs16
;NwyoFVE5f4W5EisfdVshREvk/PgTJ25McvF3Bp+vogVaZcZ8Pl8W6dVNSm9UK0otPYHK/xsoa0xBz2E
;Gm7KkLFJTwRJROmS2sDU6GnpYPEJTgaIL5NieuYdHOmf9xs1aXmLOFVMzSYixLDoPfV0wclHg2vQPMg
;chHq4FZ+vG2Ro3Fqh8PzZ4j7whJiR1TzRdSejV9CIzYkRrzXEOhKi+WjYMqHw/XxbplU1TexQrPENb6
;M/9IiBjQW7abBGOmbozU3jAI1I2eOnUTUp7FCtVJX2BuJF9QW5OeMdpC7SnozlfY9ojUzp4jqElFR11
;SCFCT4GikX1BByAergVn5MbNWl5izhVTM0mIpygrJHlCOy08gaORfUEHIB6uGWfrxqQ0UWXEEGAsZoi
;nPi8kd0Q4T1Tvxs4RIH5FbN0FZuvGzVo3DFhDP0MW6dUkJB19RzlyWPnX4wgybk9w8XIOj7KlBUVt3B
;VQXxfp1U1Ke5R9FS0pgaORFC9hSXLCWgGCqqw3UmLcI1kzeZ7VTEp7FCtVrWvBo559QQdJcMhsC4eZo
;jxRf80IYCcW6NVNSnsUK1UtPY6jkX0oaUZ3wmk4hKCrKVJ49wU/Xhbp1U1KexQrVSE9gaP3FC1rf3HY
;YBWHp71aNgyofD9fFvmVTUZ7FCszRFHt/PUYL3RJatcFZuvGzVo3DIw8P1IW6dUkJB19RzlyTunG/RE
;yByEergVn68bNWjcAqHw/NniPvCEmJGdbMEhZgaKRfUEHIB7gRWf7xs1aXmLOFVMzSZ68KT4TS0Y8Qz
;2AOQjk2J65t5EFQ+vGzTNZYs0OYD1kgLEqIxVzdDBVSfPW4hQuaX9px2ETg5m/O0Nlx3w+Xxbp1U1KI
;lQrQi09gcr/EyR1f3zcbAOMr6M9aGrEE0gtd52wTUt7FCtVLT3Y45FpQQcgd8BrApmZryheaM8VUThJ
;mqUoLx8UKlUtPYGjkTMBBwEergUOhbWoLmhlxhJaLUmMrTk4DmdCOkNi9sr1CSlYUn/abAjrx81aNwy
;ofGYfFv3VTUoSelgwWWLozf8YM1hGcsFyFYqyqFo2DKh8P1+Wv5VNRnsUKzxDTuTX6SIyd0V7ygVm68
;bNWjcM7Dw/fhbp1SQkCHFfCkJI9cbjIiR/VGzbdg6EqJItXmjcFGAtd528Ikp6FCtVLT2B+tF9VQcgH
;sdrFI6ykjVCeM0OYDl6hqI/Kw9xK1QtPYGjkX0YRyASrgVngqi+P0M89w9POnON1UxKexQrVa18waOP
;fUEHSXDaYBWHqa4xXmLPI10wY4exLDgCS088XkngzfIYQQYgHq4FZ+vGjVogDKh8VjFijKchJRh/Qjt
;KYuLG/REeZk55wmBn6sbNWjcMKEp/Xw7p1U0jFWBOJ0FS4sj4EyZYQ3vCaTiHp7Q/RX+ofT9fFunVTU
;o7FDxVLT3ozeUYM2tPfcVsCYyZrj9bYPcLVjtigdVM0OKNssy01L6jg31BB0lw2mAVh6muMV5izyNbO
;madvU1LexQrVS09geORcEEHIHfcagmCqKoFVmLPEFpfF+nVTUp7lH0VLS2Bo5EUM2hOd8BiOI2qoi1F
;bdwZP14W6dVNSnsAa1UgPYGj+A8uaUlwyVoOhbWoLjcNMuWmxo9wHHJKbhQrVURP7s34EyZYTHfAYDi
;Pr74uVmLLGT9eFunVTUp7FCtVID2Bo/gPLmlJcMlaFJujqD43Dah8P18W6fENSnAUK1VHWPPIzh8uc1
;RxwwVm68bNWjcMvDw/TBbp1ScvCX90N0JJ9cz8IjJyUnjPZgLrx81aNwyofCsfFvnVTUoRcVk+clvo0
;eIJHmtBZ8t3Z+rGzVo3DKhof18d6dVNIB5mQApEU+fK/RFBBiAergVn69KNWicMqHxVOmSCiiQkCHFf
;CkRT78bjfUAHIB6uBWf/hs1KNwyoFlotfba8IzkeYHQ6WEnk0ZF8QQcgHq4Fc6vGx1o3DMIZTTRJmac
;kJA8UKlUtPYGjkWkBBywergUNjrSmBUR52AxQLWLp1E1KexQrVTl9gauRfUFtRWzFWhOEts1bNwyofD
;9fAqnVXUp7FEEwX1be1/4NHnRVbMhkBI7GzFo3DKh8P0tW6d5NSnt+TidGYvXR8AskayAfrgVn68bNT
;ncMo3w/X2abvCM+JGdbMEhZgaKRfUEHIB7qRWfnxs1aW23RGU0Afoy8KiIPFCpVLT2Bo5GtfgcGHq4F
;C4q/qChoZM0VWDditrQpKwtgQiNIYuzC6SIpYkl5xnE4mae5M1gMqXw/Xxbp1QMKezIrVS1R4Nr0Dx5
;vRXfJbRO0p6k7R3jBCloAe4C7EiIefUw9WWLzwuUULgchHq4FZ+vG9Bo3L6h8PzN3kLA/FRNxQjJFSd
;7C9Rwxc0loy1oUiqu9Nl5izyNMK3OZ1Uwxb7pstFe5vqO6fUEHTH/XYBW0rqgzUGTcI147d5mhJDweS
;1ghSE3u1fQPHmVPatpqCrS0rC5eY6h9P18W6dVNAzsUA1UtPe3C6BgzWEh7x2IPn5msPlZ83BVJOkma
;oSg6FGJOJ3JJ7tPODyBzSXGuBGfrxs1aN0XofChfFum5LDMeZnQ4SE/mxs4eLWhTe/FjBoijvlo2ljH
;lpsaPUOpNUnsUKzlMROTRzg4kYE17wHE4h6OjPUNk9xFWMRboT9TT4o2y7BI9iqORfTZmTHLxdg+Oqq
;EpNw2ofD9fFunFDUpvFCtVQVz4xuMiMm9FcsJ2OISwqChbbdh8Pl8W6dVNSjJUK3gtPYHP8AQkdX9t2
;mQVn5m9NV5i3CNMPHebsxIgFH1FIXJc78T9GB5zSGzLdg+EqqlaNgyofD9fdoqVTW57FCs5TETk0c4O
;NWZSavF1CIKouQVEb8kOWQB8hrwjPiR4TjtKSemjkH1BByAerjEn6+/NWjdgyQVaLUmaoSw4D0tbOkR
;T9fziHiB1RkHEag6FspIpR2nNGGAtd528Ikp6FCtVLT2B+tF9cQcgHsJkHo60kilDbdoIYC95gLs5FQ
;h3SidLYuvM+BM1WFNqz3cTtK6oM1Bk3CNNPmKAuk1LexQrVS09gaORXkEHIHLPfAKZmb4uVn7cI08wf
;4ehEjkYdVkzclfuyv8JHnRUe952Z+rGzVo3DKhYf18D6dVNJhptTidyTvXC4wkxaElw2loTkraoWjYM
;qHw/XxbhlU1ZexQrM0RF5MfOESB+RWzxdhOKtLkFTwypfD9fFunVTUp7BytVLVvo2/QZHmtBZ8t3OJi
;yrChDU9F8Pl8W6dVNSnsUK0otPYHO8AkeZE9wyDQ4ja+hO1ppxghgPHmEpSgkCHVfPEJTgaKRfUEHIB
;73RWfxxs1aWm3cI1wweI/kEiwSeEo4SFP1/PUYL3RJatcFZuvGzVo3bDs8P0QW6dUgKw9LSDpDW7D89
;xQtZk17wHE4j6+sN1J4zQ4/Xhbp1U1Ke+gUVTY9gaP8HDVYQ3HAY1a0oKQ2VmHNEksAZpu8Li8kd0VV
;LD2Bo5F9oW9gHrUFZ+urrC5ob8cSWW5Jj7whKxZxRSFyTfPK8hgebVAerwVn68bN0oRMqGA/XxaEtDk
;VGHtFMxxi58r9HCxiTmrxdRWCpagFXGPafD5fFunVTQqkVCtOLT2BzvAJHmRPcMg0OI2voTtaacYIYC
;9kgLYoFQ5nK1QtPYED4YB5RyAyrgVnhqe5BVRjxhoOAHCAuSwnHnpfCl5Y9df4EyZ0f3jHaQaGo6Mua
;GjNEkw2YpDVTEp7FCtVTa7Bo7x9QQdNf9paBISoq2toasEQXjJzh6ESOR5gXzxDWvL89xQtZk17wHE4
;j6+sN1J4zQ4/Xhbp1U1Ke+gUVQA9gaP8HDVYQ3HAY1a0oKQ2VmHNEksAZYyhOSMVc1gKS1TtwvwYL3N
;/eMJqEJmnuT83Dah8P18W6YwNSlEUK1VAXPX88hIvYRFByGwLiquoNENT2xlLK3+Hsj4VHX1HNEBY79
;fODTNuQ3uuBGfrxm0qyjTofBFfFum4LD4kd0Q7SwzexfgRIGpFcNpaFI6yuTNZa9sjWTZ6iLgoJA9LX
;TBfVOfazhQlByEergVna1YOGjcQqHw/Mnedii4lFXIaCktU7cL8GC9zf2jLdw6Nv5IzUwypfD9fFmlF
;jgp7CytVLVDg184eLmlGLPFjDoenoD9ZePcfUDJmjLs+Kw99RDstPIGjkX1BB3lerh9n68agO0NTyxN
;ROSS2syQmGnlOO1li5cb/DihzWR6vBWfrxs06pEyoZz9fFoS0ORUYe0UzH2Lnyv0cLGJOavFhDoqrqC
;5Sfqh9P18W6dVNtkQUMFUtPezC5SIiaE54nFoBgqqsN1Ji3CNPLX+KsBIpFRQqVS09gaNxFQEHOx6uB
;QqKspI5WGLOTmA5f4W0IC8VYHQlX1Tixs4XMQchHq4FZ+tOfho3EKh8PzJ3nYouJRVyGQpLVO3C/Bgv
;c39u3GwEjpmmNUUMqXw/XxbplZIKew8rVS1Q4NfOHi5pRizxYw6Hp6A/WXj3DE02dYyKODl7FStVLZ3
;xXqk9QSsgHq5oBp+ZrjVZapojWTZ6iLgoJA9LWDBZSejN9g4eYUlyz2gChbKSPlJi2xVLJhbo1U1Kex
;RLxm09rKORfSxmVEHNagmN9JI8XmDJEVoxYramKD4PfUUyXmLnyv0cLGJOavFhDoqrqC5Sfqh9P18W6
;dVNtkQUBlUtPezC5SIiaE54nFoBgqqsN1Ji3CNMOmKdvCMtCEtNPEFc7Mb/CR5hTHHZdwafo81bNwyo
;fD9fT6nVZ0p7FEY0WWLizP8bc1hGd8JkCo6ouQVEadwIVjFxmoorIxd1RjBDSd7T4xQiYiAfrgVnS7Y
;wYncMhnw/X3uIoRIpFHpNZ3Jb6M/wECRpVEHdYBOfr6M9RFPOFVM+e4y7ORUNcVk8S0TeyvV9QAcgHq
;6F9yiGzUY3DKgRXitJirojLElLTTxBXOzG/wkecUVsx2MetK+pWjYMqHw/34YqlU1dexQrOExJ5NH4H
;C1YU33PaQK0oKw5Q2PaI0dfF+MC7jpGPnIVLSqBo5EQIHNFbMdkC7S1rjtbafcaXjxihqcSM3sVFl/6
;nvG+yD1BECAermgGn6O/M1Zg9w9cPnqMiisrGGBEJ3JHgaKRfUEHIB73RWf+xs1aWm3QI0kwepy4KD4
;JfUgKXk3kxvVMQQYgHq4FZ+vGzVoiDKh8Uj5utqMiJg55TiFfVOL84g0kYkQsrgRn68bNWjcMqHwiXx
;bpuCIuHnh0JV9Y4sriGB59f3bLbACDspI2VnXNDkxfF+nVTUp7FD8VLTaBo5ETLn1acstaFIK8qFo2D
;Kh8n8aPMOpNRHsUKyJMUe385RUoZEtwy3YU68dXw66VMeXWYBb71U1KCGFbJUJP9fzrIiVuU2rPawSO
;xsxpBD+bTwycKenATUp7e10wX1XgzfYiMm9FcsJ2OIqoqjZSDKl8P18W6dVzCnsNK1UtUvfG4xUgaUd
;B3W0Ch6q+BVFtxiNML3OMsU1LexQrVS092OORZUEHIHHYYBWDp6M9aH/AGVMzZbazISUMZkohSD2Ao5
;F9QQcgR+4FcuvGzTVBadoUXjFxtqYlLxd4WApeTeTG9X1AByAergVnoobNSzcMqAxNOmWaoD8vJHVPI
;0xT4sagfUAHIB6uBWfrxs1LNwyoDE06ZZqgPy8kdU8jTFPixqN9QAcgHq4FZ+vGzUI3DKgMTTplmqA/
;LyR1TyNMU+LGzhQvYUlywjRn6sbNWjcMqHw/Xw7p1U06CXFYJlhP5PzwGTdmTn3LWg6FoKQ2Wz6ofT9
;fFunVTUp7FDZVLT3x0fQOMnJSe/FkA52nozlSU8ESTDpitrwjJB5mGlUsPYGjkX1BByAeswVn67a/P0
;R/3Q5aAHeNoywkGHF0PENO5NfOFC9pRWycBWbrxs1aNwyofD9CFunVPTgeZ1ggX1jewvULIGlDe/FsC
;ZijuQVYedwZTW4W6NVNSnsUK1UtPZyjkX0xdUVt3XAVjpmsPkFtxh9aAH+Hpig+JHteIUhPs6OQfUEH
;IB6uBWfr281aN3zaGUwsY5uwEisfYko7Tlje1/4NHnRVbMhkBI73zVs3DKh8P18W6dVQSnsUWydITvL
;W4xgeZkRoz2sEjpm5NUdT2wlNOXeKsH9KehQrVS09gaORfW0HIB7edw6FsqgoaG/HElkAc5GhPz8fcV
;lkcl7txvAPIGlDe/FnBoitkjVRatsZS18X6dVNSnsUK1UtFIGjkQ0zbk5qy3c4iKmjPGhp0AhNKnKMp
;3wVGHhONF9c78D0IiR/VGzbYQKZxsxaNwyofD9fFun4TUp7ZFk8Q0nk0c4eLmlGQct9E5mzqT9FPfcf
;Uzp3m7QjKR5LTSdCU/X8/hsndEVqrgRn68bNWjcMqHwTXxbppT8jFWBOJ3Je7s33IiR/VGzbYQKZ95I
;5W2nJDl4xdYyKIS8dYHQ6S1vyxuV9QAcgHq4FZ+vGzXc3DKgMTTZ4nbA/FRh7RTNyWPnX4wglYlIv8W
;YLjqe/O1lvzSNNNnGBoRIlHXJYMFk9gKORfUEHIB6uBVfrxs0qRWXGCFotSYq6IywkcVMhX0jlxuNMH
;mRVbdpqCrS2vzNZeMkeUzpJm7AqIxR6dC0tPIGjkX1BByAerjFn68a9KF5i3BlNAHWGuysVHmxfJ1hZ
;5NGgIiJyU2rBaDibtKQ0Q23KEFoAZIyyJCUVS1MmREfko5B9QQcgHi5uJ+v2zVo3fNoVUStzm4ouJRV
;ydDBVSfPW9RgzNn9923YThKuSKkVlxghePXqMij8vHH1EO3JEgaKRfUEHIB6uBWffxs1aR37BEks6ZL
;a2IiQdS04tWU/0x/QPcFhDa91xCIaZvSheYtwdXTNztqcoLRJ7RQpUTujZ9H1AByAergXngIbNdjcMq
;AxNNnidsD8VGHtFM3JY+dfjCCViUizxZguOp787WW/NI10+dYKKIiwdZ04hLTyBo5F9QQcgHq4sZ+vG
;vSheYtwZTQB1hrsrFR5sXydYWeTRoyIia0V/3GQJiKOSP0942glbOmTp1E1KexQrVd0CgY6RfUF3Unf
;AcQKZma41WWr3GUcrZJyxKDhJS0g5SFzzwv8eJFhGbMFrE7SpqzxEadx8Pl8W6dVNSnsUK3ktPYHT4x
;Qvc0Vs8WYIhaCSP0942glbOmTbii4mHnVZNENe5Pz9GCdzf3HIYxSOss1bNwyofD9fFunVYEp7FFsnR
;FP1xuMiImhOePFgH5+0uD5SfpojXDNziKcsJBhxdCdEWunXzhInYVN72gVm68bNWjcMqHw/bxbp1T04
;EnpfMF9i4sz/Gx5iWGrccAOOtP8FVHnbCFAySZmnJCQPdUk5SGLzxvYULml/Zq4EZ+vGzVo3DKh8C18
;W6aU/IxVgTidyXu7N9yIkf1Rs22ECmfSSOUJ/3BNSAGabvCM+GnZHMHJP5MT4Ei9YWG3HfwLrx81aNw
;yofD9fFtnVTUoLZkI7WVjz/PISL2F/e9ZxFZ6iqCgFU8sJTCt5hIo9OBJ6XzRPUeT84xgmbk9w8Xxn6
;sbNWjcMqHw/XyLp1U06CX1FIUhP3sD+EydYRWbadxKPo79oaG/dD0swe7alPyMVYEo3QVje0fQaKGhO
;Qdd2DpGjzVs3DKh8P18W6dVXSnsUWydEU/XG4yIiaE548WIGhbK/I2hkzRVYN2Lp1E1KexQrVS09gb6
;RfUF3UnfAcQKZma41WWr3EV48foC7KBUZdV4xX1z1xpF8QQcgHq4la6rG01o3DNgOVjFijKcSKRR6TQ
;pAXOLL+BMkWEJ7yloUg6e9PzcNqHw/Xxbp1U1KWhQrVV1P6M3lGDNYQ3HAYziGp64yXmLNI106crahK
;CcLS0Y0VT2Ao5F9QQegRe4FQevGzSpFZcYIWi1JirojLCR5SjZFVO/Gzh8ka1RByWQJn7S0BVZizxBa
;Xxfp1U1Ke5RtFS0egaORDTNuTmrLdziIqaM8aGHJH1c2eIyKLiUWZE47Xlz1yv4THn8gH64FZ+vGzQN
;3DIt8P19mm7wjPh5mdDZCU+f8/Bwib0lwy1oEhKu9P1l/yQhWMHi2rE1LexQrVS092OORUkEHIG7cbA
;mfo78FVGPGGmAyd4q9JCQeS080WVzexfgRJFhUdttoBYWnpDZoZM0VWDdi6dRNSnsUK1WpfYGNkX1Bd
;1J3wHECmZmuNVlq9xFePH6AuygVH3VfNHJb6M/0IjVvVXPMawaCqpItXmjcFD9eFunVTUp7kGtVNz2B
;o+EPKGlUe9xaBISoqwVabcsUVjFztrEkJyRsK1QtPYGjkT0uRyAErgVnm7SkNENp2iNcMHiPiiArGHx
;CO0hi5cr8IjgHIR6uBWfrhqIaNxaofD8vZIC7OS8JS0g6Q1vezvAeKW5Oe/FhDoaZt1o2DKh8P19Whp
;VNY3sUKyVfVO/X9A8eZE9wyFoKiqWlM1lp9xhWLGKIuy4vJHJZOkBi48zjGSR1IB+uBWfrxs1edwyJf
;D9fZpu8Iz4eZnQ2QlPn/PwcIm9JcMtaApOyvy9TadojUSp76dRNSnsUK1XdAoGEkX1Bd1J3wHECmZmu
;NVlq9xFePH6AuygVHmxfJ1hZ5NHOEidhU3vaWh/ZxsxaNwyofD9mVunyTUp7ZFk8Q0nk0c4eLmlGQcN
;kBIOvoz9oadAITSpyjKcSJR1yWDBZYviRkXxBByAergVn68bSWjcM2A5WMWKMpxIpFHpNCkBc4sv4Ey
;RYRnfCZAqOqLkFBgypfD9fFunVTQp7CytVLU3zyv8JJHV/fcFrAbSrrDlfZcYZYDl/hbQgLxVgdGctP
;IGjkX1BByBerjVn68a9KF5i3BlNAHWGuysVFnVIPURT5Pz3FDNqV3/cYDiKpa4/W2naHUs2eYeKKBUW
;dVNVLD2Bo5F9ycRgHp0FZ+u2vzNZeM0OYDx5h7MSJxp3QzxDWN7F+A8scEFsy1oGiKWoNlJ+yQhWMHi
;2pT8jFWBCO0o9gKORfUEHYJHuBVXrxs0qRWXGCFotSYq6IywkeUo2RVTvxs4bKHVNac93ArSnrjlSYM
;0OXit/hrsSOB5gWTROSYGikX1BByBuCUVn2sbNWkd+wRJLOmS2tiIkHUtGNE5V6M30IiduUnPZZBWOm
;aw5VGnEGU0+YoC6IxUPZkojSFGBopF9QQcgXiFFZ9vGzVpHfsESSzpktrYiJB1LRjROVejN9CInblJz
;2WQVjpmsOVRpxBlNPmKAuiMVA0tGNFU9gKORfUEHtN/uBVfrxs0qRWXGCFotSYq6IywkeUo2RVTvxs4
;bKHVNac93ArSnrjlSYM0OXit/hrsSMyR5Si0tPIGjkX1Bk+FerjVn68a9KF5i3BlNAHWGuysVFnVIPU
;RT5Pz3FDNqV3/cYDiKpa4/W2naHUs2eYeKNxUWdVNVLD2Bo5F9QV5gHoIFZ+u2vzNZeM0OYDx5h7MSJ
;xp3QzxDWN7F+A8scEFsy1oBjqOpKFZ4zSNaAHuIrU1LexQrVS09uOORUUEHIG7cbAmfo78FVGPGGmAy
;d4q9JCQeS008X1D2wuMYHmFFe8p3Bp+jkiJoYckEP14W6dVNSrtma1UBPYGj4Q8oaVR73FoEhKirBVp
;tyxRWMXO2syQ4FmNKJ0hi58b0GTNmVHvxfDiGp7VaNgyofD9f1puVTWZ7FCslX1Tv1/QPHmRPcMhaCo
;qlpTNZafcaVi17nrQ/LyRyTjBJT+DX9CI7WE1/1gVm68bNWjcMvDw/exbp1T04EnpfMF9i4sz/Gx5qQ
;X3GbAmOmaszRWHfHU06SYOwPyEkcStULT2Bo5F9VUcgOq4FZ5u0pDRDadojXDB4j4ogKxh8QjtIYufK
;4xA2ZlJ78W8Cma2SIjcNqHw/Xxbp/Q1KXxQrVV1P6M3lGDNYQ3HAYziGp64yXmLNI1k2ZISiLDgeS0E
;wX1be2pF8QQcgHq4FT6vG6Vo3DNgOVjFijKcSKRR6TQpAXOLL+BMkWEZ33GgQirSoBV1p2hdgJRboT9
;TT4o2yjBI9oKORfTF1SXDaYBW0paI0UVPFHVw3f4ewEi0Ye08wclzi1/gSLwchHq4FZ+vGzVo3J6h8P
;y9kgLs5LwlLSDpDW97O8B4pbk578WIEhKKoBUNk3RFdMXeAuRIiHn1MPVk9gKORfUEHIHfuBU3rxs0q
;RWXGCFotSYq6IywkeUo2RVTvxs4aImhEe/FxD56rrzRWZcQjSDZynb1NS3sUK1UtPejjkVFBByBu3Gw
;Jn6O/BVRjxhpgMneKvSQkHktHNF5J3tbhES5mREHdYBWdo78FQ3XYGT9eFunVTUp7FCtVCT2Bo+EPKG
;lUe9xaBISoqwVabcsUVjFztrsiMAF4TgpJVODO9AkkdSAfrgVnS19UgwgMjnw/X2abvCM+HmZ0NkJT5
;/z8HCJvSXDLWgmEvLc2UlPMFV4yc52wPxVJFCpVLT0hOgikfgcGHq4FF5mvoy5SfvcfUDFwtrgsKRN9
;RTByU+7Z6xEkWFR7w3U4hqe1BQYMqXw/XxbptT4KezIrVS1N88r/CSR1f33BawG0q6w5X2XGGWAxeZO
;vIS8kYE44XWLswukicwchHq4FZ+umvho3E6h8Py9kgLs5LwlLSDpDW97O8B4pbk578XUVgqi5BVpjzB
;k/Xhbp1U1KexQrVQM9gaPhDyhpVHvcWgSEqKsFWm3LFFYxc7alPyUWZF8KWE7k/OMcJ3N/asZ3Apiuo
;jZTDKl8P18W6RUvCnsOK1UtTfPK/wkkdX99wWsBtKusOV9lxhlgLGKMpShKehQrVS09gaORfW4HIB7e
;dw6FsqgoaG/HElkAe4i2JSMVcXQjRE/11vARHmJYatxwA460kjVRatsZSwBu29VMSnsUK1UtBMGjvn1
;BB1Bsx2sTjrSSOVhiziNSPnWBvCMvJGJCJ1lI4M/OGDlzUmvKYBW0qas8RGncI0ZtFujVTUp7FCtVLT
;2Ko5F9M2ZGavFkDpmhrCo3DZtPDGwl2hZySmgUK1VfXOfXzh8gdEVBwmwJjrGkPkNkqH2lxo9wTNSjR
;BQ0VS0988L3CR5lQW3LWgKTsr8vRGXHEmAof42hJRUJdV88Qj2Ao5F9QQcgd+4FcevGzShWatwjXT5l
;jIokJB19RzlyXO/E/RhBBiAergVn68bNWiEMqHxNPnCdii8rCHF0PENb6M/9IjNmVHfBBWbrxs1aN4z
;oPD9MFunVPysdYHQ3TE7k/OUVKGRLcMt2FOvHzVo3DKh832AW+dVNSgl1TSFyX+DQ9CItZll73HZn6s
;bNWjcMqHx/Xwfp1U04GnJfCkFU78bODjFmQ3fAYmfqxs1aNwyodH9fGenVTTgacl8KT1zyxs4OMWJFe
;q4EZ+vGzVo3LOh8J18W6acsLA9LQjtZWPPF8B4kWEx3wGAQgqK5MjcNm08MbCXaNnJKXxQrVV9c59fO
;FC9zRWzIZASOmagiQ37dD1YweLaiJC4PfHQnTEnozJF8QQcgHq7FBavG1lo3DNodWStJgLs5LwlySjZ
;IYujN9xQta39/wGILjsbMWjcMqHy/CVbpzk1Ke2ZKM1li6M3lGDNhQX3LWg6FoKQ2W1PaHUs2eenUTU
;p7FCtVZH2Bu5F9QXVBeNpaDoWyqChRbcsZYCt+gLYmJB5nWFUsbzm9FJYQ3x8euwVn67SsPENTwRJLO
;mSPtC4vJHhKLEhP8qOQfUEHIB6u9Vjr0M1aN37JGksAf4ehKDgddUgwck7xwvIUL2AgH64FZ+vGzaoI
;DLx8P19kiLM5FRJ6XzBfW+DA9CIyd0V7ygVm68bNWjcMljw/VBbp1T8rHWB0OExP5sr/fUAHIB6uBWf
;/hs1MNwyoDl45YramODgddUgwclHozfQKKGNUdq4E/XJfVMOu1Zd8HV8W6acsLA9LWCBfW+DA9CIkf1
;Rs23YOhKiSLV5o3BRgLXedvCJKehQrVS09gfrRfVQHIB7cZAGfmb4vRWrJH1oAcIW6OjgaYE5VLD2Bo
;5F94WJgHrcFZ+u0rDxDU9sJTTl3irASIxVyQjlBYuDN9hEkByEergVn68bzGjcaqHw/LXePoRI5DmZN
;NE5Y3sX4ES1YUn/aYGfqxs1aNwzoKX9fAOnVTTgacl8KXkjzxfAeJFhUdsdmDIWjvik3DYEgsJ3jwRl
;ySmgUK1VfXOfXzg40dUZ/zWA4h6e0P0V/qH0/Xxbp1U1KOxQ/VS0988L3CR50VWzIZASOmb4qVm/BEl
;hfF+MC7jpGHvxqLS+Bo5EPIGFUQd1wFY2nrj9of9gZWjsW6NVNSnsUKxttPZWjkX0zZkZq8XEVirCoN
;mh00SNML3OMsU1LexQrVS190eORaUEHIGzLdhOKtLkFUnTcDl4Ad4S6OCQPFCpVLT2Bo5F9QQc2Hq4F
;FY61uTtFePcZRytkiIosJxRhRSFyD4GikX1BByAergVn5sbNWkVp2wheLWK2pj0vHnArVC09gaORfXh
;HIBGuBWeZo74uVn7cI0wvc4yxEnh7FStVLT2Bo6g9QRYgHq53Ap+0rDlDZccSYD57hqAjPnsVK1UtPY
;GjmT1BFCAerncCn7SsOUNlxxJgPnuGoCM+JCYrVC09gaORfUlHIAmuBWeZo7koVm/cFVAxSY2gPyMVc
;3QiRE3kkZF8QQcgHq4FZ+vG6lo3DNoZSy13iqEkJRVLTjtMX+3GzhI0c1N3ymA4iam5Llhh9xBeJnOb
;pk1LexQrVS09cZyRWUEHIGzLcRWKpbkzWGL3GVE+dIWwEiUOYFg8SVje1/4NHmtBZ8t3FOvHzVo3DKh
;8Px8W9dVNSglxXydMXvXK/hMeaklwx2gGh5moIkN+3Q9WMHjp1DZe1VPKL7kCgb2RfUF1RWrcZASfr6
;I0aGHBElYyd4WKKDIPZl4mRFLv/KN9QHw0sOnkHX/5zU83DKgOWitkiLY5IxR6dDhEU97X4xw3Ykwer
;wVn68bNWiNMqGs/XxabsDk4GndfPEJT3s74Ex5zUn/YYAu09M1bNwyofD9fAqnVXUp7FFkwWU/gwOUU
;Lml/bd5gAo/GzFo3DKh8PxtW6cdNSntmTiFfXOLX+BIvWFNuy2ADtPTNWzcMqHw/X1Kp1UNKexRZMFl
;P4MDlFC5pf3bBdWfqXFTDrpUxtQBfBunVTTgeYFk0TknozP8iKWhQQZwFZnFfVMOulWFDP0UW6dU/Lw
;9mSjZZVO7NzgcpaFBBzWoJj6+5M1himXw+Xxbp1U1KexQrTy09gdH0CTNmQ2rHagm0vKU1R1PLE1E7f
;528IiRJFCpVLT2Bo5F9QQczHq4FFI6lojRTU8QdRjpktq8SJhJyX1UsPYGjkX1BByAevAVn67WlP1tg
;9xVROX+FuRIlCXBOJy08gaORfUEHKF6uCWfrxr4xXn7cI1M+b4ynPkp6FCtVLT2BU659UQcgHt1uDpm
;ykjZSYs8IVwB7gLtNS3sUK1UtPYGjkW1BByBtxWwVn5mhM1lp9x9QKnid1UxKexQrVS3NvqOFfUEHU3
;XHdxO0q6Q0XmHJEGAzc4eyOSJ7FStVLT2BY/M9QQ4gHq52DIK0uQVQbdh8PiQCR5KsMP8rK14tPYHQ+
;hQzc39t3mACj8bMWjcMqHw/cVbpz01Ke2dHOlpi5czmEx5hSWzdcTiNo7oFW23RGU0sFujVTUp7FCtd
;bT2co5F9MmtTQc9sFbSroj5SU80EVz5jmqESOglxWCZYT+SjkH1BByAerjEn69rNWjd/xA9gPn+biiA
;lH3F0JUFY79b8IjF1RW3dcBWOxsxaNwyofD97VunyTUp7Z0cmcl/u1+USLFhTa9xjBoijkjlYYtwTSi
;1Jiro/JB5mdDFIUeDakXxBByAergU+q8bmWjcM2xBMAHSGoTklFktYIF9b4MD0IiJoTmrBcBW0o6M+a
;G/HEU86eJq0OSMUeitULT2Bo5F9QQcgOq4FZ5iqvgVVY9wIUDJJmqA/LBp3TgpOUu/X/ggzWEVwyloD
;jqqsIzcNqHw/Xxbp1U1KURQrVV5R8vzzEjVzT3PxdhKZoKw5UlPLE1EreZynEiYaZ04nclLnxc4ZJGt
;BZ64EZ+vGzVo3Veh8Fl8W6aYhOSR2RCFZUuz84ggzYUF9y1oEhKi5NUJ+9xBeLHObiiIkJHBOOUxEga
;KRfUEHIB6uBWfNxs1aRGDbI10wYp26IBUIYVkzTF7k/PISL3NPa9xaC4q1qChofMcLWi0W6NVNSnsUK
;xxtPamjkX0ya1NBzGoTn6mgBUR52hpePHO2tiIkD3teJ3JR6M30IiVuU2rPawSOxszArpUx5abmKen1
;TUp7Z0cmcl/u1+USLFhTa9xjBoijkjlYYtwTSi1JhboiOggUKlUtPYGjkY1+BwEergUUh7WSOFh43BN
;SAGWcpysrGHF0NkJT9czkDx5oRnjdYBPrx7ZOmUtJBovgFsDVTUoIeFgKT1L11/4QHnRVbMhkBI6Zrj
;VZeMcJTQBlirQjJBJ6TApOUvTN5X1AByAergVnG/nNczcMqA9TLEmLujk+FHl0JlhP58LyGB5kT3Daa
;hKZmb45VmLGFVE4SZqlKC8fFCpVLT2Bo92gAQcNHq4FFIe1kjhYeNwTUgBlnKcrKxhxdDZCU/XM5A8e
;c09Bx2sBgqqhBVNl2wheMXWM1Uwxb7pstFeZvqO3fUEHU3LdWgWEsrk1WlPbCU05d4qwEiMVckI5QWL
;izOMTJHV/estpBpLGzFo3DKh8PwZW6f9NSntnRyZyX+7X5RIsWFNr3GMGiKOSM1lqwRBTAHOHsRIpFH
;lbMENO4Nf4Ei8HIR6uBWfrxs1aNy+ofD8sepqKLyUPYEQ4ck700fccImJ/d8BjDoeqkj9ZaPcYWjN3k
;NVMSnsUK1UtPYGjuH1BB1Ny3VoFhLK5NVpT2wlNOXeKsBIjFXJCOUFi7cLiGDNYT3jIWgOOqqwjNw2o
;fD9fFumMDUpTFCtVXlHy/PMSNXNPc/F2EpmgrDlSU8ESWTZ6hYohKwhxWQpCU97H9BEgfiAfrgVn68b
;NWjcMjXw/X2WFphIoFGBfOkBi8tbjGyBkRUHHawGCqqEFW23bGU0AZoaiKDh7FStVLT2Bo9g9QSAgHq
;52C5iZrzVDeMcRYCxjm7MsKR5LQjtLVO3PzhEoaUVBymwUn6ejOVIMqeamxo9wTPR1ezUrVS1O7dDOH
;y5zVHHDWhSetKs7VGn3FVE5f4W5EiUNcVk5TE2BopF9QQcgHq4FZ8PGzVpEYNsjXTBinbogFQhhWTNM
;XuT8+BMnbkxy8XYEiqijM1lr9x9QKnid1UxKexQrVS3NvqOhfUEHU3LdWgWEsrk1WlPbCU05d4qwEiM
;VckI5QWLywPATL25OefFmCJ6ouQVVdfcQVjFz6dRNSnsUK1XdAoGLkX1BdExt8WcIn7KiN2h/3Q5ZPn
;WMiiQkHX1HOXJO4sL/EyhpR0HddQKOos1bNwyofD8Ty6nVVEp7FFg5XmLjzOUJLmp/bdt3AYqlqAVbb
;dEZTSwW6NVNSnsUK1UtPZ2jkX0ya1NBzGoTn6mgBUR52hpePHO2oSU4HmdDOkFZgaIpY8TscaYQOmfP
;xs1aRGDbI10wYp26IBUIYVkzTF7k/OUSHmlPbMNkC7Spuz9FYMkMP14W6dVNSnsUK1UEPYGj4hEyWEJ
;x2nEIhpm+L0VqyR9aAGKGijklC0tYIF9b4MD0Ii5xRWzCZBfrx81aNwyofD9fFvHVTUoIeFgKTlLv1/
;4IM1hDcdxrApmZqT9bbdF8Pl8W6dVNSiJUK0ktPYHQ/Q4eZE9w2moSmZmoNFNTyxNSL3OHpiw+EntFV
;Sw9gaORfUEHIB67BWfrtaEpaG/HEkswY5uKKCQfS08wQVz4o5B9QQcgHq4FZ+vdzVo3f8QPYDx5h6Ei
;PwlLRzReWPP8/hsnWER7wmQe68fNWjcMqHxmHxbz1U1KCHhYCk5S79f+CDNYTH/dYBW0qaMFU2nEHUZ
;fF+nVTUp7FCtVLSqBo5EOLXR/fcFrE4SzvwVbbdsZTQBmhqIoOHsVK1UtPYGj2D1BGyAernYLmJmuNV
;l4xwlNAHqMuyo+E0tfPV9Y8sv+ESUHIaawgIy6fgNlNxWofD8sepqKLiUVYEQgX2Ltyv8YHmNJbdpkC
;YijzVutlTHlpsav1tVcSnsUWDleYuLM/wkuclJBwmoIm7XNWzcMqHw/X+bW1V9KexRYOV5i4sz/CS5y
;UkHBYwGYo7laNne80ni+bF1qTVB7FCsmQU7ewP4TNWhVbPF2BIqoozNZa/cfUCp4ndVMSnsUK1Utzb6
;ji31BB1Ny3VoEhKi5NUJ+9w9cPniHvCMtJGdbMEhZgaKRfUEHIFJzRWf1xs1aRGDbI1wweJ26ODgkYE
;QKRFPnyv0RHmNJbdpkCYijzVtMGAY73iWy1tVhSnsUWDleYuLM/hEoaUdBzXwLgqipP0VTxBNIOmS2v
;SgrD3FZCkBc+fz+CDV3VWquBGfrxs1at1rofBNfFummITkkd0Q6QVTvxM4eOGtJcMpgFbSzvSpSfvcU
;Wj5ijKcSJxpsdDpYSfHW5X1AByAergXnvYbNfDcMqA9TLEmKuiImEnpMCktP7s3lIih1f3bLZBOOtJI
;3VnT3E0orZpyhTUt7FCtVLb3X45FvQQcgbcJ2OIipojZeYs8jVzp/jr05SnoUK1UtPYGH0X1ZByAe3W
;kUtKWiNVtlxhtgM3eQsD8VE3FCMkVJgaKRfUEHIB5+OmfMxs1aRGDbI1wweYW8Iy0keE4zWWLnxvQZH
;m9Ff9pgFbSrrCJoY90ITypi6dRNSnsUK9V7fYGGkX1BdExt8WYIhKqkNFBTxBlZK0mApxIiHnVfMF9i
;7MLpIi5yVG7bcWfqxs1aNwwoKn9fMunVTTkXZ3Q2QlLtyv8aHndJbdpqCbSuqDtDadojUj5utro4Pgt
;hX1UsPYGjkX3BUWAeigVn67WhKWhvxxNTNniOij0lDHBOJ3Jb5Mb1FC9gf2rHaAK0o7s/WQypfD9fFu
;nVTUp7NytVLU7t0M4eLmhMd8BiOJupuj5SfvcaWjpygLsqFQ99RjByUuXHkXxBByAergVn68boWjcM2
;xBMAHWGuiEjFXN0J0hc8/z4Dx5vRX/aYBW0q6wiaGPdCE8qYunUTUp7FCvVe32BuZF9QXRMbfFmCISq
;pDRQU9oZXDB3nbA/FQhkTjBJPYCjkX1BB6B17gVP68bNKVt/9x9QMHqAuyoVCX1MPVli58b0GR5vRX/
;aYBW0q6wiaGPdCE8qYunUTUp7FCvVe32BhZF9QXRMbfFmCISqpDRQU9oVWDditrw/FRNxSiFIT97O8A
;UeaFVq3nAT68fNWjcMqPxpHxbw1U1KCHhYCkpc8fz3FC1rf33BdwmOtJI+UmDJBT9eFunVTUp7TWtVM
;D2Bo+IRMlhHf95aAYKqoQVSYswjXDB7mbAjORpgQjpDPYCjkX1BByAergVx68bNKVt/9xteL0mPvCEm
;JHFFMXJZ5M/wBEEGIB6uBWfrxs1aKwyofEwzZbayLDokckI5QWLtwuIYM1hPeMhaA46qrCM3Dah8P18
;W6YwNSmAUK1VeUfL89hwxWEZ3wmk4h6e+P0VTxxJgO3OFtDRKehQrVS09gaORfVkHIB7daRS0oawqaG
;rBEFMAeoimKDgkZEQiSE+BopF9QQcgHudFZ/bGzVpEYNsjWD5mtrMkJhdLRzBDWvXLzgkpdUVtxmoLj
;8bMISOi751F2ynpzk1Ke2dHJnJa4NPOGyhrTEHdZgaFqKQ0UFPLE0oxYunUTUp7FCtV3QKBuJF9QXRM
;bfFiBpuZqzNbYPcPXD54h7wjLSRnWzBIWYGikX1BByBSc0Vn/MbNWkRg2yNWMXCAuSEVGHtZO0hP3sf
;0ESB+IB+uBWfrxs0DdwyzfD9fZYWmEiMVckI5QWLkzfUiImhNbstrFIqypDVZDKl8P18W6dVNSnsAK1
;UtTu3QzhQvYUlywloChaKSPlJgyQU/Xhbp1U1KexQrVQ09gaPiETJYSXDIbAuHmao7R1POFVMzSYq6P
;yQeZnQxSFHg2pF8QQcgHq4FPqvG6Vo3DNsQTAB/h7MkJhdLTDRdYufK/REeYk568WYIhraoNERt3BVQ
;MRbo1U1KexQrVS09nKORfTJrU0HHawGCqqEFUG3YI1k2eoWKKCQfS08wQVz4o5B9QQcgHq4FZ+vvzVo
;3f8QPYDZ4j7whJiRzSiVyW+jP/SIpZlR9xloDgrW5O1lvzSNZPnWduj9KehQrVS09gVOufWIHIB7daR
;S0r6M8XmDEI1g+ZrazJCYXS0c0Xljz/P4bJ1hEe8JkHuvHzVo3DKh8Zh8Wy9VNSgh4WApEU+fK/REeY
;EFu8WMOh6qSNlZ/zQ5gMHi2sSgmGm0rVC09gaORfUEHIAGuBWeYqr4FXmLOFVMzSY60PRUdfUc5clHg
;0PQPHndPact3Z+rGzVo3DKg1f18y6dVNORdndDxDW+jP/SImZlBByGwLh5mhP1lr3BRgK36bsD4iFHh
;PVSxGlQ3WnDuDHx6MBWfrtaEpaGXGGlYzerayLDokckI5QWLywPATL25OefFmCJ6ouVo2DKh8P18WGe
;pNaHsUKyZBTt7K/xsoa0xByWQXtKCkNltT2x9eMXiAuyoVCGROMEk9gKORfUEHbMPuBX3rxs0pW3/3F
;VE5f4W5EiYaZ04nclLnxc4ZJGtBZ64EZ+vGzVo3Veh8Jl8W6aYhOSR9RTNEUe38/RwyYlJBwWs4j6Oh
;O04MqXw/Xxbp1U1KewIrVS1O7dDOFC9hSXLCWguKtagoaHzHC1otFujVTUp7FCscbT2Zo5F9MmtTQcd
;rAYKqoQVbZcYZYDt/mqEsJBhxK1S3pBg6COT4OCAHrgVnmKq+BV5izhVTM0matiwkFX1FMnJe7tb/CU
;EGIB6uBWfrNvJaFgyofEwzZba8IywSeEcKXl7gzf8UL2B/fcFwCZ+ZryNoYMESWl8X6dVNSnsU22otJ
;IGjkQ4tdH93wGMOh6qSKVRtxhJWMXG2pj0vHnArVC09gaORMZxHIAuuBWeYqr4FXXnFDGAzc4eyOSIk
;eEI4REmBopF9QQcgHopFZ/nGzVpEYNsjVSp7mYogKwNLTzBBXPijkH1BByAe7lAn69TNWjd/xA9gNWO
;EpRInEnp0MUhR4NqRfEEHIB6uBUOrxsNaNwzbEEwAfJy4PRUIZE4wST2Ao5F9QQdsw+4FcOvGzSlbf/
;cQXiZzm4ovJQlwTidyUufF4hg1ByEergVn68bNWjcXqHw/LHqaiiErAnFZCkBY88T0IiJrT23LWgGKp
;agpNw2ofD9fFunVTUpgFCtVXlHy/PwcNWJSd89pOJilrDZSU84dXCt5m4o1SnoUK1UtPYH60X1aByAe
;3WkUtKusLlJ+wR1TAGWKtCEvJHJKNllS8/zofUAHIB6uBWeyhs1BNwyoD1MsSYS0OS8JfUo5ck7iwv0
;YHmFBfdpqFbS8zVs3DKh8P19PqdVvSnsUWDleYu/K5Q8uYEVw8WgIj6OSP09kyQlMK0mZpyg5CGFZMC
;08gaORfUEHFF6uJGfrxr42RFPGFUsteY6wIxUWe08wck3txv8ILFhQbMt2FJ60qFo2DKh8P18WzZVNU
;3sUKyZBTt7N/g8sZkxBx2sBgqqhBVh6zQ5TPmbp1E1KexQrVS09gYKRfUF0TG3xawiZq6w2aHjHI0sw
;ZramODgddUgwclL3xuMRIHcgH64FZ+vGzVo3DLp8P19lhaYSJQNtTDBDYuLM/wkkaVQerwVn68bNWiN
;MqF0/XxaauT4VC3tcMUhP3sX0GCVuTnnxdwifp7kzWGL3Dl4rf4bVTEp7FCtVLc2+o6d9QQdTct1aF4
;SxqT9FU84ZWjt/h7ISOBRgSiFEUu/84xw1bk9ByHAJiLKkNVlTyQ5aPkmPtC4+FGYrVC09gaORfUEHI
;DGuBWeYqr4FR2PfGFotSY+wKC4SekwKX1L1wuUULml/bM9xDoSZqy9Zb9wVUDFJi7Q+L3sVK1UtPYGj
;kX1BMCAernYLmJm9NUBozQ5gOXOMsSQkHEtZOllc9cr+Ex51QWrHajiNs6M5Q2XHEmA8eYSlKCQIdV8
;8QlOBopF9QQcgHl46Z8/GzVpEYNsjTzBhjbA/FRNxSiFEU+b88hIsd0Vw3WQTgqmjBUNlxRk/XnCPsy
;ssHQhrVQI9gaPiETJYUGzLbQKKsqQ0UFPLBVM2eI2wPxUXe1wwX2LpxvAJJHV/c899OISzuSpCeKh9P
;18W6dXNHDsUBFUtPfLP4iIxdUV2y2QTgqiqBVR1xBVRO3Obijg6C3FZCkVY4Nf0Dx5qQWbxahKftrgu
;Nw2ofD9fFmmDDUpSFCtVXlHy/OEPJG9Ff9psCYyZqyhYYtwjVi1JgbAsPh5mdDhMRd7M5AkxclQerwV
;n68bN2mFMqGk/XxaauT4VC2ZOPUhc9cr/Gh5vRXfJbRPrx81aNwyofBcfFvLVTUoIeFgKXU/ky/QcNW
;5OefFpBpKjvwVfacEbVysW6NVNSnsUK4USPaujkX0ya1NB3ncCg6OsLl5izyNTOnCdiisvHnB0PUhc9
;cbjIixmWEHBcBObs7laNgyofD9flr+VTWJ7FCsmQU7e0+MYKWJBasdrALSqqDxDU8EOYDdziKEoOCR5
;Si1yUvTX4Qg1ByEergVn60abGjcrqHw/LHqaij04HnxONFlU78TODSh0VHHAWg+Op7k/RVPFHUcAeZy
;hPT8PFCpVLT2BoxErAQcHHq4FFIe1kipFacAZXit/h7ISOhRjTzBfYufG9BkoaUdB2mwKjpmoLFJiqH
;0/Xxbp1U1KexQNVS098s/iIjF1RXbLZBOCqKoFR2PfGFotSY+wKC4SekwKWVTsxs4SJWMgH64FZ+vGz
;Vo3DIB8P19lhaYSOglxQzBMSejN9iIzYkFs8WwVtK6oO0Np2iNSPm62ujg+C2FfVSw9gaORfcFRYB6z
;BWfrtaEpaHzaGVc6d528Iy0kZk42Qlz1xuMiMndFe8oFZuvGzVo3jMM8P3QW6dU+JghLWydIVeTC5RQ
;vYH9sx2IPn5mrP1Jo9xRaPmKMpxInGmx0OlhJ8dblfUAHIB6uBee9hs1zNwyoD1MsSZmnKCIedV88Q1
;re0fgaKXN/d9xaD46nuT9FU8UdRwB5nKE9Pw8UKlUtPYGjESsBBw0ergUUh7WSKkVlxghWMXG2tjQmE
;npPMF9i7czmGDNYSHvPcQKZmaA7T1PHCUsvY53VTEp7FCtVrWvBo7x9QQdTct1aF5mvoy5eYs8jXCZ6
;gLspLwlLXiVdWPP8+Rggc0Vs8WgGk5miL0N83Qg/Xhbp1U1K+0JrVQo9gaPiETJYUGzHaxOCqKoFUX7
;HEksAf5uKJS8aYE4nclDg284SNHNQa9oFZuvGzVo3jP48P3cW6dU+JghLWydEU/XK/xoea0V42loBjq
;OpBV9pyQhaLUmEtDUVFGFfJVhJgaKRfUEHIJ74RWfNxs1aRGDbI08tf4ehJCQcS0cwS0neyuMiKWJBa
;st3OIantQVYedwMSisW6NVNSnsUqwNtPaSjkX0ya1NB3ncOhbKkNFBT2BVMK3mHiiUvGmBOJ3JQ4NvO
;EjRzUGvaBWbrxs1aN4z+PD96FunVPiYIS1snRFP1yv8aHndPacpgFbSgqD9TZcYbYCt/hLASLw1xRVU
;sPYGjkX1BByAeigVn67WhKWh82hVRK3+HshI6FGNPMF9i58b0GShpR0HabAqOmaI+UwypfD9fFunVTU
;p7MitVLU7t0M4NM25OasdrALS0qDtFU8EOYDdziKEoOCR5Si1yUvTX4Qg1ByEergVn60abGjcXqHw/L
;Hqaij04EnpfPENa3tH0Hi5mVHvcWhSbo6g+Nw2ofD9fFmm+DUpSFCtVXlHy/OEPKGlUd8BiOJmvqjJD
;U84ZWjtJgbAsPh5mdDhMRd7M5AkxclQerwVn68bN2mFMqFs/XxaauT4VC2ZCO1lU78TODyhgSGrxbBW
;0rqg7Q2naI1I+bra6OD4LYV9VLD2Bo5F9wVFgHrkFZ+u1oSlofscVYC1zjrwiJCR3TjtZWPP86X1Apz
;oxcyHB1QbNTTcMqA9TLEmbuiQVCXFMPEJT3sD0EzViUkHXBWZih62/5+6WvD9KFunVPiYIS1k6RGLzx
;vYULml/bM9hDp61zVs3DKh8P18oqdVQSnsUWDleYvPM+CIzYkd3wWs4n66/P0RkxxBbAHebsCxKehQr
;VS09gYfRfVcHIB7daRS0tag9WmnGCGAzc4eyOSIkeUI7LTx73fvBNZSoIa4iZ+vGvjZEU9sUVjp6jYo
;vJQ9gRDhyXu7N5RI0dX9yx2sCtKKkKUNtxh9aXxdzTNTT4o2Sai0igaORDi10f23GbAKHopI4WHjcE1
;IAdYa7OSUOZnQ5QlLx0JF8QQcgHq4Fc6vG4Vo3DNsQTABlgbwoJh9LSTpZSe7Ozh4uaVRx23c4n6mSM
;1lqwRBTAHKApjkrFXdOVSxGlQ3WnDujHx61BWfrtaEpaH/AFVozcra3Ij4Pe0YKSEXxwv8OKGhOHq8F
;Z+vGzVojTKhaP18Wmrk+FQh8QjBBWd7B/gk1aE1Bx2sBgqqhBVtlxhlgO3+aoSwkGHErVLekGDoI5Pg
;4IAauBWeYqr4FRGTBGVM7SYu6OT4UeXQ5TETk0eJ9QAcgHq4FZ8+GzXg3DKgPUyxJmr0kLxdwdDdCSf
;XM/CIxdU90y2YTjqKSNlZ1zQ5MXxfp1U1KexRyFS0dgaORDi10f23GbAKHopI5WGLcE0otSYW8Iy8kc
;EImWVzvwPR9QJ25hzec/lL5zUI3DKgPUyxJmr0kLxdwdDZCU/XM5A8ea09x3nZn6sbNWjcMqGh/XwHp
;1U05F2d0JkVU5M/1IiJoUnDLdziPo6E7TgypfD9fFunVFAp7DytVLU7t0M4OKW5FcspaAoWikjlYYdg
;ZUSx3nbwiJHsVK1UtPYGjkX1BEyAernYLmJm+Ml5pxBhgOniNiikvF3VSVSw9gaORfUEHIB66BWfrta
;EpaH/AFVozcrawNToaelg8QlOBopF9QQcgHl46Z/TGzVpEYNsjTDd/jLkpFR19RyFIT97N8A8zaFdB3
;GAAgqmjWjYMqHw/XxbhlU1VexQrJkFO3tD5FCRrREHHawGCqqEFW2XGGWA7f5qhLCQYcStUHg6ykKJO
;kjggBK4FZ5iqvgVEZMEZUztJhbQ+LwlLRDNLYuXG/Rw4ByEergVn68aUGjcVqHw/LHqaij4iEnFHMXJ
;R4ND0Dx5oTkHKYAuKv81bNwyofD9fFunVW0p7FFg5XmLyy/gYLWN/cs92ApmZvTVAadp8Pl8W6dVNSm
;9UK0QtPYHQ/Q4edEh3y2kDtKmrPERp3Hw+Xxbp1U1KexQrTC09gdD9Dh50SHfLaQO0ta47WWLBElgAZ
;ZmwKC57FStVLT2B70w9QSQgHq52C5iZvi9FaskfWgBlgLEoFQ9xUyFYT+T84xgyaExr2mwIhcbMwK6V
;MeWm5inp901Ke2dHJnJO9NH3HCJif23HYQK0sqgiQ3naGWAnb7a6KywIcV9VLD2Bo5F9QecfHpwFZ+u
;1oSloeMAZTTJ3hYooJBh4RCZYT+T88xwyYn96x3YTiqiuP2h4xyNZNmSaoRImGm1OJy08gaORfUEH0C
;GuImfrxr42RFPcFFYxSZ60ISYkcEQgT1Hk/P0UL2JTQc1qFYWjvwVTacQdRl8X6dVNSnsUchUtFoGjk
;Q4tdH9qxmwJtLGsNltTzBNKPXqMiiEjFXFYCkhT5fzyEix3RXDdZBOCqaNaNgyofD9fFunVTW57FCsm
;QU7e1/kUL1hXf8JpOI+puDhbafcQVjFzmoooJB9LTzBBXPijkH1BByAergVn6+zNWjd/xA9gK36AuxI
;9GnhHCklS9MH9GB5rSXDLdjiHp74/RVPHGlkAcoy5LDN7FStVLT2Bo8g9QS4gHq52C5iZuTJeYvcLXj
;N6trEiPxl4TgpBVO/G4iItZlN73FoIhZmpP1tt0Xw+Xxbp1U1KexQrcy09gdD9Dh5zSHfAWhCKqqEFU
;2PdHlM6SYW8Iy8IS0c0Xljz/OESNmJSHq8FZ+vGzVp+TKhVP18Wmrk+FQ98QjtySuDP/SIlaFV8wmA4
;h6+jP0RT2x9eMXiAuyoVGHteO1k9gKORfUEHIO6RBU7rxs0pW3/3CFc2eLaiLCYXS086WF/txs4RKGl
;FbfF2BIqoozNZa/cPTzpzjdVMSnsUK1Vh4MGjt31BB1Ny3VoTg6+jBUBtxBBgLH+HsiEvJHhCO0hi4s
;zjEyR1f3rLaQaSxsxaNwyofD8GVun/TUp7Z0cmcknpyv8iNmZMcvF2DoWhoT9oYMESWgBzh7ESKRR5W
;zBDTuDX+BIvByEergVn68bNWjcvqHw/LHqaijkiEnp0IkxR7fziFC9gTHvxaQ6Fo5I/WWj3GFozd5DV
;TEp7FCtVLT2Bo7h9QQdTct1aE4OvowVAbcQQYCx/h7IhLyR4QjtIYu3C4hgzWE94yFoDjqqsIzcNqHw
;/XxbpjA1KUxQrVV5R8vzlFShpf2nPaQu0taQ0UGDNI1M2eIyKISsIcVkKQlPex/QRIH4gH64FZ+vGzV
;o3DI18P19lhaYSPhN9RQpaXO3Pzg4oaUdyy1oLgqioBVtt2xlNAGaGoig4exUrVS09gaPYPUEvIB6ud
;guYmbkyXmL3C14zeramJCQceE4KQVTvxs4OImZOcMdrALSloi9ZeKh9P18W6dVNukQUA1UtPfLP4iI1
;b0lw8XIGh6qSKV5izxBaAHqAuygVCHdKO0NU78TODjFiRXquBGfrxs1ae9HofBtfFummITkkYEQlck7
;00fccImJ/fcFrE4SzvwVUY9oSWi1JjbAhKwIUKlUtPYGjkSQBBwgergUUh7WSLlh89w9KLXCItigVGH
;tFIUJI8/z0EyVYQ3HDdQKFtawuXmPGfD5fFunVTUp7FCt0LT2B0P0OHnNPbvF2EpmgrDlSU8sTUSt5n
;KcSLxVwdDFIUeDakXxBByAergVn68bqWjcM2xBMAGKGpRI5DmZNNE5Y3sD+EzVoVWzxaQaYo78FWGrO
;I1s6eoisTUt7FCtVLT3Y45FbQQcgbcJ2OJ+pvQVEedoaXjxztrYiJA97XidyUeDQ9A8eaE5BymALir/
;NWzcMqHw/Xxbp1W5KexRYOV5i9czhIjJyUnjPZgK0paI0Q2PdDmAzd5qwPxULe1wwXz2Ao5F9QQcgV+
;4FQuvGzSlbf/cIUC9JmqA/LBp3TgpOUu/X/ggzWEx3wGA4j6++LlZiyxk/XoxwTNTT4q0UVTA9gaPiE
;TJYVHHeWhSetKs7VGn3H1AxYoagPxUXe0QlXj2Ao5F9QQcg7pEFeevGzSlbf/cIUC9JmqA/LBp3TgpO
;Uu/X/ggzWE94yHYCn8bMISOi751F66np801Ke2dHJnJJ7tPODjR1Rn/NYDiIqaMuWHnaI0w8d4e7JCQ
;cS0g6WFP1o5B9QQcgHq71WOvgzVo3f8QPYCt5mYo+PwlySjZIYuLM/wkuclJB3WYGhaikNFBT2wxaOn
;Lp1E1KexQrGfB9gYmRfUF0TG3xcQibmb4vRWrJH1oAdYa7OSUOZnQhQmLozfcULWt/esd2E4qorj83D
;dNokRj3k3FySlgUK1VeUfL85RIxWFNr3GMGiKOSM1lqwRBTAHWGpyMvCUtPMEFc+KOQfUEHIB6uXCfr
;4c1aN3/ED2AreZmKPj8Jcko2SGLozfcULWt/e8BhOIipoCpSYtsdSzZ5h9VMSnsUK1UtPYGjsX1BB1N
;y3VoThLaSKUJ+zh1cOkmAuysjF3h0MENZ3sf0ESB+IB+uBWfrxs1aNwyOfD9fZYWmEj4UZHQmWE/nwv
;IYHm5OeMdpC7SqrClSfvcTWTlJjbAhKwIUKlUtPYGjkSQBBwUergUUh7WSLlh89w9KLXCItigVEnpNP
;EFR3s/wDiR1f3HAWgOOqqwjNw2ofD9fFunVTUpZFCtVXlHy/OUSMVhTa9xjBoijkjNZasEQUwB6iKYo
;OCRkRCJIT4GikX1BByAe50Vnz8bNWkRg2yNLMGa2pjg4HXVIMHJU78X4ES1YTHfAYDiPr74uVmLLGT9
;ejHBM1NPirRRVCD2Bo+IRMlhUcd5aFJ60qztUafcVUTl/hbkSORh1RTtEU+b88hI0aVQerwVn68bNWs
;czqFE/XxaauT4VD3tbCl5I88XwHiRYSXDIbAuHmb45VmLGFVE4SYq6OCQPS0ksclHozfR9QAcgHq4FZ
;xv5zX83DKgPUyxJnbo9FQhhWTNMXuT8+BMnbkxy8XYEiqijM1lr9w9POnON1UxKexQrVWHgwaOHfUEH
;U3LdWhOEtpIpQn7OHVw6SYW0NC8JZytULT2Bo5F9QQcgB64FZ5iqvgVDY9gjTCpkj7QuLyRgQydITun
;M/RlBBpgAK+42U3jyWiUMqHxMM2W2rTQVCHVNMHJP4Mf4CDIHIR6uBWfrxi1lNxuofD8se4i5IRUdcU
;ohWE/k0M4ZKGZNe9pgFevHzVo3DKh8Gx8W9dVNSgh5SjlBYufG8Ak0dUVt8W0Ih6OSPl5txRlLOmTp1
;E1KexQrVTF9gbiRfUF0TX/CaTiNo6wuQn7ND2A2eI+8ISYkZkohRFKBopF9QQcgHvdFZ/HGzVpEYckQ
;UwBwjLQ5PwlxWApeTeTG9SIzZlR3wQVm68bNWjcM4Tw/fRbp1T4lF31PCk9S9df+EB5iWGrccBSCqaM
;FQGXMCFcAZIihJCV7FStVLT2Bo8g9QR0gHq52CIevqQVVY9wIUDJJj7whKxZxRSFyW+3M5n1AByAerg
;WnvIbNSDcMqA9QM3+Nii8lD2BEOHJR4Nr0D0EGIB6uBWfr0o1aJQyofEwweoCxEigUYF86QGLy0/QYJ
;QchHq4FZ+vGgxo3Fqh8Pyx5hbwpFR19RzlyU+DR4xI2WEZywXIVirKoWjYMqHw/X9a+lU1cexQrJkJR
;6MfOFC9hSXLCWgKTtqw0RGXHEj9eFunVTUp7FCtVDz2Bo+ISLW5EQcdrAYKqoQVSdNgdUSx/hrsSOB5
;5RCNIYunM/RhBBiAergVn68bNWiQMqHxMMHqAsRIjFXJCOUFi8sv0ES10IB+uBWfrxs1aNwy+fD9fZY
;a5JC4kfUUzRFHt/OYUJXNIQcNsCevHzVo3DKh8P18W9tVNSgh7RzxJYvXM4SIkf1Rs23YOhKiSLV5o3
;BRgLXedvCJKehQrVS09gfrRfVYHIB7daguCopIuWHz3GlYzd4SwIz4kckc6Wj2Ao5F9QQfgSe4FaOvG
;zSlYYMEYYCt5mYohKwJxWVUsPYGjkX1BE2AeoQVn67WiNl5o9whQL0mapSgvHxQqVS09gaORMwEHAR6
;uBRSetr01RXj3HVs+Zp28Oy8kfUUzRFHt/OMcNW5PQcNkH+vHzVo3DKh8ex8WyNVNSghhWyVCT/X88B
;kgd1R32GA4gqirM1tg9w5eK3+GiiAjFRQqVS09gaORWQEHAB6uBRSetr01RXj3HVs+Zp28Oy8kfUU7S
;E/exukNIGlTd8FrZ+pcVMOulTGlAF8B6dVNOQ5kWzpfSd7C9Rwxc0loy1oLir+oKEQMqXw/Xxbp1VkK
;ew8rVS1O9NPhEjNzf3/KZBefr7s/aH7NGEo8YoC6Izl7FStVLT2Bo5E9QR0gHq52Epu2oihDU8kYXi9
;igKMoFQx9TyFFYuzK/31AByAergVn44bNSTcMqA9KL2aGpzkVGXVYMHJR4Nr0DzIHIR6uBWfrxs1aNx
;WofD8sY5mlIjgPS0k0Xljez/AEJHVTQd11Ao6izVs3DKh8P19fqdVYSnsUWCBdTe7R5SIjdUl6yWA4h
;6e0P0V/qH0/Xxbp1U1KexQ5VS098tbhDS51VEHMdw6GmbozU3jAfD5fFunVTUp7VCtLLT2B0OQNMWhS
;avFmCIWoqDlDZccSYCdvtrEkOQ91RTZIPYA5COTYnrmnkQV668bNKUJ82BNNK0mMrTk4DmdCOkNi9sr
;1CSlYUn/abAjrx81aNwyofGYfFvzVTUoIYVslQk/1/PcULWZNe8BxOI2qoi03Dah8P18W6YwNSmIUK1
;VeSPHT/g81WElwyGwLh5mhP1lr3BRgMn+H1UxKexQrVS09gaOGfUEHU2vedQiZspIzWWrBEFMAeZyhI
;SMVcVhVLD2Bo5F9QQcgHr8FZ+u1uCpHY9oIYDl/hbkSOBpgTlUsPYGjkX1BOWAeowVn67W4Kkdj2ghg
;PniOuShKehQrVS09AeXRfVIHIB7dcBebqb8uaHzBEFM+ZLamJDAeFCpVLT2Bo5FtAQcLHq4FFJ62vTV
;FePcPUj56hYorJhR1XzBJYufG8Ak0dUVt8X0etKO1KlZi2xVQMRbo1U1KexQrpRI9jKORfTJyUG7Bdx
;O0tb0/UmiofT9fFunVTQM7FDZVLT3y1uENLnVUQdp3Ao6ZryhWYssUYD54jrkoFRZ1U1UsPYGjkX3BQ
;WAetQVn67W4Kkdj2ghgK2SMsBIoCXVFNkVi5cb/DihzWR6vBWfrxs1aCUyoYD9fFpqgPToUZl8KWU/k
;xs4fM2ZOfcZaA4KnoD9Dadp8Pl8W6dVNSntUK3ktPYHQ5A0xaFJq8XEVjqOSOEVtxh9XAHKAtCAvD3F
;ZCklS9MH9GB5oVWrCbAmOtc1bNwyofD9fHqnVbUp7FFggXU3u0eUiNXVFe/FnFYqorjJoaMEdUjpijK
;cSJxpsK1QtPYGjkX1vRyAKrgVnmLO9Klh+3CNHJkmMrT0rFWdCOkM9gKORfUEHIB6uBXTrxs0pQnzYE
;00rSZGsEi4SZ180Q17ko5AbJ2FGeMjjWOvazVo3f90MTzBknYo3FRRyTSZISd7H/govWEx/12AVmMbM
;WjcMqHw/rynpz01Ke2deJV1S89fOBx5oRnjdYBO0s70FW23RGU0sFujVTUp7FCulEj2eo5F9MnJSeM9
;mArS1pD5SU9wZRytjm7ASOB5nRDlYSejM/31AnbmHN5z+IvnNRDcMqA9KLXCItigVCH1PMHJJ5NvlCD
;Nif2bXWgiNoL4/QwypfD9fFunVvXV7CitVLU700fccImJ/bcFpDo+ZrzVDeMcRYDpumbQjORJ7RVUsP
;YGjkX1BByAehAVn67W4KFFtyxlgLHmFvCkVGXtfIUJQ3sbpCTNyU3fBazicr6kuX1PaHUs2eenUTUp7
;FCtVdH2BvpF9QXRVbMhkBI6ZvjVbZcwjXTBinbogFR14RCJfXPXGkXxBByAergU5q8bWWjcM2wlNOXe
;KsBI5FHhCMXJf7tflEixYTH/XYBWYxsxaNwyofD9fFunPTUp7Z14nS1zixs4OLmtJevFnCJ+yojdof9
;gZWjsW6NVNSnsUKxttPZqjkX0yclJ4z2YCtLWiNl5o9whQL0mMrT0rFWdCOkM9gKORfUEHIB6uBUDrx
;s0pQn7OHVw6SZq6ISMfS186XWLk2+UPNHRJccBaEIKiuTJofskIVjAW6NVNSnsUKwxtPZujkX0yclJ4
;z2YCtLWiNl5o9whQL0mPuSI9CXVfMC08gaORfUEHfl6uHWfrxr4vRWrJH1oAZYa5JC4kYEQlclHg2vQ
;PMgchHq4FZ+vGzVo3Lah8Pyxjm7MsKR5LWDpBVOX85RIxWE5/3HcInJmrNlh72h1LOhbo1U1KexQrC2
;09lqORfTJyUnjPZgK0taI2Xmj3CFAvSZqlKC8fFCpVLT2Bo5FDAQc6Hq4FE46rvT9FbdwJTTpJi7o5P
;hR5dCZYT+fC8hhBBiAergVn66+NWh4MqHxLOnuZsD8rD2FZMHJf7tflEixYU2vcYwaIo5I7RWnJI0s3
;ZIymJSUXcCtULT2Bo5F9KEcgKq4FZ5+joCpSfskISi1ztrEoKQlxSiZIWd7R8Bs1WFNr3GMGiKOSN1h
;ozRBgOX+bpjkVF3VSMF89gKORfUEHIB6uBXbrxs0qRWXGCGArc4SlKDgaYF4nSD2Ao5F9QQcgd+4Fde
;vGzSpFZcYIYCtzhKUoOBpgXidID4GikX1BByC+x0Vn+cbNWkd+wRJLAGKMuD0vCXVfIF9YsqOQfUEHI
;B6uBWfr1M1aN3zaFVErSZ2wIDoeZkohWE/kl5F8QQcgHq4FZ+vG2Fo3DNgOVjFitrcoLiRgTjhdWPPC
;5QgzYiAfrgVn68bNFHcMp3w/X2KBvCMVDHVHOXJO8cb0GUEGIB6uBWfrj41aOQyofEwvY5umEicabFw
;8SUnpo5B9QQcgHq7lWOvfzVo3eMAVUQBhiLkhFQx9TyFFYvPC5RQuWE1/1gVm68bNWjcMwTw/Rhbp1T
;kiEnp0IkxR7fzmFCVzSEHcZBOCqZI3XmKofT9fFunVTXM7FCdVLT310fALJGt/bd5gAo/GzFo3DKh8f
;w9W6ctNSntgWTRbWO386yImZE96y1oDgrW5O1lvzSNZNniApiVKehQrVS09gbfRfU8HIB7UWhOZp7s/
;W1PbDFo6cunUTUp7FCtVOX2BspF9QXFFbN1sCIWZoTtEePcZWzZi6dRNSnsUK2DsfYGFkX1BcU9y22g
;Cn7SkOWh/2BlaO0mauCIlD3x0Jkha7Mb/CR5rRXDJcQ/rx81aNwyofDcfFsjVTUoNe0cgQFj10fgeHn
;RQe8thOJirojVDZPcIVy1zmr0iJh8UKlUtPYGjkY1+Bw8ergURhKq4N1J42hVcAGWZsCguJGdGOkJJ6
;fzlDyBxRXLxaQKFobkyaHjADlosfoa5KUp6FCtVLT2Bt9F9VAcgHtlsF46ZpDRRZcQQYDt/mqEsJBhx
;GlUsPYGjkX1BByAeuwVn67GkKlJTwRJZNnqFiikjCGBKO05Ys6OQfUEHIB6uBWfr3M1aN3vBDFoAeZy
;hKDgkfUUmSEnex/gONWZOfcs0Z+rGzVo3DKh8P18M6dVNPRJkTgpCSPXG4yIoaVN72loDgrW5O1lvzU
;4/Xhbp1U1KexQrVTo9gaPmFDFif3HbcQKZmaQ0RGncI0wvc4yxfEp6FCtVLT2B6tF9VgcgHtlsF46Zo
;i9DadojVjFljKESOQtxTjEfPYCjkX1BByBX7gVE68bNLV58zSNNOmKbtC4+EntFCk9Y58zjGB5wSW7L
;WgGKpbk1RT2ofT9fFunVTUp7FAhVLT32yuEYHnVFatxkBJ+vojRobs0aUC1ztqIkOh5LTTROSe7Ro31
;AByAergVn68bNQTcMqAtWL3O2piImEnB0PENb6M/9IiVuU2rPawSO981bNwyofD9fFunVVkp7FFw8XV
;je0P4RKGN/d8BjDoeqkj5ef9wdUTxz29VMSnsUK1UtPYGjh31BB1d33mA4mLO9Klh+3CNbNmWdtCMpH
;iUrVC09gaORfUEHIAiuBWecr70/aH/dDE8wZJ2KKSMIYEo7Tlizo5B9QQcgHq4FZ+vezVo3e8EMWgBi
;gbwjFQx1RzlyWejQ5RwvZEUvrgRn68bNWjcMqHwnXxbpoiQ6HktfPURT3tTwES1YRHfdcQaFpahoNw2
;ofD9fFunVTUpuFCtVWlTxxs4JLnBFbPFnFYKrki1eaNwUP14W6dVNSnsUa1U4PYGj5hQxYn9qwXICmZ
;mrM09pzCNPMGWR1UxKexQrVS0EwaOEfUEHV3feYDifqbo/RVPOFUc6cralIjkCFCpVLT2BozEjAQc0H
;q4FEIK2qAVDY98ZTQBwhbo6OBpgTmQtPIGjkX1BB3lerhFn68a6M0dp9whQKHObiismFGNZNFlYs6OQ
;fUEHIB6uXCfr0M1aN3vBDFoAYoaiKDgkfUUzRFHt/OMcNWIgH64FZ+vGzQN3DLZ8P19hgKUoFQ97XDB
;fYu3M/g0yWEV/zW04jr65KEJozQ4/Xhbp1U1KexxrVQY9gaPmFDFif2rBcgKZmaI5Q23PE1E+eralJC
;YXdVkKT1L11/4QHmNJf8NgE460zVs3DKh8P19fqdVlSnsUXDxdWN7X/gokdX9xzXEGjKmjO1tT2BVTM
;3ebijklC0tPPExQ5Nf0D0EGIB6uBWfr/41aJQyofEg2ZoyKOSUMcVkKQlvn0PQJOQchHq4FZ+vGzZo3
;Hqh8Pyh/mbASPhRjTidyUufF4hg1fiAfrgVn68bNWncMuHw/X2GApSgVD3tcMF9i8tP0GCUHIR6uBWf
;rxvMaNxmofD8of5mwEj4UY04nckvuz+QQJFhNd8AFZuvGzVo3DIg8P08W6dU6IwtxdCFCSuTRzgooY1
;R2rgRn68bNWjck6HwuXxbpuiIwHktYPURY7cfOHC9gTHuuBGfrxs1aNzLofCxfFumiJDoeS1w0QVHex
;f0SNnVBass0Z+rGzVo3DKglf18F6dVNPRJkTgpaXO3PzhstaFdsz3EC2cbMWjcMqHw/Blbpw01Ke3tE
;L0hi8sv4GC1jf3LHawK0paIvWXiofT9fFunVTbpEFDlVLT3uzOsYHnRId8tpA7SpqzxEadx8Pl8W6dV
;NSntUK1otPYHU+A0kWFd/wmk4mLaoP1MMqXw/Xxbp1QQKewcrVS1c4sD0ESR1QWrHagm0o6M7VWDNfD
;1fFvbVTUoad0gwQVjzwuUULml/eMd3FJ+ZoTtOadojWjF3i7koSnkUK0ktPYHC5xIoY393wHYCmbKSP
;VRjzBlgK0mKuiAnGnpPVS89gbGRfUF1RWrcZASfr6I0aG/HEV02eI7VT0t7JCtVLVz3zPgZHnNSf9hg
;C7SuojZSf/cMXit+trgsMiR4TjtKSen89xwic09s8WAJiqShPzcOqHwvXxbptygmD0tZNEtJ3sb/HCN
;rRR6sBWf7xs1aVWnECGAod4W5Ei8VdUk5SD2Do5FyQQcgfNxsA4yvoz1oacYdXTNz6ddMSmIUK1VPT+
;jH9hQvYH94z2s4mLaoP1NTzRJePXqM1U9Kew8rVS1f88r1GihpR0HIbB+OopI7WWvEGWA6eIi3IS97F
;itVOz2Bo/MPKGNHd8BiOJiuqDZbf/cZUT50hbBNSHsUMVUtPePR+BAeYlhqy3cJiqqSKV9pxBBMAHCA
;pz4+exYrVT89gaPzDyhqf3fAdg6Po5I/WW3KEFpfFOnVbkp7FEg6TE71yv8aHmJOf8xpArSvozxeYMQ
;jTDZ4jrkoFRd9RTAcPYOjkV5BByB9wWQUn6+jPWhpxh1dM3O2vCMsEnhHCl5U78T9GB5rSXDLN2fpxs
;1ONwyoH1AweoC7KhUddUUKRFPi0fQcMmIgHK8FfOvGzTlYY8QVUThJmackJA9nWzBIWd7Q/RI2Y09pw
;AVl6sbgWjcMyxNQM3+HshI6CX1FIV5N5Mb1IjJrT2nKahCFmawsWGXMI1AqYoynEjkTcUc5LT+Bo7B9
;QQdDccFpDoWhki1WZdwjTTp3ir0SJxJ6dDlMROTRzgkoakUerAVnz8bNWlNpxg9aAGWcpT0lCWB0NEF
;J5NH/HDVif3/AYguOmag0Vm7EGT9dFunITUp7cE47Xlje0OQNMWhSavFjC4SxvztDafcZUT50hbBNSH
;sUGFUtPeXG/w4kWFNr3nUImbKSM1lqwRBTAGOasBImEnpOJnJU7/z5FCZvf3rLaxSCsrQFUH7BGD9dF
;+n3TUp7cE47Xlje0OQNMWhSavFpBpKjvylobscISzB7trAjKxl4TlUvPYGEkX1BY0xu8WYPiquvP0VT
;2A5WMWKAuyoVD3FGJUhP4NfkDyRYRXDPZwuOxs9aNyeofD87epmKLiIaeUkwX2L1xvwNJHVBatt3ArS
;voylSftwjWDx5jbASLxV1STlIPYOjkV1BByB6wnU4jKWiPlJTzhVTOniIuCgVHXtZOExJ3sb/HCNrRR
;6sBWf8xs1aU2DYI1I6ZI6wEiULcUUKXljmzvQTNXQgHK8FcOvGzT5bfPcRWi1xjIoiPB5mRzRdYvHC4
;wkyByIfrhln68apNkdT2hlYNnmHtCEVHmxbOl5I88bOGC9mQnLLBWXqxtVaNwzMEE8AZIy4IjweS0kg
;T1/txs4YL2ZCcssFZevG5Fo3DMwQTwBlnKcrKxhxdCZEWeT85Rg5c1Vsy1oEhKqiKGhixw5SPnqAryg
;uexYrVQE9gaP1ETFYU2vcYwaIo5IpXmjNI0s6bp2gPy8kcEImTF/txs4SL1hPaMt3D4qoqlo1DahjP1
;8Wjbk9FQhhWTNMXuT84hQlYn9qy30TnrSoBVJiyR5TOhbr1E1pexQrMUFN3tDkDydmQ3vxdg6Po5IuU
;nTcCU06SYW8KiIPcVkKWE2BoZB9ZAcgHsppF7S1uChRbcsZYCx/jbASPh5sXyBfWN7M5AkybkR78WoJ
;h7/NWDcMtnw/X3KFpRI+HnlbMF9c9dbjGB5kSH/DZwKZmag0Vm7EGT9dF+nATUp7cVMhSE/vwv0iMm9
;FcsJ2OI2vvylDDKp9P0YW6dU+Lw9gQjtKYuTb5Q80Y0Vs8Tc4jqisOFtpqH4/XzPp1U0vA2BZIElY8/
;ziCihzQ3bxZgiEqqQ0UFPKGVkwZIyKPj0SYEg9LT+Bo7d9QQdFZtp3Eo+jvwVEe8EIXDdJiroiJhJ6T
;ApFWODX5A0eZkRoz2sEjsbPWjcsqHw/Om6dpzguHmZ0JlpU9cD5IiJoT3LHawC0r6M7VHjBClpfFOnV
;ZUp7FE4tWU/0x/QPHnRXd9pmD7SlojVbZcYbYC93m74SJxRiTgpIU+DB/RhBBSEeigVn66O1LkV5zBl
;NAGWevDkpE0tYIUJN3tT4DSRYV3/CaTifqbo/RQyqfD9oFunVKDIPZl4xSE/e0OYUNWRIQd1xCJuZuj
;NHafcLXjN6tqEiPR5mdDZCUu389RI2aX971nEVnqKoKDcOqXwwXxbpsywkJHZHPF1i5M3wHy1iIByuB
;XXrxs08VmL3H1AweoC7KhUeeko3QViBoZB9ZwcgHshkCbSlojVbZcYbYCh3gKESLBRmdDhCS+TO9BM1
;WEZ3wGwUg6OpWjUMqHc/XxaPtCMVHnpKN0FY5aOTfEEUIB6uYwaFqas8aGvLE1s6SYy7LCgXcStXLD2
;to5F9J25SbdpaC4q/qChoaMERWjFlgLojFQNtdDZCUPHG/w4gc0lxwFoChaevNlIMqnw/Rhbp1SsjCW
;dfCkFc+MbjIjJvRXLCdjiOqKw4W2mofj9fI+nVTSwSZlghclHg2vQPHnRPcsdhOIKoqzNbYPcZRytkn
;KYkJRVLXDxJSen84xw1bk9By2sGiaqoWjUMqFQ/XxaPvD85D0tHNFRY8/ziEi1uREHHawGCqqEFUWDH
;C00+YoyKKCQadkcwLT+Bo7R9QQdGd9x2E7SqrCNSfvcPUDN/jYokJB19RzlyTvHG9BkeYk5/zGkC68T
;NWiwMqHxZM3mepyw+HktZMF5Y9fz2Hi5jRUHLawaJqqhaNQ2oXT9fFo60PRUdfUc5clLvz+giNWhQQc
;xqE5+poAVEedoaXjxzmtVPSnsbK1UtWuDTzhsoa0xB3W0Ch6q+WjUNqGU/XxaOtD0VHX1HOXJO6M32E
;SRYRWbadxKYr6I0Nw6pfBJfFumyLDokckI5QWLyyv8aLWJ/e9ZxFZ61pDVZU8sTUi9zh6YsPhJ7RQpI
;U+DB/RhBBSAejwVn66GuNVNp9xlRO0mdoD8kFHJNCkNS+9n+ESRYSHvPcQ6Foc1YNgy0fD9fcYq6KS8
;kckI5SFPgzvQiJ2hSc89xOI6orDhbaah+P18O6dVNIh51XzxDWt7X+BAkWEN/wmY4jqisOFtpqH4/Xw
;zp1U0jFWdOJ1li6cbwCTR3f3nNagOOmag0Vm7EGT9dF+nATUp7fE40WUjx/PYeLmNFQdhkC4KirC5SD
;Kp9P0QW6dUkJB19RzlyDLGTzggyYn9twWkOj5mkNFFlxBA/XRbpw01Ke31FM0RR7fzwGSB3VHfYYDiO
;qKw4W2mofj9fMunVTSMVckI5QWLizP8eJGlUbMdmOJipoTNTU90PWgBxiKUSLBJ4R1UvPYG7kX1Bbk5
;4x2kLtKWiNFlpywhgOniNpSIjFWBYVS89ga+RfUFuTnjHaQu0oKQoRHiofj5fDOnVTSMVckI5QWLyy/
;QRLXR/a91gOIynvQVRZcQQP10W6fBNSnt9RTNEUe385A4kWEx3wGAUtK+jBV9lzxRgO3OHpiQ+AktMJ
;0RZgaGQfVIHIB7HaxOOtKE1VGfBElgAc4e0LyYeFClVLTOBo5EUM2hOd8BiOI6orDhbaah+P18H6dVN
;Iwl7RTxDWt7O/hMuc09wx2Zn6cbNSDcMqBZaLX22sSgmD3V0JV9U79f0D0EFIB6lBWfrrKgoXFPNEl4
;9eozVT0p7AytVLVfk0foiJ25SbdpaC4q/qChoacYdXTNz6ddNSmEUK1VLVPn8+RIzdUl8wmA4nrWoBV
;h8zRJgPX+dpk1IexQ3VS097cLoGDNYSHvHYg+fmaw+VnzcFUk6SYy7LCgXcStXLT2ao5F9LWZZe9xaF
;IOjoTZEU8cOWzpktro9PhJ5Qi9IPYOjkVJBByByz3wCmZm+LlZ+3CNPMH+HoRI5GHVZM3JX7sr/CR5m
;THLBcjiCqKM/RVPbFFozeunXTEpKFCtVQVz4xuMiMnNBbNpaF4Svoy5of8sdTTlJg7okJA9LSidCSO/
;Hzhgvc0lsy1oUg6OhNjcOqHwWXxbpuSwzHmZ0Jllc89fODS5uTmrxdgSKtKsFXWPBEksAdYa7KSMPfU
;Q7TFGBoZB9YwcgHsJkHo60kilDbdoIYC95gLs5FQhxSjhyWOXE9CIiYk5qy3dn6cbNeDcMqBBeJnObi
;j4+GmZfCl1S6M3lIjJiQXPxaAido5IzWXvJDltfFOnVbkp7FEc0VFjz/OIJIHVUQd5qDoWykilSbcUj
;UTBJhqMoOBN1RTJePYOikVRBByByz3wCmZm+LlZ+3CNPMH+HoRI5HnVGCkNS7/zhEi1+R3HAWhGOtLk
;/TwyqfD93FunVISsCcVkKXkng0eUiMWhJcNpaFI6noAVFacQdSzZgjIo9JQh9XzxCU4GhkX1yByAew2
;QTtKWiNFE99xpWM3eEsCM+JGdOIVlU78TiIi5xRWzcbAOOmb42Xm/NI0w6Yp28Iy0IFClVLQ6Bo5EQI
;HN/fcFrAdmZqzNbbcUZUStJmrA5PhJ6TCZyUvfG4w8oY0VB3WkOiKOSKVJ43BVROGXp101KWxQrVUtU
;+fz5EjN1SXzCYDiOvrk/WX/BCloAZZ28OSkTfUUyLT+Bo4x9QQdGd9ZaD4S0vzNVYM0jSjF/hrsSJQ1
;xWTlMTfHG9X1DByAIrgVnhqmpP1tT2A5aPH+asBIwJHxOPEpV9aOTfUEbIB6uaAiPr6szUn73D1c6eo
;WmEiceZkwwck3g0fQTNQciHq4LZ+vGozVDU9sdSTpJmqEsPh4UKVUtIIGjkRsof392wXcVgqShP2h5x
;hVQMUmIuSEVD21bMHJcgaGQfVMHIB7dbg6ZspI8WH7LGWA6eIi3IS97FitVIT2Bo+ISLW5EQcxqE5+p
;oFo1Dah1P18WmrohIx9LXzpdPYOikXdBByBpx3UCtLKiLVJ+qH4/Xwjp1U0lFXhSCkJT5PziFSRrTEH
;Bazifqb0FRHnaGl48c5rVT0p7AitVLVL3xuMVIGlHQd1tAoeqvgVSYskeUzoW69VNansUKzpbWPPL8B
;MmWFN2y2kLmJmrO1lT2wxaOnK2sCMrGXhOVS89gbuRfUFoVnvcdw6Po5I8XmDJEVoxYrawIysZeE5VL
;z2BupF9QWhWe9x3Do+jkjxeYMkRWjFitrAjKxl4TmctP4CjiX1BB1Bsy3YUnrSoBVZo3h1RPHO2sCMr
;GXhOZC0/gaOJfUEHUGzLdhSetKgFVmjeHVE8c7awIysZeE5nLT+Bo4J9QQdQbMdrE7SpvT9ZU9sZWDJ
;zh6E+SnkUK08tPYHT4xQvc39uz3cTmJm+P0Z5zRJcOkmGpykvCRQpVS0TgaORDTNuTmrLdziIqaM8aG
;nQCE0qcoynfBUYYVghQlDe0+MUL3NBfMJgOJmjqjNYYqh+P1846dVNOgl9RSFIT97A/hMnWEVm2ncSj
;6O/aGhv3Q9LMHu2pT8jFWBKN0FY3tH0GihoTh6sBWfyxs1aR37BEks6ZLa2IiQdS0Y0TlXozfQiI2JM
;aq4HZ+vrzVo3fNoVUStzm4ouJRVydDhMXunK/xgeZFVt2moKtLa/M1l4wRJYAGabvCI4EmBSVS89gYy
;RfUF3UnfAcQKZma41WWr3EV48foC7KBUYYVghQlDo2fQiNWhPcsZgBo+ZqDRWbsQZDl8U6dViSnsUWy
;dEU/XG4yIiaE548WgGiK6kNFJTywlMK3mEvDcvJGBEOkFV5ML1IiRpQXzCYFXrxM1aEgyofE8tf4ehK
;Dgkd0Q7S2LswvIVKGlFQcpkE4qZrjVZeM0SSwB3jbFNSHoUCVUtPfHR+BM1YlJBzWoJjZmgO1RkwRJa
;AHKIoSwVHX1HMHJc5ceRf0AHER6uBReZr6MuUn73H1AxcLa4LCkTfUUwclj51+MIJWJSQd1yDp+lpQV
;AbcEIYDdziKEkJBwUKVUtHYGjkQ0zbk5qy3c4iKmjPGhhyR9XNniMiisrFUtIOkNJ88z9fUMGIDauBW
;ebtKQ0Q2naI1wweI+KICsYfEI7SGLnyuMQNmZSe/F3Ap+0rDlDZccSP10W6fhNSntkWTxDSeTRzh4ua
;UZBw2QEg6+jP2hqwQ5SKHebsBI+EnlOCkhO9cr8HDVuT3CuB2fr7M1aN3zaFVErc5uKLiUVcnQ4TF7p
;yv8YHmBDccpgOI6ZoC9beMEMUyZJj7kiPXsWK1UFPYGj4Q8oaVR73FoEhKirBVptyxRWMXO2si4lH3F
;0IUVI7MH/HChrf3/KYWfpxs1HNwyoDE02eJ2wPxUYe0UzclDgwPkUL2J/dstkE7SkqD43Dql8H18W6a
;U/IxVgTidyXu7N9yIsZkN2x2sCtK+pP09T2wVMK3OE1U9Kez0rVS1N88r/CSR1f33BawG0q6w5X2XGG
;WAwe4ChEjgafVgwWVL0wPkiImhEe64HZ+vkzVo3fNoVUStzm4ouJRVydDhMXunK/xgeaFJ3yWwJtKWo
;NENp2nw9XxbN1U1KC2ZCO1lY8/zyEi9hf3PPZg+CqKgFR37HEU8rSZymKBUJdU0hLT+Bo6Z9QQdQbMd
;rE460kjlYYs4jUj51gbwjLyRkWTpATfX85A4kWFJ/yHE4j7O9Nl5vyQhWMHi2uCQ4CXtZVS89gYSRfU
;F3UnfAcQKZma41WWr3EV48foC7KBUJcUc0WVT3xs4YOXNSa91sCIXGz1o3PKh8Py9kgLs5LwlLSDpDW
;97O8B4pbk578XcCmKO5BVJTxBlROGKBiiErAnFZCk5V4M32GEEFIB6BBWfrtr8zWXjNDmA8eYezEica
;d0M8Q1je1fARKGNBastaF5mvoy5eYs8jTy1/hqckPgIUKVQtMoGjkQ8gYVRBxWACm5mlNVtp23w9Xxb
;91U1KCXVNIXJS98bjDyhjRUHLawaJqqhaNQyoaj9fFpu0Kz4kZ14nS1zixs4QLmlPasFrDojGz1o3Ea
;h8Pzl/kYolJQlmQjdBWN7W/xQuaX9/wmk4n7+9P2huqH4/Xz7p1U04HmBZNE5J6Mz/IiBxT3fKWhKFq
;Kg5Un/bHU0mSYC7EjkOZFs6X0mwo5N9QS8gHq53Ap+0rDlDZccSYD5ghrwpFQ56RTBOWPLQ8A84WElw
;8XYSm7aiKEM+qH4/Xw3p1U04HmBZNE5J6Mz/IiVuU3/MaQK0p7kFRHjJDktfFOnVWEp7FFkwWU/gwOU
;ULml/cMFxOIKovjNTaah+P18B6dVNOB5gWTROSejM/yIlclJ3wGI4nK+9PwYMqnw/SBbp1T8vD2ZKNl
;lU7s3OGTR1SXDJWhCCtqhoNw6ofC5fFumnKD4JdUghRFLv/PQTIGVMe64HZuvVzVo3fs0ITT51nbwiJ
;CRxRTRPUeT8o31DBiA6rgVnmaO5KFZv3BVQMUmMuywoF3F0N0hb7tH0Ii5yVHvcWhSDo6E2Nw6pfClf
;FumnKD4JdUghRFLv/P0cOGJSfcZkCYyjzVg2DLF8P19kjKE/KxhgQjpDYuTN8B8tYn9x23EUgqKoWjU
;MqGc/XxabsDk4GndfPEJT3tn5EjFYT3DCfDiYqaEzUz2ofj9fDenVTTgeYFk0TknozP8iO29PbvFqCY
;e/kilYYMEYDV8U6dVWSnsUWD5ET/X89AU1YlJwz2k4mK6oNlt/9xpWLWWd1U9KewArVS1O7dDOHC9pR
;X/CbAmMmag0Vm7EGT9dF+n0TUp7Z0cmcl7uzeUSNHV/f8JxApmorC5ees0jWzZkjLY5IxR6K1ctPaGj
;kX0ya1NBzWoIh6+jPWhuzRhgK3OEpSg4GmBeJ0hi9sL4CUEFIB6cBWfrtaEpaG/HE1M2eI6KLjMXfUU
;xSE/ez/4KJHV/dstkE460ki5SYdgZTT5inKcoFQx1QiEtP4Gjo31BB1Ny3VoEhKmhM1lr9x9GM3+HsS
;g4JGFbJUhP3sv0HDViUkHaYAqbo787Q3naGWAod4ChTUh7FAZVLT3yz+IiImhPcsdrALSqqDxDU84ZW
;jtJgbAsPh5mdCFIUPHG4xw1clJ78XIGgrLNWDcMgnw/X2WFphIpFHtHPENa3tP4DjVoTkHGYAafo78F
;Q2nFDFotd52gPy8kY0o8WT2Do5FTQQcgbcJ2OIipojZeYs8jTTZxgaESLB5xTwpFWODX9A8ec0Vz3mA
;VirK4KFJT3x1WKxbr1U1ZexQrJkFO3sTwDR5hSXLCWgKFp682UgyqfD9/FunVPiYIS0w2Qlnk/PcULW
;JOf8NgOI2pvzdWePcZUT50hbBNSHsUMVUtPfLP4iIoaUZ3wmk4jKe9BVFlxBBgOniItyEvexYrVRk9g
;aPiETJYSXDIbAuHmaAvW3jBDFM6SZq2LCQVfUUycl7u1v8JHmZMast3CYqypCxSU8kSWDNz6ddMSmwU
;K1VeUfL8/BgzYEVBwXUChZm+P1BhzRJLLBbr1E1dexQrJkFO3s70DyZif3HYYBWHp70FR23aCExfFOj
;VaUp7FFg5XmLvyuUPLmBFcPF1FYSyqDlDZccSYC95mqESKRR7RzxDWoGhkX1fByAe3WkUtKm7P0V/wR
;JLOmSAuyoVGHtGJUhT8sLlFC5pIByuBUTrxs0pW3/3DE06foy0OSMVc3Q3SFne1/QQMWJSf9pwFY6Zu
;jteeKh+Pl8j6dVNORdndCVfWOnG8AkoaUdBzXwLgqipP0VTxBNIOmS2vSgrD3FZCllY7NP0DyBzVWzL
;WhCKr7laNQyoST9fFpq5PhULZk49SFz1yv8aHmRZcsdrA460ki9HfM0OYDdziKEoOCRgTjhdWPPC5Qg
;zYn9pz2wT68TNWgcMqHxMM2W2pT8vE3FKIURT5vz9GCdzf3jLYAO0rqg7Q2naI0s6e5mwPysPYVkwck
;rgyuV9QwcgM64FZ5iqvgVHfs0UWj5igLsqFQt9WCFCU97L9Bw1YlJB2mAKm6O/O0N52hlgKHeAoU1Ie
;xQaVS098s/iIjF1RXbLZBOCqKoFRWXPFEsAcIywKRUTcUohSE/e1/QQMWJSf9pwFY6ZujteeKh+P18N
;6dVNORdndCVfVO/XzgkgdEtBwmQFjqqSP1ltyhBaXxTo1WxKexRYOV5i8dH4EzVuTnnxZwKPmbk/Wnz
;NDl4rY5uwEj0afV9VLzyBkJF9QXRMbfF1FYKouTNZa/cfRjN/h7EoOCR4RCJIT97L9Bw1YlJB2mAKm6
;O/O0N52hlgKHeAoU1IexQYVS098s/iIjF1SXDabAmMma4jW2XGGFotSZylPS8JS0MwTEnk0c4JJGpQe
;9xkE560qAVAbcEIP10W6ftNSntnRyZyTfPK/wkoaUdBwmABn5mrP1Jo9xRaPmKMpxI+HnlbMF9c9dbj
;GB5wQXfaBWXrxuZaNwzbEEwAZpu8Iz4SekwKXVTy1/4THm9Ff9pgFbSyqDdHadodSypkjIo6KxJgK1c
;tPa6jkX0ya1NB3ncOhbKkNFBT2hVYN2K2sygvH0tDMExJ5NHOCSRqUHvcZBOetKgFQG3BCD9dFunNTU
;p7Z0cmck/uys4PJGBJccBaFIinowVbbdsIP10W6cRNSntnRyZyTunK9BElWEVwz2cLjsbPWzclqHw/L
;Hqaij4/CXJKNkhi8sr1GB5zRWbacBWOma41W2PaI1EwZIS0ISMBcU9VLz2BvJF9QXRMbfF2EpmgrDlS
;U9sVWzpJnbA1Pg5mTgpIU+DB/RhBBSEejQVn67WhKWh/3Q5ZPnWMij4jH3F0IUhF9dbjGB5rSXnGcQK
;ZmbgqNw6pfBpfFummITkkZ14nS1zixs4OKGNFQdpgH5+zvz9oY90ITDZyjIoiJBdtK1ctPaCjkX0ya1
;NB2m0CmausNmhpxh9TMGWcpygVGXVYMHJY78LzESQHIh6uJGfrxr42RFPcFFYxSZ60ISYkcEQgT1Hk/
;P0UL2JTQctrBomqqFo1DKhMP18WmrgsJhdLSidIXN7Q/hEoY393wGMOh6qSPFtj3yNcMHuZsCM5GmBC
;OkNi5M3wHy1iIByuBXLrxs0pWm3EEGA5c4ihODgeZ3QwQ1zjz/R9QwcgPK4FZ5irrDZbU84ZXitjm7A
;+FRJ6TTxBUd7R8AkoaH97wGQFh6PNWDcMjnw/X2WGuSQuJHJCOUFi6M3/GDNYQmzHYQCCqKoFVm7HCl
;oAZZm0PzkeFClVLSCBo5EOLmtJevFsCY2voTZobscISzB7trgiJBRgRDtEXoGhkX1oByAe3WoLgqKSM
;1lqwRBTAHiIpz8lDEtZMEpU7s3OCDJif33BawSOqLkoXm+ofj9fDOnVTTkUeEIxclTvxfgRLVhUcd5a
;CoSooi5YYsEfP10W6cxNSntnRDlEWd7K/xsoa0xB23YCtKGsKmhqwRBTXxTo1URKexRYJURP4M/4ByQ
;HIh6uG2frxr4qXn7JEGAyeY2wEjoaYEMKRFP1xuMNLmtBasdqCevEzFogDKh8TCpmmbo/PiR1TzRdSe
;jV9CIkaUF8wmBn6cbNVDcMqA9KL2aGpzkVHnpKN0FYgaGQfVQHIB7dcBebqb8uaGnGGlAtdYynEiUVe
;FJVLz2BjpF9QXRVbt5qFZ+ZpDRRZcQQYCpljIohIxVxWApEU97L+BopWER7wHYOn7+SPUVlzHw9Xhbw
;1U1KCGFbJUJP9fz8EiVuRnfLdziMo6M/RW3cGT9dFunyTUp7Z14lXVLz184PJGRSe89xArSnqy5Sfvc
;RUDt/j7woOCR2RDpBWODNkX9BBz4ergUUnra9NUV49w9SPnqFiismFHVfMEli58bwCTR1RW2uB2fr3s
;1aN3/dDE8wZJ2KIS8af1IKTlLvzfQeNW5PcK4HZ+vVzVo3f90OWT51jIogJR9xdDBDXOPP9H1DByA7r
;gVnmLO/PFZvzSNMNnKMijkvA2BeJ0hi4sz9EjNYTnHcaAaHr7c/UwyqfD9EFunVPj8Jcko2SGLyyvUY
;HnNFZtpwFY6ZqDRWbsQZP10X6cpNSntnXidLXOLGzg4oY0VB2mAfn7O/P2hgwRtXK3Obijg6exYqVQw
;9gaPiCDNhQX3LWhSCoqgFQ2nQCEotc7a6OD4IfU8wclLvz+h9QwcgBa4FZ5izvzxWb80jTDB6gLESPh
;RkdDhCU+7X/hMoZCAcrgVG68bNLlJh2BlNPmKcpygVGXtfIUJQ3tDkDydmQ3vxYAmKpKE/Nw6ofChfF
;umhKCcLcVk0WUjzxs4RKHRUQctrBomqqFo1DKhwP18WmqU4OAhLTjtMX+3GkX9BBz4ergURhKq4N1J4
;2hVcAGWZsCguJGdGOkJJ6fz0EyBlTHuuB2fr181aN2nGHV0zc7aiJDoeS186Wljzo5N9QScgHq5yDpu
;jki5Ye80OYDl/kbApFQt7WDxZVO7NzhgvZkJyywVl68boWjcM3xVPOkmdujovCUtHOkJN8vz0HCJvf3
;vWcRWeoqgoaGnGHV0zc+nXTUpwFCtVQlL7xs4OKW5FcsoFZerG7lo3DN8VTzpJnrQhJiRyRCdOWOX88
;wQedElwyWkCtKO1LkV5zBlNXxTp1URKexRJJ0RQ3tfoDSQHIxuuBWeks7k/RQylfD9fdYihKC0UZlIK
;Q1zsxpF+cAcgHv53DoWyqCgGU+kyegtJqO0SGhdhWAp/bciQzi4KVRJB52ECiqusMVJ+9yxNMHCAuSh
;KahQrVU5c9cb2EjN+f3DPaAK0rqgiNw9sfD9fJtngfXpLIxllHQu4k6FLBDcQKZo1V93z/WoAPphMDG
;4m2eALeksgGmUdCcSToUl0NxArmjVX3oD9agM9mEwMZybZ4At6SyEbZR0LwpOhSnQ3ECmdNVfegP1qA
;j6YTApvJtnhdHpLJxhlHQjHk6FIcjcQKuw1V970/WoEPphMChkm2eF0eksiH2UdC7SToUtwNxAo6jVX
;3ff9agFOmEwJaibZ4n96SyFtZR0IsZOhSnM3ECjoNVfd8P1qATWYTAkcJtnjeEpnFCtVXkjx0/4PNVh
;Ee8B2ArSiuDtbU80ESy1jmrwiJHsXJ1UtPcDP/V0kf1Rs22ECmcbrWjcMzBlRLHO2pjg6C3tZIXJU78
;X4ES1YT2vaaQ6Fo74FUnTcDko7c5vVTkZ7FCsUQVGhxukJM3JEe9wFdevGzSlCfNgTTStJjbAjOR5LX
;yxdWIGglH1BB2x3wGAU6+jNWjdoxAxgPXeasBImGm1OJ3Jc59f0Dx5iWG7BdhKZo5IpUnzJDl4rf4a7
;Ei0Ye08wLT6Bo5F9QTUgHq5hC5uZrztEafcQXiZzm4osLA9xWQpIRfHM4ggzYn9ty3UGmae5M1hi9xt
;cMHKMij04HhQoVS09gaO+fUEHRHLeWgWKtagFW23RGU0AdIyzIjgeS04tXVLy1uMYHnRFbs93Bp+voj
;Roa8sTWzoW6tVNSnsUGFUtPeXP4SIjZlN78WkGkqO/BVVpzhNNOkmMrT0lCGFZMHJO5NPwDyBzSXHAW
;gCIqak/aHzaGT9cFunVTUpQFCtVSVHx/PMcMmJ/cs98ApmZuCpHadojTzB/h6ESOR5kSidMSejM/yIm
;ZE96ywVk68bNWjcjqHw/O3qZii8rCHF0OUxE5NHOCDF3RWzxdQiCqLkFRGnYHU0+YoC6IxUcd0QxSGL
;x0fR9QgcgHq4FauvGzT5bfPcbXDByjIooJB8UKFUtPYGji31BB0Ry3loAiKmpP2hp0AhaLXiIuRIpFH
;lGNENZgaCRfUEHIAeuBWePqr0FUG/HGFoAcIC5KCQaeU4KS1LzzvAJQQRGHq4FHIyloj5SU84VUzp4i
;LgoFQx9Xz1CSPX89AU1en9lw2QEg6+jP2h40QxaAHeLtz8vDX1KIURS797OBixmVHvcbAaHmaM7Wmn3
;HV09ZIyjJCsPfUQ7UGL6z/AEJHV/dstsAIOysDdaDL58P19yhaUSLRh7TzByUeDa9A8eZEh/wGIC68X
;NWjcMqGk/XxaNuT0VHHdEMUhi8cziCTF1T33LdhTrxc1aNwyocz9fFo25PRUcd0QxSGLy1/APNQcjHq
;4FZ+vfzVo3aMQMYDdziKESKQ5mQjtKYvXK/Bgea0lt2gVk68bNWjcRqHw/O3qZiiQkFXFZCk5S79f+C
;DNYT3jIdgKfmaEzRHiofz9fFunVfUp7FE85XWLsyvUZLWJ/cs98ApmZrDxDadojWidmhqY4OB5LWDBd
;XPPC5RQuaX95zWoDjsbOWjcMqHwLXxbpsSE6JHlCMUlR5Pz9HDhiUkHPYxOOtJI/T3zHD0otc7amKDo
;aZkohRFLv/PYeLmNFQd53AuvFzVo3DKhNP18Wjbk9FRZ9TzFBWN7P8AQkdX98y2MImaOSP098xw9KLX
;O2pig6GmZKIURS7/z2Hi5jRR6tBWfrxs1vNwyoGFMvSYS8KS4XcXQ5TETk0c4fJGFPbMtaApO2oilCf
;s0jTDpmiKcsPhJ7RQpKXu7H9CIxdUUerQVn68bNdzcMqBhTL0mEvCkuF3F0OUxE5NHOCDF3RWzxdQiC
;qLkFRGnYHU0+YoC6IxUcd0QxSD2Co5F9QQcRHq4FA4e2kjdeaMwQWgB6iKwoOCRhWyVIT97T/hQvc39
;ty3UGmae5M1hi9xtcMHKMij04HhQoVS09gaOhfUEHRHLeWgmEtKA7W1PEHUY6ZLa0Kz4eZnQwVU3u0O
;QPJFhTe95kFYqypDVZU88fUDtz6dZNSnsUK2EtPYHH/Q0eaU9sw2QLtKqsI1J+9x1ZK3ObiigyC3tYI
;F9Y3tD0DSB1QWrHagm0oa41U2n3DE06FurVTUp7FBpVLT3lz+EiL2hSc89pOIentD9FU8oZWTBkjIoo
;Mgt7WCBfWN7Q9A0gdUFqx2oJtKGuNVNpqH8/Xxbp1XhKexRPOV1i78zjECBrf3LPfAKZma8/UWPaGWA
;6bpm6Pj8JcXQmSE3g0fAJKGhOQclmCI+jkipFaah/P18W6dVgSnsUTzldYu/M4xAga39yz3wCmZm4Kk
;dp2iNPMH+HoRI5HmRKJ0xJ6Mz/IiZkT3rLBWTrxs1aNz2ofD87epmKIyUJeUo5clHg2vQPHnJQbst3O
;JuppDRDU9sZTz5kiKEkJRVLTDZCWeT84Q8kByMergVn69HNWjdoxAxgKmC2tjg4EnpMCllU7MbOESh0
;VB6tBWfrxs1GNwyoGFMvSZ60PiISekwKSU/4yv8aHnNJc8taC4K1uVo0DKh8P18D6dVNLhdkdCJMTun
;K/xoec0lzy1oLgrW5WjQMqHw/Xwnp1U0vA2BOJ0Nc7fzyEi5rSXDJWgGKqJIpR2nNGGAzf5qhTUl7FC
;tVLTOBo5EbIGl/bd5gAo+ZoTNEeKh/LV8W6eR2ekAmEGcdBrSYokh6PxsrngV268bNPF5gyRFaMWK2o
;TQ6HktYIV89gqmRfUFXbF+ONEnc86A3Nx6ofD85f4W0IC8VYHQhVE3k/OIJMzUgHaQFZ+uWgRsXPYZL
;CjJ76fVNSntyQideSd7P8AQkdX9twWkOj5mkNFFlxBBgL3edoSg4FRQoUC09ge/4EyR0IBeuBWeOqKl
;0UG/HGFpfFfHUTUo2JRthDW6xg6oYOXNSa8pgFcuuqDtDadpcUDlw45h8fks0eGUNBunG8AkkYwB8y2
;FHg6OsLlJ+iBNZOTbBvCtqAntedUVc98axFDUuKlmXNEfQtKg2VnjBClp/ZoamJD4Se0U8QlOL5KBdB
;CoRPug2V9vm7WFFadwOXjxiyaElL1tyQjlMUOTN5V0gJ0J32iUFjqCiKFIsxBVZK3+Hsm0+E3ELO0JH
;+8/0UWFzTz7cYAuOp74/F3/HEVp/eY/1OSIeNFsnSE7y1uMYS0ARPvQuVtvmiHcCLO5FD28mye4gJQ1
;xCw8NSPGD8BMlJ1J72ncGiLLtPF5gyRFaMWLJsDsvFTRGOl9Yi+6pSWE8U2rLdReOtL56WGrOfDVfFu
;mwIy5JOkw2Qlnko5L4QQcgU5w3VsuS/XpkPZhMNRIk2+RtHko0eGQdDYvuoE11J3QujlZX4Yv8agMs/
;E0fDCbjmHx+SzR4ZSdwsJOmdwY+ERTpNEeu6/x6cT+YTDUYJ8mPZnpVIQsQAAih+7xPcSd5M5w1R629
;uShWes0QYCxmjLApN3FTGW0NZbGDyE1LShgqpEJe28bbWjcMzx9QO3O2sDU+HmZFNEFi4sz8ECBpRB6
;tBWfrxs1PNwyoGUcrZJyxKDgkZ1w8WV7pjfYeLmNFHq0FZ+vGzU83DKgbXDByjIorIxdxRTRAWN7F/g
;8sZlQerWJn68a2PVRjzBlgOX+FsCMrFnF0IkRJ6czkCR5iWGrTWhyGp64yXmLNI0smZoyKLCgZZk4jR
;Fz1yv4TPFhbeMdpBoajoy5oYskRWgB3i7c/Lw19SiFEUu+S7CI6a0Fny3c4g6OkPV941RFSXwTp1U0m
;Gm1OJ3Je6cL/GiQpR33BYQLrxc1aNwyobT9fFo62Ii4eS1s6Xknx0f4eJHRTHq0FZ+vGzUo3DKgbXDB
;yjIo/LwtxXzxZVO7NkX5rByAelXcCm6O5M0NlxxIfOHWGsShAPC0ZdWgNi5jjGDFiVHfabAiF5qo5WG
;jNfC9fFumnKD4JdUghRFLvjfYeLmNFHq0FZ+vGzVE3DKgPSz5knfsqKRRwTlUuy4CjkTpzNgAlw2ATm
;a+uekFtxAlaLByu7H1qQHVJJkJR9Nf0XTFoU3fabAiFr6M9PUGQTh9kZYyhbS8DYFkgSVjzg+USYWZC
;bcFpEp+j7TdYaM12cm4m3vV2OQ91WSENSujX+V01b0U+yGQJy6mrPD1LmkQfBybJjH1qQHlEI0gd2Yz
;IXTVoAHPHa0eOqKkpQ2PYDzUYJNH1F3pbL0Y6W1ih+bEJLidNd8AlAoWivi5YfNt2eG42s+R4ZEs0bW
;wdDbGDqhAucUU+2m0Cy7ahO0Nqxw5Sf3KGoiNqSiFGOCc3xpqjXQQ3ACXUYBWE5rkyUizNBEstY42wK
;WoXcUUyWVWLqdZNYV8ULY5cVdzmi2gHPJhcH2RxhvU5JVtgQzANWOXE9F0uYQBqxmBHiaOpej1LkU4f
;BybJjH1qPiQLbl5Y9YPrGDNoAGrBJQKPoah6WGqICFc6NouwKUA8JAsTFA2xk7EncCcbRI5wF8uxpC5
;fLJkRUlVR2PULeEskCw8dHbr5sRUuakU+3WkInKq0UD1LmVxlbiPH5W0MQiQbZQ0G7MznGGFzSHuOdQ
;uKsqs1RWGIGFAoeMnkeCcWHiESHB3HmqFNcScbbd5gAo/mvj9DeMESWFVR0OdtD1YnC25fWPXR8B41b
;k9wpEhW2vHtCkVlxghWMXHH+2NKdxQrVV5J4NHlT29gQ3HKYGfods1aN0uaTTUYL9nfAHJJHmZkHQqL
;5KNFYV8QPvc1baz09XptPKI7Dn9M2OBjeltSGGUdN9WSmzp4NQBbng8g2uaLaAc8iDkObxyu7H9qPiQ
;hEhwdx5GhTWFCDWXcYBOZp64uXmPGI1sqd4WKLCcUYUUhUDfVk5s6eDUAW54PINrmi2gHPIg5Dm8cru
;x/aj4kIRIcHcfY5Q8gcUVy8XYXjqOpJz1BmU0If0abvCM+EnpMewMTgamRfUFgQ3HKYDifv70/Nw+uf
;D9fRIylHysLFDpVLT3ozfcULWt/f8BiC46ZoTNEeKh/OV8W6eF4cUonHlU4PYGj+BMnbkxy8WESiqqS
;P0942glMNnmH1U5GexQrFEFRocbpCTNyRHvcBWnrxs0zWWrBEFMAZoihOS8JeitWKT2Bo9YPKGMgEa4
;FZ4K0ojReYs8jTz5inbA/JHsXIFUtPdPG8gkoa0lwy2QV69vNWjdgyQVaLUmaoSw4D0tbOkRT9fziHi
;B1RkHEag6Fss1ZNAyofH4zeunITUp7eEosSE/e0OUcM3N/bsFsCZ+Zvj9WYfcfUC14jKdNSXUUK1V/W
;OfP9AUOdWNxwHMCk8bVWjcMxR1LAHWGuyt7JHJCOUxQ5M3lIiN1QXDKBWTsxs1aZW3BD1psUunKTUp7
;eUohcl7uzfdMHmFJcs9oAoWykj5ef9gQXiZJh7QgL3sXN1UtPdrx8BQyYhNa8yU3maOgM0JhiCxzHjb
;Y+3p/FnkrSS09gc7wCR5kT3DINDiNr6E7WmnGCGA4dYaxKBUeek9VLj2Bo5F9XwcgHsNkE7SlojRRPf
;caVjN3hLAjPiRzSDpJWN7Q5RwzcyAdrgVn68baWjcMxR1LAHWGuyt7JHJCOUxQ5M3lIi9mTXuuBm3rx
;s0Ke02ITRFoI4S4TW57FCs4TEnewP4TJzZ/eMdpBoajoy5oYskRWgB3i7c/Lw19SiFEUu+jkn5BByBO
;4kRn88bNWlpt3CNcMHiP5BIsEnhKOEhT9fz/EjViUx6tBWfrxs1HNwyoEV4rSYq6IyxKS008QVzsxv8
;JHndSd81gOJ6opC43D6p8P19djtVQSnsURjRZYuLM/xtwWEZ3wmQKjqi5BURp3AhWMXG2vClKeDArVS
;0O45GiRSJjFDPKPVeK6/lpVW+FRFpmcMTndStDdhs3TgXnwqJ9awcgHsNkE7SlojRRPfcaVjN3hLAjP
;iRnTiFZVO/E4iInbkx/w2AJn5mvKFZizHw8WBbp1R8rEmdOZmk9sKORfSxmVEHNagmN95I8XmDJEVox
;YramKD4PfUUyXmLnyv0cLGJOavFhDpi2oTtOU8YdUjoW6slNSntPeTRETuSQ1SBhV1J7w2wShuadFnY
;smVIIanuE1WNKexRGNFli4sz/G3BYRnfCZAqOqLkFRGncCFYxcZqKKyMXdUYwQ0nexfgRJFhOf8NgZ+
;jMzVo3XOQ9H2443uAgJ3s6K1UtUODXzh4uaUYv8WMOh6egP1l49w9aK2KAuyo5JHJCOUxQ5M3lIiZkT
;3rLWgKFos1ZNwyofD9vFunVICsPS0g6Q1uw/PcULWZNe8BxOJijuS5eYs8PYDl/hbQgLxVgdDJOUuXG
;zg41ZlJqrgZn68bNWhAMqHxSPmK2tiIkHSV0M0RR4M70EzVYU3vacQ6Fob4FUWXEHVI6eJ2KJC57Fw9
;VLT2ywaNOeWREKoNhX9un4G4EbstRBzovj/h/chosSWVPXrnF8E5BLiAermgGn5muNVlqmSNZNnqIuC
;gkD0tYMFlJ6M32Dh5hSXLPaAKFspI0VmHNfDxVFunVHQY6NBp7GgjszpFLQQcgc89xOIipozwGU84VU
;z57jLs5FQhxXyFEU+bQzhsoa0Fzy2sTtKisN1JTyR5dLXOfvCw+EntFVS4+gaORLQ1GIDSuBWeGp7kF
;VGPGGg4AcIC5LCceel8KXlj11/gTJnR/eMdpBoajoy5oYscIWiwW6tVNSnsUNlUtPezC5SIiaE54n1o
;BgqqsN1Ji3CNLOnWBuyImFHNSVS41gaOROyhrQXPLaxPr3s1aN2HJCGA8eYezfxUdfUc0QFjv184fM2
;ZOeq4GYOvGzQhWZdsZDBsW9tVNShZ1XwpOUu/FoyInbkx/w2AJn5mpM0R8xB1GAHiIuChKeAgrVS1m0
;8L4DiQ0ZEOOVRWOq6QvWiz4MH5/J8fieCcWFDdVLT3swuUiImhOeJxaAYKqrDdSYtwjWDx5jbASLxVw
;K1YtPYGjkWNBByBzz3E4iKmjPAVTzhVTPnuMuzkVHHdEMUhi8tfwDzUHIx6uBWfr0c1aN2HJCGA8eYe
;zfxUdfUc0QFjv184TIGpFHq0PZ+vGnRZ2LJlSCGp7hNVpSnsURjRZYuLM/xtzWEZ3wmQKjqi5BVltxR
;lgPnSLpyg8EnVfPEJTgaCSfUEHcFLvBX/rxs03Vnj3H1AxcNuKKyMXdUYwQ0nezf4JJHQgHa4FZ+vG0
;Fo3DMUdSwB1hrsreCRyQjlMUOTN5SIxdUl9y1oSha+5WjQOqHw/FHHpyE1Ke3lKIXJe7s33Tx5hSXLP
;aAKFspIpUnjcFVE4SYCxTUlfFCtVHl+zkKkeJTMNepY1Bsby/jhUIZAZBjk72+0schkkSTYVW+CQkVd
;BByBzz3E4iKmjPAVTzhVTPnuMuzkVCHFfIURT5tDOGyhrQXPLaxO0pL87WWiofzhfFumHLCMIcRgRLQ
;yBo5EQIHN/fcFrAdmZqzNbbcUZUStJmrA5PhJ6TCZyW+jP8BAkaVRBymwUm6qsI2hiyRFaXxX11U1KI
;EZKPF5YsufMXRF1RXPHcArLloEbFz2GSwoye+n7TUp7eUohcl7uzfdPHmFJcs9oAoWykilSeNwVUThl
;trMkJhp5TjtZYufK/RgeaUFzywVk4cbNWmdA6VwOcSHcuCBKVRQrVUBc9fzyEi9hEkHIbAuKq6g0Q1P
;bGUsrf4eyPhUdfUc0QFjv184aImhEe/FgCY/Gzlo3DKh8D18W6bgsPiR3RDtLD97F+BEgakVw2loUjr
;K5M1lr2yNZNnqIuCgkD0tMNkJZ5PziCSB1VB6tBWfrxs19NwyoEV4rSYq6IyxJS008QVzsxv8JHnRFa
;tpsCYy1kjxeYMkRWjFitrwpSngwK1UtDuORokUiYxQzyj1Xiuv5aVVvhURaZnDE53UrQ3YbN04F58Ki
;fWgHIB7DZBO0paI0UT73GlYzd4SwIz4kZ04hWVTvxOIiJ25Mf8NgCZ+Zoztaaah/NV8W6YUBC1slBWI
;YUOyjp31BB01/2loEhKiraGhqwRBeMnOHoRI5HmBfPENa8vz3FC1mTXvAcTiFp6A/aG3KHk06YIC0OS
;MUeitWLj2Bo8ExAAcKHq4FCoqykjlYYs5OYDl/hbQgLxVgdCZISfXK/xoyWEZ3wmQKjqi5BVlj3BlMX
;xXp1U1KewkrVS1Q4NfOHi5pRizxYw6Hp6A/WXj3CFo8foe6ISUcbStWJT2Bo9cULWZNe8BxZ/rGzVpH
;YMkIWTBkhIosLhNxWDxCU4GglX1BB3J/yHFn8cbNWlh6zQ5XPniOij4iHnhHJnJO8cb0GR5rSW3aBWT
;rxs1aNx2ofD8vd5ymKBUTcUIyRUnez/gONQcjHq4FZ+vXzVo3fMQdSzl5m7gSKx9wQiFEUu+jknlBBy
;BQwWsC69DNWjd82hlMLGObsBIrH2JKO05Y3tfoDSQ2IB2rBWfrgKQiUmioaj9fFpmnKDkIYVkwclzl1
;fATImJ/atd1AtnGzl83DKg6VidzjdVvSnsUWydEU/XG4yIiaE548WgGiK6kNFJTyRFgK3OKvSMlF3tM
;LC0+gqORfQdBZh6DBWfrtr8zWXjNDmA8eYezEicad0M8Q1jewOQONWhNd9RgOJ+pojZfackYYDF3hLB
;8SngWK1UtabGjvH1BB1Bsx2sTjrSSOVhiziNSPnWBvCMvJHdeJllS7MrrGB5zT3HCbQKKopI0VmHNTj
;9cFOnVTR5KFA9VLT3x0fgTNWJSQc1qCY2ZoDtUZMESWgBwgLksJx56XwpDXOzGzkxBBCoergU3p4fta
;xk7nRFSXzLp1U06CX1FIUhP3sD+EydYTX/NbQ6Fo5I8XmDJEVoxYra7LCceSxlVLjeBo5EtDUYAL4Ay
;UoarzXg3DKgMTTZ4nbA/FRh7RTNyUODA+RQvYn94x3cKnKe/P2h40QxaXxXu1U1KMHhCJV1Y86OOfUE
;HUGzHaxOOtJI5WGLOI1I+dYG8Iy8keRplHQzewP4ZJAcjHq4FZ+vZzVo3fNoVUStzm4ouJRVydDhMXu
;nK/xgeahEunjc4iKmpPzcPqHw/Xxb21U1KC2ZCO1lY8/zyEi9hf3PPZg+CqKgFWj6YTA8AdYaxKEp4F
;CtVLT2go5F9MXVJcNpgFbSlojRRU8UdXDd/h7ASJRhgRApMWeXR9A4yByMergVn6+bNWjd82hVRK3Ob
;ii4lFXJ0OExe6cr/GB5oQ2rBWgabr6Y/TgyrfD9fFun5TUp7ZFk8Q0nk0c4eLmlGQcNkBIOvoz9oY8s
;IUAB6iKY5FQ5kRzpMWd7F/hElYlIerQVn68bNfzcMqAxNNnidsD8VGHtFM3JQ4MD5FC9if2zLdQKfr6
;goaG3MGE06ZZrVTkp7FCtVCT2Bo+EPKGlUe9xaBISoqwVabcsUVjFztqcoOh5gQjBfYuDT+BYkfiAdr
;gVn68blWjcM2A5WMWKMpxIpFHpNCkBc4sv4EyRYUnveYBOCo78FW23bCGA4ZIagPUp4FCtVLT2ro5F9
;MXVJcNpgFbSlojRRU8UdXDd/h7ASOB5kTiFEWPP84Q8oaVR73FoJiquoWjQMqHw/Xwnp1U06CX1FIUh
;P3sD+EydYTX/NbQ6Fo5IpUnjcFVE4SYCxTUlfFCtVSAjilvJPIj4NJ50yVcbyr2MOIZBECmg72ON+eE
;wiE2xMWeWTkWRBByBu3GwJn6O/BVRjxhpgMneKvSQkHktfLF1YgaCXfUEHRnLBdReSxutaNwzYDlYxY
;oynEikUek0KQFziy/gTJFhUZ95gOIqkryhSesEdSzZ5h9VOSnsUK1UhPYGj4Q8oaVR73FoTkraoWjQK
;qHw/OXqGpT0zexgrVS1N88z3FC1if3DPaALrxc1aNwyobz9fFpu0Kz4kcF40QWLk2+UPNHRJccAFZOf
;GzVp2YMRcWidim6ApLwkUOFUtPfPC9wkebk54x2kLtLasLkNp2hI/XBPp1U0GEnpOJi0ogaORDyRzUn
;/NcQ6EqJIgX2PYI0smZozkTUl9FCtVY1LzzvARQRIgHq53Ap+0rDlDZccSYCV+hqUSPgJkTmctPoejk
;X0PaFJzz2ln/8bNWkRkzRBTAHKApygpD31EO3JR6NDlfUIHIB6uBXPrxs0pXGXaCGA7Y4i5Ei8DYFkg
;XlTuzZF+TQcgHu9pC8ujtS5FecwZTV8+6dVNORdndDRJWejX+BIvZkxBzWoIh6+jPWhkzRVYN2K2oSQ
;nHktMJ0xN6aOSW0EHIC6ANVza/v1qByKYRwxvONnufHJLJBt7HQayk6FTcTwWLp41V8X2zU03DKgPUy
;xJiLsjLxp4QjtKYuPG9SImdUFuxgVk68bNWjcuqHw/LHqaiiwkFXFKOURT5vzyBC1uTnrLdziHqbo/R
;VPPDl4vfunWTUp7FCt3LT2B0P0OHmZOcMtkC4KoqgVUdcQVUTtzm4o4OgtxWQpKT+DT+X1CByAergV9
;68bNKVt/9x1RMXOIuSQkHEtbPF5J7s3OGjNmUHauBmfrxs1aJAyofEwzZba0OScUZ1s9SE/k/PwSJWI
;gHa0FZ+unpCg3KKh8Pyx6moovJQ9gRDhyTvTR9xwiYn93wGMOh6qSO1lrxBlgM3+aoU1JfxQrVR0GuJ
;ORakEHIG3CdjiIqaMuWHnaI006Zoy0ORUWe08wLT6Ho5F9AEVjX+xGZ9nGzVpEYNsjXDB5hbwjLSR1T
;SFIT97R9B4uZlR3wGI4n6OgKlJ+yQhKLXO2oSQnHktMJ0xN6aOSa0EHIC+XNUnb/f10BzeZTA9xJtLn
;eXpLOhtVDT2Bo+IRMlhDccFpDoWhkjhSaPcIWjJmjKcsPg5mTgpBVPLXkX5GByAenitX0Pf6ajc+qHw
;/LHqaii4lFHhCO0pi4tr9FC9jRWzxaQico78FX2nJCFotSZ2wIDoeZkohWE/k/P0UMnMgHakFZ+v242
;oMPZlMP20W6dU+JghLSDpCUejN9iIifkx3wGECmZm4Kkdp2iNXOnedsD8VD3FGJUhP4NfkDyRYTHfdc
;Wfowc1aNzyGTARuINnVYEp7FFg5XmLizP4RKGlHQcJgAZ+Zqz9SaPcUWj5ijKcSPh55WzBfXPXW4xge
;a0lt2gVk7MbNWgcimEcOaybpyk1Ke2dHJnJe7sz9FC9gf3PHaziHp7Q/RVPcFVI6SYW8Pj57FytVLT2
;BiZF9QXRMbfFmCISqpDRQU9gVTCt5h4olLxpgTidySeTO4RgzZlRr3GA4h6++LjcPr3w/XybH5XZ7TS
;QrcS09gdD9Dh5kT3HCbAmMmb01RHj3D1w+eIe8Iy0kcE45TETez/gONQcjGa4FZ9vo/WEEIph8HF8W6
;aYhOSR3RDpBVO/Ezg0zYn9tzWQJha+jPWhozRBeJkmFvD4+excsVS09sY2hRnIpEB6ABWfrtaEpaG/H
;E1M2eI6KPyMcfF8KS1jkx84VJGZUe9xaE46rvT9FbdwJTTpJhbw+PnsXLFUtPbGNoUZwMxAejAVn67W
;hKWhvxxNTNniOijkjFnF0IUhQ8cbjHDVyUnvxYhWKtqVaNBqofD9vONnufH1LOhtuHwmxk79NejYQLo
;A1Z/PGzVpEYNsjWD5mtrMkJhdLWTBdWODXzhAuY0UerQNn68aMG3VO6z8/Rhbp1T4mCEtMNkJZ5Pz3F
;C1iTn/DYDiNqb83Vniof1lfFumuKikUcE4KS1Ttxv8cLGJ/acdxD4SzuQVSdNwBYCR7iLYlIxVxdCFU
;TeT88B8jdUVox2QTgqmjJ2h3xR1LOmSAtCEVFXVGMHJc48HjGDduQWrHagmWmbY2VnXNDmA3c4CyJT4
;GeUZVHj2Bo+IRMlhIe89xDoWhkjhSascOWgBkjLYiKw99RTJySeTO4RgzZlRr3GA4n6+gP2hr2h1PNx
;bqwE1Keycbex0GsY2hRnAwEDCePlbZ9v10Bwy9fD9fZYWmEiMVckI5QWLgzfYRJFhMd91xZ+jCzVo3P
;JNFD18J6dVNORdndDxDW+jP/SImZlBByGwLh5m/P0dpyQhgMnmNsE1JfRQrVWx8w+HSPkERIB6udguY
;maQ0UWXEEGAtc5mwLD4keUQxSD2CpZF9QUZhXOxGJOvezVo3f8QPYDZ4j7whJiRnSDRDU+jN9iIsaER
;7rgZi68bNN1hozRA/Qhbp1T4mCEtCO0NY8/zyEi9zT2vcWgiNoL4/Q1PEFUwrFurVTUp7FA1VLT3yz+
;IiMWhXest3OI2jqD5eYs8jTTBiiKEkJRVLWTRZVO78/BIlYiAdqwVn66CkIlJoqF8/XxaauT4VC2ZOP
;Uhc9cr/Gh5lRXrxcQKGtqgoVnjdDloAeoCmOUp4NCtVLQ2vk6pMczcOLpUwV8X29msAPIZMBG4m2ft9
;cUojG3sdPbSjkX0ya1NB3ncCg6OsLl5izyNcJnqAuykvCUtHOlpY8/z5GCBzRWzxcQKGtqgoVnjdDlo
;AeoCmOUp4EytVLQ2vk6pMcDcgK64FZ5iqvgVHfs0UWj5igLsqFRhtRzxDWeTRzggxd0Vs8W0CirKoKG
;h4zRFPOmSIoTg4HktHPF5JgaCWfUEHEDCePlbd9s1qNwyoD1MsSZmnKCIedV88Q1rez/QbNVhGe8thO
;IOjrC5SfvcIWjJmjKcsPg5mTgpBVPLXkX5GByAenitX0Pf5ajcuqHw/LHqaij04HnxONFlU78TOEChp
;f3LPfAKZmbkzWmn3EFYsYunWTUp7FCt4LT2B0P0OHndSe8ZgBp+voz1ofMEPSzB4tr0oKw9xWQpZWOz
;T9A8gc1Vsy1oLgrW5WjQLqHw/bzjZ7nx8SxQMVS098s/iIjF1RXbLZBOCqKoFR2PbCGAsdYi7IyMVc3
;QxSFHg2s4RKHRUHq0CZ+vG/XQHN5tSD18w6dVNORdndCVfWOnG8AkoaUdB3ncCtLWuO1liwRJYAHKMu
;SwzJHhCJlk9gqSRfUE3Di6VNknbxvxaNwzbEEwAZpuwJS8aYEI7SmLzyvYVNVhGe8thOIOjrC5SfvcI
;WjJmjKcsPg5mTgpBVPLXkX5GByAenitX0Pf5ajcpqHw/LHqaij04HnxONFlU78TOCShqRUHaYAqbo78
;7Q3naGWA4ZIilJUp4NitVLQ2vk6pIcSkQJZ83V9vo/WEGPJhSD2Ql3+V9ZEsvGmIdE7GjsH1BB1Ny3V
;oXma+jLl5izyNdOnK2oSgnC3FZNFlI88bOESh0VB6tDGfrxv10BzeZSw9xJunmTUp7Z0cmck3zyv8JK
;GlHQc18C4KoqT9FU8QTSDpktr0oKw9xWQpZWOzT9A8gc1Vsy1oLgrW5WjQLqHw/bzjZ7nx7SxQYVS09
;8s/iIjF1SXDabAmMma4jW2XGGFotSZylPS8JS0MwTEnk0c4JJGpQe9xkE560qAVbZdsIP1wR6dVNelU
;kEGQbDYGNkX1BdExt8XUVgqi5M1lr9xBaOWK2sygvH0tDMExJ5NHOCSRqUHvcZBOetKgFW2XbCD9cEe
;nVTXpVJBBkGQ2Bg5F9QXRMbfF1FYKouTNZa/cRVjFJhbQ0LwlLXzxAWN7P+A41ByMergVn6+3NWjd/x
;A9gL2SAuzkjFXN0JURO9cz/IiliQWrLdzifo6AqUn7JCEotc7a5JDkPFChSLT2Bk79NejYWLq4gZ+vG
;vjZEU9gOVjFigLsqFQt7WCFyTuLC/xMoaUdBymALir+SNl5/3Hw8WBbp1X1kSy8Yex09paORfTJrU0H
;edw6FsqQ0UFPYDloAZYq0IyQSekwKSVjtwugiLW5Taq4GYOvGzWoZPJNPEW8WxtVNSgh4WApdT+jN5R
;QvYH9sx2IPn5mrP1Jo9xRaPmKMpxI+HnlbMF9c9dbjGB5rSW3aBWTsxs1aByKYRw5rJun2TUp7Z0cmc
;k3zyv8JKGlHQdpsCo6ZuT9afM0OXitjm7ASLQl1Wz0tPoijkX1xKRAlnzJXxfbNQjcMqA9TLEmbuiQV
;CXFMPEJT3tDyHC9YTXHKYGfowM1aN2XbEF4xcunATUp7Z0cmck7iwv8TKGlHQd1gFp6jozlSDKtyP18
;WgLsrIxd4FTZCU/XM5A9BCiAernYLmJm+P1Zh9whGL3Pp1klKexRFOkNYgbqRfUF0TG3xdg+Co6E+aG
;3EG1Atf529IBUPbVswLT6Do5F9FzYgAq4FZ5iqvgVEZMEZUztJgLsrIxd4dDRDWu3GzhEodFQerQJn6
;8b/aAI3m00KXzDp1U05F2d0IUVU7/zmHC1rf3rBcAWHo5I2XmLND2Atc5mwLD4keUQxSD2CpZF9QUZh
;XOxGJOvjzVo3f8QPYCt+gLsSPRp4RwpeVO/E/Rgea0lwy1oVjraoO0NTxRNbOhbq001Ke1VqF29+wqO
;wfUEHU3LdWhOEtpIpQn7OHVw6SYC7KyMXeHQ0Q1rtxs4RKHRUHq0BZ+vG/WEOPKhVP18WmrgsJhdLSi
;dIXN7Q/hEoY393wGMOh6qSPFtj3yNcMHuZsCM5GmBCOkM9gviRfUE3Gy6VNUnZ/f10AzicSARvON3uf
;WRNJR9gFg2vlapNbzAQK5c+V8X+9moZO55NBmQnx+B2elUsHmIcBrOYoVN5PxgnlTZc2+j0aAQ9k0kE
;bzjQ4H96QCUbbhwGgbSRfUF0T3LHYTiCqKszW2D3HVE4eoyKISMIYCtWKz2Bo6VIejYTK64RZ+vGvjV
;bZcwjVjFwgLkhFQt1XyFIT++jknhBByBSx2sCmMbWWjcM2xNTNnK2vCMsEnhHCl1c9df0Dy9YQnHacQ
;iGxs5fNwyoMFYxc5rVW0p7FFggXU3u0eUiJXJBcvFgH5+0uCleY8Z8PFMW6dUMJhc0Ti1ZT/TH9A9BH
;iAernYSm7aiKENTwRJZNnqFiiwkHHhOCkFU8teRfkIHIB6DMVLr5s1aN3/dDE8wZJ2KJCQdfUc5clL0
;1/0UL2JTQct9E5mzqT9FDKtwP18WqLkhah5sXydYWeTRkXFBByBt23UXhLS5BUN12Bk/XBPp1U0GEnp
;OJi0tgaORDjR3UHHccTiYsr87Q2nPBT9cEunVTR4JcU5VKj2Bo+IIMXdPbNoFZOHGzVpyes0ORih+jK
;coSlgUK1VeSPPF8B4kWFNxwmwDtKSiLkNjxSNWMXCAuSEVC3VfIUhP76OSeEEHIFLHawKYxu1aNwzbC
;U05d4qwEjkUeEIxcknu084UL2FJcsJaF4qyuT9FYqh/Ol8W6ZkkJB5nK0EtPYHX9BAxYlJ/2nAVjpmv
;P1NTxBVMKxbq1U1KexQ+VS099cb8DSR1QWrbdwK0qqg8Q1PEFUwrFurVTUp7FD1VLT31xvwNJHVBatt
;3ArS0pD1fePcQVixi6dZNSnsUK1stPYHX9BAxa0Fqy1oJhLKoKTcPqHw/Xxbm1U1KDH1bMHJJ7tT0Dx
;5qT3rLBWThxs1afmLcGU0zd4qwKUprFCtVWlTxxs4JLnBFbPF2D4q2qFo0Bah8Pw1ziqEsJBx4TlUjP
;YGj5hQxYn9pz2kLtKuiPlIMq3Y/XxaguzkvCXhKNkhZgbORfUFoT2TLWhSDr6g2U1PcBU86FurcTUp7
;Q0ohSE/Hwv0RQSggHq4HZ+vGzFo3DO58P18X6dVNRXsUKwYtWIHXkQlBbiBwrmJny8aKWkUMx3xKX2b
;p9U17exUrVS09gaORbUEHIB6uBWfrxs1aNwyofD9fFunVTUp7FCtVLT2Bo5F/QQcgGq4FZ+/GzVpKAq
;h8OV8W6bMhJQtkUlUtPfvgkX07RCAe1EZn68bNl/vAln0/X96r1U2CORUrVS09gWvQfUEHIByuBWfpx
;s1aN4irfD5fFiGUTUp7FCtVDX1Mb11DQQcgHq4F/KjGzcF0DKigfWsW6dVNSnsUKVUtPZWjkX1BByAe
;rgVn68bNWjcMqHw/Xxbp1UxKexQrVS09gaORfUEHIB6uBWfrBMBaNwyofD8HFunVbkp7FE4tWU/0x/Q
;PcFhDa91xCIaZvSheYtwdXTNztqcoLRJ7RQpVPYCjkX1BByAergVA68bNP0942glbOmTYii4/CGBEOH
;JN88r/CSBlTHvxdwKMr6I0aHTbFUU6FujVTUp7FKs+bT2io5F9JH9UbNthApn3kjlCf9wTUgBmm7wjP
;hp2RzByT+TE+BIvWFkerwVn68bNWjcMqFs/XxaMrTk4DnBOJxxi4tbiCS5qf27cbAmfp682UlPaGVg2
;eYeKNDkSbk5VLD2Bo5F9wWxgHo0FZ+ujtS5FecwZTW1JiqA+PhR5dCVfVO/X8B8tYn9sy2IOhKiSIjc
;NqHw/Xxbp1U1KXBQrVUhF9dHkGSR1EkHNcBSfqaAFR37BEks+dIWwEjgec0I6Q2L50PgHJAchHq4FZ+
;vGzVo3L6h8Pzpunac4Lh5mGQpOSPLX/hAed1J3wHEGiaqoBUVpzxVQMUmQ1UxKexQrVS09gaO2fUEHR
;WbadxKPo79oaG/dD0swe7alPyMVYEo3QVje0fQaKGhOQdd2DpGjzVs3DKh8P18W6dVYSnsURjROVejN
;9CIgan9qy2YPhamhNVB1qH0/Xxbp1U1KexQ7VS097MLyFShpRUHMZBKPtKwuUgypfD9fFun1QQt7BSt
;VLVDgwPkUL2J/fMthOJiurCpSDKl8P18W6dVNSnsAK1UtUODA+RQvYn98y2E4n6OgKmhhyQQ/Xhbp1U
;1K+09rVTQ9gaP8HCJvSXDLWgWOqrkFUG3GCE0mSYi7KiYeFCpVLT2BoxE7AQc2Hq4FCoqlpTNZafcfU
;DJmjLs+Kw99RDtyRYGikX1BByAe90Vn/cbNWlptyxRWMXO2tiInC3FFJkxJ6Mz/IjgHIR6uBWfrxpQa
;Ny6ofD8yd4q9JCQeS080WVzexfgRJFhUdttoBYWnpDZoZM0VWDdi6dRNSnsUK1WpfYGCkX1BakF9xmw
;JjpmpO0Nt9xpWM3O2oSU/FnZFNERR3tT4GTVvIB+uBWfrxs3edwylfD9fe4i2JSMVcXQxRFDe25F8QQ
;cgHq5FCKvGwFo3DMUdXDd/h7ASLhJ5dCwtPIGjkX1BR09erghn68agO1RkwRJaAHKAuBIwexUrVS09g
;eP+PUEbIB6uaAaIrqQ0UlPMFUwrd4e2KBUdZkQ4cl/u0fUYMwchHq4FZ+vGyRo3GKh8PzJ3ir0kJB5L
;Ti1ZT/TH9A8eaVVzrgRn68bNWjf8l3wlXxbpuCwpE31FMHJY+dfjCCViUkHBYwGYo7kFTz6ofT9fFun
;VTXM7FDFVLT3swvIVKGlFQct9E5mzqT9FU8caWSxznYo0eHsVK1UtPYGjkX1BFSAermgGiK6kNFJTzh
;VTPnuMuzkVShQqVS09gaORfQEHMh6uBQqKpaUzWWn3GlYzd4SwIz4kJitULT2Bo5F9QUcgPa4FZ4anr
;jJeYs0jWTZkhKIsOB5LSjZOWO3G4xw1bk9w8WA4hqe1WjYMqHw/X54qlU1sexQrOExe6cr/GB5hSWzD
;cgaZo5I7VG/NEFotd528IiQkZFk8Q0nozfZ9QAcgHq4FJ2SGzX83DKgRXjx+gLsoFR19WThaXPPGzhw
;iZEVyy3cGn6+iNGh+zQhNPnWd1UxKexQrVV2awaO1fUEHTX/NbQ6Fo5I8Xn7FC14tc7a0LikeeE4nTE
;nozP8iNXVBaMtpZ+rGzVo3DOjzf1816dVNJxp3QzxDWN7F+A8scEFsy1oGiKWoNlJ+yQhWMHi2rRInG
;mwrVC09gaOR6YBHID2uBWeGp64yXmLNI1k2ZISiLDgeS0o2TljtxuMcNW5PcPF8OIantVo2DKh8P1+C
;KJVNaXsUKzhMXunK/xgeYUlsw3IGmaOSO1RvzRBaLXedvCIkJG50OExFgaKRfUEHIB73RWf0xs1aWm3
;LFFYxc7azJDgWY0onSGLnxvQZM2ZUe/FgOIantVo2DKh8P18W0JVNVXsUKzhMXunK/xgeYUlsw3IGma
;OSPFJpzA5eK3O2rRInGmwrVC09gaORvTNHIAGuBWeGp64yXmLNI1k2ZISiLDgeS00wSFnzwuUYHn5/c
;899Z+rGzVo3DGgOf18J6dVNJxp3QzxDWN7F+A8scEFsy1oBjqOpKFZ4zSNFAHuIrU1LexQrVS09leOR
;akEHIHPPZg+CqKgFUWXaEUg+ZIyKJy8Jf3QwLTyBo5F9QQc0Xq4SZ+vGoDtUZMESWgBwgKcgPRpmTgp
;HWPPIzgVBBiAergVn6+6NWiAMqHxSPnWBvCMvJHJCJ0BK4NH0IitiUnXxfGfqxs1aNwyoVH9fAenVTS
;cad0M8Q1jexfgPLHBBbMtaDY60pgVNDKnmpsaPcEyUdXsBK1UtUODA+RQvYn95z2sTmb+SMlJlzxRLX
;xfp1U1KexQrVS0pgaORECBkSHfAYDiMpaI+UlPJH0s2eYfVTEp7FCtVLT2Bo499QQdNf81tDoWjkj1U
;Y8wZYCt+nLgvJBp9RwpFWOjE+QlBBiAergVn66+NWioMqHxSPnWBvCMvJHNIOklY3tf5CCxlTn/HaTi
;cr6kuXwypfD9fFunVJAp7CytVLVDgwPkUL2J/cs92E7SzvTZYbcwjTDpkn7A/FQ9tWzAtPIGjkX1BBy
;AerhJn68agO1RkwRJaAHiGrzcmHktPPExQ5Nf0D0EGIB6upf5yH/JaLgyofFI+dYG8Iy8kekQvV1Hk/
;PUUIGpFast3ONnGzFo3DAjlpoYp6cxNSnt5SjZFVO/GzhMufVpyy1oTjqu9BVpt0CMOXxfp1U1Ke3RY
;FS0kgaORECBkSHfAYDiFqbcgW2n3CFoyZra4LDIkJitULT2Bo5EdMkcgDK4FZ4anrjJeYs0jTy1/h6E
;SJxRwTlUsPYGjkX1BByAejwVn66usOV9lxhlgL2SGuD0+JGFYMHJP4MXlIjVvUnvdbQiHos1bNwyofD
;+fdKnVQEp7FEY0TlXozfQiMnNFbssFZuvGzVo3DKh8P30W6dUgKxh8QjtIYvfK4wk0ZkxBy30TmbOpP
;0VTxxpZLHOdijV4exUrVS09gaOoPUElIB6uaAaIrqQ0UlPeFU0rY4i5Ei8DYFkgSVjz/P4bJ3RFavF8
;VevHzVo3DKh8P18WyNVNSh5sXydYWeTRoCIiclNqwWg4m7SkNENtyhBaAGSMsiQlFRQpVS0cgaORGDl
;zUmvKYBXZma4vRHjHEWAvZIC7OSsZeE4KX1jmyv4TQQUgHqIFZ+urrDlfZcYZYD1zhaFNSHsUC1UtPe
;zC8hUoaUVBzXAUn6mgBUd+wRJLNniOij04EntZPFlEgaGRfVkHIB7DZASDr6M/aGjJCF4AdYa7OS8VY
;HQ0SVmBoZB9VAcgHsNkBIOvoz9oaMkIXgBwgLkoFRpwT1UvPIGHkX1BakF9xmwJjpmoIkN+3RhaLUma
;oiQ+GHx0IkxU9fz5GCBzSXDJBWXrxt5aNwzFHVw3f4ewEiwaenQ2QlP10f4RQQUhHrUFZ+urrDlfZcY
;ZYDl/m7g6KwlxdCdISfPC8gkoaE4erAVny8bNWlptyxRWMXO2syQ4FmNKJ0hi9cr8GB5iU2rHaAafr6
;I0Nw6ofCJfFum4LCkTfUUwclrizPUYHmJ/c9tpE4K2oSNoasQTSF8U6dVWSnsURjROVejN9CImZE96y
;1oTg7OgOFltwRBgPnKN1U9KewQrVS1Q4MD5FC9if3bLZBO0pKg+Nw6pfCxfFum4LCkTfUUwclTlxuki
;Mn5TastoZ+nGzUY3DKgRXjx+gLsoFRR5QiFyT+DK4hg1aFV9xloEhKKoWjUMqGk/XxaEtC4iEnpOCkJ
;P6MT4Ex5kRXDaYBXrxM1aIAyofFI+dYG8Iy8kZFk6QE31/OQOJFhSf8hxZ+nGzXA3DKgRXjx+gLsoFQ
;tmRDhdSd7W4hgedUF42loDnrahM1Rt3BVQMUmEvD84FGYrVy09m6ORfSxmQ3bHawK0tKg2VnjBCloAc
;5GhPz8IfUQ7LT+Bo7J9QQdNf81tDoWjkihSf80IYDpJhbAjLQ98dDlMROTRzh4pZk55ywVl68bvWjcM
;xR1cN3+HsBI8GnhCMUxJ5PzhDyhpVHfAYjibtKQ1RWXcBT9dF+nCTUp7e10wX0/ox/QiMmtJfctaFI6
;yuTNZa9t8PV8W/tVNShNxSiFEU+b84hQsckx/2mwIhZmpO0NtqH8/Xxbp1VpKexRGNE5V6M30IiduTH
;/DYAmfmaM7Wmn3TT9cHOnVTRo3VQtkAwq0zvx9VgcgHsNkBIOvoz9oasEQXjJzh6ESJBp5TgofPYKpk
;X1BV2xfjjRJ3POgNzcdqHw/MneKvSQkHktNPEFY3s3wECQHIxiuBWeNqqIqR3WoaT9fFoS0LiISek4K
;S1TzzuYcM2J/atd1AuvFylo3DOMQVi9mjKdNQHsUKzhMXunK/xgebkQerSFn68aob1Q5y05cZjvQ5np
;4ViBJbBQQuZukSmw2Fi2cMlHT/6w+Uzyobj9fFoS0LiISek4KQAyxk6AiImhEe64GZ+vGzVolDKh8Uj
;51gbwjLyR5GmUdD97A/hkkByMergVn69TNWjdhyR9XNniMiiB4SyQbCk5S5caRfkEHIB6uCWfrxqA7V
;GTBEloAYpClKEp4EitVLVvtzOENOAc5Hq4FCoqlpTNZafcIRi9ztrQvKAlxXTxMSejM/31CByAergVn
;68bNWjcMqGw/Xxbp1U1KexQrVS09gaORfUEHIh6uBRyWv89aNw2ofD8qFOnVR0p7FHsZbB2wjaZILGo
;gHq7lWOvGVh43DO8/urTRqNUN1j4UK69rPYFr01VDByAergVn5MbNWicMqHxZNnqIuCgkD0tPMENO6N
;fofUAHIB6uBQd4hs1LNwyoGlYzd4SwIz4kcEI0QFj1xuN9QAcgHq4FZxf5zUs3DKgaVjN3hLAjPiRyR
;zpaT+DX9H1AByAergVnsobNVDcMqBpWM3eEsCM+JGRZPE5YgaKRfUGnUOOWRWf5xs1aUWXEHVI6eJ2K
;Oy8JfU0sclTlo5B9QQcgnj7GJ+vRzVo3Y94ZTS1/jbASORd9SDByTuTX5RQvYFMerAVn5cbNWlFlxB1
;SOnidii84GnpPVS46gaORLyBuU3udQWf+xs1aUWXEHVI6eJ2KKSMIZEc0VGLvwvwYQQQ8Hq4FPLmnpC
;lSP+whHw9kjLgkPxY0exlsHbCNpkgsaiAMrgVnja+hO1ppxghgOX+FsBIkGnlOVS43gaORLQ1GAC+AM
;lKGq81INwyoGlYzd4SwIz4kc0g6SVjexv8ZQQQgHq4FZ//GzVpRZcQdUjp4nYoqKRRwTgpeSeDR5X1C
;ByAergVs68bNPF5gyRFaMWK2vClKeDArVS0O45GiRSJjFDPKPVeK6/lpVW+FRFpmcMTndStDdhs3TgX
;nwqJ9TAcgHshsC4qrqDRDU8YdUjoW6t9NSntEZxQNDK+UpBAsBzoergUBgqqsN1Ji3CNRPnuMiiwoGW
;ZOI0Rc9cr+E0EEIx6uBTenh81UNwyoGlYzd4SwIz4kekQhSE6BoJF9QQcgHq4FZ+vGzVonDKh8P18W6
;dVNSnsUK1UtPYGjkX9BByBl0wVn68bNWjcMqHw/Xxbp1U1KexQrVS09gaORfUEHIB6u
;Data end
;Recover start:29
;G21
;G90
;G28 X0 Y0
;G92 X0 Y0 Z{z}
;M221 T0 S100.00
;M140 S60.00
;M104 T0 S200.00
;M109 T0 S200.00
;T0
;M190 S60.00
;G21
;G90
;M82
;M106 S0
;T0
;G92 E0
;G1 F140 E29
;G1 X20 Y0 F140 E30
;G92 E0
;T{current_extruder}
;M106 S{current_fan_speed}
;G92 E{current_extrusion}
;G0 F6000 X{x} Y{y} Z{z}
;G0 F{current_travel_speed}
;G1 F{current_extrude_speed} E{current_extrusion}
;{current_unit}
;{current_pos_abs}
;{current_extrude_abs}
;M117 Printing...
;Recover end
;Print Time: 3487
;Material#1 Used: 4993.1
;Material#1 Cost: 0.37
