;Sliced by ideaMaker 5.5.0.8810, 2026-09-15 19:27:02 UTC+0200
;Slicer Version: 5.5.0.8810
;Dimension: 250.000 250.000 250.000 0.400
;Plate Shape: 0
;Origin Center: 0
;Extruder Offset #1: 25.000 0.000
;Filament Diameter #1: 1.750
;Filament Diameter #2: 1.750
;Filament Compensation #1: 94.000
;Filament Compensation #2: 90.000
;Filament Density #1: 1240.000
;Filament Density #2: 1240.000
;Filament Type #1: PLA
;Filament Type #2: PLA
;Filament Name #1: [Raise3D] Premium PLA 1.75mm
;Filament Name #2: [Raise3D] Premium PLA 1.75mm
;Filament #1: PLA 1.75mm
;Filament #2: PLA 1.75mm
;Printer Type: floppy
;Firmware: Klipper
;Bounding Box: 100.000 150.000 100.000 150.000 0.000 50.000
;Model Gap: 0.000
M221 T0 S94.00
M140 S50.00
M104 T0 S190.00
M109 T0 S190.00
T0
M190 S50.00
G21 ;metric values
G90 ;absolute positioning
M82 ;set extruder to absolute mode
M107 ;start with the fan off
G28 X0 Y0 ;move X/Y to min endstops
G28 Z0 ;move Z to min endstops
G1 Z15.0 F9000 ;move the platform down 15mm

G92 E0 ;zero the extruded length

G0 X43 Y27 F2000  ;go to the edge of the bed
G92 X0 Y0 E0 ;set zero to edge of the bed
G0 F9000 Z1 ;Z up with 1mm
G1 F200 Z0 ;Z home slowly

G1 Z15.0 F9000 ;move the platform down 15mm

G1 F9000 ;speed setting
G92 E-3 ;retraction
M117 Printing...
M1001
;TOTAL_NUM: 1
;PRINTING_TIME: 0
;REMAINING_TIME: 6243
;LAYER:0
;Z:0.250
;HEIGHT:0.250
;PRINTING: Flow_Calibration_Cube_0.4_mm.stl
;PRINTING_ID: 0
G1 F2400 E-3.0000
G0 F3900 X100.200 Y100.200
G0 F300 Z0.250
;TYPE:WALL-OUTER
;WIDTH:0.400
G1 F1500 E0.0000
G1 F2400 X149.800 Y100.200 E2.0621
G1 X149.800 Y149.800 E4.1243
G1 X100.200 Y149.800 E6.1864
G1 X100.200 Y100.200 E8.2485
G0 F3900 X100.600 Y100.600
;TYPE:WALL-INNER
;WIDTH:0.400
G1 F2400 X149.400 Y100.600 E10.2774
G1 X149.400 Y149.400 E12.3062
G1 X100.600 Y149.400 E14.3351
G1 X100.600 Y100.600 E16.3640
G0 F3900 X101.000 Y101.000
G1 F2400 X149.000 Y101.000 E18.3596
G1 X149.000 Y149.000 E20.3552
G1 X101.000 Y149.000 E22.3508
G1 X101.000 Y101.000 E24.3464
G0 F3900 X101.400 Y101.400
G1 F2400 X148.600 Y101.400 E26.3088
G1 X148.600 Y148.600 E28.2711
G1 X101.400 Y148.600 E30.2335
G1 X101.400 Y101.400 E32.1958
G1 F2400 E29.1958
G1 F300 Z0.450
G0 F3900 X101.583 Y148.252
;TYPE:SOLID-FILL
;WIDTH:0.400
G1 F300 Z0.250
G1 F1500 E32.1958
G1 F2400 X101.746 Y148.415 E32.2054
G0 F2400 X102.311 Y148.415
G1 F2400 X101.583 Y147.687 E32.2482
G0 F2400 X101.583 Y147.121
G1 F2400 X102.877 Y148.415 E32.3243
G0 F2400 X103.443 Y148.415
G1 F2400 X101.583 Y146.555 E32.4336
G0 F2400 X101.583 Y145.989
G1 F2400 X104.009 Y148.415 E32.5763
G0 F2400 X104.574 Y148.415
G1 F2400 X101.583 Y145.424 E32.7521
G0 F2400 X101.583 Y144.858
G1 F2400 X105.140 Y148.415 E32.9613
G0 F2400 X105.706 Y148.415
G1 F2400 X101.583 Y144.292 E33.2037
G0 F2400 X101.583 Y143.727
G1 F2400 X106.271 Y148.415 E33.4793
G0 F2400 X106.837 Y148.415
G1 F2400 X101.583 Y143.161 E33.7882
G0 F2400 X101.583 Y142.595
G1 F2400 X107.403 Y148.415 E34.1304
G0 F2400 X107.968 Y148.415
G1 F2400 X101.583 Y142.030 E34.5059
G0 F2400 X101.583 Y141.464
G1 F2400 X108.534 Y148.415 E34.9145
G0 F2400 X109.100 Y148.415
G1 F2400 X101.583 Y140.898 E35.3565
G0 F2400 X101.583 Y140.333
G1 F2400 X109.665 Y148.415 E35.8317
G0 F2400 X110.231 Y148.415
G1 F2400 X101.583 Y139.767 E36.3402
G0 F2400 X101.583 Y139.201
G1 F2400 X110.797 Y148.415 E36.8819
G0 F2400 X111.362 Y148.415
G1 F2400 X101.583 Y138.636 E37.4569
G0 F2400 X101.583 Y138.070
G1 F2400 X111.928 Y148.415 E38.0651
G0 F2400 X112.494 Y148.415
G1 F2400 X101.583 Y137.504 E38.7067
G0 F2400 X101.583 Y136.939
G1 F2400 X113.060 Y148.415 E39.3814
G0 F2400 X113.625 Y148.415
G1 F2400 X101.583 Y136.373 E40.0895
G0 F2400 X101.583 Y135.807
G1 F2400 X114.191 Y148.415 E40.8308
G0 F2400 X114.757 Y148.415
G1 F2400 X101.583 Y135.241 E41.6053
G0 F2400 X101.583 Y134.676
G1 F2400 X115.322 Y148.415 E42.4131
G0 F2400 X115.888 Y148.415
G1 F2400 X101.583 Y134.110 E43.2542
G0 F2400 X101.583 Y133.544
G1 F2400 X116.454 Y148.415 E44.1286
G0 F2400 X117.019 Y148.415
G1 F2400 X101.583 Y132.979 E45.0362
G0 F2400 X101.583 Y132.413
G1 F2400 X117.585 Y148.415 E45.9770
G0 F2400 X118.151 Y148.415
G1 F2400 X101.583 Y131.847 E46.9511
G0 F2400 X101.583 Y131.282
G1 F2400 X118.716 Y148.415 E47.9585
G0 F2400 X119.282 Y148.415
G1 F2400 X101.583 Y130.716 E48.9991
G0 F2400 X101.583 Y130.150
G1 F2400 X119.848 Y148.415 E50.0731
G0 F2400 X120.413 Y148.415
G1 F2400 X101.583 Y129.585 E51.1802
G0 F2400 X101.583 Y129.019
G1 F2400 X120.979 Y148.415 E52.3206
G0 F2400 X121.545 Y148.415
G1 F2400 X101.583 Y128.453 E53.4943
G0 F2400 X101.583 Y127.888
G1 F2400 X122.110 Y148.415 E54.7012
G0 F2400 X122.676 Y148.415
G1 F2400 X101.583 Y127.322 E55.9414
G0 F2400 X101.583 Y126.756
G1 F2400 X123.242 Y148.415 E57.2148
G0 F2400 X123.808 Y148.415
G1 F2400 X101.583 Y126.190 E58.5216
G0 F2400 X101.583 Y125.625
G1 F2400 X124.373 Y148.415 E59.8616
G0 F2400 X124.939 Y148.415
G1 F2400 X101.583 Y125.059 E61.2348
G0 F2400 X101.583 Y124.493
G1 F2400 X125.505 Y148.415 E62.6413
G0 F2400 X126.070 Y148.415
G1 F2400 X101.583 Y123.928 E64.0811
G0 F2400 X101.583 Y123.362
G1 F2400 X126.636 Y148.415 E65.5541
G0 F2400 X127.202 Y148.415
G1 F2400 X101.583 Y122.796 E67.0604
G0 F2400 X101.583 Y122.231
G1 F2400 X127.767 Y148.415 E68.5999
G0 F2400 X128.333 Y148.415
G1 F2400 X101.583 Y121.665 E70.1727
G0 F2400 X101.583 Y121.099
G1 F2400 X128.899 Y148.415 E71.7788
G0 F2400 X129.464 Y148.415
G1 F2400 X101.583 Y120.534 E73.4181
G0 F2400 X101.583 Y119.968
G1 F2400 X130.030 Y148.415 E75.0906
G0 F2400 X130.596 Y148.415
G1 F2400 X101.583 Y119.402 E76.7965
G0 F2400 X101.583 Y118.837
G1 F2400 X131.161 Y148.415 E78.5356
G0 F2400 X131.727 Y148.415
G1 F2400 X101.583 Y118.271 E80.3079
G0 F2400 X101.583 Y117.705
G1 F2400 X132.293 Y148.415 E82.1136
G0 F2400 X132.859 Y148.415
G1 F2400 X101.583 Y117.140 E83.9524
G0 F2400 X101.583 Y116.574
G1 F2400 X133.424 Y148.415 E85.8246
G0 F2400 X133.990 Y148.415
G1 F2400 X101.583 Y116.008 E87.7300
G0 F2400 X101.583 Y115.442
G1 F2400 X134.556 Y148.415 E89.6687
G0 F2400 X135.121 Y148.415
G1 F2400 X101.583 Y114.877 E91.6406
G0 F2400 X101.583 Y114.311
G1 F2400 X135.687 Y148.415 E93.6457
G0 F2400 X136.253 Y148.415
G1 F2400 X101.583 Y113.745 E95.6842
G0 F2400 X101.583 Y113.180
G1 F2400 X136.818 Y148.415 E97.7559
G0 F2400 X137.384 Y148.415
G1 F2400 X101.583 Y112.614 E99.8609
G0 F2400 X101.583 Y112.048
G1 F2400 X137.950 Y148.415 E101.9991
G0 F2400 X138.515 Y148.415
G1 F2400 X101.583 Y111.483 E104.1706
G0 F2400 X101.583 Y110.917
G1 F2400 X139.081 Y148.415 E106.3753
G0 F2400 X139.647 Y148.415
G1 F2400 X101.583 Y110.351 E108.6133
G0 F2400 X101.583 Y109.786
G1 F2400 X140.212 Y148.415 E110.8845
G0 F2400 X140.778 Y148.415
G1 F2400 X101.583 Y109.220 E113.1891
G0 F2400 X101.583 Y108.654
G1 F2400 X141.344 Y148.415 E115.5269
G0 F2400 X141.909 Y148.415
G1 F2400 X101.583 Y108.089 E117.8979
G0 F2400 X101.583 Y107.523
G1 F2400 X142.475 Y148.415 E120.3022
G0 F2400 X143.041 Y148.415
G1 F2400 X101.583 Y106.957 E122.7397
G0 F2400 X101.583 Y106.391
G1 F2400 X143.607 Y148.415 E125.2106
G0 F2400 X144.172 Y148.415
G1 F2400 X101.583 Y105.826 E127.7147
G0 F2400 X101.583 Y105.260
G1 F2400 X144.738 Y148.415 E130.2520
G0 F2400 X145.304 Y148.415
G1 F2400 X101.583 Y104.694 E132.8226
G0 F2400 X101.583 Y104.129
G1 F2400 X145.869 Y148.415 E135.4265
G0 F2400 X146.435 Y148.415
G1 F2400 X101.583 Y103.563 E138.0636
G0 F2400 X101.583 Y102.997
G1 F2400 X147.001 Y148.415 E140.7340
G0 F2400 X147.566 Y148.415
G1 F2400 X101.583 Y102.432 E143.4376
G0 F2400 X101.583 Y101.866
G1 F2400 X148.132 Y148.415 E146.1745
G0 F2400 X148.415 Y148.132
G1 F2400 X101.866 Y101.583 E148.9114
G0 F2400 X102.432 Y101.583
G1 F2400 X148.415 Y147.566 E151.6151
G0 F2400 X148.415 Y147.001
G1 F2400 X102.997 Y101.583 E154.2855
G0 F2400 X103.563 Y101.583
G1 F2400 X148.415 Y146.435 E156.9226
G0 F2400 X148.415 Y145.869
G1 F2400 X104.129 Y101.583 E159.5264
G0 F2400 X104.694 Y101.583
G1 F2400 X148.415 Y145.304 E162.0971
G0 F2400 X148.415 Y144.738
G1 F2400 X105.260 Y101.583 E164.6344
G0 F2400 X105.826 Y101.583
G1 F2400 X148.415 Y144.172 E167.1385
G0 F2400 X148.415 Y143.607
G1 F2400 X106.391 Y101.583 E169.6093
G0 F2400 X106.957 Y101.583
G1 F2400 X148.415 Y143.041 E172.0469
G0 F2400 X148.415 Y142.475
G1 F2400 X107.523 Y101.583 E174.4512
G0 F2400 X108.089 Y101.583
G1 F2400 X148.415 Y141.909 E176.8222
G0 F2400 X148.415 Y141.344
G1 F2400 X108.654 Y101.583 E179.1600
G0 F2400 X109.220 Y101.583
G1 F2400 X148.415 Y140.778 E181.4645
G0 F2400 X148.415 Y140.212
G1 F2400 X109.786 Y101.583 E183.7358
G0 F2400 X110.351 Y101.583
G1 F2400 X148.415 Y139.647 E185.9738
G0 F2400 X148.415 Y139.081
G1 F2400 X110.917 Y101.583 E188.1785
G0 F2400 X111.483 Y101.583
G1 F2400 X148.415 Y138.515 E190.3500
G0 F2400 X148.415 Y137.950
G1 F2400 X112.048 Y101.583 E192.4882
G0 F2400 X112.614 Y101.583
G1 F2400 X148.415 Y137.384 E194.5932
G0 F2400 X148.415 Y136.818
G1 F2400 X113.180 Y101.583 E196.6649
G0 F2400 X113.745 Y101.583
G1 F2400 X148.415 Y136.253 E198.7033
G0 F2400 X148.415 Y135.687
G1 F2400 X114.311 Y101.583 E200.7085
G0 F2400 X114.877 Y101.583
G1 F2400 X148.415 Y135.121 E202.6804
G0 F2400 X148.415 Y134.556
G1 F2400 X115.442 Y101.583 E204.6191
G0 F2400 X116.008 Y101.583
G1 F2400 X148.415 Y133.990 E206.5245
G0 F2400 X148.415 Y133.424
G1 F2400 X116.574 Y101.583 E208.3966
G0 F2400 X117.140 Y101.583
G1 F2400 X148.415 Y132.859 E210.2355
G0 F2400 X148.415 Y132.293
G1 F2400 X117.705 Y101.583 E212.0411
G0 F2400 X118.271 Y101.583
G1 F2400 X148.415 Y131.727 E213.8135
G0 F2400 X148.415 Y131.161
G1 F2400 X118.837 Y101.583 E215.5526
G0 F2400 X119.402 Y101.583
G1 F2400 X148.415 Y130.596 E217.2584
G0 F2400 X148.415 Y130.030
G1 F2400 X119.968 Y101.583 E218.9310
G0 F2400 X120.534 Y101.583
G1 F2400 X148.415 Y129.464 E220.5703
G0 F2400 X148.415 Y128.899
G1 F2400 X121.099 Y101.583 E222.1764
G0 F2400 X121.665 Y101.583
G1 F2400 X148.415 Y128.333 E223.7492
G0 F2400 X148.415 Y127.767
G1 F2400 X122.231 Y101.583 E225.2887
G0 F2400 X122.796 Y101.583
G1 F2400 X148.415 Y127.202 E226.7950
G0 F2400 X148.415 Y126.636
G1 F2400 X123.362 Y101.583 E228.2680
G0 F2400 X123.928 Y101.583
G1 F2400 X148.415 Y126.070 E229.7077
G0 F2400 X148.415 Y125.505
G1 F2400 X124.493 Y101.583 E231.1143
G0 F2400 X125.059 Y101.583
G1 F2400 X148.415 Y124.939 E232.4875
G0 F2400 X148.415 Y124.373
G1 F2400 X125.625 Y101.583 E233.8275
G0 F2400 X126.190 Y101.583
G1 F2400 X148.415 Y123.808 E235.1342
G0 F2400 X148.415 Y123.242
G1 F2400 X126.756 Y101.583 E236.4077
G0 F2400 X127.322 Y101.583
G1 F2400 X148.415 Y122.676 E237.6479
G0 F2400 X148.415 Y122.110
G1 F2400 X127.888 Y101.583 E238.8548
G0 F2400 X128.453 Y101.583
G1 F2400 X148.415 Y121.545 E240.0285
G0 F2400 X148.415 Y120.979
G1 F2400 X129.019 Y101.583 E241.1689
G0 F2400 X129.585 Y101.583
G1 F2400 X148.415 Y120.413 E242.2760
G0 F2400 X148.415 Y119.848
G1 F2400 X130.150 Y101.583 E243.3499
G0 F2400 X130.716 Y101.583
G1 F2400 X148.415 Y119.282 E244.3906
G0 F2400 X148.415 Y118.716
G1 F2400 X131.282 Y101.583 E245.3979
G0 F2400 X131.847 Y101.583
G1 F2400 X148.415 Y118.151 E246.3721
G0 F2400 X148.415 Y117.585
G1 F2400 X132.413 Y101.583 E247.3129
G0 F2400 X132.979 Y101.583
G1 F2400 X148.415 Y117.019 E248.2205
G0 F2400 X148.415 Y116.454
G1 F2400 X133.544 Y101.583 E249.0948
G0 F2400 X134.110 Y101.583
G1 F2400 X148.415 Y115.888 E249.9359
G0 F2400 X148.415 Y115.322
G1 F2400 X134.676 Y101.583 E250.7437
G0 F2400 X135.241 Y101.583
G1 F2400 X148.415 Y114.757 E251.5183
G0 F2400 X148.415 Y114.191
G1 F2400 X135.807 Y101.583 E252.2596
G0 F2400 X136.373 Y101.583
G1 F2400 X148.415 Y113.625 E252.9676
G0 F2400 X148.415 Y113.060
G1 F2400 X136.939 Y101.583 E253.6424
G0 F2400 X137.504 Y101.583
G1 F2400 X148.415 Y112.494 E254.2839
G0 F2400 X148.415 Y111.928
G1 F2400 X138.070 Y101.583 E254.8922
G0 F2400 X138.636 Y101.583
G1 F2400 X148.415 Y111.362 E255.4671
G0 F2400 X148.415 Y110.797
G1 F2400 X139.201 Y101.583 E256.0089
G0 F2400 X139.767 Y101.583
G1 F2400 X148.415 Y110.231 E256.5174
G0 F2400 X148.415 Y109.665
G1 F2400 X140.333 Y101.583 E256.9926
G0 F2400 X140.898 Y101.583
G1 F2400 X148.415 Y109.100 E257.4345
G0 F2400 X148.415 Y108.534
G1 F2400 X141.464 Y101.583 E257.8432
G0 F2400 X142.030 Y101.583
G1 F2400 X148.415 Y107.968 E258.2186
G0 F2400 X148.415 Y107.403
G1 F2400 X142.595 Y101.583 E258.5608
G0 F2400 X143.161 Y101.583
G1 F2400 X148.415 Y106.837 E258.8697
G0 F2400 X148.415 Y106.271
G1 F2400 X143.727 Y101.583 E259.1454
G0 F2400 X144.292 Y101.583
G1 F2400 X148.415 Y105.706 E259.3878
G0 F2400 X148.415 Y105.140
G1 F2400 X144.858 Y101.583 E259.5969
G0 F2400 X145.424 Y101.583
G1 F2400 X148.415 Y104.574 E259.7728
G0 F2400 X148.415 Y104.009
G1 F2400 X145.989 Y101.583 E259.9154
G0 F2400 X146.555 Y101.583
G1 F2400 X148.415 Y103.443 E260.0248
G0 F2400 X148.415 Y102.877
G1 F2400 X147.121 Y101.583 E260.1009
G0 F2400 X147.687 Y101.583
G1 F2400 X148.415 Y102.311 E260.1437
G0 F2400 X148.415 Y101.746
G1 F2400 X148.252 Y101.583 E260.1533
;PRINTING_TIME: 173
;REMAINING_TIME: 6071
;LAYER:1
;Z:0.500
;HEIGHT:0.250
M106 S64
;PRINTING: Flow_Calibration_Cube_0.4_mm.stl
;PRINTING_ID: 0
G1 F2400 E257.1533
G1 F300 Z0.700
G0 F3900 X100.200 Y100.200
G0 F300 Z0.500
;TYPE:WALL-OUTER
;WIDTH:0.400
G1 F300 Z0.500
G1 F1500 E260.1533
G1 F2100 X149.800 Y100.200 E262.2154
G1 X149.800 Y149.800 E264.2775
G1 X100.200 Y149.800 E266.3396
G1 X100.200 Y100.200 E268.4018
G0 F3900 X100.600 Y100.600
;TYPE:WALL-INNER
;WIDTH:0.400
;FLOW:90.0
G1 F2400 X149.400 Y100.600 E270.2278
G1 X149.400 Y149.400 E272.0537
G1 X100.600 Y149.400 E273.8797
G1 X100.600 Y100.600 E275.7057
G0 F3900 X101.000 Y101.000
G1 F2400 X149.000 Y101.000 E277.5017
G1 X149.000 Y149.000 E279.2978
G1 X101.000 Y149.000 E281.0938
G1 X101.000 Y101.000 E282.8899
G0 F3900 X101.400 Y101.400
G1 F2400 X148.600 Y101.400 E284.6560
G1 X148.600 Y148.600 E286.4221
G1 X101.400 Y148.600 E288.1882
G1 X101.400 Y101.400 E289.9543
G0 F3900 X101.583 Y101.780
;TYPE:SOLID-FILL
;WIDTH:0.400
;FLOW:95.0
G1 F2700 X101.780 Y101.583 E289.9653
G0 F2700 X102.345 Y101.583
G1 F2700 X101.583 Y102.345 E290.0079
G0 F2700 X101.583 Y102.911
G1 F2700 X102.911 Y101.583 E290.0821
G0 F2700 X103.477 Y101.583
G1 F2700 X101.583 Y103.477 E290.1879
G0 F2700 X101.583 Y104.042
G1 F2700 X104.042 Y101.583 E290.3252
G0 F2700 X104.608 Y101.583
G1 F2700 X101.583 Y104.608 E290.4942
G0 F2700 X101.583 Y105.174
G1 F2700 X105.174 Y101.583 E290.6948
G0 F2700 X105.740 Y101.583
G1 F2700 X101.583 Y105.740 E290.9270
G0 F2700 X101.583 Y106.305
G1 F2700 X106.305 Y101.583 E291.1907
G0 F2700 X106.871 Y101.583
G1 F2700 X101.583 Y106.871 E291.4861
G0 F2700 X101.583 Y107.437
G1 F2700 X107.437 Y101.583 E291.8131
G0 F2700 X108.002 Y101.583
G1 F2700 X101.583 Y108.002 E292.1716
G0 F2700 X101.583 Y108.568
G1 F2700 X108.568 Y101.583 E292.5618
G0 F2700 X109.134 Y101.583
G1 F2700 X101.583 Y109.134 E292.9835
G0 F2700 X101.583 Y109.699
G1 F2700 X109.699 Y101.583 E293.4369
G0 F2700 X110.265 Y101.583
G1 F2700 X101.583 Y110.265 E293.9218
G0 F2700 X101.583 Y110.831
G1 F2700 X110.831 Y101.583 E294.4384
G0 F2700 X111.396 Y101.583
G1 F2700 X101.583 Y111.396 E294.9865
G0 F2700 X101.583 Y111.962
G1 F2700 X111.962 Y101.583 E295.5662
G0 F2700 X112.528 Y101.583
G1 F2700 X101.583 Y112.528 E296.1776
G0 F2700 X101.583 Y113.093
G1 F2700 X113.093 Y101.583 E296.8205
G0 F2700 X113.659 Y101.583
G1 F2700 X101.583 Y113.659 E297.4950
G0 F2700 X101.583 Y114.225
G1 F2700 X114.225 Y101.583 E298.2011
G0 F2700 X114.791 Y101.583
G1 F2700 X101.583 Y114.791 E298.9389
G0 F2700 X101.583 Y115.356
G1 F2700 X115.356 Y101.583 E299.7082
G0 F2700 X115.922 Y101.583
G1 F2700 X101.583 Y115.922 E300.5091
G0 F2700 X101.583 Y116.488
G1 F2700 X116.488 Y101.583 E301.3417
G0 F2700 X117.053 Y101.583
G1 F2700 X101.583 Y117.053 E302.2058
G0 F2700 X101.583 Y117.619
G1 F2700 X117.619 Y101.583 E303.1015
G0 F2700 X118.185 Y101.583
G1 F2700 X101.583 Y118.185 E304.0288
G0 F2700 X101.583 Y118.750
G1 F2700 X118.750 Y101.583 E304.9877
G0 F2700 X119.316 Y101.583
G1 F2700 X101.583 Y119.316 E305.9782
G0 F2700 X101.583 Y119.882
G1 F2700 X119.882 Y101.583 E307.0003
G0 F2700 X120.447 Y101.583
G1 F2700 X101.583 Y120.447 E308.0540
G0 F2700 X101.583 Y121.013
G1 F2700 X121.013 Y101.583 E309.1393
G0 F2700 X121.579 Y101.583
G1 F2700 X101.583 Y121.579 E310.2562
G0 F2700 X101.583 Y122.144
G1 F2700 X122.144 Y101.583 E311.4046
G0 F2700 X122.710 Y101.583
G1 F2700 X101.583 Y122.710 E312.5847
G0 F2700 X101.583 Y123.276
G1 F2700 X123.276 Y101.583 E313.7964
G0 F2700 X123.841 Y101.583
G1 F2700 X101.583 Y123.841 E315.0397
G0 F2700 X101.583 Y124.407
G1 F2700 X124.407 Y101.583 E316.3145
G0 F2700 X124.973 Y101.583
G1 F2700 X101.583 Y124.973 E317.6210
G0 F2700 X101.583 Y125.539
G1 F2700 X125.539 Y101.583 E318.9591
G0 F2700 X126.104 Y101.583
G1 F2700 X101.583 Y126.104 E320.3287
G0 F2700 X101.583 Y126.670
G1 F2700 X126.670 Y101.583 E321.7300
G0 F2700 X127.236 Y101.583
G1 F2700 X101.583 Y127.236 E323.1629
G0 F2700 X101.583 Y127.801
G1 F2700 X127.801 Y101.583 E324.6273
G0 F2700 X128.367 Y101.583
G1 F2700 X101.583 Y128.367 E326.1234
G0 F2700 X101.583 Y128.933
G1 F2700 X128.933 Y101.583 E327.6511
G0 F2700 X129.498 Y101.583
G1 F2700 X101.583 Y129.498 E329.2103
G0 F2700 X101.583 Y130.064
G1 F2700 X130.064 Y101.583 E330.8011
G0 F2700 X130.630 Y101.583
G1 F2700 X101.583 Y130.630 E332.4236
G0 F2700 X101.583 Y131.195
G1 F2700 X131.195 Y101.583 E334.0776
G0 F2700 X131.761 Y101.583
G1 F2700 X101.583 Y131.761 E335.7633
G0 F2700 X101.583 Y132.327
G1 F2700 X132.327 Y101.583 E337.4805
G0 F2700 X132.892 Y101.583
G1 F2700 X101.583 Y132.892 E339.2293
G0 F2700 X101.583 Y133.458
G1 F2700 X133.458 Y101.583 E341.0097
G0 F2700 X134.024 Y101.583
G1 F2700 X101.583 Y134.024 E342.8218
G0 F2700 X101.583 Y134.589
G1 F2700 X134.589 Y101.583 E344.6654
G0 F2700 X135.155 Y101.583
G1 F2700 X101.583 Y135.155 E346.5406
G0 F2700 X101.583 Y135.721
G1 F2700 X135.721 Y101.583 E348.4474
G0 F2700 X136.287 Y101.583
G1 F2700 X101.583 Y136.287 E350.3858
G0 F2700 X101.583 Y136.852
G1 F2700 X136.852 Y101.583 E352.3558
G0 F2700 X137.418 Y101.583
G1 F2700 X101.583 Y137.418 E354.3574
G0 F2700 X101.583 Y137.984
G1 F2700 X137.984 Y101.583 E356.3907
G0 F2700 X138.549 Y101.583
G1 F2700 X101.583 Y138.549 E358.4555
G0 F2700 X101.583 Y139.115
G1 F2700 X139.115 Y101.583 E360.5519
G0 F2700 X139.681 Y101.583
G1 F2700 X101.583 Y139.681 E362.6799
G0 F2700 X101.583 Y140.246
G1 F2700 X140.246 Y101.583 E364.8394
G0 F2700 X140.812 Y101.583
G1 F2700 X101.583 Y140.812 E367.0306
G0 F2700 X101.583 Y141.378
G1 F2700 X141.378 Y101.583 E369.2534
G0 F2700 X141.943 Y101.583
G1 F2700 X101.583 Y141.943 E371.5078
G0 F2700 X101.583 Y142.509
G1 F2700 X142.509 Y101.583 E373.7938
G0 F2700 X143.075 Y101.583
G1 F2700 X101.583 Y143.075 E376.1114
G0 F2700 X101.583 Y143.640
G1 F2700 X143.640 Y101.583 E378.4605
G0 F2700 X144.206 Y101.583
G1 F2700 X101.583 Y144.206 E380.8413
G0 F2700 X101.583 Y144.772
G1 F2700 X144.772 Y101.583 E383.2537
G0 F2700 X145.338 Y101.583
G1 F2700 X101.583 Y145.338 E385.6977
G0 F2700 X101.583 Y145.903
G1 F2700 X145.903 Y101.583 E388.1732
G0 F2700 X146.469 Y101.583
G1 F2700 X101.583 Y146.469 E390.6804
G0 F2700 X101.583 Y147.035
G1 F2700 X147.035 Y101.583 E393.2192
G0 F2700 X147.600 Y101.583
G1 F2700 X101.583 Y147.600 E395.7895
G0 F2700 X101.583 Y148.166
G1 F2700 X148.166 Y101.583 E398.3915
G0 F2700 X148.415 Y101.900
G1 F2700 X101.900 Y148.415 E400.9896
G0 F2700 X102.466 Y148.415
G1 F2700 X148.415 Y102.466 E403.5562
G0 F2700 X148.415 Y103.031
G1 F2700 X103.031 Y148.415 E406.0912
G0 F2700 X103.597 Y148.415
G1 F2700 X148.415 Y103.597 E408.5945
G0 F2700 X148.415 Y104.163
G1 F2700 X104.163 Y148.415 E411.0663
G0 F2700 X104.728 Y148.415
G1 F2700 X148.415 Y104.728 E413.5065
G0 F2700 X148.415 Y105.294
G1 F2700 X105.294 Y148.415 E415.9151
G0 F2700 X105.860 Y148.415
G1 F2700 X148.415 Y105.860 E418.2920
G0 F2700 X148.415 Y106.425
G1 F2700 X106.425 Y148.415 E420.6374
G0 F2700 X106.991 Y148.415
G1 F2700 X148.415 Y106.991 E422.9512
G0 F2700 X148.415 Y107.557
G1 F2700 X107.557 Y148.415 E425.2334
G0 F2700 X108.122 Y148.415
G1 F2700 X148.415 Y108.122 E427.4840
G0 F2700 X148.415 Y108.688
G1 F2700 X108.688 Y148.415 E429.7030
G0 F2700 X109.254 Y148.415
G1 F2700 X148.415 Y109.254 E431.8904
G0 F2700 X148.415 Y109.820
G1 F2700 X109.820 Y148.415 E434.0462
G0 F2700 X110.385 Y148.415
G1 F2700 X148.415 Y110.385 E436.1704
G0 F2700 X148.415 Y110.951
G1 F2700 X110.951 Y148.415 E438.2630
G0 F2700 X111.517 Y148.415
G1 F2700 X148.415 Y111.517 E440.3240
G0 F2700 X148.415 Y112.082
G1 F2700 X112.082 Y148.415 E442.3534
G0 F2700 X112.648 Y148.415
G1 F2700 X148.415 Y112.648 E444.3513
G0 F2700 X148.415 Y113.214
G1 F2700 X113.214 Y148.415 E446.3175
G0 F2700 X113.779 Y148.415
G1 F2700 X148.415 Y113.779 E448.2521
G0 F2700 X148.415 Y114.345
G1 F2700 X114.345 Y148.415 E450.1551
G0 F2700 X114.911 Y148.415
G1 F2700 X148.415 Y114.911 E452.0265
G0 F2700 X148.415 Y115.476
G1 F2700 X115.476 Y148.415 E453.8664
G0 F2700 X116.042 Y148.415
G1 F2700 X148.415 Y116.042 E455.6746
G0 F2700 X148.415 Y116.608
G1 F2700 X116.608 Y148.415 E457.4512
G0 F2700 X117.173 Y148.415
G1 F2700 X148.415 Y117.173 E459.1963
G0 F2700 X148.415 Y117.739
G1 F2700 X117.739 Y148.415 E460.9098
G0 F2700 X118.305 Y148.415
G1 F2700 X148.415 Y118.305 E462.5916
G0 F2700 X148.415 Y118.871
G1 F2700 X118.871 Y148.415 E464.2418
G0 F2700 X119.436 Y148.415
G1 F2700 X148.415 Y119.436 E465.8605
G0 F2700 X148.415 Y120.002
G1 F2700 X120.002 Y148.415 E467.4475
G0 F2700 X120.568 Y148.415
G1 F2700 X148.415 Y120.568 E469.0030
G0 F2700 X148.415 Y121.133
G1 F2700 X121.133 Y148.415 E470.5268
G0 F2700 X121.699 Y148.415
G1 F2700 X148.415 Y121.699 E472.0191
G0 F2700 X148.415 Y122.265
G1 F2700 X122.265 Y148.415 E473.4797
G0 F2700 X122.830 Y148.415
G1 F2700 X148.415 Y122.830 E474.9088
G0 F2700 X148.415 Y123.396
G1 F2700 X123.396 Y148.415 E476.3063
G0 F2700 X123.962 Y148.415
G1 F2700 X148.415 Y123.962 E477.6721
G0 F2700 X148.415 Y124.527
G1 F2700 X124.527 Y148.415 E479.0064
G0 F2700 X125.093 Y148.415
G1 F2700 X148.415 Y125.093 E480.3091
G0 F2700 X148.415 Y125.659
G1 F2700 X125.659 Y148.415 E481.5802
G0 F2700 X126.224 Y148.415
G1 F2700 X148.415 Y126.224 E482.8197
G0 F2700 X148.415 Y126.790
G1 F2700 X126.790 Y148.415 E484.0276
G0 F2700 X127.356 Y148.415
G1 F2700 X148.415 Y127.356 E485.2039
G0 F2700 X148.415 Y127.921
G1 F2700 X127.921 Y148.415 E486.3486
G0 F2700 X128.487 Y148.415
G1 F2700 X148.415 Y128.487 E487.4617
G0 F2700 X148.415 Y129.053
G1 F2700 X129.053 Y148.415 E488.5432
G0 F2700 X129.619 Y148.415
G1 F2700 X148.415 Y129.619 E489.5931
G0 F2700 X148.415 Y130.184
G1 F2700 X130.184 Y148.415 E490.6114
G0 F2700 X130.750 Y148.415
G1 F2700 X148.415 Y130.750 E491.5981
G0 F2700 X148.415 Y131.316
G1 F2700 X131.316 Y148.415 E492.5532
G0 F2700 X131.881 Y148.415
G1 F2700 X148.415 Y131.881 E493.4767
G0 F2700 X148.415 Y132.447
G1 F2700 X132.447 Y148.415 E494.3686
G0 F2700 X133.013 Y148.415
G1 F2700 X148.415 Y133.013 E495.2289
G0 F2700 X148.415 Y133.578
G1 F2700 X133.578 Y148.415 E496.0577
G0 F2700 X134.144 Y148.415
G1 F2700 X148.415 Y134.144 E496.8548
G0 F2700 X148.415 Y134.710
G1 F2700 X134.710 Y148.415 E497.6203
G0 F2700 X135.275 Y148.415
G1 F2700 X148.415 Y135.275 E498.3542
G0 F2700 X148.415 Y135.841
G1 F2700 X135.841 Y148.415 E499.0566
G0 F2700 X136.407 Y148.415
G1 F2700 X148.415 Y136.407 E499.7273
G0 F2700 X148.415 Y136.972
G1 F2700 X136.972 Y148.415 E500.3665
G0 F2700 X137.538 Y148.415
G1 F2700 X148.415 Y137.538 E500.9740
G0 F2700 X148.415 Y138.104
G1 F2700 X138.104 Y148.415 E501.5500
G0 F2700 X138.670 Y148.415
G1 F2700 X148.415 Y138.670 E502.0943
G0 F2700 X148.415 Y139.235
G1 F2700 X139.235 Y148.415 E502.6070
G0 F2700 X139.801 Y148.415
G1 F2700 X148.415 Y139.801 E503.0882
G0 F2700 X148.415 Y140.367
G1 F2700 X140.367 Y148.415 E503.5377
G0 F2700 X140.932 Y148.415
G1 F2700 X148.415 Y140.932 E503.9557
G0 F2700 X148.415 Y141.498
G1 F2700 X141.498 Y148.415 E504.3420
G0 F2700 X142.064 Y148.415
G1 F2700 X148.415 Y142.064 E504.6968
G0 F2700 X148.415 Y142.629
G1 F2700 X142.629 Y148.415 E505.0200
G0 F2700 X143.195 Y148.415
G1 F2700 X148.415 Y143.195 E505.3115
G0 F2700 X148.415 Y143.761
G1 F2700 X143.761 Y148.415 E505.5715
G0 F2700 X144.326 Y148.415
G1 F2700 X148.415 Y144.326 E505.7999
G0 F2700 X148.415 Y144.892
G1 F2700 X144.892 Y148.415 E505.9967
G0 F2700 X145.458 Y148.415
G1 F2700 X148.415 Y145.458 E506.1618
G0 F2700 X148.415 Y146.023
G1 F2700 X146.023 Y148.415 E506.2955
G0 F2700 X146.589 Y148.415
G1 F2700 X148.415 Y146.589 E506.3974
G0 F2700 X148.415 Y147.155
G1 F2700 X147.155 Y148.415 E506.4678
G0 F2700 X147.720 Y148.415
G1 F2700 X148.415 Y147.720 E506.5066
G0 F2700 X148.415 Y148.286
G1 F2700 X148.286 Y148.415 E506.5139
;PRINTING_TIME: 329
;REMAINING_TIME: 5914
;LAYER:2
;Z:0.750
;HEIGHT:0.250
;FLOW:100.0
;PRINTING: Flow_Calibration_Cube_0.4_mm.stl
;PRINTING_ID: 0
G1 F2400 E503.5139
G1 F300 Z0.950
G0 F3900 X100.200 Y100.200
G0 F300 Z0.750
;TYPE:WALL-OUTER
;WIDTH:0.400
G1 F300 Z0.750
G1 F1500 E506.5139
G1 F2100 X149.800 Y100.200 E508.5760
G1 X149.800 Y149.800 E510.6381
G1 X100.200 Y149.800 E512.7002
G1 X100.200 Y100.200 E514.7624
G0 F3900 X100.600 Y100.600
;TYPE:WALL-INNER
;WIDTH:0.400
;FLOW:90.0
G1 F2400 X149.400 Y100.600 E516.5883
G1 X149.400 Y149.400 E518.4143
G1 X100.600 Y149.400 E520.2403
G1 X100.600 Y100.600 E522.0663
G0 F3900 X101.000 Y101.000
G1 F2400 X149.000 Y101.000 E523.8623
G1 X149.000 Y149.000 E525.6584
G1 X101.000 Y149.000 E527.4544
G1 X101.000 Y101.000 E529.2505
G0 F3900 X101.400 Y101.400
G1 F2400 X148.600 Y101.400 E531.0166
G1 X148.600 Y148.600 E532.7827
G1 X101.400 Y148.600 E534.5488
G1 X101.400 Y101.400 E536.3149
G1 F2400 E533.3149
G1 F300 Z0.950
G0 F3900 X101.583 Y148.252
;TYPE:SOLID-FILL
;WIDTH:0.400
;FLOW:95.0
G1 F300 Z0.750
G1 F1500 E536.3149
G1 F3000 X101.746 Y148.415 E536.3240
G0 F3000 X102.311 Y148.415
G1 F3000 X101.583 Y147.687 E536.3647
G0 F3000 X101.583 Y147.121
G1 F3000 X102.877 Y148.415 E536.4370
G0 F3000 X103.443 Y148.415
G1 F3000 X101.583 Y146.555 E536.5409
G0 F3000 X101.583 Y145.989
G1 F3000 X104.009 Y148.415 E536.6764
G0 F3000 X104.574 Y148.415
G1 F3000 X101.583 Y145.424 E536.8434
G0 F3000 X101.583 Y144.858
G1 F3000 X105.140 Y148.415 E537.0421
G0 F3000 X105.706 Y148.415
G1 F3000 X101.583 Y144.292 E537.2724
G0 F3000 X101.583 Y143.727
G1 F3000 X106.271 Y148.415 E537.5343
G0 F3000 X106.837 Y148.415
G1 F3000 X101.583 Y143.161 E537.8277
G0 F3000 X101.583 Y142.595
G1 F3000 X107.403 Y148.415 E538.1528
G0 F3000 X107.968 Y148.415
G1 F3000 X101.583 Y142.030 E538.5095
G0 F3000 X101.583 Y141.464
G1 F3000 X108.534 Y148.415 E538.8977
G0 F3000 X109.100 Y148.415
G1 F3000 X101.583 Y140.898 E539.3176
G0 F3000 X101.583 Y140.333
G1 F3000 X109.665 Y148.415 E539.7690
G0 F3000 X110.231 Y148.415
G1 F3000 X101.583 Y139.767 E540.2521
G0 F3000 X101.583 Y139.201
G1 F3000 X110.797 Y148.415 E540.7667
G0 F3000 X111.362 Y148.415
G1 F3000 X101.583 Y138.636 E541.3130
G0 F3000 X101.583 Y138.070
G1 F3000 X111.928 Y148.415 E541.8908
G0 F3000 X112.494 Y148.415
G1 F3000 X101.583 Y137.504 E542.5002
G0 F3000 X101.583 Y136.939
G1 F3000 X113.060 Y148.415 E543.1413
G0 F3000 X113.625 Y148.415
G1 F3000 X101.583 Y136.373 E543.8139
G0 F3000 X101.583 Y135.807
G1 F3000 X114.191 Y148.415 E544.5181
G0 F3000 X114.757 Y148.415
G1 F3000 X101.583 Y135.241 E545.2540
G0 F3000 X101.583 Y134.676
G1 F3000 X115.322 Y148.415 E546.0214
G0 F3000 X115.888 Y148.415
G1 F3000 X101.583 Y134.110 E546.8204
G0 F3000 X101.583 Y133.544
G1 F3000 X116.454 Y148.415 E547.6511
G0 F3000 X117.019 Y148.415
G1 F3000 X101.583 Y132.979 E548.5133
G0 F3000 X101.583 Y132.413
G1 F3000 X117.585 Y148.415 E549.4071
G0 F3000 X118.151 Y148.415
G1 F3000 X101.583 Y131.847 E550.3325
G0 F3000 X101.583 Y131.282
G1 F3000 X118.716 Y148.415 E551.2895
G0 F3000 X119.282 Y148.415
G1 F3000 X101.583 Y130.716 E552.2781
G0 F3000 X101.583 Y130.150
G1 F3000 X119.848 Y148.415 E553.2983
G0 F3000 X120.413 Y148.415
G1 F3000 X101.583 Y129.585 E554.3501
G0 F3000 X101.583 Y129.019
G1 F3000 X120.979 Y148.415 E555.4335
G0 F3000 X121.545 Y148.415
G1 F3000 X101.583 Y128.453 E556.5485
G0 F3000 X101.583 Y127.888
G1 F3000 X122.110 Y148.415 E557.6950
G0 F3000 X122.676 Y148.415
G1 F3000 X101.583 Y127.322 E558.8732
G0 F3000 X101.583 Y126.756
G1 F3000 X123.242 Y148.415 E560.0830
G0 F3000 X123.808 Y148.415
G1 F3000 X101.583 Y126.190 E561.3244
G0 F3000 X101.583 Y125.625
G1 F3000 X124.373 Y148.415 E562.5974
G0 F3000 X124.939 Y148.415
G1 F3000 X101.583 Y125.059 E563.9020
G0 F3000 X101.583 Y124.493
G1 F3000 X125.505 Y148.415 E565.2382
G0 F3000 X126.070 Y148.415
G1 F3000 X101.583 Y123.928 E566.6059
G0 F3000 X101.583 Y123.362
G1 F3000 X126.636 Y148.415 E568.0053
G0 F3000 X127.202 Y148.415
G1 F3000 X101.583 Y122.796 E569.4363
G0 F3000 X101.583 Y122.231
G1 F3000 X127.767 Y148.415 E570.8988
G0 F3000 X128.333 Y148.415
G1 F3000 X101.583 Y121.665 E572.3930
G0 F3000 X101.583 Y121.099
G1 F3000 X128.899 Y148.415 E573.9187
G0 F3000 X129.464 Y148.415
G1 F3000 X101.583 Y120.534 E575.4761
G0 F3000 X101.583 Y119.968
G1 F3000 X130.030 Y148.415 E577.0650
G0 F3000 X130.596 Y148.415
G1 F3000 X101.583 Y119.402 E578.6856
G0 F3000 X101.583 Y118.837
G1 F3000 X131.161 Y148.415 E580.3377
G0 F3000 X131.727 Y148.415
G1 F3000 X101.583 Y118.271 E582.0214
G0 F3000 X101.583 Y117.705
G1 F3000 X132.293 Y148.415 E583.7368
G0 F3000 X132.859 Y148.415
G1 F3000 X101.583 Y117.140 E585.4837
G0 F3000 X101.583 Y116.574
G1 F3000 X133.424 Y148.415 E587.2622
G0 F3000 X133.990 Y148.415
G1 F3000 X101.583 Y116.008 E589.0724
G0 F3000 X101.583 Y115.442
G1 F3000 X134.556 Y148.415 E590.9141
G0 F3000 X135.121 Y148.415
G1 F3000 X101.583 Y114.877 E592.7874
G0 F3000 X101.583 Y114.311
G1 F3000 X135.687 Y148.415 E594.6924
G0 F3000 X136.253 Y148.415
G1 F3000 X101.583 Y113.745 E596.6289
G0 F3000 X101.583 Y113.180
G1 F3000 X136.818 Y148.415 E598.5970
G0 F3000 X137.384 Y148.415
G1 F3000 X101.583 Y112.614 E600.5967
G0 F3000 X101.583 Y112.048
G1 F3000 X137.950 Y148.415 E602.6281
G0 F3000 X138.515 Y148.415
G1 F3000 X101.583 Y111.483 E604.6909
G0 F3000 X101.583 Y110.917
G1 F3000 X139.081 Y148.415 E606.7854
G0 F3000 X139.647 Y148.415
G1 F3000 X101.583 Y110.351 E608.9116
G0 F3000 X101.583 Y109.786
G1 F3000 X140.212 Y148.415 E611.0692
G0 F3000 X140.778 Y148.415
G1 F3000 X101.583 Y109.220 E613.2585
G0 F3000 X101.583 Y108.654
G1 F3000 X141.344 Y148.415 E615.4794
G0 F3000 X141.909 Y148.415
G1 F3000 X101.583 Y108.089 E617.7319
G0 F3000 X101.583 Y107.523
G1 F3000 X142.475 Y148.415 E620.0160
G0 F3000 X143.041 Y148.415
G1 F3000 X101.583 Y106.957 E622.3317
G0 F3000 X101.583 Y106.391
G1 F3000 X143.607 Y148.415 E624.6790
G0 F3000 X144.172 Y148.415
G1 F3000 X101.583 Y105.826 E627.0578
G0 F3000 X101.583 Y105.260
G1 F3000 X144.738 Y148.415 E629.4683
G0 F3000 X145.304 Y148.415
G1 F3000 X101.583 Y104.694 E631.9104
G0 F3000 X101.583 Y104.129
G1 F3000 X145.869 Y148.415 E634.3841
G0 F3000 X146.435 Y148.415
G1 F3000 X101.583 Y103.563 E636.8893
G0 F3000 X101.583 Y102.997
G1 F3000 X147.001 Y148.415 E639.4262
G0 F3000 X147.566 Y148.415
G1 F3000 X101.583 Y102.432 E641.9947
G0 F3000 X101.583 Y101.866
G1 F3000 X148.132 Y148.415 E644.5947
G0 F3000 X148.415 Y148.132
G1 F3000 X101.866 Y101.583 E647.1948
G0 F3000 X102.432 Y101.583
G1 F3000 X148.415 Y147.566 E649.7632
G0 F3000 X148.415 Y147.001
G1 F3000 X102.997 Y101.583 E652.3001
G0 F3000 X103.563 Y101.583
G1 F3000 X148.415 Y146.435 E654.8054
G0 F3000 X148.415 Y145.869
G1 F3000 X104.129 Y101.583 E657.2790
G0 F3000 X104.694 Y101.583
G1 F3000 X148.415 Y145.304 E659.7211
G0 F3000 X148.415 Y144.738
G1 F3000 X105.260 Y101.583 E662.1316
G0 F3000 X105.826 Y101.583
G1 F3000 X148.415 Y144.172 E664.5105
G0 F3000 X148.415 Y143.607
G1 F3000 X106.391 Y101.583 E666.8578
G0 F3000 X106.957 Y101.583
G1 F3000 X148.415 Y143.041 E669.1735
G0 F3000 X148.415 Y142.475
G1 F3000 X107.523 Y101.583 E671.4576
G0 F3000 X108.089 Y101.583
G1 F3000 X148.415 Y141.909 E673.7100
G0 F3000 X148.415 Y141.344
G1 F3000 X108.654 Y101.583 E675.9309
G0 F3000 X109.220 Y101.583
G1 F3000 X148.415 Y140.778 E678.1202
G0 F3000 X148.415 Y140.212
G1 F3000 X109.786 Y101.583 E680.2779
G0 F3000 X110.351 Y101.583
G1 F3000 X148.415 Y139.647 E682.4040
G0 F3000 X148.415 Y139.081
G1 F3000 X110.917 Y101.583 E684.4985
G0 F3000 X111.483 Y101.583
G1 F3000 X148.415 Y138.515 E686.5614
G0 F3000 X148.415 Y137.950
G1 F3000 X112.048 Y101.583 E688.5927
G0 F3000 X112.614 Y101.583
G1 F3000 X148.415 Y137.384 E690.5924
G0 F3000 X148.415 Y136.818
G1 F3000 X113.180 Y101.583 E692.5605
G0 F3000 X113.745 Y101.583
G1 F3000 X148.415 Y136.253 E694.4971
G0 F3000 X148.415 Y135.687
G1 F3000 X114.311 Y101.583 E696.4020
G0 F3000 X114.877 Y101.583
G1 F3000 X148.415 Y135.121 E698.2753
G0 F3000 X148.415 Y134.556
G1 F3000 X115.442 Y101.583 E700.1171
G0 F3000 X116.008 Y101.583
G1 F3000 X148.415 Y133.990 E701.9272
G0 F3000 X148.415 Y133.424
G1 F3000 X116.574 Y101.583 E703.7057
G0 F3000 X117.140 Y101.583
G1 F3000 X148.415 Y132.859 E705.4527
G0 F3000 X148.415 Y132.293
G1 F3000 X117.705 Y101.583 E707.1680
G0 F3000 X118.271 Y101.583
G1 F3000 X148.415 Y131.727 E708.8517
G0 F3000 X148.415 Y131.161
G1 F3000 X118.837 Y101.583 E710.5039
G0 F3000 X119.402 Y101.583
G1 F3000 X148.415 Y130.596 E712.1244
G0 F3000 X148.415 Y130.030
G1 F3000 X119.968 Y101.583 E713.7134
G0 F3000 X120.534 Y101.583
G1 F3000 X148.415 Y129.464 E715.2707
G0 F3000 X148.415 Y128.899
G1 F3000 X121.099 Y101.583 E716.7965
G0 F3000 X121.665 Y101.583
G1 F3000 X148.415 Y128.333 E718.2906
G0 F3000 X148.415 Y127.767
G1 F3000 X122.231 Y101.583 E719.7532
G0 F3000 X122.796 Y101.583
G1 F3000 X148.415 Y127.202 E721.1842
G0 F3000 X148.415 Y126.636
G1 F3000 X123.362 Y101.583 E722.5835
G0 F3000 X123.928 Y101.583
G1 F3000 X148.415 Y126.070 E723.9513
G0 F3000 X148.415 Y125.505
G1 F3000 X124.493 Y101.583 E725.2875
G0 F3000 X125.059 Y101.583
G1 F3000 X148.415 Y124.939 E726.5921
G0 F3000 X148.415 Y124.373
G1 F3000 X125.625 Y101.583 E727.8650
G0 F3000 X126.190 Y101.583
G1 F3000 X148.415 Y123.808 E729.1064
G0 F3000 X148.415 Y123.242
G1 F3000 X126.756 Y101.583 E730.3162
G0 F3000 X127.322 Y101.583
G1 F3000 X148.415 Y122.676 E731.4944
G0 F3000 X148.415 Y122.110
G1 F3000 X127.888 Y101.583 E732.6410
G0 F3000 X128.453 Y101.583
G1 F3000 X148.415 Y121.545 E733.7560
G0 F3000 X148.415 Y120.979
G1 F3000 X129.019 Y101.583 E734.8394
G0 F3000 X129.585 Y101.583
G1 F3000 X148.415 Y120.413 E735.8911
G0 F3000 X148.415 Y119.848
G1 F3000 X130.150 Y101.583 E736.9113
G0 F3000 X130.716 Y101.583
G1 F3000 X148.415 Y119.282 E737.8999
G0 F3000 X148.415 Y118.716
G1 F3000 X131.282 Y101.583 E738.8569
G0 F3000 X131.847 Y101.583
G1 F3000 X148.415 Y118.151 E739.7824
G0 F3000 X148.415 Y117.585
G1 F3000 X132.413 Y101.583 E740.6762
G0 F3000 X132.979 Y101.583
G1 F3000 X148.415 Y117.019 E741.5384
G0 F3000 X148.415 Y116.454
G1 F3000 X133.544 Y101.583 E742.3690
G0 F3000 X134.110 Y101.583
G1 F3000 X148.415 Y115.888 E743.1680
G0 F3000 X148.415 Y115.322
G1 F3000 X134.676 Y101.583 E743.9355
G0 F3000 X135.241 Y101.583
G1 F3000 X148.415 Y114.757 E744.6713
G0 F3000 X148.415 Y114.191
G1 F3000 X135.807 Y101.583 E745.3755
G0 F3000 X136.373 Y101.583
G1 F3000 X148.415 Y113.625 E746.0482
G0 F3000 X148.415 Y113.060
G1 F3000 X136.939 Y101.583 E746.6892
G0 F3000 X137.504 Y101.583
G1 F3000 X148.415 Y112.494 E747.2986
G0 F3000 X148.415 Y111.928
G1 F3000 X138.070 Y101.583 E747.8765
G0 F3000 X138.636 Y101.583
G1 F3000 X148.415 Y111.362 E748.4227
G0 F3000 X148.415 Y110.797
G1 F3000 X139.201 Y101.583 E748.9374
G0 F3000 X139.767 Y101.583
G1 F3000 X148.415 Y110.231 E749.4204
G0 F3000 X148.415 Y109.665
G1 F3000 X140.333 Y101.583 E749.8718
G0 F3000 X140.898 Y101.583
G1 F3000 X148.415 Y109.100 E750.2917
G0 F3000 X148.415 Y108.534
G1 F3000 X141.464 Y101.583 E750.6800
G0 F3000 X142.030 Y101.583
G1 F3000 X148.415 Y107.968 E751.0366
G0 F3000 X148.415 Y107.403
G1 F3000 X142.595 Y101.583 E751.3617
G0 F3000 X143.161 Y101.583
G1 F3000 X148.415 Y106.837 E751.6552
G0 F3000 X148.415 Y106.271
G1 F3000 X143.727 Y101.583 E751.9170
G0 F3000 X144.292 Y101.583
G1 F3000 X148.415 Y105.706 E752.1473
G0 F3000 X148.415 Y105.140
G1 F3000 X144.858 Y101.583 E752.3460
G0 F3000 X145.424 Y101.583
G1 F3000 X148.415 Y104.574 E752.5131
G0 F3000 X148.415 Y104.009
G1 F3000 X145.989 Y101.583 E752.6486
G0 F3000 X146.555 Y101.583
G1 F3000 X148.415 Y103.443 E752.7525
G0 F3000 X148.415 Y102.877
G1 F3000 X147.121 Y101.583 E752.8247
G0 F3000 X147.687 Y101.583
G1 F3000 X148.415 Y102.311 E752.8654
G0 F3000 X148.415 Y101.746
G1 F3000 X148.252 Y101.583 E752.8745
;PRINTING_TIME: 476
;REMAINING_TIME: 5767
;LAYER:3
;Z:1.000
;HEIGHT:0.250
;FLOW:100.0
M106 S153
;PRINTING: Flow_Calibration_Cube_0.4_mm.stl
;PRINTING_ID: 0
G1 F2400 E749.8745
G1 F300 Z1.200
G0 F3900 X100.200 Y100.200
G0 F300 Z1.000
;TYPE:WALL-OUTER
;WIDTH:0.400
G1 F300 Z1.000
G1 F1500 E752.8745
G1 F2100 X149.800 Y100.200 E754.9366
G1 X149.800 Y149.800 E756.9988
G1 X100.200 Y149.800 E759.0609
G1 X100.200 Y100.200 E761.1230
G0 F3900 X100.600 Y100.600
;TYPE:WALL-INNER
;WIDTH:0.400
;FLOW:90.0
G1 F2400 X149.400 Y100.600 E762.9490
G1 X149.400 Y149.400 E764.7750
G1 X100.600 Y149.400 E766.6010
G1 X100.600 Y100.600 E768.4269
G0 F3900 X101.000 Y101.000
G1 F2400 X149.000 Y101.000 E770.2230
G1 X149.000 Y149.000 E772.0190
G1 X101.000 Y149.000 E773.8151
G1 X101.000 Y101.000 E775.6111
G0 F3900 X101.400 Y101.400
G1 F2400 X148.600 Y101.400 E777.3773
G1 X148.600 Y148.600 E779.1434
G1 X101.400 Y148.600 E780.9095
G1 X101.400 Y101.400 E782.6756
G0 F3900 X101.583 Y101.780
;TYPE:SOLID-FILL
;WIDTH:0.400
;FLOW:95.0
G1 F3300 X101.780 Y101.583 E782.6866
G0 F3300 X102.345 Y101.583
G1 F3300 X101.583 Y102.345 E782.7292
G0 F3300 X101.583 Y102.911
G1 F3300 X102.911 Y101.583 E782.8033
G0 F3300 X103.477 Y101.583
G1 F3300 X101.583 Y103.477 E782.9091
G0 F3300 X101.583 Y104.042
G1 F3300 X104.042 Y101.583 E783.0465
G0 F3300 X104.608 Y101.583
G1 F3300 X101.583 Y104.608 E783.2154
G0 F3300 X101.583 Y105.174
G1 F3300 X105.174 Y101.583 E783.4160
G0 F3300 X105.740 Y101.583
G1 F3300 X101.583 Y105.740 E783.6482
G0 F3300 X101.583 Y106.305
G1 F3300 X106.305 Y101.583 E783.9120
G0 F3300 X106.871 Y101.583
G1 F3300 X101.583 Y106.871 E784.2073
G0 F3300 X101.583 Y107.437
G1 F3300 X107.437 Y101.583 E784.5343
G0 F3300 X108.002 Y101.583
G1 F3300 X101.583 Y108.002 E784.8929
G0 F3300 X101.583 Y108.568
G1 F3300 X108.568 Y101.583 E785.2830
G0 F3300 X109.134 Y101.583
G1 F3300 X101.583 Y109.134 E785.7048
G0 F3300 X101.583 Y109.699
G1 F3300 X109.699 Y101.583 E786.1581
G0 F3300 X110.265 Y101.583
G1 F3300 X101.583 Y110.265 E786.6431
G0 F3300 X101.583 Y110.831
G1 F3300 X110.831 Y101.583 E787.1596
G0 F3300 X111.396 Y101.583
G1 F3300 X101.583 Y111.396 E787.7077
G0 F3300 X101.583 Y111.962
G1 F3300 X111.962 Y101.583 E788.2875
G0 F3300 X112.528 Y101.583
G1 F3300 X101.583 Y112.528 E788.8988
G0 F3300 X101.583 Y113.093
G1 F3300 X113.093 Y101.583 E789.5417
G0 F3300 X113.659 Y101.583
G1 F3300 X101.583 Y113.659 E790.2163
G0 F3300 X101.583 Y114.225
G1 F3300 X114.225 Y101.583 E790.9224
G0 F3300 X114.791 Y101.583
G1 F3300 X101.583 Y114.791 E791.6601
G0 F3300 X101.583 Y115.356
G1 F3300 X115.356 Y101.583 E792.4295
G0 F3300 X115.922 Y101.583
G1 F3300 X101.583 Y115.922 E793.2304
G0 F3300 X101.583 Y116.488
G1 F3300 X116.488 Y101.583 E794.0629
G0 F3300 X117.053 Y101.583
G1 F3300 X101.583 Y117.053 E794.9270
G0 F3300 X101.583 Y117.619
G1 F3300 X117.619 Y101.583 E795.8227
G0 F3300 X118.185 Y101.583
G1 F3300 X101.583 Y118.185 E796.7501
G0 F3300 X101.583 Y118.750
G1 F3300 X118.750 Y101.583 E797.7089
G0 F3300 X119.316 Y101.583
G1 F3300 X101.583 Y119.316 E798.6994
G0 F3300 X101.583 Y119.882
G1 F3300 X119.882 Y101.583 E799.7216
G0 F3300 X120.447 Y101.583
G1 F3300 X101.583 Y120.447 E800.7752
G0 F3300 X101.583 Y121.013
G1 F3300 X121.013 Y101.583 E801.8605
G0 F3300 X121.579 Y101.583
G1 F3300 X101.583 Y121.579 E802.9774
G0 F3300 X101.583 Y122.144
G1 F3300 X122.144 Y101.583 E804.1259
G0 F3300 X122.710 Y101.583
G1 F3300 X101.583 Y122.710 E805.3060
G0 F3300 X101.583 Y123.276
G1 F3300 X123.276 Y101.583 E806.5177
G0 F3300 X123.841 Y101.583
G1 F3300 X101.583 Y123.841 E807.7609
G0 F3300 X101.583 Y124.407
G1 F3300 X124.407 Y101.583 E809.0358
G0 F3300 X124.973 Y101.583
G1 F3300 X101.583 Y124.973 E810.3422
G0 F3300 X101.583 Y125.539
G1 F3300 X125.539 Y101.583 E811.6803
G0 F3300 X126.104 Y101.583
G1 F3300 X101.583 Y126.104 E813.0500
G0 F3300 X101.583 Y126.670
G1 F3300 X126.670 Y101.583 E814.4513
G0 F3300 X127.236 Y101.583
G1 F3300 X101.583 Y127.236 E815.8842
G0 F3300 X101.583 Y127.801
G1 F3300 X127.801 Y101.583 E817.3486
G0 F3300 X128.367 Y101.583
G1 F3300 X101.583 Y128.367 E818.8446
G0 F3300 X101.583 Y128.933
G1 F3300 X128.933 Y101.583 E820.3723
G0 F3300 X129.498 Y101.583
G1 F3300 X101.583 Y129.498 E821.9316
G0 F3300 X101.583 Y130.064
G1 F3300 X130.064 Y101.583 E823.5224
G0 F3300 X130.630 Y101.583
G1 F3300 X101.583 Y130.630 E825.1449
G0 F3300 X101.583 Y131.195
G1 F3300 X131.195 Y101.583 E826.7989
G0 F3300 X131.761 Y101.583
G1 F3300 X101.583 Y131.761 E828.4845
G0 F3300 X101.583 Y132.327
G1 F3300 X132.327 Y101.583 E830.2018
G0 F3300 X132.892 Y101.583
G1 F3300 X101.583 Y132.892 E831.9506
G0 F3300 X101.583 Y133.458
G1 F3300 X133.458 Y101.583 E833.7310
G0 F3300 X134.024 Y101.583
G1 F3300 X101.583 Y134.024 E835.5430
G0 F3300 X101.583 Y134.589
G1 F3300 X134.589 Y101.583 E837.3866
G0 F3300 X135.155 Y101.583
G1 F3300 X101.583 Y135.155 E839.2618
G0 F3300 X101.583 Y135.721
G1 F3300 X135.721 Y101.583 E841.1686
G0 F3300 X136.287 Y101.583
G1 F3300 X101.583 Y136.287 E843.1071
G0 F3300 X101.583 Y136.852
G1 F3300 X136.852 Y101.583 E845.0771
G0 F3300 X137.418 Y101.583
G1 F3300 X101.583 Y137.418 E847.0787
G0 F3300 X101.583 Y137.984
G1 F3300 X137.984 Y101.583 E849.1119
G0 F3300 X138.549 Y101.583
G1 F3300 X101.583 Y138.549 E851.1767
G0 F3300 X101.583 Y139.115
G1 F3300 X139.115 Y101.583 E853.2731
G0 F3300 X139.681 Y101.583
G1 F3300 X101.583 Y139.681 E855.4011
G0 F3300 X101.583 Y140.246
G1 F3300 X140.246 Y101.583 E857.5607
G0 F3300 X140.812 Y101.583
G1 F3300 X101.583 Y140.812 E859.7519
G0 F3300 X101.583 Y141.378
G1 F3300 X141.378 Y101.583 E861.9747
G0 F3300 X141.943 Y101.583
G1 F3300 X101.583 Y141.943 E864.2291
G0 F3300 X101.583 Y142.509
G1 F3300 X142.509 Y101.583 E866.5150
G0 F3300 X143.075 Y101.583
G1 F3300 X101.583 Y143.075 E868.8326
G0 F3300 X101.583 Y143.640
G1 F3300 X143.640 Y101.583 E871.1818
G0 F3300 X144.206 Y101.583
G1 F3300 X101.583 Y144.206 E873.5625
G0 F3300 X101.583 Y144.772
G1 F3300 X144.772 Y101.583 E875.9749
G0 F3300 X145.338 Y101.583
G1 F3300 X101.583 Y145.338 E878.4189
G0 F3300 X101.583 Y145.903
G1 F3300 X145.903 Y101.583 E880.8945
G0 F3300 X146.469 Y101.583
G1 F3300 X101.583 Y146.469 E883.4016
G0 F3300 X101.583 Y147.035
G1 F3300 X147.035 Y101.583 E885.9404
G0 F3300 X147.600 Y101.583
G1 F3300 X101.583 Y147.600 E888.5108
G0 F3300 X101.583 Y148.166
G1 F3300 X148.166 Y101.583 E891.1127
G0 F3300 X148.415 Y101.900
G1 F3300 X101.900 Y148.415 E893.7109
G0 F3300 X102.466 Y148.415
G1 F3300 X148.415 Y102.466 E896.2774
G0 F3300 X148.415 Y103.031
G1 F3300 X103.031 Y148.415 E898.8124
G0 F3300 X103.597 Y148.415
G1 F3300 X148.415 Y103.597 E901.3158
G0 F3300 X148.415 Y104.163
G1 F3300 X104.163 Y148.415 E903.7875
G0 F3300 X104.728 Y148.415
G1 F3300 X148.415 Y104.728 E906.2277
G0 F3300 X148.415 Y105.294
G1 F3300 X105.294 Y148.415 E908.6363
G0 F3300 X105.860 Y148.415
G1 F3300 X148.415 Y105.860 E911.0133
G0 F3300 X148.415 Y106.425
G1 F3300 X106.425 Y148.415 E913.3587
G0 F3300 X106.991 Y148.415
G1 F3300 X148.415 Y106.991 E915.6725
G0 F3300 X148.415 Y107.557
G1 F3300 X107.557 Y148.415 E917.9547
G0 F3300 X108.122 Y148.415
G1 F3300 X148.415 Y108.122 E920.2053
G0 F3300 X148.415 Y108.688
G1 F3300 X108.688 Y148.415 E922.4243
G0 F3300 X109.254 Y148.415
G1 F3300 X148.415 Y109.254 E924.6117
G0 F3300 X148.415 Y109.820
G1 F3300 X109.820 Y148.415 E926.7675
G0 F3300 X110.385 Y148.415
G1 F3300 X148.415 Y110.385 E928.8917
G0 F3300 X148.415 Y110.951
G1 F3300 X110.951 Y148.415 E930.9843
G0 F3300 X111.517 Y148.415
G1 F3300 X148.415 Y111.517 E933.0453
G0 F3300 X148.415 Y112.082
G1 F3300 X112.082 Y148.415 E935.0747
G0 F3300 X112.648 Y148.415
G1 F3300 X148.415 Y112.648 E937.0725
G0 F3300 X148.415 Y113.214
G1 F3300 X113.214 Y148.415 E939.0387
G0 F3300 X113.779 Y148.415
G1 F3300 X148.415 Y113.779 E940.9733
G0 F3300 X148.415 Y114.345
G1 F3300 X114.345 Y148.415 E942.8764
G0 F3300 X114.911 Y148.415
G1 F3300 X148.415 Y114.911 E944.7478
G0 F3300 X148.415 Y115.476
G1 F3300 X115.476 Y148.415 E946.5876
G0 F3300 X116.042 Y148.415
G1 F3300 X148.415 Y116.042 E948.3959
G0 F3300 X148.415 Y116.608
G1 F3300 X116.608 Y148.415 E950.1725
G0 F3300 X117.173 Y148.415
G1 F3300 X148.415 Y117.173 E951.9176
G0 F3300 X148.415 Y117.739
G1 F3300 X117.739 Y148.415 E953.6310
G0 F3300 X118.305 Y148.415
G1 F3300 X148.415 Y118.305 E955.3128
G0 F3300 X148.415 Y118.871
G1 F3300 X118.871 Y148.415 E956.9631
G0 F3300 X119.436 Y148.415
G1 F3300 X148.415 Y119.436 E958.5817
G0 F3300 X148.415 Y120.002
G1 F3300 X120.002 Y148.415 E960.1688
G0 F3300 X120.568 Y148.415
G1 F3300 X148.415 Y120.568 E961.7242
G0 F3300 X148.415 Y121.133
G1 F3300 X121.133 Y148.415 E963.2481
G0 F3300 X121.699 Y148.415
G1 F3300 X148.415 Y121.699 E964.7403
G0 F3300 X148.415 Y122.265
G1 F3300 X122.265 Y148.415 E966.2010
G0 F3300 X122.830 Y148.415
G1 F3300 X148.415 Y122.830 E967.6301
G0 F3300 X148.415 Y123.396
G1 F3300 X123.396 Y148.415 E969.0275
G0 F3300 X123.962 Y148.415
G1 F3300 X148.415 Y123.962 E970.3934
G0 F3300 X148.415 Y124.527
G1 F3300 X124.527 Y148.415 E971.7277
G0 F3300 X125.093 Y148.415
G1 F3300 X148.415 Y125.093 E973.0304
G0 F3300 X148.415 Y125.659
G1 F3300 X125.659 Y148.415 E974.3014
G0 F3300 X126.224 Y148.415
G1 F3300 X148.415 Y126.224 E975.5410
G0 F3300 X148.415 Y126.790
G1 F3300 X126.790 Y148.415 E976.7488
G0 F3300 X127.356 Y148.415
G1 F3300 X148.415 Y127.356 E977.9251
G0 F3300 X148.415 Y127.921
G1 F3300 X127.921 Y148.415 E979.0698
G0 F3300 X128.487 Y148.415
G1 F3300 X148.415 Y128.487 E980.1829
G0 F3300 X148.415 Y129.053
G1 F3300 X129.053 Y148.415 E981.2644
G0 F3300 X129.619 Y148.415
G1 F3300 X148.415 Y129.619 E982.3143
G0 F3300 X148.415 Y130.184
G1 F3300 X130.184 Y148.415 E983.3326
G0 F3300 X130.750 Y148.415
G1 F3300 X148.415 Y130.750 E984.3193
G0 F3300 X148.415 Y131.316
G1 F3300 X131.316 Y148.415 E985.2744
G0 F3300 X131.881 Y148.415
G1 F3300 X148.415 Y131.881 E986.1980
G0 F3300 X148.415 Y132.447
G1 F3300 X132.447 Y148.415 E987.0899
G0 F3300 X133.013 Y148.415
G1 F3300 X148.415 Y133.013 E987.9502
G0 F3300 X148.415 Y133.578
G1 F3300 X133.578 Y148.415 E988.7789
G0 F3300 X134.144 Y148.415
G1 F3300 X148.415 Y134.144 E989.5760
G0 F3300 X148.415 Y134.710
G1 F3300 X134.710 Y148.415 E990.3415
G0 F3300 X135.275 Y148.415
G1 F3300 X148.415 Y135.275 E991.0755
G0 F3300 X148.415 Y135.841
G1 F3300 X135.841 Y148.415 E991.7778
G0 F3300 X136.407 Y148.415
G1 F3300 X148.415 Y136.407 E992.4486
G0 F3300 X148.415 Y136.972
G1 F3300 X136.972 Y148.415 E993.0877
G0 F3300 X137.538 Y148.415
G1 F3300 X148.415 Y137.538 E993.6953
G0 F3300 X148.415 Y138.104
G1 F3300 X138.104 Y148.415 E994.2712
G0 F3300 X138.670 Y148.415
G1 F3300 X148.415 Y138.670 E994.8155
G0 F3300 X148.415 Y139.235
G1 F3300 X139.235 Y148.415 E995.3283
G0 F3300 X139.801 Y148.415
G1 F3300 X148.415 Y139.801 E995.8094
G0 F3300 X148.415 Y140.367
G1 F3300 X140.367 Y148.415 E996.2590
G0 F3300 X140.932 Y148.415
G1 F3300 X148.415 Y140.932 E996.6769
G0 F3300 X148.415 Y141.498
G1 F3300 X141.498 Y148.415 E997.0633
G0 F3300 X142.064 Y148.415
G1 F3300 X148.415 Y142.064 E997.4180
G0 F3300 X148.415 Y142.629
G1 F3300 X142.629 Y148.415 E997.7412
G0 F3300 X143.195 Y148.415
G1 F3300 X148.415 Y143.195 E998.0328
G0 F3300 X148.415 Y143.761
G1 F3300 X143.761 Y148.415 E998.2928
G0 F3300 X144.326 Y148.415
G1 F3300 X148.415 Y144.326 E998.5212
G0 F3300 X148.415 Y144.892
G1 F3300 X144.892 Y148.415 E998.7179
G0 F3300 X145.458 Y148.415
G1 F3300 X148.415 Y145.458 E998.8831
G0 F3300 X148.415 Y146.023
G1 F3300 X146.023 Y148.415 E999.0167
G0 F3300 X146.589 Y148.415
G1 F3300 X148.415 Y146.589 E999.1187
G0 F3300 X148.415 Y147.155
G1 F3300 X147.155 Y148.415 E999.1891
G0 F3300 X147.720 Y148.415
G1 F3300 X148.415 Y147.720 E999.2279
G0 F3300 X148.415 Y148.286
G1 F3300 X148.286 Y148.415 E999.2351
;PRINTING_TIME: 613
;REMAINING_TIME: 5631
;LAYER:4
;Z:1.250
;HEIGHT:0.250
;FLOW:100.0
;PRINTING: Flow_Calibration_Cube_0.4_mm.stl
;PRINTING_ID: 0
G1 F2400 E996.2351
G1 F300 Z1.450
G0 F3900 X100.200 Y100.200
G0 F300 Z1.250
;TYPE:WALL-OUTER
;WIDTH:0.400
G1 F300 Z1.250
G1 F1500 E999.2351
G1 F2100 X149.800 Y100.200 E1001.2972
G1 X149.800 Y149.800 E1003.3594
G1 X100.200 Y149.800 E1005.4215
G1 X100.200 Y100.200 E1007.4836
G0 F3900 X100.600 Y100.600
;TYPE:WALL-INNER
;WIDTH:0.400
;FLOW:90.0
G1 F2400 X149.400 Y100.600 E1009.3096
G1 X149.400 Y149.400 E1011.1356
G1 X100.600 Y149.400 E1012.9616
G1 X100.600 Y100.600 E1014.7875
G0 F3900 X101.000 Y101.000
G1 F2400 X149.000 Y101.000 E1016.5836
G1 X149.000 Y149.000 E1018.3796
G1 X101.000 Y149.000 E1020.1757
G1 X101.000 Y101.000 E1021.9717
G0 F3900 X101.400 Y101.400
G1 F2400 X148.600 Y101.400 E1023.7378
G1 X148.600 Y148.600 E1025.5040
G1 X101.400 Y148.600 E1027.2701
G1 X101.400 Y101.400 E1029.0362
G1 F2400 E1026.0362
G1 F300 Z1.450
G0 F3900 X101.583 Y148.252
;TYPE:SOLID-FILL
;WIDTH:0.400
;FLOW:95.0
G1 F300 Z1.250
G1 F1500 E1029.0362
G1 F3600 X101.746 Y148.415 E1029.0453
G0 F3600 X102.311 Y148.415
G1 F3600 X101.583 Y147.687 E1029.0860
G0 F3600 X101.583 Y147.121
G1 F3600 X102.877 Y148.415 E1029.1582
G0 F3600 X103.443 Y148.415
G1 F3600 X101.583 Y146.555 E1029.2621
G0 F3600 X101.583 Y145.989
G1 F3600 X104.009 Y148.415 E1029.3976
G0 F3600 X104.574 Y148.415
G1 F3600 X101.583 Y145.424 E1029.5647
G0 F3600 X101.583 Y144.858
G1 F3600 X105.140 Y148.415 E1029.7634
G0 F3600 X105.706 Y148.415
G1 F3600 X101.583 Y144.292 E1029.9937
G0 F3600 X101.583 Y143.727
G1 F3600 X106.271 Y148.415 E1030.2555
G0 F3600 X106.837 Y148.415
G1 F3600 X101.583 Y143.161 E1030.5490
G0 F3600 X101.583 Y142.595
G1 F3600 X107.403 Y148.415 E1030.8741
G0 F3600 X107.968 Y148.415
G1 F3600 X101.583 Y142.030 E1031.2307
G0 F3600 X101.583 Y141.464
G1 F3600 X108.534 Y148.415 E1031.6190
G0 F3600 X109.100 Y148.415
G1 F3600 X101.583 Y140.898 E1032.0389
G0 F3600 X101.583 Y140.333
G1 F3600 X109.665 Y148.415 E1032.4903
G0 F3600 X110.231 Y148.415
G1 F3600 X101.583 Y139.767 E1032.9733
G0 F3600 X101.583 Y139.201
G1 F3600 X110.797 Y148.415 E1033.4880
G0 F3600 X111.362 Y148.415
G1 F3600 X101.583 Y138.636 E1034.0342
G0 F3600 X101.583 Y138.070
G1 F3600 X111.928 Y148.415 E1034.6120
G0 F3600 X112.494 Y148.415
G1 F3600 X101.583 Y137.504 E1035.2215
G0 F3600 X101.583 Y136.939
G1 F3600 X113.060 Y148.415 E1035.8625
G0 F3600 X113.625 Y148.415
G1 F3600 X101.583 Y136.373 E1036.5352
G0 F3600 X101.583 Y135.807
G1 F3600 X114.191 Y148.415 E1037.2394
G0 F3600 X114.757 Y148.415
G1 F3600 X101.583 Y135.241 E1037.9752
G0 F3600 X101.583 Y134.676
G1 F3600 X115.322 Y148.415 E1038.7427
G0 F3600 X115.888 Y148.415
G1 F3600 X101.583 Y134.110 E1039.5417
G0 F3600 X101.583 Y133.544
G1 F3600 X116.454 Y148.415 E1040.3723
G0 F3600 X117.019 Y148.415
G1 F3600 X101.583 Y132.979 E1041.2345
G0 F3600 X101.583 Y132.413
G1 F3600 X117.585 Y148.415 E1042.1283
G0 F3600 X118.151 Y148.415
G1 F3600 X101.583 Y131.847 E1043.0538
G0 F3600 X101.583 Y131.282
G1 F3600 X118.716 Y148.415 E1044.0107
G0 F3600 X119.282 Y148.415
G1 F3600 X101.583 Y130.716 E1044.9993
G0 F3600 X101.583 Y130.150
G1 F3600 X119.848 Y148.415 E1046.0196
G0 F3600 X120.413 Y148.415
G1 F3600 X101.583 Y129.585 E1047.0713
G0 F3600 X101.583 Y129.019
G1 F3600 X120.979 Y148.415 E1048.1547
G0 F3600 X121.545 Y148.415
G1 F3600 X101.583 Y128.453 E1049.2697
G0 F3600 X101.583 Y127.888
G1 F3600 X122.110 Y148.415 E1050.4163
G0 F3600 X122.676 Y148.415
G1 F3600 X101.583 Y127.322 E1051.5945
G0 F3600 X101.583 Y126.756
G1 F3600 X123.242 Y148.415 E1052.8043
G0 F3600 X123.808 Y148.415
G1 F3600 X101.583 Y126.190 E1054.0457
G0 F3600 X101.583 Y125.625
G1 F3600 X124.373 Y148.415 E1055.3186
G0 F3600 X124.939 Y148.415
G1 F3600 X101.583 Y125.059 E1056.6232
G0 F3600 X101.583 Y124.493
G1 F3600 X125.505 Y148.415 E1057.9594
G0 F3600 X126.070 Y148.415
G1 F3600 X101.583 Y123.928 E1059.3272
G0 F3600 X101.583 Y123.362
G1 F3600 X126.636 Y148.415 E1060.7265
G0 F3600 X127.202 Y148.415
G1 F3600 X101.583 Y122.796 E1062.1575
G0 F3600 X101.583 Y122.231
G1 F3600 X127.767 Y148.415 E1063.6201
G0 F3600 X128.333 Y148.415
G1 F3600 X101.583 Y121.665 E1065.1142
G0 F3600 X101.583 Y121.099
G1 F3600 X128.899 Y148.415 E1066.6400
G0 F3600 X129.464 Y148.415
G1 F3600 X101.583 Y120.534 E1068.1973
G0 F3600 X101.583 Y119.968
G1 F3600 X130.030 Y148.415 E1069.7863
G0 F3600 X130.596 Y148.415
G1 F3600 X101.583 Y119.402 E1071.4068
G0 F3600 X101.583 Y118.837
G1 F3600 X131.161 Y148.415 E1073.0590
G0 F3600 X131.727 Y148.415
G1 F3600 X101.583 Y118.271 E1074.7427
G0 F3600 X101.583 Y117.705
G1 F3600 X132.293 Y148.415 E1076.4580
G0 F3600 X132.859 Y148.415
G1 F3600 X101.583 Y117.140 E1078.2050
G0 F3600 X101.583 Y116.574
G1 F3600 X133.424 Y148.415 E1079.9835
G0 F3600 X133.990 Y148.415
G1 F3600 X101.583 Y116.008 E1081.7936
G0 F3600 X101.583 Y115.442
G1 F3600 X134.556 Y148.415 E1083.6354
G0 F3600 X135.121 Y148.415
G1 F3600 X101.583 Y114.877 E1085.5087
G0 F3600 X101.583 Y114.311
G1 F3600 X135.687 Y148.415 E1087.4136
G0 F3600 X136.253 Y148.415
G1 F3600 X101.583 Y113.745 E1089.3502
G0 F3600 X101.583 Y113.180
G1 F3600 X136.818 Y148.415 E1091.3183
G0 F3600 X137.384 Y148.415
G1 F3600 X101.583 Y112.614 E1093.3180
G0 F3600 X101.583 Y112.048
G1 F3600 X137.950 Y148.415 E1095.3493
G0 F3600 X138.515 Y148.415
G1 F3600 X101.583 Y111.483 E1097.4122
G0 F3600 X101.583 Y110.917
G1 F3600 X139.081 Y148.415 E1099.5067
G0 F3600 X139.647 Y148.415
G1 F3600 X101.583 Y110.351 E1101.6328
G0 F3600 X101.583 Y109.786
G1 F3600 X140.212 Y148.415 E1103.7905
G0 F3600 X140.778 Y148.415
G1 F3600 X101.583 Y109.220 E1105.9798
G0 F3600 X101.583 Y108.654
G1 F3600 X141.344 Y148.415 E1108.2007
G0 F3600 X141.909 Y148.415
G1 F3600 X101.583 Y108.089 E1110.4531
G0 F3600 X101.583 Y107.523
G1 F3600 X142.475 Y148.415 E1112.7372
G0 F3600 X143.041 Y148.415
G1 F3600 X101.583 Y106.957 E1115.0529
G0 F3600 X101.583 Y106.391
G1 F3600 X143.607 Y148.415 E1117.4002
G0 F3600 X144.172 Y148.415
G1 F3600 X101.583 Y105.826 E1119.7791
G0 F3600 X101.583 Y105.260
G1 F3600 X144.738 Y148.415 E1122.1896
G0 F3600 X145.304 Y148.415
G1 F3600 X101.583 Y104.694 E1124.6317
G0 F3600 X101.583 Y104.129
G1 F3600 X145.869 Y148.415 E1127.1053
G0 F3600 X146.435 Y148.415
G1 F3600 X101.583 Y103.563 E1129.6106
G0 F3600 X101.583 Y102.997
G1 F3600 X147.001 Y148.415 E1132.1475
G0 F3600 X147.566 Y148.415
G1 F3600 X101.583 Y102.432 E1134.7159
G0 F3600 X101.583 Y101.866
G1 F3600 X148.132 Y148.415 E1137.3160
G0 F3600 X148.415 Y148.132
G1 F3600 X101.866 Y101.583 E1139.9160
G0 F3600 X102.432 Y101.583
G1 F3600 X148.415 Y147.566 E1142.4845
G0 F3600 X148.415 Y147.001
G1 F3600 X102.997 Y101.583 E1145.0214
G0 F3600 X103.563 Y101.583
G1 F3600 X148.415 Y146.435 E1147.5266
G0 F3600 X148.415 Y145.869
G1 F3600 X104.129 Y101.583 E1150.0003
G0 F3600 X104.694 Y101.583
G1 F3600 X148.415 Y145.304 E1152.4424
G0 F3600 X148.415 Y144.738
G1 F3600 X105.260 Y101.583 E1154.8529
G0 F3600 X105.826 Y101.583
G1 F3600 X148.415 Y144.172 E1157.2317
G0 F3600 X148.415 Y143.607
G1 F3600 X106.391 Y101.583 E1159.5790
G0 F3600 X106.957 Y101.583
G1 F3600 X148.415 Y143.041 E1161.8947
G0 F3600 X148.415 Y142.475
G1 F3600 X107.523 Y101.583 E1164.1788
G0 F3600 X108.089 Y101.583
G1 F3600 X148.415 Y141.909 E1166.4313
G0 F3600 X148.415 Y141.344
G1 F3600 X108.654 Y101.583 E1168.6522
G0 F3600 X109.220 Y101.583
G1 F3600 X148.415 Y140.778 E1170.8415
G0 F3600 X148.415 Y140.212
G1 F3600 X109.786 Y101.583 E1172.9991
G0 F3600 X110.351 Y101.583
G1 F3600 X148.415 Y139.647 E1175.1253
G0 F3600 X148.415 Y139.081
G1 F3600 X110.917 Y101.583 E1177.2198
G0 F3600 X111.483 Y101.583
G1 F3600 X148.415 Y138.515 E1179.2826
G0 F3600 X148.415 Y137.950
G1 F3600 X112.048 Y101.583 E1181.3140
G0 F3600 X112.614 Y101.583
G1 F3600 X148.415 Y137.384 E1183.3137
G0 F3600 X148.415 Y136.818
G1 F3600 X113.180 Y101.583 E1185.2818
G0 F3600 X113.745 Y101.583
G1 F3600 X148.415 Y136.253 E1187.2183
G0 F3600 X148.415 Y135.687
G1 F3600 X114.311 Y101.583 E1189.1233
G0 F3600 X114.877 Y101.583
G1 F3600 X148.415 Y135.121 E1190.9966
G0 F3600 X148.415 Y134.556
G1 F3600 X115.442 Y101.583 E1192.8383
G0 F3600 X116.008 Y101.583
G1 F3600 X148.415 Y133.990 E1194.6484
G0 F3600 X148.415 Y133.424
G1 F3600 X116.574 Y101.583 E1196.4270
G0 F3600 X117.140 Y101.583
G1 F3600 X148.415 Y132.859 E1198.1739
G0 F3600 X148.415 Y132.293
G1 F3600 X117.705 Y101.583 E1199.8893
G0 F3600 X118.271 Y101.583
G1 F3600 X148.415 Y131.727 E1201.5730
G0 F3600 X148.415 Y131.161
G1 F3600 X118.837 Y101.583 E1203.2251
G0 F3600 X119.402 Y101.583
G1 F3600 X148.415 Y130.596 E1204.8457
G0 F3600 X148.415 Y130.030
G1 F3600 X119.968 Y101.583 E1206.4346
G0 F3600 X120.534 Y101.583
G1 F3600 X148.415 Y129.464 E1207.9919
G0 F3600 X148.415 Y128.899
G1 F3600 X121.099 Y101.583 E1209.5177
G0 F3600 X121.665 Y101.583
G1 F3600 X148.415 Y128.333 E1211.0119
G0 F3600 X148.415 Y127.767
G1 F3600 X122.231 Y101.583 E1212.4744
G0 F3600 X122.796 Y101.583
G1 F3600 X148.415 Y127.202 E1213.9054
G0 F3600 X148.415 Y126.636
G1 F3600 X123.362 Y101.583 E1215.3048
G0 F3600 X123.928 Y101.583
G1 F3600 X148.415 Y126.070 E1216.6725
G0 F3600 X148.415 Y125.505
G1 F3600 X124.493 Y101.583 E1218.0087
G0 F3600 X125.059 Y101.583
G1 F3600 X148.415 Y124.939 E1219.3133
G0 F3600 X148.415 Y124.373
G1 F3600 X125.625 Y101.583 E1220.5863
G0 F3600 X126.190 Y101.583
G1 F3600 X148.415 Y123.808 E1221.8277
G0 F3600 X148.415 Y123.242
G1 F3600 X126.756 Y101.583 E1223.0375
G0 F3600 X127.322 Y101.583
G1 F3600 X148.415 Y122.676 E1224.2157
G0 F3600 X148.415 Y122.110
G1 F3600 X127.888 Y101.583 E1225.3622
G0 F3600 X128.453 Y101.583
G1 F3600 X148.415 Y121.545 E1226.4772
G0 F3600 X148.415 Y120.979
G1 F3600 X129.019 Y101.583 E1227.5606
G0 F3600 X129.585 Y101.583
G1 F3600 X148.415 Y120.413 E1228.6124
G0 F3600 X148.415 Y119.848
G1 F3600 X130.150 Y101.583 E1229.6326
G0 F3600 X130.716 Y101.583
G1 F3600 X148.415 Y119.282 E1230.6212
G0 F3600 X148.415 Y118.716
G1 F3600 X131.282 Y101.583 E1231.5782
G0 F3600 X131.847 Y101.583
G1 F3600 X148.415 Y118.151 E1232.5036
G0 F3600 X148.415 Y117.585
G1 F3600 X132.413 Y101.583 E1233.3974
G0 F3600 X132.979 Y101.583
G1 F3600 X148.415 Y117.019 E1234.2596
G0 F3600 X148.415 Y116.454
G1 F3600 X133.544 Y101.583 E1235.0903
G0 F3600 X134.110 Y101.583
G1 F3600 X148.415 Y115.888 E1235.8893
G0 F3600 X148.415 Y115.322
G1 F3600 X134.676 Y101.583 E1236.6567
G0 F3600 X135.241 Y101.583
G1 F3600 X148.415 Y114.757 E1237.3926
G0 F3600 X148.415 Y114.191
G1 F3600 X135.807 Y101.583 E1238.0968
G0 F3600 X136.373 Y101.583
G1 F3600 X148.415 Y113.625 E1238.7694
G0 F3600 X148.415 Y113.060
G1 F3600 X136.939 Y101.583 E1239.4105
G0 F3600 X137.504 Y101.583
G1 F3600 X148.415 Y112.494 E1240.0199
G0 F3600 X148.415 Y111.928
G1 F3600 X138.070 Y101.583 E1240.5977
G0 F3600 X138.636 Y101.583
G1 F3600 X148.415 Y111.362 E1241.1440
G0 F3600 X148.415 Y110.797
G1 F3600 X139.201 Y101.583 E1241.6586
G0 F3600 X139.767 Y101.583
G1 F3600 X148.415 Y110.231 E1242.1417
G0 F3600 X148.415 Y109.665
G1 F3600 X140.333 Y101.583 E1242.5931
G0 F3600 X140.898 Y101.583
G1 F3600 X148.415 Y109.100 E1243.0130
G0 F3600 X148.415 Y108.534
G1 F3600 X141.464 Y101.583 E1243.4012
G0 F3600 X142.030 Y101.583
G1 F3600 X148.415 Y107.968 E1243.7579
G0 F3600 X148.415 Y107.403
G1 F3600 X142.595 Y101.583 E1244.0829
G0 F3600 X143.161 Y101.583
G1 F3600 X148.415 Y106.837 E1244.3764
G0 F3600 X148.415 Y106.271
G1 F3600 X143.727 Y101.583 E1244.6383
G0 F3600 X144.292 Y101.583
G1 F3600 X148.415 Y105.706 E1244.8686
G0 F3600 X148.415 Y105.140
G1 F3600 X144.858 Y101.583 E1245.0672
G0 F3600 X145.424 Y101.583
G1 F3600 X148.415 Y104.574 E1245.2343
G0 F3600 X148.415 Y104.009
G1 F3600 X145.989 Y101.583 E1245.3698
G0 F3600 X146.555 Y101.583
G1 F3600 X148.415 Y103.443 E1245.4737
G0 F3600 X148.415 Y102.877
G1 F3600 X147.121 Y101.583 E1245.5460
G0 F3600 X147.687 Y101.583
G1 F3600 X148.415 Y102.311 E1245.5867
G0 F3600 X148.415 Y101.746
G1 F3600 X148.252 Y101.583 E1245.5958
;PRINTING_TIME: 743
;REMAINING_TIME: 5500
;LAYER:5
;Z:1.500
;HEIGHT:0.250
;FLOW:100.0
;PRINTING: Flow_Calibration_Cube_0.4_mm.stl
;PRINTING_ID: 0
G1 F2400 E1242.5958
G1 F300 Z1.700
G0 F3900 X100.200 Y100.200
G0 F300 Z1.500
;TYPE:WALL-OUTER
;WIDTH:0.400
G1 F300 Z1.500
G1 F1500 E1245.5958
G1 F2100 X149.800 Y100.200 E1247.6579
G1 X149.800 Y149.800 E1249.7200
G1 X100.200 Y149.800 E1251.7821
G1 X100.200 Y100.200 E1253.8443
G0 F3900 X100.600 Y100.600
;TYPE:WALL-INNER
;WIDTH:0.400
;FLOW:90.0
G1 F2400 X149.400 Y100.600 E1255.6703
G1 X149.400 Y149.400 E1257.4962
G1 X100.600 Y149.400 E1259.3222
G1 X100.600 Y100.600 E1261.1482
G0 F3900 X101.000 Y101.000
G1 F2400 X149.000 Y101.000 E1262.9442
G1 X149.000 Y149.000 E1264.7403
G1 X101.000 Y149.000 E1266.5363
G1 X101.000 Y101.000 E1268.3324
G0 F3900 X101.400 Y101.400
G1 F2400 X148.600 Y101.400 E1270.0985
G1 X148.600 Y148.600 E1271.8646
G1 X101.400 Y148.600 E1273.6307
G1 X101.400 Y101.400 E1275.3968
G0 F3900 X101.583 Y101.780
;TYPE:SOLID-FILL
;WIDTH:0.400
;FLOW:95.0
G1 F3600 X101.780 Y101.583 E1275.4078
G0 F3600 X102.345 Y101.583
G1 F3600 X101.583 Y102.345 E1275.4504
G0 F3600 X101.583 Y102.911
G1 F3600 X102.911 Y101.583 E1275.5246
G0 F3600 X103.477 Y101.583
G1 F3600 X101.583 Y103.477 E1275.6304
G0 F3600 X101.583 Y104.042
G1 F3600 X104.042 Y101.583 E1275.7677
G0 F3600 X104.608 Y101.583
G1 F3600 X101.583 Y104.608 E1275.9367
G0 F3600 X101.583 Y105.174
G1 F3600 X105.174 Y101.583 E1276.1373
G0 F3600 X105.740 Y101.583
G1 F3600 X101.583 Y105.740 E1276.3695
G0 F3600 X101.583 Y106.305
G1 F3600 X106.305 Y101.583 E1276.6332
G0 F3600 X106.871 Y101.583
G1 F3600 X101.583 Y106.871 E1276.9286
G0 F3600 X101.583 Y107.437
G1 F3600 X107.437 Y101.583 E1277.2556
G0 F3600 X108.002 Y101.583
G1 F3600 X101.583 Y108.002 E1277.6141
G0 F3600 X101.583 Y108.568
G1 F3600 X108.568 Y101.583 E1278.0043
G0 F3600 X109.134 Y101.583
G1 F3600 X101.583 Y109.134 E1278.4260
G0 F3600 X101.583 Y109.699
G1 F3600 X109.699 Y101.583 E1278.8794
G0 F3600 X110.265 Y101.583
G1 F3600 X101.583 Y110.265 E1279.3643
G0 F3600 X101.583 Y110.831
G1 F3600 X110.831 Y101.583 E1279.8809
G0 F3600 X111.396 Y101.583
G1 F3600 X101.583 Y111.396 E1280.4290
G0 F3600 X101.583 Y111.962
G1 F3600 X111.962 Y101.583 E1281.0087
G0 F3600 X112.528 Y101.583
G1 F3600 X101.583 Y112.528 E1281.6201
G0 F3600 X101.583 Y113.093
G1 F3600 X113.093 Y101.583 E1282.2630
G0 F3600 X113.659 Y101.583
G1 F3600 X101.583 Y113.659 E1282.9375
G0 F3600 X101.583 Y114.225
G1 F3600 X114.225 Y101.583 E1283.6436
G0 F3600 X114.791 Y101.583
G1 F3600 X101.583 Y114.791 E1284.3814
G0 F3600 X101.583 Y115.356
G1 F3600 X115.356 Y101.583 E1285.1507
G0 F3600 X115.922 Y101.583
G1 F3600 X101.583 Y115.922 E1285.9516
G0 F3600 X101.583 Y116.488
G1 F3600 X116.488 Y101.583 E1286.7842
G0 F3600 X117.053 Y101.583
G1 F3600 X101.583 Y117.053 E1287.6483
G0 F3600 X101.583 Y117.619
G1 F3600 X117.619 Y101.583 E1288.5440
G0 F3600 X118.185 Y101.583
G1 F3600 X101.583 Y118.185 E1289.4713
G0 F3600 X101.583 Y118.750
G1 F3600 X118.750 Y101.583 E1290.4302
G0 F3600 X119.316 Y101.583
G1 F3600 X101.583 Y119.316 E1291.4207
G0 F3600 X101.583 Y119.882
G1 F3600 X119.882 Y101.583 E1292.4428
G0 F3600 X120.447 Y101.583
G1 F3600 X101.583 Y120.447 E1293.4965
G0 F3600 X101.583 Y121.013
G1 F3600 X121.013 Y101.583 E1294.5818
G0 F3600 X121.579 Y101.583
G1 F3600 X101.583 Y121.579 E1295.6987
G0 F3600 X101.583 Y122.144
G1 F3600 X122.144 Y101.583 E1296.8471
G0 F3600 X122.710 Y101.583
G1 F3600 X101.583 Y122.710 E1298.0272
G0 F3600 X101.583 Y123.276
G1 F3600 X123.276 Y101.583 E1299.2389
G0 F3600 X123.841 Y101.583
G1 F3600 X101.583 Y123.841 E1300.4822
G0 F3600 X101.583 Y124.407
G1 F3600 X124.407 Y101.583 E1301.7570
G0 F3600 X124.973 Y101.583
G1 F3600 X101.583 Y124.973 E1303.0635
G0 F3600 X101.583 Y125.539
G1 F3600 X125.539 Y101.583 E1304.4016
G0 F3600 X126.104 Y101.583
G1 F3600 X101.583 Y126.104 E1305.7713
G0 F3600 X101.583 Y126.670
G1 F3600 X126.670 Y101.583 E1307.1725
G0 F3600 X127.236 Y101.583
G1 F3600 X101.583 Y127.236 E1308.6054
G0 F3600 X101.583 Y127.801
G1 F3600 X127.801 Y101.583 E1310.0698
G0 F3600 X128.367 Y101.583
G1 F3600 X101.583 Y128.367 E1311.5659
G0 F3600 X101.583 Y128.933
G1 F3600 X128.933 Y101.583 E1313.0936
G0 F3600 X129.498 Y101.583
G1 F3600 X101.583 Y129.498 E1314.6528
G0 F3600 X101.583 Y130.064
G1 F3600 X130.064 Y101.583 E1316.2436
G0 F3600 X130.630 Y101.583
G1 F3600 X101.583 Y130.630 E1317.8661
G0 F3600 X101.583 Y131.195
G1 F3600 X131.195 Y101.583 E1319.5201
G0 F3600 X131.761 Y101.583
G1 F3600 X101.583 Y131.761 E1321.2058
G0 F3600 X101.583 Y132.327
G1 F3600 X132.327 Y101.583 E1322.9230
G0 F3600 X132.892 Y101.583
G1 F3600 X101.583 Y132.892 E1324.6718
G0 F3600 X101.583 Y133.458
G1 F3600 X133.458 Y101.583 E1326.4522
G0 F3600 X134.024 Y101.583
G1 F3600 X101.583 Y134.024 E1328.2643
G0 F3600 X101.583 Y134.589
G1 F3600 X134.589 Y101.583 E1330.1079
G0 F3600 X135.155 Y101.583
G1 F3600 X101.583 Y135.155 E1331.9831
G0 F3600 X101.583 Y135.721
G1 F3600 X135.721 Y101.583 E1333.8899
G0 F3600 X136.287 Y101.583
G1 F3600 X101.583 Y136.287 E1335.8283
G0 F3600 X101.583 Y136.852
G1 F3600 X136.852 Y101.583 E1337.7983
G0 F3600 X137.418 Y101.583
G1 F3600 X101.583 Y137.418 E1339.8000
G0 F3600 X101.583 Y137.984
G1 F3600 X137.984 Y101.583 E1341.8332
G0 F3600 X138.549 Y101.583
G1 F3600 X101.583 Y138.549 E1343.8980
G0 F3600 X101.583 Y139.115
G1 F3600 X139.115 Y101.583 E1345.9944
G0 F3600 X139.681 Y101.583
G1 F3600 X101.583 Y139.681 E1348.1224
G0 F3600 X101.583 Y140.246
G1 F3600 X140.246 Y101.583 E1350.2820
G0 F3600 X140.812 Y101.583
G1 F3600 X101.583 Y140.812 E1352.4731
G0 F3600 X101.583 Y141.378
G1 F3600 X141.378 Y101.583 E1354.6959
G0 F3600 X141.943 Y101.583
G1 F3600 X101.583 Y141.943 E1356.9503
G0 F3600 X101.583 Y142.509
G1 F3600 X142.509 Y101.583 E1359.2363
G0 F3600 X143.075 Y101.583
G1 F3600 X101.583 Y143.075 E1361.5539
G0 F3600 X101.583 Y143.640
G1 F3600 X143.640 Y101.583 E1363.9030
G0 F3600 X144.206 Y101.583
G1 F3600 X101.583 Y144.206 E1366.2838
G0 F3600 X101.583 Y144.772
G1 F3600 X144.772 Y101.583 E1368.6962
G0 F3600 X145.338 Y101.583
G1 F3600 X101.583 Y145.338 E1371.1402
G0 F3600 X101.583 Y145.903
G1 F3600 X145.903 Y101.583 E1373.6157
G0 F3600 X146.469 Y101.583
G1 F3600 X101.583 Y146.469 E1376.1229
G0 F3600 X101.583 Y147.035
G1 F3600 X147.035 Y101.583 E1378.6617
G0 F3600 X147.600 Y101.583
G1 F3600 X101.583 Y147.600 E1381.2320
G0 F3600 X101.583 Y148.166
G1 F3600 X148.166 Y101.583 E1383.8340
G0 F3600 X148.415 Y101.900
G1 F3600 X101.900 Y148.415 E1386.4321
G0 F3600 X102.466 Y148.415
G1 F3600 X148.415 Y102.466 E1388.9987
G0 F3600 X148.415 Y103.031
G1 F3600 X103.031 Y148.415 E1391.5337
G0 F3600 X103.597 Y148.415
G1 F3600 X148.415 Y103.597 E1394.0370
G0 F3600 X148.415 Y104.163
G1 F3600 X104.163 Y148.415 E1396.5088
G0 F3600 X104.728 Y148.415
G1 F3600 X148.415 Y104.728 E1398.9490
G0 F3600 X148.415 Y105.294
G1 F3600 X105.294 Y148.415 E1401.3576
G0 F3600 X105.860 Y148.415
G1 F3600 X148.415 Y105.860 E1403.7345
G0 F3600 X148.415 Y106.425
G1 F3600 X106.425 Y148.415 E1406.0799
G0 F3600 X106.991 Y148.415
G1 F3600 X148.415 Y106.991 E1408.3937
G0 F3600 X148.415 Y107.557
G1 F3600 X107.557 Y148.415 E1410.6759
G0 F3600 X108.122 Y148.415
G1 F3600 X148.415 Y108.122 E1412.9265
G0 F3600 X148.415 Y108.688
G1 F3600 X108.688 Y148.415 E1415.1455
G0 F3600 X109.254 Y148.415
G1 F3600 X148.415 Y109.254 E1417.3329
G0 F3600 X148.415 Y109.820
G1 F3600 X109.820 Y148.415 E1419.4887
G0 F3600 X110.385 Y148.415
G1 F3600 X148.415 Y110.385 E1421.6129
G0 F3600 X148.415 Y110.951
G1 F3600 X110.951 Y148.415 E1423.7055
G0 F3600 X111.517 Y148.415
G1 F3600 X148.415 Y111.517 E1425.7665
G0 F3600 X148.415 Y112.082
G1 F3600 X112.082 Y148.415 E1427.7959
G0 F3600 X112.648 Y148.415
G1 F3600 X148.415 Y112.648 E1429.7938
G0 F3600 X148.415 Y113.214
G1 F3600 X113.214 Y148.415 E1431.7600
G0 F3600 X113.779 Y148.415
G1 F3600 X148.415 Y113.779 E1433.6946
G0 F3600 X148.415 Y114.345
G1 F3600 X114.345 Y148.415 E1435.5976
G0 F3600 X114.911 Y148.415
G1 F3600 X148.415 Y114.911 E1437.4690
G0 F3600 X148.415 Y115.476
G1 F3600 X115.476 Y148.415 E1439.3089
G0 F3600 X116.042 Y148.415
G1 F3600 X148.415 Y116.042 E1441.1171
G0 F3600 X148.415 Y116.608
G1 F3600 X116.608 Y148.415 E1442.8938
G0 F3600 X117.173 Y148.415
G1 F3600 X148.415 Y117.173 E1444.6388
G0 F3600 X148.415 Y117.739
G1 F3600 X117.739 Y148.415 E1446.3523
G0 F3600 X118.305 Y148.415
G1 F3600 X148.415 Y118.305 E1448.0341
G0 F3600 X148.415 Y118.871
G1 F3600 X118.871 Y148.415 E1449.6843
G0 F3600 X119.436 Y148.415
G1 F3600 X148.415 Y119.436 E1451.3030
G0 F3600 X148.415 Y120.002
G1 F3600 X120.002 Y148.415 E1452.8900
G0 F3600 X120.568 Y148.415
G1 F3600 X148.415 Y120.568 E1454.4455
G0 F3600 X148.415 Y121.133
G1 F3600 X121.133 Y148.415 E1455.9693
G0 F3600 X121.699 Y148.415
G1 F3600 X148.415 Y121.699 E1457.4616
G0 F3600 X148.415 Y122.265
G1 F3600 X122.265 Y148.415 E1458.9222
G0 F3600 X122.830 Y148.415
G1 F3600 X148.415 Y122.830 E1460.3513
G0 F3600 X148.415 Y123.396
G1 F3600 X123.396 Y148.415 E1461.7488
G0 F3600 X123.962 Y148.415
G1 F3600 X148.415 Y123.962 E1463.1146
G0 F3600 X148.415 Y124.527
G1 F3600 X124.527 Y148.415 E1464.4489
G0 F3600 X125.093 Y148.415
G1 F3600 X148.415 Y125.093 E1465.7516
G0 F3600 X148.415 Y125.659
G1 F3600 X125.659 Y148.415 E1467.0227
G0 F3600 X126.224 Y148.415
G1 F3600 X148.415 Y126.224 E1468.2622
G0 F3600 X148.415 Y126.790
G1 F3600 X126.790 Y148.415 E1469.4701
G0 F3600 X127.356 Y148.415
G1 F3600 X148.415 Y127.356 E1470.6464
G0 F3600 X148.415 Y127.921
G1 F3600 X127.921 Y148.415 E1471.7911
G0 F3600 X128.487 Y148.415
G1 F3600 X148.415 Y128.487 E1472.9042
G0 F3600 X148.415 Y129.053
G1 F3600 X129.053 Y148.415 E1473.9857
G0 F3600 X129.619 Y148.415
G1 F3600 X148.415 Y129.619 E1475.0356
G0 F3600 X148.415 Y130.184
G1 F3600 X130.184 Y148.415 E1476.0539
G0 F3600 X130.750 Y148.415
G1 F3600 X148.415 Y130.750 E1477.0406
G0 F3600 X148.415 Y131.316
G1 F3600 X131.316 Y148.415 E1477.9957
G0 F3600 X131.881 Y148.415
G1 F3600 X148.415 Y131.881 E1478.9192
G0 F3600 X148.415 Y132.447
G1 F3600 X132.447 Y148.415 E1479.8111
G0 F3600 X133.013 Y148.415
G1 F3600 X148.415 Y133.013 E1480.6714
G0 F3600 X148.415 Y133.578
G1 F3600 X133.578 Y148.415 E1481.5002
G0 F3600 X134.144 Y148.415
G1 F3600 X148.415 Y134.144 E1482.2973
G0 F3600 X148.415 Y134.710
G1 F3600 X134.710 Y148.415 E1483.0628
G0 F3600 X135.275 Y148.415
G1 F3600 X148.415 Y135.275 E1483.7968
G0 F3600 X148.415 Y135.841
G1 F3600 X135.841 Y148.415 E1484.4991
G0 F3600 X136.407 Y148.415
G1 F3600 X148.415 Y136.407 E1485.1698
G0 F3600 X148.415 Y136.972
G1 F3600 X136.972 Y148.415 E1485.8090
G0 F3600 X137.538 Y148.415
G1 F3600 X148.415 Y137.538 E1486.4165
G0 F3600 X148.415 Y138.104
G1 F3600 X138.104 Y148.415 E1486.9925
G0 F3600 X138.670 Y148.415
G1 F3600 X148.415 Y138.670 E1487.5368
G0 F3600 X148.415 Y139.235
G1 F3600 X139.235 Y148.415 E1488.0495
G0 F3600 X139.801 Y148.415
G1 F3600 X148.415 Y139.801 E1488.5307
G0 F3600 X148.415 Y140.367
G1 F3600 X140.367 Y148.415 E1488.9802
G0 F3600 X140.932 Y148.415
G1 F3600 X148.415 Y140.932 E1489.3982
G0 F3600 X148.415 Y141.498
G1 F3600 X141.498 Y148.415 E1489.7846
G0 F3600 X142.064 Y148.415
G1 F3600 X148.415 Y142.064 E1490.1393
G0 F3600 X148.415 Y142.629
G1 F3600 X142.629 Y148.415 E1490.4625
G0 F3600 X143.195 Y148.415
G1 F3600 X148.415 Y143.195 E1490.7541
G0 F3600 X148.415 Y143.761
G1 F3600 X143.761 Y148.415 E1491.0140
G0 F3600 X144.326 Y148.415
G1 F3600 X148.415 Y144.326 E1491.2424
G0 F3600 X148.415 Y144.892
G1 F3600 X144.892 Y148.415 E1491.4392
G0 F3600 X145.458 Y148.415
G1 F3600 X148.415 Y145.458 E1491.6044
G0 F3600 X148.415 Y146.023
G1 F3600 X146.023 Y148.415 E1491.7380
G0 F3600 X146.589 Y148.415
G1 F3600 X148.415 Y146.589 E1491.8400
G0 F3600 X148.415 Y147.155
G1 F3600 X147.155 Y148.415 E1491.9103
G0 F3600 X147.720 Y148.415
G1 F3600 X148.415 Y147.720 E1491.9492
G0 F3600 X148.415 Y148.286
G1 F3600 X148.286 Y148.415 E1491.9564
;PRINTING_TIME: 873
;REMAINING_TIME: 5371
;LAYER:6
;Z:1.750
;HEIGHT:0.250
;FLOW:100.0
;PRINTING: Flow_Calibration_Cube_0.4_mm.stl
;PRINTING_ID: 0
G1 F2400 E1488.9564
G1 F300 Z1.950
G0 F3900 X100.200 Y100.200
G0 F300 Z1.750
;TYPE:WALL-OUTER
;WIDTH:0.400
G1 F300 Z1.750
G1 F1500 E1491.9564
G1 F2100 X149.800 Y100.200 E1494.0185
G1 X149.800 Y149.800 E1496.0806
G1 X100.200 Y149.800 E1498.1427
G1 X100.200 Y100.200 E1500.2049
G0 F3900 X100.600 Y100.600
;TYPE:WALL-INNER
;WIDTH:0.400
;FLOW:90.0
G1 F2400 X149.400 Y100.600 E1502.0309
G1 X149.400 Y149.400 E1503.8568
G1 X100.600 Y149.400 E1505.6828
G1 X100.600 Y100.600 E1507.5088
G0 F3900 X101.000 Y101.000
G1 F2400 X149.000 Y101.000 E1509.3048
G1 X149.000 Y149.000 E1511.1009
G1 X101.000 Y149.000 E1512.8969
G1 X101.000 Y101.000 E1514.6930
G0 F3900 X101.400 Y101.400
G1 F2400 X148.600 Y101.400 E1516.4591
G1 X148.600 Y148.600 E1518.2252
G1 X101.400 Y148.600 E1519.9913
G1 X101.400 Y101.400 E1521.7574
G1 F2400 E1518.7574
G1 F300 Z1.950
G0 F3900 X101.583 Y148.252
;TYPE:SOLID-FILL
;WIDTH:0.400
;FLOW:95.0
G1 F300 Z1.750
G1 F1500 E1521.7574
G1 F3600 X101.746 Y148.415 E1521.7665
G0 F3600 X102.311 Y148.415
G1 F3600 X101.583 Y147.687 E1521.8072
G0 F3600 X101.583 Y147.121
G1 F3600 X102.877 Y148.415 E1521.8795
G0 F3600 X103.443 Y148.415
G1 F3600 X101.583 Y146.555 E1521.9834
G0 F3600 X101.583 Y145.989
G1 F3600 X104.009 Y148.415 E1522.1189
G0 F3600 X104.574 Y148.415
G1 F3600 X101.583 Y145.424 E1522.2860
G0 F3600 X101.583 Y144.858
G1 F3600 X105.140 Y148.415 E1522.4846
G0 F3600 X105.706 Y148.415
G1 F3600 X101.583 Y144.292 E1522.7149
G0 F3600 X101.583 Y143.727
G1 F3600 X106.271 Y148.415 E1522.9768
G0 F3600 X106.837 Y148.415
G1 F3600 X101.583 Y143.161 E1523.2703
G0 F3600 X101.583 Y142.595
G1 F3600 X107.403 Y148.415 E1523.5953
G0 F3600 X107.968 Y148.415
G1 F3600 X101.583 Y142.030 E1523.9520
G0 F3600 X101.583 Y141.464
G1 F3600 X108.534 Y148.415 E1524.3402
G0 F3600 X109.100 Y148.415
G1 F3600 X101.583 Y140.898 E1524.7601
G0 F3600 X101.583 Y140.333
G1 F3600 X109.665 Y148.415 E1525.2115
G0 F3600 X110.231 Y148.415
G1 F3600 X101.583 Y139.767 E1525.6946
G0 F3600 X101.583 Y139.201
G1 F3600 X110.797 Y148.415 E1526.2092
G0 F3600 X111.362 Y148.415
G1 F3600 X101.583 Y138.636 E1526.7555
G0 F3600 X101.583 Y138.070
G1 F3600 X111.928 Y148.415 E1527.3333
G0 F3600 X112.494 Y148.415
G1 F3600 X101.583 Y137.504 E1527.9428
G0 F3600 X101.583 Y136.939
G1 F3600 X113.060 Y148.415 E1528.5838
G0 F3600 X113.625 Y148.415
G1 F3600 X101.583 Y136.373 E1529.2564
G0 F3600 X101.583 Y135.807
G1 F3600 X114.191 Y148.415 E1529.9606
G0 F3600 X114.757 Y148.415
G1 F3600 X101.583 Y135.241 E1530.6965
G0 F3600 X101.583 Y134.676
G1 F3600 X115.322 Y148.415 E1531.4639
G0 F3600 X115.888 Y148.415
G1 F3600 X101.583 Y134.110 E1532.2629
G0 F3600 X101.583 Y133.544
G1 F3600 X116.454 Y148.415 E1533.0936
G0 F3600 X117.019 Y148.415
G1 F3600 X101.583 Y132.979 E1533.9558
G0 F3600 X101.583 Y132.413
G1 F3600 X117.585 Y148.415 E1534.8496
G0 F3600 X118.151 Y148.415
G1 F3600 X101.583 Y131.847 E1535.7750
G0 F3600 X101.583 Y131.282
G1 F3600 X118.716 Y148.415 E1536.7320
G0 F3600 X119.282 Y148.415
G1 F3600 X101.583 Y130.716 E1537.7206
G0 F3600 X101.583 Y130.150
G1 F3600 X119.848 Y148.415 E1538.7408
G0 F3600 X120.413 Y148.415
G1 F3600 X101.583 Y129.585 E1539.7926
G0 F3600 X101.583 Y129.019
G1 F3600 X120.979 Y148.415 E1540.8760
G0 F3600 X121.545 Y148.415
G1 F3600 X101.583 Y128.453 E1541.9910
G0 F3600 X101.583 Y127.888
G1 F3600 X122.110 Y148.415 E1543.1376
G0 F3600 X122.676 Y148.415
G1 F3600 X101.583 Y127.322 E1544.3157
G0 F3600 X101.583 Y126.756
G1 F3600 X123.242 Y148.415 E1545.5255
G0 F3600 X123.808 Y148.415
G1 F3600 X101.583 Y126.190 E1546.7669
G0 F3600 X101.583 Y125.625
G1 F3600 X124.373 Y148.415 E1548.0399
G0 F3600 X124.939 Y148.415
G1 F3600 X101.583 Y125.059 E1549.3445
G0 F3600 X101.583 Y124.493
G1 F3600 X125.505 Y148.415 E1550.6807
G0 F3600 X126.070 Y148.415
G1 F3600 X101.583 Y123.928 E1552.0484
G0 F3600 X101.583 Y123.362
G1 F3600 X126.636 Y148.415 E1553.4478
G0 F3600 X127.202 Y148.415
G1 F3600 X101.583 Y122.796 E1554.8788
G0 F3600 X101.583 Y122.231
G1 F3600 X127.767 Y148.415 E1556.3413
G0 F3600 X128.333 Y148.415
G1 F3600 X101.583 Y121.665 E1557.8355
G0 F3600 X101.583 Y121.099
G1 F3600 X128.899 Y148.415 E1559.3613
G0 F3600 X129.464 Y148.415
G1 F3600 X101.583 Y120.534 E1560.9186
G0 F3600 X101.583 Y119.968
G1 F3600 X130.030 Y148.415 E1562.5075
G0 F3600 X130.596 Y148.415
G1 F3600 X101.583 Y119.402 E1564.1281
G0 F3600 X101.583 Y118.837
G1 F3600 X131.161 Y148.415 E1565.7802
G0 F3600 X131.727 Y148.415
G1 F3600 X101.583 Y118.271 E1567.4639
G0 F3600 X101.583 Y117.705
G1 F3600 X132.293 Y148.415 E1569.1793
G0 F3600 X132.859 Y148.415
G1 F3600 X101.583 Y117.140 E1570.9262
G0 F3600 X101.583 Y116.574
G1 F3600 X133.424 Y148.415 E1572.7048
G0 F3600 X133.990 Y148.415
G1 F3600 X101.583 Y116.008 E1574.5149
G0 F3600 X101.583 Y115.442
G1 F3600 X134.556 Y148.415 E1576.3566
G0 F3600 X135.121 Y148.415
G1 F3600 X101.583 Y114.877 E1578.2300
G0 F3600 X101.583 Y114.311
G1 F3600 X135.687 Y148.415 E1580.1349
G0 F3600 X136.253 Y148.415
G1 F3600 X101.583 Y113.745 E1582.0714
G0 F3600 X101.583 Y113.180
G1 F3600 X136.818 Y148.415 E1584.0395
G0 F3600 X137.384 Y148.415
G1 F3600 X101.583 Y112.614 E1586.0392
G0 F3600 X101.583 Y112.048
G1 F3600 X137.950 Y148.415 E1588.0706
G0 F3600 X138.515 Y148.415
G1 F3600 X101.583 Y111.483 E1590.1334
G0 F3600 X101.583 Y110.917
G1 F3600 X139.081 Y148.415 E1592.2279
G0 F3600 X139.647 Y148.415
G1 F3600 X101.583 Y110.351 E1594.3541
G0 F3600 X101.583 Y109.786
G1 F3600 X140.212 Y148.415 E1596.5117
G0 F3600 X140.778 Y148.415
G1 F3600 X101.583 Y109.220 E1598.7010
G0 F3600 X101.583 Y108.654
G1 F3600 X141.344 Y148.415 E1600.9219
G0 F3600 X141.909 Y148.415
G1 F3600 X101.583 Y108.089 E1603.1744
G0 F3600 X101.583 Y107.523
G1 F3600 X142.475 Y148.415 E1605.4585
G0 F3600 X143.041 Y148.415
G1 F3600 X101.583 Y106.957 E1607.7742
G0 F3600 X101.583 Y106.391
G1 F3600 X143.607 Y148.415 E1610.1215
G0 F3600 X144.172 Y148.415
G1 F3600 X101.583 Y105.826 E1612.5003
G0 F3600 X101.583 Y105.260
G1 F3600 X144.738 Y148.415 E1614.9108
G0 F3600 X145.304 Y148.415
G1 F3600 X101.583 Y104.694 E1617.3529
G0 F3600 X101.583 Y104.129
G1 F3600 X145.869 Y148.415 E1619.8266
G0 F3600 X146.435 Y148.415
G1 F3600 X101.583 Y103.563 E1622.3318
G0 F3600 X101.583 Y102.997
G1 F3600 X147.001 Y148.415 E1624.8687
G0 F3600 X147.566 Y148.415
G1 F3600 X101.583 Y102.432 E1627.4372
G0 F3600 X101.583 Y101.866
G1 F3600 X148.132 Y148.415 E1630.0372
G0 F3600 X148.415 Y148.132
G1 F3600 X101.866 Y101.583 E1632.6373
G0 F3600 X102.432 Y101.583
G1 F3600 X148.415 Y147.566 E1635.2057
G0 F3600 X148.415 Y147.001
G1 F3600 X102.997 Y101.583 E1637.7426
G0 F3600 X103.563 Y101.583
G1 F3600 X148.415 Y146.435 E1640.2479
G0 F3600 X148.415 Y145.869
G1 F3600 X104.129 Y101.583 E1642.7215
G0 F3600 X104.694 Y101.583
G1 F3600 X148.415 Y145.304 E1645.1636
G0 F3600 X148.415 Y144.738
G1 F3600 X105.260 Y101.583 E1647.5741
G0 F3600 X105.826 Y101.583
G1 F3600 X148.415 Y144.172 E1649.9530
G0 F3600 X148.415 Y143.607
G1 F3600 X106.391 Y101.583 E1652.3003
G0 F3600 X106.957 Y101.583
G1 F3600 X148.415 Y143.041 E1654.6160
G0 F3600 X148.415 Y142.475
G1 F3600 X107.523 Y101.583 E1656.9001
G0 F3600 X108.089 Y101.583
G1 F3600 X148.415 Y141.909 E1659.1525
G0 F3600 X148.415 Y141.344
G1 F3600 X108.654 Y101.583 E1661.3734
G0 F3600 X109.220 Y101.583
G1 F3600 X148.415 Y140.778 E1663.5627
G0 F3600 X148.415 Y140.212
G1 F3600 X109.786 Y101.583 E1665.7204
G0 F3600 X110.351 Y101.583
G1 F3600 X148.415 Y139.647 E1667.8465
G0 F3600 X148.415 Y139.081
G1 F3600 X110.917 Y101.583 E1669.9410
G0 F3600 X111.483 Y101.583
G1 F3600 X148.415 Y138.515 E1672.0039
G0 F3600 X148.415 Y137.950
G1 F3600 X112.048 Y101.583 E1674.0352
G0 F3600 X112.614 Y101.583
G1 F3600 X148.415 Y137.384 E1676.0349
G0 F3600 X148.415 Y136.818
G1 F3600 X113.180 Y101.583 E1678.0030
G0 F3600 X113.745 Y101.583
G1 F3600 X148.415 Y136.253 E1679.9396
G0 F3600 X148.415 Y135.687
G1 F3600 X114.311 Y101.583 E1681.8445
G0 F3600 X114.877 Y101.583
G1 F3600 X148.415 Y135.121 E1683.7178
G0 F3600 X148.415 Y134.556
G1 F3600 X115.442 Y101.583 E1685.5596
G0 F3600 X116.008 Y101.583
G1 F3600 X148.415 Y133.990 E1687.3697
G0 F3600 X148.415 Y133.424
G1 F3600 X116.574 Y101.583 E1689.1482
G0 F3600 X117.140 Y101.583
G1 F3600 X148.415 Y132.859 E1690.8952
G0 F3600 X148.415 Y132.293
G1 F3600 X117.705 Y101.583 E1692.6105
G0 F3600 X118.271 Y101.583
G1 F3600 X148.415 Y131.727 E1694.2942
G0 F3600 X148.415 Y131.161
G1 F3600 X118.837 Y101.583 E1695.9464
G0 F3600 X119.402 Y101.583
G1 F3600 X148.415 Y130.596 E1697.5669
G0 F3600 X148.415 Y130.030
G1 F3600 X119.968 Y101.583 E1699.1559
G0 F3600 X120.534 Y101.583
G1 F3600 X148.415 Y129.464 E1700.7132
G0 F3600 X148.415 Y128.899
G1 F3600 X121.099 Y101.583 E1702.2390
G0 F3600 X121.665 Y101.583
G1 F3600 X148.415 Y128.333 E1703.7331
G0 F3600 X148.415 Y127.767
G1 F3600 X122.231 Y101.583 E1705.1957
G0 F3600 X122.796 Y101.583
G1 F3600 X148.415 Y127.202 E1706.6267
G0 F3600 X148.415 Y126.636
G1 F3600 X123.362 Y101.583 E1708.0260
G0 F3600 X123.928 Y101.583
G1 F3600 X148.415 Y126.070 E1709.3938
G0 F3600 X148.415 Y125.505
G1 F3600 X124.493 Y101.583 E1710.7300
G0 F3600 X125.059 Y101.583
G1 F3600 X148.415 Y124.939 E1712.0346
G0 F3600 X148.415 Y124.373
G1 F3600 X125.625 Y101.583 E1713.3075
G0 F3600 X126.190 Y101.583
G1 F3600 X148.415 Y123.808 E1714.5489
G0 F3600 X148.415 Y123.242
G1 F3600 X126.756 Y101.583 E1715.7587
G0 F3600 X127.322 Y101.583
G1 F3600 X148.415 Y122.676 E1716.9369
G0 F3600 X148.415 Y122.110
G1 F3600 X127.888 Y101.583 E1718.0835
G0 F3600 X128.453 Y101.583
G1 F3600 X148.415 Y121.545 E1719.1985
G0 F3600 X148.415 Y120.979
G1 F3600 X129.019 Y101.583 E1720.2819
G0 F3600 X129.585 Y101.583
G1 F3600 X148.415 Y120.413 E1721.3336
G0 F3600 X148.415 Y119.848
G1 F3600 X130.150 Y101.583 E1722.3539
G0 F3600 X130.716 Y101.583
G1 F3600 X148.415 Y119.282 E1723.3425
G0 F3600 X148.415 Y118.716
G1 F3600 X131.282 Y101.583 E1724.2994
G0 F3600 X131.847 Y101.583
G1 F3600 X148.415 Y118.151 E1725.2249
G0 F3600 X148.415 Y117.585
G1 F3600 X132.413 Y101.583 E1726.1187
G0 F3600 X132.979 Y101.583
G1 F3600 X148.415 Y117.019 E1726.9809
G0 F3600 X148.415 Y116.454
G1 F3600 X133.544 Y101.583 E1727.8115
G0 F3600 X134.110 Y101.583
G1 F3600 X148.415 Y115.888 E1728.6105
G0 F3600 X148.415 Y115.322
G1 F3600 X134.676 Y101.583 E1729.3780
G0 F3600 X135.241 Y101.583
G1 F3600 X148.415 Y114.757 E1730.1138
G0 F3600 X148.415 Y114.191
G1 F3600 X135.807 Y101.583 E1730.8180
G0 F3600 X136.373 Y101.583
G1 F3600 X148.415 Y113.625 E1731.4907
G0 F3600 X148.415 Y113.060
G1 F3600 X136.939 Y101.583 E1732.1317
G0 F3600 X137.504 Y101.583
G1 F3600 X148.415 Y112.494 E1732.7412
G0 F3600 X148.415 Y111.928
G1 F3600 X138.070 Y101.583 E1733.3190
G0 F3600 X138.636 Y101.583
G1 F3600 X148.415 Y111.362 E1733.8652
G0 F3600 X148.415 Y110.797
G1 F3600 X139.201 Y101.583 E1734.3799
G0 F3600 X139.767 Y101.583
G1 F3600 X148.415 Y110.231 E1734.8629
G0 F3600 X148.415 Y109.665
G1 F3600 X140.333 Y101.583 E1735.3143
G0 F3600 X140.898 Y101.583
G1 F3600 X148.415 Y109.100 E1735.7342
G0 F3600 X148.415 Y108.534
G1 F3600 X141.464 Y101.583 E1736.1225
G0 F3600 X142.030 Y101.583
G1 F3600 X148.415 Y107.968 E1736.4791
G0 F3600 X148.415 Y107.403
G1 F3600 X142.595 Y101.583 E1736.8042
G0 F3600 X143.161 Y101.583
G1 F3600 X148.415 Y106.837 E1737.0977
G0 F3600 X148.415 Y106.271
G1 F3600 X143.727 Y101.583 E1737.3595
G0 F3600 X144.292 Y101.583
G1 F3600 X148.415 Y105.706 E1737.5898
G0 F3600 X148.415 Y105.140
G1 F3600 X144.858 Y101.583 E1737.7885
G0 F3600 X145.424 Y101.583
G1 F3600 X148.415 Y104.574 E1737.9556
G0 F3600 X148.415 Y104.009
G1 F3600 X145.989 Y101.583 E1738.0911
G0 F3600 X146.555 Y101.583
G1 F3600 X148.415 Y103.443 E1738.1950
G0 F3600 X148.415 Y102.877
G1 F3600 X147.121 Y101.583 E1738.2672
G0 F3600 X147.687 Y101.583
G1 F3600 X148.415 Y102.311 E1738.3079
G0 F3600 X148.415 Y101.746
G1 F3600 X148.252 Y101.583 E1738.3170
;PRINTING_TIME: 1003
;REMAINING_TIME: 5240
;LAYER:7
;Z:2.000
;HEIGHT:0.250
;FLOW:100.0
;PRINTING: Flow_Calibration_Cube_0.4_mm.stl
;PRINTING_ID: 0
G1 F2400 E1735.3170
G1 F300 Z2.200
G0 F3900 X100.200 Y100.200
G0 F300 Z2.000
;TYPE:WALL-OUTER
;WIDTH:0.400
G1 F300 Z2.000
G1 F1500 E1738.3170
G1 F2100 X149.800 Y100.200 E1740.3791
G1 X149.800 Y149.800 E1742.4413
G1 X100.200 Y149.800 E1744.5034
G1 X100.200 Y100.200 E1746.5655
G0 F3900 X100.600 Y100.600
;TYPE:WALL-INNER
;WIDTH:0.400
;FLOW:90.0
G1 F2400 X149.400 Y100.600 E1748.3915
G1 X149.400 Y149.400 E1750.2175
G1 X100.600 Y149.400 E1752.0435
G1 X100.600 Y100.600 E1753.8695
G0 F3900 X101.000 Y101.000
G1 F2400 X149.000 Y101.000 E1755.6655
G1 X149.000 Y149.000 E1757.4615
G1 X101.000 Y149.000 E1759.2576
G1 X101.000 Y101.000 E1761.0536
G0 F3900 X101.400 Y101.400
G1 F2400 X148.600 Y101.400 E1762.8198
G1 X148.600 Y148.600 E1764.5859
G1 X101.400 Y148.600 E1766.3520
G1 X101.400 Y101.400 E1768.1181
G0 F3900 X101.583 Y101.780
;TYPE:SOLID-FILL
;WIDTH:0.400
;FLOW:95.0
G1 F3600 X101.780 Y101.583 E1768.1291
G0 F3600 X102.345 Y101.583
G1 F3600 X101.583 Y102.345 E1768.1717
G0 F3600 X101.583 Y102.911
G1 F3600 X102.911 Y101.583 E1768.2458
G0 F3600 X103.477 Y101.583
G1 F3600 X101.583 Y103.477 E1768.3516
G0 F3600 X101.583 Y104.042
G1 F3600 X104.042 Y101.583 E1768.4890
G0 F3600 X104.608 Y101.583
G1 F3600 X101.583 Y104.608 E1768.6579
G0 F3600 X101.583 Y105.174
G1 F3600 X105.174 Y101.583 E1768.8585
G0 F3600 X105.740 Y101.583
G1 F3600 X101.583 Y105.740 E1769.0907
G0 F3600 X101.583 Y106.305
G1 F3600 X106.305 Y101.583 E1769.3545
G0 F3600 X106.871 Y101.583
G1 F3600 X101.583 Y106.871 E1769.6498
G0 F3600 X101.583 Y107.437
G1 F3600 X107.437 Y101.583 E1769.9768
G0 F3600 X108.002 Y101.583
G1 F3600 X101.583 Y108.002 E1770.3354
G0 F3600 X101.583 Y108.568
G1 F3600 X108.568 Y101.583 E1770.7255
G0 F3600 X109.134 Y101.583
G1 F3600 X101.583 Y109.134 E1771.1473
G0 F3600 X101.583 Y109.699
G1 F3600 X109.699 Y101.583 E1771.6006
G0 F3600 X110.265 Y101.583
G1 F3600 X101.583 Y110.265 E1772.0856
G0 F3600 X101.583 Y110.831
G1 F3600 X110.831 Y101.583 E1772.6021
G0 F3600 X111.396 Y101.583
G1 F3600 X101.583 Y111.396 E1773.1502
G0 F3600 X101.583 Y111.962
G1 F3600 X111.962 Y101.583 E1773.7300
G0 F3600 X112.528 Y101.583
G1 F3600 X101.583 Y112.528 E1774.3413
G0 F3600 X101.583 Y113.093
G1 F3600 X113.093 Y101.583 E1774.9842
G0 F3600 X113.659 Y101.583
G1 F3600 X101.583 Y113.659 E1775.6588
G0 F3600 X101.583 Y114.225
G1 F3600 X114.225 Y101.583 E1776.3649
G0 F3600 X114.791 Y101.583
G1 F3600 X101.583 Y114.791 E1777.1026
G0 F3600 X101.583 Y115.356
G1 F3600 X115.356 Y101.583 E1777.8720
G0 F3600 X115.922 Y101.583
G1 F3600 X101.583 Y115.922 E1778.6729
G0 F3600 X101.583 Y116.488
G1 F3600 X116.488 Y101.583 E1779.5054
G0 F3600 X117.053 Y101.583
G1 F3600 X101.583 Y117.053 E1780.3695
G0 F3600 X101.583 Y117.619
G1 F3600 X117.619 Y101.583 E1781.2652
G0 F3600 X118.185 Y101.583
G1 F3600 X101.583 Y118.185 E1782.1926
G0 F3600 X101.583 Y118.750
G1 F3600 X118.750 Y101.583 E1783.1514
G0 F3600 X119.316 Y101.583
G1 F3600 X101.583 Y119.316 E1784.1419
G0 F3600 X101.583 Y119.882
G1 F3600 X119.882 Y101.583 E1785.1641
G0 F3600 X120.447 Y101.583
G1 F3600 X101.583 Y120.447 E1786.2177
G0 F3600 X101.583 Y121.013
G1 F3600 X121.013 Y101.583 E1787.3030
G0 F3600 X121.579 Y101.583
G1 F3600 X101.583 Y121.579 E1788.4199
G0 F3600 X101.583 Y122.144
G1 F3600 X122.144 Y101.583 E1789.5684
G0 F3600 X122.710 Y101.583
G1 F3600 X101.583 Y122.710 E1790.7485
G0 F3600 X101.583 Y123.276
G1 F3600 X123.276 Y101.583 E1791.9602
G0 F3600 X123.841 Y101.583
G1 F3600 X101.583 Y123.841 E1793.2034
G0 F3600 X101.583 Y124.407
G1 F3600 X124.407 Y101.583 E1794.4783
G0 F3600 X124.973 Y101.583
G1 F3600 X101.583 Y124.973 E1795.7848
G0 F3600 X101.583 Y125.539
G1 F3600 X125.539 Y101.583 E1797.1228
G0 F3600 X126.104 Y101.583
G1 F3600 X101.583 Y126.104 E1798.4925
G0 F3600 X101.583 Y126.670
G1 F3600 X126.670 Y101.583 E1799.8938
G0 F3600 X127.236 Y101.583
G1 F3600 X101.583 Y127.236 E1801.3267
G0 F3600 X101.583 Y127.801
G1 F3600 X127.801 Y101.583 E1802.7911
G0 F3600 X128.367 Y101.583
G1 F3600 X101.583 Y128.367 E1804.2872
G0 F3600 X101.583 Y128.933
G1 F3600 X128.933 Y101.583 E1805.8148
G0 F3600 X129.498 Y101.583
G1 F3600 X101.583 Y129.498 E1807.3741
G0 F3600 X101.583 Y130.064
G1 F3600 X130.064 Y101.583 E1808.9649
G0 F3600 X130.630 Y101.583
G1 F3600 X101.583 Y130.630 E1810.5874
G0 F3600 X101.583 Y131.195
G1 F3600 X131.195 Y101.583 E1812.2414
G0 F3600 X131.761 Y101.583
G1 F3600 X101.583 Y131.761 E1813.9270
G0 F3600 X101.583 Y132.327
G1 F3600 X132.327 Y101.583 E1815.6443
G0 F3600 X132.892 Y101.583
G1 F3600 X101.583 Y132.892 E1817.3931
G0 F3600 X101.583 Y133.458
G1 F3600 X133.458 Y101.583 E1819.1735
G0 F3600 X134.024 Y101.583
G1 F3600 X101.583 Y134.024 E1820.9855
G0 F3600 X101.583 Y134.589
G1 F3600 X134.589 Y101.583 E1822.8291
G0 F3600 X135.155 Y101.583
G1 F3600 X101.583 Y135.155 E1824.7043
G0 F3600 X101.583 Y135.721
G1 F3600 X135.721 Y101.583 E1826.6112
G0 F3600 X136.287 Y101.583
G1 F3600 X101.583 Y136.287 E1828.5496
G0 F3600 X101.583 Y136.852
G1 F3600 X136.852 Y101.583 E1830.5196
G0 F3600 X137.418 Y101.583
G1 F3600 X101.583 Y137.418 E1832.5212
G0 F3600 X101.583 Y137.984
G1 F3600 X137.984 Y101.583 E1834.5544
G0 F3600 X138.549 Y101.583
G1 F3600 X101.583 Y138.549 E1836.6192
G0 F3600 X101.583 Y139.115
G1 F3600 X139.115 Y101.583 E1838.7156
G0 F3600 X139.681 Y101.583
G1 F3600 X101.583 Y139.681 E1840.8436
G0 F3600 X101.583 Y140.246
G1 F3600 X140.246 Y101.583 E1843.0032
G0 F3600 X140.812 Y101.583
G1 F3600 X101.583 Y140.812 E1845.1944
G0 F3600 X101.583 Y141.378
G1 F3600 X141.378 Y101.583 E1847.4172
G0 F3600 X141.943 Y101.583
G1 F3600 X101.583 Y141.943 E1849.6716
G0 F3600 X101.583 Y142.509
G1 F3600 X142.509 Y101.583 E1851.9575
G0 F3600 X143.075 Y101.583
G1 F3600 X101.583 Y143.075 E1854.2751
G0 F3600 X101.583 Y143.640
G1 F3600 X143.640 Y101.583 E1856.6243
G0 F3600 X144.206 Y101.583
G1 F3600 X101.583 Y144.206 E1859.0050
G0 F3600 X101.583 Y144.772
G1 F3600 X144.772 Y101.583 E1861.4174
G0 F3600 X145.338 Y101.583
G1 F3600 X101.583 Y145.338 E1863.8614
G0 F3600 X101.583 Y145.903
G1 F3600 X145.903 Y101.583 E1866.3370
G0 F3600 X146.469 Y101.583
G1 F3600 X101.583 Y146.469 E1868.8441
G0 F3600 X101.583 Y147.035
G1 F3600 X147.035 Y101.583 E1871.3829
G0 F3600 X147.600 Y101.583
G1 F3600 X101.583 Y147.600 E1873.9533
G0 F3600 X101.583 Y148.166
G1 F3600 X148.166 Y101.583 E1876.5552
G0 F3600 X148.415 Y101.900
G1 F3600 X101.900 Y148.415 E1879.1534
G0 F3600 X102.466 Y148.415
G1 F3600 X148.415 Y102.466 E1881.7199
G0 F3600 X148.415 Y103.031
G1 F3600 X103.031 Y148.415 E1884.2549
G0 F3600 X103.597 Y148.415
G1 F3600 X148.415 Y103.597 E1886.7583
G0 F3600 X148.415 Y104.163
G1 F3600 X104.163 Y148.415 E1889.2300
G0 F3600 X104.728 Y148.415
G1 F3600 X148.415 Y104.728 E1891.6702
G0 F3600 X148.415 Y105.294
G1 F3600 X105.294 Y148.415 E1894.0788
G0 F3600 X105.860 Y148.415
G1 F3600 X148.415 Y105.860 E1896.4558
G0 F3600 X148.415 Y106.425
G1 F3600 X106.425 Y148.415 E1898.8012
G0 F3600 X106.991 Y148.415
G1 F3600 X148.415 Y106.991 E1901.1150
G0 F3600 X148.415 Y107.557
G1 F3600 X107.557 Y148.415 E1903.3972
G0 F3600 X108.122 Y148.415
G1 F3600 X148.415 Y108.122 E1905.6478
G0 F3600 X148.415 Y108.688
G1 F3600 X108.688 Y148.415 E1907.8668
G0 F3600 X109.254 Y148.415
G1 F3600 X148.415 Y109.254 E1910.0542
G0 F3600 X148.415 Y109.820
G1 F3600 X109.820 Y148.415 E1912.2100
G0 F3600 X110.385 Y148.415
G1 F3600 X148.415 Y110.385 E1914.3342
G0 F3600 X148.415 Y110.951
G1 F3600 X110.951 Y148.415 E1916.4268
G0 F3600 X111.517 Y148.415
G1 F3600 X148.415 Y111.517 E1918.4878
G0 F3600 X148.415 Y112.082
G1 F3600 X112.082 Y148.415 E1920.5172
G0 F3600 X112.648 Y148.415
G1 F3600 X148.415 Y112.648 E1922.5150
G0 F3600 X148.415 Y113.214
G1 F3600 X113.214 Y148.415 E1924.4812
G0 F3600 X113.779 Y148.415
G1 F3600 X148.415 Y113.779 E1926.4159
G0 F3600 X148.415 Y114.345
G1 F3600 X114.345 Y148.415 E1928.3189
G0 F3600 X114.911 Y148.415
G1 F3600 X148.415 Y114.911 E1930.1903
G0 F3600 X148.415 Y115.476
G1 F3600 X115.476 Y148.415 E1932.0301
G0 F3600 X116.042 Y148.415
G1 F3600 X148.415 Y116.042 E1933.8384
G0 F3600 X148.415 Y116.608
G1 F3600 X116.608 Y148.415 E1935.6150
G0 F3600 X117.173 Y148.415
G1 F3600 X148.415 Y117.173 E1937.3601
G0 F3600 X148.415 Y117.739
G1 F3600 X117.739 Y148.415 E1939.0735
G0 F3600 X118.305 Y148.415
G1 F3600 X148.415 Y118.305 E1940.7554
G0 F3600 X148.415 Y118.871
G1 F3600 X118.871 Y148.415 E1942.4056
G0 F3600 X119.436 Y148.415
G1 F3600 X148.415 Y119.436 E1944.0242
G0 F3600 X148.415 Y120.002
G1 F3600 X120.002 Y148.415 E1945.6113
G0 F3600 X120.568 Y148.415
G1 F3600 X148.415 Y120.568 E1947.1667
G0 F3600 X148.415 Y121.133
G1 F3600 X121.133 Y148.415 E1948.6906
G0 F3600 X121.699 Y148.415
G1 F3600 X148.415 Y121.699 E1950.1828
G0 F3600 X148.415 Y122.265
G1 F3600 X122.265 Y148.415 E1951.6435
G0 F3600 X122.830 Y148.415
G1 F3600 X148.415 Y122.830 E1953.0726
G0 F3600 X148.415 Y123.396
G1 F3600 X123.396 Y148.415 E1954.4700
G0 F3600 X123.962 Y148.415
G1 F3600 X148.415 Y123.962 E1955.8359
G0 F3600 X148.415 Y124.527
G1 F3600 X124.527 Y148.415 E1957.1702
G0 F3600 X125.093 Y148.415
G1 F3600 X148.415 Y125.093 E1958.4729
G0 F3600 X148.415 Y125.659
G1 F3600 X125.659 Y148.415 E1959.7439
G0 F3600 X126.224 Y148.415
G1 F3600 X148.415 Y126.224 E1960.9835
G0 F3600 X148.415 Y126.790
G1 F3600 X126.790 Y148.415 E1962.1913
G0 F3600 X127.356 Y148.415
G1 F3600 X148.415 Y127.356 E1963.3676
G0 F3600 X148.415 Y127.921
G1 F3600 X127.921 Y148.415 E1964.5123
G0 F3600 X128.487 Y148.415
G1 F3600 X148.415 Y128.487 E1965.6255
G0 F3600 X148.415 Y129.053
G1 F3600 X129.053 Y148.415 E1966.7069
G0 F3600 X129.619 Y148.415
G1 F3600 X148.415 Y129.619 E1967.7568
G0 F3600 X148.415 Y130.184
G1 F3600 X130.184 Y148.415 E1968.7751
G0 F3600 X130.750 Y148.415
G1 F3600 X148.415 Y130.750 E1969.7618
G0 F3600 X148.415 Y131.316
G1 F3600 X131.316 Y148.415 E1970.7169
G0 F3600 X131.881 Y148.415
G1 F3600 X148.415 Y131.881 E1971.6405
G0 F3600 X148.415 Y132.447
G1 F3600 X132.447 Y148.415 E1972.5324
G0 F3600 X133.013 Y148.415
G1 F3600 X148.415 Y133.013 E1973.3927
G0 F3600 X148.415 Y133.578
G1 F3600 X133.578 Y148.415 E1974.2214
G0 F3600 X134.144 Y148.415
G1 F3600 X148.415 Y134.144 E1975.0185
G0 F3600 X148.415 Y134.710
G1 F3600 X134.710 Y148.415 E1975.7841
G0 F3600 X135.275 Y148.415
G1 F3600 X148.415 Y135.275 E1976.5180
G0 F3600 X148.415 Y135.841
G1 F3600 X135.841 Y148.415 E1977.2203
G0 F3600 X136.407 Y148.415
G1 F3600 X148.415 Y136.407 E1977.8911
G0 F3600 X148.415 Y136.972
G1 F3600 X136.972 Y148.415 E1978.5302
G0 F3600 X137.538 Y148.415
G1 F3600 X148.415 Y137.538 E1979.1378
G0 F3600 X148.415 Y138.104
G1 F3600 X138.104 Y148.415 E1979.7137
G0 F3600 X138.670 Y148.415
G1 F3600 X148.415 Y138.670 E1980.2580
G0 F3600 X148.415 Y139.235
G1 F3600 X139.235 Y148.415 E1980.7708
G0 F3600 X139.801 Y148.415
G1 F3600 X148.415 Y139.801 E1981.2519
G0 F3600 X148.415 Y140.367
G1 F3600 X140.367 Y148.415 E1981.7015
G0 F3600 X140.932 Y148.415
G1 F3600 X148.415 Y140.932 E1982.1194
G0 F3600 X148.415 Y141.498
G1 F3600 X141.498 Y148.415 E1982.5058
G0 F3600 X142.064 Y148.415
G1 F3600 X148.415 Y142.064 E1982.8605
G0 F3600 X148.415 Y142.629
G1 F3600 X142.629 Y148.415 E1983.1837
G0 F3600 X143.195 Y148.415
G1 F3600 X148.415 Y143.195 E1983.4753
G0 F3600 X148.415 Y143.761
G1 F3600 X143.761 Y148.415 E1983.7353
G0 F3600 X144.326 Y148.415
G1 F3600 X148.415 Y144.326 E1983.9637
G0 F3600 X148.415 Y144.892
G1 F3600 X144.892 Y148.415 E1984.1604
G0 F3600 X145.458 Y148.415
G1 F3600 X148.415 Y145.458 E1984.3256
G0 F3600 X148.415 Y146.023
G1 F3600 X146.023 Y148.415 E1984.4592
G0 F3600 X146.589 Y148.415
G1 F3600 X148.415 Y146.589 E1984.5612
G0 F3600 X148.415 Y147.155
G1 F3600 X147.155 Y148.415 E1984.6316
G0 F3600 X147.720 Y148.415
G1 F3600 X148.415 Y147.720 E1984.6704
G0 F3600 X148.415 Y148.286
G1 F3600 X148.286 Y148.415 E1984.6776
;PRINTING_TIME: 1132
;REMAINING_TIME: 5111
;LAYER:8
;Z:2.250
;HEIGHT:0.250
;FLOW:100.0
;PRINTING: Flow_Calibration_Cube_0.4_mm.stl
;PRINTING_ID: 0
G1 F2400 E1981.6776
G1 F300 Z2.450
G0 F3900 X100.200 Y100.200
G0 F300 Z2.250
;TYPE:WALL-OUTER
;WIDTH:0.400
G1 F300 Z2.250
G1 F1500 E1984.6776
G1 F2100 X149.800 Y100.200 E1986.7397
G1 X149.800 Y149.800 E1988.8019
G1 X100.200 Y149.800 E1990.8640
G1 X100.200 Y100.200 E1992.9261
G0 F3900 X100.600 Y100.600
;TYPE:WALL-INNER
;WIDTH:0.400
;FLOW:90.0
G1 F2400 X149.400 Y100.600 E1994.7521
G1 X149.400 Y149.400 E1996.5781
G1 X100.600 Y149.400 E1998.4041
G1 X100.600 Y100.600 E2000.2301
G0 F3900 X101.000 Y101.000
G1 F2400 X149.000 Y101.000 E2002.0261
G1 X149.000 Y149.000 E2003.8221
G1 X101.000 Y149.000 E2005.6182
G1 X101.000 Y101.000 E2007.4142
G0 F3900 X101.400 Y101.400
G1 F2400 X148.600 Y101.400 E2009.1804
G1 X148.600 Y148.600 E2010.9465
G1 X101.400 Y148.600 E2012.7126
G1 X101.400 Y101.400 E2014.4787
G1 F2400 E2011.4787
G1 F300 Z2.450
G0 F3900 X101.583 Y148.252
;TYPE:SOLID-FILL
;WIDTH:0.400
;FLOW:95.0
G1 F300 Z2.250
G1 F1500 E2014.4787
G1 F3600 X101.746 Y148.415 E2014.4878
G0 F3600 X102.311 Y148.415
G1 F3600 X101.583 Y147.687 E2014.5285
G0 F3600 X101.583 Y147.121
G1 F3600 X102.877 Y148.415 E2014.6007
G0 F3600 X103.443 Y148.415
G1 F3600 X101.583 Y146.555 E2014.7046
G0 F3600 X101.583 Y145.989
G1 F3600 X104.009 Y148.415 E2014.8401
G0 F3600 X104.574 Y148.415
G1 F3600 X101.583 Y145.424 E2015.0072
G0 F3600 X101.583 Y144.858
G1 F3600 X105.140 Y148.415 E2015.2059
G0 F3600 X105.706 Y148.415
G1 F3600 X101.583 Y144.292 E2015.4362
G0 F3600 X101.583 Y143.727
G1 F3600 X106.271 Y148.415 E2015.6980
G0 F3600 X106.837 Y148.415
G1 F3600 X101.583 Y143.161 E2015.9915
G0 F3600 X101.583 Y142.595
G1 F3600 X107.403 Y148.415 E2016.3166
G0 F3600 X107.968 Y148.415
G1 F3600 X101.583 Y142.030 E2016.6732
G0 F3600 X101.583 Y141.464
G1 F3600 X108.534 Y148.415 E2017.0615
G0 F3600 X109.100 Y148.415
G1 F3600 X101.583 Y140.898 E2017.4814
G0 F3600 X101.583 Y140.333
G1 F3600 X109.665 Y148.415 E2017.9328
G0 F3600 X110.231 Y148.415
G1 F3600 X101.583 Y139.767 E2018.4158
G0 F3600 X101.583 Y139.201
G1 F3600 X110.797 Y148.415 E2018.9305
G0 F3600 X111.362 Y148.415
G1 F3600 X101.583 Y138.636 E2019.4767
G0 F3600 X101.583 Y138.070
G1 F3600 X111.928 Y148.415 E2020.0546
G0 F3600 X112.494 Y148.415
G1 F3600 X101.583 Y137.504 E2020.6640
G0 F3600 X101.583 Y136.939
G1 F3600 X113.060 Y148.415 E2021.3050
G0 F3600 X113.625 Y148.415
G1 F3600 X101.583 Y136.373 E2021.9777
G0 F3600 X101.583 Y135.807
G1 F3600 X114.191 Y148.415 E2022.6819
G0 F3600 X114.757 Y148.415
G1 F3600 X101.583 Y135.241 E2023.4177
G0 F3600 X101.583 Y134.676
G1 F3600 X115.322 Y148.415 E2024.1852
G0 F3600 X115.888 Y148.415
G1 F3600 X101.583 Y134.110 E2024.9842
G0 F3600 X101.583 Y133.544
G1 F3600 X116.454 Y148.415 E2025.8148
G0 F3600 X117.019 Y148.415
G1 F3600 X101.583 Y132.979 E2026.6770
G0 F3600 X101.583 Y132.413
G1 F3600 X117.585 Y148.415 E2027.5708
G0 F3600 X118.151 Y148.415
G1 F3600 X101.583 Y131.847 E2028.4963
G0 F3600 X101.583 Y131.282
G1 F3600 X118.716 Y148.415 E2029.4533
G0 F3600 X119.282 Y148.415
G1 F3600 X101.583 Y130.716 E2030.4419
G0 F3600 X101.583 Y130.150
G1 F3600 X119.848 Y148.415 E2031.4621
G0 F3600 X120.413 Y148.415
G1 F3600 X101.583 Y129.585 E2032.5138
G0 F3600 X101.583 Y129.019
G1 F3600 X120.979 Y148.415 E2033.5972
G0 F3600 X121.545 Y148.415
G1 F3600 X101.583 Y128.453 E2034.7122
G0 F3600 X101.583 Y127.888
G1 F3600 X122.110 Y148.415 E2035.8588
G0 F3600 X122.676 Y148.415
G1 F3600 X101.583 Y127.322 E2037.0370
G0 F3600 X101.583 Y126.756
G1 F3600 X123.242 Y148.415 E2038.2468
G0 F3600 X123.808 Y148.415
G1 F3600 X101.583 Y126.190 E2039.4882
G0 F3600 X101.583 Y125.625
G1 F3600 X124.373 Y148.415 E2040.7611
G0 F3600 X124.939 Y148.415
G1 F3600 X101.583 Y125.059 E2042.0657
G0 F3600 X101.583 Y124.493
G1 F3600 X125.505 Y148.415 E2043.4019
G0 F3600 X126.070 Y148.415
G1 F3600 X101.583 Y123.928 E2044.7697
G0 F3600 X101.583 Y123.362
G1 F3600 X126.636 Y148.415 E2046.1690
G0 F3600 X127.202 Y148.415
G1 F3600 X101.583 Y122.796 E2047.6000
G0 F3600 X101.583 Y122.231
G1 F3600 X127.767 Y148.415 E2049.0626
G0 F3600 X128.333 Y148.415
G1 F3600 X101.583 Y121.665 E2050.5567
G0 F3600 X101.583 Y121.099
G1 F3600 X128.899 Y148.415 E2052.0825
G0 F3600 X129.464 Y148.415
G1 F3600 X101.583 Y120.534 E2053.6398
G0 F3600 X101.583 Y119.968
G1 F3600 X130.030 Y148.415 E2055.2288
G0 F3600 X130.596 Y148.415
G1 F3600 X101.583 Y119.402 E2056.8493
G0 F3600 X101.583 Y118.837
G1 F3600 X131.161 Y148.415 E2058.5015
G0 F3600 X131.727 Y148.415
G1 F3600 X101.583 Y118.271 E2060.1852
G0 F3600 X101.583 Y117.705
G1 F3600 X132.293 Y148.415 E2061.9005
G0 F3600 X132.859 Y148.415
G1 F3600 X101.583 Y117.140 E2063.6475
G0 F3600 X101.583 Y116.574
G1 F3600 X133.424 Y148.415 E2065.4260
G0 F3600 X133.990 Y148.415
G1 F3600 X101.583 Y116.008 E2067.2361
G0 F3600 X101.583 Y115.442
G1 F3600 X134.556 Y148.415 E2069.0779
G0 F3600 X135.121 Y148.415
G1 F3600 X101.583 Y114.877 E2070.9512
G0 F3600 X101.583 Y114.311
G1 F3600 X135.687 Y148.415 E2072.8561
G0 F3600 X136.253 Y148.415
G1 F3600 X101.583 Y113.745 E2074.7927
G0 F3600 X101.583 Y113.180
G1 F3600 X136.818 Y148.415 E2076.7608
G0 F3600 X137.384 Y148.415
G1 F3600 X101.583 Y112.614 E2078.7605
G0 F3600 X101.583 Y112.048
G1 F3600 X137.950 Y148.415 E2080.7918
G0 F3600 X138.515 Y148.415
G1 F3600 X101.583 Y111.483 E2082.8547
G0 F3600 X101.583 Y110.917
G1 F3600 X139.081 Y148.415 E2084.9492
G0 F3600 X139.647 Y148.415
G1 F3600 X101.583 Y110.351 E2087.0753
G0 F3600 X101.583 Y109.786
G1 F3600 X140.212 Y148.415 E2089.2330
G0 F3600 X140.778 Y148.415
G1 F3600 X101.583 Y109.220 E2091.4223
G0 F3600 X101.583 Y108.654
G1 F3600 X141.344 Y148.415 E2093.6432
G0 F3600 X141.909 Y148.415
G1 F3600 X101.583 Y108.089 E2095.8956
G0 F3600 X101.583 Y107.523
G1 F3600 X142.475 Y148.415 E2098.1797
G0 F3600 X143.041 Y148.415
G1 F3600 X101.583 Y106.957 E2100.4954
G0 F3600 X101.583 Y106.391
G1 F3600 X143.607 Y148.415 E2102.8427
G0 F3600 X144.172 Y148.415
G1 F3600 X101.583 Y105.826 E2105.2216
G0 F3600 X101.583 Y105.260
G1 F3600 X144.738 Y148.415 E2107.6321
G0 F3600 X145.304 Y148.415
G1 F3600 X101.583 Y104.694 E2110.0742
G0 F3600 X101.583 Y104.129
G1 F3600 X145.869 Y148.415 E2112.5478
G0 F3600 X146.435 Y148.415
G1 F3600 X101.583 Y103.563 E2115.0531
G0 F3600 X101.583 Y102.997
G1 F3600 X147.001 Y148.415 E2117.5900
G0 F3600 X147.566 Y148.415
G1 F3600 X101.583 Y102.432 E2120.1584
G0 F3600 X101.583 Y101.866
G1 F3600 X148.132 Y148.415 E2122.7585
G0 F3600 X148.415 Y148.132
G1 F3600 X101.866 Y101.583 E2125.3585
G0 F3600 X102.432 Y101.583
G1 F3600 X148.415 Y147.566 E2127.9270
G0 F3600 X148.415 Y147.001
G1 F3600 X102.997 Y101.583 E2130.4639
G0 F3600 X103.563 Y101.583
G1 F3600 X148.415 Y146.435 E2132.9691
G0 F3600 X148.415 Y145.869
G1 F3600 X104.129 Y101.583 E2135.4428
G0 F3600 X104.694 Y101.583
G1 F3600 X148.415 Y145.304 E2137.8849
G0 F3600 X148.415 Y144.738
G1 F3600 X105.260 Y101.583 E2140.2954
G0 F3600 X105.826 Y101.583
G1 F3600 X148.415 Y144.172 E2142.6742
G0 F3600 X148.415 Y143.607
G1 F3600 X106.391 Y101.583 E2145.0215
G0 F3600 X106.957 Y101.583
G1 F3600 X148.415 Y143.041 E2147.3372
G0 F3600 X148.415 Y142.475
G1 F3600 X107.523 Y101.583 E2149.6213
G0 F3600 X108.089 Y101.583
G1 F3600 X148.415 Y141.909 E2151.8738
G0 F3600 X148.415 Y141.344
G1 F3600 X108.654 Y101.583 E2154.0947
G0 F3600 X109.220 Y101.583
G1 F3600 X148.415 Y140.778 E2156.2840
G0 F3600 X148.415 Y140.212
G1 F3600 X109.786 Y101.583 E2158.4416
G0 F3600 X110.351 Y101.583
G1 F3600 X148.415 Y139.647 E2160.5678
G0 F3600 X148.415 Y139.081
G1 F3600 X110.917 Y101.583 E2162.6623
G0 F3600 X111.483 Y101.583
G1 F3600 X148.415 Y138.515 E2164.7251
G0 F3600 X148.415 Y137.950
G1 F3600 X112.048 Y101.583 E2166.7565
G0 F3600 X112.614 Y101.583
G1 F3600 X148.415 Y137.384 E2168.7562
G0 F3600 X148.415 Y136.818
G1 F3600 X113.180 Y101.583 E2170.7243
G0 F3600 X113.745 Y101.583
G1 F3600 X148.415 Y136.253 E2172.6608
G0 F3600 X148.415 Y135.687
G1 F3600 X114.311 Y101.583 E2174.5658
G0 F3600 X114.877 Y101.583
G1 F3600 X148.415 Y135.121 E2176.4391
G0 F3600 X148.415 Y134.556
G1 F3600 X115.442 Y101.583 E2178.2808
G0 F3600 X116.008 Y101.583
G1 F3600 X148.415 Y133.990 E2180.0910
G0 F3600 X148.415 Y133.424
G1 F3600 X116.574 Y101.583 E2181.8695
G0 F3600 X117.140 Y101.583
G1 F3600 X148.415 Y132.859 E2183.6164
G0 F3600 X148.415 Y132.293
G1 F3600 X117.705 Y101.583 E2185.3318
G0 F3600 X118.271 Y101.583
G1 F3600 X148.415 Y131.727 E2187.0155
G0 F3600 X148.415 Y131.161
G1 F3600 X118.837 Y101.583 E2188.6676
G0 F3600 X119.402 Y101.583
G1 F3600 X148.415 Y130.596 E2190.2882
G0 F3600 X148.415 Y130.030
G1 F3600 X119.968 Y101.583 E2191.8771
G0 F3600 X120.534 Y101.583
G1 F3600 X148.415 Y129.464 E2193.4345
G0 F3600 X148.415 Y128.899
G1 F3600 X121.099 Y101.583 E2194.9602
G0 F3600 X121.665 Y101.583
G1 F3600 X148.415 Y128.333 E2196.4544
G0 F3600 X148.415 Y127.767
G1 F3600 X122.231 Y101.583 E2197.9169
G0 F3600 X122.796 Y101.583
G1 F3600 X148.415 Y127.202 E2199.3479
G0 F3600 X148.415 Y126.636
G1 F3600 X123.362 Y101.583 E2200.7473
G0 F3600 X123.928 Y101.583
G1 F3600 X148.415 Y126.070 E2202.1150
G0 F3600 X148.415 Y125.505
G1 F3600 X124.493 Y101.583 E2203.4512
G0 F3600 X125.059 Y101.583
G1 F3600 X148.415 Y124.939 E2204.7558
G0 F3600 X148.415 Y124.373
G1 F3600 X125.625 Y101.583 E2206.0288
G0 F3600 X126.190 Y101.583
G1 F3600 X148.415 Y123.808 E2207.2702
G0 F3600 X148.415 Y123.242
G1 F3600 X126.756 Y101.583 E2208.4800
G0 F3600 X127.322 Y101.583
G1 F3600 X148.415 Y122.676 E2209.6582
G0 F3600 X148.415 Y122.110
G1 F3600 X127.888 Y101.583 E2210.8047
G0 F3600 X128.453 Y101.583
G1 F3600 X148.415 Y121.545 E2211.9197
G0 F3600 X148.415 Y120.979
G1 F3600 X129.019 Y101.583 E2213.0031
G0 F3600 X129.585 Y101.583
G1 F3600 X148.415 Y120.413 E2214.0549
G0 F3600 X148.415 Y119.848
G1 F3600 X130.150 Y101.583 E2215.0751
G0 F3600 X130.716 Y101.583
G1 F3600 X148.415 Y119.282 E2216.0637
G0 F3600 X148.415 Y118.716
G1 F3600 X131.282 Y101.583 E2217.0207
G0 F3600 X131.847 Y101.583
G1 F3600 X148.415 Y118.151 E2217.9461
G0 F3600 X148.415 Y117.585
G1 F3600 X132.413 Y101.583 E2218.8399
G0 F3600 X132.979 Y101.583
G1 F3600 X148.415 Y117.019 E2219.7021
G0 F3600 X148.415 Y116.454
G1 F3600 X133.544 Y101.583 E2220.5328
G0 F3600 X134.110 Y101.583
G1 F3600 X148.415 Y115.888 E2221.3318
G0 F3600 X148.415 Y115.322
G1 F3600 X134.676 Y101.583 E2222.0992
G0 F3600 X135.241 Y101.583
G1 F3600 X148.415 Y114.757 E2222.8351
G0 F3600 X148.415 Y114.191
G1 F3600 X135.807 Y101.583 E2223.5393
G0 F3600 X136.373 Y101.583
G1 F3600 X148.415 Y113.625 E2224.2119
G0 F3600 X148.415 Y113.060
G1 F3600 X136.939 Y101.583 E2224.8530
G0 F3600 X137.504 Y101.583
G1 F3600 X148.415 Y112.494 E2225.4624
G0 F3600 X148.415 Y111.928
G1 F3600 X138.070 Y101.583 E2226.0402
G0 F3600 X138.636 Y101.583
G1 F3600 X148.415 Y111.362 E2226.5865
G0 F3600 X148.415 Y110.797
G1 F3600 X139.201 Y101.583 E2227.1011
G0 F3600 X139.767 Y101.583
G1 F3600 X148.415 Y110.231 E2227.5842
G0 F3600 X148.415 Y109.665
G1 F3600 X140.333 Y101.583 E2228.0356
G0 F3600 X140.898 Y101.583
G1 F3600 X148.415 Y109.100 E2228.4555
G0 F3600 X148.415 Y108.534
G1 F3600 X141.464 Y101.583 E2228.8437
G0 F3600 X142.030 Y101.583
G1 F3600 X148.415 Y107.968 E2229.2004
G0 F3600 X148.415 Y107.403
G1 F3600 X142.595 Y101.583 E2229.5255
G0 F3600 X143.161 Y101.583
G1 F3600 X148.415 Y106.837 E2229.8189
G0 F3600 X148.415 Y106.271
G1 F3600 X143.727 Y101.583 E2230.0808
G0 F3600 X144.292 Y101.583
G1 F3600 X148.415 Y105.706 E2230.3111
G0 F3600 X148.415 Y105.140
G1 F3600 X144.858 Y101.583 E2230.5098
G0 F3600 X145.424 Y101.583
G1 F3600 X148.415 Y104.574 E2230.6768
G0 F3600 X148.415 Y104.009
G1 F3600 X145.989 Y101.583 E2230.8123
G0 F3600 X146.555 Y101.583
G1 F3600 X148.415 Y103.443 E2230.9162
G0 F3600 X148.415 Y102.877
G1 F3600 X147.121 Y101.583 E2230.9885
G0 F3600 X147.687 Y101.583
G1 F3600 X148.415 Y102.311 E2231.0292
G0 F3600 X148.415 Y101.746
G1 F3600 X148.252 Y101.583 E2231.0383
;PRINTING_TIME: 1263
;REMAINING_TIME: 4980
;LAYER:9
;Z:2.500
;HEIGHT:0.250
;FLOW:100.0
;PRINTING: Flow_Calibration_Cube_0.4_mm.stl
;PRINTING_ID: 0
G1 F2400 E2228.0383
G1 F300 Z2.700
G0 F3900 X100.200 Y100.200
G0 F300 Z2.500
;TYPE:WALL-OUTER
;WIDTH:0.400
G1 F300 Z2.500
G1 F1500 E2231.0383
G1 F2100 X149.800 Y100.200 E2233.1004
G1 X149.800 Y149.800 E2235.1625
G1 X100.200 Y149.800 E2237.2247
G1 X100.200 Y100.200 E2239.2868
G0 F3900 X100.600 Y100.600
;TYPE:WALL-INNER
;WIDTH:0.400
;FLOW:90.0
G1 F2400 X149.400 Y100.600 E2241.1128
G1 X149.400 Y149.400 E2242.9387
G1 X100.600 Y149.400 E2244.7647
G1 X100.600 Y100.600 E2246.5907
G0 F3900 X101.000 Y101.000
G1 F2400 X149.000 Y101.000 E2248.3868
G1 X149.000 Y149.000 E2250.1828
G1 X101.000 Y149.000 E2251.9788
G1 X101.000 Y101.000 E2253.7749
G0 F3900 X101.400 Y101.400
G1 F2400 X148.600 Y101.400 E2255.5410
G1 X148.600 Y148.600 E2257.3071
G1 X101.400 Y148.600 E2259.0732
G1 X101.400 Y101.400 E2260.8393
G0 F3900 X101.583 Y101.780
;TYPE:SOLID-FILL
;WIDTH:0.400
;FLOW:95.0
G1 F3600 X101.780 Y101.583 E2260.8504
G0 F3600 X102.345 Y101.583
G1 F3600 X101.583 Y102.345 E2260.8929
G0 F3600 X101.583 Y102.911
G1 F3600 X102.911 Y101.583 E2260.9671
G0 F3600 X103.477 Y101.583
G1 F3600 X101.583 Y103.477 E2261.0729
G0 F3600 X101.583 Y104.042
G1 F3600 X104.042 Y101.583 E2261.2102
G0 F3600 X104.608 Y101.583
G1 F3600 X101.583 Y104.608 E2261.3792
G0 F3600 X101.583 Y105.174
G1 F3600 X105.174 Y101.583 E2261.5798
G0 F3600 X105.740 Y101.583
G1 F3600 X101.583 Y105.740 E2261.8120
G0 F3600 X101.583 Y106.305
G1 F3600 X106.305 Y101.583 E2262.0757
G0 F3600 X106.871 Y101.583
G1 F3600 X101.583 Y106.871 E2262.3711
G0 F3600 X101.583 Y107.437
G1 F3600 X107.437 Y101.583 E2262.6981
G0 F3600 X108.002 Y101.583
G1 F3600 X101.583 Y108.002 E2263.0566
G0 F3600 X101.583 Y108.568
G1 F3600 X108.568 Y101.583 E2263.4468
G0 F3600 X109.134 Y101.583
G1 F3600 X101.583 Y109.134 E2263.8685
G0 F3600 X101.583 Y109.699
G1 F3600 X109.699 Y101.583 E2264.3219
G0 F3600 X110.265 Y101.583
G1 F3600 X101.583 Y110.265 E2264.8068
G0 F3600 X101.583 Y110.831
G1 F3600 X110.831 Y101.583 E2265.3234
G0 F3600 X111.396 Y101.583
G1 F3600 X101.583 Y111.396 E2265.8715
G0 F3600 X101.583 Y111.962
G1 F3600 X111.962 Y101.583 E2266.4512
G0 F3600 X112.528 Y101.583
G1 F3600 X101.583 Y112.528 E2267.0626
G0 F3600 X101.583 Y113.093
G1 F3600 X113.093 Y101.583 E2267.7055
G0 F3600 X113.659 Y101.583
G1 F3600 X101.583 Y113.659 E2268.3800
G0 F3600 X101.583 Y114.225
G1 F3600 X114.225 Y101.583 E2269.0861
G0 F3600 X114.791 Y101.583
G1 F3600 X101.583 Y114.791 E2269.8239
G0 F3600 X101.583 Y115.356
G1 F3600 X115.356 Y101.583 E2270.5932
G0 F3600 X115.922 Y101.583
G1 F3600 X101.583 Y115.922 E2271.3941
G0 F3600 X101.583 Y116.488
G1 F3600 X116.488 Y101.583 E2272.2267
G0 F3600 X117.053 Y101.583
G1 F3600 X101.583 Y117.053 E2273.0908
G0 F3600 X101.583 Y117.619
G1 F3600 X117.619 Y101.583 E2273.9865
G0 F3600 X118.185 Y101.583
G1 F3600 X101.583 Y118.185 E2274.9138
G0 F3600 X101.583 Y118.750
G1 F3600 X118.750 Y101.583 E2275.8727
G0 F3600 X119.316 Y101.583
G1 F3600 X101.583 Y119.316 E2276.8632
G0 F3600 X101.583 Y119.882
G1 F3600 X119.882 Y101.583 E2277.8853
G0 F3600 X120.447 Y101.583
G1 F3600 X101.583 Y120.447 E2278.9390
G0 F3600 X101.583 Y121.013
G1 F3600 X121.013 Y101.583 E2280.0243
G0 F3600 X121.579 Y101.583
G1 F3600 X101.583 Y121.579 E2281.1412
G0 F3600 X101.583 Y122.144
G1 F3600 X122.144 Y101.583 E2282.2896
G0 F3600 X122.710 Y101.583
G1 F3600 X101.583 Y122.710 E2283.4697
G0 F3600 X101.583 Y123.276
G1 F3600 X123.276 Y101.583 E2284.6814
G0 F3600 X123.841 Y101.583
G1 F3600 X101.583 Y123.841 E2285.9247
G0 F3600 X101.583 Y124.407
G1 F3600 X124.407 Y101.583 E2287.1995
G0 F3600 X124.973 Y101.583
G1 F3600 X101.583 Y124.973 E2288.5060
G0 F3600 X101.583 Y125.539
G1 F3600 X125.539 Y101.583 E2289.8441
G0 F3600 X126.104 Y101.583
G1 F3600 X101.583 Y126.104 E2291.2138
G0 F3600 X101.583 Y126.670
G1 F3600 X126.670 Y101.583 E2292.6150
G0 F3600 X127.236 Y101.583
G1 F3600 X101.583 Y127.236 E2294.0479
G0 F3600 X101.583 Y127.801
G1 F3600 X127.801 Y101.583 E2295.5123
G0 F3600 X128.367 Y101.583
G1 F3600 X101.583 Y128.367 E2297.0084
G0 F3600 X101.583 Y128.933
G1 F3600 X128.933 Y101.583 E2298.5361
G0 F3600 X129.498 Y101.583
G1 F3600 X101.583 Y129.498 E2300.0953
G0 F3600 X101.583 Y130.064
G1 F3600 X130.064 Y101.583 E2301.6862
G0 F3600 X130.630 Y101.583
G1 F3600 X101.583 Y130.630 E2303.3086
G0 F3600 X101.583 Y131.195
G1 F3600 X131.195 Y101.583 E2304.9626
G0 F3600 X131.761 Y101.583
G1 F3600 X101.583 Y131.761 E2306.6483
G0 F3600 X101.583 Y132.327
G1 F3600 X132.327 Y101.583 E2308.3655
G0 F3600 X132.892 Y101.583
G1 F3600 X101.583 Y132.892 E2310.1143
G0 F3600 X101.583 Y133.458
G1 F3600 X133.458 Y101.583 E2311.8947
G0 F3600 X134.024 Y101.583
G1 F3600 X101.583 Y134.024 E2313.7068
G0 F3600 X101.583 Y134.589
G1 F3600 X134.589 Y101.583 E2315.5504
G0 F3600 X135.155 Y101.583
G1 F3600 X101.583 Y135.155 E2317.4256
G0 F3600 X101.583 Y135.721
G1 F3600 X135.721 Y101.583 E2319.3324
G0 F3600 X136.287 Y101.583
G1 F3600 X101.583 Y136.287 E2321.2708
G0 F3600 X101.583 Y136.852
G1 F3600 X136.852 Y101.583 E2323.2408
G0 F3600 X137.418 Y101.583
G1 F3600 X101.583 Y137.418 E2325.2425
G0 F3600 X101.583 Y137.984
G1 F3600 X137.984 Y101.583 E2327.2757
G0 F3600 X138.549 Y101.583
G1 F3600 X101.583 Y138.549 E2329.3405
G0 F3600 X101.583 Y139.115
G1 F3600 X139.115 Y101.583 E2331.4369
G0 F3600 X139.681 Y101.583
G1 F3600 X101.583 Y139.681 E2333.5649
G0 F3600 X101.583 Y140.246
G1 F3600 X140.246 Y101.583 E2335.7245
G0 F3600 X140.812 Y101.583
G1 F3600 X101.583 Y140.812 E2337.9156
G0 F3600 X101.583 Y141.378
G1 F3600 X141.378 Y101.583 E2340.1385
G0 F3600 X141.943 Y101.583
G1 F3600 X101.583 Y141.943 E2342.3928
G0 F3600 X101.583 Y142.509
G1 F3600 X142.509 Y101.583 E2344.6788
G0 F3600 X143.075 Y101.583
G1 F3600 X101.583 Y143.075 E2346.9964
G0 F3600 X101.583 Y143.640
G1 F3600 X143.640 Y101.583 E2349.3455
G0 F3600 X144.206 Y101.583
G1 F3600 X101.583 Y144.206 E2351.7263
G0 F3600 X101.583 Y144.772
G1 F3600 X144.772 Y101.583 E2354.1387
G0 F3600 X145.338 Y101.583
G1 F3600 X101.583 Y145.338 E2356.5827
G0 F3600 X101.583 Y145.903
G1 F3600 X145.903 Y101.583 E2359.0582
G0 F3600 X146.469 Y101.583
G1 F3600 X101.583 Y146.469 E2361.5654
G0 F3600 X101.583 Y147.035
G1 F3600 X147.035 Y101.583 E2364.1042
G0 F3600 X147.600 Y101.583
G1 F3600 X101.583 Y147.600 E2366.6745
G0 F3600 X101.583 Y148.166
G1 F3600 X148.166 Y101.583 E2369.2765
G0 F3600 X148.415 Y101.900
G1 F3600 X101.900 Y148.415 E2371.8746
G0 F3600 X102.466 Y148.415
G1 F3600 X148.415 Y102.466 E2374.4412
G0 F3600 X148.415 Y103.031
G1 F3600 X103.031 Y148.415 E2376.9762
G0 F3600 X103.597 Y148.415
G1 F3600 X148.415 Y103.597 E2379.4795
G0 F3600 X148.415 Y104.163
G1 F3600 X104.163 Y148.415 E2381.9513
G0 F3600 X104.728 Y148.415
G1 F3600 X148.415 Y104.728 E2384.3915
G0 F3600 X148.415 Y105.294
G1 F3600 X105.294 Y148.415 E2386.8001
G0 F3600 X105.860 Y148.415
G1 F3600 X148.415 Y105.860 E2389.1770
G0 F3600 X148.415 Y106.425
G1 F3600 X106.425 Y148.415 E2391.5224
G0 F3600 X106.991 Y148.415
G1 F3600 X148.415 Y106.991 E2393.8362
G0 F3600 X148.415 Y107.557
G1 F3600 X107.557 Y148.415 E2396.1184
G0 F3600 X108.122 Y148.415
G1 F3600 X148.415 Y108.122 E2398.3690
G0 F3600 X148.415 Y108.688
G1 F3600 X108.688 Y148.415 E2400.5880
G0 F3600 X109.254 Y148.415
G1 F3600 X148.415 Y109.254 E2402.7754
G0 F3600 X148.415 Y109.820
G1 F3600 X109.820 Y148.415 E2404.9312
G0 F3600 X110.385 Y148.415
G1 F3600 X148.415 Y110.385 E2407.0554
G0 F3600 X148.415 Y110.951
G1 F3600 X110.951 Y148.415 E2409.1480
G0 F3600 X111.517 Y148.415
G1 F3600 X148.415 Y111.517 E2411.2090
G0 F3600 X148.415 Y112.082
G1 F3600 X112.082 Y148.415 E2413.2385
G0 F3600 X112.648 Y148.415
G1 F3600 X148.415 Y112.648 E2415.2363
G0 F3600 X148.415 Y113.214
G1 F3600 X113.214 Y148.415 E2417.2025
G0 F3600 X113.779 Y148.415
G1 F3600 X148.415 Y113.779 E2419.1371
G0 F3600 X148.415 Y114.345
G1 F3600 X114.345 Y148.415 E2421.0401
G0 F3600 X114.911 Y148.415
G1 F3600 X148.415 Y114.911 E2422.9115
G0 F3600 X148.415 Y115.476
G1 F3600 X115.476 Y148.415 E2424.7514
G0 F3600 X116.042 Y148.415
G1 F3600 X148.415 Y116.042 E2426.5596
G0 F3600 X148.415 Y116.608
G1 F3600 X116.608 Y148.415 E2428.3363
G0 F3600 X117.173 Y148.415
G1 F3600 X148.415 Y117.173 E2430.0813
G0 F3600 X148.415 Y117.739
G1 F3600 X117.739 Y148.415 E2431.7948
G0 F3600 X118.305 Y148.415
G1 F3600 X148.415 Y118.305 E2433.4766
G0 F3600 X148.415 Y118.871
G1 F3600 X118.871 Y148.415 E2435.1268
G0 F3600 X119.436 Y148.415
G1 F3600 X148.415 Y119.436 E2436.7455
G0 F3600 X148.415 Y120.002
G1 F3600 X120.002 Y148.415 E2438.3325
G0 F3600 X120.568 Y148.415
G1 F3600 X148.415 Y120.568 E2439.8880
G0 F3600 X148.415 Y121.133
G1 F3600 X121.133 Y148.415 E2441.4118
G0 F3600 X121.699 Y148.415
G1 F3600 X148.415 Y121.699 E2442.9041
G0 F3600 X148.415 Y122.265
G1 F3600 X122.265 Y148.415 E2444.3647
G0 F3600 X122.830 Y148.415
G1 F3600 X148.415 Y122.830 E2445.7938
G0 F3600 X148.415 Y123.396
G1 F3600 X123.396 Y148.415 E2447.1913
G0 F3600 X123.962 Y148.415
G1 F3600 X148.415 Y123.962 E2448.5572
G0 F3600 X148.415 Y124.527
G1 F3600 X124.527 Y148.415 E2449.8915
G0 F3600 X125.093 Y148.415
G1 F3600 X148.415 Y125.093 E2451.1941
G0 F3600 X148.415 Y125.659
G1 F3600 X125.659 Y148.415 E2452.4652
G0 F3600 X126.224 Y148.415
G1 F3600 X148.415 Y126.224 E2453.7047
G0 F3600 X148.415 Y126.790
G1 F3600 X126.790 Y148.415 E2454.9126
G0 F3600 X127.356 Y148.415
G1 F3600 X148.415 Y127.356 E2456.0889
G0 F3600 X148.415 Y127.921
G1 F3600 X127.921 Y148.415 E2457.2336
G0 F3600 X128.487 Y148.415
G1 F3600 X148.415 Y128.487 E2458.3467
G0 F3600 X148.415 Y129.053
G1 F3600 X129.053 Y148.415 E2459.4282
G0 F3600 X129.619 Y148.415
G1 F3600 X148.415 Y129.619 E2460.4781
G0 F3600 X148.415 Y130.184
G1 F3600 X130.184 Y148.415 E2461.4964
G0 F3600 X130.750 Y148.415
G1 F3600 X148.415 Y130.750 E2462.4831
G0 F3600 X148.415 Y131.316
G1 F3600 X131.316 Y148.415 E2463.4382
G0 F3600 X131.881 Y148.415
G1 F3600 X148.415 Y131.881 E2464.3617
G0 F3600 X148.415 Y132.447
G1 F3600 X132.447 Y148.415 E2465.2536
G0 F3600 X133.013 Y148.415
G1 F3600 X148.415 Y133.013 E2466.1139
G0 F3600 X148.415 Y133.578
G1 F3600 X133.578 Y148.415 E2466.9427
G0 F3600 X134.144 Y148.415
G1 F3600 X148.415 Y134.144 E2467.7398
G0 F3600 X148.415 Y134.710
G1 F3600 X134.710 Y148.415 E2468.5053
G0 F3600 X135.275 Y148.415
G1 F3600 X148.415 Y135.275 E2469.2393
G0 F3600 X148.415 Y135.841
G1 F3600 X135.841 Y148.415 E2469.9416
G0 F3600 X136.407 Y148.415
G1 F3600 X148.415 Y136.407 E2470.6123
G0 F3600 X148.415 Y136.972
G1 F3600 X136.972 Y148.415 E2471.2515
G0 F3600 X137.538 Y148.415
G1 F3600 X148.415 Y137.538 E2471.8590
G0 F3600 X148.415 Y138.104
G1 F3600 X138.104 Y148.415 E2472.4350
G0 F3600 X138.670 Y148.415
G1 F3600 X148.415 Y138.670 E2472.9793
G0 F3600 X148.415 Y139.235
G1 F3600 X139.235 Y148.415 E2473.4920
G0 F3600 X139.801 Y148.415
G1 F3600 X148.415 Y139.801 E2473.9732
G0 F3600 X148.415 Y140.367
G1 F3600 X140.367 Y148.415 E2474.4227
G0 F3600 X140.932 Y148.415
G1 F3600 X148.415 Y140.932 E2474.8407
G0 F3600 X148.415 Y141.498
G1 F3600 X141.498 Y148.415 E2475.2271
G0 F3600 X142.064 Y148.415
G1 F3600 X148.415 Y142.064 E2475.5818
G0 F3600 X148.415 Y142.629
G1 F3600 X142.629 Y148.415 E2475.9050
G0 F3600 X143.195 Y148.415
G1 F3600 X148.415 Y143.195 E2476.1966
G0 F3600 X148.415 Y143.761
G1 F3600 X143.761 Y148.415 E2476.4565
G0 F3600 X144.326 Y148.415
G1 F3600 X148.415 Y144.326 E2476.6849
G0 F3600 X148.415 Y144.892
G1 F3600 X144.892 Y148.415 E2476.8817
G0 F3600 X145.458 Y148.415
G1 F3600 X148.415 Y145.458 E2477.0469
G0 F3600 X148.415 Y146.023
G1 F3600 X146.023 Y148.415 E2477.1805
G0 F3600 X146.589 Y148.415
G1 F3600 X148.415 Y146.589 E2477.2825
G0 F3600 X148.415 Y147.155
G1 F3600 X147.155 Y148.415 E2477.3528
G0 F3600 X147.720 Y148.415
G1 F3600 X148.415 Y147.720 E2477.3917
G0 F3600 X148.415 Y148.286
G1 F3600 X148.286 Y148.415 E2477.3989
;PRINTING_TIME: 1392
;REMAINING_TIME: 4851
;LAYER:10
;Z:2.750
;HEIGHT:0.250
;FLOW:100.0
;PRINTING: Flow_Calibration_Cube_0.4_mm.stl
;PRINTING_ID: 0
G1 F2400 E2474.3989
G1 F300 Z2.950
G0 F3900 X148.286 Y148.700
G0 F300 Z2.750
G0 F3900 X101.259 Y148.741
G0 X100.700 Y100.610
G0 X100.200 Y100.200
;TYPE:WALL-OUTER
;WIDTH:0.400
G1 F300 Z2.750
G1 F1500 E2477.3989
G1 F2100 X149.800 Y100.200 E2479.4610
G1 X149.800 Y149.800 E2481.5231
G1 X100.200 Y149.800 E2483.5852
G1 X100.200 Y100.200 E2485.6474
G1 F2400 E2482.6474
G1 F300 Z2.950
G0 F3900 X101.800 Y101.800
G1 F300 Z2.750
G1 F1500 E2485.6474
G1 F2100 X101.800 Y148.200 E2487.5765
G1 X148.200 Y148.200 E2489.5056
G1 X148.200 Y101.800 E2491.4346
G1 X101.800 Y101.800 E2493.3637
G0 F3900 X100.600 Y100.600
;TYPE:WALL-INNER
;WIDTH:0.400
;FLOW:90.0
G1 F2400 X149.400 Y100.600 E2495.1897
G1 X149.400 Y149.400 E2497.0157
G1 X100.600 Y149.400 E2498.8417
G1 X100.600 Y100.600 E2500.6677
G0 F3900 X101.400 Y101.400
G1 F2400 X101.400 Y148.600 E2502.4338
G1 X148.600 Y148.600 E2504.1999
G1 X148.600 Y101.400 E2505.9660
G1 X101.400 Y101.400 E2507.7321
G0 F3900 X101.000 Y101.200
;TYPE:GAP-FILL
;WIDTH:0.400
;FLOW:95.0
G1 F3600 X101.000 Y148.800 E2509.6121
;WIDTH:0.468
G1 X101.200 Y149.000 E2509.6252
;WIDTH:0.400
G1 X148.800 Y149.000 E2511.5052
;WIDTH:0.468
G1 X149.000 Y148.800 E2511.5183
;WIDTH:0.400
G1 X149.000 Y101.200 E2513.3983
;WIDTH:0.468
G1 X148.800 Y101.000 E2513.4114
;WIDTH:0.400
G1 X101.200 Y101.000 E2515.2914
;WIDTH:0.468
;WIDTH:0.469
G1 X101.034 Y101.034 E2515.2993
G1 X101.000 Y101.200 E2515.3071
;PRINTING_TIME: 1419
;REMAINING_TIME: 4824
;LAYER:11
;Z:3.000
;HEIGHT:0.250
;FLOW:100.0
;PRINTING: Flow_Calibration_Cube_0.4_mm.stl
;PRINTING_ID: 0
G1 F2400 E2512.3071
G1 F300 Z3.200
G0 F3900 X100.200 Y100.200
G0 F300 Z3.000
;TYPE:WALL-OUTER
;WIDTH:0.400
G1 F300 Z3.000
G1 F1500 E2515.3071
G1 F2100 X149.800 Y100.200 E2517.3693
G1 X149.800 Y149.800 E2519.4314
G1 X100.200 Y149.800 E2521.4935
G1 X100.200 Y100.200 E2523.5556
G1 F2400 E2520.5556
G1 F300 Z3.200
G0 F3900 X101.800 Y101.800
G1 F300 Z3.000
G1 F1500 E2523.5556
G1 F2100 X101.800 Y148.200 E2525.4847
G1 X148.200 Y148.200 E2527.4138
G1 X148.200 Y101.800 E2529.3429
G1 X101.800 Y101.800 E2531.2720
G0 F3900 X100.600 Y100.600
;TYPE:WALL-INNER
;WIDTH:0.400
;FLOW:90.0
G1 F2400 X149.400 Y100.600 E2533.0980
G1 X149.400 Y149.400 E2534.9240
G1 X100.600 Y149.400 E2536.7499
G1 X100.600 Y100.600 E2538.5759
G0 F3900 X101.400 Y101.400
G1 F2400 X101.400 Y148.600 E2540.3420
G1 X148.600 Y148.600 E2542.1081
G1 X148.600 Y101.400 E2543.8743
G1 X101.400 Y101.400 E2545.6404
G0 F3900 X101.000 Y101.200
;TYPE:GAP-FILL
;WIDTH:0.400
;FLOW:95.0
G1 F3600 X101.000 Y148.800 E2547.5204
;WIDTH:0.468
G1 X101.200 Y149.000 E2547.5335
;WIDTH:0.400
G1 X148.800 Y149.000 E2549.4135
;WIDTH:0.468
G1 X149.000 Y148.800 E2549.4266
;WIDTH:0.400
G1 X149.000 Y101.200 E2551.3066
;WIDTH:0.468
G1 X148.800 Y101.000 E2551.3197
;WIDTH:0.400
G1 X101.200 Y101.000 E2553.1997
;WIDTH:0.468
;WIDTH:0.469
G1 X101.034 Y101.034 E2553.2075
G1 X101.000 Y101.200 E2553.2154
;PRINTING_TIME: 1445
;REMAINING_TIME: 4799
;LAYER:12
;Z:3.250
;HEIGHT:0.250
;FLOW:100.0
;PRINTING: Flow_Calibration_Cube_0.4_mm.stl
;PRINTING_ID: 0
G1 F2400 E2550.2154
G1 F300 Z3.450
G0 F3900 X100.200 Y100.200
G0 F300 Z3.250
;TYPE:WALL-OUTER
;WIDTH:0.400
G1 F300 Z3.250
G1 F1500 E2553.2154
G1 F2100 X149.800 Y100.200 E2555.2775
G1 X149.800 Y149.800 E2557.3397
G1 X100.200 Y149.800 E2559.4018
G1 X100.200 Y100.200 E2561.4639
G1 F2400 E2558.4639
G1 F300 Z3.450
G0 F3900 X101.800 Y101.800
G1 F300 Z3.250
G1 F1500 E2561.4639
G1 F2100 X101.800 Y148.200 E2563.3930
G1 X148.200 Y148.200 E2565.3221
G1 X148.200 Y101.800 E2567.2512
G1 X101.800 Y101.800 E2569.1803
G0 F3900 X100.600 Y100.600
;TYPE:WALL-INNER
;WIDTH:0.400
;FLOW:90.0
G1 F2400 X149.400 Y100.600 E2571.0062
G1 X149.400 Y149.400 E2572.8322
G1 X100.600 Y149.400 E2574.6582
G1 X100.600 Y100.600 E2576.4842
G0 F3900 X101.400 Y101.400
G1 F2400 X101.400 Y148.600 E2578.2503
G1 X148.600 Y148.600 E2580.0164
G1 X148.600 Y101.400 E2581.7825
G1 X101.400 Y101.400 E2583.5486
G0 F3900 X101.000 Y101.200
;TYPE:GAP-FILL
;WIDTH:0.400
;FLOW:95.0
G1 F3600 X101.000 Y148.800 E2585.4287
;WIDTH:0.468
G1 X101.200 Y149.000 E2585.4417
;WIDTH:0.400
G1 X148.800 Y149.000 E2587.3218
;WIDTH:0.468
G1 X149.000 Y148.800 E2587.3348
;WIDTH:0.400
G1 X149.000 Y101.200 E2589.2149
;WIDTH:0.468
G1 X148.800 Y101.000 E2589.2279
;WIDTH:0.400
G1 X101.200 Y101.000 E2591.1080
;WIDTH:0.468
;WIDTH:0.469
G1 X101.034 Y101.034 E2591.1158
G1 X101.000 Y101.200 E2591.1237
;PRINTING_TIME: 1470
;REMAINING_TIME: 4773
;LAYER:13
;Z:3.500
;HEIGHT:0.250
;FLOW:100.0
;PRINTING: Flow_Calibration_Cube_0.4_mm.stl
;PRINTING_ID: 0
G1 F2400 E2588.1237
G1 F300 Z3.700
G0 F3900 X100.200 Y100.200
G0 F300 Z3.500
;TYPE:WALL-OUTER
;WIDTH:0.400
G1 F300 Z3.500
G1 F1500 E2591.1237
G1 F2100 X149.800 Y100.200 E2593.1858
G1 X149.800 Y149.800 E2595.2479
G1 X100.200 Y149.800 E2597.3100
G1 X100.200 Y100.200 E2599.3722
G1 F2400 E2596.3722
G1 F300 Z3.700
G0 F3900 X101.800 Y101.800
G1 F300 Z3.500
G1 F1500 E2599.3722
G1 F2100 X101.800 Y148.200 E2601.3013
G1 X148.200 Y148.200 E2603.2303
G1 X148.200 Y101.800 E2605.1594
G1 X101.800 Y101.800 E2607.0885
G0 F3900 X100.600 Y100.600
;TYPE:WALL-INNER
;WIDTH:0.400
;FLOW:90.0
G1 F2400 X149.400 Y100.600 E2608.9145
G1 X149.400 Y149.400 E2610.7405
G1 X100.600 Y149.400 E2612.5665
G1 X100.600 Y100.600 E2614.3924
G0 F3900 X101.400 Y101.400
G1 F2400 X101.400 Y148.600 E2616.1586
G1 X148.600 Y148.600 E2617.9247
G1 X148.600 Y101.400 E2619.6908
G1 X101.400 Y101.400 E2621.4569
G0 F3900 X101.000 Y101.200
;TYPE:GAP-FILL
;WIDTH:0.400
;FLOW:95.0
G1 F3600 X101.000 Y148.800 E2623.3369
;WIDTH:0.468
G1 X101.200 Y149.000 E2623.3500
;WIDTH:0.400
G1 X148.800 Y149.000 E2625.2300
;WIDTH:0.468
G1 X149.000 Y148.800 E2625.2431
;WIDTH:0.400
G1 X149.000 Y101.200 E2627.1231
;WIDTH:0.468
G1 X148.800 Y101.000 E2627.1362
;WIDTH:0.400
G1 X101.200 Y101.000 E2629.0162
;WIDTH:0.468
;WIDTH:0.469
G1 X101.034 Y101.034 E2629.0241
G1 X101.000 Y101.200 E2629.0319
;PRINTING_TIME: 1496
;REMAINING_TIME: 4748
;LAYER:14
;Z:3.750
;HEIGHT:0.250
;FLOW:100.0
;PRINTING: Flow_Calibration_Cube_0.4_mm.stl
;PRINTING_ID: 0
G1 F2400 E2626.0319
G1 F300 Z3.950
G0 F3900 X100.200 Y100.200
G0 F300 Z3.750
;TYPE:WALL-OUTER
;WIDTH:0.400
G1 F300 Z3.750
G1 F1500 E2629.0319
G1 F2100 X149.800 Y100.200 E2631.0941
G1 X149.800 Y149.800 E2633.1562
G1 X100.200 Y149.800 E2635.2183
G1 X100.200 Y100.200 E2637.2804
G1 F2400 E2634.2804
G1 F300 Z3.950
G0 F3900 X101.800 Y101.800
G1 F300 Z3.750
G1 F1500 E2637.2804
G1 F2100 X101.800 Y148.200 E2639.2095
G1 X148.200 Y148.200 E2641.1386
G1 X148.200 Y101.800 E2643.0677
G1 X101.800 Y101.800 E2644.9968
G0 F3900 X100.600 Y100.600
;TYPE:WALL-INNER
;WIDTH:0.400
;FLOW:90.0
G1 F2400 X149.400 Y100.600 E2646.8228
G1 X149.400 Y149.400 E2648.6488
G1 X100.600 Y149.400 E2650.4747
G1 X100.600 Y100.600 E2652.3007
G0 F3900 X101.400 Y101.400
G1 F2400 X101.400 Y148.600 E2654.0668
G1 X148.600 Y148.600 E2655.8329
G1 X148.600 Y101.400 E2657.5991
G1 X101.400 Y101.400 E2659.3652
G0 F3900 X101.000 Y101.200
;TYPE:GAP-FILL
;WIDTH:0.400
;FLOW:95.0
G1 F3600 X101.000 Y148.800 E2661.2452
;WIDTH:0.468
G1 X101.200 Y149.000 E2661.2583
;WIDTH:0.400
G1 X148.800 Y149.000 E2663.1383
;WIDTH:0.468
G1 X149.000 Y148.800 E2663.1514
;WIDTH:0.400
G1 X149.000 Y101.200 E2665.0314
;WIDTH:0.468
G1 X148.800 Y101.000 E2665.0445
;WIDTH:0.400
G1 X101.200 Y101.000 E2666.9245
;WIDTH:0.468
;WIDTH:0.469
G1 X101.034 Y101.034 E2666.9323
G1 X101.000 Y101.200 E2666.9402
;PRINTING_TIME: 1521
;REMAINING_TIME: 4722
;LAYER:15
;Z:4.000
;HEIGHT:0.250
;FLOW:100.0
;PRINTING: Flow_Calibration_Cube_0.4_mm.stl
;PRINTING_ID: 0
G1 F2400 E2663.9402
G1 F300 Z4.200
G0 F3900 X100.200 Y100.200
G0 F300 Z4.000
;TYPE:WALL-OUTER
;WIDTH:0.400
G1 F300 Z4.000
G1 F1500 E2666.9402
G1 F2100 X149.800 Y100.200 E2669.0023
G1 X149.800 Y149.800 E2671.0644
G1 X100.200 Y149.800 E2673.1266
G1 X100.200 Y100.200 E2675.1887
G1 F2400 E2672.1887
G1 F300 Z4.200
G0 F3900 X101.800 Y101.800
G1 F300 Z4.000
G1 F1500 E2675.1887
G1 F2100 X101.800 Y148.200 E2677.1178
G1 X148.200 Y148.200 E2679.0469
G1 X148.200 Y101.800 E2680.9760
G1 X101.800 Y101.800 E2682.9051
G0 F3900 X100.600 Y100.600
;TYPE:WALL-INNER
;WIDTH:0.400
;FLOW:90.0
G1 F2400 X149.400 Y100.600 E2684.7310
G1 X149.400 Y149.400 E2686.5570
G1 X100.600 Y149.400 E2688.3830
G1 X100.600 Y100.600 E2690.2090
G0 F3900 X101.400 Y101.400
G1 F2400 X101.400 Y148.600 E2691.9751
G1 X148.600 Y148.600 E2693.7412
G1 X148.600 Y101.400 E2695.5073
G1 X101.400 Y101.400 E2697.2734
G0 F3900 X101.000 Y101.200
;TYPE:GAP-FILL
;WIDTH:0.400
;FLOW:95.0
G1 F3600 X101.000 Y148.800 E2699.1535
;WIDTH:0.468
G1 X101.200 Y149.000 E2699.1665
;WIDTH:0.400
G1 X148.800 Y149.000 E2701.0466
;WIDTH:0.468
G1 X149.000 Y148.800 E2701.0596
;WIDTH:0.400
G1 X149.000 Y101.200 E2702.9397
;WIDTH:0.468
G1 X148.800 Y101.000 E2702.9527
;WIDTH:0.400
G1 X101.200 Y101.000 E2704.8328
;WIDTH:0.468
;WIDTH:0.469
G1 X101.034 Y101.034 E2704.8406
G1 X101.000 Y101.200 E2704.8485
;PRINTING_TIME: 1547
;REMAINING_TIME: 4697
;LAYER:16
;Z:4.250
;HEIGHT:0.250
;FLOW:100.0
;PRINTING: Flow_Calibration_Cube_0.4_mm.stl
;PRINTING_ID: 0
G1 F2400 E2701.8485
G1 F300 Z4.450
G0 F3900 X100.200 Y100.200
G0 F300 Z4.250
;TYPE:WALL-OUTER
;WIDTH:0.400
G1 F300 Z4.250
G1 F1500 E2704.8485
G1 F2100 X149.800 Y100.200 E2706.9106
G1 X149.800 Y149.800 E2708.9727
G1 X100.200 Y149.800 E2711.0348
G1 X100.200 Y100.200 E2713.0970
G1 F2400 E2710.0970
G1 F300 Z4.450
G0 F3900 X101.800 Y101.800
G1 F300 Z4.250
G1 F1500 E2713.0970
G1 F2100 X101.800 Y148.200 E2715.0261
G1 X148.200 Y148.200 E2716.9551
G1 X148.200 Y101.800 E2718.8842
G1 X101.800 Y101.800 E2720.8133
G0 F3900 X100.600 Y100.600
;TYPE:WALL-INNER
;WIDTH:0.400
;FLOW:90.0
G1 F2400 X149.400 Y100.600 E2722.6393
G1 X149.400 Y149.400 E2724.4653
G1 X100.600 Y149.400 E2726.2913
G1 X100.600 Y100.600 E2728.1172
G0 F3900 X101.400 Y101.400
G1 F2400 X101.400 Y148.600 E2729.8834
G1 X148.600 Y148.600 E2731.6495
G1 X148.600 Y101.400 E2733.4156
G1 X101.400 Y101.400 E2735.1817
G0 F3900 X101.000 Y101.200
;TYPE:GAP-FILL
;WIDTH:0.400
;FLOW:95.0
G1 F3600 X101.000 Y148.800 E2737.0617
;WIDTH:0.468
G1 X101.200 Y149.000 E2737.0748
;WIDTH:0.400
G1 X148.800 Y149.000 E2738.9548
;WIDTH:0.468
G1 X149.000 Y148.800 E2738.9679
;WIDTH:0.400
G1 X149.000 Y101.200 E2740.8479
;WIDTH:0.468
G1 X148.800 Y101.000 E2740.8610
;WIDTH:0.400
G1 X101.200 Y101.000 E2742.7410
;WIDTH:0.468
;WIDTH:0.469
G1 X101.034 Y101.034 E2742.7489
G1 X101.000 Y101.200 E2742.7567
;PRINTING_TIME: 1572
;REMAINING_TIME: 4671
;LAYER:17
;Z:4.500
;HEIGHT:0.250
;FLOW:100.0
;PRINTING: Flow_Calibration_Cube_0.4_mm.stl
;PRINTING_ID: 0
G1 F2400 E2739.7567
G1 F300 Z4.700
G0 F3900 X100.200 Y100.200
G0 F300 Z4.500
;TYPE:WALL-OUTER
;WIDTH:0.400
G1 F300 Z4.500
G1 F1500 E2742.7567
G1 F2100 X149.800 Y100.200 E2744.8188
G1 X149.800 Y149.800 E2746.8810
G1 X100.200 Y149.800 E2748.9431
G1 X100.200 Y100.200 E2751.0052
G1 F2400 E2748.0052
G1 F300 Z4.700
G0 F3900 X101.800 Y101.800
G1 F300 Z4.500
G1 F1500 E2751.0052
G1 F2100 X101.800 Y148.200 E2752.9343
G1 X148.200 Y148.200 E2754.8634
G1 X148.200 Y101.800 E2756.7925
G1 X101.800 Y101.800 E2758.7216
G0 F3900 X100.600 Y100.600
;TYPE:WALL-INNER
;WIDTH:0.400
;FLOW:90.0
G1 F2400 X149.400 Y100.600 E2760.5476
G1 X149.400 Y149.400 E2762.3735
G1 X100.600 Y149.400 E2764.1995
G1 X100.600 Y100.600 E2766.0255
G0 F3900 X101.400 Y101.400
G1 F2400 X101.400 Y148.600 E2767.7916
G1 X148.600 Y148.600 E2769.5577
G1 X148.600 Y101.400 E2771.3238
G1 X101.400 Y101.400 E2773.0900
G0 F3900 X101.000 Y101.200
;TYPE:GAP-FILL
;WIDTH:0.400
;FLOW:95.0
G1 F3600 X101.000 Y148.800 E2774.9700
;WIDTH:0.468
G1 X101.200 Y149.000 E2774.9831
;WIDTH:0.400
G1 X148.800 Y149.000 E2776.8631
;WIDTH:0.468
G1 X149.000 Y148.800 E2776.8762
;WIDTH:0.400
G1 X149.000 Y101.200 E2778.7562
;WIDTH:0.468
G1 X148.800 Y101.000 E2778.7693
;WIDTH:0.400
G1 X101.200 Y101.000 E2780.6493
;WIDTH:0.468
;WIDTH:0.469
G1 X101.034 Y101.034 E2780.6571
G1 X101.000 Y101.200 E2780.6650
;PRINTING_TIME: 1598
;REMAINING_TIME: 4645
;LAYER:18
;Z:4.750
;HEIGHT:0.250
;FLOW:100.0
;PRINTING: Flow_Calibration_Cube_0.4_mm.stl
;PRINTING_ID: 0
G1 F2400 E2777.6650
G1 F300 Z4.950
G0 F3900 X100.200 Y100.200
G0 F300 Z4.750
;TYPE:WALL-OUTER
;WIDTH:0.400
G1 F300 Z4.750
G1 F1500 E2780.6650
G1 F2100 X149.800 Y100.200 E2782.7271
G1 X149.800 Y149.800 E2784.7892
G1 X100.200 Y149.800 E2786.8514
G1 X100.200 Y100.200 E2788.9135
G1 F2400 E2785.9135
G1 F300 Z4.950
G0 F3900 X101.800 Y101.800
G1 F300 Z4.750
G1 F1500 E2788.9135
G1 F2100 X101.800 Y148.200 E2790.8426
G1 X148.200 Y148.200 E2792.7717
G1 X148.200 Y101.800 E2794.7008
G1 X101.800 Y101.800 E2796.6298
G0 F3900 X100.600 Y100.600
;TYPE:WALL-INNER
;WIDTH:0.400
;FLOW:90.0
G1 F2400 X149.400 Y100.600 E2798.4558
G1 X149.400 Y149.400 E2800.2818
G1 X100.600 Y149.400 E2802.1078
G1 X100.600 Y100.600 E2803.9338
G0 F3900 X101.400 Y101.400
G1 F2400 X101.400 Y148.600 E2805.6999
G1 X148.600 Y148.600 E2807.4660
G1 X148.600 Y101.400 E2809.2321
G1 X101.400 Y101.400 E2810.9982
G0 F3900 X101.000 Y101.200
;TYPE:GAP-FILL
;WIDTH:0.400
;FLOW:95.0
G1 F3600 X101.000 Y148.800 E2812.8783
;WIDTH:0.468
G1 X101.200 Y149.000 E2812.8913
;WIDTH:0.400
G1 X148.800 Y149.000 E2814.7714
;WIDTH:0.468
G1 X149.000 Y148.800 E2814.7844
;WIDTH:0.400
G1 X149.000 Y101.200 E2816.6645
;WIDTH:0.468
G1 X148.800 Y101.000 E2816.6775
;WIDTH:0.400
G1 X101.200 Y101.000 E2818.5576
;WIDTH:0.468
;WIDTH:0.469
G1 X101.034 Y101.034 E2818.5654
G1 X101.000 Y101.200 E2818.5732
;PRINTING_TIME: 1623
;REMAINING_TIME: 4620
;LAYER:19
;Z:5.000
;HEIGHT:0.250
;FLOW:100.0
;PRINTING: Flow_Calibration_Cube_0.4_mm.stl
;PRINTING_ID: 0
G1 F2400 E2815.5732
G1 F300 Z5.200
G0 F3900 X100.200 Y100.200
G0 F300 Z5.000
;TYPE:WALL-OUTER
;WIDTH:0.400
G1 F300 Z5.000
G1 F1500 E2818.5732
G1 F2100 X149.800 Y100.200 E2820.6354
G1 X149.800 Y149.800 E2822.6975
G1 X100.200 Y149.800 E2824.7596
G1 X100.200 Y100.200 E2826.8218
G1 F2400 E2823.8218
G1 F300 Z5.200
G0 F3900 X101.800 Y101.800
G1 F300 Z5.000
G1 F1500 E2826.8218
G1 F2100 X101.800 Y148.200 E2828.7508
G1 X148.200 Y148.200 E2830.6799
G1 X148.200 Y101.800 E2832.6090
G1 X101.800 Y101.800 E2834.5381
G0 F3900 X100.600 Y100.600
;TYPE:WALL-INNER
;WIDTH:0.400
;FLOW:90.0
G1 F2400 X149.400 Y100.600 E2836.3641
G1 X149.400 Y149.400 E2838.1901
G1 X100.600 Y149.400 E2840.0161
G1 X100.600 Y100.600 E2841.8420
G0 F3900 X101.400 Y101.400
G1 F2400 X101.400 Y148.600 E2843.6082
G1 X148.600 Y148.600 E2845.3743
G1 X148.600 Y101.400 E2847.1404
G1 X101.400 Y101.400 E2848.9065
G0 F3900 X101.000 Y101.200
;TYPE:GAP-FILL
;WIDTH:0.400
;FLOW:95.0
G1 F3600 X101.000 Y148.800 E2850.7865
;WIDTH:0.468
G1 X101.200 Y149.000 E2850.7996
;WIDTH:0.400
G1 X148.800 Y149.000 E2852.6796
;WIDTH:0.468
G1 X149.000 Y148.800 E2852.6927
;WIDTH:0.400
G1 X149.000 Y101.200 E2854.5727
;WIDTH:0.468
G1 X148.800 Y101.000 E2854.5858
;WIDTH:0.400
G1 X101.200 Y101.000 E2856.4658
;WIDTH:0.468
;WIDTH:0.469
G1 X101.034 Y101.034 E2856.4737
G1 X101.000 Y101.200 E2856.4815
;PRINTING_TIME: 1649
;REMAINING_TIME: 4594
;LAYER:20
;Z:5.250
;HEIGHT:0.250
;FLOW:100.0
;PRINTING: Flow_Calibration_Cube_0.4_mm.stl
;PRINTING_ID: 0
G1 F2400 E2853.4815
G1 F300 Z5.450
G0 F3900 X100.200 Y100.200
G0 F300 Z5.250
;TYPE:WALL-OUTER
;WIDTH:0.400
G1 F300 Z5.250
G1 F1500 E2856.4815
G1 F2100 X149.800 Y100.200 E2858.5436
G1 X149.800 Y149.800 E2860.6058
G1 X100.200 Y149.800 E2862.6679
G1 X100.200 Y100.200 E2864.7300
G1 F2400 E2861.7300
G1 F300 Z5.450
G0 F3900 X101.800 Y101.800
G1 F300 Z5.250
G1 F1500 E2864.7300
G1 F2100 X101.800 Y148.200 E2866.6591
G1 X148.200 Y148.200 E2868.5882
G1 X148.200 Y101.800 E2870.5173
G1 X101.800 Y101.800 E2872.4464
G0 F3900 X100.600 Y100.600
;TYPE:WALL-INNER
;WIDTH:0.400
;FLOW:90.0
G1 F2400 X149.400 Y100.600 E2874.2724
G1 X149.400 Y149.400 E2876.0983
G1 X100.600 Y149.400 E2877.9243
G1 X100.600 Y100.600 E2879.7503
G0 F3900 X101.400 Y101.400
G1 F2400 X101.400 Y148.600 E2881.5164
G1 X148.600 Y148.600 E2883.2825
G1 X148.600 Y101.400 E2885.0486
G1 X101.400 Y101.400 E2886.8148
G0 F3900 X101.000 Y101.200
;TYPE:GAP-FILL
;WIDTH:0.400
;FLOW:95.0
G1 F3600 X101.000 Y148.800 E2888.6948
;WIDTH:0.468
G1 X101.200 Y149.000 E2888.7079
;WIDTH:0.400
G1 X148.800 Y149.000 E2890.5879
;WIDTH:0.468
G1 X149.000 Y148.800 E2890.6010
;WIDTH:0.400
G1 X149.000 Y101.200 E2892.4810
;WIDTH:0.468
G1 X148.800 Y101.000 E2892.4941
;WIDTH:0.400
G1 X101.200 Y101.000 E2894.3741
;WIDTH:0.468
;WIDTH:0.469
G1 X101.034 Y101.034 E2894.3819
G1 X101.000 Y101.200 E2894.3898
;PRINTING_TIME: 1675
;REMAINING_TIME: 4569
;LAYER:21
;Z:5.500
;HEIGHT:0.250
;FLOW:100.0
;PRINTING: Flow_Calibration_Cube_0.4_mm.stl
;PRINTING_ID: 0
G1 F2400 E2891.3898
G1 F300 Z5.700
G0 F3900 X100.200 Y100.200
G0 F300 Z5.500
;TYPE:WALL-OUTER
;WIDTH:0.400
G1 F300 Z5.500
G1 F1500 E2894.3898
G1 F2100 X149.800 Y100.200 E2896.4519
G1 X149.800 Y149.800 E2898.5140
G1 X100.200 Y149.800 E2900.5762
G1 X100.200 Y100.200 E2902.6383
G1 F2400 E2899.6383
G1 F300 Z5.700
G0 F3900 X101.800 Y101.800
G1 F300 Z5.500
G1 F1500 E2902.6383
G1 F2100 X101.800 Y148.200 E2904.5674
G1 X148.200 Y148.200 E2906.4965
G1 X148.200 Y101.800 E2908.4256
G1 X101.800 Y101.800 E2910.3546
G0 F3900 X100.600 Y100.600
;TYPE:WALL-INNER
;WIDTH:0.400
;FLOW:90.0
G1 F2400 X149.400 Y100.600 E2912.1806
G1 X149.400 Y149.400 E2914.0066
G1 X100.600 Y149.400 E2915.8326
G1 X100.600 Y100.600 E2917.6586
G0 F3900 X101.400 Y101.400
G1 F2400 X101.400 Y148.600 E2919.4247
G1 X148.600 Y148.600 E2921.1908
G1 X148.600 Y101.400 E2922.9569
G1 X101.400 Y101.400 E2924.7230
G0 F3900 X101.000 Y101.200
;TYPE:GAP-FILL
;WIDTH:0.400
;FLOW:95.0
G1 F3600 X101.000 Y148.800 E2926.6030
;WIDTH:0.468
G1 X101.200 Y149.000 E2926.6161
;WIDTH:0.400
G1 X148.800 Y149.000 E2928.4961
;WIDTH:0.468
G1 X149.000 Y148.800 E2928.5092
;WIDTH:0.400
G1 X149.000 Y101.200 E2930.3892
;WIDTH:0.468
G1 X148.800 Y101.000 E2930.4023
;WIDTH:0.400
G1 X101.200 Y101.000 E2932.2823
;WIDTH:0.468
;WIDTH:0.469
G1 X101.034 Y101.034 E2932.2902
G1 X101.000 Y101.200 E2932.2980
;PRINTING_TIME: 1700
;REMAINING_TIME: 4543
;LAYER:22
;Z:5.750
;HEIGHT:0.250
;FLOW:100.0
;PRINTING: Flow_Calibration_Cube_0.4_mm.stl
;PRINTING_ID: 0
G1 F2400 E2929.2980
G1 F300 Z5.950
G0 F3900 X100.200 Y100.200
G0 F300 Z5.750
;TYPE:WALL-OUTER
;WIDTH:0.400
G1 F300 Z5.750
G1 F1500 E2932.2980
G1 F2100 X149.800 Y100.200 E2934.3602
G1 X149.800 Y149.800 E2936.4223
G1 X100.200 Y149.800 E2938.4844
G1 X100.200 Y100.200 E2940.5466
G1 F2400 E2937.5466
G1 F300 Z5.950
G0 F3900 X101.800 Y101.800
G1 F300 Z5.750
G1 F1500 E2940.5466
G1 F2100 X101.800 Y148.200 E2942.4756
G1 X148.200 Y148.200 E2944.4047
G1 X148.200 Y101.800 E2946.3338
G1 X101.800 Y101.800 E2948.2629
G0 F3900 X100.600 Y100.600
;TYPE:WALL-INNER
;WIDTH:0.400
;FLOW:90.0
G1 F2400 X149.400 Y100.600 E2950.0889
G1 X149.400 Y149.400 E2951.9149
G1 X100.600 Y149.400 E2953.7409
G1 X100.600 Y100.600 E2955.5668
G0 F3900 X101.400 Y101.400
G1 F2400 X101.400 Y148.600 E2957.3329
G1 X148.600 Y148.600 E2959.0991
G1 X148.600 Y101.400 E2960.8652
G1 X101.400 Y101.400 E2962.6313
G0 F3900 X101.000 Y101.200
;TYPE:GAP-FILL
;WIDTH:0.400
;FLOW:95.0
G1 F3600 X101.000 Y148.800 E2964.5113
;WIDTH:0.468
G1 X101.200 Y149.000 E2964.5244
;WIDTH:0.400
G1 X148.800 Y149.000 E2966.4044
;WIDTH:0.468
G1 X149.000 Y148.800 E2966.4175
;WIDTH:0.400
G1 X149.000 Y101.200 E2968.2975
;WIDTH:0.468
G1 X148.800 Y101.000 E2968.3106
;WIDTH:0.400
G1 X101.200 Y101.000 E2970.1906
;WIDTH:0.468
;WIDTH:0.469
G1 X101.034 Y101.034 E2970.1985
G1 X101.000 Y101.200 E2970.2063
;PRINTING_TIME: 1726
;REMAINING_TIME: 4518
;LAYER:23
;Z:6.000
;HEIGHT:0.250
;FLOW:100.0
;PRINTING: Flow_Calibration_Cube_0.4_mm.stl
;PRINTING_ID: 0
G1 F2400 E2967.2063
G1 F300 Z6.200
G0 F3900 X100.200 Y100.200
G0 F300 Z6.000
;TYPE:WALL-OUTER
;WIDTH:0.400
G1 F300 Z6.000
G1 F1500 E2970.2063
G1 F2100 X149.800 Y100.200 E2972.2684
G1 X149.800 Y149.800 E2974.3306
G1 X100.200 Y149.800 E2976.3927
G1 X100.200 Y100.200 E2978.4548
G1 F2400 E2975.4548
G1 F300 Z6.200
G0 F3900 X101.800 Y101.800
G1 F300 Z6.000
G1 F1500 E2978.4548
G1 F2100 X101.800 Y148.200 E2980.3839
G1 X148.200 Y148.200 E2982.3130
G1 X148.200 Y101.800 E2984.2421
G1 X101.800 Y101.800 E2986.1712
G0 F3900 X100.600 Y100.600
;TYPE:WALL-INNER
;WIDTH:0.400
;FLOW:90.0
G1 F2400 X149.400 Y100.600 E2987.9972
G1 X149.400 Y149.400 E2989.8231
G1 X100.600 Y149.400 E2991.6491
G1 X100.600 Y100.600 E2993.4751
G0 F3900 X101.400 Y101.400
G1 F2400 X101.400 Y148.600 E2995.2412
G1 X148.600 Y148.600 E2997.0073
G1 X148.600 Y101.400 E2998.7734
G1 X101.400 Y101.400 E3000.5395
G0 F3900 X101.000 Y101.200
;TYPE:GAP-FILL
;WIDTH:0.400
;FLOW:95.0
G1 F3600 X101.000 Y148.800 E3002.4196
;WIDTH:0.468
G1 X101.200 Y149.000 E3002.4326
;WIDTH:0.400
G1 X148.800 Y149.000 E3004.3127
;WIDTH:0.468
G1 X149.000 Y148.800 E3004.3257
;WIDTH:0.400
G1 X149.000 Y101.200 E3006.2058
;WIDTH:0.468
G1 X148.800 Y101.000 E3006.2188
;WIDTH:0.400
G1 X101.200 Y101.000 E3008.0989
;WIDTH:0.468
;WIDTH:0.469
G1 X101.034 Y101.034 E3008.1067
G1 X101.000 Y101.200 E3008.1146
;PRINTING_TIME: 1751
;REMAINING_TIME: 4492
;LAYER:24
;Z:6.250
;HEIGHT:0.250
;FLOW:100.0
;PRINTING: Flow_Calibration_Cube_0.4_mm.stl
;PRINTING_ID: 0
G1 F2400 E3005.1146
G1 F300 Z6.450
G0 F3900 X100.200 Y100.200
G0 F300 Z6.250
;TYPE:WALL-OUTER
;WIDTH:0.400
G1 F300 Z6.250
G1 F1500 E3008.1146
G1 F2100 X149.800 Y100.200 E3010.1767
G1 X149.800 Y149.800 E3012.2388
G1 X100.200 Y149.800 E3014.3010
G1 X100.200 Y100.200 E3016.3631
G1 F2400 E3013.3631
G1 F300 Z6.450
G0 F3900 X101.800 Y101.800
G1 F300 Z6.250
G1 F1500 E3016.3631
G1 F2100 X101.800 Y148.200 E3018.2922
G1 X148.200 Y148.200 E3020.2213
G1 X148.200 Y101.800 E3022.1503
G1 X101.800 Y101.800 E3024.0794
G0 F3900 X100.600 Y100.600
;TYPE:WALL-INNER
;WIDTH:0.400
;FLOW:90.0
G1 F2400 X149.400 Y100.600 E3025.9054
G1 X149.400 Y149.400 E3027.7314
G1 X100.600 Y149.400 E3029.5574
G1 X100.600 Y100.600 E3031.3834
G0 F3900 X101.400 Y101.400
G1 F2400 X101.400 Y148.600 E3033.1495
G1 X148.600 Y148.600 E3034.9156
G1 X148.600 Y101.400 E3036.6817
G1 X101.400 Y101.400 E3038.4478
G0 F3900 X101.000 Y101.200
;TYPE:GAP-FILL
;WIDTH:0.400
;FLOW:95.0
G1 F3600 X101.000 Y148.800 E3040.3278
;WIDTH:0.468
G1 X101.200 Y149.000 E3040.3409
;WIDTH:0.400
G1 X148.800 Y149.000 E3042.2209
;WIDTH:0.468
G1 X149.000 Y148.800 E3042.2340
;WIDTH:0.400
G1 X149.000 Y101.200 E3044.1140
;WIDTH:0.468
G1 X148.800 Y101.000 E3044.1271
;WIDTH:0.400
G1 X101.200 Y101.000 E3046.0071
;WIDTH:0.468
;WIDTH:0.469
G1 X101.034 Y101.034 E3046.0150
G1 X101.000 Y101.200 E3046.0228
;PRINTING_TIME: 1777
;REMAINING_TIME: 4467
;LAYER:25
;Z:6.500
;HEIGHT:0.250
;FLOW:100.0
;PRINTING: Flow_Calibration_Cube_0.4_mm.stl
;PRINTING_ID: 0
G1 F2400 E3043.0228
G1 F300 Z6.700
G0 F3900 X100.200 Y100.200
G0 F300 Z6.500
;TYPE:WALL-OUTER
;WIDTH:0.400
G1 F300 Z6.500
G1 F1500 E3046.0228
G1 F2100 X149.800 Y100.200 E3048.0850
G1 X149.800 Y149.800 E3050.1471
G1 X100.200 Y149.800 E3052.2092
G1 X100.200 Y100.200 E3054.2713
G1 F2400 E3051.2713
G1 F300 Z6.700
G0 F3900 X101.800 Y101.800
G1 F300 Z6.500
G1 F1500 E3054.2713
G1 F2100 X101.800 Y148.200 E3056.2004
G1 X148.200 Y148.200 E3058.1295
G1 X148.200 Y101.800 E3060.0586
G1 X101.800 Y101.800 E3061.9877
G0 F3900 X100.600 Y100.600
;TYPE:WALL-INNER
;WIDTH:0.400
;FLOW:90.0
G1 F2400 X149.400 Y100.600 E3063.8137
G1 X149.400 Y149.400 E3065.6397
G1 X100.600 Y149.400 E3067.4656
G1 X100.600 Y100.600 E3069.2916
G0 F3900 X101.400 Y101.400
G1 F2400 X101.400 Y148.600 E3071.0577
G1 X148.600 Y148.600 E3072.8239
G1 X148.600 Y101.400 E3074.5900
G1 X101.400 Y101.400 E3076.3561
G0 F3900 X101.000 Y101.200
;TYPE:GAP-FILL
;WIDTH:0.400
;FLOW:95.0
G1 F3600 X101.000 Y148.800 E3078.2361
;WIDTH:0.468
G1 X101.200 Y149.000 E3078.2492
;WIDTH:0.400
G1 X148.800 Y149.000 E3080.1292
;WIDTH:0.468
G1 X149.000 Y148.800 E3080.1423
;WIDTH:0.400
G1 X149.000 Y101.200 E3082.0223
;WIDTH:0.468
G1 X148.800 Y101.000 E3082.0354
;WIDTH:0.400
G1 X101.200 Y101.000 E3083.9154
;WIDTH:0.468
;WIDTH:0.469
G1 X101.034 Y101.034 E3083.9233
G1 X101.000 Y101.200 E3083.9311
;PRINTING_TIME: 1802
;REMAINING_TIME: 4441
;LAYER:26
;Z:6.750
;HEIGHT:0.250
;FLOW:100.0
;PRINTING: Flow_Calibration_Cube_0.4_mm.stl
;PRINTING_ID: 0
G1 F2400 E3080.9311
G1 F300 Z6.950
G0 F3900 X100.200 Y100.200
G0 F300 Z6.750
;TYPE:WALL-OUTER
;WIDTH:0.400
G1 F300 Z6.750
G1 F1500 E3083.9311
G1 F2100 X149.800 Y100.200 E3085.9932
G1 X149.800 Y149.800 E3088.0554
G1 X100.200 Y149.800 E3090.1175
G1 X100.200 Y100.200 E3092.1796
G1 F2400 E3089.1796
G1 F300 Z6.950
G0 F3900 X101.800 Y101.800
G1 F300 Z6.750
G1 F1500 E3092.1796
G1 F2100 X101.800 Y148.200 E3094.1087
G1 X148.200 Y148.200 E3096.0378
G1 X148.200 Y101.800 E3097.9669
G1 X101.800 Y101.800 E3099.8960
G0 F3900 X100.600 Y100.600
;TYPE:WALL-INNER
;WIDTH:0.400
;FLOW:90.0
G1 F2400 X149.400 Y100.600 E3101.7219
G1 X149.400 Y149.400 E3103.5479
G1 X100.600 Y149.400 E3105.3739
G1 X100.600 Y100.600 E3107.1999
G0 F3900 X101.400 Y101.400
G1 F2400 X101.400 Y148.600 E3108.9660
G1 X148.600 Y148.600 E3110.7321
G1 X148.600 Y101.400 E3112.4982
G1 X101.400 Y101.400 E3114.2643
G0 F3900 X101.000 Y101.200
;TYPE:GAP-FILL
;WIDTH:0.400
;FLOW:95.0
G1 F3600 X101.000 Y148.800 E3116.1444
;WIDTH:0.468
G1 X101.200 Y149.000 E3116.1574
;WIDTH:0.400
G1 X148.800 Y149.000 E3118.0375
;WIDTH:0.468
G1 X149.000 Y148.800 E3118.0505
;WIDTH:0.400
G1 X149.000 Y101.200 E3119.9306
;WIDTH:0.468
G1 X148.800 Y101.000 E3119.9436
;WIDTH:0.400
G1 X101.200 Y101.000 E3121.8237
;WIDTH:0.468
;WIDTH:0.469
G1 X101.034 Y101.034 E3121.8315
G1 X101.000 Y101.200 E3121.8394
;PRINTING_TIME: 1828
;REMAINING_TIME: 4416
;LAYER:27
;Z:7.000
;HEIGHT:0.250
;FLOW:100.0
;PRINTING: Flow_Calibration_Cube_0.4_mm.stl
;PRINTING_ID: 0
G1 F2400 E3118.8394
G1 F300 Z7.200
G0 F3900 X100.200 Y100.200
G0 F300 Z7.000
;TYPE:WALL-OUTER
;WIDTH:0.400
G1 F300 Z7.000
G1 F1500 E3121.8394
G1 F2100 X149.800 Y100.200 E3123.9015
G1 X149.800 Y149.800 E3125.9636
G1 X100.200 Y149.800 E3128.0258
G1 X100.200 Y100.200 E3130.0879
G1 F2400 E3127.0879
G1 F300 Z7.200
G0 F3900 X101.800 Y101.800
G1 F300 Z7.000
G1 F1500 E3130.0879
G1 F2100 X101.800 Y148.200 E3132.0170
G1 X148.200 Y148.200 E3133.9461
G1 X148.200 Y101.800 E3135.8751
G1 X101.800 Y101.800 E3137.8042
G0 F3900 X100.600 Y100.600
;TYPE:WALL-INNER
;WIDTH:0.400
;FLOW:90.0
G1 F2400 X149.400 Y100.600 E3139.6302
G1 X149.400 Y149.400 E3141.4562
G1 X100.600 Y149.400 E3143.2822
G1 X100.600 Y100.600 E3145.1082
G0 F3900 X101.400 Y101.400
G1 F2400 X101.400 Y148.600 E3146.8743
G1 X148.600 Y148.600 E3148.6404
G1 X148.600 Y101.400 E3150.4065
G1 X101.400 Y101.400 E3152.1726
G0 F3900 X101.000 Y101.200
;TYPE:GAP-FILL
;WIDTH:0.400
;FLOW:95.0
G1 F3600 X101.000 Y148.800 E3154.0526
;WIDTH:0.468
G1 X101.200 Y149.000 E3154.0657
;WIDTH:0.400
G1 X148.800 Y149.000 E3155.9457
;WIDTH:0.468
G1 X149.000 Y148.800 E3155.9588
;WIDTH:0.400
G1 X149.000 Y101.200 E3157.8388
;WIDTH:0.468
G1 X148.800 Y101.000 E3157.8519
;WIDTH:0.400
G1 X101.200 Y101.000 E3159.7319
;WIDTH:0.468
;WIDTH:0.469
G1 X101.034 Y101.034 E3159.7398
G1 X101.000 Y101.200 E3159.7476
;PRINTING_TIME: 1853
;REMAINING_TIME: 4390
;LAYER:28
;Z:7.250
;HEIGHT:0.250
;FLOW:100.0
;PRINTING: Flow_Calibration_Cube_0.4_mm.stl
;PRINTING_ID: 0
G1 F2400 E3156.7476
G1 F300 Z7.450
G0 F3900 X100.200 Y100.200
G0 F300 Z7.250
;TYPE:WALL-OUTER
;WIDTH:0.400
G1 F300 Z7.250
G1 F1500 E3159.7476
G1 F2100 X149.800 Y100.200 E3161.8098
G1 X149.800 Y149.800 E3163.8719
G1 X100.200 Y149.800 E3165.9340
G1 X100.200 Y100.200 E3167.9961
G1 F2400 E3164.9961
G1 F300 Z7.450
G0 F3900 X101.800 Y101.800
G1 F300 Z7.250
G1 F1500 E3167.9961
G1 F2100 X101.800 Y148.200 E3169.9252
G1 X148.200 Y148.200 E3171.8543
G1 X148.200 Y101.800 E3173.7834
G1 X101.800 Y101.800 E3175.7125
G0 F3900 X100.600 Y100.600
;TYPE:WALL-INNER
;WIDTH:0.400
;FLOW:90.0
G1 F2400 X149.400 Y100.600 E3177.5385
G1 X149.400 Y149.400 E3179.3645
G1 X100.600 Y149.400 E3181.1904
G1 X100.600 Y100.600 E3183.0164
G0 F3900 X101.400 Y101.400
G1 F2400 X101.400 Y148.600 E3184.7825
G1 X148.600 Y148.600 E3186.5486
G1 X148.600 Y101.400 E3188.3148
G1 X101.400 Y101.400 E3190.0809
G0 F3900 X101.000 Y101.200
;TYPE:GAP-FILL
;WIDTH:0.400
;FLOW:95.0
G1 F3600 X101.000 Y148.800 E3191.9609
;WIDTH:0.468
G1 X101.200 Y149.000 E3191.9740
;WIDTH:0.400
G1 X148.800 Y149.000 E3193.8540
;WIDTH:0.468
G1 X149.000 Y148.800 E3193.8671
;WIDTH:0.400
G1 X149.000 Y101.200 E3195.7471
;WIDTH:0.468
G1 X148.800 Y101.000 E3195.7602
;WIDTH:0.400
G1 X101.200 Y101.000 E3197.6402
;WIDTH:0.468
;WIDTH:0.469
G1 X101.034 Y101.034 E3197.6480
G1 X101.000 Y101.200 E3197.6559
;PRINTING_TIME: 1879
;REMAINING_TIME: 4365
;LAYER:29
;Z:7.500
;HEIGHT:0.250
;FLOW:100.0
;PRINTING: Flow_Calibration_Cube_0.4_mm.stl
;PRINTING_ID: 0
G1 F2400 E3194.6559
G1 F300 Z7.700
G0 F3900 X100.200 Y100.200
G0 F300 Z7.500
;TYPE:WALL-OUTER
;WIDTH:0.400
G1 F300 Z7.500
G1 F1500 E3197.6559
G1 F2100 X149.800 Y100.200 E3199.7180
G1 X149.800 Y149.800 E3201.7802
G1 X100.200 Y149.800 E3203.8423
G1 X100.200 Y100.200 E3205.9044
G1 F2400 E3202.9044
G1 F300 Z7.700
G0 F3900 X101.800 Y101.800
G1 F300 Z7.500
G1 F1500 E3205.9044
G1 F2100 X101.800 Y148.200 E3207.8335
G1 X148.200 Y148.200 E3209.7626
G1 X148.200 Y101.800 E3211.6917
G1 X101.800 Y101.800 E3213.6208
G0 F3900 X100.600 Y100.600
;TYPE:WALL-INNER
;WIDTH:0.400
;FLOW:90.0
G1 F2400 X149.400 Y100.600 E3215.4467
G1 X149.400 Y149.400 E3217.2727
G1 X100.600 Y149.400 E3219.0987
G1 X100.600 Y100.600 E3220.9247
G0 F3900 X101.400 Y101.400
G1 F2400 X101.400 Y148.600 E3222.6908
G1 X148.600 Y148.600 E3224.4569
G1 X148.600 Y101.400 E3226.2230
G1 X101.400 Y101.400 E3227.9891
G0 F3900 X101.000 Y101.200
;TYPE:GAP-FILL
;WIDTH:0.400
;FLOW:95.0
G1 F3600 X101.000 Y148.800 E3229.8692
;WIDTH:0.468
G1 X101.200 Y149.000 E3229.8822
;WIDTH:0.400
G1 X148.800 Y149.000 E3231.7623
;WIDTH:0.468
G1 X149.000 Y148.800 E3231.7753
;WIDTH:0.400
G1 X149.000 Y101.200 E3233.6554
;WIDTH:0.468
G1 X148.800 Y101.000 E3233.6684
;WIDTH:0.400
G1 X101.200 Y101.000 E3235.5485
;WIDTH:0.468
;WIDTH:0.469
G1 X101.034 Y101.034 E3235.5563
G1 X101.000 Y101.200 E3235.5642
;PRINTING_TIME: 1904
;REMAINING_TIME: 4339
;LAYER:30
;Z:7.750
;HEIGHT:0.250
;FLOW:100.0
;PRINTING: Flow_Calibration_Cube_0.4_mm.stl
;PRINTING_ID: 0
G1 F2400 E3232.5642
G1 F300 Z7.950
G0 F3900 X100.200 Y100.200
G0 F300 Z7.750
;TYPE:WALL-OUTER
;WIDTH:0.400
G1 F300 Z7.750
G1 F1500 E3235.5642
G1 F2100 X149.800 Y100.200 E3237.6263
G1 X149.800 Y149.800 E3239.6884
G1 X100.200 Y149.800 E3241.7505
G1 X100.200 Y100.200 E3243.8127
G1 F2400 E3240.8127
G1 F300 Z7.950
G0 F3900 X101.800 Y101.800
G1 F300 Z7.750
G1 F1500 E3243.8127
G1 F2100 X101.800 Y148.200 E3245.7418
G1 X148.200 Y148.200 E3247.6708
G1 X148.200 Y101.800 E3249.5999
G1 X101.800 Y101.800 E3251.5290
G0 F3900 X100.600 Y100.600
;TYPE:WALL-INNER
;WIDTH:0.400
;FLOW:90.0
G1 F2400 X149.400 Y100.600 E3253.3550
G1 X149.400 Y149.400 E3255.1810
G1 X100.600 Y149.400 E3257.0070
G1 X100.600 Y100.600 E3258.8330
G0 F3900 X101.400 Y101.400
G1 F2400 X101.400 Y148.600 E3260.5991
G1 X148.600 Y148.600 E3262.3652
G1 X148.600 Y101.400 E3264.1313
G1 X101.400 Y101.400 E3265.8974
G0 F3900 X101.000 Y101.200
;TYPE:GAP-FILL
;WIDTH:0.400
;FLOW:95.0
G1 F3600 X101.000 Y148.800 E3267.7774
;WIDTH:0.468
G1 X101.200 Y149.000 E3267.7905
;WIDTH:0.400
G1 X148.800 Y149.000 E3269.6705
;WIDTH:0.468
G1 X149.000 Y148.800 E3269.6836
;WIDTH:0.400
G1 X149.000 Y101.200 E3271.5636
;WIDTH:0.468
G1 X148.800 Y101.000 E3271.5767
;WIDTH:0.400
G1 X101.200 Y101.000 E3273.4567
;WIDTH:0.468
;WIDTH:0.469
G1 X101.034 Y101.034 E3273.4646
G1 X101.000 Y101.200 E3273.4724
;PRINTING_TIME: 1930
;REMAINING_TIME: 4314
;LAYER:31
;Z:8.000
;HEIGHT:0.250
;FLOW:100.0
;PRINTING: Flow_Calibration_Cube_0.4_mm.stl
;PRINTING_ID: 0
G1 F2400 E3270.4724
G1 F300 Z8.200
G0 F3900 X100.200 Y100.200
G0 F300 Z8.000
;TYPE:WALL-OUTER
;WIDTH:0.400
G1 F300 Z8.000
G1 F1500 E3273.4724
G1 F2100 X149.800 Y100.200 E3275.5346
G1 X149.800 Y149.800 E3277.5967
G1 X100.200 Y149.800 E3279.6588
G1 X100.200 Y100.200 E3281.7209
G1 F2400 E3278.7209
G1 F300 Z8.200
G0 F3900 X101.800 Y101.800
G1 F300 Z8.000
G1 F1500 E3281.7209
G1 F2100 X101.800 Y148.200 E3283.6500
G1 X148.200 Y148.200 E3285.5791
G1 X148.200 Y101.800 E3287.5082
G1 X101.800 Y101.800 E3289.4373
G0 F3900 X100.600 Y100.600
;TYPE:WALL-INNER
;WIDTH:0.400
;FLOW:90.0
G1 F2400 X149.400 Y100.600 E3291.2633
G1 X149.400 Y149.400 E3293.0893
G1 X100.600 Y149.400 E3294.9152
G1 X100.600 Y100.600 E3296.7412
G0 F3900 X101.400 Y101.400
G1 F2400 X101.400 Y148.600 E3298.5073
G1 X148.600 Y148.600 E3300.2734
G1 X148.600 Y101.400 E3302.0396
G1 X101.400 Y101.400 E3303.8057
G0 F3900 X101.000 Y101.200
;TYPE:GAP-FILL
;WIDTH:0.400
;FLOW:95.0
G1 F3600 X101.000 Y148.800 E3305.6857
;WIDTH:0.468
G1 X101.200 Y149.000 E3305.6988
;WIDTH:0.400
G1 X148.800 Y149.000 E3307.5788
;WIDTH:0.468
G1 X149.000 Y148.800 E3307.5919
;WIDTH:0.400
G1 X149.000 Y101.200 E3309.4719
;WIDTH:0.468
G1 X148.800 Y101.000 E3309.4850
;WIDTH:0.400
G1 X101.200 Y101.000 E3311.3650
;WIDTH:0.468
;WIDTH:0.469
G1 X101.034 Y101.034 E3311.3728
G1 X101.000 Y101.200 E3311.3807
;PRINTING_TIME: 1955
;REMAINING_TIME: 4288
;LAYER:32
;Z:8.250
;HEIGHT:0.250
;FLOW:100.0
;PRINTING: Flow_Calibration_Cube_0.4_mm.stl
;PRINTING_ID: 0
G1 F2400 E3308.3807
G1 F300 Z8.450
G0 F3900 X100.200 Y100.200
G0 F300 Z8.250
;TYPE:WALL-OUTER
;WIDTH:0.400
G1 F300 Z8.250
G1 F1500 E3311.3807
G1 F2100 X149.800 Y100.200 E3313.4428
G1 X149.800 Y149.800 E3315.5049
G1 X100.200 Y149.800 E3317.5671
G1 X100.200 Y100.200 E3319.6292
G1 F2400 E3316.6292
G1 F300 Z8.450
G0 F3900 X101.800 Y101.800
G1 F300 Z8.250
G1 F1500 E3319.6292
G1 F2100 X101.800 Y148.200 E3321.5583
G1 X148.200 Y148.200 E3323.4874
G1 X148.200 Y101.800 E3325.4165
G1 X101.800 Y101.800 E3327.3456
G0 F3900 X100.600 Y100.600
;TYPE:WALL-INNER
;WIDTH:0.400
;FLOW:90.0
G1 F2400 X149.400 Y100.600 E3329.1715
G1 X149.400 Y149.400 E3330.9975
G1 X100.600 Y149.400 E3332.8235
G1 X100.600 Y100.600 E3334.6495
G0 F3900 X101.400 Y101.400
G1 F2400 X101.400 Y148.600 E3336.4156
G1 X148.600 Y148.600 E3338.1817
G1 X148.600 Y101.400 E3339.9478
G1 X101.400 Y101.400 E3341.7139
G0 F3900 X101.000 Y101.200
;TYPE:GAP-FILL
;WIDTH:0.400
;FLOW:95.0
G1 F3600 X101.000 Y148.800 E3343.5940
;WIDTH:0.468
G1 X101.200 Y149.000 E3343.6070
;WIDTH:0.400
G1 X148.800 Y149.000 E3345.4871
;WIDTH:0.468
G1 X149.000 Y148.800 E3345.5001
;WIDTH:0.400
G1 X149.000 Y101.200 E3347.3802
;WIDTH:0.468
G1 X148.800 Y101.000 E3347.3932
;WIDTH:0.400
G1 X101.200 Y101.000 E3349.2733
;WIDTH:0.468
;WIDTH:0.469
G1 X101.034 Y101.034 E3349.2811
G1 X101.000 Y101.200 E3349.2890
;PRINTING_TIME: 1981
;REMAINING_TIME: 4263
;LAYER:33
;Z:8.500
;HEIGHT:0.250
;FLOW:100.0
;PRINTING: Flow_Calibration_Cube_0.4_mm.stl
;PRINTING_ID: 0
G1 F2400 E3346.2890
G1 F300 Z8.700
G0 F3900 X100.200 Y100.200
G0 F300 Z8.500
;TYPE:WALL-OUTER
;WIDTH:0.400
G1 F300 Z8.500
G1 F1500 E3349.2890
G1 F2100 X149.800 Y100.200 E3351.3511
G1 X149.800 Y149.800 E3353.4132
G1 X100.200 Y149.800 E3355.4753
G1 X100.200 Y100.200 E3357.5375
G1 F2400 E3354.5375
G1 F300 Z8.700
G0 F3900 X101.800 Y101.800
G1 F300 Z8.500
G1 F1500 E3357.5375
G1 F2100 X101.800 Y148.200 E3359.4666
G1 X148.200 Y148.200 E3361.3956
G1 X148.200 Y101.800 E3363.3247
G1 X101.800 Y101.800 E3365.2538
G0 F3900 X100.600 Y100.600
;TYPE:WALL-INNER
;WIDTH:0.400
;FLOW:90.0
G1 F2400 X149.400 Y100.600 E3367.0798
G1 X149.400 Y149.400 E3368.9058
G1 X100.600 Y149.400 E3370.7318
G1 X100.600 Y100.600 E3372.5577
G0 F3900 X101.400 Y101.400
G1 F2400 X101.400 Y148.600 E3374.3239
G1 X148.600 Y148.600 E3376.0900
G1 X148.600 Y101.400 E3377.8561
G1 X101.400 Y101.400 E3379.6222
G0 F3900 X101.000 Y101.200
;TYPE:GAP-FILL
;WIDTH:0.400
;FLOW:95.0
G1 F3600 X101.000 Y148.800 E3381.5022
;WIDTH:0.468
G1 X101.200 Y149.000 E3381.5153
;WIDTH:0.400
G1 X148.800 Y149.000 E3383.3953
;WIDTH:0.468
G1 X149.000 Y148.800 E3383.4084
;WIDTH:0.400
G1 X149.000 Y101.200 E3385.2884
;WIDTH:0.468
G1 X148.800 Y101.000 E3385.3015
;WIDTH:0.400
G1 X101.200 Y101.000 E3387.1815
;WIDTH:0.468
;WIDTH:0.469
G1 X101.034 Y101.034 E3387.1894
G1 X101.000 Y101.200 E3387.1972
;PRINTING_TIME: 2006
;REMAINING_TIME: 4237
;LAYER:34
;Z:8.750
;HEIGHT:0.250
;FLOW:100.0
;PRINTING: Flow_Calibration_Cube_0.4_mm.stl
;PRINTING_ID: 0
G1 F2400 E3384.1972
G1 F300 Z8.950
G0 F3900 X100.200 Y100.200
G0 F300 Z8.750
;TYPE:WALL-OUTER
;WIDTH:0.400
G1 F300 Z8.750
G1 F1500 E3387.1972
G1 F2100 X149.800 Y100.200 E3389.2593
G1 X149.800 Y149.800 E3391.3215
G1 X100.200 Y149.800 E3393.3836
G1 X100.200 Y100.200 E3395.4457
G1 F2400 E3392.4457
G1 F300 Z8.950
G0 F3900 X101.800 Y101.800
G1 F300 Z8.750
G1 F1500 E3395.4457
G1 F2100 X101.800 Y148.200 E3397.3748
G1 X148.200 Y148.200 E3399.3039
G1 X148.200 Y101.800 E3401.2330
G1 X101.800 Y101.800 E3403.1621
G0 F3900 X100.600 Y100.600
;TYPE:WALL-INNER
;WIDTH:0.400
;FLOW:90.0
G1 F2400 X149.400 Y100.600 E3404.9881
G1 X149.400 Y149.400 E3406.8140
G1 X100.600 Y149.400 E3408.6400
G1 X100.600 Y100.600 E3410.4660
G0 F3900 X101.400 Y101.400
G1 F2400 X101.400 Y148.600 E3412.2321
G1 X148.600 Y148.600 E3413.9982
G1 X148.600 Y101.400 E3415.7643
G1 X101.400 Y101.400 E3417.5305
G0 F3900 X101.000 Y101.200
;TYPE:GAP-FILL
;WIDTH:0.400
;FLOW:95.0
G1 F3600 X101.000 Y148.800 E3419.4105
;WIDTH:0.468
G1 X101.200 Y149.000 E3419.4236
;WIDTH:0.400
G1 X148.800 Y149.000 E3421.3036
;WIDTH:0.468
G1 X149.000 Y148.800 E3421.3167
;WIDTH:0.400
G1 X149.000 Y101.200 E3423.1967
;WIDTH:0.468
G1 X148.800 Y101.000 E3423.2098
;WIDTH:0.400
G1 X101.200 Y101.000 E3425.0898
;WIDTH:0.468
;WIDTH:0.469
G1 X101.034 Y101.034 E3425.0976
G1 X101.000 Y101.200 E3425.1055
;PRINTING_TIME: 2032
;REMAINING_TIME: 4212
;LAYER:35
;Z:9.000
;HEIGHT:0.250
;FLOW:100.0
;PRINTING: Flow_Calibration_Cube_0.4_mm.stl
;PRINTING_ID: 0
G1 F2400 E3422.1055
G1 F300 Z9.200
G0 F3900 X100.200 Y100.200
G0 F300 Z9.000
;TYPE:WALL-OUTER
;WIDTH:0.400
G1 F300 Z9.000
G1 F1500 E3425.1055
G1 F2100 X149.800 Y100.200 E3427.1676
G1 X149.800 Y149.800 E3429.2297
G1 X100.200 Y149.800 E3431.2919
G1 X100.200 Y100.200 E3433.3540
G1 F2400 E3430.3540
G1 F300 Z9.200
G0 F3900 X101.800 Y101.800
G1 F300 Z9.000
G1 F1500 E3433.3540
G1 F2100 X101.800 Y148.200 E3435.2831
G1 X148.200 Y148.200 E3437.2122
G1 X148.200 Y101.800 E3439.1413
G1 X101.800 Y101.800 E3441.0703
G0 F3900 X100.600 Y100.600
;TYPE:WALL-INNER
;WIDTH:0.400
;FLOW:90.0
G1 F2400 X149.400 Y100.600 E3442.8963
G1 X149.400 Y149.400 E3444.7223
G1 X100.600 Y149.400 E3446.5483
G1 X100.600 Y100.600 E3448.3743
G0 F3900 X101.400 Y101.400
G1 F2400 X101.400 Y148.600 E3450.1404
G1 X148.600 Y148.600 E3451.9065
G1 X148.600 Y101.400 E3453.6726
G1 X101.400 Y101.400 E3455.4387
G0 F3900 X101.000 Y101.200
;TYPE:GAP-FILL
;WIDTH:0.400
;FLOW:95.0
G1 F3600 X101.000 Y148.800 E3457.3188
;WIDTH:0.468
G1 X101.200 Y149.000 E3457.3318
;WIDTH:0.400
G1 X148.800 Y149.000 E3459.2119
;WIDTH:0.468
G1 X149.000 Y148.800 E3459.2249
;WIDTH:0.400
G1 X149.000 Y101.200 E3461.1050
;WIDTH:0.468
G1 X148.800 Y101.000 E3461.1180
;WIDTH:0.400
G1 X101.200 Y101.000 E3462.9981
;WIDTH:0.468
;WIDTH:0.469
G1 X101.034 Y101.034 E3463.0059
G1 X101.000 Y101.200 E3463.0137
;PRINTING_TIME: 2057
;REMAINING_TIME: 4186
;LAYER:36
;Z:9.250
;HEIGHT:0.250
;FLOW:100.0
;PRINTING: Flow_Calibration_Cube_0.4_mm.stl
;PRINTING_ID: 0
G1 F2400 E3460.0137
G1 F300 Z9.450
G0 F3900 X100.200 Y100.200
G0 F300 Z9.250
;TYPE:WALL-OUTER
;WIDTH:0.400
G1 F300 Z9.250
G1 F1500 E3463.0137
G1 F2100 X149.800 Y100.200 E3465.0759
G1 X149.800 Y149.800 E3467.1380
G1 X100.200 Y149.800 E3469.2001
G1 X100.200 Y100.200 E3471.2623
G1 F2400 E3468.2623
G1 F300 Z9.450
G0 F3900 X101.800 Y101.800
G1 F300 Z9.250
G1 F1500 E3471.2623
G1 F2100 X101.800 Y148.200 E3473.1914
G1 X148.200 Y148.200 E3475.1204
G1 X148.200 Y101.800 E3477.0495
G1 X101.800 Y101.800 E3478.9786
G0 F3900 X100.600 Y100.600
;TYPE:WALL-INNER
;WIDTH:0.400
;FLOW:90.0
G1 F2400 X149.400 Y100.600 E3480.8046
G1 X149.400 Y149.400 E3482.6306
G1 X100.600 Y149.400 E3484.4566
G1 X100.600 Y100.600 E3486.2825
G0 F3900 X101.400 Y101.400
G1 F2400 X101.400 Y148.600 E3488.0487
G1 X148.600 Y148.600 E3489.8148
G1 X148.600 Y101.400 E3491.5809
G1 X101.400 Y101.400 E3493.3470
G0 F3900 X101.000 Y101.200
;TYPE:GAP-FILL
;WIDTH:0.400
;FLOW:95.0
G1 F3600 X101.000 Y148.800 E3495.2270
;WIDTH:0.468
G1 X101.200 Y149.000 E3495.2401
;WIDTH:0.400
G1 X148.800 Y149.000 E3497.1201
;WIDTH:0.468
G1 X149.000 Y148.800 E3497.1332
;WIDTH:0.400
G1 X149.000 Y101.200 E3499.0132
;WIDTH:0.468
G1 X148.800 Y101.000 E3499.0263
;WIDTH:0.400
G1 X101.200 Y101.000 E3500.9063
;WIDTH:0.468
;WIDTH:0.469
G1 X101.034 Y101.034 E3500.9142
G1 X101.000 Y101.200 E3500.9220
;PRINTING_TIME: 2083
;REMAINING_TIME: 4160
;LAYER:37
;Z:9.500
;HEIGHT:0.250
;FLOW:100.0
;PRINTING: Flow_Calibration_Cube_0.4_mm.stl
;PRINTING_ID: 0
G1 F2400 E3497.9220
G1 F300 Z9.700
G0 F3900 X100.200 Y100.200
G0 F300 Z9.500
;TYPE:WALL-OUTER
;WIDTH:0.400
G1 F300 Z9.500
G1 F1500 E3500.9220
G1 F2100 X149.800 Y100.200 E3502.9841
G1 X149.800 Y149.800 E3505.0463
G1 X100.200 Y149.800 E3507.1084
G1 X100.200 Y100.200 E3509.1705
G1 F2400 E3506.1705
G1 F300 Z9.700
G0 F3900 X101.800 Y101.800
G1 F300 Z9.500
G1 F1500 E3509.1705
G1 F2100 X101.800 Y148.200 E3511.0996
G1 X148.200 Y148.200 E3513.0287
G1 X148.200 Y101.800 E3514.9578
G1 X101.800 Y101.800 E3516.8869
G0 F3900 X100.600 Y100.600
;TYPE:WALL-INNER
;WIDTH:0.400
;FLOW:90.0
G1 F2400 X149.400 Y100.600 E3518.7129
G1 X149.400 Y149.400 E3520.5388
G1 X100.600 Y149.400 E3522.3648
G1 X100.600 Y100.600 E3524.1908
G0 F3900 X101.400 Y101.400
G1 F2400 X101.400 Y148.600 E3525.9569
G1 X148.600 Y148.600 E3527.7230
G1 X148.600 Y101.400 E3529.4891
G1 X101.400 Y101.400 E3531.2553
G0 F3900 X101.000 Y101.200
;TYPE:GAP-FILL
;WIDTH:0.400
;FLOW:95.0
G1 F3600 X101.000 Y148.800 E3533.1353
;WIDTH:0.468
G1 X101.200 Y149.000 E3533.1484
;WIDTH:0.400
G1 X148.800 Y149.000 E3535.0284
;WIDTH:0.468
G1 X149.000 Y148.800 E3535.0415
;WIDTH:0.400
G1 X149.000 Y101.200 E3536.9215
;WIDTH:0.468
G1 X148.800 Y101.000 E3536.9346
;WIDTH:0.400
G1 X101.200 Y101.000 E3538.8146
;WIDTH:0.468
;WIDTH:0.469
G1 X101.034 Y101.034 E3538.8224
G1 X101.000 Y101.200 E3538.8303
;PRINTING_TIME: 2108
;REMAINING_TIME: 4135
;LAYER:38
;Z:9.750
;HEIGHT:0.250
;FLOW:100.0
;PRINTING: Flow_Calibration_Cube_0.4_mm.stl
;PRINTING_ID: 0
G1 F2400 E3535.8303
G1 F300 Z9.950
G0 F3900 X100.200 Y100.200
G0 F300 Z9.750
;TYPE:WALL-OUTER
;WIDTH:0.400
G1 F300 Z9.750
G1 F1500 E3538.8303
G1 F2100 X149.800 Y100.200 E3540.8924
G1 X149.800 Y149.800 E3542.9545
G1 X100.200 Y149.800 E3545.0167
G1 X100.200 Y100.200 E3547.0788
G1 F2400 E3544.0788
G1 F300 Z9.950
G0 F3900 X101.800 Y101.800
G1 F300 Z9.750
G1 F1500 E3547.0788
G1 F2100 X101.800 Y148.200 E3549.0079
G1 X148.200 Y148.200 E3550.9370
G1 X148.200 Y101.800 E3552.8661
G1 X101.800 Y101.800 E3554.7951
G0 F3900 X100.600 Y100.600
;TYPE:WALL-INNER
;WIDTH:0.400
;FLOW:90.0
G1 F2400 X149.400 Y100.600 E3556.6211
G1 X149.400 Y149.400 E3558.4471
G1 X100.600 Y149.400 E3560.2731
G1 X100.600 Y100.600 E3562.0991
G0 F3900 X101.400 Y101.400
G1 F2400 X101.400 Y148.600 E3563.8652
G1 X148.600 Y148.600 E3565.6313
G1 X148.600 Y101.400 E3567.3974
G1 X101.400 Y101.400 E3569.1635
G0 F3900 X101.000 Y101.200
;TYPE:GAP-FILL
;WIDTH:0.400
;FLOW:95.0
G1 F3600 X101.000 Y148.800 E3571.0436
;WIDTH:0.468
G1 X101.200 Y149.000 E3571.0566
;WIDTH:0.400
G1 X148.800 Y149.000 E3572.9367
;WIDTH:0.468
G1 X149.000 Y148.800 E3572.9497
;WIDTH:0.400
G1 X149.000 Y101.200 E3574.8298
;WIDTH:0.468
G1 X148.800 Y101.000 E3574.8428
;WIDTH:0.400
G1 X101.200 Y101.000 E3576.7228
;WIDTH:0.468
;WIDTH:0.469
G1 X101.034 Y101.034 E3576.7307
G1 X101.000 Y101.200 E3576.7385
;PRINTING_TIME: 2134
;REMAINING_TIME: 4109
;LAYER:39
;Z:10.000
;HEIGHT:0.250
;FLOW:100.0
;PRINTING: Flow_Calibration_Cube_0.4_mm.stl
;PRINTING_ID: 0
G1 F2400 E3573.7385
G1 F300 Z10.200
G0 F3900 X100.200 Y100.200
G0 F300 Z10.000
;TYPE:WALL-OUTER
;WIDTH:0.400
G1 F300 Z10.000
G1 F1500 E3576.7385
G1 F2100 X149.800 Y100.200 E3578.8007
G1 X149.800 Y149.800 E3580.8628
G1 X100.200 Y149.800 E3582.9249
G1 X100.200 Y100.200 E3584.9871
G1 F2400 E3581.9871
G1 F300 Z10.200
G0 F3900 X101.800 Y101.800
G1 F300 Z10.000
G1 F1500 E3584.9871
G1 F2100 X101.800 Y148.200 E3586.9161
G1 X148.200 Y148.200 E3588.8452
G1 X148.200 Y101.800 E3590.7743
G1 X101.800 Y101.800 E3592.7034
G0 F3900 X100.600 Y100.600
;TYPE:WALL-INNER
;WIDTH:0.400
;FLOW:90.0
G1 F2400 X149.400 Y100.600 E3594.5294
G1 X149.400 Y149.400 E3596.3554
G1 X100.600 Y149.400 E3598.1814
G1 X100.600 Y100.600 E3600.0073
G0 F3900 X101.400 Y101.400
G1 F2400 X101.400 Y148.600 E3601.7734
G1 X148.600 Y148.600 E3603.5396
G1 X148.600 Y101.400 E3605.3057
G1 X101.400 Y101.400 E3607.0718
G0 F3900 X101.000 Y101.200
;TYPE:GAP-FILL
;WIDTH:0.400
;FLOW:95.0
G1 F3600 X101.000 Y148.800 E3608.9518
;WIDTH:0.468
G1 X101.200 Y149.000 E3608.9649
;WIDTH:0.400
G1 X148.800 Y149.000 E3610.8449
;WIDTH:0.468
G1 X149.000 Y148.800 E3610.8580
;WIDTH:0.400
G1 X149.000 Y101.200 E3612.7380
;WIDTH:0.468
G1 X148.800 Y101.000 E3612.7511
;WIDTH:0.400
G1 X101.200 Y101.000 E3614.6311
;WIDTH:0.468
;WIDTH:0.469
G1 X101.034 Y101.034 E3614.6390
G1 X101.000 Y101.200 E3614.6468
;PRINTING_TIME: 2159
;REMAINING_TIME: 4084
;LAYER:40
;Z:10.250
;HEIGHT:0.250
;FLOW:100.0
;PRINTING: Flow_Calibration_Cube_0.4_mm.stl
;PRINTING_ID: 0
G1 F2400 E3611.6468
G1 F300 Z10.450
G0 F3900 X100.200 Y100.200
G0 F300 Z10.250
;TYPE:WALL-OUTER
;WIDTH:0.400
G1 F300 Z10.250
G1 F1500 E3614.6468
G1 F2100 X149.800 Y100.200 E3616.7089
G1 X149.800 Y149.800 E3618.7711
G1 X100.200 Y149.800 E3620.8332
G1 X100.200 Y100.200 E3622.8953
G1 F2400 E3619.8953
G1 F300 Z10.450
G0 F3900 X101.800 Y101.800
G1 F300 Z10.250
G1 F1500 E3622.8953
G1 F2100 X101.800 Y148.200 E3624.8244
G1 X148.200 Y148.200 E3626.7535
G1 X148.200 Y101.800 E3628.6826
G1 X101.800 Y101.800 E3630.6117
G0 F3900 X100.600 Y100.600
;TYPE:WALL-INNER
;WIDTH:0.400
;FLOW:90.0
G1 F2400 X149.400 Y100.600 E3632.4377
G1 X149.400 Y149.400 E3634.2636
G1 X100.600 Y149.400 E3636.0896
G1 X100.600 Y100.600 E3637.9156
G0 F3900 X101.400 Y101.400
G1 F2400 X101.400 Y148.600 E3639.6817
G1 X148.600 Y148.600 E3641.4478
G1 X148.600 Y101.400 E3643.2139
G1 X101.400 Y101.400 E3644.9801
G0 F3900 X101.000 Y101.200
;TYPE:GAP-FILL
;WIDTH:0.400
;FLOW:95.0
G1 F3600 X101.000 Y148.800 E3646.8601
;WIDTH:0.468
G1 X101.200 Y149.000 E3646.8732
;WIDTH:0.400
G1 X148.800 Y149.000 E3648.7532
;WIDTH:0.468
G1 X149.000 Y148.800 E3648.7663
;WIDTH:0.400
G1 X149.000 Y101.200 E3650.6463
;WIDTH:0.468
G1 X148.800 Y101.000 E3650.6594
;WIDTH:0.400
G1 X101.200 Y101.000 E3652.5394
;WIDTH:0.468
;WIDTH:0.469
G1 X101.034 Y101.034 E3652.5472
G1 X101.000 Y101.200 E3652.5551
;PRINTING_TIME: 2185
;REMAINING_TIME: 4058
;LAYER:41
;Z:10.500
;HEIGHT:0.250
;FLOW:100.0
;PRINTING: Flow_Calibration_Cube_0.4_mm.stl
;PRINTING_ID: 0
G1 F2400 E3649.5551
G1 F300 Z10.700
G0 F3900 X100.200 Y100.200
G0 F300 Z10.500
;TYPE:WALL-OUTER
;WIDTH:0.400
G1 F300 Z10.500
G1 F1500 E3652.5551
G1 F2100 X149.800 Y100.200 E3654.6172
G1 X149.800 Y149.800 E3656.6793
G1 X100.200 Y149.800 E3658.7415
G1 X100.200 Y100.200 E3660.8036
G1 F2400 E3657.8036
G1 F300 Z10.700
G0 F3900 X101.800 Y101.800
G1 F300 Z10.500
G1 F1500 E3660.8036
G1 F2100 X101.800 Y148.200 E3662.7327
G1 X148.200 Y148.200 E3664.6618
G1 X148.200 Y101.800 E3666.5909
G1 X101.800 Y101.800 E3668.5199
G0 F3900 X100.600 Y100.600
;TYPE:WALL-INNER
;WIDTH:0.400
;FLOW:90.0
G1 F2400 X149.400 Y100.600 E3670.3459
G1 X149.400 Y149.400 E3672.1719
G1 X100.600 Y149.400 E3673.9979
G1 X100.600 Y100.600 E3675.8239
G0 F3900 X101.400 Y101.400
G1 F2400 X101.400 Y148.600 E3677.5900
G1 X148.600 Y148.600 E3679.3561
G1 X148.600 Y101.400 E3681.1222
G1 X101.400 Y101.400 E3682.8883
G0 F3900 X101.000 Y101.200
;TYPE:GAP-FILL
;WIDTH:0.400
;FLOW:95.0
G1 F3600 X101.000 Y148.800 E3684.7683
;WIDTH:0.468
G1 X101.200 Y149.000 E3684.7814
;WIDTH:0.400
G1 X148.800 Y149.000 E3686.6614
;WIDTH:0.468
G1 X149.000 Y148.800 E3686.6745
;WIDTH:0.400
G1 X149.000 Y101.200 E3688.5545
;WIDTH:0.468
G1 X148.800 Y101.000 E3688.5676
;WIDTH:0.400
G1 X101.200 Y101.000 E3690.4476
;WIDTH:0.468
;WIDTH:0.469
G1 X101.034 Y101.034 E3690.4555
G1 X101.000 Y101.200 E3690.4633
;PRINTING_TIME: 2211
;REMAINING_TIME: 4033
;LAYER:42
;Z:10.750
;HEIGHT:0.250
;FLOW:100.0
;PRINTING: Flow_Calibration_Cube_0.4_mm.stl
;PRINTING_ID: 0
G1 F2400 E3687.4633
G1 F300 Z10.950
G0 F3900 X100.200 Y100.200
G0 F300 Z10.750
;TYPE:WALL-OUTER
;WIDTH:0.400
G1 F300 Z10.750
G1 F1500 E3690.4633
G1 F2100 X149.800 Y100.200 E3692.5255
G1 X149.800 Y149.800 E3694.5876
G1 X100.200 Y149.800 E3696.6497
G1 X100.200 Y100.200 E3698.7119
G1 F2400 E3695.7119
G1 F300 Z10.950
G0 F3900 X101.800 Y101.800
G1 F300 Z10.750
G1 F1500 E3698.7119
G1 F2100 X101.800 Y148.200 E3700.6409
G1 X148.200 Y148.200 E3702.5700
G1 X148.200 Y101.800 E3704.4991
G1 X101.800 Y101.800 E3706.4282
G0 F3900 X100.600 Y100.600
;TYPE:WALL-INNER
;WIDTH:0.400
;FLOW:90.0
G1 F2400 X149.400 Y100.600 E3708.2542
G1 X149.400 Y149.400 E3710.0802
G1 X100.600 Y149.400 E3711.9061
G1 X100.600 Y100.600 E3713.7321
G0 F3900 X101.400 Y101.400
G1 F2400 X101.400 Y148.600 E3715.4982
G1 X148.600 Y148.600 E3717.2644
G1 X148.600 Y101.400 E3719.0305
G1 X101.400 Y101.400 E3720.7966
G0 F3900 X101.000 Y101.200
;TYPE:GAP-FILL
;WIDTH:0.400
;FLOW:95.0
G1 F3600 X101.000 Y148.800 E3722.6766
;WIDTH:0.468
G1 X101.200 Y149.000 E3722.6897
;WIDTH:0.400
G1 X148.800 Y149.000 E3724.5697
;WIDTH:0.468
G1 X149.000 Y148.800 E3724.5828
;WIDTH:0.400
G1 X149.000 Y101.200 E3726.4628
;WIDTH:0.468
G1 X148.800 Y101.000 E3726.4759
;WIDTH:0.400
G1 X101.200 Y101.000 E3728.3559
;WIDTH:0.468
;WIDTH:0.469
G1 X101.034 Y101.034 E3728.3638
G1 X101.000 Y101.200 E3728.3716
;PRINTING_TIME: 2236
;REMAINING_TIME: 4007
;LAYER:43
;Z:11.000
;HEIGHT:0.250
;FLOW:100.0
;PRINTING: Flow_Calibration_Cube_0.4_mm.stl
;PRINTING_ID: 0
G1 F2400 E3725.3716
G1 F300 Z11.200
G0 F3900 X100.200 Y100.200
G0 F300 Z11.000
;TYPE:WALL-OUTER
;WIDTH:0.400
G1 F300 Z11.000
G1 F1500 E3728.3716
G1 F2100 X149.800 Y100.200 E3730.4337
G1 X149.800 Y149.800 E3732.4959
G1 X100.200 Y149.800 E3734.5580
G1 X100.200 Y100.200 E3736.6201
G1 F2400 E3733.6201
G1 F300 Z11.200
G0 F3900 X101.800 Y101.800
G1 F300 Z11.000
G1 F1500 E3736.6201
G1 F2100 X101.800 Y148.200 E3738.5492
G1 X148.200 Y148.200 E3740.4783
G1 X148.200 Y101.800 E3742.4074
G1 X101.800 Y101.800 E3744.3365
G0 F3900 X100.600 Y100.600
;TYPE:WALL-INNER
;WIDTH:0.400
;FLOW:90.0
G1 F2400 X149.400 Y100.600 E3746.1624
G1 X149.400 Y149.400 E3747.9884
G1 X100.600 Y149.400 E3749.8144
G1 X100.600 Y100.600 E3751.6404
G0 F3900 X101.400 Y101.400
G1 F2400 X101.400 Y148.600 E3753.4065
G1 X148.600 Y148.600 E3755.1726
G1 X148.600 Y101.400 E3756.9387
G1 X101.400 Y101.400 E3758.7048
G0 F3900 X101.000 Y101.200
;TYPE:GAP-FILL
;WIDTH:0.400
;FLOW:95.0
G1 F3600 X101.000 Y148.800 E3760.5849
;WIDTH:0.468
G1 X101.200 Y149.000 E3760.5979
;WIDTH:0.400
G1 X148.800 Y149.000 E3762.4780
;WIDTH:0.468
G1 X149.000 Y148.800 E3762.4910
;WIDTH:0.400
G1 X149.000 Y101.200 E3764.3711
;WIDTH:0.468
G1 X148.800 Y101.000 E3764.3841
;WIDTH:0.400
G1 X101.200 Y101.000 E3766.2642
;WIDTH:0.468
;WIDTH:0.469
G1 X101.034 Y101.034 E3766.2720
G1 X101.000 Y101.200 E3766.2799
;PRINTING_TIME: 2262
;REMAINING_TIME: 3982
;LAYER:44
;Z:11.250
;HEIGHT:0.250
;FLOW:100.0
;PRINTING: Flow_Calibration_Cube_0.4_mm.stl
;PRINTING_ID: 0
G1 F2400 E3763.2799
G1 F300 Z11.450
G0 F3900 X100.200 Y100.200
G0 F300 Z11.250
;TYPE:WALL-OUTER
;WIDTH:0.400
G1 F300 Z11.250
G1 F1500 E3766.2799
G1 F2100 X149.800 Y100.200 E3768.3420
G1 X149.800 Y149.800 E3770.4041
G1 X100.200 Y149.800 E3772.4663
G1 X100.200 Y100.200 E3774.5284
G1 F2400 E3771.5284
G1 F300 Z11.450
G0 F3900 X101.800 Y101.800
G1 F300 Z11.250
G1 F1500 E3774.5284
G1 F2100 X101.800 Y148.200 E3776.4575
G1 X148.200 Y148.200 E3778.3866
G1 X148.200 Y101.800 E3780.3156
G1 X101.800 Y101.800 E3782.2447
G0 F3900 X100.600 Y100.600
;TYPE:WALL-INNER
;WIDTH:0.400
;FLOW:90.0
G1 F2400 X149.400 Y100.600 E3784.0707
G1 X149.400 Y149.400 E3785.8967
G1 X100.600 Y149.400 E3787.7227
G1 X100.600 Y100.600 E3789.5487
G0 F3900 X101.400 Y101.400
G1 F2400 X101.400 Y148.600 E3791.3148
G1 X148.600 Y148.600 E3793.0809
G1 X148.600 Y101.400 E3794.8470
G1 X101.400 Y101.400 E3796.6131
G0 F3900 X101.000 Y101.200
;TYPE:GAP-FILL
;WIDTH:0.400
;FLOW:95.0
G1 F3600 X101.000 Y148.800 E3798.4931
;WIDTH:0.468
G1 X101.200 Y149.000 E3798.5062
;WIDTH:0.400
G1 X148.800 Y149.000 E3800.3862
;WIDTH:0.468
G1 X149.000 Y148.800 E3800.3993
;WIDTH:0.400
G1 X149.000 Y101.200 E3802.2793
;WIDTH:0.468
G1 X148.800 Y101.000 E3802.2924
;WIDTH:0.400
G1 X101.200 Y101.000 E3804.1724
;WIDTH:0.468
;WIDTH:0.469
G1 X101.034 Y101.034 E3804.1803
G1 X101.000 Y101.200 E3804.1881
;PRINTING_TIME: 2287
;REMAINING_TIME: 3956
;LAYER:45
;Z:11.500
;HEIGHT:0.250
;FLOW:100.0
;PRINTING: Flow_Calibration_Cube_0.4_mm.stl
;PRINTING_ID: 0
G1 F2400 E3801.1881
G1 F300 Z11.700
G0 F3900 X100.200 Y100.200
G0 F300 Z11.500
;TYPE:WALL-OUTER
;WIDTH:0.400
G1 F300 Z11.500
G1 F1500 E3804.1881
G1 F2100 X149.800 Y100.200 E3806.2503
G1 X149.800 Y149.800 E3808.3124
G1 X100.200 Y149.800 E3810.3745
G1 X100.200 Y100.200 E3812.4366
G1 F2400 E3809.4366
G1 F300 Z11.700
G0 F3900 X101.800 Y101.800
G1 F300 Z11.500
G1 F1500 E3812.4366
G1 F2100 X101.800 Y148.200 E3814.3657
G1 X148.200 Y148.200 E3816.2948
G1 X148.200 Y101.800 E3818.2239
G1 X101.800 Y101.800 E3820.1530
G0 F3900 X100.600 Y100.600
;TYPE:WALL-INNER
;WIDTH:0.400
;FLOW:90.0
G1 F2400 X149.400 Y100.600 E3821.9790
G1 X149.400 Y149.400 E3823.8050
G1 X100.600 Y149.400 E3825.6309
G1 X100.600 Y100.600 E3827.4569
G0 F3900 X101.400 Y101.400
G1 F2400 X101.400 Y148.600 E3829.2230
G1 X148.600 Y148.600 E3830.9891
G1 X148.600 Y101.400 E3832.7553
G1 X101.400 Y101.400 E3834.5214
G0 F3900 X101.000 Y101.200
;TYPE:GAP-FILL
;WIDTH:0.400
;FLOW:95.0
G1 F3600 X101.000 Y148.800 E3836.4014
;WIDTH:0.468
G1 X101.200 Y149.000 E3836.4145
;WIDTH:0.400
G1 X148.800 Y149.000 E3838.2945
;WIDTH:0.468
G1 X149.000 Y148.800 E3838.3076
;WIDTH:0.400
G1 X149.000 Y101.200 E3840.1876
;WIDTH:0.468
G1 X148.800 Y101.000 E3840.2007
;WIDTH:0.400
G1 X101.200 Y101.000 E3842.0807
;WIDTH:0.468
;WIDTH:0.469
G1 X101.034 Y101.034 E3842.0886
G1 X101.000 Y101.200 E3842.0964
;PRINTING_TIME: 2313
;REMAINING_TIME: 3931
;LAYER:46
;Z:11.750
;HEIGHT:0.250
;FLOW:100.0
;PRINTING: Flow_Calibration_Cube_0.4_mm.stl
;PRINTING_ID: 0
G1 F2400 E3839.0964
G1 F300 Z11.950
G0 F3900 X100.200 Y100.200
G0 F300 Z11.750
;TYPE:WALL-OUTER
;WIDTH:0.400
G1 F300 Z11.750
G1 F1500 E3842.0964
G1 F2100 X149.800 Y100.200 E3844.1585
G1 X149.800 Y149.800 E3846.2207
G1 X100.200 Y149.800 E3848.2828
G1 X100.200 Y100.200 E3850.3449
G1 F2400 E3847.3449
G1 F300 Z11.950
G0 F3900 X101.800 Y101.800
G1 F300 Z11.750
G1 F1500 E3850.3449
G1 F2100 X101.800 Y148.200 E3852.2740
G1 X148.200 Y148.200 E3854.2031
G1 X148.200 Y101.800 E3856.1322
G1 X101.800 Y101.800 E3858.0613
G0 F3900 X100.600 Y100.600
;TYPE:WALL-INNER
;WIDTH:0.400
;FLOW:90.0
G1 F2400 X149.400 Y100.600 E3859.8872
G1 X149.400 Y149.400 E3861.7132
G1 X100.600 Y149.400 E3863.5392
G1 X100.600 Y100.600 E3865.3652
G0 F3900 X101.400 Y101.400
G1 F2400 X101.400 Y148.600 E3867.1313
G1 X148.600 Y148.600 E3868.8974
G1 X148.600 Y101.400 E3870.6635
G1 X101.400 Y101.400 E3872.4296
G0 F3900 X101.000 Y101.200
;TYPE:GAP-FILL
;WIDTH:0.400
;FLOW:95.0
G1 F3600 X101.000 Y148.800 E3874.3097
;WIDTH:0.468
G1 X101.200 Y149.000 E3874.3227
;WIDTH:0.400
G1 X148.800 Y149.000 E3876.2028
;WIDTH:0.468
G1 X149.000 Y148.800 E3876.2158
;WIDTH:0.400
G1 X149.000 Y101.200 E3878.0959
;WIDTH:0.468
G1 X148.800 Y101.000 E3878.1089
;WIDTH:0.400
G1 X101.200 Y101.000 E3879.9890
;WIDTH:0.468
;WIDTH:0.469
G1 X101.034 Y101.034 E3879.9968
G1 X101.000 Y101.200 E3880.0047
;PRINTING_TIME: 2338
;REMAINING_TIME: 3905
;LAYER:47
;Z:12.000
;HEIGHT:0.250
;FLOW:100.0
;PRINTING: Flow_Calibration_Cube_0.4_mm.stl
;PRINTING_ID: 0
G1 F2400 E3877.0047
G1 F300 Z12.200
G0 F3900 X100.200 Y100.200
G0 F300 Z12.000
;TYPE:WALL-OUTER
;WIDTH:0.400
G1 F300 Z12.000
G1 F1500 E3880.0047
G1 F2100 X149.800 Y100.200 E3882.0668
G1 X149.800 Y149.800 E3884.1289
G1 X100.200 Y149.800 E3886.1910
G1 X100.200 Y100.200 E3888.2532
G1 F2400 E3885.2532
G1 F300 Z12.200
G0 F3900 X101.800 Y101.800
G1 F300 Z12.000
G1 F1500 E3888.2532
G1 F2100 X101.800 Y148.200 E3890.1823
G1 X148.200 Y148.200 E3892.1114
G1 X148.200 Y101.800 E3894.0404
G1 X101.800 Y101.800 E3895.9695
G0 F3900 X100.600 Y100.600
;TYPE:WALL-INNER
;WIDTH:0.400
;FLOW:90.0
G1 F2400 X149.400 Y100.600 E3897.7955
G1 X149.400 Y149.400 E3899.6215
G1 X100.600 Y149.400 E3901.4475
G1 X100.600 Y100.600 E3903.2735
G0 F3900 X101.400 Y101.400
G1 F2400 X101.400 Y148.600 E3905.0396
G1 X148.600 Y148.600 E3906.8057
G1 X148.600 Y101.400 E3908.5718
G1 X101.400 Y101.400 E3910.3379
G0 F3900 X101.000 Y101.200
;TYPE:GAP-FILL
;WIDTH:0.400
;FLOW:95.0
G1 F3600 X101.000 Y148.800 E3912.2179
;WIDTH:0.468
G1 X101.200 Y149.000 E3912.2310
;WIDTH:0.400
G1 X148.800 Y149.000 E3914.1110
;WIDTH:0.468
G1 X149.000 Y148.800 E3914.1241
;WIDTH:0.400
G1 X149.000 Y101.200 E3916.0041
;WIDTH:0.468
G1 X148.800 Y101.000 E3916.0172
;WIDTH:0.400
G1 X101.200 Y101.000 E3917.8972
;WIDTH:0.468
;WIDTH:0.469
G1 X101.034 Y101.034 E3917.9051
G1 X101.000 Y101.200 E3917.9129
;PRINTING_TIME: 2364
;REMAINING_TIME: 3880
;LAYER:48
;Z:12.250
;HEIGHT:0.250
;FLOW:100.0
;PRINTING: Flow_Calibration_Cube_0.4_mm.stl
;PRINTING_ID: 0
G1 F2400 E3914.9129
G1 F300 Z12.450
G0 F3900 X100.200 Y100.200
G0 F300 Z12.250
;TYPE:WALL-OUTER
;WIDTH:0.400
G1 F300 Z12.250
G1 F1500 E3917.9129
G1 F2100 X149.800 Y100.200 E3919.9751
G1 X149.800 Y149.800 E3922.0372
G1 X100.200 Y149.800 E3924.0993
G1 X100.200 Y100.200 E3926.1614
G1 F2400 E3923.1614
G1 F300 Z12.450
G0 F3900 X101.800 Y101.800
G1 F300 Z12.250
G1 F1500 E3926.1614
G1 F2100 X101.800 Y148.200 E3928.0905
G1 X148.200 Y148.200 E3930.0196
G1 X148.200 Y101.800 E3931.9487
G1 X101.800 Y101.800 E3933.8778
G0 F3900 X100.600 Y100.600
;TYPE:WALL-INNER
;WIDTH:0.400
;FLOW:90.0
G1 F2400 X149.400 Y100.600 E3935.7038
G1 X149.400 Y149.400 E3937.5298
G1 X100.600 Y149.400 E3939.3557
G1 X100.600 Y100.600 E3941.1817
G0 F3900 X101.400 Y101.400
G1 F2400 X101.400 Y148.600 E3942.9478
G1 X148.600 Y148.600 E3944.7139
G1 X148.600 Y101.400 E3946.4801
G1 X101.400 Y101.400 E3948.2462
G0 F3900 X101.000 Y101.200
;TYPE:GAP-FILL
;WIDTH:0.400
;FLOW:95.0
G1 F3600 X101.000 Y148.800 E3950.1262
;WIDTH:0.468
G1 X101.200 Y149.000 E3950.1393
;WIDTH:0.400
G1 X148.800 Y149.000 E3952.0193
;WIDTH:0.468
G1 X149.000 Y148.800 E3952.0324
;WIDTH:0.400
G1 X149.000 Y101.200 E3953.9124
;WIDTH:0.468
G1 X148.800 Y101.000 E3953.9255
;WIDTH:0.400
G1 X101.200 Y101.000 E3955.8055
;WIDTH:0.468
;WIDTH:0.469
G1 X101.034 Y101.034 E3955.8133
G1 X101.000 Y101.200 E3955.8212
;PRINTING_TIME: 2389
;REMAINING_TIME: 3854
;LAYER:49
;Z:12.500
;HEIGHT:0.250
;FLOW:100.0
;PRINTING: Flow_Calibration_Cube_0.4_mm.stl
;PRINTING_ID: 0
G1 F2400 E3952.8212
G1 F300 Z12.700
G0 F3900 X100.200 Y100.200
G0 F300 Z12.500
;TYPE:WALL-OUTER
;WIDTH:0.400
G1 F300 Z12.500
G1 F1500 E3955.8212
G1 F2100 X149.800 Y100.200 E3957.8833
G1 X149.800 Y149.800 E3959.9454
G1 X100.200 Y149.800 E3962.0076
G1 X100.200 Y100.200 E3964.0697
G1 F2400 E3961.0697
G1 F300 Z12.700
G0 F3900 X101.800 Y101.800
G1 F300 Z12.500
G1 F1500 E3964.0697
G1 F2100 X101.800 Y148.200 E3965.9988
G1 X148.200 Y148.200 E3967.9279
G1 X148.200 Y101.800 E3969.8570
G1 X101.800 Y101.800 E3971.7861
G0 F3900 X100.600 Y100.600
;TYPE:WALL-INNER
;WIDTH:0.400
;FLOW:90.0
G1 F2400 X149.400 Y100.600 E3973.6120
G1 X149.400 Y149.400 E3975.4380
G1 X100.600 Y149.400 E3977.2640
G1 X100.600 Y100.600 E3979.0900
G0 F3900 X101.400 Y101.400
G1 F2400 X101.400 Y148.600 E3980.8561
G1 X148.600 Y148.600 E3982.6222
G1 X148.600 Y101.400 E3984.3883
G1 X101.400 Y101.400 E3986.1544
G0 F3900 X101.000 Y101.200
;TYPE:GAP-FILL
;WIDTH:0.400
;FLOW:95.0
G1 F3600 X101.000 Y148.800 E3988.0345
;WIDTH:0.468
G1 X101.200 Y149.000 E3988.0475
;WIDTH:0.400
G1 X148.800 Y149.000 E3989.9276
;WIDTH:0.468
G1 X149.000 Y148.800 E3989.9406
;WIDTH:0.400
G1 X149.000 Y101.200 E3991.8207
;WIDTH:0.468
G1 X148.800 Y101.000 E3991.8337
;WIDTH:0.400
G1 X101.200 Y101.000 E3993.7138
;WIDTH:0.468
;WIDTH:0.469
G1 X101.034 Y101.034 E3993.7216
G1 X101.000 Y101.200 E3993.7295
;PRINTING_TIME: 2415
;REMAINING_TIME: 3829
;LAYER:50
;Z:12.750
;HEIGHT:0.250
;FLOW:100.0
;PRINTING: Flow_Calibration_Cube_0.4_mm.stl
;PRINTING_ID: 0
G1 F2400 E3990.7295
G1 F300 Z12.950
G0 F3900 X100.200 Y100.200
G0 F300 Z12.750
;TYPE:WALL-OUTER
;WIDTH:0.400
G1 F300 Z12.750
G1 F1500 E3993.7295
G1 F2100 X149.800 Y100.200 E3995.7916
G1 X149.800 Y149.800 E3997.8537
G1 X100.200 Y149.800 E3999.9158
G1 X100.200 Y100.200 E4001.9780
G1 F2400 E3998.9780
G1 F300 Z12.950
G0 F3900 X101.800 Y101.800
G1 F300 Z12.750
G1 F1500 E4001.9780
G1 F2100 X101.800 Y148.200 E4003.9071
G1 X148.200 Y148.200 E4005.8361
G1 X148.200 Y101.800 E4007.7652
G1 X101.800 Y101.800 E4009.6943
G0 F3900 X100.600 Y100.600
;TYPE:WALL-INNER
;WIDTH:0.400
;FLOW:90.0
G1 F2400 X149.400 Y100.600 E4011.5203
G1 X149.400 Y149.400 E4013.3463
G1 X100.600 Y149.400 E4015.1723
G1 X100.600 Y100.600 E4016.9982
G0 F3900 X101.400 Y101.400
G1 F2400 X101.400 Y148.600 E4018.7644
G1 X148.600 Y148.600 E4020.5305
G1 X148.600 Y101.400 E4022.2966
G1 X101.400 Y101.400 E4024.0627
G0 F3900 X101.000 Y101.200
;TYPE:GAP-FILL
;WIDTH:0.400
;FLOW:95.0
G1 F3600 X101.000 Y148.800 E4025.9427
;WIDTH:0.468
G1 X101.200 Y149.000 E4025.9558
;WIDTH:0.400
G1 X148.800 Y149.000 E4027.8358
;WIDTH:0.468
G1 X149.000 Y148.800 E4027.8489
;WIDTH:0.400
G1 X149.000 Y101.200 E4029.7289
;WIDTH:0.468
G1 X148.800 Y101.000 E4029.7420
;WIDTH:0.400
G1 X101.200 Y101.000 E4031.6220
;WIDTH:0.468
;WIDTH:0.469
G1 X101.034 Y101.034 E4031.6299
G1 X101.000 Y101.200 E4031.6377
;PRINTING_TIME: 2440
;REMAINING_TIME: 3803
;LAYER:51
;Z:13.000
;HEIGHT:0.250
;FLOW:100.0
;PRINTING: Flow_Calibration_Cube_0.4_mm.stl
;PRINTING_ID: 0
G1 F2400 E4028.6377
G1 F300 Z13.200
G0 F3900 X100.200 Y100.200
G0 F300 Z13.000
;TYPE:WALL-OUTER
;WIDTH:0.400
G1 F300 Z13.000
G1 F1500 E4031.6377
G1 F2100 X149.800 Y100.200 E4033.6998
G1 X149.800 Y149.800 E4035.7620
G1 X100.200 Y149.800 E4037.8241
G1 X100.200 Y100.200 E4039.8862
G1 F2400 E4036.8862
G1 F300 Z13.200
G0 F3900 X101.800 Y101.800
G1 F300 Z13.000
G1 F1500 E4039.8862
G1 F2100 X101.800 Y148.200 E4041.8153
G1 X148.200 Y148.200 E4043.7444
G1 X148.200 Y101.800 E4045.6735
G1 X101.800 Y101.800 E4047.6026
G0 F3900 X100.600 Y100.600
;TYPE:WALL-INNER
;WIDTH:0.400
;FLOW:90.0
G1 F2400 X149.400 Y100.600 E4049.4286
G1 X149.400 Y149.400 E4051.2545
G1 X100.600 Y149.400 E4053.0805
G1 X100.600 Y100.600 E4054.9065
G0 F3900 X101.400 Y101.400
G1 F2400 X101.400 Y148.600 E4056.6726
G1 X148.600 Y148.600 E4058.4387
G1 X148.600 Y101.400 E4060.2049
G1 X101.400 Y101.400 E4061.9710
G0 F3900 X101.000 Y101.200
;TYPE:GAP-FILL
;WIDTH:0.400
;FLOW:95.0
G1 F3600 X101.000 Y148.800 E4063.8510
;WIDTH:0.468
G1 X101.200 Y149.000 E4063.8641
;WIDTH:0.400
G1 X148.800 Y149.000 E4065.7441
;WIDTH:0.468
G1 X149.000 Y148.800 E4065.7572
;WIDTH:0.400
G1 X149.000 Y101.200 E4067.6372
;WIDTH:0.468
G1 X148.800 Y101.000 E4067.6503
;WIDTH:0.400
G1 X101.200 Y101.000 E4069.5303
;WIDTH:0.468
;WIDTH:0.469
G1 X101.034 Y101.034 E4069.5381
G1 X101.000 Y101.200 E4069.5460
;PRINTING_TIME: 2466
;REMAINING_TIME: 3778
;LAYER:52
;Z:13.250
;HEIGHT:0.250
;FLOW:100.0
;PRINTING: Flow_Calibration_Cube_0.4_mm.stl
;PRINTING_ID: 0
G1 F2400 E4066.5460
G1 F300 Z13.450
G0 F3900 X100.200 Y100.200
G0 F300 Z13.250
;TYPE:WALL-OUTER
;WIDTH:0.400
G1 F300 Z13.250
G1 F1500 E4069.5460
G1 F2100 X149.800 Y100.200 E4071.6081
G1 X149.800 Y149.800 E4073.6702
G1 X100.200 Y149.800 E4075.7324
G1 X100.200 Y100.200 E4077.7945
G1 F2400 E4074.7945
G1 F300 Z13.450
G0 F3900 X101.800 Y101.800
G1 F300 Z13.250
G1 F1500 E4077.7945
G1 F2100 X101.800 Y148.200 E4079.7236
G1 X148.200 Y148.200 E4081.6527
G1 X148.200 Y101.800 E4083.5818
G1 X101.800 Y101.800 E4085.5109
G0 F3900 X100.600 Y100.600
;TYPE:WALL-INNER
;WIDTH:0.400
;FLOW:90.0
G1 F2400 X149.400 Y100.600 E4087.3368
G1 X149.400 Y149.400 E4089.1628
G1 X100.600 Y149.400 E4090.9888
G1 X100.600 Y100.600 E4092.8148
G0 F3900 X101.400 Y101.400
G1 F2400 X101.400 Y148.600 E4094.5809
G1 X148.600 Y148.600 E4096.3470
G1 X148.600 Y101.400 E4098.1131
G1 X101.400 Y101.400 E4099.8792
G0 F3900 X101.000 Y101.200
;TYPE:GAP-FILL
;WIDTH:0.400
;FLOW:95.0
G1 F3600 X101.000 Y148.800 E4101.7593
;WIDTH:0.468
G1 X101.200 Y149.000 E4101.7723
;WIDTH:0.400
G1 X148.800 Y149.000 E4103.6524
;WIDTH:0.468
G1 X149.000 Y148.800 E4103.6654
;WIDTH:0.400
G1 X149.000 Y101.200 E4105.5455
;WIDTH:0.468
G1 X148.800 Y101.000 E4105.5585
;WIDTH:0.400
G1 X101.200 Y101.000 E4107.4386
;WIDTH:0.468
;WIDTH:0.469
G1 X101.034 Y101.034 E4107.4464
G1 X101.000 Y101.200 E4107.4543
;PRINTING_TIME: 2491
;REMAINING_TIME: 3752
;LAYER:53
;Z:13.500
;HEIGHT:0.250
;FLOW:100.0
;PRINTING: Flow_Calibration_Cube_0.4_mm.stl
;PRINTING_ID: 0
G1 F2400 E4104.4543
G1 F300 Z13.700
G0 F3900 X100.200 Y100.200
G0 F300 Z13.500
;TYPE:WALL-OUTER
;WIDTH:0.400
G1 F300 Z13.500
G1 F1500 E4107.4543
G1 F2100 X149.800 Y100.200 E4109.5164
G1 X149.800 Y149.800 E4111.5785
G1 X100.200 Y149.800 E4113.6406
G1 X100.200 Y100.200 E4115.7028
G1 F2400 E4112.7028
G1 F300 Z13.700
G0 F3900 X101.800 Y101.800
G1 F300 Z13.500
G1 F1500 E4115.7028
G1 F2100 X101.800 Y148.200 E4117.6319
G1 X148.200 Y148.200 E4119.5609
G1 X148.200 Y101.800 E4121.4900
G1 X101.800 Y101.800 E4123.4191
G0 F3900 X100.600 Y100.600
;TYPE:WALL-INNER
;WIDTH:0.400
;FLOW:90.0
G1 F2400 X149.400 Y100.600 E4125.2451
G1 X149.400 Y149.400 E4127.0711
G1 X100.600 Y149.400 E4128.8971
G1 X100.600 Y100.600 E4130.7230
G0 F3900 X101.400 Y101.400
G1 F2400 X101.400 Y148.600 E4132.4892
G1 X148.600 Y148.600 E4134.2553
G1 X148.600 Y101.400 E4136.0214
G1 X101.400 Y101.400 E4137.7875
G0 F3900 X101.000 Y101.200
;TYPE:GAP-FILL
;WIDTH:0.400
;FLOW:95.0
G1 F3600 X101.000 Y148.800 E4139.6675
;WIDTH:0.468
G1 X101.200 Y149.000 E4139.6806
;WIDTH:0.400
G1 X148.800 Y149.000 E4141.5606
;WIDTH:0.468
G1 X149.000 Y148.800 E4141.5737
;WIDTH:0.400
G1 X149.000 Y101.200 E4143.4537
;WIDTH:0.468
G1 X148.800 Y101.000 E4143.4668
;WIDTH:0.400
G1 X101.200 Y101.000 E4145.3468
;WIDTH:0.468
;WIDTH:0.469
G1 X101.034 Y101.034 E4145.3547
G1 X101.000 Y101.200 E4145.3625
;PRINTING_TIME: 2517
;REMAINING_TIME: 3727
;LAYER:54
;Z:13.750
;HEIGHT:0.250
;FLOW:100.0
;PRINTING: Flow_Calibration_Cube_0.4_mm.stl
;PRINTING_ID: 0
G1 F2400 E4142.3625
G1 F300 Z13.950
G0 F3900 X100.200 Y100.200
G0 F300 Z13.750
;TYPE:WALL-OUTER
;WIDTH:0.400
G1 F300 Z13.750
G1 F1500 E4145.3625
G1 F2100 X149.800 Y100.200 E4147.4246
G1 X149.800 Y149.800 E4149.4868
G1 X100.200 Y149.800 E4151.5489
G1 X100.200 Y100.200 E4153.6110
G1 F2400 E4150.6110
G1 F300 Z13.950
G0 F3900 X101.800 Y101.800
G1 F300 Z13.750
G1 F1500 E4153.6110
G1 F2100 X101.800 Y148.200 E4155.5401
G1 X148.200 Y148.200 E4157.4692
G1 X148.200 Y101.800 E4159.3983
G1 X101.800 Y101.800 E4161.3274
G0 F3900 X100.600 Y100.600
;TYPE:WALL-INNER
;WIDTH:0.400
;FLOW:90.0
G1 F2400 X149.400 Y100.600 E4163.1534
G1 X149.400 Y149.400 E4164.9793
G1 X100.600 Y149.400 E4166.8053
G1 X100.600 Y100.600 E4168.6313
G0 F3900 X101.400 Y101.400
G1 F2400 X101.400 Y148.600 E4170.3974
G1 X148.600 Y148.600 E4172.1635
G1 X148.600 Y101.400 E4173.9296
G1 X101.400 Y101.400 E4175.6958
G0 F3900 X101.000 Y101.200
;TYPE:GAP-FILL
;WIDTH:0.400
;FLOW:95.0
G1 F3600 X101.000 Y148.800 E4177.5758
;WIDTH:0.468
G1 X101.200 Y149.000 E4177.5889
;WIDTH:0.400
G1 X148.800 Y149.000 E4179.4689
;WIDTH:0.468
G1 X149.000 Y148.800 E4179.4820
;WIDTH:0.400
G1 X149.000 Y101.200 E4181.3620
;WIDTH:0.468
G1 X148.800 Y101.000 E4181.3751
;WIDTH:0.400
G1 X101.200 Y101.000 E4183.2551
;WIDTH:0.468
;WIDTH:0.469
G1 X101.034 Y101.034 E4183.2629
G1 X101.000 Y101.200 E4183.2708
;PRINTING_TIME: 2542
;REMAINING_TIME: 3701
;LAYER:55
;Z:14.000
;HEIGHT:0.250
;FLOW:100.0
;PRINTING: Flow_Calibration_Cube_0.4_mm.stl
;PRINTING_ID: 0
G1 F2400 E4180.2708
G1 F300 Z14.200
G0 F3900 X100.200 Y100.200
G0 F300 Z14.000
;TYPE:WALL-OUTER
;WIDTH:0.400
G1 F300 Z14.000
G1 F1500 E4183.2708
G1 F2100 X149.800 Y100.200 E4185.3329
G1 X149.800 Y149.800 E4187.3950
G1 X100.200 Y149.800 E4189.4572
G1 X100.200 Y100.200 E4191.5193
G1 F2400 E4188.5193
G1 F300 Z14.200
G0 F3900 X101.800 Y101.800
G1 F300 Z14.000
G1 F1500 E4191.5193
G1 F2100 X101.800 Y148.200 E4193.4484
G1 X148.200 Y148.200 E4195.3775
G1 X148.200 Y101.800 E4197.3066
G1 X101.800 Y101.800 E4199.2356
G0 F3900 X100.600 Y100.600
;TYPE:WALL-INNER
;WIDTH:0.400
;FLOW:90.0
G1 F2400 X149.400 Y100.600 E4201.0616
G1 X149.400 Y149.400 E4202.8876
G1 X100.600 Y149.400 E4204.7136
G1 X100.600 Y100.600 E4206.5396
G0 F3900 X101.400 Y101.400
G1 F2400 X101.400 Y148.600 E4208.3057
G1 X148.600 Y148.600 E4210.0718
G1 X148.600 Y101.400 E4211.8379
G1 X101.400 Y101.400 E4213.6040
G0 F3900 X101.000 Y101.200
;TYPE:GAP-FILL
;WIDTH:0.400
;FLOW:95.0
G1 F3600 X101.000 Y148.800 E4215.4841
;WIDTH:0.468
G1 X101.200 Y149.000 E4215.4971
;WIDTH:0.400
G1 X148.800 Y149.000 E4217.3772
;WIDTH:0.468
G1 X149.000 Y148.800 E4217.3902
;WIDTH:0.400
G1 X149.000 Y101.200 E4219.2703
;WIDTH:0.468
G1 X148.800 Y101.000 E4219.2833
;WIDTH:0.400
G1 X101.200 Y101.000 E4221.1634
;WIDTH:0.468
;WIDTH:0.469
G1 X101.034 Y101.034 E4221.1712
G1 X101.000 Y101.200 E4221.1790
;PRINTING_TIME: 2568
;REMAINING_TIME: 3676
;LAYER:56
;Z:14.250
;HEIGHT:0.250
;FLOW:100.0
;PRINTING: Flow_Calibration_Cube_0.4_mm.stl
;PRINTING_ID: 0
G1 F2400 E4218.1790
G1 F300 Z14.450
G0 F3900 X100.200 Y100.200
G0 F300 Z14.250
;TYPE:WALL-OUTER
;WIDTH:0.400
G1 F300 Z14.250
G1 F1500 E4221.1790
G1 F2100 X149.800 Y100.200 E4223.2412
G1 X149.800 Y149.800 E4225.3033
G1 X100.200 Y149.800 E4227.3654
G1 X100.200 Y100.200 E4229.4276
G1 F2400 E4226.4276
G1 F300 Z14.450
G0 F3900 X101.800 Y101.800
G1 F300 Z14.250
G1 F1500 E4229.4276
G1 F2100 X101.800 Y148.200 E4231.3566
G1 X148.200 Y148.200 E4233.2857
G1 X148.200 Y101.800 E4235.2148
G1 X101.800 Y101.800 E4237.1439
G0 F3900 X100.600 Y100.600
;TYPE:WALL-INNER
;WIDTH:0.400
;FLOW:90.0
G1 F2400 X149.400 Y100.600 E4238.9699
G1 X149.400 Y149.400 E4240.7959
G1 X100.600 Y149.400 E4242.6219
G1 X100.600 Y100.600 E4244.4478
G0 F3900 X101.400 Y101.400
G1 F2400 X101.400 Y148.600 E4246.2139
G1 X148.600 Y148.600 E4247.9801
G1 X148.600 Y101.400 E4249.7462
G1 X101.400 Y101.400 E4251.5123
G0 F3900 X101.000 Y101.200
;TYPE:GAP-FILL
;WIDTH:0.400
;FLOW:95.0
G1 F3600 X101.000 Y148.800 E4253.3923
;WIDTH:0.468
G1 X101.200 Y149.000 E4253.4054
;WIDTH:0.400
G1 X148.800 Y149.000 E4255.2854
;WIDTH:0.468
G1 X149.000 Y148.800 E4255.2985
;WIDTH:0.400
G1 X149.000 Y101.200 E4257.1785
;WIDTH:0.468
G1 X148.800 Y101.000 E4257.1916
;WIDTH:0.400
G1 X101.200 Y101.000 E4259.0716
;WIDTH:0.468
;WIDTH:0.469
G1 X101.034 Y101.034 E4259.0795
G1 X101.000 Y101.200 E4259.0873
;PRINTING_TIME: 2593
;REMAINING_TIME: 3650
;LAYER:57
;Z:14.500
;HEIGHT:0.250
;FLOW:100.0
;PRINTING: Flow_Calibration_Cube_0.4_mm.stl
;PRINTING_ID: 0
G1 F2400 E4256.0873
G1 F300 Z14.700
G0 F3900 X100.200 Y100.200
G0 F300 Z14.500
;TYPE:WALL-OUTER
;WIDTH:0.400
G1 F300 Z14.500
G1 F1500 E4259.0873
G1 F2100 X149.800 Y100.200 E4261.1494
G1 X149.800 Y149.800 E4263.2116
G1 X100.200 Y149.800 E4265.2737
G1 X100.200 Y100.200 E4267.3358
G1 F2400 E4264.3358
G1 F300 Z14.700
G0 F3900 X101.800 Y101.800
G1 F300 Z14.500
G1 F1500 E4267.3358
G1 F2100 X101.800 Y148.200 E4269.2649
G1 X148.200 Y148.200 E4271.1940
G1 X148.200 Y101.800 E4273.1231
G1 X101.800 Y101.800 E4275.0522
G0 F3900 X100.600 Y100.600
;TYPE:WALL-INNER
;WIDTH:0.400
;FLOW:90.0
G1 F2400 X149.400 Y100.600 E4276.8782
G1 X149.400 Y149.400 E4278.7041
G1 X100.600 Y149.400 E4280.5301
G1 X100.600 Y100.600 E4282.3561
G0 F3900 X101.400 Y101.400
G1 F2400 X101.400 Y148.600 E4284.1222
G1 X148.600 Y148.600 E4285.8883
G1 X148.600 Y101.400 E4287.6544
G1 X101.400 Y101.400 E4289.4206
G0 F3900 X101.000 Y101.200
;TYPE:GAP-FILL
;WIDTH:0.400
;FLOW:95.0
G1 F3600 X101.000 Y148.800 E4291.3006
;WIDTH:0.468
G1 X101.200 Y149.000 E4291.3137
;WIDTH:0.400
G1 X148.800 Y149.000 E4293.1937
;WIDTH:0.468
G1 X149.000 Y148.800 E4293.2068
;WIDTH:0.400
G1 X149.000 Y101.200 E4295.0868
;WIDTH:0.468
G1 X148.800 Y101.000 E4295.0999
;WIDTH:0.400
G1 X101.200 Y101.000 E4296.9799
;WIDTH:0.468
;WIDTH:0.469
G1 X101.034 Y101.034 E4296.9877
G1 X101.000 Y101.200 E4296.9956
;PRINTING_TIME: 2619
;REMAINING_TIME: 3624
;LAYER:58
;Z:14.750
;HEIGHT:0.250
;FLOW:100.0
;PRINTING: Flow_Calibration_Cube_0.4_mm.stl
;PRINTING_ID: 0
G1 F2400 E4293.9956
G1 F300 Z14.950
G0 F3900 X100.200 Y100.200
G0 F300 Z14.750
;TYPE:WALL-OUTER
;WIDTH:0.400
G1 F300 Z14.750
G1 F1500 E4296.9956
G1 F2100 X149.800 Y100.200 E4299.0577
G1 X149.800 Y149.800 E4301.1198
G1 X100.200 Y149.800 E4303.1820
G1 X100.200 Y100.200 E4305.2441
G1 F2400 E4302.2441
G1 F300 Z14.950
G0 F3900 X101.800 Y101.800
G1 F300 Z14.750
G1 F1500 E4305.2441
G1 F2100 X101.800 Y148.200 E4307.1732
G1 X148.200 Y148.200 E4309.1023
G1 X148.200 Y101.800 E4311.0314
G1 X101.800 Y101.800 E4312.9604
G0 F3900 X100.600 Y100.600
;TYPE:WALL-INNER
;WIDTH:0.400
;FLOW:90.0
G1 F2400 X149.400 Y100.600 E4314.7864
G1 X149.400 Y149.400 E4316.6124
G1 X100.600 Y149.400 E4318.4384
G1 X100.600 Y100.600 E4320.2644
G0 F3900 X101.400 Y101.400
G1 F2400 X101.400 Y148.600 E4322.0305
G1 X148.600 Y148.600 E4323.7966
G1 X148.600 Y101.400 E4325.5627
G1 X101.400 Y101.400 E4327.3288
G0 F3900 X101.000 Y101.200
;TYPE:GAP-FILL
;WIDTH:0.400
;FLOW:95.0
G1 F3600 X101.000 Y148.800 E4329.2088
;WIDTH:0.468
G1 X101.200 Y149.000 E4329.2219
;WIDTH:0.400
G1 X148.800 Y149.000 E4331.1019
;WIDTH:0.468
G1 X149.000 Y148.800 E4331.1150
;WIDTH:0.400
G1 X149.000 Y101.200 E4332.9950
;WIDTH:0.468
G1 X148.800 Y101.000 E4333.0081
;WIDTH:0.400
G1 X101.200 Y101.000 E4334.8881
;WIDTH:0.468
;WIDTH:0.469
G1 X101.034 Y101.034 E4334.8960
G1 X101.000 Y101.200 E4334.9038
;PRINTING_TIME: 2644
;REMAINING_TIME: 3599
;LAYER:59
;Z:15.000
;HEIGHT:0.250
;FLOW:100.0
;PRINTING: Flow_Calibration_Cube_0.4_mm.stl
;PRINTING_ID: 0
G1 F2400 E4331.9038
G1 F300 Z15.200
G0 F3900 X100.200 Y100.200
G0 F300 Z15.000
;TYPE:WALL-OUTER
;WIDTH:0.400
G1 F300 Z15.000
G1 F1500 E4334.9038
G1 F2100 X149.800 Y100.200 E4336.9660
G1 X149.800 Y149.800 E4339.0281
G1 X100.200 Y149.800 E4341.0902
G1 X100.200 Y100.200 E4343.1524
G1 F2400 E4340.1524
G1 F300 Z15.200
G0 F3900 X101.800 Y101.800
G1 F300 Z15.000
G1 F1500 E4343.1524
G1 F2100 X101.800 Y148.200 E4345.0814
G1 X148.200 Y148.200 E4347.0105
G1 X148.200 Y101.800 E4348.9396
G1 X101.800 Y101.800 E4350.8687
G0 F3900 X100.600 Y100.600
;TYPE:WALL-INNER
;WIDTH:0.400
;FLOW:90.0
G1 F2400 X149.400 Y100.600 E4352.6947
G1 X149.400 Y149.400 E4354.5207
G1 X100.600 Y149.400 E4356.3466
G1 X100.600 Y100.600 E4358.1726
G0 F3900 X101.400 Y101.400
G1 F2400 X101.400 Y148.600 E4359.9387
G1 X148.600 Y148.600 E4361.7049
G1 X148.600 Y101.400 E4363.4710
G1 X101.400 Y101.400 E4365.2371
G0 F3900 X101.000 Y101.200
;TYPE:GAP-FILL
;WIDTH:0.400
;FLOW:95.0
G1 F3600 X101.000 Y148.800 E4367.1171
;WIDTH:0.468
G1 X101.200 Y149.000 E4367.1302
;WIDTH:0.400
G1 X148.800 Y149.000 E4369.0102
;WIDTH:0.468
G1 X149.000 Y148.800 E4369.0233
;WIDTH:0.400
G1 X149.000 Y101.200 E4370.9033
;WIDTH:0.468
G1 X148.800 Y101.000 E4370.9164
;WIDTH:0.400
G1 X101.200 Y101.000 E4372.7964
;WIDTH:0.468
;WIDTH:0.469
G1 X101.034 Y101.034 E4372.8043
G1 X101.000 Y101.200 E4372.8121
;PRINTING_TIME: 2670
;REMAINING_TIME: 3573
;LAYER:60
;Z:15.250
;HEIGHT:0.250
;FLOW:100.0
;PRINTING: Flow_Calibration_Cube_0.4_mm.stl
;PRINTING_ID: 0
G1 F2400 E4369.8121
G1 F300 Z15.450
G0 F3900 X100.200 Y100.200
G0 F300 Z15.250
;TYPE:WALL-OUTER
;WIDTH:0.400
G1 F300 Z15.250
G1 F1500 E4372.8121
G1 F2100 X149.800 Y100.200 E4374.8742
G1 X149.800 Y149.800 E4376.9364
G1 X100.200 Y149.800 E4378.9985
G1 X100.200 Y100.200 E4381.0606
G1 F2400 E4378.0606
G1 F300 Z15.450
G0 F3900 X101.800 Y101.800
G1 F300 Z15.250
G1 F1500 E4381.0606
G1 F2100 X101.800 Y148.200 E4382.9897
G1 X148.200 Y148.200 E4384.9188
G1 X148.200 Y101.800 E4386.8479
G1 X101.800 Y101.800 E4388.7770
G0 F3900 X100.600 Y100.600
;TYPE:WALL-INNER
;WIDTH:0.400
;FLOW:90.0
G1 F2400 X149.400 Y100.600 E4390.6030
G1 X149.400 Y149.400 E4392.4289
G1 X100.600 Y149.400 E4394.2549
G1 X100.600 Y100.600 E4396.0809
G0 F3900 X101.400 Y101.400
G1 F2400 X101.400 Y148.600 E4397.8470
G1 X148.600 Y148.600 E4399.6131
G1 X148.600 Y101.400 E4401.3792
G1 X101.400 Y101.400 E4403.1453
G0 F3900 X101.000 Y101.200
;TYPE:GAP-FILL
;WIDTH:0.400
;FLOW:95.0
G1 F3600 X101.000 Y148.800 E4405.0254
;WIDTH:0.468
G1 X101.200 Y149.000 E4405.0384
;WIDTH:0.400
G1 X148.800 Y149.000 E4406.9185
;WIDTH:0.468
G1 X149.000 Y148.800 E4406.9315
;WIDTH:0.400
G1 X149.000 Y101.200 E4408.8116
;WIDTH:0.468
G1 X148.800 Y101.000 E4408.8246
;WIDTH:0.400
G1 X101.200 Y101.000 E4410.7047
;WIDTH:0.468
;WIDTH:0.469
G1 X101.034 Y101.034 E4410.7125
G1 X101.000 Y101.200 E4410.7204
;PRINTING_TIME: 2695
;REMAINING_TIME: 3548
;LAYER:61
;Z:15.500
;HEIGHT:0.250
;FLOW:100.0
;PRINTING: Flow_Calibration_Cube_0.4_mm.stl
;PRINTING_ID: 0
G1 F2400 E4407.7204
G1 F300 Z15.700
G0 F3900 X100.200 Y100.200
G0 F300 Z15.500
;TYPE:WALL-OUTER
;WIDTH:0.400
G1 F300 Z15.500
G1 F1500 E4410.7204
G1 F2100 X149.800 Y100.200 E4412.7825
G1 X149.800 Y149.800 E4414.8446
G1 X100.200 Y149.800 E4416.9068
G1 X100.200 Y100.200 E4418.9689
G1 F2400 E4415.9689
G1 F300 Z15.700
G0 F3900 X101.800 Y101.800
G1 F300 Z15.500
G1 F1500 E4418.9689
G1 F2100 X101.800 Y148.200 E4420.8980
G1 X148.200 Y148.200 E4422.8271
G1 X148.200 Y101.800 E4424.7561
G1 X101.800 Y101.800 E4426.6852
G0 F3900 X100.600 Y100.600
;TYPE:WALL-INNER
;WIDTH:0.400
;FLOW:90.0
G1 F2400 X149.400 Y100.600 E4428.5112
G1 X149.400 Y149.400 E4430.3372
G1 X100.600 Y149.400 E4432.1632
G1 X100.600 Y100.600 E4433.9892
G0 F3900 X101.400 Y101.400
G1 F2400 X101.400 Y148.600 E4435.7553
G1 X148.600 Y148.600 E4437.5214
G1 X148.600 Y101.400 E4439.2875
G1 X101.400 Y101.400 E4441.0536
G0 F3900 X101.000 Y101.200
;TYPE:GAP-FILL
;WIDTH:0.400
;FLOW:95.0
G1 F3600 X101.000 Y148.800 E4442.9336
;WIDTH:0.468
G1 X101.200 Y149.000 E4442.9467
;WIDTH:0.400
G1 X148.800 Y149.000 E4444.8267
;WIDTH:0.468
G1 X149.000 Y148.800 E4444.8398
;WIDTH:0.400
G1 X149.000 Y101.200 E4446.7198
;WIDTH:0.468
G1 X148.800 Y101.000 E4446.7329
;WIDTH:0.400
G1 X101.200 Y101.000 E4448.6129
;WIDTH:0.468
;WIDTH:0.469
G1 X101.034 Y101.034 E4448.6208
G1 X101.000 Y101.200 E4448.6286
;PRINTING_TIME: 2721
;REMAINING_TIME: 3522
;LAYER:62
;Z:15.750
;HEIGHT:0.250
;FLOW:100.0
;PRINTING: Flow_Calibration_Cube_0.4_mm.stl
;PRINTING_ID: 0
G1 F2400 E4445.6286
G1 F300 Z15.950
G0 F3900 X100.200 Y100.200
G0 F300 Z15.750
;TYPE:WALL-OUTER
;WIDTH:0.400
G1 F300 Z15.750
G1 F1500 E4448.6286
G1 F2100 X149.800 Y100.200 E4450.6908
G1 X149.800 Y149.800 E4452.7529
G1 X100.200 Y149.800 E4454.8150
G1 X100.200 Y100.200 E4456.8771
G1 F2400 E4453.8771
G1 F300 Z15.950
G0 F3900 X101.800 Y101.800
G1 F300 Z15.750
G1 F1500 E4456.8771
G1 F2100 X101.800 Y148.200 E4458.8062
G1 X148.200 Y148.200 E4460.7353
G1 X148.200 Y101.800 E4462.6644
G1 X101.800 Y101.800 E4464.5935
G0 F3900 X100.600 Y100.600
;TYPE:WALL-INNER
;WIDTH:0.400
;FLOW:90.0
G1 F2400 X149.400 Y100.600 E4466.4195
G1 X149.400 Y149.400 E4468.2455
G1 X100.600 Y149.400 E4470.0714
G1 X100.600 Y100.600 E4471.8974
G0 F3900 X101.400 Y101.400
G1 F2400 X101.400 Y148.600 E4473.6635
G1 X148.600 Y148.600 E4475.4297
G1 X148.600 Y101.400 E4477.1958
G1 X101.400 Y101.400 E4478.9619
G0 F3900 X101.000 Y101.200
;TYPE:GAP-FILL
;WIDTH:0.400
;FLOW:95.0
G1 F3600 X101.000 Y148.800 E4480.8419
;WIDTH:0.468
G1 X101.200 Y149.000 E4480.8550
;WIDTH:0.400
G1 X148.800 Y149.000 E4482.7350
;WIDTH:0.468
G1 X149.000 Y148.800 E4482.7481
;WIDTH:0.400
G1 X149.000 Y101.200 E4484.6281
;WIDTH:0.468
G1 X148.800 Y101.000 E4484.6412
;WIDTH:0.400
G1 X101.200 Y101.000 E4486.5212
;WIDTH:0.468
;WIDTH:0.469
G1 X101.034 Y101.034 E4486.5291
G1 X101.000 Y101.200 E4486.5369
;PRINTING_TIME: 2747
;REMAINING_TIME: 3497
;LAYER:63
;Z:16.000
;HEIGHT:0.250
;FLOW:100.0
;PRINTING: Flow_Calibration_Cube_0.4_mm.stl
;PRINTING_ID: 0
G1 F2400 E4483.5369
G1 F300 Z16.200
G0 F3900 X100.200 Y100.200
G0 F300 Z16.000
;TYPE:WALL-OUTER
;WIDTH:0.400
G1 F300 Z16.000
G1 F1500 E4486.5369
G1 F2100 X149.800 Y100.200 E4488.5990
G1 X149.800 Y149.800 E4490.6612
G1 X100.200 Y149.800 E4492.7233
G1 X100.200 Y100.200 E4494.7854
G1 F2400 E4491.7854
G1 F300 Z16.200
G0 F3900 X101.800 Y101.800
G1 F300 Z16.000
G1 F1500 E4494.7854
G1 F2100 X101.800 Y148.200 E4496.7145
G1 X148.200 Y148.200 E4498.6436
G1 X148.200 Y101.800 E4500.5727
G1 X101.800 Y101.800 E4502.5018
G0 F3900 X100.600 Y100.600
;TYPE:WALL-INNER
;WIDTH:0.400
;FLOW:90.0
G1 F2400 X149.400 Y100.600 E4504.3277
G1 X149.400 Y149.400 E4506.1537
G1 X100.600 Y149.400 E4507.9797
G1 X100.600 Y100.600 E4509.8057
G0 F3900 X101.400 Y101.400
G1 F2400 X101.400 Y148.600 E4511.5718
G1 X148.600 Y148.600 E4513.3379
G1 X148.600 Y101.400 E4515.1040
G1 X101.400 Y101.400 E4516.8701
G0 F3900 X101.000 Y101.200
;TYPE:GAP-FILL
;WIDTH:0.400
;FLOW:95.0
G1 F3600 X101.000 Y148.800 E4518.7502
;WIDTH:0.468
G1 X101.200 Y149.000 E4518.7632
;WIDTH:0.400
G1 X148.800 Y149.000 E4520.6433
;WIDTH:0.468
G1 X149.000 Y148.800 E4520.6563
;WIDTH:0.400
G1 X149.000 Y101.200 E4522.5364
;WIDTH:0.468
G1 X148.800 Y101.000 E4522.5494
;WIDTH:0.400
G1 X101.200 Y101.000 E4524.4295
;WIDTH:0.468
;WIDTH:0.469
G1 X101.034 Y101.034 E4524.4373
G1 X101.000 Y101.200 E4524.4452
;PRINTING_TIME: 2772
;REMAINING_TIME: 3471
;LAYER:64
;Z:16.250
;HEIGHT:0.250
;FLOW:100.0
;PRINTING: Flow_Calibration_Cube_0.4_mm.stl
;PRINTING_ID: 0
G1 F2400 E4521.4452
G1 F300 Z16.450
G0 F3900 X100.200 Y100.200
G0 F300 Z16.250
;TYPE:WALL-OUTER
;WIDTH:0.400
G1 F300 Z16.250
G1 F1500 E4524.4452
G1 F2100 X149.800 Y100.200 E4526.5073
G1 X149.800 Y149.800 E4528.5694
G1 X100.200 Y149.800 E4530.6315
G1 X100.200 Y100.200 E4532.6937
G1 F2400 E4529.6937
G1 F300 Z16.450
G0 F3900 X101.800 Y101.800
G1 F300 Z16.250
G1 F1500 E4532.6937
G1 F2100 X101.800 Y148.200 E4534.6228
G1 X148.200 Y148.200 E4536.5519
G1 X148.200 Y101.800 E4538.4809
G1 X101.800 Y101.800 E4540.4100
G0 F3900 X100.600 Y100.600
;TYPE:WALL-INNER
;WIDTH:0.400
;FLOW:90.0
G1 F2400 X149.400 Y100.600 E4542.2360
G1 X149.400 Y149.400 E4544.0620
G1 X100.600 Y149.400 E4545.8880
G1 X100.600 Y100.600 E4547.7140
G0 F3900 X101.400 Y101.400
G1 F2400 X101.400 Y148.600 E4549.4801
G1 X148.600 Y148.600 E4551.2462
G1 X148.600 Y101.400 E4553.0123
G1 X101.400 Y101.400 E4554.7784
G0 F3900 X101.000 Y101.200
;TYPE:GAP-FILL
;WIDTH:0.400
;FLOW:95.0
G1 F3600 X101.000 Y148.800 E4556.6584
;WIDTH:0.468
G1 X101.200 Y149.000 E4556.6715
;WIDTH:0.400
G1 X148.800 Y149.000 E4558.5515
;WIDTH:0.468
G1 X149.000 Y148.800 E4558.5646
;WIDTH:0.400
G1 X149.000 Y101.200 E4560.4446
;WIDTH:0.468
G1 X148.800 Y101.000 E4560.4577
;WIDTH:0.400
G1 X101.200 Y101.000 E4562.3377
;WIDTH:0.468
;WIDTH:0.469
G1 X101.034 Y101.034 E4562.3456
G1 X101.000 Y101.200 E4562.3534
;PRINTING_TIME: 2798
;REMAINING_TIME: 3446
;LAYER:65
;Z:16.500
;HEIGHT:0.250
;FLOW:100.0
;PRINTING: Flow_Calibration_Cube_0.4_mm.stl
;PRINTING_ID: 0
G1 F2400 E4559.3534
G1 F300 Z16.700
G0 F3900 X100.200 Y100.200
G0 F300 Z16.500
;TYPE:WALL-OUTER
;WIDTH:0.400
G1 F300 Z16.500
G1 F1500 E4562.3534
G1 F2100 X149.800 Y100.200 E4564.4156
G1 X149.800 Y149.800 E4566.4777
G1 X100.200 Y149.800 E4568.5398
G1 X100.200 Y100.200 E4570.6019
G1 F2400 E4567.6019
G1 F300 Z16.700
G0 F3900 X101.800 Y101.800
G1 F300 Z16.500
G1 F1500 E4570.6019
G1 F2100 X101.800 Y148.200 E4572.5310
G1 X148.200 Y148.200 E4574.4601
G1 X148.200 Y101.800 E4576.3892
G1 X101.800 Y101.800 E4578.3183
G0 F3900 X100.600 Y100.600
;TYPE:WALL-INNER
;WIDTH:0.400
;FLOW:90.0
G1 F2400 X149.400 Y100.600 E4580.1443
G1 X149.400 Y149.400 E4581.9703
G1 X100.600 Y149.400 E4583.7962
G1 X100.600 Y100.600 E4585.6222
G0 F3900 X101.400 Y101.400
G1 F2400 X101.400 Y148.600 E4587.3883
G1 X148.600 Y148.600 E4589.1544
G1 X148.600 Y101.400 E4590.9206
G1 X101.400 Y101.400 E4592.6867
G0 F3900 X101.000 Y101.200
;TYPE:GAP-FILL
;WIDTH:0.400
;FLOW:95.0
G1 F3600 X101.000 Y148.800 E4594.5667
;WIDTH:0.468
G1 X101.200 Y149.000 E4594.5798
;WIDTH:0.400
G1 X148.800 Y149.000 E4596.4598
;WIDTH:0.468
G1 X149.000 Y148.800 E4596.4729
;WIDTH:0.400
G1 X149.000 Y101.200 E4598.3529
;WIDTH:0.468
G1 X148.800 Y101.000 E4598.3660
;WIDTH:0.400
G1 X101.200 Y101.000 E4600.2460
;WIDTH:0.468
;WIDTH:0.469
G1 X101.034 Y101.034 E4600.2538
G1 X101.000 Y101.200 E4600.2617
;PRINTING_TIME: 2823
;REMAINING_TIME: 3420
;LAYER:66
;Z:16.750
;HEIGHT:0.250
;FLOW:100.0
;PRINTING: Flow_Calibration_Cube_0.4_mm.stl
;PRINTING_ID: 0
G1 F2400 E4597.2617
G1 F300 Z16.950
G0 F3900 X100.200 Y100.200
G0 F300 Z16.750
;TYPE:WALL-OUTER
;WIDTH:0.400
G1 F300 Z16.750
G1 F1500 E4600.2617
G1 F2100 X149.800 Y100.200 E4602.3238
G1 X149.800 Y149.800 E4604.3860
G1 X100.200 Y149.800 E4606.4481
G1 X100.200 Y100.200 E4608.5102
G1 F2400 E4605.5102
G1 F300 Z16.950
G0 F3900 X101.800 Y101.800
G1 F300 Z16.750
G1 F1500 E4608.5102
G1 F2100 X101.800 Y148.200 E4610.4393
G1 X148.200 Y148.200 E4612.3684
G1 X148.200 Y101.800 E4614.2975
G1 X101.800 Y101.800 E4616.2266
G0 F3900 X100.600 Y100.600
;TYPE:WALL-INNER
;WIDTH:0.400
;FLOW:90.0
G1 F2400 X149.400 Y100.600 E4618.0525
G1 X149.400 Y149.400 E4619.8785
G1 X100.600 Y149.400 E4621.7045
G1 X100.600 Y100.600 E4623.5305
G0 F3900 X101.400 Y101.400
G1 F2400 X101.400 Y148.600 E4625.2966
G1 X148.600 Y148.600 E4627.0627
G1 X148.600 Y101.400 E4628.8288
G1 X101.400 Y101.400 E4630.5949
G0 F3900 X101.000 Y101.200
;TYPE:GAP-FILL
;WIDTH:0.400
;FLOW:95.0
G1 F3600 X101.000 Y148.800 E4632.4750
;WIDTH:0.468
G1 X101.200 Y149.000 E4632.4880
;WIDTH:0.400
G1 X148.800 Y149.000 E4634.3681
;WIDTH:0.468
G1 X149.000 Y148.800 E4634.3811
;WIDTH:0.400
G1 X149.000 Y101.200 E4636.2612
;WIDTH:0.468
G1 X148.800 Y101.000 E4636.2742
;WIDTH:0.400
G1 X101.200 Y101.000 E4638.1543
;WIDTH:0.468
;WIDTH:0.469
G1 X101.034 Y101.034 E4638.1621
G1 X101.000 Y101.200 E4638.1700
;PRINTING_TIME: 2849
;REMAINING_TIME: 3395
;LAYER:67
;Z:17.000
;HEIGHT:0.250
;FLOW:100.0
;PRINTING: Flow_Calibration_Cube_0.4_mm.stl
;PRINTING_ID: 0
G1 F2400 E4635.1700
G1 F300 Z17.200
G0 F3900 X100.200 Y100.200
G0 F300 Z17.000
;TYPE:WALL-OUTER
;WIDTH:0.400
G1 F300 Z17.000
G1 F1500 E4638.1700
G1 F2100 X149.800 Y100.200 E4640.2321
G1 X149.800 Y149.800 E4642.2942
G1 X100.200 Y149.800 E4644.3563
G1 X100.200 Y100.200 E4646.4185
G1 F2400 E4643.4185
G1 F300 Z17.200
G0 F3900 X101.800 Y101.800
G1 F300 Z17.000
G1 F1500 E4646.4185
G1 F2100 X101.800 Y148.200 E4648.3476
G1 X148.200 Y148.200 E4650.2766
G1 X148.200 Y101.800 E4652.2057
G1 X101.800 Y101.800 E4654.1348
G0 F3900 X100.600 Y100.600
;TYPE:WALL-INNER
;WIDTH:0.400
;FLOW:90.0
G1 F2400 X149.400 Y100.600 E4655.9608
G1 X149.400 Y149.400 E4657.7868
G1 X100.600 Y149.400 E4659.6128
G1 X100.600 Y100.600 E4661.4387
G0 F3900 X101.400 Y101.400
G1 F2400 X101.400 Y148.600 E4663.2049
G1 X148.600 Y148.600 E4664.9710
G1 X148.600 Y101.400 E4666.7371
G1 X101.400 Y101.400 E4668.5032
G0 F3900 X101.000 Y101.200
;TYPE:GAP-FILL
;WIDTH:0.400
;FLOW:95.0
G1 F3600 X101.000 Y148.800 E4670.3832
;WIDTH:0.468
G1 X101.200 Y149.000 E4670.3963
;WIDTH:0.400
G1 X148.800 Y149.000 E4672.2763
;WIDTH:0.468
G1 X149.000 Y148.800 E4672.2894
;WIDTH:0.400
G1 X149.000 Y101.200 E4674.1694
;WIDTH:0.468
G1 X148.800 Y101.000 E4674.1825
;WIDTH:0.400
G1 X101.200 Y101.000 E4676.0625
;WIDTH:0.468
;WIDTH:0.469
G1 X101.034 Y101.034 E4676.0704
G1 X101.000 Y101.200 E4676.0782
;PRINTING_TIME: 2874
;REMAINING_TIME: 3369
;LAYER:68
;Z:17.250
;HEIGHT:0.250
;FLOW:100.0
;PRINTING: Flow_Calibration_Cube_0.4_mm.stl
;PRINTING_ID: 0
G1 F2400 E4673.0782
G1 F300 Z17.450
G0 F3900 X100.200 Y100.200
G0 F300 Z17.250
;TYPE:WALL-OUTER
;WIDTH:0.400
G1 F300 Z17.250
G1 F1500 E4676.0782
G1 F2100 X149.800 Y100.200 E4678.1404
G1 X149.800 Y149.800 E4680.2025
G1 X100.200 Y149.800 E4682.2646
G1 X100.200 Y100.200 E4684.3267
G1 F2400 E4681.3267
G1 F300 Z17.450
G0 F3900 X101.800 Y101.800
G1 F300 Z17.250
G1 F1500 E4684.3267
G1 F2100 X101.800 Y148.200 E4686.2558
G1 X148.200 Y148.200 E4688.1849
G1 X148.200 Y101.800 E4690.1140
G1 X101.800 Y101.800 E4692.0431
G0 F3900 X100.600 Y100.600
;TYPE:WALL-INNER
;WIDTH:0.400
;FLOW:90.0
G1 F2400 X149.400 Y100.600 E4693.8691
G1 X149.400 Y149.400 E4695.6951
G1 X100.600 Y149.400 E4697.5210
G1 X100.600 Y100.600 E4699.3470
G0 F3900 X101.400 Y101.400
G1 F2400 X101.400 Y148.600 E4701.1131
G1 X148.600 Y148.600 E4702.8792
G1 X148.600 Y101.400 E4704.6454
G1 X101.400 Y101.400 E4706.4115
G0 F3900 X101.000 Y101.200
;TYPE:GAP-FILL
;WIDTH:0.400
;FLOW:95.0
G1 F3600 X101.000 Y148.800 E4708.2915
;WIDTH:0.468
G1 X101.200 Y149.000 E4708.3046
;WIDTH:0.400
G1 X148.800 Y149.000 E4710.1846
;WIDTH:0.468
G1 X149.000 Y148.800 E4710.1977
;WIDTH:0.400
G1 X149.000 Y101.200 E4712.0777
;WIDTH:0.468
G1 X148.800 Y101.000 E4712.0908
;WIDTH:0.400
G1 X101.200 Y101.000 E4713.9708
;WIDTH:0.468
;WIDTH:0.469
G1 X101.034 Y101.034 E4713.9786
G1 X101.000 Y101.200 E4713.9865
;PRINTING_TIME: 2900
;REMAINING_TIME: 3344
;LAYER:69
;Z:17.500
;HEIGHT:0.250
;FLOW:100.0
;PRINTING: Flow_Calibration_Cube_0.4_mm.stl
;PRINTING_ID: 0
G1 F2400 E4710.9865
G1 F300 Z17.700
G0 F3900 X100.200 Y100.200
G0 F300 Z17.500
;TYPE:WALL-OUTER
;WIDTH:0.400
G1 F300 Z17.500
G1 F1500 E4713.9865
G1 F2100 X149.800 Y100.200 E4716.0486
G1 X149.800 Y149.800 E4718.1107
G1 X100.200 Y149.800 E4720.1729
G1 X100.200 Y100.200 E4722.2350
G1 F2400 E4719.2350
G1 F300 Z17.700
G0 F3900 X101.800 Y101.800
G1 F300 Z17.500
G1 F1500 E4722.2350
G1 F2100 X101.800 Y148.200 E4724.1641
G1 X148.200 Y148.200 E4726.0932
G1 X148.200 Y101.800 E4728.0223
G1 X101.800 Y101.800 E4729.9514
G0 F3900 X100.600 Y100.600
;TYPE:WALL-INNER
;WIDTH:0.400
;FLOW:90.0
G1 F2400 X149.400 Y100.600 E4731.7773
G1 X149.400 Y149.400 E4733.6033
G1 X100.600 Y149.400 E4735.4293
G1 X100.600 Y100.600 E4737.2553
G0 F3900 X101.400 Y101.400
G1 F2400 X101.400 Y148.600 E4739.0214
G1 X148.600 Y148.600 E4740.7875
G1 X148.600 Y101.400 E4742.5536
G1 X101.400 Y101.400 E4744.3197
G0 F3900 X101.000 Y101.200
;TYPE:GAP-FILL
;WIDTH:0.400
;FLOW:95.0
G1 F3600 X101.000 Y148.800 E4746.1998
;WIDTH:0.468
G1 X101.200 Y149.000 E4746.2128
;WIDTH:0.400
G1 X148.800 Y149.000 E4748.0929
;WIDTH:0.468
G1 X149.000 Y148.800 E4748.1059
;WIDTH:0.400
G1 X149.000 Y101.200 E4749.9860
;WIDTH:0.468
G1 X148.800 Y101.000 E4749.9990
;WIDTH:0.400
G1 X101.200 Y101.000 E4751.8791
;WIDTH:0.468
;WIDTH:0.469
G1 X101.034 Y101.034 E4751.8869
G1 X101.000 Y101.200 E4751.8948
;PRINTING_TIME: 2925
;REMAINING_TIME: 3318
;LAYER:70
;Z:17.750
;HEIGHT:0.250
;FLOW:100.0
;PRINTING: Flow_Calibration_Cube_0.4_mm.stl
;PRINTING_ID: 0
G1 F2400 E4748.8948
G1 F300 Z17.950
G0 F3900 X100.200 Y100.200
G0 F300 Z17.750
;TYPE:WALL-OUTER
;WIDTH:0.400
G1 F300 Z17.750
G1 F1500 E4751.8948
G1 F2100 X149.800 Y100.200 E4753.9569
G1 X149.800 Y149.800 E4756.0190
G1 X100.200 Y149.800 E4758.0811
G1 X100.200 Y100.200 E4760.1433
G1 F2400 E4757.1433
G1 F300 Z17.950
G0 F3900 X101.800 Y101.800
G1 F300 Z17.750
G1 F1500 E4760.1433
G1 F2100 X101.800 Y148.200 E4762.0724
G1 X148.200 Y148.200 E4764.0014
G1 X148.200 Y101.800 E4765.9305
G1 X101.800 Y101.800 E4767.8596
G0 F3900 X100.600 Y100.600
;TYPE:WALL-INNER
;WIDTH:0.400
;FLOW:90.0
G1 F2400 X149.400 Y100.600 E4769.6856
G1 X149.400 Y149.400 E4771.5116
G1 X100.600 Y149.400 E4773.3376
G1 X100.600 Y100.600 E4775.1635
G0 F3900 X101.400 Y101.400
G1 F2400 X101.400 Y148.600 E4776.9297
G1 X148.600 Y148.600 E4778.6958
G1 X148.600 Y101.400 E4780.4619
G1 X101.400 Y101.400 E4782.2280
G0 F3900 X101.000 Y101.200
;TYPE:GAP-FILL
;WIDTH:0.400
;FLOW:95.0
G1 F3600 X101.000 Y148.800 E4784.1080
;WIDTH:0.468
G1 X101.200 Y149.000 E4784.1211
;WIDTH:0.400
G1 X148.800 Y149.000 E4786.0011
;WIDTH:0.468
G1 X149.000 Y148.800 E4786.0142
;WIDTH:0.400
G1 X149.000 Y101.200 E4787.8942
;WIDTH:0.468
G1 X148.800 Y101.000 E4787.9073
;WIDTH:0.400
G1 X101.200 Y101.000 E4789.7873
;WIDTH:0.468
;WIDTH:0.469
G1 X101.034 Y101.034 E4789.7952
G1 X101.000 Y101.200 E4789.8030
;PRINTING_TIME: 2951
;REMAINING_TIME: 3293
;LAYER:71
;Z:18.000
;HEIGHT:0.250
;FLOW:100.0
;PRINTING: Flow_Calibration_Cube_0.4_mm.stl
;PRINTING_ID: 0
G1 F2400 E4786.8030
G1 F300 Z18.200
G0 F3900 X100.200 Y100.200
G0 F300 Z18.000
;TYPE:WALL-OUTER
;WIDTH:0.400
G1 F300 Z18.000
G1 F1500 E4789.8030
G1 F2100 X149.800 Y100.200 E4791.8651
G1 X149.800 Y149.800 E4793.9273
G1 X100.200 Y149.800 E4795.9894
G1 X100.200 Y100.200 E4798.0515
G1 F2400 E4795.0515
G1 F300 Z18.200
G0 F3900 X101.800 Y101.800
G1 F300 Z18.000
G1 F1500 E4798.0515
G1 F2100 X101.800 Y148.200 E4799.9806
G1 X148.200 Y148.200 E4801.9097
G1 X148.200 Y101.800 E4803.8388
G1 X101.800 Y101.800 E4805.7679
G0 F3900 X100.600 Y100.600
;TYPE:WALL-INNER
;WIDTH:0.400
;FLOW:90.0
G1 F2400 X149.400 Y100.600 E4807.5939
G1 X149.400 Y149.400 E4809.4198
G1 X100.600 Y149.400 E4811.2458
G1 X100.600 Y100.600 E4813.0718
G0 F3900 X101.400 Y101.400
G1 F2400 X101.400 Y148.600 E4814.8379
G1 X148.600 Y148.600 E4816.6040
G1 X148.600 Y101.400 E4818.3701
G1 X101.400 Y101.400 E4820.1363
G0 F3900 X101.000 Y101.200
;TYPE:GAP-FILL
;WIDTH:0.400
;FLOW:95.0
G1 F3600 X101.000 Y148.800 E4822.0163
;WIDTH:0.468
G1 X101.200 Y149.000 E4822.0294
;WIDTH:0.400
G1 X148.800 Y149.000 E4823.9094
;WIDTH:0.468
G1 X149.000 Y148.800 E4823.9225
;WIDTH:0.400
G1 X149.000 Y101.200 E4825.8025
;WIDTH:0.468
G1 X148.800 Y101.000 E4825.8156
;WIDTH:0.400
G1 X101.200 Y101.000 E4827.6956
;WIDTH:0.468
;WIDTH:0.469
G1 X101.034 Y101.034 E4827.7034
G1 X101.000 Y101.200 E4827.7113
;PRINTING_TIME: 2976
;REMAINING_TIME: 3267
;LAYER:72
;Z:18.250
;HEIGHT:0.250
;FLOW:100.0
;PRINTING: Flow_Calibration_Cube_0.4_mm.stl
;PRINTING_ID: 0
G1 F2400 E4824.7113
G1 F300 Z18.450
G0 F3900 X100.200 Y100.200
G0 F300 Z18.250
;TYPE:WALL-OUTER
;WIDTH:0.400
G1 F300 Z18.250
G1 F1500 E4827.7113
G1 F2100 X149.800 Y100.200 E4829.7734
G1 X149.800 Y149.800 E4831.8355
G1 X100.200 Y149.800 E4833.8977
G1 X100.200 Y100.200 E4835.9598
G1 F2400 E4832.9598
G1 F300 Z18.450
G0 F3900 X101.800 Y101.800
G1 F300 Z18.250
G1 F1500 E4835.9598
G1 F2100 X101.800 Y148.200 E4837.8889
G1 X148.200 Y148.200 E4839.8180
G1 X148.200 Y101.800 E4841.7471
G1 X101.800 Y101.800 E4843.6761
G0 F3900 X100.600 Y100.600
;TYPE:WALL-INNER
;WIDTH:0.400
;FLOW:90.0
G1 F2400 X149.400 Y100.600 E4845.5021
G1 X149.400 Y149.400 E4847.3281
G1 X100.600 Y149.400 E4849.1541
G1 X100.600 Y100.600 E4850.9801
G0 F3900 X101.400 Y101.400
G1 F2400 X101.400 Y148.600 E4852.7462
G1 X148.600 Y148.600 E4854.5123
G1 X148.600 Y101.400 E4856.2784
G1 X101.400 Y101.400 E4858.0445
G0 F3900 X101.000 Y101.200
;TYPE:GAP-FILL
;WIDTH:0.400
;FLOW:95.0
G1 F3600 X101.000 Y148.800 E4859.9246
;WIDTH:0.468
G1 X101.200 Y149.000 E4859.9376
;WIDTH:0.400
G1 X148.800 Y149.000 E4861.8177
;WIDTH:0.468
G1 X149.000 Y148.800 E4861.8307
;WIDTH:0.400
G1 X149.000 Y101.200 E4863.7108
;WIDTH:0.468
G1 X148.800 Y101.000 E4863.7238
;WIDTH:0.400
G1 X101.200 Y101.000 E4865.6039
;WIDTH:0.468
;WIDTH:0.469
G1 X101.034 Y101.034 E4865.6117
G1 X101.000 Y101.200 E4865.6195
;PRINTING_TIME: 3002
;REMAINING_TIME: 3242
;LAYER:73
;Z:18.500
;HEIGHT:0.250
;FLOW:100.0
;PRINTING: Flow_Calibration_Cube_0.4_mm.stl
;PRINTING_ID: 0
G1 F2400 E4862.6195
G1 F300 Z18.700
G0 F3900 X100.200 Y100.200
G0 F300 Z18.500
;TYPE:WALL-OUTER
;WIDTH:0.400
G1 F300 Z18.500
G1 F1500 E4865.6195
G1 F2100 X149.800 Y100.200 E4867.6817
G1 X149.800 Y149.800 E4869.7438
G1 X100.200 Y149.800 E4871.8059
G1 X100.200 Y100.200 E4873.8681
G1 F2400 E4870.8681
G1 F300 Z18.700
G0 F3900 X101.800 Y101.800
G1 F300 Z18.500
G1 F1500 E4873.8681
G1 F2100 X101.800 Y148.200 E4875.7971
G1 X148.200 Y148.200 E4877.7262
G1 X148.200 Y101.800 E4879.6553
G1 X101.800 Y101.800 E4881.5844
G0 F3900 X100.600 Y100.600
;TYPE:WALL-INNER
;WIDTH:0.400
;FLOW:90.0
G1 F2400 X149.400 Y100.600 E4883.4104
G1 X149.400 Y149.400 E4885.2364
G1 X100.600 Y149.400 E4887.0624
G1 X100.600 Y100.600 E4888.8883
G0 F3900 X101.400 Y101.400
G1 F2400 X101.400 Y148.600 E4890.6545
G1 X148.600 Y148.600 E4892.4206
G1 X148.600 Y101.400 E4894.1867
G1 X101.400 Y101.400 E4895.9528
G0 F3900 X101.000 Y101.200
;TYPE:GAP-FILL
;WIDTH:0.400
;FLOW:95.0
G1 F3600 X101.000 Y148.800 E4897.8328
;WIDTH:0.468
G1 X101.200 Y149.000 E4897.8459
;WIDTH:0.400
G1 X148.800 Y149.000 E4899.7259
;WIDTH:0.468
G1 X149.000 Y148.800 E4899.7390
;WIDTH:0.400
G1 X149.000 Y101.200 E4901.6190
;WIDTH:0.468
G1 X148.800 Y101.000 E4901.6321
;WIDTH:0.400
G1 X101.200 Y101.000 E4903.5121
;WIDTH:0.468
;WIDTH:0.469
G1 X101.034 Y101.034 E4903.5200
G1 X101.000 Y101.200 E4903.5278
;PRINTING_TIME: 3027
;REMAINING_TIME: 3216
;LAYER:74
;Z:18.750
;HEIGHT:0.250
;FLOW:100.0
;PRINTING: Flow_Calibration_Cube_0.4_mm.stl
;PRINTING_ID: 0
G1 F2400 E4900.5278
G1 F300 Z18.950
G0 F3900 X100.200 Y100.200
G0 F300 Z18.750
;TYPE:WALL-OUTER
;WIDTH:0.400
G1 F300 Z18.750
G1 F1500 E4903.5278
G1 F2100 X149.800 Y100.200 E4905.5899
G1 X149.800 Y149.800 E4907.6521
G1 X100.200 Y149.800 E4909.7142
G1 X100.200 Y100.200 E4911.7763
G1 F2400 E4908.7763
G1 F300 Z18.950
G0 F3900 X101.800 Y101.800
G1 F300 Z18.750
G1 F1500 E4911.7763
G1 F2100 X101.800 Y148.200 E4913.7054
G1 X148.200 Y148.200 E4915.6345
G1 X148.200 Y101.800 E4917.5636
G1 X101.800 Y101.800 E4919.4927
G0 F3900 X100.600 Y100.600
;TYPE:WALL-INNER
;WIDTH:0.400
;FLOW:90.0
G1 F2400 X149.400 Y100.600 E4921.3187
G1 X149.400 Y149.400 E4923.1446
G1 X100.600 Y149.400 E4924.9706
G1 X100.600 Y100.600 E4926.7966
G0 F3900 X101.400 Y101.400
G1 F2400 X101.400 Y148.600 E4928.5627
G1 X148.600 Y148.600 E4930.3288
G1 X148.600 Y101.400 E4932.0949
G1 X101.400 Y101.400 E4933.8611
G0 F3900 X101.000 Y101.200
;TYPE:GAP-FILL
;WIDTH:0.400
;FLOW:95.0
G1 F3600 X101.000 Y148.800 E4935.7411
;WIDTH:0.468
G1 X101.200 Y149.000 E4935.7542
;WIDTH:0.400
G1 X148.800 Y149.000 E4937.6342
;WIDTH:0.468
G1 X149.000 Y148.800 E4937.6473
;WIDTH:0.400
G1 X149.000 Y101.200 E4939.5273
;WIDTH:0.468
G1 X148.800 Y101.000 E4939.5404
;WIDTH:0.400
G1 X101.200 Y101.000 E4941.4204
;WIDTH:0.468
;WIDTH:0.469
G1 X101.034 Y101.034 E4941.4282
G1 X101.000 Y101.200 E4941.4361
;PRINTING_TIME: 3053
;REMAINING_TIME: 3191
;LAYER:75
;Z:19.000
;HEIGHT:0.250
;FLOW:100.0
;PRINTING: Flow_Calibration_Cube_0.4_mm.stl
;PRINTING_ID: 0
G1 F2400 E4938.4361
G1 F300 Z19.200
G0 F3900 X100.200 Y100.200
G0 F300 Z19.000
;TYPE:WALL-OUTER
;WIDTH:0.400
G1 F300 Z19.000
G1 F1500 E4941.4361
G1 F2100 X149.800 Y100.200 E4943.4982
G1 X149.800 Y149.800 E4945.5603
G1 X100.200 Y149.800 E4947.6225
G1 X100.200 Y100.200 E4949.6846
G1 F2400 E4946.6846
G1 F300 Z19.200
G0 F3900 X101.800 Y101.800
G1 F300 Z19.000
G1 F1500 E4949.6846
G1 F2100 X101.800 Y148.200 E4951.6137
G1 X148.200 Y148.200 E4953.5428
G1 X148.200 Y101.800 E4955.4719
G1 X101.800 Y101.800 E4957.4009
G0 F3900 X100.600 Y100.600
;TYPE:WALL-INNER
;WIDTH:0.400
;FLOW:90.0
G1 F2400 X149.400 Y100.600 E4959.2269
G1 X149.400 Y149.400 E4961.0529
G1 X100.600 Y149.400 E4962.8789
G1 X100.600 Y100.600 E4964.7049
G0 F3900 X101.400 Y101.400
G1 F2400 X101.400 Y148.600 E4966.4710
G1 X148.600 Y148.600 E4968.2371
G1 X148.600 Y101.400 E4970.0032
G1 X101.400 Y101.400 E4971.7693
G0 F3900 X101.000 Y101.200
;TYPE:GAP-FILL
;WIDTH:0.400
;FLOW:95.0
G1 F3600 X101.000 Y148.800 E4973.6493
;WIDTH:0.468
G1 X101.200 Y149.000 E4973.6624
;WIDTH:0.400
G1 X148.800 Y149.000 E4975.5424
;WIDTH:0.468
G1 X149.000 Y148.800 E4975.5555
;WIDTH:0.400
G1 X149.000 Y101.200 E4977.4355
;WIDTH:0.468
G1 X148.800 Y101.000 E4977.4486
;WIDTH:0.400
G1 X101.200 Y101.000 E4979.3286
;WIDTH:0.468
;WIDTH:0.469
G1 X101.034 Y101.034 E4979.3365
G1 X101.000 Y101.200 E4979.3443
;PRINTING_TIME: 3078
;REMAINING_TIME: 3165
;LAYER:76
;Z:19.250
;HEIGHT:0.250
;FLOW:100.0
;PRINTING: Flow_Calibration_Cube_0.4_mm.stl
;PRINTING_ID: 0
G1 F2400 E4976.3443
G1 F300 Z19.450
G0 F3900 X100.200 Y100.200
G0 F300 Z19.250
;TYPE:WALL-OUTER
;WIDTH:0.400
G1 F300 Z19.250
G1 F1500 E4979.3443
G1 F2100 X149.800 Y100.200 E4981.4065
G1 X149.800 Y149.800 E4983.4686
G1 X100.200 Y149.800 E4985.5307
G1 X100.200 Y100.200 E4987.5929
G1 F2400 E4984.5929
G1 F300 Z19.450
G0 F3900 X101.800 Y101.800
G1 F300 Z19.250
G1 F1500 E4987.5929
G1 F2100 X101.800 Y148.200 E4989.5219
G1 X148.200 Y148.200 E4991.4510
G1 X148.200 Y101.800 E4993.3801
G1 X101.800 Y101.800 E4995.3092
G0 F3900 X100.600 Y100.600
;TYPE:WALL-INNER
;WIDTH:0.400
;FLOW:90.0
G1 F2400 X149.400 Y100.600 E4997.1352
G1 X149.400 Y149.400 E4998.9612
G1 X100.600 Y149.400 E5000.7872
G1 X100.600 Y100.600 E5002.6131
G0 F3900 X101.400 Y101.400
G1 F2400 X101.400 Y148.600 E5004.3792
G1 X148.600 Y148.600 E5006.1454
G1 X148.600 Y101.400 E5007.9115
G1 X101.400 Y101.400 E5009.6776
G0 F3900 X101.000 Y101.200
;TYPE:GAP-FILL
;WIDTH:0.400
;FLOW:95.0
G1 F3600 X101.000 Y148.800 E5011.5576
;WIDTH:0.468
G1 X101.200 Y149.000 E5011.5707
;WIDTH:0.400
G1 X148.800 Y149.000 E5013.4507
;WIDTH:0.468
G1 X149.000 Y148.800 E5013.4638
;WIDTH:0.400
G1 X149.000 Y101.200 E5015.3438
;WIDTH:0.468
G1 X148.800 Y101.000 E5015.3569
;WIDTH:0.400
G1 X101.200 Y101.000 E5017.2369
;WIDTH:0.468
;WIDTH:0.469
G1 X101.034 Y101.034 E5017.2448
G1 X101.000 Y101.200 E5017.2526
;PRINTING_TIME: 3104
;REMAINING_TIME: 3140
;LAYER:77
;Z:19.500
;HEIGHT:0.250
;FLOW:100.0
;PRINTING: Flow_Calibration_Cube_0.4_mm.stl
;PRINTING_ID: 0
G1 F2400 E5014.2526
G1 F300 Z19.700
G0 F3900 X100.200 Y100.200
G0 F300 Z19.500
;TYPE:WALL-OUTER
;WIDTH:0.400
G1 F300 Z19.500
G1 F1500 E5017.2526
G1 F2100 X149.800 Y100.200 E5019.3147
G1 X149.800 Y149.800 E5021.3769
G1 X100.200 Y149.800 E5023.4390
G1 X100.200 Y100.200 E5025.5011
G1 F2400 E5022.5011
G1 F300 Z19.700
G0 F3900 X101.800 Y101.800
G1 F300 Z19.500
G1 F1500 E5025.5011
G1 F2100 X101.800 Y148.200 E5027.4302
G1 X148.200 Y148.200 E5029.3593
G1 X148.200 Y101.800 E5031.2884
G1 X101.800 Y101.800 E5033.2175
G0 F3900 X100.600 Y100.600
;TYPE:WALL-INNER
;WIDTH:0.400
;FLOW:90.0
G1 F2400 X149.400 Y100.600 E5035.0435
G1 X149.400 Y149.400 E5036.8694
G1 X100.600 Y149.400 E5038.6954
G1 X100.600 Y100.600 E5040.5214
G0 F3900 X101.400 Y101.400
G1 F2400 X101.400 Y148.600 E5042.2875
G1 X148.600 Y148.600 E5044.0536
G1 X148.600 Y101.400 E5045.8197
G1 X101.400 Y101.400 E5047.5858
G0 F3900 X101.000 Y101.200
;TYPE:GAP-FILL
;WIDTH:0.400
;FLOW:95.0
G1 F3600 X101.000 Y148.800 E5049.4659
;WIDTH:0.468
G1 X101.200 Y149.000 E5049.4789
;WIDTH:0.400
G1 X148.800 Y149.000 E5051.3590
;WIDTH:0.468
G1 X149.000 Y148.800 E5051.3720
;WIDTH:0.400
G1 X149.000 Y101.200 E5053.2521
;WIDTH:0.468
G1 X148.800 Y101.000 E5053.2651
;WIDTH:0.400
G1 X101.200 Y101.000 E5055.1452
;WIDTH:0.468
;WIDTH:0.469
G1 X101.034 Y101.034 E5055.1530
G1 X101.000 Y101.200 E5055.1609
;PRINTING_TIME: 3129
;REMAINING_TIME: 3114
;LAYER:78
;Z:19.750
;HEIGHT:0.250
;FLOW:100.0
;PRINTING: Flow_Calibration_Cube_0.4_mm.stl
;PRINTING_ID: 0
G1 F2400 E5052.1609
G1 F300 Z19.950
G0 F3900 X100.200 Y100.200
G0 F300 Z19.750
;TYPE:WALL-OUTER
;WIDTH:0.400
G1 F300 Z19.750
G1 F1500 E5055.1609
G1 F2100 X149.800 Y100.200 E5057.2230
G1 X149.800 Y149.800 E5059.2851
G1 X100.200 Y149.800 E5061.3473
G1 X100.200 Y100.200 E5063.4094
G1 F2400 E5060.4094
G1 F300 Z19.950
G0 F3900 X101.800 Y101.800
G1 F300 Z19.750
G1 F1500 E5063.4094
G1 F2100 X101.800 Y148.200 E5065.3385
G1 X148.200 Y148.200 E5067.2676
G1 X148.200 Y101.800 E5069.1966
G1 X101.800 Y101.800 E5071.1257
G0 F3900 X100.600 Y100.600
;TYPE:WALL-INNER
;WIDTH:0.400
;FLOW:90.0
G1 F2400 X149.400 Y100.600 E5072.9517
G1 X149.400 Y149.400 E5074.7777
G1 X100.600 Y149.400 E5076.6037
G1 X100.600 Y100.600 E5078.4297
G0 F3900 X101.400 Y101.400
G1 F2400 X101.400 Y148.600 E5080.1958
G1 X148.600 Y148.600 E5081.9619
G1 X148.600 Y101.400 E5083.7280
G1 X101.400 Y101.400 E5085.4941
G0 F3900 X101.000 Y101.200
;TYPE:GAP-FILL
;WIDTH:0.400
;FLOW:95.0
G1 F3600 X101.000 Y148.800 E5087.3741
;WIDTH:0.468
G1 X101.200 Y149.000 E5087.3872
;WIDTH:0.400
G1 X148.800 Y149.000 E5089.2672
;WIDTH:0.468
G1 X149.000 Y148.800 E5089.2803
;WIDTH:0.400
G1 X149.000 Y101.200 E5091.1603
;WIDTH:0.468
G1 X148.800 Y101.000 E5091.1734
;WIDTH:0.400
G1 X101.200 Y101.000 E5093.0534
;WIDTH:0.468
;WIDTH:0.469
G1 X101.034 Y101.034 E5093.0613
G1 X101.000 Y101.200 E5093.0691
;PRINTING_TIME: 3155
;REMAINING_TIME: 3088
;LAYER:79
;Z:20.000
;HEIGHT:0.250
;FLOW:100.0
;PRINTING: Flow_Calibration_Cube_0.4_mm.stl
;PRINTING_ID: 0
G1 F2400 E5090.0691
G1 F300 Z20.200
G0 F3900 X100.200 Y100.200
G0 F300 Z20.000
;TYPE:WALL-OUTER
;WIDTH:0.400
G1 F300 Z20.000
G1 F1500 E5093.0691
G1 F2100 X149.800 Y100.200 E5095.1313
G1 X149.800 Y149.800 E5097.1934
G1 X100.200 Y149.800 E5099.2555
G1 X100.200 Y100.200 E5101.3176
G1 F2400 E5098.3176
G1 F300 Z20.200
G0 F3900 X101.800 Y101.800
G1 F300 Z20.000
G1 F1500 E5101.3176
G1 F2100 X101.800 Y148.200 E5103.2467
G1 X148.200 Y148.200 E5105.1758
G1 X148.200 Y101.800 E5107.1049
G1 X101.800 Y101.800 E5109.0340
G0 F3900 X100.600 Y100.600
;TYPE:WALL-INNER
;WIDTH:0.400
;FLOW:90.0
G1 F2400 X149.400 Y100.600 E5110.8600
G1 X149.400 Y149.400 E5112.6860
G1 X100.600 Y149.400 E5114.5119
G1 X100.600 Y100.600 E5116.3379
G0 F3900 X101.400 Y101.400
G1 F2400 X101.400 Y148.600 E5118.1040
G1 X148.600 Y148.600 E5119.8702
G1 X148.600 Y101.400 E5121.6363
G1 X101.400 Y101.400 E5123.4024
G0 F3900 X101.000 Y101.200
;TYPE:GAP-FILL
;WIDTH:0.400
;FLOW:95.0
G1 F3600 X101.000 Y148.800 E5125.2824
;WIDTH:0.468
G1 X101.200 Y149.000 E5125.2955
;WIDTH:0.400
G1 X148.800 Y149.000 E5127.1755
;WIDTH:0.468
G1 X149.000 Y148.800 E5127.1886
;WIDTH:0.400
G1 X149.000 Y101.200 E5129.0686
;WIDTH:0.468
G1 X148.800 Y101.000 E5129.0817
;WIDTH:0.400
G1 X101.200 Y101.000 E5130.9617
;WIDTH:0.468
;WIDTH:0.469
G1 X101.034 Y101.034 E5130.9696
G1 X101.000 Y101.200 E5130.9774
;PRINTING_TIME: 3180
;REMAINING_TIME: 3063
;LAYER:80
;Z:20.250
;HEIGHT:0.250
;FLOW:100.0
;PRINTING: Flow_Calibration_Cube_0.4_mm.stl
;PRINTING_ID: 0
G1 F2400 E5127.9774
G1 F300 Z20.450
G0 F3900 X100.200 Y100.200
G0 F300 Z20.250
;TYPE:WALL-OUTER
;WIDTH:0.400
G1 F300 Z20.250
G1 F1500 E5130.9774
G1 F2100 X149.800 Y100.200 E5133.0395
G1 X149.800 Y149.800 E5135.1017
G1 X100.200 Y149.800 E5137.1638
G1 X100.200 Y100.200 E5139.2259
G1 F2400 E5136.2259
G1 F300 Z20.450
G0 F3900 X101.800 Y101.800
G1 F300 Z20.250
G1 F1500 E5139.2259
G1 F2100 X101.800 Y148.200 E5141.1550
G1 X148.200 Y148.200 E5143.0841
G1 X148.200 Y101.800 E5145.0132
G1 X101.800 Y101.800 E5146.9423
G0 F3900 X100.600 Y100.600
;TYPE:WALL-INNER
;WIDTH:0.400
;FLOW:90.0
G1 F2400 X149.400 Y100.600 E5148.7682
G1 X149.400 Y149.400 E5150.5942
G1 X100.600 Y149.400 E5152.4202
G1 X100.600 Y100.600 E5154.2462
G0 F3900 X101.400 Y101.400
G1 F2400 X101.400 Y148.600 E5156.0123
G1 X148.600 Y148.600 E5157.7784
G1 X148.600 Y101.400 E5159.5445
G1 X101.400 Y101.400 E5161.3106
G0 F3900 X101.000 Y101.200
;TYPE:GAP-FILL
;WIDTH:0.400
;FLOW:95.0
G1 F3600 X101.000 Y148.800 E5163.1907
;WIDTH:0.468
G1 X101.200 Y149.000 E5163.2037
;WIDTH:0.400
G1 X148.800 Y149.000 E5165.0838
;WIDTH:0.468
G1 X149.000 Y148.800 E5165.0968
;WIDTH:0.400
G1 X149.000 Y101.200 E5166.9769
;WIDTH:0.468
G1 X148.800 Y101.000 E5166.9899
;WIDTH:0.400
G1 X101.200 Y101.000 E5168.8700
;WIDTH:0.468
;WIDTH:0.469
G1 X101.034 Y101.034 E5168.8778
G1 X101.000 Y101.200 E5168.8857
;PRINTING_TIME: 3206
;REMAINING_TIME: 3037
;LAYER:81
;Z:20.500
;HEIGHT:0.250
;FLOW:100.0
;PRINTING: Flow_Calibration_Cube_0.4_mm.stl
;PRINTING_ID: 0
G1 F2400 E5165.8857
G1 F300 Z20.700
G0 F3900 X100.200 Y100.200
G0 F300 Z20.500
;TYPE:WALL-OUTER
;WIDTH:0.400
G1 F300 Z20.500
G1 F1500 E5168.8857
G1 F2100 X149.800 Y100.200 E5170.9478
G1 X149.800 Y149.800 E5173.0099
G1 X100.200 Y149.800 E5175.0721
G1 X100.200 Y100.200 E5177.1342
G1 F2400 E5174.1342
G1 F300 Z20.700
G0 F3900 X101.800 Y101.800
G1 F300 Z20.500
G1 F1500 E5177.1342
G1 F2100 X101.800 Y148.200 E5179.0633
G1 X148.200 Y148.200 E5180.9924
G1 X148.200 Y101.800 E5182.9214
G1 X101.800 Y101.800 E5184.8505
G0 F3900 X100.600 Y100.600
;TYPE:WALL-INNER
;WIDTH:0.400
;FLOW:90.0
G1 F2400 X149.400 Y100.600 E5186.6765
G1 X149.400 Y149.400 E5188.5025
G1 X100.600 Y149.400 E5190.3285
G1 X100.600 Y100.600 E5192.1545
G0 F3900 X101.400 Y101.400
G1 F2400 X101.400 Y148.600 E5193.9206
G1 X148.600 Y148.600 E5195.6867
G1 X148.600 Y101.400 E5197.4528
G1 X101.400 Y101.400 E5199.2189
G0 F3900 X101.000 Y101.200
;TYPE:GAP-FILL
;WIDTH:0.400
;FLOW:95.0
G1 F3600 X101.000 Y148.800 E5201.0989
;WIDTH:0.468
G1 X101.200 Y149.000 E5201.1120
;WIDTH:0.400
G1 X148.800 Y149.000 E5202.9920
;WIDTH:0.468
G1 X149.000 Y148.800 E5203.0051
;WIDTH:0.400
G1 X149.000 Y101.200 E5204.8851
;WIDTH:0.468
G1 X148.800 Y101.000 E5204.8982
;WIDTH:0.400
G1 X101.200 Y101.000 E5206.7782
;WIDTH:0.468
;WIDTH:0.469
G1 X101.034 Y101.034 E5206.7861
G1 X101.000 Y101.200 E5206.7939
;PRINTING_TIME: 3232
;REMAINING_TIME: 3012
;LAYER:82
;Z:20.750
;HEIGHT:0.250
;FLOW:100.0
;PRINTING: Flow_Calibration_Cube_0.4_mm.stl
;PRINTING_ID: 0
G1 F2400 E5203.7939
G1 F300 Z20.950
G0 F3900 X100.200 Y100.200
G0 F300 Z20.750
;TYPE:WALL-OUTER
;WIDTH:0.400
G1 F300 Z20.750
G1 F1500 E5206.7939
G1 F2100 X149.800 Y100.200 E5208.8561
G1 X149.800 Y149.800 E5210.9182
G1 X100.200 Y149.800 E5212.9803
G1 X100.200 Y100.200 E5215.0424
G1 F2400 E5212.0424
G1 F300 Z20.950
G0 F3900 X101.800 Y101.800
G1 F300 Z20.750
G1 F1500 E5215.0424
G1 F2100 X101.800 Y148.200 E5216.9715
G1 X148.200 Y148.200 E5218.9006
G1 X148.200 Y101.800 E5220.8297
G1 X101.800 Y101.800 E5222.7588
G0 F3900 X100.600 Y100.600
;TYPE:WALL-INNER
;WIDTH:0.400
;FLOW:90.0
G1 F2400 X149.400 Y100.600 E5224.5848
G1 X149.400 Y149.400 E5226.4108
G1 X100.600 Y149.400 E5228.2367
G1 X100.600 Y100.600 E5230.0627
G0 F3900 X101.400 Y101.400
G1 F2400 X101.400 Y148.600 E5231.8288
G1 X148.600 Y148.600 E5233.5949
G1 X148.600 Y101.400 E5235.3611
G1 X101.400 Y101.400 E5237.1272
G0 F3900 X101.000 Y101.200
;TYPE:GAP-FILL
;WIDTH:0.400
;FLOW:95.0
G1 F3600 X101.000 Y148.800 E5239.0072
;WIDTH:0.468
G1 X101.200 Y149.000 E5239.0203
;WIDTH:0.400
G1 X148.800 Y149.000 E5240.9003
;WIDTH:0.468
G1 X149.000 Y148.800 E5240.9134
;WIDTH:0.400
G1 X149.000 Y101.200 E5242.7934
;WIDTH:0.468
G1 X148.800 Y101.000 E5242.8065
;WIDTH:0.400
G1 X101.200 Y101.000 E5244.6865
;WIDTH:0.468
;WIDTH:0.469
G1 X101.034 Y101.034 E5244.6943
G1 X101.000 Y101.200 E5244.7022
;PRINTING_TIME: 3257
;REMAINING_TIME: 2986
;LAYER:83
;Z:21.000
;HEIGHT:0.250
;FLOW:100.0
;PRINTING: Flow_Calibration_Cube_0.4_mm.stl
;PRINTING_ID: 0
G1 F2400 E5241.7022
G1 F300 Z21.200
G0 F3900 X100.200 Y100.200
G0 F300 Z21.000
;TYPE:WALL-OUTER
;WIDTH:0.400
G1 F300 Z21.000
G1 F1500 E5244.7022
G1 F2100 X149.800 Y100.200 E5246.7643
G1 X149.800 Y149.800 E5248.8265
G1 X100.200 Y149.800 E5250.8886
G1 X100.200 Y100.200 E5252.9507
G1 F2400 E5249.9507
G1 F300 Z21.200
G0 F3900 X101.800 Y101.800
G1 F300 Z21.000
G1 F1500 E5252.9507
G1 F2100 X101.800 Y148.200 E5254.8798
G1 X148.200 Y148.200 E5256.8089
G1 X148.200 Y101.800 E5258.7380
G1 X101.800 Y101.800 E5260.6671
G0 F3900 X100.600 Y100.600
;TYPE:WALL-INNER
;WIDTH:0.400
;FLOW:90.0
G1 F2400 X149.400 Y100.600 E5262.4930
G1 X149.400 Y149.400 E5264.3190
G1 X100.600 Y149.400 E5266.1450
G1 X100.600 Y100.600 E5267.9710
G0 F3900 X101.400 Y101.400
G1 F2400 X101.400 Y148.600 E5269.7371
G1 X148.600 Y148.600 E5271.5032
G1 X148.600 Y101.400 E5273.2693
G1 X101.400 Y101.400 E5275.0354
G0 F3900 X101.000 Y101.200
;TYPE:GAP-FILL
;WIDTH:0.400
;FLOW:95.0
G1 F3600 X101.000 Y148.800 E5276.9155
;WIDTH:0.468
G1 X101.200 Y149.000 E5276.9285
;WIDTH:0.400
G1 X148.800 Y149.000 E5278.8086
;WIDTH:0.468
G1 X149.000 Y148.800 E5278.8216
;WIDTH:0.400
G1 X149.000 Y101.200 E5280.7017
;WIDTH:0.468
G1 X148.800 Y101.000 E5280.7147
;WIDTH:0.400
G1 X101.200 Y101.000 E5282.5948
;WIDTH:0.468
;WIDTH:0.469
G1 X101.034 Y101.034 E5282.6026
G1 X101.000 Y101.200 E5282.6105
;PRINTING_TIME: 3283
;REMAINING_TIME: 2961
;LAYER:84
;Z:21.250
;HEIGHT:0.250
;FLOW:100.0
;PRINTING: Flow_Calibration_Cube_0.4_mm.stl
;PRINTING_ID: 0
G1 F2400 E5279.6105
G1 F300 Z21.450
G0 F3900 X100.200 Y100.200
G0 F300 Z21.250
;TYPE:WALL-OUTER
;WIDTH:0.400
G1 F300 Z21.250
G1 F1500 E5282.6105
G1 F2100 X149.800 Y100.200 E5284.6726
G1 X149.800 Y149.800 E5286.7347
G1 X100.200 Y149.800 E5288.7968
G1 X100.200 Y100.200 E5290.8590
G1 F2400 E5287.8590
G1 F300 Z21.450
G0 F3900 X101.800 Y101.800
G1 F300 Z21.250
G1 F1500 E5290.8590
G1 F2100 X101.800 Y148.200 E5292.7881
G1 X148.200 Y148.200 E5294.7171
G1 X148.200 Y101.800 E5296.6462
G1 X101.800 Y101.800 E5298.5753
G0 F3900 X100.600 Y100.600
;TYPE:WALL-INNER
;WIDTH:0.400
;FLOW:90.0
G1 F2400 X149.400 Y100.600 E5300.4013
G1 X149.400 Y149.400 E5302.2273
G1 X100.600 Y149.400 E5304.0533
G1 X100.600 Y100.600 E5305.8793
G0 F3900 X101.400 Y101.400
G1 F2400 X101.400 Y148.600 E5307.6454
G1 X148.600 Y148.600 E5309.4115
G1 X148.600 Y101.400 E5311.1776
G1 X101.400 Y101.400 E5312.9437
G0 F3900 X101.000 Y101.200
;TYPE:GAP-FILL
;WIDTH:0.400
;FLOW:95.0
G1 F3600 X101.000 Y148.800 E5314.8237
;WIDTH:0.468
G1 X101.200 Y149.000 E5314.8368
;WIDTH:0.400
G1 X148.800 Y149.000 E5316.7168
;WIDTH:0.468
G1 X149.000 Y148.800 E5316.7299
;WIDTH:0.400
G1 X149.000 Y101.200 E5318.6099
;WIDTH:0.468
G1 X148.800 Y101.000 E5318.6230
;WIDTH:0.400
G1 X101.200 Y101.000 E5320.5030
;WIDTH:0.468
;WIDTH:0.469
G1 X101.034 Y101.034 E5320.5109
G1 X101.000 Y101.200 E5320.5187
;PRINTING_TIME: 3308
;REMAINING_TIME: 2935
;LAYER:85
;Z:21.500
;HEIGHT:0.250
;FLOW:100.0
;PRINTING: Flow_Calibration_Cube_0.4_mm.stl
;PRINTING_ID: 0
G1 F2400 E5317.5187
G1 F300 Z21.700
G0 F3900 X100.200 Y100.200
G0 F300 Z21.500
;TYPE:WALL-OUTER
;WIDTH:0.400
G1 F300 Z21.500
G1 F1500 E5320.5187
G1 F2100 X149.800 Y100.200 E5322.5809
G1 X149.800 Y149.800 E5324.6430
G1 X100.200 Y149.800 E5326.7051
G1 X100.200 Y100.200 E5328.7672
G1 F2400 E5325.7672
G1 F300 Z21.700
G0 F3900 X101.800 Y101.800
G1 F300 Z21.500
G1 F1500 E5328.7672
G1 F2100 X101.800 Y148.200 E5330.6963
G1 X148.200 Y148.200 E5332.6254
G1 X148.200 Y101.800 E5334.5545
G1 X101.800 Y101.800 E5336.4836
G0 F3900 X100.600 Y100.600
;TYPE:WALL-INNER
;WIDTH:0.400
;FLOW:90.0
G1 F2400 X149.400 Y100.600 E5338.3096
G1 X149.400 Y149.400 E5340.1356
G1 X100.600 Y149.400 E5341.9615
G1 X100.600 Y100.600 E5343.7875
G0 F3900 X101.400 Y101.400
G1 F2400 X101.400 Y148.600 E5345.5536
G1 X148.600 Y148.600 E5347.3197
G1 X148.600 Y101.400 E5349.0859
G1 X101.400 Y101.400 E5350.8520
G0 F3900 X101.000 Y101.200
;TYPE:GAP-FILL
;WIDTH:0.400
;FLOW:95.0
G1 F3600 X101.000 Y148.800 E5352.7320
;WIDTH:0.468
G1 X101.200 Y149.000 E5352.7451
;WIDTH:0.400
G1 X148.800 Y149.000 E5354.6251
;WIDTH:0.468
G1 X149.000 Y148.800 E5354.6382
;WIDTH:0.400
G1 X149.000 Y101.200 E5356.5182
;WIDTH:0.468
G1 X148.800 Y101.000 E5356.5313
;WIDTH:0.400
G1 X101.200 Y101.000 E5358.4113
;WIDTH:0.468
;WIDTH:0.469
G1 X101.034 Y101.034 E5358.4191
G1 X101.000 Y101.200 E5358.4270
;PRINTING_TIME: 3334
;REMAINING_TIME: 2910
;LAYER:86
;Z:21.750
;HEIGHT:0.250
;FLOW:100.0
;PRINTING: Flow_Calibration_Cube_0.4_mm.stl
;PRINTING_ID: 0
G1 F2400 E5355.4270
G1 F300 Z21.950
G0 F3900 X100.200 Y100.200
G0 F300 Z21.750
;TYPE:WALL-OUTER
;WIDTH:0.400
G1 F300 Z21.750
G1 F1500 E5358.4270
G1 F2100 X149.800 Y100.200 E5360.4891
G1 X149.800 Y149.800 E5362.5512
G1 X100.200 Y149.800 E5364.6134
G1 X100.200 Y100.200 E5366.6755
G1 F2400 E5363.6755
G1 F300 Z21.950
G0 F3900 X101.800 Y101.800
G1 F300 Z21.750
G1 F1500 E5366.6755
G1 F2100 X101.800 Y148.200 E5368.6046
G1 X148.200 Y148.200 E5370.5337
G1 X148.200 Y101.800 E5372.4628
G1 X101.800 Y101.800 E5374.3919
G0 F3900 X100.600 Y100.600
;TYPE:WALL-INNER
;WIDTH:0.400
;FLOW:90.0
G1 F2400 X149.400 Y100.600 E5376.2178
G1 X149.400 Y149.400 E5378.0438
G1 X100.600 Y149.400 E5379.8698
G1 X100.600 Y100.600 E5381.6958
G0 F3900 X101.400 Y101.400
G1 F2400 X101.400 Y148.600 E5383.4619
G1 X148.600 Y148.600 E5385.2280
G1 X148.600 Y101.400 E5386.9941
G1 X101.400 Y101.400 E5388.7602
G0 F3900 X101.000 Y101.200
;TYPE:GAP-FILL
;WIDTH:0.400
;FLOW:95.0
G1 F3600 X101.000 Y148.800 E5390.6403
;WIDTH:0.468
G1 X101.200 Y149.000 E5390.6533
;WIDTH:0.400
G1 X148.800 Y149.000 E5392.5334
;WIDTH:0.468
G1 X149.000 Y148.800 E5392.5464
;WIDTH:0.400
G1 X149.000 Y101.200 E5394.4265
;WIDTH:0.468
G1 X148.800 Y101.000 E5394.4395
;WIDTH:0.400
G1 X101.200 Y101.000 E5396.3196
;WIDTH:0.468
;WIDTH:0.469
G1 X101.034 Y101.034 E5396.3274
G1 X101.000 Y101.200 E5396.3353
;PRINTING_TIME: 3359
;REMAINING_TIME: 2884
;LAYER:87
;Z:22.000
;HEIGHT:0.250
;FLOW:100.0
;PRINTING: Flow_Calibration_Cube_0.4_mm.stl
;PRINTING_ID: 0
G1 F2400 E5393.3353
G1 F300 Z22.200
G0 F3900 X100.200 Y100.200
G0 F300 Z22.000
;TYPE:WALL-OUTER
;WIDTH:0.400
G1 F300 Z22.000
G1 F1500 E5396.3353
G1 F2100 X149.800 Y100.200 E5398.3974
G1 X149.800 Y149.800 E5400.4595
G1 X100.200 Y149.800 E5402.5216
G1 X100.200 Y100.200 E5404.5838
G1 F2400 E5401.5838
G1 F300 Z22.200
G0 F3900 X101.800 Y101.800
G1 F300 Z22.000
G1 F1500 E5404.5838
G1 F2100 X101.800 Y148.200 E5406.5129
G1 X148.200 Y148.200 E5408.4419
G1 X148.200 Y101.800 E5410.3710
G1 X101.800 Y101.800 E5412.3001
G0 F3900 X100.600 Y100.600
;TYPE:WALL-INNER
;WIDTH:0.400
;FLOW:90.0
G1 F2400 X149.400 Y100.600 E5414.1261
G1 X149.400 Y149.400 E5415.9521
G1 X100.600 Y149.400 E5417.7781
G1 X100.600 Y100.600 E5419.6040
G0 F3900 X101.400 Y101.400
G1 F2400 X101.400 Y148.600 E5421.3702
G1 X148.600 Y148.600 E5423.1363
G1 X148.600 Y101.400 E5424.9024
G1 X101.400 Y101.400 E5426.6685
G0 F3900 X101.000 Y101.200
;TYPE:GAP-FILL
;WIDTH:0.400
;FLOW:95.0
G1 F3600 X101.000 Y148.800 E5428.5485
;WIDTH:0.468
G1 X101.200 Y149.000 E5428.5616
;WIDTH:0.400
G1 X148.800 Y149.000 E5430.4416
;WIDTH:0.468
G1 X149.000 Y148.800 E5430.4547
;WIDTH:0.400
G1 X149.000 Y101.200 E5432.3347
;WIDTH:0.468
G1 X148.800 Y101.000 E5432.3478
;WIDTH:0.400
G1 X101.200 Y101.000 E5434.2278
;WIDTH:0.468
;WIDTH:0.469
G1 X101.034 Y101.034 E5434.2357
G1 X101.000 Y101.200 E5434.2435
;PRINTING_TIME: 3385
;REMAINING_TIME: 2859
;LAYER:88
;Z:22.250
;HEIGHT:0.250
;FLOW:100.0
;PRINTING: Flow_Calibration_Cube_0.4_mm.stl
;PRINTING_ID: 0
G1 F2400 E5431.2435
G1 F300 Z22.450
G0 F3900 X100.200 Y100.200
G0 F300 Z22.250
;TYPE:WALL-OUTER
;WIDTH:0.400
G1 F300 Z22.250
G1 F1500 E5434.2435
G1 F2100 X149.800 Y100.200 E5436.3056
G1 X149.800 Y149.800 E5438.3678
G1 X100.200 Y149.800 E5440.4299
G1 X100.200 Y100.200 E5442.4920
G1 F2400 E5439.4920
G1 F300 Z22.450
G0 F3900 X101.800 Y101.800
G1 F300 Z22.250
G1 F1500 E5442.4920
G1 F2100 X101.800 Y148.200 E5444.4211
G1 X148.200 Y148.200 E5446.3502
G1 X148.200 Y101.800 E5448.2793
G1 X101.800 Y101.800 E5450.2084
G0 F3900 X100.600 Y100.600
;TYPE:WALL-INNER
;WIDTH:0.400
;FLOW:90.0
G1 F2400 X149.400 Y100.600 E5452.0344
G1 X149.400 Y149.400 E5453.8603
G1 X100.600 Y149.400 E5455.6863
G1 X100.600 Y100.600 E5457.5123
G0 F3900 X101.400 Y101.400
G1 F2400 X101.400 Y148.600 E5459.2784
G1 X148.600 Y148.600 E5461.0445
G1 X148.600 Y101.400 E5462.8106
G1 X101.400 Y101.400 E5464.5768
G0 F3900 X101.000 Y101.200
;TYPE:GAP-FILL
;WIDTH:0.400
;FLOW:95.0
G1 F3600 X101.000 Y148.800 E5466.4568
;WIDTH:0.468
G1 X101.200 Y149.000 E5466.4699
;WIDTH:0.400
G1 X148.800 Y149.000 E5468.3499
;WIDTH:0.468
G1 X149.000 Y148.800 E5468.3630
;WIDTH:0.400
G1 X149.000 Y101.200 E5470.2430
;WIDTH:0.468
G1 X148.800 Y101.000 E5470.2561
;WIDTH:0.400
G1 X101.200 Y101.000 E5472.1361
;WIDTH:0.468
;WIDTH:0.469
G1 X101.034 Y101.034 E5472.1439
G1 X101.000 Y101.200 E5472.1518
;PRINTING_TIME: 3410
;REMAINING_TIME: 2833
;LAYER:89
;Z:22.500
;HEIGHT:0.250
;FLOW:100.0
;PRINTING: Flow_Calibration_Cube_0.4_mm.stl
;PRINTING_ID: 0
G1 F2400 E5469.1518
G1 F300 Z22.700
G0 F3900 X100.200 Y100.200
G0 F300 Z22.500
;TYPE:WALL-OUTER
;WIDTH:0.400
G1 F300 Z22.500
G1 F1500 E5472.1518
G1 F2100 X149.800 Y100.200 E5474.2139
G1 X149.800 Y149.800 E5476.2760
G1 X100.200 Y149.800 E5478.3382
G1 X100.200 Y100.200 E5480.4003
G1 F2400 E5477.4003
G1 F300 Z22.700
G0 F3900 X101.800 Y101.800
G1 F300 Z22.500
G1 F1500 E5480.4003
G1 F2100 X101.800 Y148.200 E5482.3294
G1 X148.200 Y148.200 E5484.2585
G1 X148.200 Y101.800 E5486.1876
G1 X101.800 Y101.800 E5488.1166
G0 F3900 X100.600 Y100.600
;TYPE:WALL-INNER
;WIDTH:0.400
;FLOW:90.0
G1 F2400 X149.400 Y100.600 E5489.9426
G1 X149.400 Y149.400 E5491.7686
G1 X100.600 Y149.400 E5493.5946
G1 X100.600 Y100.600 E5495.4206
G0 F3900 X101.400 Y101.400
G1 F2400 X101.400 Y148.600 E5497.1867
G1 X148.600 Y148.600 E5498.9528
G1 X148.600 Y101.400 E5500.7189
G1 X101.400 Y101.400 E5502.4850
G0 F3900 X101.000 Y101.200
;TYPE:GAP-FILL
;WIDTH:0.400
;FLOW:95.0
G1 F3600 X101.000 Y148.800 E5504.3651
;WIDTH:0.468
G1 X101.200 Y149.000 E5504.3781
;WIDTH:0.400
G1 X148.800 Y149.000 E5506.2582
;WIDTH:0.468
G1 X149.000 Y148.800 E5506.2712
;WIDTH:0.400
G1 X149.000 Y101.200 E5508.1513
;WIDTH:0.468
G1 X148.800 Y101.000 E5508.1643
;WIDTH:0.400
G1 X101.200 Y101.000 E5510.0444
;WIDTH:0.468
;WIDTH:0.469
G1 X101.034 Y101.034 E5510.0522
G1 X101.000 Y101.200 E5510.0600
;PRINTING_TIME: 3436
;REMAINING_TIME: 2808
;LAYER:90
;Z:22.750
;HEIGHT:0.250
;FLOW:100.0
;PRINTING: Flow_Calibration_Cube_0.4_mm.stl
;PRINTING_ID: 0
G1 F2400 E5507.0600
G1 F300 Z22.950
G0 F3900 X100.200 Y100.200
G0 F300 Z22.750
;TYPE:WALL-OUTER
;WIDTH:0.400
G1 F300 Z22.750
G1 F1500 E5510.0600
G1 F2100 X149.800 Y100.200 E5512.1222
G1 X149.800 Y149.800 E5514.1843
G1 X100.200 Y149.800 E5516.2464
G1 X100.200 Y100.200 E5518.3086
G1 F2400 E5515.3086
G1 F300 Z22.950
G0 F3900 X101.800 Y101.800
G1 F300 Z22.750
G1 F1500 E5518.3086
G1 F2100 X101.800 Y148.200 E5520.2377
G1 X148.200 Y148.200 E5522.1667
G1 X148.200 Y101.800 E5524.0958
G1 X101.800 Y101.800 E5526.0249
G0 F3900 X100.600 Y100.600
;TYPE:WALL-INNER
;WIDTH:0.400
;FLOW:90.0
G1 F2400 X149.400 Y100.600 E5527.8509
G1 X149.400 Y149.400 E5529.6769
G1 X100.600 Y149.400 E5531.5029
G1 X100.600 Y100.600 E5533.3288
G0 F3900 X101.400 Y101.400
G1 F2400 X101.400 Y148.600 E5535.0950
G1 X148.600 Y148.600 E5536.8611
G1 X148.600 Y101.400 E5538.6272
G1 X101.400 Y101.400 E5540.3933
G0 F3900 X101.000 Y101.200
;TYPE:GAP-FILL
;WIDTH:0.400
;FLOW:95.0
G1 F3600 X101.000 Y148.800 E5542.2733
;WIDTH:0.468
G1 X101.200 Y149.000 E5542.2864
;WIDTH:0.400
G1 X148.800 Y149.000 E5544.1664
;WIDTH:0.468
G1 X149.000 Y148.800 E5544.1795
;WIDTH:0.400
G1 X149.000 Y101.200 E5546.0595
;WIDTH:0.468
G1 X148.800 Y101.000 E5546.0726
;WIDTH:0.400
G1 X101.200 Y101.000 E5547.9526
;WIDTH:0.468
;WIDTH:0.469
G1 X101.034 Y101.034 E5547.9605
G1 X101.000 Y101.200 E5547.9683
;PRINTING_TIME: 3461
;REMAINING_TIME: 2782
;LAYER:91
;Z:23.000
;HEIGHT:0.250
;FLOW:100.0
;PRINTING: Flow_Calibration_Cube_0.4_mm.stl
;PRINTING_ID: 0
G1 F2400 E5544.9683
G1 F300 Z23.200
G0 F3900 X100.200 Y100.200
G0 F300 Z23.000
;TYPE:WALL-OUTER
;WIDTH:0.400
G1 F300 Z23.000
G1 F1500 E5547.9683
G1 F2100 X149.800 Y100.200 E5550.0304
G1 X149.800 Y149.800 E5552.0926
G1 X100.200 Y149.800 E5554.1547
G1 X100.200 Y100.200 E5556.2168
G1 F2400 E5553.2168
G1 F300 Z23.200
G0 F3900 X101.800 Y101.800
G1 F300 Z23.000
G1 F1500 E5556.2168
G1 F2100 X101.800 Y148.200 E5558.1459
G1 X148.200 Y148.200 E5560.0750
G1 X148.200 Y101.800 E5562.0041
G1 X101.800 Y101.800 E5563.9332
G0 F3900 X100.600 Y100.600
;TYPE:WALL-INNER
;WIDTH:0.400
;FLOW:90.0
G1 F2400 X149.400 Y100.600 E5565.7592
G1 X149.400 Y149.400 E5567.5851
G1 X100.600 Y149.400 E5569.4111
G1 X100.600 Y100.600 E5571.2371
G0 F3900 X101.400 Y101.400
G1 F2400 X101.400 Y148.600 E5573.0032
G1 X148.600 Y148.600 E5574.7693
G1 X148.600 Y101.400 E5576.5354
G1 X101.400 Y101.400 E5578.3016
G0 F3900 X101.000 Y101.200
;TYPE:GAP-FILL
;WIDTH:0.400
;FLOW:95.0
G1 F3600 X101.000 Y148.800 E5580.1816
;WIDTH:0.468
G1 X101.200 Y149.000 E5580.1947
;WIDTH:0.400
G1 X148.800 Y149.000 E5582.0747
;WIDTH:0.468
G1 X149.000 Y148.800 E5582.0878
;WIDTH:0.400
G1 X149.000 Y101.200 E5583.9678
;WIDTH:0.468
G1 X148.800 Y101.000 E5583.9809
;WIDTH:0.400
G1 X101.200 Y101.000 E5585.8609
;WIDTH:0.468
;WIDTH:0.469
G1 X101.034 Y101.034 E5585.8687
G1 X101.000 Y101.200 E5585.8766
;PRINTING_TIME: 3487
;REMAINING_TIME: 2757
;LAYER:92
;Z:23.250
;HEIGHT:0.250
;FLOW:100.0
;PRINTING: Flow_Calibration_Cube_0.4_mm.stl
;PRINTING_ID: 0
G1 F2400 E5582.8766
G1 F300 Z23.450
G0 F3900 X100.200 Y100.200
G0 F300 Z23.250
;TYPE:WALL-OUTER
;WIDTH:0.400
G1 F300 Z23.250
G1 F1500 E5585.8766
G1 F2100 X149.800 Y100.200 E5587.9387
G1 X149.800 Y149.800 E5590.0008
G1 X100.200 Y149.800 E5592.0630
G1 X100.200 Y100.200 E5594.1251
G1 F2400 E5591.1251
G1 F300 Z23.450
G0 F3900 X101.800 Y101.800
G1 F300 Z23.250
G1 F1500 E5594.1251
G1 F2100 X101.800 Y148.200 E5596.0542
G1 X148.200 Y148.200 E5597.9833
G1 X148.200 Y101.800 E5599.9124
G1 X101.800 Y101.800 E5601.8414
G0 F3900 X100.600 Y100.600
;TYPE:WALL-INNER
;WIDTH:0.400
;FLOW:90.0
G1 F2400 X149.400 Y100.600 E5603.6674
G1 X149.400 Y149.400 E5605.4934
G1 X100.600 Y149.400 E5607.3194
G1 X100.600 Y100.600 E5609.1454
G0 F3900 X101.400 Y101.400
G1 F2400 X101.400 Y148.600 E5610.9115
G1 X148.600 Y148.600 E5612.6776
G1 X148.600 Y101.400 E5614.4437
G1 X101.400 Y101.400 E5616.2098
G0 F3900 X101.000 Y101.200
;TYPE:GAP-FILL
;WIDTH:0.400
;FLOW:95.0
G1 F3600 X101.000 Y148.800 E5618.0899
;WIDTH:0.468
G1 X101.200 Y149.000 E5618.1029
;WIDTH:0.400
G1 X148.800 Y149.000 E5619.9830
;WIDTH:0.468
G1 X149.000 Y148.800 E5619.9960
;WIDTH:0.400
G1 X149.000 Y101.200 E5621.8760
;WIDTH:0.468
G1 X148.800 Y101.000 E5621.8891
;WIDTH:0.400
G1 X101.200 Y101.000 E5623.7691
;WIDTH:0.468
;WIDTH:0.469
G1 X101.034 Y101.034 E5623.7770
G1 X101.000 Y101.200 E5623.7848
;PRINTING_TIME: 3512
;REMAINING_TIME: 2731
;LAYER:93
;Z:23.500
;HEIGHT:0.250
;FLOW:100.0
;PRINTING: Flow_Calibration_Cube_0.4_mm.stl
;PRINTING_ID: 0
G1 F2400 E5620.7848
G1 F300 Z23.700
G0 F3900 X100.200 Y100.200
G0 F300 Z23.500
;TYPE:WALL-OUTER
;WIDTH:0.400
G1 F300 Z23.500
G1 F1500 E5623.7848
G1 F2100 X149.800 Y100.200 E5625.8470
G1 X149.800 Y149.800 E5627.9091
G1 X100.200 Y149.800 E5629.9712
G1 X100.200 Y100.200 E5632.0334
G1 F2400 E5629.0334
G1 F300 Z23.700
G0 F3900 X101.800 Y101.800
G1 F300 Z23.500
G1 F1500 E5632.0334
G1 F2100 X101.800 Y148.200 E5633.9624
G1 X148.200 Y148.200 E5635.8915
G1 X148.200 Y101.800 E5637.8206
G1 X101.800 Y101.800 E5639.7497
G0 F3900 X100.600 Y100.600
;TYPE:WALL-INNER
;WIDTH:0.400
;FLOW:90.0
G1 F2400 X149.400 Y100.600 E5641.5757
G1 X149.400 Y149.400 E5643.4017
G1 X100.600 Y149.400 E5645.2277
G1 X100.600 Y100.600 E5647.0536
G0 F3900 X101.400 Y101.400
G1 F2400 X101.400 Y148.600 E5648.8197
G1 X148.600 Y148.600 E5650.5859
G1 X148.600 Y101.400 E5652.3520
G1 X101.400 Y101.400 E5654.1181
G0 F3900 X101.000 Y101.200
;TYPE:GAP-FILL
;WIDTH:0.400
;FLOW:95.0
G1 F3600 X101.000 Y148.800 E5655.9981
;WIDTH:0.468
G1 X101.200 Y149.000 E5656.0112
;WIDTH:0.400
G1 X148.800 Y149.000 E5657.8912
;WIDTH:0.468
G1 X149.000 Y148.800 E5657.9043
;WIDTH:0.400
G1 X149.000 Y101.200 E5659.7843
;WIDTH:0.468
G1 X148.800 Y101.000 E5659.7974
;WIDTH:0.400
G1 X101.200 Y101.000 E5661.6774
;WIDTH:0.468
;WIDTH:0.469
G1 X101.034 Y101.034 E5661.6853
G1 X101.000 Y101.200 E5661.6931
;PRINTING_TIME: 3538
;REMAINING_TIME: 2706
;LAYER:94
;Z:23.750
;HEIGHT:0.250
;FLOW:100.0
;PRINTING: Flow_Calibration_Cube_0.4_mm.stl
;PRINTING_ID: 0
G1 F2400 E5658.6931
G1 F300 Z23.950
G0 F3900 X100.200 Y100.200
G0 F300 Z23.750
;TYPE:WALL-OUTER
;WIDTH:0.400
G1 F300 Z23.750
G1 F1500 E5661.6931
G1 F2100 X149.800 Y100.200 E5663.7552
G1 X149.800 Y149.800 E5665.8174
G1 X100.200 Y149.800 E5667.8795
G1 X100.200 Y100.200 E5669.9416
G1 F2400 E5666.9416
G1 F300 Z23.950
G0 F3900 X101.800 Y101.800
G1 F300 Z23.750
G1 F1500 E5669.9416
G1 F2100 X101.800 Y148.200 E5671.8707
G1 X148.200 Y148.200 E5673.7998
G1 X148.200 Y101.800 E5675.7289
G1 X101.800 Y101.800 E5677.6580
G0 F3900 X100.600 Y100.600
;TYPE:WALL-INNER
;WIDTH:0.400
;FLOW:90.0
G1 F2400 X149.400 Y100.600 E5679.4840
G1 X149.400 Y149.400 E5681.3099
G1 X100.600 Y149.400 E5683.1359
G1 X100.600 Y100.600 E5684.9619
G0 F3900 X101.400 Y101.400
G1 F2400 X101.400 Y148.600 E5686.7280
G1 X148.600 Y148.600 E5688.4941
G1 X148.600 Y101.400 E5690.2602
G1 X101.400 Y101.400 E5692.0264
G0 F3900 X101.000 Y101.200
;TYPE:GAP-FILL
;WIDTH:0.400
;FLOW:95.0
G1 F3600 X101.000 Y148.800 E5693.9064
;WIDTH:0.468
G1 X101.200 Y149.000 E5693.9195
;WIDTH:0.400
G1 X148.800 Y149.000 E5695.7995
;WIDTH:0.468
G1 X149.000 Y148.800 E5695.8126
;WIDTH:0.400
G1 X149.000 Y101.200 E5697.6926
;WIDTH:0.468
G1 X148.800 Y101.000 E5697.7056
;WIDTH:0.400
G1 X101.200 Y101.000 E5699.5857
;WIDTH:0.468
;WIDTH:0.469
G1 X101.034 Y101.034 E5699.5935
G1 X101.000 Y101.200 E5699.6014
;PRINTING_TIME: 3563
;REMAINING_TIME: 2680
;LAYER:95
;Z:24.000
;HEIGHT:0.250
;FLOW:100.0
;PRINTING: Flow_Calibration_Cube_0.4_mm.stl
;PRINTING_ID: 0
G1 F2400 E5696.6014
G1 F300 Z24.200
G0 F3900 X100.200 Y100.200
G0 F300 Z24.000
;TYPE:WALL-OUTER
;WIDTH:0.400
G1 F300 Z24.000
G1 F1500 E5699.6014
G1 F2100 X149.800 Y100.200 E5701.6635
G1 X149.800 Y149.800 E5703.7256
G1 X100.200 Y149.800 E5705.7878
G1 X100.200 Y100.200 E5707.8499
G1 F2400 E5704.8499
G1 F300 Z24.200
G0 F3900 X101.800 Y101.800
G1 F300 Z24.000
G1 F1500 E5707.8499
G1 F2100 X101.800 Y148.200 E5709.7790
G1 X148.200 Y148.200 E5711.7081
G1 X148.200 Y101.800 E5713.6371
G1 X101.800 Y101.800 E5715.5662
G0 F3900 X100.600 Y100.600
;TYPE:WALL-INNER
;WIDTH:0.400
;FLOW:90.0
G1 F2400 X149.400 Y100.600 E5717.3922
G1 X149.400 Y149.400 E5719.2182
G1 X100.600 Y149.400 E5721.0442
G1 X100.600 Y100.600 E5722.8702
G0 F3900 X101.400 Y101.400
G1 F2400 X101.400 Y148.600 E5724.6363
G1 X148.600 Y148.600 E5726.4024
G1 X148.600 Y101.400 E5728.1685
G1 X101.400 Y101.400 E5729.9346
G0 F3900 X101.000 Y101.200
;TYPE:GAP-FILL
;WIDTH:0.400
;FLOW:95.0
G1 F3600 X101.000 Y148.800 E5731.8146
;WIDTH:0.468
G1 X101.200 Y149.000 E5731.8277
;WIDTH:0.400
G1 X148.800 Y149.000 E5733.7077
;WIDTH:0.468
G1 X149.000 Y148.800 E5733.7208
;WIDTH:0.400
G1 X149.000 Y101.200 E5735.6008
;WIDTH:0.468
G1 X148.800 Y101.000 E5735.6139
;WIDTH:0.400
G1 X101.200 Y101.000 E5737.4939
;WIDTH:0.468
;WIDTH:0.469
G1 X101.034 Y101.034 E5737.5018
G1 X101.000 Y101.200 E5737.5096
;PRINTING_TIME: 3589
;REMAINING_TIME: 2655
;LAYER:96
;Z:24.250
;HEIGHT:0.250
;FLOW:100.0
;PRINTING: Flow_Calibration_Cube_0.4_mm.stl
;PRINTING_ID: 0
G1 F2400 E5734.5096
G1 F300 Z24.450
G0 F3900 X100.200 Y100.200
G0 F300 Z24.250
;TYPE:WALL-OUTER
;WIDTH:0.400
G1 F300 Z24.250
G1 F1500 E5737.5096
G1 F2100 X149.800 Y100.200 E5739.5718
G1 X149.800 Y149.800 E5741.6339
G1 X100.200 Y149.800 E5743.6960
G1 X100.200 Y100.200 E5745.7582
G1 F2400 E5742.7582
G1 F300 Z24.450
G0 F3900 X101.800 Y101.800
G1 F300 Z24.250
G1 F1500 E5745.7582
G1 F2100 X101.800 Y148.200 E5747.6872
G1 X148.200 Y148.200 E5749.6163
G1 X148.200 Y101.800 E5751.5454
G1 X101.800 Y101.800 E5753.4745
G0 F3900 X100.600 Y100.600
;TYPE:WALL-INNER
;WIDTH:0.400
;FLOW:90.0
G1 F2400 X149.400 Y100.600 E5755.3005
G1 X149.400 Y149.400 E5757.1265
G1 X100.600 Y149.400 E5758.9524
G1 X100.600 Y100.600 E5760.7784
G0 F3900 X101.400 Y101.400
G1 F2400 X101.400 Y148.600 E5762.5445
G1 X148.600 Y148.600 E5764.3107
G1 X148.600 Y101.400 E5766.0768
G1 X101.400 Y101.400 E5767.8429
G0 F3900 X101.000 Y101.200
;TYPE:GAP-FILL
;WIDTH:0.400
;FLOW:95.0
G1 F3600 X101.000 Y148.800 E5769.7229
;WIDTH:0.468
G1 X101.200 Y149.000 E5769.7360
;WIDTH:0.400
G1 X148.800 Y149.000 E5771.6160
;WIDTH:0.468
G1 X149.000 Y148.800 E5771.6291
;WIDTH:0.400
G1 X149.000 Y101.200 E5773.5091
;WIDTH:0.468
G1 X148.800 Y101.000 E5773.5222
;WIDTH:0.400
G1 X101.200 Y101.000 E5775.4022
;WIDTH:0.468
;WIDTH:0.469
G1 X101.034 Y101.034 E5775.4101
G1 X101.000 Y101.200 E5775.4179
;PRINTING_TIME: 3614
;REMAINING_TIME: 2629
;LAYER:97
;Z:24.500
;HEIGHT:0.250
;FLOW:100.0
;PRINTING: Flow_Calibration_Cube_0.4_mm.stl
;PRINTING_ID: 0
G1 F2400 E5772.4179
G1 F300 Z24.700
G0 F3900 X100.200 Y100.200
G0 F300 Z24.500
;TYPE:WALL-OUTER
;WIDTH:0.400
G1 F300 Z24.500
G1 F1500 E5775.4179
G1 F2100 X149.800 Y100.200 E5777.4800
G1 X149.800 Y149.800 E5779.5422
G1 X100.200 Y149.800 E5781.6043
G1 X100.200 Y100.200 E5783.6664
G1 F2400 E5780.6664
G1 F300 Z24.700
G0 F3900 X101.800 Y101.800
G1 F300 Z24.500
G1 F1500 E5783.6664
G1 F2100 X101.800 Y148.200 E5785.5955
G1 X148.200 Y148.200 E5787.5246
G1 X148.200 Y101.800 E5789.4537
G1 X101.800 Y101.800 E5791.3828
G0 F3900 X100.600 Y100.600
;TYPE:WALL-INNER
;WIDTH:0.400
;FLOW:90.0
G1 F2400 X149.400 Y100.600 E5793.2087
G1 X149.400 Y149.400 E5795.0347
G1 X100.600 Y149.400 E5796.8607
G1 X100.600 Y100.600 E5798.6867
G0 F3900 X101.400 Y101.400
G1 F2400 X101.400 Y148.600 E5800.4528
G1 X148.600 Y148.600 E5802.2189
G1 X148.600 Y101.400 E5803.9850
G1 X101.400 Y101.400 E5805.7511
G0 F3900 X101.000 Y101.200
;TYPE:GAP-FILL
;WIDTH:0.400
;FLOW:95.0
G1 F3600 X101.000 Y148.800 E5807.6312
;WIDTH:0.468
G1 X101.200 Y149.000 E5807.6442
;WIDTH:0.400
G1 X148.800 Y149.000 E5809.5243
;WIDTH:0.468
G1 X149.000 Y148.800 E5809.5373
;WIDTH:0.400
G1 X149.000 Y101.200 E5811.4174
;WIDTH:0.468
G1 X148.800 Y101.000 E5811.4304
;WIDTH:0.400
G1 X101.200 Y101.000 E5813.3105
;WIDTH:0.468
;WIDTH:0.469
G1 X101.034 Y101.034 E5813.3183
G1 X101.000 Y101.200 E5813.3262
;PRINTING_TIME: 3640
;REMAINING_TIME: 2603
;LAYER:98
;Z:24.750
;HEIGHT:0.250
;FLOW:100.0
;PRINTING: Flow_Calibration_Cube_0.4_mm.stl
;PRINTING_ID: 0
G1 F2400 E5810.3262
G1 F300 Z24.950
G0 F3900 X100.200 Y100.200
G0 F300 Z24.750
;TYPE:WALL-OUTER
;WIDTH:0.400
G1 F300 Z24.750
G1 F1500 E5813.3262
G1 F2100 X149.800 Y100.200 E5815.3883
G1 X149.800 Y149.800 E5817.4504
G1 X100.200 Y149.800 E5819.5126
G1 X100.200 Y100.200 E5821.5747
G1 F2400 E5818.5747
G1 F300 Z24.950
G0 F3900 X101.800 Y101.800
G1 F300 Z24.750
G1 F1500 E5821.5747
G1 F2100 X101.800 Y148.200 E5823.5038
G1 X148.200 Y148.200 E5825.4329
G1 X148.200 Y101.800 E5827.3619
G1 X101.800 Y101.800 E5829.2910
G0 F3900 X100.600 Y100.600
;TYPE:WALL-INNER
;WIDTH:0.400
;FLOW:90.0
G1 F2400 X149.400 Y100.600 E5831.1170
G1 X149.400 Y149.400 E5832.9430
G1 X100.600 Y149.400 E5834.7690
G1 X100.600 Y100.600 E5836.5950
G0 F3900 X101.400 Y101.400
G1 F2400 X101.400 Y148.600 E5838.3611
G1 X148.600 Y148.600 E5840.1272
G1 X148.600 Y101.400 E5841.8933
G1 X101.400 Y101.400 E5843.6594
G0 F3900 X101.000 Y101.200
;TYPE:GAP-FILL
;WIDTH:0.400
;FLOW:95.0
G1 F3600 X101.000 Y148.800 E5845.5394
;WIDTH:0.468
G1 X101.200 Y149.000 E5845.5525
;WIDTH:0.400
G1 X148.800 Y149.000 E5847.4325
;WIDTH:0.468
G1 X149.000 Y148.800 E5847.4456
;WIDTH:0.400
G1 X149.000 Y101.200 E5849.3256
;WIDTH:0.468
G1 X148.800 Y101.000 E5849.3387
;WIDTH:0.400
G1 X101.200 Y101.000 E5851.2187
;WIDTH:0.468
;WIDTH:0.469
G1 X101.034 Y101.034 E5851.2266
G1 X101.000 Y101.200 E5851.2344
;PRINTING_TIME: 3665
;REMAINING_TIME: 2578
;LAYER:99
;Z:25.000
;HEIGHT:0.250
;FLOW:100.0
;PRINTING: Flow_Calibration_Cube_0.4_mm.stl
;PRINTING_ID: 0
G1 F2400 E5848.2344
G1 F300 Z25.200
G0 F3900 X100.200 Y100.200
G0 F300 Z25.000
;TYPE:WALL-OUTER
;WIDTH:0.400
G1 F300 Z25.000
G1 F1500 E5851.2344
G1 F2100 X149.800 Y100.200 E5853.2966
G1 X149.800 Y149.800 E5855.3587
G1 X100.200 Y149.800 E5857.4208
G1 X100.200 Y100.200 E5859.4829
G1 F2400 E5856.4829
G1 F300 Z25.200
G0 F3900 X101.800 Y101.800
G1 F300 Z25.000
G1 F1500 E5859.4829
G1 F2100 X101.800 Y148.200 E5861.4120
G1 X148.200 Y148.200 E5863.3411
G1 X148.200 Y101.800 E5865.2702
G1 X101.800 Y101.800 E5867.1993
G0 F3900 X100.600 Y100.600
;TYPE:WALL-INNER
;WIDTH:0.400
;FLOW:90.0
G1 F2400 X149.400 Y100.600 E5869.0253
G1 X149.400 Y149.400 E5870.8513
G1 X100.600 Y149.400 E5872.6772
G1 X100.600 Y100.600 E5874.5032
G0 F3900 X101.400 Y101.400
G1 F2400 X101.400 Y148.600 E5876.2693
G1 X148.600 Y148.600 E5878.0354
G1 X148.600 Y101.400 E5879.8016
G1 X101.400 Y101.400 E5881.5677
G0 F3900 X101.000 Y101.200
;TYPE:GAP-FILL
;WIDTH:0.400
;FLOW:95.0
G1 F3600 X101.000 Y148.800 E5883.4477
;WIDTH:0.468
G1 X101.200 Y149.000 E5883.4608
;WIDTH:0.400
G1 X148.800 Y149.000 E5885.3408
;WIDTH:0.468
G1 X149.000 Y148.800 E5885.3539
;WIDTH:0.400
G1 X149.000 Y101.200 E5887.2339
;WIDTH:0.468
G1 X148.800 Y101.000 E5887.2470
;WIDTH:0.400
G1 X101.200 Y101.000 E5889.1270
;WIDTH:0.468
;WIDTH:0.469
G1 X101.034 Y101.034 E5889.1348
G1 X101.000 Y101.200 E5889.1427
;PRINTING_TIME: 3691
;REMAINING_TIME: 2552
;LAYER:100
;Z:25.250
;HEIGHT:0.250
;FLOW:100.0
;PRINTING: Flow_Calibration_Cube_0.4_mm.stl
;PRINTING_ID: 0
G1 F2400 E5886.1427
G1 F300 Z25.450
G0 F3900 X100.200 Y100.200
G0 F300 Z25.250
;TYPE:WALL-OUTER
;WIDTH:0.400
G1 F300 Z25.250
G1 F1500 E5889.1427
G1 F2100 X149.800 Y100.200 E5891.2048
G1 X149.800 Y149.800 E5893.2670
G1 X100.200 Y149.800 E5895.3291
G1 X100.200 Y100.200 E5897.3912
G1 F2400 E5894.3912
G1 F300 Z25.450
G0 F3900 X101.800 Y101.800
G1 F300 Z25.250
G1 F1500 E5897.3912
G1 F2100 X101.800 Y148.200 E5899.3203
G1 X148.200 Y148.200 E5901.2494
G1 X148.200 Y101.800 E5903.1785
G1 X101.800 Y101.800 E5905.1076
G0 F3900 X100.600 Y100.600
;TYPE:WALL-INNER
;WIDTH:0.400
;FLOW:90.0
G1 F2400 X149.400 Y100.600 E5906.9335
G1 X149.400 Y149.400 E5908.7595
G1 X100.600 Y149.400 E5910.5855
G1 X100.600 Y100.600 E5912.4115
G0 F3900 X101.400 Y101.400
G1 F2400 X101.400 Y148.600 E5914.1776
G1 X148.600 Y148.600 E5915.9437
G1 X148.600 Y101.400 E5917.7098
G1 X101.400 Y101.400 E5919.4759
G0 F3900 X101.000 Y101.200
;TYPE:GAP-FILL
;WIDTH:0.400
;FLOW:95.0
G1 F3600 X101.000 Y148.800 E5921.3560
;WIDTH:0.468
G1 X101.200 Y149.000 E5921.3690
;WIDTH:0.400
G1 X148.800 Y149.000 E5923.2491
;WIDTH:0.468
G1 X149.000 Y148.800 E5923.2621
;WIDTH:0.400
G1 X149.000 Y101.200 E5925.1422
;WIDTH:0.468
G1 X148.800 Y101.000 E5925.1552
;WIDTH:0.400
G1 X101.200 Y101.000 E5927.0353
;WIDTH:0.468
;WIDTH:0.469
G1 X101.034 Y101.034 E5927.0431
G1 X101.000 Y101.200 E5927.0510
;PRINTING_TIME: 3716
;REMAINING_TIME: 2527
;LAYER:101
;Z:25.500
;HEIGHT:0.250
;FLOW:100.0
;PRINTING: Flow_Calibration_Cube_0.4_mm.stl
;PRINTING_ID: 0
G1 F2400 E5924.0510
G1 F300 Z25.700
G0 F3900 X100.200 Y100.200
G0 F300 Z25.500
;TYPE:WALL-OUTER
;WIDTH:0.400
G1 F300 Z25.500
G1 F1500 E5927.0510
G1 F2100 X149.800 Y100.200 E5929.1131
G1 X149.800 Y149.800 E5931.1752
G1 X100.200 Y149.800 E5933.2373
G1 X100.200 Y100.200 E5935.2995
G1 F2400 E5932.2995
G1 F300 Z25.700
G0 F3900 X101.800 Y101.800
G1 F300 Z25.500
G1 F1500 E5935.2995
G1 F2100 X101.800 Y148.200 E5937.2286
G1 X148.200 Y148.200 E5939.1577
G1 X148.200 Y101.800 E5941.0867
G1 X101.800 Y101.800 E5943.0158
G0 F3900 X100.600 Y100.600
;TYPE:WALL-INNER
;WIDTH:0.400
;FLOW:90.0
G1 F2400 X149.400 Y100.600 E5944.8418
G1 X149.400 Y149.400 E5946.6678
G1 X100.600 Y149.400 E5948.4938
G1 X100.600 Y100.600 E5950.3198
G0 F3900 X101.400 Y101.400
G1 F2400 X101.400 Y148.600 E5952.0859
G1 X148.600 Y148.600 E5953.8520
G1 X148.600 Y101.400 E5955.6181
G1 X101.400 Y101.400 E5957.3842
G0 F3900 X101.000 Y101.200
;TYPE:GAP-FILL
;WIDTH:0.400
;FLOW:95.0
G1 F3600 X101.000 Y148.800 E5959.2642
;WIDTH:0.468
G1 X101.200 Y149.000 E5959.2773
;WIDTH:0.400
G1 X148.800 Y149.000 E5961.1573
;WIDTH:0.468
G1 X149.000 Y148.800 E5961.1704
;WIDTH:0.400
G1 X149.000 Y101.200 E5963.0504
;WIDTH:0.468
G1 X148.800 Y101.000 E5963.0635
;WIDTH:0.400
G1 X101.200 Y101.000 E5964.9435
;WIDTH:0.468
;WIDTH:0.469
G1 X101.034 Y101.034 E5964.9514
G1 X101.000 Y101.200 E5964.9592
;PRINTING_TIME: 3742
;REMAINING_TIME: 2501
;LAYER:102
;Z:25.750
;HEIGHT:0.250
;FLOW:100.0
;PRINTING: Flow_Calibration_Cube_0.4_mm.stl
;PRINTING_ID: 0
G1 F2400 E5961.9592
G1 F300 Z25.950
G0 F3900 X100.200 Y100.200
G0 F300 Z25.750
;TYPE:WALL-OUTER
;WIDTH:0.400
G1 F300 Z25.750
G1 F1500 E5964.9592
G1 F2100 X149.800 Y100.200 E5967.0214
G1 X149.800 Y149.800 E5969.0835
G1 X100.200 Y149.800 E5971.1456
G1 X100.200 Y100.200 E5973.2077
G1 F2400 E5970.2077
G1 F300 Z25.950
G0 F3900 X101.800 Y101.800
G1 F300 Z25.750
G1 F1500 E5973.2077
G1 F2100 X101.800 Y148.200 E5975.1368
G1 X148.200 Y148.200 E5977.0659
G1 X148.200 Y101.800 E5978.9950
G1 X101.800 Y101.800 E5980.9241
G0 F3900 X100.600 Y100.600
;TYPE:WALL-INNER
;WIDTH:0.400
;FLOW:90.0
G1 F2400 X149.400 Y100.600 E5982.7501
G1 X149.400 Y149.400 E5984.5761
G1 X100.600 Y149.400 E5986.4020
G1 X100.600 Y100.600 E5988.2280
G0 F3900 X101.400 Y101.400
G1 F2400 X101.400 Y148.600 E5989.9941
G1 X148.600 Y148.600 E5991.7602
G1 X148.600 Y101.400 E5993.5264
G1 X101.400 Y101.400 E5995.2925
G0 F3900 X101.000 Y101.200
;TYPE:GAP-FILL
;WIDTH:0.400
;FLOW:95.0
G1 F3600 X101.000 Y148.800 E5997.1725
;WIDTH:0.468
G1 X101.200 Y149.000 E5997.1856
;WIDTH:0.400
G1 X148.800 Y149.000 E5999.0656
;WIDTH:0.468
G1 X149.000 Y148.800 E5999.0787
;WIDTH:0.400
G1 X149.000 Y101.200 E6000.9587
;WIDTH:0.468
G1 X148.800 Y101.000 E6000.9718
;WIDTH:0.400
G1 X101.200 Y101.000 E6002.8518
;WIDTH:0.468
;WIDTH:0.469
G1 X101.034 Y101.034 E6002.8596
G1 X101.000 Y101.200 E6002.8675
;PRINTING_TIME: 3768
;REMAINING_TIME: 2476
;LAYER:103
;Z:26.000
;HEIGHT:0.250
;FLOW:100.0
;PRINTING: Flow_Calibration_Cube_0.4_mm.stl
;PRINTING_ID: 0
G1 F2400 E5999.8675
G1 F300 Z26.200
G0 F3900 X100.200 Y100.200
G0 F300 Z26.000
;TYPE:WALL-OUTER
;WIDTH:0.400
G1 F300 Z26.000
G1 F1500 E6002.8675
G1 F2100 X149.800 Y100.200 E6004.9296
G1 X149.800 Y149.800 E6006.9917
G1 X100.200 Y149.800 E6009.0539
G1 X100.200 Y100.200 E6011.1160
G1 F2400 E6008.1160
G1 F300 Z26.200
G0 F3900 X101.800 Y101.800
G1 F300 Z26.000
G1 F1500 E6011.1160
G1 F2100 X101.800 Y148.200 E6013.0451
G1 X148.200 Y148.200 E6014.9742
G1 X148.200 Y101.800 E6016.9033
G1 X101.800 Y101.800 E6018.8324
G0 F3900 X100.600 Y100.600
;TYPE:WALL-INNER
;WIDTH:0.400
;FLOW:90.0
G1 F2400 X149.400 Y100.600 E6020.6583
G1 X149.400 Y149.400 E6022.4843
G1 X100.600 Y149.400 E6024.3103
G1 X100.600 Y100.600 E6026.1363
G0 F3900 X101.400 Y101.400
G1 F2400 X101.400 Y148.600 E6027.9024
G1 X148.600 Y148.600 E6029.6685
G1 X148.600 Y101.400 E6031.4346
G1 X101.400 Y101.400 E6033.2007
G0 F3900 X101.000 Y101.200
;TYPE:GAP-FILL
;WIDTH:0.400
;FLOW:95.0
G1 F3600 X101.000 Y148.800 E6035.0808
;WIDTH:0.468
G1 X101.200 Y149.000 E6035.0938
;WIDTH:0.400
G1 X148.800 Y149.000 E6036.9739
;WIDTH:0.468
G1 X149.000 Y148.800 E6036.9869
;WIDTH:0.400
G1 X149.000 Y101.200 E6038.8670
;WIDTH:0.468
G1 X148.800 Y101.000 E6038.8800
;WIDTH:0.400
G1 X101.200 Y101.000 E6040.7601
;WIDTH:0.468
;WIDTH:0.469
G1 X101.034 Y101.034 E6040.7679
G1 X101.000 Y101.200 E6040.7758
;PRINTING_TIME: 3793
;REMAINING_TIME: 2450
;LAYER:104
;Z:26.250
;HEIGHT:0.250
;FLOW:100.0
;PRINTING: Flow_Calibration_Cube_0.4_mm.stl
;PRINTING_ID: 0
G1 F2400 E6037.7758
G1 F300 Z26.450
G0 F3900 X100.200 Y100.200
G0 F300 Z26.250
;TYPE:WALL-OUTER
;WIDTH:0.400
G1 F300 Z26.250
G1 F1500 E6040.7758
G1 F2100 X149.800 Y100.200 E6042.8379
G1 X149.800 Y149.800 E6044.9000
G1 X100.200 Y149.800 E6046.9621
G1 X100.200 Y100.200 E6049.0243
G1 F2400 E6046.0243
G1 F300 Z26.450
G0 F3900 X101.800 Y101.800
G1 F300 Z26.250
G1 F1500 E6049.0243
G1 F2100 X101.800 Y148.200 E6050.9534
G1 X148.200 Y148.200 E6052.8824
G1 X148.200 Y101.800 E6054.8115
G1 X101.800 Y101.800 E6056.7406
G0 F3900 X100.600 Y100.600
;TYPE:WALL-INNER
;WIDTH:0.400
;FLOW:90.0
G1 F2400 X149.400 Y100.600 E6058.5666
G1 X149.400 Y149.400 E6060.3926
G1 X100.600 Y149.400 E6062.2186
G1 X100.600 Y100.600 E6064.0445
G0 F3900 X101.400 Y101.400
G1 F2400 X101.400 Y148.600 E6065.8107
G1 X148.600 Y148.600 E6067.5768
G1 X148.600 Y101.400 E6069.3429
G1 X101.400 Y101.400 E6071.1090
G0 F3900 X101.000 Y101.200
;TYPE:GAP-FILL
;WIDTH:0.400
;FLOW:95.0
G1 F3600 X101.000 Y148.800 E6072.9890
;WIDTH:0.468
G1 X101.200 Y149.000 E6073.0021
;WIDTH:0.400
G1 X148.800 Y149.000 E6074.8821
;WIDTH:0.468
G1 X149.000 Y148.800 E6074.8952
;WIDTH:0.400
G1 X149.000 Y101.200 E6076.7752
;WIDTH:0.468
G1 X148.800 Y101.000 E6076.7883
;WIDTH:0.400
G1 X101.200 Y101.000 E6078.6683
;WIDTH:0.468
;WIDTH:0.469
G1 X101.034 Y101.034 E6078.6762
G1 X101.000 Y101.200 E6078.6840
;PRINTING_TIME: 3819
;REMAINING_TIME: 2425
;LAYER:105
;Z:26.500
;HEIGHT:0.250
;FLOW:100.0
;PRINTING: Flow_Calibration_Cube_0.4_mm.stl
;PRINTING_ID: 0
G1 F2400 E6075.6840
G1 F300 Z26.700
G0 F3900 X100.200 Y100.200
G0 F300 Z26.500
;TYPE:WALL-OUTER
;WIDTH:0.400
G1 F300 Z26.500
G1 F1500 E6078.6840
G1 F2100 X149.800 Y100.200 E6080.7461
G1 X149.800 Y149.800 E6082.8083
G1 X100.200 Y149.800 E6084.8704
G1 X100.200 Y100.200 E6086.9325
G1 F2400 E6083.9325
G1 F300 Z26.700
G0 F3900 X101.800 Y101.800
G1 F300 Z26.500
G1 F1500 E6086.9325
G1 F2100 X101.800 Y148.200 E6088.8616
G1 X148.200 Y148.200 E6090.7907
G1 X148.200 Y101.800 E6092.7198
G1 X101.800 Y101.800 E6094.6489
G0 F3900 X100.600 Y100.600
;TYPE:WALL-INNER
;WIDTH:0.400
;FLOW:90.0
G1 F2400 X149.400 Y100.600 E6096.4749
G1 X149.400 Y149.400 E6098.3008
G1 X100.600 Y149.400 E6100.1268
G1 X100.600 Y100.600 E6101.9528
G0 F3900 X101.400 Y101.400
G1 F2400 X101.400 Y148.600 E6103.7189
G1 X148.600 Y148.600 E6105.4850
G1 X148.600 Y101.400 E6107.2512
G1 X101.400 Y101.400 E6109.0173
G0 F3900 X101.000 Y101.200
;TYPE:GAP-FILL
;WIDTH:0.400
;FLOW:95.0
G1 F3600 X101.000 Y148.800 E6110.8973
;WIDTH:0.468
G1 X101.200 Y149.000 E6110.9104
;WIDTH:0.400
G1 X148.800 Y149.000 E6112.7904
;WIDTH:0.468
G1 X149.000 Y148.800 E6112.8035
;WIDTH:0.400
G1 X149.000 Y101.200 E6114.6835
;WIDTH:0.468
G1 X148.800 Y101.000 E6114.6966
;WIDTH:0.400
G1 X101.200 Y101.000 E6116.5766
;WIDTH:0.468
;WIDTH:0.469
G1 X101.034 Y101.034 E6116.5844
G1 X101.000 Y101.200 E6116.5923
;PRINTING_TIME: 3844
;REMAINING_TIME: 2399
;LAYER:106
;Z:26.750
;HEIGHT:0.250
;FLOW:100.0
;PRINTING: Flow_Calibration_Cube_0.4_mm.stl
;PRINTING_ID: 0
G1 F2400 E6113.5923
G1 F300 Z26.950
G0 F3900 X100.200 Y100.200
G0 F300 Z26.750
;TYPE:WALL-OUTER
;WIDTH:0.400
G1 F300 Z26.750
G1 F1500 E6116.5923
G1 F2100 X149.800 Y100.200 E6118.6544
G1 X149.800 Y149.800 E6120.7165
G1 X100.200 Y149.800 E6122.7787
G1 X100.200 Y100.200 E6124.8408
G1 F2400 E6121.8408
G1 F300 Z26.950
G0 F3900 X101.800 Y101.800
G1 F300 Z26.750
G1 F1500 E6124.8408
G1 F2100 X101.800 Y148.200 E6126.7699
G1 X148.200 Y148.200 E6128.6990
G1 X148.200 Y101.800 E6130.6281
G1 X101.800 Y101.800 E6132.5572
G0 F3900 X100.600 Y100.600
;TYPE:WALL-INNER
;WIDTH:0.400
;FLOW:90.0
G1 F2400 X149.400 Y100.600 E6134.3831
G1 X149.400 Y149.400 E6136.2091
G1 X100.600 Y149.400 E6138.0351
G1 X100.600 Y100.600 E6139.8611
G0 F3900 X101.400 Y101.400
G1 F2400 X101.400 Y148.600 E6141.6272
G1 X148.600 Y148.600 E6143.3933
G1 X148.600 Y101.400 E6145.1594
G1 X101.400 Y101.400 E6146.9255
G0 F3900 X101.000 Y101.200
;TYPE:GAP-FILL
;WIDTH:0.400
;FLOW:95.0
G1 F3600 X101.000 Y148.800 E6148.8056
;WIDTH:0.468
G1 X101.200 Y149.000 E6148.8186
;WIDTH:0.400
G1 X148.800 Y149.000 E6150.6987
;WIDTH:0.468
G1 X149.000 Y148.800 E6150.7117
;WIDTH:0.400
G1 X149.000 Y101.200 E6152.5918
;WIDTH:0.468
G1 X148.800 Y101.000 E6152.6048
;WIDTH:0.400
G1 X101.200 Y101.000 E6154.4849
;WIDTH:0.468
;WIDTH:0.469
G1 X101.034 Y101.034 E6154.4927
G1 X101.000 Y101.200 E6154.5006
;PRINTING_TIME: 3870
;REMAINING_TIME: 2374
;LAYER:107
;Z:27.000
;HEIGHT:0.250
;FLOW:100.0
;PRINTING: Flow_Calibration_Cube_0.4_mm.stl
;PRINTING_ID: 0
G1 F2400 E6151.5006
G1 F300 Z27.200
G0 F3900 X100.200 Y100.200
G0 F300 Z27.000
;TYPE:WALL-OUTER
;WIDTH:0.400
G1 F300 Z27.000
G1 F1500 E6154.5006
G1 F2100 X149.800 Y100.200 E6156.5627
G1 X149.800 Y149.800 E6158.6248
G1 X100.200 Y149.800 E6160.6869
G1 X100.200 Y100.200 E6162.7491
G1 F2400 E6159.7491
G1 F300 Z27.200
G0 F3900 X101.800 Y101.800
G1 F300 Z27.000
G1 F1500 E6162.7491
G1 F2100 X101.800 Y148.200 E6164.6782
G1 X148.200 Y148.200 E6166.6072
G1 X148.200 Y101.800 E6168.5363
G1 X101.800 Y101.800 E6170.4654
G0 F3900 X100.600 Y100.600
;TYPE:WALL-INNER
;WIDTH:0.400
;FLOW:90.0
G1 F2400 X149.400 Y100.600 E6172.2914
G1 X149.400 Y149.400 E6174.1174
G1 X100.600 Y149.400 E6175.9434
G1 X100.600 Y100.600 E6177.7693
G0 F3900 X101.400 Y101.400
G1 F2400 X101.400 Y148.600 E6179.5355
G1 X148.600 Y148.600 E6181.3016
G1 X148.600 Y101.400 E6183.0677
G1 X101.400 Y101.400 E6184.8338
G0 F3900 X101.000 Y101.200
;TYPE:GAP-FILL
;WIDTH:0.400
;FLOW:95.0
G1 F3600 X101.000 Y148.800 E6186.7138
;WIDTH:0.468
G1 X101.200 Y149.000 E6186.7269
;WIDTH:0.400
G1 X148.800 Y149.000 E6188.6069
;WIDTH:0.468
G1 X149.000 Y148.800 E6188.6200
;WIDTH:0.400
G1 X149.000 Y101.200 E6190.5000
;WIDTH:0.468
G1 X148.800 Y101.000 E6190.5131
;WIDTH:0.400
G1 X101.200 Y101.000 E6192.3931
;WIDTH:0.468
;WIDTH:0.469
G1 X101.034 Y101.034 E6192.4010
G1 X101.000 Y101.200 E6192.4088
;PRINTING_TIME: 3895
;REMAINING_TIME: 2348
;LAYER:108
;Z:27.250
;HEIGHT:0.250
;FLOW:100.0
;PRINTING: Flow_Calibration_Cube_0.4_mm.stl
;PRINTING_ID: 0
G1 F2400 E6189.4088
G1 F300 Z27.450
G0 F3900 X100.200 Y100.200
G0 F300 Z27.250
;TYPE:WALL-OUTER
;WIDTH:0.400
G1 F300 Z27.250
G1 F1500 E6192.4088
G1 F2100 X149.800 Y100.200 E6194.4709
G1 X149.800 Y149.800 E6196.5331
G1 X100.200 Y149.800 E6198.5952
G1 X100.200 Y100.200 E6200.6573
G1 F2400 E6197.6573
G1 F300 Z27.450
G0 F3900 X101.800 Y101.800
G1 F300 Z27.250
G1 F1500 E6200.6573
G1 F2100 X101.800 Y148.200 E6202.5864
G1 X148.200 Y148.200 E6204.5155
G1 X148.200 Y101.800 E6206.4446
G1 X101.800 Y101.800 E6208.3737
G0 F3900 X100.600 Y100.600
;TYPE:WALL-INNER
;WIDTH:0.400
;FLOW:90.0
G1 F2400 X149.400 Y100.600 E6210.1997
G1 X149.400 Y149.400 E6212.0256
G1 X100.600 Y149.400 E6213.8516
G1 X100.600 Y100.600 E6215.6776
G0 F3900 X101.400 Y101.400
G1 F2400 X101.400 Y148.600 E6217.4437
G1 X148.600 Y148.600 E6219.2098
G1 X148.600 Y101.400 E6220.9759
G1 X101.400 Y101.400 E6222.7421
G0 F3900 X101.000 Y101.200
;TYPE:GAP-FILL
;WIDTH:0.400
;FLOW:95.0
G1 F3600 X101.000 Y148.800 E6224.6221
;WIDTH:0.468
G1 X101.200 Y149.000 E6224.6352
;WIDTH:0.400
G1 X148.800 Y149.000 E6226.5152
;WIDTH:0.468
G1 X149.000 Y148.800 E6226.5283
;WIDTH:0.400
G1 X149.000 Y101.200 E6228.4083
;WIDTH:0.468
G1 X148.800 Y101.000 E6228.4214
;WIDTH:0.400
G1 X101.200 Y101.000 E6230.3014
;WIDTH:0.468
;WIDTH:0.469
G1 X101.034 Y101.034 E6230.3092
G1 X101.000 Y101.200 E6230.3171
;PRINTING_TIME: 3921
;REMAINING_TIME: 2323
;LAYER:109
;Z:27.500
;HEIGHT:0.250
;FLOW:100.0
;PRINTING: Flow_Calibration_Cube_0.4_mm.stl
;PRINTING_ID: 0
G1 F2400 E6227.3171
G1 F300 Z27.700
G0 F3900 X100.200 Y100.200
G0 F300 Z27.500
;TYPE:WALL-OUTER
;WIDTH:0.400
G1 F300 Z27.500
G1 F1500 E6230.3171
G1 F2100 X149.800 Y100.200 E6232.3792
G1 X149.800 Y149.800 E6234.4413
G1 X100.200 Y149.800 E6236.5035
G1 X100.200 Y100.200 E6238.5656
G1 F2400 E6235.5656
G1 F300 Z27.700
G0 F3900 X101.800 Y101.800
G1 F300 Z27.500
G1 F1500 E6238.5656
G1 F2100 X101.800 Y148.200 E6240.4947
G1 X148.200 Y148.200 E6242.4238
G1 X148.200 Y101.800 E6244.3529
G1 X101.800 Y101.800 E6246.2819
G0 F3900 X100.600 Y100.600
;TYPE:WALL-INNER
;WIDTH:0.400
;FLOW:90.0
G1 F2400 X149.400 Y100.600 E6248.1079
G1 X149.400 Y149.400 E6249.9339
G1 X100.600 Y149.400 E6251.7599
G1 X100.600 Y100.600 E6253.5859
G0 F3900 X101.400 Y101.400
G1 F2400 X101.400 Y148.600 E6255.3520
G1 X148.600 Y148.600 E6257.1181
G1 X148.600 Y101.400 E6258.8842
G1 X101.400 Y101.400 E6260.6503
G0 F3900 X101.000 Y101.200
;TYPE:GAP-FILL
;WIDTH:0.400
;FLOW:95.0
G1 F3600 X101.000 Y148.800 E6262.5304
;WIDTH:0.468
G1 X101.200 Y149.000 E6262.5434
;WIDTH:0.400
G1 X148.800 Y149.000 E6264.4235
;WIDTH:0.468
G1 X149.000 Y148.800 E6264.4365
;WIDTH:0.400
G1 X149.000 Y101.200 E6266.3166
;WIDTH:0.468
G1 X148.800 Y101.000 E6266.3296
;WIDTH:0.400
G1 X101.200 Y101.000 E6268.2097
;WIDTH:0.468
;WIDTH:0.469
G1 X101.034 Y101.034 E6268.2175
G1 X101.000 Y101.200 E6268.2253
;PRINTING_TIME: 3946
;REMAINING_TIME: 2297
;LAYER:110
;Z:27.750
;HEIGHT:0.250
;FLOW:100.0
;PRINTING: Flow_Calibration_Cube_0.4_mm.stl
;PRINTING_ID: 0
G1 F2400 E6265.2253
G1 F300 Z27.950
G0 F3900 X100.200 Y100.200
G0 F300 Z27.750
;TYPE:WALL-OUTER
;WIDTH:0.400
G1 F300 Z27.750
G1 F1500 E6268.2253
G1 F2100 X149.800 Y100.200 E6270.2875
G1 X149.800 Y149.800 E6272.3496
G1 X100.200 Y149.800 E6274.4117
G1 X100.200 Y100.200 E6276.4739
G1 F2400 E6273.4739
G1 F300 Z27.950
G0 F3900 X101.800 Y101.800
G1 F300 Z27.750
G1 F1500 E6276.4739
G1 F2100 X101.800 Y148.200 E6278.4029
G1 X148.200 Y148.200 E6280.3320
G1 X148.200 Y101.800 E6282.2611
G1 X101.800 Y101.800 E6284.1902
G0 F3900 X100.600 Y100.600
;TYPE:WALL-INNER
;WIDTH:0.400
;FLOW:90.0
G1 F2400 X149.400 Y100.600 E6286.0162
G1 X149.400 Y149.400 E6287.8422
G1 X100.600 Y149.400 E6289.6682
G1 X100.600 Y100.600 E6291.4941
G0 F3900 X101.400 Y101.400
G1 F2400 X101.400 Y148.600 E6293.2602
G1 X148.600 Y148.600 E6295.0264
G1 X148.600 Y101.400 E6296.7925
G1 X101.400 Y101.400 E6298.5586
G0 F3900 X101.000 Y101.200
;TYPE:GAP-FILL
;WIDTH:0.400
;FLOW:95.0
G1 F3600 X101.000 Y148.800 E6300.4386
;WIDTH:0.468
G1 X101.200 Y149.000 E6300.4517
;WIDTH:0.400
G1 X148.800 Y149.000 E6302.3317
;WIDTH:0.468
G1 X149.000 Y148.800 E6302.3448
;WIDTH:0.400
G1 X149.000 Y101.200 E6304.2248
;WIDTH:0.468
G1 X148.800 Y101.000 E6304.2379
;WIDTH:0.400
G1 X101.200 Y101.000 E6306.1179
;WIDTH:0.468
;WIDTH:0.469
G1 X101.034 Y101.034 E6306.1258
G1 X101.000 Y101.200 E6306.1336
;PRINTING_TIME: 3972
;REMAINING_TIME: 2272
;LAYER:111
;Z:28.000
;HEIGHT:0.250
;FLOW:100.0
;PRINTING: Flow_Calibration_Cube_0.4_mm.stl
;PRINTING_ID: 0
G1 F2400 E6303.1336
G1 F300 Z28.200
G0 F3900 X100.200 Y100.200
G0 F300 Z28.000
;TYPE:WALL-OUTER
;WIDTH:0.400
G1 F300 Z28.000
G1 F1500 E6306.1336
G1 F2100 X149.800 Y100.200 E6308.1957
G1 X149.800 Y149.800 E6310.2579
G1 X100.200 Y149.800 E6312.3200
G1 X100.200 Y100.200 E6314.3821
G1 F2400 E6311.3821
G1 F300 Z28.200
G0 F3900 X101.800 Y101.800
G1 F300 Z28.000
G1 F1500 E6314.3821
G1 F2100 X101.800 Y148.200 E6316.3112
G1 X148.200 Y148.200 E6318.2403
G1 X148.200 Y101.800 E6320.1694
G1 X101.800 Y101.800 E6322.0985
G0 F3900 X100.600 Y100.600
;TYPE:WALL-INNER
;WIDTH:0.400
;FLOW:90.0
G1 F2400 X149.400 Y100.600 E6323.9245
G1 X149.400 Y149.400 E6325.7504
G1 X100.600 Y149.400 E6327.5764
G1 X100.600 Y100.600 E6329.4024
G0 F3900 X101.400 Y101.400
G1 F2400 X101.400 Y148.600 E6331.1685
G1 X148.600 Y148.600 E6332.9346
G1 X148.600 Y101.400 E6334.7007
G1 X101.400 Y101.400 E6336.4669
G0 F3900 X101.000 Y101.200
;TYPE:GAP-FILL
;WIDTH:0.400
;FLOW:95.0
G1 F3600 X101.000 Y148.800 E6338.3469
;WIDTH:0.468
G1 X101.200 Y149.000 E6338.3600
;WIDTH:0.400
G1 X148.800 Y149.000 E6340.2400
;WIDTH:0.468
G1 X149.000 Y148.800 E6340.2531
;WIDTH:0.400
G1 X149.000 Y101.200 E6342.1331
;WIDTH:0.468
G1 X148.800 Y101.000 E6342.1462
;WIDTH:0.400
G1 X101.200 Y101.000 E6344.0262
;WIDTH:0.468
;WIDTH:0.469
G1 X101.034 Y101.034 E6344.0340
G1 X101.000 Y101.200 E6344.0419
;PRINTING_TIME: 3997
;REMAINING_TIME: 2246
;LAYER:112
;Z:28.250
;HEIGHT:0.250
;FLOW:100.0
;PRINTING: Flow_Calibration_Cube_0.4_mm.stl
;PRINTING_ID: 0
G1 F2400 E6341.0419
G1 F300 Z28.450
G0 F3900 X100.200 Y100.200
G0 F300 Z28.250
;TYPE:WALL-OUTER
;WIDTH:0.400
G1 F300 Z28.250
G1 F1500 E6344.0419
G1 F2100 X149.800 Y100.200 E6346.1040
G1 X149.800 Y149.800 E6348.1661
G1 X100.200 Y149.800 E6350.2283
G1 X100.200 Y100.200 E6352.2904
G1 F2400 E6349.2904
G1 F300 Z28.450
G0 F3900 X101.800 Y101.800
G1 F300 Z28.250
G1 F1500 E6352.2904
G1 F2100 X101.800 Y148.200 E6354.2195
G1 X148.200 Y148.200 E6356.1486
G1 X148.200 Y101.800 E6358.0777
G1 X101.800 Y101.800 E6360.0067
G0 F3900 X100.600 Y100.600
;TYPE:WALL-INNER
;WIDTH:0.400
;FLOW:90.0
G1 F2400 X149.400 Y100.600 E6361.8327
G1 X149.400 Y149.400 E6363.6587
G1 X100.600 Y149.400 E6365.4847
G1 X100.600 Y100.600 E6367.3107
G0 F3900 X101.400 Y101.400
G1 F2400 X101.400 Y148.600 E6369.0768
G1 X148.600 Y148.600 E6370.8429
G1 X148.600 Y101.400 E6372.6090
G1 X101.400 Y101.400 E6374.3751
G0 F3900 X101.000 Y101.200
;TYPE:GAP-FILL
;WIDTH:0.400
;FLOW:95.0
G1 F3600 X101.000 Y148.800 E6376.2551
;WIDTH:0.468
G1 X101.200 Y149.000 E6376.2682
;WIDTH:0.400
G1 X148.800 Y149.000 E6378.1482
;WIDTH:0.468
G1 X149.000 Y148.800 E6378.1613
;WIDTH:0.400
G1 X149.000 Y101.200 E6380.0413
;WIDTH:0.468
G1 X148.800 Y101.000 E6380.0544
;WIDTH:0.400
G1 X101.200 Y101.000 E6381.9344
;WIDTH:0.468
;WIDTH:0.469
G1 X101.034 Y101.034 E6381.9423
G1 X101.000 Y101.200 E6381.9501
;PRINTING_TIME: 4023
;REMAINING_TIME: 2221
;LAYER:113
;Z:28.500
;HEIGHT:0.250
;FLOW:100.0
;PRINTING: Flow_Calibration_Cube_0.4_mm.stl
;PRINTING_ID: 0
G1 F2400 E6378.9501
G1 F300 Z28.700
G0 F3900 X100.200 Y100.200
G0 F300 Z28.500
;TYPE:WALL-OUTER
;WIDTH:0.400
G1 F300 Z28.500
G1 F1500 E6381.9501
G1 F2100 X149.800 Y100.200 E6384.0123
G1 X149.800 Y149.800 E6386.0744
G1 X100.200 Y149.800 E6388.1365
G1 X100.200 Y100.200 E6390.1987
G1 F2400 E6387.1987
G1 F300 Z28.700
G0 F3900 X101.800 Y101.800
G1 F300 Z28.500
G1 F1500 E6390.1987
G1 F2100 X101.800 Y148.200 E6392.1277
G1 X148.200 Y148.200 E6394.0568
G1 X148.200 Y101.800 E6395.9859
G1 X101.800 Y101.800 E6397.9150
G0 F3900 X100.600 Y100.600
;TYPE:WALL-INNER
;WIDTH:0.400
;FLOW:90.0
G1 F2400 X149.400 Y100.600 E6399.7410
G1 X149.400 Y149.400 E6401.5670
G1 X100.600 Y149.400 E6403.3929
G1 X100.600 Y100.600 E6405.2189
G0 F3900 X101.400 Y101.400
G1 F2400 X101.400 Y148.600 E6406.9850
G1 X148.600 Y148.600 E6408.7512
G1 X148.600 Y101.400 E6410.5173
G1 X101.400 Y101.400 E6412.2834
G0 F3900 X101.000 Y101.200
;TYPE:GAP-FILL
;WIDTH:0.400
;FLOW:95.0
G1 F3600 X101.000 Y148.800 E6414.1634
;WIDTH:0.468
G1 X101.200 Y149.000 E6414.1765
;WIDTH:0.400
G1 X148.800 Y149.000 E6416.0565
;WIDTH:0.468
G1 X149.000 Y148.800 E6416.0696
;WIDTH:0.400
G1 X149.000 Y101.200 E6417.9496
;WIDTH:0.468
G1 X148.800 Y101.000 E6417.9627
;WIDTH:0.400
G1 X101.200 Y101.000 E6419.8427
;WIDTH:0.468
;WIDTH:0.469
G1 X101.034 Y101.034 E6419.8506
G1 X101.000 Y101.200 E6419.8584
;PRINTING_TIME: 4048
;REMAINING_TIME: 2195
;LAYER:114
;Z:28.750
;HEIGHT:0.250
;FLOW:100.0
;PRINTING: Flow_Calibration_Cube_0.4_mm.stl
;PRINTING_ID: 0
G1 F2400 E6416.8584
G1 F300 Z28.950
G0 F3900 X100.200 Y100.200
G0 F300 Z28.750
;TYPE:WALL-OUTER
;WIDTH:0.400
G1 F300 Z28.750
G1 F1500 E6419.8584
G1 F2100 X149.800 Y100.200 E6421.9205
G1 X149.800 Y149.800 E6423.9827
G1 X100.200 Y149.800 E6426.0448
G1 X100.200 Y100.200 E6428.1069
G1 F2400 E6425.1069
G1 F300 Z28.950
G0 F3900 X101.800 Y101.800
G1 F300 Z28.750
G1 F1500 E6428.1069
G1 F2100 X101.800 Y148.200 E6430.0360
G1 X148.200 Y148.200 E6431.9651
G1 X148.200 Y101.800 E6433.8942
G1 X101.800 Y101.800 E6435.8233
G0 F3900 X100.600 Y100.600
;TYPE:WALL-INNER
;WIDTH:0.400
;FLOW:90.0
G1 F2400 X149.400 Y100.600 E6437.6493
G1 X149.400 Y149.400 E6439.4752
G1 X100.600 Y149.400 E6441.3012
G1 X100.600 Y100.600 E6443.1272
G0 F3900 X101.400 Y101.400
G1 F2400 X101.400 Y148.600 E6444.8933
G1 X148.600 Y148.600 E6446.6594
G1 X148.600 Y101.400 E6448.4255
G1 X101.400 Y101.400 E6450.1916
G0 F3900 X101.000 Y101.200
;TYPE:GAP-FILL
;WIDTH:0.400
;FLOW:95.0
G1 F3600 X101.000 Y148.800 E6452.0717
;WIDTH:0.468
G1 X101.200 Y149.000 E6452.0847
;WIDTH:0.400
G1 X148.800 Y149.000 E6453.9648
;WIDTH:0.468
G1 X149.000 Y148.800 E6453.9778
;WIDTH:0.400
G1 X149.000 Y101.200 E6455.8579
;WIDTH:0.468
G1 X148.800 Y101.000 E6455.8709
;WIDTH:0.400
G1 X101.200 Y101.000 E6457.7510
;WIDTH:0.468
;WIDTH:0.469
G1 X101.034 Y101.034 E6457.7588
G1 X101.000 Y101.200 E6457.7667
;PRINTING_TIME: 4074
;REMAINING_TIME: 2170
;LAYER:115
;Z:29.000
;HEIGHT:0.250
;FLOW:100.0
;PRINTING: Flow_Calibration_Cube_0.4_mm.stl
;PRINTING_ID: 0
G1 F2400 E6454.7667
G1 F300 Z29.200
G0 F3900 X100.200 Y100.200
G0 F300 Z29.000
;TYPE:WALL-OUTER
;WIDTH:0.400
G1 F300 Z29.000
G1 F1500 E6457.7667
G1 F2100 X149.800 Y100.200 E6459.8288
G1 X149.800 Y149.800 E6461.8909
G1 X100.200 Y149.800 E6463.9531
G1 X100.200 Y100.200 E6466.0152
G1 F2400 E6463.0152
G1 F300 Z29.200
G0 F3900 X101.800 Y101.800
G1 F300 Z29.000
G1 F1500 E6466.0152
G1 F2100 X101.800 Y148.200 E6467.9443
G1 X148.200 Y148.200 E6469.8734
G1 X148.200 Y101.800 E6471.8024
G1 X101.800 Y101.800 E6473.7315
G0 F3900 X100.600 Y100.600
;TYPE:WALL-INNER
;WIDTH:0.400
;FLOW:90.0
G1 F2400 X149.400 Y100.600 E6475.5575
G1 X149.400 Y149.400 E6477.3835
G1 X100.600 Y149.400 E6479.2095
G1 X100.600 Y100.600 E6481.0355
G0 F3900 X101.400 Y101.400
G1 F2400 X101.400 Y148.600 E6482.8016
G1 X148.600 Y148.600 E6484.5677
G1 X148.600 Y101.400 E6486.3338
G1 X101.400 Y101.400 E6488.0999
G0 F3900 X101.000 Y101.200
;TYPE:GAP-FILL
;WIDTH:0.400
;FLOW:95.0
G1 F3600 X101.000 Y148.800 E6489.9799
;WIDTH:0.468
G1 X101.200 Y149.000 E6489.9930
;WIDTH:0.400
G1 X148.800 Y149.000 E6491.8730
;WIDTH:0.468
G1 X149.000 Y148.800 E6491.8861
;WIDTH:0.400
G1 X149.000 Y101.200 E6493.7661
;WIDTH:0.468
G1 X148.800 Y101.000 E6493.7792
;WIDTH:0.400
G1 X101.200 Y101.000 E6495.6592
;WIDTH:0.468
;WIDTH:0.469
G1 X101.034 Y101.034 E6495.6671
G1 X101.000 Y101.200 E6495.6749
;PRINTING_TIME: 4099
;REMAINING_TIME: 2144
;LAYER:116
;Z:29.250
;HEIGHT:0.250
;FLOW:100.0
;PRINTING: Flow_Calibration_Cube_0.4_mm.stl
;PRINTING_ID: 0
G1 F2400 E6492.6749
G1 F300 Z29.450
G0 F3900 X100.200 Y100.200
G0 F300 Z29.250
;TYPE:WALL-OUTER
;WIDTH:0.400
G1 F300 Z29.250
G1 F1500 E6495.6749
G1 F2100 X149.800 Y100.200 E6497.7371
G1 X149.800 Y149.800 E6499.7992
G1 X100.200 Y149.800 E6501.8613
G1 X100.200 Y100.200 E6503.9234
G1 F2400 E6500.9234
G1 F300 Z29.450
G0 F3900 X101.800 Y101.800
G1 F300 Z29.250
G1 F1500 E6503.9234
G1 F2100 X101.800 Y148.200 E6505.8525
G1 X148.200 Y148.200 E6507.7816
G1 X148.200 Y101.800 E6509.7107
G1 X101.800 Y101.800 E6511.6398
G0 F3900 X100.600 Y100.600
;TYPE:WALL-INNER
;WIDTH:0.400
;FLOW:90.0
G1 F2400 X149.400 Y100.600 E6513.4658
G1 X149.400 Y149.400 E6515.2918
G1 X100.600 Y149.400 E6517.1177
G1 X100.600 Y100.600 E6518.9437
G0 F3900 X101.400 Y101.400
G1 F2400 X101.400 Y148.600 E6520.7098
G1 X148.600 Y148.600 E6522.4760
G1 X148.600 Y101.400 E6524.2421
G1 X101.400 Y101.400 E6526.0082
G0 F3900 X101.000 Y101.200
;TYPE:GAP-FILL
;WIDTH:0.400
;FLOW:95.0
G1 F3600 X101.000 Y148.800 E6527.8882
;WIDTH:0.468
G1 X101.200 Y149.000 E6527.9013
;WIDTH:0.400
G1 X148.800 Y149.000 E6529.7813
;WIDTH:0.468
G1 X149.000 Y148.800 E6529.7944
;WIDTH:0.400
G1 X149.000 Y101.200 E6531.6744
;WIDTH:0.468
G1 X148.800 Y101.000 E6531.6875
;WIDTH:0.400
G1 X101.200 Y101.000 E6533.5675
;WIDTH:0.468
;WIDTH:0.469
G1 X101.034 Y101.034 E6533.5754
G1 X101.000 Y101.200 E6533.5832
;PRINTING_TIME: 4125
;REMAINING_TIME: 2119
;LAYER:117
;Z:29.500
;HEIGHT:0.250
;FLOW:100.0
;PRINTING: Flow_Calibration_Cube_0.4_mm.stl
;PRINTING_ID: 0
G1 F2400 E6530.5832
G1 F300 Z29.700
G0 F3900 X100.200 Y100.200
G0 F300 Z29.500
;TYPE:WALL-OUTER
;WIDTH:0.400
G1 F300 Z29.500
G1 F1500 E6533.5832
G1 F2100 X149.800 Y100.200 E6535.6453
G1 X149.800 Y149.800 E6537.7075
G1 X100.200 Y149.800 E6539.7696
G1 X100.200 Y100.200 E6541.8317
G1 F2400 E6538.8317
G1 F300 Z29.700
G0 F3900 X101.800 Y101.800
G1 F300 Z29.500
G1 F1500 E6541.8317
G1 F2100 X101.800 Y148.200 E6543.7608
G1 X148.200 Y148.200 E6545.6899
G1 X148.200 Y101.800 E6547.6190
G1 X101.800 Y101.800 E6549.5481
G0 F3900 X100.600 Y100.600
;TYPE:WALL-INNER
;WIDTH:0.400
;FLOW:90.0
G1 F2400 X149.400 Y100.600 E6551.3740
G1 X149.400 Y149.400 E6553.2000
G1 X100.600 Y149.400 E6555.0260
G1 X100.600 Y100.600 E6556.8520
G0 F3900 X101.400 Y101.400
G1 F2400 X101.400 Y148.600 E6558.6181
G1 X148.600 Y148.600 E6560.3842
G1 X148.600 Y101.400 E6562.1503
G1 X101.400 Y101.400 E6563.9164
G0 F3900 X101.000 Y101.200
;TYPE:GAP-FILL
;WIDTH:0.400
;FLOW:95.0
G1 F3600 X101.000 Y148.800 E6565.7965
;WIDTH:0.468
G1 X101.200 Y149.000 E6565.8095
;WIDTH:0.400
G1 X148.800 Y149.000 E6567.6896
;WIDTH:0.468
G1 X149.000 Y148.800 E6567.7026
;WIDTH:0.400
G1 X149.000 Y101.200 E6569.5827
;WIDTH:0.468
G1 X148.800 Y101.000 E6569.5957
;WIDTH:0.400
G1 X101.200 Y101.000 E6571.4758
;WIDTH:0.468
;WIDTH:0.469
G1 X101.034 Y101.034 E6571.4836
G1 X101.000 Y101.200 E6571.4915
;PRINTING_TIME: 4150
;REMAINING_TIME: 2093
;LAYER:118
;Z:29.750
;HEIGHT:0.250
;FLOW:100.0
;PRINTING: Flow_Calibration_Cube_0.4_mm.stl
;PRINTING_ID: 0
G1 F2400 E6568.4915
G1 F300 Z29.950
G0 F3900 X100.200 Y100.200
G0 F300 Z29.750
;TYPE:WALL-OUTER
;WIDTH:0.400
G1 F300 Z29.750
G1 F1500 E6571.4915
G1 F2100 X149.800 Y100.200 E6573.5536
G1 X149.800 Y149.800 E6575.6157
G1 X100.200 Y149.800 E6577.6778
G1 X100.200 Y100.200 E6579.7400
G1 F2400 E6576.7400
G1 F300 Z29.950
G0 F3900 X101.800 Y101.800
G1 F300 Z29.750
G1 F1500 E6579.7400
G1 F2100 X101.800 Y148.200 E6581.6691
G1 X148.200 Y148.200 E6583.5982
G1 X148.200 Y101.800 E6585.5272
G1 X101.800 Y101.800 E6587.4563
G0 F3900 X100.600 Y100.600
;TYPE:WALL-INNER
;WIDTH:0.400
;FLOW:90.0
G1 F2400 X149.400 Y100.600 E6589.2823
G1 X149.400 Y149.400 E6591.1083
G1 X100.600 Y149.400 E6592.9343
G1 X100.600 Y100.600 E6594.7603
G0 F3900 X101.400 Y101.400
G1 F2400 X101.400 Y148.600 E6596.5264
G1 X148.600 Y148.600 E6598.2925
G1 X148.600 Y101.400 E6600.0586
G1 X101.400 Y101.400 E6601.8247
G0 F3900 X101.000 Y101.200
;TYPE:GAP-FILL
;WIDTH:0.400
;FLOW:95.0
G1 F3600 X101.000 Y148.800 E6603.7047
;WIDTH:0.468
G1 X101.200 Y149.000 E6603.7178
;WIDTH:0.400
G1 X148.800 Y149.000 E6605.5978
;WIDTH:0.468
G1 X149.000 Y148.800 E6605.6109
;WIDTH:0.400
G1 X149.000 Y101.200 E6607.4909
;WIDTH:0.468
G1 X148.800 Y101.000 E6607.5040
;WIDTH:0.400
G1 X101.200 Y101.000 E6609.3840
;WIDTH:0.468
;WIDTH:0.469
G1 X101.034 Y101.034 E6609.3919
G1 X101.000 Y101.200 E6609.3997
;PRINTING_TIME: 4176
;REMAINING_TIME: 2067
;LAYER:119
;Z:30.000
;HEIGHT:0.250
;FLOW:100.0
;PRINTING: Flow_Calibration_Cube_0.4_mm.stl
;PRINTING_ID: 0
G1 F2400 E6606.3997
G1 F300 Z30.200
G0 F3900 X100.200 Y100.200
G0 F300 Z30.000
;TYPE:WALL-OUTER
;WIDTH:0.400
G1 F300 Z30.000
G1 F1500 E6609.3997
G1 F2100 X149.800 Y100.200 E6611.4619
G1 X149.800 Y149.800 E6613.5240
G1 X100.200 Y149.800 E6615.5861
G1 X100.200 Y100.200 E6617.6482
G1 F2400 E6614.6482
G1 F300 Z30.200
G0 F3900 X101.800 Y101.800
G1 F300 Z30.000
G1 F1500 E6617.6482
G1 F2100 X101.800 Y148.200 E6619.5773
G1 X148.200 Y148.200 E6621.5064
G1 X148.200 Y101.800 E6623.4355
G1 X101.800 Y101.800 E6625.3646
G0 F3900 X100.600 Y100.600
;TYPE:WALL-INNER
;WIDTH:0.400
;FLOW:90.0
G1 F2400 X149.400 Y100.600 E6627.1906
G1 X149.400 Y149.400 E6629.0166
G1 X100.600 Y149.400 E6630.8425
G1 X100.600 Y100.600 E6632.6685
G0 F3900 X101.400 Y101.400
G1 F2400 X101.400 Y148.600 E6634.4346
G1 X148.600 Y148.600 E6636.2007
G1 X148.600 Y101.400 E6637.9669
G1 X101.400 Y101.400 E6639.7330
G0 F3900 X101.000 Y101.200
;TYPE:GAP-FILL
;WIDTH:0.400
;FLOW:95.0
G1 F3600 X101.000 Y148.800 E6641.6130
;WIDTH:0.468
G1 X101.200 Y149.000 E6641.6261
;WIDTH:0.400
G1 X148.800 Y149.000 E6643.5061
;WIDTH:0.468
G1 X149.000 Y148.800 E6643.5192
;WIDTH:0.400
G1 X149.000 Y101.200 E6645.3992
;WIDTH:0.468
G1 X148.800 Y101.000 E6645.4123
;WIDTH:0.400
G1 X101.200 Y101.000 E6647.2923
;WIDTH:0.468
;WIDTH:0.469
G1 X101.034 Y101.034 E6647.3001
G1 X101.000 Y101.200 E6647.3080
;PRINTING_TIME: 4201
;REMAINING_TIME: 2042
;LAYER:120
;Z:30.250
;HEIGHT:0.250
;FLOW:100.0
;PRINTING: Flow_Calibration_Cube_0.4_mm.stl
;PRINTING_ID: 0
G1 F2400 E6644.3080
G1 F300 Z30.450
G0 F3900 X100.200 Y100.200
G0 F300 Z30.250
;TYPE:WALL-OUTER
;WIDTH:0.400
G1 F300 Z30.250
G1 F1500 E6647.3080
G1 F2100 X149.800 Y100.200 E6649.3701
G1 X149.800 Y149.800 E6651.4322
G1 X100.200 Y149.800 E6653.4944
G1 X100.200 Y100.200 E6655.5565
G1 F2400 E6652.5565
G1 F300 Z30.450
G0 F3900 X101.800 Y101.800
G1 F300 Z30.250
G1 F1500 E6655.5565
G1 F2100 X101.800 Y148.200 E6657.4856
G1 X148.200 Y148.200 E6659.4147
G1 X148.200 Y101.800 E6661.3438
G1 X101.800 Y101.800 E6663.2729
G0 F3900 X100.600 Y100.600
;TYPE:WALL-INNER
;WIDTH:0.400
;FLOW:90.0
G1 F2400 X149.400 Y100.600 E6665.0988
G1 X149.400 Y149.400 E6666.9248
G1 X100.600 Y149.400 E6668.7508
G1 X100.600 Y100.600 E6670.5768
G0 F3900 X101.400 Y101.400
G1 F2400 X101.400 Y148.600 E6672.3429
G1 X148.600 Y148.600 E6674.1090
G1 X148.600 Y101.400 E6675.8751
G1 X101.400 Y101.400 E6677.6412
G0 F3900 X101.000 Y101.200
;TYPE:GAP-FILL
;WIDTH:0.400
;FLOW:95.0
G1 F3600 X101.000 Y148.800 E6679.5213
;WIDTH:0.468
G1 X101.200 Y149.000 E6679.5343
;WIDTH:0.400
G1 X148.800 Y149.000 E6681.4144
;WIDTH:0.468
G1 X149.000 Y148.800 E6681.4274
;WIDTH:0.400
G1 X149.000 Y101.200 E6683.3075
;WIDTH:0.468
G1 X148.800 Y101.000 E6683.3205
;WIDTH:0.400
G1 X101.200 Y101.000 E6685.2006
;WIDTH:0.468
;WIDTH:0.469
G1 X101.034 Y101.034 E6685.2084
G1 X101.000 Y101.200 E6685.2163
;PRINTING_TIME: 4227
;REMAINING_TIME: 2016
;LAYER:121
;Z:30.500
;HEIGHT:0.250
;FLOW:100.0
;PRINTING: Flow_Calibration_Cube_0.4_mm.stl
;PRINTING_ID: 0
G1 F2400 E6682.2163
G1 F300 Z30.700
G0 F3900 X100.200 Y100.200
G0 F300 Z30.500
;TYPE:WALL-OUTER
;WIDTH:0.400
G1 F300 Z30.500
G1 F1500 E6685.2163
G1 F2100 X149.800 Y100.200 E6687.2784
G1 X149.800 Y149.800 E6689.3405
G1 X100.200 Y149.800 E6691.4026
G1 X100.200 Y100.200 E6693.4648
G1 F2400 E6690.4648
G1 F300 Z30.700
G0 F3900 X101.800 Y101.800
G1 F300 Z30.500
G1 F1500 E6693.4648
G1 F2100 X101.800 Y148.200 E6695.3939
G1 X148.200 Y148.200 E6697.3229
G1 X148.200 Y101.800 E6699.2520
G1 X101.800 Y101.800 E6701.1811
G0 F3900 X100.600 Y100.600
;TYPE:WALL-INNER
;WIDTH:0.400
;FLOW:90.0
G1 F2400 X149.400 Y100.600 E6703.0071
G1 X149.400 Y149.400 E6704.8331
G1 X100.600 Y149.400 E6706.6591
G1 X100.600 Y100.600 E6708.4850
G0 F3900 X101.400 Y101.400
G1 F2400 X101.400 Y148.600 E6710.2512
G1 X148.600 Y148.600 E6712.0173
G1 X148.600 Y101.400 E6713.7834
G1 X101.400 Y101.400 E6715.5495
G0 F3900 X101.000 Y101.200
;TYPE:GAP-FILL
;WIDTH:0.400
;FLOW:95.0
G1 F3600 X101.000 Y148.800 E6717.4295
;WIDTH:0.468
G1 X101.200 Y149.000 E6717.4426
;WIDTH:0.400
G1 X148.800 Y149.000 E6719.3226
;WIDTH:0.468
G1 X149.000 Y148.800 E6719.3357
;WIDTH:0.400
G1 X149.000 Y101.200 E6721.2157
;WIDTH:0.468
G1 X148.800 Y101.000 E6721.2288
;WIDTH:0.400
G1 X101.200 Y101.000 E6723.1088
;WIDTH:0.468
;WIDTH:0.469
G1 X101.034 Y101.034 E6723.1167
G1 X101.000 Y101.200 E6723.1245
;PRINTING_TIME: 4252
;REMAINING_TIME: 1991
;LAYER:122
;Z:30.750
;HEIGHT:0.250
;FLOW:100.0
;PRINTING: Flow_Calibration_Cube_0.4_mm.stl
;PRINTING_ID: 0
G1 F2400 E6720.1245
G1 F300 Z30.950
G0 F3900 X100.200 Y100.200
G0 F300 Z30.750
;TYPE:WALL-OUTER
;WIDTH:0.400
G1 F300 Z30.750
G1 F1500 E6723.1245
G1 F2100 X149.800 Y100.200 E6725.1867
G1 X149.800 Y149.800 E6727.2488
G1 X100.200 Y149.800 E6729.3109
G1 X100.200 Y100.200 E6731.3730
G1 F2400 E6728.3730
G1 F300 Z30.950
G0 F3900 X101.800 Y101.800
G1 F300 Z30.750
G1 F1500 E6731.3730
G1 F2100 X101.800 Y148.200 E6733.3021
G1 X148.200 Y148.200 E6735.2312
G1 X148.200 Y101.800 E6737.1603
G1 X101.800 Y101.800 E6739.0894
G0 F3900 X100.600 Y100.600
;TYPE:WALL-INNER
;WIDTH:0.400
;FLOW:90.0
G1 F2400 X149.400 Y100.600 E6740.9154
G1 X149.400 Y149.400 E6742.7414
G1 X100.600 Y149.400 E6744.5673
G1 X100.600 Y100.600 E6746.3933
G0 F3900 X101.400 Y101.400
G1 F2400 X101.400 Y148.600 E6748.1594
G1 X148.600 Y148.600 E6749.9255
G1 X148.600 Y101.400 E6751.6917
G1 X101.400 Y101.400 E6753.4578
G0 F3900 X101.000 Y101.200
;TYPE:GAP-FILL
;WIDTH:0.400
;FLOW:95.0
G1 F3600 X101.000 Y148.800 E6755.3378
;WIDTH:0.468
G1 X101.200 Y149.000 E6755.3509
;WIDTH:0.400
G1 X148.800 Y149.000 E6757.2309
;WIDTH:0.468
G1 X149.000 Y148.800 E6757.2440
;WIDTH:0.400
G1 X149.000 Y101.200 E6759.1240
;WIDTH:0.468
G1 X148.800 Y101.000 E6759.1371
;WIDTH:0.400
G1 X101.200 Y101.000 E6761.0171
;WIDTH:0.468
;WIDTH:0.469
G1 X101.034 Y101.034 E6761.0249
G1 X101.000 Y101.200 E6761.0328
;PRINTING_TIME: 4278
;REMAINING_TIME: 1965
;LAYER:123
;Z:31.000
;HEIGHT:0.250
;FLOW:100.0
;PRINTING: Flow_Calibration_Cube_0.4_mm.stl
;PRINTING_ID: 0
G1 F2400 E6758.0328
G1 F300 Z31.200
G0 F3900 X100.200 Y100.200
G0 F300 Z31.000
;TYPE:WALL-OUTER
;WIDTH:0.400
G1 F300 Z31.000
G1 F1500 E6761.0328
G1 F2100 X149.800 Y100.200 E6763.0949
G1 X149.800 Y149.800 E6765.1570
G1 X100.200 Y149.800 E6767.2192
G1 X100.200 Y100.200 E6769.2813
G1 F2400 E6766.2813
G1 F300 Z31.200
G0 F3900 X101.800 Y101.800
G1 F300 Z31.000
G1 F1500 E6769.2813
G1 F2100 X101.800 Y148.200 E6771.2104
G1 X148.200 Y148.200 E6773.1395
G1 X148.200 Y101.800 E6775.0686
G1 X101.800 Y101.800 E6776.9977
G0 F3900 X100.600 Y100.600
;TYPE:WALL-INNER
;WIDTH:0.400
;FLOW:90.0
G1 F2400 X149.400 Y100.600 E6778.8236
G1 X149.400 Y149.400 E6780.6496
G1 X100.600 Y149.400 E6782.4756
G1 X100.600 Y100.600 E6784.3016
G0 F3900 X101.400 Y101.400
G1 F2400 X101.400 Y148.600 E6786.0677
G1 X148.600 Y148.600 E6787.8338
G1 X148.600 Y101.400 E6789.5999
G1 X101.400 Y101.400 E6791.3660
G0 F3900 X101.000 Y101.200
;TYPE:GAP-FILL
;WIDTH:0.400
;FLOW:95.0
G1 F3600 X101.000 Y148.800 E6793.2461
;WIDTH:0.468
G1 X101.200 Y149.000 E6793.2591
;WIDTH:0.400
G1 X148.800 Y149.000 E6795.1392
;WIDTH:0.468
G1 X149.000 Y148.800 E6795.1522
;WIDTH:0.400
G1 X149.000 Y101.200 E6797.0323
;WIDTH:0.468
G1 X148.800 Y101.000 E6797.0453
;WIDTH:0.400
G1 X101.200 Y101.000 E6798.9254
;WIDTH:0.468
;WIDTH:0.469
G1 X101.034 Y101.034 E6798.9332
G1 X101.000 Y101.200 E6798.9411
;PRINTING_TIME: 4304
;REMAINING_TIME: 1940
;LAYER:124
;Z:31.250
;HEIGHT:0.250
;FLOW:100.0
;PRINTING: Flow_Calibration_Cube_0.4_mm.stl
;PRINTING_ID: 0
G1 F2400 E6795.9411
G1 F300 Z31.450
G0 F3900 X100.200 Y100.200
G0 F300 Z31.250
;TYPE:WALL-OUTER
;WIDTH:0.400
G1 F300 Z31.250
G1 F1500 E6798.9411
G1 F2100 X149.800 Y100.200 E6801.0032
G1 X149.800 Y149.800 E6803.0653
G1 X100.200 Y149.800 E6805.1274
G1 X100.200 Y100.200 E6807.1896
G1 F2400 E6804.1896
G1 F300 Z31.450
G0 F3900 X101.800 Y101.800
G1 F300 Z31.250
G1 F1500 E6807.1896
G1 F2100 X101.800 Y148.200 E6809.1187
G1 X148.200 Y148.200 E6811.0477
G1 X148.200 Y101.800 E6812.9768
G1 X101.800 Y101.800 E6814.9059
G0 F3900 X100.600 Y100.600
;TYPE:WALL-INNER
;WIDTH:0.400
;FLOW:90.0
G1 F2400 X149.400 Y100.600 E6816.7319
G1 X149.400 Y149.400 E6818.5579
G1 X100.600 Y149.400 E6820.3839
G1 X100.600 Y100.600 E6822.2098
G0 F3900 X101.400 Y101.400
G1 F2400 X101.400 Y148.600 E6823.9760
G1 X148.600 Y148.600 E6825.7421
G1 X148.600 Y101.400 E6827.5082
G1 X101.400 Y101.400 E6829.2743
G0 F3900 X101.000 Y101.200
;TYPE:GAP-FILL
;WIDTH:0.400
;FLOW:95.0
G1 F3600 X101.000 Y148.800 E6831.1543
;WIDTH:0.468
G1 X101.200 Y149.000 E6831.1674
;WIDTH:0.400
G1 X148.800 Y149.000 E6833.0474
;WIDTH:0.468
G1 X149.000 Y148.800 E6833.0605
;WIDTH:0.400
G1 X149.000 Y101.200 E6834.9405
;WIDTH:0.468
G1 X148.800 Y101.000 E6834.9536
;WIDTH:0.400
G1 X101.200 Y101.000 E6836.8336
;WIDTH:0.468
;WIDTH:0.469
G1 X101.034 Y101.034 E6836.8415
G1 X101.000 Y101.200 E6836.8493
;PRINTING_TIME: 4329
;REMAINING_TIME: 1914
;LAYER:125
;Z:31.500
;HEIGHT:0.250
;FLOW:100.0
;PRINTING: Flow_Calibration_Cube_0.4_mm.stl
;PRINTING_ID: 0
G1 F2400 E6833.8493
G1 F300 Z31.700
G0 F3900 X100.200 Y100.200
G0 F300 Z31.500
;TYPE:WALL-OUTER
;WIDTH:0.400
G1 F300 Z31.500
G1 F1500 E6836.8493
G1 F2100 X149.800 Y100.200 E6838.9114
G1 X149.800 Y149.800 E6840.9736
G1 X100.200 Y149.800 E6843.0357
G1 X100.200 Y100.200 E6845.0978
G1 F2400 E6842.0978
G1 F300 Z31.700
G0 F3900 X101.800 Y101.800
G1 F300 Z31.500
G1 F1500 E6845.0978
G1 F2100 X101.800 Y148.200 E6847.0269
G1 X148.200 Y148.200 E6848.9560
G1 X148.200 Y101.800 E6850.8851
G1 X101.800 Y101.800 E6852.8142
G0 F3900 X100.600 Y100.600
;TYPE:WALL-INNER
;WIDTH:0.400
;FLOW:90.0
G1 F2400 X149.400 Y100.600 E6854.6402
G1 X149.400 Y149.400 E6856.4661
G1 X100.600 Y149.400 E6858.2921
G1 X100.600 Y100.600 E6860.1181
G0 F3900 X101.400 Y101.400
G1 F2400 X101.400 Y148.600 E6861.8842
G1 X148.600 Y148.600 E6863.6503
G1 X148.600 Y101.400 E6865.4164
G1 X101.400 Y101.400 E6867.1826
G0 F3900 X101.000 Y101.200
;TYPE:GAP-FILL
;WIDTH:0.400
;FLOW:95.0
G1 F3600 X101.000 Y148.800 E6869.0626
;WIDTH:0.468
G1 X101.200 Y149.000 E6869.0757
;WIDTH:0.400
G1 X148.800 Y149.000 E6870.9557
;WIDTH:0.468
G1 X149.000 Y148.800 E6870.9688
;WIDTH:0.400
G1 X149.000 Y101.200 E6872.8488
;WIDTH:0.468
G1 X148.800 Y101.000 E6872.8619
;WIDTH:0.400
G1 X101.200 Y101.000 E6874.7419
;WIDTH:0.468
;WIDTH:0.469
G1 X101.034 Y101.034 E6874.7497
G1 X101.000 Y101.200 E6874.7576
;PRINTING_TIME: 4355
;REMAINING_TIME: 1889
;LAYER:126
;Z:31.750
;HEIGHT:0.250
;FLOW:100.0
;PRINTING: Flow_Calibration_Cube_0.4_mm.stl
;PRINTING_ID: 0
G1 F2400 E6871.7576
G1 F300 Z31.950
G0 F3900 X100.200 Y100.200
G0 F300 Z31.750
;TYPE:WALL-OUTER
;WIDTH:0.400
G1 F300 Z31.750
G1 F1500 E6874.7576
G1 F2100 X149.800 Y100.200 E6876.8197
G1 X149.800 Y149.800 E6878.8818
G1 X100.200 Y149.800 E6880.9440
G1 X100.200 Y100.200 E6883.0061
G1 F2400 E6880.0061
G1 F300 Z31.950
G0 F3900 X101.800 Y101.800
G1 F300 Z31.750
G1 F1500 E6883.0061
G1 F2100 X101.800 Y148.200 E6884.9352
G1 X148.200 Y148.200 E6886.8643
G1 X148.200 Y101.800 E6888.7934
G1 X101.800 Y101.800 E6890.7224
G0 F3900 X100.600 Y100.600
;TYPE:WALL-INNER
;WIDTH:0.400
;FLOW:90.0
G1 F2400 X149.400 Y100.600 E6892.5484
G1 X149.400 Y149.400 E6894.3744
G1 X100.600 Y149.400 E6896.2004
G1 X100.600 Y100.600 E6898.0264
G0 F3900 X101.400 Y101.400
G1 F2400 X101.400 Y148.600 E6899.7925
G1 X148.600 Y148.600 E6901.5586
G1 X148.600 Y101.400 E6903.3247
G1 X101.400 Y101.400 E6905.0908
G0 F3900 X101.000 Y101.200
;TYPE:GAP-FILL
;WIDTH:0.400
;FLOW:95.0
G1 F3600 X101.000 Y148.800 E6906.9709
;WIDTH:0.468
G1 X101.200 Y149.000 E6906.9839
;WIDTH:0.400
G1 X148.800 Y149.000 E6908.8640
;WIDTH:0.468
G1 X149.000 Y148.800 E6908.8770
;WIDTH:0.400
G1 X149.000 Y101.200 E6910.7571
;WIDTH:0.468
G1 X148.800 Y101.000 E6910.7701
;WIDTH:0.400
G1 X101.200 Y101.000 E6912.6502
;WIDTH:0.468
;WIDTH:0.469
G1 X101.034 Y101.034 E6912.6580
G1 X101.000 Y101.200 E6912.6658
;PRINTING_TIME: 4380
;REMAINING_TIME: 1863
;LAYER:127
;Z:32.000
;HEIGHT:0.250
;FLOW:100.0
;PRINTING: Flow_Calibration_Cube_0.4_mm.stl
;PRINTING_ID: 0
G1 F2400 E6909.6658
G1 F300 Z32.200
G0 F3900 X100.200 Y100.200
G0 F300 Z32.000
;TYPE:WALL-OUTER
;WIDTH:0.400
G1 F300 Z32.000
G1 F1500 E6912.6658
G1 F2100 X149.800 Y100.200 E6914.7280
G1 X149.800 Y149.800 E6916.7901
G1 X100.200 Y149.800 E6918.8522
G1 X100.200 Y100.200 E6920.9144
G1 F2400 E6917.9144
G1 F300 Z32.200
G0 F3900 X101.800 Y101.800
G1 F300 Z32.000
G1 F1500 E6920.9144
G1 F2100 X101.800 Y148.200 E6922.8434
G1 X148.200 Y148.200 E6924.7725
G1 X148.200 Y101.800 E6926.7016
G1 X101.800 Y101.800 E6928.6307
G0 F3900 X100.600 Y100.600
;TYPE:WALL-INNER
;WIDTH:0.400
;FLOW:90.0
G1 F2400 X149.400 Y100.600 E6930.4567
G1 X149.400 Y149.400 E6932.2827
G1 X100.600 Y149.400 E6934.1087
G1 X100.600 Y100.600 E6935.9346
G0 F3900 X101.400 Y101.400
G1 F2400 X101.400 Y148.600 E6937.7008
G1 X148.600 Y148.600 E6939.4669
G1 X148.600 Y101.400 E6941.2330
G1 X101.400 Y101.400 E6942.9991
G0 F3900 X101.000 Y101.200
;TYPE:GAP-FILL
;WIDTH:0.400
;FLOW:95.0
G1 F3600 X101.000 Y148.800 E6944.8791
;WIDTH:0.468
G1 X101.200 Y149.000 E6944.8922
;WIDTH:0.400
G1 X148.800 Y149.000 E6946.7722
;WIDTH:0.468
G1 X149.000 Y148.800 E6946.7853
;WIDTH:0.400
G1 X149.000 Y101.200 E6948.6653
;WIDTH:0.468
G1 X148.800 Y101.000 E6948.6784
;WIDTH:0.400
G1 X101.200 Y101.000 E6950.5584
;WIDTH:0.468
;WIDTH:0.469
G1 X101.034 Y101.034 E6950.5663
G1 X101.000 Y101.200 E6950.5741
;PRINTING_TIME: 4406
;REMAINING_TIME: 1838
;LAYER:128
;Z:32.250
;HEIGHT:0.250
;FLOW:100.0
;PRINTING: Flow_Calibration_Cube_0.4_mm.stl
;PRINTING_ID: 0
G1 F2400 E6947.5741
G1 F300 Z32.450
G0 F3900 X100.200 Y100.200
G0 F300 Z32.250
;TYPE:WALL-OUTER
;WIDTH:0.400
G1 F300 Z32.250
G1 F1500 E6950.5741
G1 F2100 X149.800 Y100.200 E6952.6362
G1 X149.800 Y149.800 E6954.6984
G1 X100.200 Y149.800 E6956.7605
G1 X100.200 Y100.200 E6958.8226
G1 F2400 E6955.8226
G1 F300 Z32.450
G0 F3900 X101.800 Y101.800
G1 F300 Z32.250
G1 F1500 E6958.8226
G1 F2100 X101.800 Y148.200 E6960.7517
G1 X148.200 Y148.200 E6962.6808
G1 X148.200 Y101.800 E6964.6099
G1 X101.800 Y101.800 E6966.5390
G0 F3900 X100.600 Y100.600
;TYPE:WALL-INNER
;WIDTH:0.400
;FLOW:90.0
G1 F2400 X149.400 Y100.600 E6968.3650
G1 X149.400 Y149.400 E6970.1909
G1 X100.600 Y149.400 E6972.0169
G1 X100.600 Y100.600 E6973.8429
G0 F3900 X101.400 Y101.400
G1 F2400 X101.400 Y148.600 E6975.6090
G1 X148.600 Y148.600 E6977.3751
G1 X148.600 Y101.400 E6979.1412
G1 X101.400 Y101.400 E6980.9074
G0 F3900 X101.000 Y101.200
;TYPE:GAP-FILL
;WIDTH:0.400
;FLOW:95.0
G1 F3600 X101.000 Y148.800 E6982.7874
;WIDTH:0.468
G1 X101.200 Y149.000 E6982.8005
;WIDTH:0.400
G1 X148.800 Y149.000 E6984.6805
;WIDTH:0.468
G1 X149.000 Y148.800 E6984.6936
;WIDTH:0.400
G1 X149.000 Y101.200 E6986.5736
;WIDTH:0.468
G1 X148.800 Y101.000 E6986.5867
;WIDTH:0.400
G1 X101.200 Y101.000 E6988.4667
;WIDTH:0.468
;WIDTH:0.469
G1 X101.034 Y101.034 E6988.4745
G1 X101.000 Y101.200 E6988.4824
;PRINTING_TIME: 4431
;REMAINING_TIME: 1812
;LAYER:129
;Z:32.500
;HEIGHT:0.250
;FLOW:100.0
;PRINTING: Flow_Calibration_Cube_0.4_mm.stl
;PRINTING_ID: 0
G1 F2400 E6985.4824
G1 F300 Z32.700
G0 F3900 X100.200 Y100.200
G0 F300 Z32.500
;TYPE:WALL-OUTER
;WIDTH:0.400
G1 F300 Z32.500
G1 F1500 E6988.4824
G1 F2100 X149.800 Y100.200 E6990.5445
G1 X149.800 Y149.800 E6992.6066
G1 X100.200 Y149.800 E6994.6688
G1 X100.200 Y100.200 E6996.7309
G1 F2400 E6993.7309
G1 F300 Z32.700
G0 F3900 X101.800 Y101.800
G1 F300 Z32.500
G1 F1500 E6996.7309
G1 F2100 X101.800 Y148.200 E6998.6600
G1 X148.200 Y148.200 E7000.5891
G1 X148.200 Y101.800 E7002.5182
G1 X101.800 Y101.800 E7004.4472
G0 F3900 X100.600 Y100.600
;TYPE:WALL-INNER
;WIDTH:0.400
;FLOW:90.0
G1 F2400 X149.400 Y100.600 E7006.2732
G1 X149.400 Y149.400 E7008.0992
G1 X100.600 Y149.400 E7009.9252
G1 X100.600 Y100.600 E7011.7512
G0 F3900 X101.400 Y101.400
G1 F2400 X101.400 Y148.600 E7013.5173
G1 X148.600 Y148.600 E7015.2834
G1 X148.600 Y101.400 E7017.0495
G1 X101.400 Y101.400 E7018.8156
G0 F3900 X101.000 Y101.200
;TYPE:GAP-FILL
;WIDTH:0.400
;FLOW:95.0
G1 F3600 X101.000 Y148.800 E7020.6956
;WIDTH:0.468
G1 X101.200 Y149.000 E7020.7087
;WIDTH:0.400
G1 X148.800 Y149.000 E7022.5887
;WIDTH:0.468
G1 X149.000 Y148.800 E7022.6018
;WIDTH:0.400
G1 X149.000 Y101.200 E7024.4818
;WIDTH:0.468
G1 X148.800 Y101.000 E7024.4949
;WIDTH:0.400
G1 X101.200 Y101.000 E7026.3749
;WIDTH:0.468
;WIDTH:0.469
G1 X101.034 Y101.034 E7026.3828
G1 X101.000 Y101.200 E7026.3906
;PRINTING_TIME: 4457
;REMAINING_TIME: 1787
;LAYER:130
;Z:32.750
;HEIGHT:0.250
;FLOW:100.0
;PRINTING: Flow_Calibration_Cube_0.4_mm.stl
;PRINTING_ID: 0
G1 F2400 E7023.3906
G1 F300 Z32.950
G0 F3900 X100.200 Y100.200
G0 F300 Z32.750
;TYPE:WALL-OUTER
;WIDTH:0.400
G1 F300 Z32.750
G1 F1500 E7026.3906
G1 F2100 X149.800 Y100.200 E7028.4528
G1 X149.800 Y149.800 E7030.5149
G1 X100.200 Y149.800 E7032.5770
G1 X100.200 Y100.200 E7034.6392
G1 F2400 E7031.6392
G1 F300 Z32.950
G0 F3900 X101.800 Y101.800
G1 F300 Z32.750
G1 F1500 E7034.6392
G1 F2100 X101.800 Y148.200 E7036.5682
G1 X148.200 Y148.200 E7038.4973
G1 X148.200 Y101.800 E7040.4264
G1 X101.800 Y101.800 E7042.3555
G0 F3900 X100.600 Y100.600
;TYPE:WALL-INNER
;WIDTH:0.400
;FLOW:90.0
G1 F2400 X149.400 Y100.600 E7044.1815
G1 X149.400 Y149.400 E7046.0075
G1 X100.600 Y149.400 E7047.8335
G1 X100.600 Y100.600 E7049.6594
G0 F3900 X101.400 Y101.400
G1 F2400 X101.400 Y148.600 E7051.4255
G1 X148.600 Y148.600 E7053.1917
G1 X148.600 Y101.400 E7054.9578
G1 X101.400 Y101.400 E7056.7239
G0 F3900 X101.000 Y101.200
;TYPE:GAP-FILL
;WIDTH:0.400
;FLOW:95.0
G1 F3600 X101.000 Y148.800 E7058.6039
;WIDTH:0.468
G1 X101.200 Y149.000 E7058.6170
;WIDTH:0.400
G1 X148.800 Y149.000 E7060.4970
;WIDTH:0.468
G1 X149.000 Y148.800 E7060.5101
;WIDTH:0.400
G1 X149.000 Y101.200 E7062.3901
;WIDTH:0.468
G1 X148.800 Y101.000 E7062.4032
;WIDTH:0.400
G1 X101.200 Y101.000 E7064.2832
;WIDTH:0.468
;WIDTH:0.469
G1 X101.034 Y101.034 E7064.2911
G1 X101.000 Y101.200 E7064.2989
;PRINTING_TIME: 4482
;REMAINING_TIME: 1761
;LAYER:131
;Z:33.000
;HEIGHT:0.250
;FLOW:100.0
;PRINTING: Flow_Calibration_Cube_0.4_mm.stl
;PRINTING_ID: 0
G1 F2400 E7061.2989
G1 F300 Z33.200
G0 F3900 X100.200 Y100.200
G0 F300 Z33.000
;TYPE:WALL-OUTER
;WIDTH:0.400
G1 F300 Z33.000
G1 F1500 E7064.2989
G1 F2100 X149.800 Y100.200 E7066.3610
G1 X149.800 Y149.800 E7068.4232
G1 X100.200 Y149.800 E7070.4853
G1 X100.200 Y100.200 E7072.5474
G1 F2400 E7069.5474
G1 F300 Z33.200
G0 F3900 X101.800 Y101.800
G1 F300 Z33.000
G1 F1500 E7072.5474
G1 F2100 X101.800 Y148.200 E7074.4765
G1 X148.200 Y148.200 E7076.4056
G1 X148.200 Y101.800 E7078.3347
G1 X101.800 Y101.800 E7080.2638
G0 F3900 X100.600 Y100.600
;TYPE:WALL-INNER
;WIDTH:0.400
;FLOW:90.0
G1 F2400 X149.400 Y100.600 E7082.0898
G1 X149.400 Y149.400 E7083.9157
G1 X100.600 Y149.400 E7085.7417
G1 X100.600 Y100.600 E7087.5677
G0 F3900 X101.400 Y101.400
G1 F2400 X101.400 Y148.600 E7089.3338
G1 X148.600 Y148.600 E7091.0999
G1 X148.600 Y101.400 E7092.8660
G1 X101.400 Y101.400 E7094.6321
G0 F3900 X101.000 Y101.200
;TYPE:GAP-FILL
;WIDTH:0.400
;FLOW:95.0
G1 F3600 X101.000 Y148.800 E7096.5122
;WIDTH:0.468
G1 X101.200 Y149.000 E7096.5252
;WIDTH:0.400
G1 X148.800 Y149.000 E7098.4053
;WIDTH:0.468
G1 X149.000 Y148.800 E7098.4183
;WIDTH:0.400
G1 X149.000 Y101.200 E7100.2984
;WIDTH:0.468
G1 X148.800 Y101.000 E7100.3114
;WIDTH:0.400
G1 X101.200 Y101.000 E7102.1915
;WIDTH:0.468
;WIDTH:0.469
G1 X101.034 Y101.034 E7102.1993
G1 X101.000 Y101.200 E7102.2072
;PRINTING_TIME: 4508
;REMAINING_TIME: 1736
;LAYER:132
;Z:33.250
;HEIGHT:0.250
;FLOW:100.0
;PRINTING: Flow_Calibration_Cube_0.4_mm.stl
;PRINTING_ID: 0
G1 F2400 E7099.2072
G1 F300 Z33.450
G0 F3900 X100.200 Y100.200
G0 F300 Z33.250
;TYPE:WALL-OUTER
;WIDTH:0.400
G1 F300 Z33.250
G1 F1500 E7102.2072
G1 F2100 X149.800 Y100.200 E7104.2693
G1 X149.800 Y149.800 E7106.3314
G1 X100.200 Y149.800 E7108.3936
G1 X100.200 Y100.200 E7110.4557
G1 F2400 E7107.4557
G1 F300 Z33.450
G0 F3900 X101.800 Y101.800
G1 F300 Z33.250
G1 F1500 E7110.4557
G1 F2100 X101.800 Y148.200 E7112.3848
G1 X148.200 Y148.200 E7114.3139
G1 X148.200 Y101.800 E7116.2429
G1 X101.800 Y101.800 E7118.1720
G0 F3900 X100.600 Y100.600
;TYPE:WALL-INNER
;WIDTH:0.400
;FLOW:90.0
G1 F2400 X149.400 Y100.600 E7119.9980
G1 X149.400 Y149.400 E7121.8240
G1 X100.600 Y149.400 E7123.6500
G1 X100.600 Y100.600 E7125.4760
G0 F3900 X101.400 Y101.400
G1 F2400 X101.400 Y148.600 E7127.2421
G1 X148.600 Y148.600 E7129.0082
G1 X148.600 Y101.400 E7130.7743
G1 X101.400 Y101.400 E7132.5404
G0 F3900 X101.000 Y101.200
;TYPE:GAP-FILL
;WIDTH:0.400
;FLOW:95.0
G1 F3600 X101.000 Y148.800 E7134.4204
;WIDTH:0.468
G1 X101.200 Y149.000 E7134.4335
;WIDTH:0.400
G1 X148.800 Y149.000 E7136.3135
;WIDTH:0.468
G1 X149.000 Y148.800 E7136.3266
;WIDTH:0.400
G1 X149.000 Y101.200 E7138.2066
;WIDTH:0.468
G1 X148.800 Y101.000 E7138.2197
;WIDTH:0.400
G1 X101.200 Y101.000 E7140.0997
;WIDTH:0.468
;WIDTH:0.469
G1 X101.034 Y101.034 E7140.1076
G1 X101.000 Y101.200 E7140.1154
;PRINTING_TIME: 4533
;REMAINING_TIME: 1710
;LAYER:133
;Z:33.500
;HEIGHT:0.250
;FLOW:100.0
;PRINTING: Flow_Calibration_Cube_0.4_mm.stl
;PRINTING_ID: 0
G1 F2400 E7137.1154
G1 F300 Z33.700
G0 F3900 X100.200 Y100.200
G0 F300 Z33.500
;TYPE:WALL-OUTER
;WIDTH:0.400
G1 F300 Z33.500
G1 F1500 E7140.1154
G1 F2100 X149.800 Y100.200 E7142.1776
G1 X149.800 Y149.800 E7144.2397
G1 X100.200 Y149.800 E7146.3018
G1 X100.200 Y100.200 E7148.3639
G1 F2400 E7145.3639
G1 F300 Z33.700
G0 F3900 X101.800 Y101.800
G1 F300 Z33.500
G1 F1500 E7148.3639
G1 F2100 X101.800 Y148.200 E7150.2930
G1 X148.200 Y148.200 E7152.2221
G1 X148.200 Y101.800 E7154.1512
G1 X101.800 Y101.800 E7156.0803
G0 F3900 X100.600 Y100.600
;TYPE:WALL-INNER
;WIDTH:0.400
;FLOW:90.0
G1 F2400 X149.400 Y100.600 E7157.9063
G1 X149.400 Y149.400 E7159.7323
G1 X100.600 Y149.400 E7161.5582
G1 X100.600 Y100.600 E7163.3842
G0 F3900 X101.400 Y101.400
G1 F2400 X101.400 Y148.600 E7165.1503
G1 X148.600 Y148.600 E7166.9165
G1 X148.600 Y101.400 E7168.6826
G1 X101.400 Y101.400 E7170.4487
G0 F3900 X101.000 Y101.200
;TYPE:GAP-FILL
;WIDTH:0.400
;FLOW:95.0
G1 F3600 X101.000 Y148.800 E7172.3287
;WIDTH:0.468
G1 X101.200 Y149.000 E7172.3418
;WIDTH:0.400
G1 X148.800 Y149.000 E7174.2218
;WIDTH:0.468
G1 X149.000 Y148.800 E7174.2349
;WIDTH:0.400
G1 X149.000 Y101.200 E7176.1149
;WIDTH:0.468
G1 X148.800 Y101.000 E7176.1280
;WIDTH:0.400
G1 X101.200 Y101.000 E7178.0080
;WIDTH:0.468
;WIDTH:0.469
G1 X101.034 Y101.034 E7178.0159
G1 X101.000 Y101.200 E7178.0237
;PRINTING_TIME: 4559
;REMAINING_TIME: 1685
;LAYER:134
;Z:33.750
;HEIGHT:0.250
;FLOW:100.0
;PRINTING: Flow_Calibration_Cube_0.4_mm.stl
;PRINTING_ID: 0
G1 F2400 E7175.0237
G1 F300 Z33.950
G0 F3900 X100.200 Y100.200
G0 F300 Z33.750
;TYPE:WALL-OUTER
;WIDTH:0.400
G1 F300 Z33.750
G1 F1500 E7178.0237
G1 F2100 X149.800 Y100.200 E7180.0858
G1 X149.800 Y149.800 E7182.1480
G1 X100.200 Y149.800 E7184.2101
G1 X100.200 Y100.200 E7186.2722
G1 F2400 E7183.2722
G1 F300 Z33.950
G0 F3900 X101.800 Y101.800
G1 F300 Z33.750
G1 F1500 E7186.2722
G1 F2100 X101.800 Y148.200 E7188.2013
G1 X148.200 Y148.200 E7190.1304
G1 X148.200 Y101.800 E7192.0595
G1 X101.800 Y101.800 E7193.9886
G0 F3900 X100.600 Y100.600
;TYPE:WALL-INNER
;WIDTH:0.400
;FLOW:90.0
G1 F2400 X149.400 Y100.600 E7195.8145
G1 X149.400 Y149.400 E7197.6405
G1 X100.600 Y149.400 E7199.4665
G1 X100.600 Y100.600 E7201.2925
G0 F3900 X101.400 Y101.400
G1 F2400 X101.400 Y148.600 E7203.0586
G1 X148.600 Y148.600 E7204.8247
G1 X148.600 Y101.400 E7206.5908
G1 X101.400 Y101.400 E7208.3569
G0 F3900 X101.000 Y101.200
;TYPE:GAP-FILL
;WIDTH:0.400
;FLOW:95.0
G1 F3600 X101.000 Y148.800 E7210.2370
;WIDTH:0.468
G1 X101.200 Y149.000 E7210.2500
;WIDTH:0.400
G1 X148.800 Y149.000 E7212.1301
;WIDTH:0.468
G1 X149.000 Y148.800 E7212.1431
;WIDTH:0.400
G1 X149.000 Y101.200 E7214.0232
;WIDTH:0.468
G1 X148.800 Y101.000 E7214.0362
;WIDTH:0.400
G1 X101.200 Y101.000 E7215.9163
;WIDTH:0.468
;WIDTH:0.469
G1 X101.034 Y101.034 E7215.9241
G1 X101.000 Y101.200 E7215.9320
;PRINTING_TIME: 4584
;REMAINING_TIME: 1659
;LAYER:135
;Z:34.000
;HEIGHT:0.250
;FLOW:100.0
;PRINTING: Flow_Calibration_Cube_0.4_mm.stl
;PRINTING_ID: 0
G1 F2400 E7212.9320
G1 F300 Z34.200
G0 F3900 X100.200 Y100.200
G0 F300 Z34.000
;TYPE:WALL-OUTER
;WIDTH:0.400
G1 F300 Z34.000
G1 F1500 E7215.9320
G1 F2100 X149.800 Y100.200 E7217.9941
G1 X149.800 Y149.800 E7220.0562
G1 X100.200 Y149.800 E7222.1184
G1 X100.200 Y100.200 E7224.1805
G1 F2400 E7221.1805
G1 F300 Z34.200
G0 F3900 X101.800 Y101.800
G1 F300 Z34.000
G1 F1500 E7224.1805
G1 F2100 X101.800 Y148.200 E7226.1096
G1 X148.200 Y148.200 E7228.0387
G1 X148.200 Y101.800 E7229.9677
G1 X101.800 Y101.800 E7231.8968
G0 F3900 X100.600 Y100.600
;TYPE:WALL-INNER
;WIDTH:0.400
;FLOW:90.0
G1 F2400 X149.400 Y100.600 E7233.7228
G1 X149.400 Y149.400 E7235.5488
G1 X100.600 Y149.400 E7237.3748
G1 X100.600 Y100.600 E7239.2008
G0 F3900 X101.400 Y101.400
G1 F2400 X101.400 Y148.600 E7240.9669
G1 X148.600 Y148.600 E7242.7330
G1 X148.600 Y101.400 E7244.4991
G1 X101.400 Y101.400 E7246.2652
G0 F3900 X101.000 Y101.200
;TYPE:GAP-FILL
;WIDTH:0.400
;FLOW:95.0
G1 F3600 X101.000 Y148.800 E7248.1452
;WIDTH:0.468
G1 X101.200 Y149.000 E7248.1583
;WIDTH:0.400
G1 X148.800 Y149.000 E7250.0383
;WIDTH:0.468
G1 X149.000 Y148.800 E7250.0514
;WIDTH:0.400
G1 X149.000 Y101.200 E7251.9314
;WIDTH:0.468
G1 X148.800 Y101.000 E7251.9445
;WIDTH:0.400
G1 X101.200 Y101.000 E7253.8245
;WIDTH:0.468
;WIDTH:0.469
G1 X101.034 Y101.034 E7253.8324
G1 X101.000 Y101.200 E7253.8402
;PRINTING_TIME: 4610
;REMAINING_TIME: 1634
;LAYER:136
;Z:34.250
;HEIGHT:0.250
;FLOW:100.0
;PRINTING: Flow_Calibration_Cube_0.4_mm.stl
;PRINTING_ID: 0
G1 F2400 E7250.8402
G1 F300 Z34.450
G0 F3900 X100.200 Y100.200
G0 F300 Z34.250
;TYPE:WALL-OUTER
;WIDTH:0.400
G1 F300 Z34.250
G1 F1500 E7253.8402
G1 F2100 X149.800 Y100.200 E7255.9024
G1 X149.800 Y149.800 E7257.9645
G1 X100.200 Y149.800 E7260.0266
G1 X100.200 Y100.200 E7262.0887
G1 F2400 E7259.0887
G1 F300 Z34.450
G0 F3900 X101.800 Y101.800
G1 F300 Z34.250
G1 F1500 E7262.0887
G1 F2100 X101.800 Y148.200 E7264.0178
G1 X148.200 Y148.200 E7265.9469
G1 X148.200 Y101.800 E7267.8760
G1 X101.800 Y101.800 E7269.8051
G0 F3900 X100.600 Y100.600
;TYPE:WALL-INNER
;WIDTH:0.400
;FLOW:90.0
G1 F2400 X149.400 Y100.600 E7271.6311
G1 X149.400 Y149.400 E7273.4571
G1 X100.600 Y149.400 E7275.2830
G1 X100.600 Y100.600 E7277.1090
G0 F3900 X101.400 Y101.400
G1 F2400 X101.400 Y148.600 E7278.8751
G1 X148.600 Y148.600 E7280.6412
G1 X148.600 Y101.400 E7282.4074
G1 X101.400 Y101.400 E7284.1735
G0 F3900 X101.000 Y101.200
;TYPE:GAP-FILL
;WIDTH:0.400
;FLOW:95.0
G1 F3600 X101.000 Y148.800 E7286.0535
;WIDTH:0.468
G1 X101.200 Y149.000 E7286.0666
;WIDTH:0.400
G1 X148.800 Y149.000 E7287.9466
;WIDTH:0.468
G1 X149.000 Y148.800 E7287.9597
;WIDTH:0.400
G1 X149.000 Y101.200 E7289.8397
;WIDTH:0.468
G1 X148.800 Y101.000 E7289.8528
;WIDTH:0.400
G1 X101.200 Y101.000 E7291.7328
;WIDTH:0.468
;WIDTH:0.469
G1 X101.034 Y101.034 E7291.7406
G1 X101.000 Y101.200 E7291.7485
;PRINTING_TIME: 4635
;REMAINING_TIME: 1608
;LAYER:137
;Z:34.500
;HEIGHT:0.250
;FLOW:100.0
;PRINTING: Flow_Calibration_Cube_0.4_mm.stl
;PRINTING_ID: 0
G1 F2400 E7288.7485
G1 F300 Z34.700
G0 F3900 X100.200 Y100.200
G0 F300 Z34.500
;TYPE:WALL-OUTER
;WIDTH:0.400
G1 F300 Z34.500
G1 F1500 E7291.7485
G1 F2100 X149.800 Y100.200 E7293.8106
G1 X149.800 Y149.800 E7295.8728
G1 X100.200 Y149.800 E7297.9349
G1 X100.200 Y100.200 E7299.9970
G1 F2400 E7296.9970
G1 F300 Z34.700
G0 F3900 X101.800 Y101.800
G1 F300 Z34.500
G1 F1500 E7299.9970
G1 F2100 X101.800 Y148.200 E7301.9261
G1 X148.200 Y148.200 E7303.8552
G1 X148.200 Y101.800 E7305.7843
G1 X101.800 Y101.800 E7307.7134
G0 F3900 X100.600 Y100.600
;TYPE:WALL-INNER
;WIDTH:0.400
;FLOW:90.0
G1 F2400 X149.400 Y100.600 E7309.5393
G1 X149.400 Y149.400 E7311.3653
G1 X100.600 Y149.400 E7313.1913
G1 X100.600 Y100.600 E7315.0173
G0 F3900 X101.400 Y101.400
G1 F2400 X101.400 Y148.600 E7316.7834
G1 X148.600 Y148.600 E7318.5495
G1 X148.600 Y101.400 E7320.3156
G1 X101.400 Y101.400 E7322.0817
G0 F3900 X101.000 Y101.200
;TYPE:GAP-FILL
;WIDTH:0.400
;FLOW:95.0
G1 F3600 X101.000 Y148.800 E7323.9618
;WIDTH:0.468
G1 X101.200 Y149.000 E7323.9748
;WIDTH:0.400
G1 X148.800 Y149.000 E7325.8549
;WIDTH:0.468
G1 X149.000 Y148.800 E7325.8679
;WIDTH:0.400
G1 X149.000 Y101.200 E7327.7480
;WIDTH:0.468
G1 X148.800 Y101.000 E7327.7610
;WIDTH:0.400
G1 X101.200 Y101.000 E7329.6411
;WIDTH:0.468
;WIDTH:0.469
G1 X101.034 Y101.034 E7329.6489
G1 X101.000 Y101.200 E7329.6568
;PRINTING_TIME: 4661
;REMAINING_TIME: 1583
;LAYER:138
;Z:34.750
;HEIGHT:0.250
;FLOW:100.0
;PRINTING: Flow_Calibration_Cube_0.4_mm.stl
;PRINTING_ID: 0
G1 F2400 E7326.6568
G1 F300 Z34.950
G0 F3900 X100.200 Y100.200
G0 F300 Z34.750
;TYPE:WALL-OUTER
;WIDTH:0.400
G1 F300 Z34.750
G1 F1500 E7329.6568
G1 F2100 X149.800 Y100.200 E7331.7189
G1 X149.800 Y149.800 E7333.7810
G1 X100.200 Y149.800 E7335.8431
G1 X100.200 Y100.200 E7337.9053
G1 F2400 E7334.9053
G1 F300 Z34.950
G0 F3900 X101.800 Y101.800
G1 F300 Z34.750
G1 F1500 E7337.9053
G1 F2100 X101.800 Y148.200 E7339.8344
G1 X148.200 Y148.200 E7341.7634
G1 X148.200 Y101.800 E7343.6925
G1 X101.800 Y101.800 E7345.6216
G0 F3900 X100.600 Y100.600
;TYPE:WALL-INNER
;WIDTH:0.400
;FLOW:90.0
G1 F2400 X149.400 Y100.600 E7347.4476
G1 X149.400 Y149.400 E7349.2736
G1 X100.600 Y149.400 E7351.0996
G1 X100.600 Y100.600 E7352.9256
G0 F3900 X101.400 Y101.400
G1 F2400 X101.400 Y148.600 E7354.6917
G1 X148.600 Y148.600 E7356.4578
G1 X148.600 Y101.400 E7358.2239
G1 X101.400 Y101.400 E7359.9900
G0 F3900 X101.000 Y101.200
;TYPE:GAP-FILL
;WIDTH:0.400
;FLOW:95.0
G1 F3600 X101.000 Y148.800 E7361.8700
;WIDTH:0.468
G1 X101.200 Y149.000 E7361.8831
;WIDTH:0.400
G1 X148.800 Y149.000 E7363.7631
;WIDTH:0.468
G1 X149.000 Y148.800 E7363.7762
;WIDTH:0.400
G1 X149.000 Y101.200 E7365.6562
;WIDTH:0.468
G1 X148.800 Y101.000 E7365.6693
;WIDTH:0.400
G1 X101.200 Y101.000 E7367.5493
;WIDTH:0.468
;WIDTH:0.469
G1 X101.034 Y101.034 E7367.5572
G1 X101.000 Y101.200 E7367.5650
;PRINTING_TIME: 4686
;REMAINING_TIME: 1557
;LAYER:139
;Z:35.000
;HEIGHT:0.250
;FLOW:100.0
;PRINTING: Flow_Calibration_Cube_0.4_mm.stl
;PRINTING_ID: 0
G1 F2400 E7364.5650
G1 F300 Z35.200
G0 F3900 X100.200 Y100.200
G0 F300 Z35.000
;TYPE:WALL-OUTER
;WIDTH:0.400
G1 F300 Z35.000
G1 F1500 E7367.5650
G1 F2100 X149.800 Y100.200 E7369.6272
G1 X149.800 Y149.800 E7371.6893
G1 X100.200 Y149.800 E7373.7514
G1 X100.200 Y100.200 E7375.8135
G1 F2400 E7372.8135
G1 F300 Z35.200
G0 F3900 X101.800 Y101.800
G1 F300 Z35.000
G1 F1500 E7375.8135
G1 F2100 X101.800 Y148.200 E7377.7426
G1 X148.200 Y148.200 E7379.6717
G1 X148.200 Y101.800 E7381.6008
G1 X101.800 Y101.800 E7383.5299
G0 F3900 X100.600 Y100.600
;TYPE:WALL-INNER
;WIDTH:0.400
;FLOW:90.0
G1 F2400 X149.400 Y100.600 E7385.3559
G1 X149.400 Y149.400 E7387.1819
G1 X100.600 Y149.400 E7389.0078
G1 X100.600 Y100.600 E7390.8338
G0 F3900 X101.400 Y101.400
G1 F2400 X101.400 Y148.600 E7392.5999
G1 X148.600 Y148.600 E7394.3660
G1 X148.600 Y101.400 E7396.1322
G1 X101.400 Y101.400 E7397.8983
G0 F3900 X101.000 Y101.200
;TYPE:GAP-FILL
;WIDTH:0.400
;FLOW:95.0
G1 F3600 X101.000 Y148.800 E7399.7783
;WIDTH:0.468
G1 X101.200 Y149.000 E7399.7914
;WIDTH:0.400
G1 X148.800 Y149.000 E7401.6714
;WIDTH:0.468
G1 X149.000 Y148.800 E7401.6845
;WIDTH:0.400
G1 X149.000 Y101.200 E7403.5645
;WIDTH:0.468
G1 X148.800 Y101.000 E7403.5776
;WIDTH:0.400
G1 X101.200 Y101.000 E7405.4576
;WIDTH:0.468
;WIDTH:0.469
G1 X101.034 Y101.034 E7405.4654
G1 X101.000 Y101.200 E7405.4733
;PRINTING_TIME: 4712
;REMAINING_TIME: 1531
;LAYER:140
;Z:35.250
;HEIGHT:0.250
;FLOW:100.0
;PRINTING: Flow_Calibration_Cube_0.4_mm.stl
;PRINTING_ID: 0
G1 F2400 E7402.4733
G1 F300 Z35.450
G0 F3900 X100.200 Y100.200
G0 F300 Z35.250
;TYPE:WALL-OUTER
;WIDTH:0.400
G1 F300 Z35.250
G1 F1500 E7405.4733
G1 F2100 X149.800 Y100.200 E7407.5354
G1 X149.800 Y149.800 E7409.5975
G1 X100.200 Y149.800 E7411.6597
G1 X100.200 Y100.200 E7413.7218
G1 F2400 E7410.7218
G1 F300 Z35.450
G0 F3900 X101.800 Y101.800
G1 F300 Z35.250
G1 F1500 E7413.7218
G1 F2100 X101.800 Y148.200 E7415.6509
G1 X148.200 Y148.200 E7417.5800
G1 X148.200 Y101.800 E7419.5091
G1 X101.800 Y101.800 E7421.4382
G0 F3900 X100.600 Y100.600
;TYPE:WALL-INNER
;WIDTH:0.400
;FLOW:90.0
G1 F2400 X149.400 Y100.600 E7423.2641
G1 X149.400 Y149.400 E7425.0901
G1 X100.600 Y149.400 E7426.9161
G1 X100.600 Y100.600 E7428.7421
G0 F3900 X101.400 Y101.400
G1 F2400 X101.400 Y148.600 E7430.5082
G1 X148.600 Y148.600 E7432.2743
G1 X148.600 Y101.400 E7434.0404
G1 X101.400 Y101.400 E7435.8065
G0 F3900 X101.000 Y101.200
;TYPE:GAP-FILL
;WIDTH:0.400
;FLOW:95.0
G1 F3600 X101.000 Y148.800 E7437.6866
;WIDTH:0.468
G1 X101.200 Y149.000 E7437.6996
;WIDTH:0.400
G1 X148.800 Y149.000 E7439.5797
;WIDTH:0.468
G1 X149.000 Y148.800 E7439.5927
;WIDTH:0.400
G1 X149.000 Y101.200 E7441.4728
;WIDTH:0.468
G1 X148.800 Y101.000 E7441.4858
;WIDTH:0.400
G1 X101.200 Y101.000 E7443.3659
;WIDTH:0.468
;WIDTH:0.469
G1 X101.034 Y101.034 E7443.3737
G1 X101.000 Y101.200 E7443.3816
;PRINTING_TIME: 4737
;REMAINING_TIME: 1506
;LAYER:141
;Z:35.500
;HEIGHT:0.250
;FLOW:100.0
;PRINTING: Flow_Calibration_Cube_0.4_mm.stl
;PRINTING_ID: 0
G1 F2400 E7440.3816
G1 F300 Z35.700
G0 F3900 X100.200 Y100.200
G0 F300 Z35.500
;TYPE:WALL-OUTER
;WIDTH:0.400
G1 F300 Z35.500
G1 F1500 E7443.3816
G1 F2100 X149.800 Y100.200 E7445.4437
G1 X149.800 Y149.800 E7447.5058
G1 X100.200 Y149.800 E7449.5679
G1 X100.200 Y100.200 E7451.6301
G1 F2400 E7448.6301
G1 F300 Z35.700
G0 F3900 X101.800 Y101.800
G1 F300 Z35.500
G1 F1500 E7451.6301
G1 F2100 X101.800 Y148.200 E7453.5592
G1 X148.200 Y148.200 E7455.4882
G1 X148.200 Y101.800 E7457.4173
G1 X101.800 Y101.800 E7459.3464
G0 F3900 X100.600 Y100.600
;TYPE:WALL-INNER
;WIDTH:0.400
;FLOW:90.0
G1 F2400 X149.400 Y100.600 E7461.1724
G1 X149.400 Y149.400 E7462.9984
G1 X100.600 Y149.400 E7464.8244
G1 X100.600 Y100.600 E7466.6503
G0 F3900 X101.400 Y101.400
G1 F2400 X101.400 Y148.600 E7468.4165
G1 X148.600 Y148.600 E7470.1826
G1 X148.600 Y101.400 E7471.9487
G1 X101.400 Y101.400 E7473.7148
G0 F3900 X101.000 Y101.200
;TYPE:GAP-FILL
;WIDTH:0.400
;FLOW:95.0
G1 F3600 X101.000 Y148.800 E7475.5948
;WIDTH:0.468
G1 X101.200 Y149.000 E7475.6079
;WIDTH:0.400
G1 X148.800 Y149.000 E7477.4879
;WIDTH:0.468
G1 X149.000 Y148.800 E7477.5010
;WIDTH:0.400
G1 X149.000 Y101.200 E7479.3810
;WIDTH:0.468
G1 X148.800 Y101.000 E7479.3941
;WIDTH:0.400
G1 X101.200 Y101.000 E7481.2741
;WIDTH:0.468
;WIDTH:0.469
G1 X101.034 Y101.034 E7481.2820
G1 X101.000 Y101.200 E7481.2898
;PRINTING_TIME: 4763
;REMAINING_TIME: 1480
;LAYER:142
;Z:35.750
;HEIGHT:0.250
;FLOW:100.0
;PRINTING: Flow_Calibration_Cube_0.4_mm.stl
;PRINTING_ID: 0
G1 F2400 E7478.2898
G1 F300 Z35.950
G0 F3900 X100.200 Y100.200
G0 F300 Z35.750
;TYPE:WALL-OUTER
;WIDTH:0.400
G1 F300 Z35.750
G1 F1500 E7481.2898
G1 F2100 X149.800 Y100.200 E7483.3519
G1 X149.800 Y149.800 E7485.4141
G1 X100.200 Y149.800 E7487.4762
G1 X100.200 Y100.200 E7489.5383
G1 F2400 E7486.5383
G1 F300 Z35.950
G0 F3900 X101.800 Y101.800
G1 F300 Z35.750
G1 F1500 E7489.5383
G1 F2100 X101.800 Y148.200 E7491.4674
G1 X148.200 Y148.200 E7493.3965
G1 X148.200 Y101.800 E7495.3256
G1 X101.800 Y101.800 E7497.2547
G0 F3900 X100.600 Y100.600
;TYPE:WALL-INNER
;WIDTH:0.400
;FLOW:90.0
G1 F2400 X149.400 Y100.600 E7499.0807
G1 X149.400 Y149.400 E7500.9066
G1 X100.600 Y149.400 E7502.7326
G1 X100.600 Y100.600 E7504.5586
G0 F3900 X101.400 Y101.400
G1 F2400 X101.400 Y148.600 E7506.3247
G1 X148.600 Y148.600 E7508.0908
G1 X148.600 Y101.400 E7509.8569
G1 X101.400 Y101.400 E7511.6231
G0 F3900 X101.000 Y101.200
;TYPE:GAP-FILL
;WIDTH:0.400
;FLOW:95.0
G1 F3600 X101.000 Y148.800 E7513.5031
;WIDTH:0.468
G1 X101.200 Y149.000 E7513.5162
;WIDTH:0.400
G1 X148.800 Y149.000 E7515.3962
;WIDTH:0.468
G1 X149.000 Y148.800 E7515.4093
;WIDTH:0.400
G1 X149.000 Y101.200 E7517.2893
;WIDTH:0.468
G1 X148.800 Y101.000 E7517.3024
;WIDTH:0.400
G1 X101.200 Y101.000 E7519.1824
;WIDTH:0.468
;WIDTH:0.469
G1 X101.034 Y101.034 E7519.1902
G1 X101.000 Y101.200 E7519.1981
;PRINTING_TIME: 4788
;REMAINING_TIME: 1455
;LAYER:143
;Z:36.000
;HEIGHT:0.250
;FLOW:100.0
;PRINTING: Flow_Calibration_Cube_0.4_mm.stl
;PRINTING_ID: 0
G1 F2400 E7516.1981
G1 F300 Z36.200
G0 F3900 X100.200 Y100.200
G0 F300 Z36.000
;TYPE:WALL-OUTER
;WIDTH:0.400
G1 F300 Z36.000
G1 F1500 E7519.1981
G1 F2100 X149.800 Y100.200 E7521.2602
G1 X149.800 Y149.800 E7523.3223
G1 X100.200 Y149.800 E7525.3845
G1 X100.200 Y100.200 E7527.4466
G1 F2400 E7524.4466
G1 F300 Z36.200
G0 F3900 X101.800 Y101.800
G1 F300 Z36.000
G1 F1500 E7527.4466
G1 F2100 X101.800 Y148.200 E7529.3757
G1 X148.200 Y148.200 E7531.3048
G1 X148.200 Y101.800 E7533.2339
G1 X101.800 Y101.800 E7535.1629
G0 F3900 X100.600 Y100.600
;TYPE:WALL-INNER
;WIDTH:0.400
;FLOW:90.0
G1 F2400 X149.400 Y100.600 E7536.9889
G1 X149.400 Y149.400 E7538.8149
G1 X100.600 Y149.400 E7540.6409
G1 X100.600 Y100.600 E7542.4669
G0 F3900 X101.400 Y101.400
G1 F2400 X101.400 Y148.600 E7544.2330
G1 X148.600 Y148.600 E7545.9991
G1 X148.600 Y101.400 E7547.7652
G1 X101.400 Y101.400 E7549.5313
G0 F3900 X101.000 Y101.200
;TYPE:GAP-FILL
;WIDTH:0.400
;FLOW:95.0
G1 F3600 X101.000 Y148.800 E7551.4114
;WIDTH:0.468
G1 X101.200 Y149.000 E7551.4244
;WIDTH:0.400
G1 X148.800 Y149.000 E7553.3045
;WIDTH:0.468
G1 X149.000 Y148.800 E7553.3175
;WIDTH:0.400
G1 X149.000 Y101.200 E7555.1976
;WIDTH:0.468
G1 X148.800 Y101.000 E7555.2106
;WIDTH:0.400
G1 X101.200 Y101.000 E7557.0907
;WIDTH:0.468
;WIDTH:0.469
G1 X101.034 Y101.034 E7557.0985
G1 X101.000 Y101.200 E7557.1063
;PRINTING_TIME: 4814
;REMAINING_TIME: 1429
;LAYER:144
;Z:36.250
;HEIGHT:0.250
;FLOW:100.0
;PRINTING: Flow_Calibration_Cube_0.4_mm.stl
;PRINTING_ID: 0
G1 F2400 E7554.1063
G1 F300 Z36.450
G0 F3900 X100.200 Y100.200
G0 F300 Z36.250
;TYPE:WALL-OUTER
;WIDTH:0.400
G1 F300 Z36.250
G1 F1500 E7557.1063
G1 F2100 X149.800 Y100.200 E7559.1685
G1 X149.800 Y149.800 E7561.2306
G1 X100.200 Y149.800 E7563.2927
G1 X100.200 Y100.200 E7565.3549
G1 F2400 E7562.3549
G1 F300 Z36.450
G0 F3900 X101.800 Y101.800
G1 F300 Z36.250
G1 F1500 E7565.3549
G1 F2100 X101.800 Y148.200 E7567.2839
G1 X148.200 Y148.200 E7569.2130
G1 X148.200 Y101.800 E7571.1421
G1 X101.800 Y101.800 E7573.0712
G0 F3900 X100.600 Y100.600
;TYPE:WALL-INNER
;WIDTH:0.400
;FLOW:90.0
G1 F2400 X149.400 Y100.600 E7574.8972
G1 X149.400 Y149.400 E7576.7232
G1 X100.600 Y149.400 E7578.5492
G1 X100.600 Y100.600 E7580.3751
G0 F3900 X101.400 Y101.400
G1 F2400 X101.400 Y148.600 E7582.1413
G1 X148.600 Y148.600 E7583.9074
G1 X148.600 Y101.400 E7585.6735
G1 X101.400 Y101.400 E7587.4396
G0 F3900 X101.000 Y101.200
;TYPE:GAP-FILL
;WIDTH:0.400
;FLOW:95.0
G1 F3600 X101.000 Y148.800 E7589.3196
;WIDTH:0.468
G1 X101.200 Y149.000 E7589.3327
;WIDTH:0.400
G1 X148.800 Y149.000 E7591.2127
;WIDTH:0.468
G1 X149.000 Y148.800 E7591.2258
;WIDTH:0.400
G1 X149.000 Y101.200 E7593.1058
;WIDTH:0.468
G1 X148.800 Y101.000 E7593.1189
;WIDTH:0.400
G1 X101.200 Y101.000 E7594.9989
;WIDTH:0.468
;WIDTH:0.469
G1 X101.034 Y101.034 E7595.0068
G1 X101.000 Y101.200 E7595.0146
;PRINTING_TIME: 4840
;REMAINING_TIME: 1404
;LAYER:145
;Z:36.500
;HEIGHT:0.250
;FLOW:100.0
;PRINTING: Flow_Calibration_Cube_0.4_mm.stl
;PRINTING_ID: 0
G1 F2400 E7592.0146
G1 F300 Z36.700
G0 F3900 X100.200 Y100.200
G0 F300 Z36.500
;TYPE:WALL-OUTER
;WIDTH:0.400
G1 F300 Z36.500
G1 F1500 E7595.0146
G1 F2100 X149.800 Y100.200 E7597.0767
G1 X149.800 Y149.800 E7599.1389
G1 X100.200 Y149.800 E7601.2010
G1 X100.200 Y100.200 E7603.2631
G1 F2400 E7600.2631
G1 F300 Z36.700
G0 F3900 X101.800 Y101.800
G1 F300 Z36.500
G1 F1500 E7603.2631
G1 F2100 X101.800 Y148.200 E7605.1922
G1 X148.200 Y148.200 E7607.1213
G1 X148.200 Y101.800 E7609.0504
G1 X101.800 Y101.800 E7610.9795
G0 F3900 X100.600 Y100.600
;TYPE:WALL-INNER
;WIDTH:0.400
;FLOW:90.0
G1 F2400 X149.400 Y100.600 E7612.8055
G1 X149.400 Y149.400 E7614.6314
G1 X100.600 Y149.400 E7616.4574
G1 X100.600 Y100.600 E7618.2834
G0 F3900 X101.400 Y101.400
G1 F2400 X101.400 Y148.600 E7620.0495
G1 X148.600 Y148.600 E7621.8156
G1 X148.600 Y101.400 E7623.5817
G1 X101.400 Y101.400 E7625.3479
G0 F3900 X101.000 Y101.200
;TYPE:GAP-FILL
;WIDTH:0.400
;FLOW:95.0
G1 F3600 X101.000 Y148.800 E7627.2279
;WIDTH:0.468
G1 X101.200 Y149.000 E7627.2410
;WIDTH:0.400
G1 X148.800 Y149.000 E7629.1210
;WIDTH:0.468
G1 X149.000 Y148.800 E7629.1341
;WIDTH:0.400
G1 X149.000 Y101.200 E7631.0141
;WIDTH:0.468
G1 X148.800 Y101.000 E7631.0272
;WIDTH:0.400
G1 X101.200 Y101.000 E7632.9072
;WIDTH:0.468
;WIDTH:0.469
G1 X101.034 Y101.034 E7632.9150
G1 X101.000 Y101.200 E7632.9229
;PRINTING_TIME: 4865
;REMAINING_TIME: 1378
;LAYER:146
;Z:36.750
;HEIGHT:0.250
;FLOW:100.0
;PRINTING: Flow_Calibration_Cube_0.4_mm.stl
;PRINTING_ID: 0
G1 F2400 E7629.9229
G1 F300 Z36.950
G0 F3900 X100.200 Y100.200
G0 F300 Z36.750
;TYPE:WALL-OUTER
;WIDTH:0.400
G1 F300 Z36.750
G1 F1500 E7632.9229
G1 F2100 X149.800 Y100.200 E7634.9850
G1 X149.800 Y149.800 E7637.0471
G1 X100.200 Y149.800 E7639.1093
G1 X100.200 Y100.200 E7641.1714
G1 F2400 E7638.1714
G1 F300 Z36.950
G0 F3900 X101.800 Y101.800
G1 F300 Z36.750
G1 F1500 E7641.1714
G1 F2100 X101.800 Y148.200 E7643.1005
G1 X148.200 Y148.200 E7645.0296
G1 X148.200 Y101.800 E7646.9587
G1 X101.800 Y101.800 E7648.8877
G0 F3900 X100.600 Y100.600
;TYPE:WALL-INNER
;WIDTH:0.400
;FLOW:90.0
G1 F2400 X149.400 Y100.600 E7650.7137
G1 X149.400 Y149.400 E7652.5397
G1 X100.600 Y149.400 E7654.3657
G1 X100.600 Y100.600 E7656.1917
G0 F3900 X101.400 Y101.400
G1 F2400 X101.400 Y148.600 E7657.9578
G1 X148.600 Y148.600 E7659.7239
G1 X148.600 Y101.400 E7661.4900
G1 X101.400 Y101.400 E7663.2561
G0 F3900 X101.000 Y101.200
;TYPE:GAP-FILL
;WIDTH:0.400
;FLOW:95.0
G1 F3600 X101.000 Y148.800 E7665.1362
;WIDTH:0.468
G1 X101.200 Y149.000 E7665.1492
;WIDTH:0.400
G1 X148.800 Y149.000 E7667.0292
;WIDTH:0.468
G1 X149.000 Y148.800 E7667.0423
;WIDTH:0.400
G1 X149.000 Y101.200 E7668.9223
;WIDTH:0.468
G1 X148.800 Y101.000 E7668.9354
;WIDTH:0.400
G1 X101.200 Y101.000 E7670.8154
;WIDTH:0.468
;WIDTH:0.469
G1 X101.034 Y101.034 E7670.8233
G1 X101.000 Y101.200 E7670.8311
;PRINTING_TIME: 4891
;REMAINING_TIME: 1353
;LAYER:147
;Z:37.000
;HEIGHT:0.250
;FLOW:100.0
;PRINTING: Flow_Calibration_Cube_0.4_mm.stl
;PRINTING_ID: 0
G1 F2400 E7667.8311
G1 F300 Z37.200
G0 F3900 X100.200 Y100.200
G0 F300 Z37.000
;TYPE:WALL-OUTER
;WIDTH:0.400
G1 F300 Z37.000
G1 F1500 E7670.8311
G1 F2100 X149.800 Y100.200 E7672.8933
G1 X149.800 Y149.800 E7674.9554
G1 X100.200 Y149.800 E7677.0175
G1 X100.200 Y100.200 E7679.0797
G1 F2400 E7676.0797
G1 F300 Z37.200
G0 F3900 X101.800 Y101.800
G1 F300 Z37.000
G1 F1500 E7679.0797
G1 F2100 X101.800 Y148.200 E7681.0087
G1 X148.200 Y148.200 E7682.9378
G1 X148.200 Y101.800 E7684.8669
G1 X101.800 Y101.800 E7686.7960
G0 F3900 X100.600 Y100.600
;TYPE:WALL-INNER
;WIDTH:0.400
;FLOW:90.0
G1 F2400 X149.400 Y100.600 E7688.6220
G1 X149.400 Y149.400 E7690.4480
G1 X100.600 Y149.400 E7692.2740
G1 X100.600 Y100.600 E7694.0999
G0 F3900 X101.400 Y101.400
G1 F2400 X101.400 Y148.600 E7695.8660
G1 X148.600 Y148.600 E7697.6322
G1 X148.600 Y101.400 E7699.3983
G1 X101.400 Y101.400 E7701.1644
G0 F3900 X101.000 Y101.200
;TYPE:GAP-FILL
;WIDTH:0.400
;FLOW:95.0
G1 F3600 X101.000 Y148.800 E7703.0444
;WIDTH:0.468
G1 X101.200 Y149.000 E7703.0575
;WIDTH:0.400
G1 X148.800 Y149.000 E7704.9375
;WIDTH:0.468
G1 X149.000 Y148.800 E7704.9506
;WIDTH:0.400
G1 X149.000 Y101.200 E7706.8306
;WIDTH:0.468
G1 X148.800 Y101.000 E7706.8437
;WIDTH:0.400
G1 X101.200 Y101.000 E7708.7237
;WIDTH:0.468
;WIDTH:0.469
G1 X101.034 Y101.034 E7708.7316
G1 X101.000 Y101.200 E7708.7394
;PRINTING_TIME: 4916
;REMAINING_TIME: 1327
;LAYER:148
;Z:37.250
;HEIGHT:0.250
;FLOW:100.0
;PRINTING: Flow_Calibration_Cube_0.4_mm.stl
;PRINTING_ID: 0
G1 F2400 E7705.7394
G1 F300 Z37.450
G0 F3900 X100.200 Y100.200
G0 F300 Z37.250
;TYPE:WALL-OUTER
;WIDTH:0.400
G1 F300 Z37.250
G1 F1500 E7708.7394
G1 F2100 X149.800 Y100.200 E7710.8015
G1 X149.800 Y149.800 E7712.8637
G1 X100.200 Y149.800 E7714.9258
G1 X100.200 Y100.200 E7716.9879
G1 F2400 E7713.9879
G1 F300 Z37.450
G0 F3900 X101.800 Y101.800
G1 F300 Z37.250
G1 F1500 E7716.9879
G1 F2100 X101.800 Y148.200 E7718.9170
G1 X148.200 Y148.200 E7720.8461
G1 X148.200 Y101.800 E7722.7752
G1 X101.800 Y101.800 E7724.7043
G0 F3900 X100.600 Y100.600
;TYPE:WALL-INNER
;WIDTH:0.400
;FLOW:90.0
G1 F2400 X149.400 Y100.600 E7726.5303
G1 X149.400 Y149.400 E7728.3562
G1 X100.600 Y149.400 E7730.1822
G1 X100.600 Y100.600 E7732.0082
G0 F3900 X101.400 Y101.400
G1 F2400 X101.400 Y148.600 E7733.7743
G1 X148.600 Y148.600 E7735.5404
G1 X148.600 Y101.400 E7737.3065
G1 X101.400 Y101.400 E7739.0727
G0 F3900 X101.000 Y101.200
;TYPE:GAP-FILL
;WIDTH:0.400
;FLOW:95.0
G1 F3600 X101.000 Y148.800 E7740.9527
;WIDTH:0.468
G1 X101.200 Y149.000 E7740.9658
;WIDTH:0.400
G1 X148.800 Y149.000 E7742.8458
;WIDTH:0.468
G1 X149.000 Y148.800 E7742.8588
;WIDTH:0.400
G1 X149.000 Y101.200 E7744.7389
;WIDTH:0.468
G1 X148.800 Y101.000 E7744.7519
;WIDTH:0.400
G1 X101.200 Y101.000 E7746.6320
;WIDTH:0.468
;WIDTH:0.469
G1 X101.034 Y101.034 E7746.6398
G1 X101.000 Y101.200 E7746.6477
;PRINTING_TIME: 4942
;REMAINING_TIME: 1302
;LAYER:149
;Z:37.500
;HEIGHT:0.250
;FLOW:100.0
;PRINTING: Flow_Calibration_Cube_0.4_mm.stl
;PRINTING_ID: 0
G1 F2400 E7743.6477
G1 F300 Z37.700
G0 F3900 X100.200 Y100.200
G0 F300 Z37.500
;TYPE:WALL-OUTER
;WIDTH:0.400
G1 F300 Z37.500
G1 F1500 E7746.6477
G1 F2100 X149.800 Y100.200 E7748.7098
G1 X149.800 Y149.800 E7750.7719
G1 X100.200 Y149.800 E7752.8341
G1 X100.200 Y100.200 E7754.8962
G1 F2400 E7751.8962
G1 F300 Z37.700
G0 F3900 X101.800 Y101.800
G1 F300 Z37.500
G1 F1500 E7754.8962
G1 F2100 X101.800 Y148.200 E7756.8253
G1 X148.200 Y148.200 E7758.7544
G1 X148.200 Y101.800 E7760.6834
G1 X101.800 Y101.800 E7762.6125
G0 F3900 X100.600 Y100.600
;TYPE:WALL-INNER
;WIDTH:0.400
;FLOW:90.0
G1 F2400 X149.400 Y100.600 E7764.4385
G1 X149.400 Y149.400 E7766.2645
G1 X100.600 Y149.400 E7768.0905
G1 X100.600 Y100.600 E7769.9165
G0 F3900 X101.400 Y101.400
G1 F2400 X101.400 Y148.600 E7771.6826
G1 X148.600 Y148.600 E7773.4487
G1 X148.600 Y101.400 E7775.2148
G1 X101.400 Y101.400 E7776.9809
G0 F3900 X101.000 Y101.200
;TYPE:GAP-FILL
;WIDTH:0.400
;FLOW:95.0
G1 F3600 X101.000 Y148.800 E7778.8609
;WIDTH:0.468
G1 X101.200 Y149.000 E7778.8740
;WIDTH:0.400
G1 X148.800 Y149.000 E7780.7540
;WIDTH:0.468
G1 X149.000 Y148.800 E7780.7671
;WIDTH:0.400
G1 X149.000 Y101.200 E7782.6471
;WIDTH:0.468
G1 X148.800 Y101.000 E7782.6602
;WIDTH:0.400
G1 X101.200 Y101.000 E7784.5402
;WIDTH:0.468
;WIDTH:0.469
G1 X101.034 Y101.034 E7784.5481
G1 X101.000 Y101.200 E7784.5559
;PRINTING_TIME: 4967
;REMAINING_TIME: 1276
;LAYER:150
;Z:37.750
;HEIGHT:0.250
;FLOW:100.0
;PRINTING: Flow_Calibration_Cube_0.4_mm.stl
;PRINTING_ID: 0
G1 F2400 E7781.5559
G1 F300 Z37.950
G0 F3900 X100.200 Y100.200
G0 F300 Z37.750
;TYPE:WALL-OUTER
;WIDTH:0.400
G1 F300 Z37.750
G1 F1500 E7784.5559
G1 F2100 X149.800 Y100.200 E7786.6181
G1 X149.800 Y149.800 E7788.6802
G1 X100.200 Y149.800 E7790.7423
G1 X100.200 Y100.200 E7792.8045
G1 F2400 E7789.8045
G1 F300 Z37.950
G0 F3900 X101.800 Y101.800
G1 F300 Z37.750
G1 F1500 E7792.8045
G1 F2100 X101.800 Y148.200 E7794.7335
G1 X148.200 Y148.200 E7796.6626
G1 X148.200 Y101.800 E7798.5917
G1 X101.800 Y101.800 E7800.5208
G0 F3900 X100.600 Y100.600
;TYPE:WALL-INNER
;WIDTH:0.400
;FLOW:90.0
G1 F2400 X149.400 Y100.600 E7802.3468
G1 X149.400 Y149.400 E7804.1728
G1 X100.600 Y149.400 E7805.9987
G1 X100.600 Y100.600 E7807.8247
G0 F3900 X101.400 Y101.400
G1 F2400 X101.400 Y148.600 E7809.5908
G1 X148.600 Y148.600 E7811.3570
G1 X148.600 Y101.400 E7813.1231
G1 X101.400 Y101.400 E7814.8892
G0 F3900 X101.000 Y101.200
;TYPE:GAP-FILL
;WIDTH:0.400
;FLOW:95.0
G1 F3600 X101.000 Y148.800 E7816.7692
;WIDTH:0.468
G1 X101.200 Y149.000 E7816.7823
;WIDTH:0.400
G1 X148.800 Y149.000 E7818.6623
;WIDTH:0.468
G1 X149.000 Y148.800 E7818.6754
;WIDTH:0.400
G1 X149.000 Y101.200 E7820.5554
;WIDTH:0.468
G1 X148.800 Y101.000 E7820.5685
;WIDTH:0.400
G1 X101.200 Y101.000 E7822.4485
;WIDTH:0.468
;WIDTH:0.469
G1 X101.034 Y101.034 E7822.4564
G1 X101.000 Y101.200 E7822.4642
;PRINTING_TIME: 4993
;REMAINING_TIME: 1251
;LAYER:151
;Z:38.000
;HEIGHT:0.250
;FLOW:100.0
;PRINTING: Flow_Calibration_Cube_0.4_mm.stl
;PRINTING_ID: 0
G1 F2400 E7819.4642
G1 F300 Z38.200
G0 F3900 X100.200 Y100.200
G0 F300 Z38.000
;TYPE:WALL-OUTER
;WIDTH:0.400
G1 F300 Z38.000
G1 F1500 E7822.4642
G1 F2100 X149.800 Y100.200 E7824.5263
G1 X149.800 Y149.800 E7826.5885
G1 X100.200 Y149.800 E7828.6506
G1 X100.200 Y100.200 E7830.7127
G1 F2400 E7827.7127
G1 F300 Z38.200
G0 F3900 X101.800 Y101.800
G1 F300 Z38.000
G1 F1500 E7830.7127
G1 F2100 X101.800 Y148.200 E7832.6418
G1 X148.200 Y148.200 E7834.5709
G1 X148.200 Y101.800 E7836.5000
G1 X101.800 Y101.800 E7838.4291
G0 F3900 X100.600 Y100.600
;TYPE:WALL-INNER
;WIDTH:0.400
;FLOW:90.0
G1 F2400 X149.400 Y100.600 E7840.2550
G1 X149.400 Y149.400 E7842.0810
G1 X100.600 Y149.400 E7843.9070
G1 X100.600 Y100.600 E7845.7330
G0 F3900 X101.400 Y101.400
G1 F2400 X101.400 Y148.600 E7847.4991
G1 X148.600 Y148.600 E7849.2652
G1 X148.600 Y101.400 E7851.0313
G1 X101.400 Y101.400 E7852.7974
G0 F3900 X101.000 Y101.200
;TYPE:GAP-FILL
;WIDTH:0.400
;FLOW:95.0
G1 F3600 X101.000 Y148.800 E7854.6775
;WIDTH:0.468
G1 X101.200 Y149.000 E7854.6905
;WIDTH:0.400
G1 X148.800 Y149.000 E7856.5706
;WIDTH:0.468
G1 X149.000 Y148.800 E7856.5836
;WIDTH:0.400
G1 X149.000 Y101.200 E7858.4637
;WIDTH:0.468
G1 X148.800 Y101.000 E7858.4767
;WIDTH:0.400
G1 X101.200 Y101.000 E7860.3568
;WIDTH:0.468
;WIDTH:0.469
G1 X101.034 Y101.034 E7860.3646
G1 X101.000 Y101.200 E7860.3725
;PRINTING_TIME: 5018
;REMAINING_TIME: 1225
;LAYER:152
;Z:38.250
;HEIGHT:0.250
;FLOW:100.0
;PRINTING: Flow_Calibration_Cube_0.4_mm.stl
;PRINTING_ID: 0
G1 F2400 E7857.3725
G1 F300 Z38.450
G0 F3900 X100.200 Y100.200
G0 F300 Z38.250
;TYPE:WALL-OUTER
;WIDTH:0.400
G1 F300 Z38.250
G1 F1500 E7860.3725
G1 F2100 X149.800 Y100.200 E7862.4346
G1 X149.800 Y149.800 E7864.4967
G1 X100.200 Y149.800 E7866.5589
G1 X100.200 Y100.200 E7868.6210
G1 F2400 E7865.6210
G1 F300 Z38.450
G0 F3900 X101.800 Y101.800
G1 F300 Z38.250
G1 F1500 E7868.6210
G1 F2100 X101.800 Y148.200 E7870.5501
G1 X148.200 Y148.200 E7872.4792
G1 X148.200 Y101.800 E7874.4082
G1 X101.800 Y101.800 E7876.3373
G0 F3900 X100.600 Y100.600
;TYPE:WALL-INNER
;WIDTH:0.400
;FLOW:90.0
G1 F2400 X149.400 Y100.600 E7878.1633
G1 X149.400 Y149.400 E7879.9893
G1 X100.600 Y149.400 E7881.8153
G1 X100.600 Y100.600 E7883.6413
G0 F3900 X101.400 Y101.400
G1 F2400 X101.400 Y148.600 E7885.4074
G1 X148.600 Y148.600 E7887.1735
G1 X148.600 Y101.400 E7888.9396
G1 X101.400 Y101.400 E7890.7057
G0 F3900 X101.000 Y101.200
;TYPE:GAP-FILL
;WIDTH:0.400
;FLOW:95.0
G1 F3600 X101.000 Y148.800 E7892.5857
;WIDTH:0.468
G1 X101.200 Y149.000 E7892.5988
;WIDTH:0.400
G1 X148.800 Y149.000 E7894.4788
;WIDTH:0.468
G1 X149.000 Y148.800 E7894.4919
;WIDTH:0.400
G1 X149.000 Y101.200 E7896.3719
;WIDTH:0.468
G1 X148.800 Y101.000 E7896.3850
;WIDTH:0.400
G1 X101.200 Y101.000 E7898.2650
;WIDTH:0.468
;WIDTH:0.469
G1 X101.034 Y101.034 E7898.2729
G1 X101.000 Y101.200 E7898.2807
;PRINTING_TIME: 5044
;REMAINING_TIME: 1200
;LAYER:153
;Z:38.500
;HEIGHT:0.250
;FLOW:100.0
;PRINTING: Flow_Calibration_Cube_0.4_mm.stl
;PRINTING_ID: 0
G1 F2400 E7895.2807
G1 F300 Z38.700
G0 F3900 X100.200 Y100.200
G0 F300 Z38.500
;TYPE:WALL-OUTER
;WIDTH:0.400
G1 F300 Z38.500
G1 F1500 E7898.2807
G1 F2100 X149.800 Y100.200 E7900.3429
G1 X149.800 Y149.800 E7902.4050
G1 X100.200 Y149.800 E7904.4671
G1 X100.200 Y100.200 E7906.5292
G1 F2400 E7903.5292
G1 F300 Z38.700
G0 F3900 X101.800 Y101.800
G1 F300 Z38.500
G1 F1500 E7906.5292
G1 F2100 X101.800 Y148.200 E7908.4583
G1 X148.200 Y148.200 E7910.3874
G1 X148.200 Y101.800 E7912.3165
G1 X101.800 Y101.800 E7914.2456
G0 F3900 X100.600 Y100.600
;TYPE:WALL-INNER
;WIDTH:0.400
;FLOW:90.0
G1 F2400 X149.400 Y100.600 E7916.0716
G1 X149.400 Y149.400 E7917.8976
G1 X100.600 Y149.400 E7919.7235
G1 X100.600 Y100.600 E7921.5495
G0 F3900 X101.400 Y101.400
G1 F2400 X101.400 Y148.600 E7923.3156
G1 X148.600 Y148.600 E7925.0817
G1 X148.600 Y101.400 E7926.8479
G1 X101.400 Y101.400 E7928.6140
G0 F3900 X101.000 Y101.200
;TYPE:GAP-FILL
;WIDTH:0.400
;FLOW:95.0
G1 F3600 X101.000 Y148.800 E7930.4940
;WIDTH:0.468
G1 X101.200 Y149.000 E7930.5071
;WIDTH:0.400
G1 X148.800 Y149.000 E7932.3871
;WIDTH:0.468
G1 X149.000 Y148.800 E7932.4002
;WIDTH:0.400
G1 X149.000 Y101.200 E7934.2802
;WIDTH:0.468
G1 X148.800 Y101.000 E7934.2933
;WIDTH:0.400
G1 X101.200 Y101.000 E7936.1733
;WIDTH:0.468
;WIDTH:0.469
G1 X101.034 Y101.034 E7936.1811
G1 X101.000 Y101.200 E7936.1890
;PRINTING_TIME: 5069
;REMAINING_TIME: 1174
;LAYER:154
;Z:38.750
;HEIGHT:0.250
;FLOW:100.0
;PRINTING: Flow_Calibration_Cube_0.4_mm.stl
;PRINTING_ID: 0
G1 F2400 E7933.1890
G1 F300 Z38.950
G0 F3900 X100.200 Y100.200
G0 F300 Z38.750
;TYPE:WALL-OUTER
;WIDTH:0.400
G1 F300 Z38.750
G1 F1500 E7936.1890
G1 F2100 X149.800 Y100.200 E7938.2511
G1 X149.800 Y149.800 E7940.3133
G1 X100.200 Y149.800 E7942.3754
G1 X100.200 Y100.200 E7944.4375
G1 F2400 E7941.4375
G1 F300 Z38.950
G0 F3900 X101.800 Y101.800
G1 F300 Z38.750
G1 F1500 E7944.4375
G1 F2100 X101.800 Y148.200 E7946.3666
G1 X148.200 Y148.200 E7948.2957
G1 X148.200 Y101.800 E7950.2248
G1 X101.800 Y101.800 E7952.1539
G0 F3900 X100.600 Y100.600
;TYPE:WALL-INNER
;WIDTH:0.400
;FLOW:90.0
G1 F2400 X149.400 Y100.600 E7953.9798
G1 X149.400 Y149.400 E7955.8058
G1 X100.600 Y149.400 E7957.6318
G1 X100.600 Y100.600 E7959.4578
G0 F3900 X101.400 Y101.400
G1 F2400 X101.400 Y148.600 E7961.2239
G1 X148.600 Y148.600 E7962.9900
G1 X148.600 Y101.400 E7964.7561
G1 X101.400 Y101.400 E7966.5222
G0 F3900 X101.000 Y101.200
;TYPE:GAP-FILL
;WIDTH:0.400
;FLOW:95.0
G1 F3600 X101.000 Y148.800 E7968.4023
;WIDTH:0.468
G1 X101.200 Y149.000 E7968.4153
;WIDTH:0.400
G1 X148.800 Y149.000 E7970.2954
;WIDTH:0.468
G1 X149.000 Y148.800 E7970.3084
;WIDTH:0.400
G1 X149.000 Y101.200 E7972.1885
;WIDTH:0.468
G1 X148.800 Y101.000 E7972.2015
;WIDTH:0.400
G1 X101.200 Y101.000 E7974.0816
;WIDTH:0.468
;WIDTH:0.469
G1 X101.034 Y101.034 E7974.0894
G1 X101.000 Y101.200 E7974.0973
;PRINTING_TIME: 5095
;REMAINING_TIME: 1149
;LAYER:155
;Z:39.000
;HEIGHT:0.250
;FLOW:100.0
;PRINTING: Flow_Calibration_Cube_0.4_mm.stl
;PRINTING_ID: 0
G1 F2400 E7971.0973
G1 F300 Z39.200
G0 F3900 X100.200 Y100.200
G0 F300 Z39.000
;TYPE:WALL-OUTER
;WIDTH:0.400
G1 F300 Z39.000
G1 F1500 E7974.0973
G1 F2100 X149.800 Y100.200 E7976.1594
G1 X149.800 Y149.800 E7978.2215
G1 X100.200 Y149.800 E7980.2836
G1 X100.200 Y100.200 E7982.3458
G1 F2400 E7979.3458
G1 F300 Z39.200
G0 F3900 X101.800 Y101.800
G1 F300 Z39.000
G1 F1500 E7982.3458
G1 F2100 X101.800 Y148.200 E7984.2749
G1 X148.200 Y148.200 E7986.2040
G1 X148.200 Y101.800 E7988.1330
G1 X101.800 Y101.800 E7990.0621
G0 F3900 X100.600 Y100.600
;TYPE:WALL-INNER
;WIDTH:0.400
;FLOW:90.0
G1 F2400 X149.400 Y100.600 E7991.8881
G1 X149.400 Y149.400 E7993.7141
G1 X100.600 Y149.400 E7995.5401
G1 X100.600 Y100.600 E7997.3661
G0 F3900 X101.400 Y101.400
G1 F2400 X101.400 Y148.600 E7999.1322
G1 X148.600 Y148.600 E8000.8983
G1 X148.600 Y101.400 E8002.6644
G1 X101.400 Y101.400 E8004.4305
G0 F3900 X101.000 Y101.200
;TYPE:GAP-FILL
;WIDTH:0.400
;FLOW:95.0
G1 F3600 X101.000 Y148.800 E8006.3105
;WIDTH:0.468
G1 X101.200 Y149.000 E8006.3236
;WIDTH:0.400
G1 X148.800 Y149.000 E8008.2036
;WIDTH:0.468
G1 X149.000 Y148.800 E8008.2167
;WIDTH:0.400
G1 X149.000 Y101.200 E8010.0967
;WIDTH:0.468
G1 X148.800 Y101.000 E8010.1098
;WIDTH:0.400
G1 X101.200 Y101.000 E8011.9898
;WIDTH:0.468
;WIDTH:0.469
G1 X101.034 Y101.034 E8011.9977
G1 X101.000 Y101.200 E8012.0055
;PRINTING_TIME: 5120
;REMAINING_TIME: 1123
;LAYER:156
;Z:39.250
;HEIGHT:0.250
;FLOW:100.0
;PRINTING: Flow_Calibration_Cube_0.4_mm.stl
;PRINTING_ID: 0
G1 F2400 E8009.0055
G1 F300 Z39.450
G0 F3900 X100.200 Y100.200
G0 F300 Z39.250
;TYPE:WALL-OUTER
;WIDTH:0.400
G1 F300 Z39.250
G1 F1500 E8012.0055
G1 F2100 X149.800 Y100.200 E8014.0677
G1 X149.800 Y149.800 E8016.1298
G1 X100.200 Y149.800 E8018.1919
G1 X100.200 Y100.200 E8020.2540
G1 F2400 E8017.2540
G1 F300 Z39.450
G0 F3900 X101.800 Y101.800
G1 F300 Z39.250
G1 F1500 E8020.2540
G1 F2100 X101.800 Y148.200 E8022.1831
G1 X148.200 Y148.200 E8024.1122
G1 X148.200 Y101.800 E8026.0413
G1 X101.800 Y101.800 E8027.9704
G0 F3900 X100.600 Y100.600
;TYPE:WALL-INNER
;WIDTH:0.400
;FLOW:90.0
G1 F2400 X149.400 Y100.600 E8029.7964
G1 X149.400 Y149.400 E8031.6224
G1 X100.600 Y149.400 E8033.4483
G1 X100.600 Y100.600 E8035.2743
G0 F3900 X101.400 Y101.400
G1 F2400 X101.400 Y148.600 E8037.0404
G1 X148.600 Y148.600 E8038.8065
G1 X148.600 Y101.400 E8040.5727
G1 X101.400 Y101.400 E8042.3388
G0 F3900 X101.000 Y101.200
;TYPE:GAP-FILL
;WIDTH:0.400
;FLOW:95.0
G1 F3600 X101.000 Y148.800 E8044.2188
;WIDTH:0.468
G1 X101.200 Y149.000 E8044.2319
;WIDTH:0.400
G1 X148.800 Y149.000 E8046.1119
;WIDTH:0.468
G1 X149.000 Y148.800 E8046.1250
;WIDTH:0.400
G1 X149.000 Y101.200 E8048.0050
;WIDTH:0.468
G1 X148.800 Y101.000 E8048.0181
;WIDTH:0.400
G1 X101.200 Y101.000 E8049.8981
;WIDTH:0.468
;WIDTH:0.469
G1 X101.034 Y101.034 E8049.9059
G1 X101.000 Y101.200 E8049.9138
;PRINTING_TIME: 5146
;REMAINING_TIME: 1098
;LAYER:157
;Z:39.500
;HEIGHT:0.250
;FLOW:100.0
;PRINTING: Flow_Calibration_Cube_0.4_mm.stl
;PRINTING_ID: 0
G1 F2400 E8046.9138
G1 F300 Z39.700
G0 F3900 X100.200 Y100.200
G0 F300 Z39.500
;TYPE:WALL-OUTER
;WIDTH:0.400
G1 F300 Z39.500
G1 F1500 E8049.9138
G1 F2100 X149.800 Y100.200 E8051.9759
G1 X149.800 Y149.800 E8054.0380
G1 X100.200 Y149.800 E8056.1002
G1 X100.200 Y100.200 E8058.1623
G1 F2400 E8055.1623
G1 F300 Z39.700
G0 F3900 X101.800 Y101.800
G1 F300 Z39.500
G1 F1500 E8058.1623
G1 F2100 X101.800 Y148.200 E8060.0914
G1 X148.200 Y148.200 E8062.0205
G1 X148.200 Y101.800 E8063.9496
G1 X101.800 Y101.800 E8065.8787
G0 F3900 X100.600 Y100.600
;TYPE:WALL-INNER
;WIDTH:0.400
;FLOW:90.0
G1 F2400 X149.400 Y100.600 E8067.7046
G1 X149.400 Y149.400 E8069.5306
G1 X100.600 Y149.400 E8071.3566
G1 X100.600 Y100.600 E8073.1826
G0 F3900 X101.400 Y101.400
G1 F2400 X101.400 Y148.600 E8074.9487
G1 X148.600 Y148.600 E8076.7148
G1 X148.600 Y101.400 E8078.4809
G1 X101.400 Y101.400 E8080.2470
G0 F3900 X101.000 Y101.200
;TYPE:GAP-FILL
;WIDTH:0.400
;FLOW:95.0
G1 F3600 X101.000 Y148.800 E8082.1271
;WIDTH:0.468
G1 X101.200 Y149.000 E8082.1401
;WIDTH:0.400
G1 X148.800 Y149.000 E8084.0202
;WIDTH:0.468
G1 X149.000 Y148.800 E8084.0332
;WIDTH:0.400
G1 X149.000 Y101.200 E8085.9133
;WIDTH:0.468
G1 X148.800 Y101.000 E8085.9263
;WIDTH:0.400
G1 X101.200 Y101.000 E8087.8064
;WIDTH:0.468
;WIDTH:0.469
G1 X101.034 Y101.034 E8087.8142
G1 X101.000 Y101.200 E8087.8221
;PRINTING_TIME: 5171
;REMAINING_TIME: 1072
;LAYER:158
;Z:39.750
;HEIGHT:0.250
;FLOW:100.0
;PRINTING: Flow_Calibration_Cube_0.4_mm.stl
;PRINTING_ID: 0
G1 F2400 E8084.8221
G1 F300 Z39.950
G0 F3900 X100.200 Y100.200
G0 F300 Z39.750
;TYPE:WALL-OUTER
;WIDTH:0.400
G1 F300 Z39.750
G1 F1500 E8087.8221
G1 F2100 X149.800 Y100.200 E8089.8842
G1 X149.800 Y149.800 E8091.9463
G1 X100.200 Y149.800 E8094.0084
G1 X100.200 Y100.200 E8096.0706
G1 F2400 E8093.0706
G1 F300 Z39.950
G0 F3900 X101.800 Y101.800
G1 F300 Z39.750
G1 F1500 E8096.0706
G1 F2100 X101.800 Y148.200 E8097.9997
G1 X148.200 Y148.200 E8099.9287
G1 X148.200 Y101.800 E8101.8578
G1 X101.800 Y101.800 E8103.7869
G0 F3900 X100.600 Y100.600
;TYPE:WALL-INNER
;WIDTH:0.400
;FLOW:90.0
G1 F2400 X149.400 Y100.600 E8105.6129
G1 X149.400 Y149.400 E8107.4389
G1 X100.600 Y149.400 E8109.2649
G1 X100.600 Y100.600 E8111.0908
G0 F3900 X101.400 Y101.400
G1 F2400 X101.400 Y148.600 E8112.8570
G1 X148.600 Y148.600 E8114.6231
G1 X148.600 Y101.400 E8116.3892
G1 X101.400 Y101.400 E8118.1553
G0 F3900 X101.000 Y101.200
;TYPE:GAP-FILL
;WIDTH:0.400
;FLOW:95.0
G1 F3600 X101.000 Y148.800 E8120.0353
;WIDTH:0.468
G1 X101.200 Y149.000 E8120.0484
;WIDTH:0.400
G1 X148.800 Y149.000 E8121.9284
;WIDTH:0.468
G1 X149.000 Y148.800 E8121.9415
;WIDTH:0.400
G1 X149.000 Y101.200 E8123.8215
;WIDTH:0.468
G1 X148.800 Y101.000 E8123.8346
;WIDTH:0.400
G1 X101.200 Y101.000 E8125.7146
;WIDTH:0.468
;WIDTH:0.469
G1 X101.034 Y101.034 E8125.7225
G1 X101.000 Y101.200 E8125.7303
;PRINTING_TIME: 5197
;REMAINING_TIME: 1047
;LAYER:159
;Z:40.000
;HEIGHT:0.250
;FLOW:100.0
;PRINTING: Flow_Calibration_Cube_0.4_mm.stl
;PRINTING_ID: 0
G1 F2400 E8122.7303
G1 F300 Z40.200
G0 F3900 X100.200 Y100.200
G0 F300 Z40.000
;TYPE:WALL-OUTER
;WIDTH:0.400
G1 F300 Z40.000
G1 F1500 E8125.7303
G1 F2100 X149.800 Y100.200 E8127.7924
G1 X149.800 Y149.800 E8129.8546
G1 X100.200 Y149.800 E8131.9167
G1 X100.200 Y100.200 E8133.9788
G1 F2400 E8130.9788
G1 F300 Z40.200
G0 F3900 X101.800 Y101.800
G1 F300 Z40.000
G1 F1500 E8133.9788
G1 F2100 X101.800 Y148.200 E8135.9079
G1 X148.200 Y148.200 E8137.8370
G1 X148.200 Y101.800 E8139.7661
G1 X101.800 Y101.800 E8141.6952
G0 F3900 X100.600 Y100.600
;TYPE:WALL-INNER
;WIDTH:0.400
;FLOW:90.0
G1 F2400 X149.400 Y100.600 E8143.5212
G1 X149.400 Y149.400 E8145.3471
G1 X100.600 Y149.400 E8147.1731
G1 X100.600 Y100.600 E8148.9991
G0 F3900 X101.400 Y101.400
G1 F2400 X101.400 Y148.600 E8150.7652
G1 X148.600 Y148.600 E8152.5313
G1 X148.600 Y101.400 E8154.2975
G1 X101.400 Y101.400 E8156.0636
G0 F3900 X101.000 Y101.200
;TYPE:GAP-FILL
;WIDTH:0.400
;FLOW:95.0
G1 F3600 X101.000 Y148.800 E8157.9436
;WIDTH:0.468
G1 X101.200 Y149.000 E8157.9567
;WIDTH:0.400
G1 X148.800 Y149.000 E8159.8367
;WIDTH:0.468
G1 X149.000 Y148.800 E8159.8498
;WIDTH:0.400
G1 X149.000 Y101.200 E8161.7298
;WIDTH:0.468
G1 X148.800 Y101.000 E8161.7429
;WIDTH:0.400
G1 X101.200 Y101.000 E8163.6229
;WIDTH:0.468
;WIDTH:0.469
G1 X101.034 Y101.034 E8163.6307
G1 X101.000 Y101.200 E8163.6386
;PRINTING_TIME: 5222
;REMAINING_TIME: 1021
;LAYER:160
;Z:40.250
;HEIGHT:0.250
;FLOW:100.0
;PRINTING: Flow_Calibration_Cube_0.4_mm.stl
;PRINTING_ID: 0
G1 F2400 E8160.6386
G1 F300 Z40.450
G0 F3900 X100.200 Y100.200
G0 F300 Z40.250
;TYPE:WALL-OUTER
;WIDTH:0.400
G1 F300 Z40.250
G1 F1500 E8163.6386
G1 F2100 X149.800 Y100.200 E8165.7007
G1 X149.800 Y149.800 E8167.7628
G1 X100.200 Y149.800 E8169.8250
G1 X100.200 Y100.200 E8171.8871
G1 F2400 E8168.8871
G1 F300 Z40.450
G0 F3900 X101.800 Y101.800
G1 F300 Z40.250
G1 F1500 E8171.8871
G1 F2100 X101.800 Y148.200 E8173.8162
G1 X148.200 Y148.200 E8175.7453
G1 X148.200 Y101.800 E8177.6744
G1 X101.800 Y101.800 E8179.6035
G0 F3900 X100.600 Y100.600
;TYPE:WALL-INNER
;WIDTH:0.400
;FLOW:90.0
G1 F2400 X149.400 Y100.600 E8181.4294
G1 X149.400 Y149.400 E8183.2554
G1 X100.600 Y149.400 E8185.0814
G1 X100.600 Y100.600 E8186.9074
G0 F3900 X101.400 Y101.400
G1 F2400 X101.400 Y148.600 E8188.6735
G1 X148.600 Y148.600 E8190.4396
G1 X148.600 Y101.400 E8192.2057
G1 X101.400 Y101.400 E8193.9718
G0 F3900 X101.000 Y101.200
;TYPE:GAP-FILL
;WIDTH:0.400
;FLOW:95.0
G1 F3600 X101.000 Y148.800 E8195.8519
;WIDTH:0.468
G1 X101.200 Y149.000 E8195.8649
;WIDTH:0.400
G1 X148.800 Y149.000 E8197.7450
;WIDTH:0.468
G1 X149.000 Y148.800 E8197.7580
;WIDTH:0.400
G1 X149.000 Y101.200 E8199.6381
;WIDTH:0.468
G1 X148.800 Y101.000 E8199.6511
;WIDTH:0.400
G1 X101.200 Y101.000 E8201.5312
;WIDTH:0.468
;WIDTH:0.469
G1 X101.034 Y101.034 E8201.5390
G1 X101.000 Y101.200 E8201.5469
;PRINTING_TIME: 5248
;REMAINING_TIME: 995
;LAYER:161
;Z:40.500
;HEIGHT:0.250
;FLOW:100.0
;PRINTING: Flow_Calibration_Cube_0.4_mm.stl
;PRINTING_ID: 0
G1 F2400 E8198.5469
G1 F300 Z40.700
G0 F3900 X100.200 Y100.200
G0 F300 Z40.500
;TYPE:WALL-OUTER
;WIDTH:0.400
G1 F300 Z40.500
G1 F1500 E8201.5469
G1 F2100 X149.800 Y100.200 E8203.6090
G1 X149.800 Y149.800 E8205.6711
G1 X100.200 Y149.800 E8207.7332
G1 X100.200 Y100.200 E8209.7954
G1 F2400 E8206.7954
G1 F300 Z40.700
G0 F3900 X101.800 Y101.800
G1 F300 Z40.500
G1 F1500 E8209.7954
G1 F2100 X101.800 Y148.200 E8211.7245
G1 X148.200 Y148.200 E8213.6535
G1 X148.200 Y101.800 E8215.5826
G1 X101.800 Y101.800 E8217.5117
G0 F3900 X100.600 Y100.600
;TYPE:WALL-INNER
;WIDTH:0.400
;FLOW:90.0
G1 F2400 X149.400 Y100.600 E8219.3377
G1 X149.400 Y149.400 E8221.1637
G1 X100.600 Y149.400 E8222.9897
G1 X100.600 Y100.600 E8224.8156
G0 F3900 X101.400 Y101.400
G1 F2400 X101.400 Y148.600 E8226.5818
G1 X148.600 Y148.600 E8228.3479
G1 X148.600 Y101.400 E8230.1140
G1 X101.400 Y101.400 E8231.8801
G0 F3900 X101.000 Y101.200
;TYPE:GAP-FILL
;WIDTH:0.400
;FLOW:95.0
G1 F3600 X101.000 Y148.800 E8233.7601
;WIDTH:0.468
G1 X101.200 Y149.000 E8233.7732
;WIDTH:0.400
G1 X148.800 Y149.000 E8235.6532
;WIDTH:0.468
G1 X149.000 Y148.800 E8235.6663
;WIDTH:0.400
G1 X149.000 Y101.200 E8237.5463
;WIDTH:0.468
G1 X148.800 Y101.000 E8237.5594
;WIDTH:0.400
G1 X101.200 Y101.000 E8239.4394
;WIDTH:0.468
;WIDTH:0.469
G1 X101.034 Y101.034 E8239.4473
G1 X101.000 Y101.200 E8239.4551
;PRINTING_TIME: 5273
;REMAINING_TIME: 970
;LAYER:162
;Z:40.750
;HEIGHT:0.250
;FLOW:100.0
;PRINTING: Flow_Calibration_Cube_0.4_mm.stl
;PRINTING_ID: 0
G1 F2400 E8236.4551
G1 F300 Z40.950
G0 F3900 X100.200 Y100.200
G0 F300 Z40.750
;TYPE:WALL-OUTER
;WIDTH:0.400
G1 F300 Z40.750
G1 F1500 E8239.4551
G1 F2100 X149.800 Y100.200 E8241.5172
G1 X149.800 Y149.800 E8243.5794
G1 X100.200 Y149.800 E8245.6415
G1 X100.200 Y100.200 E8247.7036
G1 F2400 E8244.7036
G1 F300 Z40.950
G0 F3900 X101.800 Y101.800
G1 F300 Z40.750
G1 F1500 E8247.7036
G1 F2100 X101.800 Y148.200 E8249.6327
G1 X148.200 Y148.200 E8251.5618
G1 X148.200 Y101.800 E8253.4909
G1 X101.800 Y101.800 E8255.4200
G0 F3900 X100.600 Y100.600
;TYPE:WALL-INNER
;WIDTH:0.400
;FLOW:90.0
G1 F2400 X149.400 Y100.600 E8257.2460
G1 X149.400 Y149.400 E8259.0719
G1 X100.600 Y149.400 E8260.8979
G1 X100.600 Y100.600 E8262.7239
G0 F3900 X101.400 Y101.400
G1 F2400 X101.400 Y148.600 E8264.4900
G1 X148.600 Y148.600 E8266.2561
G1 X148.600 Y101.400 E8268.0222
G1 X101.400 Y101.400 E8269.7884
G0 F3900 X101.000 Y101.200
;TYPE:GAP-FILL
;WIDTH:0.400
;FLOW:95.0
G1 F3600 X101.000 Y148.800 E8271.6684
;WIDTH:0.468
G1 X101.200 Y149.000 E8271.6815
;WIDTH:0.400
G1 X148.800 Y149.000 E8273.5615
;WIDTH:0.468
G1 X149.000 Y148.800 E8273.5746
;WIDTH:0.400
G1 X149.000 Y101.200 E8275.4546
;WIDTH:0.468
G1 X148.800 Y101.000 E8275.4677
;WIDTH:0.400
G1 X101.200 Y101.000 E8277.3477
;WIDTH:0.468
;WIDTH:0.469
G1 X101.034 Y101.034 E8277.3555
G1 X101.000 Y101.200 E8277.3634
;PRINTING_TIME: 5299
;REMAINING_TIME: 944
;LAYER:163
;Z:41.000
;HEIGHT:0.250
;FLOW:100.0
;PRINTING: Flow_Calibration_Cube_0.4_mm.stl
;PRINTING_ID: 0
G1 F2400 E8274.3634
G1 F300 Z41.200
G0 F3900 X100.200 Y100.200
G0 F300 Z41.000
;TYPE:WALL-OUTER
;WIDTH:0.400
G1 F300 Z41.000
G1 F1500 E8277.3634
G1 F2100 X149.800 Y100.200 E8279.4255
G1 X149.800 Y149.800 E8281.4876
G1 X100.200 Y149.800 E8283.5498
G1 X100.200 Y100.200 E8285.6119
G1 F2400 E8282.6119
G1 F300 Z41.200
G0 F3900 X101.800 Y101.800
G1 F300 Z41.000
G1 F1500 E8285.6119
G1 F2100 X101.800 Y148.200 E8287.5410
G1 X148.200 Y148.200 E8289.4701
G1 X148.200 Y101.800 E8291.3992
G1 X101.800 Y101.800 E8293.3282
G0 F3900 X100.600 Y100.600
;TYPE:WALL-INNER
;WIDTH:0.400
;FLOW:90.0
G1 F2400 X149.400 Y100.600 E8295.1542
G1 X149.400 Y149.400 E8296.9802
G1 X100.600 Y149.400 E8298.8062
G1 X100.600 Y100.600 E8300.6322
G0 F3900 X101.400 Y101.400
G1 F2400 X101.400 Y148.600 E8302.3983
G1 X148.600 Y148.600 E8304.1644
G1 X148.600 Y101.400 E8305.9305
G1 X101.400 Y101.400 E8307.6966
G0 F3900 X101.000 Y101.200
;TYPE:GAP-FILL
;WIDTH:0.400
;FLOW:95.0
G1 F3600 X101.000 Y148.800 E8309.5767
;WIDTH:0.468
G1 X101.200 Y149.000 E8309.5897
;WIDTH:0.400
G1 X148.800 Y149.000 E8311.4698
;WIDTH:0.468
G1 X149.000 Y148.800 E8311.4828
;WIDTH:0.400
G1 X149.000 Y101.200 E8313.3629
;WIDTH:0.468
G1 X148.800 Y101.000 E8313.3759
;WIDTH:0.400
G1 X101.200 Y101.000 E8315.2560
;WIDTH:0.468
;WIDTH:0.469
G1 X101.034 Y101.034 E8315.2638
G1 X101.000 Y101.200 E8315.2716
;PRINTING_TIME: 5325
;REMAINING_TIME: 919
;LAYER:164
;Z:41.250
;HEIGHT:0.250
;FLOW:100.0
;PRINTING: Flow_Calibration_Cube_0.4_mm.stl
;PRINTING_ID: 0
G1 F2400 E8312.2716
G1 F300 Z41.450
G0 F3900 X100.200 Y100.200
G0 F300 Z41.250
;TYPE:WALL-OUTER
;WIDTH:0.400
G1 F300 Z41.250
G1 F1500 E8315.2716
G1 F2100 X149.800 Y100.200 E8317.3338
G1 X149.800 Y149.800 E8319.3959
G1 X100.200 Y149.800 E8321.4580
G1 X100.200 Y100.200 E8323.5202
G1 F2400 E8320.5202
G1 F300 Z41.450
G0 F3900 X101.800 Y101.800
G1 F300 Z41.250
G1 F1500 E8323.5202
G1 F2100 X101.800 Y148.200 E8325.4492
G1 X148.200 Y148.200 E8327.3783
G1 X148.200 Y101.800 E8329.3074
G1 X101.800 Y101.800 E8331.2365
G0 F3900 X100.600 Y100.600
;TYPE:WALL-INNER
;WIDTH:0.400
;FLOW:90.0
G1 F2400 X149.400 Y100.600 E8333.0625
G1 X149.400 Y149.400 E8334.8885
G1 X100.600 Y149.400 E8336.7145
G1 X100.600 Y100.600 E8338.5404
G0 F3900 X101.400 Y101.400
G1 F2400 X101.400 Y148.600 E8340.3065
G1 X148.600 Y148.600 E8342.0727
G1 X148.600 Y101.400 E8343.8388
G1 X101.400 Y101.400 E8345.6049
G0 F3900 X101.000 Y101.200
;TYPE:GAP-FILL
;WIDTH:0.400
;FLOW:95.0
G1 F3600 X101.000 Y148.800 E8347.4849
;WIDTH:0.468
G1 X101.200 Y149.000 E8347.4980
;WIDTH:0.400
G1 X148.800 Y149.000 E8349.3780
;WIDTH:0.468
G1 X149.000 Y148.800 E8349.3911
;WIDTH:0.400
G1 X149.000 Y101.200 E8351.2711
;WIDTH:0.468
G1 X148.800 Y101.000 E8351.2842
;WIDTH:0.400
G1 X101.200 Y101.000 E8353.1642
;WIDTH:0.468
;WIDTH:0.469
G1 X101.034 Y101.034 E8353.1721
G1 X101.000 Y101.200 E8353.1799
;PRINTING_TIME: 5350
;REMAINING_TIME: 893
;LAYER:165
;Z:41.500
;HEIGHT:0.250
;FLOW:100.0
;PRINTING: Flow_Calibration_Cube_0.4_mm.stl
;PRINTING_ID: 0
G1 F2400 E8350.1799
G1 F300 Z41.700
G0 F3900 X100.200 Y100.200
G0 F300 Z41.500
;TYPE:WALL-OUTER
;WIDTH:0.400
G1 F300 Z41.500
G1 F1500 E8353.1799
G1 F2100 X149.800 Y100.200 E8355.2420
G1 X149.800 Y149.800 E8357.3042
G1 X100.200 Y149.800 E8359.3663
G1 X100.200 Y100.200 E8361.4284
G1 F2400 E8358.4284
G1 F300 Z41.700
G0 F3900 X101.800 Y101.800
G1 F300 Z41.500
G1 F1500 E8361.4284
G1 F2100 X101.800 Y148.200 E8363.3575
G1 X148.200 Y148.200 E8365.2866
G1 X148.200 Y101.800 E8367.2157
G1 X101.800 Y101.800 E8369.1448
G0 F3900 X100.600 Y100.600
;TYPE:WALL-INNER
;WIDTH:0.400
;FLOW:90.0
G1 F2400 X149.400 Y100.600 E8370.9708
G1 X149.400 Y149.400 E8372.7967
G1 X100.600 Y149.400 E8374.6227
G1 X100.600 Y100.600 E8376.4487
G0 F3900 X101.400 Y101.400
G1 F2400 X101.400 Y148.600 E8378.2148
G1 X148.600 Y148.600 E8379.9809
G1 X148.600 Y101.400 E8381.7470
G1 X101.400 Y101.400 E8383.5132
G0 F3900 X101.000 Y101.200
;TYPE:GAP-FILL
;WIDTH:0.400
;FLOW:95.0
G1 F3600 X101.000 Y148.800 E8385.3932
;WIDTH:0.468
G1 X101.200 Y149.000 E8385.4063
;WIDTH:0.400
G1 X148.800 Y149.000 E8387.2863
;WIDTH:0.468
G1 X149.000 Y148.800 E8387.2994
;WIDTH:0.400
G1 X149.000 Y101.200 E8389.1794
;WIDTH:0.468
G1 X148.800 Y101.000 E8389.1925
;WIDTH:0.400
G1 X101.200 Y101.000 E8391.0725
;WIDTH:0.468
;WIDTH:0.469
G1 X101.034 Y101.034 E8391.0803
G1 X101.000 Y101.200 E8391.0882
;PRINTING_TIME: 5376
;REMAINING_TIME: 868
;LAYER:166
;Z:41.750
;HEIGHT:0.250
;FLOW:100.0
;PRINTING: Flow_Calibration_Cube_0.4_mm.stl
;PRINTING_ID: 0
G1 F2400 E8388.0882
G1 F300 Z41.950
G0 F3900 X100.200 Y100.200
G0 F300 Z41.750
;TYPE:WALL-OUTER
;WIDTH:0.400
G1 F300 Z41.750
G1 F1500 E8391.0882
G1 F2100 X149.800 Y100.200 E8393.1503
G1 X149.800 Y149.800 E8395.2124
G1 X100.200 Y149.800 E8397.2746
G1 X100.200 Y100.200 E8399.3367
G1 F2400 E8396.3367
G1 F300 Z41.950
G0 F3900 X101.800 Y101.800
G1 F300 Z41.750
G1 F1500 E8399.3367
G1 F2100 X101.800 Y148.200 E8401.2658
G1 X148.200 Y148.200 E8403.1949
G1 X148.200 Y101.800 E8405.1240
G1 X101.800 Y101.800 E8407.0530
G0 F3900 X100.600 Y100.600
;TYPE:WALL-INNER
;WIDTH:0.400
;FLOW:90.0
G1 F2400 X149.400 Y100.600 E8408.8790
G1 X149.400 Y149.400 E8410.7050
G1 X100.600 Y149.400 E8412.5310
G1 X100.600 Y100.600 E8414.3570
G0 F3900 X101.400 Y101.400
G1 F2400 X101.400 Y148.600 E8416.1231
G1 X148.600 Y148.600 E8417.8892
G1 X148.600 Y101.400 E8419.6553
G1 X101.400 Y101.400 E8421.4214
G0 F3900 X101.000 Y101.200
;TYPE:GAP-FILL
;WIDTH:0.400
;FLOW:95.0
G1 F3600 X101.000 Y148.800 E8423.3014
;WIDTH:0.468
G1 X101.200 Y149.000 E8423.3145
;WIDTH:0.400
G1 X148.800 Y149.000 E8425.1945
;WIDTH:0.468
G1 X149.000 Y148.800 E8425.2076
;WIDTH:0.400
G1 X149.000 Y101.200 E8427.0876
;WIDTH:0.468
G1 X148.800 Y101.000 E8427.1007
;WIDTH:0.400
G1 X101.200 Y101.000 E8428.9807
;WIDTH:0.468
;WIDTH:0.469
G1 X101.034 Y101.034 E8428.9886
G1 X101.000 Y101.200 E8428.9964
;PRINTING_TIME: 5401
;REMAINING_TIME: 842
;LAYER:167
;Z:42.000
;HEIGHT:0.250
;FLOW:100.0
;PRINTING: Flow_Calibration_Cube_0.4_mm.stl
;PRINTING_ID: 0
G1 F2400 E8425.9964
G1 F300 Z42.200
G0 F3900 X100.200 Y100.200
G0 F300 Z42.000
;TYPE:WALL-OUTER
;WIDTH:0.400
G1 F300 Z42.000
G1 F1500 E8428.9964
G1 F2100 X149.800 Y100.200 E8431.0586
G1 X149.800 Y149.800 E8433.1207
G1 X100.200 Y149.800 E8435.1828
G1 X100.200 Y100.200 E8437.2450
G1 F2400 E8434.2450
G1 F300 Z42.200
G0 F3900 X101.800 Y101.800
G1 F300 Z42.000
G1 F1500 E8437.2450
G1 F2100 X101.800 Y148.200 E8439.1740
G1 X148.200 Y148.200 E8441.1031
G1 X148.200 Y101.800 E8443.0322
G1 X101.800 Y101.800 E8444.9613
G0 F3900 X100.600 Y100.600
;TYPE:WALL-INNER
;WIDTH:0.400
;FLOW:90.0
G1 F2400 X149.400 Y100.600 E8446.7873
G1 X149.400 Y149.400 E8448.6133
G1 X100.600 Y149.400 E8450.4392
G1 X100.600 Y100.600 E8452.2652
G0 F3900 X101.400 Y101.400
G1 F2400 X101.400 Y148.600 E8454.0313
G1 X148.600 Y148.600 E8455.7975
G1 X148.600 Y101.400 E8457.5636
G1 X101.400 Y101.400 E8459.3297
G0 F3900 X101.000 Y101.200
;TYPE:GAP-FILL
;WIDTH:0.400
;FLOW:95.0
G1 F3600 X101.000 Y148.800 E8461.2097
;WIDTH:0.468
G1 X101.200 Y149.000 E8461.2228
;WIDTH:0.400
G1 X148.800 Y149.000 E8463.1028
;WIDTH:0.468
G1 X149.000 Y148.800 E8463.1159
;WIDTH:0.400
G1 X149.000 Y101.200 E8464.9959
;WIDTH:0.468
G1 X148.800 Y101.000 E8465.0090
;WIDTH:0.400
G1 X101.200 Y101.000 E8466.8890
;WIDTH:0.468
;WIDTH:0.469
G1 X101.034 Y101.034 E8466.8969
G1 X101.000 Y101.200 E8466.9047
;PRINTING_TIME: 5427
;REMAINING_TIME: 817
;LAYER:168
;Z:42.250
;HEIGHT:0.250
;FLOW:100.0
;PRINTING: Flow_Calibration_Cube_0.4_mm.stl
;PRINTING_ID: 0
G1 F2400 E8463.9047
G1 F300 Z42.450
G0 F3900 X100.200 Y100.200
G0 F300 Z42.250
;TYPE:WALL-OUTER
;WIDTH:0.400
G1 F300 Z42.250
G1 F1500 E8466.9047
G1 F2100 X149.800 Y100.200 E8468.9668
G1 X149.800 Y149.800 E8471.0290
G1 X100.200 Y149.800 E8473.0911
G1 X100.200 Y100.200 E8475.1532
G1 F2400 E8472.1532
G1 F300 Z42.450
G0 F3900 X101.800 Y101.800
G1 F300 Z42.250
G1 F1500 E8475.1532
G1 F2100 X101.800 Y148.200 E8477.0823
G1 X148.200 Y148.200 E8479.0114
G1 X148.200 Y101.800 E8480.9405
G1 X101.800 Y101.800 E8482.8696
G0 F3900 X100.600 Y100.600
;TYPE:WALL-INNER
;WIDTH:0.400
;FLOW:90.0
G1 F2400 X149.400 Y100.600 E8484.6956
G1 X149.400 Y149.400 E8486.5215
G1 X100.600 Y149.400 E8488.3475
G1 X100.600 Y100.600 E8490.1735
G0 F3900 X101.400 Y101.400
G1 F2400 X101.400 Y148.600 E8491.9396
G1 X148.600 Y148.600 E8493.7057
G1 X148.600 Y101.400 E8495.4718
G1 X101.400 Y101.400 E8497.2379
G0 F3900 X101.000 Y101.200
;TYPE:GAP-FILL
;WIDTH:0.400
;FLOW:95.0
G1 F3600 X101.000 Y148.800 E8499.1180
;WIDTH:0.468
G1 X101.200 Y149.000 E8499.1310
;WIDTH:0.400
G1 X148.800 Y149.000 E8501.0111
;WIDTH:0.468
G1 X149.000 Y148.800 E8501.0241
;WIDTH:0.400
G1 X149.000 Y101.200 E8502.9042
;WIDTH:0.468
G1 X148.800 Y101.000 E8502.9172
;WIDTH:0.400
G1 X101.200 Y101.000 E8504.7973
;WIDTH:0.468
;WIDTH:0.469
G1 X101.034 Y101.034 E8504.8051
G1 X101.000 Y101.200 E8504.8130
;PRINTING_TIME: 5452
;REMAINING_TIME: 791
;LAYER:169
;Z:42.500
;HEIGHT:0.250
;FLOW:100.0
;PRINTING: Flow_Calibration_Cube_0.4_mm.stl
;PRINTING_ID: 0
G1 F2400 E8501.8130
G1 F300 Z42.700
G0 F3900 X100.200 Y100.200
G0 F300 Z42.500
;TYPE:WALL-OUTER
;WIDTH:0.400
G1 F300 Z42.500
G1 F1500 E8504.8130
G1 F2100 X149.800 Y100.200 E8506.8751
G1 X149.800 Y149.800 E8508.9372
G1 X100.200 Y149.800 E8510.9994
G1 X100.200 Y100.200 E8513.0615
G1 F2400 E8510.0615
G1 F300 Z42.700
G0 F3900 X101.800 Y101.800
G1 F300 Z42.500
G1 F1500 E8513.0615
G1 F2100 X101.800 Y148.200 E8514.9906
G1 X148.200 Y148.200 E8516.9197
G1 X148.200 Y101.800 E8518.8487
G1 X101.800 Y101.800 E8520.7778
G0 F3900 X100.600 Y100.600
;TYPE:WALL-INNER
;WIDTH:0.400
;FLOW:90.0
G1 F2400 X149.400 Y100.600 E8522.6038
G1 X149.400 Y149.400 E8524.4298
G1 X100.600 Y149.400 E8526.2558
G1 X100.600 Y100.600 E8528.0818
G0 F3900 X101.400 Y101.400
G1 F2400 X101.400 Y148.600 E8529.8479
G1 X148.600 Y148.600 E8531.6140
G1 X148.600 Y101.400 E8533.3801
G1 X101.400 Y101.400 E8535.1462
G0 F3900 X101.000 Y101.200
;TYPE:GAP-FILL
;WIDTH:0.400
;FLOW:95.0
G1 F3600 X101.000 Y148.800 E8537.0262
;WIDTH:0.468
G1 X101.200 Y149.000 E8537.0393
;WIDTH:0.400
G1 X148.800 Y149.000 E8538.9193
;WIDTH:0.468
G1 X149.000 Y148.800 E8538.9324
;WIDTH:0.400
G1 X149.000 Y101.200 E8540.8124
;WIDTH:0.468
G1 X148.800 Y101.000 E8540.8255
;WIDTH:0.400
G1 X101.200 Y101.000 E8542.7055
;WIDTH:0.468
;WIDTH:0.469
G1 X101.034 Y101.034 E8542.7134
G1 X101.000 Y101.200 E8542.7212
;PRINTING_TIME: 5478
;REMAINING_TIME: 766
;LAYER:170
;Z:42.750
;HEIGHT:0.250
;FLOW:100.0
;PRINTING: Flow_Calibration_Cube_0.4_mm.stl
;PRINTING_ID: 0
G1 F2400 E8539.7212
G1 F300 Z42.950
G0 F3900 X100.200 Y100.200
G0 F300 Z42.750
;TYPE:WALL-OUTER
;WIDTH:0.400
G1 F300 Z42.750
G1 F1500 E8542.7212
G1 F2100 X149.800 Y100.200 E8544.7834
G1 X149.800 Y149.800 E8546.8455
G1 X100.200 Y149.800 E8548.9076
G1 X100.200 Y100.200 E8550.9697
G1 F2400 E8547.9697
G1 F300 Z42.950
G0 F3900 X101.800 Y101.800
G1 F300 Z42.750
G1 F1500 E8550.9697
G1 F2100 X101.800 Y148.200 E8552.8988
G1 X148.200 Y148.200 E8554.8279
G1 X148.200 Y101.800 E8556.7570
G1 X101.800 Y101.800 E8558.6861
G0 F3900 X100.600 Y100.600
;TYPE:WALL-INNER
;WIDTH:0.400
;FLOW:90.0
G1 F2400 X149.400 Y100.600 E8560.5121
G1 X149.400 Y149.400 E8562.3381
G1 X100.600 Y149.400 E8564.1640
G1 X100.600 Y100.600 E8565.9900
G0 F3900 X101.400 Y101.400
G1 F2400 X101.400 Y148.600 E8567.7561
G1 X148.600 Y148.600 E8569.5223
G1 X148.600 Y101.400 E8571.2884
G1 X101.400 Y101.400 E8573.0545
G0 F3900 X101.000 Y101.200
;TYPE:GAP-FILL
;WIDTH:0.400
;FLOW:95.0
G1 F3600 X101.000 Y148.800 E8574.9345
;WIDTH:0.468
G1 X101.200 Y149.000 E8574.9476
;WIDTH:0.400
G1 X148.800 Y149.000 E8576.8276
;WIDTH:0.468
G1 X149.000 Y148.800 E8576.8407
;WIDTH:0.400
G1 X149.000 Y101.200 E8578.7207
;WIDTH:0.468
G1 X148.800 Y101.000 E8578.7338
;WIDTH:0.400
G1 X101.200 Y101.000 E8580.6138
;WIDTH:0.468
;WIDTH:0.469
G1 X101.034 Y101.034 E8580.6217
G1 X101.000 Y101.200 E8580.6295
;PRINTING_TIME: 5503
;REMAINING_TIME: 740
;LAYER:171
;Z:43.000
;HEIGHT:0.250
;FLOW:100.0
;PRINTING: Flow_Calibration_Cube_0.4_mm.stl
;PRINTING_ID: 0
G1 F2400 E8577.6295
G1 F300 Z43.200
G0 F3900 X100.200 Y100.200
G0 F300 Z43.000
;TYPE:WALL-OUTER
;WIDTH:0.400
G1 F300 Z43.000
G1 F1500 E8580.6295
G1 F2100 X149.800 Y100.200 E8582.6916
G1 X149.800 Y149.800 E8584.7538
G1 X100.200 Y149.800 E8586.8159
G1 X100.200 Y100.200 E8588.8780
G1 F2400 E8585.8780
G1 F300 Z43.200
G0 F3900 X101.800 Y101.800
G1 F300 Z43.000
G1 F1500 E8588.8780
G1 F2100 X101.800 Y148.200 E8590.8071
G1 X148.200 Y148.200 E8592.7362
G1 X148.200 Y101.800 E8594.6653
G1 X101.800 Y101.800 E8596.5944
G0 F3900 X100.600 Y100.600
;TYPE:WALL-INNER
;WIDTH:0.400
;FLOW:90.0
G1 F2400 X149.400 Y100.600 E8598.4203
G1 X149.400 Y149.400 E8600.2463
G1 X100.600 Y149.400 E8602.0723
G1 X100.600 Y100.600 E8603.8983
G0 F3900 X101.400 Y101.400
G1 F2400 X101.400 Y148.600 E8605.6644
G1 X148.600 Y148.600 E8607.4305
G1 X148.600 Y101.400 E8609.1966
G1 X101.400 Y101.400 E8610.9627
G0 F3900 X101.000 Y101.200
;TYPE:GAP-FILL
;WIDTH:0.400
;FLOW:95.0
G1 F3600 X101.000 Y148.800 E8612.8428
;WIDTH:0.468
G1 X101.200 Y149.000 E8612.8558
;WIDTH:0.400
G1 X148.800 Y149.000 E8614.7359
;WIDTH:0.468
G1 X149.000 Y148.800 E8614.7489
;WIDTH:0.400
G1 X149.000 Y101.200 E8616.6290
;WIDTH:0.468
G1 X148.800 Y101.000 E8616.6420
;WIDTH:0.400
G1 X101.200 Y101.000 E8618.5221
;WIDTH:0.468
;WIDTH:0.469
G1 X101.034 Y101.034 E8618.5299
G1 X101.000 Y101.200 E8618.5378
;PRINTING_TIME: 5529
;REMAINING_TIME: 715
;LAYER:172
;Z:43.250
;HEIGHT:0.250
;FLOW:100.0
;PRINTING: Flow_Calibration_Cube_0.4_mm.stl
;PRINTING_ID: 0
G1 F2400 E8615.5378
G1 F300 Z43.450
G0 F3900 X100.200 Y100.200
G0 F300 Z43.250
;TYPE:WALL-OUTER
;WIDTH:0.400
G1 F300 Z43.250
G1 F1500 E8618.5378
G1 F2100 X149.800 Y100.200 E8620.5999
G1 X149.800 Y149.800 E8622.6620
G1 X100.200 Y149.800 E8624.7241
G1 X100.200 Y100.200 E8626.7863
G1 F2400 E8623.7863
G1 F300 Z43.450
G0 F3900 X101.800 Y101.800
G1 F300 Z43.250
G1 F1500 E8626.7863
G1 F2100 X101.800 Y148.200 E8628.7154
G1 X148.200 Y148.200 E8630.6445
G1 X148.200 Y101.800 E8632.5735
G1 X101.800 Y101.800 E8634.5026
G0 F3900 X100.600 Y100.600
;TYPE:WALL-INNER
;WIDTH:0.400
;FLOW:90.0
G1 F2400 X149.400 Y100.600 E8636.3286
G1 X149.400 Y149.400 E8638.1546
G1 X100.600 Y149.400 E8639.9806
G1 X100.600 Y100.600 E8641.8066
G0 F3900 X101.400 Y101.400
G1 F2400 X101.400 Y148.600 E8643.5727
G1 X148.600 Y148.600 E8645.3388
G1 X148.600 Y101.400 E8647.1049
G1 X101.400 Y101.400 E8648.8710
G0 F3900 X101.000 Y101.200
;TYPE:GAP-FILL
;WIDTH:0.400
;FLOW:95.0
G1 F3600 X101.000 Y148.800 E8650.7510
;WIDTH:0.468
G1 X101.200 Y149.000 E8650.7641
;WIDTH:0.400
G1 X148.800 Y149.000 E8652.6441
;WIDTH:0.468
G1 X149.000 Y148.800 E8652.6572
;WIDTH:0.400
G1 X149.000 Y101.200 E8654.5372
;WIDTH:0.468
G1 X148.800 Y101.000 E8654.5503
;WIDTH:0.400
G1 X101.200 Y101.000 E8656.4303
;WIDTH:0.468
;WIDTH:0.469
G1 X101.034 Y101.034 E8656.4382
G1 X101.000 Y101.200 E8656.4460
;PRINTING_TIME: 5554
;REMAINING_TIME: 689
;LAYER:173
;Z:43.500
;HEIGHT:0.250
;FLOW:100.0
;PRINTING: Flow_Calibration_Cube_0.4_mm.stl
;PRINTING_ID: 0
G1 F2400 E8653.4460
G1 F300 Z43.700
G0 F3900 X100.200 Y100.200
G0 F300 Z43.500
;TYPE:WALL-OUTER
;WIDTH:0.400
G1 F300 Z43.500
G1 F1500 E8656.4460
G1 F2100 X149.800 Y100.200 E8658.5082
G1 X149.800 Y149.800 E8660.5703
G1 X100.200 Y149.800 E8662.6324
G1 X100.200 Y100.200 E8664.6945
G1 F2400 E8661.6945
G1 F300 Z43.700
G0 F3900 X101.800 Y101.800
G1 F300 Z43.500
G1 F1500 E8664.6945
G1 F2100 X101.800 Y148.200 E8666.6236
G1 X148.200 Y148.200 E8668.5527
G1 X148.200 Y101.800 E8670.4818
G1 X101.800 Y101.800 E8672.4109
G0 F3900 X100.600 Y100.600
;TYPE:WALL-INNER
;WIDTH:0.400
;FLOW:90.0
G1 F2400 X149.400 Y100.600 E8674.2369
G1 X149.400 Y149.400 E8676.0629
G1 X100.600 Y149.400 E8677.8888
G1 X100.600 Y100.600 E8679.7148
G0 F3900 X101.400 Y101.400
G1 F2400 X101.400 Y148.600 E8681.4809
G1 X148.600 Y148.600 E8683.2470
G1 X148.600 Y101.400 E8685.0132
G1 X101.400 Y101.400 E8686.7793
G0 F3900 X101.000 Y101.200
;TYPE:GAP-FILL
;WIDTH:0.400
;FLOW:95.0
G1 F3600 X101.000 Y148.800 E8688.6593
;WIDTH:0.468
G1 X101.200 Y149.000 E8688.6724
;WIDTH:0.400
G1 X148.800 Y149.000 E8690.5524
;WIDTH:0.468
G1 X149.000 Y148.800 E8690.5655
;WIDTH:0.400
G1 X149.000 Y101.200 E8692.4455
;WIDTH:0.468
G1 X148.800 Y101.000 E8692.4586
;WIDTH:0.400
G1 X101.200 Y101.000 E8694.3386
;WIDTH:0.468
;WIDTH:0.469
G1 X101.034 Y101.034 E8694.3464
G1 X101.000 Y101.200 E8694.3543
;PRINTING_TIME: 5580
;REMAINING_TIME: 664
;LAYER:174
;Z:43.750
;HEIGHT:0.250
;FLOW:100.0
;PRINTING: Flow_Calibration_Cube_0.4_mm.stl
;PRINTING_ID: 0
G1 F2400 E8691.3543
G1 F300 Z43.950
G0 F3900 X100.200 Y100.200
G0 F300 Z43.750
;TYPE:WALL-OUTER
;WIDTH:0.400
G1 F300 Z43.750
G1 F1500 E8694.3543
G1 F2100 X149.800 Y100.200 E8696.4164
G1 X149.800 Y149.800 E8698.4785
G1 X100.200 Y149.800 E8700.5407
G1 X100.200 Y100.200 E8702.6028
G1 F2400 E8699.6028
G1 F300 Z43.950
G0 F3900 X101.800 Y101.800
G1 F300 Z43.750
G1 F1500 E8702.6028
G1 F2100 X101.800 Y148.200 E8704.5319
G1 X148.200 Y148.200 E8706.4610
G1 X148.200 Y101.800 E8708.3901
G1 X101.800 Y101.800 E8710.3192
G0 F3900 X100.600 Y100.600
;TYPE:WALL-INNER
;WIDTH:0.400
;FLOW:90.0
G1 F2400 X149.400 Y100.600 E8712.1451
G1 X149.400 Y149.400 E8713.9711
G1 X100.600 Y149.400 E8715.7971
G1 X100.600 Y100.600 E8717.6231
G0 F3900 X101.400 Y101.400
G1 F2400 X101.400 Y148.600 E8719.3892
G1 X148.600 Y148.600 E8721.1553
G1 X148.600 Y101.400 E8722.9214
G1 X101.400 Y101.400 E8724.6875
G0 F3900 X101.000 Y101.200
;TYPE:GAP-FILL
;WIDTH:0.400
;FLOW:95.0
G1 F3600 X101.000 Y148.800 E8726.5676
;WIDTH:0.468
G1 X101.200 Y149.000 E8726.5806
;WIDTH:0.400
G1 X148.800 Y149.000 E8728.4607
;WIDTH:0.468
G1 X149.000 Y148.800 E8728.4737
;WIDTH:0.400
G1 X149.000 Y101.200 E8730.3538
;WIDTH:0.468
G1 X148.800 Y101.000 E8730.3668
;WIDTH:0.400
G1 X101.200 Y101.000 E8732.2469
;WIDTH:0.468
;WIDTH:0.469
G1 X101.034 Y101.034 E8732.2547
G1 X101.000 Y101.200 E8732.2626
;PRINTING_TIME: 5605
;REMAINING_TIME: 638
;LAYER:175
;Z:44.000
;HEIGHT:0.250
;FLOW:100.0
;PRINTING: Flow_Calibration_Cube_0.4_mm.stl
;PRINTING_ID: 0
G1 F2400 E8729.2626
G1 F300 Z44.200
G0 F3900 X100.200 Y100.200
G0 F300 Z44.000
;TYPE:WALL-OUTER
;WIDTH:0.400
G1 F300 Z44.000
G1 F1500 E8732.2626
G1 F2100 X149.800 Y100.200 E8734.3247
G1 X149.800 Y149.800 E8736.3868
G1 X100.200 Y149.800 E8738.4489
G1 X100.200 Y100.200 E8740.5111
G1 F2400 E8737.5111
G1 F300 Z44.200
G0 F3900 X101.800 Y101.800
G1 F300 Z44.000
G1 F1500 E8740.5111
G1 F2100 X101.800 Y148.200 E8742.4402
G1 X148.200 Y148.200 E8744.3692
G1 X148.200 Y101.800 E8746.2983
G1 X101.800 Y101.800 E8748.2274
G0 F3900 X100.600 Y100.600
;TYPE:WALL-INNER
;WIDTH:0.400
;FLOW:90.0
G1 F2400 X149.400 Y100.600 E8750.0534
G1 X149.400 Y149.400 E8751.8794
G1 X100.600 Y149.400 E8753.7054
G1 X100.600 Y100.600 E8755.5313
G0 F3900 X101.400 Y101.400
G1 F2400 X101.400 Y148.600 E8757.2975
G1 X148.600 Y148.600 E8759.0636
G1 X148.600 Y101.400 E8760.8297
G1 X101.400 Y101.400 E8762.5958
G0 F3900 X101.000 Y101.200
;TYPE:GAP-FILL
;WIDTH:0.400
;FLOW:95.0
G1 F3600 X101.000 Y148.800 E8764.4758
;WIDTH:0.468
G1 X101.200 Y149.000 E8764.4889
;WIDTH:0.400
G1 X148.800 Y149.000 E8766.3689
;WIDTH:0.468
G1 X149.000 Y148.800 E8766.3820
;WIDTH:0.400
G1 X149.000 Y101.200 E8768.2620
;WIDTH:0.468
G1 X148.800 Y101.000 E8768.2751
;WIDTH:0.400
G1 X101.200 Y101.000 E8770.1551
;WIDTH:0.468
;WIDTH:0.469
G1 X101.034 Y101.034 E8770.1630
G1 X101.000 Y101.200 E8770.1708
;PRINTING_TIME: 5631
;REMAINING_TIME: 613
;LAYER:176
;Z:44.250
;HEIGHT:0.250
;FLOW:100.0
;PRINTING: Flow_Calibration_Cube_0.4_mm.stl
;PRINTING_ID: 0
G1 F2400 E8767.1708
G1 F300 Z44.450
G0 F3900 X100.200 Y100.200
G0 F300 Z44.250
;TYPE:WALL-OUTER
;WIDTH:0.400
G1 F300 Z44.250
G1 F1500 E8770.1708
G1 F2100 X149.800 Y100.200 E8772.2330
G1 X149.800 Y149.800 E8774.2951
G1 X100.200 Y149.800 E8776.3572
G1 X100.200 Y100.200 E8778.4193
G1 F2400 E8775.4193
G1 F300 Z44.450
G0 F3900 X101.800 Y101.800
G1 F300 Z44.250
G1 F1500 E8778.4193
G1 F2100 X101.800 Y148.200 E8780.3484
G1 X148.200 Y148.200 E8782.2775
G1 X148.200 Y101.800 E8784.2066
G1 X101.800 Y101.800 E8786.1357
G0 F3900 X100.600 Y100.600
;TYPE:WALL-INNER
;WIDTH:0.400
;FLOW:90.0
G1 F2400 X149.400 Y100.600 E8787.9617
G1 X149.400 Y149.400 E8789.7876
G1 X100.600 Y149.400 E8791.6136
G1 X100.600 Y100.600 E8793.4396
G0 F3900 X101.400 Y101.400
G1 F2400 X101.400 Y148.600 E8795.2057
G1 X148.600 Y148.600 E8796.9718
G1 X148.600 Y101.400 E8798.7380
G1 X101.400 Y101.400 E8800.5041
G0 F3900 X101.000 Y101.200
;TYPE:GAP-FILL
;WIDTH:0.400
;FLOW:95.0
G1 F3600 X101.000 Y148.800 E8802.3841
;WIDTH:0.468
G1 X101.200 Y149.000 E8802.3972
;WIDTH:0.400
G1 X148.800 Y149.000 E8804.2772
;WIDTH:0.468
G1 X149.000 Y148.800 E8804.2903
;WIDTH:0.400
G1 X149.000 Y101.200 E8806.1703
;WIDTH:0.468
G1 X148.800 Y101.000 E8806.1834
;WIDTH:0.400
G1 X101.200 Y101.000 E8808.0634
;WIDTH:0.468
;WIDTH:0.469
G1 X101.034 Y101.034 E8808.0712
G1 X101.000 Y101.200 E8808.0791
;PRINTING_TIME: 5656
;REMAINING_TIME: 587
;LAYER:177
;Z:44.500
;HEIGHT:0.250
;FLOW:100.0
;PRINTING: Flow_Calibration_Cube_0.4_mm.stl
;PRINTING_ID: 0
G1 F2400 E8805.0791
G1 F300 Z44.700
G0 F3900 X100.200 Y100.200
G0 F300 Z44.500
;TYPE:WALL-OUTER
;WIDTH:0.400
G1 F300 Z44.500
G1 F1500 E8808.0791
G1 F2100 X149.800 Y100.200 E8810.1412
G1 X149.800 Y149.800 E8812.2033
G1 X100.200 Y149.800 E8814.2655
G1 X100.200 Y100.200 E8816.3276
G1 F2400 E8813.3276
G1 F300 Z44.700
G0 F3900 X101.800 Y101.800
G1 F300 Z44.500
G1 F1500 E8816.3276
G1 F2100 X101.800 Y148.200 E8818.2567
G1 X148.200 Y148.200 E8820.1858
G1 X148.200 Y101.800 E8822.1149
G1 X101.800 Y101.800 E8824.0440
G0 F3900 X100.600 Y100.600
;TYPE:WALL-INNER
;WIDTH:0.400
;FLOW:90.0
G1 F2400 X149.400 Y100.600 E8825.8699
G1 X149.400 Y149.400 E8827.6959
G1 X100.600 Y149.400 E8829.5219
G1 X100.600 Y100.600 E8831.3479
G0 F3900 X101.400 Y101.400
G1 F2400 X101.400 Y148.600 E8833.1140
G1 X148.600 Y148.600 E8834.8801
G1 X148.600 Y101.400 E8836.6462
G1 X101.400 Y101.400 E8838.4123
G0 F3900 X101.000 Y101.200
;TYPE:GAP-FILL
;WIDTH:0.400
;FLOW:95.0
G1 F3600 X101.000 Y148.800 E8840.2924
;WIDTH:0.468
G1 X101.200 Y149.000 E8840.3054
;WIDTH:0.400
G1 X148.800 Y149.000 E8842.1855
;WIDTH:0.468
G1 X149.000 Y148.800 E8842.1985
;WIDTH:0.400
G1 X149.000 Y101.200 E8844.0786
;WIDTH:0.468
G1 X148.800 Y101.000 E8844.0916
;WIDTH:0.400
G1 X101.200 Y101.000 E8845.9717
;WIDTH:0.468
;WIDTH:0.469
G1 X101.034 Y101.034 E8845.9795
G1 X101.000 Y101.200 E8845.9874
;PRINTING_TIME: 5682
;REMAINING_TIME: 562
;LAYER:178
;Z:44.750
;HEIGHT:0.250
;FLOW:100.0
;PRINTING: Flow_Calibration_Cube_0.4_mm.stl
;PRINTING_ID: 0
G1 F2400 E8842.9874
G1 F300 Z44.950
G0 F3900 X100.200 Y100.200
G0 F300 Z44.750
;TYPE:WALL-OUTER
;WIDTH:0.400
G1 F300 Z44.750
G1 F1500 E8845.9874
G1 F2100 X149.800 Y100.200 E8848.0495
G1 X149.800 Y149.800 E8850.1116
G1 X100.200 Y149.800 E8852.1737
G1 X100.200 Y100.200 E8854.2359
G1 F2400 E8851.2359
G1 F300 Z44.950
G0 F3900 X101.800 Y101.800
G1 F300 Z44.750
G1 F1500 E8854.2359
G1 F2100 X101.800 Y148.200 E8856.1650
G1 X148.200 Y148.200 E8858.0940
G1 X148.200 Y101.800 E8860.0231
G1 X101.800 Y101.800 E8861.9522
G0 F3900 X100.600 Y100.600
;TYPE:WALL-INNER
;WIDTH:0.400
;FLOW:90.0
G1 F2400 X149.400 Y100.600 E8863.7782
G1 X149.400 Y149.400 E8865.6042
G1 X100.600 Y149.400 E8867.4302
G1 X100.600 Y100.600 E8869.2561
G0 F3900 X101.400 Y101.400
G1 F2400 X101.400 Y148.600 E8871.0223
G1 X148.600 Y148.600 E8872.7884
G1 X148.600 Y101.400 E8874.5545
G1 X101.400 Y101.400 E8876.3206
G0 F3900 X101.000 Y101.200
;TYPE:GAP-FILL
;WIDTH:0.400
;FLOW:95.0
G1 F3600 X101.000 Y148.800 E8878.2006
;WIDTH:0.468
G1 X101.200 Y149.000 E8878.2137
;WIDTH:0.400
G1 X148.800 Y149.000 E8880.0937
;WIDTH:0.468
G1 X149.000 Y148.800 E8880.1068
;WIDTH:0.400
G1 X149.000 Y101.200 E8881.9868
;WIDTH:0.468
G1 X148.800 Y101.000 E8881.9999
;WIDTH:0.400
G1 X101.200 Y101.000 E8883.8799
;WIDTH:0.468
;WIDTH:0.469
G1 X101.034 Y101.034 E8883.8878
G1 X101.000 Y101.200 E8883.8956
;PRINTING_TIME: 5707
;REMAINING_TIME: 536
;LAYER:179
;Z:45.000
;HEIGHT:0.250
;FLOW:100.0
;PRINTING: Flow_Calibration_Cube_0.4_mm.stl
;PRINTING_ID: 0
G1 F2400 E8880.8956
G1 F300 Z45.200
G0 F3900 X100.200 Y100.200
G0 F300 Z45.000
;TYPE:WALL-OUTER
;WIDTH:0.400
G1 F300 Z45.000
G1 F1500 E8883.8956
G1 F2100 X149.800 Y100.200 E8885.9577
G1 X149.800 Y149.800 E8888.0199
G1 X100.200 Y149.800 E8890.0820
G1 X100.200 Y100.200 E8892.1441
G1 F2400 E8889.1441
G1 F300 Z45.200
G0 F3900 X101.800 Y101.800
G1 F300 Z45.000
G1 F1500 E8892.1441
G1 F2100 X101.800 Y148.200 E8894.0732
G1 X148.200 Y148.200 E8896.0023
G1 X148.200 Y101.800 E8897.9314
G1 X101.800 Y101.800 E8899.8605
G0 F3900 X100.600 Y100.600
;TYPE:WALL-INNER
;WIDTH:0.400
;FLOW:90.0
G1 F2400 X149.400 Y100.600 E8901.6865
G1 X149.400 Y149.400 E8903.5124
G1 X100.600 Y149.400 E8905.3384
G1 X100.600 Y100.600 E8907.1644
G0 F3900 X101.400 Y101.400
G1 F2400 X101.400 Y148.600 E8908.9305
G1 X148.600 Y148.600 E8910.6966
G1 X148.600 Y101.400 E8912.4627
G1 X101.400 Y101.400 E8914.2289
G0 F3900 X101.000 Y101.200
;TYPE:GAP-FILL
;WIDTH:0.400
;FLOW:95.0
G1 F3600 X101.000 Y148.800 E8916.1089
;WIDTH:0.468
G1 X101.200 Y149.000 E8916.1220
;WIDTH:0.400
G1 X148.800 Y149.000 E8918.0020
;WIDTH:0.468
G1 X149.000 Y148.800 E8918.0151
;WIDTH:0.400
G1 X149.000 Y101.200 E8919.8951
;WIDTH:0.468
G1 X148.800 Y101.000 E8919.9082
;WIDTH:0.400
G1 X101.200 Y101.000 E8921.7882
;WIDTH:0.468
;WIDTH:0.469
G1 X101.034 Y101.034 E8921.7960
G1 X101.000 Y101.200 E8921.8039
;PRINTING_TIME: 5733
;REMAINING_TIME: 510
;LAYER:180
;Z:45.250
;HEIGHT:0.250
;FLOW:100.0
;PRINTING: Flow_Calibration_Cube_0.4_mm.stl
;PRINTING_ID: 0
G1 F2400 E8918.8039
G1 F300 Z45.450
G0 F3900 X100.200 Y100.200
G0 F300 Z45.250
;TYPE:WALL-OUTER
;WIDTH:0.400
G1 F300 Z45.250
G1 F1500 E8921.8039
G1 F2100 X149.800 Y100.200 E8923.8660
G1 X149.800 Y149.800 E8925.9281
G1 X100.200 Y149.800 E8927.9903
G1 X100.200 Y100.200 E8930.0524
G1 F2400 E8927.0524
G1 F300 Z45.450
G0 F3900 X101.800 Y101.800
G1 F300 Z45.250
G1 F1500 E8930.0524
G1 F2100 X101.800 Y148.200 E8931.9815
G1 X148.200 Y148.200 E8933.9106
G1 X148.200 Y101.800 E8935.8397
G1 X101.800 Y101.800 E8937.7687
G0 F3900 X100.600 Y100.600
;TYPE:WALL-INNER
;WIDTH:0.400
;FLOW:90.0
G1 F2400 X149.400 Y100.600 E8939.5947
G1 X149.400 Y149.400 E8941.4207
G1 X100.600 Y149.400 E8943.2467
G1 X100.600 Y100.600 E8945.0727
G0 F3900 X101.400 Y101.400
G1 F2400 X101.400 Y148.600 E8946.8388
G1 X148.600 Y148.600 E8948.6049
G1 X148.600 Y101.400 E8950.3710
G1 X101.400 Y101.400 E8952.1371
G0 F3900 X101.000 Y101.200
;TYPE:GAP-FILL
;WIDTH:0.400
;FLOW:95.0
G1 F3600 X101.000 Y148.800 E8954.0172
;WIDTH:0.468
G1 X101.200 Y149.000 E8954.0302
;WIDTH:0.400
G1 X148.800 Y149.000 E8955.9103
;WIDTH:0.468
G1 X149.000 Y148.800 E8955.9233
;WIDTH:0.400
G1 X149.000 Y101.200 E8957.8034
;WIDTH:0.468
G1 X148.800 Y101.000 E8957.8164
;WIDTH:0.400
G1 X101.200 Y101.000 E8959.6965
;WIDTH:0.468
;WIDTH:0.469
G1 X101.034 Y101.034 E8959.7043
G1 X101.000 Y101.200 E8959.7121
;PRINTING_TIME: 5758
;REMAINING_TIME: 485
;LAYER:181
;Z:45.500
;HEIGHT:0.250
;FLOW:100.0
;PRINTING: Flow_Calibration_Cube_0.4_mm.stl
;PRINTING_ID: 0
G1 F2400 E8956.7121
G1 F300 Z45.700
G0 F3900 X100.200 Y100.200
G0 F300 Z45.500
;TYPE:WALL-OUTER
;WIDTH:0.400
G1 F300 Z45.500
G1 F1500 E8959.7121
G1 F2100 X149.800 Y100.200 E8961.7743
G1 X149.800 Y149.800 E8963.8364
G1 X100.200 Y149.800 E8965.8985
G1 X100.200 Y100.200 E8967.9607
G1 F2400 E8964.9607
G1 F300 Z45.700
G0 F3900 X101.800 Y101.800
G1 F300 Z45.500
G1 F1500 E8967.9607
G1 F2100 X101.800 Y148.200 E8969.8897
G1 X148.200 Y148.200 E8971.8188
G1 X148.200 Y101.800 E8973.7479
G1 X101.800 Y101.800 E8975.6770
G0 F3900 X100.600 Y100.600
;TYPE:WALL-INNER
;WIDTH:0.400
;FLOW:90.0
G1 F2400 X149.400 Y100.600 E8977.5030
G1 X149.400 Y149.400 E8979.3290
G1 X100.600 Y149.400 E8981.1550
G1 X100.600 Y100.600 E8982.9809
G0 F3900 X101.400 Y101.400
G1 F2400 X101.400 Y148.600 E8984.7471
G1 X148.600 Y148.600 E8986.5132
G1 X148.600 Y101.400 E8988.2793
G1 X101.400 Y101.400 E8990.0454
G0 F3900 X101.000 Y101.200
;TYPE:GAP-FILL
;WIDTH:0.400
;FLOW:95.0
G1 F3600 X101.000 Y148.800 E8991.9254
;WIDTH:0.468
G1 X101.200 Y149.000 E8991.9385
;WIDTH:0.400
G1 X148.800 Y149.000 E8993.8185
;WIDTH:0.468
G1 X149.000 Y148.800 E8993.8316
;WIDTH:0.400
G1 X149.000 Y101.200 E8995.7116
;WIDTH:0.468
G1 X148.800 Y101.000 E8995.7247
;WIDTH:0.400
G1 X101.200 Y101.000 E8997.6047
;WIDTH:0.468
;WIDTH:0.469
G1 X101.034 Y101.034 E8997.6126
G1 X101.000 Y101.200 E8997.6204
;PRINTING_TIME: 5784
;REMAINING_TIME: 459
;LAYER:182
;Z:45.750
;HEIGHT:0.250
;FLOW:100.0
;PRINTING: Flow_Calibration_Cube_0.4_mm.stl
;PRINTING_ID: 0
G1 F2400 E8994.6204
G1 F300 Z45.950
G0 F3900 X100.200 Y100.200
G0 F300 Z45.750
;TYPE:WALL-OUTER
;WIDTH:0.400
G1 F300 Z45.750
G1 F1500 E8997.6204
G1 F2100 X149.800 Y100.200 E8999.6825
G1 X149.800 Y149.800 E9001.7447
G1 X100.200 Y149.800 E9003.8068
G1 X100.200 Y100.200 E9005.8689
G1 F2400 E9002.8689
G1 F300 Z45.950
G0 F3900 X101.800 Y101.800
G1 F300 Z45.750
G1 F1500 E9005.8689
G1 F2100 X101.800 Y148.200 E9007.7980
G1 X148.200 Y148.200 E9009.7271
G1 X148.200 Y101.800 E9011.6562
G1 X101.800 Y101.800 E9013.5853
G0 F3900 X100.600 Y100.600
;TYPE:WALL-INNER
;WIDTH:0.400
;FLOW:90.0
G1 F2400 X149.400 Y100.600 E9015.4113
G1 X149.400 Y149.400 E9017.2372
G1 X100.600 Y149.400 E9019.0632
G1 X100.600 Y100.600 E9020.8892
G0 F3900 X101.400 Y101.400
G1 F2400 X101.400 Y148.600 E9022.6553
G1 X148.600 Y148.600 E9024.4214
G1 X148.600 Y101.400 E9026.1875
G1 X101.400 Y101.400 E9027.9537
G0 F3900 X101.000 Y101.200
;TYPE:GAP-FILL
;WIDTH:0.400
;FLOW:95.0
G1 F3600 X101.000 Y148.800 E9029.8337
;WIDTH:0.468
G1 X101.200 Y149.000 E9029.8468
;WIDTH:0.400
G1 X148.800 Y149.000 E9031.7268
;WIDTH:0.468
G1 X149.000 Y148.800 E9031.7399
;WIDTH:0.400
G1 X149.000 Y101.200 E9033.6199
;WIDTH:0.468
G1 X148.800 Y101.000 E9033.6330
;WIDTH:0.400
G1 X101.200 Y101.000 E9035.5130
;WIDTH:0.468
;WIDTH:0.469
G1 X101.034 Y101.034 E9035.5208
G1 X101.000 Y101.200 E9035.5287
;PRINTING_TIME: 5809
;REMAINING_TIME: 434
;LAYER:183
;Z:46.000
;HEIGHT:0.250
;FLOW:100.0
;PRINTING: Flow_Calibration_Cube_0.4_mm.stl
;PRINTING_ID: 0
G1 F2400 E9032.5287
G1 F300 Z46.200
G0 F3900 X100.200 Y100.200
G0 F300 Z46.000
;TYPE:WALL-OUTER
;WIDTH:0.400
G1 F300 Z46.000
G1 F1500 E9035.5287
G1 F2100 X149.800 Y100.200 E9037.5908
G1 X149.800 Y149.800 E9039.6529
G1 X100.200 Y149.800 E9041.7151
G1 X100.200 Y100.200 E9043.7772
G1 F2400 E9040.7772
G1 F300 Z46.200
G0 F3900 X101.800 Y101.800
G1 F300 Z46.000
G1 F1500 E9043.7772
G1 F2100 X101.800 Y148.200 E9045.7063
G1 X148.200 Y148.200 E9047.6354
G1 X148.200 Y101.800 E9049.5645
G1 X101.800 Y101.800 E9051.4935
G0 F3900 X100.600 Y100.600
;TYPE:WALL-INNER
;WIDTH:0.400
;FLOW:90.0
G1 F2400 X149.400 Y100.600 E9053.3195
G1 X149.400 Y149.400 E9055.1455
G1 X100.600 Y149.400 E9056.9715
G1 X100.600 Y100.600 E9058.7975
G0 F3900 X101.400 Y101.400
G1 F2400 X101.400 Y148.600 E9060.5636
G1 X148.600 Y148.600 E9062.3297
G1 X148.600 Y101.400 E9064.0958
G1 X101.400 Y101.400 E9065.8619
G0 F3900 X101.000 Y101.200
;TYPE:GAP-FILL
;WIDTH:0.400
;FLOW:95.0
G1 F3600 X101.000 Y148.800 E9067.7419
;WIDTH:0.468
G1 X101.200 Y149.000 E9067.7550
;WIDTH:0.400
G1 X148.800 Y149.000 E9069.6350
;WIDTH:0.468
G1 X149.000 Y148.800 E9069.6481
;WIDTH:0.400
G1 X149.000 Y101.200 E9071.5281
;WIDTH:0.468
G1 X148.800 Y101.000 E9071.5412
;WIDTH:0.400
G1 X101.200 Y101.000 E9073.4212
;WIDTH:0.468
;WIDTH:0.469
G1 X101.034 Y101.034 E9073.4291
G1 X101.000 Y101.200 E9073.4369
;PRINTING_TIME: 5835
;REMAINING_TIME: 408
;LAYER:184
;Z:46.250
;HEIGHT:0.250
;FLOW:100.0
;PRINTING: Flow_Calibration_Cube_0.4_mm.stl
;PRINTING_ID: 0
G1 F2400 E9070.4369
G1 F300 Z46.450
G0 F3900 X100.200 Y100.200
G0 F300 Z46.250
;TYPE:WALL-OUTER
;WIDTH:0.400
G1 F300 Z46.250
G1 F1500 E9073.4369
G1 F2100 X149.800 Y100.200 E9075.4991
G1 X149.800 Y149.800 E9077.5612
G1 X100.200 Y149.800 E9079.6233
G1 X100.200 Y100.200 E9081.6855
G1 F2400 E9078.6855
G1 F300 Z46.450
G0 F3900 X101.800 Y101.800
G1 F300 Z46.250
G1 F1500 E9081.6855
G1 F2100 X101.800 Y148.200 E9083.6145
G1 X148.200 Y148.200 E9085.5436
G1 X148.200 Y101.800 E9087.4727
G1 X101.800 Y101.800 E9089.4018
G0 F3900 X100.600 Y100.600
;TYPE:WALL-INNER
;WIDTH:0.400
;FLOW:90.0
G1 F2400 X149.400 Y100.600 E9091.2278
G1 X149.400 Y149.400 E9093.0538
G1 X100.600 Y149.400 E9094.8797
G1 X100.600 Y100.600 E9096.7057
G0 F3900 X101.400 Y101.400
G1 F2400 X101.400 Y148.600 E9098.4718
G1 X148.600 Y148.600 E9100.2380
G1 X148.600 Y101.400 E9102.0041
G1 X101.400 Y101.400 E9103.7702
G0 F3900 X101.000 Y101.200
;TYPE:GAP-FILL
;WIDTH:0.400
;FLOW:95.0
G1 F3600 X101.000 Y148.800 E9105.6502
;WIDTH:0.468
G1 X101.200 Y149.000 E9105.6633
;WIDTH:0.400
G1 X148.800 Y149.000 E9107.5433
;WIDTH:0.468
G1 X149.000 Y148.800 E9107.5564
;WIDTH:0.400
G1 X149.000 Y101.200 E9109.4364
;WIDTH:0.468
G1 X148.800 Y101.000 E9109.4495
;WIDTH:0.400
G1 X101.200 Y101.000 E9111.3295
;WIDTH:0.468
;WIDTH:0.469
G1 X101.034 Y101.034 E9111.3374
G1 X101.000 Y101.200 E9111.3452
;PRINTING_TIME: 5861
;REMAINING_TIME: 383
;LAYER:185
;Z:46.500
;HEIGHT:0.250
;FLOW:100.0
;PRINTING: Flow_Calibration_Cube_0.4_mm.stl
;PRINTING_ID: 0
G1 F2400 E9108.3452
G1 F300 Z46.700
G0 F3900 X100.200 Y100.200
G0 F300 Z46.500
;TYPE:WALL-OUTER
;WIDTH:0.400
G1 F300 Z46.500
G1 F1500 E9111.3452
G1 F2100 X149.800 Y100.200 E9113.4073
G1 X149.800 Y149.800 E9115.4695
G1 X100.200 Y149.800 E9117.5316
G1 X100.200 Y100.200 E9119.5937
G1 F2400 E9116.5937
G1 F300 Z46.700
G0 F3900 X101.800 Y101.800
G1 F300 Z46.500
G1 F1500 E9119.5937
G1 F2100 X101.800 Y148.200 E9121.5228
G1 X148.200 Y148.200 E9123.4519
G1 X148.200 Y101.800 E9125.3810
G1 X101.800 Y101.800 E9127.3101
G0 F3900 X100.600 Y100.600
;TYPE:WALL-INNER
;WIDTH:0.400
;FLOW:90.0
G1 F2400 X149.400 Y100.600 E9129.1361
G1 X149.400 Y149.400 E9130.9620
G1 X100.600 Y149.400 E9132.7880
G1 X100.600 Y100.600 E9134.6140
G0 F3900 X101.400 Y101.400
G1 F2400 X101.400 Y148.600 E9136.3801
G1 X148.600 Y148.600 E9138.1462
G1 X148.600 Y101.400 E9139.9123
G1 X101.400 Y101.400 E9141.6784
G0 F3900 X101.000 Y101.200
;TYPE:GAP-FILL
;WIDTH:0.400
;FLOW:95.0
G1 F3600 X101.000 Y148.800 E9143.5585
;WIDTH:0.468
G1 X101.200 Y149.000 E9143.5715
;WIDTH:0.400
G1 X148.800 Y149.000 E9145.4516
;WIDTH:0.468
G1 X149.000 Y148.800 E9145.4646
;WIDTH:0.400
G1 X149.000 Y101.200 E9147.3447
;WIDTH:0.468
G1 X148.800 Y101.000 E9147.3577
;WIDTH:0.400
G1 X101.200 Y101.000 E9149.2378
;WIDTH:0.468
;WIDTH:0.469
G1 X101.034 Y101.034 E9149.2456
G1 X101.000 Y101.200 E9149.2535
;PRINTING_TIME: 5886
;REMAINING_TIME: 357
;LAYER:186
;Z:46.750
;HEIGHT:0.250
;FLOW:100.0
;PRINTING: Flow_Calibration_Cube_0.4_mm.stl
;PRINTING_ID: 0
G1 F2400 E9146.2535
G1 F300 Z46.950
G0 F3900 X100.200 Y100.200
G0 F300 Z46.750
;TYPE:WALL-OUTER
;WIDTH:0.400
G1 F300 Z46.750
G1 F1500 E9149.2535
G1 F2100 X149.800 Y100.200 E9151.3156
G1 X149.800 Y149.800 E9153.3777
G1 X100.200 Y149.800 E9155.4399
G1 X100.200 Y100.200 E9157.5020
G1 F2400 E9154.5020
G1 F300 Z46.950
G0 F3900 X101.800 Y101.800
G1 F300 Z46.750
G1 F1500 E9157.5020
G1 F2100 X101.800 Y148.200 E9159.4311
G1 X148.200 Y148.200 E9161.3602
G1 X148.200 Y101.800 E9163.2892
G1 X101.800 Y101.800 E9165.2183
G0 F3900 X100.600 Y100.600
;TYPE:WALL-INNER
;WIDTH:0.400
;FLOW:90.0
G1 F2400 X149.400 Y100.600 E9167.0443
G1 X149.400 Y149.400 E9168.8703
G1 X100.600 Y149.400 E9170.6963
G1 X100.600 Y100.600 E9172.5223
G0 F3900 X101.400 Y101.400
G1 F2400 X101.400 Y148.600 E9174.2884
G1 X148.600 Y148.600 E9176.0545
G1 X148.600 Y101.400 E9177.8206
G1 X101.400 Y101.400 E9179.5867
G0 F3900 X101.000 Y101.200
;TYPE:GAP-FILL
;WIDTH:0.400
;FLOW:95.0
G1 F3600 X101.000 Y148.800 E9181.4667
;WIDTH:0.468
G1 X101.200 Y149.000 E9181.4798
;WIDTH:0.400
G1 X148.800 Y149.000 E9183.3598
;WIDTH:0.468
G1 X149.000 Y148.800 E9183.3729
;WIDTH:0.400
G1 X149.000 Y101.200 E9185.2529
;WIDTH:0.468
G1 X148.800 Y101.000 E9185.2660
;WIDTH:0.400
G1 X101.200 Y101.000 E9187.1460
;WIDTH:0.468
;WIDTH:0.469
G1 X101.034 Y101.034 E9187.1539
G1 X101.000 Y101.200 E9187.1617
;PRINTING_TIME: 5912
;REMAINING_TIME: 332
;LAYER:187
;Z:47.000
;HEIGHT:0.250
;FLOW:100.0
;PRINTING: Flow_Calibration_Cube_0.4_mm.stl
;PRINTING_ID: 0
G1 F2400 E9184.1617
G1 F300 Z47.200
G0 F3900 X100.200 Y100.200
G0 F300 Z47.000
;TYPE:WALL-OUTER
;WIDTH:0.400
G1 F300 Z47.000
G1 F1500 E9187.1617
G1 F2100 X149.800 Y100.200 E9189.2239
G1 X149.800 Y149.800 E9191.2860
G1 X100.200 Y149.800 E9193.3481
G1 X100.200 Y100.200 E9195.4102
G1 F2400 E9192.4102
G1 F300 Z47.200
G0 F3900 X101.800 Y101.800
G1 F300 Z47.000
G1 F1500 E9195.4102
G1 F2100 X101.800 Y148.200 E9197.3393
G1 X148.200 Y148.200 E9199.2684
G1 X148.200 Y101.800 E9201.1975
G1 X101.800 Y101.800 E9203.1266
G0 F3900 X100.600 Y100.600
;TYPE:WALL-INNER
;WIDTH:0.400
;FLOW:90.0
G1 F2400 X149.400 Y100.600 E9204.9526
G1 X149.400 Y149.400 E9206.7786
G1 X100.600 Y149.400 E9208.6045
G1 X100.600 Y100.600 E9210.4305
G0 F3900 X101.400 Y101.400
G1 F2400 X101.400 Y148.600 E9212.1966
G1 X148.600 Y148.600 E9213.9628
G1 X148.600 Y101.400 E9215.7289
G1 X101.400 Y101.400 E9217.4950
G0 F3900 X101.000 Y101.200
;TYPE:GAP-FILL
;WIDTH:0.400
;FLOW:95.0
G1 F3600 X101.000 Y148.800 E9219.3750
;WIDTH:0.468
G1 X101.200 Y149.000 E9219.3881
;WIDTH:0.400
G1 X148.800 Y149.000 E9221.2681
;WIDTH:0.468
G1 X149.000 Y148.800 E9221.2812
;WIDTH:0.400
G1 X149.000 Y101.200 E9223.1612
;WIDTH:0.468
G1 X148.800 Y101.000 E9223.1743
;WIDTH:0.400
G1 X101.200 Y101.000 E9225.0543
;WIDTH:0.468
;WIDTH:0.469
G1 X101.034 Y101.034 E9225.0622
G1 X101.000 Y101.200 E9225.0700
;PRINTING_TIME: 5937
;REMAINING_TIME: 306
;LAYER:188
;Z:47.250
;HEIGHT:0.250
;FLOW:100.0
;PRINTING: Flow_Calibration_Cube_0.4_mm.stl
;PRINTING_ID: 0
G1 F2400 E9222.0700
G1 F300 Z47.450
G0 F3900 X100.200 Y100.200
G0 F300 Z47.250
;TYPE:WALL-OUTER
;WIDTH:0.400
G1 F300 Z47.250
G1 F1500 E9225.0700
G1 F2100 X149.800 Y100.200 E9227.1321
G1 X149.800 Y149.800 E9229.1943
G1 X100.200 Y149.800 E9231.2564
G1 X100.200 Y100.200 E9233.3185
G1 F2400 E9230.3185
G1 F300 Z47.450
G0 F3900 X101.800 Y101.800
G1 F300 Z47.250
G1 F1500 E9233.3185
G1 F2100 X101.800 Y148.200 E9235.2476
G1 X148.200 Y148.200 E9237.1767
G1 X148.200 Y101.800 E9239.1058
G1 X101.800 Y101.800 E9241.0349
G0 F3900 X100.600 Y100.600
;TYPE:WALL-INNER
;WIDTH:0.400
;FLOW:90.0
G1 F2400 X149.400 Y100.600 E9242.8608
G1 X149.400 Y149.400 E9244.6868
G1 X100.600 Y149.400 E9246.5128
G1 X100.600 Y100.600 E9248.3388
G0 F3900 X101.400 Y101.400
G1 F2400 X101.400 Y148.600 E9250.1049
G1 X148.600 Y148.600 E9251.8710
G1 X148.600 Y101.400 E9253.6371
G1 X101.400 Y101.400 E9255.4032
G0 F3900 X101.000 Y101.200
;TYPE:GAP-FILL
;WIDTH:0.400
;FLOW:95.0
G1 F3600 X101.000 Y148.800 E9257.2833
;WIDTH:0.468
G1 X101.200 Y149.000 E9257.2963
;WIDTH:0.400
G1 X148.800 Y149.000 E9259.1764
;WIDTH:0.468
G1 X149.000 Y148.800 E9259.1894
;WIDTH:0.400
G1 X149.000 Y101.200 E9261.0695
;WIDTH:0.468
G1 X148.800 Y101.000 E9261.0825
;WIDTH:0.400
G1 X101.200 Y101.000 E9262.9626
;WIDTH:0.468
;WIDTH:0.469
G1 X101.034 Y101.034 E9262.9704
G1 X101.000 Y101.200 E9262.9783
;PRINTING_TIME: 5963
;REMAINING_TIME: 281
;LAYER:189
;Z:47.500
;HEIGHT:0.250
;FLOW:100.0
;PRINTING: Flow_Calibration_Cube_0.4_mm.stl
;PRINTING_ID: 0
G1 F2400 E9259.9783
G1 F300 Z47.700
G0 F3900 X100.200 Y100.200
G0 F300 Z47.500
;TYPE:WALL-OUTER
;WIDTH:0.400
G1 F300 Z47.500
G1 F1500 E9262.9783
G1 F2100 X149.800 Y100.200 E9265.0404
G1 X149.800 Y149.800 E9267.1025
G1 X100.200 Y149.800 E9269.1646
G1 X100.200 Y100.200 E9271.2268
G1 F2400 E9268.2268
G1 F300 Z47.700
G0 F3900 X101.800 Y101.800
G1 F300 Z47.500
G1 F1500 E9271.2268
G1 F2100 X101.800 Y148.200 E9273.1559
G1 X148.200 Y148.200 E9275.0850
G1 X148.200 Y101.800 E9277.0140
G1 X101.800 Y101.800 E9278.9431
G0 F3900 X100.600 Y100.600
;TYPE:WALL-INNER
;WIDTH:0.400
;FLOW:90.0
G1 F2400 X149.400 Y100.600 E9280.7691
G1 X149.400 Y149.400 E9282.5951
G1 X100.600 Y149.400 E9284.4211
G1 X100.600 Y100.600 E9286.2471
G0 F3900 X101.400 Y101.400
G1 F2400 X101.400 Y148.600 E9288.0132
G1 X148.600 Y148.600 E9289.7793
G1 X148.600 Y101.400 E9291.5454
G1 X101.400 Y101.400 E9293.3115
G0 F3900 X101.000 Y101.200
;TYPE:GAP-FILL
;WIDTH:0.400
;FLOW:95.0
G1 F3600 X101.000 Y148.800 E9295.1915
;WIDTH:0.468
G1 X101.200 Y149.000 E9295.2046
;WIDTH:0.400
G1 X148.800 Y149.000 E9297.0846
;WIDTH:0.468
G1 X149.000 Y148.800 E9297.0977
;WIDTH:0.400
G1 X149.000 Y101.200 E9298.9777
;WIDTH:0.468
G1 X148.800 Y101.000 E9298.9908
;WIDTH:0.400
G1 X101.200 Y101.000 E9300.8708
;WIDTH:0.468
;WIDTH:0.469
G1 X101.034 Y101.034 E9300.8787
G1 X101.000 Y101.200 E9300.8865
;PRINTING_TIME: 5988
;REMAINING_TIME: 255
;LAYER:190
;Z:47.750
;HEIGHT:0.250
;FLOW:100.0
;PRINTING: Flow_Calibration_Cube_0.4_mm.stl
;PRINTING_ID: 0
G1 F2400 E9297.8865
G1 F300 Z47.950
G0 F3900 X100.200 Y100.200
G0 F300 Z47.750
;TYPE:WALL-OUTER
;WIDTH:0.400
G1 F300 Z47.750
G1 F1500 E9300.8865
G1 F2100 X149.800 Y100.200 E9302.9487
G1 X149.800 Y149.800 E9305.0108
G1 X100.200 Y149.800 E9307.0729
G1 X100.200 Y100.200 E9309.1350
G1 F2400 E9306.1350
G1 F300 Z47.950
G0 F3900 X101.800 Y101.800
G1 F300 Z47.750
G1 F1500 E9309.1350
G1 F2100 X101.800 Y148.200 E9311.0641
G1 X148.200 Y148.200 E9312.9932
G1 X148.200 Y101.800 E9314.9223
G1 X101.800 Y101.800 E9316.8514
G0 F3900 X100.600 Y100.600
;TYPE:WALL-INNER
;WIDTH:0.400
;FLOW:90.0
G1 F2400 X149.400 Y100.600 E9318.6774
G1 X149.400 Y149.400 E9320.5034
G1 X100.600 Y149.400 E9322.3293
G1 X100.600 Y100.600 E9324.1553
G0 F3900 X101.400 Y101.400
G1 F2400 X101.400 Y148.600 E9325.9214
G1 X148.600 Y148.600 E9327.6875
G1 X148.600 Y101.400 E9329.4537
G1 X101.400 Y101.400 E9331.2198
G0 F3900 X101.000 Y101.200
;TYPE:GAP-FILL
;WIDTH:0.400
;FLOW:95.0
G1 F3600 X101.000 Y148.800 E9333.0998
;WIDTH:0.468
G1 X101.200 Y149.000 E9333.1129
;WIDTH:0.400
G1 X148.800 Y149.000 E9334.9929
;WIDTH:0.468
G1 X149.000 Y148.800 E9335.0060
;WIDTH:0.400
G1 X149.000 Y101.200 E9336.8860
;WIDTH:0.468
G1 X148.800 Y101.000 E9336.8991
;WIDTH:0.400
G1 X101.200 Y101.000 E9338.7791
;WIDTH:0.468
;WIDTH:0.469
G1 X101.034 Y101.034 E9338.7869
G1 X101.000 Y101.200 E9338.7948
;PRINTING_TIME: 6014
;REMAINING_TIME: 230
;LAYER:191
;Z:48.000
;HEIGHT:0.250
;FLOW:100.0
;PRINTING: Flow_Calibration_Cube_0.4_mm.stl
;PRINTING_ID: 0
G1 F2400 E9335.7948
G1 F300 Z48.200
G0 F3900 X100.200 Y100.200
G0 F300 Z48.000
;TYPE:WALL-OUTER
;WIDTH:0.400
G1 F300 Z48.000
G1 F1500 E9338.7948
G1 F2100 X149.800 Y100.200 E9340.8569
G1 X149.800 Y149.800 E9342.9191
G1 X100.200 Y149.800 E9344.9812
G1 X100.200 Y100.200 E9347.0433
G1 F2400 E9344.0433
G1 F300 Z48.200
G0 F3900 X101.800 Y101.800
G1 F300 Z48.000
G1 F1500 E9347.0433
G1 F2100 X101.800 Y148.200 E9348.9724
G1 X148.200 Y148.200 E9350.9015
G1 X148.200 Y101.800 E9352.8306
G1 X101.800 Y101.800 E9354.7597
G0 F3900 X100.600 Y100.600
;TYPE:WALL-INNER
;WIDTH:0.400
;FLOW:90.0
G1 F2400 X149.400 Y100.600 E9356.5856
G1 X149.400 Y149.400 E9358.4116
G1 X100.600 Y149.400 E9360.2376
G1 X100.600 Y100.600 E9362.0636
G0 F3900 X101.400 Y101.400
G1 F2400 X101.400 Y148.600 E9363.8297
G1 X148.600 Y148.600 E9365.5958
G1 X148.600 Y101.400 E9367.3619
G1 X101.400 Y101.400 E9369.1280
G0 F3900 X101.000 Y101.200
;TYPE:GAP-FILL
;WIDTH:0.400
;FLOW:95.0
G1 F3600 X101.000 Y148.800 E9371.0081
;WIDTH:0.468
G1 X101.200 Y149.000 E9371.0211
;WIDTH:0.400
G1 X148.800 Y149.000 E9372.9012
;WIDTH:0.468
G1 X149.000 Y148.800 E9372.9142
;WIDTH:0.400
G1 X149.000 Y101.200 E9374.7943
;WIDTH:0.468
G1 X148.800 Y101.000 E9374.8073
;WIDTH:0.400
G1 X101.200 Y101.000 E9376.6874
;WIDTH:0.468
;WIDTH:0.469
G1 X101.034 Y101.034 E9376.6952
G1 X101.000 Y101.200 E9376.7031
;PRINTING_TIME: 6039
;REMAINING_TIME: 204
;LAYER:192
;Z:48.250
;HEIGHT:0.250
;FLOW:100.0
;PRINTING: Flow_Calibration_Cube_0.4_mm.stl
;PRINTING_ID: 0
G1 F2400 E9373.7031
G1 F300 Z48.450
G0 F3900 X100.200 Y100.200
G0 F300 Z48.250
;TYPE:WALL-OUTER
;WIDTH:0.400
G1 F300 Z48.250
G1 F1500 E9376.7031
G1 F2100 X149.800 Y100.200 E9378.7652
G1 X149.800 Y149.800 E9380.8273
G1 X100.200 Y149.800 E9382.8894
G1 X100.200 Y100.200 E9384.9516
G1 F2400 E9381.9516
G1 F300 Z48.450
G0 F3900 X101.800 Y101.800
G1 F300 Z48.250
G1 F1500 E9384.9516
G1 F2100 X101.800 Y148.200 E9386.8807
G1 X148.200 Y148.200 E9388.8097
G1 X148.200 Y101.800 E9390.7388
G1 X101.800 Y101.800 E9392.6679
G0 F3900 X100.600 Y100.600
;TYPE:WALL-INNER
;WIDTH:0.400
;FLOW:90.0
G1 F2400 X149.400 Y100.600 E9394.4939
G1 X149.400 Y149.400 E9396.3199
G1 X100.600 Y149.400 E9398.1459
G1 X100.600 Y100.600 E9399.9718
G0 F3900 X101.400 Y101.400
G1 F2400 X101.400 Y148.600 E9401.7380
G1 X148.600 Y148.600 E9403.5041
G1 X148.600 Y101.400 E9405.2702
G1 X101.400 Y101.400 E9407.0363
G0 F3900 X101.000 Y101.200
;TYPE:GAP-FILL
;WIDTH:0.400
;FLOW:95.0
G1 F3600 X101.000 Y148.800 E9408.9163
;WIDTH:0.468
G1 X101.200 Y149.000 E9408.9294
;WIDTH:0.400
G1 X148.800 Y149.000 E9410.8094
;WIDTH:0.468
G1 X149.000 Y148.800 E9410.8225
;WIDTH:0.400
G1 X149.000 Y101.200 E9412.7025
;WIDTH:0.468
G1 X148.800 Y101.000 E9412.7156
;WIDTH:0.400
G1 X101.200 Y101.000 E9414.5956
;WIDTH:0.468
;WIDTH:0.469
G1 X101.034 Y101.034 E9414.6035
G1 X101.000 Y101.200 E9414.6113
;PRINTING_TIME: 6065
;REMAINING_TIME: 179
;LAYER:193
;Z:48.500
;HEIGHT:0.250
;FLOW:100.0
;PRINTING: Flow_Calibration_Cube_0.4_mm.stl
;PRINTING_ID: 0
G1 F2400 E9411.6113
G1 F300 Z48.700
G0 F3900 X100.200 Y100.200
G0 F300 Z48.500
;TYPE:WALL-OUTER
;WIDTH:0.400
G1 F300 Z48.500
G1 F1500 E9414.6113
G1 F2100 X149.800 Y100.200 E9416.6735
G1 X149.800 Y149.800 E9418.7356
G1 X100.200 Y149.800 E9420.7977
G1 X100.200 Y100.200 E9422.8598
G1 F2400 E9419.8598
G1 F300 Z48.700
G0 F3900 X101.800 Y101.800
G1 F300 Z48.500
G1 F1500 E9422.8598
G1 F2100 X101.800 Y148.200 E9424.7889
G1 X148.200 Y148.200 E9426.7180
G1 X148.200 Y101.800 E9428.6471
G1 X101.800 Y101.800 E9430.5762
G0 F3900 X100.600 Y100.600
;TYPE:WALL-INNER
;WIDTH:0.400
;FLOW:90.0
G1 F2400 X149.400 Y100.600 E9432.4022
G1 X149.400 Y149.400 E9434.2282
G1 X100.600 Y149.400 E9436.0541
G1 X100.600 Y100.600 E9437.8801
G0 F3900 X101.400 Y101.400
G1 F2400 X101.400 Y148.600 E9439.6462
G1 X148.600 Y148.600 E9441.4123
G1 X148.600 Y101.400 E9443.1785
G1 X101.400 Y101.400 E9444.9446
G0 F3900 X101.000 Y101.200
;TYPE:GAP-FILL
;WIDTH:0.400
;FLOW:95.0
G1 F3600 X101.000 Y148.800 E9446.8246
;WIDTH:0.468
G1 X101.200 Y149.000 E9446.8377
;WIDTH:0.400
G1 X148.800 Y149.000 E9448.7177
;WIDTH:0.468
G1 X149.000 Y148.800 E9448.7308
;WIDTH:0.400
G1 X149.000 Y101.200 E9450.6108
;WIDTH:0.468
G1 X148.800 Y101.000 E9450.6239
;WIDTH:0.400
G1 X101.200 Y101.000 E9452.5039
;WIDTH:0.468
;WIDTH:0.469
G1 X101.034 Y101.034 E9452.5117
G1 X101.000 Y101.200 E9452.5196
;PRINTING_TIME: 6090
;REMAINING_TIME: 153
;LAYER:194
;Z:48.750
;HEIGHT:0.250
;FLOW:100.0
;PRINTING: Flow_Calibration_Cube_0.4_mm.stl
;PRINTING_ID: 0
G1 F2400 E9449.5196
G1 F300 Z48.950
G0 F3900 X100.200 Y100.200
G0 F300 Z48.750
;TYPE:WALL-OUTER
;WIDTH:0.400
G1 F300 Z48.750
G1 F1500 E9452.5196
G1 F2100 X149.800 Y100.200 E9454.5817
G1 X149.800 Y149.800 E9456.6438
G1 X100.200 Y149.800 E9458.7060
G1 X100.200 Y100.200 E9460.7681
G1 F2400 E9457.7681
G1 F300 Z48.950
G0 F3900 X101.800 Y101.800
G1 F300 Z48.750
G1 F1500 E9460.7681
G1 F2100 X101.800 Y148.200 E9462.6972
G1 X148.200 Y148.200 E9464.6263
G1 X148.200 Y101.800 E9466.5554
G1 X101.800 Y101.800 E9468.4845
G0 F3900 X100.600 Y100.600
;TYPE:WALL-INNER
;WIDTH:0.400
;FLOW:90.0
G1 F2400 X149.400 Y100.600 E9470.3104
G1 X149.400 Y149.400 E9472.1364
G1 X100.600 Y149.400 E9473.9624
G1 X100.600 Y100.600 E9475.7884
G0 F3900 X101.400 Y101.400
G1 F2400 X101.400 Y148.600 E9477.5545
G1 X148.600 Y148.600 E9479.3206
G1 X148.600 Y101.400 E9481.0867
G1 X101.400 Y101.400 E9482.8528
G0 F3900 X101.000 Y101.200
;TYPE:GAP-FILL
;WIDTH:0.400
;FLOW:95.0
G1 F3600 X101.000 Y148.800 E9484.7329
;WIDTH:0.468
G1 X101.200 Y149.000 E9484.7459
;WIDTH:0.400
G1 X148.800 Y149.000 E9486.6260
;WIDTH:0.468
G1 X149.000 Y148.800 E9486.6390
;WIDTH:0.400
G1 X149.000 Y101.200 E9488.5191
;WIDTH:0.468
G1 X148.800 Y101.000 E9488.5321
;WIDTH:0.400
G1 X101.200 Y101.000 E9490.4122
;WIDTH:0.468
;WIDTH:0.469
G1 X101.034 Y101.034 E9490.4200
G1 X101.000 Y101.200 E9490.4279
;PRINTING_TIME: 6116
;REMAINING_TIME: 128
;LAYER:195
;Z:49.000
;HEIGHT:0.250
;FLOW:100.0
;PRINTING: Flow_Calibration_Cube_0.4_mm.stl
;PRINTING_ID: 0
G1 F2400 E9487.4279
G1 F300 Z49.200
G0 F3900 X100.200 Y100.200
G0 F300 Z49.000
;TYPE:WALL-OUTER
;WIDTH:0.400
G1 F300 Z49.000
G1 F1500 E9490.4279
G1 F2100 X149.800 Y100.200 E9492.4900
G1 X149.800 Y149.800 E9494.5521
G1 X100.200 Y149.800 E9496.6142
G1 X100.200 Y100.200 E9498.6764
G1 F2400 E9495.6764
G1 F300 Z49.200
G0 F3900 X101.800 Y101.800
G1 F300 Z49.000
G1 F1500 E9498.6764
G1 F2100 X101.800 Y148.200 E9500.6055
G1 X148.200 Y148.200 E9502.5345
G1 X148.200 Y101.800 E9504.4636
G1 X101.800 Y101.800 E9506.3927
G0 F3900 X100.600 Y100.600
;TYPE:WALL-INNER
;WIDTH:0.400
;FLOW:90.0
G1 F2400 X149.400 Y100.600 E9508.2187
G1 X149.400 Y149.400 E9510.0447
G1 X100.600 Y149.400 E9511.8707
G1 X100.600 Y100.600 E9513.6966
G0 F3900 X101.400 Y101.400
G1 F2400 X101.400 Y148.600 E9515.4628
G1 X148.600 Y148.600 E9517.2289
G1 X148.600 Y101.400 E9518.9950
G1 X101.400 Y101.400 E9520.7611
G0 F3900 X101.000 Y101.200
;TYPE:GAP-FILL
;WIDTH:0.400
;FLOW:95.0
G1 F3600 X101.000 Y148.800 E9522.6411
;WIDTH:0.468
G1 X101.200 Y149.000 E9522.6542
;WIDTH:0.400
G1 X148.800 Y149.000 E9524.5342
;WIDTH:0.468
G1 X149.000 Y148.800 E9524.5473
;WIDTH:0.400
G1 X149.000 Y101.200 E9526.4273
;WIDTH:0.468
G1 X148.800 Y101.000 E9526.4404
;WIDTH:0.400
G1 X101.200 Y101.000 E9528.3204
;WIDTH:0.468
;WIDTH:0.469
G1 X101.034 Y101.034 E9528.3283
G1 X101.000 Y101.200 E9528.3361
;PRINTING_TIME: 6141
;REMAINING_TIME: 102
;LAYER:196
;Z:49.250
;HEIGHT:0.250
;FLOW:100.0
;PRINTING: Flow_Calibration_Cube_0.4_mm.stl
;PRINTING_ID: 0
G1 F2400 E9525.3361
G1 F300 Z49.450
G0 F3900 X100.200 Y100.200
G0 F300 Z49.250
;TYPE:WALL-OUTER
;WIDTH:0.400
G1 F300 Z49.250
G1 F1500 E9528.3361
G1 F2100 X149.800 Y100.200 E9530.3982
G1 X149.800 Y149.800 E9532.4604
G1 X100.200 Y149.800 E9534.5225
G1 X100.200 Y100.200 E9536.5846
G1 F2400 E9533.5846
G1 F300 Z49.450
G0 F3900 X101.800 Y101.800
G1 F300 Z49.250
G1 F1500 E9536.5846
G1 F2100 X101.800 Y148.200 E9538.5137
G1 X148.200 Y148.200 E9540.4428
G1 X148.200 Y101.800 E9542.3719
G1 X101.800 Y101.800 E9544.3010
G0 F3900 X100.600 Y100.600
;TYPE:WALL-INNER
;WIDTH:0.400
;FLOW:90.0
G1 F2400 X149.400 Y100.600 E9546.1270
G1 X149.400 Y149.400 E9547.9529
G1 X100.600 Y149.400 E9549.7789
G1 X100.600 Y100.600 E9551.6049
G0 F3900 X101.400 Y101.400
G1 F2400 X101.400 Y148.600 E9553.3710
G1 X148.600 Y148.600 E9555.1371
G1 X148.600 Y101.400 E9556.9032
G1 X101.400 Y101.400 E9558.6694
G0 F3900 X101.000 Y101.200
;TYPE:GAP-FILL
;WIDTH:0.400
;FLOW:95.0
G1 F3600 X101.000 Y148.800 E9560.5494
;WIDTH:0.468
G1 X101.200 Y149.000 E9560.5625
;WIDTH:0.400
G1 X148.800 Y149.000 E9562.4425
;WIDTH:0.468
G1 X149.000 Y148.800 E9562.4556
;WIDTH:0.400
G1 X149.000 Y101.200 E9564.3356
;WIDTH:0.468
G1 X148.800 Y101.000 E9564.3487
;WIDTH:0.400
G1 X101.200 Y101.000 E9566.2287
;WIDTH:0.468
;WIDTH:0.469
G1 X101.034 Y101.034 E9566.2365
G1 X101.000 Y101.200 E9566.2444
;PRINTING_TIME: 6167
;REMAINING_TIME: 77
;LAYER:197
;Z:49.500
;HEIGHT:0.250
;FLOW:100.0
;PRINTING: Flow_Calibration_Cube_0.4_mm.stl
;PRINTING_ID: 0
G1 F2400 E9563.2444
G1 F300 Z49.700
G0 F3900 X100.200 Y100.200
G0 F300 Z49.500
;TYPE:WALL-OUTER
;WIDTH:0.400
G1 F300 Z49.500
G1 F1500 E9566.2444
G1 F2100 X149.800 Y100.200 E9568.3065
G1 X149.800 Y149.800 E9570.3686
G1 X100.200 Y149.800 E9572.4308
G1 X100.200 Y100.200 E9574.4929
G1 F2400 E9571.4929
G1 F300 Z49.700
G0 F3900 X101.800 Y101.800
G1 F300 Z49.500
G1 F1500 E9574.4929
G1 F2100 X101.800 Y148.200 E9576.4220
G1 X148.200 Y148.200 E9578.3511
G1 X148.200 Y101.800 E9580.2802
G1 X101.800 Y101.800 E9582.2092
G0 F3900 X100.600 Y100.600
;TYPE:WALL-INNER
;WIDTH:0.400
;FLOW:90.0
G1 F2400 X149.400 Y100.600 E9584.0352
G1 X149.400 Y149.400 E9585.8612
G1 X100.600 Y149.400 E9587.6872
G1 X100.600 Y100.600 E9589.5132
G0 F3900 X101.400 Y101.400
G1 F2400 X101.400 Y148.600 E9591.2793
G1 X148.600 Y148.600 E9593.0454
G1 X148.600 Y101.400 E9594.8115
G1 X101.400 Y101.400 E9596.5776
G0 F3900 X101.000 Y101.200
;TYPE:GAP-FILL
;WIDTH:0.400
;FLOW:95.0
G1 F3600 X101.000 Y148.800 E9598.4577
;WIDTH:0.468
G1 X101.200 Y149.000 E9598.4707
;WIDTH:0.400
G1 X148.800 Y149.000 E9600.3508
;WIDTH:0.468
G1 X149.000 Y148.800 E9600.3638
;WIDTH:0.400
G1 X149.000 Y101.200 E9602.2439
;WIDTH:0.468
G1 X148.800 Y101.000 E9602.2569
;WIDTH:0.400
G1 X101.200 Y101.000 E9604.1370
;WIDTH:0.468
;WIDTH:0.469
G1 X101.034 Y101.034 E9604.1448
G1 X101.000 Y101.200 E9604.1526
;PRINTING_TIME: 6192
;REMAINING_TIME: 51
;LAYER:198
;Z:49.750
;HEIGHT:0.250
;FLOW:100.0
;PRINTING: Flow_Calibration_Cube_0.4_mm.stl
;PRINTING_ID: 0
G1 F2400 E9601.1526
G1 F300 Z49.950
G0 F3900 X100.200 Y100.200
G0 F300 Z49.750
;TYPE:WALL-OUTER
;WIDTH:0.400
G1 F300 Z49.750
G1 F1500 E9604.1526
G1 F2100 X149.800 Y100.200 E9606.2148
G1 X149.800 Y149.800 E9608.2769
G1 X100.200 Y149.800 E9610.3390
G1 X100.200 Y100.200 E9612.4012
G1 F2400 E9609.4012
G1 F300 Z49.950
G0 F3900 X101.800 Y101.800
G1 F300 Z49.750
G1 F1500 E9612.4012
G1 F2100 X101.800 Y148.200 E9614.3302
G1 X148.200 Y148.200 E9616.2593
G1 X148.200 Y101.800 E9618.1884
G1 X101.800 Y101.800 E9620.1175
G0 F3900 X100.600 Y100.600
;TYPE:WALL-INNER
;WIDTH:0.400
;FLOW:90.0
G1 F2400 X149.400 Y100.600 E9621.9435
G1 X149.400 Y149.400 E9623.7695
G1 X100.600 Y149.400 E9625.5955
G1 X100.600 Y100.600 E9627.4214
G0 F3900 X101.400 Y101.400
G1 F2400 X101.400 Y148.600 E9629.1876
G1 X148.600 Y148.600 E9630.9537
G1 X148.600 Y101.400 E9632.7198
G1 X101.400 Y101.400 E9634.4859
G0 F3900 X101.000 Y101.200
;TYPE:GAP-FILL
;WIDTH:0.400
;FLOW:95.0
G1 F3600 X101.000 Y148.800 E9636.3659
;WIDTH:0.468
G1 X101.200 Y149.000 E9636.3790
;WIDTH:0.400
G1 X148.800 Y149.000 E9638.2590
;WIDTH:0.468
G1 X149.000 Y148.800 E9638.2721
;WIDTH:0.400
G1 X149.000 Y101.200 E9640.1521
;WIDTH:0.468
G1 X148.800 Y101.000 E9640.1652
;WIDTH:0.400
G1 X101.200 Y101.000 E9642.0452
;WIDTH:0.468
;WIDTH:0.469
G1 X101.034 Y101.034 E9642.0531
G1 X101.000 Y101.200 E9642.0609
;PRINTING_TIME: 6218
;REMAINING_TIME: 26
;LAYER:199
;Z:50.000
;HEIGHT:0.250
;FLOW:100.0
;PRINTING: Flow_Calibration_Cube_0.4_mm.stl
;PRINTING_ID: 0
G1 F2400 E9639.0609
G1 F300 Z50.200
G0 F3900 X100.200 Y100.200
G0 F300 Z50.000
;TYPE:WALL-OUTER
;WIDTH:0.400
G1 F300 Z50.000
G1 F1500 E9642.0609
G1 F2100 X149.800 Y100.200 E9644.1230
G1 X149.800 Y149.800 E9646.1852
G1 X100.200 Y149.800 E9648.2473
G1 X100.200 Y100.200 E9650.3094
G1 F2400 E9647.3094
G1 F300 Z50.200
G0 F3900 X101.800 Y101.800
G1 F300 Z50.000
G1 F1500 E9650.3094
G1 F2100 X101.800 Y148.200 E9652.2385
G1 X148.200 Y148.200 E9654.1676
G1 X148.200 Y101.800 E9656.0967
G1 X101.800 Y101.800 E9658.0258
G0 F3900 X100.600 Y100.600
;TYPE:WALL-INNER
;WIDTH:0.400
;FLOW:90.0
G1 F2400 X149.400 Y100.600 E9659.8518
G1 X149.400 Y149.400 E9661.6777
G1 X100.600 Y149.400 E9663.5037
G1 X100.600 Y100.600 E9665.3297
G0 F3900 X101.400 Y101.400
G1 F2400 X101.400 Y148.600 E9667.0958
G1 X148.600 Y148.600 E9668.8619
G1 X148.600 Y101.400 E9670.6280
G1 X101.400 Y101.400 E9672.3942
G0 F3900 X101.000 Y101.200
;TYPE:GAP-FILL
;WIDTH:0.400
;FLOW:95.0
G1 F3600 X101.000 Y148.800 E9674.2742
;WIDTH:0.468
G1 X101.200 Y149.000 E9674.2873
;WIDTH:0.400
G1 X148.800 Y149.000 E9676.1673
;WIDTH:0.468
G1 X149.000 Y148.800 E9676.1804
;WIDTH:0.400
G1 X149.000 Y101.200 E9678.0604
;WIDTH:0.468
G1 X148.800 Y101.000 E9678.0735
;WIDTH:0.400
G1 X101.200 Y101.000 E9679.9535
;WIDTH:0.468
;WIDTH:0.469
G1 X101.034 Y101.034 E9679.9613
G1 X101.000 Y101.200 E9679.9692
;PRINTING_TIME: 6243
;REMAINING_TIME: 0
M106 S0
G1 F2400 E9676.9692
G1 F300 Z50.200
G0 F3900 X101.000 Y101.200
G0 F300 Z55.000
M221 T0 S100
G92 E0
M1002
M104 T0 S0
M104 S0 ;extruder heater off
M140 S0 ;heated bed heater off (if you have it)
G91 ;relative positionion
G1 E-1 F300  ;retract the filament a bit before lifting the nozzle, to release some of the pressure
G1 Z+10 E-5 F9000 ;move Z up and retract filament even more
M84 ;steppers off
;Data start:151012:4f23b562caa78e28d654deedccbc5df9
;SURFQSAtIFBSSU5UREFUQUlZDHzi6E17riyBkcQfrmffd1s3A3h8P9US6dV8SnsUSVVfPeij/31bB0U
;e3AVW6+vNGzdCqDk/GRa21QxKQxRGVX097aPkfVwHfx78BTfr/c1pN1OoLz8GFrvVf0okFFBVST3ko/
;B9QgdBHsUFAuvGzQU3XKgOPyIWj9UkShcUfFUtLoGjkRxMZEVyy3cGn92iNGhuxwhLInvp1E1KexQZF
;VJ9gbiRfS9mQ33LaQKZ1bkzWGL3HlA5Yoa4EjkOZn80TliBopF9LwcgXtFFZ/O0zVpWb8sZUyhkiKEk
;JRVLfzxfTvX8/RxWYlIerwVn67TNGkhMqG8/TRaIti4vF3FrNFlU7s3OFEFhSXLCBWbrtM1aN0zXPD9
;VFunVLCkYcXUwX1z1yv4TcG5ObctxOILaoz9FDKl8P00W6ZUyCnsMGVUtXOLA9BFKdUFqx2oJtN2jKV
;J49xNKOXOb1UxKexQZVW1CwaODfS8HQX3NYAuOxqwuXmPGI08/f4ehTUt7FBlVLX3+45FpLwcgf81mA
;ofRvztDZccSYD5jmaUiOA8UGFUtPYGj0QJvBzAergUGiNeoNlJ+yQhWIni2oSI6exUZVS09gePuPS8f
;IB6uZASI0aE/RW3cFVAjSZ26PRUIYWszTF7ko5B9LwcgHu56J+unzVo3bcsfWiFzm7Q5IxR6RiFfXPf
;G/X0uByAergUnlPTNeDcMqB1cLnOFsD8rD312O3JJ88LnGENYU3bBdxO00KQpQ23GH1pNF+nVTUp7FB
;lVLRSBo5EcWWhJevFxFYrCqDZoZMcQWj5JmbQ5IiR5eC1yUeTN9glHWEZ/zXEImbTMWjcMqHw/JFbp/
;E1Ke3VvOkRZ3tfjHFliTEHGaguOx5IqVnjAI1Isbra7IhUJcW0nTF71yv4TLwYgHq4FZ+u0zVo8DKh8
;XSh6nYoiLB1nfCEtPIGjkX0vB/AhrhNn67SvP1t49w5eK2K2tC4pHnh8J0xJ6Mz/fS4HIB6uBSeU9M1
;KNwyoHlohYranLCwPS3g8X1rg05F8LwcgHq4Fh9S031o3DMoZUzlJm7QrPiRydTpaT+DX9H0uByAerg
;VnsvTNVDcMqB5aIWK2pywsD0tzMF9WgaKRfS8HIB66RWf7tM1aVWnECGA/d4+hEiUdcmowWT2Ao5F9L
;wcg7pEFaOu0zThSYNwjTSxwnYo+Oh5xfVUsPYGjkX0vKWAevQVn69aoNkNT2h1ZOUmdvSQpEHp8Jl49
;gKORfS8HIOaRBXXrtM04UmDcI0gseoWKKyYUY2s0WViBopF9LwcgHvdFZ/+0zVpVacQIYDp3hbkSJh5
;6fiFFYuzK/30uByAergVnG4vNVTcMqB5aIWK2oiwmF0tqJUhY5aOQfS8HIB6uISfrqs1aN27aFVsqf4
;eyEi8DYGsgXlTuzc4KRmNUdvF3Bp/dolo2DKh8P00WsJVNWHsUGTdfVOXE+BNIWEZ/wFoUm9GoPjcNq
;Hw/TRbpjA1KbxQZVU9P6Mf2FEFgf3jHfQKP66w0UGDNfD5NFunVTUp7FBlMLT2BweMUS2BJcMlaAYfb
;rC5SaPcdTSh3trgkJHsVGVUtPYGjpT0vFiAermcVgtCqM1lr9xpTImGbtDkvexUZVS09gaPIPS8fIB6
;uZxWC0KozWWv3D1coeoWmEiwXe24nTEnko5B9LwcgHq5cJ+uhzVo3btoVWyp/h7ISORNxdTleYvLT9B
;hLByEergVn67TzGjcCqHw/L2SAsSojFXNGJl1Y5MeRfC8HIB6uBSmrtOxaNwzKDlYpcYC7KhUIYWklQ
;k/1xvUiTnVFf/F3Bp/dogVabdB8Pk0W6dVNSjJUGVotPYHB4xRCWEx3wGA4iNu4NEMMqXw/TRbp1WkK
;ex8ZVS1f88r8IkBhRm3LcWfqtM1aNwyofD9NBOnVTSkUdWohRFPm/PUUXHNBcM1gVuu1zVo3DKh8P00
;W+9VNShh7eCZZVO/EzhlGdFR/wGYC2bTMWjcMqHw/TRbp+01Ke3d2O0lU9cr+E05rf3HAYDiY3Kg2W1
;PHEmA5eZmKPj8Jcng2SE7ezvgTcGZSe88FZuu0zVo3DKh8P2IW6dUuJRVwcCFEUu/C/SJAaUVB3W0Ch
;9iSNVlT3BNPEmWcpysrGHFqCkBU7/zmFEtzSB6vBWfrtM1aNwyoUz9NFoq6Iy4SYHA6Q1zt/OUSX1hT
;a9xjBojRkjNZasEQUxJmiKE5Lwl6RjhEU97C4xhOByEergVn67TNWjc8qHw/LnmHsSQ+Ent3NEFi9cz
;hIlxyUnjPZgK03aM8XmDEI08sYp2wPyQkeXA7ckrox+UVLwYgHq4FZ+u0zVoiDKh8XCJ5hbwjLSR3dj
;BLW+jA+BhBc39/rgRKqKgmuAFWl3wqTRbptiIlF313MnJe7sb3G0ZkSXvAcTiJtMyX+8BksPO5qenAT
;Up7d3Y6QVTvxM4eQGJGeMdmDo7auQVUDKl8P00W6RU/CnsHGVUtXu7M/SJCbk5BwmQejsaSLl5hzXw+
;TRbp1U1KVVQZRC09gcD+EkNYTXfAWgGO0akoVnjNfD5NFunVTUpfVBlDLT2Bx/QTXGJ/bdt1F4TGuQV
;RYMcLTSxijNVMSnsUGVUtZMGjjH0vB0R7wHYCtMe4Kkdj2ghgJHiPvCEmJHtsIUFU78bifS4HIB6uBW
;frtM1NNwyoD0o9ZoanORUfcXcmSGLnyv0RcHVBassFZuu0zVo3DPw8P1AW6dUpLxVnfApeSPHT/g9bW
;ElwwGAVtNG1KlZi2xVQIxbo1U1KexQZVS09kqORfVxyUG7BdxO00Kg0RGn3EF40c5vVTEp7FBlVLT2B
;o4p9LwdEe8B2ArTHuCpHY9oIYCF3kLA/OSR2diFZUuyjkH0vByAergVn66fNWjdozRJMKEmaoD06FGZ
;tCl5N5Mb1fS4HIB6uBWei9M1DNwyoGFYgc4emJCUVS2Escl7uzuEYQXRBasdqCeu1zVo3DKh8P00W99
;VNSh99dDBDTujM/yJXfn99wWgXjtq+O0NlxxJgJXmFsE1LexQZVS09gaORZC8HIHrCdTiK2rkzVmDBH
;UwkeI6KKjgabUY4TEWBopF9Lwcg/sFFZ/K0zVpTYNgjXiNigLQhIxpncDtKYubR8ARwaklwrgRn67TN
;WjcMqHwpTRbpsSE6JHV3IURc7crwDkZpR0HCYBGO2M1bNwyofD9NNqnVWkp7FH05XWLgzeUUTmtJf91
;sCYzroD9DZMcYP0wW6dVNSnvkJlUKPYGj9RFfWEJ/3WA4h9W0P0VTyRpLKGS2sDU6FGdsJ0hi9sL4CX
;BzSXPLBWbrtM1aNwyofD9lFunVKSYLS3s0Xljez/AESnV/fMtjCJnRkj9PfMcPSj9ztqIsIw9LbTxAW
;IGikX0vByAeqkVn97TNWlNg2CNdLGWMiiErAnFrCk9S88f0D3BoRnjdYBPrtc1aNwyofD9NFs3VTUof
;eGkKT1zyxs4RTn5FbPFmCIXAoi9FU80ETyJlnKcoFQ99dDAtPIGjkX0vBwheri5n67SpNkdTyh1MKEm
;FtDQvCUt8JllU7MLlFEBpf2rHaAK016I3R2nGD145f4a7TUt7FBlVLT2Bo5FZLwcgesJ1OInVvj9oYM
;kFWj9Jj7whJhJ6fgpIRfHM4ghdYn9qx2gC67XNWjcMqHzPchbw1U1KH3hpCk9c8sbOEU5+RWzxdQic0
;b8FWmPMGT9MFunVTUp75CZVDD2Bo/URX1hCf91gOIfVtD9FU9odTyRytrE/JQtLYwpeTeTG9X0uByAe
;rgVny/TNfjcMqBhTPUmLtD4vJHh4LEhP3tHwDUZjf3LHYxO0zpI+Xn/cHVEuc+nUTUp7FBlVP32BgpF
;9L2NMbvFnBpjRkjZWdc0OYD93mbwpFRd9fyFyR97Q4RhKYyAfrgVn67TNencMi3w/TXKFpRIoGmd8Ck
;Fc+MbjIlxrT2nxYRWExJIgaGjBD0sseIqwTUt7FBlVLT2J45FdLwcgesJ1OInVvj9oYMkFWj9JmrkiP
;SRwazpdYvv84g1KYkQerwVn67TNWhdMqF8/TRaNuT0VGXVqMHJR4Nr0D3B0THHZWguC0rkFTVPMFUw5
;d4e2KEp6FBlVLT2Bq9F9DwcgHsppF7TWrClSU8QdRihktqYhJQxLdTxLSd7Zzg5fYkV6rgRn67TNWjc
;s6HwbTRbpsSE6JHZ4Jkhi7cLoGF1YU2vedQiZwJI/T3zHD0o/c7ahJCceFBhVLT2Bo5FVbwcFHq4FA4
;fEkjhWf80jUyxvjKcSPhN9ej5DWPLQzh5AalB7wHYGn92iNDcNqHw/TRbp1U1KXxQZVUlR8fzzHFxif
;3LPfAKZ67gqR2naI08if4ehEj0afW0KWVTsxpF8LwcgHq4Fh9S0wlo3DMwQTxJ0iKYoFRd1YDBfToGi
;kX0vByAejkVn9LTNWlNg2CNcJXeEtyg4JHx8NFlI8fziCU5pRHzXWhOC2ahaNgyofD9NFv2VTWp7FBk
;xQU3ewPkcQmVFbPF1FYLauTNZa/cIWiBmjKcsPg5mfFUsPYGjkX2vRmAevwVn69ChKmhvxxJLImObij
;ojH2BxVSw9gaORfS8PYB6hBWfr0KEqaGjaBVYjcbahJCceFBhVLT2Bo5FpbwczHq4FA4fEkj9Ta80jX
;SFjm4ohLw1xdVUsPYGjkX0v9x8ejQVn69ChKmhqwQ5SOnebsBIrGHd8OUhP4Nf4EkFYWkHKYAGKwaEu
;Nw2ofD9NFunxDUpgFBlVSVHx/PcUXWpXf9xgOIHRvzFodvcYWit3nLk5SnoUGVUtPYFTrn03ByAeymk
;XtNKkKFp7yQ5aEmWZsCguJG5GOExFgaKRfS8HIB66RWfwtM1aU2DYI1cod52KLj8JfXcycknkzuEYXW
;ZUa9xgZ+q0zVo3DKgyf00B6dVNLhdkRjxAXObGzgldZk5tyGAVtMCkN1IMqdJ4rGz9e1gKewcZVS1Z7
;dPOFFxrQXDKWgaZ0awFWmXGfD5NFunVTUqDKxlOLT2Bx/0NcGtBZ8t3OIbRvz1SU8sQUD5ztrMsKR5n
;GVQtPYGjkX0vByAFrgVnj9i9BVo4mExgLnmEuCwkH0t9MEFc+PzlFEJiIB+dNlTYh/6JCAyBfD9NcoW
;lEicScH05SGLtwugYXVhBeNpgFbTRtSpYf90OWhJhiLw5FQ99dDAtPIGjkX0vByAeri9n67SpNkdTxR
;VbKXqMiiErAnFrCk9Y58zjGHBiWG7BdhKZ0ZItVmXcI0ske4zVTEp7FBlVLTnBo499LwdEct5aCoLQq
;TZSU8QdRihktrciOB9xawpCW+fQ9AkvBiAergVn67TNWhEMqHxbIWa2uCQuH3h8CkFc+MbjIkxoTmrB
;cBW00bUqWH/dDloSYoC4KEp6FBlVLT2Bg9F9AgcgHsppF7TZpD5TYM0jUyxvjKcSLwhgcDhMSejM/yJ
;bbk178WYIhsSoNERt3BVQIxbo1U1KexQZVS09qKORfUtrUEHDbAOP2KgFW23RGU0Sc5GlIjkOZnwKWV
;Tsxs4JXWZObcdxDoTazVs3DKh8P00W6dVrSnsUfTldYuzK9RlDYn9yz3wCmeurM1tgwRJYEnORpSI5D
;mZ8CllU7MaRfC8HIB6uBZfUtNZaNwzMEE8Se4CxKSYeS3U0VFjz/OESWGJSQcNqA460zFo3DKh8P70p
;6fZNSntwdSVyUOjH9RFKWEx/12AVtMasKl5o9xhNIma2rxI5C3F8MS08gaORfS8HAF6uI2frtKk2R1P
;FFVspeoyKISsCcWsKX1zxyvUiQ25GavF/OI/dvi5WYssZP0wW6dVNSnsUWVUOPYGj9RFfWE13ymELju
;uhO05p2iNNLGaAsRImEnJtCldi8tP0GEsHIR6uBWfrtO0aNymofD8pepmKICMfcHUwclHg2vQPcHRMc
;dlaA5nbvQVNU8wVTDl3h7YoSnoUGVUtPYGj0X0NByAeymkXtNmkPlNgzSNTLG+MpxI5F3tuCklP7tPO
;B3B0UHvLYWfqtM1aNwyoXH9NM+nVTS4XZEY4RFnlz/QiQ2ZZe9xaFIfbugVbZc4IYDdJjbw+Php6ejA
;tPIGjkX0vByBeridn67SpNkdTxRVbKXqMiiErAnFrCl5R7tTOEUZhVEHUWhSb0ag+Nw2ofD9NFun1DU
;pdFBlVSVHx/PwUS2NMe/FpBpLRvwVEedgMUD9itrA1OhRnbCdIYvXK/BgvBiAergVn65SNWhEMqHxbI
;Wa2uCQuH3h8CkFc+MbjIlp3UHvcWheE3aMuaHvJFUsSYoC4KEp6FBlVLT2Bo5F9PgcgHsppF7TZpD5T
;YM0jUyxvjKc+SnoUGVUtPYGD0X0GByAeymkXtNqiKFptxCNTLG+MpxIrHWB8J3JY+dP+Dlp1RUHZZA6
;f67kzWmmofT9NFunVTUp7FDNVLT3lz+EiQWhSc89pOIfVtD9FU8oZWSJkjIooMgt7aiBfWN7U8BRbWF
;R3w2Bn6rTNWjcMqHx/TQjp1U0uF2RGO0JP7ML9IkNmWXvcWgWExqk/RVPHGlk+c53VTEp7FBlVLT2Bo
;7d9LwdEct5aCYTGoDtbU8QdRihktrYiJA97bCdyWPnT/g5adUVB2mwKjrTMWjcMqHw/XVbp+E1Ke3B1
;JXJT7tH8HENYTH/XYBW00b4uXmHJCFYieLahJCceS3o6QE3kzeIcW25PcK4EZ+u0zVo3DKh8GU0W6bE
;hOiR6didAXO38/RxWYlJByGwLh92jPWhp0AxQPmObsBI+Enl8VSw9gaORfS8XYB61BWfr0KEqaGLHDl
;Isera5LDMeZkYlQkrk0c4QQGNFHq8FZ+u0zVrHM6hfP00Wjbk9FRV7azhMUd7P8ARKdX9sz3UOj+upK
;Fh89wZgPmaMsClKehQZVS09gYvRfQkHIB7KaRe02qIoWm3EI1Msb4ynEjgaZHAxclHoxeUiVVhEd91x
;BoXXqFo2DKh8P00W6ZVNaXsUGTFBTd7N/g9CZkxBwmQejsaSKFZ8wRhgIX+PoRIwJGdpMEhZgaKRfS8
;HIB6GRWfOtM1aU2DYI1EiZIS0IRUXdWAwX2Lyz/4KcGNScd5aHbTQpClDbcYfWk0X6dVNSnsU6WotH4
;GjkRlDd39wwXcKitiSNlZ1zQ5gPnqGohIuCXtpCldi8tP0GEsHIR6uBWfrtOUaNymofD8pepmKIyUJe
;Xg5clHg2vQPcHRMcdlaC4LSuQVNU8wVTDl3h7YoSnoUGVUtPYFTrn0NByAeymkXtNqiKFptxCNTLG+M
;pxI5F3tuCkFU59fOB3B0UHvLYWfqtM1aNwyoaH9NMOnVTS4XZEY7Qk/swv0iQ2ZZe9xaFJ7EvTVFePc
;ZRz15mqA/LyRgcDhIPYCjkX0vByAE7gVB67TNPlt89xJQP3uIuRImGm18J3JI8dP0D3B3T3fAcTic1a
;QuaHjBEVpNF+nVTUp7FBlVLSOBo5EZQ3d/bMtoCJ3RkjhCbsoQWhJhiLw5IxVzRiFEUOSjkE4cNBMtn
;dZY67nNWjdoxAxgPnWIuSQkHEthVSw9gaORfS9eYB6jBWfr0KEqaH/LHVMkeI6KNEp6FBlVLT2B+tF9
;PAcgHsppF7THoTNUafcIUCFzm7QjKR4UGFUtPYGjkX0vBxIergUDh8SSKUJ+zh1cKEmavCkvJGB8LVl
;I88bOGUZ0QXzCYDiE2pI1QWnaFF4jcba0Iy0XcRlULT2Bo5H9bkcgPa4FZ4/YvQVEedoaXi5ztqYkLh
;5LbTBVSfTR9CJdYlNxwnATgtujWjaWMeWm1I9Q6k1oexQZMUFN3tDkD0lmQ3vxdg6P0ZIuUnTcCU0oS
;ZGsEiUdcmowWT2Ao5F9Lwcg/pEFcOu0zT5bfPcIWiBmjKcsPg5mfApOVeDO8xhdByEergVn6zSMGjcc
;qHw/KXqZijorCHxwO0pi7Mz1GC8GIB6uBWfrRPJaOAyofFo1YpugKS8JS3g4Qkjv15F8LwcgHq4Fl9S
;02lo3DM0ESz9jjbA/FR5sej1MU+bGzglGakUvrgRn67TNWjcMqHwoTRbpsDU+CWF9MF9i5NvyFU5pR3
;vxcQ6G0f9aNgyofD9NFunVTVh7FBkwVUnz1vUYXVhPeMh2Ap/rtWs3Dah8P00W6ewNSmkUGVVIRfXR5
;BlKdX9xyGMUjsCSIgUMqXw/TRbp1U1KewYZVS1Y+dfjCEtiUkHBYwGY0bkFTz+ofT9NFunVTUp7FAtV
;LT3k2+UPWmNFbPFqAY3HqC5odZl8Pk0W6dVNSnsUGUctPYHG6QldckR73FoIjdK+P0NT0U4/TBbp1U1
;KexQZVT89gaP0BVt1VXrLdziE0qspUnj3BQxNF+nVTUp7FBlVLQ6Bo5EYV3NSa8pgFbTHujNDb8AjXC
;J5hbwjLSR8fDRZSPH88BlZZk59y1oTjtm9P0Vt3AlNKCfp1E1KexQZVUR9gZCRfS9iWGrccAOOxpIpQ
;GXcH1cSdYa6ISMVc0Y9SFz11uEiTmNWf8BmArTAqDdHadodSzhkjOdNS3sUGVUtPejjkVYvByB71nEV
;ntCoKGh/3xVLLn62tiIlF313MnJV5MLlCF9YQXrYZAmI0ZIuXmHNfD5NFunVTUo/VBlLLT2BxukJXXJ
;Ee9xaFJzduTlfU8sTUCF/h7ISOhpmcgpVPYCjkX0vByAg7gV567TNP0942glbKGS2pjojD3dxCk5S7s
;/4E0hYUH/cbjiStMxaNwyofJ8TVunxTUp7cWEhX0jlxuMiXHBJas1tOIjbojZeYs8jSyh7mbA/Kw9ha
;zAcPYCjkX0vB6B47gVD67TNP0942glbKGS2pjojD3dxCk5S7s/4E0hYVHvDdQKZ1bkvRWmafD5NFunV
;TcodVBlMLT2B0fQOW2ZSavFgH5/GrAVTeckQYCx7hqAjPnsVGVUtPYGjkX0vIiAermAfn8a4PlJ+9w9
;IJGKKvRI4HmdtNF9J3sbpCV1mf3/DahKFwP9aNgyofD9NFunVTVh7FBknSE71wuMJcGNVf8JaFJvRqD
;43Dah8P00W6eENSmUUGVVIRfXR5BlKdX9t2WwTiNySKFJ/3B1NOUmapSgvHyYZVC09gaORfRtHIAiuB
;WeZ0bkoVm/cFVAjSY2gLCYkdXQ6WFP1o5B9LwcgHq4hJ+uWzVo3adAITThyjKcSOQx9bTZFYvPG5Q9O
;ZFR3wWs4itmiL1l4mnw+TRbp1U1KX1QZQC09gdH0CV1mQ2rHagm00Lg7W1PbDFoocunUTUp7FBlVGX2
;BgpF9L2JYatxwA47GkilAZdwfVxJkjKE/KxhgcDpDYvLT9BhLNSAfrgVn67TNbncMu3w/TXORoT8/H3
;FrClpU8cbOCUZqRS+uBGfrtM1aNwyofCxNFumwNT4JYX0wX2L2yuEYcHNJc8s3Z+q0zVo3DKh8P00Z6
;dVNLwNgayBeVO7NzgpGY1R2rgT9ci1Uw67Vl3wuTRbpsDU+CWFqPEJT3tT4GVtvfyyuBP1yLVTDrtWX
;fCxNFumzLCQkdnU8XWLxwuQOSlhNbctmZ+q0zVo3DOgDf00E6dVNLBp6RjdBVPH85RVdYlN2wWkD67X
;NWjcMqHwBDRbg1U1KHXV3Cl5N5Mb1fS4HIB6uBWey9M1XNwyoGl4jSZqlKC8fS3Q0VT2Ao5F9LwcgWu
;4Fduu0zTxeYMkRWiNitrEkKxZxbTBfPYCjkX0vByDikQV167TNPF5gyRFaI2K2sSQrFnFtMF8PgaKRf
;S8HIB5SOmf5tM1aUWXEHVIoeJ2KKSMaeXwhSE+yo5B9LwcgHq4FZ+umzVo3asEQXiBzh6ESLhJ1dDBZ
;WPOXkXwvByAergVn67TAWjcMzhVTLHuMuzkVHXh2Ii08gaORfS8HeV6uC2frtKszW23FGVE5SY+5Ij1
;KFBhVLT2Bo1EqbwcuHq4FAYLYrDdSYtwjWSF5nudNS3sUGVUtvdfjkXAvByB4x2kGhtGjLmh40QxaTR
;fp1U1KexQZFS0zgaORG0ZrQXPLaxO0wLQqUj6ofT9NFunVTUo7FDlVLT3nyv0JSnV/cdtxOJjZrDZbU
;9gdTTlJmrw3LyRmeCFEUoGikX0vByAe90VnzrTNWlFl2g9LEnqIrCg4JHBwOEhT8sr+E3B/WUHNagqb
;0aMpVnjBE1FNF+nVTUp7FBlVLReBo5EbRnVTavFpBpLRvwVTZcUZUT5/hrsSMgJLejpATeTN4hxbbk9
;w8W0Ih9HNWzcMqHw/TRbp1WxKexR/PF9O9fz9HFZiUkHLfROZwb4zWGL3C1YpYoGKPysPfXZVLD2Bo5
;F9L15gHrYFZ+vSpChEeMQdRihktrMkJhp5fDtZYufP/govBiAergVn6+2NWicMqHxdImKduiAVD3xwN
;kZT5NDifS4HIB6uBWc7i81INwyoGlY/ZZ2KISsCcWsKXlXkz/0OLwYgHq4FZ+ugjVoZDKh8WSRkmqES
;JhptfCdyTu7P+Blwbk54x2kLtNG1LkV52xVQI0mevCk+E0trNFlU7qOQfS8HIB6uXCfrlc1aN2rBDkw
;5SYW0NC8JS2o6QVTl/PgTSW5McvFjC4TDvztDaah9P00W6dVNEzsUB1UtPefK4w5bWEx/12AVtMeiNl
;5o9xVRK3+FuRI5C3F8MS08gaORfS8HZF6uF2frtK81Q3jHEWAhd5CwPxUIZHwwST2Ao5F9LwcgWu4Fd
;Ou0zT1WfPcaViF6trgkJCR4fDtKSemjkH0vByAergVn65jNWjdryQxgK3+FuRI5Enp+OUhi5NvlD1p0
;SXHAWgSE2b0/WX/JCFYieLanLD4SexlULT2Bo5H9f0cgPa4FZ4zVvQVRZcQQYD5/h7IhLyRxYSFfSPL
;K/hNwdUFqx2o4htW1WjYMqHw/TRaAlU1pexQZMkxN3sX4EUNYU3fAYguO66giQ37dD1YieLanLD4Se0
;Y4RFOBopF9Lwcgnu5FZ/S0zVpQbdgjWSR6hYo+IxVzdTByWPnX4whcbk9w8XYXjtGpWjYMqHw/TRbQl
;U1EexQZMkxN3sX4EUNYU27LYAPrtc1aNwyofHENFvnVTUocd3YxSGL12uEYcG5Oest9Z+q0zVo3DKh8
;P00F6dVNLRh7fTByS+TR+BtWWEx7wGITg7TMWjcMqBxFVFfpxk1Ke3N6OklY3tX0D0ZhWUHBYwGY0bl
;aNgyofD9NFunVTUV7FBkyQVLjwv0iQGFGbctxOJO0zFo3DKh8P00W6dpNSntzdTpPXO38/htJdEVq8X
;xn6rTNWjcMqHw/TRnp1U0tF3t7NEFi7sX3Dkpzf2SuBGfrtM1aNwyofCpNFum9KCsPfXcycl7uxvcbR
;mRJe8BxOIq0zKBJZhQIrCWp6cBNSnt8fDRZVO/Ezh5AYkZ4x2YOjtq5BVUMqXw/TRbp1U0KewEZVS1V
;5MLlFEFgf33BYAGN3a4zUmLcI1xNF+nVTUp7FFcVLSGBo5EVSmZUd8BiOJ/doD9oadsIViB3nbwiJCR
;gYCVIPYCjkX0vByAergVy67TNMlJt3AlPEnGKuikvJGd8JFhY78D0fS4HIB6uBWfrtM16NwyoFVErf4
;W5EisfdWkhREvk/PgTSW5McvF3Bp/dogVabdB8Pk0W6dVNSkVUGXUtPYHK/xtGa0xBz2EGm8CkLFJTw
;RJZJHqFij8rD312CkBU76OQfS8HIB6uESfrq81aN2XGGlYhera0KSsLYHAjSGLozf8YXVhFZt5kCZjd
;ojQ3DTLlptSPcDxySm0UGVVEU+fK/RFwZkR/3nEOndGSNlZ1zQ5MTRfp1U1KexQNFS0ngaORFEFhSXL
;CWgaP1b0uXnrNI00ocpy2OSMUempVLD2Bo5F9LwdgHrcFZ+vdozxeYMQjXil3maEkPB5LbjxJSen8/B
;RBByEergVn67TFGjcXqHw/JHiPvCEmJHV3NkVS8/z9GEFgVHbxYwaIwKIoNw2ofD9NFunVTUp0FBlVR
;FPnyv0RcGZSe89aCoLazVs3DKh8P00W6dVRSnsUcDtLVO3Pzg5fZlJty1oEhNmvM1lp9xBeNHObpk1L
;exQZVS09cZyRYS8HIHfAYw6H2JI/T3jaCUwkeYeKOiMfYHEKX1z1yv59LgcgHq4F5730zU43DKgVUSt
;/hbkSLBJ4eDhIU/X89xFAcCAfrgVn67RNDHcMp3w/TX+HsyQmF0t2M0tO5NfOBS8GIB6uBWfrtM1aOA
;yofFYjcIC5IRUUcn8mSEne2pF8LwcgHq4FZ+u0wVo3DM4VUyFJhqMoOBd1aVUsPYGjkX0vF2AeogVn6
;9KkNltTzBlRPn+drE1LexQZVS09peORcC8HIHfAYw6H2JIpX2nEEExNF+nVTUp7FBlVLTGBo5EUQWFJ
;csJaFJvRqD43Dah8P00W6ZsNSmsUGVVEU+fK/RFwcEl62m04ht2jWjaWMeWm1I9A6k1uexQZPENT5NH
;OH11uRHnHawC00bUuRXnbFVAjSZ68KT4TS2s0WVTuo5B9LwcgHq5cJ+ujzVo3ZcYSWj9Ji6ckLhx9dz
;JyW+3M5g9Oc0UerwVn67TNWm5MqGg/TRaAuyMvCUt7J0RZ5sr/GnB0UHvLYWfqtM1aNwyoMn9NN+nVT
;SMVZ3whclTvzfQPcGJYatxwFILbowVAZcwIVxJkiKEkJXsVGVUtPYGjyD0vEyAermwJmNG5BV5ixhlN
;EnCFujo4GmB8VSw9gaORfa9RYB6iBWfr3aMpUnjQI0w9c4yxTUt7FBlVLT3F45FcLwcgd8B2Ap/roi9
;DadojWjVim6A+IxR6RiJEWfXLzg9Oc0lxrgRn67TNWjdV6HwrTRbpvCM5HmBGOlhJ5NHOG0NoV2zPcQ
;Lrtc1aNwyofGYNFuXVTUoSemowWQ3e0OEYSmMgH64FZ+u0TRt3DLZ8P01/h6EoOBd7ej5EU+b88xJaa
;UR/3Hw4j92+LlZiyxk/TBbp1U1KexRZVTo9gaP4E1tiUnLBZgyC2qoFVGnEEGAseI65KEp6FBlVLT0B
;ldF9NwcgHsdrE47GoTVUZ8ESWBJ1jLkhFRd1YDBfToGikX0vByAerkVn/LTNWl5i3BlNIXmKviQkHEt
;6MEFR3tT4GVtvIB80nP5yLVSzCAy6fD9Nf4ehKDgXe3o+RFPm/PUYX3NIHq8FZ+u0zVo3TKhxP00WgK
;ciJBJ6fgpMU+bP9H0uByAergXnvfTNSjcMqBVNIniAuyoVHXh2Il9c9caRfC8HIB6uBXOrtMBaNwzBD
;lAjf4eyEiMVZ3whLTwbOgjktp7pIa4QZ+u0pChYYsESWBJ6gLsoFR99aiFMU+LGkXwvByAergVn67TA
;WjcMwQ5QI3+HshI5C3F8MS08gaORfS8HBF6uDmfrtKc/RWf3HlA5Yoa4TUt7FBlVLT2V45FuLwcgdMt
;3DLTWoi5DY8UjTDhkj7QuL3sVGVUtPYGjhT0vFyAerm8Cmd+SPF5+2whgIXeQsD9KehQZVS09gbfRfS
;QHIB7EYBWA66Q0UWXEED9MFunVTUp7AFlVPT2Bo/sYXWx/d8B2Ap/rpDRZadp8Pk0W6dVNSm9UGUUtP
;YHJ9A9EWElw3WATtNu4LlJ+qH0/TRbp1U1eOxQTVS0968bjFnB3UnfAcWfqtM1aNwyoaH9NGunVTSAe
;ZnIKXkjx0/4PWwchHq4FZ+u02Ro3BKh8Pydzm74SPhRkGVQtPYGjkX07RyAOrgVngdG/MWh4xwxgPmO
;bsywpHhQYVS09gaORaW8HKx6uBQ2OxqYFQ37JClohFujVTUp7FBlBbT2Ko5F9X3VJcNpaFJvRqD43Da
;h8P00W6ZENSncUGVVBXPjG4yJHYkl5xnFn6rTNWjcMqKwATTDp1U0mGm18J3JV5Mr2FVtYQXrPdROCw
;qgFWm3QI1cof469ORUJdW08Qj2Ao5F9LwcgUO4FQeu0zTZWdc0OYCVzgLIlPiR1fTRdSejV9CJCbk5B
;xmAOjNy5BUVt3BVQTRfp1U1KexQgFS0egaOREU5+RWzxbQKC06UuaG3MHU85f5+wEjkaeWk5RFPm/OI
;JSncgH9URyaxVt94IDIN8P016iKwoOCR8fDxKVfX88BlOd1R32GA4mMCoKlh6zQ5gL3mdoSInJGZ4IU
;RSgaKRfS8HIB7nRWfDtM1aW23RGU0Sfoy8KiIPS3gxTE31yucYcHRUe95qEY7Gki5YfPcOXjl/htVMS
;nsUGVUtdMGjhn0vB0x/12AVtNmoKFBp9x9TImWMiisrGHFqVSynGDoI5La+Hx62BWfr2KwjUn73D1oq
;e4y7ORUXcXcyWVXezvgTLwa6hzec/nIN8lo8DKh8SCx6hYo+Ih54dSYtPIGjkX0vBzBerhFn67ShO05
;p2iNMJXOFuT4VFGJ8J0Fc8aOQfS8HIB6uTCfrmc1aN2DJBVo/SZqhLDgPS2k6RFP1/OIeTnVGQcRqDo
;XAkjtZa8QZYDl+m7A+IhR4fVUsPYGjkX1PZGAeigVn69isI1J+9w9LLGSdij0lEnptCl5e4NH3IkVoS
;XDaWguO2qouXwypfD9NFunVeQp7PRlVLVHg2vQPcHRUf9xxOJvbpDRDU9sfXj9wtr8iIxVgRiZdWOTH
;zg9Oc0lxrgRn67TNWjdV6HwPTRbpuSwzHmZGJllc89fODUBuTmrxdgSKxqsFXWPBEksSZZ20Pz4kfHw
;8SlX1/OMcW25PHq8FZ+u0zVo3DKhfP00WhbQ0LwlLaiFMT/X84RJGaVRB3WYGmdKSMFhlxghgPmKMpT
;5KehQZVS09gYfRfToHIB7CZB6OxpIpQ23aCE8if4ehEj4CZHxVLD2Bo5F9Lw9gHr0FZ+vSpCJSaPcQX
;jRzm4o+PhpmbQpVPYCjkX0vByAergV067TNPF50zRhgIXeQsD8VCGB4J1li+KOQfS8HIB6uBWfrq81a
;N2HJCGAueYezfBUdfXU0QFjv184eQGpQe8B2Bp/dojQ3Dah8P00WaYINSmEUGVVAXPX88hJBYRFByGw
;LitmoNENTzBlRPn+drE1LexQZVS1dEuORZi8HIHPPcTiI26M8BlPOFVMse4y7ORUffXg4SEnk0ZF8Lw
;cgHq4Fm9S01lo3DMUdSxJ1hrsreyRycDlMUOTN5SJfdUl9y1oEhbTMWjcMqHzfJVbpzk1Ke3l4IXJe7
;s33THBhSXLPaAKFwJIqRWXLGWAnZunUTUp7FBndnn2Bv5F9L2pBavFmCIXS/AVRZcQdUih4nYo9OBJ3
;fApGUvOjkH0vByAe7ton66/NWjdhyQhgLnmHs3wVHX11NEBY79fODV1uQ3vxcBTrtc1aN6zYgQcNFsX
;VTUoWdW0KTlLvxaAiSW5Mf8NgCZ/rvj9DeMESWD5Jj7whKxZxdyFyWeTN4hRbfiAfrgVn67StyXcMhX
;w/TXuIoRIpFHp/ZHJb6M/wEEppVEHdYBOf3aM9RFPOFVMse4y7ORUffXg4SEnk0ZF8LwcgHq4Fm9S04
;Fo3DMUdSxJ1hrsreyRycDlMUOTN5SJcYlRqx2sAmOurM1ttxRlROUmPuSI9CXVtMC08gaORfS+Hd16u
;L2frtKA7Q1PLE1ErJ7azJCYaeXw7WWLyxuUJRmlHbfFjDofVoD9ZePcMTSR1jNVMSnsUuSXQBcGjv30
;vB01/2loEhNqra2hqwRBeIHOHoRI5HmBtPENa8vz3FENmTXvAcTid0b8zUXX3FVtNF+nVTUr7hNoVLS
;GBo5EQTnN/fcFrAdrrqzNbbcUZUTlJn7A/Ix1tRjxJPYCjkX0vh7Dd7gV467TNN1Z49x9QI3DbiisjF
;3V0MENJ3sD+EF9iTm3PcQ6E2s1bNwyofD/NQanVV0p7FHQ0WWLizP8bHVhGd8JkCo7auQVTacYPVjlv
;6dRNSnsUGTW+fYG4kX0vakFq8WYIhdL/BVFlxB1SKHidiikjGnl8IUhPgaKRfS8HIB5SOmfwtM1aWm3
;cI1wieI/nEiwSeHg4SFP1/OEPRmRFQc1rZ+q0zVo3DEgUf00N6dVNJxpgRjZCU+eRzhtGa0Fzy2sTtM
;S/M1Rp9xZPTRfp1U1Ke5yqFS0hgaOREE5zf33BawHZ66szW23FGVE5SZmnJCkeS3I6Xz2Ao5F9Lwdgw
;e4FfOu0zTdWePcfUCNw24orIxd1dDBDSd7T4xRMYn9r3QVm67TN+kfxkDw/YRbp1SArD0t6OkNbs/z3
;FENmTXvAcTiY0bkuXmLPD2Arf4W0IC8VYEYxSFPyyuUELwYgHq4FZ4snjVoaDKh8UixitrYiJB0mRjN
;EUeDO9BNbWFN72nEOhdO+BVFlxB1SKHidiikjGnl8IUhPgaKRfS8HIB5SOmfGtM1aWm3cI1wieI/nEi
;wSeHg4SFP1/OIYW3NJcMl2OI3doTtaacYIYCt6hqI/Kw9xGVQtPYGjkf14RyA0rgVnhtW5BVRjxhoNE
;nCAuSwnHnptCl5Y9df4E0h0f3jHaQaG0aMuaHzaFVwoFujVTUrbZORtbT2vo5F9QmZUQc1qCY2Gkjxe
;YMkRWiNitqYoPg99dzJeYufK/RxCYk5q8XMCmd2rI2hlzHw+TRbp1c3auFQZSS09gc7wCXBkT3DINzi
;N3aE7WmnGCGA7c5u8KzMkfX1VLD2Bo5H9v8RgHrkFZ+vZrC5SfsEdUxJlirQhLyRyeDZZUvP86X0uBy
;AergVnsvTNTTcMqBFeOXObvCwmJGd6NEFY3sXwHltoUkHXBWbrtM1aNwzxPD9aFunVICsPcWs8TFHe0
;PIcQ2J/eM9mE4TGkiA3Dah8P00W6YwNSm4UGVVAXPn85xJDck172ncOiOu+KlJpzE0/TBbp1U1KexQZ
;VTg9gaP8HFdYVnHCcAqOwL8zVFPbDFooctvVTEp7FBlVLT2Bo4x9LwdNccpgC7TEvz9UZdsZYDdJgbA
;kLRNgRjlMROTR4n0uByAergVn//TNUTcMqBJQN2yFsBI5Em58VSw9gaMx5LbeHx6gBWfrw6w2W1PcFF
;YufYewPjl7FYPMtKQYOnhCLxUgHq52EpvEoihDU9IjWyRlnbQjKR4UGGYeDrKQor4QBzUergUIndG/M
;lZizyNMJXOFuT4VGnp+OUg9gKORfS8HICDuBX7rtM01QWnaFF4jcbamJS8XeGoKS1zv/OINSmJEHq8F
;Z+u0zVpuTKhkP00WhqMoOBN1dzJyTunG/RFcWEZywXIVisCoWjYMqHw/TRawlU1fexQZOltY88vwE0h
;YU3bLaQuY674qUmnMfD5NFunVTUoyVBlELT2B0+MYXHRVbMtaBo/CrDRUaZl8Pk0W6dVNSnsUGUQtPY
;HT4xhcdFVsy1oGj8KsNFRpmnw+TRbp1U1KexQZTS09gdPjGFx0VWzLWgaPwqw0VGn3FVErf4W5fEp6F
;BlVLT2Bo5F9NwcgHt53ApjHuChSU8kYSSx4irASIxVycDlBD4GikX0vByAergVn9rTNWkd+zQ9MOGSM
;iiwuDXV3Nkhi6M3iGFtYSXDAYBXatMxaNwyofD9NFunITUp7ZGswXk700fQiTmNWf8BmArTdoylSePc
;VUSNzm+dNS3sUGVUtPYGjkWAvByBu3GAUmMG/P2htzApeI3WMiiQkCHFtCkJI9cbjTC8GIB6uBWfrtM
;1aKgyofE8/c5qmODgeS3gxW1zvwPQiRmlTe9paCJ7AqCgFDKl8P00W6dVNSnsJGVUtTfPG4g5adUVBz
;2ERitquP2h4xwxgPmObsywpHiUZVC09gaORfS8HIAOuBWebxqgpRHnaGWAscp+0IykeS206XWLy1uMb
;TmRFLK4EZ+u0zVo3DKh8E00W6aU/IxVgfCdyXu7N9yJKf1Rs22ECmYWSOVtpyQ5eI3WMii8rGH9GOkt
;b8sblfS4HIB6uBWfrtM1zNwyoDE0keJ2wPxUYe3czclj51+MIS2JSL/FmC47VvztZb80jWjVim6ApLw
;kUGFUtPYGjkX0vBw0ergUXmd2jLlJ+9x9QI3C2sDU+CWF9MF8M3sD9GE51QXDNYDiNxqI0Q1PHGlk+c
;53VTEp7FBlVLT2Bo719LwdQbMdrE47GkjlYYs4jWjVim6ApLwklRjZBWODR8BNMYn9yy2MTtNurPERp
;3Hw+TRbp1U1KexQZeC09gdPjFEFzRWzxZgiF0pI/T3jaCVsoZNiKLiYedWs0Q17k/OMUSG9UQcFjAZj
;RuVo2DKh8P00W6dVNensUGSVfVO/X9A9wZE9wyFoCk8C/L1Np2k1gLmOaoSInJGRrPENJ4MH9GHB1RX
;nHagm0zM1bNwyofD9NFunVeUp7FGknRFP1xuMiTGhOePFgH5/GuD5SfpkjXDhlnbogFQtmcDtZXOPP9
;CJdYkd3wWs4k8ekIFIMqXw/TRbpVSYKeyQZVS1N88r/CUp1f33BawG00bUuRXnMGU18SYqgPj4UeUYl
;X1Tv1/AfQ2J/bMtiDoTakiM3Dah8P00W6dVNSk8UGVVdT+jN5RhdWENxwGM4jsy5KEJozQ4OEnWcpjk
;lFktpJ0RT9cLzEUpYUnvJbAiF67QpXnbNfD5NFunVTcoQVBl5LT2B0+MUQXNFbPFmCIXSkj9PeNoJWy
;hk24ouJh51azRDXuT88xxMbH9xyGMUjsDNWzcMqHw/TRbp1WRKexRpJ0RT9cbjIkxoTnjxYB+fxrg+U
;n6aI1whc4inLCQYcUYwVUnz1vUYXQchHq4FZ+u0PWU3Iah8Pz1kgLs5LwlLejpDW97G6QldckR73Dc4
;iNioO0Vtxh9aEnCbuiM+JHt/M15Y9aOQfS8HIB6uBWfrmM1aN3zaFVE5c5uKLiUVckYwVUnz1vUYXTV
;/fcJgBpnVozlSU8QZWTlJhrMrOR5gGVQtPYGjkX0vByAzrgVnm8akNENp2iNcIniPiigyD2ZsMUhPs/
;zyEUpmUn/AZgK0xqQ9X3j3E1krZYyhTUt7FBlVLT2Bo5FNLwcgbtxsCZ/RvwVUY8YaYChunac4Lh5mK
;wpOSPLX/hBwd1J3wHEGidioBUVpzxVQI0mR1UxKexQZVS09gaOlfS8HUGzHaxOOxpI5WGLOI1o1Ypug
;KS8JJkY2WE71zPwiX3VJcNpkBYfRkihSa8ETURJumrw3L3sVGVUtPYGjkX0vNyAernUVgtq5P0VTyxN
;RK0mMrTk4DnB8Jx9i4tbiCUBqf27cbAmf1a82UlPaGVgkeYeKNEp6FBlVLT2Bo5F9GwcgHt53DoXAqC
;hob8cSWRJzkaE/Px9xa2dyXvTQ5RJCWFBsx2sTitahP2h+zRtWIni2rD4jAXEZVC09gaORfS8HIASuB
;WebxqQ0Q2naI1wieI+KKisVYGssclXkyvYVWwchHq4FZ+u0zVo3Eah8Pz1kgLs5LwlLejpDW97O8B5H
;bk578WcGntC/O0NpqH0/TRbp1W1GOhQHVS098dH4E1tiUkHNagmN66A7VGTBEloSdIyxEjkTdWkwLTy
;Bo5F9LwcgHq4kZ+u0vSheYtwZTRJ1hrsrFRZ1ej1EU+T88xhLWFR7w3U4htW1WjYMqHw/TZaylU1sex
;QZJV9U79f0D3BkT3DIWgqK16UzWWn3HlohYrayLCQPZmAKTFPmz/R9LgcgHq4F5630zXk3DKgMTSR4n
;bA/FRh7dzNyUODA+RRBYn99wWgXjtq+O0NlxxJgNRbo1U1KexQZDG09oqORfV91SXDaYBW016I0UVPF
;HVwlf4ewEikUeWkwQ07g1/gSQVhZHq8FZ+u0zVpuTKhTP00WmackJA9xawpOUu/FzhBOZEh3wGA4j9W
;5O2hqwRBaEmKBoCAoFXVwOXJV5Mr2FVsHIR6uBWfrtEkaNyKofD89ZIC7OS8JS3o6Q1vezvAeR25Oe/
;FhBp/VkjxeYM0jSyVjhLcjKxJ4RiJEWfXLkXwvByAergXjq7TXWjcM2A5WI2KMpxIpFHp/CkBc4sv4E
;0pYRHfDWh/rtc1aNwyoPFANFvPVTUoLZnA7WVjz/PISQWF/c89mD4LaqAVTZcUjRk0X6dVNSntUdhUt
;J4GjkQ1dbk5qy3c4iNujPGhhyR9XJHiMiikjFktjVSw9gaORfW9oYB6HBWfrxL8zWXjNDmAueYezEic
;ad3E8Q1jex/gOW2ZOfctaAZnboAVVY9oYWj8W6NVNSnsUGVFtPaCjkX1fdUlw2mAVtNeiNFFTxR1cJX
;+HsBIvA2BrIElY8/z/CEIHIR6uBWfrtD1lNyuofD89ZIC7OS8JS3o6Q1vezvAeR25Oe/FgH5/GuD5Sf
;vcTWStljKESMkkUGFUtPYGjkURvBwcergUXmd2jLlJ+9x9QI3C2uCwpE313MHJY+dfjCEtiUkHBYwGY
;0bkFTj6ofT9NFunVTUp7FAZVLT3x0fgTW2JSQc1qCY3roDtUZMESWhJwgLksJx56bQocPYCjkX0vByA
;e7gV467TNKkVlxghaP0mKuiMsJHl4NkVU78bOG0ZrQXPLaxO0hs1bNwyofD9NFqnVfUp7FGknRFP1xu
;MiTGhOePFoBojcpDRSU84VTSBhiKcoFRp3ejBBWPPC5RRAaX978WgGk7TMWjcMqHy3jlbp5k1Ke2RrP
;ENJ5NHOHkBpRkHDZASD3aM/aGrBDlI6d5uwEisYd3w5SE/g1/gSQVhQbMdrE4Laqlo2DKh8P01WZpVN
;eHsUGSVfVO/X9A9wZE9wyFoKitelM1lp9xpWP3uetD8vJHV6NkhR5NHwCUZoTkHcYBOZ1a4uNw2ofD9
;NFplyDUpKFBlVXU/ozeUYXVhDccBjOIbVrjJeYs0jWSRkhKIsOB5LeDZOWO3G4xxbbk9w8XEVisKoNj
;cNqHw/TRapWg1KSxQZVV1P6M3lGF1YQ3HAYziG1a4yXmLNI1kkZISiLDgeS3g2TljtxuMcW25PcPF9O
;IbVtVo2DKh8P02CKJVNensUGSVfVO/X9A9wZE9wyFoKitelM1lp9xpWP3uetD8vJHV6NkhR5NHwCUZo
;TkHXWgqKzM1bNwyofD/Z16nVfUp7FGknRFP1xuMiTGhOePFoBojcpDRSU84VTSBhiKcoFRp3ejBBWPP
;C5RRAaX9k8WgGk7TMWjcMqHw/FFbp+U1Ke2RrPENJ5NHOHkBpRkHDZASD3aM/aGrBDlI6d5uwEiwecX
;0nTEnk/PQiQmZYHq8FZ+u0zVoOTKhQP00WmackJA9xawpOUu/FzhBOZEh3wGA4jd2/N0Bt2hlgK3OMs
;T8rD3FGLXJQ4NuRfC8HIB6uxRWrtOFaNwzYDlYjYoynEikUen8KQFziy/gTSlhGd9xoEIrGqAVRac0Y
;TSxijIo0FRZ1YVUsPYGjkX3vdWAeggVn68S/M1l4zQ5gLnmHsxInGndxPENY3sX4D0JwQWzLWgGO0ak
;oVnjNI0USe4itTUt7FBlVLT2V45FZLwcgbtxsCZ/RvwVUY8YaYCB3ir0kJB5LfzxfUPbC4xhwbUVsxV
;oC67XNWjcMqHwrDRbN1U1KC2ZwO1lY8/zyEkFhf3PPZg+C2qgFUWXaEUgsZIyKJy8Jf0YtLTyBo5F9L
;wcIXq4hZ+u0vSheYtwZTRJ1hrsrFRZ1ej1EU+T89xRdald/3GA4gdG/MWh1qH0/TRbp1U1iOxQ9VS09
;8dH4E1tiUkHNagmN66A7VGTBEloScICnID0aZnwKR1jzyM4HLwa6hzec/nJt8loWDKh8Tz9/h6EoOCR
;3djtLYuzC8hVGaUVByWYIj9GSO1R4wRNRTRfp1U1KexQZVS0WgaORDV1uTmrLdziI26M8aGHJH1ckeI
;yKKikUcHwKWVX0zvMTTm5MQcZgDozcuVo2DKh8P00WgJVNYHsUGSVfVO/X9A9wZE9wyFoKitelM1lp9
;xtcInKMijkiDnl7O0xU7fzmFEtzSB6vBWfrtM1aXkyoUD9NFpmnJCQPcWsKTlLvxc4QTmRId8BgOIfV
;vi5oedgQUCxytqYoOA1xawpZRPHGkXwvByAergVn67TpWjcM2A5WI2KMpxIpFHp/CkBc4sv4E0pYTnH
;UfwuO66kzVmHNCFo/FujVTUrbjYCMEj2no5F9X3VJcNpgFbTXojRRU8UdXCV/h7ASJBRuYzlIYuXK8B
;BKc0Vs8Tdn6rTNWpeVMaUATTDp1U06CX13IUhP3sD+E0lYTX/NbQ6F0ZI0WHbSEFoSYoy4PRUWdWEKH
;D2Ao5F9LwdAbe4FQeu0zSpFZcYIWj9JirojLCR5eDZFVO/GzhNAfVpyy1oTjtm9BVpt0CMNTRfp1U1K
;e3RqFS0igaORDV1uTmrLdziI26M8aGHJH1ckeIyKPTgSem0KQFLlxpF8LwcgHq4FZ+u041o3DNgOViN
;ijKcSKRR6fwpAXOLL+BNKWFBswWgXn+u4KVJT2h1ZOUmdvT8vCHx2OUk9gKORfS8H4HzuBX3rtM0qRW
;XGCFo/SYq6IywkeXg2RVTvxs4OW2JQe64EZ+u0zVo3DKh8EE0W6aU/IxVgfCdyXu7N9yJCZkN2x2sCt
;MKkKEN5yRBgKG6dpzguHmZGOktb8sblIlc1IB+uBWfrtM1jdwyHfD9NZpu8Iz4eZkY2QlPn/PwcTG9J
;cMtaEYLGuS9WYPcZRzlknLEoOCR7fzNeWPX86E8vBiAergVn67TNWjwMqHxNLHCdiiwjCXN4JS08spC
;iThw04yGuFmfrtL87UXj3Hl4+c7a5JCQeY3AxWVWBogvktp65h0c6Z/S0zVpFbc4IYC93mrASLwNgay
;BeVO7NzgpGY1R28XcGn92iWjYMqHw/TRaAlU1cexQZJ0xb9fzzHFxif3fAYw6H2JI7WWvEGT9MFunVT
;Up7FBlVOz2Bo+McSXN/fM92ArTdozxeYMQjTSxigLpNS3sUGVUtvcHjkW4vByBsz2MTtNasKVJT3BRW
;Ln2HsD45exUZVS09gaNxQi8XIB6udwaNwJI4Vn/NI1Msb4ynPkp6FBlVLT2Bo9F9PgcgHtxkAZ/roTN
;ZafcPTyx1gLsqSnoUGVUtPYGr0X0gByAe3GQBn+uvO0Rp9w9PKHON1UxKexQZVS0dwaOJfS8HUn/IcT
;iC2rk/RWrJH1oSeoC7KD0ScG09LTyykKJOHDTDIa4hZ+u0vztRePcVUTlzm7MsKR5LfC1ZT/TQ+BJBW
;Fd3ynEPtMasLl5jqH0/TRbp1Y0oOxQCVS0988L3CXBuTmrLdwGK16gFXmLOFVMhSYi7KiYeFBhVLT2B
;oxErbwc7Hq4FFYrSuQVeYtwZTSt3irASIxVycDlBYvPC5RRAByEergVn67SEGjcUqHw/P3ePoRIjFWB
;8J0tc4sbOCUduQ3XAYBSYtMwIjxItl26VKenATUp7ZngzWWLozeUYXWFBfctaC4rNqChEDKl8P00W6d
;W9dXsCGVUtT+DF5SJGaVR73GMGiNGSKUdtyxVRKhbo1U1KexQZpRI9laORfV1mRmrxbAmf0b88Vm/NI
;0w9c4yxTUt7FBlVLT2/45F2LwcgbM9jE7TZrChQZcZ8Pk0W6dVNSm9UGUMtPYHR8BtbWFNr3GMGiNGS
;Nl5izQtWKWKB1UzQ4o2AzLTkvqOzfS8HUn/IcTiYwb88Vm/NI1o1YpugPiMUekYiRFn1y84PTnNJca4
;EZ+u0zVo3Veh8Kk0W6acsLA9LaiBfW+DA9CJJa09p3GQTjrTMWjcMqHyfKFbpzE1Ke2Z4M1li8tbjG0
;5kRUHHawGC2KEFVmLPEFpNF+nVTUp7FCcVLSuBo5EPTmFUQd1wFY3Vrj9oasEQUxJkiKEoSnoUGVUtP
;cH20X05ByAe3GQBn+u+L0VqyR9aEmKBvC4hFXFqJi08qP8ev9ov7CGuFmfrtL87UXj3D0o/cIi2KBUX
;dWAwX06BopF9LwcgHq5FZ/+0zVpFbc4IYD5jm7MsKR5LaiVMXujN9n0uDfe93jhtPIvNSDcMqA5eK2K
;2pjg4HXV6MHJO8cb0GS8GIB6uBWfr+o1aIwyofE0scJ2KOTgaYnw5ckX4/OINSmJEHq8FZ+u0zRpnTK
;hoP00Wm7A+PhpmbQpIRfXR8CJOak9rwHFn6rTNWjcMqHw/TQDp1U04HmdtNF9J3sbpCV1mf3/DahKFw
;JJoNw2ofD9NFunVTUp2FBlVX1jy1/APW1hTbstgA+u1zVo3DKh8Bg0W5tVNSglxaiFMT/X84g1KYkRB
;nAVm67TNWjcMkTw/XBbp1T8vD2Z4NllU7s3OHEJoVXDaBWbrtM1aNwygPD9eFunVPy8PZng2WVTuzc4
;cQmhVcNpaVeu1zVo3DKh8Nw0W/tVNSglxbSdMXvXK/hNwY1Vsx2sAtMOkKlI+qH0/TRbp1U1KexQ+VS
;0988blD05kVHfBaziO2qw4W2n3E0o5ZYCxKBUZe20hQlDez/AESnVTHq8FZ+u0zVrHM6hYP00Wm7A5O
;Bp3bTxCU97G/xxNa0VBwXATmN2pP2h4xwxgIXeQsD85exUZVS09gaORPS8bIB6udwKfxqw5Q2XHEmAg
;f4e8ICsXS3wtWU/00PgSQQchZbqrIArOWWU3Eqh8Pz9znacsKQ99djtyUOjN+BBOa3971nEVnsekNVl
;Tmnw+NgJHkqww7ysZQC09gdH0CV1mQ2rHagm02aQ0aHjaHUkoeunUTUp7FBlVOX2BtJF9L3VFatxkBJ
;/dojRoYcESYDlkiKMoJiQmGVQtPYGjkX07RyAOrgVnmdG5KFZv3BVQI0mapSgvHxQYVS09gaOROW8HM
;h6uBRWOwL87VHjBE1ESZZmwKC4kJhlULT2Bo5F9a0cgEK4FZ5nRuShWb9wVUCNJgbo9SnqOgMy0pBhq
;rn0/ByAe3GATmdWuLl5jxiNXIma2501L4Y2AzLSkSJyRZy8HIGzLcRWK17kzWGL3BlciZra2IiQffW0
;8QlOwo5B9LwcgHq4FZ+uuzVo3fs0ITSx1nbwiJCRucTpdYuLM/xlGc0lxwDdn6rTNWjcMqHw/TQXp1U
;05Hnd2O0li7cLoGF1YWkHCbAGftMxaNwyofD9NFunHTUp7Z3EwQVHeyv8bRmtMQcF3A47GzVs3DKh8P
;00eqdVBSnsUaj5ET/X8/RxWYlJtrgRn67TNWjf8l3wvTRbppiYjCWBGOUhT5tf5IkJuTh6vBWfrtM1a
;NwyobD9NFpq+JDgPS3U8Q1jewP4IQXMgH64FZ+u0zaoIDLx8P01lgrw/PiR5cDtEUODPzhFKaUdqxgV
;m67TNWjfMyjw/RBbp1T4hEmZtCkpc8aOQBjupZ//UgVjrv81aN3/DFU05SZqlKC8fFBhVLT2Bo5FTbw
;c6Hq4FFIfbugVTY98SYCt/m6Y5FR1xbgpBXPjG4w4vBiAergVn67yNWioMqHxMIWW2tCQ4JHl2MUhi5
;Nv5HFp0VEHedwKYx7goUgypfD9NFunVeQp7CBlVLU7t0M4cRnV/c8FhArTEoT9ZecUjTz9zmqY4OB4U
;GFUtPYGjkVlvBwcergUUh8eSOFh43BNSEmWcpysrGHFGNkJT9czkD3BkT2zAYBW00Kg2VnWofT9NFun
;VTRM7FDJVLT3yz+IiTWhUasFoOJjBvzxWb80jXCJ4nbo4OCRxdzFyXu7O4RhBdEFqx2oJ67XNWjcMqH
;w/TRbN1U1KCHhqCk9S9df+EHB0VWzIZASO6641WXjHCU0Sc4exEi4eeHgsLTyBo5F9LwcgHq4vZ+u0v
;jZEU8oTSzl5hIo+PwlyeDZIYuLM/wlAclJBwmQUjsaSNVFq9xhaIXeQ1UxKexQZVS1kwaO4fS8HU3Ld
;WgWEwLk1WlPbCU0rd4qwEikUem06WE/ez/AOSnV/ccBaA47YrCM3Dah8P00W6dVNSl0UGVVeUfL88xJ
;bc09z8XYSmdKsOVJTyxNROXmcpxImGmd8J3JN7tT0Dy8GIB6uBWfr/Y1aHwyofEwhZba3Ij4Pe3QKXk
;jzxfAeSlhDccBxCJ7GkjZeYs0jWyRlnbQjKR4UGM+0pBg6CMQQBwAergUUh8eSOFh43BNSEmWcpysrG
;HFGNkJT9czkD3BrT3HedmfqtM1aNwyojABNN+nVTTkXZ0Y3Qkn1zPwiXHJSeM9mArTXojRDY90OYCJw
;j6YoPnsVYkGDemDZJcIvLiAernYLmOuvNUN4xxFgPmObsywpHkt6OkNJ7tbjIlxkQXDAbAmM6641QmL
;cfD5NFunVTUqLKxl8LT2B0P0OcGVPatpqCrTHuChRbcsZYC55h6EiPwlLajZMU+/K/xpwdFB7y2Fn6r
;TNWjcM5KF/TTvp1U05F2dGN0JJ9cz8IlxyUnjPZgK016I0Q2PdDmA5eba8IywSeHUKSVTy1/ATTGIgH
;9URyaxVt/4IDI58P01lhaYSKBRgbTpAYvLW4xtOZEVBx2sBgtihBVRj2hJaP0mNsCErAhQYVS09gaOR
;JG8HCh6uBRSHx5I4WHjcE1ISZZynKysYcUY8Q1voz/0iSmlEQc1qCpvRoylWeMETUU0X6dVNSnsUGVU
;tHoGjkQ5DdH98wXEThNmSKUJ+zh1cKEmAuysjF3hGMENZ3sf0EU5+IB+uBWfrtM1aNwyBfD9NZYWmEi
;gUYG06QGLy1uMbTmRFQcdrAYLYoQVbbdsZTRJ5j7MSLh54eCwtPIGjkX0vB3leri1n67S+NkRTyhNLO
;XmEij4/CXJ4Nkhi6M33FENrf3LPdgKZ66I0aGjNEF40FujVTUp7FBlVLT2ko5F9XGtTQcxqE5/boAVE
;edoaXi5ztrwjLBJ4dQpBXPLG4yJfaFd73AVm67TNWjcM4Tw/ahbp1T4mCEt7OllJ7s7ODlp1Rn/NYDi
;C2qszW2D3EFYjc7axJDkPdXc2SD2AOQjktp65p5EFRuu0zSlbf/ceUDlihrgSOQ5mfzROWN7K/xtGa0
;xBwXMCmdisKjcNqHw/TRbp1U1KUxQZVV5R8vzzEltzT3PxdhKZ0qw5UlPBElkkeoWKPikaenc8Q1rew
;P4IQXMgH64FZ+u0zaoIDJh8P01lhaYSKBRgbTpAYvLW4xtOZEVBx2sBgtihBURvyRJRJHiOii4lDnpt
;Ck9E3s/4E0oHIR6uBWfrtD1lNySofD8+epqKLyUPYHY4ck700fccTGJ/d8BjDofYkilUbcYSViNxtqY
;9Lx5wGVQtPYGjkTHyRyAHrgVnmNi+BVVj3AhQIEmaoD8sGnd8CkFc+MbjDi8GIB6uBWfrtM1aKwyofE
;whZba3Ij4Pe3QKXkjzxfAeSlhUdtxgFIPboT43DRBiuqZHUWtySl8UGVVeUfL88xJbc09z8XYSmdKsO
;VJT3BNgI3mbuCwmJHtvMF9R4NORfC8HIB6uBWfrtORaNwzbEEwSdIahOSUWS2ogX1vgwPQiW2h/asF1
;OJjBvzxWb80jUDtzm7ksOnsVGVUtPYGjkX0vHyAernYLmOuuNVl4xwlNEnWGpyMvCUt9MEFc+KOQfS8
;HIB6uXCfrqM1aN3/ED2AueYehIj8JS3w7SWLizPwNSmlTf9psCIW0zFo3DKh8P00W6cBNSntndSZyXu
;7N5RJadX97wGE4j9GhO04MqXw/TRbp1U1Kew8ZVS1O7dDOHkBpVHHbdziH1b4/RVPHGlkScoy5LDN7F
;RlVLT2Bo8g9Lx0gHq52C5jrrjVZeMcJTRJ6iKYoOCR7dwpJWO3C6H0uByAergVn67TNTTcMqA9TPkmK
;uiM+FGFrCkFc8sbjIl9oV3vcBWbrtM1aNwzhPD9RFunVPiYIS3o6Q0nu1uMiQ2JOedptOJ/cvz9EZMc
;QW00XUcvIoSqs12otJIGjkQ5DdH99wWsThMG/BVtlxhlgKX+aoSwkGHEZVLekGDoI5JY4IA+uBWeY2L
;4FVGPGCFA4ZLa5IiULZxlULT2Bo5F93zggDK4FZ5jYvgVUY8YIUDhktrorLAhxbVUsRpUN1pxVs58et
;AVn68ehKWhvxxJLImObij4pGnp3PENa3sD+CEFzIB+uBWfrtM2qCAyyfD9NZYWmEikUem06WE/e0PIc
;QWlJcMlaFJvRqD43Dah8P00WpQgNSmUUGVVeUfL88hJBc09r3FoThOukNFFlxBBgKX+aoSwkGHEZVFY
;pL+RwB4s4IDKuBWeY2L4FVGPHEFYjcba2NCYSen0wX2LtzOYYXVhIe89xApnroDtPU8cJSz1jndVMSn
;sUGVWta8GjvX0vB1Ny3VoEhNuhM1lr9x9GIX+HsSg4JGFpJUhP3sv0HFtiUkHDZB+027guR3ncfD5NF
;unVTcotVBlzLT2B0P0OcGRPccJsCYzrqyhYYtwjVj9JgbAsPh5mRjhMRd7M5AlfclQerwVn67TN2mFM
;qG4/TRaauT4VGHt2OURT5vz5GEZgSGquBGfrtM1aNyjofCdNFummITkkd3Y6QVTvxM4RTn5FbPFtAoL
;TpS43Dah8P00W6QVySlwUGVVeUfL88hJAa0lwyVoLjtK5BVFpzRhgJXOIoSg4JHl4LXJS9NfhCFsHIR
;6uBWfrNJsaNymofD8+epqKLiUUeHA7SmLtxvcJcG5SQcZgBp/RvwVabdAjUDhimaA5SnoUGVUtPQH10
;X0LByAe3WkUtNeiNVtlxhtgPX+aoSIkJHx8NFlY8/z8HFdYT2vadRKftMxaNwyofL8bVunxTUp7Z3Um
;cl7uzP0UQWB/bsFyA47GkjxSacwVUSpJnbwgLyRxbzBDPYCjkX0vByAergVE67TNKVt/9x9QInqAuyo
;VC3tuMUhP3sX0GEtuTnnxcQ6G0ZI1U2iofT9NFunVTUp7FDxVLT3yz+IiTGhPcsdrALTGqDtFU8EOYC
;VziKEoOCR5eC1yUvTX4QhbByEergVn6zSbGjcWqHw/Pnqaii4lFHhwO0pi88byEk5zRWzxdheO0alaN
;gyofD9NloKVTWJ7FBkmQU7ewP4SQ25OefF3DozcuQVRac0YYCVziKEoOCR5eC1yUvTX4QhbByEergVn
;6zSbGjcqqHw/Pnqaii4lFHhwO0pi88r2FVtYSWzxbQKKwKgoaGHJBGAiY52lOD57FRlVLT2BI8c9Lx4
;gHq52C5jrqjtHU84VUyFJiro/JB5mRjFIUeDakXwvByAergU+q7TQWjcM2xBMEnGIpRIsEnh1CkhT5f
;zyEkJ3RXDdZBOC26NaNgyofD9NFunVTVx7FBkmQU7exPANcGFJcsJaAoXQkj5SYMkFP0wW6dVNSnsUG
;VUxPYGj4hFcWEd/3loBgtihBVtt2xlNEnmPsxIuHnh4LC08gaORfS8HeV6uHmfrtL42RFPPHU8ScIC5
;IRUXdWowX2Luzc4ZSmtBZ64EZ+u0zVo3DKh8J00W6aYhOSRzeCVyW+jP/SJDZlN73FoXhMOoKDcNqHw
;/TRbpnA1KZhQZVV5R8vz2HF9YRnfCaTiH0aM9Q2T3CFc/c5q9IiYfFBguOZPGQuv5EAc7Hq4FFIfHkj
;1WfPcaViF6tqYuKxV6cDtKYuLM5BNbByEergVn67Q9ZTcXqHw/PnqaiiorC0t/PEFR3tDyHEFpSXDJW
;hSb0ag+Nw2ofD9NFqUIDUpsFBlVXlHy/PgTSW5McvFmCJnaqChoaM0QXjQW6NVNSnsUGQxtPZqjkX1c
;a1NBx2sBgtihBVJizCNcInuZsCM5GmBwOkM9gKORfS8HIB6uBXPrtM0pW3/3FVErf4W5Ei8VcEYxSFH
;g2pF8LwcgHq4FZ+u07Vo3DNsQTBJ/h7MkJhdLfjRdYufK/RFwZE9swGAVtNCoNlZ1qH0/TRbp1U0TOx
;Q9VS098s/iIkZpRnfCaTiM1b0FUWXEEGAoeI2KLiUWZHw7Xlz1yv4TLwYgHq4FZ+u0zVoqDKh8TCFlt
;rwjLBJ4dQpKXPH89xRDa397wGE4j9GhO04MqXw/TRbp1U1Kez0ZVS1O7dDOFEFhSXLCWgCKxJI8XmDE
;I1csYoq9Ei4SZ200Q17k/PccTHNPbK4EZ+u0zVo3/Jd8HE0W6aYhOSR9dzNEUe389hxfWEZ3wmk4h9W
;+P0VTxxpZEnKMuSwzexUZVS09gaPIPS8lIB6udguY66Q0UWXEEGAqd5mKKyMXeEY5TE7k0c4SQVhEe8
;JkHuu1zVo3DKh8P00W9tVNSgh4agpEU+fK/RFwYEFu8WMOh9iSNlZ/zQ5gPXmesD9KehQZVS09gerRf
;QsHIB7daRS03aM8XmDEI1gsZrazJCYXS3UwQ1r1y84JR3VFbcZqC4+0zCEjou+dRckp6fdNSntndSZy
;VO/F+BFDWEd/3loBgtihBURvyRJRJHiOii4lDnptVSw9gaORfS/3Hx6MBWfrx6EpaGXGGlYherayLDo
;kcnA5QWLywPATQW5OefF2F47RqVo2DKh8P01aNJVNUHsUGSZBTt7K/xtGa0xBwmQUjsaSNVFq9xhaIX
;eQ1UxKexQZVS1kwaOIfS8HU3LdWg6F0qQ2W1PEHUwoZLa6IxUfcXU0VD2Ao5F9LwcgHq4Fceu0zSlbf
;/cVUSt/hbkSJhpnfCdyTe7U9A8vBiAergVn6/2NWi8MqHxMIWW2vCMsEnh1CkFU78bOGUZ0VH/AZgLr
;tVfDrpUx5YZyFvDVTUoIeGoKRFPnyv0RcHRDf8BrDoXTkjlYecYIP0wW6dVNSnvkJlUMPYGj4hFcWEl
;wyGwLh+u+OVZixhVRKkmKujgkD0t7LHJR6M30fS4HIB6uBWcbi81DNwyoD1M+SYC7KyMXeEYmTlzvzf
;gTSFhTbstgA+u1zVo3DKgw4g0W/NVNSgh4agpHSOzTzhFKaUdqxloLgtmkLjcNqHw/TRbp8Q1KaRQZV
;V5R8vz7CEJ3f3PPfTiP0aE7TgypfD9NFumVGAp7BhlVLU7t0M4XWmpQQcNsCbTQqDZWdah9P00W6dVN
;bjsUF1UtPfLP4iJFck1u8XYXjtGpWjYMqHw/TVo0lU1dexQZJkFO3s/wBEp1f3zBdwOOxpI1UWrbGUt
;NF+nVTUp7FBlVLSaBo5EOQ3R/cs98ApnroD9Fa80jXCF5mrASLBp3fCYtPIGjkX0vByAerh5n67S+Nk
;RTxR1LKGSAtCEVCHd4OUhi58LyCUB1f2auBGfrtM1aN1XofCRNFummITkkeXghSE/owv0iXGRBcstaA
;YrXuTVFU9F8Pk0W6dVNSiJUGU4tPYHQ/Q5wakFqy3cOitiSKVRtxBlgK3eKoSI4JG4ZVC09gaORfXZH
;IDyuBWeY2L4FWWXcDlAqc4eKICUfcUYwVVXg1uIJcHdSe912EpnRzVs3DKh8P00iqdVsSnsUajleYu/
;K5Q9AYEVw8WgIj9GSKltpxglSEmabsD45DmZ8VSw9gaORfS8jYB63BWfrx6EpaGLHDlIsera8IywSeH
;UKQkvk0f0cXwchHq4FZ+u0zVo3Lah8Pz56moojJQl5eDlySe785RJfWFNr3GMGiNGSNUFp2hBePRbo1
;U1KexQZVS09k6ORfVxrU0HBfR6M0aMFVGPGCFojYunUTUp7FBlVOX2BgpF9L3RMbfF1CJzQqChoas0Z
;WyR4joo/JQ91bTxCU97R8AlGaCAfrgVn67TNqggMnnw/TWWFphI6FGN9MF9i58b0GUZpR0HcahOKwKQ
;1WVPaHUskebazOCQYYHA6Q2Lg0fQccGFBfdpqFeu1zVo3DKh8P00WxtVNSgh4agpdUvbH9A9wYUV7ym
;wJjOu/NUNt3BVQI0mbtDkjFEt/IENe9cr+E3BlQW3LBWbrtM1aNwyofD96FunVPiYIS2k6Wlnk0c4bS
;mJEd8BiOJnbuTtDZccSYD93nbwiFR1hdzZZVO7Nzh5AalB7wHYGn92iNDcNqHw/TRbpJXJKXxQZVV5R
;8vzhElhjRWzxbQKKwKQ0UFPLE1I9c4emLD4Se3cKWVTsxpF8SWFGeMhje6u04lo3DNsQTBJmm7AlLxp
;gcDtKYuLa/RRBY0Vs8WkInNG/BV9pyQhaP0mEtDUVFGFtJVhJgaKRfS8HIJ74RWfEtM1aRGDbI08/c4
;GwLD4Sen4KTkTtyv8ZSnV/a951ApnrpT9WeM0OYCB3kYoiPw9kbCEtPIGjkX0vh3Zerixn67S+NkRT2
;A5aJXOIoSQkHEt/J0JT9fz4D3BvRX/aYBW02awiaGPdCE84YunUTUp7FBnVe32BtpF9L3RMbfF1FY7c
;qDtDZcYbYCVzgLIlPnsVGVUtPYGjuT0vHCAernYLmOu9KFJkzR1LJHiOiiErAnFrCkVY6MT5CS8GIB6
;uBWfrZPJaHQyofEwhZbalPy8TcXghRFPm/P0YSXN/eMtgA7TcqDtDadojUixutro4PgthbVUsPYGjkX
;2vUWAehgVn68ehKWh82hlXKHedvCMtJHh8M1li6NHOFUpmVHvcWgqKzJI1QnjYCUtNF+nVTUp7lE8VL
;RqBo5EOQ3R/btxgD47VuTNZa/cMVj5ihrsSIh51bTBfYuzC6SJAclRu23Fn6rTNWjcMKCp/TTHp1U05
;F2dGJV9Y6cbwCUZpR0HeahCP0b8FUWnNGFYjcbahJCceS3wjSFOBopF9LwcgHq4FZ820zVpEYNsjTz9
;zgbAsPhJ6fgpdUvbH9A9wYUV7ymwJjOu5M1pp9xNbKRbo1U1KexQZVS09qaORfVxrU0HedwKD0awuXm
;LPI00od5uKJDgkfHw0WVjz/PwcV1hPa9p1Ep+0zFo3DKh8vxtW6chNSntndSZyTfPG+RhOc0lwyVoVj
;teiO0Np2iNMPXOMsU1LexQZVS296uORVi8HIG3CdjibxqgyUm3cFVEqSZu8KiIPS38wSFney/QcW2JS
;QcNkH7TbuC5Hedx8Pk0W6dVNyi1UGXwtPYHQ/Q5wd1J7xmAGn92jPWh+wRtXOUmApxIiHnVtMF9i7ML
;pIkByVG7bcWfqtM1aNwwoKn9NO+nVTTkXZ0YlX1Tv1/gTSFhDZ8JsCY/RvwVbY98ZTRJ+jLQ5LwlLdD
;RVYu7W5Q1acyAfrgVn67RNDHcMhXw/TWWFphI6CX13IURT5vzyBENuTnrLdziexL0/RVPAGV45c5uKI
;CsDS3YgWU3015F8LwcgHq6FMau06lo3DNsQTBJmm7wjPhJ6fgpLT+7N5SJGdX92y2QTjsaSN1Z09xNK
;OWacoU1LexQZVS291+ORVS8HIG3CdjibxqQ0Q2XGG2Ahc4+hEiwecX0KRVjg1/QPcGpBZvFqEp/EuC4
;3Dah8P00WaYMNSl0UGVVeUfL84Q9GaVR3wGI4h9GrLmhl2iNXKHedsD8VFnVhCkJI9dPkCS8GIB6uBW
;dr4o1aEgyofEwhZbalPyMVYHA7SmLxyuIJQGl/dstkE47GkjdWdPcTSjlmnKFNS3sUGVUtvdfjkVgvB
;yBtwnY4m8akNENlxhtgPXmesSg4JHJ8MElU78TOCUZqRUHLcwKFtMxaNwyofD9NFunxTUp7Z3Umck3z
;yv8JRmlHQd5qEI/RvwVRac0YViNxtqEkJx5LdjFJPYCjkX0vByAergVB67TNKVt/9wxNJHidvCMtJGZ
;8NF9i6NHOFUpmVHvcWgqKzJI1QnjYCUtNF+nVTUp7lE8VLSaBo5EOQ3R/btxsCZ/doz1ofs0fUCxijK
;cSOQtxfDEtPIGjkX0vh0terixn67S+NkRT2A5WI2KAuyoVCX1+PVli58b0GXBvRX/aYBW02awiaGPdC
;E84YunUTUp7FBnVe32BhJF9L3RMbfF1FYLauTNZa/cOVip+nYokOCR8fDRZWPP8/BxXWE9r2nUSn7TM
;WjcMqHy/G1bpwk1Ke2d1JnJP7srOD0pgSXHAWgSO2rk/RVPQfD7tDMYIaexF1BlCLT2B0P0OcHVPd/F
;3AozdojRob80SSyhktqxNS/JVebD9379jkWgvByBtwnY4mdukBUVpzxVQI0mbtCkjDmcZVC09gaORfR
;FHIAOuBWeY2L4FRWPBI00ocYC6IxUPfGswXlXuz/UiTnVFf64EZ+u0zVo3KOh8KU0W6aYhOSRnfDJAW
;O/XzhFKaUdqxloKgtrNW81ywsBL3p7W1WpKexRqOV5i8sv4GENjf3zBcROE2ZI5WGLcE0o/SYW8Iy8k
;cHAmWVzvwPR9Lp25hzec/lKLzUU3DKgPUz5Jmr0kLxdwRjdCSfXM/CJMaE5qwXAVtNiiNUd/qH0/TRb
;p1U1eOxQ1VS098s/iIlxvSXvCYTiJ27kuWGH3H1AjYoagPxUPe0Y8Q1voz/0iS25Tas9rBI60zCEjou
;+dRekp6c5NSntndSZyTunK9BFLWEJx2nEIhuuoIkdtxg9WInjp1E1KexQZVTl9gYWRfS90TG3xdg+C0
;aE+aG7HCEsie7a8IywSeHUKQVTvxs4ZRnRUf8BmAuu1V8OulTHlhnIW8dVNSgh4agpeVejG/RlwZU9q
;2moKtNisI1J+23w+TRbp1U1KX1QZdy09gdD9DnB0SHfLaQO01qIuQ2PFI08/eYOwLj4ecEY5TETk0eJ
;9LgcgHq4FZ7L0zXo3DKgPUz5Jmr0kLxdwRjZCU/XM5A9wa0lwy1oDgse5O1lvzXw+149wTNTTwisZTS
;09gdD9DnB0SHfLaQO016I0Q2PdDmAheYalPkp6FBlVLT2Bt9F9OAcgHt1pFLTHpTNSYMwjXCJkh7A/F
;R9xdTRUPYCjkX0vByBH7gV867TNKVt/9w9XJHOFsRIvFXBGNkJQ8cb/Dk5zSXHABWbrtM1aNwyofD9Z
;FunVPiYIS2o9RFjtx84YQWN/estpBpK0zFo3DKh8P00W6cFNSntndSZyTunK9BFLWEVm3mQJmN2iNDc
;NqHw/TRbpJXJKZBQZVV5R8vziFUZiTHrxYw6HwKgoaGLJDk0iYbanKC0Se3dVLD2Bo5F9Lw9gHrEFZ+
;vHoSlof8AVWiFytrwjLBJ4dQpBVO/GzhlGdFR/wGYC67X+aQQ/m0/schbz1U1KCHhqCl5V6Mb9GXBrQ
;W3LdziE0qsFU2nEHUZNF+nVTUp7FEAVLSSBo5EOQ3R/bcZsAofQkjZWf80OYCJ4trEoJhptGVQtPYGj
;kX0vByAIrgVnmNi+BURkwRlTKUmFtD4vCUtpOlpY86OQfS8HIB6uESfrpc1aN3/ED2A+foCwIS4ke38
;zXlj1o5B9LwcgHq4FZ+utzVo3f8QPYD5+gLAhLiRnejRDU+jN9iJcd0V7ygVm67TNWjdAdTw/bhbp1T
;4mCEtqIF9b4MD0IlxuRHvxcQKTwLgoUlPaGUwiepyhJCUVFBjPtKQYOgjEEAcCHq4FFIfHkilCfs4dX
;ChJmrwpLyRgfC1ZSPPGzgVWWE94yHYCn7TMWjcMqHw/rSnp501Ke2d1JnJJ6cbjEE5rf3vAZguEx7go
;UlPKHUwoSY28Pj4aenowcknu/PcUXXRUQcJkHo7GzVs3DKh8P03m1tVqSnsUajleYvXL+BNwcEFywlo
;DhMGvNlJTxBVRKGW2tiI4FXFrCklY7cLofS4HIB6uBWey9M1xNwyoD1M+SZ29JCQkY3g5QWLlzOQfQ2
;J/csdrApjrqDRTU8sTUj1zh6YsPhJ7d1UsPYGjkX0vByAeigVn68ehKWh4wBVREmGIuSEVH3tsN0FY3
;s/4E0p0f3vAYTiP0aE7TgypfD9NFunVTUp7PhlVLU7t0M4JR25OQdlkC4frqTVCbsQZYCF/h7A+FRd1
;ajBfYu7F9yJLYkx/1wVm67TNWjcM8Tw/ZBbp1T4mCEttPURT3tTwEUNYRHHbZwuO66EzWWnbI1MsZYy
;nEiUVS30wQVz4o5B9LwcgHq4FZ+uSzVo3f8QPYDl+gLsSPRp4dQpJUvTB/Rhwa0lwy3Y4h9W+P0VT2B
;NIKGTp1E1KexQZVWR9gYqRfS90TG3xcQ+C2pItVmDEI1siY4u5KBUXfXcwXmLywPATQW5OefFmCJ7au
;Vo2DKh8P00WGepNY3sUGSZBTt7X+RRBWFd/wmk4j9u4OFtp9xBWI3Oaij4pGnp3PENa3tDhGEpjIB+u
;BWfrtIGHdwyOfD9NZYWmEj4TfXcKWlztz84ORmlHcstaC4LaqAVUY9oSWj9JjbAhKwIUGFUtPYGjkSR
;vBwoergUUh8eSLl9lxiNILHqFij4jFXN1MHJR6M30IkppREHNagqb0aMpVnjBE1FNF+nVTUp7FBlVLR
;6Bo5EOQ3R/asZsCbTDrDZbU9sVUSp6jIohIxVxRjBDWd7H9BFOfiAfrgVn67TNWjcMgXw/TWWFphI+E
;313Clpc7c/ODkZpR3LLWguC2qgFW23bGU0SeY+zEi4eeHgsLTyBo5F9Lwd5Xq4tZ+u0vjZEU9wUViNJ
;nrQhJiRncDtKUeT8/RRBYn9yz3YCmeuiNGhozRBeNBbo1U1KexQZVS09pKORfVxrU0HabQ6F67o7W2D
;3D1YjcYWwEiYSenwKQVzyxuMiX2hXe9wFZuu0zVo3DOE8P2UW6dU+JghLbT1EU97U8BFDWFN3wGILju
;uhM1lp9w9cLHiHvCMtJHd2IENJgaKRfS8HIB5eOmfDtM1aRGDbI0slf4eKOisXeEYmRFPmz/QiQ25Oe
;/F2BIraozNZa/cPTyhzjdVMSnsUGVVh4MGjtX0vB1Ny3VoThMSSKUJ+zh1cKEmKuiM+FGFrCk5S8830
;D3BjRXLPfGfqtM1aNwyoJX9NPunVTTkXZ0YhQk3e0OQPSWZDe/FmCIXAoi9FU80SWxJ1hrg9LxVneCF
;EUu+jkH0vByAergVn65XNWjd/xA9gOXmZij4/CXJ4Nkhi4sz/CUByUkHLawO00Kg2VnWofT9NFunVTU
;p7FD5VLT3yz+IiW2hQQd1wFY3Vrj9ob8cSSyJjm4ohKwhxawpCW+f89RhDZlkerwVn67TNWm5MqFo/T
;RaauT4VD3tpCl5I88XwHkpYQ3HAcQiexpI2Vn/NDmAieLaxKCYabRlULT2Bo5F9LwcgPa4FZ5jYvgVD
;Y9gjTDhkj7QuLyR3djtZUvTRzhFOdEVs8XUInNG/WjYMqHw/TRaglU1vexQZJkFO3tf+DXB0VWzIZAS
;O6641WXjHCU0SeoC7KBUffWohTFPixpF8tZ65hzec3tS00Fo3DNsQTBJihqUSOQ5mfzROWN7A/hNbaF
;Vs8WkIhMS+WjYMqHw/TRYZ6k1UexQZJkFO3tf+DXB0VWzIZASO6641WXjHCU0SeY+zPi8PFBguOZPGQ
;uvJkAcGHq4FFIfHki5YfPcPSj9wiLYoFRh7dyFCSPP84h5OaU53wGI4iNu4NEMMqXw/TRbp1b11ezIZ
;VS1O7dDOCUB3f23bdwGK16gFVGPGCFA4ZLamLisVenA7SmLy0/QYSwchHq4FZ+v4EBo3Jqh8Pz56moo
;5JQtLaiBfW+DA9CJMaE5qwXAVtMCiBV5izhVTIUmNvD4+Gnp6MC08+rc/Os59hCGuJmfrtL42RFPcE0
;8SZZynKysYcUY8Q1voz/0iTGhScMt3OI/RoTtODKl8P00W6dUUCnszGVUtTu3QzglAd39t23cBiteoB
;V5izhVTIUmMuykVGHt0JUhT8sLlFEBpIB+uBWfrtM1aNwyIfD9NZYWmEj4UZEYmWE/nwvIYcG5OeMdp
;C7TRoz5oaM0QXjQW6NVNSnsUGVUtPaejkX1ca1NB2moXtMe4KFFtyxlgJHiPvCEmJHh4JkhP3sz3G3B
;jRXLPfGfqtM1aNwyoJX9NM+nVTTkXZ0YhQk3e0OQPSWZDe/FsCY3doTZoYMkPWj9JhrsSLh54eCwtPI
;GjkX0vByAeridn67S+NkRT3BNPEmWcpysrGHFGPENb6M/9IkNmU3vcWheEw6goNw2ofD9NFumcDUpfF
;BlVXlHy/OUSX1hTa9xjBojRkjNZasEQUxJ6gLsoFR99aiFMU+LGkXy1nrmHN5ze1LToWjcM2xBMEmKG
;pRI5DmZ/NE5Y3sr/G0ZrTEHdZgaF2qQ0UFPLE0ojYunUTUp7FBlV3QKBjpF9L3RMbfFxCJvrvi9Fask
;fWhJ/h7MkJhdLajZMU+/K/xpwZE9rwHE4ic2SNl5izXw+TRbp1U1KiysZcC09gdD9DnBzT27xdhKZ0q
;w5UlPBElkkeoWKPikaenc8Q1re0OEYSmMgH64FZ+u0gYd3DL58P01lhaYSPhRkRiZYT+fC8hhwa0Fny
;3cU67XNWjcMqHw/TRbw1U1KCHhqCllS8fziCF1hQX3LWhODxqgpX2PEGD9MrvdQphvDqiZVPz2Bo+IR
;XFhYZ/F2Bo3RkihWaMEJTE0X6dVNSnsU+WotKoGjkQ5CZkxy8WMCisC4KFJ/9xhWLHuMoSg4exUZVS0
;9gaO1PS8bIB6udgqK2KEFUWnJCEo/c5qKJSUXcUYxRFzsxuUYXQchHq4FZ+u00Ro3F6h8Pz57iLkhFR
;1xeCFYT+TQzhRBYUlywloVisCkNTcNqHw/TRbpjA1KYRQZVV5Q4M/9IkliQWrbdwKY674qUmnMI00sY
;oC6TUt7FBlVLT3I45FfLwcgbcFpDo/rrzVDeMcRYChunac4ORJ7dwpaVOXX+SJdZlR3wQVm67TNWjcM
;8Tw/Vxbp1T4lF319Ck9S9df+EHBhSXLPaAKFwJI8W2PffD5NFunVTYosVBlHLT2B0P4RRmN/fMFxE4T
;ZkjZWdc0OP0wW6dVNSnsAWVU/PYGj4hJDbkRBzGoTn9ugBUR8zRlbTRfp1U1KexRXFS0ngaORDkBrSX
;rxYw6H2JI0Vn7aE0gScIW6OjgaYHxVLD2Bo5F971BgHrgFZ+vHojZeaPcVUSt/hbkSLwNkeDteVO7Nk
;XwvByAergVn67TvWjcM2xNTJHK2vCMsEnh1CkhF8cL/DkZoTkHcYAqEwqgFX2PEGT9MFunVTUp7FBlV
;Pj2Bo+ISQ25EQcdrAYLYoQVEZM0QUz4W6NVNSnsUGVUtPZejkX1caEx3yloOhdKkNltT3xVbOX62uCQ
;kexUZVS09gaORfS8YIB6udgiH3akFQ2PYI1o1YpugPiMUekYiRFn1y84PTnNJca4EZ+u0zVo3Veh8KE
;0W6aYiJhJwRiFCTd7F+BFOakVw2loBh9u6WjYMqHw/Tda+lU1FexQZJkJR6MfOCUB3f3LPfAKZtMxaN
;wyofD9ZVunaTUp7Z3Y5RFne1/4NcHRQe8thZ+q0zVo3DKgyf0036dVNOQ5kaTpfSd7C9Rxfc0loy1oO
;hdKkNltT2h1LJHm2uCwyexUZVS09gaPVPS8mIB6udhKbxKIoQ1PJGF49YoCjKBUSen88QVHe0fAJRmh
;/c8drZ+q0zVo3DKhYf0026dVNOQ5kaTpfSd7C9Rxfc0loy1oOhdqoKGhp0AxeI2WAuiNKeo6AzLSkGH
;qufTgHIB7dcBeb278uaG3MHU85f5+wEiYabXwnXj2Ao5F9LwcgCu4FfOu0zSlCfNgTTTlJiLEsOg99b
;zByT+TH5B5bbk9w3QVm67TNWjcMqDw/Vxbp1T4/C2R2J1li4MfwDVtuVnvxcg6PwKUFWmXGfD5NFunV
;TUpzVBlGLT2B0OQNX2hSavFnBpjRkjZWdc0OTE0X6dVNSnsUGVUtJIGjkQ5ad1Bx3HE4idW+P2hgyQV
;aP2W2pj0vHnAZVC09gaORfWZHIAuuBWeYwb0qWH7cI10/f42yKBUXdWAwX06BopF9LwcgHq4FZ/m0zV
;pEedgMUD9itrc/IxZLbjxJSemjkH0vByAergUn66rNWjd/3QxPImSdii4lFXp8NllU7s3OBVZYRHfdc
;QaF16haNpYx5abUj1DqTVd7FBkmWE3xzOMJcGJYatxwFILbowVAZcwIVxJkiKEkJXsVGVUtPYGjyD0v
;EiAernYSm8SiKENTzhVTLHuMuzkVHXh2Ii08gaORfS8HeV6uHGfrtL4vR3zHDksSf4ezJCYXS3UwQ1r
;1y84QRmkgH64FZ+u0zVo3DL98P01lnKU9JQlgRjxDW+jP/SJAclRyx2sCmLTMWjcMqHw/TRbpxE1Ke2
;dsJV1S89fOG0ZrTEHcZBOOtMxaNwyofD9zVunYTUp7Z2wlXVLz184cQWBMe64EZ+u0zVq3Suh8LE0W6
;aY4Ogt7ayFyTejP/RxdWFN31GBn6rTNWjcMqGx/TT3p1U05DmRpOl9J3tD8HENrf3jCagaf0akFUWnJ
;CEo/c5qKNTMkcWElTFPyyv4TLwYgHq4FZ+tE8lo6DKh8TDhmmbo/PiRnaTBIWYGikX0vByAe50Vn9rT
;NWkR52AxQP2K2oT8vHkt7J0xT4svOHEFgTHvxaAaTtMxaNwyofL8LVunOTUp7Z2wlXVLz184JXWJFQc
;x3BoXXpQVTacYPVjlv6dRNSnsUGVUTfYG/kX0vdFVu3moVn+u5KFJp9x5NLHiKvRIuEnV0MFlY86OQf
;S8HIB6uBSfrmM1aN3/dDE8iZJ2KOTgecUY3X1zvwPkiS25Bc8txApnrqTVCbsQZYCJjnbkkJB5nGVQt
;PYGjkX0nRyA+rgVnmMG9Klh+3CNLP3OMii84Gnp6PXJZ6ML8GFtiUkHDZB/rtc1aNwyofBENFv3VTUo
;IYWklQk/1/OkEcGJYbs9rFILbo1o2DKh8P00W6dVNWXsUGSZYTfHM4wlwf1lBymwUn9WjOVIMqRpZK3
;CPs6t1ewgZVS1O9NPhEl1zf2TxagGNx6guaGjHC1ESeoisKDgIFBhVLT2Bo5GNEAc6Hq4FFJ7EvTVFe
;PcGYCJwj6YoPiRhaQpBXPjG4w4vBiAergVn60TyWigMqHxMOGSPtC4vJGdwMUhi9cbpCVp1RUHcYBSE
;2LguXmPGfD7Xj3BM1NOyKxlLLT2B0OQPSWZDe/F2Do/Rki5SdNwJTShJkawSJR1yajBZPYCjkX0vByD
;ukQV567TNKUJ+zh1cKEmauiEjH0t7OllJ7s7OGFd3QXDdbAiFtMxaNwyofD9NFun/TUp7Z2wnS1zixs
;4OQGtJevFnCJ/AojdoadAITThlgLojFQx9fSFFYvPC5RRAByEergVn67SUGjcRqHw/PmObsywpHktqO
;kFU5fzzEltzT3PxYwuEw787Q2mofT9NFunVTRQ7FAJVLT3y1uMbTmRFQd1qC4LQkjhYeNwTUhJ6iKwo
;OAgUGFUtPYGjkX0vBzoergUUnsarO1Rp9w9QIX+Nii8lD2B2OHJO8cb0GS8GIB6uBWfr+o1aLAyofEw
;4ZI+0Li8kZ3Y5RFne1/4NcGJYbs9rFILbo1o2DKh8P00W6dVNbXsUGSZYT+fC8hhwdE9yx2E4n9u9BV
;J03A5KPn+GuxI9EnBtPXJP4Nf4Ei8GIB6uBWfr7Y1aLQyofEw4ZI+0Li8kZ3Y5RFne1/4NcGFMcdl3B
;p/RzVs3DKh8P01IqdVVSnsUaiBfW+DA9CJcaEx3yloThMSSNlZ1zQ5MTRfp1U1KexQZVS0cgaORDlp1
;Rn/NYDiY26EzU1PcE08SeIinPyUMS385QkrzwuUYLwYgHq4FZ+vqjVogDKh8TDhkj7QuLyRndjlEWd7
;X/g1wdFB7y2Fn6rTNWjcMqEJ/TQzp1U0+HnlpMF9c9dbjGHBlT2raagq0x7goUW3LGT9MFunVTUp7fV
;lVBD2Bo+UYQndFbM9xEpnRkjhYeNwTUhJlnKcrKxhxRjRfWOD85RVdYlN2wWkD67XNWjcMqHxWDRbd1
;U1KD3F0JUhP4NfkD0pYRHvNdwKKx6g+aH7JGksSZZynKysYcUY4Qlnkz84bRnVTavFpBpLRv1o2DKh8
;P00W6dVNW3sUGSVfVO/XzglKalB73GQTnsaoWjYMqHw/TdaOlU1YexQZJV9U79fOCUpqUHvcZBOexqh
;oNw2ofD9NFkm8DUppFBlVXU/ozeUiW2JNbst3Bp/Bvz8EDKl8P00W6dVNSnsGGVUtTfPK/wlwc0Vz3m
;AVisC4KFI4qH0/TRbp1U1KexQMVS098dH4E1tYQnvKWhOO2b0/RW3cCU0oFujVTUp7FBkcbT2Oo5F9W
;29JcPFyBofYkilHac0YP0wW6dVNSntdWVUjPYGj4g1adVNBw2QfnN2pLl8MqXw/TRbp1a11ew0ZVS1J
;6cr/IlhmTHLxcg6PwKUFRW3cFVASe4itTUt7FBlVLT3o45FkLwcgasZsCbTDrDZbU98VWzl+tqcsPhJ
;7RjhEU4GikX0vByAel0Vn57TNWkN+yQpaIUmapSgvHxQYVS09gaPRLW8HPh6uBROZ1bs/W1PSI1gueY
;2wEi4SZ200Q17k/PcUQW5Tdq4EZ+u0zVo3GOh8MU0W6a8SPgl1bzBBYvLT9BhLByEergVn67TZGjcdq
;Hw/O3ObpiQlFUt1NF5J3sb1FFsHIR6uBWfrgQwaNyqofD87eYWgIC8PZnA2ck7xxvQZcHRNccFxD7TH
;qD1aacYIYCFzh7I5InsVGVUtPYGjmT0vJiAernMIh8GgP0N+wR9gPmaMsCkVCHl2OllV3tf5D0p0SHH
;CYWfqtM1aNwyojABNOenVTTwUeGw4SEnzyvIiXHdFe8paFIbboi5fU9wOXjtzhYohLxVzbT1ySenR9A
;5HaEx6rgRn67TNWjcY6HwqTRbpoiQ6HktwO0tU7c/OGUZ0VH/AZgLatMxaNwyofD9NFunATUp7Y3AlS
;GLozfcUQ2t/esd2E4rarj8FDKl8P00W6dVNSnsOGVUtSujT9CJAclR73FoOhceoLmhowQ9LLHiKsHxK
;ehQZVS09gaORfTUHIB7ZbBeO66IvQ2naI1YjZYyhEi4SZ200Q17kkZF8LwcgHq4FZ+u02lo3DN8VTyh
;JhqA5LwlLcDteWPX84g1KYkQvrgRn67TNWjdF6HwoTRbpoiQ6Hkt2IFlY8/z4E1xiVEHddQKO0P9aNg
;yofD9NFqCVTWl7FBkiRE3k/OMYW3VBfdpsCIXrrz9RY9oZYDp/mbASLBp3bTpfDIGikX0vByAergVny
;LTNWkBl2BlgP3OdpywpD312O3Jf5MX+D0pYV3feYDiN1a4uWH6afD5NFunVTUp7FBlOLT2B1PgNSlhT
;ccJsA7TdozxeYMQjWyRlnbQjKR4lGVQtPYGjkX0vByAFrgVnnN29P2h/xxBWKUmAuysjF3hGMURO9cL
;/Hko1IB+uBWfrtM1aNwy+fD9NYYClKBUIYWklQk/1/PUUXHNBcM1gVuu1zVo3DKh8P00W/9VNSgx9aT
;ByTvTT4RJdc396x3YTitquPwUMqXw/TRbp1U1KewwZVS1K6NP0IltvSXDxcgaH2JI+Xn/cHVEuc9jVT
;Ep7FBlVLT2Bo4l9LwdXd95gOJ/cpDRoe8kQUxJygKY5KxV3fGctPIGjkX0vByAerhBn67S6M0dp9whQ
;OnObii84EnlGIkRZ9cuRfC8HIB6uBWertNhaNwzfFU8oSZ26Oi8JS388VVjl/OESXH8gH64FZ+u0zWN
;3DL18P01hgKUoFQ97bjBfYufK6RhLWFBx3Xxn6rTNWjcMCCJ/TQLp1U09EmR8CllS9sbjIklrT2ncZB
;OOhc1bNwyofD9NT6nVWUp7FG48XVje1/4KSnV/eMJqEJnVuT8FDKl8P00W6dUUCnsCGVUtSujT9CJba
;Fd73FoOhdKkNltT2h1LKBbo1U1KexQZDG09n6ORfVhuUHvxcQic0b8FW2PHDEwSc4i2JRUebG0nWFnk
;0ZF8LwcgHq4Fb6u05lo3DN8VTyhJnbo6LwlLdjZZXObM/xxDWFB3wmkGmeuvNUN4xxFgKX+IuCg+HmY
;ZVC09gaORfWZHIDauBWec3b0/aHjHC1o/SYa2OSsce3c0QWLxyv0RTnV/asF1OI/drDdSeM0OP0wW6d
;VNSnstWVU/PYGj5hRfYn9qwXICmeuiPFF/zQhHTRfp1U1KexQZlS0vgaORCkZ3RUHaahCOxpI1UWrbG
;Us0FujVTUp7FBlVbT2Ro5F9WG5Qe/FxCJzRvwVEfM0ZW00X6dVNSnsUJxUtKIGjkQpGd0VB2moQjsaS
;LFhg3RFaEnuAu01LexQZVS09oeORbS8HIGnHdQK0wKItUn73C1YpYoHVTEp7FBlVLRXBo4B9LwdPcdR
;gOJjcpD9baPcdUSp6jNVMSnsUGVUtA8Gjgn0vB1d33mA4nNWhNmhqxBNIP3edsHxKehQZVS09gfrRfT
;wHIB7ZbBeO67o7W2D3GlMiYZu0OS9JFBhVLT2Bo5Ekbwc2Hq4FCITOqAVEZMEZUylJhbwjLyR3diBDS
;YGikX0vByAeXjpn+bTNWlhj0hlgPn6AsCEuJHt/M15Y9aOQfS8HIB6uBSfru81aN3vBDFoSYYi5IRUI
;ZHwwST2Ao5F9LwcgV+4FdOu0zTtUb80QWj93nbwiJCRxdzRPUeSjk30vGCAermQEiNGhP0Vt3BVQI0m
;PvD85D0t1NFRY8/z0E05lTHuuB2frqM1aN23eE1YpSYC7Pi8JYEYyTlLlxs4JcGRPc8NkCY+0z1o3Hq
;h8Pz9znacsKQ99djtyXu7O8xRBYCAcrwVX67TNO0FjwRhgOWSIoygmJHx2OUhO3tPwCUdYTX/WWguO2
;qouX1POHVw5eZuKKCQadnUwLT+Bo4F9LwdCe8JxOJnVqy5oacYdXSFz6ddNSmsUGVVPWO3XzgpOa0xB
;y2sGidioWjUMqHM/TRaLpyQuHH13MnJY78LzEUoHIh+uHGfrtK8oXmjPFVEqSY+0IxUIZHwwSWLkzfA
;fQ2IgHK4FfOu0zThFZcwbViNxtrMkMh5wRjRDWu3GzhhBZkJyywVl67TbWjcMyg5WKXGAuyoVCHx8OU
;FO3sb/HE1rRR6sBWfxtM1aVX7BEWAobp2wPyQaeEYmRVjtz+IiSW5SbdoFZeu031o3DMoOViBJgLs+I
;x9xRjBDXOPP9H0tByA9rgVniNusKUNlxhtgKHiItyEvJH13M0RR7fziFEFgTHvxaQ6F0fxaNQyoXz9N
;Foq6LDkPfXcycljvwvMRSlhJcMhsC4frvjNZa8QZYCF/h7B/SnkUGUEtPYHA/hJDbk558WMGheukNFR
;+zR1MKBbr1E1RexQZNkJS7cr/GnB3UnfAcRSb0ag+aH/EE0gpeZ67TUh6FDRVLT3izP4RRmlHQd53Do
;XAvipSacwjTCF5nrEiPRVLeCNCVOX8/ghbYlJB3W0Ch9jNWDcMiXw/TXWGuiEjFXNGIkxU9fzjGE5kS
;EHDbAm02KwjUn73CFYgc+nXTUpfFBlVSVjv0PQiXHJQbsF3E7TVoS5SfsYdSyhJiLsqJh5LfDtMX+3G
;kX8vBz0ergUDjtq+P2h/3QxPImSdiismFGNrNFlY3sb/HE1rRR6sBWfYtM1aU2nGD1oSZZylPSUJYEY
;8Q1voz/0iWnRFQcJsCY7HkjNZU8AVWCVJjbAjORJgYApKT+jHkX8uBwIergUDjtq+P2h/3QxPImSdii
;ErAnFrJnJf7tflEkJYRXDPZwuOtM9aNyuofD8pepmKLiIaeXswX2Lx0fgTW25OefFxAobEqChWeN0OW
;hJzh7QvJh4UG1UtFoGjkRlDd399xmQKidG/BUNpxQxaP3edoD8vJH13JkhP9fz2HkBjRUHLawaJ2Kha
;NQyoXD9NFo25PRUcd3YxSGLnyv0YQWZNe/FjCJnZrC5oacYdXSFz6ddNSmwUGVVJUfH8/BhdYEVBwXU
;Cheu+P1BhzRJLPhbr1E1dexQZMUFN3s70D0hif3HYYBWH1b0FR23aCExNFOjVUUp7FH05XWLzxvYUQG
;lBcvFgH5vbvi9FafcZUSx0hbBNSHoUAVUtPeXP4SJdYk1x2GA4icGvOFtp9xlRLHSFsE1IexQwVS095
;c/hIlxyUnjPZgK0x6Q+UlPcGUc5Y5uwEikUeHYnclPu0fwcQ25ae8oFZeu04Vo3DMwQTxJlnKcrKxhx
;RiZEWeT85RhXc1Vsy1oDgsesOFtp9xNREnmfsD8iGnp+VS88gbyRfS9jTG7xdhKZ0qw5UlPbFVsoSZ2
;wNT4OZnwKSFPgwf0YLwUhHo0FZ+vQoSpof90OWSx1jIo+Ix9xRiFIRfXW4xhwa0l5xnECmeu4KjcOqX
;waTRbpsSE6JGdsJ0tc4sbODkZjRUHaYB+fwb8/aGPdCEwkcoyKIiQXbRlXLT2fo5F9S2tQQdpgCpvRv
;ztDedoZYC5+iLgvLwlLfDtMX+3GkX8uBzUergUCk8CoKFltxCNMJXOFuT4VHX1rJlk9g6KRZC8HIG3L
;cROC2qoFUnTcDkopc5uKfxUeeng3QViBoZF9CgcgHst9E5nBqT9FU9sLVjl1gYouJRR4cDtKYuPG9xJ
;dYn9t2WwTiNzNWDcMjnw/TXORoT8/H3FrCl5K6NfyFXBkT3HCbAmM66U/VnjdDGAscp+0IykeFBtVLR
;2Bo5EYV3NSa8pgFbTHujNDb8AjXCJ5hbwjLSR9dzROSejV9H0tByA2rgVnjsy5KEJozQ5gPmGAoS4iJ
;Hd2OkFU78TODU51S0HDahGO66g0Vm7EGT9PF+nxTUp7cWEhX0jlxuMiXHBJas1tOJjAoipoe8EMWhJh
;iLkhFQ97bjBfPYOjkUovByB71nEVntCoKGh/3xVLLn62pjklC0tuPF1Y3tTwEUNYVHHZYBW016I1W1P
;ME0gjSYytOTgOcHwnLT+Ao559LwdGf8BaBYfdvQVSYskeUygW69VNWHsUGTNMU97A/hJDbk558WAJit
;ahPzcOqXwZTRbpsywkJHd2OkFU78TOCk5uVEHIahW02aIsUmHNEksScIC7JDkTcX1VLz2BqJF9L2FBc
;PFgCYrWoT9TDKp9P14W6dUrKxV7fzNyWuLM9RhwYk5/zGkC67bMWhsMqHxZJGSaoRImGm18J3JZ6M70
;E1xuT3DxfR6016I3R2nGD145f4a7Ei8VdXs5SD2Do5FkLwcgeMd3FJ/roTtOadojTCVzhbk+FR56eDd
;BWIGhkX0aByAeyGwVmMCSNlZ1zQ5gPnmFvCkVEnp/PEFR3sbpCV1yU3fBazic3akuX1PaHUskebawIy
;sZeHxVLz2Bi5F9L2FJbN1xOIfVtD9FU9sTUyRytrwjLBJ4dQpLUe7U4xxbYn97wGQFh9HNWDcMjXw/T
;XCApz4+JHh4LEhP3tD+EUZjf3fAYw6H2JIpR2nNGGAoeIi3IS97FhlVNj2Bo/cRQHBSf9pgOJnRvj9D
;U88fUClztrAjKxl4fFUvPIGCkX0vYEFu8WMOh9iSNVlg0SNLIma2tyI+D3t0Cl5I88XwHkp0IByuBWj
;rtM09Vnz3GlYheramJS8XeGpVLzyBupF9L2BBbvFjDofYkileYs8QWhJzkaE/Pwh9djstP4CjvH0vB0
;d/3loBgtihBURlxhtTKEmMrTk4DmdwOkNi4sz8DUppU3/abAiF66g0Vm7EGT9PFun0TUp7c3o6SVjex
;v8ZcHNVbMBqAY3rozVNdscQWhJ+jLQ5IxVzGVcsPZ2jkX1IZE96y1oBgtioNFZhzSNZImSEtDkVHnp4
;N0FYgaGRfTcHIB7GYAaf3aM9aHjBEVoSdYi5LhUeeng3QViBoZF9NQcgHsdrFI7GuQVfackISj1JjrY
;iLh5LfDtMX+3GkX8uBzUergUPjtW5L0dTzx9QKXO2oywmEnB4IUg9g6KRZi8HIHfAYw6H2JJrBzz3CU
;woSZq6ISMfS3A7S1Ttz5F/Lwc2Hq4FDoXSpDZbU8kYXj1igKMoFR56eDdBWIGhkX0LByAex2sBgtihB
;VRjxh9aI2KbvC4VCHt1PEli9ND0IkhmUEHIbAuHtM9aNxSofD8keI+8ISYkd3Y7Q1ji184YQWNQccdr
;E5i0z1o3AKh8PyR4j7whJiRycCdeSYGhkH01ByAex2sBgtihBURkzRBTPkmcpigVHHVpCktU7c+Rfy8
;HBR6uBQ6F0qQ2W1PdD1oSeoC7KDkkfXcKRVTmy84ZSmlTd9p8OIzGpD43Dql8LE0W6bwjPh5mdTpOVu
;jN9iJKaUF8wmBn6bTNVDcMqBVNIniAuyoVHnp4N0FYgaGRfT4HIB7HdwiF3aM9aGHHElA5eYe8Lkp5F
;BlHLT2ByfQPRFhEe8JxBrTEvzNZeM0OP08W6d5NSnt+fCdGYuTN8B9DYiAcrgVw67TNMFJ+wyNZJGSa
;oRImGm18J3JY78LzEUoHIh6uH2frtKszT1PAE00/f4u5KBUOZ3wKQk3kzc4fRnNTHqwFZ/e0zVpbbdE
;ZTRJ+jLwqIg9LeDFMTfXK5xhwYk5/zGkC67bNWiwMqHxTLG+MpxI5E3F1OV5i7tH1GF1YT27abAqCzq
;haNQyoUz9NFoW0NC8JS2ohTE/1/OESRmlUQd1mBpnSkjBYZcYIYCx6hbo6FRJ6dzBfYvLL9BFDByIfr
;jRn67ShO05p2iNMOXeboRI6FH13IXJO4sLjG3BtT3fAcTiKxqIvWWj3GVE5f5uwEjkTcXU5LT+Bo7h9
;LwdMf9dgFbTHuTtFePcMUCR4nYo+KRpmfwpHUujN5SJMaE56x3EOhNqsNjcOqXwdTRbpuSwzHmZGJll
;c89fODUBuTmrxdgKK2ZI/U2vNI1woeJ2wP0p5FBl3LT2Bz/AESnV/bdpkFZ/rvTVeYtwjTCh3hIogJQ
;1xRjxDSuDR9X0tByA9rgVnh9W0P0VT2wheP2K2pSIjFWBGJkhc7Pz/EnBoVnvcbQaF075aNQ2oVT9NF
;oW0NC8JS2ohTE/1/OESRmlUQd1gBobrozVZU9gTUzRxhrsSPB5mbTBVPYOjkVUvByByz3wCmeu+LlZ+
;3CNPIn+HoRI5HnV0Cl9Y7cLlFFlif27Bdg6f3aI0Nw6ofAxNFum4LD4kd3Y7SwzexfgRTmpFcNpaFI7
;AuTNZa9sjUDtzm6ckLh5LajlEXuT84hhbc0lwyXZn6bTNaTcMqBFeOUmKuiMsSUt/PEFc7Mb/CXB0RW
;rabAmMx5I1QWnaDlYpc7amISMYcUYmSEn1yv8aXAciHq4lZ+u0qzNPU8ATTT9/i7koFR5sbTBDTujV9
;CJcc0lqzW0OhdPNWDcMtXw/TXCArRIiFGZrPE9R5PzkE0ZoTkHBcwKZ2KwqR2nMfD1NFv/VTUoWe30w
;QWLx0fQeRnRFQdRaD47dqjJDDKp8P1EW6dUgJR99fzxIT97Q+RhDa1NBw2AVjNGSKlZ+zRJLTRTp1UN
;KexR3Olli8sLnGHB0VH/aYGfptM1HNwyoGlY1SYG6PzgSdnUwckjvyv4TcGZMcvFxHpvRkjs3Dql8LU
;0W6aYmIwlgRjNCT+LGzhhBZkJyywVl67TBWjcM2xNTJHK2tyI+D3t0VS88gaqRfS90T3LHYTif271aN
;Q2odj9NFp68PS8kYHYiSE+BoZF9MQcgHsFrC5LrojRSU9sUWiF6trojFQ97aQpeSPPF8B5KdCAcrgVx
;67TNNUFp2hReI3G2piUvF3hqCkhT4MH9GC8FIB6OBWfr27s/RWTJElgSZYGwISYIS380Q2Ly0/QYS1h
;FcM9nC460z1o3FKh8PyJgjKc/Ix9xRjNEUeDO9BNbWEVwz2cLjrTPWjcVqHw/ImCMpz8jH3FGM0RR4M
;70E1tYRXDPZwuOhs1YNgywfD9NZpuwPjkOZnwKTFn3wv8eSlhFcM9nC46FzVg3DLB8P01mm7A+OQ5mf
;ApMWffC/x5KWEVwz2cLjobNWDcMu3w/TWabvCM+JHtpMENi8sb2EEppVG2uB2frrs1aN3zaFVE5SZm0
;Pz4IS2owXEjkzfIYcGhSest3Z+m0zXQ3DKgMTSR4nbA/FRh7dzNyWPnX4whLYlIv8WYSmMCiN2h82hV
;ROXeLuSgVCXF+PEJTgaGRfQEHIB7edw6FwKgoaG/HElkSc5GhPz8fcWtncl700OUSQlhQbMdrE4rWoT
;9ofs0bViJ46ddNSmIUGVVdT+jN5RhdWENxwGM4htWuMl5izSNdKHqd1U9KezkZVS1N88r/CUp1f33Ba
;wG02aw5X2XGGWAuY5qhIickZGs8Q0nozfYiX3VJcdxsE5K0z1o3I6h8Pz1kgLs5LwlLejpDW97O8B5H
;bk578WYSmMCiN152zSNLInmFvSgrH0t8O0xf7cagfS0HIDGuBWebxqQ0Q2naI1wieI+KICsYfHA7SGL
;i1uIJQGpJZMtaE4TboTJSbcwjWiN3i7koeHsWGVUIPYGj4Q9GaVR73FoEhNqrBVptyxRWI3O2sSw+Gk
;t6OkNJ5M3lIk5jRB6sBGfJtM1aR37BEksoZLa2IiQdS3Q0TlXozfQiS2ZUf/FjDofRkjtTaKh+Pk0n6
;dVNOgl9dyFIT97A/hNJWE1/zW0OhdGSP0942glbKGS2pjojD3dxClpc6NfOFUpmVHfAYmfptM16Nwyo
;DE0keJ2wPxUYe3czclDgwPkUQWJ/eM9rOIjboy5FY8R8PUwWwdVNSgtmcDtZWPP88hJBYX9zz2YPgtq
;oBVFl2hFILGSMij8vD2Z4NllU7s2Rfy8HDR6uBReZ3aMuUn73H1AjcLa4LCkTfXcwclvo0fwKTnVFQd
;psCo7rqClDZcUdSyR5h9VPSns+GVUtTfPK/wlKdX99wWsBtNmsOV9lxhlgKnWGsSgVHkt0IEFJ6NP9B
;HBhTHHZBWXrtOVaNwzYDlYjYoynEikUen8KQFziy/gTSlhHfcFhArTApS9absYdViFJiLEpSnkUGUgt
;PYHT4xRBc0Vs8WYIhdKSN1ZvwBVRKEmBsCw+JHZ8MS0/gKOxfS8HUGzHaxOOxpI5WGLOI1IsdYG8Iy8
;kfX0wVWLy2uIJSmogHK4FTuu0zSpFZcYIWj9JirojLCR5eDZFVO/GzhJCblRB3GQOmNG5NUJvwCNcIn
;KM1U9KezYZVS1N88r/CUp1f33BawG02aw5X2XGGWAiZICyJCQkd3w7WVjzo5N9LyMgHq51FYLauT9FU
;8sTUStJhLQuIhJ6fApdT+7O4QlwclN78XcGjcDNWDcMn3w/TWabvCM+HmZGNkJT5/z8HExvSXDLWheZ
;26AqQ1PdD1oSZIizORUfYWk5RF7g1/gSQVhNd9x3CJm0z1o3K6h8Pz1kgLs5LwlLejpDW97O8B5Hbk5
;78XcCh9W5M0Fp9xlHOWScpiQlFRQbVS0NgaORDV1uTmrLdziI26M8aGHJH1ckeIyKPy8IcW0KSGLtxv
;8aW29/cs98ApnrrjJWYs8ZP08W6fpNSntkazxDSeTRzh5AaUZBw2QEg92jP2h6yRBWKXedsBI6CX13I
;URT5vzhD0ZoUnfafGfptc1VNwyoDl4rYra+KC8LS3E6QVjyo5N9LxMgHq53Bo3AkjVBadoOVilztrAj
;Kxl4fFUvPYG1kX0vdUF42loUnsarO1Rp9xFQI3mduiMjGBQbVS0ggaORG0Z/f3bBdxWC1qE/aHnGFVA
;jSYi5IRUPbWkwcl+BoZF9BwcgHtxgE5nVri5eY8YjXjt5gLESPxV6fDZITvLC4wRwbk5B3XAXm9u/Lg
;YMqnw/ZRbp1T8vD2Z4NllU7s3OHFloSXrxcAmF0a4/RH/JDkYSf4eKPj8LZHYnWQ+BoZF9NAcgHtxgE
;5nVri5eY8YjWyRliLchLyR1bQpeSeDR5X0tByALrgVnmdG5KFZv3BVQI0mHujkVEnpqPElYgaGRfTgH
;IB7cYBOZ1a4uXmPGI1s4ZIC7KhUMfWkwHD2Do5FqLwcgbMtxFYrXuTNYYvcYSj9/h7ISPRJkfGctP4G
;jgH0vB1J72ncGiMCkNVlTzRJeL3qM1U9LewcZVS1P5NfjHExzSXHAWgKF1a82UlOafD1MFs3VTUoJcW
;0nTF71yv4TcGJOf8xpArTWqDxYfs0jUDhijKcSORNxdTktP4Cjh30vB1J72ncGiMCkNVlTxB1GKGSKv
;SwkHHEZVyw9mKORfV1iVGzPZhOC26MFUmLJHlMoSYagOTkScHxVLz2BuJF9L3VFatxkBJ/dojRodsAT
;TxJ5h7k0FQh7dTxJDIGhkX00ByAe3GATmdWuLl5jxiNFJXmZiiIkF21GJkJR6MejfS0HIAWuBWeY36Q
;oQ1PNBEsoZIe0IRUIfHw5QU7exfgPXHMgHK4Fc+u0zSlbf/cdUSNziLkkJBxLfDtMX+3GkX8uBwEerg
;UUh8eSOVhi3BNKP0mIuTkvCXp4IURL5Pz1FF1iQ2rHagnrts1aFwyofEwhZba2IiUXfXcycl/kx84JS
;mpQe9xkE57GqAVAbcEIP08W6edNSntndSZyXu7M/RRBYH9912kOhdCoKGhgxwtaP0mBsCw+HmZGIUhQ
;8cbjHFtyUnvxcgaCwM1YNwyafD9NZYWmEikUe3U8Q1rewOgRRmlEe9xaEpvEqChoZM0dSyhktqEoJwt
;xazRZSPPGzgpOblQerAVnxrTNWkRg2yNcInmFvCMtJHh8M1li58b0GXBvRX/aYBW0wKg3R2naHUs4ZI
;yKOisSYBlXLT2ro5F9XGtTQc1qCIfdoz1ofMEPSyJ4tr0oKw9xawpZWOzT9A9Oc1Vsy1oQit25WjUMq
;FI/TRaauT4VGHt2OURT5vzjFEhvVEHIYAKP66U/VnjNDmA5c4SlKDgaYGwnSGL2wvgJLwUgHr0FZ+vH
;oSloa8kMYCt/hbkSLxV1ezlIPYOjkV0vByBtwnY4jNeiPlJTzhVTKHiIuCgVHXtrOExJ3sb/HE1rRR6
;sBWfxtM1aRGDbI1YjcIC5IRUcdWkKS1Ttz84YQWZCcssFZeu0+Vo3DNsQTBJ/h7MkJhdLdCBBSejT/R
;hwdEN/wGsOhdOSOVh5xghgLHqdsD8kGmBwI0hi4M32EUoHIh+uEmfrtL42RFPFGU0qc7a6PS8VS2owS
;lDkzeUOLwUhHrkFZ+vHoSloYc0OWChJhqMoOBd1aQpdXPPX4n0tBiA6rgVnmNi+BVll3A5QKnOHij04
;FGB8NllU7s3ODUB0VEHNagiH3aM9Nw6ofCFNFummITkke28wX07ozeUYXW5OefFmCIbEqDREbdwVUCM
;W69VNaXsUGSZBTt7T4xhHYkFqx2sAtNaoPmh4zRFPKGSIoTg4HktuNERJgaGQfRoHIB7daRS0xL8/X2
;nJCFYjcba2NCYSen0wX2LtzOYYXVhIe89xApnruT9afM0OXjljm7ASPRp9bVUvPYGWkX0vdExt8XUVj
;tyoO0NlxhtgLm+FvCMuHmZGIF1N5NHOFUpmVHvcWhOO2b0/RW3cCU0oSZ60JD57FhlVHT2Bo+IRXFhQ
;bMttAorApDRQU8QZWTlJj7AoLiR8fDRZWPP85RhCd0Vsz3ESmdGSLVZl3Hw9TRbE1U1KCHhqCl1P5Mv
;0HFtuTnnxdQ6YwKI0aGTNHUsoZLahKCcLcWs0WUjzxs4KTm5UHqwFZ9q0zVpEYNsjTz9zgbAsPhJ6fg
;pfVObL5SJJYkV68W0CisCoKGh4zRFPKGSIoTg4HktuNERJgaGRfTQHIB7daRS0xL8zWXj3CF4+fba5L
;CgeeEYwQ1zjz/R9LQYgP64FZ5jYvgVHfsESSyR4joovLx9LbTBATeTR8AladUVB2WQOn7TPWzc/qHw/
;Pnqaij04EnptPENa3sDoEUZpRHvcWguEw6goaGTNHUsoZLahKCcLcWs0WUjzxs4KTm5UHqwFZ9i0zVp
;EYNsjTz9/h6EkJBxLeixBVO/H9A9wclBuy3c4g9GsLlJ+9whaIGaMpyw+DmZ8Clpc6NeRfy8HDh6uBR
;SHx5IqRWXGCFYjcba5KCwPS38wSFney/QcW2JSQdpgCpvRvztDedoZYDp3gKFNSHsUMlUtPfLP4iJfd
;Ulw2mwJjOu9M0R4xxJgJXOIoSg4JGB8OF1Y88LlCF1if2nPbBPrts1aGAyofEwhZbalPyMVYHA7SmLz
;yvYVW1hGe8thOIPRrC5SfvcIWiBmjKcsPg5mfApaXOjXkX8vBzgergUUh8eSKFhl9w5aKn+GuxI5GHV
;3CkFc8teRfy8HMR6uBRSHx5IpX2XNEFsSc4e0LyYeFBtULRSBo5EOQ3R/bdt3AYrXqAVEZcwZYDlzka
;E4OB5LejpBUvP8/xJdakFyx38Cj7TPWjcTqHw/Pnqaij4/CXJ4Nkhi8sr1GHBzRWbacBWO66g0Vm7EG
;T9PF+n2TUp7Z3Umck700fccTGJ/bcdhArTAqCJDedoZYCF/jr05LwlLbCUtP4CjtH0vB1Ny3VoUnsar
;O1Rp9w9WKXO2oSgyD2FrMHJS9NfiFEtif3HAaR7rts1aFgyofEwhZbahJS8JeXg5cljvwP0SXHJSe/F
;nBpjRkj9ZbcoQWk0U6dVsSnsUajleYvXL+BNwcEFywloDhMGvNlJTxBVRKGW2sCMrGXh8VS89gZORfS
;90TX/CaTiKxqg7aH/HEFYpSYC7KyMXeEYzQVL2/PISQndFcN1kE4LbowVSYskeUygW69VNX3sUGSZAX
;O3PzhtKZlRr3GAUtNGjO1VgzXw9TRbL1U1KCHl4OUFi58bwCVp1RW3xbAmN3aE2aH7JCFYiSYy7LCgX
;cRlXLT2no5F9XGhMd8paAYLYoQVeYsYZTRJ0m7wpLRJ6fgpMX+7V9CJcd0Fs3WBn6bTNRzcMqA9QIX+
;NiiQkHX11OXJf7tflEkJYTXHAahOE2qQ5Nw6ofBZNFummIiYScEY8Q1voz/0iQWZSbMFyOJnRqjNYYv
;cJTChJirojKR56bSdEXoGhkX01ByAe3WoLgtCSM1lqwRBTEmKGpRInFHp2IUJT6MCRfy8HOR6uBRSE2
;KQ+aGXGGlYheragPi8kc3glclvoz/19LQYgF64FZ5jEpChWYMEGWk0U6dVTSnsUaiVET+DPzhBAY0VB
;3mQTg+ukNENp2gxQIXedvCIkexYYVTo9gaPiCF93T2zaWgaP1b0uXnrNI1ojd4u5KEp5FBlbLT2B0OQ
;NX2hSavFgCYrWoT83Dql8Kk0W6aY4Ogt7ayFyWO/F/g9MYlJBwWsLkrTPWjchqHw/PmOZpSI4D0twO0
;tU7c/OCFxif3LHawKY66Q0aGTBG1cScoy7PiMPbUYyX1Tlo5N8Lx4gHq52EpvEoihDU8UTWyRwgLA/F
;RxxdzBfXPXGkX8vBwcergUUnsS9NUV49w5aLmSMtDkvJHV/IUhP3s7+GUZhSXvcWgWE26E/VmKofj9N
;COnVTTkOZGk6X0ne0PwcQ2t/eMJqBp/RqQVRackISj9zmtVPSnsMGVUtTvTT4RJdc39yy2QMkuuuNVl
;izR9LJHmH1U9KewcZVS1O9NH3HExif3PBYQK00aM7VWDNfD1NFszVTUoIYWszTF7k/OIUS2J/ast9E5
;7GqAVUY8QTTRJ4hqcgKxd9YzBJPYOjkWYvByBt23cBiteoBURlzBlgOXORoTg4Hkt8O0xf7caRfy4HP
;x6uBRSexqs7VGn3D1Ypc7ahKDIPYWswclHoxPkJSnV/a94FZeq07Fo3DNsJTSt3irASORJwfApZWPnX
;5A9KWE9r2nYOj9GSNVlg0Xw9TRby1U1KCGFrM0xe5PziEkNuREHaahe02aI0WHjHElYuFuvVTWt7FBk
;hSFDxxuMcW3JSe/FnCJ/Aojdof90OWSx1jIooJBp2dTAtP4Gjhn0vB1R7w3UCmdW5L0Vp9xBWPmK2sC
;MrGXh8VS89ga+RfS90UGvcdjiO2qw4W2mofj9NCOnVTTwUeGw4SEnzyvIiXHdFe8paFIbboi5fU80SX
;i96jNVPSnsFGVUtWO/C8xFKWFd33mA4n9u6P0UMqnw/bRbp1TojC3FGIUJK5NHOG0Z/RXrxdQiY3bkz
;WGL3GVEsdIWwTUh7FDxVLT32yuEYcHNPact3OIfboipEU80dXCVJjK05OA5wfCdyWO/C8xFKByIerg5
;n67SiNU1p9w9XJHOFsU1IehQ6VS099srhGHBwQXLCWgGExq4/U1PKBWA+f4eyIS8kcWEhX0jlxuN9LQ
;cgF64FZ4nGpDdoeNEMWk0V7NVNSjRhbTBfPYyjkX1MZlR7yWoVkuujO1ppqH8OTRbphT8jFWB8Jxxiw
;O3UKXBGGEH+aRKY658Kfj/3L3QfJLacKS8aeXg+SE/e8+MSSW5Me64UZ+u0rjtDac8TTTRJh7QgLyR8
;fC0tPkWjkX0fNxUunjVQ2YT9bA48mEp6fSbe4X16TSEpZRoPsZOiTB83FVieNVPahP1ucjyYSAp9Jtz
;hfXpOUillGQyxk6JFHzcVWJ41UtuE/Wx0PJhLCn0m3uZ9ek5SKWUYD7GTpE0fNxQnnjVU2IT9b3E8mE
;kMfSbdl316TiYpZR4PsZOkOx83FCeeNVHfhP1sAjyYSg59Jt+RfXpNJSllG3+xk6dIHzcXLJ41Uq2E/
;W8HPJhLDX0m35N9ek0iKWUbBLGTpz4fNxYrrhln67S+L0d8xw5LEnKMuz4vJHBsNEFi5NvlD1p0SXHA
;BWTntM1admDEXFo1YpugKS8JFD9VLT3lxv8OSlhTa951CJnAkjNZasEQUxJ5nKEhIxVxagpIRfXR5Bl
;KdSAdogVn6/WhNhdp0AhNOHKMp01YexQZJlhN8czjCXBjRXDdYDifzb0/Nw+tfD9NWoC7KDl7OhlVLV
;nt084fTnRFQcJkHo7GkjtReM0OYChumbo+PwlxRiZITeDR8AlGaE5ByWYIj9HNWTcMqHw/fxbp1SkmC
;0t7NF5Y3s/wBEp1f3/IcQKZ66giR2PbCU0oSZqwPSsJdW08QlPexPISS2J/btxgZ+i0zVo3DId8P01y
;haUSKBpnfApBXPjG4yJNYkZx3GA4jsy9NUR52hlgPnOZtD8rD312O3Ja4sz1GC8EIB6uBWfYtM1aU2D
;YI10sZYyKISsCcWsKT1jnzOMYcGJYbsF2EpnRkilSfMkOXjl/hrsSLRh7fTByTfPGkX4vByAeri5n67
;SpNkdTyh1MKEmFtDQvCUtsJV1Y8/zhEkZpVEHdYBeKxqwuXmPGI1gueY2wTUl7FBlVLRKBo5EZQ3d/f
;M92ArTYrCNSfvcJTz1zm4o9JRJ6bQpeWPHC4xxbbk9w8WIEhNCoBUd+zXw8TRbp1U1HexQZMUFN3sTy
;Ektif3vAYWfotM1aNwyyfD9NcoWlEi0Ye30wclj51/QPQWZMQc1qCobVoz43D6h8P00W8NVNSh94aQp
;KXu7H9CJJbkx7wGQKjuurNUVhyQg/TnDp1U0xHHd2MUhi58r9GEFmTXvxcg6f3KIvQ1PNBEswSZK4LC
;kTfXcwckn40/QiTmVCbMtzDorApDVZcfcHUixijKckKxdLdzRAWN7C8x9dYlZ3z3EOhNqwBUxgyQVaP
;0mBsCQtE2BkOEA9l6ORfUtrUEHJZgiP0ZI2VnXNDmAufoi7Ki97FxlVLT2BtpF9L2NMbvFiBITQqAVH
;Y9sITz95irA+OXsXGVUtPYGskX0vY0xu8WIEhNCoBUR4yQ5LTRXp1U1Kew0ZVS1Z7dPOFUpmVEHNcBW
;C2qoFQ2XFGWAhf5qhTUl7FBlVLSCBo5EZQ3d/d8BrApnrrjVZeMcJTRJ5j7M+Lw9LdTxeSYGgkX0vBy
;AurgVnj9i9BVplzBhTKEmFtDQvCUt4M1lY8/z0BV9oU2vcYDiY0b07RW3cFVAjSY62Ii4eFBpVLT2Bo
;6V9LwdEct5aCoLQqTZSU8QdRihktrQrPh5mRjBVTe7Q5A9KWFN73mQVisCkNVlTzx9QKXO2pT8vexcZ
;VS09gZKRfS9jTG7xaA6P0KE/aGDJBVo/SYuwKyUJcUYwVU3u0OQPSlhTe95kFYrApDVZU88fUClz6dZ
;NSnsUGWAtPYHH/Q1wakl6ymkCtNisI1J+9x5aK3mbsBIvA2R2JlhP5PziGF9mUn/abAiF66o5WGjNI0
;8/c+nWTUp7FBl4LT2Bx/0NcGpJesppArTYrCNSfvcJTz1zm4o9JRJ6bQpeWPHC4xxbbk9w8WIEhNCoW
;jQMqHw/TSfp1U0uF2RGOERZ5c/0IkNmWXvcWhKbxKgoaHzHFVE5SZqwPSsJdW08QlPexPISS2J/btxg
;Z+i0zVo3DJh8P01yhaUSJBRmdDRBYu3C6BhdWEF42mAVtNG1Klh/3Q5aEmWMpSw4GmBwOkNi5sD+GUo
;HIx6uBWfrgM1aN2jEDGAjeZu4LCYkeHgsSE/ewvcJSnV/e9Z1CJjBvz9of80MXj93nbwiJCRzejpJWN
;7T4xgvBCAergVn2rTNWlNg2CNRImSEtCEVF3VgMF9i48b3El1if3vWdQiYwb8/aH/NDF4/d528IiQkc
;3o6SViBoJF9LwcgK64FZ4/YvQVZY9oRXiFJhbQ0LwlLezBLUvPGzhhXd09t23cCtMeoKlZ+yQhWIni2
;si4lH3FGJV9YgaCRfS8HIDOuBWeP2L0FWWPaEV4hSYW0NC8JS2wlXVjz/OESRmlUQd1gF4rGrC5eY8Y
;jWC55jbBNSXsUGVUtDIGjkRlDd39wwXcKitiSNlZ1zQ5gOGaZsD8VC3twO1li8sbhHF1mVHfBaziM16
;I+UlPYDlpNFenVTUp7AxlVLVnt084IWVhDa9xsCYzruTNaafcQVj5i6dZNSnsUGUktPYHH/Q1wcEFtx
;mwJjOupKE5lxhtgOX+EsBImEmdtVS49gaORfToHIB7KaRe0w6wpX2XGG2A5f4SwEiYSZ21VLj2Bo5F9
;MAcgHst9E47GoztbU8sTUCF/h7ISLBp6RiZdWOTHzhFGdFQerQVn67TNVDcMqBpeI0mapSgvH0t1PF5
;JgaCYfS8HEiWcMFzfj/tqNx2ofD8rf4W0IC8VYEYhVE3k/OIJXQcjFK4FZ7v4jHoGIp9JUiAW+9VNSh
;19dTRAWO/XzglWd0VB3XEV2bTOUDcMqCxzDDbY+3p/FnkZdS09gcX4D1xzf3LPfAKZ6741W2XMI1Yjc
;IC5IRULdW0hSE/vo5J4LwcgUsdrApi0xFo3DM0SW2NxiropL3sXAVQtPcySoUkPVBA+lWAfn8a4PlJ+
;iBRaLGKMp20lHXITGBwJsYPCTQ88SHvPcQKPlK8/UyzAGV45c5v1IiwdNDE8Sx34zORdR2ZWe45sE8K
;+imMGLJMOWiF3nbw7L1tkdiZESejM/xRAaSpZnyUixoXtHAQ8mFwfdmSMoT8rGGA5IUVYocX4EU5qRX
;DaJQbL1qQuF27NGlA/c8m5JCwPfXcyDUnpxrETQH1acsspR5/b7ShSYM0dTCg2mrogL1t7f3VZVeSD4
;Q9KdFNr3GBtrIXtABw9mFx6YCPJk3R6SyQ5bkBS98axJw9yUD7PawPLxqguRW3LCB8rf4W0IC8VYDkw
;W1jvg/wSXWIqU5YxR9DHuT9HfM0OTG15j7NNQHsUGTBDWbON9h5AY0UerYBn67SAaAU9iCgPbUXY5X1
;ANiYrZA1psIPCTB83KlOfNVPL4P16ZDyiMQ59IsmBfGooJBMYHAmxg8JNJUoRLpkPINKFxx0GLO1RDm
;1Q2uV9QDwlOQ8GDa+WsTgCMgBGgzdXy+3gaAcs7gdLP3efsCEVCGR8MElAi+SjRQ9fED73NW2mjPlQc
;DWYfClNFumyLiUfcUYwVUnk0f8cQ1hDccNoBoXQzVk3DKh8P1gW6dUoMg9mbDFIT97Q5hRbZEgwyWYI
;j9HNWTcMqHw/WBbp1SopFHB8CktU7cb/HEJif3jBdwqKwM1ZUAyofEQqdYaxKBUdfXUwQ1zsxs4KRnN
;IcdtxOI7MuSdod8UdXCV/h7ASPgJkfApMX+PR9AtGZlR3wWsatM+rM1ttxRlROUmHtCAvJHV7N19Y98
;rwCUZoTi/TWhyH1bQ/RVPAGVYqfp2oICd7BhlVLVHg2vQPcGRIf8BiAsXTrjVTaah/P00W6dVcSnsUf
;jZCWeT84RJcc1BswWYCmMfNWTcMqHw/XRbp1SopFHB8Cl9Y8cblFFtuT3CuBk3rtM1hRWnYGUskYoC6
;I2ocd3YxSDfGmqNdajcqJdxgF47ApC5eY8ZcWC55jbBNWnsUGSdISfPC8glGaE4wyWYIj9HNWTcMqHw
;/Rhbp1T4+GmZte0pe7sf0fSzxIR6uQlXalPY3UnjaFVxtYIi5OC8IHl5sHR26wvMOQGtVasslF4THpC
;5eY8YVUSocpO1/akBnfCENWPnX4whLYlI+2mpHita+NVt53BkfIHmNsEcHSiQudRZO9cLjCQ9wSWrGJ
;ROD0e08VmKIE1krHK7ndWojJDkMHR26zv4LSid4MfclE4SUoDNZLM0SWz5ihqU+QDwmIXV3DaGY/BJZ
;YgBEjnEIy9mkNBdpxhhMOXmZpkcNSjRDZBgTsYPXRB83ED6VaAid0e0uX2mIDFMsYo+6PydbcHYiQx2
;wlvwQJQ1nJ5wlItuU9iBSfsdcSyVzybA1PglhfTBJHe3G/xpbbyoU6TVHs4D+em4+n1x5fybZ5W1qQH
;N2dVlSodf5GA9iRHnLJQiNlLkyUizKGVttHK7sf2ojJDkMHR3Ek7FGXGJUPtRgFYSUuTUXacwbWm15j
;/U5Ih40ezBJN8aTsTsWNxAujl9Wy4+XekJ8iAtWOX7J5CAncVModWsPsZOxJx8nG0SObQiG0e0pW2Pf
;EEZHHK7kbRBKITdlDXu4k6FNDzxNcdhgR5/cqHpHYMkIWSJkhPUpJQx6OWQYUOypmzoeJ2YnnjVXy4+
;+KlJpzFxMKGKdvCMtcVMgZw14rJCxRl1iVGzPZhOC26NQej2ZSx8dZIC7OSMVczd7Az2No5F9XHNBbN
;o3SYzXoj5SDKvMP00Wrud8QDwtKV9gBbOp3EwfMCpZnD1Hs4TtAwcG704HbUzZ3wp7W04oYAMNoeWiT
;R8NdC+kQl7ZlIhqPUuZXHl/Jtn1CHtLHl5sHx3Ek5s6HidmLJ41R66ZtihSeNodXDl/hrsSLg51dQpM
;UO7W/wlSDXQupEJe2ZSIaj1LmVx5fybZ9Qh7Sx5ebB8dxJObOh4nZmXadwad0aEFRHzNGVswHKTkfH1
;bRGs8Q0nozfZTASkgFK4FZ4zXoj5SU9wFTygW6tNNSntGfCV/XPGjgH0vB0d9wWECtMKoKF5q0SNcIn
;KM1U5SexQZZE5vtO37D2lTeimdYQ3T1f4dVFXCLQJwFvjVTUoSen88QVHewv8aQ2J/csd2E+u3y1o3D
;JxJBHwl3NVYSnsUcDtLVO3PzhlaZkxBy30TmcG+M1hiqH8zTRbplCEmW3FhIV9I5cbjfSEHIB7HawGC
;2KEFR23cCFo/eOnWSUp7FF4nRFmBrJF9L25SccBsCYzrvTtDeM0OUU0V4tVNSilxeiFEUejN9BxdBz0
;ergULis2oKGh/3B1NOUmZuiQkD0tqNkxP5/z7EkZpVB6tBmfrtIw2Wwy1fD9NeoisKDgkZ200X0ne0/
;4UQXN/bctkCrTXoihZadp8PEMW6dUfLx14fC1iT8LM/wtKfyAGrgVnhtW5BVRjxhoOEnCAuSwnHnptC
;k9P4M31fSwAIB6uVwaCx6hpcwy3fD9Ne4ihEikUen9kclvoz/AQSmlUQcpsFJvYrCNoYskRWk0V9dVN
;SiBGeDxeWLLnzF1/dUVzx3AKy+SBGxc9hksKIHvpyU1Ke3l4IXJe7s33THBhSXLPaAKFwJI9VGPMGWA
;oeI3VTkp7FBlVMz2Bo/wcW1hDccBjVrTSpDZWYc0SSxJxiropLyRnbTRfSYGgkX0vByAJrgVnhtW5BV
;RjxhoOEnCAuSwnHnptCkNc7MaRfiUHIB7+SSbLheNtAmHFfBtNFum4LD4kd3Y7SwzexfgRTmpFcNpaC
;YrZqAVWbsoOWjt/iKEkJRUUGlYtPYHz3TwvHyAermgGn+uuNVlqmSNZJHqIuCgkD0t3OllY8qOSfS8H
;IB6zBWfr2awuaG/HEll8SY+8ISsWcXchck3zyvIYcHJOd9oFZOm0zVp8a6hhP00WhLQ5FRh7dzMcYuf
;K/RxCYk5q8XYCn8CkNFBTwRg/TjLp1U15GSYqbU5ZtY71RR9mDSqdZwTGjKhjUSGaRF51dNm3LnIddS
;pVBz2Bo/wcW1hDccBjVrTSpDZWYc0SSxJljKE5IxVzagpLVO3C/BhBc3983GQJj7TOXTcMqC5eJGWM5
;glKShQZVUBc9fzyEkFhEUHIbAuK2ag0Q1PbGUs5f4eyPhUdfXU0QFjv184ZRnRQcs98OIXVoD83D7R8
;P01Nu7QkOR4nXQgNbfPG/BRaagBO4kRH2pr6b1phqFI/TRaEtDkVGHt3Mxxi58r9HEJiTmrxdgKfwKQ
;0UH/3GlYhd4SwIz4kcnA5SGLvwvwYLwQqHq4FN6f17WsZO50RUk046dVNJxpgRjZCU+eSzhtGa0Fzy2
;sTtMeoLkNlxhtMEnCAuSwnHnptCkpe7sf0IkppRB6tBWfrtM1qNwyoEV45SYq6IyxKS388QVzsxv8Jc
;HRFatpsCYzHkjxeYMkRWiNitrIuJR9xRiZZXPPXkX4vByAeriJn67SgO0NTyxNRKye2syQmGnl8O1li
;8sblCUZpR23xYw6H1aA/WXj3FVtNFc3VTUpIditmFV7ll7wZFzdBM5o2BYiZ9T8OaoVOBywui+UvKUN
;yeGYtFIGjkRBOc399wWsB2uurM1ttxRlROUmasDk+Enp+JnJb6M/wEEppVEHAZAqOtM5QNwyoLHMMNt
;j7en8WeRljLT2BzvAJcGRPcMg0OI3doTtaacYIYD5znaEkJBxnRjNEUeDO9BNbWE5/w2A4itavKFJ6w
;R1LJHmH1U5JexQZBWF8gYmRfS9qQWrxZgiF0vwFUWXEHVIoeJ2KPi8PYHA7Sk7exfgRTmpFcNpaCYTA
;qCk3D6h8P00W9NVNShZ1bQpOUu/FoCJJbkx/w2AJn+u5P1RkxhNTInGQ1U5CexQZE0RR4M70E1sHOB6
;uBQqKwJI5WGLOTmArf4W0IC8VYEY3X1zvx5F+KAcgHvxkDpjR/h43E6h8PyB3nYouJRVyKwpLVO3C/B
;hBc396x3YXh9W0BVltxRk/Tgrp1U0RKXVwJkgOxf6xLV1iTXfbaEe7+Ix6BiKfSVIgFvXVTUoWdW0KT
;lLvxaMiSW5Mf8NgCZ/rqjlYaM0jWiNy6dZNSnsUGUstPYHO8AlwZE9wyDc4jd2hO1ppxghgKnWGsSgV
;CGB4J1k9gqORfS8HNx6uBQqKwJI5WGLOTmArf4W0IC8VYEY7TFDko5J3LwcgTuJER9qa+m9aYahYP00
;WhLQ5FRh7dzMfYufK/RxCYk5q8WsGhtGSO1Vu2hlJJHedvCIkexcaVS090e/QfTcHIB7DZBO016I0UT
;73GlYhd4SwIz4kenYhSE6BoJF9LwcgA64FZ4bVuQVUY8YaDRJwgLksJx56bQpdT+jA9CJaaUlqrgZl6
;7TNEVAMtXw/TXuIoRIpFHp/Z3Jb6M/wEEppVEHdYBOf3aM9aGXMfDxpFunVfihJJyE2SQmsx6lNTioU
;LcxmStPR9DwaPpAdBy8mi7Z1LBonGX8tPYHO8AlwZE9wyDc4jd2hO1ppxghgPnOdoSQkHGdGM0RR4M7
;0E1tYQmzPawPrt8paNwz6HVY+c9qRTXt7FBk4TEnewP4TSTV/eMdpBobRoy5of80ISyR4jqYSLBJ4eD
;hIU/X89RRcd0x/11oJitmoWjQQqHw/FkSIvD4vSFBEdX1P5M74CEIncFLvJVbFg/g3WgyGfD9Ne4ihE
;ikUen9nclvoz/AQSmlUQd1gE5/doz1EU84VUyx7jLs5FR19dTByU+DO9H0sDSAerlUrqpT8dAA5xRE/
;Yxbp1SArD0t6OkNbs/z3FENmTXvAcTiY0bkuXmLPD2Arf4W0IC8VYEYyTlLlxs4YQWMgHa4FZ+u0/Vo
;3DMUdSxJ1hrsreCRycDlMUOTN5SJcYlRqx2sAmOurM1ttxRlROUmOtiIuHktqIUxP9aOSfS8HIB6JBW
;fr2awuaG/HEll/SY+8ISsWcXchck7k1+UUQWBTQchsC4rZqDRDU8EYP04y6dVNeRkmKm1OWbWO9UUfZ
;g0qnWcExoyoY1EhmkRedXTZty5yHXUqVQQ9gaP8HFtYQ3HAY1W00qQ2VmHNEksSZYyhOSMVc2oKS1Tt
;wvwYQXN/cM9oAuu3x1o3DPgwfm0nx+J4JxYUL1UtPezC5SJMaE54nFoBgtisN1Ji3CNMKGKdvCMtCEt
;/PEFc7Mb/CXBpQXPLWgaJ1r8/QWXJCFYieOnWTkp7FEkZbD2ro5F9QmZUQc1qCY2GkjxeYMkRWiNitq
;YoPg99dzJeYufK/RxCYk5q8WsIn9G+WjQMqHw/TQvp1U0nGmBGNkJT55HOG0ZrQXPLaxO0wKg5X2LHE
;FAqb+nWRUp7FF88QVzsxv8JLxYgHq51C4rAqzVFYfcdWyVzmrwiJHsXHVUtPdPC9wkvHSAermoRjsal
;O1lr9w9XKHqFphI5C3F8MXJR6NDlfSwHIB6uBXbrtM0qVnnbGWAlc4CyJT4keHAmWT2Co5F9LwcxHq4
;FF4fVuTxYfsUjXilygKEkJRUUGlEtPYHt/hNKBzYergUXmdG+KUJ+zSNeKWCIuy4vJGBgJUgMgaCUfS
;8HZnfWYAPros1aN3zaGUw+Y5uwEisfYng7Tlje1+gNSjUgHasFZ+vypCJSaKheP00WmackJA9xawpOU
;u/FzhBOZEh3wGA4itmSLlJvwBJQIXmOrE1JeBQZVWt7x6O8fS8HUGzHaxOOxpI5WGLOI1IsdYG8Iy8k
;d2wmWVLsyusYcHNPccJtAorQkjRWYc1NP04U6dVNHksUNFUtPfHR+BNbYlJBzWoJjeugO1RkwRJaEnW
;cpjklFn1jMHJJ7sz9FUpmREHAZAqOhs1ZNQyofGt8Fs3VTUoLZnA7WVjz/PISQWF/c89mD4LaqAVRZc
;QdUih4nYojKxZxRmQtPoujkX1/S2E+nytQ3tmgWhMMqHxPP3+HoSg4JHd2O0ti7MLyFUZpRUHIbAuK2
;ag0Q1PGHVIoSdvVTkB7FBkFYXyhkr9KGmpNHowFZ+vEvzNZeM0OYC55h7MSJxp3cTxDWN7F+A9CcEFs
;y1oTksSoWjQLqHw/BnqApT0vCRQGVS098dH4E1tiUkHNagmN66A7VGTBEloSe9jlfXskd3YxSD2Co5F
;9Lwc/Hq4FF5ndoy5SfvcfUCNwtrgsKRN9dzByULCToU9wZE96ywVk67TNWjcTqHw/PWSAuzkvCUt6Ok
;Nb3s7wHkduTnvxaFXbhP0FVGPMGT9OFunVTUpaFBlVXU/ozeUYXVhDccBjOIbVrjJeYs0jUC5ihoosL
;h9mfCZePYKjkX0vBwAergUXmd2jLlJ+9x9QI3C2uCwpE313MHJS4tf+Ik53SXXLfGfotM1aNwyEfD9N
;Zpu8Iz4eZkY2QlPn/PwcTG9JcMtaCIjAogVbbdsIYDhmhbosLiRydjlJWPOjkn0vByAeiwVn68S/M1l
;4zQ5gLnmHsxInGndxPENY3tH0DUpzSXvcWgaP0L8/RH+ofz9NFunVaUp7FGknRFP1xuMiTGhOePFoBo
;jcpDRSU9oZTyhigLA/FRpkcD5IRIGgkX0vByA2rgVnm8akNENp2iNcIniPiiArGHxwO0hi88bhGFtuR
;WzxaQaYwJI9RWPdDD9OFunVTUpRFBlVXU/ozeUYXVhDccBjOIbVrjJeYs0jTShmjKEkLwlLaSdEU/XG
;4yJBZk17rgZn67TNWigMqHxPP3+HoSg4JHd2O0ti7MLyFUZpRUHdYBOf3aM9aGXMfDxpFunVKH8YIXp
;nTgSsmqJKHSoUfJc8StOM+G0aPZ5PDXog0ewsLh8kGUwtPYHT4xRBc0Vs8WYIhdKSN1ZvwBVRKEmdrD
;0vexcfVS0958/+DV9+IDiuBWebxqQ0Q2naI1wieI+KICsYfHA7SGL12uEYcGZCfNxgEYLVuTNYYqh/P
;00W6dVBSnsUaSdEU/XG4yJbflB7rgZh67TNPFtj2AxGTRrp1U06CXt/PEFY3s3wEEoHIx6uBWfrp81a
;N37JGksScpy0IRUebG0nWE7ozP99LAsgHq5EC4eUqCJDft0YWj8W+tVNSgl1fyFyVO/F+BFDWFB/2nE
;CmdrNWTIMqHxzJHiMpk1fexQZJ0hJ88LyCUZoTkHUbQib67kjR2mZfDxLFunVAyUJeXg5LSiBo5EPSn
;NSf81xDoTakiBfY9gjSzRmjOdNSX0UGVVjUvPO8BEvEyAernYPjtihBVNl2hlcOX+GuxImEmdtVS49g
;aORfTsHIB7dbg6ZwJI+Qm3EI1o1YpugPiMUehlWIT2Bo9ARQydFZtp3Eo/Rv1ofDKh8TCFltrQpLhJg
;cDpDXO388hJAa0lwyVoPjt2qMkNT3BVSKEmOpyw6ExQacy09gZO/TRQ2GC6eNUnbj/5qGTyTTQd9Jtn
;7fXFIJCl7HQa3k6FNHykQHrkFZ+vHoSlobcYSWix6gLsqFRlxfQpKT+DT+X0sByAergVF67TNKVt/9x
;1RI3OIuSQkHEt6LEFU78f0D3BrT2nLdziMxqwqXwyrfD9NFun3TUp7Z3UmclzvzfQcQ25OefFmHofdo
;z5SfvcJTz1zm4oqOBpkcVUuPYGjkX01ByAe3WkUtNWjNFJtxBVRKkmZvD4+FHpGMl9c8cuRfi8HIB6u
;FmfrtL42RFPJCFIiZZm9KDgeS3Q6SViBoJJ9LwdBd9wFQ+u0zSlbf/ceUDlihrgSOQ5mfzROWN7K/xt
;Ga0xBz2sAh9GSNl5/3Hw8SRbp1X1xQiQZQi09gdD9DnBkT3DaahKZ678/R2nJCGAgeY2wTUl9FBlVbH
;/C4tM+LzUgHq52C5jrrjVYYMESWBJ3j6EoOCRmfDZCXPXK/xpwc0Vz3mAVisC4KFJT3BVSKEmOpyw6E
;xQaQy09gZKoTQE3Gy6ANVzahP10BzeaSA99ONnVbUp7FGo5XmLizP4RRmlHQcxgA7TAqDdHadodSzhk
;jIohIwhgGVYqPYGjoVMfPBEpngVV67TNKVt/9x9QInqAuyoVGG11PENZ5NHOEUBwRWzxbQKKwKgoaHj
;NEU8oZIihODgeS3U8XkmBoJZ9LwcQMJ4+VtqEzWg3DKgPUz5JiroiJhJ6fgpORO3K/xlKdX9r3nUCme
;ulP1Z4zQ5gOXOEpSg4GmBsJ0hi7criCS8EJx6uBVfFhPZrATyoUT9NFpq5PhUYe3Y5RFPm/P0YSXN/e
;MtgA7TcqDtDadojSyh7mbA/Kw9hazByUejQ5X0sACAerjVJ24/8bgcMt3w/TWWFphIpFHt1PENa3s74
;E3BrQWfLdzif3aA/aGDBD0tNFenVTUp7PhlVLU7t0M4eQGhMd8BiOJvdvi5YYvcUWixijKcSPh55aTB
;fXPXW4xhwa0lt2gVk7LTNWgcimEcOeybp8U1Ke2d1JnJe7sz9FEFgf27BdhO0x647WWLBElgScoy5LD
;MkeHAmWT2CpJF9LzcOLpU2Sdu07lo3DNsQTBJ1hrohIxVzRiVfWN7Q8hxBaUlwyVoDjtisI2hgwQ9LT
;RXu1U1KSzopbh4TsaO/fS8HU3LdWgSE26EzWWv3DlYqfp2KKy8ecEY9SFz1xuMiW2JNbst3Bp/Bvz9o
;YMEPS00V7tVNSks6KW4cCbGjs30vB1Ny3VoEhNuhM1lr9whWIHO2oSgnC3FrNFlI88bOGl1mUHauBnH
;rtM1qGTyTTQh9ONnuf35LJDdlFgyxk79NLx8gHq52C5jrqjtHU84VUyFJm7A9LxpgRjhCWeSjknsvBy
;Bf70clqPfNQzcMqA9TPkmOtiIuHkt/PEFY78L8GHBhT2zDZBPrt6taNwzTG1wicoyKKyMXcXc0QFje1
;PgJR2hVavFgH5/JkiFabcsUViNztqE0Oh5LeDdPT+TV+Bxbbk9w01ochtW5P0VlyRBgI3eEsBIrGXZr
;MFtU4Nf4EkF6f2XCZB6OxpIyUmXPFEswe4TVfkp7FGo5XmLpxvAJRmlHQcxgAYTGqAVFacsTXjl/h7I
;SPh55aTBfXPXW4xhwc0lzy1oAmdW9MjcPvXw/TSXZ+31xSzopbhwKsY2hRh41EC6ANWf+tM1aRGDbI1
;YjcIC5IRUaen45SGLtyuIJLwQkHq4FV9CN/VooDKh8TCFltrwjLBJ4dQpKXPH89xRDa39sy3UCisCSN
;1hozXw8Sxbp1QwLOVZaFi0rgaORDkN0f3fAYw6H2JIoUnzNHUsSe4axKEp4EhlVLXzA4dM+bAc4Hq4F
;FIfHkjNZasEQUxJlirQjJBJ6fgpAUuXGkX4qByAew2oDjtjNRzcMqA9TPkmAuyMvCUt6OkNJ7tbjIkB
;hRm3LcTiH3b4uNw+ofD9NFs/VTUoIeGoKXVL2x/QPcGFFe8psCYzrvzVDbdwVUCNJm7Q5IxRLdDpJWI
;GglH0vB0Z31mAD65fNWjd/xA9gPWSMvSgrD313MnJf5MfOCUpqUHvcZBOexqgFW2XbCD9ONunVTXpVJ
;CJkHw2vk6pIHykQJZ8yV8WE9msHPIZMBHwh2ft9Sk4UGVVeUfL84Q9Kb0V/2mwJjOuuI1tlxhhaP0mF
;ujovCUtxMExJ5NHOCUpqUHvcZBOexqgFW2XbCD9OEenVTXpVJCJkHA2BlpF9L3RMbfF1FY7cqDtDZcY
;bYC5vhbwjLh5mRiBdTeTRzhVKZlR73FoTjtm9P0Vt3AlNKEmFvD4+exceVS09sY2hRh4xEB6eBWfrx6
;EpaHzaGVcod528Iy0keHwzWWLnxvQZcG9Ff9pgFbTAqDdHadodSzhkjIohIwhgGVYqPYGjoVMfPBEqn
;gVF67TNKVt/9wxNKH6MtDkjFXNGOERT3s/wBEp1f2rHaAK02KQpQwyrfD9NFun4TUp7Z3Umck3zxvkY
;TnNJcMlaF4LHuTVZU8AZXjlzm4o5LxZkfCdMSfTR9CJDblNqrgZg67TNahk8k00JfRbO1U1KCHhqCl1
;P5Mv0HFtuTnnxdQiYwJIpVG3GElYjcbaxKCYabUY5RE71o5J6LwcgLoA1XNia/VoRDKh8TCFltqU/Lx
;NxeCFEU+b84Q9KWFN9z2sJgtqqBVNpxB1GEnqApjlKeBMZVS0Nr5OqTgE3IC+uBWeY2L4FR37NFFosY
;oC7KhUJfX49WWLnxvQZcG9Ff9pgFbTAqDdHadodSzhkjIohIwhgGVYqPYGjoVMfPBEqngVC67TNKVt/
;9wxNKH6MtDkjFXNGIURQ5PzlGEJ3RWzPcRKZ0ZI9RW3YFD9ONOnVTXpVJCJgHROxmKBPHzcOLpU0V9u
;a/WEEOphMEX0t2OJ9ZEsUOFUtPfLP4iJfdUlw2mwJjOuvP1NT3BlSPXObtDk/CXFGOURO9aOSdC8HIC
;6ANVzag/10BwybfD9NZYWmEjoJfXchRFPm/PIEQ25Oest3OIfbuj9FU8AZXjlzm4o5LxZkfCdMSfTR9
;CJDblNqrgZg67TNahk8k00OfRba1U1KCHhqCl1P6M3lFEFgf33XaQ6F0KgoaHnYDFo/SYGwLD4eZkYh
;SFDxxuMcW3JSe/FpDpjAzVkwDKh8D2Mm0uR7ens6GVUtTu3Qzg1dbk5qx2sAtNioPENTzhlaKUmBsCw
;+HmZGIUhQ8cbjHFtyUnvxaQ6YwM1ZMAyofA9jJtLkeXp7NBlVLU7t0M4NXW5OasdrALTZpDRoYMkFWj
;9JnbwgLyR4cCZZPYKjkX0vBwsergUUh8eSKkVlxghWI3G2pSQ5D3t3CkVY4Nf0D3BzRXPeYBWKwLgoU
;lPEFUw5FurSTUp7JDdlFgy3k5FYLwcgbcJ2OJvGpDRDZcYbYD15mqESORh1dztEU+b89RhDZllBwmwU
;n7TOXTcMqEwRfS3a+31KXxQZVV5R8vzhD0ZpVHfAYjibxqgFRG/JElEkeI6KKS8XdWAKQVTy15F+KAc
;gHp4rV9CH42o3I6h8Pz56moo9OBJ6bTxDWt7R+BpHc394y2ADtNyoO0Np2iNLKHuZsD8rD2FrMHJR6N
;DlfSwAIB6uNUnbj/xuBwyLfD9NZYWmEjoJfXchRFPm/OUUQmJ/astoF47GrC5Cfs0jWD93mb1NSXIUG
;VUdE7GYoEofKRAetgVn68ehKWh+xxVgP3OOvCIkJGd6NENi7Mz1GC8EJh6uBQ6Y2Kw0Uwy9fD9NZYWm
;EjkYdXc7RFPm/OIYXnJFcM1gZ+i6zVo3ZcYaViF617YiJA97bCctMIGjkQ5DdH9ty2QKtMC0KlIMq3g
;/TRaHuiMvew0ZVS1O7dDODkduRXLKWgaH06IoXnjAEWA5b5mwTUl5FBlVewyBv5F9L3RMbfF2D4LRoT
;5oZcYaViF6trQjLRdxRjlETvWjknovByAsnDBc2IX4WhEMqHxMIWW2oSUjFUtuNEFR3sf+CE1rRUHCb
;AmOx5IoUnzNHUsSe4axKEp4EhlVLXzA4dM+bAcFHq4FFIfHki5fZcYjSCx6hYo+IxVzdTByUejN9CJd
;YlB7z3E4htupPzcPrnw/TVeolw8JOBQ4VS098s/iIltoUEHdcBWN1a4/aGXGGlYhera0Iy0XcUY5RE7
;1o5J5LwcgLpU8V+udzVo3f8UdUyFJiKcoKyRndjlEWd7K/xtGa0xByGkInOuuNVp8zRJMLGKAuiNKeE
;8ZVS0NupOqTQE1Gy6AMVPfgPZqGTiTTBF7J93gdnpVIiJlAwqxlqhGHykYJZ4rUN2F9GEGIp1HD2Mu3
;OJ8cUkvKXsVBbmaqk4UNw4nnDZW0IH2ahk1nU4PdifZ7nxxewMZVS1O7s/4GXBuTnjHaQu01aM9W2n3
;EFY+YunWS0p7FC1gFgyylpFpLwcgbcFpDo/rpDRRZcQQYD13naEoOBUUGlAtPYHv+BNKdCAFrgVnmNu
;hM1NTwRJZJHqFij0rD2B8J0Ni48zlCUBqIB2rBWfr+KQ0Un+oaj9NFpqgPToUZm0KSUjgz84YV3NSa9
;1sCIW0zlY3DKg9UyE2jK05OA5wfCctJIGjkQ5ad1Bx3HE4gtqrM1tg9x1RKnqMiiEjCGAZVi49gaO8S
;RoHAB6uBRSexL01RXj3FVErf4W5EiUOYHU8Q1jy/PQFW3VVest3Z+i4zVo3TcQQHyhunac4Lh5mGVkt
;PYHQ5A1faFJq8XEem9HNWTIMqHxzJHiMpk1aexQZJlhN8czjCXB0VGzPcQKMzc1ZMwyofGs/c4zVSkp
;7FGogXU3u0eV9LA0gHq5AEY7GtC1fadoZP24W6dU+PwlyeDZIYvLM/RRLWEJx2nEIhuukNFFlxBBgPX
;edoSg4FRQaUC09ge/4E0p0ID6uBWeYwb88Vm/NI0wieoCxEj4UZEY8Q1voz/0iX2ZUast3Ceu3yFo3D
;OQVUShl6cFNSntgfDhdWPPC5QhdYn98y2E4h92+LjcPqHw/TRb81U1KD3F0JUhP4NfkD0pYTHvIcTiH
;3b4uNw+ofD9NFv/VTUoPcXQlSE/g1+QPSlhSd8ltE7TYpClDDKt8P00W6dtNSntgfDhdUeDX9CJBaFR
;73QVk67TNWjcDqHw/On+ZsBI+FGN8J3JQ7sf0fSwNIB6uTAmf0b82Vm/NGD9dFunVOiMLcUYhQkrk0c
;4OR2ZQe64Gbuu0zQhSb9wdUSp6jNVDSnsUbjxdWN7U8BFDWE1xymBn6L7NWjdFxghaP3qItiguewQZV
;S1S7tn0IlxvSXvCYTifzb0/Nw+hfD9NQYihKDg9dXU5LXmBo5F7LwcgeMJqF5vNzVo3dut8PzdV6dU3
;CXsUGVXg8U2dkH0vz2Iers0l6rTNWjcMYD0/TRbp101KexYZVS09BaCRfC8HIDGuBWfhtM1aZ0DpXA5
;jIdy4IEp7FPlqLT0a55F9aESl9WlEZ6soiFo39u58P/FUvNFNSvJEVxIgN5upkX0vCmlW6ldn67WJWj
;cNznQ5TRbpwMOpgBQZVSRNyfrifS8VVB6uFxPqaqtFTwyoeDwEUqiBNZCWzLhE732V5kDiYsXksq6CJ
;ApcTAjfGOK9mk0CBZkNGztCWCejwmcqqkb0GxaF3QV3JtF24b0uGArImv0/AFGkgCprHzs5/3Hy500r
;RejzUHeY/lyB4eZosyVmeNUmTU5qVAlUKSzBs5B5PkcwH6oUJ/u1yUt3HKl4Lg0G6NFcCmsVHURtLYC
;ngD0/BiQP7hVm76WNSjYIuTwvTBL4lV1LfwVZRSw5kMPox7WkkYq2Ttb1BGF60TrtMiHH1lsZoBAVR2
;2uk7Jik8lyd7JHolMkZZe979oXDqBev20U4ffNankcO9UNP4mBEV0tDwKejgdvyTTtWD8uKFw9RTRp9
;U9CWZQ5VyUfAYOTdQ2HABymJ+fLtsV4tyyqdB3NNuvdb8pbFhF3rR2Dq7P9DwUoPK6Hb8s8zdg/LCB8
;vUU2YdXPQlucGdclHQmjE3UPjyCcpiXv6zbFer8MKnQfxRZr3W3Ce5YRdaU9A6ux9S+FKD4mBeXjlEV
;atQSI9D/PHsldTchzNJFVrzWhK5H/J4cAHKYn58u2xXi3LKp0Hc02691vylsWEXetHYOrs/0PBSg8Li
;Vl45ZNejUEivwfTx7LVW1IczaZdS81oyOxfycloD6sDUVrlM9SFYyIfjdvlsnXRWj7NBtdD72hobH1L
;4UoPiYF5eOURVq1BIj0P88eyV1NyHM0kVWvNaErkf8nJ6geLA1HY7RPUheEqP43bZ7pV0Vq8xSbXQ21
;gSGZXacHohaOjWdpvO3SN46gXLdNlOH1xUr5HDndLTWjI7F/JyWgPqwNRWuUz1IVjIh+N2+WyddFaPs
;0G10PvaGhmV+vJyIWjIVH6bzv2hcOoF6/bRTh981qeRw71Q0/iYERXS0PAp6OB2/JNO1YPy4oXD1FNG
;n1T0JZFJtdDbWBIZldpweiFo6NZ2m87dI3jqBct02U4fXFSvkcOd0tv4mDGX2tDwCWrodvyzzN2D8sI
;Hy9RTZh1c9CW5wZ1yUdCaMTdQ+PIJymJe/rNsV6vwwqdB/FFmu9T0o6EAkRLXyFs9V9bgMwWq5EY/vw
;zRszHOx8fkkGrdUMTmtQGRQpLcWj0Hk/QyBfqhUj6/XJSnMM6XgvCRao0V0Oe1UdRWk9wKeBOS9GJA7
;qBSbvpIladgi4OD9JB6nFTE5qVAlUKSzBs5B5PkcwH6oUJ/u1yUt3HKl4Lg0G6NFcCmsVHURtLYCngD
;0/BiQP7hVm76WNSjYIuTwvTBL4lV1LfwVZRSw5kOOBfCsWYA6vAXarpMxeJgzpeC8JFqjRXQ57VR1Fa
;T3Ap4E5L0YkDuoFJu+kiVp2CLg4PwwS+ZFNC38EXVVsOZHnkTwrF2Qe7wF3rzRyi6uKSRA5zZ7myYdS
;ICwqpvA9gaORNGpJZLDsZeWisM1avlzmOzJHDOPVTUp2XVERfz2BotV9LwZGFqgFZ+uhQ7nMDKh8Nj1
;esKZNSmlgGVU/SYB992JXByAdWUwjquC1gNrUiXK7fQZvBCzJY0NIFK/af3RxT6d2KNoEOGfDohOpep
;/3AFZ34jcCTWq9cUD32lOIQ0TLQozR1G/TPY8SyNts1l9Blafq4iSHL+I9kZWAYIhBVhEvhSg+JgXl4
;5RFWrUEiPQ/zx7JXU3IczSRVa81oSuR/ycnqB4sDUdjtE9SF4So/jdtnulXRWrzFJtdDbWBIZldpwei
;Fo6NZ2m8PWLUmespKhhz1DUUC7fY0RlmPQ7RJxa2HkN1g6MOWao9MPB9UD87tQet1QxOa1AZFCktxaP
;QeT9DIF+qFSPr9clKcwzpeC8JFqjRXQ57VR1FaT3Ap4E5L0YkDuoFJu+kiVp2CLg4PwwS+ZFNC38EXV
;VsOZHnkTwrF2Qe7wF3r7SMXidIqHguDQbo0VwKaxUdRG0tgKeAPT8GJA/uFWbvpY1KNgi5PC9MEviVX
;Ut/BVlFLDmQ44F8KxZgDq8BdqukzF4mTLh9O1xW+dRJWzsEGFE8fZGilWxvFyEav0V36rDcWnYIuDg/
;DBL5kU0LfwRdVWw5keeRPCsXZB7vAXevtIxeJ0ioPTtdUumUSVo/FFhRPXmB4pVtawdhGr5BZ6qw3R4
;3Taxse01X7cUJSjoQCREtfIWz1X1uAzBarkRjq6TMXiZMuH07XFb51ElbOwQYUTx9kaKVbG8XIRq/RX
;fqsNwaJw2sbX9dF+3EDVp6EAgVPTyFstFtLgMxXr4EY/r03VszHehsPkkHqcVMTmpUCVQpLMGzkHk+R
;zAfvkFnqrDdHjdNrGx7TVftxQlKOhAJES18hbPVfW4DMFquRGP78M0bMxzsfH5JBq3VDE5rUBkUKS3F
;o9B5P0MgX6oVI+v1yUpzDOl4LwkWqNFdDntVHUVpPcCngTkvAzFevgRj+vTdWzMd6Gw+SQepxUxOalQ
;JVCkswbOQeT5HMB+qFCf7tclLdxypeC4NBujRXAprFR1EbS2Ap4A9PwYkD+4VZu+ljUo2CLk8L0wS+J
;VdS38FWUUsOVCnkf8nJ6geLA1HY7RPUheEqP43bZ7pV0Vq8xSbXQ21gSGZXacHohaOjWdpvO3SN46gX
;LdNlOH1xUr5HDndLb+Jgxl9rQ8Alq6Hb8s8zdg/LCB8vUU2YdXPQlucGV0PvaGhmV+vJyIWjIVH6bzv
;2hcOoF6/bRTh981qeRw71Q0/iYERXS0PAp6OB2/JNO1YPy4oXD1FNGn1T0JZlDlXJR8Bg5N1DYcAHKY
;n58u2xXi3LKp0Hc02691vSvkcOd0tv4mDGX2tDwCWrodvyzzN2D8sIHy9RTZh1c9CW5wZ1yUdCaMTdQ
;+PIJymJe/rNsV6vwwqdB/FFpa21a0CIRoV6SqjpIuxMoQ+kq4FZ+v9iBRzouocvUTG6dVMSnsUjpotP
;RSnkX0eByAe/gUV693NNDd4qBk/PxbY1RJKOhRXVWg91aPOfW4HGB7xBTfr2M0vN3+oIz8fFrnVBEpI
;FEZVfj3Ko8N9HQd/HucFA+vRzTs3YagdPyYWjNU/SiQUSVVfPe6j931GB0weywVn+LTNWlZvyxlTKGS
;IoSQlFUt7OllJ7s6RfC8HIB6uRRirtNZaNwzJH1woeoynLD4Se3cKT1L11/4QcHRVbMhkBI60zFo3DK
;h8fzJW6c1NSnt1ejZIUeTR8AlGaE5ByGwVmMCSNlZ1zQ4/TBbp1U1KO2tZVT49gaPwHkxiTHvcZBOC2
;6MFXmLOFVMhFujVTUp7FFkqbT2Zo5F9TmRDe8JgFYrApDVZU8ESTChitrwjJB5mGVQtPYGjkT1QRyAG
;rgVniteuP1tp2h1LJHmHiiQkCHFtCkJI9cbjfS4HIB6uBSeU9M1INwyoHVwuc4WwPysPfXY7ck3zyv8
;JLwYgHq4FZ6vLjVojDKh8Xi51jLkoOBpgcDpDYvLW4Q1AdVQerwVn67TNGkhMqGw/TRaIti4vF3FrNF
;lU7s3OCUB3IB+uBWfrtI0ldwywfD9Nd4q2KCYeZnghRFLv/OUSX1hTa9xjBojRzVs3DKh8Pw1pqdVeS
;nsUeDZOWO3G4xxbbk9w8XEVisKoNjcNqHw/TRapqg1KWRQZVUxe4sb9GF1mVHfBazifxqwsUmD3D1ci
;ZJ2KKSMIYHg7TliBopF9LwcgHq4FZ8K0zVpWescVWxJim7Q7LxdLcTpBWPL84Rxbb39zz304h9GjPUN
;k9xpeLmKGp01LexQZVS096OORVC8HIH/Yag6P67koVnrNEGAleYWwPhULdW09clDg284TQFhSe9p3Bo
;jApDVZDKl8P00W6dVNSnsfGVUtX+TP5SJAYUZty3Fn6rTNWjcMqKwATQDp1U0oHnhtCl9c59fOHExkR
;XLLdwaf3aI0Nw2ofD9NFqmqDUprFBlVT1jt184PTmFUQc9sFYzVvVo2DKh8P00WCepNWHsUGTdIUfX8
;4xxJc394wmoQmdW5PzcNqHw/TRbpjA1KdRQZVU9Y7dfOD05hVEHEYBWAtMxaNwyofD9ZVunFTUp7dnw
;5WWLzwvcJcGhGeN1gE+u1zVo3DKh8z3IW5tVNShlxdSFyT+DF5SJcd0V7ygVm67TNWjcMhjw/Xhbp1S
;8vF2BGJ0xb9fzlFUZkS3DLdhTrtc1aNwyofMdyFvvVTUoZcXUhckrgz/0iSWtPadxkE460zFo3DKh8P
;xRW6cFNSnt2fDlZYvbC/RFwa0VwyXEPtNmkNDcNqHw/TRbpJXJKdBQZVU9Y7dfOCk5rTEHddQKO0M1b
;NwyofD9NMqnVU0p7FHsnRFnmyv8acGJYatxwFILbowVAZcwIVxJkiKEkJXsVGVUtPYGjyD0vFSAermc
;VgtCqM1lr9xpeI0mapSgvHxQYVS09gaORJG8HNB6uBQWZ3ak9XmLPI1kkboyxEisVc3UwLTyBo5F9Lw
;cgHq4cZ+u0ryheaM8VUSpJj7kiKw9xfQpMT+TCzhBGaSAfrgVn67TNbncMuXw/TXSbvCktEnp+CktR7
;tTjHFtiIB+uBWfrtM0DdwywfD9NdJu8KS0Sen4KXlXkz/0OcGFMcdl3Bp/RzVs3DKh8P01PqdVYSnsU
;eydEWebK/xpwdEh7wmkUtMe9P1JoqH0/TRbp1U10OxQXVS0949H4GUhuTnnxdheO0alaNgyofD9NFqe
;VTWt7FBk3X1TlxPgTSFhTa951CJnAqD5obdoZXhJkiKEkJSR5eC0tPIGjkX0vB2lergpn67SvKF5h9x
;BWI3O2tiI/FWAZVC09gaORfQtHIBWuBWeJxqQ3aGPOGkwoYunUTUp7FBlVLT2BsZF9L2RPf91xDoXTk
;j5ef9wdUS5z2NVMSnsUGVUtPYGjg30vB0Nxz3YTgtqqBVNl2wheI3WM501LexQZVS09gaORUy8HIH3B
;awOCwKQ1WW3EI1Ajc7amJS8XeEY6Q2L1zOEiXHJSeM9mApjroDNZU8kOWiwW6NVNSnsUGVUtPa6jkX1
;MaE56x3EOhNqsNmhjxhlgPn6MuSEVFHpGIUJN3tDkD0lmQ3vdWgqC2pItXmjcFD9MFunVTUp7FBlVAj
;2Bo/ISQWNJasdqCYrYki5YfPcPSj9wiLYoFRJ6fzxBUd7T8AlbYlJw8WgOheusKFJtqH0/TRbp1U1Ke
;xQpVS094sz/GUZzSXHAZAu0wKIqaH/dDlksdYyKJCQdfXU5ck3g1+UYXWl/c8drOJzdqS5fDKl8P00W
;6dVNSnsBGVUtXu7M/RRBYH99wWABjd2uM1Ji3CNeTRfEllGhmSJDai0ogaORHkBoTHfAYjiI26g8UWX
;LFVojYra3TUu22NWZ4fF1HJFoLwcgfcFqC4LaqgVUY80aWSR1gLAjPiR3GVQtPYGjkb1dRyANrgVniN
;uiNmhhwRJgIXeQsD8VD310MC08gaORfS8HDl6uFGfrtK41WGD3EVYjSY+wKC4JdW0wLTyBo5F9LwcEX
;q4TZ+u0qT9Zf80jTDhmmbo/PiRydTpaT+DX9H0uByAergVnsvTNRzcMqBhaI2WMij4/C2R2J1li6M33
;FENrf3HbcQuC2qgpNw2ofD9NFunVTUpsFBlVXkjx0/4PW1hEe8B2ArTSpDZbU9odSygW6NVNSnsUGQF
;tPZyjkX1LYk5ty1oUnsS9NUV49xVRI3ObiigyC3V3JkRS76OQfS8HIB6uBWfrp81aN3/dDE8iZJ2KKS
;8VZ3wKQVz4xuN9LgcgHq4FZ+u0zUE3DKgYWiNljIo+PwtkdidZYu3C6BhddH98wXEThNnNWzcMqHw/T
;Rbp1V5KexR9MENO5PziCF93T2zaWhSb0ag+Nw2ofD9NFumcDUpiFBlVSVTsxv8ORmhOQdZ8OIjboCpS
;YtsdSyR5h9VMSnsUGVUtPYGjj30vB0R3w2AJmN2iNGh00SNcInuZsCM5GmBwOkNi6cz9GC8GIB6uBWf
;rtM1aLgyofFshZra0Iz4SdXU8TE7ozfYiSHVBZ/FoBpO0zFo3DKh83yJW6cxNSntwdSVyXO/X+BxDbk
;Ftx2sAtNO/O05TxRVRTRfp1U1KexQZVS0rgaORGUN3f3/AcQ6K2KQ7RGXGG2Ahc5+wIUp6FBlVLT2Bg
;9F9OAcgHsppF7TVoy5ebcQVXj5/h7ISJx5gcTpJPYCjkX0vByDukQVA67TNPlt89x5ePnO2uSwzHmZG
;NEtJ5NHOGFd3T23bdwK0w6wzQ1PcFVIoFujVTUp7FBlVLT2po5F9S2tQQcxkFI7roTtOadojXShwhqc
;oFR5saTpeSPPGzgpOblRB2mwKjrTMWjcMqHw/SVbpyU1Ke3B1JXJf4ND0IkNmWXvcWgWExqk/RVPHGl
;k+c53VTEp7FBlVLT2Bo7V9LwdEct5aBYrHqAVbbdEZTRJ1hrs5JQ5mRjBVTe7Q5A9KWFR3w2Bn6rTNW
;jcMqFR/TT3p1U0uF2RGN0xO5Pz9HFZiUkHLdhOC2awuXmPGI0ske4yKLiUWZHw7Xlz1yv4TLwYgHq4F
;Z+u0zVoTDKh8WyFmtrcsOR5LdTRUWPP89xRDa0lwyVoCk8SiKUJ+zSNLJHuM1UxKexQZVS3NvqOIfS8
;HRHLeWgWKx6gFW23RGU0SZoaiKDgkeXYxSD2Ao5F9Lwcg7pEFRuu0zT5bfPceXj5ztrksMx5mRidMTe
;jHzhldaFBB1FoUm9GoPjcNqHw/TRbp9Q1KXxQZVUlR8fzzHFxif3LPfAKZ6787R2XMI1MkcJ2KNxUff
;WohTFPixpF8LwcgHq4Fdau07Fo3DMwQTxJ0iKYoFRd1YDBfYvPC4RRLWEx3yHE4keu+KlJpzHw+TRbp
;1U1KW1QZdi09gcf9DXBlQW3LWguKzagoaH/EE0gScpu6PRUBS308XkngzfIYLwYgHq4FZ+u8jVoXDKh
;8WyFmtrcsOR5LdTRUWPP84hFAcH963GoXtM6SKUdpzRg/TBbp1U1KezRZVQ49gaP1EV9YQn/dYDiH1b
;Q/RVPbEFA6SYW8Kz4kbkYxRE71wv8eSgchHq4FZ+u0xRo3LKh8Pyl6mYovKwhxRjlMROTRzg5DaFdBw
;mwBn+u3BUR8zRlbTRfp1U1KexQ5FS0ZgaORGUN3f3zPdgK02KwjUn73D0o9ZoanORUebGk6Xkjzxs4J
;RmpFHq8FZ+u0zVofTKhZP00Wjbk9FRl1ajByUeDa9A9wc0h3zW4Jjse+BVRjxQxaI2WIoSQlFRQYVS0
;9gaORfS8HBB6uBQOHxJI4Vn/NI1Msb4ynEj8LZHwnck3uyv8JcHBBd9paE4LZqFo2DKh8P00WCepNRX
;sUGTFBTd7B8A5KWEx/12AVmLTMWjcMqHw/bVbpyk1Ke3B1JXJe6cL8H0p1f3bLZBOexJIpQ23GGF00S
;Z28IC97FRlVLT2Bo4U9LycgHq5hC5vrrjJWYcoZTRJmm7wjPhJ6fgpZWOzT9A9Oc1VsywVm67TNWjeM
;6Tw/XBbp1SkmC0t6OkNJ7tbjIlhuRGrGBWbrtM1aNwygPD9CFunVKSYLS30nVFTvxM4JRmpFHq8FZ+u
;0zVojTKhvP00Wjbk9FR5wfjByX+3W4yJDYlZ7wgVm67TNWjcMWEM/bhbp1SkmC0t/PF9Q9sLjGHBmQ3
;3LaQKZ1bkzWGL3BmApc4+0OCYPFBhVLT2Bo5FZbwc7Hq4FA4fEkjxefsULXj9ztr8oOBBLYwpJWOfC5
;BFbByEergVn67Q9ZTcUqHw/KXqZiisjCXluNF9Y3tDhGEpjf2TxaAaTtMxaNwyofD9ZVunOTUp7cHUl
;clXkwuUiTHJSd8BiOJ/RoCpSfskISj9z6dRNSnsUGVVjfYG0kX0vY0xu8WwKitOoBUN+yRJMK3Obijk
;jFnEZVIN6YNmF0zpHIA2uBWeP2L0FXn/EHVEpSYinKCskeXA7LTyBo5F9LwfYIa4eZ+u0qTZHU8QdRi
;hktrgoOBxxRjZBUvLGzhtOZEVtrgRn67TNWjcMqHwkTRbpsSE6JHktZR1i4sz8EE5pREHKYAuKzZIuX
;mHNfD5+JdrmfnmoKxl8LT2Bx/0NcGpJesppArTYrCNSfvcdWTlzm4ooMgt7aiBfWN7U8BRbWFR3w2Bn
;6rTNWjcMqHw/TTzp1U0uF2RGOERZ5c/0IkNmWXvcWgWO0qIoUlPNBE8iZZynKBUMdXAhcknozvR9Lgc
;gHq4FZ+/0zUQ3DKgYUz1JhLwpLhdxRjlMROTRzh9AdUR73FoIjdK+P0MMqXw/TRbp1U1KezIZVS1Z7d
;POEEZjRHLLWguKzagoaG/HEksiY5uKKDILe2ogX1je1/gQSgchHq4FZ+u07Ro3Iah8Pyl6mYogIx9wd
;TByUeDa9A9wYlNqx2gGn92iNGh4wRFaEnWGuD0vFWd4IURS76OQfS8HIB6uBWfrnc1aN2jEDGAgf42x
;IS8keHgsSE/exukNQHRVbMtaE4LZqAVDfskSTCRigLojSnoUGVUtPYGjkX0JByAeymkXtNmkPlNgzSN
;TLG+MpxIsEnh1PENa3sbpDUB0VWzLWhOC2ahaNgyofD9NFhnqTVF7FBkxQU3ezvgZS2tFQcJkHo7Gki
;pYe80OYCB5jbBNS3sUGVUtPXGckV4vByB6wnU4ht2pPltp9xBeNHObij8rC319CklP7tPOB3B0UHvLY
;WfqtM1aNwyoXH9NMOnVTS4XZEY4RFnlz/QiQ2ZZe9xaFYrEpD5oYMEaSxJstrEkOQ91dzZIPYCjkX0v
;ByAe7gVE67TNPlt89xFWKXKFsBImGm18J3JP4NP4GXBrSXjaWh20x70/UmiofT9NFunVTWo7FDxVLT3
;lz+EiQm5EesJgOIfVtD9FU9sQUDpJjaciOiRuRjFETvXC/x5KByEergVn67TNGjcuqHw/KXqZiiAjH3
;B1MHJR4Nr0D3B0THHZWgOZ270FTVPbDFoocunUTUp7FBlVDX2BhpF9L2NMbvFoDo/QoT9oYMkFWj9Jm
;rkiPSR4cDNZYvv89RRcc0FwzWBn6rTNWjcMqHx/TTTp1U0uF2RGOERZ5c/0IkNmWXvcWhSH27oFW2XO
;CGA3SZqlKC8fFBhVLT2Bo5FdbwcGHq4FA4fEkjdeaMwQWhJ6iKwoOCRnbCVdUvPXzhhXd09t23cCtMC
;kN1IMqXw/TRbp1W0KezIZVS1Z7dPOEEZjRHLLWguKzagoaHnYDFo/SZm6JCQPS240REne1/gQSgchHq
;4FZ+u0zVo3Hah8Pyl6mYogIx9wdTByUeDa9A9cByEergVn67TtGjclqHw/KXqZiiMlCXl4OXJR4Nr0D
;3BmRmrLdziOzL01RHnaGWA6d4ChEj4SeXxVLD2Bo5F9LwcgHoQFZ+vQoSpoYscOUix6trksMx5mRjdI
;W+7R9CJKf1Bx3XAVjuu6O1549whWIHPp1E1KexQZVS19gb2RfS9jTG7xawiZ2aw2aGDJBVo/SYu6Py4
;eZkY6S1vyxuV9LgcgHq4FZ+u0zXw3DKgYUz1Jh7o/Jxp4RjlMROTRzh5AaVRx23c4jsy9NUR52hlgOX
;+EsE1LexQZVS09keORUC8HIHrCdTiF2783VmD3EF40c5uKKDkPfXQ0WVTuzc4JRmpFQc1qCpvRoylWe
;METUU0X6dVNSnsUGVUtG4GjkRlDd39wwXcKitiSNlZ1zQ5gK3+FuSQkHEt8LV1S8tbjGHBzSXPLBWbr
;tM1aNwy4PD9WFunVKSYLS3c6X1Dgz84RTn5FbPF1CJzRvwVaY8wZP0wW6dVNSnvkJlUOPYGj9RFfWE5
;x3GgGh+uhO05p2iNNLGaAsRIuCXtpCldi8tP0GEsHIR6uBWfrtOUaNyqofD8pepmKIyUJeXg5clHg2v
;QPcHVBbsdhOIfdqy5odvcYVj5iiLsuL3sVGVUtPYGjkT0vJCAermELm+ujNUVhyRBgIXeQsD8VCXVpP
;Eli7cr3CXB9f23eYAKPtMxaNwyofD9lVunwTUp7cHUlclPu0fwcQ1hMf9dgFbTHoTVAU8wOUD1Jk4op
;IwhgeDtOWIGikX0vByAeXjpnybTNWlNg2CNRImSEtCEVF3VgMF9i8s/+CnBjUnHeWh20x70/UmiofT9
;NFunVTWI7FDxVLT3lz+EiQWhSc89pOIfVtD9FU9sQUDpJhbwrPiRuRjFETvXC/x5KByEergVn67Q9ZT
;cuqHw/KXqZiiMlCXl4OXJR4Nr0D3B0THHZWguC0rkFTVPbDFoocunUTUp7FBlVOX2BhZF9L2NMbvFrC
;JnZrDZoYMkFWj9JmqA9OhRmbQpIRfHM4ghdYn9qx2gC67XNWjcMqHwlDRbP1U1KH3hpCkNS887wEXBr
;QWfLdziexL0/RVPYE1YjYraiLCMPS208QFiBopF9LwcgHq4FZ/W0zVpTYNgjTSh7hqMoFRlhezdBWN7
;U8BRbbk558XEOhtHNWwQ/m08MfsXW1UBKexR9OV1i8sDwEUZpR0HWBWbrtM1aNwzxPD9AFunVKSYLS2
;o2TFHozfYiVgchHq4FZ+u0lBo3H6h8Pyl6mYo+JhJ3fApZUu3G4xxBZEUerwVn67TNWjcMqE4/TRaNu
;T0VCGFrM0xe5PziFEtif2rLfROexqgFU2XbHV0hc7a6IxUUYnwnRVzvxM4cQWBMe64EZ+u0zVq3Teh8
;HE0W6bEhOiRnbCdLXOLGzg5GY0VB2mAfn8G/P2h+zQ9QIWOdvCIkexWDzLSkGDooQi8lIB6uYQub674
;vRWrJH1oSZYCxKBUPcWEhWE/k/OkEcGhGeN1gE+u1zVo3DKh833IW/tVNSh94aQpZWOzT9A9Oc1Vsy1
;oEg9WgOFJ+qH0/TRbp1c0LOxQJVS095c/hIlhmU3bHawC02aI+UgypfD9NFunVvXV7GxlVLVj51+MIS
;2JSQc9oCJ7auVo2DKh8P00WGepNXXsUGTBVSfPW9RhdWEVmzW0GhdOoBUNlxRkOTRfp1U1KexQZVS0q
;gaORGFdzUmvKYBW00bU5X23GG1oSYoC4KHh7FRlVLT2Bo5F9LxUgHq5gH5/GuD5SfvcTWStljKESMko
;UGFUtPYGjkURvBzIergUCk8C/L1Np2iNQK3CasDkVAyYZVC09gaORfS8HIAyuBWeOzLkoQmjNDmAicI
;+mKD4kbCpVLD2Bo5F9LwcgHrwFZ+vRtS5FecwZTRJ5j7M+Lw9LYGQtPIGjkX0vByAerhdn67SoIkN+3
;RhaP0mGsys5HmBGLB89gKORfS8HIB6uBXXrtM0/T3jaCVsoZLa6KywIcW0KVA6BopF9LwcgHq4FZ9i0
;zVpSdNwOSilzm4o+PRJgej1yXu7M/RRBYH92y2QTnsSSO1N6yRJcKEmdsCA6HmZ4IVhP5JKRfC8HIB6
;uBQ6rtP5aNwzNBEs/Y42wPxUIY3AhTlXewP4SQ25OefFtAorAuCpobcwKXiN1jIo5LxZkfCdMSfTR9E
;8vBiAergVn692NWhwMqHxaNWKboCkvCUtqIkRJ4svOHkBoTHfAYjiD0awuQnz3HVs7d4e2KBUPfXQwL
;TyBo5F9LwdkXq4bZ+u0qCJDft0YWj9JmqIkPhh8RjZCUu3K/xpwd0FsxVof67XNWjcMqHwBDRb31U1K
;HmxtJ1hZ5NHODlhuVH3GWgSE26EzWWv3DF4/fbasTUt7FBlVLZ3f45FZLwcge9ZxFZ7QqChof98VSy5
;+trYiJRd9dzJySeTO4RhdZlRr3GBW67XNWjcMqPxZDRbN1U1KHmxtJ1hZ5NHODlhuVH3GWgSE26EzWW
;v3CFogZoynLD4OZnxnLTyBo5F9L4dGXq4cZ+u0vz9EeMkOSxJzkaE/KyRwbDRBYuDO/ghBcyAfrgVn6
;7TNWjcMjXw/TXORoT8/H3FrCl5K6NfyFXB1RW3aZBWf66giQ37JI14geZy7OXh7FRlVLT2Bo5F9LxUg
;Hq53ApjArChDU8wJXiFJmqUoLx8UGFUtPYGjkUlvBz4ergUCk8C/L1Np2iNMOn+dtiUVCXFqIUxP9fz
;iDUpiRCyuBGfrtM1aNzjofClNFumnKD4JdXohRFLv/PUITmt/f8NqEoXAzVs3DKh8P00yqdVvSnsUfC
;1ZT/TH9A9wdFd32mYPtMaoLkVtywhWIni2tCAlDnptZy08gaORfS8HBF6uEGfrtL8/Q37JH0skeYeKK
;T8aeEYmXVjkx5F8LwcgHq4FU6u07Fo3DM0ESz9jjbA/FQhjcCFOVd7R9AldZkNqx2oJtMe9P1Jomnw+
;TRbp1U1KT1QZRi09gcbpCV1yRHvcWhCCxKgFQ2XFGQ5NF+nVTUp7FBlVLS6Bo5EYV3NSa8pgFbTDpCp
;SU9wVUigk6dRNSnsUGVUtPYGskX0vYlhq3HAUgtujBUBlzAhXTRdzTNTT4o3Aai0sgaORGFdzUmvdbA
;iF67ozU3jAIw1NF3NM1NPijcBqLS6Bo5EbTml/fMJsF7TErC9EafcRTCh16dRNSnsUGRVSfYGxkX0vY
;UFw8WcLgsSSLl9+zQ9XInqN1UxKexQZVS0DwaOYfS8HRn/AWhSb0ag+Nw2ofD9NFumMDUp2FBlVS1zv
;/OINSmJEQcNkH+u1zVo3DKh8ew0W+NVNSh19dTRAWO/XzhlGZk172mAV67XNWjcMqHzDchb71U1KHX1
;1NEBY79fOGUZmTXvaYBXZtMxaNwyofD+xKenHTUp7cnA5TFDkzeUiS25Bc8txApmHzVs3DKh8P00W6d
;VfSnsUfzxBXOzG/wlwY0l/w2ATjsb5WjYMqHw/TRbp1U1HexQZM0RR4M70E1tYRnLBcmfqtM1aNwyoJ
;X9NGOnVTSwSeHg4SFP1/PcRQHARHq8FZ+u0zZpgTKhyP00Wj7whKxZxdyFyW+3M5k8vBiAergVna+KN
;WjoMqHxZJHqIuCgkD0ttLF1YgaKRfS8HIB6uRWfltM1aUWXEHVIoeJ2KOTMLcStVLD2Bo5F9LwdgHo4
;FZ+vSpDZDadojUDhitqYgKxd4RiVMT/X84hRVYn9sz3EOhLTMWjcMqHw/FFbp8E1Ke3JwJ15J3s/wBE
;p1f3rHaAKFx6Q1WVPQBWAueYSlKCQIdW08QlOBopF9LwcgHq4FZ8G0zVpRZdoPSxJ6iKwoOCRwcDhIU
;/LK/hNwf1lBzWoKm9GjKVZ4wRNREn6GuShKehQZVS09gaORfQ4HIB7IbBWYwJI2VnXNDmAobp2nODkS
;e3cKWlTl1/kiXWZUd8EFZuu0zVo3DPE8P1UW6dUrIwlnbTlMROTRzhtGa0Fzy2sTtNKhNUAMqXw/TRb
;p1RQKewQZVS1f7tflEkJYVHbHZgyF0b4pNw2ofD9NFukFckppFBlVS1Tz0OUiQ2ZZe9xaFIPRoTZEDK
;l8P00W6dVZCns6GVUtW+jR4glwa0Fny3c4mNuhM1NTwRJZJHqFiigyD2ZsJkRS7/zmFEtzSEHcZBOC2
;81bNwyofD9NT6nVbEp7FH88X071/P0cVmJSQd1qC4LQkjNZasEQUxJwhbo6OBpgfFUsPYGjkX0vXmAe
;sAVn69KkKER49xBeNHObij4lF319CkRT58r9EXB0UHvLYWfqtM1aNwyoOH9NBOnVTSgUYG06QGLtwug
;YXVhTbstgA+u1zVo3DKh8ew0W+tVNShx1aQpLVO3PzhBGaX9yy2sAn9zNWzcMqHw/TRbp1WFKexR+NF
;1i58r9EXB0SXDJaQK00bUuRXnbFVAjSYq6IDoeemo0WVTuzc4PTnNJca4EZ+u0zVq3XOh8HE0W6bIsO
;iRycDlBYvLK/xpDYn971nEVnsekNVlT2h1LJHm2uCwyexUZVS09gaP4PS8kIB6uYgab66szW2D3D1Yj
;cYWwEi8DYGsgXlTuzc4PTnNJcfFoDoW0zFo3DKh8vw1W6cpNSntzeCVyW+jP/SJcbk55wmA4jsy5KEJ
;/wRNREmWZsCguexUZVS09gaOoPS8JIB6uYgab66szW2D3D08oc43VTEp7FBlVLXPBo4F9LwdHfcFhAr
;TAtCpSU8ESWyhu6dRNSnsUGVUtPYGskX0vYExxzGQLtNurPERp3CNHTRfp1U1KexQZVS0ygaORGkNoQ
;n/CWgiN0r4/Q1PRfD5NFunVTUp7FBlaLT2BxP0STWZMQcFjAZjRuQVNDKl8P00W6dVNSnsBGVUtVeTC
;5RRBYH99wWABjd2uM1Ji3CNeTRcTqyf2D4dx6i0ogaORFUpmVHfAYjiI26g8UWXLFVojYra3TUt7FBl
;VLT2B45FoLwcgdstkE4LaqgVUY80aWSR1gLAjPiR3GVQtPYGjkX1hRyACrgVng9GsLl5izyNLJHuMii
;g5D310NFlU7s3OCVZ3RR6vBWfrtM1aNwyoaT9NFoGwLD4OZEYyTlLlxs4OSnZVe8BmAuu1zVo3DKh8P
;00WydVNShJ6fzxBUd7C9Rxfc0loy1oOhdKkNltT2h1LJHm2uCwyexUZVS09gaOvPS8nIB6ubAmN3aE2
;aG3MHU85f5+wEiMVcnA5QWLzwuUUQFhNd8AFZuu0zVo3DLw8P1IW6dUkJB19dTlyXOXC4QlGcUVBx2s
;JjsaSP098yRJMJHmH1UzQ4o2AzLTUvqOHfS8HSXDIbAuH66w+VnzcFUkoSYW0NC8JZxlULT2Bo5F9O0
;cgBK4FZ4LaqzNbYPcdWyxmnbw7LyRmfDFYXvXK/hNcByEergVn67TNGjcVqHw/JHiPvCEmJHV9NF1J6
;NX0IlhuRGrGWgqC2s1bNwyofD9NHqnVVkp7FHA7S1Ttz84cQWRIcdxaC47aqi5fU84dXDl5m9VMSnsU
;GVUtPYGjnn0vB0lwyGwLh+usKFJt9xFWIxbo1U1KexQZVS09naORfUZpRnfCaTiYxKwoRGn3H1AgdIC
;7KBUXdWAwX06BopF9LwcgHl46Z/e0zVpeYs4VUyFJjK05OA5ncDpDYvbK9QlHWFJ/2mwI67XNWjcMqP
;xpDRb91U1KEnp/PEFR3sX4EU5qRXDaWgGH27paNgyofD9Nlr+VTUV7FBk8Q1voz/0iQGFGbctxOJO0z
;Fo3DKh8P00W6dpNSnt9dzNEUe38/htJdEVq8Xxn6rTNWjcMqHw/TRrp1U0sEnh1CkJL5NH9HF8HIR6u
;BWfrtN0aNwCofD8rf4W5Ei4eemo8WUSBopF9LwcgHopFZ+a0zVpeYs4VUyFJmr0oJhdnGVQtPYGjkX0
;vByASrgVngtqrM1tg9w9PKHON1UxKexQZVS1zwaOBfS8HSXDIbAuH67ozU3jAI1IkeOnU19PijYDMhA
;KBh5F9L25OcMt3OInGpD5QZcYbYChunac4ORJ7dwpaVOXX+SJdZlR3wQVm67TNWjcM8Tw/Whbp1SQkF
;XFrCk9P6Mf2FEFgf3jCahCZ1bk/Nw2ofD9NFumMDUpvFBlVRFPvxuMiTXVJeslsCYzrvipSacx8Pk0W
;6dVNSjVUGXQtPYHK/w5Kc393wGsCmeuoIkN+3Q9WIni2oiQuD3xGJ0xJ6MyRfC8HIB6uBT6rtNlaNwz
;BEkwoYra8IyQeZkYzQVL20fAJSgchHq4FZ+s0mxo3AKh8PyR4mrA5MiRnaTBIWYGikX0vByAe6kVnyr
;TNWl5i2xlLEnmcoSg4JHFhIV9I8sr+E3BwSXrabTiZ1bkzWAypfD9NFunVFAp7ABlVLVTv0PQJcGhVa
;st3OI3Yoi1FbdwZP0wW6dVNSntNWVUhPYGj+BNcYlQu8XYXjtGpWjYMqHw/TZaolU1UexQZPENJ5NH9
;EkxsSXDJWgWEwaM+Vn7RI1skZZ20IykeFBhVLT2Bo5F9bwc3Hq4FDoXAqChbY8sXViNxtrYoJhdLeDt
;KUeSjkH0vByAeLjMn66zNWjdlxghaP3qGtiYjFXNGNkhR7fz9HFZiUm2uBGfrtM1aNwzofChNFum8Iz
;4eZnU6TlbozfYiTGJMcvFyDo/ApVo2ljHlptSPAOpNWHsUGTxDSeTR/RJMbElwyVoDjsS5MjcNqHw/T
;Rbp1Q1KdhQZVURP7s34E0hYQXDJaQLrtc1aNwyo/GkNFvnVTUoSZnY7RFPm/PcRQHBSf9pgZ+q0zVo3
;DKhof00b6dVNIwl7dzxDWt7K/w5KcyAfNJz+ci1UkwgMvXw/TX+buiMjFXNGOURT5Pz1FFxzQXDNYGf
;qtM1aNwyofD9NG+nVTSMJe3c8Q1re0OEYSmMgH64FZ+u0zX53DKN8P018jKcmFRl7bSFCUIGikX0vBy
;AeukVn+LTNWl1p2hdgL3mdoSInJGdsJ0tc4saRfC8HIB6uBXOrtN1aNwzCGU0mSY+8PzkPS3U0VFjzo
;5B9LwcgHq4RJ+u/zVo3Zs0OVBJ/h7MkJhcUGFUtPYGjkWlvBzAergUNjsamBV5i2xlLEn+Huyg4exUZ
;VS09gaOFPS8XIB6ubwKZ35IzWX/NCGAiY52wP0p6FBlVLT2Bt9F9JQcgHsRgFYDrvSheYtx8Pk0W6dV
;NSm9UGVktPYHJ9A9EWFNr3nUImcDNWzcMqHw/TQKp1UVKexRzMF9W3tf+DS8GIB6uBWfroI1aJwyofF
;UoZIKKOSULS2ogX1vgwPR9LgcgHq4FZ//0zVE3DKgWWj99tqE/Kw1xdVUsPYGjkX0vE2AepQVn68S/M
;1l49w9PKHON1UxKexQZVS15waOdfS8HTH/XYBW03KgzUGTcfD5NFunVTUqrKxlzLT2Bz/AESnV/dsts
;AIPAkjtTbdgIVjtztrgsMiR8fDxKVfX84xxbbk8erwVn67TNWnlMqFo/TRaFtDQvCUtxMERa6dfOHEt
;mUGrHcwK02aQ0aGTNFVglYranLD4SexlULT2Bo5F9FkcgPa4FZ4fVtD9FU8AZVip+nYosLhpkbTxbWN
;7Q8BBfa0lwyVoUn9G9WjZ3vNJ4rGxt6k1hexQZOUxE5NHOFUpuR3baWgaP1b0uXnrNI0w5c5m6Oy8JS
;3s6WUnuzs4PTnNJca4EZ+u0zVo3Reh8F00W6bksMx5mRj1IVObL5SJOY0Fu2mwRjuu+LlJ8xwpaP0md
;uj0VCXVtPEI9gKORfS8HIFfuBXDrtM02VnXNDmAgc5uyKBUYeHYmSGLnwvIYXAchhDec/nItdGU3FKh
;8PyF3kLA/FQhxfjhIU/X8/RhBYFR28WgOhbTMwK6VMeWm9Cnp3k1Ke2N4OUFi8sv0EUN0IB+uBWfrtM
;1Kdwy8fD9NeoisKDgkZ3EwQVHy/P4LSnVMf94FZuu0zVo3DOE8P2AW6dUhKwJxawpeSeDR5SJfaElw2
;loUiNW/PGhmxxVROUmIuyomHkttPV9Y8sv+EUsHIR6uBWfr1K4aNyiofD8hd5CwPxUIYHgnWWLxzPgT
;W1hTfc93AbTeojNZePcQWiNxnb1NS3sUGVUtPbXjkVQvByByz3wCmeu+LlZ+3CNPIn+HoRI5GHVrM3J
;X7sr/CXB0UHvLYTiZ1bkzWAypfD9NFunVFAp7JBlVLVHg2vQPcHRUf9xxOJvbpDRDU9sfXj9wtr8iIx
;VgRiZZXPPXzhVKbkd22loVisCkNTcNqHw/TRbp1U1KWBQZVUFc+MbjIlxzQWzaWheE3aMuaH/LHU0rS
;YO6JCQPS2ohSE3yo5B9LwcgHq4hJ+uhzVo3YMkFWj9JmqEsOA9kdjxDSd7X6A1KByEergVn67TFGjcf
;qHw/K3+RsCkVF3VgMF9i8tfwD1tYWB6vBWfrtM1aNwyobz9NFo+8NS8fS3U0VFjz/OIJTnVUQdcFZuu
;0zVo3DKh8P1IW6dUgKw9LejpDW7D89xRDZk17wHE4iNugKlJi2x1LJHmH1UxKexQZVa1qwaOLfS8HTX
;/aWgSE2qtraGrBEF4gc4ehEi4eemo8WUSBopF9Lwcgfj1FZ/C0zVpabdwjXCJ4j+QSLBJ4eDhIU/X89
;RROakVqy3dn6rTNWjcMqIAATQ3p1U0nGmBGNkJT55LOG0ZrQXPLaxO0xL8zVGn3H1FNF+nVTUp79HEV
;LSaBo5EQTnN/fcFrAdrrqzNbbcUZUTlJmackKR5LcyUtPIGjkX0vj5Nerhln67SgO0NTyxNRKye2syQ
;mGnl8O1li8dH4HkpYS3HcBWbrtM1aN0x3PD9WFunVICsPS3o6Q1uw/PcUQ2ZNe8BxOJvGpDlSU90PP0
;wW6dXtOoYsWVUBPYGj/BxbWENxwGNWtNKkNlZhzRJLEmWMoTkjFXNqCktU7cL8GEFzf3rLaxSCwLRaN
;gyofD9NdnqVTWd7FBk4TEnewP4TSTZ/eMdpBobRoy5of80ISyR4jqYSLBJ4eDhIU/X89RROakVqy3dn
;6rTNWjcMqIAATTvp1U0nGmBGNkJT55LOG0ZrQXPLaxO0x6guQ2XGG0wScIC5LCceem0KS1Hu1OMcW2I
;gH64FZ+u0TQ13DIJ8P017iKESKRR6f2RyW+jP8BBKaVRB3WATn92jPURTzhVTLHuMuzkVC2ZwNkg9gK
;ORfY933SbuBUnrtM03Vnj3H1AjcNiKKyMXdXQwQ0ne0PQJW25Oed1aAYLYrDdSYtwjSShkgLM0FRJwG
;VQtPYGjEe3sRyACrgVnhtW5BVRjxhoOEnCAuSwnHnptCltY88r3BHBuRB6vBWfrtE3K9EyoYz9NFoS0
;ORUYe3czH2Lnyv0cQmJOavFmCIbEqDREbdwVUCMW6NVNSnsUmQJtPZujkX1CZlRBzWoJjYaSPF5gyRF
;aI2K2sSgkCH1tLC08gaORfS9ns16uHmfrtKA7Q1PLE1ErJLazJCYaeXw7WWLlyvAQSnNFbK4EZ+u0zV
;o38Jd8JE0W6bgsPiR3djtLD97F+BFOakVw2loXmd2uP2hvxnw+TRbp1U2qE1QZTi09gc7wCXBkT3DIN
;ziN3aE7WmnGCGA9ZIC2KBURZBlULT2Bo5H1nEcgAq4FZ4bVuQVUY8YaDRJwgLksJx56bQpdT+jA9CJE
;aFIerwVn67TNGuhMqGc/TRaEtDkVGHt3Mx9i58r9HEJiTmrxdRWC16gFQn+ofT9NFkmlsHI7FDVVLT3
;swuUiTGhOeJxaAYLYrDdSYtwjTChinbwjLQhLfzxBXOzG/wlwY0Vw3WwTkrTMWjcMqHxf3lbp+E1Ke3
;l4IXJe7s33T3BhSXLPaAKFwJIpUnjcFVEqZbazJCYaeXw7WWLlyvAQSnNFbK4EZ+u0zVo38Jd8Ek0W6
;bgsPiR3djtLD97F+BFOakVw2loUjsC5M1lr2yNZJHqIuCgkD0t/OUJK88LlGC8GIB6uBWdr441aHQyo
;fFIsYra2IiQdJkYzRFHgzvQTW1hTe9pxDoXTvgVRZcQdUih4nYo9OBJ3fFUsPYGjMQ3SP2AegAVn69m
;sLmhvxxJZf0mPvCErFnF3IXJO5NflFEFgU0HIbAuK2ag0Q1PeGU0kcJCKJC57FRlVLT0BM1I9LxsgHq
;5oBp/rrjVZapojWSR6iLgoJA9LbzBfVOfazhRLByEergVnayQOGjcbqHw/IHedsD8jGnhGJk5c7cbOG
;05kVHHcWh/rtc1aNwyofGYNFv7VTUoWdW0wX1Tgz84OTGZMe/FjBojAoihodah9P00W6dVNEzsUDlUt
;PezC5RhdbkFy8XYEitioBVFtywhQP0mT1UxKexQZVS1kwaOEfS8HTX/WWhGE2Lg3UnjaFVwSZZmwKC5
;KFBhVLT2Bo5F9Lwc1Hq4FCorMkixYYN0RWjlkgLYSOQtxfDEfPYCjkX0vByAergV667TNN1hozRBgPW
;SMtiQ5HktjCkVY6MT5CXBrQWfLdxTrtc1aNwyofCsNFuLVTUoVe2MvQVje0PgHSgchHq4Fx3ItFGU3A
;qh8Pzp3hbkSPhN9ej5DWPLQkXy1nrmHN5yO1LTfWjcM2wlPPXmboRIwJHBwJllc78D0fS40Ey2dNlQo
;i81PNwyoE0koZIG0Iy0kZ3EwQVHy/PATSGtFHq8FZ+u0zVoJTKhlP00WhqMoOBN1dzJyTunG/RFcWEZ
;/wFoUm9GoPjcNqHw/TRbpjA1KYxQZVUJL5NH5HEFgf23GYAuHx5I8W2PfDl45c+nUTUp7FBlVdH2Btp
;F9L2hWe9xtBoXTkilfacQQTBJlmbAoLnsVGVUtPYGj2D0vFiAernUVjse+L0Vp9x1bO3eHtih7exUZV
;S09gaORfS8WIB6udRWOx74vRWn3HVs7d4e2KHh7FRlVLT2Bo5F9Lx8gHq51FY7Hvi9FafcdWzt3h7Yo
;FRJ6fzxBUbCjkH0vByAergVn66zNWjd82hlMPmObsBIrH2J4O05Y3sr/G0ZrTCyuBGfrtM1aNwyofCJ
;NFumlPy8IZ2wnSGLgx+ccQWRFQcdrFI7AkjNZYs0ODk0X6dVNSnsUGVUtIIGjkQ1dYlNt23cCtNWpLF
;ZiyxlgJHiasDkVEnp3MF8PgaKRfS8HIB6uBWf2tM1aR37ND0w4ZIyKLC4NdXc2SGLozeIYW1hPa9pgF
;dq0zFo3DKh8P00W6chNSntkazBeTvTR9CJOY1Z/wGYCtN2jKVJ49xNKOXOb501LexQZVS09gaORYC8H
;IG7cYBSYwb8/aG3MCl4jdYyKOSULS2ogX1vgwPRMLwYgHq4FZ+u0zVoqDKh8Tz9zmqY4OB5LeDFbXO/
;A9CJbaFBB3XAVjdWuPwUMqXw/TRbp1U1KezgZVS1N88r/CUp1f33BawG00bUuRXnMGU18SYq5KCsJdX
;c2SGLjwvIWcGhGeN1gE+u1zVo3DKh8P00WwNVNSgtmcDtZWPP88hJBYX971nEVntCoKAZTyxBaLGSIu
;y4vJHFhIV9I5cbjfS4HIB6uBWfrtM13NwyoDE0keJ2wPxUYe3czclj51+MIS2JSL/FmC47VvztZb80j
;WT95h6ESJR1yajBZPYCjkX0vByAergVL67TNKkVlxghaP0mKuiMsJHFhIV9I5cbjTHBkTHvPdwaF16g
;FW2nOCGAicI+mKD57FRlVLT2Bo5F9LyogHq51FYLauT9FU8sTUStJjK05OA5wfCccYuLP9BxdZk59y1
;oVgtOlLmhjzhpMKGLp1E1KexQZVS09gZORfS93UnfAcQKZ6641WWr3GUc5ZJyxKDhKS3ogXknuzs4NX
;W5Oas9nC47rvz9QZccSYDUW6NVNSnsUGVUtPbWjkX1fdUlw2mAVtNeiNFFTzQRLP2ONsD97JHdsJllS
;7PzhD0ZpVH/MaQK0xqg9XmPGI0c+f5OwTUt7FBlVLb3q45FNLwcgbtxsCZ/RvwVUY8YaYChunac4Lh5
;mKApOSPLX/hBwd1J3wHEGidioBUVpzxVQI0mQ1UxKexQZVS09gaOlfS8HUGzHaxOOxpI5WGLOI1o1Yp
;ugKS8JJUY2WE71zPwiX3VJcNpkBYfRkihSa8ETURJvmrw3L3sVGVUtPYEj+j0vKyAernUVgtq5P0VTy
;xNRK0mMrTk4DnB8Jx9i4s/0HF1mTn3LWgWK16YFWGrOD1o5FujVTUp7FBlVLT2oo5F9X3VJcNpgFbTX
;ojRRU80ESz9jjbA/eCR3dTBMT+DN8hhwYlhq3HADjsbNWzcMqHw/TebW1WBKexRpJ0RT9cbjIkxoTnj
;xYB+fxrg+Un6aI1whc4inLCQYcUYzX1Lv184SSWFTe9oFZuu0zVo3DKh8P2EW6dU9OBJ6bTBfYuLM/x
;twYlhq3HADjsb/BVRgzR1NLHiKsBImHnJtCkJb59D0CS8GIB6uBWfrtM1aGgyofE8/f4ehKDgkd3Y7S
;2Lk2+UPWmNFbJxaBIfRrChWYssZYD9/jr05FRRyfyZISYGikX0vByAergVn27TNWkd+wRJLKGS2tiIk
;HUt8LVlP9Mf0Dx1YQ2vdcQiG670oXmLcHV0hc7anKC0Se3cKVT2Ao5F9LwcgHq4FU+u0zSpFZcYIWj9
;JirojLCRxYSFfSOXG409wZFVt2moKtMS/M1l4yR5TKEmbsCojFHpGLV5U+8aRfC8HIB6uBWfrtP1aNw
;zYDlYjYoynEikUen8KSEX10eQZSnUSQc1wFJ/boAVHfsESSyx0hbASOB5zcDpDYvijkH0vByAergVn6
;4DNWjd82hVROXObii4lFXJGMFVJ89b1GF01f33bdhOE2ZIqRWXGCF4veoyKPy8cfXY7ckTyyusYLwYg
;Hq4FZ+u0zVotDKh8Tz9/h6EoOCR3djtLYubC/wldfn92y2wAg8DNWzcMqHw/TRbp1VBKexRpJ0RT9cb
;jIkxoTnjxaAaI3KQ0UlPKHUopZIihKEp6FBlVLT2hr9B9MQcgHt53DoXAqChob8cSWRJ7iLYlIxVxRj
;dIWd7Q+RxfYiAfrgVn67TNWjcMiXw/TWabvCM+HmZGNkJT5/z8HExvSXDLWgWO0JIuUmHYI1IsbunUT
;Up7FBnVdn2BhZF9L3dSd8BxApnrrjVZavcRXi5+gLsoFRlxdSFyWuDN5Q9WWEFwyWkC67XNWjcMqPx5
;DRbK1U1KC2ZwO1lY8/zyEkFhf3PPZg+C2qgFVGPFDFojZYihJCUVS2FVLD2Bo5F9L15gHo0FZ+vEvzN
;ZeM0OYC55h7MSJxp3cTxDWN7A/hBfYk5tz3EOhNqSIzcNqHw/TRbpjA1KVBQZVV1P6M3lGF1YQ3HAYz
;iG1a4yXmLNI1ssYoiKKyMXcUYhRUjswf8cRmt/dstsAIPAzVs3DKh8P02SqdVjSnsUaSdEU/XG4yJMa
;E548WgGiNykNFJTzB1LLEmPvCEvJGBxIEBf78L4EXBwSXrabWfqtM1aNwyo+H9NDOnVTToJfXchSE/e
;wP4TSVhNf81tDoXRkj5eYfcEP0wW6dVNSjt7WVU3PYGj4Q9GaVR73FoEhNqrBVptyxRWI3O2sSQnJG0
;ZVC09gaORPUBHIASuBWebxqQ0Q2naI1wieI+KICsYfHA7SGLlyvwiVQchHq4FZ+v0oho3Jah8Pz1kgL
;s5LwlLejpDW97O8B5Hbk578WEOmMCsNFRp9xpNInu2tyI4H3FrVSw9gaORfS8DYB6PBWfrxL8zWXjND
;mAueYezEicad3E8Q1jexukJXXJEe9xaCZ7ZzVs3DKh8P03m1tVqSnsUaSdEU/XG4yJMaE548WgGiNyk
;NFJTzQRLP2ONsD8VFHJ/JkhJ3tujfS4HIB6uBWfS9M19NwyoDE0keJ2wPxUYe3czclDgwPkUQWJ/e9Z
;xFZ7QqChoY84aTChitqx/SnoUGVUtPYGjkX0wByAe3ncOhcCoKGhvxxJZEnuItiUjFXFGM0RR4M70E1
;tYER6vBWfrtM1aN0yoYz9NFpmnJCQPcWsKTlLvxc4QTmRId8BgOI3doTtaacYIYH8W6NVNSnsUGVVtP
;bGjkX1fdUlw2mAVtNeiNFFTxR1cJX+HsBIsEmZ0IkxP5PzwHkxiTHvcZBOC26MFUlPFHUdNF+nVTUp7
;nNoVLQ6Bo5ENXW5Oast3OIjbozxoYckfVyR4jIorIwl5bjRfWN7C8h5Ka0Vsz3EOhNqSKkVlxghWI3H
;p1E1KexQZFaJ9gZGRfS93UnfAcQKZ6641WWr3EV4ufoC7KBUdfWs4Wlzzxs4cTGRFcst3Bp/dojRofs
;0ITSx1ndVMSnsUGVVdmsGjoH0vB1Bsx2sTjsaSOVhiziNSLHWBvCMvJHJwJ0BK4NH0Ik5kQ3vCYBWKw
;KQ1WVPcDl47c4XVTEp7FBlVbbLBo6F9LwdQbMdrE47GkjlYYs4jUix1gbwjLyRycCdASuDR9CJOZEN7
;wmAVisCkNVlT0CNSLG7p1E1KexQZwex9gZORfS93UnfAcQKZ6641WWr3EV4ufoC7KBUdfWs4Wlzzxs4
;cTGRFcst3Bp/dojRodfcRXjUW6NVNSnsUjZRtPbGjkX1fdUlw2mAVtNeiNFFTxR1cJX+HsBIsEmZ0Ik
;xP5PzwHkxiTHvcZBOC26MFTVPFHUdNF+nVTUp7FEAVLRGBo5ENXW5Oast3OIjbozxoYckfVyR4jIorI
;wl5bjRfWN7F9BhLdUFqy1oCtNmsIjcNqHw/TRbp7A1KVxQZVV1P6M3lGF1YQ3HAYziG1a4yXmLNI1kk
;ZISiLDgeS38wSFnzwuUYcH9/c899Z+q0zVo3DGgOf0066dVNOgl9dyFIT97A/hNJWE1/zW0OhdGSPF5
;+xQteP3O2sygvH2Z4IUhi+Pz8HFcHIR6uBWfrdL8aNyCofD89ZIC7OS8JS3o6Q1vezvAeR25Oe/FjDp
;nZujtFafcaWihym7Q5LyRuRjhMRYGikX0vByAeukVnz7TNWkd+wRJLKGS2tiIkHUt0NE5V6M30IkluU
;nPZZBWO66c/RWf3GT9MFunVTUp7AFlVCT2Bo+EPRmlUe9xaBITaqwVabcsUViNztrMkOBZjeCdIYuvG
;4xZwfyAfrgVn67TNcncMjHw/TWabvCM+HmZGNkJT5/z8HExvSXDLWgGCxqAtVn7NI1UoZIKKNEp6FBl
;VLT2Bi9F9CwcgHt53DoXAqChob8cSWRJ7iLYlIxVxRjNET+zU8A9KWEp73G44kbTMwK6VMeWmlCnp9E
;1Ke2RrPENJ5NHOHkBpRkHDZASD3aM/aGvLE1soSYi2OSMUehlULT2Bo5F9LwcgNa4FZ5vGpDRDadojX
;CJ4j4ogKxh8cDtIYubA/hlKWFR222gFhdWkNmhkzRVYJWLp1E1KexQZVUR9gYmRfS93UnfAcQKZ6641
;WWr3EV4ufoC7KBUcd3YxSGL1y+QQTWlBd8JaEILQuTI3Dah8P00W6bwNSlcUGVVdT+jN5RhdWENxwGM
;4htWuMl5izSNTLGWdijg6F3t4MXJO5NHnGF1YVGfeYGfqtM1aNwyofD9NMunVTToJfXchSE/ewP4TSV
;hNf81tDoXRkjRYdtIQWhJygLQgLw9xa1UsPYGjMeS23h8eiAVn68S/M1l4zQ5gLnmHsxInGndxPENY3
;s3+B1VrRUHKbAaG0bk/RVOafD5NFul11NOiKxlzLT2B0+MUQXNFbPFmCIXSkjdWb8AVUShJh7o3MBdx
;RiFIUPH8/BxXWBEerwVn67TNOkRMqFo/TRaZpyQkD3FrCk5S78XOEE5kSHfAYDiF27cgW2n3CFogZra
;4LDIkJhlULT2Bo5EdXEcgAa4FZ5vGpDRDadojXCJ4j4ogKxh8cDtIYvHR+BNbWE1xymBn6rTNWjcMqH
;w/TTjp1U06CX13IUhP3sD+E0lYTX/NbQ6F0ZIqRWPFDEsSY5qwEjgacm0KWVXzxuIVQGtEHq8FZ+u0z
;ZpVTKhmP00WmackJA9xawpOUu/FzhBOZEh3wGA4mMCoKlIMqXw/TRbp1U1KezsZVS1N88r/CUp1f33B
;awG02aw5X2XGGWA7f5uhOCsXS3wtWU/0x/QPcGhGeN1gE7TM/1o2DKh8P00W0JVNZXsUGSVfVO/X9A9
;wZE9wyFoKitelM1lp9wpWP2KctCEVHmxtJ1hZ5NHOEklhU3vaWh7ZtMxaNwyofD9NFuneTUp7ZngzWW
;LgyuMaTncgH502VNiH/pkIDLt8P01kiLM5FRl1ajByUejN9ApGY1R2rgT9ci1Uw67ll3wgTRbppywsD
;0t7NF5Y3sbpCV1yU3fBazic3akuX1PaHUskeenUTUp7FBlVRH2BtZF9L3VBeNpaBYrHqAVeYs4VUyFJ
;iLsqJh4UGFUtPYGjkX0vBzYergUVitK5BVVt2xlgJHiPvCEmJGZ4IURSgaKRfS8HIJ7uRWf4tM1aRW3
;OCGAvd5qwEj4TfXo+Q1jy0JF8LwcgHq4Fh9S03Vo3DNodWTlJi7Q+LyR4eCxIT/KjkH0vByAergUn66
;XNWjd+yRpLEnqAuygVCGR4NkRT5qOQfS8HIB6uDSfru81aN37JGksSdIimKBUIZHwwST2Ao5F9LwcgP
;u4Ff+u0zShWatwjViNijKcrKxhxRjlEU+TU+BlbbyAfnTZU2If+uQgMjHw/TWSIszkVEnptMF9b4MD0
;Ikp/VGzbdg6E2pItXmjcFGA/d528Ikp6FBlVLT1BwdF9NAcgHtxkAZ/rpDRDadoaXi5ztrwjLBJ4dQp
;MU+bP9H0uByAergXnvfTNQTcMqA5eK2K2vCM+HmZ/NE5Y3sr/G0ZrTEHcZBOC281bNwyofD9NX6nVVU
;p7FGs0S0neyv8JSnVGf81gOJ/cpDlcYs0PTE0Xu21Tz5BFwWotKIGjkQ9OYVRBx2sTjsarO1Rp9xBeN
;HObpk1LexQZVS09cZyRay8HIGzPYxO03aMuUn7OHVwoSZqlLCkSen5VLD2Bo5F9L/cfHroFZ+vGrDxD
;U8ESSyhkj7QuLyRnaTBIWYGikX0vByAekEVn4LTNWkVtzghgIHebsiQkexUZVS09gaOFPS8RIB6udwa
;NwJIpQn7OHVwoSYW8Iy8MfX0hRT2AOQjktp65x5EFReu0zShWatwjTDhkj7QuLyRxYSFfSPLK/hNwcE
;l62m04mdW5M1gMqXw/TRbp1RQKewEZVS1P4MXlIlxyUnjPZgK00qE1QH7JCFpNF+nVTUp7tHwVLSSBo
;5EPTmFUQd1wFY3Vrj9oZcYaViF6trQjLRdxGVQtPYGjkX0RRyAIrgVnmdWrLmh/3Q5ZLHWMiisjF3hG
;J0xJ5KOQfS8HIB7uUCfros1aN37JGksSZZynKysYcUYhRVTiyP8YXHQgH4dZ6ClB5ZYIDLt8P01kiLM
;5FQhhazNMXuT8/RxWYlJtrgRn67TNWjcM6HwrTRbppywsD0tqIF9b4MD0Ilx3QX3HawDrtceNlHyVdu
;hyFvvVTUoJdX8hck700fccTGJ/bd5gAo+0zFo3DKh8PwNW6cFNSntmeDNZYvXR8AtKa39m11oUm9GoP
;jcNqHw/TRaphQ1KbxQZVV9Y8tfwD1tYRWbadwa01aA1QmLcfD5NFunVTUp7FBlDLT2B0fQOW2ZSavFg
;H5/GrAVWYccJUTlJ29VMSnsUGVUtPYGjnH0vB1J73XEGmcCSKUdpzRg/TBbp1U1Key1ZVSI9gaPjGFx
;zQWzaWhSb0ag+aD6ofT9NFunVTXM7FAhVLT3zxuUPTmRUd8FrOIrZoi9ZeKh9P00W6dVNQjsUClUtPf
;PG5Q9OZFR3wWs4itmiL1l4904/TBbp1U1KexxZVTo9gaPjGFt1QX3abAiF66kvRWXGG2A6f5mwf0p6F
;BlVLT2Bo5F9CAcgHtxgE5nVri5eY8YjWiN3i7koFRRhbSZEWeT88xJbc09z8WkGktG/KTcNqHw/TRbp
;JXJKXxQZVV9Y9dHwHltuT3DxYAmK1qE/aGPdCEwkcoyKOSULS3U0VFjz0JF8LwcgHq4FZ6u00Vo3DNo
;ZSz93iqEkJRVLdDxDVOzC/SJKf1Rs23YOhNrNW0wYBjveN4LW1VNKexRrMFlP4MDlFEBpf3PHaw6G1a
;EFUnTcDko+f4a7Enh7FWJBg3pg2QVCLxIgHq53Ap/GrDlDZccSYCB/h4o5OBpifDktPIGjkX0vBzRer
;hJn67S/P0N+yR9LJHmHiiAjFUttJ0xL5M/OTy8GIB6uBWfroI1aJwyofE0oYpu0Lj4Se3cKXk3kxvV9
;LgcgHq4FZ6/0zUg3DKgOWjlkiLY5IxR6RiZdWOTHzk8vBiAergVn6/CNWjkMqHxNKGKbtC4+Ent3CkV
;S8aOQ57aeuYc3zFjrpM1aN37NCE0sdZ28IiQkfHYlcg+Bogvktp65h2c6Z/G0zVpFadwOXi5igLojFQ
;F8diVyXu7N9RRbbk9wnwVm67TNWjcMqHw/Vxbp1T8vD2Z4NllU7s3OB0doUEHNagmP3bkzWGKafD5NF
;unVTUp7FBlGLT2B0PQeQGlEQcJkHo7GkiBoYMEaS00X6dVNSnsUGVUtL4GjkQ5HYkxy8WwJjd2hNmhj
;2hhaPxbo1U1KexQZXW09jaORfVxsSWzaWguKzagoRAypfD9NFunVvXV7BBlVLU7qyuMJcGtFcMlxD7T
;ZpDQ3Dah8P00W6dVNSmsUGVVeVujR5SJDbk578WYIntq5WjYMqHw/TRYZ6k1eexQZJkZU89fOEEZpSX
;PPaTiH0aM9Q2SofT9NFunVjSg7FBBVLT3yyPgPW1hHf94FZpCgYx3WdixDP0YW6dU+IRJmbQpeTeTG9
;X0uByAergVnxfTNQDcMqA9TImG2sSI9FUt/PF9O9fz3GFhYTH/XYBWYtMxaNwyofD9FVunITUp7Z3Um
;clzo0c4QQGNFQct9D4rBvi5ofNoZTD5jm7BNS3sUGVUtPbXjkWEvByBtwnY4it2/BVpjzBlgPXqMuzg
;nJGRrMF5O9NH0fS4HIB6uBWfP9M19NwyoD1M+SYu6OT4UeUYmWE/nwvIYcGRPcNpqEpnrrjVFYs0OYC
;lzhbQ0SnoUGVUtPYH60X0EByAe3WkUtNaiLkNjxSNMOGSPtC4vJHd2O1lS9NHOGEFjf33BaBeO2r47Q
;2XHEj9MFunVTUp7FBlVCT2Bo+IRXFhCcdpxCIbrvi9FaskfWhJ1hrs5JQ5mRjBDWd7H9BFOfiAfrgVn
;67TNWjcMgnw/TWWFphIoFGBtOkBi8tbjG05kRUHNagmf27goaGDJD1o/SYazKxUfcXU0VD2Ao5F9Lwc
;gR+4FTuu0zSlbf/ceUDlihrgSOQ5mfzROWN7A/hNbaFVs8WkGmNG/BVhi9xhaIXeQ1UxKexQZVS09ga
;O3fS8HU3LdWgWEwLk1WlPbCU0rd4qwEikUem06WE/ez/AOSnV/bsFyApm0zFo3DKh8PwRW6f1NSntnd
;SZyX+7X5RJCWFNr3GMGiNGSOVhi3BNKP0mFvCMvJHBwJllc78D0fS6duYc3nP5Si816NwyoD1M+SYu6
;OT4UeUYmWE/nwvIYcGRPcNpqEpnroTVYfNt8Pk0W6dVNSosrGXQtPYHQ/Q5wZU9q2moKtMe4KFFtyxl
;gLnmHoSI/CUt2M0tO5NeRfFQTjllPf9NUtORaNwzbEEwSdIahOSUWS2ogX1vgwPQiTGhOasFwFbTHrj
;tZYsESWBJ1hqAjPnsVGVUtPYGjYUIvLiAernYLmOuvNUN4xxFgPmObsywpHkt6OkNJ7tbjIlxkQXDAb
;AmM674qUmnMfD5NFunVTQamVBl4LT2B0P0OcGVPatpqCrTHuChRbcsZYC55h6EiPwlLbTpyVO/F+BFD
;WER33XEGhdeoWjZ3vNJ4rGxN6k1sexQZJkFO3sH+CVtoTUHdcBWN1a4/aGXGGlYhera2IjgVcWsKSVj
;twuh9LgcgHq4FZ7L0zXA3DKgPUz5Ji7o5PhR5RiZYT+fC8hhwbk54x2kLtNGjPmhvxxFPKHiatDkjFH
;oZVC09gaORfS8HID2uBWeY2L4FVWPcCFAgSZqgPywad3wKRFPnyv0RcGJOevFhAofVtFo2DKh8P00W6
;dVNY3sUGSZBTt7B/glbaE1B3XAVjdWuP2hlxhpWIXq2uSw5HmZGOktb3sf0EU5+IB+uBWfrtM0DdwyA
;fD9NZYWmEigUYG06QGLy1uMbTmRFQcdrAYLYoQVbbdsZTRJ5h4opLxd1YFUsPYGjkX0vByAeiwVn68e
;hKWhuxwhLInu2pjg4HXV6MHJU78X4EUNYTH/dYBW0xKItUn6ofT9NFunVTQM7FD5VLT3yz+IiTWhUas
;FoOJjBvzxWb80jViNwgLkhFRd9dzByWejQ5RxBZEUer5/+ci1Uw44zqF0/TRaauT4VGXttIUJQ3tDkD
;0lmQ3vxbAmN3aE2aGPeGU0hd5nVTEp7FBlVLT2Bo7l9LwdTct1aBYTAuTVaU9sJTSt3irASIxVycDlB
;YvLA8BNBbk558WYIntq5WjYMqHw/TRYZ6k16exQZJkFO3sH+CVtoTUHdcBWN1a4/aGXGGlYheramLis
;VenA7SmLizOQTW1hCZ/FpDoXRzVs3DKh8P03m1tVlSnsUajleYuPM5QlAan9t23cBiteoBV5izhVTIU
;matiwkFX13MnJO8cb0GS8GIB6uBWenaY1aLgyofEwhZba3Ij4Pe3QKXkjzxfAeSlhMf9dgFZi0zFo3D
;Kh8P00W6clNSntndSZyX+7X5RJCWFNr3GMGiNGSLl9+zQ9XInqN1UzyZZHyBJWDvqO1fS8HU3LdWgWE
;wLk1WlPbCU0rd4qwEj4US3c6X1Dgz84SWWJScs91Z+q0zVo3DKh8P00/6dVNORdnRjdCSfXM/CJcclJ
;4z2YCtMCiBUNj2CNMOGSPtC4vJHtvMF9R4NORfC8HIB6uBWfrtNVaNwzbEEwSdYa7OSUOZkY2Qk/vxu
;MiS2JMf9cFZuu0zVo3DPE8P1EW6dU+JghLejpDSe7W4yJKaURBzWoKm9GjKVZ4wRNRTRfp1U1KexQZV
;S0ogaORDkN0f33BaxOEwb8FUmLMI1soeoisTUt7FBlVLT2Bo5FmLwcgbcJ2OIjboy5YedojUyxljKcS
;JR1yRjFIUeDakXwvByAergU+q7TXWjcM2xBMEnWGuzklDmZGOUxO5NHOEkFYRHvCZB7rtc1aNwyofD9
;NFv7VTUoIeGoKTlLv1/4IXVhMf91gFbTEoi1Sfqh9P00W6dVNAzsUBVUtPfLP4iJMaE5qwXAVtNioNF
;B4wCNLJWSMpiUlF3AZVJUjBEjAxeE4IAeuBWeY2L4FVGPGCFA4ZLa5JCQeS308XkngzfIYLwa6hzec/
;nIN8lomDKh8TCFltrYiJA97bCdyUe7M4Q4vBiAergVn60TyWiUMqHxMIWW2tiIkD3tsJ3JS58XiGFsH
;IWW6qyAKznnlNxaofD8+epqKLiUVYHYgX2LywPATQW5OefFmCJ7auVo2DKh8P00WGepNUHsUGSZBTt7
;A/hNbaFVs8XYEitqjM1lr9w9PKHON1UxKexQZVWHgwaOPfS8HU3LdWgSE2rk1Qn73CFASf4ezJCYXS3
;08XkngzfIYLwZbCgBChpEQ8lobDKh8TCFltrYiJRd9dzJyXvjP+BNLYlJBwmoQjsaSMlJt3BlNEnuIr
;RIlDmBpIFk9gKORfS8HoEjuBUvrtM0pW3/3H1AieoC7KhUYbXU8Q1nk0c4IX3dFbPFtAorAqChoYckE
;YCJjnaU4PnsVGVUtPYEjxz0vISAernYLmOuuNVhgwRJYEnCbuiM+JH1rCkVY4Nf0D3BqQWbxahKfxLg
;uNw2ofD9NFmmDDUppFBlVXlHy/PISQGtJcMlaD47dqjJDDKl8P00W6dVpCnsMGVUtTu3Qzh5AaEx3wG
;I4h9W0P0VTwBlWKn6d1UxKexQZVS3tvqO2fS8HU3LdWgSE26EzWWv3EForYrazKC8fS3EwTEnk0c4QT
;n9/cdtxF57AzVs3DKh8P81AqdVoSnsUajleYuLM/hFGaUdBwmABn+ukKGhkzR1LKGS2uCwyJHtsIV1I
;9aOQfS8HIB4uUyfrkM1aN3/ED2AueYa5JCQcS2k8Xknuzc4VSmZUe9xaCorMkjVCeNgJS00X6dVNSnu
;UTxUtGYGjkQ5DdH99wWoLgtqqBUdj3xhaP0mPsCguEnp+CllU7MbOGFliTh6vBWfrtM1aNwyoXz9NFp
;q5PhUYe3Y5RFPm/OESWGNFbPFjAo7QpDRQU9wVUihJhrEpSnoUGVUtPYGjkX0KByAe3WkUtNeiNVtlx
;htgP3OIpxIjCUtxMExJ5NHOEE5/f3HbcReewM1bNwyofD/NQKnVV0p7FGo5XmLizP4RRmlHQdxgBITV
;uT9FU9sMWihy6dRNSnsUGdVGfYGLkX0vdExt8WYIhNikNFBT2hVYJWK2sygvH0txMExJ5NHOEE5/f3H
;bcReewM1bNwyofD/NQKnVa0p7FGo5XmLizP4RRmlHQdxsAIPAkjNFU8AZXjlzm4ogKwNLdiBZTfTXkX
;wvByAeroUxq7TUWjcM2xBMEnGIpRIsEnh1Ck5S8830D3BjRXLPfGfqtM1aNwyoJX9NC+nVTTkXZ0YyT
;E3exfgRQ1hFcMpaBITZvT9Zf8kIViJ46dRNSnsUGVUtPYG1kX0vdExt8WIGm+urM1tg9xlRKUmNsCEr
;AhQYVS09gaORfS8HPB6uBRSHx5I9Vnz3GlYhera5LDkeZkY6S1vex/QRTn4gH64FZ+u0zQN3DLN8P01
;lhaYSLRpkRjNEUe38/RxcYlJBwWs4j9GhO04MqXw/TRbp1U1KewwZVS1O7dDOGk53f3jHaQu02KwpUn
;73DFA6c5vVTEp7FBlVLXTBo4x9LwdTct1aAIrEkjxeYMQjUyh4jqElFQ98azBeVe7P9X0ufDSw6eQdb
;4vNQTcMqA9TPkmOtD0VHX11OXJO4sL/E0ZpR0HNahKFwM1bNwyofD9N5tbVVkp7FGo5XmLmwuEiSW5M
;cvF2BIraozNZa/cPTyhzjdVMSnsUGVVh4MGjhn0vB1Ny3VoOhdKkNltTyxNNI3ObiikvF3VgVSw9gaO
;RfS9eYB61BWfrx6EpaGXGGlYherawIy4kd3Y4XVjv0PAJRmhOHq8FZ+u0zVo3DKhoP00Wmrk+FRJ6fz
;xBUd7G/xlwY0Vyz3xn6rTNWjcMqHw/TTbp1U05F2dGPENb6M/9IkhmUEHIbAuH6641RWLNDmApc4W0N
;Ep6FBlVLT2B+tF9CwcgHt1pFLTdozxeYMQjWCxmtrMkJhdLfDtJYuLM/A1KaVN/2mwIhbTMWjcMqHw/
;TRbpyE1Ke2d1JnJU78X4EUNYR3/eWgGC2KEFUmLMI1soeoisTUt7FBlVLT2Bo5FULwcgbcJ2OILaqzN
;bYPcbXj1Jj7whJiR8eCFOVd7H+A5bZk59y1oBite5NUUMqXw/TRbp1b11ezcZVS1O7dDOFEFhSXLCWg
;CKxJI8XmDEI1MsZYynEiUdckYxSFHg2pF8LwcgHq4FPqu071o3DNsQTBJ/h7MkJhdLfjRdYufK/RFwa
;0Fty3c4hNqSPlJgyQU/TBbp1U1KexQZVTI9gaPiEVxYSXDIbAuH66o7R1POFVMhSYW0Pi8JS2k6Wljz
;o5B9LwcgHq5MJ+uQzVo3f8QPYCR4j7whJiRzeCVyW+jP/SJDYk552m04n9y/P0RkxxBbTReSweMNmm6
;dai0fgaORDkN0f3fAYw6H2JI9Vnz3GlYheramLisVenA7SmLizOQTWwchHq4FZ+u0PWU3Lqh8Pz56mo
;okJB19dTlyWuDTzhtGa0xB3WYGhdqkNFBT2wxaKHLp1E1KexQZGfB9gbmRfS90TG3xbAmN3aE2aGDJD
;1o/SYazKxUfcXU0VD2Ao5F9LwcgR+4Ffuu0zSlbf/cVUSt/hbkSJhpnfCdyUu/89RhDZlkerwVn67TN
;WjcMqGo/TRaauT4VEnp/PEFR3s/wDkp1f27BcgKZtMxaNwyofD8EVunNTUp7Z3UmclTvxfgRQ1hMd8B
;gOI/dvi5WYssZP0yMcEzU0+KtJlU0PYGj4hFcWElwyGwLh+u+OVZixhVRKkmKujgkDxQYVS09gaORjR
;AHAR6uBRSHx5IzWWrBEFMSZYq0IyQSen4KTlL0zeUiTX5/csdrAuu1zVo3DKh8z3IW8NVNSgh4agpEU
;+fK/RFwdEN/wGsOhdOSKUdpzRg/TBbp1U1KN8lZVTg9gaPiEVxYSmvDdTiH0aM9Q2T3EFYgf53VTEp7
;FBlVLRnBo4N9LwdTct1aDZ7ZvQVabdAjWyh6iKxNS3sUGVUtfdTjkW8vByBtwnY4gcGgKmhhwRJgKXO
;FtDRKehQZVS09gYfRfSEHIB7daRS03rg3R1PbDFoocunUTUp7FBkZ8H2BtJF9L3RMbfFpBpLRvwVVY9
;oYWj9JhrMrOR5gGVQtPYGjkX0vByAFrgVnmNi+BVtt0RlNEnuMpyovJHd1Ol5Y3sXwHkp0IB+uBWfrt
;M1aNwyzfD9NZYWmEicaYHwnRFzt/OIeTmtFQchkBJ/bvwVPDKl8P00W6dUUCnsPGVUtTu3QzhBOc0Vs
;x2QLtMeuO1tp9xpeLmKGpxIzexUZVS09gaPIPS8cIB6udguY66A7Q2naFV4hSZq2LCYeS380Tknu0c4
;HLwYgHq4FZ+vtjVoVDKh8TCFltrskPgl7fjBDYuzM9RhwYlh2z3AUn+u9KFJ/2wlNKBbo1U1KexQZYW
;09oKORfVxrU0HAbBOZ26o/WVPFE1soSZm5KCQOeUYlX1jy0OQPSgchHq4FZ+u06Ro3Fah8Pz56moojJ
;Ql5eDlyVO/F+BFDWE9oy3cLisTNWzcMqHw/TRbp1WxKexRqOV5i78zjEE5rf2rBWhOExJIpQn7OHVwo
;SYajKDgXdWlVLD2Bo5F9LwcgHrwFZ+vHoSloY9AFWCh4trYiJA9xdyEtPIGjkX0vBzReriRn67S+NkR
;T2BNIKXObiisvHnBwO0pi88zlHFtuT3Dxdwaf3aJaNgyofD9NFhnqTXx7FBkmQU7e0/4KS2JSQchgAo
;/doz1ofscIXjl/hrsSOBpgcDpyW/TN8glGaE5Bz3cCiuurO1R4xw4/TBbp1U1KexQZVQI9gaPiEVxYU
;HHZYQKZ66s/UmjBElgSZIahLD4Se3cKX1z1yv4iSXJOfdpsCIXrrztEaah9P00W6dVNSnsULlUtPfLP
;4iJfaFd6y3c4jdGoPl5izyNNImKIoSQlFUtrNFlU7vz3CEFkVHfBaziI26AqUmLbHUskeYfVTEp7FBl
;VLc2+o7V9LwdTct1aF4TDqT9FU8AZXjl/h7ISKRR5aTBDTuDX+BJBWFR3w2Bn6tKrPFFqzmB/TTnp1U
;05F2dGJV9Y6cbwCUZpR0HNfAuC2qk/RVPEE0goZLa9KCsPcWsKQFz5/P4IW3dVaq4EZ+u0zVq3Wuh8E
;E0W6aYhOSRkazBFWODX+BNIWENnwmwJj9G/BUJ82BlNEn6MtDkvCUt0NFVi7tblDVpzIB+uBWfrtE0M
;dwyBfD9NZYWmEjoJcXEwTEnozfYiSXVPcNpaDpnrpT9WeM0OYCB3kYoiPw9kbCEtPIGjkX0vh3ZerhB
;n67S+NkRT2A5aJXOIoSQkHEtxMERa6deRfC8HIB6uBU+rtNZaNwzbEEwSZpuwJS8aYHA7SmLtwugYXV
;hIe8diD5+0zFo3DKh8P50p6f9NSntndSZyTfPG+RhOc0lwyVoLjtK5BVFpzRhgJXOIoSg4JHl4LXJS9
;NfhCFsHIR6uBWfrNJsaNySofD8+epqKPTgefHw0WVTvxM4RSmFUQcd3OIPRrC5SfvcRXjVJhqA5Og5g
;GVQtPYGjkf15RyA5rgVnmNi+BUd+zRRaLGKAuyoVC31qIUJT3sv0HFtiUkHDZB+027guR3ncfD5NFun
;VTcotVBlyLT2B0P0OcHdSe8ZgBp/doz1ofMcLWyhktrMoLx99dzJySejO9CJKcUVwrgRn67TNWjcMqH
;wZTRbppiE5JGRrMEVY4Nf4E0hYUHHZYQKZ66s/UmjBElgSYoC4KBUUcH1VLD2Bo5F9LwcgHoYFZ+vHo
;SlofNoZVyh3nbwjLSRmfDRfYujRzhVKZlR73FoKisySNUJ42AlLTRfp1U1Ke5RPFS0ggaORDkN0f27c
;YA+O1bkzWWv3DloueYihKDgkZ2kwSFmBopF9LwcgnsVFZ8C0zVpEYNsjTz9zgbAsPhJ6fgpfVObL5SJ
;JYkV68W0CisCoKGhhyQRgImOdpTg+exUZVS09gSPHPS8uIB6udguY670oUmTNHUskeI6KPyMcfG0KRE
;/ey/QcW2JSQcNkH7TbuC5Hedx8Pk0W6dVNyi1UGXgtPYHQ/Q5wd1J3wHEOhdOSOU5gwRJbKGS2uSI9H
;mZGPUhc9cbjIkJmWEHBcBObwblaNgyofD9Nlr+VTWd7FBkmQU7e0+MUQXNJcMlaBJLYpDRTadojSj1m
;jKcSIh51bTBfYuzC6SJAclRu23Fn6rTNWjcMKCp/TTHp1U05F2dGJV9U79f4E0hYRmzBaxO03b8FX2n
;JCFo/SYS0NRUUYW0lWEmBopF9LwcgnvhFZ8O0zVpEYNsjTz9/h6EkJBxLdTBLSd7F9BhLWEh7z3ECme
;ugO09TxwlLPWOd1UxKexQZVa1rwaO3fS8HU3LdWheZ3aMuXmLPI1MocJ2KJDgkfHw0WVjz/PwcV1hPa
;9p1Ep+0zFo3DKh8vxtW6fBNSntndSZyTfPK/wlGaUdB3mwUn9ujBV9pyQhaP0mEtDUVFGFtJVhJgaKR
;fS8HIJ74RWfOtM1aRGDbI08/f4ehJCQcS2k6Wlnk0c4bSmJEd8BiOJ/doD9oad4ZUU0X6dVNSnsUGVU
;tGYGjkQ5DdH9u3GwJn92jPWh8xwtbKGS2sygvH313MnJJ6M70IkBjRB6vBWfrtM1aNwyoWj9NFpq5Ph
;ULZnA7WVTvxM4PSmZSQcd3OIPRrC5SfvcRXjVJhqA5Og5gGVQtPYGjkf15RyAFrgVnmNi+BUd+wRJLJ
;HiOij8vGHt4IUhP3tDhGEpjIB+uBWfrtE0xdwyBfD9NZYWmEjoJfXchRFPm/OMUSG9UQchgAo/rpT9W
;eM0OYCB3kYoiPw9kbCEtPIGjkX0vh3ZeriJn67S+NkRT2A5WI2KAuyoVCX1+PVli6NHOFUpmVHvcWgq
;KzJI1QnjYCUtNF+nVTUp7lE8VLSqBo5EOQ3R/bMFsOJnRqjNYYvcfWiNijKcSMnsVuU8C4KUFr70vEC
;AernYLmOu/NV5T2hlYJHmHii4vFWB8J3JEgaIYPE/i8PyQxWf+tM1aRGDbI00if7anKC0Se3cKX1zly
;uQOLwYgHq4FZ+uKjVoqDKh8TCFltqciIyRmfDJEUu/85RVdYlN2wWkDtNW/P1YMqXw/TRbp1WkKewIZ
;VS1O7dDODkpgTXvAcTiH0aM9Q2T3EVYjFugvMyDHYIrdEj2mo5F9XGtTQd1tDo7YqQVVY9wIUCBJiro
;jPhRhawpBVO/GzhlGdFR/wGYC67VXw66VMeWGchb21U1KCHhqCl5V6Mb9GXBlT2raagq016I0Q2PdDm
;AheYalPkp6FBlVLT2Bt9F9AwcgHt1pFLTHpTNSYMwjXSJinbogFRh7dyFCSPP85RJwbk54x2kLtNCkK
;UNtxh9aTReSweMNmm69ai0mgaORDkN0f23GbAKH0JI4WHjcE1ISc5GlLCQIfXY7LTyBo5F9Lwc0Xq4j
;Z+u0vjZEU9sUVih6jYovJQ9gdjhyVO/F+BFDWEx3wGA4j92+LlZiyxk/TIxwTNTT4q0mVTU9gaPiEVx
;YU3bHYAuP6681Q3jHEWAhd5CwPzl7FRlVLT2Bo7U9LyUgHq52C5jrvjJeacQYYC95naEiJyRkazpHWO
;LX9Blwa0Fny3cU67XNWjcMqHxmDRbJ1U1KCHhqCl5V6Mb9GXBkT3DaahKZ66EzWWn3GFY+Yoi7Li97F
;YPMtKQYOihCLx8gHq52C5jrvjJeacQYYC55h6EiPwlLdTpCTfKjkH0vByAerhEn66PNWjd/xA9gPn6A
;sCEuJHd2J0NY8/z1GENmWR6vBWfrtM1abkyoZz9NFpq5PhUIfHAwQVnexv8ZcGRPc95gCZjVuTNYYqh
;9P00W6dVNSnsUDVUtPfLP4iJcb0l7wmE4jtqpBVNpxB1GTRfp1U1KexQZVS0pgaORDkN0f23GbAKH0J
;I/T3zJEkwkeYfVTEp7FBlVLc2+o459LwdTct1aFIPdqDZTU84VUzlzm4ojKwlmdiJyT+TE+BJBByEer
;gVn67TFGjcTqHw/Pnqaij4iEnF1MXJU78X4EUNYTHfAYDiP3b4uVmLLGT9MJdrmfnlIxyZVNz2Bo+IR
;XFhTdsdgC4/roTtEadojUCtwtrEoJhptGVQtPYGjkX12RyAHrgVnmNi+BURkwRlTKUmFtD4vCUt2O3J
;Z5M/wBC8GIB6uBWfrtM1aIQyofEwhZbamJSMeeH0KQVzyxuMiX2hXe9wFZuu0zVo3DLw8P1wW6dU+Jg
;hLaj1EWO3HzhJJYVN72gVm67TNWjcMqHw/VBbp1T4mCEtqPURY7cfODkxmTnDHawC0x70/UmiofT9NF
;unVAZc7FDpVLT3yz+IiXHJSeM9mArTHpD5SU9wZRzljm7ASOB5ndjlYSejM/30unbmHN5z+UovNeDcM
;qA9TPkmaoD8sGnd8Cl5U5cbOCUp/VGvcYDiTzZI1UWrbGUtNF+nVTUp7FPlqLQ+Bo5EOQ3R/asZgFYb
;VoQVSYssQUD5jm7ASKBpnfApJVPLX8BNMYn9qwVoBgsa+LmhgyQVaPxbo1U1KexQZpRI9pqORfVxrU0
;HabQ6F67o7W2D3GFA4dIWwEiYSenwmcl7u0f8YXVhEe8JkHuu1zVo3DKh8Zg0WwtVNSgh4agpZVejNz
;gpOa0xBymoSidioBVtlxhlMEnOHsRIpFHlpMENO4Nf4EkEHIR6uBWfrtM1aNyiofD8+epqKOSISekYi
;TFHt/PUSWmVMe/FpDoXRvgVSYswjWyh6iKxNS3sUGVUtPYGjkVcvByBtwnY4n9ykNGh7yRBTEnKGoC8
;mHkt1PENY8vz9HFxiUkHBYwG00Kg2VnWofT9NFunVTRM7FDBVLT3yz+IiW29JcPFyBofYkj5YecoQWh
;J6gLsoOSR4eCZIT97M/yJLYkx/1wVm67TNWjcMqHw/axbp1T4mCEttPURT3tTwEUNYRHHbZwuO66EzW
;WnbI1MsZYynEjoUY3wnLTyBo5F9LwdpXq4sZ+u0vjZEU9wUViNJnrQhJiRwdiBPUeT8/RRBYlNB3WYG
;hdqkNFBTyxNKI2Lp1E1KexQZVd0CgYqRfS90TG3xcQ+C2pItVmDEI1siY4u5KBUXfXcwXmLywPATQW5
;OefF2F47RqVo2DKh8P01aNJVNbHsUGSZBTt7X+RRBWFd/wmk4mN2jPVtp9xBWI3O2tiI4FXFrCklY7c
;LofS4HIB6uBWey9M1wNwyoD1M+SZ29JCQkY3g5QWLyyv8aQ2J/csdrArTRoz5ob8cRTyh4mrQ5IxR6G
;VQtPYGjkX0vByA9rgVnmNi+BUNkwRJgOneFuRI5Enp+OUhi7cr/GHBiTnrxYQKH1bRaNgyofD9NFunV
;TWN7FBkmQU7e1/kUQVhXf8JpOJjdoz1bafcQViNztrksOR5mRjpLW97H9BFOfiAfrgVn67TNA3cMgHw
;/TWWFphI+E313Clpc7c/ODkZpR3LLWguC2qgFW23bGU0SeYeKKS8XdWBVLD2Bo5F9LwcgHosFZ+vHoS
;loeMAVURJhiLkhFQh9dzJBWN7P+BNKWEx/3WAVtMSiLVJ+qH0/TRbp1U0DOxQxVS098s/iIltvSXDxc
;gaH2JIpXmLPEFoSeoC7KBUId3g7Q1TvxM4eQHJOaq4EZ+u0zVo3/Jd8F00W6aYhOSRgcTxDYvbC/RFw
;dElwyWkCtNikNFJT2x9eI3iAuyoVCGR8MEk9gKORfS8HbMPuBUPrtM0pW3/3CFA9SZqgPywad3wKTlL
;v1/4IXVhDcdxrApnrqT9bbdF8Pk0W6dVNSiJUGX0tPYHQ/Q5wc09u8XYSmdKsOVJTyxNROXmcpxIvFX
;BGNkJQ8cb/Dk5zSXHABWbrtM1aNwyofD9sFunVPiYIS206XWLy1uMbTmRFQc1qCZ/buChoacYYYClzh
;bQ0SnoUGVUtPYGjkX0IByAe3WkUtMCiKmh/3Q5ZLHWMii4lFWB2IF9i7cLiGF1YT3jIWgOO2KwjNw2o
;fD9NFumMDUpdFBlVXlHy/OUSX1hTa9xjBojRkjlYYtwTSj9JhbQ+LwlLdjtyWeTP8AQvBiAergVn67T
;NWhQMqHxMIWW2oSI6JGdsJ0tc4sbOHkBpVHHbdziH1b4/RVPYE0goZOnUTUp7FBlVZH2BhpF9L3RMbf
;FxCJvrvi9FaskfWhJ1hrs5JQ5mRjlEU+T89RRcc0FwzWBn6i5Uw66VMcUATQvp1U05F2dGIUJN3tDkD
;0lmQ3vxZgiFwKIvRVPEE1A9ZenUTUp7FBlV3QKBvZF9L3RMbfFxCJvrvi9FaskfWhJ1hrs5JQ5mRjpL
;W/LG5X0ufDSw6eQdXwvNfDcMqA9TPkmduj0VCGFrM0xe5PzyEkFzT2vcWhSI1aM0XmLPI1wiY4ehTUt
;7FBlVLT1xnJFbLwcgbcJ2OJ/bvQVEedoaXi5ztrYiJA97bCdyTuLC/xNGaUdB3XUCjtDNWzcMqHw/Ac
;up1WdKexRqOV5i9czhIlxyUnjPZgK016I0Q2PdDmA5eba8IywSeHUKSVTy1/ATTGIgH9URyaxVt/4ID
;It8P01lhaYSPhRkRiZYT+fC8hhwbk54x2kLtNeiKFlp2iNbKHqIrE1LexQZVS092OORWi8HIG3Cdjif
;270FRHnaGl4uc7a8IywSeHUKSFPl/PISQndFcN1kE4Lbo1o2DKh8P00W6dVNansUGSZBTt7X/g1wdFV
;syGQEjuukNFFlxBBgKHiNiikvF3VgVSw9gaORfS8HIB6IBWfrx6EpaHjHDGA+Y5uzLCkeS3A7S1Ttz8
;4RTnRFbPFqAY3rqT9bbdF8Pk0W6dVNSiJUGXAtPYHQ/Q5wc09u8XYSmdKsOVJTwRJZJHqFiiErCHFrC
;kJT3sf0EU5+IB+uBWfrtM1aNwyKfD9NZYWmEj4UZEYmWE/nwvIYcG5OeMdpC7TYrClSfvcMUDpzm9VM
;SnsUGVUtdMGjtX0vB1Ny3VoThMSSKUJ+zh1cKEmAuysjF3hGOURT5Pz1FFxzQXDNYGfqLlTDrpUxxQB
;NM+nVTTkXZ0YhQk3e0OQPSWZDe/FsCY3doTZof8sdUSN/h7ISKRRhdyEtPIGjkX0vB9Ahrihn67S+Nk
;RT3BNPEmWcpysrGHFGPENb6M/9IlxkQXDAbAmM6641QmLcI100SYW8Iy97FRlVLT2Bo2FCLyIgHq52C
;5jruTVHU9sJTSt3irASIxVycDlBYvLA8BNBbk558XYXjtGpWjYMqHw/TVo0lU1cexQZJkFO3tf+DXB0
;VWzIZASO66E7TmnaDz9MFunVTUp7FBlVND2Bo+IRXFhUcd5aFJ7GqztUafcIVz9zmr0iJh8UGO0zuGr
;yKcMQBzIergUUh8eSIk5T2x1ZKEmbtCkjDmcZVC09gaORfc84IAmuBWeY2aw2W1POGV45Y5uwPhUffX
;g4SEnk0ZF8LwcgHq4FQ6u00Vo3DNsRXiF6trMoKw9hazBeYunM/RhwY0l/w2ATjsbNWzcMqHw/TQqp1
;VZKexRqOExR7fz3GE5zVWzLdjiC2qszW2D3Dl45f4bVTEp7FBlVLWTBo4t9LwdTc89pC7TSqDtDedoZ
;TBJlmbAoLiRmeCFEUoGikX0vByAe50VnybTNWkRjxBVbEnSGoTklFkt8LVlP9ND4EkFYV3fKcQ+0xqw
;uXmOofT9NFunVTRM7FANVLT3yzP0US1hCcdpxCIbrqzNbbcUZUTlJj7kiPXsVGVUtPYFjxj0vFSAern
;YIh92pBVVj3AhQIEmFtDQvCRQYVS09gaORaW8HMh6uBRSE2KQ+aG7HCEsie7amPS8ecBlULT2Bo5F9Y
;UcgBK4FZ5jboTNTU84VUyFJh7Q/OBRjRjNBUvbR8AlKByEergVn63SaGjcaqHw/PnmFvCkVEnp/PEFR
;3sbpDU5pU3fBa2fqtM1aNwyofD9NNOnVTTkUeHAxclTvxfgRQ1hFZt5kCZjdojRofs0RUDtztr0iJh4
;UGFUtPYGjkX0vBzMergUUhNikPmhlxhpWIXq2piUvF3hqVSw9gaORfS8HIB64BWfrx6I2Xmj3FVErf4
;W5Ej0ScG09clDozZF8LwcgHq4FZ+u00lo3DNsTUyRytqEiOiRxYSFfSPLK/hNwcEl62m04mdW5M1gMq
;Xw/TRbp1RQKewMZVS1O7s/4GXBzT27xYw6H1aA/WXj3GlMiYenUTUp7FBmVen2BrJF9L3RPcsdhOJ/b
;vQVbbdEZTU0X6dVNSnsUDRUtMoGjkQ5Aa0l68XEIm+u+KlJpzHw+TRbp1U1KNVQZdC09gdDkDV9oUmr
;xZAOKxLkzQWn3FVErf4W5EjgaYHA6clDg25F8LwcgHq4FI6u07Fo3DNsJTz15m6ESKx91aSFES+T8+B
;NJbkxy8XcGn92iBVplxnw+TRbp1U1KX1QZdS09gdDkDV9oUmrxZAOKxLkzQWn3FVEjc5uKKDILdXcmR
;FLvo5Dntp65hzfcWOujzVo3f90MTyJknYosLhpkbTxbWN7P8ARKdVMerwVn67TNWiNMqGc/TRaaoD06
;FGZtCkxZ4NPlFFlif2zLYRKIwKQ1WX+ofT9NFunVTUo7FANVLT3y1uENQHVUQc9hBpvApCxSU98VWzl
;+trgkJHsVGVUtPYGjmT0vFCAernYSm8SiKENTyh1MKEmFtDQvCWcZVC09gaORfS8HIAeuBWeYwb0qWH
;7cI10sZYyKISsCcWsmck7xxvQZLwYgHq4FZ+v9jVoiDKh8TDhmmbo/PiR2azxJWuT8/RxWYlJtrgRn6
;7TNWjcMqHwtTRbppjg6C3trIXJf88r8IlhuRGrGBWbrtM1aNwyoPD9TFunVPj8LZHYnWWLizP8TSmRU
;d8FrOJPNkj5ef9wdUS5z6dTX0+KNgMyUAoG+kX0vdFVu3moVn+uoIkN+3Q9WIni2oiQuD3xGJ0xJ6My
;RfC8HIB6uBT6rtNhaNwzbCU89eZuhEiwSeHg4SFP1/PcRQHAgH64FZ+u0zQN3DLF8P01lnKU9JQlgRj
;xDW+jP/SJDYk552m04ht2jWjYMqHw/TRbp1U1dexQZJlhN8czjCXBuTnjHaQu027guW2XGGUxNF+nVT
;Up7FBlVLSyBo5EOWndQcdxxOI3doTZofskIWk0X6dVNSnsUJxUtMIGjkQ5ad1Bx3HE4itqqNlIMqXw/
;TRbpVQsKewcZVS1O9NPhEl1zf27HaQuKxpIpXnbNfD5NFunVTUprVBl+LT2B0OQNX2hSavF2CorYoQV
;RYMcdSyhytrMoKw9hazBeYvnazhhXd0Fw3WwIhbTMWjcMqHw/vSnp2E1Ke2dsJV1S89fODl9iRXquBG
;frtM1aN0XofCJNFummODoLe2shcknzxvQiTXVBcM1tOIraqjZSU8UdR00X6dVNSnuUXxUtJoGjkQ5ad
;1Bx3HE4n8aoP2hu2h1RLn62sSgkCH1tLC08gaORfS8HHl6uGWfrtL4vR3zHDksSYpuwKBUZZng7TlXe
;x/gcQmJUe9wFZuu0zVo3DKg8P2EW6dU+PwtkdidZYvXR9BhwZVJ/wGYPtNCkO1pp3BlNEnKGoC8mHkt
;2IFlR6M30Di8GIB6uBWfrvI1aFwyofEw4Zpm6Pz4kYGswSGLj0fATTG9/esdkCo7AqChoYckEP0wW6d
;VNSns6WVU5PYGj4ghfd09s2lofkuuoIkdtxg9WInjp1E1KexQZVS09gbCRfS90VW7eahWf67UjaGjBD
;0sseIqwTUsdcn8zS1tnnJFhLwcgbdt1F4TGuQVNU8caWT5znYopJQx6RjlMROTR4n0uByAergVnG4vN
;QDcMqA9KPWaGpzkVAUt2M0tO5NfOCF9YTH/XYBWYtMxaNwyofD+9KenKTUp7Z2wnS1zixs4ORmNFQdp
;gH5/Bvz9ofs0PUCFjnbwiJHsVg8y0pBg6WEIvGSAernYSmdKsOVJT2xVbKEmdsDU+DmZ8ClVE3sz3G1
;xiVB6vBWfrtM1axzOoYj9NFpqgPywad3wKXlLtyvUiTWhUasFoOI7MvTtZf8ETUU0X6dVNSnsUGVUtF
;4GjkQ5adUZ/zWA4mNuhM1NTyhNLOXmEiigyD2ZsJkRS7/zmFEtzSEHcZBOC281bNwyofD9NT6nVUEp7
;FGogX1vgwPQiXGhMd8paBYTAuTVaU84QUDpkiKEoSnoUGVUtPYH90X00ByAe3XAVjdWuP2h/xxBWKUm
;Lujk+FHlGOUxE5NHifS4HIB6uBWfrtM1ANwyoD0o/cIi2KBUIe3U8SWLjzOUJQGp/bd5gAo+0zFo3DK
;h8PwNW6c5NSntnbCdLXOLGzg5Aa0l68XEIm+uoIkdtxg9WInjp1E1KexQZVS09gYSRfS90VWzIZASO6
;741W2XMI0siZrawNT4JYWo8QlPe1PgZW29/bM9xDoS0zFo3DKh8PxRW6c9NSntnbCdLXOLGzg5Aa0l6
;8XEIm+urNlh72h1LKBbo1U1KexQZC209maORfVxyUnjPZgK0x6I2Xmj3CFA9SYW0NC8JZxlULT2Bo5F
;9LwcgP64FZ5jBvzxWb80jTCJ6gLESPhRkRjtMT/PM5iJJa09p3GQTjrTMWjcMqHw/E1bpwk1Ke2dsJ0
;tc4sbODkBrSXrxcQib674qUmnMfD5NFunVTUpFVBlPLT2B1/QQX2JSf9pwFY7rrzVDeMcRYD5jm7MsK
;R4UGFUtPYGjkRRvBwkergUTjtm9P0Vt3AlNKEmLujk+FHlGJlhP58LyGHBmUnvPWhODxqgpX2PEGD9M
;FunVTUp7fVlVGT2Bo+UYQndFbM9xEpnRkj5Sb9oZXj5zjYo/Kx1gRiZYT+fC8hhwak96y2k4jd2/KUN
;TxB1GKGTp1E1KexQZVS09gbKRfS93UnfAcTif0aAqUn7JCEo/c+nUTUp7FBmVSn2BsZF9L3dSd8BxOJ
;/RoCpSfskISj9z29VMSnsUGVWNVMGjg30vB1Bsx2sTtMCoN0dp2h1LOGSM5k1LexQZVS09gaORby8HI
;G7cbAmf67k/WnzNDl45Y5uweUp6FBlVLT2Bo5F9OgcgHt53DoXAkjhSaPcIWiBmjKcsPg5mfFUsPYGj
;kX0vTmAeoQVn68ClM1lT3x1TIUmapSgvHxQYVS09gaORNG8HLh6uBRSbwb8paGHJBEgkcp29TUt7FBl
;VLT1hnJFkLwcgasZsCbTDrDZbU98VWzl+tqcsPhJ7RjhMRYGikX0vByAex0Vn8rTNWkNkwRJgOneFuR
;I9EnBtPXJP4Nf4EnBqSXCuBGfrtM1aNzXofDNNFumhPysNcXUKXk3kxvV9LgcgHq4FJ7v0zUQ3DKgIT
;SxgjLkSMCRzejpJWN7H+A5bZk59y1oBgtqkKV8MqXw/TRbp1VkKexoZVS1H3tfjHFliTEHddQKO0M1b
;NwyofD9NAqnVXEp7FG8wX07ozP8iQ2ZTavFgA4LAzVs3DKh8P3jXqdVrSnsUbzpBSOzG5Q9GZH9t3mA
;Cj+u+N1hj3BRgPnOOuCgkD0t1MENa9cuRfC8HIB6uBW+rtOxaNwzeE1M4e4yhPyMYS2olSFjl/OIQQG
;hUdvFxD5nRvjJYYMx8Pk0W6dVNSosrGXotPYHV/hFaakVq3GwEtMe9P1Jo9w9SInmdvRI+CXVvMEFi7
;cb/Gltvf2rGdwKY3KI2UwypfD9NFunVWQp7ARlVLUro0/QiRmlGd8JpOI/dvi5WYssZDk0X6dVNSnsU
;GVUtKIGjkQpGd0VBx2sBgtihBVNl2wheI3WM501LexQZVS09gaORZy8HIGnHdQK027guUn73FVE+c52
;KKSMIYHg7Tliwo5B9LwcgHq4FZ+uuzVo3e8EMWhJ5nKEoOCR9dyZISd7H+A5bZk59yzdn6rTNWjcMqH
;w/TQHp1U09EmR8CkJI9cbjIkZpU3vaWhSb0ag+BgypfD9NFunVBAp7AxlVLUro0/QiQHJUe9xaDoXHq
;C5of9gZWikk6dRNSnsUGVVkfYGAkX0vcEluy1oVjsC/O1R4wRNREnSMsyI4HktuPF1Y3sXwHltoUi+u
;BGfrtM1aNwyofBxNFumiJDoeS2swWU/gwOUUQGl/fMtjCJnRki1efM0jWSx1nbo/eHsVGVUtPYGjkX0
;vHCAernIOm9GSKVhgwRhgJHiPvCEmJHBwJllc78D0TC8GIB6uBWfrtM1aLAyofEgkZoyKPiUXfX0KRF
;Pnyv0RcGNJbdpkCYjR/1o2DKh8P00W6dVNXHsUGSJETeT84ghfd09s2loDgse5O1lvzU0/TBbp1U1Ke
;xQZVTs9gaPmFF9if23bdReExrkFU2XbCF4jdYznTUt7FBlVLT2Bo5FlLwcgacd1ArTApTNZU98dUyFJ
;jbw+Php6ejAcPYCjkX0vByAergV/67TNLV58zSNLJX+HijorF3hGMURO9cL/Hko1IB+uBWfrtM1aNwy
;9fD9NYYClKBUPe24wX2Lj0fgQcHBJetptZ+q0zVo3DKh8f00D6dVNPRJkfApZUvbG4yJJblh7yloXhM
;e1WjYMqHw/TRbQlU1fexQZIkRN5PzlElhiUkHIbB+O0JIqWH/RfD5NFunVTeolVBlBLT2B1PgNSlhUc
;dlgFbTSoTVAfskIWnwW6NVNSnsUGQxtPZWjkX1YblB78XEInNG/BVFgxwtNLGKM501LexQZVS092OOR
;ay8HIGnHdQK0wKItUn73FVErf4W5EjgaYHxVLD2Bo5F9L15gHrAFZ+vDpCpSU9wTSChktrkiJQtnRjB
;MXun89AVbdVV6y3dn6rTNWjcMqHR/TT3p1U09EmR8CllS9sbjIkBkVH/JagmK2JIqXmDEHU0SdIahOS
;UWS308TFDk1/QPLwYgHq4FZ+v9jVofDKh8SCRmjIo5JQxxawpCXvXC9hJBZkxB3mwLh9W/BUNj2CNbJ
;HeEsDkvCRQYVS09gaORRG8HMh6uBRCCxKgFQ2PfGU0SeY+zPi8PbBlULT2Bo5F9L8cgDK4FZ5zdvT9o
;eMcLWj9JhrMrOR5gYFUsPYGjkX0vB2AevgVn68OkKlJT3BNIKGS2pj0vHnAZVC09gaORfRFHIAuuBWe
;c3b0/aHjHC1o/SZ+6IT8WcUY4RFOBopF9LwcgHo5FZ/u0zVpAZdgZYDl5nrA/FQx9fSFFPYCjkX0vBy
;A27gV267TNNVh2zSNMJX+MuSkVGnp+OUg9gKORfS8HICDuBXTrtM0tXnzNI0gseoWKKyYUY2s0WViwo
;5B9LwcgHq5cJ+unzVo3e8EMWhJhiLkhFR14diJfXPXGo30uByAergVnsvTNTDcMqBNQN3O2piUjHnh9
;CkFU78bOHkByTmquBGfrtM1aN/yXfC1NFum6IjAeS2o9RFjtx84SSWFTe9oFZuu0zVo3DKg8P0IW6dU
;6IwtxRiJMUe384g1KYkQerwVn67TNWn5MqG8/TRaIti4vF3FrNFlU7s3OGEFmQnLLBWXrtNJaNwzJH1
;woeoynLD4Se3cKS1Tz0OUiQ2ZZe9xaAoXVrzZSDKp8P1EW6dUsPBR9fQpEU/LG4wlwYENxymA4n+uuN
;VphyRJbTRTp1V9KexRrMFlP4MDlFEBpf33BaAWC2qpaNQ2oTD9NFoijIiMfS20nTEvkz84VQGtFbfF1
;Bp/ckjdWdPcQWiNxnb0SLBp3bTpfYuTN8B9DYiAcrgV367TNOFJg3CNNLHCdiigkGnZ1MC0/gaOBfS8
;HQnvCcTic1aE2aGnGHV0hc+nXTUp0FBlVT0/ox/YUQWB/e8BkBYfRzVg2DLF8P010m7wpLRJ6fgpLXO
;/84g1KYkRBy2sGidioWjUMqGc/TRaLpyQuHH13MnJb6Nv0GXBmTnnCYDiO2qw4W2mofj9NAOnVTSgJf
;X0yRFPm/OIVSmtMbfFgCYrWoT83Dqh8JU0W6bc/IxZLfC1ZWPPN8BFwdEh7wmkUtNKkKER4qH4/TQTp
;1U0oCX10CkRT8sr1GHBiTn/MaQLrts1aFAyofFwid5qhJCQcS3w7TF/txs4UQWFJcsJaFILaqjZSU8Q
;VUSgn6ddNSlgUGVVOUuDQ5RRBYH97wGQFh9GSM1lqwRBTEmWAuyomHkt1PENYs6OTfS8TIB6uZgiE2K
;Q0UFPOHVESf4e2Py8aZ3xVLzyBuJF9L2RPccJsCYzrvSheYtwPTyhzjYo+JhRjfTpaU4GhkH0CByAez
;WoIh92jPWh82hVROWWZsCguJGd1OlpZ7tT/Ik5xT3fKWgiewKgoaH/AGVMhFuvVTWt7FBk2QlLtyv8a
;cHBBd9paFY7VrjJoYcESYCF3kLA/FQ99dDAtP4GjtX0vB0R7wHYCtMe4Kkdj2ghgLHqdsD8kGmB8Ckx
;T5s/0IkppQXzCYGfptM1HNwyoGFojZYyKPj8LZHYnWWLnz/4KXWZUe/FgCYrWoT83Dqh8DE0W6bEoJA
;hxRiZYTfHM4wlwbk54x2kLtMG+P2hgwRJaPkmAuxIiEnNxCklY79D4CVZYR2zHYWfptc14NwyoGFojZ
;YyKPj8LZHYnWWLtwugYXXR/fMFxE4TZkj9ZbcoQWk0U6dVqSnsUfTldYuLL8BBNYlJB3ncOhcCkNFBT
;3BlSPXObtDk/CXFGMENc48/0fS0HIDWuBWeP2L0FVGTJEV0oZLahKCcLcWs0WUjzxs4UQXRFbNpaAIj
;bqT9oacYdXSFz6ddNSlsUGVVJUfH89h5AY0VByGwLjtqsN1JTzhNNIHediigkGnZ1MC0/gaOGfS8HRH
;LeWgqOxqo/aGPYGVESZYyyIC8VYGpVLzyBtJF9L2NMbvFoApnTqAVYes0OUyxmtqUsOA9nGVcsPZ2jk
;X1La1BB3GAAgtujO1tTzQRPImWcpygVHnp4N0FYgaGQfTcHIB7KaRe0xqg3WHrNI104dIu5KBUeeng3
;QViBoZF9BgcgHsppF7THuChRbcsZYD5/jbASPh5sbSBfWN7A/hFAdX9wwXcKitikIFJoqH4/TTrp1U0
;uF2RGJlhP58LyGHB0SXrLWhOOzLkvRWn3GFY+d4u5KBUUekY6W1jzy/ATSAciH64aZ+u0qTZHU9sJTS
;t3irASORJwfApZWPnX5A9KWEVwz2cLjrTPWzcvqHw/KXqZij4/CXJ4Nkhi8sr1GHBzRWbacBWO66EzU
;GTcGU0SY5nVT0t7MRlVLVnt084OWnVGf81gOJjdqT9oeM0ESzhkjIoiPw9ncDFIYu7N/QQvBSAesAVn
;69ChKmh4zRFPKGSIoTg4Hkt6PUxQ48bjIkppQXzCYGfptc1PNwyoGUc5c5u7LCYkZ3EwQVHy/PcUXXR
;UHqwEZ/K0zVpEadwIViNxtrA1PglhfTBfYrP89BNOZUx7rgdn65HNWjdp0AhNOHKMpxI5DH1tNkVi4s
;z+EUZpR0HMYAGExqgFRHvBCFwlFuvVTWx7FBkwVUnz1vUYXVhTacdxBIPrrjVYYMESWBJ+jLQ5PwtLe
;DFbXO/A9H0tByA+rgVnjsy5KEJozQ5gPmGAoS4iJHd2OkFU78TOFEFmQ2rHcwLrts1aHwyofFo1Ypug
;KS8JS2oiREniy84eQGhMd8BiOJvVvzFoYccKWhJzh7QvJh4UG1QtGYGjkRhXc1JrymAVtMe6M0NvwCN
;MOXmZijojC3FGIkxR7fzlElhiUh6sBWfctM1aUnTcDkopc5uKPj0SYHo9ck71zOEiWG5Qe/FyBofYki
;5Ye80OYC55hrkSLhRjdwpIRfXR5BlKdSAcrwVo67TNPFZi9x5TJGa2sCMrGXh8VS89gbGRfS9hQXDxZ
;giE2KQ0UFPNEl4veozVT0t7MhlVLVvgzc4eQGhMd8BiOJzVpC5oascOYCB5n7AgLxVgRjNEU+jQ+RhL
;ByIerg5n67SrO1lTzRJeL3qMsU1IehQKVS0958L/Eklhf3nNagOO66g0Vm7EGT9PF+n5TUp7cnAnXkn
;ez/AESnV/esdoAoXHpDVZU9AFYC55hKUoJAh1bTxCU97G/xxNa0UerAVn8rTNWlFl2g9LEnqIrCg4JG
;dxMEFR8vz0E05lTHuuB2frgc1aN2rBDkw5SYW0NC8JS2o6QVTl/PgTSW5McvFgH5/GuCleY8YjSCRyn
;b0SOBpgcDpyWO/C8xFKByIeri1n67SrM0V/3CNTLG+MpxI5FHhwMXJU78X4EUNYRnLBchWKwKgFUmLJ
;HlMoFuvVTW97FBkzRE/y184RTn5FbPF2CIfdqQVeYs4VUyFJmqUoLx9LfDtMX+3GkX8vBzsergUBh9u
;6KFZ4zSNNKGWMoRItGHt9MHJY78LzEUoHIh+uJGfrtKo7R1POFVMhSYa7ITMkYHYlcl/u1+USQlhTa9
;xjBojRvlo1DKhzP00WjrQ9FR19dTlyTunG/RFcByIfrhxn67SqO0dTzhVTIUmavCMtF3FGMFVJ89biF
;EBpIByvBUrrtM09Vnz3GlYheramJCQceHwKSEX10eQORmhOQc1qCpvRoylWeMETURJzh7QvJh4UG1Ut
;HIGjkRpMaER78WAJj+u5L0VixxpZEniGrzclF3FGPUhc9cr/Gi8FIR6yBWfr0641U2n3GlYhc4e0IC8
;kcnYnQFz1/PQTTmVMe64HZ+uszVo3ZM0dSyR4joo5IxZxRjZMUeL89BNOZUx7rgdn667NWjdlxg9aP2
;K2vSgrD2FpCkpe7sf0IkppQXzCYGfptc1PNwyoFFosYpylEi0Ye30wckvgz/gZTnNFHqwEZ/C0zVpeY
;s4VUyFJ2OV9FQ5nfApeUu3K9SJGaUZ3wmln6bTNTDcMqBVRK3+FuRIrH3VpIURL5Pz0E05lTHuuB2fr
;kM1aN2XGGlYhera2IiQYcXchX1Ti/OISQ25EQdt2ArTTrCpoasEQU00U6dVVSnsUcDtLVO3Pzh5AaU5
;7zXE4jtqpKlhlxghMTRTp1UFKexRwO0tU7c/OG0Z1U2quB2brrs1aN2XGGlYheramJS8XeGoKWE7k/P
;YcX1hGd8JpZ+m0zX83DKgVUSt/hbkSPwhxRjlEU+TQzhRBWEh3yW04j9GjKV540SNYP3+N1U9LewcZV
;S1U79f0D0NoQ3XHawC00aM7VWDNfD1NFufVTUoSZnY7RFPm/PQTTmVMe64HZ+ulzVo3ZdoTUSR4joog
;JRV7bTpDVOKjk30vFSAerm8Cmd+SPlJg3B1gPWSAuzkvCRQbVS02gaORF0p1S0HLawaJ2KhaNQyoaz9
;NFoOwPyEkcnAnXknez/AESnV/e8BkBYfRzVg3DLJ8P01wgK0SIhRmazxPUeT85A5KWE9uy2s4id25KT
;cOqHwjTRbpuSwzHmZGPUhU5svlIk5jQW7abBGO66g0Vm7EGT9PFunOTUp7eHgsSE/e0PkYQ2tTQcF3A
;47GkjVHeMERVjdz6ddNSlQUGVVBXPjG4yJcc0Fs2loXhN2jLmh/yx1NK0mDuiQkD0t4OUFS9vz4E0Fi
;UkHdbQKH2M1YNgyZfD9NeoisKDgkZ200X0ne0/4UQXN/bc1kFY3rpzVeYtwjXj95nLspFR56bTxfWN7
;Q+RhDayAcrgVO67TNNlZ1zQ5gPmKIpzkVC3twO1li8sDwD0lYSnHHaxO016I0U2XcFVAjd4XVT0t7Nh
;lVLVHg2vQPcHRUf9xxOJvbpDRDU9sZXiBJjLEqLyR3fDtZWPOjk30vJSAermkGktG/BUR4yQ5LEmaGv
;CM+JGd8NEBi7MznGHBuTmnPdwPrts1aFAyofFMsb4ynEjkPdWshck3uyv8JcHRFf8NaCYTroixSfsAd
;USpl6ddMSlIUGVVBXPjG4yJcc0Fs2loXhN2jLmh/zR1SEniGuxI6FHhgMkJT3tX0D1tiWB6sBWfDtM1
;aW23RGU0SZZ20Pz4kZHY8Q0ne0PQcQlhSe8JkE4LCqAVHY9sVSyR5h9VPSnsnGVUtUODXzh5AaUYv8W
;MOh9WgP1l49w9aOWKAuyo5JHtvMF9P6Mf0IlxrSX3LWhSOwLkzWWvbfD1NFtrVTUoWdW0KTlLvxaMiS
;W5Mf8NgCZ/rvj9DeMESWD5JhqMoOAl9fTByTu3K8hhwdEVq2mwJjMfNWDcMiHw/TXCArRIiFGZrPE9R
;5Pz0BVtiTm3HcwK0x7kzQ2/AFVEqFuvVTVd7FBkzREXey/4PXW5CcstaEoXdojRoY94ZTSF3maUoLns
;WGVU7PYGj/BJLYkxB3ncCiN2+P2h29xRaJHGBoU1IexQFVS097Mz1FEluRWzxdg+O2KEpaGHNDlgoSZ
;m0Py8VYBlXLT2Po5F9QWhUQd1kEY7rvi5WeM18PU0W9NVNSh19YQpFUvPR+B9DYn9rwGwIheusNltT3
;AVPKEmI1U9LewYZVS1O6srjCXBhT2zNYDiO2qw4W2mofj9NGunVTTkUeHAxcl/u1+USQgciH64MZ+u0
;vjVbZcwjSyJm6ddMSnEUGVVaVPHGzglAcEVsrgdn66rNWjdjxhBGEnmHsBI5E3F1OXJS7/zlEl9YU2v
;cYwaI0b5aNQyoaj9NFoajKDgTdXcyck7pxv0RXFhFcM9nC460z1o3LKh8PyJgjKclKxVzRiZFWO3P4i
;JJZk5B3XUCjtCSP1ltyhBaTRTp1VVKexR2I0hP88r1GHBhSXLPaAKFwJI/WW3KEFpNFOnVVEp7FHYjS
;E/zyvUYcGFJcs9oAoXAkj9ZbcoQWn8W69RNUnsUGSVfWPLQ5A9KWEF62GQJiNGSP1ltyhBafBbr1U1S
;exQZJV9Y8tDkD0pYQXrYZAmI0ZI/WW3KEFp/FuvVTVl7FBklX1Tv184SX2JOQd1gAIbRoy5EDKp8P1c
;W6dU9OBJ6bQpdXPPX4iJcYlFry2sEjuuiKFNp2nw9TRbH1U1KC2ZwO1lY8/zyEkFhf3vWcRWe0KgoBl
;PLCUw5eYSKPTgSem00T1Hk/OMYSG5PcK4HZ+uazVo3fNoVUTlzm4ouJRVyRjBVSfPW9RhdNX9923YTh
;NmSKkVlxgheL3qMij8vHH12Oy0/gaOIfS8HUGzHaxOOxpI5WGLOI1IsdYG8Iy8kdnw5WT2Do5FQLwcg
;btxsCZ/RvwVUY8YaYCB3ir0kJB5LeiBeSe7Ozg1dbk5qx2sAtMS/M1h+wQhGTRTp1WJKexRpJ0RT9cb
;jIkxoTnjxaAaI3KQ0UlPLCUw5eYS8Ny8kYHY6QVXkwvUiSmlBfMJgVuu2zVoYDKh8Tz9/h6EoOCR3dj
;tLYuzC8hVGaUVBzXAUn9ugM01p9whQInqBsCwuJHF3NE9R5JGRfy8HBR6uBReZ3aMuUn73H1AjcLa4L
;CkTfXcwclng1/AiTGhOastrE7TVqT43Dql8HU0W6aU/IxVgfCdyXu7N9yJCZkN2x2sCtNCsLlZTzhVT
;KEmIsSlKeRUZZC09gdPjFEFzRWzxZgiF0pI3Vm/AFVEoSYytOTgOcHwnck72yuUeR1hXf8dxOIPRrC5
;eYs98PU0WydVNSgtmcDtZWPP88hJBYX9zz2YPgtqoBVFtxiNcInidpyImexYYVQU9gaPhD0ZpVHvcWg
;SE2qsFWm3LFFYjc7azJDgWY3gnSGLzxuUPTmRUd8FrZ+m0zXc3DKgMTSR4nbA/FRh7dzNyUODA+RRBY
;n94x3cKnNW/P2h4wRFaEnOaoSQnGmBwOkM9g6ORVy8HIG7cbAmf0b8FVGPGGmAgd4q9JCQeS342Qlnk
;/PQiQnJMasd1C5LrqzZYe6h+P00+6dVNOgl9dyFIT97A/hNJWE1/zW0OhdGSPVRjzBlgOX6cuC8kGn1
;1CkxZ5aOTfS8aIB6udRWC2rk/RVPLE1ErSYS0LiISenwKRVjg184fSmMgHK8FR+u0zSpFZcYIWj9Jir
;ojLCR5eDZFVO/GzhRLYlhB3XwUn9GgWjUMqFU/TRaZpyQkD3FrCk5S78XOEE5kSHfAYDiE2aQuaH7JF
;UwoYoagLiIkd3YxSD2Do5FfLwcgbtxsCZ/RvwVUY8YaYCB3ir0kJB5LdidEWujNzh5KaVR73AVl67Tp
;WjcM2A5WI2KMpxIpFHp/CkBc4sv4E0pYUGzBaBef67gpUlPaHVk5FuvVTX17FBklX1Tv1/QPcGRPcMh
;aCorXpTNZafcMTSJ7maESPwhxRidMW/X89Qhfa0l9z3EOhNqSN15+2hNNTRTp1WpKexRpJ0RT9cbjIk
;xoTnjxaAaI3KQ0UlPaGVMsYoCjKBUebG0nWE7ozP99LQcgLq4FZ5vGpDRDadojXCJ4j4ogKxh8cDtIY
;vPG4hhbWEVBwmAJjMClBVtt0RlNEnWBtCMtHhQbVS0SgaORDV1uTmrLdziI26M8aGHJH1ckeIyKOysX
;fX00WVje0+MUQXNJcMlaF5ndoiheeNF8PUwW5tVNSgl1fyFyVuTG4SJHaEx73QVl67TZWjcM2h1ZOUm
;Goyg4CX19MHJY78LzEUoHIh6uE2frtL87UXj3D0o/cIi2KBUWe3c6WVLvyvJ9LQcgA64FZ43dtQVfY9
;oOVi96jIo4JBJ7dwpMUe385QRfYn98rgdn65zNWjd+zQhNLHWdvCIkJHVvOkRZ3tb/E0pkRW3dZBWS6
;6Q0aH/dDE8iZJ3kTUh7FDFVLT3zxuUPTmRUd8FrOIrCojNTU90SUSh1jKY+KwltRjxDYvLW4Q1AdVQs
;rgdn66/NWjd+zQhNLHWdvCIkJHBwJkxf7cbOHFtYU2rPdxPrts1aIgyofE0oYpu0Lj4Se3cKQ1L1/Pg
;TXG5Ee64HZ+ujzVo3fs0ITSx1nbwiJCRwbCdEU+b85hRfYhEerAVn/LTNWkVp3A5eLmKAuiMVH2FrPE
;Na3tT4DUo1IByuBXbrtM0oUnjaHVw5f4a7Ei8VdXs5SD2DopFuLwcgbMtxFYrXuTNYYvcZUSx0hbASe
;HsWGFUJPYGj4xhbdUF92mwIheuoNFZuxBlgL3OPuj8vJHtsIUhP3tD5GENrIByvBXHrtM0oUnjaHVw5
;f4a7EiYabXwnTlXgzfYYLwUhHrcFZ+vGqC5FbcsIViJ4trAjKxl4fApCSPXQ+BlKByIerh5n67S/P0N
;+yR9LJHmHijciFGRGOkNR+PziEkNuRC+uB2frr81aN37NCE0sdZ28IiQkbnE6XWLuzf0EcHRPcsdhVe
;u2zVosDKh8TCZ/m6ESLwNgfCdDXO384hVKa0xt8WMOmce5WjUMqGg/TRaauT4VGnp3MExR6M32IkppQ
;XzCYGfptc17NwyoD1M+SYq6Iz4UYWsKTFH1xuMTTnNJaMtaA4LGqDlDZccSP08W6fVNSntndSZyXu7M
;/RRBYH98y2E4n9GgKlJ+yQhKP3O2oiwjDxQbVS0PgaORDkN0f33BaguC2qoFVHXEFVEpc5uKISUMcWs
;KRVjg1/QPcHNFc95gFYrAuChSU98dVjkW69VNeHsUGSZBTt7A/hJDbk558WYeh92jPlJ+9wlPPXObii
;UvGmB8J3JJ5M7hGF1mVGvcYDic1aQuNw6ofBJNFummITkkd3Y6QVTvxM4RSmFUQchgAo/rpT9WeM0OY
;DlzhKUoOBpgbCdIYvbC+AkvBSAehAVn68ehKWhvxxNTJHiOij0jCGB2O3JV5MLlGF1YVHvDdQKZ1bkv
;RWn3C14kYunXTUpVFBlVXlHy/PISQGtJcMlaFYLTpS5oas0ZWxJ+jLQ5LwlLbTBATeTR8AladUVB2WQ
;On7TPWjcfqHw/PnqaiiorC0t/PEFR3sb/HE1rRR6sBWfLtM1aRGDbI1gueY2wEiwSeHw7TFDk/PcSXW
;pBavFgCYrWoT83Dqh8JU0W6aYhOSR9dzNEUe389hxfWEZ3wmk4jtqsOFtpqH4/TSLp1U05F2dGPENb6
;M/9IkJyTGrHdQuO6745VmLGFVEqSYq6OCQPS3g5WVjzzfAJRnFFQc9rAIfRzVg2DL98P01lhaYSJx5m
;fjByUvHG/yJcYkdzy2sTmLTPWzcbqHw/PnqaiiAvCXN8CkJL5NH9HF9YUH/ccRTrtsxaEwyofEwhZba
;7JD4Je34wQ2Lx0f4JSmRUd8FrOJvbvi5ob8cTUyR4jtVPSnsKGVUtTu3QzhJZYlJtx2sTjsakNFBTyx
;NSPXOHpiw+Ent3VS89gYCRfS90TG3xdRWO3Kg7Q2XGG2Avc42KOS8WZHwnTEn00fQiWGZJaq4HZuuBz
;Vo3f8QPYD1kjL0oKw99dzJyXvjP+BNLYlJBwmoQjsaSMlJt3BlNEmKMuD0vCXVtIF9Y3tTwFFsHIh6u
;MGfrtL42RFPYDlolc4ihJCQcS3osQVTvx/QPcHJQbst3OIPRrC5SfvcIWiBmjKcsPg5mfApaXOjXkX8
;vBxAergUUh8eSKkVpwBleOX+HshImHnJtCktY5MfOFUpmVHvcWhOO2b0/RW3cCU0oSZ60JD57FhlVAD
;2Bo+IRXFhQbMttAorApDRQU9gVTDl5h4olLxpgfCdySeTO4RhdZlRr3GA4nNWkLjcOqHwOTRbppiE5J
;GRrMEVY4Nf4E0hYUnfJbRO00qg/U1PAGV45c5uKOS8WZHwnTEn00fQiWGZJaq4HZ+uvzVo3f8QPYD1k
;gLs5FQ91aj5yUeDB9BFwYk5/zGkC67bMWhYMqHxMIWW2pT8jFWBwO0pi48b1IltiTW7Ldwafwb8/aHv
;JFUtNFOjVfkp7FGo5XmLx0fgTW25OefFmHofdoz5SfvcQUDpzm4olLxpgfCdySeTO4RhdZlRr3GA4nN
;WkLjcOqHwMTRbppiE5JGRrPENJ6M32Ikx+THfAYQKZ67gqR2naI1cod52wPxUPcXQlSE/g1+QPSlhXf
;8dxZ+m0zXQ3DKgPUz5JmackJA99dzJyUeTF5SJJYkV68W0CisCoKGh4zRFPKGSIoTg4HktuNERJgaGR
;fQQHIB7daRS0xL8zWXjBElgSZoCmOSUVS3EwTEnk0c4JSmpQe9xkE57GqAVAbcEIP08W6fpNSntndSZ
;yTfPK/wlGaUdB3GwAg8CSPFJpzCNXKHedsD8VD3F0JUhP4NfkD0pYV3/HcWfptM1CNwyoD1M+SZu6JB
;UJcX48QlPe0PIcQVhMf91xZ+m0zUs3DKgPUz5Jmr0kLxdwRjBDXOPP9H0tBiA3rgVnmNi+BUR52hpeL
;nO2piQuHkttMFVJ9NH0IkxoTHHcWgmExqA7W2XSGVtNFOnVUkp7FGo5XmLy1uMbTmRFQd1sA47ruT9P
;eN0OWhJzh7QvJh4UG1QtHoGjkQ5DdH9t23cBiteoBURlzBlgOXORoTg4Hkt1PEpV9cbjIlp3IByvBUL
;rtM0pW3/3D0o/cIi2KBUIfX0wcknk2+UIXWJ/cdtxFILQqAVYYsQFP08W6fRNSntndSZySenG4xBOa3
;97wGYLhMe4KFJTyh1MKEmMuywoF3EZVy09oKORfVxrU0HabQ6F67o7W2D3GFA4dIWwEiYSenwmcljvw
;vMRSgciHq41Z+u0vjdWYMQjXj9ziIo+JRd9fQpEU+fK/RFwYUxx2VoEhNm9P1l/yQhWIni2sCMrGXh8
;VS89gbaRfS90TX/CaTiN0awuQn7ND2AoeIi3IS97FhlVDz2Bo+IQTmtMQchgBp/Bvz9EU8ESWSR6hYo
;/Kw99dgpIU+DB/RgvBSAeiAVn68eiNl5o9xpWIXq2vCMkHmZGN19U5cT4E0hYQXzBcwK0x707RX/NfD
;1NFvTVTUoIe3U8SWLozfcUQ2t/fMFxE4TZkjdYYscIUCN/itVPSns9GVUtTu7P+Blwbk54x2kLtNqsK
;EVj3yNNKHGAuiMVDmd8Ck5S78D0E1t1SX2uB2frrs1aN3/HEFYpSYC7KyMXeEYhQk3ezv4TQHNPcMdm
;Z+m0zUM3DKgPUCF/jYokJB19dTlySPLGzhpOd394x2kL67bMWj4MqHxMPX+btCEjAXEZVy09n6ORfVx
;3SWzPaTiG26k/aHzJCFcSf4ehKDgLe3U0WVTuzZF/Lgc3Hq4FFJ7EvTVFePcdWyxmnbw7LyRxdzRPUe
;Sjk30vCSAernYSm8SiKENTzRJeL3qM1U9LewEZVS1O9NPhEl1zf3vAYwiZ16goaGPGEEZNFOnVYEp7F
;GogXU3u0eUiRmlGd8JpOJ7HqAVbZcYZTBJ/h4olIxx8RjFIU/LK5QRwYFJ3ygVl6rTUWjcM2wlPPXmb
;oRInFHBwM0RY8/z2GEFiUn/aYGfptM19NwyoD0o9ZoanORUJcXonSFz1xs4cSXNFbPFoCI/dqzNSfvc
;eUCJ6jLQjSnkUGUstPYHQ5A1faFJq8XYKitihBVFgxx1LKHK2sygrD2FrMF49g6ORZS8HIG3bdReExr
;kFW2nJF0YSdYa7Iy8YYHA6Qz2Do5FuLwcgbdt3AYrXqAVaY8wZYCh4iLchL3sWGVUIPYGj4ghdYUF9y
;1oUgtCoBUNp0AhKP3O2tiImFGZGO0JP7ML9FFViRB6sBWfwtM1aRHnaGl4uc7amJC4eS20wVUn00fQi
;SmlBfMJgZ+m1zUU3DKgPSj9wiLYoFQh9fTBySeTb5QhdYn9yx2IPn9G/BUJ8qH4+TTfp1U05DmZ/NE5
;Y3tD4GUpYVHvWcRKZ0ZI1QnjbFVsoSYa7ITN7FhlVNj2Bo+IIXWFBfctaFITYpD5oeMcMYCB5h7o5JR
;V9elUvPYGCkX0vc0Vz3mAVisC4KFJTyhNLOXmEij4/CXJ4Nkhi5M3wH0NiIByuBXDrtM0uUmHYGU0sY
;pynKBUXfWohcljvwvMRSgciHq4JZ+u0vipCftsjWiN3i7koSnkUGUstPYHV/hFaakVq3GwEtMe9P1Jo
;9w9SInmdvRIvFXV7OUg9g6ORbC8HIHvAZAWH0ZItXnzNI0siYYynTUh7FDlVLT32yuEYcHNPact3OI3
;dtT9TU9gTTCRigLojFR56eDdBWIGhkX0KByAe2WwXjuu5NUBp2iNTInmZphIvGndxCkhF9dHkGUp1f3
;vAZAWH0c1YNwyjfD9NeYavKBUIfHAwQVmBoZB9DAcgHtlsF47rujtbYPcaUD91jLESKAJLajxDWu3Gz
;hhXc1JrymAV67bNWj4MqHxdP3+EijkzC3EZVig9gaPeCFtiUh6jBWfr16wuUmvHDkYSeIi4KEp4JRlV
;LW3zyv8JSnURQe9LIr/rjGJoXMQJTBJEuZx+FShfS2dydOXG8BBObEVs8VUVhNKkNlIMuXw/TXWIoSg
;tFGZgCkNc7MbOFUp/IB1qBWfrhP1vBzyYSw19Jt/sfXpNUSllGgmxk6dIHzcXLJ41VNqE/W9xPJhIDn
;0m3ZB9ek8hKWUYCbGTpDsfNxQvnjVU04T9b3E8mEkPfSbfln16TCEpZRoOsZOkOx83FSyeNVLbhP1uD
;jyYTwx9JtyTfXpOJyllGX+xk6RPHzcTLJ41Uq2E/W4OPJhKC30m3+B9ek0lKWUbebGTp0wfNxZcnjVR
;3oT9bQU8mEl5fSbc5X16TCYpZRt7sZOnSx83FieeNVGohP1sAgy0fD9NZZylPSUJYEYxSFPyxs4ZWmZ
;MQct9E5nBvjNYYqh/M00W6ZQhJltxYSFfSOXG430JByAeymAJmNGSKUJ82BNNOUmAuysjF3hGOlhJ7c
;r/GFxYRWbadxKP0b9aNACofD8MeoX1KDIPZmwxSE+BsZF9L3RVbt5qFZ/rqT9Zf80jSzRmjNVOT3sUG
;RlEU+TQkVMvByB6wnU4idW+P2hgyQVaP0mIszkvCUt8LV1S8tbjGHB0RW7Pdwaf3aI0aGvLE1soFurV
;TUp7FCtVLT3lz+EiTWZTe/FpBpLRvwVWatwZTRJzkaUiOQ5mfApeWPHC4xxbbk9w8WIEhNCoBUd+zXw
;8TRbp1U1lexQZMUFN3sHwDkpYTH/XYBW01qg8WH7NI1o1ZoamODgeS2owXVzzwuUUQGl/ec1qA460zl
;o3DKh8DE0W6bEhOiR2eCZIYu3C6BhdWEJ7yGoVjuuoIkdj2wlNKEmasD0rCXVtPEJT3sTyEktif27cY
;GfotM1aNwyDfD9NcoWlEigaZ3wKQVz4xuMiWndQe9xaF4Tdoy5of80MXj93nbwiJCRzejpJWIGgkX0v
;ByAxrgVnj9i9BVVt2xlgIXeQsD8VDmRpMF9i8cz4E1tYU3veZBWKwKQ1WVPPH1Apc7alPy97FxlVLT2
;BrpF9L2NMbvFiBITQqAVSYsx8PE0W6dVNUHsUGTFBTd7E8hJLYn971nECmdqsNmhvxxFSLHiN1U5Kex
;QZVTQ9gaP1EV9YR33BYQK00qQ2UmLJEVoScIanICsPFBozLT2B2PYeQGNFQchsC47arDdSU98VSyV5n
;KESLwNgZApWUODA+RRBYn9q13UCtNWvOEVp3hVeOX+GuzAVAHl4IUhP6ML9IkFmTXvxZAWJxqgsXm3c
;FVAja7auISsCcWsKRVjoxPkJUmpNHrgFZ+vQoSpoa8sTWyhJhbQ0LwlLej1MU+bGkX4vByAerhBn67S
;pNkdTzx9QKXO2pSI5D2RrOk5Y8tCRfi8HIB6uCmfrtKk2R1PPH1Apc7amOSsJYBlWLT2Bo5FkLwcges
;J1OIPRrC5ob90OViNxtqEkJx5LdTxeSYGgkX0vByADrgVnj9i9BV5ixhlNEnWGuzklDmZGOktb8sblI
;kNuU2quBmfrtM1aBwyofFshZra4JC4feHwKQVz4xuMiTmFUe9xaApPEoilCfs0jTChmiKcsPhJ7dwpK
;Xu7H9H0sByAergVT67TNPlt89xFWKXKFsBImGm18J3Jc59f0D3BiWG7BdhKZ0ZIpUnzJDl45f4a7Ei0
;Ye30wck3zxpF+LwcgHq40Z+u0qTZHU8UVWyl6jIohKwJxawpPWOfM4xhwYlhuwXYSmdGSKVJ8yQ5eOX
;+GuxItGHt9MC0+gaORfS8yIB6uYQub66AzU2jEGWAhd5CwPxUZcX86X1jexukNQHRVbMtaFI7ErChWe
;METURJxiropLyRkazAtPoGjkX0vKiAermELm+ugM1NoxBlgIXeQsD8VDmRpMF9i8cz4E1tYU3veZBWK
;wKQ1WVPPH1Apc+nWTUp7FBlkLT2Bx/0NcGpJesppArTYrCNSfvcJTz1zm4o9JRJ6bQpeWPHC4xxbbk9
;w8WIEhNCoBUd+zXw8TRbp1U16exQZMUFN3s3+D0JmTEHCZB6OxpI7UXjNDmAobpm6Pj8JcUYmSE3g0f
;AJRmhOQclmCI/RzVk3DKh8P3kW6dUpJgtLdzpfUODPzhFOfkVs8WQBn9G/BVJ02BNMOGSMij4vC3VrN
;FlU7s3OGkxoRHvxdRWOtM5aNwyofA5NFumxITokenYnQFzt/P0cVmJSQcxgAYTGqAVSdNgTTDhkjIo+
;Lwt1azRZVO7NzhpMaER7rgZn67TNWgIMqHxbIWa2uyI4FnV1CkFc+MbjIk1iRnHcYDiOzL01RHnaGWA
;+c5m0PysPfXY7clrizPUYcHdSe64GZ+u0zVoaDKh8WyFmtrsiOBZ1dQpBXPjG4yJad1B73FoXhN2jLm
;h/zQxeP3edvCIkJHN6OklYgaCRfS8HIC+uBWeP2L0FWWPaEV4hSYW0NC8JS2wlXVjz/OESRmlUQd1gF
;4rGrC5eY8YjWC55jbASOglxGVYtPYGjkWovByB6wnU4nsKSOUJ+wRJYEmKAuCgVF31qIS0+gaORfS8b
;IB6uYQub67o7RGTBElgScpusJCQcS208QFjez/gOWwcjHq4FZ+uhzVo3aMQMYDp3mr0kJBxLbTxAWN7
;P+A5bByMergVn66vNWjdp0AhaP3iIuRIpFHt1PENa3sXwE3B0UHvLYTiH3b4uNw+ofD9NFufVTUoddX
;cKXk3kxvUiQ25Taq4Gbuu0zWgMPp1HC3Yg2dVcSnsUfzxBXOzG/wlwc1luy1oUn8bNWT0MqHxvAVfJ5
;GN9Tnl0VT89gaP3FENmTXvAcTifzb0/aH/cDg1NFePVTUorWFh1HBO2lvwQLycgHq5jDpnHuQVbbdEZ
;TRJlhrkkLiR9dzNEUe384Rxbc0VswAVk7rTNWntlxhlMTR/p1U0vFXA3Mk5S5caRfjcGIB7jNFfflJ5
;qFzfNBEs/Y42wP2oTcXghSE+hzPcbJUoRKp4lNNuU9jJSbdwZW210jLFtIh51bTBfHe7F910HbkY+12
;oSy9ysLFIswQgWR1HQ5G1xCXF1NFlU98axDUB0SWrHagmC26NQcD2IORJ8Nq/mfXpbNCInSEnzwvIJD
;3NIe45jDofVoD9ZeIgdHy9/nfUvLx17azANUejF5RRBYABqxmBHhdu3IFtphFxLIjabsCEvGmd8dV5S
;7MaxEkknVHbLJReZ0b4pQn7Ndnh8NrP+fHpbUTRgDXu4k6FNDzxNcdhgR7GUuCoXbcYYHz9znacsKQ8
;0fzxBXOzG/wkPYlZ7wCUKhMaoUHo0nFwEPmKMpT0vCWc5OktbgamRfS9iTnqcKwCI26k/Nw8tfD9NW9
;vnfGovJDkGHA2xqdxPHTYASp8lNNqE/VB6PZhIHxkmyYZ9QDYlKWENabCDwk0lShEqniU0276Aawc7o
;jsGfByu5G0PViU5Ex4NsanWTA9dCy6AMEeumfh6byGaTB8UO9vlbQwAYGs0W1jt/OINSmJEY6RCVdOU
;lWoXVZh2cnUi45J0ensCGVUtWuLM9RhwYlhqy3cJitiSOVhhxR1RKRbq1U1KexQMVS095NvlD1pjRWz
;xdhCCwK4yGWvLE1soFurVTUp7FAxVLT3mwP4ZSlhGd8JgCYrZqAVRY9oRXjkW6rJNSntvfjZCWeT89x
;RDYk5/w2A4nN25Mlh53CNaNWKUijYnGndxPENY3tfoDUpYQXzMdwKd3awuXmPGAWA2cIC5LCceem0KQ
;1zsxs4cTWVSe9hsBp/dojQGcfcHUyxvjKcSIh59fj1ZQOzOkW8vByByz3wCmeuuMlZizxkRKnWGsShK
;eBQZVS09kKORfUhkT3rLWheEx7kqRWPLGUw+FurVTUp7FAlVLT3mwP4ZSlhSe95gE4LApDVZDKtWP00
;W0qcoOh5gcCFEUu+D9h5AY0UU6TxVy/H9UAx+zQxaOX+dvCIkW3N6OklYgbORfS91RWrcZASf3aI0GW
;vLE1soFurVTUp7FBJVLT3y1/APWylHfcFhAuu3O1s3DO9ODm0thLA5OBJ3OSNMUfTG4ndoPhA+lWQFm
;NuhL0NpiAxQPn+dvCIkEnp+X2AFs4OqDkpzAHvWcRWe0KgoF3jHXF4vZYa5OD4eNHQ6SViL7qBNGCcb
;bdpkFZ+UujNDZIgIVyg2j7QjahRyf19qD7mDyU0PXhA+lWgIndHtAhhViAhQbXuAu20vFXBqIUJN8qn
;WTxcnei6OPgqEwqh6bSzcEx8gf4f1KCQfZ206XU6L5KBddTYVMJ4lIdKE/WoXN8UTSSg2nb0oagt4eC
;FLUvPOsRlAcE4+nzAKhr7HHQ4+iDkPbS2TsD8lW2BxMA1Y+dfjCEtiRD7CYAmMwKVQPUuYXGd5JcmMf
;31bUitlHQ2hg6oaQCdUcY5xD46UqD5QaYgTWW1igbBtKB5wOV9qBLODyU0PXhA+6zVH0MeoLhd2zQ5Q
;bWKG9SguHHE5Oksd9cv0XU1iRBTpNUetjf1qByzyTR92TMmgPWoMfW09DQzszps6HidmLJ41R7GE7WF
;tLMATUig2mrkiPRdtE19qDKH5oEgBNwBYlzVX25T2N1h6zVxLJXPJpSErD3J2J0Ad5czmEw82FXPDD2
;2she0cDjyYTB92ZZmwKC5bZ3whWVTvxJs6FjUAW4M2R9DGqC5FbcsIViJ445h8e0w0SSdEU/XK/xoBK
;Q4eogVn68e5O0V4mlJYLnmNsE1JyxQZVWoPsKnWRB8NbSacDyrahPpQcD6QXGd9NrDlRw1JLDkPHTfG
;krEnHjIOLo5DVNuExw4GBu9FDW1T2d8Ke1tSK2UdHcSSoXdoPhI+6zVtrIXtHAU8mFx6YG2bsDk4Gnd
;tPEJT3sfkHENYQXPBcAmfyccOBwbvRQ1tU9nfCntbUitlHR3EkqF3aD4SPus1bayF7RxMeNodSSh6tq
;Y9Lx5wZF9gDLCUsS1dbk5qx2sAxZrjWj0MqHxYLnmNsBI+AmR8VS47gaORL0p3cn/eBXbrtM0zWWrBE
;FMSd4eyIS8keHAmWT2CpZF9LzMVJZ82UuuhzVo3ZcYaViF6trE4KxdLfC1ZT/TQ+BJBByMSrgVnqtih
;elJ03A5KKXOb1UNKexRwO0tU7c/ODU5zVHvca2fosM1aN0vaFVtNGenVTSMJe3c8Q1re0/AJW2JScK4
;GbOu0zQhSb9wVUyR4jLQ/SmYUGVVBXPjG4yJcc0Fs2loXhN2jLmh/yx1NK0mDuiQkDxQaVi09geL9ES
;8aIB6uaQaS0b8FRHjJDksSZoa8Iz4kZ3w0QGLizOMTSnUgHaAFZ+vmqDxbadAzTQ55h6MoMnsMGVUtU
;ODXzh5AaUYv8WMOh9WgP1l49x5NLHiN1U5NexQZB0xU8saiOS8YIB6uaAaf6641WWqZI1kkeoi4KCQP
;S308Xk3twugiQWZNe64Ge+u0zQFlbcEPWn5StPUdOB55cCBAHdHv0F0eKRcrw2hn97TNWlpt3CNcIni
;P5BIsEnh4OEhT9fz2HkBjRUHLawPrt81aNwyoYj9NFoS0ORUYe3czHGLnyv0cQmJOavFiBITQqAVEeM
;kOS00V6dVNSnsDGVUtUODXzh5AaUYv8WMOh9WgP1l49xJeIHPp1kdKexRJGWwdsI2mSEJqIDquBWeG1
;bkFVGPGGg4ScIC5LCceem0KQ1zsxs4cTWVSe9hsBp/dojQ3D6t8P01GpZRNUnsUGThMSd7A/hNJNn94
;x2kGhtGjLmhixwhaPhbq1U1KexQEVS097MLlIkxoTnifWgGC2Kw3UmLcI08/f4qwEj8VfW1VLj+Bo5E
;2SAc9Hq4FCorAkjlYYs5NYCt/hbQgLxVgRiZISfXK/xpwbkQerSFn67T+OAU/kB9beTuN7X0rViAqN0
;4QucaoGwI1GH+WZ1eJ1/U8Vj+oVj9NFoS0ORUYe3czHGLnyv0cQmJOavF2Ap/ApDRQf/caViF3hLAjP
;iR2azRDWYGgln0vB3J/x3YC2PDNazcMqBFeOUmKuiMsSkt/PEFc7Mb/CXB0RWrabAmMx5I8XmDJEVoj
;YraxJDkLeHgsclPgzvR9LBsgHq5eNYrdvj8ESPVcbz9zhLw4J1tEVRQNDK+UpBBCBw4ergUKisCSOVh
;izk1gK3+FtCAvFWBGJkhJ9cr/GlxYRnfCZAqO2rkFUWXEGWAjd4SwTUlxFBlVfXHAg6BTGDJNc64rZ+
;u0oDtDU8sTUSsntrMkJhp5fDtZYvLG5QlGaUdt8WMOh9WgP1l49xtcInKMiigkHxQaVS09gaOhfS8HT
;X/aWgSE2qtraGrBEF4gc4ehEjkeYG08Q1ry/PcUQ2ZNe8BxOIzXoj5SU9sIXj9i6dZNSnsUGXItPYHO
;8AlwZE9wyDQ4jd2hO1ppxghgPnOdoSQkHGdGM0RR4M70E1tYSXquBkPrtM1pVT6bRFwpIsSxdXoaOS1
;mT16sm/RESSoSJs89BdvWrmJRbZt8Fk0W6bgsPiR3djtLDN7F+BFOakVw2loUjsC5M1lr2yNZJHqIuC
;gkD0t3NEBYgaCbfS8HcFLvJVbFg/g3WgyefD9Ne4ihEikUen9kclvoz/AQSmlUQd1gE5/doz1EU84VU
;yx7jLs5FRV1dDByXOPB4xhZbkFqx2oJ67fOWjcM+DB+TTzp1U0nGmBGNkJT55LOG0ZrQXPLaxO0x6gu
;Q2XGG0wScIC5LCceem0KQ1L1xuJ9LAcgHq4Feuu0zTdWePcfUCNw2IorIxd1dDBDSd7X9B5HaU9ywWI
;e67fFWjcM7hVTLHuMuzlKYxQZVUBc9fzyEkFhEkHIbAuK2ag0Q1PKDl4jcunWSkp7FEs0RE7kkNV9MA
;cgHsNkE7TXojRRPvcaViF3hLAjPiRwcCZdUeDazhNOakUerRln67SWCFZl2xkMCUvJhT8vFn1sOA1tz
;eKxTAEwFXPDBXvrtM03Vnj3H1AjcNuKKyMXdXQwQ0nexPISS2J/e8BhZ+i0zVo3DLZ8P017iKESKRR6
;f2dyW+jP8BBKaVRByWYIj9GSKUNt2gg/Thbp1U1KbBQZVUBc9fzyEkFhEkHIbAuK2ag0Q1PGHVIoFur
;fTUp7RFUUDQyvlKQQQgcEHq4FCorAkjlYYs5OYCt/hbQgLxVgRjtMUOT88B9NdUVox2QTgtujWjQPqH
;w/HVqo1VVKexR0NFli4sz/Gx1YRnfCZAqO2rkFWWPcGUxNFenVTUp7CRlVLVDg184eQGlGLPFjDofVo
;D9ZePcMTSR1jIo4JBJgGVYvPYGj2hovGiAermgGn+uuNVlqmiNZJHqIuCgkD0tqMFlJ6M32IkZjIB2K
;BWfrh69oBDTLGAtgctHlLGdPJ3s2AAXkmvdQHT9BJsw1BYiMqzsEDIJ8P017iKESKRR6f2dyW+jP8BB
;KaVRB3WATn92jPURTzhVTLHuMuzkVGWZ4O0k9gqSRfS9VQXfdYFSvtPxaNwzFHUsSdYa7K3gkcnA5TF
;DkzeUiXGJUasdrAJjrqzNbbcUZUTlJjbw+Ohd1YApDXOzGkX4zByAe9VcGgseoaXNRiCxNKHuAoCBqK
;1hYdRwTtpb8EC8pIB6uaAaf6641WWqaI1kkeoi4KCQPS2owWUnozfYOcGFJcs9oAoXAkjxeYM0jUSx7
;jNVOQHsUGQVhfKGSv0oaak0egAVn69msLmhvxxJZf0mPvCErFnF3IXJO5NflFEFgU0HIbAuK2ag0Q1P
;PH1Apc7awIy57FxlVLT2Bk5F9L2pBavFmCIXS/wVRZcQdUih4nYo+Lw9gcDtKTt7F+BFOakVw2loAiN
;upP2h/3B1NORbq1U1KexQ+VS097MLlIkxoTnicWgGC2Kw3UmLcI0woYp28Iy0IS388QVzsxv8JcG5EH
;q0hZ+u0/jgFP5AfW3k7je19K1YgKjdOELnGqBsCNRh/lmdXidf1PFY/qFU/TRaEtDkVGHt3Mx9i58r9
;HEJiTmrxdgKfwKQ0UH/3GlYhd4SwIz4keng4SD2CqZF9L1dsX440SdyBoDc3Oqh8PyB3nYouJRVyKwp
;LVO3C/BhBc39ty3ETgtqqKWhqwRBeIHOHoRIkGnl8Ckxf49H0C0ZmVHfBa2fot81aN1zkPT9nFunVIC
;sPS3o6Q1uz/PcUQ2ZNe8BxOJjRuS5eYs8PYCt/hbQgLxVgRjtCSeTQkX4vByAerhhn67SgO0NTyxNRK
;yS2syQmGnl8O1li9cbyFUFoTHHJfGfovM1aN0rBEF4gc4ehTVt7FBklQVz1xf4PQlhBesZgFILbo1o0
;CKh8Px93j6FNUHsUGTpbWPPL8BNIWFN2y2kLmOu+KlJpzCNTJGWd1U5KexQZVTw9gaPhHFp0RUHGYA6
;M3LkFW2XbCD9OFunVTUpqFBlVXVHg1/cSXWp/f8phDp/dojQ3D6x8P01YhrsoSm0UGVVdT+TQ4ghdYn
;9/ynMGhdeoBUN12BkOTRXs1U1KPX1hMEk9l6ORfV91RW3dcBWO66w+QW3GH1oSYpClKHh7FxxVLT3Hy
;ukYSwcCHq4FF5ndoy5SfvcfUCNwtrgsKRN9dzByXOz85RhMb05xwmoAkrTOWTcMqDp5CxbE1U1KC2Zw
;O1lY8/zyEkFhf3PPZg+C2qgFVHnbCFAgf5OwEj4Ue3U9SFzl/P8cQmIRHq0HZ+u0mWo3Iah8Pz1kgLs
;5LwlLejpDW97O8B5Hbk578WYSmMCiN152zSNLInmFvSgrH0t3NEBYs6OSfy8HIEqfBUPrtM0qRWXGCF
;o/SYq6IywkeXg2RVTvxs4bRmtBc8trE7TarDdSU5l8PEcW6dUdBjo0KHsaCOzOkVkvByBu3GwJn9G/B
;VRjxhpgIHeKvSQkHkt/PEFc7Mb/CXBpQXPLWlXrt8daNwz4MH5tJ8fieCcWFDtVLT3x0fgTW2JSQc1q
;CY3roDtUZMESWhJwgKcgPRpmfApZRPHGkX4oByAe5WkOm8SoKDcTqHw/PWSAuzkvCUt6OkNb3s7wHkd
;uTnvxaFbbhPwFVGPMGT9OFunVTUpkFBlVXU/ozeUYXVhDccBjOIbVrjJeYs0jUnwm2ecSKRRwfFUuPY
;GjkX0wByAe3ncOhcCoKGhvxxJZEnuItiUjFXFGOB8NsZPOHkBjRR6tBWfrtM17NwyoDE0keJ2wPxUYe
;3czclDgwPkUQWJ/cc1xCLTVqT5FadsPP04W6dVNSlsUGVVdT+jN5RhdWENxwGM4htWuMl5izSNQLmKG
;iiw6En98LC0+gaORfS8rIB6udRWC2rk/RVPLE1ErSYS0LiISenwKQl71zM4RTnRUQdt1C4TVqQVRY8Q
;YWj8W6tVNSnsUPFUtPfHR+BNbYlJBzWoJjeugO1RkwRJaEmSMpSg+EnFrCkxZ5dH0DlwHIx6uBWfrkM
;1aN3zaFVE5c5uKLiUVckY4TF7pyv8YcHVFbstxDo7GkjtHZcMZRk0V6dVNSns8GVUtTfPK/wlKdX99w
;WsBtNmsOV9lxhlgP3OZsDkjHmZGOUxO9fz2D0ByUB6tBWfrtM1wNwyoDE0keJ2wPxUYe3czclDgwPkU
;QWJ/bMt1Ap/dqChofNoVUTlzm4ojKxZxGVYtPYGjkWIvByBu3GwJn9G/BVRjxhpgIHeKvSQkHktqMFl
;J6M32IkZjIB2KBWfr0fg5Am+aHwZgL9rif2dPdiBsAAW5lqZQHjETLJkzX9LVqT4HDLF8P01mm7wjPh
;5mRjZCU+f8/BxMb0lwy1oTksSoWjQKqHw/K3qGpT0zezIZVS1N88r/CUp1f33BawG02aw5X2XGGWA5b
;5mwEisZdmswW1Tg1/gSQQcjHq4FZ+u4zVo3fNoVUTlzm4o5MwtxGVYrPYGj9xFAd1Bnrgln67S9KFhq
;wRBaEniIuChKeBQZVS09kqORfV1mRmrxYRKK2JI/T3jaCUwkeYfVTkZ7FBkUQVGhxukJXXJEe9wFdOu
;0zShWatwjViNwgLkhFQt1bSFIT++jkngvByBSx2sCmLTYWjcM2hlLP3eKoSQlFUtjPUJN3tfoDUo2IB
;2oBWfr+qIoWm3EfCpNFumnKD4JdXohRFLv/OsVQHd/atd1Atm0zlw3DKgyUD97iLlNXnsUGSZFWO3Pz
;hlGdUV92mwIheuhM0R4qH8/TRbp1VlKexRqPkRP9fz1CE5rf3vWcRWex6Q1WQyrcD9NFqi5IWoebG0n
;WFnk0ZFVLwcgbcJ2OIrQqTNDZccSXiFJiroiJhJ6fgpFWOjE+Qlwc0lzy1oAmdW9MjcPjnw/TSbH5XZ
;7QyQpZQMNupChUx88ESaeNVfFhPZpBzyGTAR7JtnlfWRLFA5VLT3yz+IiTmlOe89pDoXTkjhSaPcbTS
;xmgdVOSnsUGVUPPYGj4hFcWEFwwGAGh92jPWhv0RBWI3KMpxImFGN8J3Ja88LhFS8EIB6uBWfJtM1aR
;GDbI14jeIy0ISMVc0Y2VFHozfUYXVhVbt5gFbTTvztHZKh/P00W6dVXSnsUajleYuDN/xhOa0lwyVoX
;gse5NVlTzw5ePX7p1k1KexQZRi09gdD9DnBmVHPBdheD0b8/aGHHGFpNFerVTUoafWtVCT2Bo+IRXFh
;CcdpxCIbrvi9FaskfWhJ/h7MkJhdLeDtKUeT8/RRccyAdqgVn64T2YwcMv3w/TWWFphIpFHptOlhP3t
;H0DUpmVEHDagOOtM5cNwyoPX0OV6uWTXh7FBkmQU7ewP4SQ25OefFkAZ/RvwVFacsTXjl/h7ISPh55a
;TBfXPXW4xhwc0lzy1oAmdW9MjcPvnw/TSfQ5WN6QCQ3ZRYMsZO/TRQ1FC6eK1frlM1aN3/ED2AueYa5
;JCQcS3swSWL1xvwNSnVBatt3ArTYpClDDKt7P00W2ft9cUojKVUfPYGj4hFcWENxwWkOhdOSOU5gwRJ
;bKGS2uSI9HmZGPUhc9cbjIltiTW7Ldwafwb8/aGDBD0tNFe7VTUpLOiluHAyxo6N9LwdTct1aBITboT
;NZa/cfRiF/h7EoOCRhaSVIT97L9BxbYlJB2mAKm9G/O0N52hlgIX+aoU1JfBQZVR0TsZigSx8HDR6uB
;RSHx5I5WGPEFVEqSYWwKz4kcnwwSWLpxvAJSnV/astoF47GrC5Cfs0jUyRlndVOTXsUGWUDDbqSpU0v
;GCAernYLmOuuNVhgwRJYEnuAuxImGm18J3JJ6M70IkNuU2quBmfrtM1aHQyofEwhZba2IiUXfXcyck3
;o0OUSQVhIe89xApnruT9afM0OXjljm7ASJhJnbVUuOoGjkU0BNxsvmDVnz7TNWkRg2yNcInmFvCMtJG
;R2Jlli8sDwE0FuTnnxYQKH1bQFW2XbCD9OEenVTXpVJCJmAw2BgJF9L3RMbfFmCITYpDRQU9gOWhJli
;rQjJBJ6fgpJWO3C6CJDblNqrgZg67TNahk8k08RfRbH1U1KCHhqCk5S7s/4E0hYUnfJbRO00qg/U1PA
;GV45c5uKOS8WZHwnTEn00fQiQ25Taq4GYOu0zWoZPJNNC30Wy9VNSgh4agpOUu7P+BNIWFR3w2A4n9G
;gKlJ+yQhKP3O2sj8rC3wZVjs9gaOhUx88ESmeK1fQhvlqByKYRw59JsflTVJ7FBkmQU7exPANcGFJcs
;JaFY7EqDtDU8UTWygW6tNNSntVWBdvfsKjiH0vB1Ny3VoAiNupP2hqwRBaI3eEsBIsFGZ0NFk9gsWRf
;S98R33BYQK00qQ2UmLJEVoSYYChJSUOYEYwVUn8/OoQTmRId8BgOJ/NvT9obcoeTShggLQ5IxR6ZApW
;UODX9A9GZkxBwGQKjuusOFV+zQpWLGKAuiM3JG91NFRY8/z5GEZgSGrTaArrh81aN3/ED2Alc4ihJCQ
;cS3swS1Lzxs4PSmRPf9psCYzruT9afM0OXjljm7ASPhJ5fApKT+DT+X0sEiAerjZXxYT2ahk8k00IfT
;jZ7nx4SyQ3ZS0ogaORDkN0f3fAYw6H2JI7WWvEGWAhf5qhTUl/FBlVHQa4k5FiLwcgbcJ2OILaqzNbY
;PcbXj1Jj7whJiRmfCVIXPX8/BJLYiAdqAVn6/WMGHVP63wpTRbppiE5JH13M0RR7fzjGF9iQWrxaAiP
;0c1ZMQyofH4MVKuWDkpjFBlVXlHy/PgTSW5McvF2BIraozNZa/cRUClz6dZISnsUdDpJWO2jjH0vB1N
;y3VoOhdqoKGhvxxJLImObiiIsHWd8IXJR6NDlfSwHIB6uBUHrtM0pW3/3DFA6coynEiwecX08Q1re0f
;4JTnNJccBaFYrApDVoYccYWk0V7NVNSh19YTBJPaKjkX1ca1NB3ncCg9GsLl5izyNdKHK2oSgnC3FrN
;FlI88bOEUZ0VB6tJWfrtP10BzeZTg9jJtLgfWRLLyhiHROxmKBNHykQJZ8yV8WEzW83DKgPUz5Jmaco
;Ih51bTxDWt7A6BFGaUR73FoLhMOoKGhkzR1LKGS2oSgnC3FrNFlI88bOEUZ0VB6tAmfrtP10BzeZTQ9
;NI+nVTTkXZ0YlX1jpxvAJRmlHQc18C4LaqT9FU90MTyhktr0oKw9xawpZWOzT9A9Oc1Vsy1oLgse5Wj
;QLqHw/fTjZ7nx8SxQpVS098s/iIl91RXbLZBOC2qoFW2nOCGArc4yxEiIedW0wX2L1xvwNSnVBatt3A
;rTYpClDDKt7P00W2ft9cUogKVUPPYGj4hFcWFBsy20CisCkNFBTxRVREnqIrCg4JGBwOEhi7criCS8E
;IB6uBWfGtM1aRGDbI08/c4GwLD4Sen4KXVTy1/4TcG9Ff9pgFbTAqDdHadodSzhkjIohIwhgGVYqPYG
;joVMfPBEongVA67TNKVt/9wxNKH6MtDkjFXNGJUJO9fziHk5pTnfAYjiP0aE7TlPEFUw5FurSTUp7JD
;dlFg6vk5FbLwcgbcJ2OJvGqDJSbdwVUSpJmacoFQh3eDtDVO/EzhlKa0Fn8WkOmMDNWTAMqHwPYybS5
;mN6eyUZVS1O7dDODV1iSHvPcQ6F05IoXmvACGArc4yxEiIedW0wX2L1xvwNSnVBatt3ArTYpClDDKt7
;P00W2ft9cUogKVUIPYGj4hFcWFBsy20CisCkNFBT3BVSKEmdsCA6HmZ4IVhP5Pz2D053SB6tJ2frtP1
;0BzedTBF9LdjnfXpVJCJkHQ2vk6pOGTcQMJ4+VtyE42o3Lah8Pz56moo9OBJ6bTxDWt7B9Blwc0Vz3m
;AVisC4KFJTxBVMORbq3E1KeyQ3ZRYMtpO/TS80IB6udguY670oXmLcFVEqSYqsISMVcHwnclHu1PQPc
;G9Ff9pgFbTAqDdHadodSzhkjIohIwhgGVYqPYGjoVMfPBEvngVU67TNKVt/9wxNJHidvCMtJHdgOURT
;5cbjIlp3UHvcWg+O1bk/RVPcGVI9c5u0OT8JcUY5RE71o5J6LwcgLoA1XNqC/VoZDKh8TCFltqU/IxV
;gcDtKYu3G9wlwYUV7yloPjtW5P0VT3BlSPXObtDk/CXFGOURO9aOSei8HIC6ANVzagP1aFwyofEwhZb
;alPyMVYHA7SmLsyv8iQ2ZZe9xaE4LZqAVbZdsIP04W6dVNSlAUGVVeUfL84Q9GaVR3wGI4m92+Llhi9
;xRaLGKMpxI+HnlpMF9c9dbjGHBrSW3aBWTstM1aByKYRw57JunwTUp7Z3Umck3zyv8JRmlHQd5qFJ/r
;vjlWYsYVUSpJjbAhKwJLdTxeSYGgln0vBxAwnj5UxYTNfjcMqA9TPkmZpyQkD313MnJN88bODkxmTnD
;HawC00Kg2VnX3EFY+YunWSkp7FCl7HQayjaF9AAcgHt1pFLTEvzNZeMESWBJkgLIlPiRyfDBJYunG8A
;lKdX9qy2gXjsasLkJ+zSNTJGWd1U5NexQZZQMNupKlTS8kIB6udguY670oXmLcFVEqSZ28IC8kYHw4X
;VjzwuUIXWJ/edxkF4O0zlM3DKhMEX0t2OJ9ZEsUAVUtPfLP4iJdaElB3GAAgtujBURvyRJgIHmNsE1J
;fRQZVURO7cL/GS8SIB6udguY6745VmLGFVEqSZqwPD8eenowLT6Po5F9RmlGd8JpWYjboy5Yedp8Mk0
;W6aYhOSRnfDRAYvXa4RgvBCQergUJhNqoWi4MqHxMIWW2piUjHnh9CkxR5szjFFtvTUHafBeOtM5YNw
;yoKg5NCunVTTkXZ0YmRVTkz/UiRmlGd8JpOIraqjZSU8QVTDkW6tJNSnsmK2AWDrCWkVsvByBtwnY4n
;9ykNGh7yRBTEnKGoC8mHkt1PENY8vzjGF9iQWrxaAiP0c1ZMQyofH4MVKuWDkpeFBlVXlHy/OUVRml/
;ac9pC7THpDRQYM0jUyR4jIo/LwtxeCFyUO7H9H0sASAerkQmqfaOGTctqHw/PnqaijklC0tqIF9b4MD
;0IkZpRnfCaTiK2qo2UlPEFUw5FurRTUp7JCJsHT2oo5F9XGpBcsJaBpnRrAVEY8QVWxJ/h7MkJhdLfz
;lCSt7A/hBfYk5tz3EOhNrNWWwMqHwPdibS5WN4QCQ3YRkJtZihUxs8EDCYNFPej/10ATeYUgh9I9Duf
;WRDLyl7GguwmqpMATIbLoA9UtyF9mgMPIZEB3Uv0uZ2elUtK2YcBrSYoVMWMhIulTRX0IX2WiAMqHxM
;InqAsRIjFXJwOUFi4M32EUpYTHfdcWfoss1aNzidRw5+I+nBTUp7Z3Y5RFneyv8bRmtMQd5kE5/RvzQ
;3D618P01agLsoOXsPGVUtTu7P+Blwbk54x2kLtMSsLkNp2hJgL3mdoSInexccVS09zcr/GFwHNh6uBR
;SexL01RXj3GEoserawNT4JYWo8QlOBoJ19LwdhcsIlApPAvy9Tadp8Jk0W6aY4Ogt7ayFyVO/F+BFDW
;EFwyWkCtNikKUMMq38/TRbE4XhKWxQZVV5I8dP+D1tYSXDIbAuH66IvQ2DBElo+SYytOTgOcHwnLT6N
;o5F9bmtMPst9E5nBqT9FDKR8P01lnKU9JQlgRiFUTeSjkngvByBSx2sCmLTdWjcM2wlPPXmboRI5D2Z
;4IUha+KOSeS8HIErcYALrs81aN3/dDE8iZJ3VTkB7FBkQW1jz2uYVSnVFHo0FZ+vHuChRbcsZYD55hb
;wpFRl7bSFCUN7K/xtGa0xB3mQTn9G/NDcPrXw/TVqAuyg5ezQZVS1O9NH3HExif23BaQ6P67k1R1PBE
;lkkeoWKPSsPYHwnQz2CppF9L0tJcMt2Z/+0zVpDacUMWj93naA/LyR2fDFyUejQ5X0sByAergVy67TN
;LlJh2BlNLGKcpygVF3F/IXJR6NDlfSwHIB6uBXHrtM0uUmHYGU0sYpynKBUJfX49WWLtyuIJLwQgHq4
;FZ+W0zVpDacUMUyxijIojJQ9xalUuPYGjkX0gByAe2WwXjuu5NUBp2iNSInKM1U5AexQZHENJ5NH9HE
;xiRB6+BWfrw6QqUlPcE0goZLamJSsLcRlWJD2Bo8MYTHNBcMlpAuu6zVo3e8EMWhJhiLkhFRZ7fTAtP
;oujkX1maVR73GkGiNGpWicMqHxQImyMij4iEnF1MXJJ+NP0fSwOIB6uUgaf0b8cVmDEfBBNFunXTUp7
;FRlVLXuBo5F8LwcgEa4FZ7i0qFpDDNx8Vk146bJNantTGSctUoHWkQ0vJyAvrgRn67TNWjcMuHw/TRb
;p1U1KexQZVS09gaORfS8HIB6uBWfrtM1aNwyqfD9NEunVTU57FBkoIz2BpZF9L2FMcd51Huu0zSB0DK
;gGfE0Wk5ZNSnsU1JnhA4CjkbVtByDW7ARn67TNWv9NqHw/TRTp1U1IexQZVak+gaKRfedGIB6uBWfrl
;I2X+8CWfD9NFunV1gl7FIIWLT1d4aV9LwcgHq4FZeu0zU43DKh8P00W6dVNSnsUGVUtPYGjkX0vByEe
;rgVn67TNWjcMqHw/TRbp1U1KuRkZVS09gaPJfS8HAx6uBQKTwL8vU2naTWAuY5qhIickZGs8Q0ngwf0
;YcHVFecdqCbTMzVs3DKh8P00W6dVqSnsUfC1ZT/TH9A8eWENr3XEIhuu9KF5i3B1dIXO2pygtEnt3Cl
;VO6Nn0fS4HIB6uBeeA9M15NwyoGUc5ZJyxKDhKS3ogXknuzs4NXW5Oas9nC47rvz9QZccSYDQW6NVNS
;nsUGVUtPaajkX1Kf1Rs22ECmYWSOUJ/3BNSEmabvCM+GnZ1MHJP5MT4EkFYWW3HfwLrtc1aNwyo/FQN
;FsrVTUoebG0nWFnk0aMiTHJTasFoOJvGpDRDbcoQWhJkjLIkJRVLYVUsPYGjkX0vByAeiQVn69G1LkV
;5zBlNf0mKoD4+FHlGJV9U79fwH0Nif2zLYg6E2pIiRGXSGT9MFunVTUp7FBlVDj2Bo/QFW3VVest3Vb
;TXuClDY8UjTz9/h6EsKBdxRidIWujM/yJWByEergVn67TNWjcrqHw/KG6dpzguHmYrCk5I8tf+EHB3U
;nfAcQaJ2KgFRWnPFVAjSZCmJDAeFBhVLT2Bo5F9Lwc1Hq4FCorXpTNZafcdUhJijLYlJBR4djJUPYCj
;kX0vByAergV367TNN1ZvwBVRKEmLtDguCXVtMC08gaORfS8nLF+uFGfrtKA7VGTBEloSdIyxEjkTdWk
;wLTyBo5F9LwcgHq4RZ+u0oDtUZMESWhJ0jLESPh55aQpAXPmjkH0vByAeLl4n663NWjdhyR9XJHiMii
;8vF2BGMkxT9dHoIk5pR3LLBWbrtM1aN4zuPD9bFunVICsYfHA7SGLizPwNSmlTf9psCIXrtVo2DKh8P
;00WsJVNXHsUGThMXunK/xhwZE9z3mAJmNW5M1hi9wU/TBbp1U1Ke01ZVQ89gaP8HExvSXDLWgOKwKwF
;UWXEGWA5fpy4LyQafXUKRVjoxPkJLwYgHq4FZ+swjVoWDKh8Uix1gbwjLyRweCFMYufK/Rhwc0hrw2c
;Jit2hBUBlzAhXTRfp1U1KexSdFS0wgaOREE5kSHfAYDiP3aAFTwypfD9NFumVIgp7GRlVLVDgwPkUQW
;J/esdoOJK0zFo3DKh8fyJW6dhNSnt5eDZFVO/GzhlGan9krgRn67TNWndj6HwjTRbpuCwpE313MHJZ6
;NDlHEFkRUHIdwiG6681RWjNDj9MFunVTUp7EFlVOT2Bo/wcTG9JcMtaApPAvy9TadojUTh76dRNSnsU
;GVXdAoG5kX0vakF9xmwJjuuoIkN+3RhaP0mGsys5HmBGLR89gKORfS8HICfuBX3rtM03Vm/AFVEoSYy
;tOTgOcHwnclLnxeIYW1hZLK4EZ+u0zVo3DKh8LU0W6bgsKRN9dzByW+jP8BBKaVRBnwVm67TNWjcMqD
;w/Xxbp1SArGHxwO0hi58r9HEJiTmrxN2fqtM1aNwyofH9NNenVTScad3E8Q1jexfgPQnBBbMtaBojXq
;DZSfskIViJ4trASJxpsGVQtPYGjkfXsRyA4rgVnhtWuMl5izSNZJGSEoiw4Hkt4Nk5Y7cbjHFtuT3Dx
;dRWC2rkzWWuofT9NFunVDcU7FDxVLT3swvIVRmlFQchsFYbDrChSU8kfXCh6jKcsPhJ7dwpfWPXR8B5
;bByEergVn68RqGjcoqHw/IHeKvSQkHkt/PF9Q9sLjGHBmQ33LaQKZ1bkzWGL3CE0sYIy5TUt7FBlVLX
;0O45FeLwcgc89mD4LaqAVRZdoRSCxkjIosKRhxdTBfXPXK/hNwf39zz31n6rTNWjcMPL1/TTXp1U0nG
;ndxPENY3sX4D0JwQWzLWgaI16g2Un7JCFYieLasEicabBlULT2Bo5Hp7kcgPa4FZ4bVrjJeYs0jWSRk
;hKIsOB5LeDZOWO3G4xxbbk9w8X84htW1WjYMqHw/TRawlU1VexQZOExe6cr/GHBhSWzDcgaZ0ZI8Umn
;MDl45c7awEicabBlULT2Bo5F9FkcgAa4FZ4bVrjJeYs0jWSRkhKIsOB5LfzBIWfPC5Rhwf39zz31n6r
;TNWjcMaA5/TQnp1U0nGndxPENY3sX4D0JwQWzLWgGO0akoVnjNI0YSe4itTUt7FBlVLf3z45FiLwcgc
;89mD4LaqAVRZdoRSCxkjIorLx5wazRZWN7ZzhBOfyAfrgVn67TNTncMv3w/TXuItiUjFXFGM0RP7NTw
;D0pYSnvcbjiOtMxaNwyofD9ZVunCTUp7eXg2RVTvxs4bRnVNac93ArTeqChcU9B8Pk0W6dVNSlNUGUI
;tPYHO8B5Hbk578WMOmdm6O0Vp9xZaP322rE1LexQZVS09qeORai8HIHPPZg+C2qgFUWXaEUgsZIyKJy
;8Jf0YvLTwbOgjktp75Ia4QZ+u0oDtUZMESWhJxiLs5OAJLcTBEWunXkXwvByAergVn67TZWjcMxR1cJ
;X+HsBItGHt9MHJc4tf4EkEHIR6uBWfrtM1aNxKofD8gd4q9JCQeS342Qlnk/OUVWmpCcM9sC7TcqDNQ
;ZNx8Pk0W6dVNShJUGUgtPYHO8B5Hbk578WIEhNCoBUNk3RFdI3eAuRI9EnBtPS08gaORfS8HSV6uGmf
;rtKA7VGTBEloSeoimORUOZHU6TFne0PQPWWJSQdp8F460zFo3DKh8P00W6cJNSnt5eDZFVO/GzhNAfV
;pyy1oDgtWgP0Np2nw+TRbpddTToisZTC09gc7wHkduTnvxawiRzqE/aGjBHVIoYoynEnh7FRlVLZ0YO
;khCLx4gHq5oBojcpDRSU8YTRTd6jIo5LxZkRjhMRd6SkXwvByAermUUq7TUWjcMxR1cJX+HsBIkFG5j
;OUhi9cb8DXBqQWbxN2fqtM1aNwzID39NBOnVTScad3E8Q1je0+MUQXN/c8FhAuu1zVo3DKh8P00WyNV
;NShZ1ej1EU+T84Q9AalBq8XAUjuu/O1F49whXP3OavSImHxQYVS09gaNRH28HLR6uBQqK16UzWWn3D0
;soZozVTEp7FBlVLT2Bo7N9LwdNf81tDoXRkixeftwJXiFJjK05OA5wfCdyUufF4hhbWFgsrgRn67TNW
;jc16HwdTRbpuCwpE313MHJL6NHlCE5rf3vWcRWe0KgoaGPOGkwoYrasf0p6FBlVLT2Bo5F9DgcgHst9
;E5nBqT9FPfcfSj5ihrgSOgl9dyFMX+3Gzg9KYElxwAVl67TsWjcMzQRLP2ONsD94JHdsJllS7PzhD0Z
;pVH/MaQK0xqg9XmPGfD1NFuXVTUoWdXo9RFPk/PMYQ3MgHK4FR+u0zTdWb8AVUShJiqA+PhR5RiVfVO
;/X+BNIWFBsx2oVgsC0WjUMqGQ/TRaEtC4iEnp8Cklc9cLOHkBpVHvAcTiK0KlaNQ2oaT9NFoS0LiISe
;nwKSVz1ws4bRmtFQc9hA+u2zFoTDKh8Uix1gbwjLyRxYSFfSOXG4yJccElqzW04nNWkLmhkzR1LJHiO
;1U9KewcZVS1Q4MD5FEFif3jPaziI26MuRWPEfD1MFvLVTUoWdXo9RFPk/PcUXWpXf9xgOJnRuShWb9w
;VUCMW69VNansUGThMXunK/xhwYUlsw3IGmdGSLl5hzSNaPmKAuCw+Ent3VS89gb6RfS9qQX3GbAmO66
;o5WGjNI1oSe5y5OSMLeGAKS1Hu1JF/Lwc7Hq4FCorXpTNZafcbXCJyjIo5Ig55eztMVO388BlLByIer
;hVn67SgO1RkwRJaEn6MtDkVGXF9VS88gbCRfS9qQX3GbAmO66Q+UnT3D0Y+Yoy4TUh7FAVVLT3swvIV
;RmlFQcFoDp/rvztef80IUDh1gYouJR9xGVctPZSjkX1CZkN2x2sCtNu/M1BlxiNcKHidsD9KeRQZQi0
;9gc7wHkduTnvxdRWE2b0uaHnbGWA/d4+hTUh7FDNVLT3swvIVRmlFQd53CIbEuQVCf80jTSxwnYopPw
;t4cDZMSejM/yJCblJswXdn6bTNQDcMqBFeLn6AuygVCXF1NFlU98bOGFdzUmvdbAiFtM9aNy+ofD8gd
;4q9JCQeS2swXlj1/PQiQ2JOedptOIfVtD9FU8sUXiNxjNVPSns2GVUtUODA+RRBYn9oz2kOj9W5P2h8
;2hVROX+HshI6CX12J0RJ+KOTfC8QIB6uahGOxr8zU2n3D1MkdYyKPi8PYHA7Sk6BoZF9OAcgHsZgBp/
;doz1of8ERSiF3nbwiJCRweCFMPYKjkX0vBzcergUKitelM1lp9xpWIXeEsCM+JHp4OEhisKOSdy8HIE
;7iREfamvpvWmGoaz9NFoS0LiISenwKS1TtwvwYQXN/cM9oArSGzVk9DKh8bwFXyeRjfU55dFU8PYGj/
;BxMb0lwy1oBgtioBVltxRk/ThDp1U0sF3tpJVQ9lKORfUJmQ3bHawK00qQoWnvJDloSYpClKEp4ExlV
;LXbtyuENSnUgFK4FZ4bVrjJeYs0jVikW6vFNSntxLDYYXrPAqFAWNBcsgzEF0o3gYg85n1EOeyXb4nt
;yQnV9MR09k6ORfUJmQ3bHawK02fxqBz33H1Apc+nWTUp7FBlHLT2BzvAeR25Oe/FoVtuE/wVUY8wZP0
;4W6dVNSmkUGVVAXOLL+BNKWE0snjVXtNeiPlIMq3w/TRbp2U1Ke3l4NkVU78bOCVZ3RR6tA2frtKs2W
;HzYBT9UFunVICsYfHA7SGL12uEYcGZCfNxgEYLVuTNYYqh/P00W6dVNSnsUGVUtPZGjkX0vByAergVn
;67TNWjcMqHw/Txbp1TY3AhYZVSw9gaPkfy8HKh6uBTen9e1rGTudEVJNFuk1ckp7j11VLXrCJnq6bgd
;ggusFZxHyzVqLToB+P00W6dVNRXsUGUUtPYHF+BFOakVw2loDjtq+M0N1qH0/TRbp1S3ZOxQIVS0958
;r9HEJiTmrxYQ6K2aguUn6ofT9NFunVTbZEFAhVLT3nyv0cQmJOavFjC4TDvztDaah9P00W6dXNHTsUF
;1UtPefK/RxCYk5q8XUVgteoWjYMqHyfPevRlU1YexQZM0RR4M70E1tYVnvcbAGS66Q+Nw2ofD9NlnkW
;DUpsFBlVQkvk0eMUS2J/bcJsBI7rvj9DeMESWD4W69VNRHsUGTNEUeDO9BNbWEJsz2sD67fKWjcM+h1
;WPnPakU1fexQZM0RR4M70E1tYRHfddQuKzZI0VmHNfDxRFunVFhgafWowHnncg8EPSmpJa8MlN6f17W
;sZO50RUk0E6dVNLBJ4eDhIU/X89xRDYn9wz2gC67fHWjcM+DB+bSfH4ngnFhQLVS0958r9HEJiTmrxY
;gSE0KgFUmLMfDxNFunVTV57FBkzRFHgzvQTW1hHfcFhArTHuTtFeKh/P00W6dVGSnsUfzxBXOzG/wlw
;bkQerSFn67T+OAU/kB9beTuN7X0rViAqN04QucaoGwI1GH+WZ1eJ1/U8Vj+ocT9NFo+8ISsWcXchclP
;gzvR9LA0gHq5VK6qU/HQAOcURP1cW6dUrIxd1dDBDSd7N8BBKWEF8zHcCnd2sLl5jxnw8Thbp1R0GOh
;QXVS0958r9HEJiTmrxawif0b5aNAyofD9NFunVTUp7FBlFLT2Bo5F9LwcgHq4FZ+u0zVo3DKp8P01tl
;NVNSnsUGVUtPYGjkX0vByAergVn67TNWjcMqHw/TRbp
;Data end
;Recover start:29
;G21
;G90
;G28 X0 Y0
;G92 X0 Y0 Z{z}
;M221 T0 S94.00
;M140 S50.00
;M104 T0 S190.00
;M109 T0 S190.00
;T0
;M190 S50.00
;G21
;G90
;M82
;M106 S0
;T0
;G92 E0
;G1 F140 E29
;G1 X20 Y0 F140 E30
;G92 E0
;T{current_extruder}
;M106 S{current_fan_speed}
;G92 E{current_extrusion}
;G0 F6000 X{x} Y{y} Z{z}
;G0 F{current_travel_speed}
;G1 F{current_extrude_speed} E{current_extrusion}
;{current_unit}
;{current_pos_abs}
;{current_extrude_abs}
;M117 Printing...
;Recover end
;Print Time: 6243
;Material#1 Used: 9099.2
;Material#1 Cost: 0.68
