;Sliced by ideaMaker 5.5.0.8810, 2026-09-25 19:48:29 UTC+0200
;Slicer Version: 5.5.0.8810
;Dimension: 250.000 250.000 250.000 0.400
;Plate Shape: 0
;Origin Center: 0
;Extruder Offset #1: 25.000 0.000
;Filament Diameter #1: 1.750
;Filament Diameter #2: 1.750
;Filament Compensation #1: 100.000
;Filament Compensation #2: 90.000
;Filament Density #1: 1240.000
;Filament Density #2: 1240.000
;Filament Type #1: PLA
;Filament Type #2: PLA
;Filament Name #1: [Raise3D] Premium PLA 1.75mm
;Filament Name #2: [Raise3D] Premium PLA 1.75mm
;Filament #1: PLA 1.75mm
;Filament #2: PLA 1.75mm
;Printer Type: floppy
;Firmware: Klipper
;Bounding Box: 99.835 150.165 99.884 150.115 0.000 50.000
;Model Gap: 0.000
M221 T0 S100.00
M140 S60.00
M104 T0 S200.00
M109 T0 S200.00
T0
M190 S60.00
G21 ;metric values
G90 ;absolute positioning
M82 ;set extruder to absolute mode
M107 ;start with the fan off
G28 X0 Y0 ;move X/Y to min endstops
G28 Z0 ;move Z to min endstops
G1 Z15.0 F9000 ;move the platform down 15mm

G92 E0 ;zero the extruded length

G0 X43 Y27 F2000  ;go to the edge of the bed
G92 X0 Y0 E0 ;set zero to edge of the bed
G0 F9000 Z1 ;Z up with 1mm
G1 F200 Z0 ;Z home slowly

G1 Z15.0 F9000 ;move the platform down 15mm

G1 F9000 ;speed setting
G92 E-3 ;retraction
M117 Printing...
M1001
;TOTAL_NUM: 1
;PRINTING_TIME: 0
;REMAINING_TIME: 6284
;LAYER:0
;Z:0.250
;HEIGHT:0.250
M106 S0
;PRINTING: Flow_Calibration_Cube_0.4_mm.stl
;PRINTING_ID: 0
G1 F2400 E-3.0000
G0 F3900 X100.035 Y100.084
G0 F300 Z0.250
;TYPE:WALL-OUTER
;WIDTH:0.400
G1 F1500 E0.0000
G1 F2400 X149.965 Y100.084 E2.0758
G1 X149.965 Y149.915 E4.1476
G1 X100.035 Y149.915 E6.2234
G1 X100.035 Y100.084 E8.2952
G0 F3900 X100.435 Y100.484
;TYPE:WALL-INNER
;WIDTH:0.400
G1 F2400 X149.565 Y100.484 E10.3377
G1 X149.565 Y149.515 E12.3762
G1 X100.435 Y149.515 E14.4188
G1 X100.435 Y100.484 E16.4573
G0 F3900 X100.835 Y100.884
G1 F2400 X149.165 Y100.884 E18.4666
G1 X149.165 Y149.115 E20.4718
G1 X100.835 Y149.115 E22.4811
G1 X100.835 Y100.884 E24.4864
G0 F3900 X101.235 Y101.284
G1 F2400 X148.765 Y101.284 E26.4624
G1 X148.765 Y148.715 E28.4344
G1 X101.235 Y148.715 E30.4104
G1 X101.235 Y101.284 E32.3824
G1 F2400 E29.3824
G1 F300 Z0.450
G0 F3900 X101.418 Y148.087
;TYPE:SOLID-FILL
;WIDTH:0.400
G1 F300 Z0.250
G1 F1500 E32.3824
G1 F2400 X101.861 Y148.530 E32.4084
G0 F2400 X102.427 Y148.530
G1 F2400 X101.418 Y147.522 E32.4677
G0 F2400 X101.418 Y146.956
G1 F2400 X102.992 Y148.530 E32.5603
G0 F2400 X103.558 Y148.530
G1 F2400 X101.418 Y146.390 E32.6861
G0 F2400 X101.418 Y145.825
G1 F2400 X104.124 Y148.530 E32.8452
G0 F2400 X104.689 Y148.530
G1 F2400 X101.418 Y145.259 E33.0375
G0 F2400 X101.418 Y144.693
G1 F2400 X105.255 Y148.530 E33.2631
G0 F2400 X105.821 Y148.530
G1 F2400 X101.418 Y144.128 E33.5220
G0 F2400 X101.418 Y143.562
G1 F2400 X106.387 Y148.530 E33.8141
G0 F2400 X106.952 Y148.530
G1 F2400 X101.418 Y142.996 E34.1395
G0 F2400 X101.418 Y142.431
G1 F2400 X107.518 Y148.530 E34.4981
G0 F2400 X108.084 Y148.530
G1 F2400 X101.418 Y141.865 E34.8900
G0 F2400 X101.418 Y141.299
G1 F2400 X108.649 Y148.530 E35.3152
G0 F2400 X109.215 Y148.530
G1 F2400 X101.418 Y140.734 E35.7736
G0 F2400 X101.418 Y140.168
G1 F2400 X109.781 Y148.530 E36.2652
G0 F2400 X110.346 Y148.530
G1 F2400 X101.418 Y139.602 E36.7902
G0 F2400 X101.418 Y139.036
G1 F2400 X110.912 Y148.530 E37.3484
G0 F2400 X111.478 Y148.530
G1 F2400 X101.418 Y138.471 E37.9398
G0 F2400 X101.418 Y137.905
G1 F2400 X112.043 Y148.530 E38.5646
G0 F2400 X112.609 Y148.530
G1 F2400 X101.418 Y137.339 E39.2225
G0 F2400 X101.418 Y136.774
G1 F2400 X113.175 Y148.530 E39.9138
G0 F2400 X113.740 Y148.530
G1 F2400 X101.418 Y136.208 E40.6383
G0 F2400 X101.418 Y135.642
G1 F2400 X114.306 Y148.530 E41.3960
G0 F2400 X114.872 Y148.530
G1 F2400 X101.418 Y135.077 E42.1870
G0 F2400 X101.418 Y134.511
G1 F2400 X115.438 Y148.530 E43.0113
G0 F2400 X116.003 Y148.530
G1 F2400 X101.418 Y133.945 E43.8689
G0 F2400 X101.418 Y133.380
G1 F2400 X116.569 Y148.530 E44.7597
G0 F2400 X117.135 Y148.530
G1 F2400 X101.418 Y132.814 E45.6837
G0 F2400 X101.418 Y132.248
G1 F2400 X117.700 Y148.530 E46.6411
G0 F2400 X118.266 Y148.530
G1 F2400 X101.418 Y131.683 E47.6316
G0 F2400 X101.418 Y131.117
G1 F2400 X118.832 Y148.530 E48.6555
G0 F2400 X119.397 Y148.530
G1 F2400 X101.418 Y130.551 E49.7126
G0 F2400 X101.418 Y129.986
G1 F2400 X119.963 Y148.530 E50.8029
G0 F2400 X120.529 Y148.530
G1 F2400 X101.418 Y129.420 E51.9265
G0 F2400 X101.418 Y128.854
G1 F2400 X121.094 Y148.530 E53.0834
G0 F2400 X121.660 Y148.530
G1 F2400 X101.418 Y128.288 E54.2736
G0 F2400 X101.418 Y127.723
G1 F2400 X122.226 Y148.530 E55.4970
G0 F2400 X122.791 Y148.530
G1 F2400 X101.418 Y127.157 E56.7536
G0 F2400 X101.418 Y126.591
G1 F2400 X123.357 Y148.530 E58.0435
G0 F2400 X123.923 Y148.530
G1 F2400 X101.418 Y126.026 E59.3667
G0 F2400 X101.418 Y125.460
G1 F2400 X124.488 Y148.530 E60.7232
G0 F2400 X125.054 Y148.530
G1 F2400 X101.418 Y124.894 E62.1129
G0 F2400 X101.418 Y124.329
G1 F2400 X125.620 Y148.530 E63.5358
G0 F2400 X126.186 Y148.530
G1 F2400 X101.418 Y123.763 E64.9920
G0 F2400 X101.418 Y123.197
G1 F2400 X126.751 Y148.530 E66.4815
G0 F2400 X127.317 Y148.530
G1 F2400 X101.418 Y122.632 E68.0043
G0 F2400 X101.418 Y122.066
G1 F2400 X127.883 Y148.530 E69.5603
G0 F2400 X128.448 Y148.530
G1 F2400 X101.418 Y121.500 E71.1495
G0 F2400 X101.418 Y120.935
G1 F2400 X129.014 Y148.530 E72.7720
G0 F2400 X129.580 Y148.530
G1 F2400 X101.418 Y120.369 E74.4278
G0 F2400 X101.418 Y119.803
G1 F2400 X130.145 Y148.530 E76.1169
G0 F2400 X130.711 Y148.530
G1 F2400 X101.418 Y119.238 E77.8392
G0 F2400 X101.418 Y118.672
G1 F2400 X131.277 Y148.530 E79.5947
G0 F2400 X131.842 Y148.530
G1 F2400 X101.418 Y118.106 E81.3835
G0 F2400 X101.418 Y117.540
G1 F2400 X132.408 Y148.530 E83.2056
G0 F2400 X132.974 Y148.530
G1 F2400 X101.418 Y116.975 E85.0610
G0 F2400 X101.418 Y116.409
G1 F2400 X133.539 Y148.530 E86.9496
G0 F2400 X134.105 Y148.530
G1 F2400 X101.418 Y115.843 E88.8714
G0 F2400 X101.418 Y115.278
G1 F2400 X134.671 Y148.530 E90.8266
G0 F2400 X135.237 Y148.530
G1 F2400 X101.418 Y114.712 E92.8150
G0 F2400 X101.418 Y114.146
G1 F2400 X135.802 Y148.530 E94.8366
G0 F2400 X136.368 Y148.530
G1 F2400 X101.418 Y113.581 E96.8915
G0 F2400 X101.418 Y113.015
G1 F2400 X136.934 Y148.530 E98.9797
G0 F2400 X137.499 Y148.530
G1 F2400 X101.418 Y112.449 E101.1011
G0 F2400 X101.418 Y111.884
G1 F2400 X138.065 Y148.530 E103.2558
G0 F2400 X138.631 Y148.530
G1 F2400 X101.418 Y111.318 E105.4437
G0 F2400 X101.418 Y110.752
G1 F2400 X139.196 Y148.530 E107.6649
G0 F2400 X139.762 Y148.530
G1 F2400 X101.418 Y110.187 E109.9194
G0 F2400 X101.418 Y109.621
G1 F2400 X140.328 Y148.530 E112.2071
G0 F2400 X140.893 Y148.530
G1 F2400 X101.418 Y109.055 E114.5281
G0 F2400 X101.418 Y108.489
G1 F2400 X141.459 Y148.530 E116.8823
G0 F2400 X142.025 Y148.530
G1 F2400 X101.418 Y107.924 E119.2698
G0 F2400 X101.418 Y107.358
G1 F2400 X142.590 Y148.530 E121.6906
G0 F2400 X143.156 Y148.530
G1 F2400 X101.418 Y106.792 E124.1446
G0 F2400 X101.418 Y106.227
G1 F2400 X143.722 Y148.530 E126.6319
G0 F2400 X144.287 Y148.530
G1 F2400 X101.418 Y105.661 E129.1525
G0 F2400 X101.418 Y105.095
G1 F2400 X144.853 Y148.530 E131.7063
G0 F2400 X145.419 Y148.530
G1 F2400 X101.418 Y104.530 E134.2933
G0 F2400 X101.418 Y103.964
G1 F2400 X145.985 Y148.530 E136.9137
G0 F2400 X146.550 Y148.530
G1 F2400 X101.418 Y103.398 E139.5673
G0 F2400 X101.418 Y102.833
G1 F2400 X147.116 Y148.530 E142.2541
G0 F2400 X147.682 Y148.530
G1 F2400 X101.418 Y102.267 E144.9742
G0 F2400 X101.418 Y101.701
G1 F2400 X148.247 Y148.530 E147.7276
G0 F2400 X148.580 Y148.297
G1 F2400 X101.750 Y101.467 E150.4810
G0 F2400 X102.316 Y101.467
G1 F2400 X148.580 Y147.731 E153.2011
G0 F2400 X148.580 Y147.165
G1 F2400 X102.881 Y101.467 E155.8880
G0 F2400 X103.447 Y101.467
G1 F2400 X148.580 Y146.600 E158.5417
G0 F2400 X148.580 Y146.034
G1 F2400 X104.013 Y101.467 E161.1621
G0 F2400 X104.578 Y101.467
G1 F2400 X148.580 Y145.468 E163.7492
G0 F2400 X148.580 Y144.903
G1 F2400 X105.144 Y101.467 E166.3030
G0 F2400 X105.710 Y101.467
G1 F2400 X148.580 Y144.337 E168.8236
G0 F2400 X148.580 Y143.771
G1 F2400 X106.276 Y101.467 E171.3110
G0 F2400 X106.841 Y101.467
G1 F2400 X148.580 Y143.206 E173.7650
G0 F2400 X148.580 Y142.640
G1 F2400 X107.407 Y101.467 E176.1859
G0 F2400 X107.973 Y101.467
G1 F2400 X148.580 Y142.074 E178.5734
G0 F2400 X148.580 Y141.509
G1 F2400 X108.538 Y101.467 E180.9277
G0 F2400 X109.104 Y101.467
G1 F2400 X148.580 Y140.943 E183.2488
G0 F2400 X148.580 Y140.377
G1 F2400 X109.670 Y101.467 E185.5365
G0 F2400 X110.235 Y101.467
G1 F2400 X148.580 Y139.811 E187.7910
G0 F2400 X148.580 Y139.246
G1 F2400 X110.801 Y101.467 E190.0123
G0 F2400 X111.367 Y101.467
G1 F2400 X148.580 Y138.680 E192.2003
G0 F2400 X148.580 Y138.114
G1 F2400 X111.932 Y101.467 E194.3550
G0 F2400 X112.498 Y101.467
G1 F2400 X148.580 Y137.549 E196.4765
G0 F2400 X148.580 Y136.983
G1 F2400 X113.064 Y101.467 E198.5647
G0 F2400 X113.629 Y101.467
G1 F2400 X148.580 Y136.417 E200.6196
G0 F2400 X148.580 Y135.852
G1 F2400 X114.195 Y101.467 E202.6413
G0 F2400 X114.761 Y101.467
G1 F2400 X148.580 Y135.286 E204.6298
G0 F2400 X148.580 Y134.720
G1 F2400 X115.326 Y101.467 E206.5849
G0 F2400 X115.892 Y101.467
G1 F2400 X148.580 Y134.155 E208.5069
G0 F2400 X148.580 Y133.589
G1 F2400 X116.458 Y101.467 E210.3955
G0 F2400 X117.024 Y101.467
G1 F2400 X148.580 Y133.023 E212.2509
G0 F2400 X148.580 Y132.458
G1 F2400 X117.589 Y101.467 E214.0731
G0 F2400 X118.155 Y101.467
G1 F2400 X148.580 Y131.892 E215.8619
G0 F2400 X148.580 Y131.326
G1 F2400 X118.721 Y101.467 E217.6175
G0 F2400 X119.286 Y101.467
G1 F2400 X148.580 Y130.761 E219.3399
G0 F2400 X148.580 Y130.195
G1 F2400 X119.852 Y101.467 E221.0290
G0 F2400 X120.418 Y101.467
G1 F2400 X148.580 Y129.629 E222.6848
G0 F2400 X148.580 Y129.063
G1 F2400 X120.983 Y101.467 E224.3074
G0 F2400 X121.549 Y101.467
G1 F2400 X148.580 Y128.498 E225.8967
G0 F2400 X148.580 Y127.932
G1 F2400 X122.115 Y101.467 E227.4527
G0 F2400 X122.680 Y101.467
G1 F2400 X148.580 Y127.366 E228.9755
G0 F2400 X148.580 Y126.801
G1 F2400 X123.246 Y101.467 E230.4651
G0 F2400 X123.812 Y101.467
G1 F2400 X148.580 Y126.235 E231.9213
G0 F2400 X148.580 Y125.669
G1 F2400 X124.377 Y101.467 E233.3443
G0 F2400 X124.943 Y101.467
G1 F2400 X148.580 Y125.104 E234.7341
G0 F2400 X148.580 Y124.538
G1 F2400 X125.510 Y101.468 E236.0905
G0 F2400 X126.075 Y101.468
G1 F2400 X148.580 Y123.972 E237.4137
G0 F2400 X148.580 Y123.407
G1 F2400 X126.641 Y101.468 E238.7036
G0 F2400 X127.207 Y101.468
G1 F2400 X148.580 Y122.841 E239.9603
G0 F2400 X148.580 Y122.275
G1 F2400 X127.772 Y101.468 E241.1837
G0 F2400 X128.338 Y101.468
G1 F2400 X148.580 Y121.710 E242.3739
G0 F2400 X148.580 Y121.144
G1 F2400 X128.904 Y101.468 E243.5307
G0 F2400 X129.469 Y101.468
G1 F2400 X148.580 Y120.578 E244.6544
G0 F2400 X148.580 Y120.012
G1 F2400 X130.035 Y101.468 E245.7447
G0 F2400 X130.601 Y101.468
G1 F2400 X148.580 Y119.447 E246.8018
G0 F2400 X148.580 Y118.881
G1 F2400 X131.166 Y101.468 E247.8256
G0 F2400 X131.732 Y101.468
G1 F2400 X148.580 Y118.315 E248.8162
G0 F2400 X148.580 Y117.750
G1 F2400 X132.298 Y101.468 E249.7735
G0 F2400 X132.863 Y101.468
G1 F2400 X148.580 Y117.184 E250.6976
G0 F2400 X148.580 Y116.618
G1 F2400 X133.429 Y101.468 E251.5884
G0 F2400 X133.995 Y101.468
G1 F2400 X148.580 Y116.053 E252.4459
G0 F2400 X148.580 Y115.487
G1 F2400 X134.561 Y101.468 E253.2702
G0 F2400 X135.126 Y101.468
G1 F2400 X148.580 Y114.921 E254.0612
G0 F2400 X148.580 Y114.356
G1 F2400 X135.692 Y101.468 E254.8190
G0 F2400 X136.258 Y101.468
G1 F2400 X148.580 Y113.790 E255.5435
G0 F2400 X148.580 Y113.224
G1 F2400 X136.823 Y101.468 E256.2347
G0 F2400 X137.389 Y101.468
G1 F2400 X148.580 Y112.659 E256.8927
G0 F2400 X148.580 Y112.093
G1 F2400 X137.955 Y101.468 E257.5174
G0 F2400 X138.520 Y101.468
G1 F2400 X148.580 Y111.527 E258.1089
G0 F2400 X148.580 Y110.962
G1 F2400 X139.086 Y101.468 E258.6671
G0 F2400 X139.652 Y101.468
G1 F2400 X148.580 Y110.396 E259.1920
G0 F2400 X148.580 Y109.830
G1 F2400 X140.217 Y101.468 E259.6837
G0 F2400 X140.783 Y101.468
G1 F2400 X148.580 Y109.264 E260.1421
G0 F2400 X148.580 Y108.699
G1 F2400 X141.349 Y101.468 E260.5672
G0 F2400 X141.914 Y101.468
G1 F2400 X148.580 Y108.133 E260.9591
G0 F2400 X148.580 Y107.567
G1 F2400 X142.480 Y101.468 E261.3178
G0 F2400 X143.046 Y101.468
G1 F2400 X148.580 Y107.002 E261.6432
G0 F2400 X148.580 Y106.436
G1 F2400 X143.611 Y101.468 E261.9353
G0 F2400 X144.177 Y101.468
G1 F2400 X148.580 Y105.870 E262.1941
G0 F2400 X148.580 Y105.305
G1 F2400 X144.743 Y101.468 E262.4197
G0 F2400 X145.309 Y101.468
G1 F2400 X148.580 Y104.739 E262.6121
G0 F2400 X148.580 Y104.173
G1 F2400 X145.874 Y101.468 E262.7711
G0 F2400 X146.440 Y101.468
G1 F2400 X148.580 Y103.608 E262.8969
G0 F2400 X148.580 Y103.042
G1 F2400 X147.006 Y101.468 E262.9895
G0 F2400 X147.571 Y101.468
G1 F2400 X148.580 Y102.476 E263.0488
G0 F2400 X148.580 Y101.911
G1 F2400 X148.137 Y101.468 E263.0748
;PRINTING_TIME: 174
;REMAINING_TIME: 6110
;LAYER:1
;Z:0.500
;HEIGHT:0.250
M106 S51
;PRINTING: Flow_Calibration_Cube_0.4_mm.stl
;PRINTING_ID: 0
G1 F2400 E260.0748
G1 F300 Z0.700
G0 F3900 X100.035 Y100.084
G0 F300 Z0.500
;TYPE:WALL-OUTER
;WIDTH:0.400
G1 F300 Z0.500
G1 F1500 E263.0748
G1 F2100 X149.965 Y100.084 E265.1507
G1 X149.965 Y149.915 E267.2224
G1 X100.035 Y149.915 E269.2983
G1 X100.035 Y100.084 E271.3700
G0 F3900 X100.435 Y100.484
;TYPE:WALL-INNER
;WIDTH:0.400
;FLOW:90.0
G1 F2400 X149.565 Y100.484 E273.2083
G1 X149.565 Y149.515 E275.0430
G1 X100.435 Y149.515 E276.8813
G1 X100.435 Y100.484 E278.7159
G0 F3900 X100.835 Y100.884
G1 F2400 X149.165 Y100.884 E280.5243
G1 X149.165 Y149.115 E282.3290
G1 X100.835 Y149.115 E284.1374
G1 X100.835 Y100.884 E285.9421
G0 F3900 X101.235 Y101.284
G1 F2400 X148.765 Y101.284 E287.7205
G1 X148.765 Y148.715 E289.4953
G1 X101.235 Y148.715 E291.2738
G1 X101.235 Y101.284 E293.0485
G0 F3900 X101.418 Y101.944
;TYPE:SOLID-FILL
;WIDTH:0.400
;FLOW:95.0
G1 F2700 X101.896 Y101.466 E293.0752
G0 F2700 X102.462 Y101.466
G1 F2700 X101.418 Y102.510 E293.1335
G0 F2700 X101.418 Y103.076
G1 F2700 X103.028 Y101.466 E293.2235
G0 F2700 X103.593 Y101.466
G1 F2700 X101.418 Y103.642 E293.3450
G0 F2700 X101.418 Y104.207
G1 F2700 X104.159 Y101.466 E293.4981
G0 F2700 X104.725 Y101.466
G1 F2700 X101.418 Y104.773 E293.6828
G0 F2700 X101.418 Y105.339
G1 F2700 X105.291 Y101.466 E293.8991
G0 F2700 X105.856 Y101.466
G1 F2700 X101.418 Y105.904 E294.1470
G0 F2700 X101.418 Y106.470
G1 F2700 X106.422 Y101.466 E294.4265
G0 F2700 X106.988 Y101.466
G1 F2700 X101.418 Y107.036 E294.7376
G0 F2700 X101.418 Y107.601
G1 F2700 X107.553 Y101.466 E295.0803
G0 F2700 X108.119 Y101.466
G1 F2700 X101.418 Y108.167 E295.4546
G0 F2700 X101.418 Y108.733
G1 F2700 X108.685 Y101.466 E295.8605
G0 F2700 X109.250 Y101.466
G1 F2700 X101.418 Y109.298 E296.2980
G0 F2700 X101.418 Y109.864
G1 F2700 X109.816 Y101.466 E296.7671
G0 F2700 X110.382 Y101.466
G1 F2700 X101.418 Y110.430 E297.2678
G0 F2700 X101.418 Y110.995
G1 F2700 X110.947 Y101.466 E297.8000
G0 F2700 X111.513 Y101.466
G1 F2700 X101.418 Y111.561 E298.3639
G0 F2700 X101.418 Y112.127
G1 F2700 X112.079 Y101.466 E298.9594
G0 F2700 X112.644 Y101.466
G1 F2700 X101.418 Y112.693 E299.5864
G0 F2700 X101.418 Y113.258
G1 F2700 X113.210 Y101.466 E300.2451
G0 F2700 X113.776 Y101.466
G1 F2700 X101.418 Y113.824 E300.9354
G0 F2700 X101.418 Y114.390
G1 F2700 X114.341 Y101.466 E301.6572
G0 F2700 X114.907 Y101.466
G1 F2700 X101.418 Y114.955 E302.4107
G0 F2700 X101.418 Y115.521
G1 F2700 X115.473 Y101.466 E303.1957
G0 F2700 X116.039 Y101.466
G1 F2700 X101.418 Y116.087 E304.0124
G0 F2700 X101.418 Y116.652
G1 F2700 X116.604 Y101.466 E304.8607
G0 F2700 X117.170 Y101.466
G1 F2700 X101.418 Y117.218 E305.7405
G0 F2700 X101.418 Y117.784
G1 F2700 X117.736 Y101.466 E306.6520
G0 F2700 X118.301 Y101.466
G1 F2700 X101.418 Y118.349 E307.5950
G0 F2700 X101.418 Y118.915
G1 F2700 X118.867 Y101.466 E308.5696
G0 F2700 X119.433 Y101.466
G1 F2700 X101.418 Y119.481 E309.5759
G0 F2700 X101.418 Y120.046
G1 F2700 X119.998 Y101.466 E310.6137
G0 F2700 X120.564 Y101.466
G1 F2700 X101.418 Y120.612 E311.6831
G0 F2700 X101.418 Y121.178
G1 F2700 X121.130 Y101.466 E312.7842
G0 F2700 X121.695 Y101.466
G1 F2700 X101.418 Y121.743 E313.9168
G0 F2700 X101.418 Y122.309
G1 F2700 X122.261 Y101.466 E315.0810
G0 F2700 X122.827 Y101.466
G1 F2700 X101.418 Y122.875 E316.2768
G0 F2700 X101.418 Y123.441
G1 F2700 X123.392 Y101.466 E317.5042
G0 F2700 X123.958 Y101.466
G1 F2700 X101.418 Y124.006 E318.7632
G0 F2700 X101.418 Y124.572
G1 F2700 X124.524 Y101.466 E320.0538
G0 F2700 X125.089 Y101.467
G1 F2700 X101.418 Y125.138 E321.3760
G0 F2700 X101.418 Y125.703
G1 F2700 X125.654 Y101.467 E322.7297
G0 F2700 X126.220 Y101.467
G1 F2700 X101.418 Y126.269 E324.1151
G0 F2700 X101.418 Y126.835
G1 F2700 X126.786 Y101.467 E325.5321
G0 F2700 X127.352 Y101.467
G1 F2700 X101.418 Y127.400 E326.9806
G0 F2700 X101.418 Y127.966
G1 F2700 X127.917 Y101.467 E328.4607
G0 F2700 X128.483 Y101.467
G1 F2700 X101.418 Y128.532 E329.9725
G0 F2700 X101.418 Y129.097
G1 F2700 X129.049 Y101.467 E331.5158
G0 F2700 X129.614 Y101.467
G1 F2700 X101.418 Y129.663 E333.0908
G0 F2700 X101.418 Y130.229
G1 F2700 X130.180 Y101.467 E334.6973
G0 F2700 X130.746 Y101.467
G1 F2700 X101.418 Y130.794 E336.3354
G0 F2700 X101.418 Y131.360
G1 F2700 X131.311 Y101.467 E338.0051
G0 F2700 X131.877 Y101.467
G1 F2700 X101.418 Y131.926 E339.7065
G0 F2700 X101.418 Y132.492
G1 F2700 X132.443 Y101.467 E341.4394
G0 F2700 X133.008 Y101.467
G1 F2700 X101.418 Y133.057 E343.2039
G0 F2700 X101.418 Y133.623
G1 F2700 X133.574 Y101.467 E345.0000
G0 F2700 X134.140 Y101.467
G1 F2700 X101.418 Y134.189 E346.8278
G0 F2700 X101.418 Y134.754
G1 F2700 X134.705 Y101.467 E348.6871
G0 F2700 X135.271 Y101.467
G1 F2700 X101.418 Y135.320 E350.5780
G0 F2700 X101.418 Y135.886
G1 F2700 X135.837 Y101.467 E352.5005
G0 F2700 X136.403 Y101.467
G1 F2700 X101.418 Y136.451 E354.4546
G0 F2700 X101.418 Y137.017
G1 F2700 X136.968 Y101.467 E356.4403
G0 F2700 X137.534 Y101.467
G1 F2700 X101.418 Y137.583 E358.4576
G0 F2700 X101.418 Y138.148
G1 F2700 X138.100 Y101.467 E360.5065
G0 F2700 X138.665 Y101.467
G1 F2700 X101.418 Y138.714 E362.5870
G0 F2700 X101.418 Y139.280
G1 F2700 X139.231 Y101.467 E364.6991
G0 F2700 X139.797 Y101.467
G1 F2700 X101.418 Y139.845 E366.8428
G0 F2700 X101.418 Y140.411
G1 F2700 X140.362 Y101.467 E369.0180
G0 F2700 X140.928 Y101.467
G1 F2700 X101.418 Y140.977 E371.2249
G0 F2700 X101.418 Y141.542
G1 F2700 X141.494 Y101.467 E373.4634
G0 F2700 X142.059 Y101.467
G1 F2700 X101.418 Y142.108 E375.7334
G0 F2700 X101.418 Y142.674
G1 F2700 X142.625 Y101.467 E378.0351
G0 F2700 X143.191 Y101.467
G1 F2700 X101.418 Y143.240 E380.3684
G0 F2700 X101.418 Y143.805
G1 F2700 X143.756 Y101.467 E382.7332
G0 F2700 X144.322 Y101.467
G1 F2700 X101.418 Y144.371 E385.1297
G0 F2700 X101.418 Y144.937
G1 F2700 X144.888 Y101.467 E387.5578
G0 F2700 X145.453 Y101.467
G1 F2700 X101.418 Y145.502 E390.0174
G0 F2700 X101.418 Y146.068
G1 F2700 X146.019 Y101.467 E392.5087
G0 F2700 X146.585 Y101.467
G1 F2700 X101.418 Y146.634 E395.0315
G0 F2700 X101.418 Y147.199
G1 F2700 X147.151 Y101.467 E397.5860
G0 F2700 X147.716 Y101.467
G1 F2700 X101.418 Y147.765 E400.1720
G0 F2700 X101.418 Y148.331
G1 F2700 X148.282 Y101.467 E402.7897
G0 F2700 X148.580 Y101.735
G1 F2700 X101.785 Y148.530 E405.4035
G0 F2700 X102.350 Y148.530
G1 F2700 X148.580 Y102.301 E407.9857
G0 F2700 X148.580 Y102.867
G1 F2700 X102.916 Y148.530 E410.5363
G0 F2700 X103.482 Y148.530
G1 F2700 X148.580 Y103.432 E413.0553
G0 F2700 X148.580 Y103.998
G1 F2700 X104.047 Y148.530 E415.5427
G0 F2700 X104.613 Y148.530
G1 F2700 X148.580 Y104.564 E417.9985
G0 F2700 X148.580 Y105.129
G1 F2700 X105.179 Y148.530 E420.4227
G0 F2700 X105.744 Y148.530
G1 F2700 X148.580 Y105.695 E422.8154
G0 F2700 X148.580 Y106.261
G1 F2700 X106.310 Y148.530 E425.1764
G0 F2700 X106.876 Y148.530
G1 F2700 X148.580 Y106.826 E427.5058
G0 F2700 X148.580 Y107.392
G1 F2700 X107.442 Y148.530 E429.8036
G0 F2700 X108.007 Y148.530
G1 F2700 X148.580 Y107.958 E432.0699
G0 F2700 X148.580 Y108.523
G1 F2700 X108.573 Y148.530 E434.3045
G0 F2700 X109.139 Y148.530
G1 F2700 X148.580 Y109.089 E436.5076
G0 F2700 X148.580 Y109.655
G1 F2700 X109.704 Y148.530 E438.6790
G0 F2700 X110.270 Y148.530
G1 F2700 X148.580 Y110.220 E440.8189
G0 F2700 X148.580 Y110.786
G1 F2700 X110.836 Y148.530 E442.9271
G0 F2700 X111.401 Y148.530
G1 F2700 X148.580 Y111.352 E445.0038
G0 F2700 X148.580 Y111.918
G1 F2700 X111.967 Y148.530 E447.0488
G0 F2700 X112.533 Y148.530
G1 F2700 X148.580 Y112.483 E449.0623
G0 F2700 X148.580 Y113.049
G1 F2700 X113.098 Y148.530 E451.0441
G0 F2700 X113.664 Y148.530
G1 F2700 X148.580 Y113.615 E452.9944
G0 F2700 X148.580 Y114.180
G1 F2700 X114.230 Y148.530 E454.9130
G0 F2700 X114.795 Y148.530
G1 F2700 X148.580 Y114.746 E456.8001
G0 F2700 X148.580 Y115.312
G1 F2700 X115.361 Y148.530 E458.6556
G0 F2700 X115.927 Y148.530
G1 F2700 X148.580 Y115.877 E460.4795
G0 F2700 X148.580 Y116.443
G1 F2700 X116.493 Y148.530 E462.2717
G0 F2700 X117.058 Y148.530
G1 F2700 X148.580 Y117.009 E464.0324
G0 F2700 X148.580 Y117.574
G1 F2700 X117.624 Y148.530 E465.7615
G0 F2700 X118.190 Y148.530
G1 F2700 X148.580 Y118.140 E467.4590
G0 F2700 X148.580 Y118.706
G1 F2700 X118.755 Y148.530 E469.1248
G0 F2700 X119.321 Y148.530
G1 F2700 X148.580 Y119.271 E470.7592
G0 F2700 X148.580 Y119.837
G1 F2700 X119.887 Y148.530 E472.3618
G0 F2700 X120.452 Y148.530
G1 F2700 X148.580 Y120.403 E473.9329
G0 F2700 X148.580 Y120.968
G1 F2700 X121.018 Y148.530 E475.4725
G0 F2700 X121.584 Y148.530
G1 F2700 X148.580 Y121.534 E476.9803
G0 F2700 X148.580 Y122.100
G1 F2700 X122.149 Y148.530 E478.4567
G0 F2700 X122.715 Y148.530
G1 F2700 X148.580 Y122.666 E479.9014
G0 F2700 X148.580 Y123.231
G1 F2700 X123.281 Y148.530 E481.3145
G0 F2700 X123.846 Y148.530
G1 F2700 X148.580 Y123.797 E482.6960
G0 F2700 X148.580 Y124.363
G1 F2700 X124.412 Y148.530 E484.0459
G0 F2700 X124.978 Y148.530
G1 F2700 X148.580 Y124.928 E485.3642
G0 F2700 X148.580 Y125.494
G1 F2700 X125.543 Y148.530 E486.6510
G0 F2700 X126.109 Y148.530
G1 F2700 X148.580 Y126.060 E487.9061
G0 F2700 X148.580 Y126.625
G1 F2700 X126.675 Y148.530 E489.1296
G0 F2700 X127.241 Y148.530
G1 F2700 X148.580 Y127.191 E490.3215
G0 F2700 X148.580 Y127.757
G1 F2700 X127.806 Y148.530 E491.4819
G0 F2700 X128.372 Y148.530
G1 F2700 X148.580 Y128.322 E492.6106
G0 F2700 X148.580 Y128.888
G1 F2700 X128.938 Y148.530 E493.7077
G0 F2700 X129.503 Y148.530
G1 F2700 X148.580 Y129.454 E494.7733
G0 F2700 X148.580 Y130.019
G1 F2700 X130.069 Y148.530 E495.8072
G0 F2700 X130.635 Y148.530
G1 F2700 X148.580 Y130.585 E496.8096
G0 F2700 X148.580 Y131.151
G1 F2700 X131.200 Y148.530 E497.7803
G0 F2700 X131.766 Y148.530
G1 F2700 X148.580 Y131.717 E498.7195
G0 F2700 X148.580 Y132.282
G1 F2700 X132.332 Y148.530 E499.6270
G0 F2700 X132.897 Y148.530
G1 F2700 X148.580 Y132.848 E500.5030
G0 F2700 X148.580 Y133.414
G1 F2700 X133.463 Y148.530 E501.3474
G0 F2700 X134.029 Y148.530
G1 F2700 X148.580 Y133.979 E502.1601
G0 F2700 X148.580 Y134.545
G1 F2700 X134.594 Y148.530 E502.9413
G0 F2700 X135.160 Y148.530
G1 F2700 X148.580 Y135.111 E503.6909
G0 F2700 X148.580 Y135.676
G1 F2700 X135.726 Y148.530 E504.4088
G0 F2700 X136.292 Y148.530
G1 F2700 X148.580 Y136.242 E505.0952
G0 F2700 X148.580 Y136.808
G1 F2700 X136.857 Y148.530 E505.7500
G0 F2700 X137.423 Y148.530
G1 F2700 X148.580 Y137.373 E506.3732
G0 F2700 X148.580 Y137.939
G1 F2700 X137.989 Y148.530 E506.9647
G0 F2700 X138.554 Y148.530
G1 F2700 X148.580 Y138.505 E507.5247
G0 F2700 X148.580 Y139.070
G1 F2700 X139.120 Y148.530 E508.0531
G0 F2700 X139.686 Y148.530
G1 F2700 X148.580 Y139.636 E508.5499
G0 F2700 X148.580 Y140.202
G1 F2700 X140.251 Y148.530 E509.0151
G0 F2700 X140.817 Y148.530
G1 F2700 X148.580 Y140.767 E509.4487
G0 F2700 X148.580 Y141.333
G1 F2700 X141.383 Y148.530 E509.8507
G0 F2700 X141.948 Y148.530
G1 F2700 X148.580 Y141.899 E510.2211
G0 F2700 X148.580 Y142.465
G1 F2700 X142.514 Y148.530 E510.5599
G0 F2700 X143.080 Y148.530
G1 F2700 X148.580 Y143.030 E510.8671
G0 F2700 X148.580 Y143.596
G1 F2700 X143.645 Y148.530 E511.1428
G0 F2700 X144.211 Y148.530
G1 F2700 X148.580 Y144.162 E511.3868
G0 F2700 X148.580 Y144.727
G1 F2700 X144.777 Y148.530 E511.5992
G0 F2700 X145.342 Y148.530
G1 F2700 X148.580 Y145.293 E511.7800
G0 F2700 X148.580 Y145.859
G1 F2700 X145.908 Y148.530 E511.9293
G0 F2700 X146.474 Y148.530
G1 F2700 X148.580 Y146.424 E512.0469
G0 F2700 X148.580 Y146.990
G1 F2700 X147.040 Y148.530 E512.1329
G0 F2700 X147.605 Y148.530
G1 F2700 X148.580 Y147.556 E512.1873
G0 F2700 X148.580 Y148.121
G1 F2700 X148.171 Y148.530 E512.2102
;PRINTING_TIME: 333
;REMAINING_TIME: 5951
;LAYER:2
;Z:0.750
;HEIGHT:0.250
;FLOW:100.0
;PRINTING: Flow_Calibration_Cube_0.4_mm.stl
;PRINTING_ID: 0
G1 F2400 E509.2102
G1 F300 Z0.950
G0 F3900 X100.035 Y100.084
G0 F300 Z0.750
;TYPE:WALL-OUTER
;WIDTH:0.400
G1 F300 Z0.750
G1 F1500 E512.2102
G1 F2100 X149.965 Y100.084 E514.2860
G1 X149.965 Y149.915 E516.3578
G1 X100.035 Y149.915 E518.4336
G1 X100.035 Y100.084 E520.5053
G0 F3900 X100.435 Y100.484
;TYPE:WALL-INNER
;WIDTH:0.400
;FLOW:90.0
G1 F2400 X149.565 Y100.484 E522.3437
G1 X149.565 Y149.515 E524.1783
G1 X100.435 Y149.515 E526.0166
G1 X100.435 Y100.484 E527.8513
G0 F3900 X100.835 Y100.884
G1 F2400 X149.165 Y100.884 E529.6596
G1 X149.165 Y149.115 E531.4643
G1 X100.835 Y149.115 E533.2727
G1 X100.835 Y100.884 E535.0774
G0 F3900 X101.235 Y101.284
G1 F2400 X148.765 Y101.284 E536.8559
G1 X148.765 Y148.715 E538.6306
G1 X101.235 Y148.715 E540.4091
G1 X101.235 Y101.284 E542.1839
G1 F2400 E539.1839
G1 F300 Z0.950
G0 F3900 X101.418 Y148.087
;TYPE:SOLID-FILL
;WIDTH:0.400
;FLOW:95.0
G1 F300 Z0.750
G1 F1500 E542.1839
G1 F3000 X101.861 Y148.530 E542.2086
G0 F3000 X102.427 Y148.530
G1 F3000 X101.418 Y147.522 E542.2649
G0 F3000 X101.418 Y146.956
G1 F3000 X102.992 Y148.530 E542.3529
G0 F3000 X103.558 Y148.530
G1 F3000 X101.418 Y146.390 E542.4724
G0 F3000 X101.418 Y145.825
G1 F3000 X104.124 Y148.530 E542.6235
G0 F3000 X104.689 Y148.530
G1 F3000 X101.418 Y145.259 E542.8062
G0 F3000 X101.418 Y144.693
G1 F3000 X105.255 Y148.530 E543.0205
G0 F3000 X105.821 Y148.530
G1 F3000 X101.418 Y144.128 E543.2664
G0 F3000 X101.418 Y143.562
G1 F3000 X106.387 Y148.530 E543.5440
G0 F3000 X106.952 Y148.530
G1 F3000 X101.418 Y142.996 E543.8531
G0 F3000 X101.418 Y142.431
G1 F3000 X107.518 Y148.530 E544.1938
G0 F3000 X108.084 Y148.530
G1 F3000 X101.418 Y141.865 E544.5661
G0 F3000 X101.418 Y141.299
G1 F3000 X108.649 Y148.530 E544.9700
G0 F3000 X109.215 Y148.530
G1 F3000 X101.418 Y140.734 E545.4055
G0 F3000 X101.418 Y140.168
G1 F3000 X109.781 Y148.530 E545.8726
G0 F3000 X110.346 Y148.530
G1 F3000 X101.418 Y139.602 E546.3712
G0 F3000 X101.418 Y139.036
G1 F3000 X110.912 Y148.530 E546.9015
G0 F3000 X111.478 Y148.530
G1 F3000 X101.418 Y138.471 E547.4634
G0 F3000 X101.418 Y137.905
G1 F3000 X112.043 Y148.530 E548.0569
G0 F3000 X112.609 Y148.530
G1 F3000 X101.418 Y137.339 E548.6820
G0 F3000 X101.418 Y136.774
G1 F3000 X113.175 Y148.530 E549.3387
G0 F3000 X113.740 Y148.530
G1 F3000 X101.418 Y136.208 E550.0269
G0 F3000 X101.418 Y135.642
G1 F3000 X114.306 Y148.530 E550.7468
G0 F3000 X114.872 Y148.530
G1 F3000 X101.418 Y135.077 E551.4983
G0 F3000 X101.418 Y134.511
G1 F3000 X115.438 Y148.530 E552.2813
G0 F3000 X116.003 Y148.530
G1 F3000 X101.418 Y133.945 E553.0960
G0 F3000 X101.418 Y133.380
G1 F3000 X116.569 Y148.530 E553.9423
G0 F3000 X117.135 Y148.530
G1 F3000 X101.418 Y132.814 E554.8201
G0 F3000 X101.418 Y132.248
G1 F3000 X117.700 Y148.530 E555.7296
G0 F3000 X118.266 Y148.530
G1 F3000 X101.418 Y131.683 E556.6706
G0 F3000 X101.418 Y131.117
G1 F3000 X118.832 Y148.530 E557.6433
G0 F3000 X119.397 Y148.530
G1 F3000 X101.418 Y130.551 E558.6475
G0 F3000 X101.418 Y129.986
G1 F3000 X119.963 Y148.530 E559.6833
G0 F3000 X120.529 Y148.530
G1 F3000 X101.418 Y129.420 E560.7508
G0 F3000 X101.418 Y128.854
G1 F3000 X121.094 Y148.530 E561.8498
G0 F3000 X121.660 Y148.530
G1 F3000 X101.418 Y128.288 E562.9805
G0 F3000 X101.418 Y127.723
G1 F3000 X122.226 Y148.530 E564.1427
G0 F3000 X122.791 Y148.530
G1 F3000 X101.418 Y127.157 E565.3365
G0 F3000 X101.418 Y126.591
G1 F3000 X123.357 Y148.530 E566.5619
G0 F3000 X123.923 Y148.530
G1 F3000 X101.418 Y126.026 E567.8190
G0 F3000 X101.418 Y125.460
G1 F3000 X124.488 Y148.530 E569.1076
G0 F3000 X125.054 Y148.530
G1 F3000 X101.418 Y124.894 E570.4278
G0 F3000 X101.418 Y124.329
G1 F3000 X125.620 Y148.530 E571.7796
G0 F3000 X126.186 Y148.530
G1 F3000 X101.418 Y123.763 E573.1630
G0 F3000 X101.418 Y123.197
G1 F3000 X126.751 Y148.530 E574.5780
G0 F3000 X127.317 Y148.530
G1 F3000 X101.418 Y122.632 E576.0246
G0 F3000 X101.418 Y122.066
G1 F3000 X127.883 Y148.530 E577.5028
G0 F3000 X128.448 Y148.530
G1 F3000 X101.418 Y121.500 E579.0126
G0 F3000 X101.418 Y120.935
G1 F3000 X129.014 Y148.530 E580.5540
G0 F3000 X129.580 Y148.530
G1 F3000 X101.418 Y120.369 E582.1270
G0 F3000 X101.418 Y119.803
G1 F3000 X130.145 Y148.530 E583.7316
G0 F3000 X130.711 Y148.530
G1 F3000 X101.418 Y119.238 E585.3678
G0 F3000 X101.418 Y118.672
G1 F3000 X131.277 Y148.530 E587.0356
G0 F3000 X131.842 Y148.530
G1 F3000 X101.418 Y118.106 E588.7349
G0 F3000 X101.418 Y117.540
G1 F3000 X132.408 Y148.530 E590.4659
G0 F3000 X132.974 Y148.530
G1 F3000 X101.418 Y116.975 E592.2285
G0 F3000 X101.418 Y116.409
G1 F3000 X133.539 Y148.530 E594.0227
G0 F3000 X134.105 Y148.530
G1 F3000 X101.418 Y115.843 E595.8484
G0 F3000 X101.418 Y115.278
G1 F3000 X134.671 Y148.530 E597.7058
G0 F3000 X135.237 Y148.530
G1 F3000 X101.418 Y114.712 E599.5948
G0 F3000 X101.418 Y114.146
G1 F3000 X135.802 Y148.530 E601.5153
G0 F3000 X136.368 Y148.530
G1 F3000 X101.418 Y113.581 E603.4675
G0 F3000 X101.418 Y113.015
G1 F3000 X136.934 Y148.530 E605.4513
G0 F3000 X137.499 Y148.530
G1 F3000 X101.418 Y112.449 E607.4666
G0 F3000 X101.418 Y111.884
G1 F3000 X138.065 Y148.530 E609.5136
G0 F3000 X138.631 Y148.530
G1 F3000 X101.418 Y111.318 E611.5921
G0 F3000 X101.418 Y110.752
G1 F3000 X139.196 Y148.530 E613.7023
G0 F3000 X139.762 Y148.530
G1 F3000 X101.418 Y110.187 E615.8440
G0 F3000 X101.418 Y109.621
G1 F3000 X140.328 Y148.530 E618.0173
G0 F3000 X140.893 Y148.530
G1 F3000 X101.418 Y109.055 E620.2223
G0 F3000 X101.418 Y108.489
G1 F3000 X141.459 Y148.530 E622.4588
G0 F3000 X142.025 Y148.530
G1 F3000 X101.418 Y107.924 E624.7269
G0 F3000 X101.418 Y107.358
G1 F3000 X142.590 Y148.530 E627.0267
G0 F3000 X143.156 Y148.530
G1 F3000 X101.418 Y106.792 E629.3580
G0 F3000 X101.418 Y106.227
G1 F3000 X143.722 Y148.530 E631.7209
G0 F3000 X144.287 Y148.530
G1 F3000 X101.418 Y105.661 E634.1154
G0 F3000 X101.418 Y105.095
G1 F3000 X144.853 Y148.530 E636.5415
G0 F3000 X145.419 Y148.530
G1 F3000 X101.418 Y104.530 E638.9992
G0 F3000 X101.418 Y103.964
G1 F3000 X145.985 Y148.530 E641.4886
G0 F3000 X146.550 Y148.530
G1 F3000 X101.418 Y103.398 E644.0095
G0 F3000 X101.418 Y102.833
G1 F3000 X147.116 Y148.530 E646.5620
G0 F3000 X147.682 Y148.530
G1 F3000 X101.418 Y102.267 E649.1461
G0 F3000 X101.418 Y101.701
G1 F3000 X148.247 Y148.530 E651.7618
G0 F3000 X148.580 Y148.297
G1 F3000 X101.750 Y101.467 E654.3775
G0 F3000 X102.316 Y101.467
G1 F3000 X148.580 Y147.731 E656.9617
G0 F3000 X148.580 Y147.165
G1 F3000 X102.881 Y101.467 E659.5142
G0 F3000 X103.447 Y101.467
G1 F3000 X148.580 Y146.600 E662.0352
G0 F3000 X148.580 Y146.034
G1 F3000 X104.013 Y101.467 E664.5245
G0 F3000 X104.578 Y101.467
G1 F3000 X148.580 Y145.468 E666.9823
G0 F3000 X148.580 Y144.903
G1 F3000 X105.144 Y101.467 E669.4085
G0 F3000 X105.710 Y101.467
G1 F3000 X148.580 Y144.337 E671.8030
G0 F3000 X148.580 Y143.771
G1 F3000 X106.276 Y101.467 E674.1660
G0 F3000 X106.841 Y101.467
G1 F3000 X148.580 Y143.206 E676.4974
G0 F3000 X148.580 Y142.640
G1 F3000 X107.407 Y101.467 E678.7971
G0 F3000 X107.973 Y101.467
G1 F3000 X148.580 Y142.074 E681.0653
G0 F3000 X148.580 Y141.509
G1 F3000 X108.538 Y101.467 E683.3019
G0 F3000 X109.104 Y101.467
G1 F3000 X148.580 Y140.943 E685.5069
G0 F3000 X148.580 Y140.377
G1 F3000 X109.670 Y101.467 E687.6803
G0 F3000 X110.235 Y101.467
G1 F3000 X148.580 Y139.811 E689.8220
G0 F3000 X148.580 Y139.246
G1 F3000 X110.801 Y101.467 E691.9322
G0 F3000 X111.367 Y101.467
G1 F3000 X148.580 Y138.680 E694.0108
G0 F3000 X148.580 Y138.114
G1 F3000 X111.932 Y101.467 E696.0578
G0 F3000 X112.498 Y101.467
G1 F3000 X148.580 Y137.549 E698.0732
G0 F3000 X148.580 Y136.983
G1 F3000 X113.064 Y101.467 E700.0570
G0 F3000 X113.629 Y101.467
G1 F3000 X148.580 Y136.417 E702.0092
G0 F3000 X148.580 Y135.852
G1 F3000 X114.195 Y101.467 E703.9299
G0 F3000 X114.761 Y101.467
G1 F3000 X148.580 Y135.286 E705.8189
G0 F3000 X148.580 Y134.720
G1 F3000 X115.326 Y101.467 E707.6763
G0 F3000 X115.892 Y101.467
G1 F3000 X148.580 Y134.155 E709.5021
G0 F3000 X148.580 Y133.589
G1 F3000 X116.458 Y101.467 E711.2963
G0 F3000 X117.024 Y101.467
G1 F3000 X148.580 Y133.023 E713.0589
G0 F3000 X148.580 Y132.458
G1 F3000 X117.589 Y101.467 E714.7900
G0 F3000 X118.155 Y101.467
G1 F3000 X148.580 Y131.892 E716.4894
G0 F3000 X148.580 Y131.326
G1 F3000 X118.721 Y101.467 E718.1572
G0 F3000 X119.286 Y101.467
G1 F3000 X148.580 Y130.761 E719.7935
G0 F3000 X148.580 Y130.195
G1 F3000 X119.852 Y101.467 E721.3981
G0 F3000 X120.418 Y101.467
G1 F3000 X148.580 Y129.629 E722.9711
G0 F3000 X148.580 Y129.063
G1 F3000 X120.983 Y101.467 E724.5126
G0 F3000 X121.549 Y101.467
G1 F3000 X148.580 Y128.498 E726.0224
G0 F3000 X148.580 Y127.932
G1 F3000 X122.115 Y101.467 E727.5007
G0 F3000 X122.680 Y101.467
G1 F3000 X148.580 Y127.366 E728.9473
G0 F3000 X148.580 Y126.801
G1 F3000 X123.246 Y101.467 E730.3624
G0 F3000 X123.812 Y101.467
G1 F3000 X148.580 Y126.235 E731.7458
G0 F3000 X148.580 Y125.669
G1 F3000 X124.377 Y101.467 E733.0977
G0 F3000 X124.943 Y101.467
G1 F3000 X148.580 Y125.104 E734.4180
G0 F3000 X148.580 Y124.538
G1 F3000 X125.510 Y101.468 E735.7066
G0 F3000 X126.075 Y101.468
G1 F3000 X148.580 Y123.972 E736.9636
G0 F3000 X148.580 Y123.407
G1 F3000 X126.641 Y101.468 E738.1890
G0 F3000 X127.207 Y101.468
G1 F3000 X148.580 Y122.841 E739.3829
G0 F3000 X148.580 Y122.275
G1 F3000 X127.772 Y101.468 E740.5451
G0 F3000 X128.338 Y101.468
G1 F3000 X148.580 Y121.710 E741.6757
G0 F3000 X148.580 Y121.144
G1 F3000 X128.904 Y101.468 E742.7748
G0 F3000 X129.469 Y101.468
G1 F3000 X148.580 Y120.578 E743.8422
G0 F3000 X148.580 Y120.012
G1 F3000 X130.035 Y101.468 E744.8780
G0 F3000 X130.601 Y101.468
G1 F3000 X148.580 Y119.447 E745.8823
G0 F3000 X148.580 Y118.881
G1 F3000 X131.166 Y101.468 E746.8549
G0 F3000 X131.732 Y101.468
G1 F3000 X148.580 Y118.315 E747.7960
G0 F3000 X148.580 Y117.750
G1 F3000 X132.298 Y101.468 E748.7054
G0 F3000 X132.863 Y101.468
G1 F3000 X148.580 Y117.184 E749.5833
G0 F3000 X148.580 Y116.618
G1 F3000 X133.429 Y101.468 E750.4295
G0 F3000 X133.995 Y101.468
G1 F3000 X148.580 Y116.053 E751.2442
G0 F3000 X148.580 Y115.487
G1 F3000 X134.561 Y101.468 E752.0273
G0 F3000 X135.126 Y101.468
G1 F3000 X148.580 Y114.921 E752.7787
G0 F3000 X148.580 Y114.356
G1 F3000 X135.692 Y101.468 E753.4986
G0 F3000 X136.258 Y101.468
G1 F3000 X148.580 Y113.790 E754.1869
G0 F3000 X148.580 Y113.224
G1 F3000 X136.823 Y101.468 E754.8435
G0 F3000 X137.389 Y101.468
G1 F3000 X148.580 Y112.659 E755.4686
G0 F3000 X148.580 Y112.093
G1 F3000 X137.955 Y101.468 E756.0621
G0 F3000 X138.520 Y101.468
G1 F3000 X148.580 Y111.527 E756.6240
G0 F3000 X148.580 Y110.962
G1 F3000 X139.086 Y101.468 E757.1543
G0 F3000 X139.652 Y101.468
G1 F3000 X148.580 Y110.396 E757.6530
G0 F3000 X148.580 Y109.830
G1 F3000 X140.217 Y101.468 E758.1201
G0 F3000 X140.783 Y101.468
G1 F3000 X148.580 Y109.264 E758.5556
G0 F3000 X148.580 Y108.699
G1 F3000 X141.349 Y101.468 E758.9595
G0 F3000 X141.914 Y101.468
G1 F3000 X148.580 Y108.133 E759.3318
G0 F3000 X148.580 Y107.567
G1 F3000 X142.480 Y101.468 E759.6725
G0 F3000 X143.046 Y101.468
G1 F3000 X148.580 Y107.002 E759.9816
G0 F3000 X148.580 Y106.436
G1 F3000 X143.611 Y101.468 E760.2591
G0 F3000 X144.177 Y101.468
G1 F3000 X148.580 Y105.870 E760.5050
G0 F3000 X148.580 Y105.305
G1 F3000 X144.743 Y101.468 E760.7193
G0 F3000 X145.309 Y101.468
G1 F3000 X148.580 Y104.739 E760.9020
G0 F3000 X148.580 Y104.173
G1 F3000 X145.874 Y101.468 E761.0531
G0 F3000 X146.440 Y101.468
G1 F3000 X148.580 Y103.608 E761.1727
G0 F3000 X148.580 Y103.042
G1 F3000 X147.006 Y101.468 E761.2606
G0 F3000 X147.571 Y101.468
G1 F3000 X148.580 Y102.476 E761.3169
G0 F3000 X148.580 Y101.911
G1 F3000 X148.137 Y101.468 E761.3417
;PRINTING_TIME: 481
;REMAINING_TIME: 5803
;LAYER:3
;Z:1.000
;HEIGHT:0.250
;FLOW:100.0
;PRINTING: Flow_Calibration_Cube_0.4_mm.stl
;PRINTING_ID: 0
G1 F2400 E758.3417
G1 F300 Z1.200
G0 F3900 X100.035 Y100.084
G0 F300 Z1.000
;TYPE:WALL-OUTER
;WIDTH:0.400
G1 F300 Z1.000
G1 F1500 E761.3417
G1 F2100 X149.965 Y100.084 E763.4175
G1 X149.965 Y149.915 E765.4893
G1 X100.035 Y149.915 E767.5651
G1 X100.035 Y100.084 E769.6368
G0 F3900 X100.435 Y100.484
;TYPE:WALL-INNER
;WIDTH:0.400
;FLOW:90.0
G1 F2400 X149.565 Y100.484 E771.4752
G1 X149.565 Y149.515 E773.3098
G1 X100.435 Y149.515 E775.1481
G1 X100.435 Y100.484 E776.9827
G0 F3900 X100.835 Y100.884
G1 F2400 X149.165 Y100.884 E778.7911
G1 X149.165 Y149.115 E780.5958
G1 X100.835 Y149.115 E782.4042
G1 X100.835 Y100.884 E784.2089
G0 F3900 X101.235 Y101.284
G1 F2400 X148.765 Y101.284 E785.9874
G1 X148.765 Y148.715 E787.7621
G1 X101.235 Y148.715 E789.5406
G1 X101.235 Y101.284 E791.3154
G0 F3900 X101.418 Y101.944
;TYPE:SOLID-FILL
;WIDTH:0.400
;FLOW:95.0
G1 F3300 X101.896 Y101.466 E791.3421
G0 F3300 X102.462 Y101.466
G1 F3300 X101.418 Y102.510 E791.4004
G0 F3300 X101.418 Y103.076
G1 F3300 X103.028 Y101.466 E791.4903
G0 F3300 X103.593 Y101.466
G1 F3300 X101.418 Y103.642 E791.6118
G0 F3300 X101.418 Y104.207
G1 F3300 X104.159 Y101.466 E791.7649
G0 F3300 X104.725 Y101.466
G1 F3300 X101.418 Y104.773 E791.9496
G0 F3300 X101.418 Y105.339
G1 F3300 X105.291 Y101.466 E792.1660
G0 F3300 X105.856 Y101.466
G1 F3300 X101.418 Y105.904 E792.4139
G0 F3300 X101.418 Y106.470
G1 F3300 X106.422 Y101.466 E792.6934
G0 F3300 X106.988 Y101.466
G1 F3300 X101.418 Y107.036 E793.0045
G0 F3300 X101.418 Y107.601
G1 F3300 X107.553 Y101.466 E793.3472
G0 F3300 X108.119 Y101.466
G1 F3300 X101.418 Y108.167 E793.7214
G0 F3300 X101.418 Y108.733
G1 F3300 X108.685 Y101.466 E794.1274
G0 F3300 X109.250 Y101.466
G1 F3300 X101.418 Y109.298 E794.5648
G0 F3300 X101.418 Y109.864
G1 F3300 X109.816 Y101.466 E795.0339
G0 F3300 X110.382 Y101.466
G1 F3300 X101.418 Y110.430 E795.5346
G0 F3300 X101.418 Y110.995
G1 F3300 X110.947 Y101.466 E796.0669
G0 F3300 X111.513 Y101.466
G1 F3300 X101.418 Y111.561 E796.6307
G0 F3300 X101.418 Y112.127
G1 F3300 X112.079 Y101.466 E797.2262
G0 F3300 X112.644 Y101.466
G1 F3300 X101.418 Y112.693 E797.8533
G0 F3300 X101.418 Y113.258
G1 F3300 X113.210 Y101.466 E798.5119
G0 F3300 X113.776 Y101.466
G1 F3300 X101.418 Y113.824 E799.2022
G0 F3300 X101.418 Y114.390
G1 F3300 X114.341 Y101.466 E799.9241
G0 F3300 X114.907 Y101.466
G1 F3300 X101.418 Y114.955 E800.6775
G0 F3300 X101.418 Y115.521
G1 F3300 X115.473 Y101.466 E801.4626
G0 F3300 X116.039 Y101.466
G1 F3300 X101.418 Y116.087 E802.2793
G0 F3300 X101.418 Y116.652
G1 F3300 X116.604 Y101.466 E803.1275
G0 F3300 X117.170 Y101.466
G1 F3300 X101.418 Y117.218 E804.0073
G0 F3300 X101.418 Y117.784
G1 F3300 X117.736 Y101.466 E804.9188
G0 F3300 X118.301 Y101.466
G1 F3300 X101.418 Y118.349 E805.8618
G0 F3300 X101.418 Y118.915
G1 F3300 X118.867 Y101.466 E806.8365
G0 F3300 X119.433 Y101.466
G1 F3300 X101.418 Y119.481 E807.8427
G0 F3300 X101.418 Y120.046
G1 F3300 X119.998 Y101.466 E808.8805
G0 F3300 X120.564 Y101.466
G1 F3300 X101.418 Y120.612 E809.9500
G0 F3300 X101.418 Y121.178
G1 F3300 X121.130 Y101.466 E811.0510
G0 F3300 X121.695 Y101.466
G1 F3300 X101.418 Y121.743 E812.1836
G0 F3300 X101.418 Y122.309
G1 F3300 X122.261 Y101.466 E813.3478
G0 F3300 X122.827 Y101.466
G1 F3300 X101.418 Y122.875 E814.5436
G0 F3300 X101.418 Y123.441
G1 F3300 X123.392 Y101.466 E815.7711
G0 F3300 X123.958 Y101.466
G1 F3300 X101.418 Y124.006 E817.0301
G0 F3300 X101.418 Y124.572
G1 F3300 X124.524 Y101.466 E818.3207
G0 F3300 X125.089 Y101.467
G1 F3300 X101.418 Y125.138 E819.6428
G0 F3300 X101.418 Y125.703
G1 F3300 X125.654 Y101.467 E820.9966
G0 F3300 X126.220 Y101.467
G1 F3300 X101.418 Y126.269 E822.3819
G0 F3300 X101.418 Y126.835
G1 F3300 X126.786 Y101.467 E823.7989
G0 F3300 X127.352 Y101.467
G1 F3300 X101.418 Y127.400 E825.2474
G0 F3300 X101.418 Y127.966
G1 F3300 X127.917 Y101.467 E826.7276
G0 F3300 X128.483 Y101.467
G1 F3300 X101.418 Y128.532 E828.2393
G0 F3300 X101.418 Y129.097
G1 F3300 X129.049 Y101.467 E829.7827
G0 F3300 X129.614 Y101.467
G1 F3300 X101.418 Y129.663 E831.3576
G0 F3300 X101.418 Y130.229
G1 F3300 X130.180 Y101.467 E832.9641
G0 F3300 X130.746 Y101.467
G1 F3300 X101.418 Y130.794 E834.6023
G0 F3300 X101.418 Y131.360
G1 F3300 X131.311 Y101.467 E836.2720
G0 F3300 X131.877 Y101.467
G1 F3300 X101.418 Y131.926 E837.9733
G0 F3300 X101.418 Y132.492
G1 F3300 X132.443 Y101.467 E839.7063
G0 F3300 X133.008 Y101.467
G1 F3300 X101.418 Y133.057 E841.4708
G0 F3300 X101.418 Y133.623
G1 F3300 X133.574 Y101.467 E843.2669
G0 F3300 X134.140 Y101.467
G1 F3300 X101.418 Y134.189 E845.0946
G0 F3300 X101.418 Y134.754
G1 F3300 X134.705 Y101.467 E846.9539
G0 F3300 X135.271 Y101.467
G1 F3300 X101.418 Y135.320 E848.8448
G0 F3300 X101.418 Y135.886
G1 F3300 X135.837 Y101.467 E850.7673
G0 F3300 X136.403 Y101.467
G1 F3300 X101.418 Y136.451 E852.7214
G0 F3300 X101.418 Y137.017
G1 F3300 X136.968 Y101.467 E854.7071
G0 F3300 X137.534 Y101.467
G1 F3300 X101.418 Y137.583 E856.7244
G0 F3300 X101.418 Y138.148
G1 F3300 X138.100 Y101.467 E858.7733
G0 F3300 X138.665 Y101.467
G1 F3300 X101.418 Y138.714 E860.8538
G0 F3300 X101.418 Y139.280
G1 F3300 X139.231 Y101.467 E862.9659
G0 F3300 X139.797 Y101.467
G1 F3300 X101.418 Y139.845 E865.1096
G0 F3300 X101.418 Y140.411
G1 F3300 X140.362 Y101.467 E867.2849
G0 F3300 X140.928 Y101.467
G1 F3300 X101.418 Y140.977 E869.4917
G0 F3300 X101.418 Y141.542
G1 F3300 X141.494 Y101.467 E871.7302
G0 F3300 X142.059 Y101.467
G1 F3300 X101.418 Y142.108 E874.0003
G0 F3300 X101.418 Y142.674
G1 F3300 X142.625 Y101.467 E876.3019
G0 F3300 X143.191 Y101.467
G1 F3300 X101.418 Y143.240 E878.6352
G0 F3300 X101.418 Y143.805
G1 F3300 X143.756 Y101.467 E881.0001
G0 F3300 X144.322 Y101.467
G1 F3300 X101.418 Y144.371 E883.3965
G0 F3300 X101.418 Y144.937
G1 F3300 X144.888 Y101.467 E885.8246
G0 F3300 X145.453 Y101.467
G1 F3300 X101.418 Y145.502 E888.2843
G0 F3300 X101.418 Y146.068
G1 F3300 X146.019 Y101.467 E890.7755
G0 F3300 X146.585 Y101.467
G1 F3300 X101.418 Y146.634 E893.2984
G0 F3300 X101.418 Y147.199
G1 F3300 X147.151 Y101.467 E895.8528
G0 F3300 X147.716 Y101.467
G1 F3300 X101.418 Y147.765 E898.4389
G0 F3300 X101.418 Y148.331
G1 F3300 X148.282 Y101.467 E901.0565
G0 F3300 X148.580 Y101.735
G1 F3300 X101.785 Y148.530 E903.6703
G0 F3300 X102.350 Y148.530
G1 F3300 X148.580 Y102.301 E906.2525
G0 F3300 X148.580 Y102.867
G1 F3300 X102.916 Y148.530 E908.8031
G0 F3300 X103.482 Y148.530
G1 F3300 X148.580 Y103.432 E911.3221
G0 F3300 X148.580 Y103.998
G1 F3300 X104.047 Y148.530 E913.8095
G0 F3300 X104.613 Y148.530
G1 F3300 X148.580 Y104.564 E916.2654
G0 F3300 X148.580 Y105.129
G1 F3300 X105.179 Y148.530 E918.6896
G0 F3300 X105.744 Y148.530
G1 F3300 X148.580 Y105.695 E921.0822
G0 F3300 X148.580 Y106.261
G1 F3300 X106.310 Y148.530 E923.4432
G0 F3300 X106.876 Y148.530
G1 F3300 X148.580 Y106.826 E925.7727
G0 F3300 X148.580 Y107.392
G1 F3300 X107.442 Y148.530 E928.0705
G0 F3300 X108.007 Y148.530
G1 F3300 X148.580 Y107.958 E930.3367
G0 F3300 X148.580 Y108.523
G1 F3300 X108.573 Y148.530 E932.5714
G0 F3300 X109.139 Y148.530
G1 F3300 X148.580 Y109.089 E934.7744
G0 F3300 X148.580 Y109.655
G1 F3300 X109.704 Y148.530 E936.9458
G0 F3300 X110.270 Y148.530
G1 F3300 X148.580 Y110.220 E939.0857
G0 F3300 X148.580 Y110.786
G1 F3300 X110.836 Y148.530 E941.1939
G0 F3300 X111.401 Y148.530
G1 F3300 X148.580 Y111.352 E943.2706
G0 F3300 X148.580 Y111.918
G1 F3300 X111.967 Y148.530 E945.3156
G0 F3300 X112.533 Y148.530
G1 F3300 X148.580 Y112.483 E947.3291
G0 F3300 X148.580 Y113.049
G1 F3300 X113.098 Y148.530 E949.3110
G0 F3300 X113.664 Y148.530
G1 F3300 X148.580 Y113.615 E951.2612
G0 F3300 X148.580 Y114.180
G1 F3300 X114.230 Y148.530 E953.1799
G0 F3300 X114.795 Y148.530
G1 F3300 X148.580 Y114.746 E955.0670
G0 F3300 X148.580 Y115.312
G1 F3300 X115.361 Y148.530 E956.9224
G0 F3300 X115.927 Y148.530
G1 F3300 X148.580 Y115.877 E958.7463
G0 F3300 X148.580 Y116.443
G1 F3300 X116.493 Y148.530 E960.5386
G0 F3300 X117.058 Y148.530
G1 F3300 X148.580 Y117.009 E962.2992
G0 F3300 X148.580 Y117.574
G1 F3300 X117.624 Y148.530 E964.0283
G0 F3300 X118.190 Y148.530
G1 F3300 X148.580 Y118.140 E965.7258
G0 F3300 X148.580 Y118.706
G1 F3300 X118.755 Y148.530 E967.3917
G0 F3300 X119.321 Y148.530
G1 F3300 X148.580 Y119.271 E969.0260
G0 F3300 X148.580 Y119.837
G1 F3300 X119.887 Y148.530 E970.6287
G0 F3300 X120.452 Y148.530
G1 F3300 X148.580 Y120.403 E972.1998
G0 F3300 X148.580 Y120.968
G1 F3300 X121.018 Y148.530 E973.7393
G0 F3300 X121.584 Y148.530
G1 F3300 X148.580 Y121.534 E975.2472
G0 F3300 X148.580 Y122.100
G1 F3300 X122.149 Y148.530 E976.7235
G0 F3300 X122.715 Y148.530
G1 F3300 X148.580 Y122.666 E978.1682
G0 F3300 X148.580 Y123.231
G1 F3300 X123.281 Y148.530 E979.5813
G0 F3300 X123.846 Y148.530
G1 F3300 X148.580 Y123.797 E980.9628
G0 F3300 X148.580 Y124.363
G1 F3300 X124.412 Y148.530 E982.3127
G0 F3300 X124.978 Y148.530
G1 F3300 X148.580 Y124.928 E983.6311
G0 F3300 X148.580 Y125.494
G1 F3300 X125.543 Y148.530 E984.9178
G0 F3300 X126.109 Y148.530
G1 F3300 X148.580 Y126.060 E986.1729
G0 F3300 X148.580 Y126.625
G1 F3300 X126.675 Y148.530 E987.3964
G0 F3300 X127.241 Y148.530
G1 F3300 X148.580 Y127.191 E988.5884
G0 F3300 X148.580 Y127.757
G1 F3300 X127.806 Y148.530 E989.7487
G0 F3300 X128.372 Y148.530
G1 F3300 X148.580 Y128.322 E990.8774
G0 F3300 X148.580 Y128.888
G1 F3300 X128.938 Y148.530 E991.9746
G0 F3300 X129.503 Y148.530
G1 F3300 X148.580 Y129.454 E993.0401
G0 F3300 X148.580 Y130.019
G1 F3300 X130.069 Y148.530 E994.0741
G0 F3300 X130.635 Y148.530
G1 F3300 X148.580 Y130.585 E995.0764
G0 F3300 X148.580 Y131.151
G1 F3300 X131.200 Y148.530 E996.0472
G0 F3300 X131.766 Y148.530
G1 F3300 X148.580 Y131.717 E996.9863
G0 F3300 X148.580 Y132.282
G1 F3300 X132.332 Y148.530 E997.8939
G0 F3300 X132.897 Y148.530
G1 F3300 X148.580 Y132.848 E998.7698
G0 F3300 X148.580 Y133.414
G1 F3300 X133.463 Y148.530 E999.6142
G0 F3300 X134.029 Y148.530
G1 F3300 X148.580 Y133.979 E1000.4270
G0 F3300 X148.580 Y134.545
G1 F3300 X134.594 Y148.530 E1001.2081
G0 F3300 X135.160 Y148.530
G1 F3300 X148.580 Y135.111 E1001.9577
G0 F3300 X148.580 Y135.676
G1 F3300 X135.726 Y148.530 E1002.6757
G0 F3300 X136.292 Y148.530
G1 F3300 X148.580 Y136.242 E1003.3620
G0 F3300 X148.580 Y136.808
G1 F3300 X136.857 Y148.530 E1004.0168
G0 F3300 X137.423 Y148.530
G1 F3300 X148.580 Y137.373 E1004.6400
G0 F3300 X148.580 Y137.939
G1 F3300 X137.989 Y148.530 E1005.2316
G0 F3300 X138.554 Y148.530
G1 F3300 X148.580 Y138.505 E1005.7916
G0 F3300 X148.580 Y139.070
G1 F3300 X139.120 Y148.530 E1006.3200
G0 F3300 X139.686 Y148.530
G1 F3300 X148.580 Y139.636 E1006.8168
G0 F3300 X148.580 Y140.202
G1 F3300 X140.251 Y148.530 E1007.2820
G0 F3300 X140.817 Y148.530
G1 F3300 X148.580 Y140.767 E1007.7156
G0 F3300 X148.580 Y141.333
G1 F3300 X141.383 Y148.530 E1008.1176
G0 F3300 X141.948 Y148.530
G1 F3300 X148.580 Y141.899 E1008.4880
G0 F3300 X148.580 Y142.465
G1 F3300 X142.514 Y148.530 E1008.8268
G0 F3300 X143.080 Y148.530
G1 F3300 X148.580 Y143.030 E1009.1340
G0 F3300 X148.580 Y143.596
G1 F3300 X143.645 Y148.530 E1009.4096
G0 F3300 X144.211 Y148.530
G1 F3300 X148.580 Y144.162 E1009.6536
G0 F3300 X148.580 Y144.727
G1 F3300 X144.777 Y148.530 E1009.8660
G0 F3300 X145.342 Y148.530
G1 F3300 X148.580 Y145.293 E1010.0469
G0 F3300 X148.580 Y145.859
G1 F3300 X145.908 Y148.530 E1010.1961
G0 F3300 X146.474 Y148.530
G1 F3300 X148.580 Y146.424 E1010.3137
G0 F3300 X148.580 Y146.990
G1 F3300 X147.040 Y148.530 E1010.3997
G0 F3300 X147.605 Y148.530
G1 F3300 X148.580 Y147.556 E1010.4542
G0 F3300 X148.580 Y148.121
G1 F3300 X148.171 Y148.530 E1010.4770
;PRINTING_TIME: 619
;REMAINING_TIME: 5665
;LAYER:4
;Z:1.250
;HEIGHT:0.250
;FLOW:100.0
M106 S89
;PRINTING: Flow_Calibration_Cube_0.4_mm.stl
;PRINTING_ID: 0
G1 F2400 E1007.4770
G1 F300 Z1.450
G0 F3900 X100.035 Y100.084
G0 F300 Z1.250
;TYPE:WALL-OUTER
;WIDTH:0.400
G1 F300 Z1.250
G1 F1500 E1010.4770
G1 F2100 X149.965 Y100.084 E1012.5529
G1 X149.965 Y149.915 E1014.6246
G1 X100.035 Y149.915 E1016.7004
G1 X100.035 Y100.084 E1018.7722
G0 F3900 X100.435 Y100.484
;TYPE:WALL-INNER
;WIDTH:0.400
;FLOW:90.0
G1 F2400 X149.565 Y100.484 E1020.6105
G1 X149.565 Y149.515 E1022.4451
G1 X100.435 Y149.515 E1024.2835
G1 X100.435 Y100.484 E1026.1181
G0 F3900 X100.835 Y100.884
G1 F2400 X149.165 Y100.884 E1027.9265
G1 X149.165 Y149.115 E1029.7312
G1 X100.835 Y149.115 E1031.5396
G1 X100.835 Y100.884 E1033.3443
G0 F3900 X101.235 Y101.284
G1 F2400 X148.765 Y101.284 E1035.1227
G1 X148.765 Y148.715 E1036.8975
G1 X101.235 Y148.715 E1038.6759
G1 X101.235 Y101.284 E1040.4507
G1 F2400 E1037.4507
G1 F300 Z1.450
G0 F3900 X101.418 Y148.087
;TYPE:SOLID-FILL
;WIDTH:0.400
;FLOW:95.0
G1 F300 Z1.250
G1 F1500 E1040.4507
G1 F3600 X101.861 Y148.530 E1040.4754
G0 F3600 X102.427 Y148.530
G1 F3600 X101.418 Y147.522 E1040.5318
G0 F3600 X101.418 Y146.956
G1 F3600 X102.992 Y148.530 E1040.6197
G0 F3600 X103.558 Y148.530
G1 F3600 X101.418 Y146.390 E1040.7392
G0 F3600 X101.418 Y145.825
G1 F3600 X104.124 Y148.530 E1040.8903
G0 F3600 X104.689 Y148.530
G1 F3600 X101.418 Y145.259 E1041.0730
G0 F3600 X101.418 Y144.693
G1 F3600 X105.255 Y148.530 E1041.2874
G0 F3600 X105.821 Y148.530
G1 F3600 X101.418 Y144.128 E1041.5333
G0 F3600 X101.418 Y143.562
G1 F3600 X106.387 Y148.530 E1041.8108
G0 F3600 X106.952 Y148.530
G1 F3600 X101.418 Y142.996 E1042.1199
G0 F3600 X101.418 Y142.431
G1 F3600 X107.518 Y148.530 E1042.4606
G0 F3600 X108.084 Y148.530
G1 F3600 X101.418 Y141.865 E1042.8329
G0 F3600 X101.418 Y141.299
G1 F3600 X108.649 Y148.530 E1043.2368
G0 F3600 X109.215 Y148.530
G1 F3600 X101.418 Y140.734 E1043.6723
G0 F3600 X101.418 Y140.168
G1 F3600 X109.781 Y148.530 E1044.1394
G0 F3600 X110.346 Y148.530
G1 F3600 X101.418 Y139.602 E1044.6381
G0 F3600 X101.418 Y139.036
G1 F3600 X110.912 Y148.530 E1045.1684
G0 F3600 X111.478 Y148.530
G1 F3600 X101.418 Y138.471 E1045.7303
G0 F3600 X101.418 Y137.905
G1 F3600 X112.043 Y148.530 E1046.3237
G0 F3600 X112.609 Y148.530
G1 F3600 X101.418 Y137.339 E1046.9488
G0 F3600 X101.418 Y136.774
G1 F3600 X113.175 Y148.530 E1047.6055
G0 F3600 X113.740 Y148.530
G1 F3600 X101.418 Y136.208 E1048.2938
G0 F3600 X101.418 Y135.642
G1 F3600 X114.306 Y148.530 E1049.0136
G0 F3600 X114.872 Y148.530
G1 F3600 X101.418 Y135.077 E1049.7651
G0 F3600 X101.418 Y134.511
G1 F3600 X115.438 Y148.530 E1050.5482
G0 F3600 X116.003 Y148.530
G1 F3600 X101.418 Y133.945 E1051.3629
G0 F3600 X101.418 Y133.380
G1 F3600 X116.569 Y148.530 E1052.2091
G0 F3600 X117.135 Y148.530
G1 F3600 X101.418 Y132.814 E1053.0870
G0 F3600 X101.418 Y132.248
G1 F3600 X117.700 Y148.530 E1053.9964
G0 F3600 X118.266 Y148.530
G1 F3600 X101.418 Y131.683 E1054.9375
G0 F3600 X101.418 Y131.117
G1 F3600 X118.832 Y148.530 E1055.9101
G0 F3600 X119.397 Y148.530
G1 F3600 X101.418 Y130.551 E1056.9144
G0 F3600 X101.418 Y129.986
G1 F3600 X119.963 Y148.530 E1057.9502
G0 F3600 X120.529 Y148.530
G1 F3600 X101.418 Y129.420 E1059.0176
G0 F3600 X101.418 Y128.854
G1 F3600 X121.094 Y148.530 E1060.1167
G0 F3600 X121.660 Y148.530
G1 F3600 X101.418 Y128.288 E1061.2473
G0 F3600 X101.418 Y127.723
G1 F3600 X122.226 Y148.530 E1062.4095
G0 F3600 X122.791 Y148.530
G1 F3600 X101.418 Y127.157 E1063.6034
G0 F3600 X101.418 Y126.591
G1 F3600 X123.357 Y148.530 E1064.8288
G0 F3600 X123.923 Y148.530
G1 F3600 X101.418 Y126.026 E1066.0858
G0 F3600 X101.418 Y125.460
G1 F3600 X124.488 Y148.530 E1067.3744
G0 F3600 X125.054 Y148.530
G1 F3600 X101.418 Y124.894 E1068.6946
G0 F3600 X101.418 Y124.329
G1 F3600 X125.620 Y148.530 E1070.0464
G0 F3600 X126.186 Y148.530
G1 F3600 X101.418 Y123.763 E1071.4299
G0 F3600 X101.418 Y123.197
G1 F3600 X126.751 Y148.530 E1072.8449
G0 F3600 X127.317 Y148.530
G1 F3600 X101.418 Y122.632 E1074.2915
G0 F3600 X101.418 Y122.066
G1 F3600 X127.883 Y148.530 E1075.7697
G0 F3600 X128.448 Y148.530
G1 F3600 X101.418 Y121.500 E1077.2795
G0 F3600 X101.418 Y120.935
G1 F3600 X129.014 Y148.530 E1078.8209
G0 F3600 X129.580 Y148.530
G1 F3600 X101.418 Y120.369 E1080.3939
G0 F3600 X101.418 Y119.803
G1 F3600 X130.145 Y148.530 E1081.9984
G0 F3600 X130.711 Y148.530
G1 F3600 X101.418 Y119.238 E1083.6346
G0 F3600 X101.418 Y118.672
G1 F3600 X131.277 Y148.530 E1085.3024
G0 F3600 X131.842 Y148.530
G1 F3600 X101.418 Y118.106 E1087.0018
G0 F3600 X101.418 Y117.540
G1 F3600 X132.408 Y148.530 E1088.7328
G0 F3600 X132.974 Y148.530
G1 F3600 X101.418 Y116.975 E1090.4953
G0 F3600 X101.418 Y116.409
G1 F3600 X133.539 Y148.530 E1092.2895
G0 F3600 X134.105 Y148.530
G1 F3600 X101.418 Y115.843 E1094.1153
G0 F3600 X101.418 Y115.278
G1 F3600 X134.671 Y148.530 E1095.9726
G0 F3600 X135.237 Y148.530
G1 F3600 X101.418 Y114.712 E1097.8616
G0 F3600 X101.418 Y114.146
G1 F3600 X135.802 Y148.530 E1099.7822
G0 F3600 X136.368 Y148.530
G1 F3600 X101.418 Y113.581 E1101.7343
G0 F3600 X101.418 Y113.015
G1 F3600 X136.934 Y148.530 E1103.7181
G0 F3600 X137.499 Y148.530
G1 F3600 X101.418 Y112.449 E1105.7335
G0 F3600 X101.418 Y111.884
G1 F3600 X138.065 Y148.530 E1107.7804
G0 F3600 X138.631 Y148.530
G1 F3600 X101.418 Y111.318 E1109.8590
G0 F3600 X101.418 Y110.752
G1 F3600 X139.196 Y148.530 E1111.9691
G0 F3600 X139.762 Y148.530
G1 F3600 X101.418 Y110.187 E1114.1108
G0 F3600 X101.418 Y109.621
G1 F3600 X140.328 Y148.530 E1116.2842
G0 F3600 X140.893 Y148.530
G1 F3600 X101.418 Y109.055 E1118.4891
G0 F3600 X101.418 Y108.489
G1 F3600 X141.459 Y148.530 E1120.7256
G0 F3600 X142.025 Y148.530
G1 F3600 X101.418 Y107.924 E1122.9938
G0 F3600 X101.418 Y107.358
G1 F3600 X142.590 Y148.530 E1125.2935
G0 F3600 X143.156 Y148.530
G1 F3600 X101.418 Y106.792 E1127.6248
G0 F3600 X101.418 Y106.227
G1 F3600 X143.722 Y148.530 E1129.9877
G0 F3600 X144.287 Y148.530
G1 F3600 X101.418 Y105.661 E1132.3822
G0 F3600 X101.418 Y105.095
G1 F3600 X144.853 Y148.530 E1134.8084
G0 F3600 X145.419 Y148.530
G1 F3600 X101.418 Y104.530 E1137.2661
G0 F3600 X101.418 Y103.964
G1 F3600 X145.985 Y148.530 E1139.7554
G0 F3600 X146.550 Y148.530
G1 F3600 X101.418 Y103.398 E1142.2763
G0 F3600 X101.418 Y102.833
G1 F3600 X147.116 Y148.530 E1144.8288
G0 F3600 X147.682 Y148.530
G1 F3600 X101.418 Y102.267 E1147.4129
G0 F3600 X101.418 Y101.701
G1 F3600 X148.247 Y148.530 E1150.0286
G0 F3600 X148.580 Y148.297
G1 F3600 X101.750 Y101.467 E1152.6444
G0 F3600 X102.316 Y101.467
G1 F3600 X148.580 Y147.731 E1155.2285
G0 F3600 X148.580 Y147.165
G1 F3600 X102.881 Y101.467 E1157.7811
G0 F3600 X103.447 Y101.467
G1 F3600 X148.580 Y146.600 E1160.3020
G0 F3600 X148.580 Y146.034
G1 F3600 X104.013 Y101.467 E1162.7914
G0 F3600 X104.578 Y101.467
G1 F3600 X148.580 Y145.468 E1165.2491
G0 F3600 X148.580 Y144.903
G1 F3600 X105.144 Y101.467 E1167.6753
G0 F3600 X105.710 Y101.467
G1 F3600 X148.580 Y144.337 E1170.0699
G0 F3600 X148.580 Y143.771
G1 F3600 X106.276 Y101.467 E1172.4328
G0 F3600 X106.841 Y101.467
G1 F3600 X148.580 Y143.206 E1174.7642
G0 F3600 X148.580 Y142.640
G1 F3600 X107.407 Y101.467 E1177.0640
G0 F3600 X107.973 Y101.467
G1 F3600 X148.580 Y142.074 E1179.3321
G0 F3600 X148.580 Y141.509
G1 F3600 X108.538 Y101.467 E1181.5687
G0 F3600 X109.104 Y101.467
G1 F3600 X148.580 Y140.943 E1183.7737
G0 F3600 X148.580 Y140.377
G1 F3600 X109.670 Y101.467 E1185.9471
G0 F3600 X110.235 Y101.467
G1 F3600 X148.580 Y139.811 E1188.0889
G0 F3600 X148.580 Y139.246
G1 F3600 X110.801 Y101.467 E1190.1991
G0 F3600 X111.367 Y101.467
G1 F3600 X148.580 Y138.680 E1192.2777
G0 F3600 X148.580 Y138.114
G1 F3600 X111.932 Y101.467 E1194.3247
G0 F3600 X112.498 Y101.467
G1 F3600 X148.580 Y137.549 E1196.3401
G0 F3600 X148.580 Y136.983
G1 F3600 X113.064 Y101.467 E1198.3239
G0 F3600 X113.629 Y101.467
G1 F3600 X148.580 Y136.417 E1200.2761
G0 F3600 X148.580 Y135.852
G1 F3600 X114.195 Y101.467 E1202.1967
G0 F3600 X114.761 Y101.467
G1 F3600 X148.580 Y135.286 E1204.0857
G0 F3600 X148.580 Y134.720
G1 F3600 X115.326 Y101.467 E1205.9431
G0 F3600 X115.892 Y101.467
G1 F3600 X148.580 Y134.155 E1207.7690
G0 F3600 X148.580 Y133.589
G1 F3600 X116.458 Y101.467 E1209.5632
G0 F3600 X117.024 Y101.467
G1 F3600 X148.580 Y133.023 E1211.3258
G0 F3600 X148.580 Y132.458
G1 F3600 X117.589 Y101.467 E1213.0568
G0 F3600 X118.155 Y101.467
G1 F3600 X148.580 Y131.892 E1214.7562
G0 F3600 X148.580 Y131.326
G1 F3600 X118.721 Y101.467 E1216.4241
G0 F3600 X119.286 Y101.467
G1 F3600 X148.580 Y130.761 E1218.0603
G0 F3600 X148.580 Y130.195
G1 F3600 X119.852 Y101.467 E1219.6650
G0 F3600 X120.418 Y101.467
G1 F3600 X148.580 Y129.629 E1221.2380
G0 F3600 X148.580 Y129.063
G1 F3600 X120.983 Y101.467 E1222.7794
G0 F3600 X121.549 Y101.467
G1 F3600 X148.580 Y128.498 E1224.2893
G0 F3600 X148.580 Y127.932
G1 F3600 X122.115 Y101.467 E1225.7675
G0 F3600 X122.680 Y101.467
G1 F3600 X148.580 Y127.366 E1227.2142
G0 F3600 X148.580 Y126.801
G1 F3600 X123.246 Y101.467 E1228.6292
G0 F3600 X123.812 Y101.467
G1 F3600 X148.580 Y126.235 E1230.0127
G0 F3600 X148.580 Y125.669
G1 F3600 X124.377 Y101.467 E1231.3645
G0 F3600 X124.943 Y101.467
G1 F3600 X148.580 Y125.104 E1232.6848
G0 F3600 X148.580 Y124.538
G1 F3600 X125.510 Y101.468 E1233.9734
G0 F3600 X126.075 Y101.468
G1 F3600 X148.580 Y123.972 E1235.2305
G0 F3600 X148.580 Y123.407
G1 F3600 X126.641 Y101.468 E1236.4559
G0 F3600 X127.207 Y101.468
G1 F3600 X148.580 Y122.841 E1237.6497
G0 F3600 X148.580 Y122.275
G1 F3600 X127.772 Y101.468 E1238.8119
G0 F3600 X128.338 Y101.468
G1 F3600 X148.580 Y121.710 E1239.9426
G0 F3600 X148.580 Y121.144
G1 F3600 X128.904 Y101.468 E1241.0416
G0 F3600 X129.469 Y101.468
G1 F3600 X148.580 Y120.578 E1242.1091
G0 F3600 X148.580 Y120.012
G1 F3600 X130.035 Y101.468 E1243.1449
G0 F3600 X130.601 Y101.468
G1 F3600 X148.580 Y119.447 E1244.1491
G0 F3600 X148.580 Y118.881
G1 F3600 X131.166 Y101.468 E1245.1218
G0 F3600 X131.732 Y101.468
G1 F3600 X148.580 Y118.315 E1246.0628
G0 F3600 X148.580 Y117.750
G1 F3600 X132.298 Y101.468 E1246.9723
G0 F3600 X132.863 Y101.468
G1 F3600 X148.580 Y117.184 E1247.8501
G0 F3600 X148.580 Y116.618
G1 F3600 X133.429 Y101.468 E1248.6964
G0 F3600 X133.995 Y101.468
G1 F3600 X148.580 Y116.053 E1249.5111
G0 F3600 X148.580 Y115.487
G1 F3600 X134.561 Y101.468 E1250.2941
G0 F3600 X135.126 Y101.468
G1 F3600 X148.580 Y114.921 E1251.0456
G0 F3600 X148.580 Y114.356
G1 F3600 X135.692 Y101.468 E1251.7654
G0 F3600 X136.258 Y101.468
G1 F3600 X148.580 Y113.790 E1252.4537
G0 F3600 X148.580 Y113.224
G1 F3600 X136.823 Y101.468 E1253.1104
G0 F3600 X137.389 Y101.468
G1 F3600 X148.580 Y112.659 E1253.7355
G0 F3600 X148.580 Y112.093
G1 F3600 X137.955 Y101.468 E1254.3289
G0 F3600 X138.520 Y101.468
G1 F3600 X148.580 Y111.527 E1254.8908
G0 F3600 X148.580 Y110.962
G1 F3600 X139.086 Y101.468 E1255.4211
G0 F3600 X139.652 Y101.468
G1 F3600 X148.580 Y110.396 E1255.9198
G0 F3600 X148.580 Y109.830
G1 F3600 X140.217 Y101.468 E1256.3869
G0 F3600 X140.783 Y101.468
G1 F3600 X148.580 Y109.264 E1256.8224
G0 F3600 X148.580 Y108.699
G1 F3600 X141.349 Y101.468 E1257.2263
G0 F3600 X141.914 Y101.468
G1 F3600 X148.580 Y108.133 E1257.5986
G0 F3600 X148.580 Y107.567
G1 F3600 X142.480 Y101.468 E1257.9393
G0 F3600 X143.046 Y101.468
G1 F3600 X148.580 Y107.002 E1258.2484
G0 F3600 X148.580 Y106.436
G1 F3600 X143.611 Y101.468 E1258.5259
G0 F3600 X144.177 Y101.468
G1 F3600 X148.580 Y105.870 E1258.7718
G0 F3600 X148.580 Y105.305
G1 F3600 X144.743 Y101.468 E1258.9862
G0 F3600 X145.309 Y101.468
G1 F3600 X148.580 Y104.739 E1259.1689
G0 F3600 X148.580 Y104.173
G1 F3600 X145.874 Y101.468 E1259.3200
G0 F3600 X146.440 Y101.468
G1 F3600 X148.580 Y103.608 E1259.4395
G0 F3600 X148.580 Y103.042
G1 F3600 X147.006 Y101.468 E1259.5274
G0 F3600 X147.571 Y101.468
G1 F3600 X148.580 Y102.476 E1259.5838
G0 F3600 X148.580 Y101.911
G1 F3600 X148.137 Y101.468 E1259.6085
;PRINTING_TIME: 751
;REMAINING_TIME: 5533
;LAYER:5
;Z:1.500
;HEIGHT:0.250
;FLOW:100.0
;PRINTING: Flow_Calibration_Cube_0.4_mm.stl
;PRINTING_ID: 0
G1 F2400 E1256.6085
G1 F300 Z1.700
G0 F3900 X100.035 Y100.084
G0 F300 Z1.500
;TYPE:WALL-OUTER
;WIDTH:0.400
G1 F300 Z1.500
G1 F1500 E1259.6085
G1 F2100 X149.965 Y100.084 E1261.6844
G1 X149.965 Y149.915 E1263.7561
G1 X100.035 Y149.915 E1265.8319
G1 X100.035 Y100.084 E1267.9037
G0 F3900 X100.435 Y100.484
;TYPE:WALL-INNER
;WIDTH:0.400
;FLOW:90.0
G1 F2400 X149.565 Y100.484 E1269.7420
G1 X149.565 Y149.515 E1271.5766
G1 X100.435 Y149.515 E1273.4150
G1 X100.435 Y100.484 E1275.2496
G0 F3900 X100.835 Y100.884
G1 F2400 X149.165 Y100.884 E1277.0580
G1 X149.165 Y149.115 E1278.8627
G1 X100.835 Y149.115 E1280.6711
G1 X100.835 Y100.884 E1282.4758
G0 F3900 X101.235 Y101.284
G1 F2400 X148.765 Y101.284 E1284.2542
G1 X148.765 Y148.715 E1286.0290
G1 X101.235 Y148.715 E1287.8074
G1 X101.235 Y101.284 E1289.5822
G0 F3900 X101.418 Y101.944
;TYPE:SOLID-FILL
;WIDTH:0.400
;FLOW:95.0
G1 F3600 X101.896 Y101.466 E1289.6089
G0 F3600 X102.462 Y101.466
G1 F3600 X101.418 Y102.510 E1289.6672
G0 F3600 X101.418 Y103.076
G1 F3600 X103.028 Y101.466 E1289.7571
G0 F3600 X103.593 Y101.466
G1 F3600 X101.418 Y103.642 E1289.8786
G0 F3600 X101.418 Y104.207
G1 F3600 X104.159 Y101.466 E1290.0317
G0 F3600 X104.725 Y101.466
G1 F3600 X101.418 Y104.773 E1290.2165
G0 F3600 X101.418 Y105.339
G1 F3600 X105.291 Y101.466 E1290.4328
G0 F3600 X105.856 Y101.466
G1 F3600 X101.418 Y105.904 E1290.6807
G0 F3600 X101.418 Y106.470
G1 F3600 X106.422 Y101.466 E1290.9602
G0 F3600 X106.988 Y101.466
G1 F3600 X101.418 Y107.036 E1291.2713
G0 F3600 X101.418 Y107.601
G1 F3600 X107.553 Y101.466 E1291.6140
G0 F3600 X108.119 Y101.466
G1 F3600 X101.418 Y108.167 E1291.9883
G0 F3600 X101.418 Y108.733
G1 F3600 X108.685 Y101.466 E1292.3942
G0 F3600 X109.250 Y101.466
G1 F3600 X101.418 Y109.298 E1292.8317
G0 F3600 X101.418 Y109.864
G1 F3600 X109.816 Y101.466 E1293.3007
G0 F3600 X110.382 Y101.466
G1 F3600 X101.418 Y110.430 E1293.8014
G0 F3600 X101.418 Y110.995
G1 F3600 X110.947 Y101.466 E1294.3337
G0 F3600 X111.513 Y101.466
G1 F3600 X101.418 Y111.561 E1294.8976
G0 F3600 X101.418 Y112.127
G1 F3600 X112.079 Y101.466 E1295.4930
G0 F3600 X112.644 Y101.466
G1 F3600 X101.418 Y112.693 E1296.1201
G0 F3600 X101.418 Y113.258
G1 F3600 X113.210 Y101.466 E1296.7788
G0 F3600 X113.776 Y101.466
G1 F3600 X101.418 Y113.824 E1297.4691
G0 F3600 X101.418 Y114.390
G1 F3600 X114.341 Y101.466 E1298.1909
G0 F3600 X114.907 Y101.466
G1 F3600 X101.418 Y114.955 E1298.9444
G0 F3600 X101.418 Y115.521
G1 F3600 X115.473 Y101.466 E1299.7294
G0 F3600 X116.039 Y101.466
G1 F3600 X101.418 Y116.087 E1300.5461
G0 F3600 X101.418 Y116.652
G1 F3600 X116.604 Y101.466 E1301.3943
G0 F3600 X117.170 Y101.466
G1 F3600 X101.418 Y117.218 E1302.2742
G0 F3600 X101.418 Y117.784
G1 F3600 X117.736 Y101.466 E1303.1856
G0 F3600 X118.301 Y101.466
G1 F3600 X101.418 Y118.349 E1304.1287
G0 F3600 X101.418 Y118.915
G1 F3600 X118.867 Y101.466 E1305.1033
G0 F3600 X119.433 Y101.466
G1 F3600 X101.418 Y119.481 E1306.1096
G0 F3600 X101.418 Y120.046
G1 F3600 X119.998 Y101.466 E1307.1474
G0 F3600 X120.564 Y101.466
G1 F3600 X101.418 Y120.612 E1308.2168
G0 F3600 X101.418 Y121.178
G1 F3600 X121.130 Y101.466 E1309.3178
G0 F3600 X121.695 Y101.466
G1 F3600 X101.418 Y121.743 E1310.4504
G0 F3600 X101.418 Y122.309
G1 F3600 X122.261 Y101.466 E1311.6146
G0 F3600 X122.827 Y101.466
G1 F3600 X101.418 Y122.875 E1312.8105
G0 F3600 X101.418 Y123.441
G1 F3600 X123.392 Y101.466 E1314.0379
G0 F3600 X123.958 Y101.466
G1 F3600 X101.418 Y124.006 E1315.2969
G0 F3600 X101.418 Y124.572
G1 F3600 X124.524 Y101.466 E1316.5875
G0 F3600 X125.089 Y101.467
G1 F3600 X101.418 Y125.138 E1317.9097
G0 F3600 X101.418 Y125.703
G1 F3600 X125.654 Y101.467 E1319.2634
G0 F3600 X126.220 Y101.467
G1 F3600 X101.418 Y126.269 E1320.6488
G0 F3600 X101.418 Y126.835
G1 F3600 X126.786 Y101.467 E1322.0657
G0 F3600 X127.352 Y101.467
G1 F3600 X101.418 Y127.400 E1323.5143
G0 F3600 X101.418 Y127.966
G1 F3600 X127.917 Y101.467 E1324.9944
G0 F3600 X128.483 Y101.467
G1 F3600 X101.418 Y128.532 E1326.5062
G0 F3600 X101.418 Y129.097
G1 F3600 X129.049 Y101.467 E1328.0495
G0 F3600 X129.614 Y101.467
G1 F3600 X101.418 Y129.663 E1329.6244
G0 F3600 X101.418 Y130.229
G1 F3600 X130.180 Y101.467 E1331.2310
G0 F3600 X130.746 Y101.467
G1 F3600 X101.418 Y130.794 E1332.8691
G0 F3600 X101.418 Y131.360
G1 F3600 X131.311 Y101.467 E1334.5388
G0 F3600 X131.877 Y101.467
G1 F3600 X101.418 Y131.926 E1336.2402
G0 F3600 X101.418 Y132.492
G1 F3600 X132.443 Y101.467 E1337.9731
G0 F3600 X133.008 Y101.467
G1 F3600 X101.418 Y133.057 E1339.7376
G0 F3600 X101.418 Y133.623
G1 F3600 X133.574 Y101.467 E1341.5337
G0 F3600 X134.140 Y101.467
G1 F3600 X101.418 Y134.189 E1343.3614
G0 F3600 X101.418 Y134.754
G1 F3600 X134.705 Y101.467 E1345.2207
G0 F3600 X135.271 Y101.467
G1 F3600 X101.418 Y135.320 E1347.1116
G0 F3600 X101.418 Y135.886
G1 F3600 X135.837 Y101.467 E1349.0342
G0 F3600 X136.403 Y101.467
G1 F3600 X101.418 Y136.451 E1350.9883
G0 F3600 X101.418 Y137.017
G1 F3600 X136.968 Y101.467 E1352.9740
G0 F3600 X137.534 Y101.467
G1 F3600 X101.418 Y137.583 E1354.9913
G0 F3600 X101.418 Y138.148
G1 F3600 X138.100 Y101.467 E1357.0402
G0 F3600 X138.665 Y101.467
G1 F3600 X101.418 Y138.714 E1359.1206
G0 F3600 X101.418 Y139.280
G1 F3600 X139.231 Y101.467 E1361.2327
G0 F3600 X139.797 Y101.467
G1 F3600 X101.418 Y139.845 E1363.3764
G0 F3600 X101.418 Y140.411
G1 F3600 X140.362 Y101.467 E1365.5517
G0 F3600 X140.928 Y101.467
G1 F3600 X101.418 Y140.977 E1367.7586
G0 F3600 X101.418 Y141.542
G1 F3600 X141.494 Y101.467 E1369.9971
G0 F3600 X142.059 Y101.467
G1 F3600 X101.418 Y142.108 E1372.2671
G0 F3600 X101.418 Y142.674
G1 F3600 X142.625 Y101.467 E1374.5688
G0 F3600 X143.191 Y101.467
G1 F3600 X101.418 Y143.240 E1376.9021
G0 F3600 X101.418 Y143.805
G1 F3600 X143.756 Y101.467 E1379.2669
G0 F3600 X144.322 Y101.467
G1 F3600 X101.418 Y144.371 E1381.6634
G0 F3600 X101.418 Y144.937
G1 F3600 X144.888 Y101.467 E1384.0915
G0 F3600 X145.453 Y101.467
G1 F3600 X101.418 Y145.502 E1386.5511
G0 F3600 X101.418 Y146.068
G1 F3600 X146.019 Y101.467 E1389.0423
G0 F3600 X146.585 Y101.467
G1 F3600 X101.418 Y146.634 E1391.5652
G0 F3600 X101.418 Y147.199
G1 F3600 X147.151 Y101.467 E1394.1197
G0 F3600 X147.716 Y101.467
G1 F3600 X101.418 Y147.765 E1396.7057
G0 F3600 X101.418 Y148.331
G1 F3600 X148.282 Y101.467 E1399.3233
G0 F3600 X148.580 Y101.735
G1 F3600 X101.785 Y148.530 E1401.9371
G0 F3600 X102.350 Y148.530
G1 F3600 X148.580 Y102.301 E1404.5194
G0 F3600 X148.580 Y102.867
G1 F3600 X102.916 Y148.530 E1407.0700
G0 F3600 X103.482 Y148.530
G1 F3600 X148.580 Y103.432 E1409.5890
G0 F3600 X148.580 Y103.998
G1 F3600 X104.047 Y148.530 E1412.0764
G0 F3600 X104.613 Y148.530
G1 F3600 X148.580 Y104.564 E1414.5322
G0 F3600 X148.580 Y105.129
G1 F3600 X105.179 Y148.530 E1416.9564
G0 F3600 X105.744 Y148.530
G1 F3600 X148.580 Y105.695 E1419.3491
G0 F3600 X148.580 Y106.261
G1 F3600 X106.310 Y148.530 E1421.7101
G0 F3600 X106.876 Y148.530
G1 F3600 X148.580 Y106.826 E1424.0395
G0 F3600 X148.580 Y107.392
G1 F3600 X107.442 Y148.530 E1426.3373
G0 F3600 X108.007 Y148.530
G1 F3600 X148.580 Y107.958 E1428.6036
G0 F3600 X148.580 Y108.523
G1 F3600 X108.573 Y148.530 E1430.8382
G0 F3600 X109.139 Y148.530
G1 F3600 X148.580 Y109.089 E1433.0412
G0 F3600 X148.580 Y109.655
G1 F3600 X109.704 Y148.530 E1435.2127
G0 F3600 X110.270 Y148.530
G1 F3600 X148.580 Y110.220 E1437.3525
G0 F3600 X148.580 Y110.786
G1 F3600 X110.836 Y148.530 E1439.4608
G0 F3600 X111.401 Y148.530
G1 F3600 X148.580 Y111.352 E1441.5374
G0 F3600 X148.580 Y111.918
G1 F3600 X111.967 Y148.530 E1443.5825
G0 F3600 X112.533 Y148.530
G1 F3600 X148.580 Y112.483 E1445.5959
G0 F3600 X148.580 Y113.049
G1 F3600 X113.098 Y148.530 E1447.5778
G0 F3600 X113.664 Y148.530
G1 F3600 X148.580 Y113.615 E1449.5280
G0 F3600 X148.580 Y114.180
G1 F3600 X114.230 Y148.530 E1451.4467
G0 F3600 X114.795 Y148.530
G1 F3600 X148.580 Y114.746 E1453.3338
G0 F3600 X148.580 Y115.312
G1 F3600 X115.361 Y148.530 E1455.1893
G0 F3600 X115.927 Y148.530
G1 F3600 X148.580 Y115.877 E1457.0131
G0 F3600 X148.580 Y116.443
G1 F3600 X116.493 Y148.530 E1458.8054
G0 F3600 X117.058 Y148.530
G1 F3600 X148.580 Y117.009 E1460.5661
G0 F3600 X148.580 Y117.574
G1 F3600 X117.624 Y148.530 E1462.2952
G0 F3600 X118.190 Y148.530
G1 F3600 X148.580 Y118.140 E1463.9926
G0 F3600 X148.580 Y118.706
G1 F3600 X118.755 Y148.530 E1465.6585
G0 F3600 X119.321 Y148.530
G1 F3600 X148.580 Y119.271 E1467.2928
G0 F3600 X148.580 Y119.837
G1 F3600 X119.887 Y148.530 E1468.8955
G0 F3600 X120.452 Y148.530
G1 F3600 X148.580 Y120.403 E1470.4666
G0 F3600 X148.580 Y120.968
G1 F3600 X121.018 Y148.530 E1472.0061
G0 F3600 X121.584 Y148.530
G1 F3600 X148.580 Y121.534 E1473.5140
G0 F3600 X148.580 Y122.100
G1 F3600 X122.149 Y148.530 E1474.9903
G0 F3600 X122.715 Y148.530
G1 F3600 X148.580 Y122.666 E1476.4350
G0 F3600 X148.580 Y123.231
G1 F3600 X123.281 Y148.530 E1477.8481
G0 F3600 X123.846 Y148.530
G1 F3600 X148.580 Y123.797 E1479.2297
G0 F3600 X148.580 Y124.363
G1 F3600 X124.412 Y148.530 E1480.5796
G0 F3600 X124.978 Y148.530
G1 F3600 X148.580 Y124.928 E1481.8979
G0 F3600 X148.580 Y125.494
G1 F3600 X125.543 Y148.530 E1483.1846
G0 F3600 X126.109 Y148.530
G1 F3600 X148.580 Y126.060 E1484.4398
G0 F3600 X148.580 Y126.625
G1 F3600 X126.675 Y148.530 E1485.6633
G0 F3600 X127.241 Y148.530
G1 F3600 X148.580 Y127.191 E1486.8552
G0 F3600 X148.580 Y127.757
G1 F3600 X127.806 Y148.530 E1488.0155
G0 F3600 X128.372 Y148.530
G1 F3600 X148.580 Y128.322 E1489.1443
G0 F3600 X148.580 Y128.888
G1 F3600 X128.938 Y148.530 E1490.2414
G0 F3600 X129.503 Y148.530
G1 F3600 X148.580 Y129.454 E1491.3070
G0 F3600 X148.580 Y130.019
G1 F3600 X130.069 Y148.530 E1492.3409
G0 F3600 X130.635 Y148.530
G1 F3600 X148.580 Y130.585 E1493.3433
G0 F3600 X148.580 Y131.151
G1 F3600 X131.200 Y148.530 E1494.3140
G0 F3600 X131.766 Y148.530
G1 F3600 X148.580 Y131.717 E1495.2532
G0 F3600 X148.580 Y132.282
G1 F3600 X132.332 Y148.530 E1496.1607
G0 F3600 X132.897 Y148.530
G1 F3600 X148.580 Y132.848 E1497.0367
G0 F3600 X148.580 Y133.414
G1 F3600 X133.463 Y148.530 E1497.8810
G0 F3600 X134.029 Y148.530
G1 F3600 X148.580 Y133.979 E1498.6938
G0 F3600 X148.580 Y134.545
G1 F3600 X134.594 Y148.530 E1499.4750
G0 F3600 X135.160 Y148.530
G1 F3600 X148.580 Y135.111 E1500.2245
G0 F3600 X148.580 Y135.676
G1 F3600 X135.726 Y148.530 E1500.9425
G0 F3600 X136.292 Y148.530
G1 F3600 X148.580 Y136.242 E1501.6289
G0 F3600 X148.580 Y136.808
G1 F3600 X136.857 Y148.530 E1502.2837
G0 F3600 X137.423 Y148.530
G1 F3600 X148.580 Y137.373 E1502.9068
G0 F3600 X148.580 Y137.939
G1 F3600 X137.989 Y148.530 E1503.4984
G0 F3600 X138.554 Y148.530
G1 F3600 X148.580 Y138.505 E1504.0584
G0 F3600 X148.580 Y139.070
G1 F3600 X139.120 Y148.530 E1504.5868
G0 F3600 X139.686 Y148.530
G1 F3600 X148.580 Y139.636 E1505.0836
G0 F3600 X148.580 Y140.202
G1 F3600 X140.251 Y148.530 E1505.5488
G0 F3600 X140.817 Y148.530
G1 F3600 X148.580 Y140.767 E1505.9824
G0 F3600 X148.580 Y141.333
G1 F3600 X141.383 Y148.530 E1506.3844
G0 F3600 X141.948 Y148.530
G1 F3600 X148.580 Y141.899 E1506.7548
G0 F3600 X148.580 Y142.465
G1 F3600 X142.514 Y148.530 E1507.0936
G0 F3600 X143.080 Y148.530
G1 F3600 X148.580 Y143.030 E1507.4008
G0 F3600 X148.580 Y143.596
G1 F3600 X143.645 Y148.530 E1507.6764
G0 F3600 X144.211 Y148.530
G1 F3600 X148.580 Y144.162 E1507.9205
G0 F3600 X148.580 Y144.727
G1 F3600 X144.777 Y148.530 E1508.1329
G0 F3600 X145.342 Y148.530
G1 F3600 X148.580 Y145.293 E1508.3137
G0 F3600 X148.580 Y145.859
G1 F3600 X145.908 Y148.530 E1508.4629
G0 F3600 X146.474 Y148.530
G1 F3600 X148.580 Y146.424 E1508.5806
G0 F3600 X148.580 Y146.990
G1 F3600 X147.040 Y148.530 E1508.6666
G0 F3600 X147.605 Y148.530
G1 F3600 X148.580 Y147.556 E1508.7210
G0 F3600 X148.580 Y148.121
G1 F3600 X148.171 Y148.530 E1508.7439
;PRINTING_TIME: 881
;REMAINING_TIME: 5403
;LAYER:6
;Z:1.750
;HEIGHT:0.250
;FLOW:100.0
;PRINTING: Flow_Calibration_Cube_0.4_mm.stl
;PRINTING_ID: 0
G1 F2400 E1505.7439
G1 F300 Z1.950
G0 F3900 X100.035 Y100.084
G0 F300 Z1.750
;TYPE:WALL-OUTER
;WIDTH:0.400
G1 F300 Z1.750
G1 F1500 E1508.7439
G1 F2100 X149.965 Y100.084 E1510.8197
G1 X149.965 Y149.915 E1512.8914
G1 X100.035 Y149.915 E1514.9673
G1 X100.035 Y100.084 E1517.0390
G0 F3900 X100.435 Y100.484
;TYPE:WALL-INNER
;WIDTH:0.400
;FLOW:90.0
G1 F2400 X149.565 Y100.484 E1518.8773
G1 X149.565 Y149.515 E1520.7120
G1 X100.435 Y149.515 E1522.5503
G1 X100.435 Y100.484 E1524.3849
G0 F3900 X100.835 Y100.884
G1 F2400 X149.165 Y100.884 E1526.1933
G1 X149.165 Y149.115 E1527.9980
G1 X100.835 Y149.115 E1529.8064
G1 X100.835 Y100.884 E1531.6111
G0 F3900 X101.235 Y101.284
G1 F2400 X148.765 Y101.284 E1533.3896
G1 X148.765 Y148.715 E1535.1643
G1 X101.235 Y148.715 E1536.9428
G1 X101.235 Y101.284 E1538.7175
G1 F2400 E1535.7175
G1 F300 Z1.950
G0 F3900 X101.418 Y148.087
;TYPE:SOLID-FILL
;WIDTH:0.400
;FLOW:95.0
G1 F300 Z1.750
G1 F1500 E1538.7175
G1 F3600 X101.861 Y148.530 E1538.7423
G0 F3600 X102.427 Y148.530
G1 F3600 X101.418 Y147.522 E1538.7986
G0 F3600 X101.418 Y146.956
G1 F3600 X102.992 Y148.530 E1538.8865
G0 F3600 X103.558 Y148.530
G1 F3600 X101.418 Y146.390 E1539.0061
G0 F3600 X101.418 Y145.825
G1 F3600 X104.124 Y148.530 E1539.1572
G0 F3600 X104.689 Y148.530
G1 F3600 X101.418 Y145.259 E1539.3399
G0 F3600 X101.418 Y144.693
G1 F3600 X105.255 Y148.530 E1539.5542
G0 F3600 X105.821 Y148.530
G1 F3600 X101.418 Y144.128 E1539.8001
G0 F3600 X101.418 Y143.562
G1 F3600 X106.387 Y148.530 E1540.0776
G0 F3600 X106.952 Y148.530
G1 F3600 X101.418 Y142.996 E1540.3867
G0 F3600 X101.418 Y142.431
G1 F3600 X107.518 Y148.530 E1540.7274
G0 F3600 X108.084 Y148.530
G1 F3600 X101.418 Y141.865 E1541.0998
G0 F3600 X101.418 Y141.299
G1 F3600 X108.649 Y148.530 E1541.5036
G0 F3600 X109.215 Y148.530
G1 F3600 X101.418 Y140.734 E1541.9391
G0 F3600 X101.418 Y140.168
G1 F3600 X109.781 Y148.530 E1542.4062
G0 F3600 X110.346 Y148.530
G1 F3600 X101.418 Y139.602 E1542.9049
G0 F3600 X101.418 Y139.036
G1 F3600 X110.912 Y148.530 E1543.4352
G0 F3600 X111.478 Y148.530
G1 F3600 X101.418 Y138.471 E1543.9971
G0 F3600 X101.418 Y137.905
G1 F3600 X112.043 Y148.530 E1544.5906
G0 F3600 X112.609 Y148.530
G1 F3600 X101.418 Y137.339 E1545.2157
G0 F3600 X101.418 Y136.774
G1 F3600 X113.175 Y148.530 E1545.8723
G0 F3600 X113.740 Y148.530
G1 F3600 X101.418 Y136.208 E1546.5606
G0 F3600 X101.418 Y135.642
G1 F3600 X114.306 Y148.530 E1547.2805
G0 F3600 X114.872 Y148.530
G1 F3600 X101.418 Y135.077 E1548.0319
G0 F3600 X101.418 Y134.511
G1 F3600 X115.438 Y148.530 E1548.8150
G0 F3600 X116.003 Y148.530
G1 F3600 X101.418 Y133.945 E1549.6297
G0 F3600 X101.418 Y133.380
G1 F3600 X116.569 Y148.530 E1550.4759
G0 F3600 X117.135 Y148.530
G1 F3600 X101.418 Y132.814 E1551.3538
G0 F3600 X101.418 Y132.248
G1 F3600 X117.700 Y148.530 E1552.2633
G0 F3600 X118.266 Y148.530
G1 F3600 X101.418 Y131.683 E1553.2043
G0 F3600 X101.418 Y131.117
G1 F3600 X118.832 Y148.530 E1554.1770
G0 F3600 X119.397 Y148.530
G1 F3600 X101.418 Y130.551 E1555.1812
G0 F3600 X101.418 Y129.986
G1 F3600 X119.963 Y148.530 E1556.2170
G0 F3600 X120.529 Y148.530
G1 F3600 X101.418 Y129.420 E1557.2845
G0 F3600 X101.418 Y128.854
G1 F3600 X121.094 Y148.530 E1558.3835
G0 F3600 X121.660 Y148.530
G1 F3600 X101.418 Y128.288 E1559.5141
G0 F3600 X101.418 Y127.723
G1 F3600 X122.226 Y148.530 E1560.6764
G0 F3600 X122.791 Y148.530
G1 F3600 X101.418 Y127.157 E1561.8702
G0 F3600 X101.418 Y126.591
G1 F3600 X123.357 Y148.530 E1563.0956
G0 F3600 X123.923 Y148.530
G1 F3600 X101.418 Y126.026 E1564.3526
G0 F3600 X101.418 Y125.460
G1 F3600 X124.488 Y148.530 E1565.6412
G0 F3600 X125.054 Y148.530
G1 F3600 X101.418 Y124.894 E1566.9615
G0 F3600 X101.418 Y124.329
G1 F3600 X125.620 Y148.530 E1568.3133
G0 F3600 X126.186 Y148.530
G1 F3600 X101.418 Y123.763 E1569.6967
G0 F3600 X101.418 Y123.197
G1 F3600 X126.751 Y148.530 E1571.1117
G0 F3600 X127.317 Y148.530
G1 F3600 X101.418 Y122.632 E1572.5583
G0 F3600 X101.418 Y122.066
G1 F3600 X127.883 Y148.530 E1574.0365
G0 F3600 X128.448 Y148.530
G1 F3600 X101.418 Y121.500 E1575.5463
G0 F3600 X101.418 Y120.935
G1 F3600 X129.014 Y148.530 E1577.0877
G0 F3600 X129.580 Y148.530
G1 F3600 X101.418 Y120.369 E1578.6607
G0 F3600 X101.418 Y119.803
G1 F3600 X130.145 Y148.530 E1580.2653
G0 F3600 X130.711 Y148.530
G1 F3600 X101.418 Y119.238 E1581.9015
G0 F3600 X101.418 Y118.672
G1 F3600 X131.277 Y148.530 E1583.5692
G0 F3600 X131.842 Y148.530
G1 F3600 X101.418 Y118.106 E1585.2686
G0 F3600 X101.418 Y117.540
G1 F3600 X132.408 Y148.530 E1586.9996
G0 F3600 X132.974 Y148.530
G1 F3600 X101.418 Y116.975 E1588.7622
G0 F3600 X101.418 Y116.409
G1 F3600 X133.539 Y148.530 E1590.5563
G0 F3600 X134.105 Y148.530
G1 F3600 X101.418 Y115.843 E1592.3821
G0 F3600 X101.418 Y115.278
G1 F3600 X134.671 Y148.530 E1594.2395
G0 F3600 X135.237 Y148.530
G1 F3600 X101.418 Y114.712 E1596.1285
G0 F3600 X101.418 Y114.146
G1 F3600 X135.802 Y148.530 E1598.0490
G0 F3600 X136.368 Y148.530
G1 F3600 X101.418 Y113.581 E1600.0012
G0 F3600 X101.418 Y113.015
G1 F3600 X136.934 Y148.530 E1601.9849
G0 F3600 X137.499 Y148.530
G1 F3600 X101.418 Y112.449 E1604.0003
G0 F3600 X101.418 Y111.884
G1 F3600 X138.065 Y148.530 E1606.0472
G0 F3600 X138.631 Y148.530
G1 F3600 X101.418 Y111.318 E1608.1258
G0 F3600 X101.418 Y110.752
G1 F3600 X139.196 Y148.530 E1610.2359
G0 F3600 X139.762 Y148.530
G1 F3600 X101.418 Y110.187 E1612.3777
G0 F3600 X101.418 Y109.621
G1 F3600 X140.328 Y148.530 E1614.5510
G0 F3600 X140.893 Y148.530
G1 F3600 X101.418 Y109.055 E1616.7559
G0 F3600 X101.418 Y108.489
G1 F3600 X141.459 Y148.530 E1618.9925
G0 F3600 X142.025 Y148.530
G1 F3600 X101.418 Y107.924 E1621.2606
G0 F3600 X101.418 Y107.358
G1 F3600 X142.590 Y148.530 E1623.5603
G0 F3600 X143.156 Y148.530
G1 F3600 X101.418 Y106.792 E1625.8917
G0 F3600 X101.418 Y106.227
G1 F3600 X143.722 Y148.530 E1628.2546
G0 F3600 X144.287 Y148.530
G1 F3600 X101.418 Y105.661 E1630.6491
G0 F3600 X101.418 Y105.095
G1 F3600 X144.853 Y148.530 E1633.0752
G0 F3600 X145.419 Y148.530
G1 F3600 X101.418 Y104.530 E1635.5329
G0 F3600 X101.418 Y103.964
G1 F3600 X145.985 Y148.530 E1638.0222
G0 F3600 X146.550 Y148.530
G1 F3600 X101.418 Y103.398 E1640.5431
G0 F3600 X101.418 Y102.833
G1 F3600 X147.116 Y148.530 E1643.0956
G0 F3600 X147.682 Y148.530
G1 F3600 X101.418 Y102.267 E1645.6798
G0 F3600 X101.418 Y101.701
G1 F3600 X148.247 Y148.530 E1648.2955
G0 F3600 X148.580 Y148.297
G1 F3600 X101.750 Y101.467 E1650.9112
G0 F3600 X102.316 Y101.467
G1 F3600 X148.580 Y147.731 E1653.4953
G0 F3600 X148.580 Y147.165
G1 F3600 X102.881 Y101.467 E1656.0479
G0 F3600 X103.447 Y101.467
G1 F3600 X148.580 Y146.600 E1658.5689
G0 F3600 X148.580 Y146.034
G1 F3600 X104.013 Y101.467 E1661.0582
G0 F3600 X104.578 Y101.467
G1 F3600 X148.580 Y145.468 E1663.5160
G0 F3600 X148.580 Y144.903
G1 F3600 X105.144 Y101.467 E1665.9422
G0 F3600 X105.710 Y101.467
G1 F3600 X148.580 Y144.337 E1668.3367
G0 F3600 X148.580 Y143.771
G1 F3600 X106.276 Y101.467 E1670.6997
G0 F3600 X106.841 Y101.467
G1 F3600 X148.580 Y143.206 E1673.0310
G0 F3600 X148.580 Y142.640
G1 F3600 X107.407 Y101.467 E1675.3308
G0 F3600 X107.973 Y101.467
G1 F3600 X148.580 Y142.074 E1677.5990
G0 F3600 X148.580 Y141.509
G1 F3600 X108.538 Y101.467 E1679.8356
G0 F3600 X109.104 Y101.467
G1 F3600 X148.580 Y140.943 E1682.0406
G0 F3600 X148.580 Y140.377
G1 F3600 X109.670 Y101.467 E1684.2139
G0 F3600 X110.235 Y101.467
G1 F3600 X148.580 Y139.811 E1686.3557
G0 F3600 X148.580 Y139.246
G1 F3600 X110.801 Y101.467 E1688.4659
G0 F3600 X111.367 Y101.467
G1 F3600 X148.580 Y138.680 E1690.5445
G0 F3600 X148.580 Y138.114
G1 F3600 X111.932 Y101.467 E1692.5915
G0 F3600 X112.498 Y101.467
G1 F3600 X148.580 Y137.549 E1694.6069
G0 F3600 X148.580 Y136.983
G1 F3600 X113.064 Y101.467 E1696.5907
G0 F3600 X113.629 Y101.467
G1 F3600 X148.580 Y136.417 E1698.5429
G0 F3600 X148.580 Y135.852
G1 F3600 X114.195 Y101.467 E1700.4635
G0 F3600 X114.761 Y101.467
G1 F3600 X148.580 Y135.286 E1702.3525
G0 F3600 X148.580 Y134.720
G1 F3600 X115.326 Y101.467 E1704.2100
G0 F3600 X115.892 Y101.467
G1 F3600 X148.580 Y134.155 E1706.0358
G0 F3600 X148.580 Y133.589
G1 F3600 X116.458 Y101.467 E1707.8300
G0 F3600 X117.024 Y101.467
G1 F3600 X148.580 Y133.023 E1709.5926
G0 F3600 X148.580 Y132.458
G1 F3600 X117.589 Y101.467 E1711.3237
G0 F3600 X118.155 Y101.467
G1 F3600 X148.580 Y131.892 E1713.0231
G0 F3600 X148.580 Y131.326
G1 F3600 X118.721 Y101.467 E1714.6909
G0 F3600 X119.286 Y101.467
G1 F3600 X148.580 Y130.761 E1716.3272
G0 F3600 X148.580 Y130.195
G1 F3600 X119.852 Y101.467 E1717.9318
G0 F3600 X120.418 Y101.467
G1 F3600 X148.580 Y129.629 E1719.5048
G0 F3600 X148.580 Y129.063
G1 F3600 X120.983 Y101.467 E1721.0463
G0 F3600 X121.549 Y101.467
G1 F3600 X148.580 Y128.498 E1722.5561
G0 F3600 X148.580 Y127.932
G1 F3600 X122.115 Y101.467 E1724.0344
G0 F3600 X122.680 Y101.467
G1 F3600 X148.580 Y127.366 E1725.4810
G0 F3600 X148.580 Y126.801
G1 F3600 X123.246 Y101.467 E1726.8961
G0 F3600 X123.812 Y101.467
G1 F3600 X148.580 Y126.235 E1728.2795
G0 F3600 X148.580 Y125.669
G1 F3600 X124.377 Y101.467 E1729.6314
G0 F3600 X124.943 Y101.467
G1 F3600 X148.580 Y125.104 E1730.9517
G0 F3600 X148.580 Y124.538
G1 F3600 X125.510 Y101.468 E1732.2403
G0 F3600 X126.075 Y101.468
G1 F3600 X148.580 Y123.972 E1733.4973
G0 F3600 X148.580 Y123.407
G1 F3600 X126.641 Y101.468 E1734.7227
G0 F3600 X127.207 Y101.468
G1 F3600 X148.580 Y122.841 E1735.9165
G0 F3600 X148.580 Y122.275
G1 F3600 X127.772 Y101.468 E1737.0788
G0 F3600 X128.338 Y101.468
G1 F3600 X148.580 Y121.710 E1738.2094
G0 F3600 X148.580 Y121.144
G1 F3600 X128.904 Y101.468 E1739.3084
G0 F3600 X129.469 Y101.468
G1 F3600 X148.580 Y120.578 E1740.3759
G0 F3600 X148.580 Y120.012
G1 F3600 X130.035 Y101.468 E1741.4117
G0 F3600 X130.601 Y101.468
G1 F3600 X148.580 Y119.447 E1742.4160
G0 F3600 X148.580 Y118.881
G1 F3600 X131.166 Y101.468 E1743.3886
G0 F3600 X131.732 Y101.468
G1 F3600 X148.580 Y118.315 E1744.3297
G0 F3600 X148.580 Y117.750
G1 F3600 X132.298 Y101.468 E1745.2391
G0 F3600 X132.863 Y101.468
G1 F3600 X148.580 Y117.184 E1746.1170
G0 F3600 X148.580 Y116.618
G1 F3600 X133.429 Y101.468 E1746.9632
G0 F3600 X133.995 Y101.468
G1 F3600 X148.580 Y116.053 E1747.7779
G0 F3600 X148.580 Y115.487
G1 F3600 X134.561 Y101.468 E1748.5609
G0 F3600 X135.126 Y101.468
G1 F3600 X148.580 Y114.921 E1749.3124
G0 F3600 X148.580 Y114.356
G1 F3600 X135.692 Y101.468 E1750.0323
G0 F3600 X136.258 Y101.468
G1 F3600 X148.580 Y113.790 E1750.7205
G0 F3600 X148.580 Y113.224
G1 F3600 X136.823 Y101.468 E1751.3772
G0 F3600 X137.389 Y101.468
G1 F3600 X148.580 Y112.659 E1752.0023
G0 F3600 X148.580 Y112.093
G1 F3600 X137.955 Y101.468 E1752.5958
G0 F3600 X138.520 Y101.468
G1 F3600 X148.580 Y111.527 E1753.1577
G0 F3600 X148.580 Y110.962
G1 F3600 X139.086 Y101.468 E1753.6880
G0 F3600 X139.652 Y101.468
G1 F3600 X148.580 Y110.396 E1754.1867
G0 F3600 X148.580 Y109.830
G1 F3600 X140.217 Y101.468 E1754.6538
G0 F3600 X140.783 Y101.468
G1 F3600 X148.580 Y109.264 E1755.0892
G0 F3600 X148.580 Y108.699
G1 F3600 X141.349 Y101.468 E1755.4931
G0 F3600 X141.914 Y101.468
G1 F3600 X148.580 Y108.133 E1755.8654
G0 F3600 X148.580 Y107.567
G1 F3600 X142.480 Y101.468 E1756.2061
G0 F3600 X143.046 Y101.468
G1 F3600 X148.580 Y107.002 E1756.5152
G0 F3600 X148.580 Y106.436
G1 F3600 X143.611 Y101.468 E1756.7928
G0 F3600 X144.177 Y101.468
G1 F3600 X148.580 Y105.870 E1757.0387
G0 F3600 X148.580 Y105.305
G1 F3600 X144.743 Y101.468 E1757.2530
G0 F3600 X145.309 Y101.468
G1 F3600 X148.580 Y104.739 E1757.4357
G0 F3600 X148.580 Y104.173
G1 F3600 X145.874 Y101.468 E1757.5868
G0 F3600 X146.440 Y101.468
G1 F3600 X148.580 Y103.608 E1757.7064
G0 F3600 X148.580 Y103.042
G1 F3600 X147.006 Y101.468 E1757.7943
G0 F3600 X147.571 Y101.468
G1 F3600 X148.580 Y102.476 E1757.8506
G0 F3600 X148.580 Y101.911
G1 F3600 X148.137 Y101.468 E1757.8753
;PRINTING_TIME: 1013
;REMAINING_TIME: 5271
;LAYER:7
;Z:2.000
;HEIGHT:0.250
;FLOW:100.0
M106 S128
;PRINTING: Flow_Calibration_Cube_0.4_mm.stl
;PRINTING_ID: 0
G1 F2400 E1754.8753
G1 F300 Z2.200
G0 F3900 X100.035 Y100.084
G0 F300 Z2.000
;TYPE:WALL-OUTER
;WIDTH:0.400
G1 F300 Z2.000
G1 F1500 E1757.8753
G1 F2100 X149.965 Y100.084 E1759.9512
G1 X149.965 Y149.915 E1762.0229
G1 X100.035 Y149.915 E1764.0988
G1 X100.035 Y100.084 E1766.1705
G0 F3900 X100.435 Y100.484
;TYPE:WALL-INNER
;WIDTH:0.400
;FLOW:90.0
G1 F2400 X149.565 Y100.484 E1768.0088
G1 X149.565 Y149.515 E1769.8435
G1 X100.435 Y149.515 E1771.6818
G1 X100.435 Y100.484 E1773.5164
G0 F3900 X100.835 Y100.884
G1 F2400 X149.165 Y100.884 E1775.3248
G1 X149.165 Y149.115 E1777.1295
G1 X100.835 Y149.115 E1778.9379
G1 X100.835 Y100.884 E1780.7426
G0 F3900 X101.235 Y101.284
G1 F2400 X148.765 Y101.284 E1782.5211
G1 X148.765 Y148.715 E1784.2958
G1 X101.235 Y148.715 E1786.0743
G1 X101.235 Y101.284 E1787.8490
G0 F3900 X101.418 Y101.944
;TYPE:SOLID-FILL
;WIDTH:0.400
;FLOW:95.0
G1 F3600 X101.896 Y101.466 E1787.8757
G0 F3600 X102.462 Y101.466
G1 F3600 X101.418 Y102.510 E1787.9340
G0 F3600 X101.418 Y103.076
G1 F3600 X103.028 Y101.466 E1788.0240
G0 F3600 X103.593 Y101.466
G1 F3600 X101.418 Y103.642 E1788.1455
G0 F3600 X101.418 Y104.207
G1 F3600 X104.159 Y101.466 E1788.2986
G0 F3600 X104.725 Y101.466
G1 F3600 X101.418 Y104.773 E1788.4833
G0 F3600 X101.418 Y105.339
G1 F3600 X105.291 Y101.466 E1788.6996
G0 F3600 X105.856 Y101.466
G1 F3600 X101.418 Y105.904 E1788.9475
G0 F3600 X101.418 Y106.470
G1 F3600 X106.422 Y101.466 E1789.2270
G0 F3600 X106.988 Y101.466
G1 F3600 X101.418 Y107.036 E1789.5382
G0 F3600 X101.418 Y107.601
G1 F3600 X107.553 Y101.466 E1789.8808
G0 F3600 X108.119 Y101.466
G1 F3600 X101.418 Y108.167 E1790.2551
G0 F3600 X101.418 Y108.733
G1 F3600 X108.685 Y101.466 E1790.6610
G0 F3600 X109.250 Y101.466
G1 F3600 X101.418 Y109.298 E1791.0985
G0 F3600 X101.418 Y109.864
G1 F3600 X109.816 Y101.466 E1791.5676
G0 F3600 X110.382 Y101.466
G1 F3600 X101.418 Y110.430 E1792.0683
G0 F3600 X101.418 Y110.995
G1 F3600 X110.947 Y101.466 E1792.6005
G0 F3600 X111.513 Y101.466
G1 F3600 X101.418 Y111.561 E1793.1644
G0 F3600 X101.418 Y112.127
G1 F3600 X112.079 Y101.466 E1793.7599
G0 F3600 X112.644 Y101.466
G1 F3600 X101.418 Y112.693 E1794.3870
G0 F3600 X101.418 Y113.258
G1 F3600 X113.210 Y101.466 E1795.0456
G0 F3600 X113.776 Y101.466
G1 F3600 X101.418 Y113.824 E1795.7359
G0 F3600 X101.418 Y114.390
G1 F3600 X114.341 Y101.466 E1796.4577
G0 F3600 X114.907 Y101.466
G1 F3600 X101.418 Y114.955 E1797.2112
G0 F3600 X101.418 Y115.521
G1 F3600 X115.473 Y101.466 E1797.9963
G0 F3600 X116.039 Y101.466
G1 F3600 X101.418 Y116.087 E1798.8129
G0 F3600 X101.418 Y116.652
G1 F3600 X116.604 Y101.466 E1799.6612
G0 F3600 X117.170 Y101.466
G1 F3600 X101.418 Y117.218 E1800.5410
G0 F3600 X101.418 Y117.784
G1 F3600 X117.736 Y101.466 E1801.4525
G0 F3600 X118.301 Y101.466
G1 F3600 X101.418 Y118.349 E1802.3955
G0 F3600 X101.418 Y118.915
G1 F3600 X118.867 Y101.466 E1803.3701
G0 F3600 X119.433 Y101.466
G1 F3600 X101.418 Y119.481 E1804.3764
G0 F3600 X101.418 Y120.046
G1 F3600 X119.998 Y101.466 E1805.4142
G0 F3600 X120.564 Y101.466
G1 F3600 X101.418 Y120.612 E1806.4836
G0 F3600 X101.418 Y121.178
G1 F3600 X121.130 Y101.466 E1807.5847
G0 F3600 X121.695 Y101.466
G1 F3600 X101.418 Y121.743 E1808.7173
G0 F3600 X101.418 Y122.309
G1 F3600 X122.261 Y101.466 E1809.8815
G0 F3600 X122.827 Y101.466
G1 F3600 X101.418 Y122.875 E1811.0773
G0 F3600 X101.418 Y123.441
G1 F3600 X123.392 Y101.466 E1812.3047
G0 F3600 X123.958 Y101.466
G1 F3600 X101.418 Y124.006 E1813.5637
G0 F3600 X101.418 Y124.572
G1 F3600 X124.524 Y101.466 E1814.8543
G0 F3600 X125.089 Y101.467
G1 F3600 X101.418 Y125.138 E1816.1765
G0 F3600 X101.418 Y125.703
G1 F3600 X125.654 Y101.467 E1817.5303
G0 F3600 X126.220 Y101.467
G1 F3600 X101.418 Y126.269 E1818.9156
G0 F3600 X101.418 Y126.835
G1 F3600 X126.786 Y101.467 E1820.3326
G0 F3600 X127.352 Y101.467
G1 F3600 X101.418 Y127.400 E1821.7811
G0 F3600 X101.418 Y127.966
G1 F3600 X127.917 Y101.467 E1823.2613
G0 F3600 X128.483 Y101.467
G1 F3600 X101.418 Y128.532 E1824.7730
G0 F3600 X101.418 Y129.097
G1 F3600 X129.049 Y101.467 E1826.3164
G0 F3600 X129.614 Y101.467
G1 F3600 X101.418 Y129.663 E1827.8913
G0 F3600 X101.418 Y130.229
G1 F3600 X130.180 Y101.467 E1829.4978
G0 F3600 X130.746 Y101.467
G1 F3600 X101.418 Y130.794 E1831.1359
G0 F3600 X101.418 Y131.360
G1 F3600 X131.311 Y101.467 E1832.8057
G0 F3600 X131.877 Y101.467
G1 F3600 X101.418 Y131.926 E1834.5070
G0 F3600 X101.418 Y132.492
G1 F3600 X132.443 Y101.467 E1836.2399
G0 F3600 X133.008 Y101.467
G1 F3600 X101.418 Y133.057 E1838.0044
G0 F3600 X101.418 Y133.623
G1 F3600 X133.574 Y101.467 E1839.8006
G0 F3600 X134.140 Y101.467
G1 F3600 X101.418 Y134.189 E1841.6283
G0 F3600 X101.418 Y134.754
G1 F3600 X134.705 Y101.467 E1843.4876
G0 F3600 X135.271 Y101.467
G1 F3600 X101.418 Y135.320 E1845.3785
G0 F3600 X101.418 Y135.886
G1 F3600 X135.837 Y101.467 E1847.3010
G0 F3600 X136.403 Y101.467
G1 F3600 X101.418 Y136.451 E1849.2551
G0 F3600 X101.418 Y137.017
G1 F3600 X136.968 Y101.467 E1851.2408
G0 F3600 X137.534 Y101.467
G1 F3600 X101.418 Y137.583 E1853.2581
G0 F3600 X101.418 Y138.148
G1 F3600 X138.100 Y101.467 E1855.3070
G0 F3600 X138.665 Y101.467
G1 F3600 X101.418 Y138.714 E1857.3875
G0 F3600 X101.418 Y139.280
G1 F3600 X139.231 Y101.467 E1859.4996
G0 F3600 X139.797 Y101.467
G1 F3600 X101.418 Y139.845 E1861.6433
G0 F3600 X101.418 Y140.411
G1 F3600 X140.362 Y101.467 E1863.8185
G0 F3600 X140.928 Y101.467
G1 F3600 X101.418 Y140.977 E1866.0254
G0 F3600 X101.418 Y141.542
G1 F3600 X141.494 Y101.467 E1868.2639
G0 F3600 X142.059 Y101.467
G1 F3600 X101.418 Y142.108 E1870.5339
G0 F3600 X101.418 Y142.674
G1 F3600 X142.625 Y101.467 E1872.8356
G0 F3600 X143.191 Y101.467
G1 F3600 X101.418 Y143.240 E1875.1689
G0 F3600 X101.418 Y143.805
G1 F3600 X143.756 Y101.467 E1877.5338
G0 F3600 X144.322 Y101.467
G1 F3600 X101.418 Y144.371 E1879.9302
G0 F3600 X101.418 Y144.937
G1 F3600 X144.888 Y101.467 E1882.3583
G0 F3600 X145.453 Y101.467
G1 F3600 X101.418 Y145.502 E1884.8179
G0 F3600 X101.418 Y146.068
G1 F3600 X146.019 Y101.467 E1887.3092
G0 F3600 X146.585 Y101.467
G1 F3600 X101.418 Y146.634 E1889.8320
G0 F3600 X101.418 Y147.199
G1 F3600 X147.151 Y101.467 E1892.3865
G0 F3600 X147.716 Y101.467
G1 F3600 X101.418 Y147.765 E1894.9725
G0 F3600 X101.418 Y148.331
G1 F3600 X148.282 Y101.467 E1897.5902
G0 F3600 X148.580 Y101.735
G1 F3600 X101.785 Y148.530 E1900.2040
G0 F3600 X102.350 Y148.530
G1 F3600 X148.580 Y102.301 E1902.7862
G0 F3600 X148.580 Y102.867
G1 F3600 X102.916 Y148.530 E1905.3368
G0 F3600 X103.482 Y148.530
G1 F3600 X148.580 Y103.432 E1907.8558
G0 F3600 X148.580 Y103.998
G1 F3600 X104.047 Y148.530 E1910.3432
G0 F3600 X104.613 Y148.530
G1 F3600 X148.580 Y104.564 E1912.7990
G0 F3600 X148.580 Y105.129
G1 F3600 X105.179 Y148.530 E1915.2233
G0 F3600 X105.744 Y148.530
G1 F3600 X148.580 Y105.695 E1917.6159
G0 F3600 X148.580 Y106.261
G1 F3600 X106.310 Y148.530 E1919.9769
G0 F3600 X106.876 Y148.530
G1 F3600 X148.580 Y106.826 E1922.3063
G0 F3600 X148.580 Y107.392
G1 F3600 X107.442 Y148.530 E1924.6042
G0 F3600 X108.007 Y148.530
G1 F3600 X148.580 Y107.958 E1926.8704
G0 F3600 X148.580 Y108.523
G1 F3600 X108.573 Y148.530 E1929.1050
G0 F3600 X109.139 Y148.530
G1 F3600 X148.580 Y109.089 E1931.3081
G0 F3600 X148.580 Y109.655
G1 F3600 X109.704 Y148.530 E1933.4795
G0 F3600 X110.270 Y148.530
G1 F3600 X148.580 Y110.220 E1935.6194
G0 F3600 X148.580 Y110.786
G1 F3600 X110.836 Y148.530 E1937.7276
G0 F3600 X111.401 Y148.530
G1 F3600 X148.580 Y111.352 E1939.8043
G0 F3600 X148.580 Y111.918
G1 F3600 X111.967 Y148.530 E1941.8493
G0 F3600 X112.533 Y148.530
G1 F3600 X148.580 Y112.483 E1943.8628
G0 F3600 X148.580 Y113.049
G1 F3600 X113.098 Y148.530 E1945.8446
G0 F3600 X113.664 Y148.530
G1 F3600 X148.580 Y113.615 E1947.7949
G0 F3600 X148.580 Y114.180
G1 F3600 X114.230 Y148.530 E1949.7135
G0 F3600 X114.795 Y148.530
G1 F3600 X148.580 Y114.746 E1951.6006
G0 F3600 X148.580 Y115.312
G1 F3600 X115.361 Y148.530 E1953.4561
G0 F3600 X115.927 Y148.530
G1 F3600 X148.580 Y115.877 E1955.2800
G0 F3600 X148.580 Y116.443
G1 F3600 X116.493 Y148.530 E1957.0722
G0 F3600 X117.058 Y148.530
G1 F3600 X148.580 Y117.009 E1958.8329
G0 F3600 X148.580 Y117.574
G1 F3600 X117.624 Y148.530 E1960.5620
G0 F3600 X118.190 Y148.530
G1 F3600 X148.580 Y118.140 E1962.2595
G0 F3600 X148.580 Y118.706
G1 F3600 X118.755 Y148.530 E1963.9254
G0 F3600 X119.321 Y148.530
G1 F3600 X148.580 Y119.271 E1965.5597
G0 F3600 X148.580 Y119.837
G1 F3600 X119.887 Y148.530 E1967.1624
G0 F3600 X120.452 Y148.530
G1 F3600 X148.580 Y120.403 E1968.7334
G0 F3600 X148.580 Y120.968
G1 F3600 X121.018 Y148.530 E1970.2730
G0 F3600 X121.584 Y148.530
G1 F3600 X148.580 Y121.534 E1971.7809
G0 F3600 X148.580 Y122.100
G1 F3600 X122.149 Y148.530 E1973.2572
G0 F3600 X122.715 Y148.530
G1 F3600 X148.580 Y122.666 E1974.7019
G0 F3600 X148.580 Y123.231
G1 F3600 X123.281 Y148.530 E1976.1150
G0 F3600 X123.846 Y148.530
G1 F3600 X148.580 Y123.797 E1977.4965
G0 F3600 X148.580 Y124.363
G1 F3600 X124.412 Y148.530 E1978.8464
G0 F3600 X124.978 Y148.530
G1 F3600 X148.580 Y124.928 E1980.1647
G0 F3600 X148.580 Y125.494
G1 F3600 X125.543 Y148.530 E1981.4515
G0 F3600 X126.109 Y148.530
G1 F3600 X148.580 Y126.060 E1982.7066
G0 F3600 X148.580 Y126.625
G1 F3600 X126.675 Y148.530 E1983.9301
G0 F3600 X127.241 Y148.530
G1 F3600 X148.580 Y127.191 E1985.1220
G0 F3600 X148.580 Y127.757
G1 F3600 X127.806 Y148.530 E1986.2824
G0 F3600 X128.372 Y148.530
G1 F3600 X148.580 Y128.322 E1987.4111
G0 F3600 X148.580 Y128.888
G1 F3600 X128.938 Y148.530 E1988.5082
G0 F3600 X129.503 Y148.530
G1 F3600 X148.580 Y129.454 E1989.5738
G0 F3600 X148.580 Y130.019
G1 F3600 X130.069 Y148.530 E1990.6077
G0 F3600 X130.635 Y148.530
G1 F3600 X148.580 Y130.585 E1991.6101
G0 F3600 X148.580 Y131.151
G1 F3600 X131.200 Y148.530 E1992.5808
G0 F3600 X131.766 Y148.530
G1 F3600 X148.580 Y131.717 E1993.5200
G0 F3600 X148.580 Y132.282
G1 F3600 X132.332 Y148.530 E1994.4275
G0 F3600 X132.897 Y148.530
G1 F3600 X148.580 Y132.848 E1995.3035
G0 F3600 X148.580 Y133.414
G1 F3600 X133.463 Y148.530 E1996.1479
G0 F3600 X134.029 Y148.530
G1 F3600 X148.580 Y133.979 E1996.9606
G0 F3600 X148.580 Y134.545
G1 F3600 X134.594 Y148.530 E1997.7418
G0 F3600 X135.160 Y148.530
G1 F3600 X148.580 Y135.111 E1998.4914
G0 F3600 X148.580 Y135.676
G1 F3600 X135.726 Y148.530 E1999.2093
G0 F3600 X136.292 Y148.530
G1 F3600 X148.580 Y136.242 E1999.8957
G0 F3600 X148.580 Y136.808
G1 F3600 X136.857 Y148.530 E2000.5505
G0 F3600 X137.423 Y148.530
G1 F3600 X148.580 Y137.373 E2001.1737
G0 F3600 X148.580 Y137.939
G1 F3600 X137.989 Y148.530 E2001.7653
G0 F3600 X138.554 Y148.530
G1 F3600 X148.580 Y138.505 E2002.3252
G0 F3600 X148.580 Y139.070
G1 F3600 X139.120 Y148.530 E2002.8536
G0 F3600 X139.686 Y148.530
G1 F3600 X148.580 Y139.636 E2003.3504
G0 F3600 X148.580 Y140.202
G1 F3600 X140.251 Y148.530 E2003.8156
G0 F3600 X140.817 Y148.530
G1 F3600 X148.580 Y140.767 E2004.2492
G0 F3600 X148.580 Y141.333
G1 F3600 X141.383 Y148.530 E2004.6512
G0 F3600 X141.948 Y148.530
G1 F3600 X148.580 Y141.899 E2005.0217
G0 F3600 X148.580 Y142.465
G1 F3600 X142.514 Y148.530 E2005.3604
G0 F3600 X143.080 Y148.530
G1 F3600 X148.580 Y143.030 E2005.6677
G0 F3600 X148.580 Y143.596
G1 F3600 X143.645 Y148.530 E2005.9433
G0 F3600 X144.211 Y148.530
G1 F3600 X148.580 Y144.162 E2006.1873
G0 F3600 X148.580 Y144.727
G1 F3600 X144.777 Y148.530 E2006.3997
G0 F3600 X145.342 Y148.530
G1 F3600 X148.580 Y145.293 E2006.5805
G0 F3600 X148.580 Y145.859
G1 F3600 X145.908 Y148.530 E2006.7298
G0 F3600 X146.474 Y148.530
G1 F3600 X148.580 Y146.424 E2006.8474
G0 F3600 X148.580 Y146.990
G1 F3600 X147.040 Y148.530 E2006.9334
G0 F3600 X147.605 Y148.530
G1 F3600 X148.580 Y147.556 E2006.9879
G0 F3600 X148.580 Y148.121
G1 F3600 X148.171 Y148.530 E2007.0107
;PRINTING_TIME: 1144
;REMAINING_TIME: 5140
;LAYER:8
;Z:2.250
;HEIGHT:0.250
;FLOW:100.0
;PRINTING: Flow_Calibration_Cube_0.4_mm.stl
;PRINTING_ID: 0
G1 F2400 E2004.0107
G1 F300 Z2.450
G0 F3900 X100.035 Y100.084
G0 F300 Z2.250
;TYPE:WALL-OUTER
;WIDTH:0.400
G1 F300 Z2.250
G1 F1500 E2007.0107
G1 F2100 X149.965 Y100.084 E2009.0865
G1 X149.965 Y149.915 E2011.1583
G1 X100.035 Y149.915 E2013.2341
G1 X100.035 Y100.084 E2015.3059
G0 F3900 X100.435 Y100.484
;TYPE:WALL-INNER
;WIDTH:0.400
;FLOW:90.0
G1 F2400 X149.565 Y100.484 E2017.1442
G1 X149.565 Y149.515 E2018.9788
G1 X100.435 Y149.515 E2020.8171
G1 X100.435 Y100.484 E2022.6518
G0 F3900 X100.835 Y100.884
G1 F2400 X149.165 Y100.884 E2024.4602
G1 X149.165 Y149.115 E2026.2649
G1 X100.835 Y149.115 E2028.0732
G1 X100.835 Y100.884 E2029.8779
G0 F3900 X101.235 Y101.284
G1 F2400 X148.765 Y101.284 E2031.6564
G1 X148.765 Y148.715 E2033.4312
G1 X101.235 Y148.715 E2035.2096
G1 X101.235 Y101.284 E2036.9844
G1 F2400 E2033.9844
G1 F300 Z2.450
G0 F3900 X101.418 Y148.087
;TYPE:SOLID-FILL
;WIDTH:0.400
;FLOW:95.0
G1 F300 Z2.250
G1 F1500 E2036.9844
G1 F3600 X101.861 Y148.530 E2037.0091
G0 F3600 X102.427 Y148.530
G1 F3600 X101.418 Y147.522 E2037.0654
G0 F3600 X101.418 Y146.956
G1 F3600 X102.992 Y148.530 E2037.1534
G0 F3600 X103.558 Y148.530
G1 F3600 X101.418 Y146.390 E2037.2729
G0 F3600 X101.418 Y145.825
G1 F3600 X104.124 Y148.530 E2037.4240
G0 F3600 X104.689 Y148.530
G1 F3600 X101.418 Y145.259 E2037.6067
G0 F3600 X101.418 Y144.693
G1 F3600 X105.255 Y148.530 E2037.8210
G0 F3600 X105.821 Y148.530
G1 F3600 X101.418 Y144.128 E2038.0670
G0 F3600 X101.418 Y143.562
G1 F3600 X106.387 Y148.530 E2038.3445
G0 F3600 X106.952 Y148.530
G1 F3600 X101.418 Y142.996 E2038.6536
G0 F3600 X101.418 Y142.431
G1 F3600 X107.518 Y148.530 E2038.9943
G0 F3600 X108.084 Y148.530
G1 F3600 X101.418 Y141.865 E2039.3666
G0 F3600 X101.418 Y141.299
G1 F3600 X108.649 Y148.530 E2039.7705
G0 F3600 X109.215 Y148.530
G1 F3600 X101.418 Y140.734 E2040.2060
G0 F3600 X101.418 Y140.168
G1 F3600 X109.781 Y148.530 E2040.6731
G0 F3600 X110.346 Y148.530
G1 F3600 X101.418 Y139.602 E2041.1718
G0 F3600 X101.418 Y139.036
G1 F3600 X110.912 Y148.530 E2041.7021
G0 F3600 X111.478 Y148.530
G1 F3600 X101.418 Y138.471 E2042.2639
G0 F3600 X101.418 Y137.905
G1 F3600 X112.043 Y148.530 E2042.8574
G0 F3600 X112.609 Y148.530
G1 F3600 X101.418 Y137.339 E2043.4825
G0 F3600 X101.418 Y136.774
G1 F3600 X113.175 Y148.530 E2044.1392
G0 F3600 X113.740 Y148.530
G1 F3600 X101.418 Y136.208 E2044.8274
G0 F3600 X101.418 Y135.642
G1 F3600 X114.306 Y148.530 E2045.5473
G0 F3600 X114.872 Y148.530
G1 F3600 X101.418 Y135.077 E2046.2988
G0 F3600 X101.418 Y134.511
G1 F3600 X115.438 Y148.530 E2047.0819
G0 F3600 X116.003 Y148.530
G1 F3600 X101.418 Y133.945 E2047.8965
G0 F3600 X101.418 Y133.380
G1 F3600 X116.569 Y148.530 E2048.7428
G0 F3600 X117.135 Y148.530
G1 F3600 X101.418 Y132.814 E2049.6206
G0 F3600 X101.418 Y132.248
G1 F3600 X117.700 Y148.530 E2050.5301
G0 F3600 X118.266 Y148.530
G1 F3600 X101.418 Y131.683 E2051.4711
G0 F3600 X101.418 Y131.117
G1 F3600 X118.832 Y148.530 E2052.4438
G0 F3600 X119.397 Y148.530
G1 F3600 X101.418 Y130.551 E2053.4480
G0 F3600 X101.418 Y129.986
G1 F3600 X119.963 Y148.530 E2054.4839
G0 F3600 X120.529 Y148.530
G1 F3600 X101.418 Y129.420 E2055.5513
G0 F3600 X101.418 Y128.854
G1 F3600 X121.094 Y148.530 E2056.6503
G0 F3600 X121.660 Y148.530
G1 F3600 X101.418 Y128.288 E2057.7810
G0 F3600 X101.418 Y127.723
G1 F3600 X122.226 Y148.530 E2058.9432
G0 F3600 X122.791 Y148.530
G1 F3600 X101.418 Y127.157 E2060.1370
G0 F3600 X101.418 Y126.591
G1 F3600 X123.357 Y148.530 E2061.3625
G0 F3600 X123.923 Y148.530
G1 F3600 X101.418 Y126.026 E2062.6195
G0 F3600 X101.418 Y125.460
G1 F3600 X124.488 Y148.530 E2063.9081
G0 F3600 X125.054 Y148.530
G1 F3600 X101.418 Y124.894 E2065.2283
G0 F3600 X101.418 Y124.329
G1 F3600 X125.620 Y148.530 E2066.5801
G0 F3600 X126.186 Y148.530
G1 F3600 X101.418 Y123.763 E2067.9635
G0 F3600 X101.418 Y123.197
G1 F3600 X126.751 Y148.530 E2069.3785
G0 F3600 X127.317 Y148.530
G1 F3600 X101.418 Y122.632 E2070.8251
G0 F3600 X101.418 Y122.066
G1 F3600 X127.883 Y148.530 E2072.3034
G0 F3600 X128.448 Y148.530
G1 F3600 X101.418 Y121.500 E2073.8132
G0 F3600 X101.418 Y120.935
G1 F3600 X129.014 Y148.530 E2075.3545
G0 F3600 X129.580 Y148.530
G1 F3600 X101.418 Y120.369 E2076.9275
G0 F3600 X101.418 Y119.803
G1 F3600 X130.145 Y148.530 E2078.5321
G0 F3600 X130.711 Y148.530
G1 F3600 X101.418 Y119.238 E2080.1683
G0 F3600 X101.418 Y118.672
G1 F3600 X131.277 Y148.530 E2081.8361
G0 F3600 X131.842 Y148.530
G1 F3600 X101.418 Y118.106 E2083.5355
G0 F3600 X101.418 Y117.540
G1 F3600 X132.408 Y148.530 E2085.2664
G0 F3600 X132.974 Y148.530
G1 F3600 X101.418 Y116.975 E2087.0290
G0 F3600 X101.418 Y116.409
G1 F3600 X133.539 Y148.530 E2088.8232
G0 F3600 X134.105 Y148.530
G1 F3600 X101.418 Y115.843 E2090.6490
G0 F3600 X101.418 Y115.278
G1 F3600 X134.671 Y148.530 E2092.5063
G0 F3600 X135.237 Y148.530
G1 F3600 X101.418 Y114.712 E2094.3953
G0 F3600 X101.418 Y114.146
G1 F3600 X135.802 Y148.530 E2096.3159
G0 F3600 X136.368 Y148.530
G1 F3600 X101.418 Y113.581 E2098.2680
G0 F3600 X101.418 Y113.015
G1 F3600 X136.934 Y148.530 E2100.2518
G0 F3600 X137.499 Y148.530
G1 F3600 X101.418 Y112.449 E2102.2671
G0 F3600 X101.418 Y111.884
G1 F3600 X138.065 Y148.530 E2104.3141
G0 F3600 X138.631 Y148.530
G1 F3600 X101.418 Y111.318 E2106.3926
G0 F3600 X101.418 Y110.752
G1 F3600 X139.196 Y148.530 E2108.5028
G0 F3600 X139.762 Y148.530
G1 F3600 X101.418 Y110.187 E2110.6445
G0 F3600 X101.418 Y109.621
G1 F3600 X140.328 Y148.530 E2112.8178
G0 F3600 X140.893 Y148.530
G1 F3600 X101.418 Y109.055 E2115.0228
G0 F3600 X101.418 Y108.489
G1 F3600 X141.459 Y148.530 E2117.2593
G0 F3600 X142.025 Y148.530
G1 F3600 X101.418 Y107.924 E2119.5274
G0 F3600 X101.418 Y107.358
G1 F3600 X142.590 Y148.530 E2121.8272
G0 F3600 X143.156 Y148.530
G1 F3600 X101.418 Y106.792 E2124.1585
G0 F3600 X101.418 Y106.227
G1 F3600 X143.722 Y148.530 E2126.5214
G0 F3600 X144.287 Y148.530
G1 F3600 X101.418 Y105.661 E2128.9159
G0 F3600 X101.418 Y105.095
G1 F3600 X144.853 Y148.530 E2131.3420
G0 F3600 X145.419 Y148.530
G1 F3600 X101.418 Y104.530 E2133.7998
G0 F3600 X101.418 Y103.964
G1 F3600 X145.985 Y148.530 E2136.2891
G0 F3600 X146.550 Y148.530
G1 F3600 X101.418 Y103.398 E2138.8100
G0 F3600 X101.418 Y102.833
G1 F3600 X147.116 Y148.530 E2141.3625
G0 F3600 X147.682 Y148.530
G1 F3600 X101.418 Y102.267 E2143.9466
G0 F3600 X101.418 Y101.701
G1 F3600 X148.247 Y148.530 E2146.5623
G0 F3600 X148.580 Y148.297
G1 F3600 X101.750 Y101.467 E2149.1780
G0 F3600 X102.316 Y101.467
G1 F3600 X148.580 Y147.731 E2151.7622
G0 F3600 X148.580 Y147.165
G1 F3600 X102.881 Y101.467 E2154.3147
G0 F3600 X103.447 Y101.467
G1 F3600 X148.580 Y146.600 E2156.8357
G0 F3600 X148.580 Y146.034
G1 F3600 X104.013 Y101.467 E2159.3250
G0 F3600 X104.578 Y101.467
G1 F3600 X148.580 Y145.468 E2161.7828
G0 F3600 X148.580 Y144.903
G1 F3600 X105.144 Y101.467 E2164.2090
G0 F3600 X105.710 Y101.467
G1 F3600 X148.580 Y144.337 E2166.6035
G0 F3600 X148.580 Y143.771
G1 F3600 X106.276 Y101.467 E2168.9665
G0 F3600 X106.841 Y101.467
G1 F3600 X148.580 Y143.206 E2171.2979
G0 F3600 X148.580 Y142.640
G1 F3600 X107.407 Y101.467 E2173.5977
G0 F3600 X107.973 Y101.467
G1 F3600 X148.580 Y142.074 E2175.8658
G0 F3600 X148.580 Y141.509
G1 F3600 X108.538 Y101.467 E2178.1024
G0 F3600 X109.104 Y101.467
G1 F3600 X148.580 Y140.943 E2180.3074
G0 F3600 X148.580 Y140.377
G1 F3600 X109.670 Y101.467 E2182.4808
G0 F3600 X110.235 Y101.467
G1 F3600 X148.580 Y139.811 E2184.6226
G0 F3600 X148.580 Y139.246
G1 F3600 X110.801 Y101.467 E2186.7328
G0 F3600 X111.367 Y101.467
G1 F3600 X148.580 Y138.680 E2188.8113
G0 F3600 X148.580 Y138.114
G1 F3600 X111.932 Y101.467 E2190.8583
G0 F3600 X112.498 Y101.467
G1 F3600 X148.580 Y137.549 E2192.8737
G0 F3600 X148.580 Y136.983
G1 F3600 X113.064 Y101.467 E2194.8575
G0 F3600 X113.629 Y101.467
G1 F3600 X148.580 Y136.417 E2196.8097
G0 F3600 X148.580 Y135.852
G1 F3600 X114.195 Y101.467 E2198.7304
G0 F3600 X114.761 Y101.467
G1 F3600 X148.580 Y135.286 E2200.6194
G0 F3600 X148.580 Y134.720
G1 F3600 X115.326 Y101.467 E2202.4768
G0 F3600 X115.892 Y101.467
G1 F3600 X148.580 Y134.155 E2204.3026
G0 F3600 X148.580 Y133.589
G1 F3600 X116.458 Y101.467 E2206.0968
G0 F3600 X117.024 Y101.467
G1 F3600 X148.580 Y133.023 E2207.8594
G0 F3600 X148.580 Y132.458
G1 F3600 X117.589 Y101.467 E2209.5905
G0 F3600 X118.155 Y101.467
G1 F3600 X148.580 Y131.892 E2211.2899
G0 F3600 X148.580 Y131.326
G1 F3600 X118.721 Y101.467 E2212.9577
G0 F3600 X119.286 Y101.467
G1 F3600 X148.580 Y130.761 E2214.5940
G0 F3600 X148.580 Y130.195
G1 F3600 X119.852 Y101.467 E2216.1986
G0 F3600 X120.418 Y101.467
G1 F3600 X148.580 Y129.629 E2217.7717
G0 F3600 X148.580 Y129.063
G1 F3600 X120.983 Y101.467 E2219.3131
G0 F3600 X121.549 Y101.467
G1 F3600 X148.580 Y128.498 E2220.8230
G0 F3600 X148.580 Y127.932
G1 F3600 X122.115 Y101.467 E2222.3012
G0 F3600 X122.680 Y101.467
G1 F3600 X148.580 Y127.366 E2223.7478
G0 F3600 X148.580 Y126.801
G1 F3600 X123.246 Y101.467 E2225.1629
G0 F3600 X123.812 Y101.467
G1 F3600 X148.580 Y126.235 E2226.5464
G0 F3600 X148.580 Y125.669
G1 F3600 X124.377 Y101.467 E2227.8982
G0 F3600 X124.943 Y101.467
G1 F3600 X148.580 Y125.104 E2229.2185
G0 F3600 X148.580 Y124.538
G1 F3600 X125.510 Y101.468 E2230.5071
G0 F3600 X126.075 Y101.468
G1 F3600 X148.580 Y123.972 E2231.7641
G0 F3600 X148.580 Y123.407
G1 F3600 X126.641 Y101.468 E2232.9896
G0 F3600 X127.207 Y101.468
G1 F3600 X148.580 Y122.841 E2234.1834
G0 F3600 X148.580 Y122.275
G1 F3600 X127.772 Y101.468 E2235.3456
G0 F3600 X128.338 Y101.468
G1 F3600 X148.580 Y121.710 E2236.4763
G0 F3600 X148.580 Y121.144
G1 F3600 X128.904 Y101.468 E2237.5753
G0 F3600 X129.469 Y101.468
G1 F3600 X148.580 Y120.578 E2238.6427
G0 F3600 X148.580 Y120.012
G1 F3600 X130.035 Y101.468 E2239.6786
G0 F3600 X130.601 Y101.468
G1 F3600 X148.580 Y119.447 E2240.6828
G0 F3600 X148.580 Y118.881
G1 F3600 X131.166 Y101.468 E2241.6554
G0 F3600 X131.732 Y101.468
G1 F3600 X148.580 Y118.315 E2242.5965
G0 F3600 X148.580 Y117.750
G1 F3600 X132.298 Y101.468 E2243.5059
G0 F3600 X132.863 Y101.468
G1 F3600 X148.580 Y117.184 E2244.3838
G0 F3600 X148.580 Y116.618
G1 F3600 X133.429 Y101.468 E2245.2301
G0 F3600 X133.995 Y101.468
G1 F3600 X148.580 Y116.053 E2246.0447
G0 F3600 X148.580 Y115.487
G1 F3600 X134.561 Y101.468 E2246.8278
G0 F3600 X135.126 Y101.468
G1 F3600 X148.580 Y114.921 E2247.5792
G0 F3600 X148.580 Y114.356
G1 F3600 X135.692 Y101.468 E2248.2991
G0 F3600 X136.258 Y101.468
G1 F3600 X148.580 Y113.790 E2248.9874
G0 F3600 X148.580 Y113.224
G1 F3600 X136.823 Y101.468 E2249.6441
G0 F3600 X137.389 Y101.468
G1 F3600 X148.580 Y112.659 E2250.2691
G0 F3600 X148.580 Y112.093
G1 F3600 X137.955 Y101.468 E2250.8626
G0 F3600 X138.520 Y101.468
G1 F3600 X148.580 Y111.527 E2251.4245
G0 F3600 X148.580 Y110.962
G1 F3600 X139.086 Y101.468 E2251.9548
G0 F3600 X139.652 Y101.468
G1 F3600 X148.580 Y110.396 E2252.4535
G0 F3600 X148.580 Y109.830
G1 F3600 X140.217 Y101.468 E2252.9206
G0 F3600 X140.783 Y101.468
G1 F3600 X148.580 Y109.264 E2253.3561
G0 F3600 X148.580 Y108.699
G1 F3600 X141.349 Y101.468 E2253.7600
G0 F3600 X141.914 Y101.468
G1 F3600 X148.580 Y108.133 E2254.1323
G0 F3600 X148.580 Y107.567
G1 F3600 X142.480 Y101.468 E2254.4730
G0 F3600 X143.046 Y101.468
G1 F3600 X148.580 Y107.002 E2254.7821
G0 F3600 X148.580 Y106.436
G1 F3600 X143.611 Y101.468 E2255.0596
G0 F3600 X144.177 Y101.468
G1 F3600 X148.580 Y105.870 E2255.3055
G0 F3600 X148.580 Y105.305
G1 F3600 X144.743 Y101.468 E2255.5198
G0 F3600 X145.309 Y101.468
G1 F3600 X148.580 Y104.739 E2255.7025
G0 F3600 X148.580 Y104.173
G1 F3600 X145.874 Y101.468 E2255.8537
G0 F3600 X146.440 Y101.468
G1 F3600 X148.580 Y103.608 E2255.9732
G0 F3600 X148.580 Y103.042
G1 F3600 X147.006 Y101.468 E2256.0611
G0 F3600 X147.571 Y101.468
G1 F3600 X148.580 Y102.476 E2256.1174
G0 F3600 X148.580 Y101.911
G1 F3600 X148.137 Y101.468 E2256.1422
;PRINTING_TIME: 1276
;REMAINING_TIME: 5008
;LAYER:9
;Z:2.500
;HEIGHT:0.250
;FLOW:100.0
;PRINTING: Flow_Calibration_Cube_0.4_mm.stl
;PRINTING_ID: 0
G1 F2400 E2253.1422
G1 F300 Z2.700
G0 F3900 X100.035 Y100.084
G0 F300 Z2.500
;TYPE:WALL-OUTER
;WIDTH:0.400
G1 F300 Z2.500
G1 F1500 E2256.1422
G1 F2100 X149.965 Y100.084 E2258.2180
G1 X149.965 Y149.915 E2260.2898
G1 X100.035 Y149.915 E2262.3656
G1 X100.035 Y100.084 E2264.4373
G0 F3900 X100.435 Y100.484
;TYPE:WALL-INNER
;WIDTH:0.400
;FLOW:90.0
G1 F2400 X149.565 Y100.484 E2266.2757
G1 X149.565 Y149.515 E2268.1103
G1 X100.435 Y149.515 E2269.9486
G1 X100.435 Y100.484 E2271.7833
G0 F3900 X100.835 Y100.884
G1 F2400 X149.165 Y100.884 E2273.5917
G1 X149.165 Y149.115 E2275.3963
G1 X100.835 Y149.115 E2277.2047
G1 X100.835 Y100.884 E2279.0094
G0 F3900 X101.235 Y101.284
G1 F2400 X148.765 Y101.284 E2280.7879
G1 X148.765 Y148.715 E2282.5626
G1 X101.235 Y148.715 E2284.3411
G1 X101.235 Y101.284 E2286.1159
G0 F3900 X101.418 Y101.944
;TYPE:SOLID-FILL
;WIDTH:0.400
;FLOW:95.0
G1 F3600 X101.896 Y101.466 E2286.1426
G0 F3600 X102.462 Y101.466
G1 F3600 X101.418 Y102.510 E2286.2009
G0 F3600 X101.418 Y103.076
G1 F3600 X103.028 Y101.466 E2286.2908
G0 F3600 X103.593 Y101.466
G1 F3600 X101.418 Y103.642 E2286.4123
G0 F3600 X101.418 Y104.207
G1 F3600 X104.159 Y101.466 E2286.5654
G0 F3600 X104.725 Y101.466
G1 F3600 X101.418 Y104.773 E2286.7501
G0 F3600 X101.418 Y105.339
G1 F3600 X105.291 Y101.466 E2286.9665
G0 F3600 X105.856 Y101.466
G1 F3600 X101.418 Y105.904 E2287.2144
G0 F3600 X101.418 Y106.470
G1 F3600 X106.422 Y101.466 E2287.4939
G0 F3600 X106.988 Y101.466
G1 F3600 X101.418 Y107.036 E2287.8050
G0 F3600 X101.418 Y107.601
G1 F3600 X107.553 Y101.466 E2288.1477
G0 F3600 X108.119 Y101.466
G1 F3600 X101.418 Y108.167 E2288.5220
G0 F3600 X101.418 Y108.733
G1 F3600 X108.685 Y101.466 E2288.9279
G0 F3600 X109.250 Y101.466
G1 F3600 X101.418 Y109.298 E2289.3653
G0 F3600 X101.418 Y109.864
G1 F3600 X109.816 Y101.466 E2289.8344
G0 F3600 X110.382 Y101.466
G1 F3600 X101.418 Y110.430 E2290.3351
G0 F3600 X101.418 Y110.995
G1 F3600 X110.947 Y101.466 E2290.8674
G0 F3600 X111.513 Y101.466
G1 F3600 X101.418 Y111.561 E2291.4312
G0 F3600 X101.418 Y112.127
G1 F3600 X112.079 Y101.466 E2292.0267
G0 F3600 X112.644 Y101.466
G1 F3600 X101.418 Y112.693 E2292.6538
G0 F3600 X101.418 Y113.258
G1 F3600 X113.210 Y101.466 E2293.3125
G0 F3600 X113.776 Y101.466
G1 F3600 X101.418 Y113.824 E2294.0027
G0 F3600 X101.418 Y114.390
G1 F3600 X114.341 Y101.466 E2294.7246
G0 F3600 X114.907 Y101.466
G1 F3600 X101.418 Y114.955 E2295.4780
G0 F3600 X101.418 Y115.521
G1 F3600 X115.473 Y101.466 E2296.2631
G0 F3600 X116.039 Y101.466
G1 F3600 X101.418 Y116.087 E2297.0798
G0 F3600 X101.418 Y116.652
G1 F3600 X116.604 Y101.466 E2297.9280
G0 F3600 X117.170 Y101.466
G1 F3600 X101.418 Y117.218 E2298.8079
G0 F3600 X101.418 Y117.784
G1 F3600 X117.736 Y101.466 E2299.7193
G0 F3600 X118.301 Y101.466
G1 F3600 X101.418 Y118.349 E2300.6623
G0 F3600 X101.418 Y118.915
G1 F3600 X118.867 Y101.466 E2301.6370
G0 F3600 X119.433 Y101.466
G1 F3600 X101.418 Y119.481 E2302.6432
G0 F3600 X101.418 Y120.046
G1 F3600 X119.998 Y101.466 E2303.6810
G0 F3600 X120.564 Y101.466
G1 F3600 X101.418 Y120.612 E2304.7505
G0 F3600 X101.418 Y121.178
G1 F3600 X121.130 Y101.466 E2305.8515
G0 F3600 X121.695 Y101.466
G1 F3600 X101.418 Y121.743 E2306.9841
G0 F3600 X101.418 Y122.309
G1 F3600 X122.261 Y101.466 E2308.1483
G0 F3600 X122.827 Y101.466
G1 F3600 X101.418 Y122.875 E2309.3441
G0 F3600 X101.418 Y123.441
G1 F3600 X123.392 Y101.466 E2310.5716
G0 F3600 X123.958 Y101.466
G1 F3600 X101.418 Y124.006 E2311.8306
G0 F3600 X101.418 Y124.572
G1 F3600 X124.524 Y101.466 E2313.1212
G0 F3600 X125.089 Y101.467
G1 F3600 X101.418 Y125.138 E2314.4434
G0 F3600 X101.418 Y125.703
G1 F3600 X125.654 Y101.467 E2315.7971
G0 F3600 X126.220 Y101.467
G1 F3600 X101.418 Y126.269 E2317.1824
G0 F3600 X101.418 Y126.835
G1 F3600 X126.786 Y101.467 E2318.5994
G0 F3600 X127.352 Y101.467
G1 F3600 X101.418 Y127.400 E2320.0480
G0 F3600 X101.418 Y127.966
G1 F3600 X127.917 Y101.467 E2321.5281
G0 F3600 X128.483 Y101.467
G1 F3600 X101.418 Y128.532 E2323.0398
G0 F3600 X101.418 Y129.097
G1 F3600 X129.049 Y101.467 E2324.5832
G0 F3600 X129.614 Y101.467
G1 F3600 X101.418 Y129.663 E2326.1581
G0 F3600 X101.418 Y130.229
G1 F3600 X130.180 Y101.467 E2327.7647
G0 F3600 X130.746 Y101.467
G1 F3600 X101.418 Y130.794 E2329.4028
G0 F3600 X101.418 Y131.360
G1 F3600 X131.311 Y101.467 E2331.0725
G0 F3600 X131.877 Y101.467
G1 F3600 X101.418 Y131.926 E2332.7738
G0 F3600 X101.418 Y132.492
G1 F3600 X132.443 Y101.467 E2334.5068
G0 F3600 X133.008 Y101.467
G1 F3600 X101.418 Y133.057 E2336.2713
G0 F3600 X101.418 Y133.623
G1 F3600 X133.574 Y101.467 E2338.0674
G0 F3600 X134.140 Y101.467
G1 F3600 X101.418 Y134.189 E2339.8951
G0 F3600 X101.418 Y134.754
G1 F3600 X134.705 Y101.467 E2341.7544
G0 F3600 X135.271 Y101.467
G1 F3600 X101.418 Y135.320 E2343.6453
G0 F3600 X101.418 Y135.886
G1 F3600 X135.837 Y101.467 E2345.5678
G0 F3600 X136.403 Y101.467
G1 F3600 X101.418 Y136.451 E2347.5219
G0 F3600 X101.418 Y137.017
G1 F3600 X136.968 Y101.467 E2349.5076
G0 F3600 X137.534 Y101.467
G1 F3600 X101.418 Y137.583 E2351.5249
G0 F3600 X101.418 Y138.148
G1 F3600 X138.100 Y101.467 E2353.5738
G0 F3600 X138.665 Y101.467
G1 F3600 X101.418 Y138.714 E2355.6543
G0 F3600 X101.418 Y139.280
G1 F3600 X139.231 Y101.467 E2357.7664
G0 F3600 X139.797 Y101.467
G1 F3600 X101.418 Y139.845 E2359.9101
G0 F3600 X101.418 Y140.411
G1 F3600 X140.362 Y101.467 E2362.0854
G0 F3600 X140.928 Y101.467
G1 F3600 X101.418 Y140.977 E2364.2923
G0 F3600 X101.418 Y141.542
G1 F3600 X141.494 Y101.467 E2366.5307
G0 F3600 X142.059 Y101.467
G1 F3600 X101.418 Y142.108 E2368.8008
G0 F3600 X101.418 Y142.674
G1 F3600 X142.625 Y101.467 E2371.1025
G0 F3600 X143.191 Y101.467
G1 F3600 X101.418 Y143.240 E2373.4357
G0 F3600 X101.418 Y143.805
G1 F3600 X143.756 Y101.467 E2375.8006
G0 F3600 X144.322 Y101.467
G1 F3600 X101.418 Y144.371 E2378.1971
G0 F3600 X101.418 Y144.937
G1 F3600 X144.888 Y101.467 E2380.6251
G0 F3600 X145.453 Y101.467
G1 F3600 X101.418 Y145.502 E2383.0848
G0 F3600 X101.418 Y146.068
G1 F3600 X146.019 Y101.467 E2385.5760
G0 F3600 X146.585 Y101.467
G1 F3600 X101.418 Y146.634 E2388.0989
G0 F3600 X101.418 Y147.199
G1 F3600 X147.151 Y101.467 E2390.6533
G0 F3600 X147.716 Y101.467
G1 F3600 X101.418 Y147.765 E2393.2394
G0 F3600 X101.418 Y148.331
G1 F3600 X148.282 Y101.467 E2395.8570
G0 F3600 X148.580 Y101.735
G1 F3600 X101.785 Y148.530 E2398.4708
G0 F3600 X102.350 Y148.530
G1 F3600 X148.580 Y102.301 E2401.0530
G0 F3600 X148.580 Y102.867
G1 F3600 X102.916 Y148.530 E2403.6036
G0 F3600 X103.482 Y148.530
G1 F3600 X148.580 Y103.432 E2406.1226
G0 F3600 X148.580 Y103.998
G1 F3600 X104.047 Y148.530 E2408.6101
G0 F3600 X104.613 Y148.530
G1 F3600 X148.580 Y104.564 E2411.0659
G0 F3600 X148.580 Y105.129
G1 F3600 X105.179 Y148.530 E2413.4901
G0 F3600 X105.744 Y148.530
G1 F3600 X148.580 Y105.695 E2415.8827
G0 F3600 X148.580 Y106.261
G1 F3600 X106.310 Y148.530 E2418.2437
G0 F3600 X106.876 Y148.530
G1 F3600 X148.580 Y106.826 E2420.5732
G0 F3600 X148.580 Y107.392
G1 F3600 X107.442 Y148.530 E2422.8710
G0 F3600 X108.007 Y148.530
G1 F3600 X148.580 Y107.958 E2425.1372
G0 F3600 X148.580 Y108.523
G1 F3600 X108.573 Y148.530 E2427.3719
G0 F3600 X109.139 Y148.530
G1 F3600 X148.580 Y109.089 E2429.5749
G0 F3600 X148.580 Y109.655
G1 F3600 X109.704 Y148.530 E2431.7464
G0 F3600 X110.270 Y148.530
G1 F3600 X148.580 Y110.220 E2433.8862
G0 F3600 X148.580 Y110.786
G1 F3600 X110.836 Y148.530 E2435.9945
G0 F3600 X111.401 Y148.530
G1 F3600 X148.580 Y111.352 E2438.0711
G0 F3600 X148.580 Y111.918
G1 F3600 X111.967 Y148.530 E2440.1161
G0 F3600 X112.533 Y148.530
G1 F3600 X148.580 Y112.483 E2442.1296
G0 F3600 X148.580 Y113.049
G1 F3600 X113.098 Y148.530 E2444.1115
G0 F3600 X113.664 Y148.530
G1 F3600 X148.580 Y113.615 E2446.0617
G0 F3600 X148.580 Y114.180
G1 F3600 X114.230 Y148.530 E2447.9804
G0 F3600 X114.795 Y148.530
G1 F3600 X148.580 Y114.746 E2449.8675
G0 F3600 X148.580 Y115.312
G1 F3600 X115.361 Y148.530 E2451.7229
G0 F3600 X115.927 Y148.530
G1 F3600 X148.580 Y115.877 E2453.5468
G0 F3600 X148.580 Y116.443
G1 F3600 X116.493 Y148.530 E2455.3391
G0 F3600 X117.058 Y148.530
G1 F3600 X148.580 Y117.009 E2457.0997
G0 F3600 X148.580 Y117.574
G1 F3600 X117.624 Y148.530 E2458.8288
G0 F3600 X118.190 Y148.530
G1 F3600 X148.580 Y118.140 E2460.5263
G0 F3600 X148.580 Y118.706
G1 F3600 X118.755 Y148.530 E2462.1922
G0 F3600 X119.321 Y148.530
G1 F3600 X148.580 Y119.271 E2463.8265
G0 F3600 X148.580 Y119.837
G1 F3600 X119.887 Y148.530 E2465.4292
G0 F3600 X120.452 Y148.530
G1 F3600 X148.580 Y120.403 E2467.0003
G0 F3600 X148.580 Y120.968
G1 F3600 X121.018 Y148.530 E2468.5398
G0 F3600 X121.584 Y148.530
G1 F3600 X148.580 Y121.534 E2470.0477
G0 F3600 X148.580 Y122.100
G1 F3600 X122.149 Y148.530 E2471.5240
G0 F3600 X122.715 Y148.530
G1 F3600 X148.580 Y122.666 E2472.9687
G0 F3600 X148.580 Y123.231
G1 F3600 X123.281 Y148.530 E2474.3818
G0 F3600 X123.846 Y148.530
G1 F3600 X148.580 Y123.797 E2475.7633
G0 F3600 X148.580 Y124.363
G1 F3600 X124.412 Y148.530 E2477.1132
G0 F3600 X124.978 Y148.530
G1 F3600 X148.580 Y124.928 E2478.4316
G0 F3600 X148.580 Y125.494
G1 F3600 X125.543 Y148.530 E2479.7183
G0 F3600 X126.109 Y148.530
G1 F3600 X148.580 Y126.060 E2480.9734
G0 F3600 X148.580 Y126.625
G1 F3600 X126.675 Y148.530 E2482.1970
G0 F3600 X127.241 Y148.530
G1 F3600 X148.580 Y127.191 E2483.3889
G0 F3600 X148.580 Y127.757
G1 F3600 X127.806 Y148.530 E2484.5492
G0 F3600 X128.372 Y148.530
G1 F3600 X148.580 Y128.322 E2485.6780
G0 F3600 X148.580 Y128.888
G1 F3600 X128.938 Y148.530 E2486.7751
G0 F3600 X129.503 Y148.530
G1 F3600 X148.580 Y129.454 E2487.8406
G0 F3600 X148.580 Y130.019
G1 F3600 X130.069 Y148.530 E2488.8746
G0 F3600 X130.635 Y148.530
G1 F3600 X148.580 Y130.585 E2489.8769
G0 F3600 X148.580 Y131.151
G1 F3600 X131.200 Y148.530 E2490.8477
G0 F3600 X131.766 Y148.530
G1 F3600 X148.580 Y131.717 E2491.7868
G0 F3600 X148.580 Y132.282
G1 F3600 X132.332 Y148.530 E2492.6944
G0 F3600 X132.897 Y148.530
G1 F3600 X148.580 Y132.848 E2493.5703
G0 F3600 X148.580 Y133.414
G1 F3600 X133.463 Y148.530 E2494.4147
G0 F3600 X134.029 Y148.530
G1 F3600 X148.580 Y133.979 E2495.2275
G0 F3600 X148.580 Y134.545
G1 F3600 X134.594 Y148.530 E2496.0086
G0 F3600 X135.160 Y148.530
G1 F3600 X148.580 Y135.111 E2496.7582
G0 F3600 X148.580 Y135.676
G1 F3600 X135.726 Y148.530 E2497.4762
G0 F3600 X136.292 Y148.530
G1 F3600 X148.580 Y136.242 E2498.1626
G0 F3600 X148.580 Y136.808
G1 F3600 X136.857 Y148.530 E2498.8173
G0 F3600 X137.423 Y148.530
G1 F3600 X148.580 Y137.373 E2499.4405
G0 F3600 X148.580 Y137.939
G1 F3600 X137.989 Y148.530 E2500.0321
G0 F3600 X138.554 Y148.530
G1 F3600 X148.580 Y138.505 E2500.5921
G0 F3600 X148.580 Y139.070
G1 F3600 X139.120 Y148.530 E2501.1205
G0 F3600 X139.686 Y148.530
G1 F3600 X148.580 Y139.636 E2501.6173
G0 F3600 X148.580 Y140.202
G1 F3600 X140.251 Y148.530 E2502.0825
G0 F3600 X140.817 Y148.530
G1 F3600 X148.580 Y140.767 E2502.5161
G0 F3600 X148.580 Y141.333
G1 F3600 X141.383 Y148.530 E2502.9181
G0 F3600 X141.948 Y148.530
G1 F3600 X148.580 Y141.899 E2503.2885
G0 F3600 X148.580 Y142.465
G1 F3600 X142.514 Y148.530 E2503.6273
G0 F3600 X143.080 Y148.530
G1 F3600 X148.580 Y143.030 E2503.9345
G0 F3600 X148.580 Y143.596
G1 F3600 X143.645 Y148.530 E2504.2101
G0 F3600 X144.211 Y148.530
G1 F3600 X148.580 Y144.162 E2504.4541
G0 F3600 X148.580 Y144.727
G1 F3600 X144.777 Y148.530 E2504.6665
G0 F3600 X145.342 Y148.530
G1 F3600 X148.580 Y145.293 E2504.8474
G0 F3600 X148.580 Y145.859
G1 F3600 X145.908 Y148.530 E2504.9966
G0 F3600 X146.474 Y148.530
G1 F3600 X148.580 Y146.424 E2505.1142
G0 F3600 X148.580 Y146.990
G1 F3600 X147.040 Y148.530 E2505.2003
G0 F3600 X147.605 Y148.530
G1 F3600 X148.580 Y147.556 E2505.2547
G0 F3600 X148.580 Y148.121
G1 F3600 X148.171 Y148.530 E2505.2775
;PRINTING_TIME: 1406
;REMAINING_TIME: 4878
;LAYER:10
;Z:2.750
;HEIGHT:0.250
;FLOW:100.0
;PRINTING: Flow_Calibration_Cube_0.4_mm.stl
;PRINTING_ID: 0
G1 F2400 E2502.2775
G1 F300 Z2.950
G0 F3900 X148.171 Y148.805
G0 F300 Z2.750
G0 F3900 X101.107 Y148.846
G0 X100.535 Y100.494
G0 X100.035 Y100.084
;TYPE:WALL-OUTER
;WIDTH:0.400
G1 F300 Z2.750
G1 F1500 E2505.2775
G1 F2100 X149.965 Y100.084 E2507.3534
G1 X149.965 Y149.915 E2509.4251
G1 X100.035 Y149.915 E2511.5010
G1 X100.035 Y100.084 E2513.5727
G1 F2400 E2510.5727
G1 F300 Z2.950
G0 F3900 X101.648 Y101.694
G1 F300 Z2.750
G1 F1500 E2513.5727
G1 F2100 X101.648 Y148.305 E2515.5106
G1 X148.351 Y148.305 E2517.4522
G1 X148.351 Y101.694 E2519.3901
G1 X101.648 Y101.694 E2521.3318
G0 F3900 X100.435 Y100.484
;TYPE:WALL-INNER
;WIDTH:0.400
;FLOW:90.0
G1 F2400 X149.565 Y100.484 E2523.1701
G1 X149.565 Y149.515 E2525.0047
G1 X100.435 Y149.515 E2526.8431
G1 X100.435 Y100.484 E2528.6777
G0 F3900 X101.248 Y101.294
G1 F2400 X101.248 Y148.705 E2530.4517
G1 X148.751 Y148.705 E2532.2292
G1 X148.751 Y101.294 E2534.0032
G1 X101.248 Y101.294 E2535.7806
G0 F3900 X101.048 Y100.889
;TYPE:GAP-FILL
;WIDTH:0.482
;FLOW:95.0
G1 F3600 X100.876 Y100.925 E2535.7890
G1 X100.842 Y101.094 E2535.7972
;WIDTH:0.414
G1 X100.841 Y148.905 E2537.7516
;WIDTH:0.482
G1 X101.048 Y149.110 E2537.7655
;WIDTH:0.410
G1 X148.951 Y149.110 E2539.7048
;WIDTH:0.482
G1 X149.158 Y148.905 E2539.7187
;WIDTH:0.414
G1 X149.158 Y101.094 E2541.6731
;WIDTH:0.482
G1 X148.951 Y100.889 E2541.6870
;WIDTH:0.410
G1 X101.048 Y100.889 E2543.6263
;PRINTING_TIME: 1433
;REMAINING_TIME: 4851
;LAYER:11
;Z:3.000
;HEIGHT:0.250
;FLOW:100.0
;PRINTING: Flow_Calibration_Cube_0.4_mm.stl
;PRINTING_ID: 0
G1 F2400 E2540.6263
G1 F300 Z3.200
G0 F3900 X100.035 Y100.084
G0 F300 Z3.000
;TYPE:WALL-OUTER
;WIDTH:0.400
G1 F300 Z3.000
G1 F1500 E2543.6263
G1 F2100 X149.965 Y100.084 E2545.7021
G1 X149.965 Y149.915 E2547.7739
G1 X100.035 Y149.915 E2549.8497
G1 X100.035 Y100.084 E2551.9214
G1 F2400 E2548.9214
G1 F300 Z3.200
G0 F3900 X101.648 Y101.694
G1 F300 Z3.000
G1 F1500 E2551.9214
G1 F2100 X101.648 Y148.305 E2553.8593
G1 X148.351 Y148.305 E2555.8010
G1 X148.351 Y101.694 E2557.7388
G1 X101.648 Y101.694 E2559.6805
G0 F3900 X100.435 Y100.484
;TYPE:WALL-INNER
;WIDTH:0.400
;FLOW:90.0
G1 F2400 X149.565 Y100.484 E2561.5189
G1 X149.565 Y149.515 E2563.3535
G1 X100.435 Y149.515 E2565.1918
G1 X100.435 Y100.484 E2567.0264
G0 F3900 X101.248 Y101.294
G1 F2400 X101.248 Y148.705 E2568.8004
G1 X148.751 Y148.705 E2570.5779
G1 X148.751 Y101.294 E2572.3519
G1 X101.248 Y101.294 E2574.1294
G0 F3900 X101.048 Y100.889
;TYPE:GAP-FILL
;WIDTH:0.482
;FLOW:95.0
G1 F3600 X100.876 Y100.925 E2574.1377
G1 X100.842 Y101.094 E2574.1459
;WIDTH:0.414
G1 X100.841 Y148.905 E2576.1004
;WIDTH:0.482
G1 X101.048 Y149.110 E2576.1142
;WIDTH:0.410
G1 X148.951 Y149.110 E2578.0535
;WIDTH:0.482
G1 X149.158 Y148.905 E2578.0674
;WIDTH:0.414
G1 X149.158 Y101.094 E2580.0219
;WIDTH:0.482
G1 X148.951 Y100.889 E2580.0357
;WIDTH:0.410
G1 X101.048 Y100.889 E2581.9750
;PRINTING_TIME: 1459
;REMAINING_TIME: 4825
;LAYER:12
;Z:3.250
;HEIGHT:0.250
;FLOW:100.0
;PRINTING: Flow_Calibration_Cube_0.4_mm.stl
;PRINTING_ID: 0
G1 F2400 E2578.9750
G1 F300 Z3.450
G0 F3900 X100.035 Y100.084
G0 F300 Z3.250
;TYPE:WALL-OUTER
;WIDTH:0.400
G1 F300 Z3.250
G1 F1500 E2581.9750
G1 F2100 X149.965 Y100.084 E2584.0509
G1 X149.965 Y149.915 E2586.1226
G1 X100.035 Y149.915 E2588.1985
G1 X100.035 Y100.084 E2590.2702
G1 F2400 E2587.2702
G1 F300 Z3.450
G0 F3900 X101.648 Y101.694
G1 F300 Z3.250
G1 F1500 E2590.2702
G1 F2100 X101.648 Y148.305 E2592.2080
G1 X148.351 Y148.305 E2594.1497
G1 X148.351 Y101.694 E2596.0876
G1 X101.648 Y101.694 E2598.0293
G0 F3900 X100.435 Y100.484
;TYPE:WALL-INNER
;WIDTH:0.400
;FLOW:90.0
G1 F2400 X149.565 Y100.484 E2599.8676
G1 X149.565 Y149.515 E2601.7022
G1 X100.435 Y149.515 E2603.5406
G1 X100.435 Y100.484 E2605.3752
G0 F3900 X101.248 Y101.294
G1 F2400 X101.248 Y148.705 E2607.1492
G1 X148.751 Y148.705 E2608.9266
G1 X148.751 Y101.294 E2610.7007
G1 X101.248 Y101.294 E2612.4781
G0 F3900 X101.048 Y100.889
;TYPE:GAP-FILL
;WIDTH:0.482
;FLOW:95.0
G1 F3600 X100.876 Y100.925 E2612.4865
G1 X100.842 Y101.094 E2612.4947
;WIDTH:0.414
G1 X100.841 Y148.905 E2614.4491
;WIDTH:0.482
G1 X101.048 Y149.110 E2614.4630
;WIDTH:0.410
G1 X148.951 Y149.110 E2616.4023
;WIDTH:0.482
G1 X149.158 Y148.905 E2616.4162
;WIDTH:0.414
G1 X149.158 Y101.094 E2618.3706
;WIDTH:0.482
G1 X148.951 Y100.889 E2618.3845
;WIDTH:0.410
G1 X101.048 Y100.889 E2620.3238
;PRINTING_TIME: 1485
;REMAINING_TIME: 4799
;LAYER:13
;Z:3.500
;HEIGHT:0.250
;FLOW:100.0
;PRINTING: Flow_Calibration_Cube_0.4_mm.stl
;PRINTING_ID: 0
G1 F2400 E2617.3238
G1 F300 Z3.700
G0 F3900 X100.035 Y100.084
G0 F300 Z3.500
;TYPE:WALL-OUTER
;WIDTH:0.400
G1 F300 Z3.500
G1 F1500 E2620.3238
G1 F2100 X149.965 Y100.084 E2622.3996
G1 X149.965 Y149.915 E2624.4714
G1 X100.035 Y149.915 E2626.5472
G1 X100.035 Y100.084 E2628.6189
G1 F2400 E2625.6189
G1 F300 Z3.700
G0 F3900 X101.648 Y101.694
G1 F300 Z3.500
G1 F1500 E2628.6189
G1 F2100 X101.648 Y148.305 E2630.5568
G1 X148.351 Y148.305 E2632.4985
G1 X148.351 Y101.694 E2634.4363
G1 X101.648 Y101.694 E2636.3780
G0 F3900 X100.435 Y100.484
;TYPE:WALL-INNER
;WIDTH:0.400
;FLOW:90.0
G1 F2400 X149.565 Y100.484 E2638.2164
G1 X149.565 Y149.515 E2640.0510
G1 X100.435 Y149.515 E2641.8893
G1 X100.435 Y100.484 E2643.7239
G0 F3900 X101.248 Y101.294
G1 F2400 X101.248 Y148.705 E2645.4979
G1 X148.751 Y148.705 E2647.2754
G1 X148.751 Y101.294 E2649.0494
G1 X101.248 Y101.294 E2650.8268
G0 F3900 X101.048 Y100.889
;TYPE:GAP-FILL
;WIDTH:0.482
;FLOW:95.0
G1 F3600 X100.876 Y100.925 E2650.8352
G1 X100.842 Y101.094 E2650.8434
;WIDTH:0.414
G1 X100.841 Y148.905 E2652.7979
;WIDTH:0.482
G1 X101.048 Y149.110 E2652.8117
;WIDTH:0.410
G1 X148.951 Y149.110 E2654.7510
;WIDTH:0.482
G1 X149.158 Y148.905 E2654.7649
;WIDTH:0.414
G1 X149.158 Y101.094 E2656.7194
;WIDTH:0.482
G1 X148.951 Y100.889 E2656.7332
;WIDTH:0.410
G1 X101.048 Y100.889 E2658.6725
;PRINTING_TIME: 1510
;REMAINING_TIME: 4774
;LAYER:14
;Z:3.750
;HEIGHT:0.250
;FLOW:100.0
;PRINTING: Flow_Calibration_Cube_0.4_mm.stl
;PRINTING_ID: 0
G1 F2400 E2655.6725
G1 F300 Z3.950
G0 F3900 X100.035 Y100.084
G0 F300 Z3.750
;TYPE:WALL-OUTER
;WIDTH:0.400
G1 F300 Z3.750
G1 F1500 E2658.6725
G1 F2100 X149.965 Y100.084 E2660.7484
G1 X149.965 Y149.915 E2662.8201
G1 X100.035 Y149.915 E2664.8959
G1 X100.035 Y100.084 E2666.9677
G1 F2400 E2663.9677
G1 F300 Z3.950
G0 F3900 X101.648 Y101.694
G1 F300 Z3.750
G1 F1500 E2666.9677
G1 F2100 X101.648 Y148.305 E2668.9055
G1 X148.351 Y148.305 E2670.8472
G1 X148.351 Y101.694 E2672.7851
G1 X101.648 Y101.694 E2674.7268
G0 F3900 X100.435 Y100.484
;TYPE:WALL-INNER
;WIDTH:0.400
;FLOW:90.0
G1 F2400 X149.565 Y100.484 E2676.5651
G1 X149.565 Y149.515 E2678.3997
G1 X100.435 Y149.515 E2680.2381
G1 X100.435 Y100.484 E2682.0727
G0 F3900 X101.248 Y101.294
G1 F2400 X101.248 Y148.705 E2683.8467
G1 X148.751 Y148.705 E2685.6241
G1 X148.751 Y101.294 E2687.3981
G1 X101.248 Y101.294 E2689.1756
G0 F3900 X101.048 Y100.889
;TYPE:GAP-FILL
;WIDTH:0.482
;FLOW:95.0
G1 F3600 X100.876 Y100.925 E2689.1840
G1 X100.842 Y101.094 E2689.1922
;WIDTH:0.414
G1 X100.841 Y148.905 E2691.1466
;WIDTH:0.482
G1 X101.048 Y149.110 E2691.1605
;WIDTH:0.410
G1 X148.951 Y149.110 E2693.0998
;WIDTH:0.482
G1 X149.158 Y148.905 E2693.1136
;WIDTH:0.414
G1 X149.158 Y101.094 E2695.0681
;WIDTH:0.482
G1 X148.951 Y100.889 E2695.0820
;WIDTH:0.410
G1 X101.048 Y100.889 E2697.0213
;PRINTING_TIME: 1536
;REMAINING_TIME: 4748
;LAYER:15
;Z:4.000
;HEIGHT:0.250
;FLOW:100.0
;PRINTING: Flow_Calibration_Cube_0.4_mm.stl
;PRINTING_ID: 0
G1 F2400 E2694.0213
G1 F300 Z4.200
G0 F3900 X100.035 Y100.084
G0 F300 Z4.000
;TYPE:WALL-OUTER
;WIDTH:0.400
G1 F300 Z4.000
G1 F1500 E2697.0213
G1 F2100 X149.965 Y100.084 E2699.0971
G1 X149.965 Y149.915 E2701.1688
G1 X100.035 Y149.915 E2703.2447
G1 X100.035 Y100.084 E2705.3164
G1 F2400 E2702.3164
G1 F300 Z4.200
G0 F3900 X101.648 Y101.694
G1 F300 Z4.000
G1 F1500 E2705.3164
G1 F2100 X101.648 Y148.305 E2707.2543
G1 X148.351 Y148.305 E2709.1960
G1 X148.351 Y101.694 E2711.1338
G1 X101.648 Y101.694 E2713.0755
G0 F3900 X100.435 Y100.484
;TYPE:WALL-INNER
;WIDTH:0.400
;FLOW:90.0
G1 F2400 X149.565 Y100.484 E2714.9138
G1 X149.565 Y149.515 E2716.7485
G1 X100.435 Y149.515 E2718.5868
G1 X100.435 Y100.484 E2720.4214
G0 F3900 X101.248 Y101.294
G1 F2400 X101.248 Y148.705 E2722.1954
G1 X148.751 Y148.705 E2723.9729
G1 X148.751 Y101.294 E2725.7469
G1 X101.248 Y101.294 E2727.5243
G0 F3900 X101.048 Y100.889
;TYPE:GAP-FILL
;WIDTH:0.482
;FLOW:95.0
G1 F3600 X100.876 Y100.925 E2727.5327
G1 X100.842 Y101.094 E2727.5409
;WIDTH:0.414
G1 X100.841 Y148.905 E2729.4954
;WIDTH:0.482
G1 X101.048 Y149.110 E2729.5092
;WIDTH:0.410
G1 X148.951 Y149.110 E2731.4485
;WIDTH:0.482
G1 X149.158 Y148.905 E2731.4624
;WIDTH:0.414
G1 X149.158 Y101.094 E2733.4168
;WIDTH:0.482
G1 X148.951 Y100.889 E2733.4307
;WIDTH:0.410
G1 X101.048 Y100.889 E2735.3700
;PRINTING_TIME: 1562
;REMAINING_TIME: 4722
;LAYER:16
;Z:4.250
;HEIGHT:0.250
;FLOW:100.0
;PRINTING: Flow_Calibration_Cube_0.4_mm.stl
;PRINTING_ID: 0
G1 F2400 E2732.3700
G1 F300 Z4.450
G0 F3900 X100.035 Y100.084
G0 F300 Z4.250
;TYPE:WALL-OUTER
;WIDTH:0.400
G1 F300 Z4.250
G1 F1500 E2735.3700
G1 F2100 X149.965 Y100.084 E2737.4459
G1 X149.965 Y149.915 E2739.5176
G1 X100.035 Y149.915 E2741.5934
G1 X100.035 Y100.084 E2743.6652
G1 F2400 E2740.6652
G1 F300 Z4.450
G0 F3900 X101.648 Y101.694
G1 F300 Z4.250
G1 F1500 E2743.6652
G1 F2100 X101.648 Y148.305 E2745.6030
G1 X148.351 Y148.305 E2747.5447
G1 X148.351 Y101.694 E2749.4826
G1 X101.648 Y101.694 E2751.4243
G0 F3900 X100.435 Y100.484
;TYPE:WALL-INNER
;WIDTH:0.400
;FLOW:90.0
G1 F2400 X149.565 Y100.484 E2753.2626
G1 X149.565 Y149.515 E2755.0972
G1 X100.435 Y149.515 E2756.9355
G1 X100.435 Y100.484 E2758.7702
G0 F3900 X101.248 Y101.294
G1 F2400 X101.248 Y148.705 E2760.5442
G1 X148.751 Y148.705 E2762.3216
G1 X148.751 Y101.294 E2764.0956
G1 X101.248 Y101.294 E2765.8731
G0 F3900 X101.048 Y100.889
;TYPE:GAP-FILL
;WIDTH:0.482
;FLOW:95.0
G1 F3600 X100.876 Y100.925 E2765.8814
G1 X100.842 Y101.094 E2765.8897
;WIDTH:0.414
G1 X100.841 Y148.905 E2767.8441
;WIDTH:0.482
G1 X101.048 Y149.110 E2767.8580
;WIDTH:0.410
G1 X148.951 Y149.110 E2769.7973
;WIDTH:0.482
G1 X149.158 Y148.905 E2769.8111
;WIDTH:0.414
G1 X149.158 Y101.094 E2771.7656
;WIDTH:0.482
G1 X148.951 Y100.889 E2771.7795
;WIDTH:0.410
G1 X101.048 Y100.889 E2773.7188
;PRINTING_TIME: 1587
;REMAINING_TIME: 4697
;LAYER:17
;Z:4.500
;HEIGHT:0.250
;FLOW:100.0
;PRINTING: Flow_Calibration_Cube_0.4_mm.stl
;PRINTING_ID: 0
G1 F2400 E2770.7188
G1 F300 Z4.700
G0 F3900 X100.035 Y100.084
G0 F300 Z4.500
;TYPE:WALL-OUTER
;WIDTH:0.400
G1 F300 Z4.500
G1 F1500 E2773.7188
G1 F2100 X149.965 Y100.084 E2775.7946
G1 X149.965 Y149.915 E2777.8663
G1 X100.035 Y149.915 E2779.9422
G1 X100.035 Y100.084 E2782.0139
G1 F2400 E2779.0139
G1 F300 Z4.700
G0 F3900 X101.648 Y101.694
G1 F300 Z4.500
G1 F1500 E2782.0139
G1 F2100 X101.648 Y148.305 E2783.9518
G1 X148.351 Y148.305 E2785.8935
G1 X148.351 Y101.694 E2787.8313
G1 X101.648 Y101.694 E2789.7730
G0 F3900 X100.435 Y100.484
;TYPE:WALL-INNER
;WIDTH:0.400
;FLOW:90.0
G1 F2400 X149.565 Y100.484 E2791.6113
G1 X149.565 Y149.515 E2793.4460
G1 X100.435 Y149.515 E2795.2843
G1 X100.435 Y100.484 E2797.1189
G0 F3900 X101.248 Y101.294
G1 F2400 X101.248 Y148.705 E2798.8929
G1 X148.751 Y148.705 E2800.6704
G1 X148.751 Y101.294 E2802.4444
G1 X101.248 Y101.294 E2804.2218
G0 F3900 X101.048 Y100.889
;TYPE:GAP-FILL
;WIDTH:0.482
;FLOW:95.0
G1 F3600 X100.876 Y100.925 E2804.2302
G1 X100.842 Y101.094 E2804.2384
;WIDTH:0.414
G1 X100.841 Y148.905 E2806.1929
;WIDTH:0.482
G1 X101.048 Y149.110 E2806.2067
;WIDTH:0.410
G1 X148.951 Y149.110 E2808.1460
;WIDTH:0.482
G1 X149.158 Y148.905 E2808.1599
;WIDTH:0.414
G1 X149.158 Y101.094 E2810.1143
;WIDTH:0.482
G1 X148.951 Y100.889 E2810.1282
;WIDTH:0.410
G1 X101.048 Y100.889 E2812.0675
;PRINTING_TIME: 1613
;REMAINING_TIME: 4671
;LAYER:18
;Z:4.750
;HEIGHT:0.250
;FLOW:100.0
;PRINTING: Flow_Calibration_Cube_0.4_mm.stl
;PRINTING_ID: 0
G1 F2400 E2809.0675
G1 F300 Z4.950
G0 F3900 X100.035 Y100.084
G0 F300 Z4.750
;TYPE:WALL-OUTER
;WIDTH:0.400
G1 F300 Z4.750
G1 F1500 E2812.0675
G1 F2100 X149.965 Y100.084 E2814.1433
G1 X149.965 Y149.915 E2816.2151
G1 X100.035 Y149.915 E2818.2909
G1 X100.035 Y100.084 E2820.3627
G1 F2400 E2817.3627
G1 F300 Z4.950
G0 F3900 X101.648 Y101.694
G1 F300 Z4.750
G1 F1500 E2820.3627
G1 F2100 X101.648 Y148.305 E2822.3005
G1 X148.351 Y148.305 E2824.2422
G1 X148.351 Y101.694 E2826.1801
G1 X101.648 Y101.694 E2828.1218
G0 F3900 X100.435 Y100.484
;TYPE:WALL-INNER
;WIDTH:0.400
;FLOW:90.0
G1 F2400 X149.565 Y100.484 E2829.9601
G1 X149.565 Y149.515 E2831.7947
G1 X100.435 Y149.515 E2833.6330
G1 X100.435 Y100.484 E2835.4677
G0 F3900 X101.248 Y101.294
G1 F2400 X101.248 Y148.705 E2837.2417
G1 X148.751 Y148.705 E2839.0191
G1 X148.751 Y101.294 E2840.7931
G1 X101.248 Y101.294 E2842.5706
G0 F3900 X101.048 Y100.889
;TYPE:GAP-FILL
;WIDTH:0.482
;FLOW:95.0
G1 F3600 X100.876 Y100.925 E2842.5789
G1 X100.842 Y101.094 E2842.5871
;WIDTH:0.414
G1 X100.841 Y148.905 E2844.5416
;WIDTH:0.482
G1 X101.048 Y149.110 E2844.5555
;WIDTH:0.410
G1 X148.951 Y149.110 E2846.4948
;WIDTH:0.482
G1 X149.158 Y148.905 E2846.5086
;WIDTH:0.414
G1 X149.158 Y101.094 E2848.4631
;WIDTH:0.482
G1 X148.951 Y100.889 E2848.4769
;WIDTH:0.410
G1 X101.048 Y100.889 E2850.4162
;PRINTING_TIME: 1639
;REMAINING_TIME: 4645
;LAYER:19
;Z:5.000
;HEIGHT:0.250
;FLOW:100.0
;PRINTING: Flow_Calibration_Cube_0.4_mm.stl
;PRINTING_ID: 0
G1 F2400 E2847.4162
G1 F300 Z5.200
G0 F3900 X100.035 Y100.084
G0 F300 Z5.000
;TYPE:WALL-OUTER
;WIDTH:0.400
G1 F300 Z5.000
G1 F1500 E2850.4162
G1 F2100 X149.965 Y100.084 E2852.4921
G1 X149.965 Y149.915 E2854.5638
G1 X100.035 Y149.915 E2856.6397
G1 X100.035 Y100.084 E2858.7114
G1 F2400 E2855.7114
G1 F300 Z5.200
G0 F3900 X101.648 Y101.694
G1 F300 Z5.000
G1 F1500 E2858.7114
G1 F2100 X101.648 Y148.305 E2860.6493
G1 X148.351 Y148.305 E2862.5910
G1 X148.351 Y101.694 E2864.5288
G1 X101.648 Y101.694 E2866.4705
G0 F3900 X100.435 Y100.484
;TYPE:WALL-INNER
;WIDTH:0.400
;FLOW:90.0
G1 F2400 X149.565 Y100.484 E2868.3088
G1 X149.565 Y149.515 E2870.1435
G1 X100.435 Y149.515 E2871.9818
G1 X100.435 Y100.484 E2873.8164
G0 F3900 X101.248 Y101.294
G1 F2400 X101.248 Y148.705 E2875.5904
G1 X148.751 Y148.705 E2877.3679
G1 X148.751 Y101.294 E2879.1419
G1 X101.248 Y101.294 E2880.9193
G0 F3900 X101.048 Y100.889
;TYPE:GAP-FILL
;WIDTH:0.482
;FLOW:95.0
G1 F3600 X100.876 Y100.925 E2880.9277
G1 X100.842 Y101.094 E2880.9359
;WIDTH:0.414
G1 X100.841 Y148.905 E2882.8903
;WIDTH:0.482
G1 X101.048 Y149.110 E2882.9042
;WIDTH:0.410
G1 X148.951 Y149.110 E2884.8435
;WIDTH:0.482
G1 X149.158 Y148.905 E2884.8574
;WIDTH:0.414
G1 X149.158 Y101.094 E2886.8118
;WIDTH:0.482
G1 X148.951 Y100.889 E2886.8257
;WIDTH:0.410
G1 X101.048 Y100.889 E2888.7650
;PRINTING_TIME: 1664
;REMAINING_TIME: 4620
;LAYER:20
;Z:5.250
;HEIGHT:0.250
;FLOW:100.0
;PRINTING: Flow_Calibration_Cube_0.4_mm.stl
;PRINTING_ID: 0
G1 F2400 E2885.7650
G1 F300 Z5.450
G0 F3900 X100.035 Y100.084
G0 F300 Z5.250
;TYPE:WALL-OUTER
;WIDTH:0.400
G1 F300 Z5.250
G1 F1500 E2888.7650
G1 F2100 X149.965 Y100.084 E2890.8408
G1 X149.965 Y149.915 E2892.9126
G1 X100.035 Y149.915 E2894.9884
G1 X100.035 Y100.084 E2897.0602
G1 F2400 E2894.0602
G1 F300 Z5.450
G0 F3900 X101.648 Y101.694
G1 F300 Z5.250
G1 F1500 E2897.0602
G1 F2100 X101.648 Y148.305 E2898.9980
G1 X148.351 Y148.305 E2900.9397
G1 X148.351 Y101.694 E2902.8776
G1 X101.648 Y101.694 E2904.8192
G0 F3900 X100.435 Y100.484
;TYPE:WALL-INNER
;WIDTH:0.400
;FLOW:90.0
G1 F2400 X149.565 Y100.484 E2906.6576
G1 X149.565 Y149.515 E2908.4922
G1 X100.435 Y149.515 E2910.3305
G1 X100.435 Y100.484 E2912.1652
G0 F3900 X101.248 Y101.294
G1 F2400 X101.248 Y148.705 E2913.9392
G1 X148.751 Y148.705 E2915.7166
G1 X148.751 Y101.294 E2917.4906
G1 X101.248 Y101.294 E2919.2681
G0 F3900 X101.048 Y100.889
;TYPE:GAP-FILL
;WIDTH:0.482
;FLOW:95.0
G1 F3600 X100.876 Y100.925 E2919.2764
G1 X100.842 Y101.094 E2919.2846
;WIDTH:0.414
G1 X100.841 Y148.905 E2921.2391
;WIDTH:0.482
G1 X101.048 Y149.110 E2921.2530
;WIDTH:0.410
G1 X148.951 Y149.110 E2923.1923
;WIDTH:0.482
G1 X149.158 Y148.905 E2923.2061
;WIDTH:0.414
G1 X149.158 Y101.094 E2925.1606
;WIDTH:0.482
G1 X148.951 Y100.889 E2925.1744
;WIDTH:0.410
G1 X101.048 Y100.889 E2927.1137
;PRINTING_TIME: 1690
;REMAINING_TIME: 4594
;LAYER:21
;Z:5.500
;HEIGHT:0.250
;FLOW:100.0
;PRINTING: Flow_Calibration_Cube_0.4_mm.stl
;PRINTING_ID: 0
G1 F2400 E2924.1137
G1 F300 Z5.700
G0 F3900 X100.035 Y100.084
G0 F300 Z5.500
;TYPE:WALL-OUTER
;WIDTH:0.400
G1 F300 Z5.500
G1 F1500 E2927.1137
G1 F2100 X149.965 Y100.084 E2929.1896
G1 X149.965 Y149.915 E2931.2613
G1 X100.035 Y149.915 E2933.3372
G1 X100.035 Y100.084 E2935.4089
G1 F2400 E2932.4089
G1 F300 Z5.700
G0 F3900 X101.648 Y101.694
G1 F300 Z5.500
G1 F1500 E2935.4089
G1 F2100 X101.648 Y148.305 E2937.3468
G1 X148.351 Y148.305 E2939.2884
G1 X148.351 Y101.694 E2941.2263
G1 X101.648 Y101.694 E2943.1680
G0 F3900 X100.435 Y100.484
;TYPE:WALL-INNER
;WIDTH:0.400
;FLOW:90.0
G1 F2400 X149.565 Y100.484 E2945.0063
G1 X149.565 Y149.515 E2946.8409
G1 X100.435 Y149.515 E2948.6793
G1 X100.435 Y100.484 E2950.5139
G0 F3900 X101.248 Y101.294
G1 F2400 X101.248 Y148.705 E2952.2879
G1 X148.751 Y148.705 E2954.0654
G1 X148.751 Y101.294 E2955.8394
G1 X101.248 Y101.294 E2957.6168
G0 F3900 X101.048 Y100.889
;TYPE:GAP-FILL
;WIDTH:0.482
;FLOW:95.0
G1 F3600 X100.876 Y100.925 E2957.6252
G1 X100.842 Y101.094 E2957.6334
;WIDTH:0.414
G1 X100.841 Y148.905 E2959.5878
;WIDTH:0.482
G1 X101.048 Y149.110 E2959.6017
;WIDTH:0.410
G1 X148.951 Y149.110 E2961.5410
;WIDTH:0.482
G1 X149.158 Y148.905 E2961.5549
;WIDTH:0.414
G1 X149.158 Y101.094 E2963.5093
;WIDTH:0.482
G1 X148.951 Y100.889 E2963.5232
;WIDTH:0.410
G1 X101.048 Y100.889 E2965.4625
;PRINTING_TIME: 1716
;REMAINING_TIME: 4568
;LAYER:22
;Z:5.750
;HEIGHT:0.250
;FLOW:100.0
;PRINTING: Flow_Calibration_Cube_0.4_mm.stl
;PRINTING_ID: 0
G1 F2400 E2962.4625
G1 F300 Z5.950
G0 F3900 X100.035 Y100.084
G0 F300 Z5.750
;TYPE:WALL-OUTER
;WIDTH:0.400
G1 F300 Z5.750
G1 F1500 E2965.4625
G1 F2100 X149.965 Y100.084 E2967.5383
G1 X149.965 Y149.915 E2969.6101
G1 X100.035 Y149.915 E2971.6859
G1 X100.035 Y100.084 E2973.7576
G1 F2400 E2970.7576
G1 F300 Z5.950
G0 F3900 X101.648 Y101.694
G1 F300 Z5.750
G1 F1500 E2973.7576
G1 F2100 X101.648 Y148.305 E2975.6955
G1 X148.351 Y148.305 E2977.6372
G1 X148.351 Y101.694 E2979.5750
G1 X101.648 Y101.694 E2981.5167
G0 F3900 X100.435 Y100.484
;TYPE:WALL-INNER
;WIDTH:0.400
;FLOW:90.0
G1 F2400 X149.565 Y100.484 E2983.3551
G1 X149.565 Y149.515 E2985.1897
G1 X100.435 Y149.515 E2987.0280
G1 X100.435 Y100.484 E2988.8626
G0 F3900 X101.248 Y101.294
G1 F2400 X101.248 Y148.705 E2990.6367
G1 X148.751 Y148.705 E2992.4141
G1 X148.751 Y101.294 E2994.1881
G1 X101.248 Y101.294 E2995.9656
G0 F3900 X101.048 Y100.889
;TYPE:GAP-FILL
;WIDTH:0.482
;FLOW:95.0
G1 F3600 X100.876 Y100.925 E2995.9739
G1 X100.842 Y101.094 E2995.9821
;WIDTH:0.414
G1 X100.841 Y148.905 E2997.9366
;WIDTH:0.482
G1 X101.048 Y149.110 E2997.9504
;WIDTH:0.410
G1 X148.951 Y149.110 E2999.8897
;WIDTH:0.482
G1 X149.158 Y148.905 E2999.9036
;WIDTH:0.414
G1 X149.158 Y101.094 E3001.8581
;WIDTH:0.482
G1 X148.951 Y100.889 E3001.8719
;WIDTH:0.410
G1 X101.048 Y100.889 E3003.8112
;PRINTING_TIME: 1741
;REMAINING_TIME: 4543
;LAYER:23
;Z:6.000
;HEIGHT:0.250
;FLOW:100.0
;PRINTING: Flow_Calibration_Cube_0.4_mm.stl
;PRINTING_ID: 0
G1 F2400 E3000.8112
G1 F300 Z6.200
G0 F3900 X100.035 Y100.084
G0 F300 Z6.000
;TYPE:WALL-OUTER
;WIDTH:0.400
G1 F300 Z6.000
G1 F1500 E3003.8112
G1 F2100 X149.965 Y100.084 E3005.8871
G1 X149.965 Y149.915 E3007.9588
G1 X100.035 Y149.915 E3010.0347
G1 X100.035 Y100.084 E3012.1064
G1 F2400 E3009.1064
G1 F300 Z6.200
G0 F3900 X101.648 Y101.694
G1 F300 Z6.000
G1 F1500 E3012.1064
G1 F2100 X101.648 Y148.305 E3014.0442
G1 X148.351 Y148.305 E3015.9859
G1 X148.351 Y101.694 E3017.9238
G1 X101.648 Y101.694 E3019.8655
G0 F3900 X100.435 Y100.484
;TYPE:WALL-INNER
;WIDTH:0.400
;FLOW:90.0
G1 F2400 X149.565 Y100.484 E3021.7038
G1 X149.565 Y149.515 E3023.5384
G1 X100.435 Y149.515 E3025.3768
G1 X100.435 Y100.484 E3027.2114
G0 F3900 X101.248 Y101.294
G1 F2400 X101.248 Y148.705 E3028.9854
G1 X148.751 Y148.705 E3030.7628
G1 X148.751 Y101.294 E3032.5369
G1 X101.248 Y101.294 E3034.3143
G0 F3900 X101.048 Y100.889
;TYPE:GAP-FILL
;WIDTH:0.482
;FLOW:95.0
G1 F3600 X100.876 Y100.925 E3034.3227
G1 X100.842 Y101.094 E3034.3309
;WIDTH:0.414
G1 X100.841 Y148.905 E3036.2853
;WIDTH:0.482
G1 X101.048 Y149.110 E3036.2992
;WIDTH:0.410
G1 X148.951 Y149.110 E3038.2385
;WIDTH:0.482
G1 X149.158 Y148.905 E3038.2524
;WIDTH:0.414
G1 X149.158 Y101.094 E3040.2068
;WIDTH:0.482
G1 X148.951 Y100.889 E3040.2207
;WIDTH:0.410
G1 X101.048 Y100.889 E3042.1600
;PRINTING_TIME: 1767
;REMAINING_TIME: 4517
;LAYER:24
;Z:6.250
;HEIGHT:0.250
;FLOW:100.0
;PRINTING: Flow_Calibration_Cube_0.4_mm.stl
;PRINTING_ID: 0
G1 F2400 E3039.1600
G1 F300 Z6.450
G0 F3900 X100.035 Y100.084
G0 F300 Z6.250
;TYPE:WALL-OUTER
;WIDTH:0.400
G1 F300 Z6.250
G1 F1500 E3042.1600
G1 F2100 X149.965 Y100.084 E3044.2358
G1 X149.965 Y149.915 E3046.3076
G1 X100.035 Y149.915 E3048.3834
G1 X100.035 Y100.084 E3050.4551
G1 F2400 E3047.4551
G1 F300 Z6.450
G0 F3900 X101.648 Y101.694
G1 F300 Z6.250
G1 F1500 E3050.4551
G1 F2100 X101.648 Y148.305 E3052.3930
G1 X148.351 Y148.305 E3054.3347
G1 X148.351 Y101.694 E3056.2725
G1 X101.648 Y101.694 E3058.2142
G0 F3900 X100.435 Y100.484
;TYPE:WALL-INNER
;WIDTH:0.400
;FLOW:90.0
G1 F2400 X149.565 Y100.484 E3060.0526
G1 X149.565 Y149.515 E3061.8872
G1 X100.435 Y149.515 E3063.7255
G1 X100.435 Y100.484 E3065.5601
G0 F3900 X101.248 Y101.294
G1 F2400 X101.248 Y148.705 E3067.3341
G1 X148.751 Y148.705 E3069.1116
G1 X148.751 Y101.294 E3070.8856
G1 X101.248 Y101.294 E3072.6631
G0 F3900 X101.048 Y100.889
;TYPE:GAP-FILL
;WIDTH:0.482
;FLOW:95.0
G1 F3600 X100.876 Y100.925 E3072.6714
G1 X100.842 Y101.094 E3072.6796
;WIDTH:0.414
G1 X100.841 Y148.905 E3074.6341
;WIDTH:0.482
G1 X101.048 Y149.110 E3074.6479
;WIDTH:0.410
G1 X148.951 Y149.110 E3076.5872
;WIDTH:0.482
G1 X149.158 Y148.905 E3076.6011
;WIDTH:0.414
G1 X149.158 Y101.094 E3078.5556
;WIDTH:0.482
G1 X148.951 Y100.889 E3078.5694
;WIDTH:0.410
G1 X101.048 Y100.889 E3080.5087
;PRINTING_TIME: 1793
;REMAINING_TIME: 4491
;LAYER:25
;Z:6.500
;HEIGHT:0.250
;FLOW:100.0
;PRINTING: Flow_Calibration_Cube_0.4_mm.stl
;PRINTING_ID: 0
G1 F2400 E3077.5087
G1 F300 Z6.700
G0 F3900 X100.035 Y100.084
G0 F300 Z6.500
;TYPE:WALL-OUTER
;WIDTH:0.400
G1 F300 Z6.500
G1 F1500 E3080.5087
G1 F2100 X149.965 Y100.084 E3082.5846
G1 X149.965 Y149.915 E3084.6563
G1 X100.035 Y149.915 E3086.7321
G1 X100.035 Y100.084 E3088.8039
G1 F2400 E3085.8039
G1 F300 Z6.700
G0 F3900 X101.648 Y101.694
G1 F300 Z6.500
G1 F1500 E3088.8039
G1 F2100 X101.648 Y148.305 E3090.7417
G1 X148.351 Y148.305 E3092.6834
G1 X148.351 Y101.694 E3094.6213
G1 X101.648 Y101.694 E3096.5630
G0 F3900 X100.435 Y100.484
;TYPE:WALL-INNER
;WIDTH:0.400
;FLOW:90.0
G1 F2400 X149.565 Y100.484 E3098.4013
G1 X149.565 Y149.515 E3100.2359
G1 X100.435 Y149.515 E3102.0743
G1 X100.435 Y100.484 E3103.9089
G0 F3900 X101.248 Y101.294
G1 F2400 X101.248 Y148.705 E3105.6829
G1 X148.751 Y148.705 E3107.4603
G1 X148.751 Y101.294 E3109.2343
G1 X101.248 Y101.294 E3111.0118
G0 F3900 X101.048 Y100.889
;TYPE:GAP-FILL
;WIDTH:0.482
;FLOW:95.0
G1 F3600 X100.876 Y100.925 E3111.0202
G1 X100.842 Y101.094 E3111.0284
;WIDTH:0.414
G1 X100.841 Y148.905 E3112.9828
;WIDTH:0.482
G1 X101.048 Y149.110 E3112.9967
;WIDTH:0.410
G1 X148.951 Y149.110 E3114.9360
;WIDTH:0.482
G1 X149.158 Y148.905 E3114.9498
;WIDTH:0.414
G1 X149.158 Y101.094 E3116.9043
;WIDTH:0.482
G1 X148.951 Y100.889 E3116.9182
;WIDTH:0.410
G1 X101.048 Y100.889 E3118.8575
;PRINTING_TIME: 1818
;REMAINING_TIME: 4466
;LAYER:26
;Z:6.750
;HEIGHT:0.250
;FLOW:100.0
;PRINTING: Flow_Calibration_Cube_0.4_mm.stl
;PRINTING_ID: 0
G1 F2400 E3115.8575
G1 F300 Z6.950
G0 F3900 X100.035 Y100.084
G0 F300 Z6.750
;TYPE:WALL-OUTER
;WIDTH:0.400
G1 F300 Z6.750
G1 F1500 E3118.8575
G1 F2100 X149.965 Y100.084 E3120.9333
G1 X149.965 Y149.915 E3123.0050
G1 X100.035 Y149.915 E3125.0809
G1 X100.035 Y100.084 E3127.1526
G1 F2400 E3124.1526
G1 F300 Z6.950
G0 F3900 X101.648 Y101.694
G1 F300 Z6.750
G1 F1500 E3127.1526
G1 F2100 X101.648 Y148.305 E3129.0905
G1 X148.351 Y148.305 E3131.0322
G1 X148.351 Y101.694 E3132.9700
G1 X101.648 Y101.694 E3134.9117
G0 F3900 X100.435 Y100.484
;TYPE:WALL-INNER
;WIDTH:0.400
;FLOW:90.0
G1 F2400 X149.565 Y100.484 E3136.7500
G1 X149.565 Y149.515 E3138.5847
G1 X100.435 Y149.515 E3140.4230
G1 X100.435 Y100.484 E3142.2576
G0 F3900 X101.248 Y101.294
G1 F2400 X101.248 Y148.705 E3144.0316
G1 X148.751 Y148.705 E3145.8091
G1 X148.751 Y101.294 E3147.5831
G1 X101.248 Y101.294 E3149.3605
G0 F3900 X101.048 Y100.889
;TYPE:GAP-FILL
;WIDTH:0.482
;FLOW:95.0
G1 F3600 X100.876 Y100.925 E3149.3689
G1 X100.842 Y101.094 E3149.3771
;WIDTH:0.414
G1 X100.841 Y148.905 E3151.3316
;WIDTH:0.482
G1 X101.048 Y149.110 E3151.3454
;WIDTH:0.410
G1 X148.951 Y149.110 E3153.2847
;WIDTH:0.482
G1 X149.158 Y148.905 E3153.2986
;WIDTH:0.414
G1 X149.158 Y101.094 E3155.2530
;WIDTH:0.482
G1 X148.951 Y100.889 E3155.2669
;WIDTH:0.410
G1 X101.048 Y100.889 E3157.2062
;PRINTING_TIME: 1844
;REMAINING_TIME: 4440
;LAYER:27
;Z:7.000
;HEIGHT:0.250
;FLOW:100.0
;PRINTING: Flow_Calibration_Cube_0.4_mm.stl
;PRINTING_ID: 0
G1 F2400 E3154.2062
G1 F300 Z7.200
G0 F3900 X100.035 Y100.084
G0 F300 Z7.000
;TYPE:WALL-OUTER
;WIDTH:0.400
G1 F300 Z7.000
G1 F1500 E3157.2062
G1 F2100 X149.965 Y100.084 E3159.2821
G1 X149.965 Y149.915 E3161.3538
G1 X100.035 Y149.915 E3163.4296
G1 X100.035 Y100.084 E3165.5014
G1 F2400 E3162.5014
G1 F300 Z7.200
G0 F3900 X101.648 Y101.694
G1 F300 Z7.000
G1 F1500 E3165.5014
G1 F2100 X101.648 Y148.305 E3167.4392
G1 X148.351 Y148.305 E3169.3809
G1 X148.351 Y101.694 E3171.3188
G1 X101.648 Y101.694 E3173.2605
G0 F3900 X100.435 Y100.484
;TYPE:WALL-INNER
;WIDTH:0.400
;FLOW:90.0
G1 F2400 X149.565 Y100.484 E3175.0988
G1 X149.565 Y149.515 E3176.9334
G1 X100.435 Y149.515 E3178.7717
G1 X100.435 Y100.484 E3180.6064
G0 F3900 X101.248 Y101.294
G1 F2400 X101.248 Y148.705 E3182.3804
G1 X148.751 Y148.705 E3184.1578
G1 X148.751 Y101.294 E3185.9318
G1 X101.248 Y101.294 E3187.7093
G0 F3900 X101.048 Y100.889
;TYPE:GAP-FILL
;WIDTH:0.482
;FLOW:95.0
G1 F3600 X100.876 Y100.925 E3187.7177
G1 X100.842 Y101.094 E3187.7259
;WIDTH:0.414
G1 X100.841 Y148.905 E3189.6803
;WIDTH:0.482
G1 X101.048 Y149.110 E3189.6942
;WIDTH:0.410
G1 X148.951 Y149.110 E3191.6335
;WIDTH:0.482
G1 X149.158 Y148.905 E3191.6473
;WIDTH:0.414
G1 X149.158 Y101.094 E3193.6018
;WIDTH:0.482
G1 X148.951 Y100.889 E3193.6157
;WIDTH:0.410
G1 X101.048 Y100.889 E3195.5550
;PRINTING_TIME: 1870
;REMAINING_TIME: 4414
;LAYER:28
;Z:7.250
;HEIGHT:0.250
;FLOW:100.0
;PRINTING: Flow_Calibration_Cube_0.4_mm.stl
;PRINTING_ID: 0
G1 F2400 E3192.5550
G1 F300 Z7.450
G0 F3900 X100.035 Y100.084
G0 F300 Z7.250
;TYPE:WALL-OUTER
;WIDTH:0.400
G1 F300 Z7.250
G1 F1500 E3195.5550
G1 F2100 X149.965 Y100.084 E3197.6308
G1 X149.965 Y149.915 E3199.7025
G1 X100.035 Y149.915 E3201.7784
G1 X100.035 Y100.084 E3203.8501
G1 F2400 E3200.8501
G1 F300 Z7.450
G0 F3900 X101.648 Y101.694
G1 F300 Z7.250
G1 F1500 E3203.8501
G1 F2100 X101.648 Y148.305 E3205.7880
G1 X148.351 Y148.305 E3207.7297
G1 X148.351 Y101.694 E3209.6675
G1 X101.648 Y101.694 E3211.6092
G0 F3900 X100.435 Y100.484
;TYPE:WALL-INNER
;WIDTH:0.400
;FLOW:90.0
G1 F2400 X149.565 Y100.484 E3213.4475
G1 X149.565 Y149.515 E3215.2822
G1 X100.435 Y149.515 E3217.1205
G1 X100.435 Y100.484 E3218.9551
G0 F3900 X101.248 Y101.294
G1 F2400 X101.248 Y148.705 E3220.7291
G1 X148.751 Y148.705 E3222.5066
G1 X148.751 Y101.294 E3224.2806
G1 X101.248 Y101.294 E3226.0580
G0 F3900 X101.048 Y100.889
;TYPE:GAP-FILL
;WIDTH:0.482
;FLOW:95.0
G1 F3600 X100.876 Y100.925 E3226.0664
G1 X100.842 Y101.094 E3226.0746
;WIDTH:0.414
G1 X100.841 Y148.905 E3228.0291
;WIDTH:0.482
G1 X101.048 Y149.110 E3228.0429
;WIDTH:0.410
G1 X148.951 Y149.110 E3229.9822
;WIDTH:0.482
G1 X149.158 Y148.905 E3229.9961
;WIDTH:0.414
G1 X149.158 Y101.094 E3231.9505
;WIDTH:0.482
G1 X148.951 Y100.889 E3231.9644
;WIDTH:0.410
G1 X101.048 Y100.889 E3233.9037
;PRINTING_TIME: 1895
;REMAINING_TIME: 4389
;LAYER:29
;Z:7.500
;HEIGHT:0.250
;FLOW:100.0
;PRINTING: Flow_Calibration_Cube_0.4_mm.stl
;PRINTING_ID: 0
G1 F2400 E3230.9037
G1 F300 Z7.700
G0 F3900 X100.035 Y100.084
G0 F300 Z7.500
;TYPE:WALL-OUTER
;WIDTH:0.400
G1 F300 Z7.500
G1 F1500 E3233.9037
G1 F2100 X149.965 Y100.084 E3235.9796
G1 X149.965 Y149.915 E3238.0513
G1 X100.035 Y149.915 E3240.1271
G1 X100.035 Y100.084 E3242.1989
G1 F2400 E3239.1989
G1 F300 Z7.700
G0 F3900 X101.648 Y101.694
G1 F300 Z7.500
G1 F1500 E3242.1989
G1 F2100 X101.648 Y148.305 E3244.1367
G1 X148.351 Y148.305 E3246.0784
G1 X148.351 Y101.694 E3248.0163
G1 X101.648 Y101.694 E3249.9580
G0 F3900 X100.435 Y100.484
;TYPE:WALL-INNER
;WIDTH:0.400
;FLOW:90.0
G1 F2400 X149.565 Y100.484 E3251.7963
G1 X149.565 Y149.515 E3253.6309
G1 X100.435 Y149.515 E3255.4692
G1 X100.435 Y100.484 E3257.3039
G0 F3900 X101.248 Y101.294
G1 F2400 X101.248 Y148.705 E3259.0779
G1 X148.751 Y148.705 E3260.8553
G1 X148.751 Y101.294 E3262.6293
G1 X101.248 Y101.294 E3264.4068
G0 F3900 X101.048 Y100.889
;TYPE:GAP-FILL
;WIDTH:0.482
;FLOW:95.0
G1 F3600 X100.876 Y100.925 E3264.4151
G1 X100.842 Y101.094 E3264.4233
;WIDTH:0.414
G1 X100.841 Y148.905 E3266.3778
;WIDTH:0.482
G1 X101.048 Y149.110 E3266.3917
;WIDTH:0.410
G1 X148.951 Y149.110 E3268.3310
;WIDTH:0.482
G1 X149.158 Y148.905 E3268.3448
;WIDTH:0.414
G1 X149.158 Y101.094 E3270.2993
;WIDTH:0.482
G1 X148.951 Y100.889 E3270.3132
;WIDTH:0.410
G1 X101.048 Y100.889 E3272.2524
;PRINTING_TIME: 1921
;REMAINING_TIME: 4363
;LAYER:30
;Z:7.750
;HEIGHT:0.250
;FLOW:100.0
;PRINTING: Flow_Calibration_Cube_0.4_mm.stl
;PRINTING_ID: 0
G1 F2400 E3269.2524
G1 F300 Z7.950
G0 F3900 X100.035 Y100.084
G0 F300 Z7.750
;TYPE:WALL-OUTER
;WIDTH:0.400
G1 F300 Z7.750
G1 F1500 E3272.2524
G1 F2100 X149.965 Y100.084 E3274.3283
G1 X149.965 Y149.915 E3276.4000
G1 X100.035 Y149.915 E3278.4759
G1 X100.035 Y100.084 E3280.5476
G1 F2400 E3277.5476
G1 F300 Z7.950
G0 F3900 X101.648 Y101.694
G1 F300 Z7.750
G1 F1500 E3280.5476
G1 F2100 X101.648 Y148.305 E3282.4855
G1 X148.351 Y148.305 E3284.4272
G1 X148.351 Y101.694 E3286.3650
G1 X101.648 Y101.694 E3288.3067
G0 F3900 X100.435 Y100.484
;TYPE:WALL-INNER
;WIDTH:0.400
;FLOW:90.0
G1 F2400 X149.565 Y100.484 E3290.1450
G1 X149.565 Y149.515 E3291.9797
G1 X100.435 Y149.515 E3293.8180
G1 X100.435 Y100.484 E3295.6526
G0 F3900 X101.248 Y101.294
G1 F2400 X101.248 Y148.705 E3297.4266
G1 X148.751 Y148.705 E3299.2041
G1 X148.751 Y101.294 E3300.9781
G1 X101.248 Y101.294 E3302.7555
G0 F3900 X101.048 Y100.889
;TYPE:GAP-FILL
;WIDTH:0.482
;FLOW:95.0
G1 F3600 X100.876 Y100.925 E3302.7639
G1 X100.842 Y101.094 E3302.7721
;WIDTH:0.414
G1 X100.841 Y148.905 E3304.7265
;WIDTH:0.482
G1 X101.048 Y149.110 E3304.7404
;WIDTH:0.410
G1 X148.951 Y149.110 E3306.6797
;WIDTH:0.482
G1 X149.158 Y148.905 E3306.6936
;WIDTH:0.414
G1 X149.158 Y101.094 E3308.6480
;WIDTH:0.482
G1 X148.951 Y100.889 E3308.6619
;WIDTH:0.410
G1 X101.048 Y100.889 E3310.6012
;PRINTING_TIME: 1947
;REMAINING_TIME: 4337
;LAYER:31
;Z:8.000
;HEIGHT:0.250
;FLOW:100.0
;PRINTING: Flow_Calibration_Cube_0.4_mm.stl
;PRINTING_ID: 0
G1 F2400 E3307.6012
G1 F300 Z8.200
G0 F3900 X100.035 Y100.084
G0 F300 Z8.000
;TYPE:WALL-OUTER
;WIDTH:0.400
G1 F300 Z8.000
G1 F1500 E3310.6012
G1 F2100 X149.965 Y100.084 E3312.6770
G1 X149.965 Y149.915 E3314.7488
G1 X100.035 Y149.915 E3316.8246
G1 X100.035 Y100.084 E3318.8964
G1 F2400 E3315.8964
G1 F300 Z8.200
G0 F3900 X101.648 Y101.694
G1 F300 Z8.000
G1 F1500 E3318.8964
G1 F2100 X101.648 Y148.305 E3320.8342
G1 X148.351 Y148.305 E3322.7759
G1 X148.351 Y101.694 E3324.7138
G1 X101.648 Y101.694 E3326.6554
G0 F3900 X100.435 Y100.484
;TYPE:WALL-INNER
;WIDTH:0.400
;FLOW:90.0
G1 F2400 X149.565 Y100.484 E3328.4938
G1 X149.565 Y149.515 E3330.3284
G1 X100.435 Y149.515 E3332.1667
G1 X100.435 Y100.484 E3334.0014
G0 F3900 X101.248 Y101.294
G1 F2400 X101.248 Y148.705 E3335.7754
G1 X148.751 Y148.705 E3337.5528
G1 X148.751 Y101.294 E3339.3268
G1 X101.248 Y101.294 E3341.1043
G0 F3900 X101.048 Y100.889
;TYPE:GAP-FILL
;WIDTH:0.482
;FLOW:95.0
G1 F3600 X100.876 Y100.925 E3341.1126
G1 X100.842 Y101.094 E3341.1208
;WIDTH:0.414
G1 X100.841 Y148.905 E3343.0753
;WIDTH:0.482
G1 X101.048 Y149.110 E3343.0892
;WIDTH:0.410
G1 X148.951 Y149.110 E3345.0285
;WIDTH:0.482
G1 X149.158 Y148.905 E3345.0423
;WIDTH:0.414
G1 X149.158 Y101.094 E3346.9968
;WIDTH:0.482
G1 X148.951 Y100.889 E3347.0106
;WIDTH:0.410
G1 X101.048 Y100.889 E3348.9499
;PRINTING_TIME: 1972
;REMAINING_TIME: 4312
;LAYER:32
;Z:8.250
;HEIGHT:0.250
;FLOW:100.0
;PRINTING: Flow_Calibration_Cube_0.4_mm.stl
;PRINTING_ID: 0
G1 F2400 E3345.9499
G1 F300 Z8.450
G0 F3900 X100.035 Y100.084
G0 F300 Z8.250
;TYPE:WALL-OUTER
;WIDTH:0.400
G1 F300 Z8.250
G1 F1500 E3348.9499
G1 F2100 X149.965 Y100.084 E3351.0258
G1 X149.965 Y149.915 E3353.0975
G1 X100.035 Y149.915 E3355.1734
G1 X100.035 Y100.084 E3357.2451
G1 F2400 E3354.2451
G1 F300 Z8.450
G0 F3900 X101.648 Y101.694
G1 F300 Z8.250
G1 F1500 E3357.2451
G1 F2100 X101.648 Y148.305 E3359.1830
G1 X148.351 Y148.305 E3361.1246
G1 X148.351 Y101.694 E3363.0625
G1 X101.648 Y101.694 E3365.0042
G0 F3900 X100.435 Y100.484
;TYPE:WALL-INNER
;WIDTH:0.400
;FLOW:90.0
G1 F2400 X149.565 Y100.484 E3366.8425
G1 X149.565 Y149.515 E3368.6771
G1 X100.435 Y149.515 E3370.5155
G1 X100.435 Y100.484 E3372.3501
G0 F3900 X101.248 Y101.294
G1 F2400 X101.248 Y148.705 E3374.1241
G1 X148.751 Y148.705 E3375.9016
G1 X148.751 Y101.294 E3377.6756
G1 X101.248 Y101.294 E3379.4530
G0 F3900 X101.048 Y100.889
;TYPE:GAP-FILL
;WIDTH:0.482
;FLOW:95.0
G1 F3600 X100.876 Y100.925 E3379.4614
G1 X100.842 Y101.094 E3379.4696
;WIDTH:0.414
G1 X100.841 Y148.905 E3381.4240
;WIDTH:0.482
G1 X101.048 Y149.110 E3381.4379
;WIDTH:0.410
G1 X148.951 Y149.110 E3383.3772
;WIDTH:0.482
G1 X149.158 Y148.905 E3383.3911
;WIDTH:0.414
G1 X149.158 Y101.094 E3385.3455
;WIDTH:0.482
G1 X148.951 Y100.889 E3385.3594
;WIDTH:0.410
G1 X101.048 Y100.889 E3387.2987
;PRINTING_TIME: 1998
;REMAINING_TIME: 4286
;LAYER:33
;Z:8.500
;HEIGHT:0.250
;FLOW:100.0
;PRINTING: Flow_Calibration_Cube_0.4_mm.stl
;PRINTING_ID: 0
G1 F2400 E3384.2987
G1 F300 Z8.700
G0 F3900 X100.035 Y100.084
G0 F300 Z8.500
;TYPE:WALL-OUTER
;WIDTH:0.400
G1 F300 Z8.500
G1 F1500 E3387.2987
G1 F2100 X149.965 Y100.084 E3389.3745
G1 X149.965 Y149.915 E3391.4463
G1 X100.035 Y149.915 E3393.5221
G1 X100.035 Y100.084 E3395.5938
G1 F2400 E3392.5938
G1 F300 Z8.700
G0 F3900 X101.648 Y101.694
G1 F300 Z8.500
G1 F1500 E3395.5938
G1 F2100 X101.648 Y148.305 E3397.5317
G1 X148.351 Y148.305 E3399.4734
G1 X148.351 Y101.694 E3401.4113
G1 X101.648 Y101.694 E3403.3529
G0 F3900 X100.435 Y100.484
;TYPE:WALL-INNER
;WIDTH:0.400
;FLOW:90.0
G1 F2400 X149.565 Y100.484 E3405.1913
G1 X149.565 Y149.515 E3407.0259
G1 X100.435 Y149.515 E3408.8642
G1 X100.435 Y100.484 E3410.6988
G0 F3900 X101.248 Y101.294
G1 F2400 X101.248 Y148.705 E3412.4729
G1 X148.751 Y148.705 E3414.2503
G1 X148.751 Y101.294 E3416.0243
G1 X101.248 Y101.294 E3417.8018
G0 F3900 X101.048 Y100.889
;TYPE:GAP-FILL
;WIDTH:0.482
;FLOW:95.0
G1 F3600 X100.876 Y100.925 E3417.8101
G1 X100.842 Y101.094 E3417.8183
;WIDTH:0.414
G1 X100.841 Y148.905 E3419.7728
;WIDTH:0.482
G1 X101.048 Y149.110 E3419.7867
;WIDTH:0.410
G1 X148.951 Y149.110 E3421.7259
;WIDTH:0.482
G1 X149.158 Y148.905 E3421.7398
;WIDTH:0.414
G1 X149.158 Y101.094 E3423.6943
;WIDTH:0.482
G1 X148.951 Y100.889 E3423.7081
;WIDTH:0.410
G1 X101.048 Y100.889 E3425.6474
;PRINTING_TIME: 2024
;REMAINING_TIME: 4260
;LAYER:34
;Z:8.750
;HEIGHT:0.250
;FLOW:100.0
;PRINTING: Flow_Calibration_Cube_0.4_mm.stl
;PRINTING_ID: 0
G1 F2400 E3422.6474
G1 F300 Z8.950
G0 F3900 X100.035 Y100.084
G0 F300 Z8.750
;TYPE:WALL-OUTER
;WIDTH:0.400
G1 F300 Z8.750
G1 F1500 E3425.6474
G1 F2100 X149.965 Y100.084 E3427.7233
G1 X149.965 Y149.915 E3429.7950
G1 X100.035 Y149.915 E3431.8709
G1 X100.035 Y100.084 E3433.9426
G1 F2400 E3430.9426
G1 F300 Z8.950
G0 F3900 X101.648 Y101.694
G1 F300 Z8.750
G1 F1500 E3433.9426
G1 F2100 X101.648 Y148.305 E3435.8805
G1 X148.351 Y148.305 E3437.8221
G1 X148.351 Y101.694 E3439.7600
G1 X101.648 Y101.694 E3441.7017
G0 F3900 X100.435 Y100.484
;TYPE:WALL-INNER
;WIDTH:0.400
;FLOW:90.0
G1 F2400 X149.565 Y100.484 E3443.5400
G1 X149.565 Y149.515 E3445.3746
G1 X100.435 Y149.515 E3447.2130
G1 X100.435 Y100.484 E3449.0476
G0 F3900 X101.248 Y101.294
G1 F2400 X101.248 Y148.705 E3450.8216
G1 X148.751 Y148.705 E3452.5991
G1 X148.751 Y101.294 E3454.3731
G1 X101.248 Y101.294 E3456.1505
G0 F3900 X101.048 Y100.889
;TYPE:GAP-FILL
;WIDTH:0.482
;FLOW:95.0
G1 F3600 X100.876 Y100.925 E3456.1589
G1 X100.842 Y101.094 E3456.1671
;WIDTH:0.414
G1 X100.841 Y148.905 E3458.1215
;WIDTH:0.482
G1 X101.048 Y149.110 E3458.1354
;WIDTH:0.410
G1 X148.951 Y149.110 E3460.0747
;WIDTH:0.482
G1 X149.158 Y148.905 E3460.0886
;WIDTH:0.414
G1 X149.158 Y101.094 E3462.0430
;WIDTH:0.482
G1 X148.951 Y100.889 E3462.0569
;WIDTH:0.410
G1 X101.048 Y100.889 E3463.9962
;PRINTING_TIME: 2049
;REMAINING_TIME: 4235
;LAYER:35
;Z:9.000
;HEIGHT:0.250
;FLOW:100.0
;PRINTING: Flow_Calibration_Cube_0.4_mm.stl
;PRINTING_ID: 0
G1 F2400 E3460.9962
G1 F300 Z9.200
G0 F3900 X100.035 Y100.084
G0 F300 Z9.000
;TYPE:WALL-OUTER
;WIDTH:0.400
G1 F300 Z9.000
G1 F1500 E3463.9962
G1 F2100 X149.965 Y100.084 E3466.0720
G1 X149.965 Y149.915 E3468.1438
G1 X100.035 Y149.915 E3470.2196
G1 X100.035 Y100.084 E3472.2913
G1 F2400 E3469.2913
G1 F300 Z9.200
G0 F3900 X101.648 Y101.694
G1 F300 Z9.000
G1 F1500 E3472.2913
G1 F2100 X101.648 Y148.305 E3474.2292
G1 X148.351 Y148.305 E3476.1709
G1 X148.351 Y101.694 E3478.1087
G1 X101.648 Y101.694 E3480.0504
G0 F3900 X100.435 Y100.484
;TYPE:WALL-INNER
;WIDTH:0.400
;FLOW:90.0
G1 F2400 X149.565 Y100.484 E3481.8888
G1 X149.565 Y149.515 E3483.7234
G1 X100.435 Y149.515 E3485.5617
G1 X100.435 Y100.484 E3487.3963
G0 F3900 X101.248 Y101.294
G1 F2400 X101.248 Y148.705 E3489.1703
G1 X148.751 Y148.705 E3490.9478
G1 X148.751 Y101.294 E3492.7218
G1 X101.248 Y101.294 E3494.4993
G0 F3900 X101.048 Y100.889
;TYPE:GAP-FILL
;WIDTH:0.482
;FLOW:95.0
G1 F3600 X100.876 Y100.925 E3494.5076
G1 X100.842 Y101.094 E3494.5158
;WIDTH:0.414
G1 X100.841 Y148.905 E3496.4703
;WIDTH:0.482
G1 X101.048 Y149.110 E3496.4841
;WIDTH:0.410
G1 X148.951 Y149.110 E3498.4234
;WIDTH:0.482
G1 X149.158 Y148.905 E3498.4373
;WIDTH:0.414
G1 X149.158 Y101.094 E3500.3918
;WIDTH:0.482
G1 X148.951 Y100.889 E3500.4056
;WIDTH:0.410
G1 X101.048 Y100.889 E3502.3449
;PRINTING_TIME: 2075
;REMAINING_TIME: 4209
;LAYER:36
;Z:9.250
;HEIGHT:0.250
;FLOW:100.0
;PRINTING: Flow_Calibration_Cube_0.4_mm.stl
;PRINTING_ID: 0
G1 F2400 E3499.3449
G1 F300 Z9.450
G0 F3900 X100.035 Y100.084
G0 F300 Z9.250
;TYPE:WALL-OUTER
;WIDTH:0.400
G1 F300 Z9.250
G1 F1500 E3502.3449
G1 F2100 X149.965 Y100.084 E3504.4208
G1 X149.965 Y149.915 E3506.4925
G1 X100.035 Y149.915 E3508.5684
G1 X100.035 Y100.084 E3510.6401
G1 F2400 E3507.6401
G1 F300 Z9.450
G0 F3900 X101.648 Y101.694
G1 F300 Z9.250
G1 F1500 E3510.6401
G1 F2100 X101.648 Y148.305 E3512.5779
G1 X148.351 Y148.305 E3514.5196
G1 X148.351 Y101.694 E3516.4575
G1 X101.648 Y101.694 E3518.3992
G0 F3900 X100.435 Y100.484
;TYPE:WALL-INNER
;WIDTH:0.400
;FLOW:90.0
G1 F2400 X149.565 Y100.484 E3520.2375
G1 X149.565 Y149.515 E3522.0721
G1 X100.435 Y149.515 E3523.9105
G1 X100.435 Y100.484 E3525.7451
G0 F3900 X101.248 Y101.294
G1 F2400 X101.248 Y148.705 E3527.5191
G1 X148.751 Y148.705 E3529.2965
G1 X148.751 Y101.294 E3531.0706
G1 X101.248 Y101.294 E3532.8480
G0 F3900 X101.048 Y100.889
;TYPE:GAP-FILL
;WIDTH:0.482
;FLOW:95.0
G1 F3600 X100.876 Y100.925 E3532.8564
G1 X100.842 Y101.094 E3532.8646
;WIDTH:0.414
G1 X100.841 Y148.905 E3534.8190
;WIDTH:0.482
G1 X101.048 Y149.110 E3534.8329
;WIDTH:0.410
G1 X148.951 Y149.110 E3536.7722
;WIDTH:0.482
G1 X149.158 Y148.905 E3536.7861
;WIDTH:0.414
G1 X149.158 Y101.094 E3538.7405
;WIDTH:0.482
G1 X148.951 Y100.889 E3538.7544
;WIDTH:0.410
G1 X101.048 Y100.889 E3540.6937
;PRINTING_TIME: 2101
;REMAINING_TIME: 4183
;LAYER:37
;Z:9.500
;HEIGHT:0.250
;FLOW:100.0
;PRINTING: Flow_Calibration_Cube_0.4_mm.stl
;PRINTING_ID: 0
G1 F2400 E3537.6937
G1 F300 Z9.700
G0 F3900 X100.035 Y100.084
G0 F300 Z9.500
;TYPE:WALL-OUTER
;WIDTH:0.400
G1 F300 Z9.500
G1 F1500 E3540.6937
G1 F2100 X149.965 Y100.084 E3542.7695
G1 X149.965 Y149.915 E3544.8412
G1 X100.035 Y149.915 E3546.9171
G1 X100.035 Y100.084 E3548.9888
G1 F2400 E3545.9888
G1 F300 Z9.700
G0 F3900 X101.648 Y101.694
G1 F300 Z9.500
G1 F1500 E3548.9888
G1 F2100 X101.648 Y148.305 E3550.9267
G1 X148.351 Y148.305 E3552.8684
G1 X148.351 Y101.694 E3554.8062
G1 X101.648 Y101.694 E3556.7479
G0 F3900 X100.435 Y100.484
;TYPE:WALL-INNER
;WIDTH:0.400
;FLOW:90.0
G1 F2400 X149.565 Y100.484 E3558.5862
G1 X149.565 Y149.515 E3560.4209
G1 X100.435 Y149.515 E3562.2592
G1 X100.435 Y100.484 E3564.0938
G0 F3900 X101.248 Y101.294
G1 F2400 X101.248 Y148.705 E3565.8678
G1 X148.751 Y148.705 E3567.6453
G1 X148.751 Y101.294 E3569.4193
G1 X101.248 Y101.294 E3571.1967
G0 F3900 X101.048 Y100.889
;TYPE:GAP-FILL
;WIDTH:0.482
;FLOW:95.0
G1 F3600 X100.876 Y100.925 E3571.2051
G1 X100.842 Y101.094 E3571.2133
;WIDTH:0.414
G1 X100.841 Y148.905 E3573.1678
;WIDTH:0.482
G1 X101.048 Y149.110 E3573.1816
;WIDTH:0.410
G1 X148.951 Y149.110 E3575.1209
;WIDTH:0.482
G1 X149.158 Y148.905 E3575.1348
;WIDTH:0.414
G1 X149.158 Y101.094 E3577.0893
;WIDTH:0.482
G1 X148.951 Y100.889 E3577.1031
;WIDTH:0.410
G1 X101.048 Y100.889 E3579.0424
;PRINTING_TIME: 2126
;REMAINING_TIME: 4158
;LAYER:38
;Z:9.750
;HEIGHT:0.250
;FLOW:100.0
;PRINTING: Flow_Calibration_Cube_0.4_mm.stl
;PRINTING_ID: 0
G1 F2400 E3576.0424
G1 F300 Z9.950
G0 F3900 X100.035 Y100.084
G0 F300 Z9.750
;TYPE:WALL-OUTER
;WIDTH:0.400
G1 F300 Z9.750
G1 F1500 E3579.0424
G1 F2100 X149.965 Y100.084 E3581.1183
G1 X149.965 Y149.915 E3583.1900
G1 X100.035 Y149.915 E3585.2658
G1 X100.035 Y100.084 E3587.3376
G1 F2400 E3584.3376
G1 F300 Z9.950
G0 F3900 X101.648 Y101.694
G1 F300 Z9.750
G1 F1500 E3587.3376
G1 F2100 X101.648 Y148.305 E3589.2754
G1 X148.351 Y148.305 E3591.2171
G1 X148.351 Y101.694 E3593.1550
G1 X101.648 Y101.694 E3595.0967
G0 F3900 X100.435 Y100.484
;TYPE:WALL-INNER
;WIDTH:0.400
;FLOW:90.0
G1 F2400 X149.565 Y100.484 E3596.9350
G1 X149.565 Y149.515 E3598.7696
G1 X100.435 Y149.515 E3600.6079
G1 X100.435 Y100.484 E3602.4426
G0 F3900 X101.248 Y101.294
G1 F2400 X101.248 Y148.705 E3604.2166
G1 X148.751 Y148.705 E3605.9940
G1 X148.751 Y101.294 E3607.7680
G1 X101.248 Y101.294 E3609.5455
G0 F3900 X101.048 Y100.889
;TYPE:GAP-FILL
;WIDTH:0.482
;FLOW:95.0
G1 F3600 X100.876 Y100.925 E3609.5539
G1 X100.842 Y101.094 E3609.5621
;WIDTH:0.414
G1 X100.841 Y148.905 E3611.5165
;WIDTH:0.482
G1 X101.048 Y149.110 E3611.5304
;WIDTH:0.410
G1 X148.951 Y149.110 E3613.4697
;WIDTH:0.482
G1 X149.158 Y148.905 E3613.4835
;WIDTH:0.414
G1 X149.158 Y101.094 E3615.4380
;WIDTH:0.482
G1 X148.951 Y100.889 E3615.4519
;WIDTH:0.410
G1 X101.048 Y100.889 E3617.3912
;PRINTING_TIME: 2152
;REMAINING_TIME: 4132
;LAYER:39
;Z:10.000
;HEIGHT:0.250
;FLOW:100.0
;PRINTING: Flow_Calibration_Cube_0.4_mm.stl
;PRINTING_ID: 0
G1 F2400 E3614.3912
G1 F300 Z10.200
G0 F3900 X100.035 Y100.084
G0 F300 Z10.000
;TYPE:WALL-OUTER
;WIDTH:0.400
G1 F300 Z10.000
G1 F1500 E3617.3912
G1 F2100 X149.965 Y100.084 E3619.4670
G1 X149.965 Y149.915 E3621.5387
G1 X100.035 Y149.915 E3623.6146
G1 X100.035 Y100.084 E3625.6863
G1 F2400 E3622.6863
G1 F300 Z10.200
G0 F3900 X101.648 Y101.694
G1 F300 Z10.000
G1 F1500 E3625.6863
G1 F2100 X101.648 Y148.305 E3627.6242
G1 X148.351 Y148.305 E3629.5659
G1 X148.351 Y101.694 E3631.5037
G1 X101.648 Y101.694 E3633.4454
G0 F3900 X100.435 Y100.484
;TYPE:WALL-INNER
;WIDTH:0.400
;FLOW:90.0
G1 F2400 X149.565 Y100.484 E3635.2837
G1 X149.565 Y149.515 E3637.1184
G1 X100.435 Y149.515 E3638.9567
G1 X100.435 Y100.484 E3640.7913
G0 F3900 X101.248 Y101.294
G1 F2400 X101.248 Y148.705 E3642.5653
G1 X148.751 Y148.705 E3644.3428
G1 X148.751 Y101.294 E3646.1168
G1 X101.248 Y101.294 E3647.8942
G0 F3900 X101.048 Y100.889
;TYPE:GAP-FILL
;WIDTH:0.482
;FLOW:95.0
G1 F3600 X100.876 Y100.925 E3647.9026
G1 X100.842 Y101.094 E3647.9108
;WIDTH:0.414
G1 X100.841 Y148.905 E3649.8653
;WIDTH:0.482
G1 X101.048 Y149.110 E3649.8791
;WIDTH:0.410
G1 X148.951 Y149.110 E3651.8184
;WIDTH:0.482
G1 X149.158 Y148.905 E3651.8323
;WIDTH:0.414
G1 X149.158 Y101.094 E3653.7867
;WIDTH:0.482
G1 X148.951 Y100.889 E3653.8006
;WIDTH:0.410
G1 X101.048 Y100.889 E3655.7399
;PRINTING_TIME: 2178
;REMAINING_TIME: 4106
;LAYER:40
;Z:10.250
;HEIGHT:0.250
;FLOW:100.0
;PRINTING: Flow_Calibration_Cube_0.4_mm.stl
;PRINTING_ID: 0
G1 F2400 E3652.7399
G1 F300 Z10.450
G0 F3900 X100.035 Y100.084
G0 F300 Z10.250
;TYPE:WALL-OUTER
;WIDTH:0.400
G1 F300 Z10.250
G1 F1500 E3655.7399
G1 F2100 X149.965 Y100.084 E3657.8158
G1 X149.965 Y149.915 E3659.8875
G1 X100.035 Y149.915 E3661.9633
G1 X100.035 Y100.084 E3664.0351
G1 F2400 E3661.0351
G1 F300 Z10.450
G0 F3900 X101.648 Y101.694
G1 F300 Z10.250
G1 F1500 E3664.0351
G1 F2100 X101.648 Y148.305 E3665.9729
G1 X148.351 Y148.305 E3667.9146
G1 X148.351 Y101.694 E3669.8525
G1 X101.648 Y101.694 E3671.7942
G0 F3900 X100.435 Y100.484
;TYPE:WALL-INNER
;WIDTH:0.400
;FLOW:90.0
G1 F2400 X149.565 Y100.484 E3673.6325
G1 X149.565 Y149.515 E3675.4671
G1 X100.435 Y149.515 E3677.3054
G1 X100.435 Y100.484 E3679.1401
G0 F3900 X101.248 Y101.294
G1 F2400 X101.248 Y148.705 E3680.9141
G1 X148.751 Y148.705 E3682.6915
G1 X148.751 Y101.294 E3684.4655
G1 X101.248 Y101.294 E3686.2430
G0 F3900 X101.048 Y100.889
;TYPE:GAP-FILL
;WIDTH:0.482
;FLOW:95.0
G1 F3600 X100.876 Y100.925 E3686.2513
G1 X100.842 Y101.094 E3686.2596
;WIDTH:0.414
G1 X100.841 Y148.905 E3688.2140
;WIDTH:0.482
G1 X101.048 Y149.110 E3688.2279
;WIDTH:0.410
G1 X148.951 Y149.110 E3690.1672
;WIDTH:0.482
G1 X149.158 Y148.905 E3690.1810
;WIDTH:0.414
G1 X149.158 Y101.094 E3692.1355
;WIDTH:0.482
G1 X148.951 Y100.889 E3692.1494
;WIDTH:0.410
G1 X101.048 Y100.889 E3694.0887
;PRINTING_TIME: 2203
;REMAINING_TIME: 4081
;LAYER:41
;Z:10.500
;HEIGHT:0.250
;FLOW:100.0
;PRINTING: Flow_Calibration_Cube_0.4_mm.stl
;PRINTING_ID: 0
G1 F2400 E3691.0887
G1 F300 Z10.700
G0 F3900 X100.035 Y100.084
G0 F300 Z10.500
;TYPE:WALL-OUTER
;WIDTH:0.400
G1 F300 Z10.500
G1 F1500 E3694.0887
G1 F2100 X149.965 Y100.084 E3696.1645
G1 X149.965 Y149.915 E3698.2362
G1 X100.035 Y149.915 E3700.3121
G1 X100.035 Y100.084 E3702.3838
G1 F2400 E3699.3838
G1 F300 Z10.700
G0 F3900 X101.648 Y101.694
G1 F300 Z10.500
G1 F1500 E3702.3838
G1 F2100 X101.648 Y148.305 E3704.3217
G1 X148.351 Y148.305 E3706.2634
G1 X148.351 Y101.694 E3708.2012
G1 X101.648 Y101.694 E3710.1429
G0 F3900 X100.435 Y100.484
;TYPE:WALL-INNER
;WIDTH:0.400
;FLOW:90.0
G1 F2400 X149.565 Y100.484 E3711.9812
G1 X149.565 Y149.515 E3713.8159
G1 X100.435 Y149.515 E3715.6542
G1 X100.435 Y100.484 E3717.4888
G0 F3900 X101.248 Y101.294
G1 F2400 X101.248 Y148.705 E3719.2628
G1 X148.751 Y148.705 E3721.0403
G1 X148.751 Y101.294 E3722.8143
G1 X101.248 Y101.294 E3724.5917
G0 F3900 X101.048 Y100.889
;TYPE:GAP-FILL
;WIDTH:0.482
;FLOW:95.0
G1 F3600 X100.876 Y100.925 E3724.6001
G1 X100.842 Y101.094 E3724.6083
;WIDTH:0.414
G1 X100.841 Y148.905 E3726.5628
;WIDTH:0.482
G1 X101.048 Y149.110 E3726.5766
;WIDTH:0.410
G1 X148.951 Y149.110 E3728.5159
;WIDTH:0.482
G1 X149.158 Y148.905 E3728.5298
;WIDTH:0.414
G1 X149.158 Y101.094 E3730.4842
;WIDTH:0.482
G1 X148.951 Y100.889 E3730.4981
;WIDTH:0.410
G1 X101.048 Y100.889 E3732.4374
;PRINTING_TIME: 2229
;REMAINING_TIME: 4055
;LAYER:42
;Z:10.750
;HEIGHT:0.250
;FLOW:100.0
;PRINTING: Flow_Calibration_Cube_0.4_mm.stl
;PRINTING_ID: 0
G1 F2400 E3729.4374
G1 F300 Z10.950
G0 F3900 X100.035 Y100.084
G0 F300 Z10.750
;TYPE:WALL-OUTER
;WIDTH:0.400
G1 F300 Z10.750
G1 F1500 E3732.4374
G1 F2100 X149.965 Y100.084 E3734.5132
G1 X149.965 Y149.915 E3736.5850
G1 X100.035 Y149.915 E3738.6608
G1 X100.035 Y100.084 E3740.7326
G1 F2400 E3737.7326
G1 F300 Z10.950
G0 F3900 X101.648 Y101.694
G1 F300 Z10.750
G1 F1500 E3740.7326
G1 F2100 X101.648 Y148.305 E3742.6704
G1 X148.351 Y148.305 E3744.6121
G1 X148.351 Y101.694 E3746.5500
G1 X101.648 Y101.694 E3748.4916
G0 F3900 X100.435 Y100.484
;TYPE:WALL-INNER
;WIDTH:0.400
;FLOW:90.0
G1 F2400 X149.565 Y100.484 E3750.3300
G1 X149.565 Y149.515 E3752.1646
G1 X100.435 Y149.515 E3754.0029
G1 X100.435 Y100.484 E3755.8376
G0 F3900 X101.248 Y101.294
G1 F2400 X101.248 Y148.705 E3757.6116
G1 X148.751 Y148.705 E3759.3890
G1 X148.751 Y101.294 E3761.1630
G1 X101.248 Y101.294 E3762.9405
G0 F3900 X101.048 Y100.889
;TYPE:GAP-FILL
;WIDTH:0.482
;FLOW:95.0
G1 F3600 X100.876 Y100.925 E3762.9488
G1 X100.842 Y101.094 E3762.9570
;WIDTH:0.414
G1 X100.841 Y148.905 E3764.9115
;WIDTH:0.482
G1 X101.048 Y149.110 E3764.9254
;WIDTH:0.410
G1 X148.951 Y149.110 E3766.8647
;WIDTH:0.482
G1 X149.158 Y148.905 E3766.8785
;WIDTH:0.414
G1 X149.158 Y101.094 E3768.8330
;WIDTH:0.482
G1 X148.951 Y100.889 E3768.8468
;WIDTH:0.410
G1 X101.048 Y100.889 E3770.7861
;PRINTING_TIME: 2255
;REMAINING_TIME: 4029
;LAYER:43
;Z:11.000
;HEIGHT:0.250
;FLOW:100.0
;PRINTING: Flow_Calibration_Cube_0.4_mm.stl
;PRINTING_ID: 0
G1 F2400 E3767.7861
G1 F300 Z11.200
G0 F3900 X100.035 Y100.084
G0 F300 Z11.000
;TYPE:WALL-OUTER
;WIDTH:0.400
G1 F300 Z11.000
G1 F1500 E3770.7861
G1 F2100 X149.965 Y100.084 E3772.8620
G1 X149.965 Y149.915 E3774.9337
G1 X100.035 Y149.915 E3777.0096
G1 X100.035 Y100.084 E3779.0813
G1 F2400 E3776.0813
G1 F300 Z11.200
G0 F3900 X101.648 Y101.694
G1 F300 Z11.000
G1 F1500 E3779.0813
G1 F2100 X101.648 Y148.305 E3781.0192
G1 X148.351 Y148.305 E3782.9608
G1 X148.351 Y101.694 E3784.8987
G1 X101.648 Y101.694 E3786.8404
G0 F3900 X100.435 Y100.484
;TYPE:WALL-INNER
;WIDTH:0.400
;FLOW:90.0
G1 F2400 X149.565 Y100.484 E3788.6787
G1 X149.565 Y149.515 E3790.5133
G1 X100.435 Y149.515 E3792.3517
G1 X100.435 Y100.484 E3794.1863
G0 F3900 X101.248 Y101.294
G1 F2400 X101.248 Y148.705 E3795.9603
G1 X148.751 Y148.705 E3797.7378
G1 X148.751 Y101.294 E3799.5118
G1 X101.248 Y101.294 E3801.2892
G0 F3900 X101.048 Y100.889
;TYPE:GAP-FILL
;WIDTH:0.482
;FLOW:95.0
G1 F3600 X100.876 Y100.925 E3801.2976
G1 X100.842 Y101.094 E3801.3058
;WIDTH:0.414
G1 X100.841 Y148.905 E3803.2602
;WIDTH:0.482
G1 X101.048 Y149.110 E3803.2741
;WIDTH:0.410
G1 X148.951 Y149.110 E3805.2134
;WIDTH:0.482
G1 X149.158 Y148.905 E3805.2273
;WIDTH:0.414
G1 X149.158 Y101.094 E3807.1817
;WIDTH:0.482
G1 X148.951 Y100.889 E3807.1956
;WIDTH:0.410
G1 X101.048 Y100.889 E3809.1349
;PRINTING_TIME: 2280
;REMAINING_TIME: 4004
;LAYER:44
;Z:11.250
;HEIGHT:0.250
;FLOW:100.0
;PRINTING: Flow_Calibration_Cube_0.4_mm.stl
;PRINTING_ID: 0
G1 F2400 E3806.1349
G1 F300 Z11.450
G0 F3900 X100.035 Y100.084
G0 F300 Z11.250
;TYPE:WALL-OUTER
;WIDTH:0.400
G1 F300 Z11.250
G1 F1500 E3809.1349
G1 F2100 X149.965 Y100.084 E3811.2107
G1 X149.965 Y149.915 E3813.2825
G1 X100.035 Y149.915 E3815.3583
G1 X100.035 Y100.084 E3817.4301
G1 F2400 E3814.4301
G1 F300 Z11.450
G0 F3900 X101.648 Y101.694
G1 F300 Z11.250
G1 F1500 E3817.4301
G1 F2100 X101.648 Y148.305 E3819.3679
G1 X148.351 Y148.305 E3821.3096
G1 X148.351 Y101.694 E3823.2475
G1 X101.648 Y101.694 E3825.1891
G0 F3900 X100.435 Y100.484
;TYPE:WALL-INNER
;WIDTH:0.400
;FLOW:90.0
G1 F2400 X149.565 Y100.484 E3827.0275
G1 X149.565 Y149.515 E3828.8621
G1 X100.435 Y149.515 E3830.7004
G1 X100.435 Y100.484 E3832.5350
G0 F3900 X101.248 Y101.294
G1 F2400 X101.248 Y148.705 E3834.3091
G1 X148.751 Y148.705 E3836.0865
G1 X148.751 Y101.294 E3837.8605
G1 X101.248 Y101.294 E3839.6380
G0 F3900 X101.048 Y100.889
;TYPE:GAP-FILL
;WIDTH:0.482
;FLOW:95.0
G1 F3600 X100.876 Y100.925 E3839.6463
G1 X100.842 Y101.094 E3839.6545
;WIDTH:0.414
G1 X100.841 Y148.905 E3841.6090
;WIDTH:0.482
G1 X101.048 Y149.110 E3841.6229
;WIDTH:0.410
G1 X148.951 Y149.110 E3843.5622
;WIDTH:0.482
G1 X149.158 Y148.905 E3843.5760
;WIDTH:0.414
G1 X149.158 Y101.094 E3845.5305
;WIDTH:0.482
G1 X148.951 Y100.889 E3845.5443
;WIDTH:0.410
G1 X101.048 Y100.889 E3847.4836
;PRINTING_TIME: 2306
;REMAINING_TIME: 3978
;LAYER:45
;Z:11.500
;HEIGHT:0.250
;FLOW:100.0
;PRINTING: Flow_Calibration_Cube_0.4_mm.stl
;PRINTING_ID: 0
G1 F2400 E3844.4836
G1 F300 Z11.700
G0 F3900 X100.035 Y100.084
G0 F300 Z11.500
;TYPE:WALL-OUTER
;WIDTH:0.400
G1 F300 Z11.500
G1 F1500 E3847.4836
G1 F2100 X149.965 Y100.084 E3849.5595
G1 X149.965 Y149.915 E3851.6312
G1 X100.035 Y149.915 E3853.7071
G1 X100.035 Y100.084 E3855.7788
G1 F2400 E3852.7788
G1 F300 Z11.700
G0 F3900 X101.648 Y101.694
G1 F300 Z11.500
G1 F1500 E3855.7788
G1 F2100 X101.648 Y148.305 E3857.7167
G1 X148.351 Y148.305 E3859.6583
G1 X148.351 Y101.694 E3861.5962
G1 X101.648 Y101.694 E3863.5379
G0 F3900 X100.435 Y100.484
;TYPE:WALL-INNER
;WIDTH:0.400
;FLOW:90.0
G1 F2400 X149.565 Y100.484 E3865.3762
G1 X149.565 Y149.515 E3867.2108
G1 X100.435 Y149.515 E3869.0492
G1 X100.435 Y100.484 E3870.8838
G0 F3900 X101.248 Y101.294
G1 F2400 X101.248 Y148.705 E3872.6578
G1 X148.751 Y148.705 E3874.4353
G1 X148.751 Y101.294 E3876.2093
G1 X101.248 Y101.294 E3877.9867
G0 F3900 X101.048 Y100.889
;TYPE:GAP-FILL
;WIDTH:0.482
;FLOW:95.0
G1 F3600 X100.876 Y100.925 E3877.9951
G1 X100.842 Y101.094 E3878.0033
;WIDTH:0.414
G1 X100.841 Y148.905 E3879.9577
;WIDTH:0.482
G1 X101.048 Y149.110 E3879.9716
;WIDTH:0.410
G1 X148.951 Y149.110 E3881.9109
;WIDTH:0.482
G1 X149.158 Y148.905 E3881.9248
;WIDTH:0.414
G1 X149.158 Y101.094 E3883.8792
;WIDTH:0.482
G1 X148.951 Y100.889 E3883.8931
;WIDTH:0.410
G1 X101.048 Y100.889 E3885.8324
;PRINTING_TIME: 2332
;REMAINING_TIME: 3952
;LAYER:46
;Z:11.750
;HEIGHT:0.250
;FLOW:100.0
;PRINTING: Flow_Calibration_Cube_0.4_mm.stl
;PRINTING_ID: 0
G1 F2400 E3882.8324
G1 F300 Z11.950
G0 F3900 X100.035 Y100.084
G0 F300 Z11.750
;TYPE:WALL-OUTER
;WIDTH:0.400
G1 F300 Z11.750
G1 F1500 E3885.8324
G1 F2100 X149.965 Y100.084 E3887.9082
G1 X149.965 Y149.915 E3889.9800
G1 X100.035 Y149.915 E3892.0558
G1 X100.035 Y100.084 E3894.1275
G1 F2400 E3891.1275
G1 F300 Z11.950
G0 F3900 X101.648 Y101.694
G1 F300 Z11.750
G1 F1500 E3894.1275
G1 F2100 X101.648 Y148.305 E3896.0654
G1 X148.351 Y148.305 E3898.0071
G1 X148.351 Y101.694 E3899.9449
G1 X101.648 Y101.694 E3901.8866
G0 F3900 X100.435 Y100.484
;TYPE:WALL-INNER
;WIDTH:0.400
;FLOW:90.0
G1 F2400 X149.565 Y100.484 E3903.7250
G1 X149.565 Y149.515 E3905.5596
G1 X100.435 Y149.515 E3907.3979
G1 X100.435 Y100.484 E3909.2325
G0 F3900 X101.248 Y101.294
G1 F2400 X101.248 Y148.705 E3911.0065
G1 X148.751 Y148.705 E3912.7840
G1 X148.751 Y101.294 E3914.5580
G1 X101.248 Y101.294 E3916.3355
G0 F3900 X101.048 Y100.889
;TYPE:GAP-FILL
;WIDTH:0.482
;FLOW:95.0
G1 F3600 X100.876 Y100.925 E3916.3438
G1 X100.842 Y101.094 E3916.3520
;WIDTH:0.414
G1 X100.841 Y148.905 E3918.3065
;WIDTH:0.482
G1 X101.048 Y149.110 E3918.3203
;WIDTH:0.410
G1 X148.951 Y149.110 E3920.2596
;WIDTH:0.482
G1 X149.158 Y148.905 E3920.2735
;WIDTH:0.414
G1 X149.158 Y101.094 E3922.2280
;WIDTH:0.482
G1 X148.951 Y100.889 E3922.2418
;WIDTH:0.410
G1 X101.048 Y100.889 E3924.1811
;PRINTING_TIME: 2357
;REMAINING_TIME: 3927
;LAYER:47
;Z:12.000
;HEIGHT:0.250
;FLOW:100.0
;PRINTING: Flow_Calibration_Cube_0.4_mm.stl
;PRINTING_ID: 0
G1 F2400 E3921.1811
G1 F300 Z12.200
G0 F3900 X100.035 Y100.084
G0 F300 Z12.000
;TYPE:WALL-OUTER
;WIDTH:0.400
G1 F300 Z12.000
G1 F1500 E3924.1811
G1 F2100 X149.965 Y100.084 E3926.2570
G1 X149.965 Y149.915 E3928.3287
G1 X100.035 Y149.915 E3930.4046
G1 X100.035 Y100.084 E3932.4763
G1 F2400 E3929.4763
G1 F300 Z12.200
G0 F3900 X101.648 Y101.694
G1 F300 Z12.000
G1 F1500 E3932.4763
G1 F2100 X101.648 Y148.305 E3934.4141
G1 X148.351 Y148.305 E3936.3558
G1 X148.351 Y101.694 E3938.2937
G1 X101.648 Y101.694 E3940.2354
G0 F3900 X100.435 Y100.484
;TYPE:WALL-INNER
;WIDTH:0.400
;FLOW:90.0
G1 F2400 X149.565 Y100.484 E3942.0737
G1 X149.565 Y149.515 E3943.9083
G1 X100.435 Y149.515 E3945.7467
G1 X100.435 Y100.484 E3947.5813
G0 F3900 X101.248 Y101.294
G1 F2400 X101.248 Y148.705 E3949.3553
G1 X148.751 Y148.705 E3951.1327
G1 X148.751 Y101.294 E3952.9068
G1 X101.248 Y101.294 E3954.6842
G0 F3900 X101.048 Y100.889
;TYPE:GAP-FILL
;WIDTH:0.482
;FLOW:95.0
G1 F3600 X100.876 Y100.925 E3954.6926
G1 X100.842 Y101.094 E3954.7008
;WIDTH:0.414
G1 X100.841 Y148.905 E3956.6552
;WIDTH:0.482
G1 X101.048 Y149.110 E3956.6691
;WIDTH:0.410
G1 X148.951 Y149.110 E3958.6084
;WIDTH:0.482
G1 X149.158 Y148.905 E3958.6223
;WIDTH:0.414
G1 X149.158 Y101.094 E3960.5767
;WIDTH:0.482
G1 X148.951 Y100.889 E3960.5906
;WIDTH:0.410
G1 X101.048 Y100.889 E3962.5299
;PRINTING_TIME: 2383
;REMAINING_TIME: 3901
;LAYER:48
;Z:12.250
;HEIGHT:0.250
;FLOW:100.0
;PRINTING: Flow_Calibration_Cube_0.4_mm.stl
;PRINTING_ID: 0
G1 F2400 E3959.5299
G1 F300 Z12.450
G0 F3900 X100.035 Y100.084
G0 F300 Z12.250
;TYPE:WALL-OUTER
;WIDTH:0.400
G1 F300 Z12.250
G1 F1500 E3962.5299
G1 F2100 X149.965 Y100.084 E3964.6057
G1 X149.965 Y149.915 E3966.6775
G1 X100.035 Y149.915 E3968.7533
G1 X100.035 Y100.084 E3970.8250
G1 F2400 E3967.8250
G1 F300 Z12.450
G0 F3900 X101.648 Y101.694
G1 F300 Z12.250
G1 F1500 E3970.8250
G1 F2100 X101.648 Y148.305 E3972.7629
G1 X148.351 Y148.305 E3974.7046
G1 X148.351 Y101.694 E3976.6424
G1 X101.648 Y101.694 E3978.5841
G0 F3900 X100.435 Y100.484
;TYPE:WALL-INNER
;WIDTH:0.400
;FLOW:90.0
G1 F2400 X149.565 Y100.484 E3980.4225
G1 X149.565 Y149.515 E3982.2571
G1 X100.435 Y149.515 E3984.0954
G1 X100.435 Y100.484 E3985.9300
G0 F3900 X101.248 Y101.294
G1 F2400 X101.248 Y148.705 E3987.7040
G1 X148.751 Y148.705 E3989.4815
G1 X148.751 Y101.294 E3991.2555
G1 X101.248 Y101.294 E3993.0330
G0 F3900 X101.048 Y100.889
;TYPE:GAP-FILL
;WIDTH:0.482
;FLOW:95.0
G1 F3600 X100.876 Y100.925 E3993.0413
G1 X100.842 Y101.094 E3993.0495
;WIDTH:0.414
G1 X100.841 Y148.905 E3995.0040
;WIDTH:0.482
G1 X101.048 Y149.110 E3995.0178
;WIDTH:0.410
G1 X148.951 Y149.110 E3996.9571
;WIDTH:0.482
G1 X149.158 Y148.905 E3996.9710
;WIDTH:0.414
G1 X149.158 Y101.094 E3998.9255
;WIDTH:0.482
G1 X148.951 Y100.889 E3998.9393
;WIDTH:0.410
G1 X101.048 Y100.889 E4000.8786
;PRINTING_TIME: 2409
;REMAINING_TIME: 3875
;LAYER:49
;Z:12.500
;HEIGHT:0.250
;FLOW:100.0
;PRINTING: Flow_Calibration_Cube_0.4_mm.stl
;PRINTING_ID: 0
G1 F2400 E3997.8786
G1 F300 Z12.700
G0 F3900 X100.035 Y100.084
G0 F300 Z12.500
;TYPE:WALL-OUTER
;WIDTH:0.400
G1 F300 Z12.500
G1 F1500 E4000.8786
G1 F2100 X149.965 Y100.084 E4002.9545
G1 X149.965 Y149.915 E4005.0262
G1 X100.035 Y149.915 E4007.1020
G1 X100.035 Y100.084 E4009.1738
G1 F2400 E4006.1738
G1 F300 Z12.700
G0 F3900 X101.648 Y101.694
G1 F300 Z12.500
G1 F1500 E4009.1738
G1 F2100 X101.648 Y148.305 E4011.1116
G1 X148.351 Y148.305 E4013.0533
G1 X148.351 Y101.694 E4014.9912
G1 X101.648 Y101.694 E4016.9329
G0 F3900 X100.435 Y100.484
;TYPE:WALL-INNER
;WIDTH:0.400
;FLOW:90.0
G1 F2400 X149.565 Y100.484 E4018.7712
G1 X149.565 Y149.515 E4020.6058
G1 X100.435 Y149.515 E4022.4442
G1 X100.435 Y100.484 E4024.2788
G0 F3900 X101.248 Y101.294
G1 F2400 X101.248 Y148.705 E4026.0528
G1 X148.751 Y148.705 E4027.8302
G1 X148.751 Y101.294 E4029.6042
G1 X101.248 Y101.294 E4031.3817
G0 F3900 X101.048 Y100.889
;TYPE:GAP-FILL
;WIDTH:0.482
;FLOW:95.0
G1 F3600 X100.876 Y100.925 E4031.3901
G1 X100.842 Y101.094 E4031.3983
;WIDTH:0.414
G1 X100.841 Y148.905 E4033.3527
;WIDTH:0.482
G1 X101.048 Y149.110 E4033.3666
;WIDTH:0.410
G1 X148.951 Y149.110 E4035.3059
;WIDTH:0.482
G1 X149.158 Y148.905 E4035.3197
;WIDTH:0.414
G1 X149.158 Y101.094 E4037.2742
;WIDTH:0.482
G1 X148.951 Y100.889 E4037.2881
;WIDTH:0.410
G1 X101.048 Y100.889 E4039.2274
;PRINTING_TIME: 2434
;REMAINING_TIME: 3850
;LAYER:50
;Z:12.750
;HEIGHT:0.250
;FLOW:100.0
;PRINTING: Flow_Calibration_Cube_0.4_mm.stl
;PRINTING_ID: 0
G1 F2400 E4036.2274
G1 F300 Z12.950
G0 F3900 X100.035 Y100.084
G0 F300 Z12.750
;TYPE:WALL-OUTER
;WIDTH:0.400
G1 F300 Z12.750
G1 F1500 E4039.2274
G1 F2100 X149.965 Y100.084 E4041.3032
G1 X149.965 Y149.915 E4043.3749
G1 X100.035 Y149.915 E4045.4508
G1 X100.035 Y100.084 E4047.5225
G1 F2400 E4044.5225
G1 F300 Z12.950
G0 F3900 X101.648 Y101.694
G1 F300 Z12.750
G1 F1500 E4047.5225
G1 F2100 X101.648 Y148.305 E4049.4604
G1 X148.351 Y148.305 E4051.4021
G1 X148.351 Y101.694 E4053.3399
G1 X101.648 Y101.694 E4055.2816
G0 F3900 X100.435 Y100.484
;TYPE:WALL-INNER
;WIDTH:0.400
;FLOW:90.0
G1 F2400 X149.565 Y100.484 E4057.1199
G1 X149.565 Y149.515 E4058.9546
G1 X100.435 Y149.515 E4060.7929
G1 X100.435 Y100.484 E4062.6275
G0 F3900 X101.248 Y101.294
G1 F2400 X101.248 Y148.705 E4064.4015
G1 X148.751 Y148.705 E4066.1790
G1 X148.751 Y101.294 E4067.9530
G1 X101.248 Y101.294 E4069.7304
G0 F3900 X101.048 Y100.889
;TYPE:GAP-FILL
;WIDTH:0.482
;FLOW:95.0
G1 F3600 X100.876 Y100.925 E4069.7388
G1 X100.842 Y101.094 E4069.7470
;WIDTH:0.414
G1 X100.841 Y148.905 E4071.7015
;WIDTH:0.482
G1 X101.048 Y149.110 E4071.7153
;WIDTH:0.410
G1 X148.951 Y149.110 E4073.6546
;WIDTH:0.482
G1 X149.158 Y148.905 E4073.6685
;WIDTH:0.414
G1 X149.158 Y101.094 E4075.6229
;WIDTH:0.482
G1 X148.951 Y100.889 E4075.6368
;WIDTH:0.410
G1 X101.048 Y100.889 E4077.5761
;PRINTING_TIME: 2460
;REMAINING_TIME: 3824
;LAYER:51
;Z:13.000
;HEIGHT:0.250
;FLOW:100.0
;PRINTING: Flow_Calibration_Cube_0.4_mm.stl
;PRINTING_ID: 0
G1 F2400 E4074.5761
G1 F300 Z13.200
G0 F3900 X100.035 Y100.084
G0 F300 Z13.000
;TYPE:WALL-OUTER
;WIDTH:0.400
G1 F300 Z13.000
G1 F1500 E4077.5761
G1 F2100 X149.965 Y100.084 E4079.6520
G1 X149.965 Y149.915 E4081.7237
G1 X100.035 Y149.915 E4083.7995
G1 X100.035 Y100.084 E4085.8713
G1 F2400 E4082.8713
G1 F300 Z13.200
G0 F3900 X101.648 Y101.694
G1 F300 Z13.000
G1 F1500 E4085.8713
G1 F2100 X101.648 Y148.305 E4087.8091
G1 X148.351 Y148.305 E4089.7508
G1 X148.351 Y101.694 E4091.6887
G1 X101.648 Y101.694 E4093.6304
G0 F3900 X100.435 Y100.484
;TYPE:WALL-INNER
;WIDTH:0.400
;FLOW:90.0
G1 F2400 X149.565 Y100.484 E4095.4687
G1 X149.565 Y149.515 E4097.3033
G1 X100.435 Y149.515 E4099.1416
G1 X100.435 Y100.484 E4100.9763
G0 F3900 X101.248 Y101.294
G1 F2400 X101.248 Y148.705 E4102.7503
G1 X148.751 Y148.705 E4104.5277
G1 X148.751 Y101.294 E4106.3017
G1 X101.248 Y101.294 E4108.0792
G0 F3900 X101.048 Y100.889
;TYPE:GAP-FILL
;WIDTH:0.482
;FLOW:95.0
G1 F3600 X100.876 Y100.925 E4108.0876
G1 X100.842 Y101.094 E4108.0958
;WIDTH:0.414
G1 X100.841 Y148.905 E4110.0502
;WIDTH:0.482
G1 X101.048 Y149.110 E4110.0641
;WIDTH:0.410
G1 X148.951 Y149.110 E4112.0034
;WIDTH:0.482
G1 X149.158 Y148.905 E4112.0172
;WIDTH:0.414
G1 X149.158 Y101.094 E4113.9717
;WIDTH:0.482
G1 X148.951 Y100.889 E4113.9856
;WIDTH:0.410
G1 X101.048 Y100.889 E4115.9249
;PRINTING_TIME: 2486
;REMAINING_TIME: 3798
;LAYER:52
;Z:13.250
;HEIGHT:0.250
;FLOW:100.0
;PRINTING: Flow_Calibration_Cube_0.4_mm.stl
;PRINTING_ID: 0
G1 F2400 E4112.9249
G1 F300 Z13.450
G0 F3900 X100.035 Y100.084
G0 F300 Z13.250
;TYPE:WALL-OUTER
;WIDTH:0.400
G1 F300 Z13.250
G1 F1500 E4115.9249
G1 F2100 X149.965 Y100.084 E4118.0007
G1 X149.965 Y149.915 E4120.0724
G1 X100.035 Y149.915 E4122.1483
G1 X100.035 Y100.084 E4124.2200
G1 F2400 E4121.2200
G1 F300 Z13.450
G0 F3900 X101.648 Y101.694
G1 F300 Z13.250
G1 F1500 E4124.2200
G1 F2100 X101.648 Y148.305 E4126.1579
G1 X148.351 Y148.305 E4128.0996
G1 X148.351 Y101.694 E4130.0374
G1 X101.648 Y101.694 E4131.9791
G0 F3900 X100.435 Y100.484
;TYPE:WALL-INNER
;WIDTH:0.400
;FLOW:90.0
G1 F2400 X149.565 Y100.484 E4133.8174
G1 X149.565 Y149.515 E4135.6521
G1 X100.435 Y149.515 E4137.4904
G1 X100.435 Y100.484 E4139.3250
G0 F3900 X101.248 Y101.294
G1 F2400 X101.248 Y148.705 E4141.0990
G1 X148.751 Y148.705 E4142.8765
G1 X148.751 Y101.294 E4144.6505
G1 X101.248 Y101.294 E4146.4279
G0 F3900 X101.048 Y100.889
;TYPE:GAP-FILL
;WIDTH:0.482
;FLOW:95.0
G1 F3600 X100.876 Y100.925 E4146.4363
G1 X100.842 Y101.094 E4146.4445
;WIDTH:0.414
G1 X100.841 Y148.905 E4148.3990
;WIDTH:0.482
G1 X101.048 Y149.110 E4148.4128
;WIDTH:0.410
G1 X148.951 Y149.110 E4150.3521
;WIDTH:0.482
G1 X149.158 Y148.905 E4150.3660
;WIDTH:0.414
G1 X149.158 Y101.094 E4152.3204
;WIDTH:0.482
G1 X148.951 Y100.889 E4152.3343
;WIDTH:0.410
G1 X101.048 Y100.889 E4154.2736
;PRINTING_TIME: 2511
;REMAINING_TIME: 3773
;LAYER:53
;Z:13.500
;HEIGHT:0.250
;FLOW:100.0
;PRINTING: Flow_Calibration_Cube_0.4_mm.stl
;PRINTING_ID: 0
G1 F2400 E4151.2736
G1 F300 Z13.700
G0 F3900 X100.035 Y100.084
G0 F300 Z13.500
;TYPE:WALL-OUTER
;WIDTH:0.400
G1 F300 Z13.500
G1 F1500 E4154.2736
G1 F2100 X149.965 Y100.084 E4156.3494
G1 X149.965 Y149.915 E4158.4212
G1 X100.035 Y149.915 E4160.4970
G1 X100.035 Y100.084 E4162.5688
G1 F2400 E4159.5688
G1 F300 Z13.700
G0 F3900 X101.648 Y101.694
G1 F300 Z13.500
G1 F1500 E4162.5688
G1 F2100 X101.648 Y148.305 E4164.5066
G1 X148.351 Y148.305 E4166.4483
G1 X148.351 Y101.694 E4168.3862
G1 X101.648 Y101.694 E4170.3279
G0 F3900 X100.435 Y100.484
;TYPE:WALL-INNER
;WIDTH:0.400
;FLOW:90.0
G1 F2400 X149.565 Y100.484 E4172.1662
G1 X149.565 Y149.515 E4174.0008
G1 X100.435 Y149.515 E4175.8391
G1 X100.435 Y100.484 E4177.6738
G0 F3900 X101.248 Y101.294
G1 F2400 X101.248 Y148.705 E4179.4478
G1 X148.751 Y148.705 E4181.2252
G1 X148.751 Y101.294 E4182.9992
G1 X101.248 Y101.294 E4184.7767
G0 F3900 X101.048 Y100.889
;TYPE:GAP-FILL
;WIDTH:0.482
;FLOW:95.0
G1 F3600 X100.876 Y100.925 E4184.7850
G1 X100.842 Y101.094 E4184.7932
;WIDTH:0.414
G1 X100.841 Y148.905 E4186.7477
;WIDTH:0.482
G1 X101.048 Y149.110 E4186.7616
;WIDTH:0.410
G1 X148.951 Y149.110 E4188.7009
;WIDTH:0.482
G1 X149.158 Y148.905 E4188.7147
;WIDTH:0.414
G1 X149.158 Y101.094 E4190.6692
;WIDTH:0.482
G1 X148.951 Y100.889 E4190.6831
;WIDTH:0.410
G1 X101.048 Y100.889 E4192.6223
;PRINTING_TIME: 2537
;REMAINING_TIME: 3747
;LAYER:54
;Z:13.750
;HEIGHT:0.250
;FLOW:100.0
;PRINTING: Flow_Calibration_Cube_0.4_mm.stl
;PRINTING_ID: 0
G1 F2400 E4189.6223
G1 F300 Z13.950
G0 F3900 X100.035 Y100.084
G0 F300 Z13.750
;TYPE:WALL-OUTER
;WIDTH:0.400
G1 F300 Z13.750
G1 F1500 E4192.6223
G1 F2100 X149.965 Y100.084 E4194.6982
G1 X149.965 Y149.915 E4196.7699
G1 X100.035 Y149.915 E4198.8458
G1 X100.035 Y100.084 E4200.9175
G1 F2400 E4197.9175
G1 F300 Z13.950
G0 F3900 X101.648 Y101.694
G1 F300 Z13.750
G1 F1500 E4200.9175
G1 F2100 X101.648 Y148.305 E4202.8554
G1 X148.351 Y148.305 E4204.7971
G1 X148.351 Y101.694 E4206.7349
G1 X101.648 Y101.694 E4208.6766
G0 F3900 X100.435 Y100.484
;TYPE:WALL-INNER
;WIDTH:0.400
;FLOW:90.0
G1 F2400 X149.565 Y100.484 E4210.5149
G1 X149.565 Y149.515 E4212.3496
G1 X100.435 Y149.515 E4214.1879
G1 X100.435 Y100.484 E4216.0225
G0 F3900 X101.248 Y101.294
G1 F2400 X101.248 Y148.705 E4217.7965
G1 X148.751 Y148.705 E4219.5740
G1 X148.751 Y101.294 E4221.3480
G1 X101.248 Y101.294 E4223.1254
G0 F3900 X101.048 Y100.889
;TYPE:GAP-FILL
;WIDTH:0.482
;FLOW:95.0
G1 F3600 X100.876 Y100.925 E4223.1338
G1 X100.842 Y101.094 E4223.1420
;WIDTH:0.414
G1 X100.841 Y148.905 E4225.0964
;WIDTH:0.482
G1 X101.048 Y149.110 E4225.1103
;WIDTH:0.410
G1 X148.951 Y149.110 E4227.0496
;WIDTH:0.482
G1 X149.158 Y148.905 E4227.0635
;WIDTH:0.414
G1 X149.158 Y101.094 E4229.0179
;WIDTH:0.482
G1 X148.951 Y100.889 E4229.0318
;WIDTH:0.410
G1 X101.048 Y100.889 E4230.9711
;PRINTING_TIME: 2563
;REMAINING_TIME: 3721
;LAYER:55
;Z:14.000
;HEIGHT:0.250
;FLOW:100.0
;PRINTING: Flow_Calibration_Cube_0.4_mm.stl
;PRINTING_ID: 0
G1 F2400 E4227.9711
G1 F300 Z14.200
G0 F3900 X100.035 Y100.084
G0 F300 Z14.000
;TYPE:WALL-OUTER
;WIDTH:0.400
G1 F300 Z14.000
G1 F1500 E4230.9711
G1 F2100 X149.965 Y100.084 E4233.0469
G1 X149.965 Y149.915 E4235.1187
G1 X100.035 Y149.915 E4237.1945
G1 X100.035 Y100.084 E4239.2663
G1 F2400 E4236.2663
G1 F300 Z14.200
G0 F3900 X101.648 Y101.694
G1 F300 Z14.000
G1 F1500 E4239.2663
G1 F2100 X101.648 Y148.305 E4241.2041
G1 X148.351 Y148.305 E4243.1458
G1 X148.351 Y101.694 E4245.0837
G1 X101.648 Y101.694 E4247.0253
G0 F3900 X100.435 Y100.484
;TYPE:WALL-INNER
;WIDTH:0.400
;FLOW:90.0
G1 F2400 X149.565 Y100.484 E4248.8637
G1 X149.565 Y149.515 E4250.6983
G1 X100.435 Y149.515 E4252.5366
G1 X100.435 Y100.484 E4254.3713
G0 F3900 X101.248 Y101.294
G1 F2400 X101.248 Y148.705 E4256.1453
G1 X148.751 Y148.705 E4257.9227
G1 X148.751 Y101.294 E4259.6967
G1 X101.248 Y101.294 E4261.4742
G0 F3900 X101.048 Y100.889
;TYPE:GAP-FILL
;WIDTH:0.482
;FLOW:95.0
G1 F3600 X100.876 Y100.925 E4261.4825
G1 X100.842 Y101.094 E4261.4907
;WIDTH:0.414
G1 X100.841 Y148.905 E4263.4452
;WIDTH:0.482
G1 X101.048 Y149.110 E4263.4591
;WIDTH:0.410
G1 X148.951 Y149.110 E4265.3984
;WIDTH:0.482
G1 X149.158 Y148.905 E4265.4122
;WIDTH:0.414
G1 X149.158 Y101.094 E4267.3667
;WIDTH:0.482
G1 X148.951 Y100.889 E4267.3805
;WIDTH:0.410
G1 X101.048 Y100.889 E4269.3198
;PRINTING_TIME: 2588
;REMAINING_TIME: 3696
;LAYER:56
;Z:14.250
;HEIGHT:0.250
;FLOW:100.0
;PRINTING: Flow_Calibration_Cube_0.4_mm.stl
;PRINTING_ID: 0
G1 F2400 E4266.3198
G1 F300 Z14.450
G0 F3900 X100.035 Y100.084
G0 F300 Z14.250
;TYPE:WALL-OUTER
;WIDTH:0.400
G1 F300 Z14.250
G1 F1500 E4269.3198
G1 F2100 X149.965 Y100.084 E4271.3957
G1 X149.965 Y149.915 E4273.4674
G1 X100.035 Y149.915 E4275.5433
G1 X100.035 Y100.084 E4277.6150
G1 F2400 E4274.6150
G1 F300 Z14.450
G0 F3900 X101.648 Y101.694
G1 F300 Z14.250
G1 F1500 E4277.6150
G1 F2100 X101.648 Y148.305 E4279.5529
G1 X148.351 Y148.305 E4281.4945
G1 X148.351 Y101.694 E4283.4324
G1 X101.648 Y101.694 E4285.3741
G0 F3900 X100.435 Y100.484
;TYPE:WALL-INNER
;WIDTH:0.400
;FLOW:90.0
G1 F2400 X149.565 Y100.484 E4287.2124
G1 X149.565 Y149.515 E4289.0470
G1 X100.435 Y149.515 E4290.8854
G1 X100.435 Y100.484 E4292.7200
G0 F3900 X101.248 Y101.294
G1 F2400 X101.248 Y148.705 E4294.4940
G1 X148.751 Y148.705 E4296.2715
G1 X148.751 Y101.294 E4298.0455
G1 X101.248 Y101.294 E4299.8229
G0 F3900 X101.048 Y100.889
;TYPE:GAP-FILL
;WIDTH:0.482
;FLOW:95.0
G1 F3600 X100.876 Y100.925 E4299.8313
G1 X100.842 Y101.094 E4299.8395
;WIDTH:0.414
G1 X100.841 Y148.905 E4301.7939
;WIDTH:0.482
G1 X101.048 Y149.110 E4301.8078
;WIDTH:0.410
G1 X148.951 Y149.110 E4303.7471
;WIDTH:0.482
G1 X149.158 Y148.905 E4303.7610
;WIDTH:0.414
G1 X149.158 Y101.094 E4305.7154
;WIDTH:0.482
G1 X148.951 Y100.889 E4305.7293
;WIDTH:0.410
G1 X101.048 Y100.889 E4307.6686
;PRINTING_TIME: 2614
;REMAINING_TIME: 3670
;LAYER:57
;Z:14.500
;HEIGHT:0.250
;FLOW:100.0
;PRINTING: Flow_Calibration_Cube_0.4_mm.stl
;PRINTING_ID: 0
G1 F2400 E4304.6686
G1 F300 Z14.700
G0 F3900 X100.035 Y100.084
G0 F300 Z14.500
;TYPE:WALL-OUTER
;WIDTH:0.400
G1 F300 Z14.500
G1 F1500 E4307.6686
G1 F2100 X149.965 Y100.084 E4309.7444
G1 X149.965 Y149.915 E4311.8162
G1 X100.035 Y149.915 E4313.8920
G1 X100.035 Y100.084 E4315.9637
G1 F2400 E4312.9637
G1 F300 Z14.700
G0 F3900 X101.648 Y101.694
G1 F300 Z14.500
G1 F1500 E4315.9637
G1 F2100 X101.648 Y148.305 E4317.9016
G1 X148.351 Y148.305 E4319.8433
G1 X148.351 Y101.694 E4321.7812
G1 X101.648 Y101.694 E4323.7228
G0 F3900 X100.435 Y100.484
;TYPE:WALL-INNER
;WIDTH:0.400
;FLOW:90.0
G1 F2400 X149.565 Y100.484 E4325.5612
G1 X149.565 Y149.515 E4327.3958
G1 X100.435 Y149.515 E4329.2341
G1 X100.435 Y100.484 E4331.0687
G0 F3900 X101.248 Y101.294
G1 F2400 X101.248 Y148.705 E4332.8428
G1 X148.751 Y148.705 E4334.6202
G1 X148.751 Y101.294 E4336.3942
G1 X101.248 Y101.294 E4338.1717
G0 F3900 X101.048 Y100.889
;TYPE:GAP-FILL
;WIDTH:0.482
;FLOW:95.0
G1 F3600 X100.876 Y100.925 E4338.1800
G1 X100.842 Y101.094 E4338.1882
;WIDTH:0.414
G1 X100.841 Y148.905 E4340.1427
;WIDTH:0.482
G1 X101.048 Y149.110 E4340.1566
;WIDTH:0.410
G1 X148.951 Y149.110 E4342.0958
;WIDTH:0.482
G1 X149.158 Y148.905 E4342.1097
;WIDTH:0.414
G1 X149.158 Y101.094 E4344.0642
;WIDTH:0.482
G1 X148.951 Y100.889 E4344.0780
;WIDTH:0.410
G1 X101.048 Y100.889 E4346.0173
;PRINTING_TIME: 2640
;REMAINING_TIME: 3644
;LAYER:58
;Z:14.750
;HEIGHT:0.250
;FLOW:100.0
;PRINTING: Flow_Calibration_Cube_0.4_mm.stl
;PRINTING_ID: 0
G1 F2400 E4343.0173
G1 F300 Z14.950
G0 F3900 X100.035 Y100.084
G0 F300 Z14.750
;TYPE:WALL-OUTER
;WIDTH:0.400
G1 F300 Z14.750
G1 F1500 E4346.0173
G1 F2100 X149.965 Y100.084 E4348.0932
G1 X149.965 Y149.915 E4350.1649
G1 X100.035 Y149.915 E4352.2408
G1 X100.035 Y100.084 E4354.3125
G1 F2400 E4351.3125
G1 F300 Z14.950
G0 F3900 X101.648 Y101.694
G1 F300 Z14.750
G1 F1500 E4354.3125
G1 F2100 X101.648 Y148.305 E4356.2504
G1 X148.351 Y148.305 E4358.1920
G1 X148.351 Y101.694 E4360.1299
G1 X101.648 Y101.694 E4362.0716
G0 F3900 X100.435 Y100.484
;TYPE:WALL-INNER
;WIDTH:0.400
;FLOW:90.0
G1 F2400 X149.565 Y100.484 E4363.9099
G1 X149.565 Y149.515 E4365.7445
G1 X100.435 Y149.515 E4367.5829
G1 X100.435 Y100.484 E4369.4175
G0 F3900 X101.248 Y101.294
G1 F2400 X101.248 Y148.705 E4371.1915
G1 X148.751 Y148.705 E4372.9689
G1 X148.751 Y101.294 E4374.7430
G1 X101.248 Y101.294 E4376.5204
G0 F3900 X101.048 Y100.889
;TYPE:GAP-FILL
;WIDTH:0.482
;FLOW:95.0
G1 F3600 X100.876 Y100.925 E4376.5288
G1 X100.842 Y101.094 E4376.5370
;WIDTH:0.414
G1 X100.841 Y148.905 E4378.4914
;WIDTH:0.482
G1 X101.048 Y149.110 E4378.5053
;WIDTH:0.410
G1 X148.951 Y149.110 E4380.4446
;WIDTH:0.482
G1 X149.158 Y148.905 E4380.4585
;WIDTH:0.414
G1 X149.158 Y101.094 E4382.4129
;WIDTH:0.482
G1 X148.951 Y100.889 E4382.4268
;WIDTH:0.410
G1 X101.048 Y100.889 E4384.3661
;PRINTING_TIME: 2665
;REMAINING_TIME: 3619
;LAYER:59
;Z:15.000
;HEIGHT:0.250
;FLOW:100.0
;PRINTING: Flow_Calibration_Cube_0.4_mm.stl
;PRINTING_ID: 0
G1 F2400 E4381.3661
G1 F300 Z15.200
G0 F3900 X100.035 Y100.084
G0 F300 Z15.000
;TYPE:WALL-OUTER
;WIDTH:0.400
G1 F300 Z15.000
G1 F1500 E4384.3661
G1 F2100 X149.965 Y100.084 E4386.4419
G1 X149.965 Y149.915 E4388.5137
G1 X100.035 Y149.915 E4390.5895
G1 X100.035 Y100.084 E4392.6612
G1 F2400 E4389.6612
G1 F300 Z15.200
G0 F3900 X101.648 Y101.694
G1 F300 Z15.000
G1 F1500 E4392.6612
G1 F2100 X101.648 Y148.305 E4394.5991
G1 X148.351 Y148.305 E4396.5408
G1 X148.351 Y101.694 E4398.4786
G1 X101.648 Y101.694 E4400.4203
G0 F3900 X100.435 Y100.484
;TYPE:WALL-INNER
;WIDTH:0.400
;FLOW:90.0
G1 F2400 X149.565 Y100.484 E4402.2587
G1 X149.565 Y149.515 E4404.0933
G1 X100.435 Y149.515 E4405.9316
G1 X100.435 Y100.484 E4407.7662
G0 F3900 X101.248 Y101.294
G1 F2400 X101.248 Y148.705 E4409.5402
G1 X148.751 Y148.705 E4411.3177
G1 X148.751 Y101.294 E4413.0917
G1 X101.248 Y101.294 E4414.8692
G0 F3900 X101.048 Y100.889
;TYPE:GAP-FILL
;WIDTH:0.482
;FLOW:95.0
G1 F3600 X100.876 Y100.925 E4414.8775
G1 X100.842 Y101.094 E4414.8857
;WIDTH:0.414
G1 X100.841 Y148.905 E4416.8402
;WIDTH:0.482
G1 X101.048 Y149.110 E4416.8540
;WIDTH:0.410
G1 X148.951 Y149.110 E4418.7933
;WIDTH:0.482
G1 X149.158 Y148.905 E4418.8072
;WIDTH:0.414
G1 X149.158 Y101.094 E4420.7617
;WIDTH:0.482
G1 X148.951 Y100.889 E4420.7755
;WIDTH:0.410
G1 X101.048 Y100.889 E4422.7148
;PRINTING_TIME: 2691
;REMAINING_TIME: 3593
;LAYER:60
;Z:15.250
;HEIGHT:0.250
;FLOW:100.0
;PRINTING: Flow_Calibration_Cube_0.4_mm.stl
;PRINTING_ID: 0
G1 F2400 E4419.7148
G1 F300 Z15.450
G0 F3900 X100.035 Y100.084
G0 F300 Z15.250
;TYPE:WALL-OUTER
;WIDTH:0.400
G1 F300 Z15.250
G1 F1500 E4422.7148
G1 F2100 X149.965 Y100.084 E4424.7907
G1 X149.965 Y149.915 E4426.8624
G1 X100.035 Y149.915 E4428.9383
G1 X100.035 Y100.084 E4431.0100
G1 F2400 E4428.0100
G1 F300 Z15.450
G0 F3900 X101.648 Y101.694
G1 F300 Z15.250
G1 F1500 E4431.0100
G1 F2100 X101.648 Y148.305 E4432.9478
G1 X148.351 Y148.305 E4434.8895
G1 X148.351 Y101.694 E4436.8274
G1 X101.648 Y101.694 E4438.7691
G0 F3900 X100.435 Y100.484
;TYPE:WALL-INNER
;WIDTH:0.400
;FLOW:90.0
G1 F2400 X149.565 Y100.484 E4440.6074
G1 X149.565 Y149.515 E4442.4420
G1 X100.435 Y149.515 E4444.2804
G1 X100.435 Y100.484 E4446.1150
G0 F3900 X101.248 Y101.294
G1 F2400 X101.248 Y148.705 E4447.8890
G1 X148.751 Y148.705 E4449.6664
G1 X148.751 Y101.294 E4451.4404
G1 X101.248 Y101.294 E4453.2179
G0 F3900 X101.048 Y100.889
;TYPE:GAP-FILL
;WIDTH:0.482
;FLOW:95.0
G1 F3600 X100.876 Y100.925 E4453.2263
G1 X100.842 Y101.094 E4453.2345
;WIDTH:0.414
G1 X100.841 Y148.905 E4455.1889
;WIDTH:0.482
G1 X101.048 Y149.110 E4455.2028
;WIDTH:0.410
G1 X148.951 Y149.110 E4457.1421
;WIDTH:0.482
G1 X149.158 Y148.905 E4457.1560
;WIDTH:0.414
G1 X149.158 Y101.094 E4459.1104
;WIDTH:0.482
G1 X148.951 Y100.889 E4459.1243
;WIDTH:0.410
G1 X101.048 Y100.889 E4461.0636
;PRINTING_TIME: 2717
;REMAINING_TIME: 3567
;LAYER:61
;Z:15.500
;HEIGHT:0.250
;FLOW:100.0
;PRINTING: Flow_Calibration_Cube_0.4_mm.stl
;PRINTING_ID: 0
G1 F2400 E4458.0636
G1 F300 Z15.700
G0 F3900 X100.035 Y100.084
G0 F300 Z15.500
;TYPE:WALL-OUTER
;WIDTH:0.400
G1 F300 Z15.500
G1 F1500 E4461.0636
G1 F2100 X149.965 Y100.084 E4463.1394
G1 X149.965 Y149.915 E4465.2111
G1 X100.035 Y149.915 E4467.2870
G1 X100.035 Y100.084 E4469.3587
G1 F2400 E4466.3587
G1 F300 Z15.700
G0 F3900 X101.648 Y101.694
G1 F300 Z15.500
G1 F1500 E4469.3587
G1 F2100 X101.648 Y148.305 E4471.2966
G1 X148.351 Y148.305 E4473.2383
G1 X148.351 Y101.694 E4475.1761
G1 X101.648 Y101.694 E4477.1178
G0 F3900 X100.435 Y100.484
;TYPE:WALL-INNER
;WIDTH:0.400
;FLOW:90.0
G1 F2400 X149.565 Y100.484 E4478.9561
G1 X149.565 Y149.515 E4480.7908
G1 X100.435 Y149.515 E4482.6291
G1 X100.435 Y100.484 E4484.4637
G0 F3900 X101.248 Y101.294
G1 F2400 X101.248 Y148.705 E4486.2377
G1 X148.751 Y148.705 E4488.0152
G1 X148.751 Y101.294 E4489.7892
G1 X101.248 Y101.294 E4491.5666
G0 F3900 X101.048 Y100.889
;TYPE:GAP-FILL
;WIDTH:0.482
;FLOW:95.0
G1 F3600 X100.876 Y100.925 E4491.5750
G1 X100.842 Y101.094 E4491.5832
;WIDTH:0.414
G1 X100.841 Y148.905 E4493.5377
;WIDTH:0.482
G1 X101.048 Y149.110 E4493.5515
;WIDTH:0.410
G1 X148.951 Y149.110 E4495.4908
;WIDTH:0.482
G1 X149.158 Y148.905 E4495.5047
;WIDTH:0.414
G1 X149.158 Y101.094 E4497.4592
;WIDTH:0.482
G1 X148.951 Y100.889 E4497.4730
;WIDTH:0.410
G1 X101.048 Y100.889 E4499.4123
;PRINTING_TIME: 2742
;REMAINING_TIME: 3542
;LAYER:62
;Z:15.750
;HEIGHT:0.250
;FLOW:100.0
;PRINTING: Flow_Calibration_Cube_0.4_mm.stl
;PRINTING_ID: 0
G1 F2400 E4496.4123
G1 F300 Z15.950
G0 F3900 X100.035 Y100.084
G0 F300 Z15.750
;TYPE:WALL-OUTER
;WIDTH:0.400
G1 F300 Z15.750
G1 F1500 E4499.4123
G1 F2100 X149.965 Y100.084 E4501.4882
G1 X149.965 Y149.915 E4503.5599
G1 X100.035 Y149.915 E4505.6357
G1 X100.035 Y100.084 E4507.7075
G1 F2400 E4504.7075
G1 F300 Z15.950
G0 F3900 X101.648 Y101.694
G1 F300 Z15.750
G1 F1500 E4507.7075
G1 F2100 X101.648 Y148.305 E4509.6453
G1 X148.351 Y148.305 E4511.5870
G1 X148.351 Y101.694 E4513.5249
G1 X101.648 Y101.694 E4515.4666
G0 F3900 X100.435 Y100.484
;TYPE:WALL-INNER
;WIDTH:0.400
;FLOW:90.0
G1 F2400 X149.565 Y100.484 E4517.3049
G1 X149.565 Y149.515 E4519.1395
G1 X100.435 Y149.515 E4520.9778
G1 X100.435 Y100.484 E4522.8125
G0 F3900 X101.248 Y101.294
G1 F2400 X101.248 Y148.705 E4524.5865
G1 X148.751 Y148.705 E4526.3639
G1 X148.751 Y101.294 E4528.1379
G1 X101.248 Y101.294 E4529.9154
G0 F3900 X101.048 Y100.889
;TYPE:GAP-FILL
;WIDTH:0.482
;FLOW:95.0
G1 F3600 X100.876 Y100.925 E4529.9238
G1 X100.842 Y101.094 E4529.9320
;WIDTH:0.414
G1 X100.841 Y148.905 E4531.8864
;WIDTH:0.482
G1 X101.048 Y149.110 E4531.9003
;WIDTH:0.410
G1 X148.951 Y149.110 E4533.8396
;WIDTH:0.482
G1 X149.158 Y148.905 E4533.8534
;WIDTH:0.414
G1 X149.158 Y101.094 E4535.8079
;WIDTH:0.482
G1 X148.951 Y100.889 E4535.8218
;WIDTH:0.410
G1 X101.048 Y100.889 E4537.7611
;PRINTING_TIME: 2768
;REMAINING_TIME: 3516
;LAYER:63
;Z:16.000
;HEIGHT:0.250
;FLOW:100.0
;PRINTING: Flow_Calibration_Cube_0.4_mm.stl
;PRINTING_ID: 0
G1 F2400 E4534.7611
G1 F300 Z16.200
G0 F3900 X100.035 Y100.084
G0 F300 Z16.000
;TYPE:WALL-OUTER
;WIDTH:0.400
G1 F300 Z16.000
G1 F1500 E4537.7611
G1 F2100 X149.965 Y100.084 E4539.8369
G1 X149.965 Y149.915 E4541.9086
G1 X100.035 Y149.915 E4543.9845
G1 X100.035 Y100.084 E4546.0562
G1 F2400 E4543.0562
G1 F300 Z16.200
G0 F3900 X101.648 Y101.694
G1 F300 Z16.000
G1 F1500 E4546.0562
G1 F2100 X101.648 Y148.305 E4547.9941
G1 X148.351 Y148.305 E4549.9358
G1 X148.351 Y101.694 E4551.8736
G1 X101.648 Y101.694 E4553.8153
G0 F3900 X100.435 Y100.484
;TYPE:WALL-INNER
;WIDTH:0.400
;FLOW:90.0
G1 F2400 X149.565 Y100.484 E4555.6536
G1 X149.565 Y149.515 E4557.4883
G1 X100.435 Y149.515 E4559.3266
G1 X100.435 Y100.484 E4561.1612
G0 F3900 X101.248 Y101.294
G1 F2400 X101.248 Y148.705 E4562.9352
G1 X148.751 Y148.705 E4564.7127
G1 X148.751 Y101.294 E4566.4867
G1 X101.248 Y101.294 E4568.2641
G0 F3900 X101.048 Y100.889
;TYPE:GAP-FILL
;WIDTH:0.482
;FLOW:95.0
G1 F3600 X100.876 Y100.925 E4568.2725
G1 X100.842 Y101.094 E4568.2807
;WIDTH:0.414
G1 X100.841 Y148.905 E4570.2352
;WIDTH:0.482
G1 X101.048 Y149.110 E4570.2490
;WIDTH:0.410
G1 X148.951 Y149.110 E4572.1883
;WIDTH:0.482
G1 X149.158 Y148.905 E4572.2022
;WIDTH:0.414
G1 X149.158 Y101.094 E4574.1566
;WIDTH:0.482
G1 X148.951 Y100.889 E4574.1705
;WIDTH:0.410
G1 X101.048 Y100.889 E4576.1098
;PRINTING_TIME: 2794
;REMAINING_TIME: 3490
;LAYER:64
;Z:16.250
;HEIGHT:0.250
;FLOW:100.0
;PRINTING: Flow_Calibration_Cube_0.4_mm.stl
;PRINTING_ID: 0
G1 F2400 E4573.1098
G1 F300 Z16.450
G0 F3900 X100.035 Y100.084
G0 F300 Z16.250
;TYPE:WALL-OUTER
;WIDTH:0.400
G1 F300 Z16.250
G1 F1500 E4576.1098
G1 F2100 X149.965 Y100.084 E4578.1857
G1 X149.965 Y149.915 E4580.2574
G1 X100.035 Y149.915 E4582.3332
G1 X100.035 Y100.084 E4584.4050
G1 F2400 E4581.4050
G1 F300 Z16.450
G0 F3900 X101.648 Y101.694
G1 F300 Z16.250
G1 F1500 E4584.4050
G1 F2100 X101.648 Y148.305 E4586.3428
G1 X148.351 Y148.305 E4588.2845
G1 X148.351 Y101.694 E4590.2224
G1 X101.648 Y101.694 E4592.1641
G0 F3900 X100.435 Y100.484
;TYPE:WALL-INNER
;WIDTH:0.400
;FLOW:90.0
G1 F2400 X149.565 Y100.484 E4594.0024
G1 X149.565 Y149.515 E4595.8370
G1 X100.435 Y149.515 E4597.6753
G1 X100.435 Y100.484 E4599.5100
G0 F3900 X101.248 Y101.294
G1 F2400 X101.248 Y148.705 E4601.2840
G1 X148.751 Y148.705 E4603.0614
G1 X148.751 Y101.294 E4604.8354
G1 X101.248 Y101.294 E4606.6129
G0 F3900 X101.048 Y100.889
;TYPE:GAP-FILL
;WIDTH:0.482
;FLOW:95.0
G1 F3600 X100.876 Y100.925 E4606.6212
G1 X100.842 Y101.094 E4606.6295
;WIDTH:0.414
G1 X100.841 Y148.905 E4608.5839
;WIDTH:0.482
G1 X101.048 Y149.110 E4608.5978
;WIDTH:0.410
G1 X148.951 Y149.110 E4610.5371
;WIDTH:0.482
G1 X149.158 Y148.905 E4610.5509
;WIDTH:0.414
G1 X149.158 Y101.094 E4612.5054
;WIDTH:0.482
G1 X148.951 Y100.889 E4612.5193
;WIDTH:0.410
G1 X101.048 Y100.889 E4614.4586
;PRINTING_TIME: 2819
;REMAINING_TIME: 3465
;LAYER:65
;Z:16.500
;HEIGHT:0.250
;FLOW:100.0
;PRINTING: Flow_Calibration_Cube_0.4_mm.stl
;PRINTING_ID: 0
G1 F2400 E4611.4586
G1 F300 Z16.700
G0 F3900 X100.035 Y100.084
G0 F300 Z16.500
;TYPE:WALL-OUTER
;WIDTH:0.400
G1 F300 Z16.500
G1 F1500 E4614.4586
G1 F2100 X149.965 Y100.084 E4616.5344
G1 X149.965 Y149.915 E4618.6061
G1 X100.035 Y149.915 E4620.6820
G1 X100.035 Y100.084 E4622.7537
G1 F2400 E4619.7537
G1 F300 Z16.700
G0 F3900 X101.648 Y101.694
G1 F300 Z16.500
G1 F1500 E4622.7537
G1 F2100 X101.648 Y148.305 E4624.6916
G1 X148.351 Y148.305 E4626.6333
G1 X148.351 Y101.694 E4628.5711
G1 X101.648 Y101.694 E4630.5128
G0 F3900 X100.435 Y100.484
;TYPE:WALL-INNER
;WIDTH:0.400
;FLOW:90.0
G1 F2400 X149.565 Y100.484 E4632.3511
G1 X149.565 Y149.515 E4634.1858
G1 X100.435 Y149.515 E4636.0241
G1 X100.435 Y100.484 E4637.8587
G0 F3900 X101.248 Y101.294
G1 F2400 X101.248 Y148.705 E4639.6327
G1 X148.751 Y148.705 E4641.4102
G1 X148.751 Y101.294 E4643.1842
G1 X101.248 Y101.294 E4644.9616
G0 F3900 X101.048 Y100.889
;TYPE:GAP-FILL
;WIDTH:0.482
;FLOW:95.0
G1 F3600 X100.876 Y100.925 E4644.9700
G1 X100.842 Y101.094 E4644.9782
;WIDTH:0.414
G1 X100.841 Y148.905 E4646.9327
;WIDTH:0.482
G1 X101.048 Y149.110 E4646.9465
;WIDTH:0.410
G1 X148.951 Y149.110 E4648.8858
;WIDTH:0.482
G1 X149.158 Y148.905 E4648.8997
;WIDTH:0.414
G1 X149.158 Y101.094 E4650.8541
;WIDTH:0.482
G1 X148.951 Y100.889 E4650.8680
;WIDTH:0.410
G1 X101.048 Y100.889 E4652.8073
;PRINTING_TIME: 2845
;REMAINING_TIME: 3439
;LAYER:66
;Z:16.750
;HEIGHT:0.250
;FLOW:100.0
;PRINTING: Flow_Calibration_Cube_0.4_mm.stl
;PRINTING_ID: 0
G1 F2400 E4649.8073
G1 F300 Z16.950
G0 F3900 X100.035 Y100.084
G0 F300 Z16.750
;TYPE:WALL-OUTER
;WIDTH:0.400
G1 F300 Z16.750
G1 F1500 E4652.8073
G1 F2100 X149.965 Y100.084 E4654.8831
G1 X149.965 Y149.915 E4656.9549
G1 X100.035 Y149.915 E4659.0307
G1 X100.035 Y100.084 E4661.1025
G1 F2400 E4658.1025
G1 F300 Z16.950
G0 F3900 X101.648 Y101.694
G1 F300 Z16.750
G1 F1500 E4661.1025
G1 F2100 X101.648 Y148.305 E4663.0403
G1 X148.351 Y148.305 E4664.9820
G1 X148.351 Y101.694 E4666.9199
G1 X101.648 Y101.694 E4668.8615
G0 F3900 X100.435 Y100.484
;TYPE:WALL-INNER
;WIDTH:0.400
;FLOW:90.0
G1 F2400 X149.565 Y100.484 E4670.6999
G1 X149.565 Y149.515 E4672.5345
G1 X100.435 Y149.515 E4674.3728
G1 X100.435 Y100.484 E4676.2075
G0 F3900 X101.248 Y101.294
G1 F2400 X101.248 Y148.705 E4677.9815
G1 X148.751 Y148.705 E4679.7589
G1 X148.751 Y101.294 E4681.5329
G1 X101.248 Y101.294 E4683.3104
G0 F3900 X101.048 Y100.889
;TYPE:GAP-FILL
;WIDTH:0.482
;FLOW:95.0
G1 F3600 X100.876 Y100.925 E4683.3187
G1 X100.842 Y101.094 E4683.3269
;WIDTH:0.414
G1 X100.841 Y148.905 E4685.2814
;WIDTH:0.482
G1 X101.048 Y149.110 E4685.2953
;WIDTH:0.410
G1 X148.951 Y149.110 E4687.2346
;WIDTH:0.482
G1 X149.158 Y148.905 E4687.2484
;WIDTH:0.414
G1 X149.158 Y101.094 E4689.2029
;WIDTH:0.482
G1 X148.951 Y100.889 E4689.2167
;WIDTH:0.410
G1 X101.048 Y100.889 E4691.1560
;PRINTING_TIME: 2871
;REMAINING_TIME: 3413
;LAYER:67
;Z:17.000
;HEIGHT:0.250
;FLOW:100.0
;PRINTING: Flow_Calibration_Cube_0.4_mm.stl
;PRINTING_ID: 0
G1 F2400 E4688.1560
G1 F300 Z17.200
G0 F3900 X100.035 Y100.084
G0 F300 Z17.000
;TYPE:WALL-OUTER
;WIDTH:0.400
G1 F300 Z17.000
G1 F1500 E4691.1560
G1 F2100 X149.965 Y100.084 E4693.2319
G1 X149.965 Y149.915 E4695.3036
G1 X100.035 Y149.915 E4697.3795
G1 X100.035 Y100.084 E4699.4512
G1 F2400 E4696.4512
G1 F300 Z17.200
G0 F3900 X101.648 Y101.694
G1 F300 Z17.000
G1 F1500 E4699.4512
G1 F2100 X101.648 Y148.305 E4701.3891
G1 X148.351 Y148.305 E4703.3307
G1 X148.351 Y101.694 E4705.2686
G1 X101.648 Y101.694 E4707.2103
G0 F3900 X100.435 Y100.484
;TYPE:WALL-INNER
;WIDTH:0.400
;FLOW:90.0
G1 F2400 X149.565 Y100.484 E4709.0486
G1 X149.565 Y149.515 E4710.8832
G1 X100.435 Y149.515 E4712.7216
G1 X100.435 Y100.484 E4714.5562
G0 F3900 X101.248 Y101.294
G1 F2400 X101.248 Y148.705 E4716.3302
G1 X148.751 Y148.705 E4718.1077
G1 X148.751 Y101.294 E4719.8817
G1 X101.248 Y101.294 E4721.6591
G0 F3900 X101.048 Y100.889
;TYPE:GAP-FILL
;WIDTH:0.482
;FLOW:95.0
G1 F3600 X100.876 Y100.925 E4721.6675
G1 X100.842 Y101.094 E4721.6757
;WIDTH:0.414
G1 X100.841 Y148.905 E4723.6301
;WIDTH:0.482
G1 X101.048 Y149.110 E4723.6440
;WIDTH:0.410
G1 X148.951 Y149.110 E4725.5833
;WIDTH:0.482
G1 X149.158 Y148.905 E4725.5972
;WIDTH:0.414
G1 X149.158 Y101.094 E4727.5516
;WIDTH:0.482
G1 X148.951 Y100.889 E4727.5655
;WIDTH:0.410
G1 X101.048 Y100.889 E4729.5048
;PRINTING_TIME: 2896
;REMAINING_TIME: 3388
;LAYER:68
;Z:17.250
;HEIGHT:0.250
;FLOW:100.0
;PRINTING: Flow_Calibration_Cube_0.4_mm.stl
;PRINTING_ID: 0
G1 F2400 E4726.5048
G1 F300 Z17.450
G0 F3900 X100.035 Y100.084
G0 F300 Z17.250
;TYPE:WALL-OUTER
;WIDTH:0.400
G1 F300 Z17.250
G1 F1500 E4729.5048
G1 F2100 X149.965 Y100.084 E4731.5806
G1 X149.965 Y149.915 E4733.6524
G1 X100.035 Y149.915 E4735.7282
G1 X100.035 Y100.084 E4737.7999
G1 F2400 E4734.7999
G1 F300 Z17.450
G0 F3900 X101.648 Y101.694
G1 F300 Z17.250
G1 F1500 E4737.7999
G1 F2100 X101.648 Y148.305 E4739.7378
G1 X148.351 Y148.305 E4741.6795
G1 X148.351 Y101.694 E4743.6174
G1 X101.648 Y101.694 E4745.5590
G0 F3900 X100.435 Y100.484
;TYPE:WALL-INNER
;WIDTH:0.400
;FLOW:90.0
G1 F2400 X149.565 Y100.484 E4747.3974
G1 X149.565 Y149.515 E4749.2320
G1 X100.435 Y149.515 E4751.0703
G1 X100.435 Y100.484 E4752.9049
G0 F3900 X101.248 Y101.294
G1 F2400 X101.248 Y148.705 E4754.6790
G1 X148.751 Y148.705 E4756.4564
G1 X148.751 Y101.294 E4758.2304
G1 X101.248 Y101.294 E4760.0079
G0 F3900 X101.048 Y100.889
;TYPE:GAP-FILL
;WIDTH:0.482
;FLOW:95.0
G1 F3600 X100.876 Y100.925 E4760.0162
G1 X100.842 Y101.094 E4760.0244
;WIDTH:0.414
G1 X100.841 Y148.905 E4761.9789
;WIDTH:0.482
G1 X101.048 Y149.110 E4761.9928
;WIDTH:0.410
G1 X148.951 Y149.110 E4763.9321
;WIDTH:0.482
G1 X149.158 Y148.905 E4763.9459
;WIDTH:0.414
G1 X149.158 Y101.094 E4765.9004
;WIDTH:0.482
G1 X148.951 Y100.889 E4765.9142
;WIDTH:0.410
G1 X101.048 Y100.889 E4767.8535
;PRINTING_TIME: 2922
;REMAINING_TIME: 3362
;LAYER:69
;Z:17.500
;HEIGHT:0.250
;FLOW:100.0
;PRINTING: Flow_Calibration_Cube_0.4_mm.stl
;PRINTING_ID: 0
G1 F2400 E4764.8535
G1 F300 Z17.700
G0 F3900 X100.035 Y100.084
G0 F300 Z17.500
;TYPE:WALL-OUTER
;WIDTH:0.400
G1 F300 Z17.500
G1 F1500 E4767.8535
G1 F2100 X149.965 Y100.084 E4769.9294
G1 X149.965 Y149.915 E4772.0011
G1 X100.035 Y149.915 E4774.0770
G1 X100.035 Y100.084 E4776.1487
G1 F2400 E4773.1487
G1 F300 Z17.700
G0 F3900 X101.648 Y101.694
G1 F300 Z17.500
G1 F1500 E4776.1487
G1 F2100 X101.648 Y148.305 E4778.0866
G1 X148.351 Y148.305 E4780.0282
G1 X148.351 Y101.694 E4781.9661
G1 X101.648 Y101.694 E4783.9078
G0 F3900 X100.435 Y100.484
;TYPE:WALL-INNER
;WIDTH:0.400
;FLOW:90.0
G1 F2400 X149.565 Y100.484 E4785.7461
G1 X149.565 Y149.515 E4787.5807
G1 X100.435 Y149.515 E4789.4191
G1 X100.435 Y100.484 E4791.2537
G0 F3900 X101.248 Y101.294
G1 F2400 X101.248 Y148.705 E4793.0277
G1 X148.751 Y148.705 E4794.8052
G1 X148.751 Y101.294 E4796.5792
G1 X101.248 Y101.294 E4798.3566
G0 F3900 X101.048 Y100.889
;TYPE:GAP-FILL
;WIDTH:0.482
;FLOW:95.0
G1 F3600 X100.876 Y100.925 E4798.3650
G1 X100.842 Y101.094 E4798.3732
;WIDTH:0.414
G1 X100.841 Y148.905 E4800.3276
;WIDTH:0.482
G1 X101.048 Y149.110 E4800.3415
;WIDTH:0.410
G1 X148.951 Y149.110 E4802.2808
;WIDTH:0.482
G1 X149.158 Y148.905 E4802.2947
;WIDTH:0.414
G1 X149.158 Y101.094 E4804.2491
;WIDTH:0.482
G1 X148.951 Y100.889 E4804.2630
;WIDTH:0.410
G1 X101.048 Y100.889 E4806.2023
;PRINTING_TIME: 2948
;REMAINING_TIME: 3336
;LAYER:70
;Z:17.750
;HEIGHT:0.250
;FLOW:100.0
;PRINTING: Flow_Calibration_Cube_0.4_mm.stl
;PRINTING_ID: 0
G1 F2400 E4803.2023
G1 F300 Z17.950
G0 F3900 X100.035 Y100.084
G0 F300 Z17.750
;TYPE:WALL-OUTER
;WIDTH:0.400
G1 F300 Z17.750
G1 F1500 E4806.2023
G1 F2100 X149.965 Y100.084 E4808.2781
G1 X149.965 Y149.915 E4810.3499
G1 X100.035 Y149.915 E4812.4257
G1 X100.035 Y100.084 E4814.4974
G1 F2400 E4811.4974
G1 F300 Z17.950
G0 F3900 X101.648 Y101.694
G1 F300 Z17.750
G1 F1500 E4814.4974
G1 F2100 X101.648 Y148.305 E4816.4353
G1 X148.351 Y148.305 E4818.3770
G1 X148.351 Y101.694 E4820.3148
G1 X101.648 Y101.694 E4822.2565
G0 F3900 X100.435 Y100.484
;TYPE:WALL-INNER
;WIDTH:0.400
;FLOW:90.0
G1 F2400 X149.565 Y100.484 E4824.0949
G1 X149.565 Y149.515 E4825.9295
G1 X100.435 Y149.515 E4827.7678
G1 X100.435 Y100.484 E4829.6024
G0 F3900 X101.248 Y101.294
G1 F2400 X101.248 Y148.705 E4831.3764
G1 X148.751 Y148.705 E4833.1539
G1 X148.751 Y101.294 E4834.9279
G1 X101.248 Y101.294 E4836.7054
G0 F3900 X101.048 Y100.889
;TYPE:GAP-FILL
;WIDTH:0.482
;FLOW:95.0
G1 F3600 X100.876 Y100.925 E4836.7137
G1 X100.842 Y101.094 E4836.7219
;WIDTH:0.414
G1 X100.841 Y148.905 E4838.6764
;WIDTH:0.482
G1 X101.048 Y149.110 E4838.6902
;WIDTH:0.410
G1 X148.951 Y149.110 E4840.6295
;WIDTH:0.482
G1 X149.158 Y148.905 E4840.6434
;WIDTH:0.414
G1 X149.158 Y101.094 E4842.5979
;WIDTH:0.482
G1 X148.951 Y100.889 E4842.6117
;WIDTH:0.410
G1 X101.048 Y100.889 E4844.5510
;PRINTING_TIME: 2973
;REMAINING_TIME: 3311
;LAYER:71
;Z:18.000
;HEIGHT:0.250
;FLOW:100.0
;PRINTING: Flow_Calibration_Cube_0.4_mm.stl
;PRINTING_ID: 0
G1 F2400 E4841.5510
G1 F300 Z18.200
G0 F3900 X100.035 Y100.084
G0 F300 Z18.000
;TYPE:WALL-OUTER
;WIDTH:0.400
G1 F300 Z18.000
G1 F1500 E4844.5510
G1 F2100 X149.965 Y100.084 E4846.6269
G1 X149.965 Y149.915 E4848.6986
G1 X100.035 Y149.915 E4850.7745
G1 X100.035 Y100.084 E4852.8462
G1 F2400 E4849.8462
G1 F300 Z18.200
G0 F3900 X101.648 Y101.694
G1 F300 Z18.000
G1 F1500 E4852.8462
G1 F2100 X101.648 Y148.305 E4854.7840
G1 X148.351 Y148.305 E4856.7257
G1 X148.351 Y101.694 E4858.6636
G1 X101.648 Y101.694 E4860.6053
G0 F3900 X100.435 Y100.484
;TYPE:WALL-INNER
;WIDTH:0.400
;FLOW:90.0
G1 F2400 X149.565 Y100.484 E4862.4436
G1 X149.565 Y149.515 E4864.2782
G1 X100.435 Y149.515 E4866.1166
G1 X100.435 Y100.484 E4867.9512
G0 F3900 X101.248 Y101.294
G1 F2400 X101.248 Y148.705 E4869.7252
G1 X148.751 Y148.705 E4871.5026
G1 X148.751 Y101.294 E4873.2767
G1 X101.248 Y101.294 E4875.0541
G0 F3900 X101.048 Y100.889
;TYPE:GAP-FILL
;WIDTH:0.482
;FLOW:95.0
G1 F3600 X100.876 Y100.925 E4875.0625
G1 X100.842 Y101.094 E4875.0707
;WIDTH:0.414
G1 X100.841 Y148.905 E4877.0251
;WIDTH:0.482
G1 X101.048 Y149.110 E4877.0390
;WIDTH:0.410
G1 X148.951 Y149.110 E4878.9783
;WIDTH:0.482
G1 X149.158 Y148.905 E4878.9922
;WIDTH:0.414
G1 X149.158 Y101.094 E4880.9466
;WIDTH:0.482
G1 X148.951 Y100.889 E4880.9605
;WIDTH:0.410
G1 X101.048 Y100.889 E4882.8998
;PRINTING_TIME: 2999
;REMAINING_TIME: 3285
;LAYER:72
;Z:18.250
;HEIGHT:0.250
;FLOW:100.0
;PRINTING: Flow_Calibration_Cube_0.4_mm.stl
;PRINTING_ID: 0
G1 F2400 E4879.8998
G1 F300 Z18.450
G0 F3900 X100.035 Y100.084
G0 F300 Z18.250
;TYPE:WALL-OUTER
;WIDTH:0.400
G1 F300 Z18.250
G1 F1500 E4882.8998
G1 F2100 X149.965 Y100.084 E4884.9756
G1 X149.965 Y149.915 E4887.0474
G1 X100.035 Y149.915 E4889.1232
G1 X100.035 Y100.084 E4891.1949
G1 F2400 E4888.1949
G1 F300 Z18.450
G0 F3900 X101.648 Y101.694
G1 F300 Z18.250
G1 F1500 E4891.1949
G1 F2100 X101.648 Y148.305 E4893.1328
G1 X148.351 Y148.305 E4895.0745
G1 X148.351 Y101.694 E4897.0123
G1 X101.648 Y101.694 E4898.9540
G0 F3900 X100.435 Y100.484
;TYPE:WALL-INNER
;WIDTH:0.400
;FLOW:90.0
G1 F2400 X149.565 Y100.484 E4900.7924
G1 X149.565 Y149.515 E4902.6270
G1 X100.435 Y149.515 E4904.4653
G1 X100.435 Y100.484 E4906.2999
G0 F3900 X101.248 Y101.294
G1 F2400 X101.248 Y148.705 E4908.0739
G1 X148.751 Y148.705 E4909.8514
G1 X148.751 Y101.294 E4911.6254
G1 X101.248 Y101.294 E4913.4028
G0 F3900 X101.048 Y100.889
;TYPE:GAP-FILL
;WIDTH:0.482
;FLOW:95.0
G1 F3600 X100.876 Y100.925 E4913.4112
G1 X100.842 Y101.094 E4913.4194
;WIDTH:0.414
G1 X100.841 Y148.905 E4915.3739
;WIDTH:0.482
G1 X101.048 Y149.110 E4915.3877
;WIDTH:0.410
G1 X148.951 Y149.110 E4917.3270
;WIDTH:0.482
G1 X149.158 Y148.905 E4917.3409
;WIDTH:0.414
G1 X149.158 Y101.094 E4919.2954
;WIDTH:0.482
G1 X148.951 Y100.889 E4919.3092
;WIDTH:0.410
G1 X101.048 Y100.889 E4921.2485
;PRINTING_TIME: 3025
;REMAINING_TIME: 3259
;LAYER:73
;Z:18.500
;HEIGHT:0.250
;FLOW:100.0
;PRINTING: Flow_Calibration_Cube_0.4_mm.stl
;PRINTING_ID: 0
G1 F2400 E4918.2485
G1 F300 Z18.700
G0 F3900 X100.035 Y100.084
G0 F300 Z18.500
;TYPE:WALL-OUTER
;WIDTH:0.400
G1 F300 Z18.500
G1 F1500 E4921.2485
G1 F2100 X149.965 Y100.084 E4923.3244
G1 X149.965 Y149.915 E4925.3961
G1 X100.035 Y149.915 E4927.4719
G1 X100.035 Y100.084 E4929.5437
G1 F2400 E4926.5437
G1 F300 Z18.700
G0 F3900 X101.648 Y101.694
G1 F300 Z18.500
G1 F1500 E4929.5437
G1 F2100 X101.648 Y148.305 E4931.4815
G1 X148.351 Y148.305 E4933.4232
G1 X148.351 Y101.694 E4935.3611
G1 X101.648 Y101.694 E4937.3028
G0 F3900 X100.435 Y100.484
;TYPE:WALL-INNER
;WIDTH:0.400
;FLOW:90.0
G1 F2400 X149.565 Y100.484 E4939.1411
G1 X149.565 Y149.515 E4940.9757
G1 X100.435 Y149.515 E4942.8141
G1 X100.435 Y100.484 E4944.6487
G0 F3900 X101.248 Y101.294
G1 F2400 X101.248 Y148.705 E4946.4227
G1 X148.751 Y148.705 E4948.2001
G1 X148.751 Y101.294 E4949.9741
G1 X101.248 Y101.294 E4951.7516
G0 F3900 X101.048 Y100.889
;TYPE:GAP-FILL
;WIDTH:0.482
;FLOW:95.0
G1 F3600 X100.876 Y100.925 E4951.7600
G1 X100.842 Y101.094 E4951.7682
;WIDTH:0.414
G1 X100.841 Y148.905 E4953.7226
;WIDTH:0.482
G1 X101.048 Y149.110 E4953.7365
;WIDTH:0.410
G1 X148.951 Y149.110 E4955.6758
;WIDTH:0.482
G1 X149.158 Y148.905 E4955.6896
;WIDTH:0.414
G1 X149.158 Y101.094 E4957.6441
;WIDTH:0.482
G1 X148.951 Y100.889 E4957.6580
;WIDTH:0.410
G1 X101.048 Y100.889 E4959.5973
;PRINTING_TIME: 3050
;REMAINING_TIME: 3234
;LAYER:74
;Z:18.750
;HEIGHT:0.250
;FLOW:100.0
;PRINTING: Flow_Calibration_Cube_0.4_mm.stl
;PRINTING_ID: 0
G1 F2400 E4956.5973
G1 F300 Z18.950
G0 F3900 X100.035 Y100.084
G0 F300 Z18.750
;TYPE:WALL-OUTER
;WIDTH:0.400
G1 F300 Z18.750
G1 F1500 E4959.5973
G1 F2100 X149.965 Y100.084 E4961.6731
G1 X149.965 Y149.915 E4963.7448
G1 X100.035 Y149.915 E4965.8207
G1 X100.035 Y100.084 E4967.8924
G1 F2400 E4964.8924
G1 F300 Z18.950
G0 F3900 X101.648 Y101.694
G1 F300 Z18.750
G1 F1500 E4967.8924
G1 F2100 X101.648 Y148.305 E4969.8303
G1 X148.351 Y148.305 E4971.7720
G1 X148.351 Y101.694 E4973.7098
G1 X101.648 Y101.694 E4975.6515
G0 F3900 X100.435 Y100.484
;TYPE:WALL-INNER
;WIDTH:0.400
;FLOW:90.0
G1 F2400 X149.565 Y100.484 E4977.4898
G1 X149.565 Y149.515 E4979.3245
G1 X100.435 Y149.515 E4981.1628
G1 X100.435 Y100.484 E4982.9974
G0 F3900 X101.248 Y101.294
G1 F2400 X101.248 Y148.705 E4984.7714
G1 X148.751 Y148.705 E4986.5489
G1 X148.751 Y101.294 E4988.3229
G1 X101.248 Y101.294 E4990.1003
G0 F3900 X101.048 Y100.889
;TYPE:GAP-FILL
;WIDTH:0.482
;FLOW:95.0
G1 F3600 X100.876 Y100.925 E4990.1087
G1 X100.842 Y101.094 E4990.1169
;WIDTH:0.414
G1 X100.841 Y148.905 E4992.0714
;WIDTH:0.482
G1 X101.048 Y149.110 E4992.0852
;WIDTH:0.410
G1 X148.951 Y149.110 E4994.0245
;WIDTH:0.482
G1 X149.158 Y148.905 E4994.0384
;WIDTH:0.414
G1 X149.158 Y101.094 E4995.9928
;WIDTH:0.482
G1 X148.951 Y100.889 E4996.0067
;WIDTH:0.410
G1 X101.048 Y100.889 E4997.9460
;PRINTING_TIME: 3076
;REMAINING_TIME: 3208
;LAYER:75
;Z:19.000
;HEIGHT:0.250
;FLOW:100.0
;PRINTING: Flow_Calibration_Cube_0.4_mm.stl
;PRINTING_ID: 0
G1 F2400 E4994.9460
G1 F300 Z19.200
G0 F3900 X100.035 Y100.084
G0 F300 Z19.000
;TYPE:WALL-OUTER
;WIDTH:0.400
G1 F300 Z19.000
G1 F1500 E4997.9460
G1 F2100 X149.965 Y100.084 E5000.0219
G1 X149.965 Y149.915 E5002.0936
G1 X100.035 Y149.915 E5004.1694
G1 X100.035 Y100.084 E5006.2412
G1 F2400 E5003.2412
G1 F300 Z19.200
G0 F3900 X101.648 Y101.694
G1 F300 Z19.000
G1 F1500 E5006.2412
G1 F2100 X101.648 Y148.305 E5008.1790
G1 X148.351 Y148.305 E5010.1207
G1 X148.351 Y101.694 E5012.0586
G1 X101.648 Y101.694 E5014.0003
G0 F3900 X100.435 Y100.484
;TYPE:WALL-INNER
;WIDTH:0.400
;FLOW:90.0
G1 F2400 X149.565 Y100.484 E5015.8386
G1 X149.565 Y149.515 E5017.6732
G1 X100.435 Y149.515 E5019.5115
G1 X100.435 Y100.484 E5021.3462
G0 F3900 X101.248 Y101.294
G1 F2400 X101.248 Y148.705 E5023.1202
G1 X148.751 Y148.705 E5024.8976
G1 X148.751 Y101.294 E5026.6716
G1 X101.248 Y101.294 E5028.4491
G0 F3900 X101.048 Y100.889
;TYPE:GAP-FILL
;WIDTH:0.482
;FLOW:95.0
G1 F3600 X100.876 Y100.925 E5028.4574
G1 X100.842 Y101.094 E5028.4657
;WIDTH:0.414
G1 X100.841 Y148.905 E5030.4201
;WIDTH:0.482
G1 X101.048 Y149.110 E5030.4340
;WIDTH:0.410
G1 X148.951 Y149.110 E5032.3733
;WIDTH:0.482
G1 X149.158 Y148.905 E5032.3871
;WIDTH:0.414
G1 X149.158 Y101.094 E5034.3416
;WIDTH:0.482
G1 X148.951 Y100.889 E5034.3555
;WIDTH:0.410
G1 X101.048 Y100.889 E5036.2948
;PRINTING_TIME: 3102
;REMAINING_TIME: 3182
;LAYER:76
;Z:19.250
;HEIGHT:0.250
;FLOW:100.0
;PRINTING: Flow_Calibration_Cube_0.4_mm.stl
;PRINTING_ID: 0
G1 F2400 E5033.2948
G1 F300 Z19.450
G0 F3900 X100.035 Y100.084
G0 F300 Z19.250
;TYPE:WALL-OUTER
;WIDTH:0.400
G1 F300 Z19.250
G1 F1500 E5036.2948
G1 F2100 X149.965 Y100.084 E5038.3706
G1 X149.965 Y149.915 E5040.4423
G1 X100.035 Y149.915 E5042.5182
G1 X100.035 Y100.084 E5044.5899
G1 F2400 E5041.5899
G1 F300 Z19.450
G0 F3900 X101.648 Y101.694
G1 F300 Z19.250
G1 F1500 E5044.5899
G1 F2100 X101.648 Y148.305 E5046.5278
G1 X148.351 Y148.305 E5048.4695
G1 X148.351 Y101.694 E5050.4073
G1 X101.648 Y101.694 E5052.3490
G0 F3900 X100.435 Y100.484
;TYPE:WALL-INNER
;WIDTH:0.400
;FLOW:90.0
G1 F2400 X149.565 Y100.484 E5054.1873
G1 X149.565 Y149.515 E5056.0220
G1 X100.435 Y149.515 E5057.8603
G1 X100.435 Y100.484 E5059.6949
G0 F3900 X101.248 Y101.294
G1 F2400 X101.248 Y148.705 E5061.4689
G1 X148.751 Y148.705 E5063.2464
G1 X148.751 Y101.294 E5065.0204
G1 X101.248 Y101.294 E5066.7978
G0 F3900 X101.048 Y100.889
;TYPE:GAP-FILL
;WIDTH:0.482
;FLOW:95.0
G1 F3600 X100.876 Y100.925 E5066.8062
G1 X100.842 Y101.094 E5066.8144
;WIDTH:0.414
G1 X100.841 Y148.905 E5068.7689
;WIDTH:0.482
G1 X101.048 Y149.110 E5068.7827
;WIDTH:0.410
G1 X148.951 Y149.110 E5070.7220
;WIDTH:0.482
G1 X149.158 Y148.905 E5070.7359
;WIDTH:0.414
G1 X149.158 Y101.094 E5072.6903
;WIDTH:0.482
G1 X148.951 Y100.889 E5072.7042
;WIDTH:0.410
G1 X101.048 Y100.889 E5074.6435
;PRINTING_TIME: 3127
;REMAINING_TIME: 3157
;LAYER:77
;Z:19.500
;HEIGHT:0.250
;FLOW:100.0
;PRINTING: Flow_Calibration_Cube_0.4_mm.stl
;PRINTING_ID: 0
G1 F2400 E5071.6435
G1 F300 Z19.700
G0 F3900 X100.035 Y100.084
G0 F300 Z19.500
;TYPE:WALL-OUTER
;WIDTH:0.400
G1 F300 Z19.500
G1 F1500 E5074.6435
G1 F2100 X149.965 Y100.084 E5076.7193
G1 X149.965 Y149.915 E5078.7911
G1 X100.035 Y149.915 E5080.8669
G1 X100.035 Y100.084 E5082.9387
G1 F2400 E5079.9387
G1 F300 Z19.700
G0 F3900 X101.648 Y101.694
G1 F300 Z19.500
G1 F1500 E5082.9387
G1 F2100 X101.648 Y148.305 E5084.8765
G1 X148.351 Y148.305 E5086.8182
G1 X148.351 Y101.694 E5088.7561
G1 X101.648 Y101.694 E5090.6978
G0 F3900 X100.435 Y100.484
;TYPE:WALL-INNER
;WIDTH:0.400
;FLOW:90.0
G1 F2400 X149.565 Y100.484 E5092.5361
G1 X149.565 Y149.515 E5094.3707
G1 X100.435 Y149.515 E5096.2090
G1 X100.435 Y100.484 E5098.0437
G0 F3900 X101.248 Y101.294
G1 F2400 X101.248 Y148.705 E5099.8177
G1 X148.751 Y148.705 E5101.5951
G1 X148.751 Y101.294 E5103.3691
G1 X101.248 Y101.294 E5105.1466
G0 F3900 X101.048 Y100.889
;TYPE:GAP-FILL
;WIDTH:0.482
;FLOW:95.0
G1 F3600 X100.876 Y100.925 E5105.1549
G1 X100.842 Y101.094 E5105.1631
;WIDTH:0.414
G1 X100.841 Y148.905 E5107.1176
;WIDTH:0.482
G1 X101.048 Y149.110 E5107.1315
;WIDTH:0.410
G1 X148.951 Y149.110 E5109.0708
;WIDTH:0.482
G1 X149.158 Y148.905 E5109.0846
;WIDTH:0.414
G1 X149.158 Y101.094 E5111.0391
;WIDTH:0.482
G1 X148.951 Y100.889 E5111.0529
;WIDTH:0.410
G1 X101.048 Y100.889 E5112.9922
;PRINTING_TIME: 3153
;REMAINING_TIME: 3131
;LAYER:78
;Z:19.750
;HEIGHT:0.250
;FLOW:100.0
;PRINTING: Flow_Calibration_Cube_0.4_mm.stl
;PRINTING_ID: 0
G1 F2400 E5109.9922
G1 F300 Z19.950
G0 F3900 X100.035 Y100.084
G0 F300 Z19.750
;TYPE:WALL-OUTER
;WIDTH:0.400
G1 F300 Z19.750
G1 F1500 E5112.9922
G1 F2100 X149.965 Y100.084 E5115.0681
G1 X149.965 Y149.915 E5117.1398
G1 X100.035 Y149.915 E5119.2157
G1 X100.035 Y100.084 E5121.2874
G1 F2400 E5118.2874
G1 F300 Z19.950
G0 F3900 X101.648 Y101.694
G1 F300 Z19.750
G1 F1500 E5121.2874
G1 F2100 X101.648 Y148.305 E5123.2253
G1 X148.351 Y148.305 E5125.1670
G1 X148.351 Y101.694 E5127.1048
G1 X101.648 Y101.694 E5129.0465
G0 F3900 X100.435 Y100.484
;TYPE:WALL-INNER
;WIDTH:0.400
;FLOW:90.0
G1 F2400 X149.565 Y100.484 E5130.8848
G1 X149.565 Y149.515 E5132.7195
G1 X100.435 Y149.515 E5134.5578
G1 X100.435 Y100.484 E5136.3924
G0 F3900 X101.248 Y101.294
G1 F2400 X101.248 Y148.705 E5138.1664
G1 X148.751 Y148.705 E5139.9439
G1 X148.751 Y101.294 E5141.7179
G1 X101.248 Y101.294 E5143.4953
G0 F3900 X101.048 Y100.889
;TYPE:GAP-FILL
;WIDTH:0.482
;FLOW:95.0
G1 F3600 X100.876 Y100.925 E5143.5037
G1 X100.842 Y101.094 E5143.5119
;WIDTH:0.414
G1 X100.841 Y148.905 E5145.4663
;WIDTH:0.482
G1 X101.048 Y149.110 E5145.4802
;WIDTH:0.410
G1 X148.951 Y149.110 E5147.4195
;WIDTH:0.482
G1 X149.158 Y148.905 E5147.4334
;WIDTH:0.414
G1 X149.158 Y101.094 E5149.3878
;WIDTH:0.482
G1 X148.951 Y100.889 E5149.4017
;WIDTH:0.410
G1 X101.048 Y100.889 E5151.3410
;PRINTING_TIME: 3179
;REMAINING_TIME: 3105
;LAYER:79
;Z:20.000
;HEIGHT:0.250
;FLOW:100.0
;PRINTING: Flow_Calibration_Cube_0.4_mm.stl
;PRINTING_ID: 0
G1 F2400 E5148.3410
G1 F300 Z20.200
G0 F3900 X100.035 Y100.084
G0 F300 Z20.000
;TYPE:WALL-OUTER
;WIDTH:0.400
G1 F300 Z20.000
G1 F1500 E5151.3410
G1 F2100 X149.965 Y100.084 E5153.4168
G1 X149.965 Y149.915 E5155.4886
G1 X100.035 Y149.915 E5157.5644
G1 X100.035 Y100.084 E5159.6362
G1 F2400 E5156.6362
G1 F300 Z20.200
G0 F3900 X101.648 Y101.694
G1 F300 Z20.000
G1 F1500 E5159.6362
G1 F2100 X101.648 Y148.305 E5161.5740
G1 X148.351 Y148.305 E5163.5157
G1 X148.351 Y101.694 E5165.4536
G1 X101.648 Y101.694 E5167.3952
G0 F3900 X100.435 Y100.484
;TYPE:WALL-INNER
;WIDTH:0.400
;FLOW:90.0
G1 F2400 X149.565 Y100.484 E5169.2336
G1 X149.565 Y149.515 E5171.0682
G1 X100.435 Y149.515 E5172.9065
G1 X100.435 Y100.484 E5174.7412
G0 F3900 X101.248 Y101.294
G1 F2400 X101.248 Y148.705 E5176.5152
G1 X148.751 Y148.705 E5178.2926
G1 X148.751 Y101.294 E5180.0666
G1 X101.248 Y101.294 E5181.8441
G0 F3900 X101.048 Y100.889
;TYPE:GAP-FILL
;WIDTH:0.482
;FLOW:95.0
G1 F3600 X100.876 Y100.925 E5181.8524
G1 X100.842 Y101.094 E5181.8606
;WIDTH:0.414
G1 X100.841 Y148.905 E5183.8151
;WIDTH:0.482
G1 X101.048 Y149.110 E5183.8290
;WIDTH:0.410
G1 X148.951 Y149.110 E5185.7683
;WIDTH:0.482
G1 X149.158 Y148.905 E5185.7821
;WIDTH:0.414
G1 X149.158 Y101.094 E5187.7366
;WIDTH:0.482
G1 X148.951 Y100.889 E5187.7504
;WIDTH:0.410
G1 X101.048 Y100.889 E5189.6897
;PRINTING_TIME: 3204
;REMAINING_TIME: 3080
;LAYER:80
;Z:20.250
;HEIGHT:0.250
;FLOW:100.0
;PRINTING: Flow_Calibration_Cube_0.4_mm.stl
;PRINTING_ID: 0
G1 F2400 E5186.6897
G1 F300 Z20.450
G0 F3900 X100.035 Y100.084
G0 F300 Z20.250
;TYPE:WALL-OUTER
;WIDTH:0.400
G1 F300 Z20.250
G1 F1500 E5189.6897
G1 F2100 X149.965 Y100.084 E5191.7656
G1 X149.965 Y149.915 E5193.8373
G1 X100.035 Y149.915 E5195.9132
G1 X100.035 Y100.084 E5197.9849
G1 F2400 E5194.9849
G1 F300 Z20.450
G0 F3900 X101.648 Y101.694
G1 F300 Z20.250
G1 F1500 E5197.9849
G1 F2100 X101.648 Y148.305 E5199.9228
G1 X148.351 Y148.305 E5201.8644
G1 X148.351 Y101.694 E5203.8023
G1 X101.648 Y101.694 E5205.7440
G0 F3900 X100.435 Y100.484
;TYPE:WALL-INNER
;WIDTH:0.400
;FLOW:90.0
G1 F2400 X149.565 Y100.484 E5207.5823
G1 X149.565 Y149.515 E5209.4169
G1 X100.435 Y149.515 E5211.2553
G1 X100.435 Y100.484 E5213.0899
G0 F3900 X101.248 Y101.294
G1 F2400 X101.248 Y148.705 E5214.8639
G1 X148.751 Y148.705 E5216.6414
G1 X148.751 Y101.294 E5218.4154
G1 X101.248 Y101.294 E5220.1928
G0 F3900 X101.048 Y100.889
;TYPE:GAP-FILL
;WIDTH:0.482
;FLOW:95.0
G1 F3600 X100.876 Y100.925 E5220.2012
G1 X100.842 Y101.094 E5220.2094
;WIDTH:0.414
G1 X100.841 Y148.905 E5222.1638
;WIDTH:0.482
G1 X101.048 Y149.110 E5222.1777
;WIDTH:0.410
G1 X148.951 Y149.110 E5224.1170
;WIDTH:0.482
G1 X149.158 Y148.905 E5224.1309
;WIDTH:0.414
G1 X149.158 Y101.094 E5226.0853
;WIDTH:0.482
G1 X148.951 Y100.889 E5226.0992
;WIDTH:0.410
G1 X101.048 Y100.889 E5228.0385
;PRINTING_TIME: 3230
;REMAINING_TIME: 3054
;LAYER:81
;Z:20.500
;HEIGHT:0.250
;FLOW:100.0
;PRINTING: Flow_Calibration_Cube_0.4_mm.stl
;PRINTING_ID: 0
G1 F2400 E5225.0385
G1 F300 Z20.700
G0 F3900 X100.035 Y100.084
G0 F300 Z20.500
;TYPE:WALL-OUTER
;WIDTH:0.400
G1 F300 Z20.500
G1 F1500 E5228.0385
G1 F2100 X149.965 Y100.084 E5230.1143
G1 X149.965 Y149.915 E5232.1861
G1 X100.035 Y149.915 E5234.2619
G1 X100.035 Y100.084 E5236.3336
G1 F2400 E5233.3336
G1 F300 Z20.700
G0 F3900 X101.648 Y101.694
G1 F300 Z20.500
G1 F1500 E5236.3336
G1 F2100 X101.648 Y148.305 E5238.2715
G1 X148.351 Y148.305 E5240.2132
G1 X148.351 Y101.694 E5242.1510
G1 X101.648 Y101.694 E5244.0927
G0 F3900 X100.435 Y100.484
;TYPE:WALL-INNER
;WIDTH:0.400
;FLOW:90.0
G1 F2400 X149.565 Y100.484 E5245.9311
G1 X149.565 Y149.515 E5247.7657
G1 X100.435 Y149.515 E5249.6040
G1 X100.435 Y100.484 E5251.4386
G0 F3900 X101.248 Y101.294
G1 F2400 X101.248 Y148.705 E5253.2127
G1 X148.751 Y148.705 E5254.9901
G1 X148.751 Y101.294 E5256.7641
G1 X101.248 Y101.294 E5258.5416
G0 F3900 X101.048 Y100.889
;TYPE:GAP-FILL
;WIDTH:0.482
;FLOW:95.0
G1 F3600 X100.876 Y100.925 E5258.5499
G1 X100.842 Y101.094 E5258.5581
;WIDTH:0.414
G1 X100.841 Y148.905 E5260.5126
;WIDTH:0.482
G1 X101.048 Y149.110 E5260.5264
;WIDTH:0.410
G1 X148.951 Y149.110 E5262.4657
;WIDTH:0.482
G1 X149.158 Y148.905 E5262.4796
;WIDTH:0.414
G1 X149.158 Y101.094 E5264.4341
;WIDTH:0.482
G1 X148.951 Y100.889 E5264.4479
;WIDTH:0.410
G1 X101.048 Y100.889 E5266.3872
;PRINTING_TIME: 3256
;REMAINING_TIME: 3028
;LAYER:82
;Z:20.750
;HEIGHT:0.250
;FLOW:100.0
;PRINTING: Flow_Calibration_Cube_0.4_mm.stl
;PRINTING_ID: 0
G1 F2400 E5263.3872
G1 F300 Z20.950
G0 F3900 X100.035 Y100.084
G0 F300 Z20.750
;TYPE:WALL-OUTER
;WIDTH:0.400
G1 F300 Z20.750
G1 F1500 E5266.3872
G1 F2100 X149.965 Y100.084 E5268.4631
G1 X149.965 Y149.915 E5270.5348
G1 X100.035 Y149.915 E5272.6107
G1 X100.035 Y100.084 E5274.6824
G1 F2400 E5271.6824
G1 F300 Z20.950
G0 F3900 X101.648 Y101.694
G1 F300 Z20.750
G1 F1500 E5274.6824
G1 F2100 X101.648 Y148.305 E5276.6203
G1 X148.351 Y148.305 E5278.5619
G1 X148.351 Y101.694 E5280.4998
G1 X101.648 Y101.694 E5282.4415
G0 F3900 X100.435 Y100.484
;TYPE:WALL-INNER
;WIDTH:0.400
;FLOW:90.0
G1 F2400 X149.565 Y100.484 E5284.2798
G1 X149.565 Y149.515 E5286.1144
G1 X100.435 Y149.515 E5287.9528
G1 X100.435 Y100.484 E5289.7874
G0 F3900 X101.248 Y101.294
G1 F2400 X101.248 Y148.705 E5291.5614
G1 X148.751 Y148.705 E5293.3388
G1 X148.751 Y101.294 E5295.1129
G1 X101.248 Y101.294 E5296.8903
G0 F3900 X101.048 Y100.889
;TYPE:GAP-FILL
;WIDTH:0.482
;FLOW:95.0
G1 F3600 X100.876 Y100.925 E5296.8987
G1 X100.842 Y101.094 E5296.9069
;WIDTH:0.414
G1 X100.841 Y148.905 E5298.8613
;WIDTH:0.482
G1 X101.048 Y149.110 E5298.8752
;WIDTH:0.410
G1 X148.951 Y149.110 E5300.8145
;WIDTH:0.482
G1 X149.158 Y148.905 E5300.8284
;WIDTH:0.414
G1 X149.158 Y101.094 E5302.7828
;WIDTH:0.482
G1 X148.951 Y100.889 E5302.7967
;WIDTH:0.410
G1 X101.048 Y100.889 E5304.7360
;PRINTING_TIME: 3281
;REMAINING_TIME: 3003
;LAYER:83
;Z:21.000
;HEIGHT:0.250
;FLOW:100.0
;PRINTING: Flow_Calibration_Cube_0.4_mm.stl
;PRINTING_ID: 0
G1 F2400 E5301.7360
G1 F300 Z21.200
G0 F3900 X100.035 Y100.084
G0 F300 Z21.000
;TYPE:WALL-OUTER
;WIDTH:0.400
G1 F300 Z21.000
G1 F1500 E5304.7360
G1 F2100 X149.965 Y100.084 E5306.8118
G1 X149.965 Y149.915 E5308.8836
G1 X100.035 Y149.915 E5310.9594
G1 X100.035 Y100.084 E5313.0311
G1 F2400 E5310.0311
G1 F300 Z21.200
G0 F3900 X101.648 Y101.694
G1 F300 Z21.000
G1 F1500 E5313.0311
G1 F2100 X101.648 Y148.305 E5314.9690
G1 X148.351 Y148.305 E5316.9107
G1 X148.351 Y101.694 E5318.8485
G1 X101.648 Y101.694 E5320.7902
G0 F3900 X100.435 Y100.484
;TYPE:WALL-INNER
;WIDTH:0.400
;FLOW:90.0
G1 F2400 X149.565 Y100.484 E5322.6286
G1 X149.565 Y149.515 E5324.4632
G1 X100.435 Y149.515 E5326.3015
G1 X100.435 Y100.484 E5328.1361
G0 F3900 X101.248 Y101.294
G1 F2400 X101.248 Y148.705 E5329.9101
G1 X148.751 Y148.705 E5331.6876
G1 X148.751 Y101.294 E5333.4616
G1 X101.248 Y101.294 E5335.2391
G0 F3900 X101.048 Y100.889
;TYPE:GAP-FILL
;WIDTH:0.482
;FLOW:95.0
G1 F3600 X100.876 Y100.925 E5335.2474
G1 X100.842 Y101.094 E5335.2556
;WIDTH:0.414
G1 X100.841 Y148.905 E5337.2101
;WIDTH:0.482
G1 X101.048 Y149.110 E5337.2239
;WIDTH:0.410
G1 X148.951 Y149.110 E5339.1632
;WIDTH:0.482
G1 X149.158 Y148.905 E5339.1771
;WIDTH:0.414
G1 X149.158 Y101.094 E5341.1316
;WIDTH:0.482
G1 X148.951 Y100.889 E5341.1454
;WIDTH:0.410
G1 X101.048 Y100.889 E5343.0847
;PRINTING_TIME: 3307
;REMAINING_TIME: 2977
;LAYER:84
;Z:21.250
;HEIGHT:0.250
;FLOW:100.0
;PRINTING: Flow_Calibration_Cube_0.4_mm.stl
;PRINTING_ID: 0
G1 F2400 E5340.0847
G1 F300 Z21.450
G0 F3900 X100.035 Y100.084
G0 F300 Z21.250
;TYPE:WALL-OUTER
;WIDTH:0.400
G1 F300 Z21.250
G1 F1500 E5343.0847
G1 F2100 X149.965 Y100.084 E5345.1606
G1 X149.965 Y149.915 E5347.2323
G1 X100.035 Y149.915 E5349.3081
G1 X100.035 Y100.084 E5351.3799
G1 F2400 E5348.3799
G1 F300 Z21.450
G0 F3900 X101.648 Y101.694
G1 F300 Z21.250
G1 F1500 E5351.3799
G1 F2100 X101.648 Y148.305 E5353.3177
G1 X148.351 Y148.305 E5355.2594
G1 X148.351 Y101.694 E5357.1973
G1 X101.648 Y101.694 E5359.1390
G0 F3900 X100.435 Y100.484
;TYPE:WALL-INNER
;WIDTH:0.400
;FLOW:90.0
G1 F2400 X149.565 Y100.484 E5360.9773
G1 X149.565 Y149.515 E5362.8119
G1 X100.435 Y149.515 E5364.6503
G1 X100.435 Y100.484 E5366.4849
G0 F3900 X101.248 Y101.294
G1 F2400 X101.248 Y148.705 E5368.2589
G1 X148.751 Y148.705 E5370.0363
G1 X148.751 Y101.294 E5371.8103
G1 X101.248 Y101.294 E5373.5878
G0 F3900 X101.048 Y100.889
;TYPE:GAP-FILL
;WIDTH:0.482
;FLOW:95.0
G1 F3600 X100.876 Y100.925 E5373.5962
G1 X100.842 Y101.094 E5373.6044
;WIDTH:0.414
G1 X100.841 Y148.905 E5375.5588
;WIDTH:0.482
G1 X101.048 Y149.110 E5375.5727
;WIDTH:0.410
G1 X148.951 Y149.110 E5377.5120
;WIDTH:0.482
G1 X149.158 Y148.905 E5377.5258
;WIDTH:0.414
G1 X149.158 Y101.094 E5379.4803
;WIDTH:0.482
G1 X148.951 Y100.889 E5379.4942
;WIDTH:0.410
G1 X101.048 Y100.889 E5381.4335
;PRINTING_TIME: 3333
;REMAINING_TIME: 2951
;LAYER:85
;Z:21.500
;HEIGHT:0.250
;FLOW:100.0
;PRINTING: Flow_Calibration_Cube_0.4_mm.stl
;PRINTING_ID: 0
G1 F2400 E5378.4335
G1 F300 Z21.700
G0 F3900 X100.035 Y100.084
G0 F300 Z21.500
;TYPE:WALL-OUTER
;WIDTH:0.400
G1 F300 Z21.500
G1 F1500 E5381.4335
G1 F2100 X149.965 Y100.084 E5383.5093
G1 X149.965 Y149.915 E5385.5810
G1 X100.035 Y149.915 E5387.6569
G1 X100.035 Y100.084 E5389.7286
G1 F2400 E5386.7286
G1 F300 Z21.700
G0 F3900 X101.648 Y101.694
G1 F300 Z21.500
G1 F1500 E5389.7286
G1 F2100 X101.648 Y148.305 E5391.6665
G1 X148.351 Y148.305 E5393.6082
G1 X148.351 Y101.694 E5395.5460
G1 X101.648 Y101.694 E5397.4877
G0 F3900 X100.435 Y100.484
;TYPE:WALL-INNER
;WIDTH:0.400
;FLOW:90.0
G1 F2400 X149.565 Y100.484 E5399.3260
G1 X149.565 Y149.515 E5401.1607
G1 X100.435 Y149.515 E5402.9990
G1 X100.435 Y100.484 E5404.8336
G0 F3900 X101.248 Y101.294
G1 F2400 X101.248 Y148.705 E5406.6076
G1 X148.751 Y148.705 E5408.3851
G1 X148.751 Y101.294 E5410.1591
G1 X101.248 Y101.294 E5411.9365
G0 F3900 X101.048 Y100.889
;TYPE:GAP-FILL
;WIDTH:0.482
;FLOW:95.0
G1 F3600 X100.876 Y100.925 E5411.9449
G1 X100.842 Y101.094 E5411.9531
;WIDTH:0.414
G1 X100.841 Y148.905 E5413.9076
;WIDTH:0.482
G1 X101.048 Y149.110 E5413.9214
;WIDTH:0.410
G1 X148.951 Y149.110 E5415.8607
;WIDTH:0.482
G1 X149.158 Y148.905 E5415.8746
;WIDTH:0.414
G1 X149.158 Y101.094 E5417.8291
;WIDTH:0.482
G1 X148.951 Y100.889 E5417.8429
;WIDTH:0.410
G1 X101.048 Y100.889 E5419.7822
;PRINTING_TIME: 3358
;REMAINING_TIME: 2926
;LAYER:86
;Z:21.750
;HEIGHT:0.250
;FLOW:100.0
;PRINTING: Flow_Calibration_Cube_0.4_mm.stl
;PRINTING_ID: 0
G1 F2400 E5416.7822
G1 F300 Z21.950
G0 F3900 X100.035 Y100.084
G0 F300 Z21.750
;TYPE:WALL-OUTER
;WIDTH:0.400
G1 F300 Z21.750
G1 F1500 E5419.7822
G1 F2100 X149.965 Y100.084 E5421.8581
G1 X149.965 Y149.915 E5423.9298
G1 X100.035 Y149.915 E5426.0056
G1 X100.035 Y100.084 E5428.0774
G1 F2400 E5425.0774
G1 F300 Z21.950
G0 F3900 X101.648 Y101.694
G1 F300 Z21.750
G1 F1500 E5428.0774
G1 F2100 X101.648 Y148.305 E5430.0152
G1 X148.351 Y148.305 E5431.9569
G1 X148.351 Y101.694 E5433.8948
G1 X101.648 Y101.694 E5435.8365
G0 F3900 X100.435 Y100.484
;TYPE:WALL-INNER
;WIDTH:0.400
;FLOW:90.0
G1 F2400 X149.565 Y100.484 E5437.6748
G1 X149.565 Y149.515 E5439.5094
G1 X100.435 Y149.515 E5441.3477
G1 X100.435 Y100.484 E5443.1824
G0 F3900 X101.248 Y101.294
G1 F2400 X101.248 Y148.705 E5444.9564
G1 X148.751 Y148.705 E5446.7338
G1 X148.751 Y101.294 E5448.5078
G1 X101.248 Y101.294 E5450.2853
G0 F3900 X101.048 Y100.889
;TYPE:GAP-FILL
;WIDTH:0.482
;FLOW:95.0
G1 F3600 X100.876 Y100.925 E5450.2937
G1 X100.842 Y101.094 E5450.3019
;WIDTH:0.414
G1 X100.841 Y148.905 E5452.2563
;WIDTH:0.482
G1 X101.048 Y149.110 E5452.2702
;WIDTH:0.410
G1 X148.951 Y149.110 E5454.2095
;WIDTH:0.482
G1 X149.158 Y148.905 E5454.2233
;WIDTH:0.414
G1 X149.158 Y101.094 E5456.1778
;WIDTH:0.482
G1 X148.951 Y100.889 E5456.1917
;WIDTH:0.410
G1 X101.048 Y100.889 E5458.1310
;PRINTING_TIME: 3384
;REMAINING_TIME: 2900
;LAYER:87
;Z:22.000
;HEIGHT:0.250
;FLOW:100.0
;PRINTING: Flow_Calibration_Cube_0.4_mm.stl
;PRINTING_ID: 0
G1 F2400 E5455.1310
G1 F300 Z22.200
G0 F3900 X100.035 Y100.084
G0 F300 Z22.000
;TYPE:WALL-OUTER
;WIDTH:0.400
G1 F300 Z22.000
G1 F1500 E5458.1310
G1 F2100 X149.965 Y100.084 E5460.2068
G1 X149.965 Y149.915 E5462.2785
G1 X100.035 Y149.915 E5464.3544
G1 X100.035 Y100.084 E5466.4261
G1 F2400 E5463.4261
G1 F300 Z22.200
G0 F3900 X101.648 Y101.694
G1 F300 Z22.000
G1 F1500 E5466.4261
G1 F2100 X101.648 Y148.305 E5468.3640
G1 X148.351 Y148.305 E5470.3057
G1 X148.351 Y101.694 E5472.2435
G1 X101.648 Y101.694 E5474.1852
G0 F3900 X100.435 Y100.484
;TYPE:WALL-INNER
;WIDTH:0.400
;FLOW:90.0
G1 F2400 X149.565 Y100.484 E5476.0235
G1 X149.565 Y149.515 E5477.8582
G1 X100.435 Y149.515 E5479.6965
G1 X100.435 Y100.484 E5481.5311
G0 F3900 X101.248 Y101.294
G1 F2400 X101.248 Y148.705 E5483.3051
G1 X148.751 Y148.705 E5485.0826
G1 X148.751 Y101.294 E5486.8566
G1 X101.248 Y101.294 E5488.6340
G0 F3900 X101.048 Y100.889
;TYPE:GAP-FILL
;WIDTH:0.482
;FLOW:95.0
G1 F3600 X100.876 Y100.925 E5488.6424
G1 X100.842 Y101.094 E5488.6506
;WIDTH:0.414
G1 X100.841 Y148.905 E5490.6051
;WIDTH:0.482
G1 X101.048 Y149.110 E5490.6189
;WIDTH:0.410
G1 X148.951 Y149.110 E5492.5582
;WIDTH:0.482
G1 X149.158 Y148.905 E5492.5721
;WIDTH:0.414
G1 X149.158 Y101.094 E5494.5265
;WIDTH:0.482
G1 X148.951 Y100.889 E5494.5404
;WIDTH:0.410
G1 X101.048 Y100.889 E5496.4797
;PRINTING_TIME: 3409
;REMAINING_TIME: 2874
;LAYER:88
;Z:22.250
;HEIGHT:0.250
;FLOW:100.0
;PRINTING: Flow_Calibration_Cube_0.4_mm.stl
;PRINTING_ID: 0
G1 F2400 E5493.4797
G1 F300 Z22.450
G0 F3900 X100.035 Y100.084
G0 F300 Z22.250
;TYPE:WALL-OUTER
;WIDTH:0.400
G1 F300 Z22.250
G1 F1500 E5496.4797
G1 F2100 X149.965 Y100.084 E5498.5556
G1 X149.965 Y149.915 E5500.6273
G1 X100.035 Y149.915 E5502.7031
G1 X100.035 Y100.084 E5504.7749
G1 F2400 E5501.7749
G1 F300 Z22.450
G0 F3900 X101.648 Y101.694
G1 F300 Z22.250
G1 F1500 E5504.7749
G1 F2100 X101.648 Y148.305 E5506.7127
G1 X148.351 Y148.305 E5508.6544
G1 X148.351 Y101.694 E5510.5923
G1 X101.648 Y101.694 E5512.5340
G0 F3900 X100.435 Y100.484
;TYPE:WALL-INNER
;WIDTH:0.400
;FLOW:90.0
G1 F2400 X149.565 Y100.484 E5514.3723
G1 X149.565 Y149.515 E5516.2069
G1 X100.435 Y149.515 E5518.0452
G1 X100.435 Y100.484 E5519.8799
G0 F3900 X101.248 Y101.294
G1 F2400 X101.248 Y148.705 E5521.6539
G1 X148.751 Y148.705 E5523.4313
G1 X148.751 Y101.294 E5525.2053
G1 X101.248 Y101.294 E5526.9828
G0 F3900 X101.048 Y100.889
;TYPE:GAP-FILL
;WIDTH:0.482
;FLOW:95.0
G1 F3600 X100.876 Y100.925 E5526.9911
G1 X100.842 Y101.094 E5526.9993
;WIDTH:0.414
G1 X100.841 Y148.905 E5528.9538
;WIDTH:0.482
G1 X101.048 Y149.110 E5528.9677
;WIDTH:0.410
G1 X148.951 Y149.110 E5530.9070
;WIDTH:0.482
G1 X149.158 Y148.905 E5530.9208
;WIDTH:0.414
G1 X149.158 Y101.094 E5532.8753
;WIDTH:0.482
G1 X148.951 Y100.889 E5532.8892
;WIDTH:0.410
G1 X101.048 Y100.889 E5534.8284
;PRINTING_TIME: 3435
;REMAINING_TIME: 2849
;LAYER:89
;Z:22.500
;HEIGHT:0.250
;FLOW:100.0
;PRINTING: Flow_Calibration_Cube_0.4_mm.stl
;PRINTING_ID: 0
G1 F2400 E5531.8284
G1 F300 Z22.700
G0 F3900 X100.035 Y100.084
G0 F300 Z22.500
;TYPE:WALL-OUTER
;WIDTH:0.400
G1 F300 Z22.500
G1 F1500 E5534.8284
G1 F2100 X149.965 Y100.084 E5536.9043
G1 X149.965 Y149.915 E5538.9760
G1 X100.035 Y149.915 E5541.0519
G1 X100.035 Y100.084 E5543.1236
G1 F2400 E5540.1236
G1 F300 Z22.700
G0 F3900 X101.648 Y101.694
G1 F300 Z22.500
G1 F1500 E5543.1236
G1 F2100 X101.648 Y148.305 E5545.0615
G1 X148.351 Y148.305 E5547.0032
G1 X148.351 Y101.694 E5548.9410
G1 X101.648 Y101.694 E5550.8827
G0 F3900 X100.435 Y100.484
;TYPE:WALL-INNER
;WIDTH:0.400
;FLOW:90.0
G1 F2400 X149.565 Y100.484 E5552.7210
G1 X149.565 Y149.515 E5554.5557
G1 X100.435 Y149.515 E5556.3940
G1 X100.435 Y100.484 E5558.2286
G0 F3900 X101.248 Y101.294
G1 F2400 X101.248 Y148.705 E5560.0026
G1 X148.751 Y148.705 E5561.7801
G1 X148.751 Y101.294 E5563.5541
G1 X101.248 Y101.294 E5565.3315
G0 F3900 X101.048 Y100.889
;TYPE:GAP-FILL
;WIDTH:0.482
;FLOW:95.0
G1 F3600 X100.876 Y100.925 E5565.3399
G1 X100.842 Y101.094 E5565.3481
;WIDTH:0.414
G1 X100.841 Y148.905 E5567.3026
;WIDTH:0.482
G1 X101.048 Y149.110 E5567.3164
;WIDTH:0.410
G1 X148.951 Y149.110 E5569.2557
;WIDTH:0.482
G1 X149.158 Y148.905 E5569.2696
;WIDTH:0.414
G1 X149.158 Y101.094 E5571.2240
;WIDTH:0.482
G1 X148.951 Y100.889 E5571.2379
;WIDTH:0.410
G1 X101.048 Y100.889 E5573.1772
;PRINTING_TIME: 3461
;REMAINING_TIME: 2823
;LAYER:90
;Z:22.750
;HEIGHT:0.250
;FLOW:100.0
;PRINTING: Flow_Calibration_Cube_0.4_mm.stl
;PRINTING_ID: 0
G1 F2400 E5570.1772
G1 F300 Z22.950
G0 F3900 X100.035 Y100.084
G0 F300 Z22.750
;TYPE:WALL-OUTER
;WIDTH:0.400
G1 F300 Z22.750
G1 F1500 E5573.1772
G1 F2100 X149.965 Y100.084 E5575.2530
G1 X149.965 Y149.915 E5577.3248
G1 X100.035 Y149.915 E5579.4006
G1 X100.035 Y100.084 E5581.4724
G1 F2400 E5578.4724
G1 F300 Z22.950
G0 F3900 X101.648 Y101.694
G1 F300 Z22.750
G1 F1500 E5581.4724
G1 F2100 X101.648 Y148.305 E5583.4102
G1 X148.351 Y148.305 E5585.3519
G1 X148.351 Y101.694 E5587.2898
G1 X101.648 Y101.694 E5589.2314
G0 F3900 X100.435 Y100.484
;TYPE:WALL-INNER
;WIDTH:0.400
;FLOW:90.0
G1 F2400 X149.565 Y100.484 E5591.0698
G1 X149.565 Y149.515 E5592.9044
G1 X100.435 Y149.515 E5594.7427
G1 X100.435 Y100.484 E5596.5774
G0 F3900 X101.248 Y101.294
G1 F2400 X101.248 Y148.705 E5598.3514
G1 X148.751 Y148.705 E5600.1288
G1 X148.751 Y101.294 E5601.9028
G1 X101.248 Y101.294 E5603.6803
G0 F3900 X101.048 Y100.889
;TYPE:GAP-FILL
;WIDTH:0.482
;FLOW:95.0
G1 F3600 X100.876 Y100.925 E5603.6886
G1 X100.842 Y101.094 E5603.6968
;WIDTH:0.414
G1 X100.841 Y148.905 E5605.6513
;WIDTH:0.482
G1 X101.048 Y149.110 E5605.6652
;WIDTH:0.410
G1 X148.951 Y149.110 E5607.6045
;WIDTH:0.482
G1 X149.158 Y148.905 E5607.6183
;WIDTH:0.414
G1 X149.158 Y101.094 E5609.5728
;WIDTH:0.482
G1 X148.951 Y100.889 E5609.5866
;WIDTH:0.410
G1 X101.048 Y100.889 E5611.5259
;PRINTING_TIME: 3486
;REMAINING_TIME: 2797
;LAYER:91
;Z:23.000
;HEIGHT:0.250
;FLOW:100.0
;PRINTING: Flow_Calibration_Cube_0.4_mm.stl
;PRINTING_ID: 0
G1 F2400 E5608.5259
G1 F300 Z23.200
G0 F3900 X100.035 Y100.084
G0 F300 Z23.000
;TYPE:WALL-OUTER
;WIDTH:0.400
G1 F300 Z23.000
G1 F1500 E5611.5259
G1 F2100 X149.965 Y100.084 E5613.6018
G1 X149.965 Y149.915 E5615.6735
G1 X100.035 Y149.915 E5617.7494
G1 X100.035 Y100.084 E5619.8211
G1 F2400 E5616.8211
G1 F300 Z23.200
G0 F3900 X101.648 Y101.694
G1 F300 Z23.000
G1 F1500 E5619.8211
G1 F2100 X101.648 Y148.305 E5621.7590
G1 X148.351 Y148.305 E5623.7006
G1 X148.351 Y101.694 E5625.6385
G1 X101.648 Y101.694 E5627.5802
G0 F3900 X100.435 Y100.484
;TYPE:WALL-INNER
;WIDTH:0.400
;FLOW:90.0
G1 F2400 X149.565 Y100.484 E5629.4185
G1 X149.565 Y149.515 E5631.2531
G1 X100.435 Y149.515 E5633.0915
G1 X100.435 Y100.484 E5634.9261
G0 F3900 X101.248 Y101.294
G1 F2400 X101.248 Y148.705 E5636.7001
G1 X148.751 Y148.705 E5638.4776
G1 X148.751 Y101.294 E5640.2516
G1 X101.248 Y101.294 E5642.0290
G0 F3900 X101.048 Y100.889
;TYPE:GAP-FILL
;WIDTH:0.482
;FLOW:95.0
G1 F3600 X100.876 Y100.925 E5642.0374
G1 X100.842 Y101.094 E5642.0456
;WIDTH:0.414
G1 X100.841 Y148.905 E5644.0000
;WIDTH:0.482
G1 X101.048 Y149.110 E5644.0139
;WIDTH:0.410
G1 X148.951 Y149.110 E5645.9532
;WIDTH:0.482
G1 X149.158 Y148.905 E5645.9671
;WIDTH:0.414
G1 X149.158 Y101.094 E5647.9215
;WIDTH:0.482
G1 X148.951 Y100.889 E5647.9354
;WIDTH:0.410
G1 X101.048 Y100.889 E5649.8747
;PRINTING_TIME: 3512
;REMAINING_TIME: 2772
;LAYER:92
;Z:23.250
;HEIGHT:0.250
;FLOW:100.0
;PRINTING: Flow_Calibration_Cube_0.4_mm.stl
;PRINTING_ID: 0
G1 F2400 E5646.8747
G1 F300 Z23.450
G0 F3900 X100.035 Y100.084
G0 F300 Z23.250
;TYPE:WALL-OUTER
;WIDTH:0.400
G1 F300 Z23.250
G1 F1500 E5649.8747
G1 F2100 X149.965 Y100.084 E5651.9505
G1 X149.965 Y149.915 E5654.0223
G1 X100.035 Y149.915 E5656.0981
G1 X100.035 Y100.084 E5658.1698
G1 F2400 E5655.1698
G1 F300 Z23.450
G0 F3900 X101.648 Y101.694
G1 F300 Z23.250
G1 F1500 E5658.1698
G1 F2100 X101.648 Y148.305 E5660.1077
G1 X148.351 Y148.305 E5662.0494
G1 X148.351 Y101.694 E5663.9873
G1 X101.648 Y101.694 E5665.9289
G0 F3900 X100.435 Y100.484
;TYPE:WALL-INNER
;WIDTH:0.400
;FLOW:90.0
G1 F2400 X149.565 Y100.484 E5667.7673
G1 X149.565 Y149.515 E5669.6019
G1 X100.435 Y149.515 E5671.4402
G1 X100.435 Y100.484 E5673.2748
G0 F3900 X101.248 Y101.294
G1 F2400 X101.248 Y148.705 E5675.0489
G1 X148.751 Y148.705 E5676.8263
G1 X148.751 Y101.294 E5678.6003
G1 X101.248 Y101.294 E5680.3778
G0 F3900 X101.048 Y100.889
;TYPE:GAP-FILL
;WIDTH:0.482
;FLOW:95.0
G1 F3600 X100.876 Y100.925 E5680.3861
G1 X100.842 Y101.094 E5680.3943
;WIDTH:0.414
G1 X100.841 Y148.905 E5682.3488
;WIDTH:0.482
G1 X101.048 Y149.110 E5682.3627
;WIDTH:0.410
G1 X148.951 Y149.110 E5684.3019
;WIDTH:0.482
G1 X149.158 Y148.905 E5684.3158
;WIDTH:0.414
G1 X149.158 Y101.094 E5686.2703
;WIDTH:0.482
G1 X148.951 Y100.889 E5686.2841
;WIDTH:0.410
G1 X101.048 Y100.889 E5688.2234
;PRINTING_TIME: 3538
;REMAINING_TIME: 2746
;LAYER:93
;Z:23.500
;HEIGHT:0.250
;FLOW:100.0
;PRINTING: Flow_Calibration_Cube_0.4_mm.stl
;PRINTING_ID: 0
G1 F2400 E5685.2234
G1 F300 Z23.700
G0 F3900 X100.035 Y100.084
G0 F300 Z23.500
;TYPE:WALL-OUTER
;WIDTH:0.400
G1 F300 Z23.500
G1 F1500 E5688.2234
G1 F2100 X149.965 Y100.084 E5690.2993
G1 X149.965 Y149.915 E5692.3710
G1 X100.035 Y149.915 E5694.4469
G1 X100.035 Y100.084 E5696.5186
G1 F2400 E5693.5186
G1 F300 Z23.700
G0 F3900 X101.648 Y101.694
G1 F300 Z23.500
G1 F1500 E5696.5186
G1 F2100 X101.648 Y148.305 E5698.4565
G1 X148.351 Y148.305 E5700.3981
G1 X148.351 Y101.694 E5702.3360
G1 X101.648 Y101.694 E5704.2777
G0 F3900 X100.435 Y100.484
;TYPE:WALL-INNER
;WIDTH:0.400
;FLOW:90.0
G1 F2400 X149.565 Y100.484 E5706.1160
G1 X149.565 Y149.515 E5707.9506
G1 X100.435 Y149.515 E5709.7890
G1 X100.435 Y100.484 E5711.6236
G0 F3900 X101.248 Y101.294
G1 F2400 X101.248 Y148.705 E5713.3976
G1 X148.751 Y148.705 E5715.1751
G1 X148.751 Y101.294 E5716.9491
G1 X101.248 Y101.294 E5718.7265
G0 F3900 X101.048 Y100.889
;TYPE:GAP-FILL
;WIDTH:0.482
;FLOW:95.0
G1 F3600 X100.876 Y100.925 E5718.7349
G1 X100.842 Y101.094 E5718.7431
;WIDTH:0.414
G1 X100.841 Y148.905 E5720.6975
;WIDTH:0.482
G1 X101.048 Y149.110 E5720.7114
;WIDTH:0.410
G1 X148.951 Y149.110 E5722.6507
;WIDTH:0.482
G1 X149.158 Y148.905 E5722.6646
;WIDTH:0.414
G1 X149.158 Y101.094 E5724.6190
;WIDTH:0.482
G1 X148.951 Y100.889 E5724.6329
;WIDTH:0.410
G1 X101.048 Y100.889 E5726.5722
;PRINTING_TIME: 3563
;REMAINING_TIME: 2720
;LAYER:94
;Z:23.750
;HEIGHT:0.250
;FLOW:100.0
;PRINTING: Flow_Calibration_Cube_0.4_mm.stl
;PRINTING_ID: 0
G1 F2400 E5723.5722
G1 F300 Z23.950
G0 F3900 X100.035 Y100.084
G0 F300 Z23.750
;TYPE:WALL-OUTER
;WIDTH:0.400
G1 F300 Z23.750
G1 F1500 E5726.5722
G1 F2100 X149.965 Y100.084 E5728.6480
G1 X149.965 Y149.915 E5730.7198
G1 X100.035 Y149.915 E5732.7956
G1 X100.035 Y100.084 E5734.8673
G1 F2400 E5731.8673
G1 F300 Z23.950
G0 F3900 X101.648 Y101.694
G1 F300 Z23.750
G1 F1500 E5734.8673
G1 F2100 X101.648 Y148.305 E5736.8052
G1 X148.351 Y148.305 E5738.7469
G1 X148.351 Y101.694 E5740.6847
G1 X101.648 Y101.694 E5742.6264
G0 F3900 X100.435 Y100.484
;TYPE:WALL-INNER
;WIDTH:0.400
;FLOW:90.0
G1 F2400 X149.565 Y100.484 E5744.4648
G1 X149.565 Y149.515 E5746.2994
G1 X100.435 Y149.515 E5748.1377
G1 X100.435 Y100.484 E5749.9723
G0 F3900 X101.248 Y101.294
G1 F2400 X101.248 Y148.705 E5751.7463
G1 X148.751 Y148.705 E5753.5238
G1 X148.751 Y101.294 E5755.2978
G1 X101.248 Y101.294 E5757.0753
G0 F3900 X101.048 Y100.889
;TYPE:GAP-FILL
;WIDTH:0.482
;FLOW:95.0
G1 F3600 X100.876 Y100.925 E5757.0836
G1 X100.842 Y101.094 E5757.0918
;WIDTH:0.414
G1 X100.841 Y148.905 E5759.0463
;WIDTH:0.482
G1 X101.048 Y149.110 E5759.0601
;WIDTH:0.410
G1 X148.951 Y149.110 E5760.9994
;WIDTH:0.482
G1 X149.158 Y148.905 E5761.0133
;WIDTH:0.414
G1 X149.158 Y101.094 E5762.9678
;WIDTH:0.482
G1 X148.951 Y100.889 E5762.9816
;WIDTH:0.410
G1 X101.048 Y100.889 E5764.9209
;PRINTING_TIME: 3589
;REMAINING_TIME: 2695
;LAYER:95
;Z:24.000
;HEIGHT:0.250
;FLOW:100.0
;PRINTING: Flow_Calibration_Cube_0.4_mm.stl
;PRINTING_ID: 0
G1 F2400 E5761.9209
G1 F300 Z24.200
G0 F3900 X100.035 Y100.084
G0 F300 Z24.000
;TYPE:WALL-OUTER
;WIDTH:0.400
G1 F300 Z24.000
G1 F1500 E5764.9209
G1 F2100 X149.965 Y100.084 E5766.9968
G1 X149.965 Y149.915 E5769.0685
G1 X100.035 Y149.915 E5771.1444
G1 X100.035 Y100.084 E5773.2161
G1 F2400 E5770.2161
G1 F300 Z24.200
G0 F3900 X101.648 Y101.694
G1 F300 Z24.000
G1 F1500 E5773.2161
G1 F2100 X101.648 Y148.305 E5775.1539
G1 X148.351 Y148.305 E5777.0956
G1 X148.351 Y101.694 E5779.0335
G1 X101.648 Y101.694 E5780.9752
G0 F3900 X100.435 Y100.484
;TYPE:WALL-INNER
;WIDTH:0.400
;FLOW:90.0
G1 F2400 X149.565 Y100.484 E5782.8135
G1 X149.565 Y149.515 E5784.6481
G1 X100.435 Y149.515 E5786.4865
G1 X100.435 Y100.484 E5788.3211
G0 F3900 X101.248 Y101.294
G1 F2400 X101.248 Y148.705 E5790.0951
G1 X148.751 Y148.705 E5791.8725
G1 X148.751 Y101.294 E5793.6466
G1 X101.248 Y101.294 E5795.4240
G0 F3900 X101.048 Y100.889
;TYPE:GAP-FILL
;WIDTH:0.482
;FLOW:95.0
G1 F3600 X100.876 Y100.925 E5795.4324
G1 X100.842 Y101.094 E5795.4406
;WIDTH:0.414
G1 X100.841 Y148.905 E5797.3950
;WIDTH:0.482
G1 X101.048 Y149.110 E5797.4089
;WIDTH:0.410
G1 X148.951 Y149.110 E5799.3482
;WIDTH:0.482
G1 X149.158 Y148.905 E5799.3621
;WIDTH:0.414
G1 X149.158 Y101.094 E5801.3165
;WIDTH:0.482
G1 X148.951 Y100.889 E5801.3304
;WIDTH:0.410
G1 X101.048 Y100.889 E5803.2697
;PRINTING_TIME: 3615
;REMAINING_TIME: 2669
;LAYER:96
;Z:24.250
;HEIGHT:0.250
;FLOW:100.0
;PRINTING: Flow_Calibration_Cube_0.4_mm.stl
;PRINTING_ID: 0
G1 F2400 E5800.2697
G1 F300 Z24.450
G0 F3900 X100.035 Y100.084
G0 F300 Z24.250
;TYPE:WALL-OUTER
;WIDTH:0.400
G1 F300 Z24.250
G1 F1500 E5803.2697
G1 F2100 X149.965 Y100.084 E5805.3455
G1 X149.965 Y149.915 E5807.4173
G1 X100.035 Y149.915 E5809.4931
G1 X100.035 Y100.084 E5811.5648
G1 F2400 E5808.5648
G1 F300 Z24.450
G0 F3900 X101.648 Y101.694
G1 F300 Z24.250
G1 F1500 E5811.5648
G1 F2100 X101.648 Y148.305 E5813.5027
G1 X148.351 Y148.305 E5815.4444
G1 X148.351 Y101.694 E5817.3822
G1 X101.648 Y101.694 E5819.3239
G0 F3900 X100.435 Y100.484
;TYPE:WALL-INNER
;WIDTH:0.400
;FLOW:90.0
G1 F2400 X149.565 Y100.484 E5821.1623
G1 X149.565 Y149.515 E5822.9969
G1 X100.435 Y149.515 E5824.8352
G1 X100.435 Y100.484 E5826.6698
G0 F3900 X101.248 Y101.294
G1 F2400 X101.248 Y148.705 E5828.4438
G1 X148.751 Y148.705 E5830.2213
G1 X148.751 Y101.294 E5831.9953
G1 X101.248 Y101.294 E5833.7727
G0 F3900 X101.048 Y100.889
;TYPE:GAP-FILL
;WIDTH:0.482
;FLOW:95.0
G1 F3600 X100.876 Y100.925 E5833.7811
G1 X100.842 Y101.094 E5833.7893
;WIDTH:0.414
G1 X100.841 Y148.905 E5835.7438
;WIDTH:0.482
G1 X101.048 Y149.110 E5835.7576
;WIDTH:0.410
G1 X148.951 Y149.110 E5837.6969
;WIDTH:0.482
G1 X149.158 Y148.905 E5837.7108
;WIDTH:0.414
G1 X149.158 Y101.094 E5839.6653
;WIDTH:0.482
G1 X148.951 Y100.889 E5839.6791
;WIDTH:0.410
G1 X101.048 Y100.889 E5841.6184
;PRINTING_TIME: 3640
;REMAINING_TIME: 2643
;LAYER:97
;Z:24.500
;HEIGHT:0.250
;FLOW:100.0
;PRINTING: Flow_Calibration_Cube_0.4_mm.stl
;PRINTING_ID: 0
G1 F2400 E5838.6184
G1 F300 Z24.700
G0 F3900 X100.035 Y100.084
G0 F300 Z24.500
;TYPE:WALL-OUTER
;WIDTH:0.400
G1 F300 Z24.500
G1 F1500 E5841.6184
G1 F2100 X149.965 Y100.084 E5843.6943
G1 X149.965 Y149.915 E5845.7660
G1 X100.035 Y149.915 E5847.8418
G1 X100.035 Y100.084 E5849.9136
G1 F2400 E5846.9136
G1 F300 Z24.700
G0 F3900 X101.648 Y101.694
G1 F300 Z24.500
G1 F1500 E5849.9136
G1 F2100 X101.648 Y148.305 E5851.8514
G1 X148.351 Y148.305 E5853.7931
G1 X148.351 Y101.694 E5855.7310
G1 X101.648 Y101.694 E5857.6727
G0 F3900 X100.435 Y100.484
;TYPE:WALL-INNER
;WIDTH:0.400
;FLOW:90.0
G1 F2400 X149.565 Y100.484 E5859.5110
G1 X149.565 Y149.515 E5861.3456
G1 X100.435 Y149.515 E5863.1840
G1 X100.435 Y100.484 E5865.0186
G0 F3900 X101.248 Y101.294
G1 F2400 X101.248 Y148.705 E5866.7926
G1 X148.751 Y148.705 E5868.5700
G1 X148.751 Y101.294 E5870.3440
G1 X101.248 Y101.294 E5872.1215
G0 F3900 X101.048 Y100.889
;TYPE:GAP-FILL
;WIDTH:0.482
;FLOW:95.0
G1 F3600 X100.876 Y100.925 E5872.1299
G1 X100.842 Y101.094 E5872.1381
;WIDTH:0.414
G1 X100.841 Y148.905 E5874.0925
;WIDTH:0.482
G1 X101.048 Y149.110 E5874.1064
;WIDTH:0.410
G1 X148.951 Y149.110 E5876.0457
;WIDTH:0.482
G1 X149.158 Y148.905 E5876.0595
;WIDTH:0.414
G1 X149.158 Y101.094 E5878.0140
;WIDTH:0.482
G1 X148.951 Y100.889 E5878.0279
;WIDTH:0.410
G1 X101.048 Y100.889 E5879.9672
;PRINTING_TIME: 3666
;REMAINING_TIME: 2618
;LAYER:98
;Z:24.750
;HEIGHT:0.250
;FLOW:100.0
;PRINTING: Flow_Calibration_Cube_0.4_mm.stl
;PRINTING_ID: 0
G1 F2400 E5876.9672
G1 F300 Z24.950
G0 F3900 X100.035 Y100.084
G0 F300 Z24.750
;TYPE:WALL-OUTER
;WIDTH:0.400
G1 F300 Z24.750
G1 F1500 E5879.9672
G1 F2100 X149.965 Y100.084 E5882.0430
G1 X149.965 Y149.915 E5884.1147
G1 X100.035 Y149.915 E5886.1906
G1 X100.035 Y100.084 E5888.2623
G1 F2400 E5885.2623
G1 F300 Z24.950
G0 F3900 X101.648 Y101.694
G1 F300 Z24.750
G1 F1500 E5888.2623
G1 F2100 X101.648 Y148.305 E5890.2002
G1 X148.351 Y148.305 E5892.1419
G1 X148.351 Y101.694 E5894.0797
G1 X101.648 Y101.694 E5896.0214
G0 F3900 X100.435 Y100.484
;TYPE:WALL-INNER
;WIDTH:0.400
;FLOW:90.0
G1 F2400 X149.565 Y100.484 E5897.8597
G1 X149.565 Y149.515 E5899.6944
G1 X100.435 Y149.515 E5901.5327
G1 X100.435 Y100.484 E5903.3673
G0 F3900 X101.248 Y101.294
G1 F2400 X101.248 Y148.705 E5905.1413
G1 X148.751 Y148.705 E5906.9188
G1 X148.751 Y101.294 E5908.6928
G1 X101.248 Y101.294 E5910.4702
G0 F3900 X101.048 Y100.889
;TYPE:GAP-FILL
;WIDTH:0.482
;FLOW:95.0
G1 F3600 X100.876 Y100.925 E5910.4786
G1 X100.842 Y101.094 E5910.4868
;WIDTH:0.414
G1 X100.841 Y148.905 E5912.4413
;WIDTH:0.482
G1 X101.048 Y149.110 E5912.4551
;WIDTH:0.410
G1 X148.951 Y149.110 E5914.3944
;WIDTH:0.482
G1 X149.158 Y148.905 E5914.4083
;WIDTH:0.414
G1 X149.158 Y101.094 E5916.3627
;WIDTH:0.482
G1 X148.951 Y100.889 E5916.3766
;WIDTH:0.410
G1 X101.048 Y100.889 E5918.3159
;PRINTING_TIME: 3692
;REMAINING_TIME: 2592
;LAYER:99
;Z:25.000
;HEIGHT:0.250
;FLOW:100.0
;PRINTING: Flow_Calibration_Cube_0.4_mm.stl
;PRINTING_ID: 0
G1 F2400 E5915.3159
G1 F300 Z25.200
G0 F3900 X100.035 Y100.084
G0 F300 Z25.000
;TYPE:WALL-OUTER
;WIDTH:0.400
G1 F300 Z25.000
G1 F1500 E5918.3159
G1 F2100 X149.965 Y100.084 E5920.3918
G1 X149.965 Y149.915 E5922.4635
G1 X100.035 Y149.915 E5924.5393
G1 X100.035 Y100.084 E5926.6111
G1 F2400 E5923.6111
G1 F300 Z25.200
G0 F3900 X101.648 Y101.694
G1 F300 Z25.000
G1 F1500 E5926.6111
G1 F2100 X101.648 Y148.305 E5928.5489
G1 X148.351 Y148.305 E5930.4906
G1 X148.351 Y101.694 E5932.4285
G1 X101.648 Y101.694 E5934.3702
G0 F3900 X100.435 Y100.484
;TYPE:WALL-INNER
;WIDTH:0.400
;FLOW:90.0
G1 F2400 X149.565 Y100.484 E5936.2085
G1 X149.565 Y149.515 E5938.0431
G1 X100.435 Y149.515 E5939.8814
G1 X100.435 Y100.484 E5941.7161
G0 F3900 X101.248 Y101.294
G1 F2400 X101.248 Y148.705 E5943.4901
G1 X148.751 Y148.705 E5945.2675
G1 X148.751 Y101.294 E5947.0415
G1 X101.248 Y101.294 E5948.8190
G0 F3900 X101.048 Y100.889
;TYPE:GAP-FILL
;WIDTH:0.482
;FLOW:95.0
G1 F3600 X100.876 Y100.925 E5948.8273
G1 X100.842 Y101.094 E5948.8356
;WIDTH:0.414
G1 X100.841 Y148.905 E5950.7900
;WIDTH:0.482
G1 X101.048 Y149.110 E5950.8039
;WIDTH:0.410
G1 X148.951 Y149.110 E5952.7432
;WIDTH:0.482
G1 X149.158 Y148.905 E5952.7570
;WIDTH:0.414
G1 X149.158 Y101.094 E5954.7115
;WIDTH:0.482
G1 X148.951 Y100.889 E5954.7254
;WIDTH:0.410
G1 X101.048 Y100.889 E5956.6647
;PRINTING_TIME: 3717
;REMAINING_TIME: 2566
;LAYER:100
;Z:25.250
;HEIGHT:0.250
;FLOW:100.0
;PRINTING: Flow_Calibration_Cube_0.4_mm.stl
;PRINTING_ID: 0
G1 F2400 E5953.6647
G1 F300 Z25.450
G0 F3900 X100.035 Y100.084
G0 F300 Z25.250
;TYPE:WALL-OUTER
;WIDTH:0.400
G1 F300 Z25.250
G1 F1500 E5956.6647
G1 F2100 X149.965 Y100.084 E5958.7405
G1 X149.965 Y149.915 E5960.8122
G1 X100.035 Y149.915 E5962.8881
G1 X100.035 Y100.084 E5964.9598
G1 F2400 E5961.9598
G1 F300 Z25.450
G0 F3900 X101.648 Y101.694
G1 F300 Z25.250
G1 F1500 E5964.9598
G1 F2100 X101.648 Y148.305 E5966.8977
G1 X148.351 Y148.305 E5968.8394
G1 X148.351 Y101.694 E5970.7772
G1 X101.648 Y101.694 E5972.7189
G0 F3900 X100.435 Y100.484
;TYPE:WALL-INNER
;WIDTH:0.400
;FLOW:90.0
G1 F2400 X149.565 Y100.484 E5974.5572
G1 X149.565 Y149.515 E5976.3919
G1 X100.435 Y149.515 E5978.2302
G1 X100.435 Y100.484 E5980.0648
G0 F3900 X101.248 Y101.294
G1 F2400 X101.248 Y148.705 E5981.8388
G1 X148.751 Y148.705 E5983.6163
G1 X148.751 Y101.294 E5985.3903
G1 X101.248 Y101.294 E5987.1677
G0 F3900 X101.048 Y100.889
;TYPE:GAP-FILL
;WIDTH:0.482
;FLOW:95.0
G1 F3600 X100.876 Y100.925 E5987.1761
G1 X100.842 Y101.094 E5987.1843
;WIDTH:0.414
G1 X100.841 Y148.905 E5989.1388
;WIDTH:0.482
G1 X101.048 Y149.110 E5989.1526
;WIDTH:0.410
G1 X148.951 Y149.110 E5991.0919
;WIDTH:0.482
G1 X149.158 Y148.905 E5991.1058
;WIDTH:0.414
G1 X149.158 Y101.094 E5993.0602
;WIDTH:0.482
G1 X148.951 Y100.889 E5993.0741
;WIDTH:0.410
G1 X101.048 Y100.889 E5995.0134
;PRINTING_TIME: 3743
;REMAINING_TIME: 2541
;LAYER:101
;Z:25.500
;HEIGHT:0.250
;FLOW:100.0
;PRINTING: Flow_Calibration_Cube_0.4_mm.stl
;PRINTING_ID: 0
G1 F2400 E5992.0134
G1 F300 Z25.700
G0 F3900 X100.035 Y100.084
G0 F300 Z25.500
;TYPE:WALL-OUTER
;WIDTH:0.400
G1 F300 Z25.500
G1 F1500 E5995.0134
G1 F2100 X149.965 Y100.084 E5997.0892
G1 X149.965 Y149.915 E5999.1610
G1 X100.035 Y149.915 E6001.2368
G1 X100.035 Y100.084 E6003.3086
G1 F2400 E6000.3086
G1 F300 Z25.700
G0 F3900 X101.648 Y101.694
G1 F300 Z25.500
G1 F1500 E6003.3086
G1 F2100 X101.648 Y148.305 E6005.2464
G1 X148.351 Y148.305 E6007.1881
G1 X148.351 Y101.694 E6009.1260
G1 X101.648 Y101.694 E6011.0677
G0 F3900 X100.435 Y100.484
;TYPE:WALL-INNER
;WIDTH:0.400
;FLOW:90.0
G1 F2400 X149.565 Y100.484 E6012.9060
G1 X149.565 Y149.515 E6014.7406
G1 X100.435 Y149.515 E6016.5789
G1 X100.435 Y100.484 E6018.4136
G0 F3900 X101.248 Y101.294
G1 F2400 X101.248 Y148.705 E6020.1876
G1 X148.751 Y148.705 E6021.9650
G1 X148.751 Y101.294 E6023.7390
G1 X101.248 Y101.294 E6025.5165
G0 F3900 X101.048 Y100.889
;TYPE:GAP-FILL
;WIDTH:0.482
;FLOW:95.0
G1 F3600 X100.876 Y100.925 E6025.5248
G1 X100.842 Y101.094 E6025.5330
;WIDTH:0.414
G1 X100.841 Y148.905 E6027.4875
;WIDTH:0.482
G1 X101.048 Y149.110 E6027.5014
;WIDTH:0.410
G1 X148.951 Y149.110 E6029.4407
;WIDTH:0.482
G1 X149.158 Y148.905 E6029.4545
;WIDTH:0.414
G1 X149.158 Y101.094 E6031.4090
;WIDTH:0.482
G1 X148.951 Y100.889 E6031.4228
;WIDTH:0.410
G1 X101.048 Y100.889 E6033.3621
;PRINTING_TIME: 3769
;REMAINING_TIME: 2515
;LAYER:102
;Z:25.750
;HEIGHT:0.250
;FLOW:100.0
;PRINTING: Flow_Calibration_Cube_0.4_mm.stl
;PRINTING_ID: 0
G1 F2400 E6030.3621
G1 F300 Z25.950
G0 F3900 X100.035 Y100.084
G0 F300 Z25.750
;TYPE:WALL-OUTER
;WIDTH:0.400
G1 F300 Z25.750
G1 F1500 E6033.3621
G1 F2100 X149.965 Y100.084 E6035.4380
G1 X149.965 Y149.915 E6037.5097
G1 X100.035 Y149.915 E6039.5856
G1 X100.035 Y100.084 E6041.6573
G1 F2400 E6038.6573
G1 F300 Z25.950
G0 F3900 X101.648 Y101.694
G1 F300 Z25.750
G1 F1500 E6041.6573
G1 F2100 X101.648 Y148.305 E6043.5952
G1 X148.351 Y148.305 E6045.5369
G1 X148.351 Y101.694 E6047.4747
G1 X101.648 Y101.694 E6049.4164
G0 F3900 X100.435 Y100.484
;TYPE:WALL-INNER
;WIDTH:0.400
;FLOW:90.0
G1 F2400 X149.565 Y100.484 E6051.2547
G1 X149.565 Y149.515 E6053.0894
G1 X100.435 Y149.515 E6054.9277
G1 X100.435 Y100.484 E6056.7623
G0 F3900 X101.248 Y101.294
G1 F2400 X101.248 Y148.705 E6058.5363
G1 X148.751 Y148.705 E6060.3138
G1 X148.751 Y101.294 E6062.0878
G1 X101.248 Y101.294 E6063.8652
G0 F3900 X101.048 Y100.889
;TYPE:GAP-FILL
;WIDTH:0.482
;FLOW:95.0
G1 F3600 X100.876 Y100.925 E6063.8736
G1 X100.842 Y101.094 E6063.8818
;WIDTH:0.414
G1 X100.841 Y148.905 E6065.8362
;WIDTH:0.482
G1 X101.048 Y149.110 E6065.8501
;WIDTH:0.410
G1 X148.951 Y149.110 E6067.7894
;WIDTH:0.482
G1 X149.158 Y148.905 E6067.8033
;WIDTH:0.414
G1 X149.158 Y101.094 E6069.7577
;WIDTH:0.482
G1 X148.951 Y100.889 E6069.7716
;WIDTH:0.410
G1 X101.048 Y100.889 E6071.7109
;PRINTING_TIME: 3794
;REMAINING_TIME: 2490
;LAYER:103
;Z:26.000
;HEIGHT:0.250
;FLOW:100.0
;PRINTING: Flow_Calibration_Cube_0.4_mm.stl
;PRINTING_ID: 0
G1 F2400 E6068.7109
G1 F300 Z26.200
G0 F3900 X100.035 Y100.084
G0 F300 Z26.000
;TYPE:WALL-OUTER
;WIDTH:0.400
G1 F300 Z26.000
G1 F1500 E6071.7109
G1 F2100 X149.965 Y100.084 E6073.7867
G1 X149.965 Y149.915 E6075.8585
G1 X100.035 Y149.915 E6077.9343
G1 X100.035 Y100.084 E6080.0061
G1 F2400 E6077.0061
G1 F300 Z26.200
G0 F3900 X101.648 Y101.694
G1 F300 Z26.000
G1 F1500 E6080.0061
G1 F2100 X101.648 Y148.305 E6081.9439
G1 X148.351 Y148.305 E6083.8856
G1 X148.351 Y101.694 E6085.8235
G1 X101.648 Y101.694 E6087.7651
G0 F3900 X100.435 Y100.484
;TYPE:WALL-INNER
;WIDTH:0.400
;FLOW:90.0
G1 F2400 X149.565 Y100.484 E6089.6035
G1 X149.565 Y149.515 E6091.4381
G1 X100.435 Y149.515 E6093.2764
G1 X100.435 Y100.484 E6095.1111
G0 F3900 X101.248 Y101.294
G1 F2400 X101.248 Y148.705 E6096.8851
G1 X148.751 Y148.705 E6098.6625
G1 X148.751 Y101.294 E6100.4365
G1 X101.248 Y101.294 E6102.2140
G0 F3900 X101.048 Y100.889
;TYPE:GAP-FILL
;WIDTH:0.482
;FLOW:95.0
G1 F3600 X100.876 Y100.925 E6102.2223
G1 X100.842 Y101.094 E6102.2305
;WIDTH:0.414
G1 X100.841 Y148.905 E6104.1850
;WIDTH:0.482
G1 X101.048 Y149.110 E6104.1989
;WIDTH:0.410
G1 X148.951 Y149.110 E6106.1382
;WIDTH:0.482
G1 X149.158 Y148.905 E6106.1520
;WIDTH:0.414
G1 X149.158 Y101.094 E6108.1065
;WIDTH:0.482
G1 X148.951 Y100.889 E6108.1203
;WIDTH:0.410
G1 X101.048 Y100.889 E6110.0596
;PRINTING_TIME: 3820
;REMAINING_TIME: 2464
;LAYER:104
;Z:26.250
;HEIGHT:0.250
;FLOW:100.0
;PRINTING: Flow_Calibration_Cube_0.4_mm.stl
;PRINTING_ID: 0
G1 F2400 E6107.0596
G1 F300 Z26.450
G0 F3900 X100.035 Y100.084
G0 F300 Z26.250
;TYPE:WALL-OUTER
;WIDTH:0.400
G1 F300 Z26.250
G1 F1500 E6110.0596
G1 F2100 X149.965 Y100.084 E6112.1355
G1 X149.965 Y149.915 E6114.2072
G1 X100.035 Y149.915 E6116.2831
G1 X100.035 Y100.084 E6118.3548
G1 F2400 E6115.3548
G1 F300 Z26.450
G0 F3900 X101.648 Y101.694
G1 F300 Z26.250
G1 F1500 E6118.3548
G1 F2100 X101.648 Y148.305 E6120.2927
G1 X148.351 Y148.305 E6122.2343
G1 X148.351 Y101.694 E6124.1722
G1 X101.648 Y101.694 E6126.1139
G0 F3900 X100.435 Y100.484
;TYPE:WALL-INNER
;WIDTH:0.400
;FLOW:90.0
G1 F2400 X149.565 Y100.484 E6127.9522
G1 X149.565 Y149.515 E6129.7868
G1 X100.435 Y149.515 E6131.6252
G1 X100.435 Y100.484 E6133.4598
G0 F3900 X101.248 Y101.294
G1 F2400 X101.248 Y148.705 E6135.2338
G1 X148.751 Y148.705 E6137.0113
G1 X148.751 Y101.294 E6138.7853
G1 X101.248 Y101.294 E6140.5627
G0 F3900 X101.048 Y100.889
;TYPE:GAP-FILL
;WIDTH:0.482
;FLOW:95.0
G1 F3600 X100.876 Y100.925 E6140.5711
G1 X100.842 Y101.094 E6140.5793
;WIDTH:0.414
G1 X100.841 Y148.905 E6142.5337
;WIDTH:0.482
G1 X101.048 Y149.110 E6142.5476
;WIDTH:0.410
G1 X148.951 Y149.110 E6144.4869
;WIDTH:0.482
G1 X149.158 Y148.905 E6144.5008
;WIDTH:0.414
G1 X149.158 Y101.094 E6146.4552
;WIDTH:0.482
G1 X148.951 Y100.889 E6146.4691
;WIDTH:0.410
G1 X101.048 Y100.889 E6148.4084
;PRINTING_TIME: 3846
;REMAINING_TIME: 2438
;LAYER:105
;Z:26.500
;HEIGHT:0.250
;FLOW:100.0
;PRINTING: Flow_Calibration_Cube_0.4_mm.stl
;PRINTING_ID: 0
G1 F2400 E6145.4084
G1 F300 Z26.700
G0 F3900 X100.035 Y100.084
G0 F300 Z26.500
;TYPE:WALL-OUTER
;WIDTH:0.400
G1 F300 Z26.500
G1 F1500 E6148.4084
G1 F2100 X149.965 Y100.084 E6150.4842
G1 X149.965 Y149.915 E6152.5560
G1 X100.035 Y149.915 E6154.6318
G1 X100.035 Y100.084 E6156.7035
G1 F2400 E6153.7035
G1 F300 Z26.700
G0 F3900 X101.648 Y101.694
G1 F300 Z26.500
G1 F1500 E6156.7035
G1 F2100 X101.648 Y148.305 E6158.6414
G1 X148.351 Y148.305 E6160.5831
G1 X148.351 Y101.694 E6162.5209
G1 X101.648 Y101.694 E6164.4626
G0 F3900 X100.435 Y100.484
;TYPE:WALL-INNER
;WIDTH:0.400
;FLOW:90.0
G1 F2400 X149.565 Y100.484 E6166.3010
G1 X149.565 Y149.515 E6168.1356
G1 X100.435 Y149.515 E6169.9739
G1 X100.435 Y100.484 E6171.8085
G0 F3900 X101.248 Y101.294
G1 F2400 X101.248 Y148.705 E6173.5825
G1 X148.751 Y148.705 E6175.3600
G1 X148.751 Y101.294 E6177.1340
G1 X101.248 Y101.294 E6178.9115
G0 F3900 X101.048 Y100.889
;TYPE:GAP-FILL
;WIDTH:0.482
;FLOW:95.0
G1 F3600 X100.876 Y100.925 E6178.9198
G1 X100.842 Y101.094 E6178.9280
;WIDTH:0.414
G1 X100.841 Y148.905 E6180.8825
;WIDTH:0.482
G1 X101.048 Y149.110 E6180.8963
;WIDTH:0.410
G1 X148.951 Y149.110 E6182.8356
;WIDTH:0.482
G1 X149.158 Y148.905 E6182.8495
;WIDTH:0.414
G1 X149.158 Y101.094 E6184.8040
;WIDTH:0.482
G1 X148.951 Y100.889 E6184.8178
;WIDTH:0.410
G1 X101.048 Y100.889 E6186.7571
;PRINTING_TIME: 3871
;REMAINING_TIME: 2413
;LAYER:106
;Z:26.750
;HEIGHT:0.250
;FLOW:100.0
;PRINTING: Flow_Calibration_Cube_0.4_mm.stl
;PRINTING_ID: 0
G1 F2400 E6183.7571
G1 F300 Z26.950
G0 F3900 X100.035 Y100.084
G0 F300 Z26.750
;TYPE:WALL-OUTER
;WIDTH:0.400
G1 F300 Z26.750
G1 F1500 E6186.7571
G1 F2100 X149.965 Y100.084 E6188.8330
G1 X149.965 Y149.915 E6190.9047
G1 X100.035 Y149.915 E6192.9806
G1 X100.035 Y100.084 E6195.0523
G1 F2400 E6192.0523
G1 F300 Z26.950
G0 F3900 X101.648 Y101.694
G1 F300 Z26.750
G1 F1500 E6195.0523
G1 F2100 X101.648 Y148.305 E6196.9901
G1 X148.351 Y148.305 E6198.9318
G1 X148.351 Y101.694 E6200.8697
G1 X101.648 Y101.694 E6202.8114
G0 F3900 X100.435 Y100.484
;TYPE:WALL-INNER
;WIDTH:0.400
;FLOW:90.0
G1 F2400 X149.565 Y100.484 E6204.6497
G1 X149.565 Y149.515 E6206.4843
G1 X100.435 Y149.515 E6208.3227
G1 X100.435 Y100.484 E6210.1573
G0 F3900 X101.248 Y101.294
G1 F2400 X101.248 Y148.705 E6211.9313
G1 X148.751 Y148.705 E6213.7087
G1 X148.751 Y101.294 E6215.4828
G1 X101.248 Y101.294 E6217.2602
G0 F3900 X101.048 Y100.889
;TYPE:GAP-FILL
;WIDTH:0.482
;FLOW:95.0
G1 F3600 X100.876 Y100.925 E6217.2686
G1 X100.842 Y101.094 E6217.2768
;WIDTH:0.414
G1 X100.841 Y148.905 E6219.2312
;WIDTH:0.482
G1 X101.048 Y149.110 E6219.2451
;WIDTH:0.410
G1 X148.951 Y149.110 E6221.1844
;WIDTH:0.482
G1 X149.158 Y148.905 E6221.1983
;WIDTH:0.414
G1 X149.158 Y101.094 E6223.1527
;WIDTH:0.482
G1 X148.951 Y100.889 E6223.1666
;WIDTH:0.410
G1 X101.048 Y100.889 E6225.1059
;PRINTING_TIME: 3897
;REMAINING_TIME: 2387
;LAYER:107
;Z:27.000
;HEIGHT:0.250
;FLOW:100.0
;PRINTING: Flow_Calibration_Cube_0.4_mm.stl
;PRINTING_ID: 0
G1 F2400 E6222.1059
G1 F300 Z27.200
G0 F3900 X100.035 Y100.084
G0 F300 Z27.000
;TYPE:WALL-OUTER
;WIDTH:0.400
G1 F300 Z27.000
G1 F1500 E6225.1059
G1 F2100 X149.965 Y100.084 E6227.1817
G1 X149.965 Y149.915 E6229.2535
G1 X100.035 Y149.915 E6231.3293
G1 X100.035 Y100.084 E6233.4010
G1 F2400 E6230.4010
G1 F300 Z27.200
G0 F3900 X101.648 Y101.694
G1 F300 Z27.000
G1 F1500 E6233.4010
G1 F2100 X101.648 Y148.305 E6235.3389
G1 X148.351 Y148.305 E6237.2806
G1 X148.351 Y101.694 E6239.2184
G1 X101.648 Y101.694 E6241.1601
G0 F3900 X100.435 Y100.484
;TYPE:WALL-INNER
;WIDTH:0.400
;FLOW:90.0
G1 F2400 X149.565 Y100.484 E6242.9985
G1 X149.565 Y149.515 E6244.8331
G1 X100.435 Y149.515 E6246.6714
G1 X100.435 Y100.484 E6248.5060
G0 F3900 X101.248 Y101.294
G1 F2400 X101.248 Y148.705 E6250.2800
G1 X148.751 Y148.705 E6252.0575
G1 X148.751 Y101.294 E6253.8315
G1 X101.248 Y101.294 E6255.6090
G0 F3900 X101.048 Y100.889
;TYPE:GAP-FILL
;WIDTH:0.482
;FLOW:95.0
G1 F3600 X100.876 Y100.925 E6255.6173
G1 X100.842 Y101.094 E6255.6255
;WIDTH:0.414
G1 X100.841 Y148.905 E6257.5800
;WIDTH:0.482
G1 X101.048 Y149.110 E6257.5938
;WIDTH:0.410
G1 X148.951 Y149.110 E6259.5331
;WIDTH:0.482
G1 X149.158 Y148.905 E6259.5470
;WIDTH:0.414
G1 X149.158 Y101.094 E6261.5015
;WIDTH:0.482
G1 X148.951 Y100.889 E6261.5153
;WIDTH:0.410
G1 X101.048 Y100.889 E6263.4546
;PRINTING_TIME: 3923
;REMAINING_TIME: 2361
;LAYER:108
;Z:27.250
;HEIGHT:0.250
;FLOW:100.0
;PRINTING: Flow_Calibration_Cube_0.4_mm.stl
;PRINTING_ID: 0
G1 F2400 E6260.4546
G1 F300 Z27.450
G0 F3900 X100.035 Y100.084
G0 F300 Z27.250
;TYPE:WALL-OUTER
;WIDTH:0.400
G1 F300 Z27.250
G1 F1500 E6263.4546
G1 F2100 X149.965 Y100.084 E6265.5305
G1 X149.965 Y149.915 E6267.6022
G1 X100.035 Y149.915 E6269.6780
G1 X100.035 Y100.084 E6271.7498
G1 F2400 E6268.7498
G1 F300 Z27.450
G0 F3900 X101.648 Y101.694
G1 F300 Z27.250
G1 F1500 E6271.7498
G1 F2100 X101.648 Y148.305 E6273.6876
G1 X148.351 Y148.305 E6275.6293
G1 X148.351 Y101.694 E6277.5672
G1 X101.648 Y101.694 E6279.5089
G0 F3900 X100.435 Y100.484
;TYPE:WALL-INNER
;WIDTH:0.400
;FLOW:90.0
G1 F2400 X149.565 Y100.484 E6281.3472
G1 X149.565 Y149.515 E6283.1818
G1 X100.435 Y149.515 E6285.0202
G1 X100.435 Y100.484 E6286.8548
G0 F3900 X101.248 Y101.294
G1 F2400 X101.248 Y148.705 E6288.6288
G1 X148.751 Y148.705 E6290.4062
G1 X148.751 Y101.294 E6292.1802
G1 X101.248 Y101.294 E6293.9577
G0 F3900 X101.048 Y100.889
;TYPE:GAP-FILL
;WIDTH:0.482
;FLOW:95.0
G1 F3600 X100.876 Y100.925 E6293.9661
G1 X100.842 Y101.094 E6293.9743
;WIDTH:0.414
G1 X100.841 Y148.905 E6295.9287
;WIDTH:0.482
G1 X101.048 Y149.110 E6295.9426
;WIDTH:0.410
G1 X148.951 Y149.110 E6297.8819
;WIDTH:0.482
G1 X149.158 Y148.905 E6297.8957
;WIDTH:0.414
G1 X149.158 Y101.094 E6299.8502
;WIDTH:0.482
G1 X148.951 Y100.889 E6299.8641
;WIDTH:0.410
G1 X101.048 Y100.889 E6301.8034
;PRINTING_TIME: 3948
;REMAINING_TIME: 2336
;LAYER:109
;Z:27.500
;HEIGHT:0.250
;FLOW:100.0
;PRINTING: Flow_Calibration_Cube_0.4_mm.stl
;PRINTING_ID: 0
G1 F2400 E6298.8034
G1 F300 Z27.700
G0 F3900 X100.035 Y100.084
G0 F300 Z27.500
;TYPE:WALL-OUTER
;WIDTH:0.400
G1 F300 Z27.500
G1 F1500 E6301.8034
G1 F2100 X149.965 Y100.084 E6303.8792
G1 X149.965 Y149.915 E6305.9509
G1 X100.035 Y149.915 E6308.0268
G1 X100.035 Y100.084 E6310.0985
G1 F2400 E6307.0985
G1 F300 Z27.700
G0 F3900 X101.648 Y101.694
G1 F300 Z27.500
G1 F1500 E6310.0985
G1 F2100 X101.648 Y148.305 E6312.0364
G1 X148.351 Y148.305 E6313.9781
G1 X148.351 Y101.694 E6315.9159
G1 X101.648 Y101.694 E6317.8576
G0 F3900 X100.435 Y100.484
;TYPE:WALL-INNER
;WIDTH:0.400
;FLOW:90.0
G1 F2400 X149.565 Y100.484 E6319.6959
G1 X149.565 Y149.515 E6321.5306
G1 X100.435 Y149.515 E6323.3689
G1 X100.435 Y100.484 E6325.2035
G0 F3900 X101.248 Y101.294
G1 F2400 X101.248 Y148.705 E6326.9775
G1 X148.751 Y148.705 E6328.7550
G1 X148.751 Y101.294 E6330.5290
G1 X101.248 Y101.294 E6332.3064
G0 F3900 X101.048 Y100.889
;TYPE:GAP-FILL
;WIDTH:0.482
;FLOW:95.0
G1 F3600 X100.876 Y100.925 E6332.3148
G1 X100.842 Y101.094 E6332.3230
;WIDTH:0.414
G1 X100.841 Y148.905 E6334.2775
;WIDTH:0.482
G1 X101.048 Y149.110 E6334.2913
;WIDTH:0.410
G1 X148.951 Y149.110 E6336.2306
;WIDTH:0.482
G1 X149.158 Y148.905 E6336.2445
;WIDTH:0.414
G1 X149.158 Y101.094 E6338.1989
;WIDTH:0.482
G1 X148.951 Y100.889 E6338.2128
;WIDTH:0.410
G1 X101.048 Y100.889 E6340.1521
;PRINTING_TIME: 3974
;REMAINING_TIME: 2310
;LAYER:110
;Z:27.750
;HEIGHT:0.250
;FLOW:100.0
;PRINTING: Flow_Calibration_Cube_0.4_mm.stl
;PRINTING_ID: 0
G1 F2400 E6337.1521
G1 F300 Z27.950
G0 F3900 X100.035 Y100.084
G0 F300 Z27.750
;TYPE:WALL-OUTER
;WIDTH:0.400
G1 F300 Z27.750
G1 F1500 E6340.1521
G1 F2100 X149.965 Y100.084 E6342.2280
G1 X149.965 Y149.915 E6344.2997
G1 X100.035 Y149.915 E6346.3755
G1 X100.035 Y100.084 E6348.4473
G1 F2400 E6345.4473
G1 F300 Z27.950
G0 F3900 X101.648 Y101.694
G1 F300 Z27.750
G1 F1500 E6348.4473
G1 F2100 X101.648 Y148.305 E6350.3851
G1 X148.351 Y148.305 E6352.3268
G1 X148.351 Y101.694 E6354.2647
G1 X101.648 Y101.694 E6356.2064
G0 F3900 X100.435 Y100.484
;TYPE:WALL-INNER
;WIDTH:0.400
;FLOW:90.0
G1 F2400 X149.565 Y100.484 E6358.0447
G1 X149.565 Y149.515 E6359.8793
G1 X100.435 Y149.515 E6361.7176
G1 X100.435 Y100.484 E6363.5523
G0 F3900 X101.248 Y101.294
G1 F2400 X101.248 Y148.705 E6365.3263
G1 X148.751 Y148.705 E6367.1037
G1 X148.751 Y101.294 E6368.8777
G1 X101.248 Y101.294 E6370.6552
G0 F3900 X101.048 Y100.889
;TYPE:GAP-FILL
;WIDTH:0.482
;FLOW:95.0
G1 F3600 X100.876 Y100.925 E6370.6636
G1 X100.842 Y101.094 E6370.6718
;WIDTH:0.414
G1 X100.841 Y148.905 E6372.6262
;WIDTH:0.482
G1 X101.048 Y149.110 E6372.6401
;WIDTH:0.410
G1 X148.951 Y149.110 E6374.5794
;WIDTH:0.482
G1 X149.158 Y148.905 E6374.5932
;WIDTH:0.414
G1 X149.158 Y101.094 E6376.5477
;WIDTH:0.482
G1 X148.951 Y100.889 E6376.5616
;WIDTH:0.410
G1 X101.048 Y100.889 E6378.5009
;PRINTING_TIME: 4000
;REMAINING_TIME: 2284
;LAYER:111
;Z:28.000
;HEIGHT:0.250
;FLOW:100.0
;PRINTING: Flow_Calibration_Cube_0.4_mm.stl
;PRINTING_ID: 0
G1 F2400 E6375.5009
G1 F300 Z28.200
G0 F3900 X100.035 Y100.084
G0 F300 Z28.000
;TYPE:WALL-OUTER
;WIDTH:0.400
G1 F300 Z28.000
G1 F1500 E6378.5009
G1 F2100 X149.965 Y100.084 E6380.5767
G1 X149.965 Y149.915 E6382.6484
G1 X100.035 Y149.915 E6384.7243
G1 X100.035 Y100.084 E6386.7960
G1 F2400 E6383.7960
G1 F300 Z28.200
G0 F3900 X101.648 Y101.694
G1 F300 Z28.000
G1 F1500 E6386.7960
G1 F2100 X101.648 Y148.305 E6388.7339
G1 X148.351 Y148.305 E6390.6756
G1 X148.351 Y101.694 E6392.6134
G1 X101.648 Y101.694 E6394.5551
G0 F3900 X100.435 Y100.484
;TYPE:WALL-INNER
;WIDTH:0.400
;FLOW:90.0
G1 F2400 X149.565 Y100.484 E6396.3934
G1 X149.565 Y149.515 E6398.2281
G1 X100.435 Y149.515 E6400.0664
G1 X100.435 Y100.484 E6401.9010
G0 F3900 X101.248 Y101.294
G1 F2400 X101.248 Y148.705 E6403.6750
G1 X148.751 Y148.705 E6405.4525
G1 X148.751 Y101.294 E6407.2265
G1 X101.248 Y101.294 E6409.0039
G0 F3900 X101.048 Y100.889
;TYPE:GAP-FILL
;WIDTH:0.482
;FLOW:95.0
G1 F3600 X100.876 Y100.925 E6409.0123
G1 X100.842 Y101.094 E6409.0205
;WIDTH:0.414
G1 X100.841 Y148.905 E6410.9750
;WIDTH:0.482
G1 X101.048 Y149.110 E6410.9888
;WIDTH:0.410
G1 X148.951 Y149.110 E6412.9281
;WIDTH:0.482
G1 X149.158 Y148.905 E6412.9420
;WIDTH:0.414
G1 X149.158 Y101.094 E6414.8964
;WIDTH:0.482
G1 X148.951 Y100.889 E6414.9103
;WIDTH:0.410
G1 X101.048 Y100.889 E6416.8496
;PRINTING_TIME: 4025
;REMAINING_TIME: 2259
;LAYER:112
;Z:28.250
;HEIGHT:0.250
;FLOW:100.0
;PRINTING: Flow_Calibration_Cube_0.4_mm.stl
;PRINTING_ID: 0
G1 F2400 E6413.8496
G1 F300 Z28.450
G0 F3900 X100.035 Y100.084
G0 F300 Z28.250
;TYPE:WALL-OUTER
;WIDTH:0.400
G1 F300 Z28.250
G1 F1500 E6416.8496
G1 F2100 X149.965 Y100.084 E6418.9255
G1 X149.965 Y149.915 E6420.9972
G1 X100.035 Y149.915 E6423.0730
G1 X100.035 Y100.084 E6425.1448
G1 F2400 E6422.1448
G1 F300 Z28.450
G0 F3900 X101.648 Y101.694
G1 F300 Z28.250
G1 F1500 E6425.1448
G1 F2100 X101.648 Y148.305 E6427.0826
G1 X148.351 Y148.305 E6429.0243
G1 X148.351 Y101.694 E6430.9622
G1 X101.648 Y101.694 E6432.9039
G0 F3900 X100.435 Y100.484
;TYPE:WALL-INNER
;WIDTH:0.400
;FLOW:90.0
G1 F2400 X149.565 Y100.484 E6434.7422
G1 X149.565 Y149.515 E6436.5768
G1 X100.435 Y149.515 E6438.4151
G1 X100.435 Y100.484 E6440.2498
G0 F3900 X101.248 Y101.294
G1 F2400 X101.248 Y148.705 E6442.0238
G1 X148.751 Y148.705 E6443.8012
G1 X148.751 Y101.294 E6445.5752
G1 X101.248 Y101.294 E6447.3527
G0 F3900 X101.048 Y100.889
;TYPE:GAP-FILL
;WIDTH:0.482
;FLOW:95.0
G1 F3600 X100.876 Y100.925 E6447.3610
G1 X100.842 Y101.094 E6447.3692
;WIDTH:0.414
G1 X100.841 Y148.905 E6449.3237
;WIDTH:0.482
G1 X101.048 Y149.110 E6449.3376
;WIDTH:0.410
G1 X148.951 Y149.110 E6451.2769
;WIDTH:0.482
G1 X149.158 Y148.905 E6451.2907
;WIDTH:0.414
G1 X149.158 Y101.094 E6453.2452
;WIDTH:0.482
G1 X148.951 Y100.889 E6453.2591
;WIDTH:0.410
G1 X101.048 Y100.889 E6455.1983
;PRINTING_TIME: 4051
;REMAINING_TIME: 2233
;LAYER:113
;Z:28.500
;HEIGHT:0.250
;FLOW:100.0
;PRINTING: Flow_Calibration_Cube_0.4_mm.stl
;PRINTING_ID: 0
G1 F2400 E6452.1983
G1 F300 Z28.700
G0 F3900 X100.035 Y100.084
G0 F300 Z28.500
;TYPE:WALL-OUTER
;WIDTH:0.400
G1 F300 Z28.500
G1 F1500 E6455.1983
G1 F2100 X149.965 Y100.084 E6457.2742
G1 X149.965 Y149.915 E6459.3459
G1 X100.035 Y149.915 E6461.4218
G1 X100.035 Y100.084 E6463.4935
G1 F2400 E6460.4935
G1 F300 Z28.700
G0 F3900 X101.648 Y101.694
G1 F300 Z28.500
G1 F1500 E6463.4935
G1 F2100 X101.648 Y148.305 E6465.4314
G1 X148.351 Y148.305 E6467.3731
G1 X148.351 Y101.694 E6469.3109
G1 X101.648 Y101.694 E6471.2526
G0 F3900 X100.435 Y100.484
;TYPE:WALL-INNER
;WIDTH:0.400
;FLOW:90.0
G1 F2400 X149.565 Y100.484 E6473.0909
G1 X149.565 Y149.515 E6474.9256
G1 X100.435 Y149.515 E6476.7639
G1 X100.435 Y100.484 E6478.5985
G0 F3900 X101.248 Y101.294
G1 F2400 X101.248 Y148.705 E6480.3725
G1 X148.751 Y148.705 E6482.1500
G1 X148.751 Y101.294 E6483.9240
G1 X101.248 Y101.294 E6485.7014
G0 F3900 X101.048 Y100.889
;TYPE:GAP-FILL
;WIDTH:0.482
;FLOW:95.0
G1 F3600 X100.876 Y100.925 E6485.7098
G1 X100.842 Y101.094 E6485.7180
;WIDTH:0.414
G1 X100.841 Y148.905 E6487.6724
;WIDTH:0.482
G1 X101.048 Y149.110 E6487.6863
;WIDTH:0.410
G1 X148.951 Y149.110 E6489.6256
;WIDTH:0.482
G1 X149.158 Y148.905 E6489.6395
;WIDTH:0.414
G1 X149.158 Y101.094 E6491.5939
;WIDTH:0.482
G1 X148.951 Y100.889 E6491.6078
;WIDTH:0.410
G1 X101.048 Y100.889 E6493.5471
;PRINTING_TIME: 4077
;REMAINING_TIME: 2207
;LAYER:114
;Z:28.750
;HEIGHT:0.250
;FLOW:100.0
;PRINTING: Flow_Calibration_Cube_0.4_mm.stl
;PRINTING_ID: 0
G1 F2400 E6490.5471
G1 F300 Z28.950
G0 F3900 X100.035 Y100.084
G0 F300 Z28.750
;TYPE:WALL-OUTER
;WIDTH:0.400
G1 F300 Z28.750
G1 F1500 E6493.5471
G1 F2100 X149.965 Y100.084 E6495.6229
G1 X149.965 Y149.915 E6497.6947
G1 X100.035 Y149.915 E6499.7705
G1 X100.035 Y100.084 E6501.8423
G1 F2400 E6498.8423
G1 F300 Z28.950
G0 F3900 X101.648 Y101.694
G1 F300 Z28.750
G1 F1500 E6501.8423
G1 F2100 X101.648 Y148.305 E6503.7801
G1 X148.351 Y148.305 E6505.7218
G1 X148.351 Y101.694 E6507.6597
G1 X101.648 Y101.694 E6509.6013
G0 F3900 X100.435 Y100.484
;TYPE:WALL-INNER
;WIDTH:0.400
;FLOW:90.0
G1 F2400 X149.565 Y100.484 E6511.4397
G1 X149.565 Y149.515 E6513.2743
G1 X100.435 Y149.515 E6515.1126
G1 X100.435 Y100.484 E6516.9473
G0 F3900 X101.248 Y101.294
G1 F2400 X101.248 Y148.705 E6518.7213
G1 X148.751 Y148.705 E6520.4987
G1 X148.751 Y101.294 E6522.2727
G1 X101.248 Y101.294 E6524.0502
G0 F3900 X101.048 Y100.889
;TYPE:GAP-FILL
;WIDTH:0.482
;FLOW:95.0
G1 F3600 X100.876 Y100.925 E6524.0585
G1 X100.842 Y101.094 E6524.0667
;WIDTH:0.414
G1 X100.841 Y148.905 E6526.0212
;WIDTH:0.482
G1 X101.048 Y149.110 E6526.0351
;WIDTH:0.410
G1 X148.951 Y149.110 E6527.9744
;WIDTH:0.482
G1 X149.158 Y148.905 E6527.9882
;WIDTH:0.414
G1 X149.158 Y101.094 E6529.9427
;WIDTH:0.482
G1 X148.951 Y100.889 E6529.9565
;WIDTH:0.410
G1 X101.048 Y100.889 E6531.8958
;PRINTING_TIME: 4102
;REMAINING_TIME: 2182
;LAYER:115
;Z:29.000
;HEIGHT:0.250
;FLOW:100.0
;PRINTING: Flow_Calibration_Cube_0.4_mm.stl
;PRINTING_ID: 0
G1 F2400 E6528.8958
G1 F300 Z29.200
G0 F3900 X100.035 Y100.084
G0 F300 Z29.000
;TYPE:WALL-OUTER
;WIDTH:0.400
G1 F300 Z29.000
G1 F1500 E6531.8958
G1 F2100 X149.965 Y100.084 E6533.9717
G1 X149.965 Y149.915 E6536.0434
G1 X100.035 Y149.915 E6538.1193
G1 X100.035 Y100.084 E6540.1910
G1 F2400 E6537.1910
G1 F300 Z29.200
G0 F3900 X101.648 Y101.694
G1 F300 Z29.000
G1 F1500 E6540.1910
G1 F2100 X101.648 Y148.305 E6542.1289
G1 X148.351 Y148.305 E6544.0705
G1 X148.351 Y101.694 E6546.0084
G1 X101.648 Y101.694 E6547.9501
G0 F3900 X100.435 Y100.484
;TYPE:WALL-INNER
;WIDTH:0.400
;FLOW:90.0
G1 F2400 X149.565 Y100.484 E6549.7884
G1 X149.565 Y149.515 E6551.6230
G1 X100.435 Y149.515 E6553.4614
G1 X100.435 Y100.484 E6555.2960
G0 F3900 X101.248 Y101.294
G1 F2400 X101.248 Y148.705 E6557.0700
G1 X148.751 Y148.705 E6558.8475
G1 X148.751 Y101.294 E6560.6215
G1 X101.248 Y101.294 E6562.3989
G0 F3900 X101.048 Y100.889
;TYPE:GAP-FILL
;WIDTH:0.482
;FLOW:95.0
G1 F3600 X100.876 Y100.925 E6562.4073
G1 X100.842 Y101.094 E6562.4155
;WIDTH:0.414
G1 X100.841 Y148.905 E6564.3699
;WIDTH:0.482
G1 X101.048 Y149.110 E6564.3838
;WIDTH:0.410
G1 X148.951 Y149.110 E6566.3231
;WIDTH:0.482
G1 X149.158 Y148.905 E6566.3370
;WIDTH:0.414
G1 X149.158 Y101.094 E6568.2914
;WIDTH:0.482
G1 X148.951 Y100.889 E6568.3053
;WIDTH:0.410
G1 X101.048 Y100.889 E6570.2446
;PRINTING_TIME: 4128
;REMAINING_TIME: 2156
;LAYER:116
;Z:29.250
;HEIGHT:0.250
;FLOW:100.0
;PRINTING: Flow_Calibration_Cube_0.4_mm.stl
;PRINTING_ID: 0
G1 F2400 E6567.2446
G1 F300 Z29.450
G0 F3900 X100.035 Y100.084
G0 F300 Z29.250
;TYPE:WALL-OUTER
;WIDTH:0.400
G1 F300 Z29.250
G1 F1500 E6570.2446
G1 F2100 X149.965 Y100.084 E6572.3204
G1 X149.965 Y149.915 E6574.3922
G1 X100.035 Y149.915 E6576.4680
G1 X100.035 Y100.084 E6578.5397
G1 F2400 E6575.5397
G1 F300 Z29.450
G0 F3900 X101.648 Y101.694
G1 F300 Z29.250
G1 F1500 E6578.5397
G1 F2100 X101.648 Y148.305 E6580.4776
G1 X148.351 Y148.305 E6582.4193
G1 X148.351 Y101.694 E6584.3572
G1 X101.648 Y101.694 E6586.2988
G0 F3900 X100.435 Y100.484
;TYPE:WALL-INNER
;WIDTH:0.400
;FLOW:90.0
G1 F2400 X149.565 Y100.484 E6588.1372
G1 X149.565 Y149.515 E6589.9718
G1 X100.435 Y149.515 E6591.8101
G1 X100.435 Y100.484 E6593.6447
G0 F3900 X101.248 Y101.294
G1 F2400 X101.248 Y148.705 E6595.4188
G1 X148.751 Y148.705 E6597.1962
G1 X148.751 Y101.294 E6598.9702
G1 X101.248 Y101.294 E6600.7477
G0 F3900 X101.048 Y100.889
;TYPE:GAP-FILL
;WIDTH:0.482
;FLOW:95.0
G1 F3600 X100.876 Y100.925 E6600.7560
G1 X100.842 Y101.094 E6600.7642
;WIDTH:0.414
G1 X100.841 Y148.905 E6602.7187
;WIDTH:0.482
G1 X101.048 Y149.110 E6602.7326
;WIDTH:0.410
G1 X148.951 Y149.110 E6604.6718
;WIDTH:0.482
G1 X149.158 Y148.905 E6604.6857
;WIDTH:0.414
G1 X149.158 Y101.094 E6606.6402
;WIDTH:0.482
G1 X148.951 Y100.889 E6606.6540
;WIDTH:0.410
G1 X101.048 Y100.889 E6608.5933
;PRINTING_TIME: 4154
;REMAINING_TIME: 2130
;LAYER:117
;Z:29.500
;HEIGHT:0.250
;FLOW:100.0
;PRINTING: Flow_Calibration_Cube_0.4_mm.stl
;PRINTING_ID: 0
G1 F2400 E6605.5933
G1 F300 Z29.700
G0 F3900 X100.035 Y100.084
G0 F300 Z29.500
;TYPE:WALL-OUTER
;WIDTH:0.400
G1 F300 Z29.500
G1 F1500 E6608.5933
G1 F2100 X149.965 Y100.084 E6610.6692
G1 X149.965 Y149.915 E6612.7409
G1 X100.035 Y149.915 E6614.8168
G1 X100.035 Y100.084 E6616.8885
G1 F2400 E6613.8885
G1 F300 Z29.700
G0 F3900 X101.648 Y101.694
G1 F300 Z29.500
G1 F1500 E6616.8885
G1 F2100 X101.648 Y148.305 E6618.8264
G1 X148.351 Y148.305 E6620.7680
G1 X148.351 Y101.694 E6622.7059
G1 X101.648 Y101.694 E6624.6476
G0 F3900 X100.435 Y100.484
;TYPE:WALL-INNER
;WIDTH:0.400
;FLOW:90.0
G1 F2400 X149.565 Y100.484 E6626.4859
G1 X149.565 Y149.515 E6628.3205
G1 X100.435 Y149.515 E6630.1589
G1 X100.435 Y100.484 E6631.9935
G0 F3900 X101.248 Y101.294
G1 F2400 X101.248 Y148.705 E6633.7675
G1 X148.751 Y148.705 E6635.5449
G1 X148.751 Y101.294 E6637.3190
G1 X101.248 Y101.294 E6639.0964
G0 F3900 X101.048 Y100.889
;TYPE:GAP-FILL
;WIDTH:0.482
;FLOW:95.0
G1 F3600 X100.876 Y100.925 E6639.1048
G1 X100.842 Y101.094 E6639.1130
;WIDTH:0.414
G1 X100.841 Y148.905 E6641.0674
;WIDTH:0.482
G1 X101.048 Y149.110 E6641.0813
;WIDTH:0.410
G1 X148.951 Y149.110 E6643.0206
;WIDTH:0.482
G1 X149.158 Y148.905 E6643.0345
;WIDTH:0.414
G1 X149.158 Y101.094 E6644.9889
;WIDTH:0.482
G1 X148.951 Y100.889 E6645.0028
;WIDTH:0.410
G1 X101.048 Y100.889 E6646.9421
;PRINTING_TIME: 4179
;REMAINING_TIME: 2105
;LAYER:118
;Z:29.750
;HEIGHT:0.250
;FLOW:100.0
;PRINTING: Flow_Calibration_Cube_0.4_mm.stl
;PRINTING_ID: 0
G1 F2400 E6643.9421
G1 F300 Z29.950
G0 F3900 X100.035 Y100.084
G0 F300 Z29.750
;TYPE:WALL-OUTER
;WIDTH:0.400
G1 F300 Z29.750
G1 F1500 E6646.9421
G1 F2100 X149.965 Y100.084 E6649.0179
G1 X149.965 Y149.915 E6651.0897
G1 X100.035 Y149.915 E6653.1655
G1 X100.035 Y100.084 E6655.2372
G1 F2400 E6652.2372
G1 F300 Z29.950
G0 F3900 X101.648 Y101.694
G1 F300 Z29.750
G1 F1500 E6655.2372
G1 F2100 X101.648 Y148.305 E6657.1751
G1 X148.351 Y148.305 E6659.1168
G1 X148.351 Y101.694 E6661.0546
G1 X101.648 Y101.694 E6662.9963
G0 F3900 X100.435 Y100.484
;TYPE:WALL-INNER
;WIDTH:0.400
;FLOW:90.0
G1 F2400 X149.565 Y100.484 E6664.8347
G1 X149.565 Y149.515 E6666.6693
G1 X100.435 Y149.515 E6668.5076
G1 X100.435 Y100.484 E6670.3422
G0 F3900 X101.248 Y101.294
G1 F2400 X101.248 Y148.705 E6672.1162
G1 X148.751 Y148.705 E6673.8937
G1 X148.751 Y101.294 E6675.6677
G1 X101.248 Y101.294 E6677.4452
G0 F3900 X101.048 Y100.889
;TYPE:GAP-FILL
;WIDTH:0.482
;FLOW:95.0
G1 F3600 X100.876 Y100.925 E6677.4535
G1 X100.842 Y101.094 E6677.4617
;WIDTH:0.414
G1 X100.841 Y148.905 E6679.4162
;WIDTH:0.482
G1 X101.048 Y149.110 E6679.4300
;WIDTH:0.410
G1 X148.951 Y149.110 E6681.3693
;WIDTH:0.482
G1 X149.158 Y148.905 E6681.3832
;WIDTH:0.414
G1 X149.158 Y101.094 E6683.3377
;WIDTH:0.482
G1 X148.951 Y100.889 E6683.3515
;WIDTH:0.410
G1 X101.048 Y100.889 E6685.2908
;PRINTING_TIME: 4205
;REMAINING_TIME: 2079
;LAYER:119
;Z:30.000
;HEIGHT:0.250
;FLOW:100.0
;PRINTING: Flow_Calibration_Cube_0.4_mm.stl
;PRINTING_ID: 0
G1 F2400 E6682.2908
G1 F300 Z30.200
G0 F3900 X100.035 Y100.084
G0 F300 Z30.000
;TYPE:WALL-OUTER
;WIDTH:0.400
G1 F300 Z30.000
G1 F1500 E6685.2908
G1 F2100 X149.965 Y100.084 E6687.3667
G1 X149.965 Y149.915 E6689.4384
G1 X100.035 Y149.915 E6691.5143
G1 X100.035 Y100.084 E6693.5860
G1 F2400 E6690.5860
G1 F300 Z30.200
G0 F3900 X101.648 Y101.694
G1 F300 Z30.000
G1 F1500 E6693.5860
G1 F2100 X101.648 Y148.305 E6695.5238
G1 X148.351 Y148.305 E6697.4655
G1 X148.351 Y101.694 E6699.4034
G1 X101.648 Y101.694 E6701.3451
G0 F3900 X100.435 Y100.484
;TYPE:WALL-INNER
;WIDTH:0.400
;FLOW:90.0
G1 F2400 X149.565 Y100.484 E6703.1834
G1 X149.565 Y149.515 E6705.0180
G1 X100.435 Y149.515 E6706.8564
G1 X100.435 Y100.484 E6708.6910
G0 F3900 X101.248 Y101.294
G1 F2400 X101.248 Y148.705 E6710.4650
G1 X148.751 Y148.705 E6712.2424
G1 X148.751 Y101.294 E6714.0164
G1 X101.248 Y101.294 E6715.7939
G0 F3900 X101.048 Y100.889
;TYPE:GAP-FILL
;WIDTH:0.482
;FLOW:95.0
G1 F3600 X100.876 Y100.925 E6715.8023
G1 X100.842 Y101.094 E6715.8105
;WIDTH:0.414
G1 X100.841 Y148.905 E6717.7649
;WIDTH:0.482
G1 X101.048 Y149.110 E6717.7788
;WIDTH:0.410
G1 X148.951 Y149.110 E6719.7181
;WIDTH:0.482
G1 X149.158 Y148.905 E6719.7320
;WIDTH:0.414
G1 X149.158 Y101.094 E6721.6864
;WIDTH:0.482
G1 X148.951 Y100.889 E6721.7003
;WIDTH:0.410
G1 X101.048 Y100.889 E6723.6396
;PRINTING_TIME: 4231
;REMAINING_TIME: 2053
;LAYER:120
;Z:30.250
;HEIGHT:0.250
;FLOW:100.0
;PRINTING: Flow_Calibration_Cube_0.4_mm.stl
;PRINTING_ID: 0
G1 F2400 E6720.6396
G1 F300 Z30.450
G0 F3900 X100.035 Y100.084
G0 F300 Z30.250
;TYPE:WALL-OUTER
;WIDTH:0.400
G1 F300 Z30.250
G1 F1500 E6723.6396
G1 F2100 X149.965 Y100.084 E6725.7154
G1 X149.965 Y149.915 E6727.7871
G1 X100.035 Y149.915 E6729.8630
G1 X100.035 Y100.084 E6731.9347
G1 F2400 E6728.9347
G1 F300 Z30.450
G0 F3900 X101.648 Y101.694
G1 F300 Z30.250
G1 F1500 E6731.9347
G1 F2100 X101.648 Y148.305 E6733.8726
G1 X148.351 Y148.305 E6735.8143
G1 X148.351 Y101.694 E6737.7521
G1 X101.648 Y101.694 E6739.6938
G0 F3900 X100.435 Y100.484
;TYPE:WALL-INNER
;WIDTH:0.400
;FLOW:90.0
G1 F2400 X149.565 Y100.484 E6741.5321
G1 X149.565 Y149.515 E6743.3668
G1 X100.435 Y149.515 E6745.2051
G1 X100.435 Y100.484 E6747.0397
G0 F3900 X101.248 Y101.294
G1 F2400 X101.248 Y148.705 E6748.8137
G1 X148.751 Y148.705 E6750.5912
G1 X148.751 Y101.294 E6752.3652
G1 X101.248 Y101.294 E6754.1426
G0 F3900 X101.048 Y100.889
;TYPE:GAP-FILL
;WIDTH:0.482
;FLOW:95.0
G1 F3600 X100.876 Y100.925 E6754.1510
G1 X100.842 Y101.094 E6754.1592
;WIDTH:0.414
G1 X100.841 Y148.905 E6756.1137
;WIDTH:0.482
G1 X101.048 Y149.110 E6756.1275
;WIDTH:0.410
G1 X148.951 Y149.110 E6758.0668
;WIDTH:0.482
G1 X149.158 Y148.905 E6758.0807
;WIDTH:0.414
G1 X149.158 Y101.094 E6760.0352
;WIDTH:0.482
G1 X148.951 Y100.889 E6760.0490
;WIDTH:0.410
G1 X101.048 Y100.889 E6761.9883
;PRINTING_TIME: 4256
;REMAINING_TIME: 2028
;LAYER:121
;Z:30.500
;HEIGHT:0.250
;FLOW:100.0
;PRINTING: Flow_Calibration_Cube_0.4_mm.stl
;PRINTING_ID: 0
G1 F2400 E6758.9883
G1 F300 Z30.700
G0 F3900 X100.035 Y100.084
G0 F300 Z30.500
;TYPE:WALL-OUTER
;WIDTH:0.400
G1 F300 Z30.500
G1 F1500 E6761.9883
G1 F2100 X149.965 Y100.084 E6764.0642
G1 X149.965 Y149.915 E6766.1359
G1 X100.035 Y149.915 E6768.2117
G1 X100.035 Y100.084 E6770.2835
G1 F2400 E6767.2835
G1 F300 Z30.700
G0 F3900 X101.648 Y101.694
G1 F300 Z30.500
G1 F1500 E6770.2835
G1 F2100 X101.648 Y148.305 E6772.2213
G1 X148.351 Y148.305 E6774.1630
G1 X148.351 Y101.694 E6776.1009
G1 X101.648 Y101.694 E6778.0426
G0 F3900 X100.435 Y100.484
;TYPE:WALL-INNER
;WIDTH:0.400
;FLOW:90.0
G1 F2400 X149.565 Y100.484 E6779.8809
G1 X149.565 Y149.515 E6781.7155
G1 X100.435 Y149.515 E6783.5538
G1 X100.435 Y100.484 E6785.3885
G0 F3900 X101.248 Y101.294
G1 F2400 X101.248 Y148.705 E6787.1625
G1 X148.751 Y148.705 E6788.9399
G1 X148.751 Y101.294 E6790.7139
G1 X101.248 Y101.294 E6792.4914
G0 F3900 X101.048 Y100.889
;TYPE:GAP-FILL
;WIDTH:0.482
;FLOW:95.0
G1 F3600 X100.876 Y100.925 E6792.4998
G1 X100.842 Y101.094 E6792.5080
;WIDTH:0.414
G1 X100.841 Y148.905 E6794.4624
;WIDTH:0.482
G1 X101.048 Y149.110 E6794.4763
;WIDTH:0.410
G1 X148.951 Y149.110 E6796.4156
;WIDTH:0.482
G1 X149.158 Y148.905 E6796.4294
;WIDTH:0.414
G1 X149.158 Y101.094 E6798.3839
;WIDTH:0.482
G1 X148.951 Y100.889 E6798.3978
;WIDTH:0.410
G1 X101.048 Y100.889 E6800.3371
;PRINTING_TIME: 4282
;REMAINING_TIME: 2002
;LAYER:122
;Z:30.750
;HEIGHT:0.250
;FLOW:100.0
;PRINTING: Flow_Calibration_Cube_0.4_mm.stl
;PRINTING_ID: 0
G1 F2400 E6797.3371
G1 F300 Z30.950
G0 F3900 X100.035 Y100.084
G0 F300 Z30.750
;TYPE:WALL-OUTER
;WIDTH:0.400
G1 F300 Z30.750
G1 F1500 E6800.3371
G1 F2100 X149.965 Y100.084 E6802.4129
G1 X149.965 Y149.915 E6804.4846
G1 X100.035 Y149.915 E6806.5605
G1 X100.035 Y100.084 E6808.6322
G1 F2400 E6805.6322
G1 F300 Z30.950
G0 F3900 X101.648 Y101.694
G1 F300 Z30.750
G1 F1500 E6808.6322
G1 F2100 X101.648 Y148.305 E6810.5701
G1 X148.351 Y148.305 E6812.5118
G1 X148.351 Y101.694 E6814.4496
G1 X101.648 Y101.694 E6816.3913
G0 F3900 X100.435 Y100.484
;TYPE:WALL-INNER
;WIDTH:0.400
;FLOW:90.0
G1 F2400 X149.565 Y100.484 E6818.2296
G1 X149.565 Y149.515 E6820.0643
G1 X100.435 Y149.515 E6821.9026
G1 X100.435 Y100.484 E6823.7372
G0 F3900 X101.248 Y101.294
G1 F2400 X101.248 Y148.705 E6825.5112
G1 X148.751 Y148.705 E6827.2887
G1 X148.751 Y101.294 E6829.0627
G1 X101.248 Y101.294 E6830.8401
G0 F3900 X101.048 Y100.889
;TYPE:GAP-FILL
;WIDTH:0.482
;FLOW:95.0
G1 F3600 X100.876 Y100.925 E6830.8485
G1 X100.842 Y101.094 E6830.8567
;WIDTH:0.414
G1 X100.841 Y148.905 E6832.8112
;WIDTH:0.482
G1 X101.048 Y149.110 E6832.8250
;WIDTH:0.410
G1 X148.951 Y149.110 E6834.7643
;WIDTH:0.482
G1 X149.158 Y148.905 E6834.7782
;WIDTH:0.414
G1 X149.158 Y101.094 E6836.7326
;WIDTH:0.482
G1 X148.951 Y100.889 E6836.7465
;WIDTH:0.410
G1 X101.048 Y100.889 E6838.6858
;PRINTING_TIME: 4308
;REMAINING_TIME: 1976
;LAYER:123
;Z:31.000
;HEIGHT:0.250
;FLOW:100.0
;PRINTING: Flow_Calibration_Cube_0.4_mm.stl
;PRINTING_ID: 0
G1 F2400 E6835.6858
G1 F300 Z31.200
G0 F3900 X100.035 Y100.084
G0 F300 Z31.000
;TYPE:WALL-OUTER
;WIDTH:0.400
G1 F300 Z31.000
G1 F1500 E6838.6858
G1 F2100 X149.965 Y100.084 E6840.7617
G1 X149.965 Y149.915 E6842.8334
G1 X100.035 Y149.915 E6844.9092
G1 X100.035 Y100.084 E6846.9810
G1 F2400 E6843.9810
G1 F300 Z31.200
G0 F3900 X101.648 Y101.694
G1 F300 Z31.000
G1 F1500 E6846.9810
G1 F2100 X101.648 Y148.305 E6848.9188
G1 X148.351 Y148.305 E6850.8605
G1 X148.351 Y101.694 E6852.7984
G1 X101.648 Y101.694 E6854.7401
G0 F3900 X100.435 Y100.484
;TYPE:WALL-INNER
;WIDTH:0.400
;FLOW:90.0
G1 F2400 X149.565 Y100.484 E6856.5784
G1 X149.565 Y149.515 E6858.4130
G1 X100.435 Y149.515 E6860.2513
G1 X100.435 Y100.484 E6862.0860
G0 F3900 X101.248 Y101.294
G1 F2400 X101.248 Y148.705 E6863.8600
G1 X148.751 Y148.705 E6865.6374
G1 X148.751 Y101.294 E6867.4114
G1 X101.248 Y101.294 E6869.1889
G0 F3900 X101.048 Y100.889
;TYPE:GAP-FILL
;WIDTH:0.482
;FLOW:95.0
G1 F3600 X100.876 Y100.925 E6869.1972
G1 X100.842 Y101.094 E6869.2055
;WIDTH:0.414
G1 X100.841 Y148.905 E6871.1599
;WIDTH:0.482
G1 X101.048 Y149.110 E6871.1738
;WIDTH:0.410
G1 X148.951 Y149.110 E6873.1131
;WIDTH:0.482
G1 X149.158 Y148.905 E6873.1269
;WIDTH:0.414
G1 X149.158 Y101.094 E6875.0814
;WIDTH:0.482
G1 X148.951 Y100.889 E6875.0953
;WIDTH:0.410
G1 X101.048 Y100.889 E6877.0346
;PRINTING_TIME: 4333
;REMAINING_TIME: 1951
;LAYER:124
;Z:31.250
;HEIGHT:0.250
;FLOW:100.0
;PRINTING: Flow_Calibration_Cube_0.4_mm.stl
;PRINTING_ID: 0
G1 F2400 E6874.0346
G1 F300 Z31.450
G0 F3900 X100.035 Y100.084
G0 F300 Z31.250
;TYPE:WALL-OUTER
;WIDTH:0.400
G1 F300 Z31.250
G1 F1500 E6877.0346
G1 F2100 X149.965 Y100.084 E6879.1104
G1 X149.965 Y149.915 E6881.1821
G1 X100.035 Y149.915 E6883.2580
G1 X100.035 Y100.084 E6885.3297
G1 F2400 E6882.3297
G1 F300 Z31.450
G0 F3900 X101.648 Y101.694
G1 F300 Z31.250
G1 F1500 E6885.3297
G1 F2100 X101.648 Y148.305 E6887.2676
G1 X148.351 Y148.305 E6889.2093
G1 X148.351 Y101.694 E6891.1471
G1 X101.648 Y101.694 E6893.0888
G0 F3900 X100.435 Y100.484
;TYPE:WALL-INNER
;WIDTH:0.400
;FLOW:90.0
G1 F2400 X149.565 Y100.484 E6894.9271
G1 X149.565 Y149.515 E6896.7618
G1 X100.435 Y149.515 E6898.6001
G1 X100.435 Y100.484 E6900.4347
G0 F3900 X101.248 Y101.294
G1 F2400 X101.248 Y148.705 E6902.2087
G1 X148.751 Y148.705 E6903.9862
G1 X148.751 Y101.294 E6905.7602
G1 X101.248 Y101.294 E6907.5376
G0 F3900 X101.048 Y100.889
;TYPE:GAP-FILL
;WIDTH:0.482
;FLOW:95.0
G1 F3600 X100.876 Y100.925 E6907.5460
G1 X100.842 Y101.094 E6907.5542
;WIDTH:0.414
G1 X100.841 Y148.905 E6909.5087
;WIDTH:0.482
G1 X101.048 Y149.110 E6909.5225
;WIDTH:0.410
G1 X148.951 Y149.110 E6911.4618
;WIDTH:0.482
G1 X149.158 Y148.905 E6911.4757
;WIDTH:0.414
G1 X149.158 Y101.094 E6913.4301
;WIDTH:0.482
G1 X148.951 Y100.889 E6913.4440
;WIDTH:0.410
G1 X101.048 Y100.889 E6915.3833
;PRINTING_TIME: 4359
;REMAINING_TIME: 1925
;LAYER:125
;Z:31.500
;HEIGHT:0.250
;FLOW:100.0
;PRINTING: Flow_Calibration_Cube_0.4_mm.stl
;PRINTING_ID: 0
G1 F2400 E6912.3833
G1 F300 Z31.700
G0 F3900 X100.035 Y100.084
G0 F300 Z31.500
;TYPE:WALL-OUTER
;WIDTH:0.400
G1 F300 Z31.500
G1 F1500 E6915.3833
G1 F2100 X149.965 Y100.084 E6917.4591
G1 X149.965 Y149.915 E6919.5309
G1 X100.035 Y149.915 E6921.6067
G1 X100.035 Y100.084 E6923.6785
G1 F2400 E6920.6785
G1 F300 Z31.700
G0 F3900 X101.648 Y101.694
G1 F300 Z31.500
G1 F1500 E6923.6785
G1 F2100 X101.648 Y148.305 E6925.6163
G1 X148.351 Y148.305 E6927.5580
G1 X148.351 Y101.694 E6929.4959
G1 X101.648 Y101.694 E6931.4375
G0 F3900 X100.435 Y100.484
;TYPE:WALL-INNER
;WIDTH:0.400
;FLOW:90.0
G1 F2400 X149.565 Y100.484 E6933.2759
G1 X149.565 Y149.515 E6935.1105
G1 X100.435 Y149.515 E6936.9488
G1 X100.435 Y100.484 E6938.7835
G0 F3900 X101.248 Y101.294
G1 F2400 X101.248 Y148.705 E6940.5575
G1 X148.751 Y148.705 E6942.3349
G1 X148.751 Y101.294 E6944.1089
G1 X101.248 Y101.294 E6945.8864
G0 F3900 X101.048 Y100.889
;TYPE:GAP-FILL
;WIDTH:0.482
;FLOW:95.0
G1 F3600 X100.876 Y100.925 E6945.8947
G1 X100.842 Y101.094 E6945.9029
;WIDTH:0.414
G1 X100.841 Y148.905 E6947.8574
;WIDTH:0.482
G1 X101.048 Y149.110 E6947.8713
;WIDTH:0.410
G1 X148.951 Y149.110 E6949.8106
;WIDTH:0.482
G1 X149.158 Y148.905 E6949.8244
;WIDTH:0.414
G1 X149.158 Y101.094 E6951.7789
;WIDTH:0.482
G1 X148.951 Y100.889 E6951.7927
;WIDTH:0.410
G1 X101.048 Y100.889 E6953.7320
;PRINTING_TIME: 4385
;REMAINING_TIME: 1899
;LAYER:126
;Z:31.750
;HEIGHT:0.250
;FLOW:100.0
;PRINTING: Flow_Calibration_Cube_0.4_mm.stl
;PRINTING_ID: 0
G1 F2400 E6950.7320
G1 F300 Z31.950
G0 F3900 X100.035 Y100.084
G0 F300 Z31.750
;TYPE:WALL-OUTER
;WIDTH:0.400
G1 F300 Z31.750
G1 F1500 E6953.7320
G1 F2100 X149.965 Y100.084 E6955.8079
G1 X149.965 Y149.915 E6957.8796
G1 X100.035 Y149.915 E6959.9555
G1 X100.035 Y100.084 E6962.0272
G1 F2400 E6959.0272
G1 F300 Z31.950
G0 F3900 X101.648 Y101.694
G1 F300 Z31.750
G1 F1500 E6962.0272
G1 F2100 X101.648 Y148.305 E6963.9651
G1 X148.351 Y148.305 E6965.9067
G1 X148.351 Y101.694 E6967.8446
G1 X101.648 Y101.694 E6969.7863
G0 F3900 X100.435 Y100.484
;TYPE:WALL-INNER
;WIDTH:0.400
;FLOW:90.0
G1 F2400 X149.565 Y100.484 E6971.6246
G1 X149.565 Y149.515 E6973.4592
G1 X100.435 Y149.515 E6975.2976
G1 X100.435 Y100.484 E6977.1322
G0 F3900 X101.248 Y101.294
G1 F2400 X101.248 Y148.705 E6978.9062
G1 X148.751 Y148.705 E6980.6837
G1 X148.751 Y101.294 E6982.4577
G1 X101.248 Y101.294 E6984.2351
G0 F3900 X101.048 Y100.889
;TYPE:GAP-FILL
;WIDTH:0.482
;FLOW:95.0
G1 F3600 X100.876 Y100.925 E6984.2435
G1 X100.842 Y101.094 E6984.2517
;WIDTH:0.414
G1 X100.841 Y148.905 E6986.2061
;WIDTH:0.482
G1 X101.048 Y149.110 E6986.2200
;WIDTH:0.410
G1 X148.951 Y149.110 E6988.1593
;WIDTH:0.482
G1 X149.158 Y148.905 E6988.1732
;WIDTH:0.414
G1 X149.158 Y101.094 E6990.1276
;WIDTH:0.482
G1 X148.951 Y100.889 E6990.1415
;WIDTH:0.410
G1 X101.048 Y100.889 E6992.0808
;PRINTING_TIME: 4410
;REMAINING_TIME: 1874
;LAYER:127
;Z:32.000
;HEIGHT:0.250
;FLOW:100.0
;PRINTING: Flow_Calibration_Cube_0.4_mm.stl
;PRINTING_ID: 0
G1 F2400 E6989.0808
G1 F300 Z32.200
G0 F3900 X100.035 Y100.084
G0 F300 Z32.000
;TYPE:WALL-OUTER
;WIDTH:0.400
G1 F300 Z32.000
G1 F1500 E6992.0808
G1 F2100 X149.965 Y100.084 E6994.1566
G1 X149.965 Y149.915 E6996.2284
G1 X100.035 Y149.915 E6998.3042
G1 X100.035 Y100.084 E7000.3759
G1 F2400 E6997.3759
G1 F300 Z32.200
G0 F3900 X101.648 Y101.694
G1 F300 Z32.000
G1 F1500 E7000.3759
G1 F2100 X101.648 Y148.305 E7002.3138
G1 X148.351 Y148.305 E7004.2555
G1 X148.351 Y101.694 E7006.1934
G1 X101.648 Y101.694 E7008.1350
G0 F3900 X100.435 Y100.484
;TYPE:WALL-INNER
;WIDTH:0.400
;FLOW:90.0
G1 F2400 X149.565 Y100.484 E7009.9734
G1 X149.565 Y149.515 E7011.8080
G1 X100.435 Y149.515 E7013.6463
G1 X100.435 Y100.484 E7015.4809
G0 F3900 X101.248 Y101.294
G1 F2400 X101.248 Y148.705 E7017.2550
G1 X148.751 Y148.705 E7019.0324
G1 X148.751 Y101.294 E7020.8064
G1 X101.248 Y101.294 E7022.5839
G0 F3900 X101.048 Y100.889
;TYPE:GAP-FILL
;WIDTH:0.482
;FLOW:95.0
G1 F3600 X100.876 Y100.925 E7022.5922
G1 X100.842 Y101.094 E7022.6004
;WIDTH:0.414
G1 X100.841 Y148.905 E7024.5549
;WIDTH:0.482
G1 X101.048 Y149.110 E7024.5688
;WIDTH:0.410
G1 X148.951 Y149.110 E7026.5081
;WIDTH:0.482
G1 X149.158 Y148.905 E7026.5219
;WIDTH:0.414
G1 X149.158 Y101.094 E7028.4764
;WIDTH:0.482
G1 X148.951 Y100.889 E7028.4902
;WIDTH:0.410
G1 X101.048 Y100.889 E7030.4295
;PRINTING_TIME: 4436
;REMAINING_TIME: 1848
;LAYER:128
;Z:32.250
;HEIGHT:0.250
;FLOW:100.0
;PRINTING: Flow_Calibration_Cube_0.4_mm.stl
;PRINTING_ID: 0
G1 F2400 E7027.4295
G1 F300 Z32.450
G0 F3900 X100.035 Y100.084
G0 F300 Z32.250
;TYPE:WALL-OUTER
;WIDTH:0.400
G1 F300 Z32.250
G1 F1500 E7030.4295
G1 F2100 X149.965 Y100.084 E7032.5054
G1 X149.965 Y149.915 E7034.5771
G1 X100.035 Y149.915 E7036.6530
G1 X100.035 Y100.084 E7038.7247
G1 F2400 E7035.7247
G1 F300 Z32.450
G0 F3900 X101.648 Y101.694
G1 F300 Z32.250
G1 F1500 E7038.7247
G1 F2100 X101.648 Y148.305 E7040.6626
G1 X148.351 Y148.305 E7042.6042
G1 X148.351 Y101.694 E7044.5421
G1 X101.648 Y101.694 E7046.4838
G0 F3900 X100.435 Y100.484
;TYPE:WALL-INNER
;WIDTH:0.400
;FLOW:90.0
G1 F2400 X149.565 Y100.484 E7048.3221
G1 X149.565 Y149.515 E7050.1567
G1 X100.435 Y149.515 E7051.9951
G1 X100.435 Y100.484 E7053.8297
G0 F3900 X101.248 Y101.294
G1 F2400 X101.248 Y148.705 E7055.6037
G1 X148.751 Y148.705 E7057.3812
G1 X148.751 Y101.294 E7059.1552
G1 X101.248 Y101.294 E7060.9326
G0 F3900 X101.048 Y100.889
;TYPE:GAP-FILL
;WIDTH:0.482
;FLOW:95.0
G1 F3600 X100.876 Y100.925 E7060.9410
G1 X100.842 Y101.094 E7060.9492
;WIDTH:0.414
G1 X100.841 Y148.905 E7062.9036
;WIDTH:0.482
G1 X101.048 Y149.110 E7062.9175
;WIDTH:0.410
G1 X148.951 Y149.110 E7064.8568
;WIDTH:0.482
G1 X149.158 Y148.905 E7064.8707
;WIDTH:0.414
G1 X149.158 Y101.094 E7066.8251
;WIDTH:0.482
G1 X148.951 Y100.889 E7066.8390
;WIDTH:0.410
G1 X101.048 Y100.889 E7068.7783
;PRINTING_TIME: 4462
;REMAINING_TIME: 1822
;LAYER:129
;Z:32.500
;HEIGHT:0.250
;FLOW:100.0
;PRINTING: Flow_Calibration_Cube_0.4_mm.stl
;PRINTING_ID: 0
G1 F2400 E7065.7783
G1 F300 Z32.700
G0 F3900 X100.035 Y100.084
G0 F300 Z32.500
;TYPE:WALL-OUTER
;WIDTH:0.400
G1 F300 Z32.500
G1 F1500 E7068.7783
G1 F2100 X149.965 Y100.084 E7070.8541
G1 X149.965 Y149.915 E7072.9259
G1 X100.035 Y149.915 E7075.0017
G1 X100.035 Y100.084 E7077.0734
G1 F2400 E7074.0734
G1 F300 Z32.700
G0 F3900 X101.648 Y101.694
G1 F300 Z32.500
G1 F1500 E7077.0734
G1 F2100 X101.648 Y148.305 E7079.0113
G1 X148.351 Y148.305 E7080.9530
G1 X148.351 Y101.694 E7082.8908
G1 X101.648 Y101.694 E7084.8325
G0 F3900 X100.435 Y100.484
;TYPE:WALL-INNER
;WIDTH:0.400
;FLOW:90.0
G1 F2400 X149.565 Y100.484 E7086.6709
G1 X149.565 Y149.515 E7088.5055
G1 X100.435 Y149.515 E7090.3438
G1 X100.435 Y100.484 E7092.1784
G0 F3900 X101.248 Y101.294
G1 F2400 X101.248 Y148.705 E7093.9524
G1 X148.751 Y148.705 E7095.7299
G1 X148.751 Y101.294 E7097.5039
G1 X101.248 Y101.294 E7099.2814
G0 F3900 X101.048 Y100.889
;TYPE:GAP-FILL
;WIDTH:0.482
;FLOW:95.0
G1 F3600 X100.876 Y100.925 E7099.2897
G1 X100.842 Y101.094 E7099.2979
;WIDTH:0.414
G1 X100.841 Y148.905 E7101.2524
;WIDTH:0.482
G1 X101.048 Y149.110 E7101.2662
;WIDTH:0.410
G1 X148.951 Y149.110 E7103.2055
;WIDTH:0.482
G1 X149.158 Y148.905 E7103.2194
;WIDTH:0.414
G1 X149.158 Y101.094 E7105.1739
;WIDTH:0.482
G1 X148.951 Y100.889 E7105.1877
;WIDTH:0.410
G1 X101.048 Y100.889 E7107.1270
;PRINTING_TIME: 4487
;REMAINING_TIME: 1797
;LAYER:130
;Z:32.750
;HEIGHT:0.250
;FLOW:100.0
;PRINTING: Flow_Calibration_Cube_0.4_mm.stl
;PRINTING_ID: 0
G1 F2400 E7104.1270
G1 F300 Z32.950
G0 F3900 X100.035 Y100.084
G0 F300 Z32.750
;TYPE:WALL-OUTER
;WIDTH:0.400
G1 F300 Z32.750
G1 F1500 E7107.1270
G1 F2100 X149.965 Y100.084 E7109.2029
G1 X149.965 Y149.915 E7111.2746
G1 X100.035 Y149.915 E7113.3505
G1 X100.035 Y100.084 E7115.4222
G1 F2400 E7112.4222
G1 F300 Z32.950
G0 F3900 X101.648 Y101.694
G1 F300 Z32.750
G1 F1500 E7115.4222
G1 F2100 X101.648 Y148.305 E7117.3600
G1 X148.351 Y148.305 E7119.3017
G1 X148.351 Y101.694 E7121.2396
G1 X101.648 Y101.694 E7123.1813
G0 F3900 X100.435 Y100.484
;TYPE:WALL-INNER
;WIDTH:0.400
;FLOW:90.0
G1 F2400 X149.565 Y100.484 E7125.0196
G1 X149.565 Y149.515 E7126.8542
G1 X100.435 Y149.515 E7128.6926
G1 X100.435 Y100.484 E7130.5272
G0 F3900 X101.248 Y101.294
G1 F2400 X101.248 Y148.705 E7132.3012
G1 X148.751 Y148.705 E7134.0786
G1 X148.751 Y101.294 E7135.8527
G1 X101.248 Y101.294 E7137.6301
G0 F3900 X101.048 Y100.889
;TYPE:GAP-FILL
;WIDTH:0.482
;FLOW:95.0
G1 F3600 X100.876 Y100.925 E7137.6385
G1 X100.842 Y101.094 E7137.6467
;WIDTH:0.414
G1 X100.841 Y148.905 E7139.6011
;WIDTH:0.482
G1 X101.048 Y149.110 E7139.6150
;WIDTH:0.410
G1 X148.951 Y149.110 E7141.5543
;WIDTH:0.482
G1 X149.158 Y148.905 E7141.5682
;WIDTH:0.414
G1 X149.158 Y101.094 E7143.5226
;WIDTH:0.482
G1 X148.951 Y100.889 E7143.5365
;WIDTH:0.410
G1 X101.048 Y100.889 E7145.4758
;PRINTING_TIME: 4513
;REMAINING_TIME: 1771
;LAYER:131
;Z:33.000
;HEIGHT:0.250
;FLOW:100.0
;PRINTING: Flow_Calibration_Cube_0.4_mm.stl
;PRINTING_ID: 0
G1 F2400 E7142.4758
G1 F300 Z33.200
G0 F3900 X100.035 Y100.084
G0 F300 Z33.000
;TYPE:WALL-OUTER
;WIDTH:0.400
G1 F300 Z33.000
G1 F1500 E7145.4758
G1 F2100 X149.965 Y100.084 E7147.5516
G1 X149.965 Y149.915 E7149.6234
G1 X100.035 Y149.915 E7151.6992
G1 X100.035 Y100.084 E7153.7709
G1 F2400 E7150.7709
G1 F300 Z33.200
G0 F3900 X101.648 Y101.694
G1 F300 Z33.000
G1 F1500 E7153.7709
G1 F2100 X101.648 Y148.305 E7155.7088
G1 X148.351 Y148.305 E7157.6505
G1 X148.351 Y101.694 E7159.5883
G1 X101.648 Y101.694 E7161.5300
G0 F3900 X100.435 Y100.484
;TYPE:WALL-INNER
;WIDTH:0.400
;FLOW:90.0
G1 F2400 X149.565 Y100.484 E7163.3684
G1 X149.565 Y149.515 E7165.2030
G1 X100.435 Y149.515 E7167.0413
G1 X100.435 Y100.484 E7168.8759
G0 F3900 X101.248 Y101.294
G1 F2400 X101.248 Y148.705 E7170.6499
G1 X148.751 Y148.705 E7172.4274
G1 X148.751 Y101.294 E7174.2014
G1 X101.248 Y101.294 E7175.9788
G0 F3900 X101.048 Y100.889
;TYPE:GAP-FILL
;WIDTH:0.482
;FLOW:95.0
G1 F3600 X100.876 Y100.925 E7175.9872
G1 X100.842 Y101.094 E7175.9954
;WIDTH:0.414
G1 X100.841 Y148.905 E7177.9499
;WIDTH:0.482
G1 X101.048 Y149.110 E7177.9637
;WIDTH:0.410
G1 X148.951 Y149.110 E7179.9030
;WIDTH:0.482
G1 X149.158 Y148.905 E7179.9169
;WIDTH:0.414
G1 X149.158 Y101.094 E7181.8714
;WIDTH:0.482
G1 X148.951 Y100.889 E7181.8852
;WIDTH:0.410
G1 X101.048 Y100.889 E7183.8245
;PRINTING_TIME: 4539
;REMAINING_TIME: 1745
;LAYER:132
;Z:33.250
;HEIGHT:0.250
;FLOW:100.0
;PRINTING: Flow_Calibration_Cube_0.4_mm.stl
;PRINTING_ID: 0
G1 F2400 E7180.8245
G1 F300 Z33.450
G0 F3900 X100.035 Y100.084
G0 F300 Z33.250
;TYPE:WALL-OUTER
;WIDTH:0.400
G1 F300 Z33.250
G1 F1500 E7183.8245
G1 F2100 X149.965 Y100.084 E7185.9004
G1 X149.965 Y149.915 E7187.9721
G1 X100.035 Y149.915 E7190.0479
G1 X100.035 Y100.084 E7192.1197
G1 F2400 E7189.1197
G1 F300 Z33.450
G0 F3900 X101.648 Y101.694
G1 F300 Z33.250
G1 F1500 E7192.1197
G1 F2100 X101.648 Y148.305 E7194.0575
G1 X148.351 Y148.305 E7195.9992
G1 X148.351 Y101.694 E7197.9371
G1 X101.648 Y101.694 E7199.8788
G0 F3900 X100.435 Y100.484
;TYPE:WALL-INNER
;WIDTH:0.400
;FLOW:90.0
G1 F2400 X149.565 Y100.484 E7201.7171
G1 X149.565 Y149.515 E7203.5517
G1 X100.435 Y149.515 E7205.3901
G1 X100.435 Y100.484 E7207.2247
G0 F3900 X101.248 Y101.294
G1 F2400 X101.248 Y148.705 E7208.9987
G1 X148.751 Y148.705 E7210.7761
G1 X148.751 Y101.294 E7212.5501
G1 X101.248 Y101.294 E7214.3276
G0 F3900 X101.048 Y100.889
;TYPE:GAP-FILL
;WIDTH:0.482
;FLOW:95.0
G1 F3600 X100.876 Y100.925 E7214.3360
G1 X100.842 Y101.094 E7214.3442
;WIDTH:0.414
G1 X100.841 Y148.905 E7216.2986
;WIDTH:0.482
G1 X101.048 Y149.110 E7216.3125
;WIDTH:0.410
G1 X148.951 Y149.110 E7218.2518
;WIDTH:0.482
G1 X149.158 Y148.905 E7218.2656
;WIDTH:0.414
G1 X149.158 Y101.094 E7220.2201
;WIDTH:0.482
G1 X148.951 Y100.889 E7220.2340
;WIDTH:0.410
G1 X101.048 Y100.889 E7222.1733
;PRINTING_TIME: 4564
;REMAINING_TIME: 1720
;LAYER:133
;Z:33.500
;HEIGHT:0.250
;FLOW:100.0
;PRINTING: Flow_Calibration_Cube_0.4_mm.stl
;PRINTING_ID: 0
G1 F2400 E7219.1733
G1 F300 Z33.700
G0 F3900 X100.035 Y100.084
G0 F300 Z33.500
;TYPE:WALL-OUTER
;WIDTH:0.400
G1 F300 Z33.500
G1 F1500 E7222.1733
G1 F2100 X149.965 Y100.084 E7224.2491
G1 X149.965 Y149.915 E7226.3208
G1 X100.035 Y149.915 E7228.3967
G1 X100.035 Y100.084 E7230.4684
G1 F2400 E7227.4684
G1 F300 Z33.700
G0 F3900 X101.648 Y101.694
G1 F300 Z33.500
G1 F1500 E7230.4684
G1 F2100 X101.648 Y148.305 E7232.4063
G1 X148.351 Y148.305 E7234.3480
G1 X148.351 Y101.694 E7236.2858
G1 X101.648 Y101.694 E7238.2275
G0 F3900 X100.435 Y100.484
;TYPE:WALL-INNER
;WIDTH:0.400
;FLOW:90.0
G1 F2400 X149.565 Y100.484 E7240.0658
G1 X149.565 Y149.515 E7241.9005
G1 X100.435 Y149.515 E7243.7388
G1 X100.435 Y100.484 E7245.5734
G0 F3900 X101.248 Y101.294
G1 F2400 X101.248 Y148.705 E7247.3474
G1 X148.751 Y148.705 E7249.1249
G1 X148.751 Y101.294 E7250.8989
G1 X101.248 Y101.294 E7252.6763
G0 F3900 X101.048 Y100.889
;TYPE:GAP-FILL
;WIDTH:0.482
;FLOW:95.0
G1 F3600 X100.876 Y100.925 E7252.6847
G1 X100.842 Y101.094 E7252.6929
;WIDTH:0.414
G1 X100.841 Y148.905 E7254.6474
;WIDTH:0.482
G1 X101.048 Y149.110 E7254.6612
;WIDTH:0.410
G1 X148.951 Y149.110 E7256.6005
;WIDTH:0.482
G1 X149.158 Y148.905 E7256.6144
;WIDTH:0.414
G1 X149.158 Y101.094 E7258.5688
;WIDTH:0.482
G1 X148.951 Y100.889 E7258.5827
;WIDTH:0.410
G1 X101.048 Y100.889 E7260.5220
;PRINTING_TIME: 4590
;REMAINING_TIME: 1694
;LAYER:134
;Z:33.750
;HEIGHT:0.250
;FLOW:100.0
;PRINTING: Flow_Calibration_Cube_0.4_mm.stl
;PRINTING_ID: 0
G1 F2400 E7257.5220
G1 F300 Z33.950
G0 F3900 X100.035 Y100.084
G0 F300 Z33.750
;TYPE:WALL-OUTER
;WIDTH:0.400
G1 F300 Z33.750
G1 F1500 E7260.5220
G1 F2100 X149.965 Y100.084 E7262.5979
G1 X149.965 Y149.915 E7264.6696
G1 X100.035 Y149.915 E7266.7454
G1 X100.035 Y100.084 E7268.8172
G1 F2400 E7265.8172
G1 F300 Z33.950
G0 F3900 X101.648 Y101.694
G1 F300 Z33.750
G1 F1500 E7268.8172
G1 F2100 X101.648 Y148.305 E7270.7550
G1 X148.351 Y148.305 E7272.6967
G1 X148.351 Y101.694 E7274.6346
G1 X101.648 Y101.694 E7276.5763
G0 F3900 X100.435 Y100.484
;TYPE:WALL-INNER
;WIDTH:0.400
;FLOW:90.0
G1 F2400 X149.565 Y100.484 E7278.4146
G1 X149.565 Y149.515 E7280.2492
G1 X100.435 Y149.515 E7282.0875
G1 X100.435 Y100.484 E7283.9222
G0 F3900 X101.248 Y101.294
G1 F2400 X101.248 Y148.705 E7285.6962
G1 X148.751 Y148.705 E7287.4736
G1 X148.751 Y101.294 E7289.2476
G1 X101.248 Y101.294 E7291.0251
G0 F3900 X101.048 Y100.889
;TYPE:GAP-FILL
;WIDTH:0.482
;FLOW:95.0
G1 F3600 X100.876 Y100.925 E7291.0335
G1 X100.842 Y101.094 E7291.0417
;WIDTH:0.414
G1 X100.841 Y148.905 E7292.9961
;WIDTH:0.482
G1 X101.048 Y149.110 E7293.0100
;WIDTH:0.410
G1 X148.951 Y149.110 E7294.9493
;WIDTH:0.482
G1 X149.158 Y148.905 E7294.9631
;WIDTH:0.414
G1 X149.158 Y101.094 E7296.9176
;WIDTH:0.482
G1 X148.951 Y100.889 E7296.9315
;WIDTH:0.410
G1 X101.048 Y100.889 E7298.8708
;PRINTING_TIME: 4616
;REMAINING_TIME: 1668
;LAYER:135
;Z:34.000
;HEIGHT:0.250
;FLOW:100.0
;PRINTING: Flow_Calibration_Cube_0.4_mm.stl
;PRINTING_ID: 0
G1 F2400 E7295.8708
G1 F300 Z34.200
G0 F3900 X100.035 Y100.084
G0 F300 Z34.000
;TYPE:WALL-OUTER
;WIDTH:0.400
G1 F300 Z34.000
G1 F1500 E7298.8708
G1 F2100 X149.965 Y100.084 E7300.9466
G1 X149.965 Y149.915 E7303.0183
G1 X100.035 Y149.915 E7305.0942
G1 X100.035 Y100.084 E7307.1659
G1 F2400 E7304.1659
G1 F300 Z34.200
G0 F3900 X101.648 Y101.694
G1 F300 Z34.000
G1 F1500 E7307.1659
G1 F2100 X101.648 Y148.305 E7309.1038
G1 X148.351 Y148.305 E7311.0455
G1 X148.351 Y101.694 E7312.9833
G1 X101.648 Y101.694 E7314.9250
G0 F3900 X100.435 Y100.484
;TYPE:WALL-INNER
;WIDTH:0.400
;FLOW:90.0
G1 F2400 X149.565 Y100.484 E7316.7633
G1 X149.565 Y149.515 E7318.5980
G1 X100.435 Y149.515 E7320.4363
G1 X100.435 Y100.484 E7322.2709
G0 F3900 X101.248 Y101.294
G1 F2400 X101.248 Y148.705 E7324.0449
G1 X148.751 Y148.705 E7325.8224
G1 X148.751 Y101.294 E7327.5964
G1 X101.248 Y101.294 E7329.3738
G0 F3900 X101.048 Y100.889
;TYPE:GAP-FILL
;WIDTH:0.482
;FLOW:95.0
G1 F3600 X100.876 Y100.925 E7329.3822
G1 X100.842 Y101.094 E7329.3904
;WIDTH:0.414
G1 X100.841 Y148.905 E7331.3449
;WIDTH:0.482
G1 X101.048 Y149.110 E7331.3587
;WIDTH:0.410
G1 X148.951 Y149.110 E7333.2980
;WIDTH:0.482
G1 X149.158 Y148.905 E7333.3119
;WIDTH:0.414
G1 X149.158 Y101.094 E7335.2663
;WIDTH:0.482
G1 X148.951 Y100.889 E7335.2802
;WIDTH:0.410
G1 X101.048 Y100.889 E7337.2195
;PRINTING_TIME: 4641
;REMAINING_TIME: 1643
;LAYER:136
;Z:34.250
;HEIGHT:0.250
;FLOW:100.0
;PRINTING: Flow_Calibration_Cube_0.4_mm.stl
;PRINTING_ID: 0
G1 F2400 E7334.2195
G1 F300 Z34.450
G0 F3900 X100.035 Y100.084
G0 F300 Z34.250
;TYPE:WALL-OUTER
;WIDTH:0.400
G1 F300 Z34.250
G1 F1500 E7337.2195
G1 F2100 X149.965 Y100.084 E7339.2953
G1 X149.965 Y149.915 E7341.3671
G1 X100.035 Y149.915 E7343.4429
G1 X100.035 Y100.084 E7345.5147
G1 F2400 E7342.5147
G1 F300 Z34.450
G0 F3900 X101.648 Y101.694
G1 F300 Z34.250
G1 F1500 E7345.5147
G1 F2100 X101.648 Y148.305 E7347.4525
G1 X148.351 Y148.305 E7349.3942
G1 X148.351 Y101.694 E7351.3321
G1 X101.648 Y101.694 E7353.2738
G0 F3900 X100.435 Y100.484
;TYPE:WALL-INNER
;WIDTH:0.400
;FLOW:90.0
G1 F2400 X149.565 Y100.484 E7355.1121
G1 X149.565 Y149.515 E7356.9467
G1 X100.435 Y149.515 E7358.7850
G1 X100.435 Y100.484 E7360.6197
G0 F3900 X101.248 Y101.294
G1 F2400 X101.248 Y148.705 E7362.3937
G1 X148.751 Y148.705 E7364.1711
G1 X148.751 Y101.294 E7365.9451
G1 X101.248 Y101.294 E7367.7226
G0 F3900 X101.048 Y100.889
;TYPE:GAP-FILL
;WIDTH:0.482
;FLOW:95.0
G1 F3600 X100.876 Y100.925 E7367.7309
G1 X100.842 Y101.094 E7367.7391
;WIDTH:0.414
G1 X100.841 Y148.905 E7369.6936
;WIDTH:0.482
G1 X101.048 Y149.110 E7369.7075
;WIDTH:0.410
G1 X148.951 Y149.110 E7371.6468
;WIDTH:0.482
G1 X149.158 Y148.905 E7371.6606
;WIDTH:0.414
G1 X149.158 Y101.094 E7373.6151
;WIDTH:0.482
G1 X148.951 Y100.889 E7373.6290
;WIDTH:0.410
G1 X101.048 Y100.889 E7375.5682
;PRINTING_TIME: 4667
;REMAINING_TIME: 1617
;LAYER:137
;Z:34.500
;HEIGHT:0.250
;FLOW:100.0
;PRINTING: Flow_Calibration_Cube_0.4_mm.stl
;PRINTING_ID: 0
G1 F2400 E7372.5682
G1 F300 Z34.700
G0 F3900 X100.035 Y100.084
G0 F300 Z34.500
;TYPE:WALL-OUTER
;WIDTH:0.400
G1 F300 Z34.500
G1 F1500 E7375.5682
G1 F2100 X149.965 Y100.084 E7377.6441
G1 X149.965 Y149.915 E7379.7158
G1 X100.035 Y149.915 E7381.7917
G1 X100.035 Y100.084 E7383.8634
G1 F2400 E7380.8634
G1 F300 Z34.700
G0 F3900 X101.648 Y101.694
G1 F300 Z34.500
G1 F1500 E7383.8634
G1 F2100 X101.648 Y148.305 E7385.8013
G1 X148.351 Y148.305 E7387.7430
G1 X148.351 Y101.694 E7389.6808
G1 X101.648 Y101.694 E7391.6225
G0 F3900 X100.435 Y100.484
;TYPE:WALL-INNER
;WIDTH:0.400
;FLOW:90.0
G1 F2400 X149.565 Y100.484 E7393.4608
G1 X149.565 Y149.515 E7395.2955
G1 X100.435 Y149.515 E7397.1338
G1 X100.435 Y100.484 E7398.9684
G0 F3900 X101.248 Y101.294
G1 F2400 X101.248 Y148.705 E7400.7424
G1 X148.751 Y148.705 E7402.5199
G1 X148.751 Y101.294 E7404.2939
G1 X101.248 Y101.294 E7406.0713
G0 F3900 X101.048 Y100.889
;TYPE:GAP-FILL
;WIDTH:0.482
;FLOW:95.0
G1 F3600 X100.876 Y100.925 E7406.0797
G1 X100.842 Y101.094 E7406.0879
;WIDTH:0.414
G1 X100.841 Y148.905 E7408.0423
;WIDTH:0.482
G1 X101.048 Y149.110 E7408.0562
;WIDTH:0.410
G1 X148.951 Y149.110 E7409.9955
;WIDTH:0.482
G1 X149.158 Y148.905 E7410.0094
;WIDTH:0.414
G1 X149.158 Y101.094 E7411.9638
;WIDTH:0.482
G1 X148.951 Y100.889 E7411.9777
;WIDTH:0.410
G1 X101.048 Y100.889 E7413.9170
;PRINTING_TIME: 4693
;REMAINING_TIME: 1591
;LAYER:138
;Z:34.750
;HEIGHT:0.250
;FLOW:100.0
;PRINTING: Flow_Calibration_Cube_0.4_mm.stl
;PRINTING_ID: 0
G1 F2400 E7410.9170
G1 F300 Z34.950
G0 F3900 X100.035 Y100.084
G0 F300 Z34.750
;TYPE:WALL-OUTER
;WIDTH:0.400
G1 F300 Z34.750
G1 F1500 E7413.9170
G1 F2100 X149.965 Y100.084 E7415.9928
G1 X149.965 Y149.915 E7418.0646
G1 X100.035 Y149.915 E7420.1404
G1 X100.035 Y100.084 E7422.2122
G1 F2400 E7419.2122
G1 F300 Z34.950
G0 F3900 X101.648 Y101.694
G1 F300 Z34.750
G1 F1500 E7422.2122
G1 F2100 X101.648 Y148.305 E7424.1500
G1 X148.351 Y148.305 E7426.0917
G1 X148.351 Y101.694 E7428.0296
G1 X101.648 Y101.694 E7429.9712
G0 F3900 X100.435 Y100.484
;TYPE:WALL-INNER
;WIDTH:0.400
;FLOW:90.0
G1 F2400 X149.565 Y100.484 E7431.8096
G1 X149.565 Y149.515 E7433.6442
G1 X100.435 Y149.515 E7435.4825
G1 X100.435 Y100.484 E7437.3172
G0 F3900 X101.248 Y101.294
G1 F2400 X101.248 Y148.705 E7439.0912
G1 X148.751 Y148.705 E7440.8686
G1 X148.751 Y101.294 E7442.6426
G1 X101.248 Y101.294 E7444.4201
G0 F3900 X101.048 Y100.889
;TYPE:GAP-FILL
;WIDTH:0.482
;FLOW:95.0
G1 F3600 X100.876 Y100.925 E7444.4284
G1 X100.842 Y101.094 E7444.4366
;WIDTH:0.414
G1 X100.841 Y148.905 E7446.3911
;WIDTH:0.482
G1 X101.048 Y149.110 E7446.4050
;WIDTH:0.410
G1 X148.951 Y149.110 E7448.3443
;WIDTH:0.482
G1 X149.158 Y148.905 E7448.3581
;WIDTH:0.414
G1 X149.158 Y101.094 E7450.3126
;WIDTH:0.482
G1 X148.951 Y100.889 E7450.3264
;WIDTH:0.410
G1 X101.048 Y100.889 E7452.2657
;PRINTING_TIME: 4718
;REMAINING_TIME: 1566
;LAYER:139
;Z:35.000
;HEIGHT:0.250
;FLOW:100.0
;PRINTING: Flow_Calibration_Cube_0.4_mm.stl
;PRINTING_ID: 0
G1 F2400 E7449.2657
G1 F300 Z35.200
G0 F3900 X100.035 Y100.084
G0 F300 Z35.000
;TYPE:WALL-OUTER
;WIDTH:0.400
G1 F300 Z35.000
G1 F1500 E7452.2657
G1 F2100 X149.965 Y100.084 E7454.3416
G1 X149.965 Y149.915 E7456.4133
G1 X100.035 Y149.915 E7458.4892
G1 X100.035 Y100.084 E7460.5609
G1 F2400 E7457.5609
G1 F300 Z35.200
G0 F3900 X101.648 Y101.694
G1 F300 Z35.000
G1 F1500 E7460.5609
G1 F2100 X101.648 Y148.305 E7462.4988
G1 X148.351 Y148.305 E7464.4404
G1 X148.351 Y101.694 E7466.3783
G1 X101.648 Y101.694 E7468.3200
G0 F3900 X100.435 Y100.484
;TYPE:WALL-INNER
;WIDTH:0.400
;FLOW:90.0
G1 F2400 X149.565 Y100.484 E7470.1583
G1 X149.565 Y149.515 E7471.9929
G1 X100.435 Y149.515 E7473.8313
G1 X100.435 Y100.484 E7475.6659
G0 F3900 X101.248 Y101.294
G1 F2400 X101.248 Y148.705 E7477.4399
G1 X148.751 Y148.705 E7479.2174
G1 X148.751 Y101.294 E7480.9914
G1 X101.248 Y101.294 E7482.7688
G0 F3900 X101.048 Y100.889
;TYPE:GAP-FILL
;WIDTH:0.482
;FLOW:95.0
G1 F3600 X100.876 Y100.925 E7482.7772
G1 X100.842 Y101.094 E7482.7854
;WIDTH:0.414
G1 X100.841 Y148.905 E7484.7398
;WIDTH:0.482
G1 X101.048 Y149.110 E7484.7537
;WIDTH:0.410
G1 X148.951 Y149.110 E7486.6930
;WIDTH:0.482
G1 X149.158 Y148.905 E7486.7069
;WIDTH:0.414
G1 X149.158 Y101.094 E7488.6613
;WIDTH:0.482
G1 X148.951 Y100.889 E7488.6752
;WIDTH:0.410
G1 X101.048 Y100.889 E7490.6145
;PRINTING_TIME: 4744
;REMAINING_TIME: 1540
;LAYER:140
;Z:35.250
;HEIGHT:0.250
;FLOW:100.0
;PRINTING: Flow_Calibration_Cube_0.4_mm.stl
;PRINTING_ID: 0
G1 F2400 E7487.6145
G1 F300 Z35.450
G0 F3900 X100.035 Y100.084
G0 F300 Z35.250
;TYPE:WALL-OUTER
;WIDTH:0.400
G1 F300 Z35.250
G1 F1500 E7490.6145
G1 F2100 X149.965 Y100.084 E7492.6903
G1 X149.965 Y149.915 E7494.7621
G1 X100.035 Y149.915 E7496.8379
G1 X100.035 Y100.084 E7498.9096
G1 F2400 E7495.9096
G1 F300 Z35.450
G0 F3900 X101.648 Y101.694
G1 F300 Z35.250
G1 F1500 E7498.9096
G1 F2100 X101.648 Y148.305 E7500.8475
G1 X148.351 Y148.305 E7502.7892
G1 X148.351 Y101.694 E7504.7271
G1 X101.648 Y101.694 E7506.6687
G0 F3900 X100.435 Y100.484
;TYPE:WALL-INNER
;WIDTH:0.400
;FLOW:90.0
G1 F2400 X149.565 Y100.484 E7508.5071
G1 X149.565 Y149.515 E7510.3417
G1 X100.435 Y149.515 E7512.1800
G1 X100.435 Y100.484 E7514.0146
G0 F3900 X101.248 Y101.294
G1 F2400 X101.248 Y148.705 E7515.7887
G1 X148.751 Y148.705 E7517.5661
G1 X148.751 Y101.294 E7519.3401
G1 X101.248 Y101.294 E7521.1176
G0 F3900 X101.048 Y100.889
;TYPE:GAP-FILL
;WIDTH:0.482
;FLOW:95.0
G1 F3600 X100.876 Y100.925 E7521.1259
G1 X100.842 Y101.094 E7521.1341
;WIDTH:0.414
G1 X100.841 Y148.905 E7523.0886
;WIDTH:0.482
G1 X101.048 Y149.110 E7523.1025
;WIDTH:0.410
G1 X148.951 Y149.110 E7525.0417
;WIDTH:0.482
G1 X149.158 Y148.905 E7525.0556
;WIDTH:0.414
G1 X149.158 Y101.094 E7527.0101
;WIDTH:0.482
G1 X148.951 Y100.889 E7527.0239
;WIDTH:0.410
G1 X101.048 Y100.889 E7528.9632
;PRINTING_TIME: 4770
;REMAINING_TIME: 1514
;LAYER:141
;Z:35.500
;HEIGHT:0.250
;FLOW:100.0
;PRINTING: Flow_Calibration_Cube_0.4_mm.stl
;PRINTING_ID: 0
G1 F2400 E7525.9632
G1 F300 Z35.700
G0 F3900 X100.035 Y100.084
G0 F300 Z35.500
;TYPE:WALL-OUTER
;WIDTH:0.400
G1 F300 Z35.500
G1 F1500 E7528.9632
G1 F2100 X149.965 Y100.084 E7531.0391
G1 X149.965 Y149.915 E7533.1108
G1 X100.035 Y149.915 E7535.1867
G1 X100.035 Y100.084 E7537.2584
G1 F2400 E7534.2584
G1 F300 Z35.700
G0 F3900 X101.648 Y101.694
G1 F300 Z35.500
G1 F1500 E7537.2584
G1 F2100 X101.648 Y148.305 E7539.1963
G1 X148.351 Y148.305 E7541.1379
G1 X148.351 Y101.694 E7543.0758
G1 X101.648 Y101.694 E7545.0175
G0 F3900 X100.435 Y100.484
;TYPE:WALL-INNER
;WIDTH:0.400
;FLOW:90.0
G1 F2400 X149.565 Y100.484 E7546.8558
G1 X149.565 Y149.515 E7548.6904
G1 X100.435 Y149.515 E7550.5288
G1 X100.435 Y100.484 E7552.3634
G0 F3900 X101.248 Y101.294
G1 F2400 X101.248 Y148.705 E7554.1374
G1 X148.751 Y148.705 E7555.9148
G1 X148.751 Y101.294 E7557.6889
G1 X101.248 Y101.294 E7559.4663
G0 F3900 X101.048 Y100.889
;TYPE:GAP-FILL
;WIDTH:0.482
;FLOW:95.0
G1 F3600 X100.876 Y100.925 E7559.4747
G1 X100.842 Y101.094 E7559.4829
;WIDTH:0.414
G1 X100.841 Y148.905 E7561.4373
;WIDTH:0.482
G1 X101.048 Y149.110 E7561.4512
;WIDTH:0.410
G1 X148.951 Y149.110 E7563.3905
;WIDTH:0.482
G1 X149.158 Y148.905 E7563.4044
;WIDTH:0.414
G1 X149.158 Y101.094 E7565.3588
;WIDTH:0.482
G1 X148.951 Y100.889 E7565.3727
;WIDTH:0.410
G1 X101.048 Y100.889 E7567.3120
;PRINTING_TIME: 4795
;REMAINING_TIME: 1489
;LAYER:142
;Z:35.750
;HEIGHT:0.250
;FLOW:100.0
;PRINTING: Flow_Calibration_Cube_0.4_mm.stl
;PRINTING_ID: 0
G1 F2400 E7564.3120
G1 F300 Z35.950
G0 F3900 X100.035 Y100.084
G0 F300 Z35.750
;TYPE:WALL-OUTER
;WIDTH:0.400
G1 F300 Z35.750
G1 F1500 E7567.3120
G1 F2100 X149.965 Y100.084 E7569.3878
G1 X149.965 Y149.915 E7571.4596
G1 X100.035 Y149.915 E7573.5354
G1 X100.035 Y100.084 E7575.6071
G1 F2400 E7572.6071
G1 F300 Z35.950
G0 F3900 X101.648 Y101.694
G1 F300 Z35.750
G1 F1500 E7575.6071
G1 F2100 X101.648 Y148.305 E7577.5450
G1 X148.351 Y148.305 E7579.4867
G1 X148.351 Y101.694 E7581.4245
G1 X101.648 Y101.694 E7583.3662
G0 F3900 X100.435 Y100.484
;TYPE:WALL-INNER
;WIDTH:0.400
;FLOW:90.0
G1 F2400 X149.565 Y100.484 E7585.2046
G1 X149.565 Y149.515 E7587.0392
G1 X100.435 Y149.515 E7588.8775
G1 X100.435 Y100.484 E7590.7121
G0 F3900 X101.248 Y101.294
G1 F2400 X101.248 Y148.705 E7592.4861
G1 X148.751 Y148.705 E7594.2636
G1 X148.751 Y101.294 E7596.0376
G1 X101.248 Y101.294 E7597.8151
G0 F3900 X101.048 Y100.889
;TYPE:GAP-FILL
;WIDTH:0.482
;FLOW:95.0
G1 F3600 X100.876 Y100.925 E7597.8234
G1 X100.842 Y101.094 E7597.8316
;WIDTH:0.414
G1 X100.841 Y148.905 E7599.7861
;WIDTH:0.482
G1 X101.048 Y149.110 E7599.7999
;WIDTH:0.410
G1 X148.951 Y149.110 E7601.7392
;WIDTH:0.482
G1 X149.158 Y148.905 E7601.7531
;WIDTH:0.414
G1 X149.158 Y101.094 E7603.7076
;WIDTH:0.482
G1 X148.951 Y100.889 E7603.7214
;WIDTH:0.410
G1 X101.048 Y100.889 E7605.6607
;PRINTING_TIME: 4821
;REMAINING_TIME: 1463
;LAYER:143
;Z:36.000
;HEIGHT:0.250
;FLOW:100.0
;PRINTING: Flow_Calibration_Cube_0.4_mm.stl
;PRINTING_ID: 0
G1 F2400 E7602.6607
G1 F300 Z36.200
G0 F3900 X100.035 Y100.084
G0 F300 Z36.000
;TYPE:WALL-OUTER
;WIDTH:0.400
G1 F300 Z36.000
G1 F1500 E7605.6607
G1 F2100 X149.965 Y100.084 E7607.7366
G1 X149.965 Y149.915 E7609.8083
G1 X100.035 Y149.915 E7611.8841
G1 X100.035 Y100.084 E7613.9559
G1 F2400 E7610.9559
G1 F300 Z36.200
G0 F3900 X101.648 Y101.694
G1 F300 Z36.000
G1 F1500 E7613.9559
G1 F2100 X101.648 Y148.305 E7615.8937
G1 X148.351 Y148.305 E7617.8354
G1 X148.351 Y101.694 E7619.7733
G1 X101.648 Y101.694 E7621.7150
G0 F3900 X100.435 Y100.484
;TYPE:WALL-INNER
;WIDTH:0.400
;FLOW:90.0
G1 F2400 X149.565 Y100.484 E7623.5533
G1 X149.565 Y149.515 E7625.3879
G1 X100.435 Y149.515 E7627.2263
G1 X100.435 Y100.484 E7629.0609
G0 F3900 X101.248 Y101.294
G1 F2400 X101.248 Y148.705 E7630.8349
G1 X148.751 Y148.705 E7632.6123
G1 X148.751 Y101.294 E7634.3863
G1 X101.248 Y101.294 E7636.1638
G0 F3900 X101.048 Y100.889
;TYPE:GAP-FILL
;WIDTH:0.482
;FLOW:95.0
G1 F3600 X100.876 Y100.925 E7636.1722
G1 X100.842 Y101.094 E7636.1804
;WIDTH:0.414
G1 X100.841 Y148.905 E7638.1348
;WIDTH:0.482
G1 X101.048 Y149.110 E7638.1487
;WIDTH:0.410
G1 X148.951 Y149.110 E7640.0880
;WIDTH:0.482
G1 X149.158 Y148.905 E7640.1018
;WIDTH:0.414
G1 X149.158 Y101.094 E7642.0563
;WIDTH:0.482
G1 X148.951 Y100.889 E7642.0702
;WIDTH:0.410
G1 X101.048 Y100.889 E7644.0095
;PRINTING_TIME: 4847
;REMAINING_TIME: 1437
;LAYER:144
;Z:36.250
;HEIGHT:0.250
;FLOW:100.0
;PRINTING: Flow_Calibration_Cube_0.4_mm.stl
;PRINTING_ID: 0
G1 F2400 E7641.0095
G1 F300 Z36.450
G0 F3900 X100.035 Y100.084
G0 F300 Z36.250
;TYPE:WALL-OUTER
;WIDTH:0.400
G1 F300 Z36.250
G1 F1500 E7644.0095
G1 F2100 X149.965 Y100.084 E7646.0853
G1 X149.965 Y149.915 E7648.1570
G1 X100.035 Y149.915 E7650.2329
G1 X100.035 Y100.084 E7652.3046
G1 F2400 E7649.3046
G1 F300 Z36.450
G0 F3900 X101.648 Y101.694
G1 F300 Z36.250
G1 F1500 E7652.3046
G1 F2100 X101.648 Y148.305 E7654.2425
G1 X148.351 Y148.305 E7656.1842
G1 X148.351 Y101.694 E7658.1220
G1 X101.648 Y101.694 E7660.0637
G0 F3900 X100.435 Y100.484
;TYPE:WALL-INNER
;WIDTH:0.400
;FLOW:90.0
G1 F2400 X149.565 Y100.484 E7661.9020
G1 X149.565 Y149.515 E7663.7367
G1 X100.435 Y149.515 E7665.5750
G1 X100.435 Y100.484 E7667.4096
G0 F3900 X101.248 Y101.294
G1 F2400 X101.248 Y148.705 E7669.1836
G1 X148.751 Y148.705 E7670.9611
G1 X148.751 Y101.294 E7672.7351
G1 X101.248 Y101.294 E7674.5125
G0 F3900 X101.048 Y100.889
;TYPE:GAP-FILL
;WIDTH:0.482
;FLOW:95.0
G1 F3600 X100.876 Y100.925 E7674.5209
G1 X100.842 Y101.094 E7674.5291
;WIDTH:0.414
G1 X100.841 Y148.905 E7676.4836
;WIDTH:0.482
G1 X101.048 Y149.110 E7676.4974
;WIDTH:0.410
G1 X148.951 Y149.110 E7678.4367
;WIDTH:0.482
G1 X149.158 Y148.905 E7678.4506
;WIDTH:0.414
G1 X149.158 Y101.094 E7680.4051
;WIDTH:0.482
G1 X148.951 Y100.889 E7680.4189
;WIDTH:0.410
G1 X101.048 Y100.889 E7682.3582
;PRINTING_TIME: 4872
;REMAINING_TIME: 1412
;LAYER:145
;Z:36.500
;HEIGHT:0.250
;FLOW:100.0
;PRINTING: Flow_Calibration_Cube_0.4_mm.stl
;PRINTING_ID: 0
G1 F2400 E7679.3582
G1 F300 Z36.700
G0 F3900 X100.035 Y100.084
G0 F300 Z36.500
;TYPE:WALL-OUTER
;WIDTH:0.400
G1 F300 Z36.500
G1 F1500 E7682.3582
G1 F2100 X149.965 Y100.084 E7684.4341
G1 X149.965 Y149.915 E7686.5058
G1 X100.035 Y149.915 E7688.5816
G1 X100.035 Y100.084 E7690.6534
G1 F2400 E7687.6534
G1 F300 Z36.700
G0 F3900 X101.648 Y101.694
G1 F300 Z36.500
G1 F1500 E7690.6534
G1 F2100 X101.648 Y148.305 E7692.5912
G1 X148.351 Y148.305 E7694.5329
G1 X148.351 Y101.694 E7696.4708
G1 X101.648 Y101.694 E7698.4125
G0 F3900 X100.435 Y100.484
;TYPE:WALL-INNER
;WIDTH:0.400
;FLOW:90.0
G1 F2400 X149.565 Y100.484 E7700.2508
G1 X149.565 Y149.515 E7702.0854
G1 X100.435 Y149.515 E7703.9237
G1 X100.435 Y100.484 E7705.7584
G0 F3900 X101.248 Y101.294
G1 F2400 X101.248 Y148.705 E7707.5324
G1 X148.751 Y148.705 E7709.3098
G1 X148.751 Y101.294 E7711.0838
G1 X101.248 Y101.294 E7712.8613
G0 F3900 X101.048 Y100.889
;TYPE:GAP-FILL
;WIDTH:0.482
;FLOW:95.0
G1 F3600 X100.876 Y100.925 E7712.8697
G1 X100.842 Y101.094 E7712.8779
;WIDTH:0.414
G1 X100.841 Y148.905 E7714.8323
;WIDTH:0.482
G1 X101.048 Y149.110 E7714.8462
;WIDTH:0.410
G1 X148.951 Y149.110 E7716.7855
;WIDTH:0.482
G1 X149.158 Y148.905 E7716.7993
;WIDTH:0.414
G1 X149.158 Y101.094 E7718.7538
;WIDTH:0.482
G1 X148.951 Y100.889 E7718.7677
;WIDTH:0.410
G1 X101.048 Y100.889 E7720.7070
;PRINTING_TIME: 4898
;REMAINING_TIME: 1386
;LAYER:146
;Z:36.750
;HEIGHT:0.250
;FLOW:100.0
;PRINTING: Flow_Calibration_Cube_0.4_mm.stl
;PRINTING_ID: 0
G1 F2400 E7717.7070
G1 F300 Z36.950
G0 F3900 X100.035 Y100.084
G0 F300 Z36.750
;TYPE:WALL-OUTER
;WIDTH:0.400
G1 F300 Z36.750
G1 F1500 E7720.7070
G1 F2100 X149.965 Y100.084 E7722.7828
G1 X149.965 Y149.915 E7724.8545
G1 X100.035 Y149.915 E7726.9304
G1 X100.035 Y100.084 E7729.0021
G1 F2400 E7726.0021
G1 F300 Z36.950
G0 F3900 X101.648 Y101.694
G1 F300 Z36.750
G1 F1500 E7729.0021
G1 F2100 X101.648 Y148.305 E7730.9400
G1 X148.351 Y148.305 E7732.8817
G1 X148.351 Y101.694 E7734.8195
G1 X101.648 Y101.694 E7736.7612
G0 F3900 X100.435 Y100.484
;TYPE:WALL-INNER
;WIDTH:0.400
;FLOW:90.0
G1 F2400 X149.565 Y100.484 E7738.5995
G1 X149.565 Y149.515 E7740.4342
G1 X100.435 Y149.515 E7742.2725
G1 X100.435 Y100.484 E7744.1071
G0 F3900 X101.248 Y101.294
G1 F2400 X101.248 Y148.705 E7745.8811
G1 X148.751 Y148.705 E7747.6586
G1 X148.751 Y101.294 E7749.4326
G1 X101.248 Y101.294 E7751.2100
G0 F3900 X101.048 Y100.889
;TYPE:GAP-FILL
;WIDTH:0.482
;FLOW:95.0
G1 F3600 X100.876 Y100.925 E7751.2184
G1 X100.842 Y101.094 E7751.2266
;WIDTH:0.414
G1 X100.841 Y148.905 E7753.1811
;WIDTH:0.482
G1 X101.048 Y149.110 E7753.1949
;WIDTH:0.410
G1 X148.951 Y149.110 E7755.1342
;WIDTH:0.482
G1 X149.158 Y148.905 E7755.1481
;WIDTH:0.414
G1 X149.158 Y101.094 E7757.1025
;WIDTH:0.482
G1 X148.951 Y100.889 E7757.1164
;WIDTH:0.410
G1 X101.048 Y100.889 E7759.0557
;PRINTING_TIME: 4924
;REMAINING_TIME: 1360
;LAYER:147
;Z:37.000
;HEIGHT:0.250
;FLOW:100.0
;PRINTING: Flow_Calibration_Cube_0.4_mm.stl
;PRINTING_ID: 0
G1 F2400 E7756.0557
G1 F300 Z37.200
G0 F3900 X100.035 Y100.084
G0 F300 Z37.000
;TYPE:WALL-OUTER
;WIDTH:0.400
G1 F300 Z37.000
G1 F1500 E7759.0557
G1 F2100 X149.965 Y100.084 E7761.1316
G1 X149.965 Y149.915 E7763.2033
G1 X100.035 Y149.915 E7765.2791
G1 X100.035 Y100.084 E7767.3509
G1 F2400 E7764.3509
G1 F300 Z37.200
G0 F3900 X101.648 Y101.694
G1 F300 Z37.000
G1 F1500 E7767.3509
G1 F2100 X101.648 Y148.305 E7769.2887
G1 X148.351 Y148.305 E7771.2304
G1 X148.351 Y101.694 E7773.1683
G1 X101.648 Y101.694 E7775.1100
G0 F3900 X100.435 Y100.484
;TYPE:WALL-INNER
;WIDTH:0.400
;FLOW:90.0
G1 F2400 X149.565 Y100.484 E7776.9483
G1 X149.565 Y149.515 E7778.7829
G1 X100.435 Y149.515 E7780.6212
G1 X100.435 Y100.484 E7782.4559
G0 F3900 X101.248 Y101.294
G1 F2400 X101.248 Y148.705 E7784.2299
G1 X148.751 Y148.705 E7786.0073
G1 X148.751 Y101.294 E7787.7813
G1 X101.248 Y101.294 E7789.5588
G0 F3900 X101.048 Y100.889
;TYPE:GAP-FILL
;WIDTH:0.482
;FLOW:95.0
G1 F3600 X100.876 Y100.925 E7789.5671
G1 X100.842 Y101.094 E7789.5754
;WIDTH:0.414
G1 X100.841 Y148.905 E7791.5298
;WIDTH:0.482
G1 X101.048 Y149.110 E7791.5437
;WIDTH:0.410
G1 X148.951 Y149.110 E7793.4830
;WIDTH:0.482
G1 X149.158 Y148.905 E7793.4968
;WIDTH:0.414
G1 X149.158 Y101.094 E7795.4513
;WIDTH:0.482
G1 X148.951 Y100.889 E7795.4652
;WIDTH:0.410
G1 X101.048 Y100.889 E7797.4045
;PRINTING_TIME: 4949
;REMAINING_TIME: 1335
;LAYER:148
;Z:37.250
;HEIGHT:0.250
;FLOW:100.0
;PRINTING: Flow_Calibration_Cube_0.4_mm.stl
;PRINTING_ID: 0
G1 F2400 E7794.4045
G1 F300 Z37.450
G0 F3900 X100.035 Y100.084
G0 F300 Z37.250
;TYPE:WALL-OUTER
;WIDTH:0.400
G1 F300 Z37.250
G1 F1500 E7797.4045
G1 F2100 X149.965 Y100.084 E7799.4803
G1 X149.965 Y149.915 E7801.5520
G1 X100.035 Y149.915 E7803.6279
G1 X100.035 Y100.084 E7805.6996
G1 F2400 E7802.6996
G1 F300 Z37.450
G0 F3900 X101.648 Y101.694
G1 F300 Z37.250
G1 F1500 E7805.6996
G1 F2100 X101.648 Y148.305 E7807.6375
G1 X148.351 Y148.305 E7809.5792
G1 X148.351 Y101.694 E7811.5170
G1 X101.648 Y101.694 E7813.4587
G0 F3900 X100.435 Y100.484
;TYPE:WALL-INNER
;WIDTH:0.400
;FLOW:90.0
G1 F2400 X149.565 Y100.484 E7815.2970
G1 X149.565 Y149.515 E7817.1317
G1 X100.435 Y149.515 E7818.9700
G1 X100.435 Y100.484 E7820.8046
G0 F3900 X101.248 Y101.294
G1 F2400 X101.248 Y148.705 E7822.5786
G1 X148.751 Y148.705 E7824.3561
G1 X148.751 Y101.294 E7826.1301
G1 X101.248 Y101.294 E7827.9075
G0 F3900 X101.048 Y100.889
;TYPE:GAP-FILL
;WIDTH:0.482
;FLOW:95.0
G1 F3600 X100.876 Y100.925 E7827.9159
G1 X100.842 Y101.094 E7827.9241
;WIDTH:0.414
G1 X100.841 Y148.905 E7829.8786
;WIDTH:0.482
G1 X101.048 Y149.110 E7829.8924
;WIDTH:0.410
G1 X148.951 Y149.110 E7831.8317
;WIDTH:0.482
G1 X149.158 Y148.905 E7831.8456
;WIDTH:0.414
G1 X149.158 Y101.094 E7833.8000
;WIDTH:0.482
G1 X148.951 Y100.889 E7833.8139
;WIDTH:0.410
G1 X101.048 Y100.889 E7835.7532
;PRINTING_TIME: 4975
;REMAINING_TIME: 1309
;LAYER:149
;Z:37.500
;HEIGHT:0.250
;FLOW:100.0
;PRINTING: Flow_Calibration_Cube_0.4_mm.stl
;PRINTING_ID: 0
G1 F2400 E7832.7532
G1 F300 Z37.700
G0 F3900 X100.035 Y100.084
G0 F300 Z37.500
;TYPE:WALL-OUTER
;WIDTH:0.400
G1 F300 Z37.500
G1 F1500 E7835.7532
G1 F2100 X149.965 Y100.084 E7837.8290
G1 X149.965 Y149.915 E7839.9008
G1 X100.035 Y149.915 E7841.9766
G1 X100.035 Y100.084 E7844.0484
G1 F2400 E7841.0484
G1 F300 Z37.700
G0 F3900 X101.648 Y101.694
G1 F300 Z37.500
G1 F1500 E7844.0484
G1 F2100 X101.648 Y148.305 E7845.9862
G1 X148.351 Y148.305 E7847.9279
G1 X148.351 Y101.694 E7849.8658
G1 X101.648 Y101.694 E7851.8074
G0 F3900 X100.435 Y100.484
;TYPE:WALL-INNER
;WIDTH:0.400
;FLOW:90.0
G1 F2400 X149.565 Y100.484 E7853.6458
G1 X149.565 Y149.515 E7855.4804
G1 X100.435 Y149.515 E7857.3187
G1 X100.435 Y100.484 E7859.1534
G0 F3900 X101.248 Y101.294
G1 F2400 X101.248 Y148.705 E7860.9274
G1 X148.751 Y148.705 E7862.7048
G1 X148.751 Y101.294 E7864.4788
G1 X101.248 Y101.294 E7866.2563
G0 F3900 X101.048 Y100.889
;TYPE:GAP-FILL
;WIDTH:0.482
;FLOW:95.0
G1 F3600 X100.876 Y100.925 E7866.2646
G1 X100.842 Y101.094 E7866.2728
;WIDTH:0.414
G1 X100.841 Y148.905 E7868.2273
;WIDTH:0.482
G1 X101.048 Y149.110 E7868.2412
;WIDTH:0.410
G1 X148.951 Y149.110 E7870.1805
;WIDTH:0.482
G1 X149.158 Y148.905 E7870.1943
;WIDTH:0.414
G1 X149.158 Y101.094 E7872.1488
;WIDTH:0.482
G1 X148.951 Y100.889 E7872.1626
;WIDTH:0.410
G1 X101.048 Y100.889 E7874.1019
;PRINTING_TIME: 5001
;REMAINING_TIME: 1283
;LAYER:150
;Z:37.750
;HEIGHT:0.250
;FLOW:100.0
;PRINTING: Flow_Calibration_Cube_0.4_mm.stl
;PRINTING_ID: 0
G1 F2400 E7871.1019
G1 F300 Z37.950
G0 F3900 X100.035 Y100.084
G0 F300 Z37.750
;TYPE:WALL-OUTER
;WIDTH:0.400
G1 F300 Z37.750
G1 F1500 E7874.1019
G1 F2100 X149.965 Y100.084 E7876.1778
G1 X149.965 Y149.915 E7878.2495
G1 X100.035 Y149.915 E7880.3254
G1 X100.035 Y100.084 E7882.3971
G1 F2400 E7879.3971
G1 F300 Z37.950
G0 F3900 X101.648 Y101.694
G1 F300 Z37.750
G1 F1500 E7882.3971
G1 F2100 X101.648 Y148.305 E7884.3350
G1 X148.351 Y148.305 E7886.2766
G1 X148.351 Y101.694 E7888.2145
G1 X101.648 Y101.694 E7890.1562
G0 F3900 X100.435 Y100.484
;TYPE:WALL-INNER
;WIDTH:0.400
;FLOW:90.0
G1 F2400 X149.565 Y100.484 E7891.9945
G1 X149.565 Y149.515 E7893.8291
G1 X100.435 Y149.515 E7895.6675
G1 X100.435 Y100.484 E7897.5021
G0 F3900 X101.248 Y101.294
G1 F2400 X101.248 Y148.705 E7899.2761
G1 X148.751 Y148.705 E7901.0536
G1 X148.751 Y101.294 E7902.8276
G1 X101.248 Y101.294 E7904.6050
G0 F3900 X101.048 Y100.889
;TYPE:GAP-FILL
;WIDTH:0.482
;FLOW:95.0
G1 F3600 X100.876 Y100.925 E7904.6134
G1 X100.842 Y101.094 E7904.6216
;WIDTH:0.414
G1 X100.841 Y148.905 E7906.5760
;WIDTH:0.482
G1 X101.048 Y149.110 E7906.5899
;WIDTH:0.410
G1 X148.951 Y149.110 E7908.5292
;WIDTH:0.482
G1 X149.158 Y148.905 E7908.5431
;WIDTH:0.414
G1 X149.158 Y101.094 E7910.4975
;WIDTH:0.482
G1 X148.951 Y100.889 E7910.5114
;WIDTH:0.410
G1 X101.048 Y100.889 E7912.4507
;PRINTING_TIME: 5026
;REMAINING_TIME: 1258
;LAYER:151
;Z:38.000
;HEIGHT:0.250
;FLOW:100.0
;PRINTING: Flow_Calibration_Cube_0.4_mm.stl
;PRINTING_ID: 0
G1 F2400 E7909.4507
G1 F300 Z38.200
G0 F3900 X100.035 Y100.084
G0 F300 Z38.000
;TYPE:WALL-OUTER
;WIDTH:0.400
G1 F300 Z38.000
G1 F1500 E7912.4507
G1 F2100 X149.965 Y100.084 E7914.5265
G1 X149.965 Y149.915 E7916.5983
G1 X100.035 Y149.915 E7918.6741
G1 X100.035 Y100.084 E7920.7458
G1 F2400 E7917.7458
G1 F300 Z38.200
G0 F3900 X101.648 Y101.694
G1 F300 Z38.000
G1 F1500 E7920.7458
G1 F2100 X101.648 Y148.305 E7922.6837
G1 X148.351 Y148.305 E7924.6254
G1 X148.351 Y101.694 E7926.5633
G1 X101.648 Y101.694 E7928.5049
G0 F3900 X100.435 Y100.484
;TYPE:WALL-INNER
;WIDTH:0.400
;FLOW:90.0
G1 F2400 X149.565 Y100.484 E7930.3433
G1 X149.565 Y149.515 E7932.1779
G1 X100.435 Y149.515 E7934.0162
G1 X100.435 Y100.484 E7935.8508
G0 F3900 X101.248 Y101.294
G1 F2400 X101.248 Y148.705 E7937.6249
G1 X148.751 Y148.705 E7939.4023
G1 X148.751 Y101.294 E7941.1763
G1 X101.248 Y101.294 E7942.9538
G0 F3900 X101.048 Y100.889
;TYPE:GAP-FILL
;WIDTH:0.482
;FLOW:95.0
G1 F3600 X100.876 Y100.925 E7942.9621
G1 X100.842 Y101.094 E7942.9703
;WIDTH:0.414
G1 X100.841 Y148.905 E7944.9248
;WIDTH:0.482
G1 X101.048 Y149.110 E7944.9387
;WIDTH:0.410
G1 X148.951 Y149.110 E7946.8780
;WIDTH:0.482
G1 X149.158 Y148.905 E7946.8918
;WIDTH:0.414
G1 X149.158 Y101.094 E7948.8463
;WIDTH:0.482
G1 X148.951 Y100.889 E7948.8601
;WIDTH:0.410
G1 X101.048 Y100.889 E7950.7994
;PRINTING_TIME: 5052
;REMAINING_TIME: 1232
;LAYER:152
;Z:38.250
;HEIGHT:0.250
;FLOW:100.0
;PRINTING: Flow_Calibration_Cube_0.4_mm.stl
;PRINTING_ID: 0
G1 F2400 E7947.7994
G1 F300 Z38.450
G0 F3900 X100.035 Y100.084
G0 F300 Z38.250
;TYPE:WALL-OUTER
;WIDTH:0.400
G1 F300 Z38.250
G1 F1500 E7950.7994
G1 F2100 X149.965 Y100.084 E7952.8753
G1 X149.965 Y149.915 E7954.9470
G1 X100.035 Y149.915 E7957.0229
G1 X100.035 Y100.084 E7959.0946
G1 F2400 E7956.0946
G1 F300 Z38.450
G0 F3900 X101.648 Y101.694
G1 F300 Z38.250
G1 F1500 E7959.0946
G1 F2100 X101.648 Y148.305 E7961.0325
G1 X148.351 Y148.305 E7962.9741
G1 X148.351 Y101.694 E7964.9120
G1 X101.648 Y101.694 E7966.8537
G0 F3900 X100.435 Y100.484
;TYPE:WALL-INNER
;WIDTH:0.400
;FLOW:90.0
G1 F2400 X149.565 Y100.484 E7968.6920
G1 X149.565 Y149.515 E7970.5266
G1 X100.435 Y149.515 E7972.3650
G1 X100.435 Y100.484 E7974.1996
G0 F3900 X101.248 Y101.294
G1 F2400 X101.248 Y148.705 E7975.9736
G1 X148.751 Y148.705 E7977.7511
G1 X148.751 Y101.294 E7979.5251
G1 X101.248 Y101.294 E7981.3025
G0 F3900 X101.048 Y100.889
;TYPE:GAP-FILL
;WIDTH:0.482
;FLOW:95.0
G1 F3600 X100.876 Y100.925 E7981.3109
G1 X100.842 Y101.094 E7981.3191
;WIDTH:0.414
G1 X100.841 Y148.905 E7983.2735
;WIDTH:0.482
G1 X101.048 Y149.110 E7983.2874
;WIDTH:0.410
G1 X148.951 Y149.110 E7985.2267
;WIDTH:0.482
G1 X149.158 Y148.905 E7985.2406
;WIDTH:0.414
G1 X149.158 Y101.094 E7987.1950
;WIDTH:0.482
G1 X148.951 Y100.889 E7987.2089
;WIDTH:0.410
G1 X101.048 Y100.889 E7989.1482
;PRINTING_TIME: 5078
;REMAINING_TIME: 1206
;LAYER:153
;Z:38.500
;HEIGHT:0.250
;FLOW:100.0
;PRINTING: Flow_Calibration_Cube_0.4_mm.stl
;PRINTING_ID: 0
G1 F2400 E7986.1482
G1 F300 Z38.700
G0 F3900 X100.035 Y100.084
G0 F300 Z38.500
;TYPE:WALL-OUTER
;WIDTH:0.400
G1 F300 Z38.500
G1 F1500 E7989.1482
G1 F2100 X149.965 Y100.084 E7991.2240
G1 X149.965 Y149.915 E7993.2958
G1 X100.035 Y149.915 E7995.3716
G1 X100.035 Y100.084 E7997.4433
G1 F2400 E7994.4433
G1 F300 Z38.700
G0 F3900 X101.648 Y101.694
G1 F300 Z38.500
G1 F1500 E7997.4433
G1 F2100 X101.648 Y148.305 E7999.3812
G1 X148.351 Y148.305 E8001.3229
G1 X148.351 Y101.694 E8003.2607
G1 X101.648 Y101.694 E8005.2024
G0 F3900 X100.435 Y100.484
;TYPE:WALL-INNER
;WIDTH:0.400
;FLOW:90.0
G1 F2400 X149.565 Y100.484 E8007.0408
G1 X149.565 Y149.515 E8008.8754
G1 X100.435 Y149.515 E8010.7137
G1 X100.435 Y100.484 E8012.5483
G0 F3900 X101.248 Y101.294
G1 F2400 X101.248 Y148.705 E8014.3223
G1 X148.751 Y148.705 E8016.0998
G1 X148.751 Y101.294 E8017.8738
G1 X101.248 Y101.294 E8019.6513
G0 F3900 X101.048 Y100.889
;TYPE:GAP-FILL
;WIDTH:0.482
;FLOW:95.0
G1 F3600 X100.876 Y100.925 E8019.6596
G1 X100.842 Y101.094 E8019.6678
;WIDTH:0.414
G1 X100.841 Y148.905 E8021.6223
;WIDTH:0.482
G1 X101.048 Y149.110 E8021.6361
;WIDTH:0.410
G1 X148.951 Y149.110 E8023.5754
;WIDTH:0.482
G1 X149.158 Y148.905 E8023.5893
;WIDTH:0.414
G1 X149.158 Y101.094 E8025.5438
;WIDTH:0.482
G1 X148.951 Y100.889 E8025.5576
;WIDTH:0.410
G1 X101.048 Y100.889 E8027.4969
;PRINTING_TIME: 5103
;REMAINING_TIME: 1181
;LAYER:154
;Z:38.750
;HEIGHT:0.250
;FLOW:100.0
;PRINTING: Flow_Calibration_Cube_0.4_mm.stl
;PRINTING_ID: 0
G1 F2400 E8024.4969
G1 F300 Z38.950
G0 F3900 X100.035 Y100.084
G0 F300 Z38.750
;TYPE:WALL-OUTER
;WIDTH:0.400
G1 F300 Z38.750
G1 F1500 E8027.4969
G1 F2100 X149.965 Y100.084 E8029.5728
G1 X149.965 Y149.915 E8031.6445
G1 X100.035 Y149.915 E8033.7204
G1 X100.035 Y100.084 E8035.7921
G1 F2400 E8032.7921
G1 F300 Z38.950
G0 F3900 X101.648 Y101.694
G1 F300 Z38.750
G1 F1500 E8035.7921
G1 F2100 X101.648 Y148.305 E8037.7299
G1 X148.351 Y148.305 E8039.6716
G1 X148.351 Y101.694 E8041.6095
G1 X101.648 Y101.694 E8043.5512
G0 F3900 X100.435 Y100.484
;TYPE:WALL-INNER
;WIDTH:0.400
;FLOW:90.0
G1 F2400 X149.565 Y100.484 E8045.3895
G1 X149.565 Y149.515 E8047.2241
G1 X100.435 Y149.515 E8049.0625
G1 X100.435 Y100.484 E8050.8971
G0 F3900 X101.248 Y101.294
G1 F2400 X101.248 Y148.705 E8052.6711
G1 X148.751 Y148.705 E8054.4485
G1 X148.751 Y101.294 E8056.2226
G1 X101.248 Y101.294 E8058.0000
G0 F3900 X101.048 Y100.889
;TYPE:GAP-FILL
;WIDTH:0.482
;FLOW:95.0
G1 F3600 X100.876 Y100.925 E8058.0084
G1 X100.842 Y101.094 E8058.0166
;WIDTH:0.414
G1 X100.841 Y148.905 E8059.9710
;WIDTH:0.482
G1 X101.048 Y149.110 E8059.9849
;WIDTH:0.410
G1 X148.951 Y149.110 E8061.9242
;WIDTH:0.482
G1 X149.158 Y148.905 E8061.9381
;WIDTH:0.414
G1 X149.158 Y101.094 E8063.8925
;WIDTH:0.482
G1 X148.951 Y100.889 E8063.9064
;WIDTH:0.410
G1 X101.048 Y100.889 E8065.8457
;PRINTING_TIME: 5129
;REMAINING_TIME: 1155
;LAYER:155
;Z:39.000
;HEIGHT:0.250
;FLOW:100.0
;PRINTING: Flow_Calibration_Cube_0.4_mm.stl
;PRINTING_ID: 0
G1 F2400 E8062.8457
G1 F300 Z39.200
G0 F3900 X100.035 Y100.084
G0 F300 Z39.000
;TYPE:WALL-OUTER
;WIDTH:0.400
G1 F300 Z39.000
G1 F1500 E8065.8457
G1 F2100 X149.965 Y100.084 E8067.9215
G1 X149.965 Y149.915 E8069.9933
G1 X100.035 Y149.915 E8072.0691
G1 X100.035 Y100.084 E8074.1408
G1 F2400 E8071.1408
G1 F300 Z39.200
G0 F3900 X101.648 Y101.694
G1 F300 Z39.000
G1 F1500 E8074.1408
G1 F2100 X101.648 Y148.305 E8076.0787
G1 X148.351 Y148.305 E8078.0204
G1 X148.351 Y101.694 E8079.9582
G1 X101.648 Y101.694 E8081.8999
G0 F3900 X100.435 Y100.484
;TYPE:WALL-INNER
;WIDTH:0.400
;FLOW:90.0
G1 F2400 X149.565 Y100.484 E8083.7383
G1 X149.565 Y149.515 E8085.5729
G1 X100.435 Y149.515 E8087.4112
G1 X100.435 Y100.484 E8089.2458
G0 F3900 X101.248 Y101.294
G1 F2400 X101.248 Y148.705 E8091.0198
G1 X148.751 Y148.705 E8092.7973
G1 X148.751 Y101.294 E8094.5713
G1 X101.248 Y101.294 E8096.3487
G0 F3900 X101.048 Y100.889
;TYPE:GAP-FILL
;WIDTH:0.482
;FLOW:95.0
G1 F3600 X100.876 Y100.925 E8096.3571
G1 X100.842 Y101.094 E8096.3653
;WIDTH:0.414
G1 X100.841 Y148.905 E8098.3198
;WIDTH:0.482
G1 X101.048 Y149.110 E8098.3336
;WIDTH:0.410
G1 X148.951 Y149.110 E8100.2729
;WIDTH:0.482
G1 X149.158 Y148.905 E8100.2868
;WIDTH:0.414
G1 X149.158 Y101.094 E8102.2413
;WIDTH:0.482
G1 X148.951 Y100.889 E8102.2551
;WIDTH:0.410
G1 X101.048 Y100.889 E8104.1944
;PRINTING_TIME: 5155
;REMAINING_TIME: 1129
;LAYER:156
;Z:39.250
;HEIGHT:0.250
;FLOW:100.0
;PRINTING: Flow_Calibration_Cube_0.4_mm.stl
;PRINTING_ID: 0
G1 F2400 E8101.1944
G1 F300 Z39.450
G0 F3900 X100.035 Y100.084
G0 F300 Z39.250
;TYPE:WALL-OUTER
;WIDTH:0.400
G1 F300 Z39.250
G1 F1500 E8104.1944
G1 F2100 X149.965 Y100.084 E8106.2703
G1 X149.965 Y149.915 E8108.3420
G1 X100.035 Y149.915 E8110.4178
G1 X100.035 Y100.084 E8112.4896
G1 F2400 E8109.4896
G1 F300 Z39.450
G0 F3900 X101.648 Y101.694
G1 F300 Z39.250
G1 F1500 E8112.4896
G1 F2100 X101.648 Y148.305 E8114.4274
G1 X148.351 Y148.305 E8116.3691
G1 X148.351 Y101.694 E8118.3070
G1 X101.648 Y101.694 E8120.2487
G0 F3900 X100.435 Y100.484
;TYPE:WALL-INNER
;WIDTH:0.400
;FLOW:90.0
G1 F2400 X149.565 Y100.484 E8122.0870
G1 X149.565 Y149.515 E8123.9216
G1 X100.435 Y149.515 E8125.7600
G1 X100.435 Y100.484 E8127.5946
G0 F3900 X101.248 Y101.294
G1 F2400 X101.248 Y148.705 E8129.3686
G1 X148.751 Y148.705 E8131.1460
G1 X148.751 Y101.294 E8132.9200
G1 X101.248 Y101.294 E8134.6975
G0 F3900 X101.048 Y100.889
;TYPE:GAP-FILL
;WIDTH:0.482
;FLOW:95.0
G1 F3600 X100.876 Y100.925 E8134.7059
G1 X100.842 Y101.094 E8134.7141
;WIDTH:0.414
G1 X100.841 Y148.905 E8136.6685
;WIDTH:0.482
G1 X101.048 Y149.110 E8136.6824
;WIDTH:0.410
G1 X148.951 Y149.110 E8138.6217
;WIDTH:0.482
G1 X149.158 Y148.905 E8138.6355
;WIDTH:0.414
G1 X149.158 Y101.094 E8140.5900
;WIDTH:0.482
G1 X148.951 Y100.889 E8140.6039
;WIDTH:0.410
G1 X101.048 Y100.889 E8142.5432
;PRINTING_TIME: 5180
;REMAINING_TIME: 1104
;LAYER:157
;Z:39.500
;HEIGHT:0.250
;FLOW:100.0
;PRINTING: Flow_Calibration_Cube_0.4_mm.stl
;PRINTING_ID: 0
G1 F2400 E8139.5432
G1 F300 Z39.700
G0 F3900 X100.035 Y100.084
G0 F300 Z39.500
;TYPE:WALL-OUTER
;WIDTH:0.400
G1 F300 Z39.500
G1 F1500 E8142.5432
G1 F2100 X149.965 Y100.084 E8144.6190
G1 X149.965 Y149.915 E8146.6907
G1 X100.035 Y149.915 E8148.7666
G1 X100.035 Y100.084 E8150.8383
G1 F2400 E8147.8383
G1 F300 Z39.700
G0 F3900 X101.648 Y101.694
G1 F300 Z39.500
G1 F1500 E8150.8383
G1 F2100 X101.648 Y148.305 E8152.7762
G1 X148.351 Y148.305 E8154.7179
G1 X148.351 Y101.694 E8156.6557
G1 X101.648 Y101.694 E8158.5974
G0 F3900 X100.435 Y100.484
;TYPE:WALL-INNER
;WIDTH:0.400
;FLOW:90.0
G1 F2400 X149.565 Y100.484 E8160.4357
G1 X149.565 Y149.515 E8162.2704
G1 X100.435 Y149.515 E8164.1087
G1 X100.435 Y100.484 E8165.9433
G0 F3900 X101.248 Y101.294
G1 F2400 X101.248 Y148.705 E8167.7173
G1 X148.751 Y148.705 E8169.4948
G1 X148.751 Y101.294 E8171.2688
G1 X101.248 Y101.294 E8173.0462
G0 F3900 X101.048 Y100.889
;TYPE:GAP-FILL
;WIDTH:0.482
;FLOW:95.0
G1 F3600 X100.876 Y100.925 E8173.0546
G1 X100.842 Y101.094 E8173.0628
;WIDTH:0.414
G1 X100.841 Y148.905 E8175.0173
;WIDTH:0.482
G1 X101.048 Y149.110 E8175.0311
;WIDTH:0.410
G1 X148.951 Y149.110 E8176.9704
;WIDTH:0.482
G1 X149.158 Y148.905 E8176.9843
;WIDTH:0.414
G1 X149.158 Y101.094 E8178.9387
;WIDTH:0.482
G1 X148.951 Y100.889 E8178.9526
;WIDTH:0.410
G1 X101.048 Y100.889 E8180.8919
;PRINTING_TIME: 5206
;REMAINING_TIME: 1078
;LAYER:158
;Z:39.750
;HEIGHT:0.250
;FLOW:100.0
;PRINTING: Flow_Calibration_Cube_0.4_mm.stl
;PRINTING_ID: 0
G1 F2400 E8177.8919
G1 F300 Z39.950
G0 F3900 X100.035 Y100.084
G0 F300 Z39.750
;TYPE:WALL-OUTER
;WIDTH:0.400
G1 F300 Z39.750
G1 F1500 E8180.8919
G1 F2100 X149.965 Y100.084 E8182.9678
G1 X149.965 Y149.915 E8185.0395
G1 X100.035 Y149.915 E8187.1153
G1 X100.035 Y100.084 E8189.1871
G1 F2400 E8186.1871
G1 F300 Z39.950
G0 F3900 X101.648 Y101.694
G1 F300 Z39.750
G1 F1500 E8189.1871
G1 F2100 X101.648 Y148.305 E8191.1249
G1 X148.351 Y148.305 E8193.0666
G1 X148.351 Y101.694 E8195.0045
G1 X101.648 Y101.694 E8196.9462
G0 F3900 X100.435 Y100.484
;TYPE:WALL-INNER
;WIDTH:0.400
;FLOW:90.0
G1 F2400 X149.565 Y100.484 E8198.7845
G1 X149.565 Y149.515 E8200.6191
G1 X100.435 Y149.515 E8202.4574
G1 X100.435 Y100.484 E8204.2921
G0 F3900 X101.248 Y101.294
G1 F2400 X101.248 Y148.705 E8206.0661
G1 X148.751 Y148.705 E8207.8435
G1 X148.751 Y101.294 E8209.6175
G1 X101.248 Y101.294 E8211.3950
G0 F3900 X101.048 Y100.889
;TYPE:GAP-FILL
;WIDTH:0.482
;FLOW:95.0
G1 F3600 X100.876 Y100.925 E8211.4033
G1 X100.842 Y101.094 E8211.4116
;WIDTH:0.414
G1 X100.841 Y148.905 E8213.3660
;WIDTH:0.482
G1 X101.048 Y149.110 E8213.3799
;WIDTH:0.410
G1 X148.951 Y149.110 E8215.3192
;WIDTH:0.482
G1 X149.158 Y148.905 E8215.3330
;WIDTH:0.414
G1 X149.158 Y101.094 E8217.2875
;WIDTH:0.482
G1 X148.951 Y100.889 E8217.3014
;WIDTH:0.410
G1 X101.048 Y100.889 E8219.2407
;PRINTING_TIME: 5232
;REMAINING_TIME: 1052
;LAYER:159
;Z:40.000
;HEIGHT:0.250
;FLOW:100.0
;PRINTING: Flow_Calibration_Cube_0.4_mm.stl
;PRINTING_ID: 0
G1 F2400 E8216.2407
G1 F300 Z40.200
G0 F3900 X100.035 Y100.084
G0 F300 Z40.000
;TYPE:WALL-OUTER
;WIDTH:0.400
G1 F300 Z40.000
G1 F1500 E8219.2407
G1 F2100 X149.965 Y100.084 E8221.3165
G1 X149.965 Y149.915 E8223.3882
G1 X100.035 Y149.915 E8225.4641
G1 X100.035 Y100.084 E8227.5358
G1 F2400 E8224.5358
G1 F300 Z40.200
G0 F3900 X101.648 Y101.694
G1 F300 Z40.000
G1 F1500 E8227.5358
G1 F2100 X101.648 Y148.305 E8229.4737
G1 X148.351 Y148.305 E8231.4154
G1 X148.351 Y101.694 E8233.3532
G1 X101.648 Y101.694 E8235.2949
G0 F3900 X100.435 Y100.484
;TYPE:WALL-INNER
;WIDTH:0.400
;FLOW:90.0
G1 F2400 X149.565 Y100.484 E8237.1332
G1 X149.565 Y149.515 E8238.9679
G1 X100.435 Y149.515 E8240.8062
G1 X100.435 Y100.484 E8242.6408
G0 F3900 X101.248 Y101.294
G1 F2400 X101.248 Y148.705 E8244.4148
G1 X148.751 Y148.705 E8246.1923
G1 X148.751 Y101.294 E8247.9663
G1 X101.248 Y101.294 E8249.7437
G0 F3900 X101.048 Y100.889
;TYPE:GAP-FILL
;WIDTH:0.482
;FLOW:95.0
G1 F3600 X100.876 Y100.925 E8249.7521
G1 X100.842 Y101.094 E8249.7603
;WIDTH:0.414
G1 X100.841 Y148.905 E8251.7148
;WIDTH:0.482
G1 X101.048 Y149.110 E8251.7286
;WIDTH:0.410
G1 X148.951 Y149.110 E8253.6679
;WIDTH:0.482
G1 X149.158 Y148.905 E8253.6818
;WIDTH:0.414
G1 X149.158 Y101.094 E8255.6362
;WIDTH:0.482
G1 X148.951 Y100.889 E8255.6501
;WIDTH:0.410
G1 X101.048 Y100.889 E8257.5894
;PRINTING_TIME: 5257
;REMAINING_TIME: 1027
;LAYER:160
;Z:40.250
;HEIGHT:0.250
;FLOW:100.0
;PRINTING: Flow_Calibration_Cube_0.4_mm.stl
;PRINTING_ID: 0
G1 F2400 E8254.5894
G1 F300 Z40.450
G0 F3900 X100.035 Y100.084
G0 F300 Z40.250
;TYPE:WALL-OUTER
;WIDTH:0.400
G1 F300 Z40.250
G1 F1500 E8257.5894
G1 F2100 X149.965 Y100.084 E8259.6652
G1 X149.965 Y149.915 E8261.7370
G1 X100.035 Y149.915 E8263.8128
G1 X100.035 Y100.084 E8265.8846
G1 F2400 E8262.8846
G1 F300 Z40.450
G0 F3900 X101.648 Y101.694
G1 F300 Z40.250
G1 F1500 E8265.8846
G1 F2100 X101.648 Y148.305 E8267.8224
G1 X148.351 Y148.305 E8269.7641
G1 X148.351 Y101.694 E8271.7020
G1 X101.648 Y101.694 E8273.6437
G0 F3900 X100.435 Y100.484
;TYPE:WALL-INNER
;WIDTH:0.400
;FLOW:90.0
G1 F2400 X149.565 Y100.484 E8275.4820
G1 X149.565 Y149.515 E8277.3166
G1 X100.435 Y149.515 E8279.1549
G1 X100.435 Y100.484 E8280.9896
G0 F3900 X101.248 Y101.294
G1 F2400 X101.248 Y148.705 E8282.7636
G1 X148.751 Y148.705 E8284.5410
G1 X148.751 Y101.294 E8286.3150
G1 X101.248 Y101.294 E8288.0925
G0 F3900 X101.048 Y100.889
;TYPE:GAP-FILL
;WIDTH:0.482
;FLOW:95.0
G1 F3600 X100.876 Y100.925 E8288.1008
G1 X100.842 Y101.094 E8288.1090
;WIDTH:0.414
G1 X100.841 Y148.905 E8290.0635
;WIDTH:0.482
G1 X101.048 Y149.110 E8290.0774
;WIDTH:0.410
G1 X148.951 Y149.110 E8292.0167
;WIDTH:0.482
G1 X149.158 Y148.905 E8292.0305
;WIDTH:0.414
G1 X149.158 Y101.094 E8293.9850
;WIDTH:0.482
G1 X148.951 Y100.889 E8293.9988
;WIDTH:0.410
G1 X101.048 Y100.889 E8295.9381
;PRINTING_TIME: 5283
;REMAINING_TIME: 1001
;LAYER:161
;Z:40.500
;HEIGHT:0.250
;FLOW:100.0
;PRINTING: Flow_Calibration_Cube_0.4_mm.stl
;PRINTING_ID: 0
G1 F2400 E8292.9381
G1 F300 Z40.700
G0 F3900 X100.035 Y100.084
G0 F300 Z40.500
;TYPE:WALL-OUTER
;WIDTH:0.400
G1 F300 Z40.500
G1 F1500 E8295.9381
G1 F2100 X149.965 Y100.084 E8298.0140
G1 X149.965 Y149.915 E8300.0857
G1 X100.035 Y149.915 E8302.1616
G1 X100.035 Y100.084 E8304.2333
G1 F2400 E8301.2333
G1 F300 Z40.700
G0 F3900 X101.648 Y101.694
G1 F300 Z40.500
G1 F1500 E8304.2333
G1 F2100 X101.648 Y148.305 E8306.1712
G1 X148.351 Y148.305 E8308.1129
G1 X148.351 Y101.694 E8310.0507
G1 X101.648 Y101.694 E8311.9924
G0 F3900 X100.435 Y100.484
;TYPE:WALL-INNER
;WIDTH:0.400
;FLOW:90.0
G1 F2400 X149.565 Y100.484 E8313.8307
G1 X149.565 Y149.515 E8315.6654
G1 X100.435 Y149.515 E8317.5037
G1 X100.435 Y100.484 E8319.3383
G0 F3900 X101.248 Y101.294
G1 F2400 X101.248 Y148.705 E8321.1123
G1 X148.751 Y148.705 E8322.8898
G1 X148.751 Y101.294 E8324.6638
G1 X101.248 Y101.294 E8326.4412
G0 F3900 X101.048 Y100.889
;TYPE:GAP-FILL
;WIDTH:0.482
;FLOW:95.0
G1 F3600 X100.876 Y100.925 E8326.4496
G1 X100.842 Y101.094 E8326.4578
;WIDTH:0.414
G1 X100.841 Y148.905 E8328.4122
;WIDTH:0.482
G1 X101.048 Y149.110 E8328.4261
;WIDTH:0.410
G1 X148.951 Y149.110 E8330.3654
;WIDTH:0.482
G1 X149.158 Y148.905 E8330.3793
;WIDTH:0.414
G1 X149.158 Y101.094 E8332.3337
;WIDTH:0.482
G1 X148.951 Y100.889 E8332.3476
;WIDTH:0.410
G1 X101.048 Y100.889 E8334.2869
;PRINTING_TIME: 5309
;REMAINING_TIME: 975
;LAYER:162
;Z:40.750
;HEIGHT:0.250
;FLOW:100.0
;PRINTING: Flow_Calibration_Cube_0.4_mm.stl
;PRINTING_ID: 0
G1 F2400 E8331.2869
G1 F300 Z40.950
G0 F3900 X100.035 Y100.084
G0 F300 Z40.750
;TYPE:WALL-OUTER
;WIDTH:0.400
G1 F300 Z40.750
G1 F1500 E8334.2869
G1 F2100 X149.965 Y100.084 E8336.3627
G1 X149.965 Y149.915 E8338.4345
G1 X100.035 Y149.915 E8340.5103
G1 X100.035 Y100.084 E8342.5821
G1 F2400 E8339.5821
G1 F300 Z40.950
G0 F3900 X101.648 Y101.694
G1 F300 Z40.750
G1 F1500 E8342.5821
G1 F2100 X101.648 Y148.305 E8344.5199
G1 X148.351 Y148.305 E8346.4616
G1 X148.351 Y101.694 E8348.3995
G1 X101.648 Y101.694 E8350.3411
G0 F3900 X100.435 Y100.484
;TYPE:WALL-INNER
;WIDTH:0.400
;FLOW:90.0
G1 F2400 X149.565 Y100.484 E8352.1795
G1 X149.565 Y149.515 E8354.0141
G1 X100.435 Y149.515 E8355.8524
G1 X100.435 Y100.484 E8357.6871
G0 F3900 X101.248 Y101.294
G1 F2400 X101.248 Y148.705 E8359.4611
G1 X148.751 Y148.705 E8361.2385
G1 X148.751 Y101.294 E8363.0125
G1 X101.248 Y101.294 E8364.7900
G0 F3900 X101.048 Y100.889
;TYPE:GAP-FILL
;WIDTH:0.482
;FLOW:95.0
G1 F3600 X100.876 Y100.925 E8364.7983
G1 X100.842 Y101.094 E8364.8065
;WIDTH:0.414
G1 X100.841 Y148.905 E8366.7610
;WIDTH:0.482
G1 X101.048 Y149.110 E8366.7749
;WIDTH:0.410
G1 X148.951 Y149.110 E8368.7142
;WIDTH:0.482
G1 X149.158 Y148.905 E8368.7280
;WIDTH:0.414
G1 X149.158 Y101.094 E8370.6825
;WIDTH:0.482
G1 X148.951 Y100.889 E8370.6963
;WIDTH:0.410
G1 X101.048 Y100.889 E8372.6356
;PRINTING_TIME: 5334
;REMAINING_TIME: 950
;LAYER:163
;Z:41.000
;HEIGHT:0.250
;FLOW:100.0
;PRINTING: Flow_Calibration_Cube_0.4_mm.stl
;PRINTING_ID: 0
G1 F2400 E8369.6356
G1 F300 Z41.200
G0 F3900 X100.035 Y100.084
G0 F300 Z41.000
;TYPE:WALL-OUTER
;WIDTH:0.400
G1 F300 Z41.000
G1 F1500 E8372.6356
G1 F2100 X149.965 Y100.084 E8374.7115
G1 X149.965 Y149.915 E8376.7832
G1 X100.035 Y149.915 E8378.8591
G1 X100.035 Y100.084 E8380.9308
G1 F2400 E8377.9308
G1 F300 Z41.200
G0 F3900 X101.648 Y101.694
G1 F300 Z41.000
G1 F1500 E8380.9308
G1 F2100 X101.648 Y148.305 E8382.8687
G1 X148.351 Y148.305 E8384.8103
G1 X148.351 Y101.694 E8386.7482
G1 X101.648 Y101.694 E8388.6899
G0 F3900 X100.435 Y100.484
;TYPE:WALL-INNER
;WIDTH:0.400
;FLOW:90.0
G1 F2400 X149.565 Y100.484 E8390.5282
G1 X149.565 Y149.515 E8392.3628
G1 X100.435 Y149.515 E8394.2012
G1 X100.435 Y100.484 E8396.0358
G0 F3900 X101.248 Y101.294
G1 F2400 X101.248 Y148.705 E8397.8098
G1 X148.751 Y148.705 E8399.5873
G1 X148.751 Y101.294 E8401.3613
G1 X101.248 Y101.294 E8403.1387
G0 F3900 X101.048 Y100.889
;TYPE:GAP-FILL
;WIDTH:0.482
;FLOW:95.0
G1 F3600 X100.876 Y100.925 E8403.1471
G1 X100.842 Y101.094 E8403.1553
;WIDTH:0.414
G1 X100.841 Y148.905 E8405.1097
;WIDTH:0.482
G1 X101.048 Y149.110 E8405.1236
;WIDTH:0.410
G1 X148.951 Y149.110 E8407.0629
;WIDTH:0.482
G1 X149.158 Y148.905 E8407.0768
;WIDTH:0.414
G1 X149.158 Y101.094 E8409.0312
;WIDTH:0.482
G1 X148.951 Y100.889 E8409.0451
;WIDTH:0.410
G1 X101.048 Y100.889 E8410.9844
;PRINTING_TIME: 5360
;REMAINING_TIME: 924
;LAYER:164
;Z:41.250
;HEIGHT:0.250
;FLOW:100.0
;PRINTING: Flow_Calibration_Cube_0.4_mm.stl
;PRINTING_ID: 0
G1 F2400 E8407.9844
G1 F300 Z41.450
G0 F3900 X100.035 Y100.084
G0 F300 Z41.250
;TYPE:WALL-OUTER
;WIDTH:0.400
G1 F300 Z41.250
G1 F1500 E8410.9844
G1 F2100 X149.965 Y100.084 E8413.0602
G1 X149.965 Y149.915 E8415.1320
G1 X100.035 Y149.915 E8417.2078
G1 X100.035 Y100.084 E8419.2795
G1 F2400 E8416.2795
G1 F300 Z41.450
G0 F3900 X101.648 Y101.694
G1 F300 Z41.250
G1 F1500 E8419.2795
G1 F2100 X101.648 Y148.305 E8421.2174
G1 X148.351 Y148.305 E8423.1591
G1 X148.351 Y101.694 E8425.0969
G1 X101.648 Y101.694 E8427.0386
G0 F3900 X100.435 Y100.484
;TYPE:WALL-INNER
;WIDTH:0.400
;FLOW:90.0
G1 F2400 X149.565 Y100.484 E8428.8770
G1 X149.565 Y149.515 E8430.7116
G1 X100.435 Y149.515 E8432.5499
G1 X100.435 Y100.484 E8434.3845
G0 F3900 X101.248 Y101.294
G1 F2400 X101.248 Y148.705 E8436.1586
G1 X148.751 Y148.705 E8437.9360
G1 X148.751 Y101.294 E8439.7100
G1 X101.248 Y101.294 E8441.4875
G0 F3900 X101.048 Y100.889
;TYPE:GAP-FILL
;WIDTH:0.482
;FLOW:95.0
G1 F3600 X100.876 Y100.925 E8441.4958
G1 X100.842 Y101.094 E8441.5040
;WIDTH:0.414
G1 X100.841 Y148.905 E8443.4585
;WIDTH:0.482
G1 X101.048 Y149.110 E8443.4723
;WIDTH:0.410
G1 X148.951 Y149.110 E8445.4116
;WIDTH:0.482
G1 X149.158 Y148.905 E8445.4255
;WIDTH:0.414
G1 X149.158 Y101.094 E8447.3800
;WIDTH:0.482
G1 X148.951 Y100.889 E8447.3938
;WIDTH:0.410
G1 X101.048 Y100.889 E8449.3331
;PRINTING_TIME: 5386
;REMAINING_TIME: 898
;LAYER:165
;Z:41.500
;HEIGHT:0.250
;FLOW:100.0
;PRINTING: Flow_Calibration_Cube_0.4_mm.stl
;PRINTING_ID: 0
G1 F2400 E8446.3331
G1 F300 Z41.700
G0 F3900 X100.035 Y100.084
G0 F300 Z41.500
;TYPE:WALL-OUTER
;WIDTH:0.400
G1 F300 Z41.500
G1 F1500 E8449.3331
G1 F2100 X149.965 Y100.084 E8451.4090
G1 X149.965 Y149.915 E8453.4807
G1 X100.035 Y149.915 E8455.5566
G1 X100.035 Y100.084 E8457.6283
G1 F2400 E8454.6283
G1 F300 Z41.700
G0 F3900 X101.648 Y101.694
G1 F300 Z41.500
G1 F1500 E8457.6283
G1 F2100 X101.648 Y148.305 E8459.5661
G1 X148.351 Y148.305 E8461.5078
G1 X148.351 Y101.694 E8463.4457
G1 X101.648 Y101.694 E8465.3874
G0 F3900 X100.435 Y100.484
;TYPE:WALL-INNER
;WIDTH:0.400
;FLOW:90.0
G1 F2400 X149.565 Y100.484 E8467.2257
G1 X149.565 Y149.515 E8469.0603
G1 X100.435 Y149.515 E8470.8987
G1 X100.435 Y100.484 E8472.7333
G0 F3900 X101.248 Y101.294
G1 F2400 X101.248 Y148.705 E8474.5073
G1 X148.751 Y148.705 E8476.2847
G1 X148.751 Y101.294 E8478.0588
G1 X101.248 Y101.294 E8479.8362
G0 F3900 X101.048 Y100.889
;TYPE:GAP-FILL
;WIDTH:0.482
;FLOW:95.0
G1 F3600 X100.876 Y100.925 E8479.8446
G1 X100.842 Y101.094 E8479.8528
;WIDTH:0.414
G1 X100.841 Y148.905 E8481.8072
;WIDTH:0.482
G1 X101.048 Y149.110 E8481.8211
;WIDTH:0.410
G1 X148.951 Y149.110 E8483.7604
;WIDTH:0.482
G1 X149.158 Y148.905 E8483.7743
;WIDTH:0.414
G1 X149.158 Y101.094 E8485.7287
;WIDTH:0.482
G1 X148.951 Y100.889 E8485.7426
;WIDTH:0.410
G1 X101.048 Y100.889 E8487.6819
;PRINTING_TIME: 5411
;REMAINING_TIME: 873
;LAYER:166
;Z:41.750
;HEIGHT:0.250
;FLOW:100.0
;PRINTING: Flow_Calibration_Cube_0.4_mm.stl
;PRINTING_ID: 0
G1 F2400 E8484.6819
G1 F300 Z41.950
G0 F3900 X100.035 Y100.084
G0 F300 Z41.750
;TYPE:WALL-OUTER
;WIDTH:0.400
G1 F300 Z41.750
G1 F1500 E8487.6819
G1 F2100 X149.965 Y100.084 E8489.7577
G1 X149.965 Y149.915 E8491.8295
G1 X100.035 Y149.915 E8493.9053
G1 X100.035 Y100.084 E8495.9770
G1 F2400 E8492.9770
G1 F300 Z41.950
G0 F3900 X101.648 Y101.694
G1 F300 Z41.750
G1 F1500 E8495.9770
G1 F2100 X101.648 Y148.305 E8497.9149
G1 X148.351 Y148.305 E8499.8566
G1 X148.351 Y101.694 E8501.7944
G1 X101.648 Y101.694 E8503.7361
G0 F3900 X100.435 Y100.484
;TYPE:WALL-INNER
;WIDTH:0.400
;FLOW:90.0
G1 F2400 X149.565 Y100.484 E8505.5745
G1 X149.565 Y149.515 E8507.4091
G1 X100.435 Y149.515 E8509.2474
G1 X100.435 Y100.484 E8511.0820
G0 F3900 X101.248 Y101.294
G1 F2400 X101.248 Y148.705 E8512.8560
G1 X148.751 Y148.705 E8514.6335
G1 X148.751 Y101.294 E8516.4075
G1 X101.248 Y101.294 E8518.1850
G0 F3900 X101.048 Y100.889
;TYPE:GAP-FILL
;WIDTH:0.482
;FLOW:95.0
G1 F3600 X100.876 Y100.925 E8518.1933
G1 X100.842 Y101.094 E8518.2015
;WIDTH:0.414
G1 X100.841 Y148.905 E8520.1560
;WIDTH:0.482
G1 X101.048 Y149.110 E8520.1698
;WIDTH:0.410
G1 X148.951 Y149.110 E8522.1091
;WIDTH:0.482
G1 X149.158 Y148.905 E8522.1230
;WIDTH:0.414
G1 X149.158 Y101.094 E8524.0775
;WIDTH:0.482
G1 X148.951 Y100.889 E8524.0913
;WIDTH:0.410
G1 X101.048 Y100.889 E8526.0306
;PRINTING_TIME: 5437
;REMAINING_TIME: 847
;LAYER:167
;Z:42.000
;HEIGHT:0.250
;FLOW:100.0
;PRINTING: Flow_Calibration_Cube_0.4_mm.stl
;PRINTING_ID: 0
G1 F2400 E8523.0306
G1 F300 Z42.200
G0 F3900 X100.035 Y100.084
G0 F300 Z42.000
;TYPE:WALL-OUTER
;WIDTH:0.400
G1 F300 Z42.000
G1 F1500 E8526.0306
G1 F2100 X149.965 Y100.084 E8528.1065
G1 X149.965 Y149.915 E8530.1782
G1 X100.035 Y149.915 E8532.2540
G1 X100.035 Y100.084 E8534.3258
G1 F2400 E8531.3258
G1 F300 Z42.200
G0 F3900 X101.648 Y101.694
G1 F300 Z42.000
G1 F1500 E8534.3258
G1 F2100 X101.648 Y148.305 E8536.2636
G1 X148.351 Y148.305 E8538.2053
G1 X148.351 Y101.694 E8540.1432
G1 X101.648 Y101.694 E8542.0849
G0 F3900 X100.435 Y100.484
;TYPE:WALL-INNER
;WIDTH:0.400
;FLOW:90.0
G1 F2400 X149.565 Y100.484 E8543.9232
G1 X149.565 Y149.515 E8545.7578
G1 X100.435 Y149.515 E8547.5962
G1 X100.435 Y100.484 E8549.4308
G0 F3900 X101.248 Y101.294
G1 F2400 X101.248 Y148.705 E8551.2048
G1 X148.751 Y148.705 E8552.9822
G1 X148.751 Y101.294 E8554.7562
G1 X101.248 Y101.294 E8556.5337
G0 F3900 X101.048 Y100.889
;TYPE:GAP-FILL
;WIDTH:0.482
;FLOW:95.0
G1 F3600 X100.876 Y100.925 E8556.5421
G1 X100.842 Y101.094 E8556.5503
;WIDTH:0.414
G1 X100.841 Y148.905 E8558.5047
;WIDTH:0.482
G1 X101.048 Y149.110 E8558.5186
;WIDTH:0.410
G1 X148.951 Y149.110 E8560.4579
;WIDTH:0.482
G1 X149.158 Y148.905 E8560.4717
;WIDTH:0.414
G1 X149.158 Y101.094 E8562.4262
;WIDTH:0.482
G1 X148.951 Y100.889 E8562.4401
;WIDTH:0.410
G1 X101.048 Y100.889 E8564.3794
;PRINTING_TIME: 5463
;REMAINING_TIME: 821
;LAYER:168
;Z:42.250
;HEIGHT:0.250
;FLOW:100.0
;PRINTING: Flow_Calibration_Cube_0.4_mm.stl
;PRINTING_ID: 0
G1 F2400 E8561.3794
G1 F300 Z42.450
G0 F3900 X100.035 Y100.084
G0 F300 Z42.250
;TYPE:WALL-OUTER
;WIDTH:0.400
G1 F300 Z42.250
G1 F1500 E8564.3794
G1 F2100 X149.965 Y100.084 E8566.4552
G1 X149.965 Y149.915 E8568.5269
G1 X100.035 Y149.915 E8570.6028
G1 X100.035 Y100.084 E8572.6745
G1 F2400 E8569.6745
G1 F300 Z42.450
G0 F3900 X101.648 Y101.694
G1 F300 Z42.250
G1 F1500 E8572.6745
G1 F2100 X101.648 Y148.305 E8574.6124
G1 X148.351 Y148.305 E8576.5541
G1 X148.351 Y101.694 E8578.4919
G1 X101.648 Y101.694 E8580.4336
G0 F3900 X100.435 Y100.484
;TYPE:WALL-INNER
;WIDTH:0.400
;FLOW:90.0
G1 F2400 X149.565 Y100.484 E8582.2719
G1 X149.565 Y149.515 E8584.1066
G1 X100.435 Y149.515 E8585.9449
G1 X100.435 Y100.484 E8587.7795
G0 F3900 X101.248 Y101.294
G1 F2400 X101.248 Y148.705 E8589.5535
G1 X148.751 Y148.705 E8591.3310
G1 X148.751 Y101.294 E8593.1050
G1 X101.248 Y101.294 E8594.8824
G0 F3900 X101.048 Y100.889
;TYPE:GAP-FILL
;WIDTH:0.482
;FLOW:95.0
G1 F3600 X100.876 Y100.925 E8594.8908
G1 X100.842 Y101.094 E8594.8990
;WIDTH:0.414
G1 X100.841 Y148.905 E8596.8535
;WIDTH:0.482
G1 X101.048 Y149.110 E8596.8673
;WIDTH:0.410
G1 X148.951 Y149.110 E8598.8066
;WIDTH:0.482
G1 X149.158 Y148.905 E8598.8205
;WIDTH:0.414
G1 X149.158 Y101.094 E8600.7749
;WIDTH:0.482
G1 X148.951 Y100.889 E8600.7888
;WIDTH:0.410
G1 X101.048 Y100.889 E8602.7281
;PRINTING_TIME: 5488
;REMAINING_TIME: 796
;LAYER:169
;Z:42.500
;HEIGHT:0.250
;FLOW:100.0
;PRINTING: Flow_Calibration_Cube_0.4_mm.stl
;PRINTING_ID: 0
G1 F2400 E8599.7281
G1 F300 Z42.700
G0 F3900 X100.035 Y100.084
G0 F300 Z42.500
;TYPE:WALL-OUTER
;WIDTH:0.400
G1 F300 Z42.500
G1 F1500 E8602.7281
G1 F2100 X149.965 Y100.084 E8604.8040
G1 X149.965 Y149.915 E8606.8757
G1 X100.035 Y149.915 E8608.9515
G1 X100.035 Y100.084 E8611.0233
G1 F2400 E8608.0233
G1 F300 Z42.700
G0 F3900 X101.648 Y101.694
G1 F300 Z42.500
G1 F1500 E8611.0233
G1 F2100 X101.648 Y148.305 E8612.9611
G1 X148.351 Y148.305 E8614.9028
G1 X148.351 Y101.694 E8616.8407
G1 X101.648 Y101.694 E8618.7824
G0 F3900 X100.435 Y100.484
;TYPE:WALL-INNER
;WIDTH:0.400
;FLOW:90.0
G1 F2400 X149.565 Y100.484 E8620.6207
G1 X149.565 Y149.515 E8622.4553
G1 X100.435 Y149.515 E8624.2936
G1 X100.435 Y100.484 E8626.1283
G0 F3900 X101.248 Y101.294
G1 F2400 X101.248 Y148.705 E8627.9023
G1 X148.751 Y148.705 E8629.6797
G1 X148.751 Y101.294 E8631.4537
G1 X101.248 Y101.294 E8633.2312
G0 F3900 X101.048 Y100.889
;TYPE:GAP-FILL
;WIDTH:0.482
;FLOW:95.0
G1 F3600 X100.876 Y100.925 E8633.2396
G1 X100.842 Y101.094 E8633.2478
;WIDTH:0.414
G1 X100.841 Y148.905 E8635.2022
;WIDTH:0.482
G1 X101.048 Y149.110 E8635.2161
;WIDTH:0.410
G1 X148.951 Y149.110 E8637.1554
;WIDTH:0.482
G1 X149.158 Y148.905 E8637.1692
;WIDTH:0.414
G1 X149.158 Y101.094 E8639.1237
;WIDTH:0.482
G1 X148.951 Y100.889 E8639.1376
;WIDTH:0.410
G1 X101.048 Y100.889 E8641.0769
;PRINTING_TIME: 5514
;REMAINING_TIME: 770
;LAYER:170
;Z:42.750
;HEIGHT:0.250
;FLOW:100.0
;PRINTING: Flow_Calibration_Cube_0.4_mm.stl
;PRINTING_ID: 0
G1 F2400 E8638.0769
G1 F300 Z42.950
G0 F3900 X100.035 Y100.084
G0 F300 Z42.750
;TYPE:WALL-OUTER
;WIDTH:0.400
G1 F300 Z42.750
G1 F1500 E8641.0769
G1 F2100 X149.965 Y100.084 E8643.1527
G1 X149.965 Y149.915 E8645.2244
G1 X100.035 Y149.915 E8647.3003
G1 X100.035 Y100.084 E8649.3720
G1 F2400 E8646.3720
G1 F300 Z42.950
G0 F3900 X101.648 Y101.694
G1 F300 Z42.750
G1 F1500 E8649.3720
G1 F2100 X101.648 Y148.305 E8651.3099
G1 X148.351 Y148.305 E8653.2516
G1 X148.351 Y101.694 E8655.1894
G1 X101.648 Y101.694 E8657.1311
G0 F3900 X100.435 Y100.484
;TYPE:WALL-INNER
;WIDTH:0.400
;FLOW:90.0
G1 F2400 X149.565 Y100.484 E8658.9694
G1 X149.565 Y149.515 E8660.8041
G1 X100.435 Y149.515 E8662.6424
G1 X100.435 Y100.484 E8664.4770
G0 F3900 X101.248 Y101.294
G1 F2400 X101.248 Y148.705 E8666.2510
G1 X148.751 Y148.705 E8668.0285
G1 X148.751 Y101.294 E8669.8025
G1 X101.248 Y101.294 E8671.5799
G0 F3900 X101.048 Y100.889
;TYPE:GAP-FILL
;WIDTH:0.482
;FLOW:95.0
G1 F3600 X100.876 Y100.925 E8671.5883
G1 X100.842 Y101.094 E8671.5965
;WIDTH:0.414
G1 X100.841 Y148.905 E8673.5510
;WIDTH:0.482
G1 X101.048 Y149.110 E8673.5648
;WIDTH:0.410
G1 X148.951 Y149.110 E8675.5041
;WIDTH:0.482
G1 X149.158 Y148.905 E8675.5180
;WIDTH:0.414
G1 X149.158 Y101.094 E8677.4724
;WIDTH:0.482
G1 X148.951 Y100.889 E8677.4863
;WIDTH:0.410
G1 X101.048 Y100.889 E8679.4256
;PRINTING_TIME: 5540
;REMAINING_TIME: 744
;LAYER:171
;Z:43.000
;HEIGHT:0.250
;FLOW:100.0
;PRINTING: Flow_Calibration_Cube_0.4_mm.stl
;PRINTING_ID: 0
G1 F2400 E8676.4256
G1 F300 Z43.200
G0 F3900 X100.035 Y100.084
G0 F300 Z43.000
;TYPE:WALL-OUTER
;WIDTH:0.400
G1 F300 Z43.000
G1 F1500 E8679.4256
G1 F2100 X149.965 Y100.084 E8681.5015
G1 X149.965 Y149.915 E8683.5732
G1 X100.035 Y149.915 E8685.6490
G1 X100.035 Y100.084 E8687.7208
G1 F2400 E8684.7208
G1 F300 Z43.200
G0 F3900 X101.648 Y101.694
G1 F300 Z43.000
G1 F1500 E8687.7208
G1 F2100 X101.648 Y148.305 E8689.6586
G1 X148.351 Y148.305 E8691.6003
G1 X148.351 Y101.694 E8693.5382
G1 X101.648 Y101.694 E8695.4799
G0 F3900 X100.435 Y100.484
;TYPE:WALL-INNER
;WIDTH:0.400
;FLOW:90.0
G1 F2400 X149.565 Y100.484 E8697.3182
G1 X149.565 Y149.515 E8699.1528
G1 X100.435 Y149.515 E8700.9911
G1 X100.435 Y100.484 E8702.8258
G0 F3900 X101.248 Y101.294
G1 F2400 X101.248 Y148.705 E8704.5998
G1 X148.751 Y148.705 E8706.3772
G1 X148.751 Y101.294 E8708.1512
G1 X101.248 Y101.294 E8709.9287
G0 F3900 X101.048 Y100.889
;TYPE:GAP-FILL
;WIDTH:0.482
;FLOW:95.0
G1 F3600 X100.876 Y100.925 E8709.9370
G1 X100.842 Y101.094 E8709.9452
;WIDTH:0.414
G1 X100.841 Y148.905 E8711.8997
;WIDTH:0.482
G1 X101.048 Y149.110 E8711.9136
;WIDTH:0.410
G1 X148.951 Y149.110 E8713.8529
;WIDTH:0.482
G1 X149.158 Y148.905 E8713.8667
;WIDTH:0.414
G1 X149.158 Y101.094 E8715.8212
;WIDTH:0.482
G1 X148.951 Y100.889 E8715.8351
;WIDTH:0.410
G1 X101.048 Y100.889 E8717.7743
;PRINTING_TIME: 5565
;REMAINING_TIME: 719
;LAYER:172
;Z:43.250
;HEIGHT:0.250
;FLOW:100.0
;PRINTING: Flow_Calibration_Cube_0.4_mm.stl
;PRINTING_ID: 0
G1 F2400 E8714.7743
G1 F300 Z43.450
G0 F3900 X100.035 Y100.084
G0 F300 Z43.250
;TYPE:WALL-OUTER
;WIDTH:0.400
G1 F300 Z43.250
G1 F1500 E8717.7743
G1 F2100 X149.965 Y100.084 E8719.8502
G1 X149.965 Y149.915 E8721.9219
G1 X100.035 Y149.915 E8723.9978
G1 X100.035 Y100.084 E8726.0695
G1 F2400 E8723.0695
G1 F300 Z43.450
G0 F3900 X101.648 Y101.694
G1 F300 Z43.250
G1 F1500 E8726.0695
G1 F2100 X101.648 Y148.305 E8728.0074
G1 X148.351 Y148.305 E8729.9491
G1 X148.351 Y101.694 E8731.8869
G1 X101.648 Y101.694 E8733.8286
G0 F3900 X100.435 Y100.484
;TYPE:WALL-INNER
;WIDTH:0.400
;FLOW:90.0
G1 F2400 X149.565 Y100.484 E8735.6669
G1 X149.565 Y149.515 E8737.5016
G1 X100.435 Y149.515 E8739.3399
G1 X100.435 Y100.484 E8741.1745
G0 F3900 X101.248 Y101.294
G1 F2400 X101.248 Y148.705 E8742.9485
G1 X148.751 Y148.705 E8744.7260
G1 X148.751 Y101.294 E8746.5000
G1 X101.248 Y101.294 E8748.2774
G0 F3900 X101.048 Y100.889
;TYPE:GAP-FILL
;WIDTH:0.482
;FLOW:95.0
G1 F3600 X100.876 Y100.925 E8748.2858
G1 X100.842 Y101.094 E8748.2940
;WIDTH:0.414
G1 X100.841 Y148.905 E8750.2485
;WIDTH:0.482
G1 X101.048 Y149.110 E8750.2623
;WIDTH:0.410
G1 X148.951 Y149.110 E8752.2016
;WIDTH:0.482
G1 X149.158 Y148.905 E8752.2155
;WIDTH:0.414
G1 X149.158 Y101.094 E8754.1699
;WIDTH:0.482
G1 X148.951 Y100.889 E8754.1838
;WIDTH:0.410
G1 X101.048 Y100.889 E8756.1231
;PRINTING_TIME: 5591
;REMAINING_TIME: 693
;LAYER:173
;Z:43.500
;HEIGHT:0.250
;FLOW:100.0
;PRINTING: Flow_Calibration_Cube_0.4_mm.stl
;PRINTING_ID: 0
G1 F2400 E8753.1231
G1 F300 Z43.700
G0 F3900 X100.035 Y100.084
G0 F300 Z43.500
;TYPE:WALL-OUTER
;WIDTH:0.400
G1 F300 Z43.500
G1 F1500 E8756.1231
G1 F2100 X149.965 Y100.084 E8758.1989
G1 X149.965 Y149.915 E8760.2707
G1 X100.035 Y149.915 E8762.3465
G1 X100.035 Y100.084 E8764.4183
G1 F2400 E8761.4183
G1 F300 Z43.700
G0 F3900 X101.648 Y101.694
G1 F300 Z43.500
G1 F1500 E8764.4183
G1 F2100 X101.648 Y148.305 E8766.3561
G1 X148.351 Y148.305 E8768.2978
G1 X148.351 Y101.694 E8770.2357
G1 X101.648 Y101.694 E8772.1773
G0 F3900 X100.435 Y100.484
;TYPE:WALL-INNER
;WIDTH:0.400
;FLOW:90.0
G1 F2400 X149.565 Y100.484 E8774.0157
G1 X149.565 Y149.515 E8775.8503
G1 X100.435 Y149.515 E8777.6886
G1 X100.435 Y100.484 E8779.5233
G0 F3900 X101.248 Y101.294
G1 F2400 X101.248 Y148.705 E8781.2973
G1 X148.751 Y148.705 E8783.0747
G1 X148.751 Y101.294 E8784.8487
G1 X101.248 Y101.294 E8786.6262
G0 F3900 X101.048 Y100.889
;TYPE:GAP-FILL
;WIDTH:0.482
;FLOW:95.0
G1 F3600 X100.876 Y100.925 E8786.6345
G1 X100.842 Y101.094 E8786.6427
;WIDTH:0.414
G1 X100.841 Y148.905 E8788.5972
;WIDTH:0.482
G1 X101.048 Y149.110 E8788.6111
;WIDTH:0.410
G1 X148.951 Y149.110 E8790.5504
;WIDTH:0.482
G1 X149.158 Y148.905 E8790.5642
;WIDTH:0.414
G1 X149.158 Y101.094 E8792.5187
;WIDTH:0.482
G1 X148.951 Y100.889 E8792.5325
;WIDTH:0.410
G1 X101.048 Y100.889 E8794.4718
;PRINTING_TIME: 5617
;REMAINING_TIME: 667
;LAYER:174
;Z:43.750
;HEIGHT:0.250
;FLOW:100.0
;PRINTING: Flow_Calibration_Cube_0.4_mm.stl
;PRINTING_ID: 0
G1 F2400 E8791.4718
G1 F300 Z43.950
G0 F3900 X100.035 Y100.084
G0 F300 Z43.750
;TYPE:WALL-OUTER
;WIDTH:0.400
G1 F300 Z43.750
G1 F1500 E8794.4718
G1 F2100 X149.965 Y100.084 E8796.5477
G1 X149.965 Y149.915 E8798.6194
G1 X100.035 Y149.915 E8800.6953
G1 X100.035 Y100.084 E8802.7670
G1 F2400 E8799.7670
G1 F300 Z43.950
G0 F3900 X101.648 Y101.694
G1 F300 Z43.750
G1 F1500 E8802.7670
G1 F2100 X101.648 Y148.305 E8804.7049
G1 X148.351 Y148.305 E8806.6465
G1 X148.351 Y101.694 E8808.5844
G1 X101.648 Y101.694 E8810.5261
G0 F3900 X100.435 Y100.484
;TYPE:WALL-INNER
;WIDTH:0.400
;FLOW:90.0
G1 F2400 X149.565 Y100.484 E8812.3644
G1 X149.565 Y149.515 E8814.1990
G1 X100.435 Y149.515 E8816.0374
G1 X100.435 Y100.484 E8817.8720
G0 F3900 X101.248 Y101.294
G1 F2400 X101.248 Y148.705 E8819.6460
G1 X148.751 Y148.705 E8821.4235
G1 X148.751 Y101.294 E8823.1975
G1 X101.248 Y101.294 E8824.9749
G0 F3900 X101.048 Y100.889
;TYPE:GAP-FILL
;WIDTH:0.482
;FLOW:95.0
G1 F3600 X100.876 Y100.925 E8824.9833
G1 X100.842 Y101.094 E8824.9915
;WIDTH:0.414
G1 X100.841 Y148.905 E8826.9459
;WIDTH:0.482
G1 X101.048 Y149.110 E8826.9598
;WIDTH:0.410
G1 X148.951 Y149.110 E8828.8991
;WIDTH:0.482
G1 X149.158 Y148.905 E8828.9130
;WIDTH:0.414
G1 X149.158 Y101.094 E8830.8674
;WIDTH:0.482
G1 X148.951 Y100.889 E8830.8813
;WIDTH:0.410
G1 X101.048 Y100.889 E8832.8206
;PRINTING_TIME: 5642
;REMAINING_TIME: 642
;LAYER:175
;Z:44.000
;HEIGHT:0.250
;FLOW:100.0
;PRINTING: Flow_Calibration_Cube_0.4_mm.stl
;PRINTING_ID: 0
G1 F2400 E8829.8206
G1 F300 Z44.200
G0 F3900 X100.035 Y100.084
G0 F300 Z44.000
;TYPE:WALL-OUTER
;WIDTH:0.400
G1 F300 Z44.000
G1 F1500 E8832.8206
G1 F2100 X149.965 Y100.084 E8834.8964
G1 X149.965 Y149.915 E8836.9682
G1 X100.035 Y149.915 E8839.0440
G1 X100.035 Y100.084 E8841.1157
G1 F2400 E8838.1157
G1 F300 Z44.200
G0 F3900 X101.648 Y101.694
G1 F300 Z44.000
G1 F1500 E8841.1157
G1 F2100 X101.648 Y148.305 E8843.0536
G1 X148.351 Y148.305 E8844.9953
G1 X148.351 Y101.694 E8846.9332
G1 X101.648 Y101.694 E8848.8748
G0 F3900 X100.435 Y100.484
;TYPE:WALL-INNER
;WIDTH:0.400
;FLOW:90.0
G1 F2400 X149.565 Y100.484 E8850.7132
G1 X149.565 Y149.515 E8852.5478
G1 X100.435 Y149.515 E8854.3861
G1 X100.435 Y100.484 E8856.2207
G0 F3900 X101.248 Y101.294
G1 F2400 X101.248 Y148.705 E8857.9948
G1 X148.751 Y148.705 E8859.7722
G1 X148.751 Y101.294 E8861.5462
G1 X101.248 Y101.294 E8863.3237
G0 F3900 X101.048 Y100.889
;TYPE:GAP-FILL
;WIDTH:0.482
;FLOW:95.0
G1 F3600 X100.876 Y100.925 E8863.3320
G1 X100.842 Y101.094 E8863.3402
;WIDTH:0.414
G1 X100.841 Y148.905 E8865.2947
;WIDTH:0.482
G1 X101.048 Y149.110 E8865.3086
;WIDTH:0.410
G1 X148.951 Y149.110 E8867.2478
;WIDTH:0.482
G1 X149.158 Y148.905 E8867.2617
;WIDTH:0.414
G1 X149.158 Y101.094 E8869.2162
;WIDTH:0.482
G1 X148.951 Y100.889 E8869.2300
;WIDTH:0.410
G1 X101.048 Y100.889 E8871.1693
;PRINTING_TIME: 5668
;REMAINING_TIME: 616
;LAYER:176
;Z:44.250
;HEIGHT:0.250
;FLOW:100.0
;PRINTING: Flow_Calibration_Cube_0.4_mm.stl
;PRINTING_ID: 0
G1 F2400 E8868.1693
G1 F300 Z44.450
G0 F3900 X100.035 Y100.084
G0 F300 Z44.250
;TYPE:WALL-OUTER
;WIDTH:0.400
G1 F300 Z44.250
G1 F1500 E8871.1693
G1 F2100 X149.965 Y100.084 E8873.2452
G1 X149.965 Y149.915 E8875.3169
G1 X100.035 Y149.915 E8877.3928
G1 X100.035 Y100.084 E8879.4645
G1 F2400 E8876.4645
G1 F300 Z44.450
G0 F3900 X101.648 Y101.694
G1 F300 Z44.250
G1 F1500 E8879.4645
G1 F2100 X101.648 Y148.305 E8881.4024
G1 X148.351 Y148.305 E8883.3440
G1 X148.351 Y101.694 E8885.2819
G1 X101.648 Y101.694 E8887.2236
G0 F3900 X100.435 Y100.484
;TYPE:WALL-INNER
;WIDTH:0.400
;FLOW:90.0
G1 F2400 X149.565 Y100.484 E8889.0619
G1 X149.565 Y149.515 E8890.8965
G1 X100.435 Y149.515 E8892.7349
G1 X100.435 Y100.484 E8894.5695
G0 F3900 X101.248 Y101.294
G1 F2400 X101.248 Y148.705 E8896.3435
G1 X148.751 Y148.705 E8898.1210
G1 X148.751 Y101.294 E8899.8950
G1 X101.248 Y101.294 E8901.6724
G0 F3900 X101.048 Y100.889
;TYPE:GAP-FILL
;WIDTH:0.482
;FLOW:95.0
G1 F3600 X100.876 Y100.925 E8901.6808
G1 X100.842 Y101.094 E8901.6890
;WIDTH:0.414
G1 X100.841 Y148.905 E8903.6434
;WIDTH:0.482
G1 X101.048 Y149.110 E8903.6573
;WIDTH:0.410
G1 X148.951 Y149.110 E8905.5966
;WIDTH:0.482
G1 X149.158 Y148.905 E8905.6105
;WIDTH:0.414
G1 X149.158 Y101.094 E8907.5649
;WIDTH:0.482
G1 X148.951 Y100.889 E8907.5788
;WIDTH:0.410
G1 X101.048 Y100.889 E8909.5181
;PRINTING_TIME: 5694
;REMAINING_TIME: 590
;LAYER:177
;Z:44.500
;HEIGHT:0.250
;FLOW:100.0
;PRINTING: Flow_Calibration_Cube_0.4_mm.stl
;PRINTING_ID: 0
G1 F2400 E8906.5181
G1 F300 Z44.700
G0 F3900 X100.035 Y100.084
G0 F300 Z44.500
;TYPE:WALL-OUTER
;WIDTH:0.400
G1 F300 Z44.500
G1 F1500 E8909.5181
G1 F2100 X149.965 Y100.084 E8911.5939
G1 X149.965 Y149.915 E8913.6657
G1 X100.035 Y149.915 E8915.7415
G1 X100.035 Y100.084 E8917.8132
G1 F2400 E8914.8132
G1 F300 Z44.700
G0 F3900 X101.648 Y101.694
G1 F300 Z44.500
G1 F1500 E8917.8132
G1 F2100 X101.648 Y148.305 E8919.7511
G1 X148.351 Y148.305 E8921.6928
G1 X148.351 Y101.694 E8923.6306
G1 X101.648 Y101.694 E8925.5723
G0 F3900 X100.435 Y100.484
;TYPE:WALL-INNER
;WIDTH:0.400
;FLOW:90.0
G1 F2400 X149.565 Y100.484 E8927.4107
G1 X149.565 Y149.515 E8929.2453
G1 X100.435 Y149.515 E8931.0836
G1 X100.435 Y100.484 E8932.9182
G0 F3900 X101.248 Y101.294
G1 F2400 X101.248 Y148.705 E8934.6922
G1 X148.751 Y148.705 E8936.4697
G1 X148.751 Y101.294 E8938.2437
G1 X101.248 Y101.294 E8940.0212
G0 F3900 X101.048 Y100.889
;TYPE:GAP-FILL
;WIDTH:0.482
;FLOW:95.0
G1 F3600 X100.876 Y100.925 E8940.0295
G1 X100.842 Y101.094 E8940.0377
;WIDTH:0.414
G1 X100.841 Y148.905 E8941.9922
;WIDTH:0.482
G1 X101.048 Y149.110 E8942.0060
;WIDTH:0.410
G1 X148.951 Y149.110 E8943.9453
;WIDTH:0.482
G1 X149.158 Y148.905 E8943.9592
;WIDTH:0.414
G1 X149.158 Y101.094 E8945.9137
;WIDTH:0.482
G1 X148.951 Y100.889 E8945.9275
;WIDTH:0.410
G1 X101.048 Y100.889 E8947.8668
;PRINTING_TIME: 5719
;REMAINING_TIME: 565
;LAYER:178
;Z:44.750
;HEIGHT:0.250
;FLOW:100.0
;PRINTING: Flow_Calibration_Cube_0.4_mm.stl
;PRINTING_ID: 0
G1 F2400 E8944.8668
G1 F300 Z44.950
G0 F3900 X100.035 Y100.084
G0 F300 Z44.750
;TYPE:WALL-OUTER
;WIDTH:0.400
G1 F300 Z44.750
G1 F1500 E8947.8668
G1 F2100 X149.965 Y100.084 E8949.9427
G1 X149.965 Y149.915 E8952.0144
G1 X100.035 Y149.915 E8954.0903
G1 X100.035 Y100.084 E8956.1620
G1 F2400 E8953.1620
G1 F300 Z44.950
G0 F3900 X101.648 Y101.694
G1 F300 Z44.750
G1 F1500 E8956.1620
G1 F2100 X101.648 Y148.305 E8958.0998
G1 X148.351 Y148.305 E8960.0415
G1 X148.351 Y101.694 E8961.9794
G1 X101.648 Y101.694 E8963.9211
G0 F3900 X100.435 Y100.484
;TYPE:WALL-INNER
;WIDTH:0.400
;FLOW:90.0
G1 F2400 X149.565 Y100.484 E8965.7594
G1 X149.565 Y149.515 E8967.5940
G1 X100.435 Y149.515 E8969.4324
G1 X100.435 Y100.484 E8971.2670
G0 F3900 X101.248 Y101.294
G1 F2400 X101.248 Y148.705 E8973.0410
G1 X148.751 Y148.705 E8974.8184
G1 X148.751 Y101.294 E8976.5925
G1 X101.248 Y101.294 E8978.3699
G0 F3900 X101.048 Y100.889
;TYPE:GAP-FILL
;WIDTH:0.482
;FLOW:95.0
G1 F3600 X100.876 Y100.925 E8978.3783
G1 X100.842 Y101.094 E8978.3865
;WIDTH:0.414
G1 X100.841 Y148.905 E8980.3409
;WIDTH:0.482
G1 X101.048 Y149.110 E8980.3548
;WIDTH:0.410
G1 X148.951 Y149.110 E8982.2941
;WIDTH:0.482
G1 X149.158 Y148.905 E8982.3080
;WIDTH:0.414
G1 X149.158 Y101.094 E8984.2624
;WIDTH:0.482
G1 X148.951 Y100.889 E8984.2763
;WIDTH:0.410
G1 X101.048 Y100.889 E8986.2156
;PRINTING_TIME: 5745
;REMAINING_TIME: 539
;LAYER:179
;Z:45.000
;HEIGHT:0.250
;FLOW:100.0
;PRINTING: Flow_Calibration_Cube_0.4_mm.stl
;PRINTING_ID: 0
G1 F2400 E8983.2156
G1 F300 Z45.200
G0 F3900 X100.035 Y100.084
G0 F300 Z45.000
;TYPE:WALL-OUTER
;WIDTH:0.400
G1 F300 Z45.000
G1 F1500 E8986.2156
G1 F2100 X149.965 Y100.084 E8988.2914
G1 X149.965 Y149.915 E8990.3631
G1 X100.035 Y149.915 E8992.4390
G1 X100.035 Y100.084 E8994.5107
G1 F2400 E8991.5107
G1 F300 Z45.200
G0 F3900 X101.648 Y101.694
G1 F300 Z45.000
G1 F1500 E8994.5107
G1 F2100 X101.648 Y148.305 E8996.4486
G1 X148.351 Y148.305 E8998.3903
G1 X148.351 Y101.694 E9000.3281
G1 X101.648 Y101.694 E9002.2698
G0 F3900 X100.435 Y100.484
;TYPE:WALL-INNER
;WIDTH:0.400
;FLOW:90.0
G1 F2400 X149.565 Y100.484 E9004.1082
G1 X149.565 Y149.515 E9005.9428
G1 X100.435 Y149.515 E9007.7811
G1 X100.435 Y100.484 E9009.6157
G0 F3900 X101.248 Y101.294
G1 F2400 X101.248 Y148.705 E9011.3897
G1 X148.751 Y148.705 E9013.1672
G1 X148.751 Y101.294 E9014.9412
G1 X101.248 Y101.294 E9016.7186
G0 F3900 X101.048 Y100.889
;TYPE:GAP-FILL
;WIDTH:0.482
;FLOW:95.0
G1 F3600 X100.876 Y100.925 E9016.7270
G1 X100.842 Y101.094 E9016.7352
;WIDTH:0.414
G1 X100.841 Y148.905 E9018.6897
;WIDTH:0.482
G1 X101.048 Y149.110 E9018.7035
;WIDTH:0.410
G1 X148.951 Y149.110 E9020.6428
;WIDTH:0.482
G1 X149.158 Y148.905 E9020.6567
;WIDTH:0.414
G1 X149.158 Y101.094 E9022.6112
;WIDTH:0.482
G1 X148.951 Y100.889 E9022.6250
;WIDTH:0.410
G1 X101.048 Y100.889 E9024.5643
;PRINTING_TIME: 5771
;REMAINING_TIME: 513
;LAYER:180
;Z:45.250
;HEIGHT:0.250
;FLOW:100.0
;PRINTING: Flow_Calibration_Cube_0.4_mm.stl
;PRINTING_ID: 0
G1 F2400 E9021.5643
G1 F300 Z45.450
G0 F3900 X100.035 Y100.084
G0 F300 Z45.250
;TYPE:WALL-OUTER
;WIDTH:0.400
G1 F300 Z45.250
G1 F1500 E9024.5643
G1 F2100 X149.965 Y100.084 E9026.6402
G1 X149.965 Y149.915 E9028.7119
G1 X100.035 Y149.915 E9030.7877
G1 X100.035 Y100.084 E9032.8595
G1 F2400 E9029.8595
G1 F300 Z45.450
G0 F3900 X101.648 Y101.694
G1 F300 Z45.250
G1 F1500 E9032.8595
G1 F2100 X101.648 Y148.305 E9034.7973
G1 X148.351 Y148.305 E9036.7390
G1 X148.351 Y101.694 E9038.6769
G1 X101.648 Y101.694 E9040.6186
G0 F3900 X100.435 Y100.484
;TYPE:WALL-INNER
;WIDTH:0.400
;FLOW:90.0
G1 F2400 X149.565 Y100.484 E9042.4569
G1 X149.565 Y149.515 E9044.2915
G1 X100.435 Y149.515 E9046.1298
G1 X100.435 Y100.484 E9047.9645
G0 F3900 X101.248 Y101.294
G1 F2400 X101.248 Y148.705 E9049.7385
G1 X148.751 Y148.705 E9051.5159
G1 X148.751 Y101.294 E9053.2899
G1 X101.248 Y101.294 E9055.0674
G0 F3900 X101.048 Y100.889
;TYPE:GAP-FILL
;WIDTH:0.482
;FLOW:95.0
G1 F3600 X100.876 Y100.925 E9055.0758
G1 X100.842 Y101.094 E9055.0840
;WIDTH:0.414
G1 X100.841 Y148.905 E9057.0384
;WIDTH:0.482
G1 X101.048 Y149.110 E9057.0523
;WIDTH:0.410
G1 X148.951 Y149.110 E9058.9916
;WIDTH:0.482
G1 X149.158 Y148.905 E9059.0054
;WIDTH:0.414
G1 X149.158 Y101.094 E9060.9599
;WIDTH:0.482
G1 X148.951 Y100.889 E9060.9738
;WIDTH:0.410
G1 X101.048 Y100.889 E9062.9131
;PRINTING_TIME: 5796
;REMAINING_TIME: 488
;LAYER:181
;Z:45.500
;HEIGHT:0.250
;FLOW:100.0
;PRINTING: Flow_Calibration_Cube_0.4_mm.stl
;PRINTING_ID: 0
G1 F2400 E9059.9131
G1 F300 Z45.700
G0 F3900 X100.035 Y100.084
G0 F300 Z45.500
;TYPE:WALL-OUTER
;WIDTH:0.400
G1 F300 Z45.500
G1 F1500 E9062.9131
G1 F2100 X149.965 Y100.084 E9064.9889
G1 X149.965 Y149.915 E9067.0606
G1 X100.035 Y149.915 E9069.1365
G1 X100.035 Y100.084 E9071.2082
G1 F2400 E9068.2082
G1 F300 Z45.700
G0 F3900 X101.648 Y101.694
G1 F300 Z45.500
G1 F1500 E9071.2082
G1 F2100 X101.648 Y148.305 E9073.1461
G1 X148.351 Y148.305 E9075.0878
G1 X148.351 Y101.694 E9077.0256
G1 X101.648 Y101.694 E9078.9673
G0 F3900 X100.435 Y100.484
;TYPE:WALL-INNER
;WIDTH:0.400
;FLOW:90.0
G1 F2400 X149.565 Y100.484 E9080.8056
G1 X149.565 Y149.515 E9082.6403
G1 X100.435 Y149.515 E9084.4786
G1 X100.435 Y100.484 E9086.3132
G0 F3900 X101.248 Y101.294
G1 F2400 X101.248 Y148.705 E9088.0872
G1 X148.751 Y148.705 E9089.8647
G1 X148.751 Y101.294 E9091.6387
G1 X101.248 Y101.294 E9093.4161
G0 F3900 X101.048 Y100.889
;TYPE:GAP-FILL
;WIDTH:0.482
;FLOW:95.0
G1 F3600 X100.876 Y100.925 E9093.4245
G1 X100.842 Y101.094 E9093.4327
;WIDTH:0.414
G1 X100.841 Y148.905 E9095.3872
;WIDTH:0.482
G1 X101.048 Y149.110 E9095.4010
;WIDTH:0.410
G1 X148.951 Y149.110 E9097.3403
;WIDTH:0.482
G1 X149.158 Y148.905 E9097.3542
;WIDTH:0.414
G1 X149.158 Y101.094 E9099.3086
;WIDTH:0.482
G1 X148.951 Y100.889 E9099.3225
;WIDTH:0.410
G1 X101.048 Y100.889 E9101.2618
;PRINTING_TIME: 5822
;REMAINING_TIME: 462
;LAYER:182
;Z:45.750
;HEIGHT:0.250
;FLOW:100.0
;PRINTING: Flow_Calibration_Cube_0.4_mm.stl
;PRINTING_ID: 0
G1 F2400 E9098.2618
G1 F300 Z45.950
G0 F3900 X100.035 Y100.084
G0 F300 Z45.750
;TYPE:WALL-OUTER
;WIDTH:0.400
G1 F300 Z45.750
G1 F1500 E9101.2618
G1 F2100 X149.965 Y100.084 E9103.3377
G1 X149.965 Y149.915 E9105.4094
G1 X100.035 Y149.915 E9107.4852
G1 X100.035 Y100.084 E9109.5570
G1 F2400 E9106.5570
G1 F300 Z45.950
G0 F3900 X101.648 Y101.694
G1 F300 Z45.750
G1 F1500 E9109.5570
G1 F2100 X101.648 Y148.305 E9111.4948
G1 X148.351 Y148.305 E9113.4365
G1 X148.351 Y101.694 E9115.3744
G1 X101.648 Y101.694 E9117.3161
G0 F3900 X100.435 Y100.484
;TYPE:WALL-INNER
;WIDTH:0.400
;FLOW:90.0
G1 F2400 X149.565 Y100.484 E9119.1544
G1 X149.565 Y149.515 E9120.9890
G1 X100.435 Y149.515 E9122.8273
G1 X100.435 Y100.484 E9124.6620
G0 F3900 X101.248 Y101.294
G1 F2400 X101.248 Y148.705 E9126.4360
G1 X148.751 Y148.705 E9128.2134
G1 X148.751 Y101.294 E9129.9874
G1 X101.248 Y101.294 E9131.7649
G0 F3900 X101.048 Y100.889
;TYPE:GAP-FILL
;WIDTH:0.482
;FLOW:95.0
G1 F3600 X100.876 Y100.925 E9131.7732
G1 X100.842 Y101.094 E9131.7815
;WIDTH:0.414
G1 X100.841 Y148.905 E9133.7359
;WIDTH:0.482
G1 X101.048 Y149.110 E9133.7498
;WIDTH:0.410
G1 X148.951 Y149.110 E9135.6891
;WIDTH:0.482
G1 X149.158 Y148.905 E9135.7029
;WIDTH:0.414
G1 X149.158 Y101.094 E9137.6574
;WIDTH:0.482
G1 X148.951 Y100.889 E9137.6713
;WIDTH:0.410
G1 X101.048 Y100.889 E9139.6106
;PRINTING_TIME: 5848
;REMAINING_TIME: 436
;LAYER:183
;Z:46.000
;HEIGHT:0.250
;FLOW:100.0
;PRINTING: Flow_Calibration_Cube_0.4_mm.stl
;PRINTING_ID: 0
G1 F2400 E9136.6106
G1 F300 Z46.200
G0 F3900 X100.035 Y100.084
G0 F300 Z46.000
;TYPE:WALL-OUTER
;WIDTH:0.400
G1 F300 Z46.000
G1 F1500 E9139.6106
G1 F2100 X149.965 Y100.084 E9141.6864
G1 X149.965 Y149.915 E9143.7581
G1 X100.035 Y149.915 E9145.8340
G1 X100.035 Y100.084 E9147.9057
G1 F2400 E9144.9057
G1 F300 Z46.200
G0 F3900 X101.648 Y101.694
G1 F300 Z46.000
G1 F1500 E9147.9057
G1 F2100 X101.648 Y148.305 E9149.8436
G1 X148.351 Y148.305 E9151.7853
G1 X148.351 Y101.694 E9153.7231
G1 X101.648 Y101.694 E9155.6648
G0 F3900 X100.435 Y100.484
;TYPE:WALL-INNER
;WIDTH:0.400
;FLOW:90.0
G1 F2400 X149.565 Y100.484 E9157.5031
G1 X149.565 Y149.515 E9159.3378
G1 X100.435 Y149.515 E9161.1761
G1 X100.435 Y100.484 E9163.0107
G0 F3900 X101.248 Y101.294
G1 F2400 X101.248 Y148.705 E9164.7847
G1 X148.751 Y148.705 E9166.5622
G1 X148.751 Y101.294 E9168.3362
G1 X101.248 Y101.294 E9170.1136
G0 F3900 X101.048 Y100.889
;TYPE:GAP-FILL
;WIDTH:0.482
;FLOW:95.0
G1 F3600 X100.876 Y100.925 E9170.1220
G1 X100.842 Y101.094 E9170.1302
;WIDTH:0.414
G1 X100.841 Y148.905 E9172.0847
;WIDTH:0.482
G1 X101.048 Y149.110 E9172.0985
;WIDTH:0.410
G1 X148.951 Y149.110 E9174.0378
;WIDTH:0.482
G1 X149.158 Y148.905 E9174.0517
;WIDTH:0.414
G1 X149.158 Y101.094 E9176.0061
;WIDTH:0.482
G1 X148.951 Y100.889 E9176.0200
;WIDTH:0.410
G1 X101.048 Y100.889 E9177.9593
;PRINTING_TIME: 5873
;REMAINING_TIME: 411
;LAYER:184
;Z:46.250
;HEIGHT:0.250
;FLOW:100.0
;PRINTING: Flow_Calibration_Cube_0.4_mm.stl
;PRINTING_ID: 0
G1 F2400 E9174.9593
G1 F300 Z46.450
G0 F3900 X100.035 Y100.084
G0 F300 Z46.250
;TYPE:WALL-OUTER
;WIDTH:0.400
G1 F300 Z46.250
G1 F1500 E9177.9593
G1 F2100 X149.965 Y100.084 E9180.0351
G1 X149.965 Y149.915 E9182.1069
G1 X100.035 Y149.915 E9184.1827
G1 X100.035 Y100.084 E9186.2545
G1 F2400 E9183.2545
G1 F300 Z46.450
G0 F3900 X101.648 Y101.694
G1 F300 Z46.250
G1 F1500 E9186.2545
G1 F2100 X101.648 Y148.305 E9188.1923
G1 X148.351 Y148.305 E9190.1340
G1 X148.351 Y101.694 E9192.0719
G1 X101.648 Y101.694 E9194.0135
G0 F3900 X100.435 Y100.484
;TYPE:WALL-INNER
;WIDTH:0.400
;FLOW:90.0
G1 F2400 X149.565 Y100.484 E9195.8519
G1 X149.565 Y149.515 E9197.6865
G1 X100.435 Y149.515 E9199.5248
G1 X100.435 Y100.484 E9201.3595
G0 F3900 X101.248 Y101.294
G1 F2400 X101.248 Y148.705 E9203.1335
G1 X148.751 Y148.705 E9204.9109
G1 X148.751 Y101.294 E9206.6849
G1 X101.248 Y101.294 E9208.4624
G0 F3900 X101.048 Y100.889
;TYPE:GAP-FILL
;WIDTH:0.482
;FLOW:95.0
G1 F3600 X100.876 Y100.925 E9208.4707
G1 X100.842 Y101.094 E9208.4789
;WIDTH:0.414
G1 X100.841 Y148.905 E9210.4334
;WIDTH:0.482
G1 X101.048 Y149.110 E9210.4473
;WIDTH:0.410
G1 X148.951 Y149.110 E9212.3866
;WIDTH:0.482
G1 X149.158 Y148.905 E9212.4004
;WIDTH:0.414
G1 X149.158 Y101.094 E9214.3549
;WIDTH:0.482
G1 X148.951 Y100.889 E9214.3687
;WIDTH:0.410
G1 X101.048 Y100.889 E9216.3080
;PRINTING_TIME: 5899
;REMAINING_TIME: 385
;LAYER:185
;Z:46.500
;HEIGHT:0.250
;FLOW:100.0
;PRINTING: Flow_Calibration_Cube_0.4_mm.stl
;PRINTING_ID: 0
G1 F2400 E9213.3080
G1 F300 Z46.700
G0 F3900 X100.035 Y100.084
G0 F300 Z46.500
;TYPE:WALL-OUTER
;WIDTH:0.400
G1 F300 Z46.500
G1 F1500 E9216.3080
G1 F2100 X149.965 Y100.084 E9218.3839
G1 X149.965 Y149.915 E9220.4556
G1 X100.035 Y149.915 E9222.5315
G1 X100.035 Y100.084 E9224.6032
G1 F2400 E9221.6032
G1 F300 Z46.700
G0 F3900 X101.648 Y101.694
G1 F300 Z46.500
G1 F1500 E9224.6032
G1 F2100 X101.648 Y148.305 E9226.5411
G1 X148.351 Y148.305 E9228.4828
G1 X148.351 Y101.694 E9230.4206
G1 X101.648 Y101.694 E9232.3623
G0 F3900 X100.435 Y100.484
;TYPE:WALL-INNER
;WIDTH:0.400
;FLOW:90.0
G1 F2400 X149.565 Y100.484 E9234.2006
G1 X149.565 Y149.515 E9236.0352
G1 X100.435 Y149.515 E9237.8736
G1 X100.435 Y100.484 E9239.7082
G0 F3900 X101.248 Y101.294
G1 F2400 X101.248 Y148.705 E9241.4822
G1 X148.751 Y148.705 E9243.2597
G1 X148.751 Y101.294 E9245.0337
G1 X101.248 Y101.294 E9246.8111
G0 F3900 X101.048 Y100.889
;TYPE:GAP-FILL
;WIDTH:0.482
;FLOW:95.0
G1 F3600 X100.876 Y100.925 E9246.8195
G1 X100.842 Y101.094 E9246.8277
;WIDTH:0.414
G1 X100.841 Y148.905 E9248.7821
;WIDTH:0.482
G1 X101.048 Y149.110 E9248.7960
;WIDTH:0.410
G1 X148.951 Y149.110 E9250.7353
;WIDTH:0.482
G1 X149.158 Y148.905 E9250.7492
;WIDTH:0.414
G1 X149.158 Y101.094 E9252.7036
;WIDTH:0.482
G1 X148.951 Y100.889 E9252.7175
;WIDTH:0.410
G1 X101.048 Y100.889 E9254.6568
;PRINTING_TIME: 5925
;REMAINING_TIME: 359
;LAYER:186
;Z:46.750
;HEIGHT:0.250
;FLOW:100.0
;PRINTING: Flow_Calibration_Cube_0.4_mm.stl
;PRINTING_ID: 0
G1 F2400 E9251.6568
G1 F300 Z46.950
G0 F3900 X100.035 Y100.084
G0 F300 Z46.750
;TYPE:WALL-OUTER
;WIDTH:0.400
G1 F300 Z46.750
G1 F1500 E9254.6568
G1 F2100 X149.965 Y100.084 E9256.7326
G1 X149.965 Y149.915 E9258.8044
G1 X100.035 Y149.915 E9260.8802
G1 X100.035 Y100.084 E9262.9520
G1 F2400 E9259.9520
G1 F300 Z46.950
G0 F3900 X101.648 Y101.694
G1 F300 Z46.750
G1 F1500 E9262.9520
G1 F2100 X101.648 Y148.305 E9264.8898
G1 X148.351 Y148.305 E9266.8315
G1 X148.351 Y101.694 E9268.7694
G1 X101.648 Y101.694 E9270.7110
G0 F3900 X100.435 Y100.484
;TYPE:WALL-INNER
;WIDTH:0.400
;FLOW:90.0
G1 F2400 X149.565 Y100.484 E9272.5494
G1 X149.565 Y149.515 E9274.3840
G1 X100.435 Y149.515 E9276.2223
G1 X100.435 Y100.484 E9278.0569
G0 F3900 X101.248 Y101.294
G1 F2400 X101.248 Y148.705 E9279.8310
G1 X148.751 Y148.705 E9281.6084
G1 X148.751 Y101.294 E9283.3824
G1 X101.248 Y101.294 E9285.1599
G0 F3900 X101.048 Y100.889
;TYPE:GAP-FILL
;WIDTH:0.482
;FLOW:95.0
G1 F3600 X100.876 Y100.925 E9285.1682
G1 X100.842 Y101.094 E9285.1764
;WIDTH:0.414
G1 X100.841 Y148.905 E9287.1309
;WIDTH:0.482
G1 X101.048 Y149.110 E9287.1448
;WIDTH:0.410
G1 X148.951 Y149.110 E9289.0841
;WIDTH:0.482
G1 X149.158 Y148.905 E9289.0979
;WIDTH:0.414
G1 X149.158 Y101.094 E9291.0524
;WIDTH:0.482
G1 X148.951 Y100.889 E9291.0662
;WIDTH:0.410
G1 X101.048 Y100.889 E9293.0055
;PRINTING_TIME: 5950
;REMAINING_TIME: 334
;LAYER:187
;Z:47.000
;HEIGHT:0.250
;FLOW:100.0
;PRINTING: Flow_Calibration_Cube_0.4_mm.stl
;PRINTING_ID: 0
G1 F2400 E9290.0055
G1 F300 Z47.200
G0 F3900 X100.035 Y100.084
G0 F300 Z47.000
;TYPE:WALL-OUTER
;WIDTH:0.400
G1 F300 Z47.000
G1 F1500 E9293.0055
G1 F2100 X149.965 Y100.084 E9295.0814
G1 X149.965 Y149.915 E9297.1531
G1 X100.035 Y149.915 E9299.2290
G1 X100.035 Y100.084 E9301.3007
G1 F2400 E9298.3007
G1 F300 Z47.200
G0 F3900 X101.648 Y101.694
G1 F300 Z47.000
G1 F1500 E9301.3007
G1 F2100 X101.648 Y148.305 E9303.2386
G1 X148.351 Y148.305 E9305.1802
G1 X148.351 Y101.694 E9307.1181
G1 X101.648 Y101.694 E9309.0598
G0 F3900 X100.435 Y100.484
;TYPE:WALL-INNER
;WIDTH:0.400
;FLOW:90.0
G1 F2400 X149.565 Y100.484 E9310.8981
G1 X149.565 Y149.515 E9312.7327
G1 X100.435 Y149.515 E9314.5711
G1 X100.435 Y100.484 E9316.4057
G0 F3900 X101.248 Y101.294
G1 F2400 X101.248 Y148.705 E9318.1797
G1 X148.751 Y148.705 E9319.9572
G1 X148.751 Y101.294 E9321.7312
G1 X101.248 Y101.294 E9323.5086
G0 F3900 X101.048 Y100.889
;TYPE:GAP-FILL
;WIDTH:0.482
;FLOW:95.0
G1 F3600 X100.876 Y100.925 E9323.5170
G1 X100.842 Y101.094 E9323.5252
;WIDTH:0.414
G1 X100.841 Y148.905 E9325.4796
;WIDTH:0.482
G1 X101.048 Y149.110 E9325.4935
;WIDTH:0.410
G1 X148.951 Y149.110 E9327.4328
;WIDTH:0.482
G1 X149.158 Y148.905 E9327.4467
;WIDTH:0.414
G1 X149.158 Y101.094 E9329.4011
;WIDTH:0.482
G1 X148.951 Y100.889 E9329.4150
;WIDTH:0.410
G1 X101.048 Y100.889 E9331.3543
;PRINTING_TIME: 5976
;REMAINING_TIME: 308
;LAYER:188
;Z:47.250
;HEIGHT:0.250
;FLOW:100.0
;PRINTING: Flow_Calibration_Cube_0.4_mm.stl
;PRINTING_ID: 0
G1 F2400 E9328.3543
G1 F300 Z47.450
G0 F3900 X100.035 Y100.084
G0 F300 Z47.250
;TYPE:WALL-OUTER
;WIDTH:0.400
G1 F300 Z47.250
G1 F1500 E9331.3543
G1 F2100 X149.965 Y100.084 E9333.4301
G1 X149.965 Y149.915 E9335.5019
G1 X100.035 Y149.915 E9337.5777
G1 X100.035 Y100.084 E9339.6494
G1 F2400 E9336.6494
G1 F300 Z47.450
G0 F3900 X101.648 Y101.694
G1 F300 Z47.250
G1 F1500 E9339.6494
G1 F2100 X101.648 Y148.305 E9341.5873
G1 X148.351 Y148.305 E9343.5290
G1 X148.351 Y101.694 E9345.4668
G1 X101.648 Y101.694 E9347.4085
G0 F3900 X100.435 Y100.484
;TYPE:WALL-INNER
;WIDTH:0.400
;FLOW:90.0
G1 F2400 X149.565 Y100.484 E9349.2469
G1 X149.565 Y149.515 E9351.0815
G1 X100.435 Y149.515 E9352.9198
G1 X100.435 Y100.484 E9354.7544
G0 F3900 X101.248 Y101.294
G1 F2400 X101.248 Y148.705 E9356.5284
G1 X148.751 Y148.705 E9358.3059
G1 X148.751 Y101.294 E9360.0799
G1 X101.248 Y101.294 E9361.8574
G0 F3900 X101.048 Y100.889
;TYPE:GAP-FILL
;WIDTH:0.482
;FLOW:95.0
G1 F3600 X100.876 Y100.925 E9361.8657
G1 X100.842 Y101.094 E9361.8739
;WIDTH:0.414
G1 X100.841 Y148.905 E9363.8284
;WIDTH:0.482
G1 X101.048 Y149.110 E9363.8422
;WIDTH:0.410
G1 X148.951 Y149.110 E9365.7815
;WIDTH:0.482
G1 X149.158 Y148.905 E9365.7954
;WIDTH:0.414
G1 X149.158 Y101.094 E9367.7499
;WIDTH:0.482
G1 X148.951 Y100.889 E9367.7637
;WIDTH:0.410
G1 X101.048 Y100.889 E9369.7030
;PRINTING_TIME: 6002
;REMAINING_TIME: 282
;LAYER:189
;Z:47.500
;HEIGHT:0.250
;FLOW:100.0
;PRINTING: Flow_Calibration_Cube_0.4_mm.stl
;PRINTING_ID: 0
G1 F2400 E9366.7030
G1 F300 Z47.700
G0 F3900 X100.035 Y100.084
G0 F300 Z47.500
;TYPE:WALL-OUTER
;WIDTH:0.400
G1 F300 Z47.500
G1 F1500 E9369.7030
G1 F2100 X149.965 Y100.084 E9371.7789
G1 X149.965 Y149.915 E9373.8506
G1 X100.035 Y149.915 E9375.9265
G1 X100.035 Y100.084 E9377.9982
G1 F2400 E9374.9982
G1 F300 Z47.700
G0 F3900 X101.648 Y101.694
G1 F300 Z47.500
G1 F1500 E9377.9982
G1 F2100 X101.648 Y148.305 E9379.9360
G1 X148.351 Y148.305 E9381.8777
G1 X148.351 Y101.694 E9383.8156
G1 X101.648 Y101.694 E9385.7573
G0 F3900 X100.435 Y100.484
;TYPE:WALL-INNER
;WIDTH:0.400
;FLOW:90.0
G1 F2400 X149.565 Y100.484 E9387.5956
G1 X149.565 Y149.515 E9389.4302
G1 X100.435 Y149.515 E9391.2686
G1 X100.435 Y100.484 E9393.1032
G0 F3900 X101.248 Y101.294
G1 F2400 X101.248 Y148.705 E9394.8772
G1 X148.751 Y148.705 E9396.6546
G1 X148.751 Y101.294 E9398.4287
G1 X101.248 Y101.294 E9400.2061
G0 F3900 X101.048 Y100.889
;TYPE:GAP-FILL
;WIDTH:0.482
;FLOW:95.0
G1 F3600 X100.876 Y100.925 E9400.2145
G1 X100.842 Y101.094 E9400.2227
;WIDTH:0.414
G1 X100.841 Y148.905 E9402.1771
;WIDTH:0.482
G1 X101.048 Y149.110 E9402.1910
;WIDTH:0.410
G1 X148.951 Y149.110 E9404.1303
;WIDTH:0.482
G1 X149.158 Y148.905 E9404.1442
;WIDTH:0.414
G1 X149.158 Y101.094 E9406.0986
;WIDTH:0.482
G1 X148.951 Y100.889 E9406.1125
;WIDTH:0.410
G1 X101.048 Y100.889 E9408.0518
;PRINTING_TIME: 6027
;REMAINING_TIME: 257
;LAYER:190
;Z:47.750
;HEIGHT:0.250
;FLOW:100.0
;PRINTING: Flow_Calibration_Cube_0.4_mm.stl
;PRINTING_ID: 0
G1 F2400 E9405.0518
G1 F300 Z47.950
G0 F3900 X100.035 Y100.084
G0 F300 Z47.750
;TYPE:WALL-OUTER
;WIDTH:0.400
G1 F300 Z47.750
G1 F1500 E9408.0518
G1 F2100 X149.965 Y100.084 E9410.1276
G1 X149.965 Y149.915 E9412.1994
G1 X100.035 Y149.915 E9414.2752
G1 X100.035 Y100.084 E9416.3469
G1 F2400 E9413.3469
G1 F300 Z47.950
G0 F3900 X101.648 Y101.694
G1 F300 Z47.750
G1 F1500 E9416.3469
G1 F2100 X101.648 Y148.305 E9418.2848
G1 X148.351 Y148.305 E9420.2265
G1 X148.351 Y101.694 E9422.1643
G1 X101.648 Y101.694 E9424.1060
G0 F3900 X100.435 Y100.484
;TYPE:WALL-INNER
;WIDTH:0.400
;FLOW:90.0
G1 F2400 X149.565 Y100.484 E9425.9444
G1 X149.565 Y149.515 E9427.7790
G1 X100.435 Y149.515 E9429.6173
G1 X100.435 Y100.484 E9431.4519
G0 F3900 X101.248 Y101.294
G1 F2400 X101.248 Y148.705 E9433.2259
G1 X148.751 Y148.705 E9435.0034
G1 X148.751 Y101.294 E9436.7774
G1 X101.248 Y101.294 E9438.5549
G0 F3900 X101.048 Y100.889
;TYPE:GAP-FILL
;WIDTH:0.482
;FLOW:95.0
G1 F3600 X100.876 Y100.925 E9438.5632
G1 X100.842 Y101.094 E9438.5714
;WIDTH:0.414
G1 X100.841 Y148.905 E9440.5259
;WIDTH:0.482
G1 X101.048 Y149.110 E9440.5397
;WIDTH:0.410
G1 X148.951 Y149.110 E9442.4790
;WIDTH:0.482
G1 X149.158 Y148.905 E9442.4929
;WIDTH:0.414
G1 X149.158 Y101.094 E9444.4474
;WIDTH:0.482
G1 X148.951 Y100.889 E9444.4612
;WIDTH:0.410
G1 X101.048 Y100.889 E9446.4005
;PRINTING_TIME: 6053
;REMAINING_TIME: 231
;LAYER:191
;Z:48.000
;HEIGHT:0.250
;FLOW:100.0
;PRINTING: Flow_Calibration_Cube_0.4_mm.stl
;PRINTING_ID: 0
G1 F2400 E9443.4005
G1 F300 Z48.200
G0 F3900 X100.035 Y100.084
G0 F300 Z48.000
;TYPE:WALL-OUTER
;WIDTH:0.400
G1 F300 Z48.000
G1 F1500 E9446.4005
G1 F2100 X149.965 Y100.084 E9448.4764
G1 X149.965 Y149.915 E9450.5481
G1 X100.035 Y149.915 E9452.6239
G1 X100.035 Y100.084 E9454.6957
G1 F2400 E9451.6957
G1 F300 Z48.200
G0 F3900 X101.648 Y101.694
G1 F300 Z48.000
G1 F1500 E9454.6957
G1 F2100 X101.648 Y148.305 E9456.6335
G1 X148.351 Y148.305 E9458.5752
G1 X148.351 Y101.694 E9460.5131
G1 X101.648 Y101.694 E9462.4548
G0 F3900 X100.435 Y100.484
;TYPE:WALL-INNER
;WIDTH:0.400
;FLOW:90.0
G1 F2400 X149.565 Y100.484 E9464.2931
G1 X149.565 Y149.515 E9466.1277
G1 X100.435 Y149.515 E9467.9661
G1 X100.435 Y100.484 E9469.8007
G0 F3900 X101.248 Y101.294
G1 F2400 X101.248 Y148.705 E9471.5747
G1 X148.751 Y148.705 E9473.3521
G1 X148.751 Y101.294 E9475.1261
G1 X101.248 Y101.294 E9476.9036
G0 F3900 X101.048 Y100.889
;TYPE:GAP-FILL
;WIDTH:0.482
;FLOW:95.0
G1 F3600 X100.876 Y100.925 E9476.9120
G1 X100.842 Y101.094 E9476.9202
;WIDTH:0.414
G1 X100.841 Y148.905 E9478.8746
;WIDTH:0.482
G1 X101.048 Y149.110 E9478.8885
;WIDTH:0.410
G1 X148.951 Y149.110 E9480.8278
;WIDTH:0.482
G1 X149.158 Y148.905 E9480.8416
;WIDTH:0.414
G1 X149.158 Y101.094 E9482.7961
;WIDTH:0.482
G1 X148.951 Y100.889 E9482.8100
;WIDTH:0.410
G1 X101.048 Y100.889 E9484.7493
;PRINTING_TIME: 6079
;REMAINING_TIME: 205
;LAYER:192
;Z:48.250
;HEIGHT:0.250
;FLOW:100.0
;PRINTING: Flow_Calibration_Cube_0.4_mm.stl
;PRINTING_ID: 0
G1 F2400 E9481.7493
G1 F300 Z48.450
G0 F3900 X100.035 Y100.084
G0 F300 Z48.250
;TYPE:WALL-OUTER
;WIDTH:0.400
G1 F300 Z48.250
G1 F1500 E9484.7493
G1 F2100 X149.965 Y100.084 E9486.8251
G1 X149.965 Y149.915 E9488.8968
G1 X100.035 Y149.915 E9490.9727
G1 X100.035 Y100.084 E9493.0444
G1 F2400 E9490.0444
G1 F300 Z48.450
G0 F3900 X101.648 Y101.694
G1 F300 Z48.250
G1 F1500 E9493.0444
G1 F2100 X101.648 Y148.305 E9494.9823
G1 X148.351 Y148.305 E9496.9240
G1 X148.351 Y101.694 E9498.8618
G1 X101.648 Y101.694 E9500.8035
G0 F3900 X100.435 Y100.484
;TYPE:WALL-INNER
;WIDTH:0.400
;FLOW:90.0
G1 F2400 X149.565 Y100.484 E9502.6418
G1 X149.565 Y149.515 E9504.4765
G1 X100.435 Y149.515 E9506.3148
G1 X100.435 Y100.484 E9508.1494
G0 F3900 X101.248 Y101.294
G1 F2400 X101.248 Y148.705 E9509.9234
G1 X148.751 Y148.705 E9511.7009
G1 X148.751 Y101.294 E9513.4749
G1 X101.248 Y101.294 E9515.2523
G0 F3900 X101.048 Y100.889
;TYPE:GAP-FILL
;WIDTH:0.482
;FLOW:95.0
G1 F3600 X100.876 Y100.925 E9515.2607
G1 X100.842 Y101.094 E9515.2689
;WIDTH:0.414
G1 X100.841 Y148.905 E9517.2234
;WIDTH:0.482
G1 X101.048 Y149.110 E9517.2372
;WIDTH:0.410
G1 X148.951 Y149.110 E9519.1765
;WIDTH:0.482
G1 X149.158 Y148.905 E9519.1904
;WIDTH:0.414
G1 X149.158 Y101.094 E9521.1448
;WIDTH:0.482
G1 X148.951 Y100.889 E9521.1587
;WIDTH:0.410
G1 X101.048 Y100.889 E9523.0980
;PRINTING_TIME: 6104
;REMAINING_TIME: 180
;LAYER:193
;Z:48.500
;HEIGHT:0.250
;FLOW:100.0
;PRINTING: Flow_Calibration_Cube_0.4_mm.stl
;PRINTING_ID: 0
G1 F2400 E9520.0980
G1 F300 Z48.700
G0 F3900 X100.035 Y100.084
G0 F300 Z48.500
;TYPE:WALL-OUTER
;WIDTH:0.400
G1 F300 Z48.500
G1 F1500 E9523.0980
G1 F2100 X149.965 Y100.084 E9525.1739
G1 X149.965 Y149.915 E9527.2456
G1 X100.035 Y149.915 E9529.3214
G1 X100.035 Y100.084 E9531.3932
G1 F2400 E9528.3932
G1 F300 Z48.700
G0 F3900 X101.648 Y101.694
G1 F300 Z48.500
G1 F1500 E9531.3932
G1 F2100 X101.648 Y148.305 E9533.3310
G1 X148.351 Y148.305 E9535.2727
G1 X148.351 Y101.694 E9537.2106
G1 X101.648 Y101.694 E9539.1523
G0 F3900 X100.435 Y100.484
;TYPE:WALL-INNER
;WIDTH:0.400
;FLOW:90.0
G1 F2400 X149.565 Y100.484 E9540.9906
G1 X149.565 Y149.515 E9542.8252
G1 X100.435 Y149.515 E9544.6635
G1 X100.435 Y100.484 E9546.4982
G0 F3900 X101.248 Y101.294
G1 F2400 X101.248 Y148.705 E9548.2722
G1 X148.751 Y148.705 E9550.0496
G1 X148.751 Y101.294 E9551.8236
G1 X101.248 Y101.294 E9553.6011
G0 F3900 X101.048 Y100.889
;TYPE:GAP-FILL
;WIDTH:0.482
;FLOW:95.0
G1 F3600 X100.876 Y100.925 E9553.6095
G1 X100.842 Y101.094 E9553.6177
;WIDTH:0.414
G1 X100.841 Y148.905 E9555.5721
;WIDTH:0.482
G1 X101.048 Y149.110 E9555.5860
;WIDTH:0.410
G1 X148.951 Y149.110 E9557.5253
;WIDTH:0.482
G1 X149.158 Y148.905 E9557.5391
;WIDTH:0.414
G1 X149.158 Y101.094 E9559.4936
;WIDTH:0.482
G1 X148.951 Y100.889 E9559.5075
;WIDTH:0.410
G1 X101.048 Y100.889 E9561.4468
;PRINTING_TIME: 6130
;REMAINING_TIME: 154
;LAYER:194
;Z:48.750
;HEIGHT:0.250
;FLOW:100.0
;PRINTING: Flow_Calibration_Cube_0.4_mm.stl
;PRINTING_ID: 0
G1 F2400 E9558.4468
G1 F300 Z48.950
G0 F3900 X100.035 Y100.084
G0 F300 Z48.750
;TYPE:WALL-OUTER
;WIDTH:0.400
G1 F300 Z48.750
G1 F1500 E9561.4468
G1 F2100 X149.965 Y100.084 E9563.5226
G1 X149.965 Y149.915 E9565.5943
G1 X100.035 Y149.915 E9567.6702
G1 X100.035 Y100.084 E9569.7419
G1 F2400 E9566.7419
G1 F300 Z48.950
G0 F3900 X101.648 Y101.694
G1 F300 Z48.750
G1 F1500 E9569.7419
G1 F2100 X101.648 Y148.305 E9571.6798
G1 X148.351 Y148.305 E9573.6215
G1 X148.351 Y101.694 E9575.5593
G1 X101.648 Y101.694 E9577.5010
G0 F3900 X100.435 Y100.484
;TYPE:WALL-INNER
;WIDTH:0.400
;FLOW:90.0
G1 F2400 X149.565 Y100.484 E9579.3393
G1 X149.565 Y149.515 E9581.1740
G1 X100.435 Y149.515 E9583.0123
G1 X100.435 Y100.484 E9584.8469
G0 F3900 X101.248 Y101.294
G1 F2400 X101.248 Y148.705 E9586.6209
G1 X148.751 Y148.705 E9588.3984
G1 X148.751 Y101.294 E9590.1724
G1 X101.248 Y101.294 E9591.9498
G0 F3900 X101.048 Y100.889
;TYPE:GAP-FILL
;WIDTH:0.482
;FLOW:95.0
G1 F3600 X100.876 Y100.925 E9591.9582
G1 X100.842 Y101.094 E9591.9664
;WIDTH:0.414
G1 X100.841 Y148.905 E9593.9209
;WIDTH:0.482
G1 X101.048 Y149.110 E9593.9347
;WIDTH:0.410
G1 X148.951 Y149.110 E9595.8740
;WIDTH:0.482
G1 X149.158 Y148.905 E9595.8879
;WIDTH:0.414
G1 X149.158 Y101.094 E9597.8423
;WIDTH:0.482
G1 X148.951 Y100.889 E9597.8562
;WIDTH:0.410
G1 X101.048 Y100.889 E9599.7955
;PRINTING_TIME: 6156
;REMAINING_TIME: 128
;LAYER:195
;Z:49.000
;HEIGHT:0.250
;FLOW:100.0
;PRINTING: Flow_Calibration_Cube_0.4_mm.stl
;PRINTING_ID: 0
G1 F2400 E9596.7955
G1 F300 Z49.200
G0 F3900 X100.035 Y100.084
G0 F300 Z49.000
;TYPE:WALL-OUTER
;WIDTH:0.400
G1 F300 Z49.000
G1 F1500 E9599.7955
G1 F2100 X149.965 Y100.084 E9601.8713
G1 X149.965 Y149.915 E9603.9431
G1 X100.035 Y149.915 E9606.0189
G1 X100.035 Y100.084 E9608.0907
G1 F2400 E9605.0907
G1 F300 Z49.200
G0 F3900 X101.648 Y101.694
G1 F300 Z49.000
G1 F1500 E9608.0907
G1 F2100 X101.648 Y148.305 E9610.0285
G1 X148.351 Y148.305 E9611.9702
G1 X148.351 Y101.694 E9613.9081
G1 X101.648 Y101.694 E9615.8498
G0 F3900 X100.435 Y100.484
;TYPE:WALL-INNER
;WIDTH:0.400
;FLOW:90.0
G1 F2400 X149.565 Y100.484 E9617.6881
G1 X149.565 Y149.515 E9619.5227
G1 X100.435 Y149.515 E9621.3610
G1 X100.435 Y100.484 E9623.1957
G0 F3900 X101.248 Y101.294
G1 F2400 X101.248 Y148.705 E9624.9697
G1 X148.751 Y148.705 E9626.7471
G1 X148.751 Y101.294 E9628.5211
G1 X101.248 Y101.294 E9630.2986
G0 F3900 X101.048 Y100.889
;TYPE:GAP-FILL
;WIDTH:0.482
;FLOW:95.0
G1 F3600 X100.876 Y100.925 E9630.3069
G1 X100.842 Y101.094 E9630.3151
;WIDTH:0.414
G1 X100.841 Y148.905 E9632.2696
;WIDTH:0.482
G1 X101.048 Y149.110 E9632.2835
;WIDTH:0.410
G1 X148.951 Y149.110 E9634.2228
;WIDTH:0.482
G1 X149.158 Y148.905 E9634.2366
;WIDTH:0.414
G1 X149.158 Y101.094 E9636.1911
;WIDTH:0.482
G1 X148.951 Y100.889 E9636.2050
;WIDTH:0.410
G1 X101.048 Y100.889 E9638.1442
;PRINTING_TIME: 6181
;REMAINING_TIME: 103
;LAYER:196
;Z:49.250
;HEIGHT:0.250
;FLOW:100.0
;PRINTING: Flow_Calibration_Cube_0.4_mm.stl
;PRINTING_ID: 0
G1 F2400 E9635.1442
G1 F300 Z49.450
G0 F3900 X100.035 Y100.084
G0 F300 Z49.250
;TYPE:WALL-OUTER
;WIDTH:0.400
G1 F300 Z49.250
G1 F1500 E9638.1442
G1 F2100 X149.965 Y100.084 E9640.2201
G1 X149.965 Y149.915 E9642.2918
G1 X100.035 Y149.915 E9644.3677
G1 X100.035 Y100.084 E9646.4394
G1 F2400 E9643.4394
G1 F300 Z49.450
G0 F3900 X101.648 Y101.694
G1 F300 Z49.250
G1 F1500 E9646.4394
G1 F2100 X101.648 Y148.305 E9648.3773
G1 X148.351 Y148.305 E9650.3190
G1 X148.351 Y101.694 E9652.2568
G1 X101.648 Y101.694 E9654.1985
G0 F3900 X100.435 Y100.484
;TYPE:WALL-INNER
;WIDTH:0.400
;FLOW:90.0
G1 F2400 X149.565 Y100.484 E9656.0368
G1 X149.565 Y149.515 E9657.8715
G1 X100.435 Y149.515 E9659.7098
G1 X100.435 Y100.484 E9661.5444
G0 F3900 X101.248 Y101.294
G1 F2400 X101.248 Y148.705 E9663.3184
G1 X148.751 Y148.705 E9665.0959
G1 X148.751 Y101.294 E9666.8699
G1 X101.248 Y101.294 E9668.6473
G0 F3900 X101.048 Y100.889
;TYPE:GAP-FILL
;WIDTH:0.482
;FLOW:95.0
G1 F3600 X100.876 Y100.925 E9668.6557
G1 X100.842 Y101.094 E9668.6639
;WIDTH:0.414
G1 X100.841 Y148.905 E9670.6183
;WIDTH:0.482
G1 X101.048 Y149.110 E9670.6322
;WIDTH:0.410
G1 X148.951 Y149.110 E9672.5715
;WIDTH:0.482
G1 X149.158 Y148.905 E9672.5854
;WIDTH:0.414
G1 X149.158 Y101.094 E9674.5398
;WIDTH:0.482
G1 X148.951 Y100.889 E9674.5537
;WIDTH:0.410
G1 X101.048 Y100.889 E9676.4930
;PRINTING_TIME: 6207
;REMAINING_TIME: 77
;LAYER:197
;Z:49.500
;HEIGHT:0.250
;FLOW:100.0
;PRINTING: Flow_Calibration_Cube_0.4_mm.stl
;PRINTING_ID: 0
G1 F2400 E9673.4930
G1 F300 Z49.700
G0 F3900 X100.035 Y100.084
G0 F300 Z49.500
;TYPE:WALL-OUTER
;WIDTH:0.400
G1 F300 Z49.500
G1 F1500 E9676.4930
G1 F2100 X149.965 Y100.084 E9678.5688
G1 X149.965 Y149.915 E9680.6406
G1 X100.035 Y149.915 E9682.7164
G1 X100.035 Y100.084 E9684.7882
G1 F2400 E9681.7882
G1 F300 Z49.700
G0 F3900 X101.648 Y101.694
G1 F300 Z49.500
G1 F1500 E9684.7882
G1 F2100 X101.648 Y148.305 E9686.7260
G1 X148.351 Y148.305 E9688.6677
G1 X148.351 Y101.694 E9690.6056
G1 X101.648 Y101.694 E9692.5472
G0 F3900 X100.435 Y100.484
;TYPE:WALL-INNER
;WIDTH:0.400
;FLOW:90.0
G1 F2400 X149.565 Y100.484 E9694.3856
G1 X149.565 Y149.515 E9696.2202
G1 X100.435 Y149.515 E9698.0585
G1 X100.435 Y100.484 E9699.8932
G0 F3900 X101.248 Y101.294
G1 F2400 X101.248 Y148.705 E9701.6672
G1 X148.751 Y148.705 E9703.4446
G1 X148.751 Y101.294 E9705.2186
G1 X101.248 Y101.294 E9706.9961
G0 F3900 X101.048 Y100.889
;TYPE:GAP-FILL
;WIDTH:0.482
;FLOW:95.0
G1 F3600 X100.876 Y100.925 E9707.0044
G1 X100.842 Y101.094 E9707.0126
;WIDTH:0.414
G1 X100.841 Y148.905 E9708.9671
;WIDTH:0.482
G1 X101.048 Y149.110 E9708.9810
;WIDTH:0.410
G1 X148.951 Y149.110 E9710.9203
;WIDTH:0.482
G1 X149.158 Y148.905 E9710.9341
;WIDTH:0.414
G1 X149.158 Y101.094 E9712.8886
;WIDTH:0.482
G1 X148.951 Y100.889 E9712.9024
;WIDTH:0.410
G1 X101.048 Y100.889 E9714.8417
;PRINTING_TIME: 6233
;REMAINING_TIME: 51
;LAYER:198
;Z:49.750
;HEIGHT:0.250
;FLOW:100.0
;PRINTING: Flow_Calibration_Cube_0.4_mm.stl
;PRINTING_ID: 0
G1 F2400 E9711.8417
G1 F300 Z49.950
G0 F3900 X100.035 Y100.084
G0 F300 Z49.750
;TYPE:WALL-OUTER
;WIDTH:0.400
G1 F300 Z49.750
G1 F1500 E9714.8417
G1 F2100 X149.965 Y100.084 E9716.9176
G1 X149.965 Y149.915 E9718.9893
G1 X100.035 Y149.915 E9721.0652
G1 X100.035 Y100.084 E9723.1369
G1 F2400 E9720.1369
G1 F300 Z49.950
G0 F3900 X101.648 Y101.694
G1 F300 Z49.750
G1 F1500 E9723.1369
G1 F2100 X101.648 Y148.305 E9725.0748
G1 X148.351 Y148.305 E9727.0164
G1 X148.351 Y101.694 E9728.9543
G1 X101.648 Y101.694 E9730.8960
G0 F3900 X100.435 Y100.484
;TYPE:WALL-INNER
;WIDTH:0.400
;FLOW:90.0
G1 F2400 X149.565 Y100.484 E9732.7343
G1 X149.565 Y149.515 E9734.5689
G1 X100.435 Y149.515 E9736.4073
G1 X100.435 Y100.484 E9738.2419
G0 F3900 X101.248 Y101.294
G1 F2400 X101.248 Y148.705 E9740.0159
G1 X148.751 Y148.705 E9741.7934
G1 X148.751 Y101.294 E9743.5674
G1 X101.248 Y101.294 E9745.3448
G0 F3900 X101.048 Y100.889
;TYPE:GAP-FILL
;WIDTH:0.482
;FLOW:95.0
G1 F3600 X100.876 Y100.925 E9745.3532
G1 X100.842 Y101.094 E9745.3614
;WIDTH:0.414
G1 X100.841 Y148.905 E9747.3158
;WIDTH:0.482
G1 X101.048 Y149.110 E9747.3297
;WIDTH:0.410
G1 X148.951 Y149.110 E9749.2690
;WIDTH:0.482
G1 X149.158 Y148.905 E9749.2829
;WIDTH:0.414
G1 X149.158 Y101.094 E9751.2373
;WIDTH:0.482
G1 X148.951 Y100.889 E9751.2512
;WIDTH:0.410
G1 X101.048 Y100.889 E9753.1905
;PRINTING_TIME: 6258
;REMAINING_TIME: 26
;LAYER:199
;Z:50.000
;HEIGHT:0.250
;FLOW:100.0
;PRINTING: Flow_Calibration_Cube_0.4_mm.stl
;PRINTING_ID: 0
G1 F2400 E9750.1905
G1 F300 Z50.200
G0 F3900 X100.035 Y100.084
G0 F300 Z50.000
;TYPE:WALL-OUTER
;WIDTH:0.400
G1 F300 Z50.000
G1 F1500 E9753.1905
G1 F2100 X149.965 Y100.084 E9755.2663
G1 X149.965 Y149.915 E9757.3381
G1 X100.035 Y149.915 E9759.4139
G1 X100.035 Y100.084 E9761.4856
G1 F2400 E9758.4856
G1 F300 Z50.200
G0 F3900 X101.648 Y101.694
G1 F300 Z50.000
G1 F1500 E9761.4856
G1 F2100 X101.648 Y148.305 E9763.4235
G1 X148.351 Y148.305 E9765.3652
G1 X148.351 Y101.694 E9767.3031
G1 X101.648 Y101.694 E9769.2447
G0 F3900 X100.435 Y100.484
;TYPE:WALL-INNER
;WIDTH:0.400
;FLOW:90.0
G1 F2400 X149.565 Y100.484 E9771.0831
G1 X149.565 Y149.515 E9772.9177
G1 X100.435 Y149.515 E9774.7560
G1 X100.435 Y100.484 E9776.5906
G0 F3900 X101.248 Y101.294
G1 F2400 X101.248 Y148.705 E9778.3647
G1 X148.751 Y148.705 E9780.1421
G1 X148.751 Y101.294 E9781.9161
G1 X101.248 Y101.294 E9783.6936
G0 F3900 X101.048 Y100.889
;TYPE:GAP-FILL
;WIDTH:0.482
;FLOW:95.0
G1 F3600 X100.876 Y100.925 E9783.7019
G1 X100.842 Y101.094 E9783.7101
;WIDTH:0.414
G1 X100.841 Y148.905 E9785.6646
;WIDTH:0.482
G1 X101.048 Y149.110 E9785.6785
;WIDTH:0.410
G1 X148.951 Y149.110 E9787.6177
;WIDTH:0.482
G1 X149.158 Y148.905 E9787.6316
;WIDTH:0.414
G1 X149.158 Y101.094 E9789.5861
;WIDTH:0.482
G1 X148.951 Y100.889 E9789.5999
;WIDTH:0.410
G1 X101.048 Y100.889 E9791.5392
;PRINTING_TIME: 6284
;REMAINING_TIME: 0
M106 S0
G1 F2400 E9788.5392
G1 F300 Z50.200
G0 F3900 X101.048 Y100.889
G0 F300 Z55.000
M221 T0 S100
G92 E0
M1002
M104 T0 S0
M104 S0 ;extruder heater off
M140 S0 ;heated bed heater off (if you have it)
G91 ;relative positionion
G1 E-1 F300  ;retract the filament a bit before lifting the nozzle, to release some of the pressure
G1 Z+10 E-5 F9000 ;move Z up and retract filament even more
M84 ;steppers off
;Data start:151036:7ed9027c6cb4f5e720a34a337e6b16a1
;SURFQSAtIFBSSU5UREFUQUlZDHzi6E17riyBkcQfrme7d1s3FHh8P8cS6dV8SnsUe1VfPeij/301B0U
;e3AVW65nNGzdCqDk/Cxa21QxKQxR0VX097aPkfTIHfx78BTfrj81pN1OoLz8UFrvVf0okFGJVST3ko/
;B9LAdBHsUFAuu0zQU3XKgOPzAWj9UkShcUTlUtLoGjkRwiZEVyy3cGn6+iNGhuxwhLMHvp1E1KexQrF
;VJ9gbiRfUFmQ33LaQKZp7kzWGL3HlArYoa4EjkOZk00TliBopF9QQcgXtFFZ/PGzVpWb8sZUzpkiKEk
;JRVLTTxfTvX8/Rw4YlIerwVn68bNGkhMqG8/XxaIti4vF3FZNFlU7s3OFC9hSXLCBWbrxs1aN0zXPD9
;HFunVLCkYcUcwX1z1yv4THm5ObctxOIKooz9FDKl8P18W6ZUyCnsMK1UtXOLA9BEkdUFqx2oJtK+jKV
;J49xNKK3Ob1UxKexQrVW1CwaODfUEHQX3NYAuOtKwuXmPGI08tf4ehTUt7FCtVLX3+45FpQQcgf81mA
;oejvztDZccSYCxjmaUiOA8UKlUtPYGj0QIBBzAergUGiKWoNlJ+yQhWMHi2oSI6exUrVS09gePuPUEf
;IB6uZASIo6E/RW3cFVAxSZ26PRUIYVkzTF7ko5B9QQcgHu56J+vVzVo3bcsfWjNzm7Q5IxR6dCFfXPf
;G/X1AByAergUnlIbNeDcMqB1cPHOFsD8rD31EO3JJ88LnGC1YU3bBdxO0oqQpQ23GH1pfF+nVTUp7FC
;tVLRSBo5EcN2hJevFxFYqwqDZoZMcQWixJmbQ5IiR5Si1yUeTN9gkpWEZ/zXEImcbMWjcMqHw/Nlbp/
;E1Ke3VdOkRZ3tfjHDdiTEHGaguOtZIqVnjAI1I+bra7IhUJcV8nTF71yv4TQQYgHq4FZ+vGzVo8DKh8
;XTp6nYoiLB1nTiEtPIGjkX1BB/AhrhNn68avP1t49w5eOWK2tC4pHnhOJ0xJ6Mz/fUAHIB6uBSeUhs1
;KNwyoHlozYranLCwPS0o8X1rg05F8QQcgHq4Fh9TG31o3DMoZUytJm7QrPiRyRzpaT+DX9H1AByAerg
;VnsobNVDcMqB5aM2K2pywsD0tBMF9WgaKRfUEHIB66RWf7xs1aVWnECGAtd4+hEiUdclgwWT2Ao5F9Q
;Qcg7pEFaOvGzThSYNwjTT5wnYo+Oh5xT1UsPYGjkX1BKWAevQVn66SoNkNT2h1ZK0mdvSQpEHpOJl49
;gKORfUEHIOaRBXXrxs04UmDcI0g+eoWKKyYUY1k0WViBopF9QQcgHvdFZ//GzVpVacQIYCh3hbkSJh5
;6TCFFYuzK/31AByAergVnG/nNVTcMqB5aM2K2oiwmF0tYJUhY5aOQfUEHIB6uISfr2M1aN27aFVs4f4
;eyEi8DYFkgXlTuzc4KKGNUdvF3Bp+volo2DKh8P18WsJVNWHsUKzdfVOXE+BMmWEZ/wFoUm6OoPjcNq
;Hw/XxbpjA1KbxQrVU9P6Mf2FC9gf3jHfQKPmaw0UGDNfD5fFunVTUp7FCtMLT2BweMUJWBJcMlaAYep
;rC5SaPcdTTp3trgkJHsVK1UtPYGjpT1BFiAermcVgqKqM1lr9xpTMGGbtDkvexUrVS09gaPIPUEfIB6
;uZxWCoqozWWv3D1c6eoWmEiwXe1wnTEnko5B9QQcgHq5cJ+vTzVo3btoVWzh/h7ISORNxRzleYvLT9B
;glByEergVn68bzGjcCqHw/PWSAsSojFXN0Jl1Y5MeRfEEHIB6uBSmrxuxaNwzKDlY7cYC7KhUIYVslQ
;k/1xvUiIHVFf/F3Bp+vogVabdB8Pl8W6dVNSjJUK1otPYHB4xQsWEx3wGA4iKm4NEMMqXw/Xxbp1WkK
;ex8rVS1f88r8Ii5hRm3LcWfqxs1aNwyofD9fBOnVTSkUdVghRFPm/PUUMnNBcM1gVuvHzVo3DKh8P18
;W+9VNShh7SiZZVO/EzhkodFR/wGYC2cbMWjcMqHw/Xxbp+01Ke3dEO0lU9cr+EyBrf3HAYDiYrqg2W1
;PHEmAreZmKPj8Jcko2SE7ezvgTHmZSe88FZuvGzVo3DKh8P3AW6dUuJRVwQiFEUu/C/SIuaUVB3W0Ch
;6qSNVlT3BNPAGWcpysrGHFYCkBU7/zmFCVzSB6vBWfrxs1aNwyoUz9fFoq6Iy4SYEI6Q1zt/OUSMVhT
;a9xjBoijkjNZasEQUwBmiKE5Lwl6dDhEU97C4xggByEergVn68bNWjc8qHw/PHmHsSQ+EntFNEFi9cz
;hIjJyUnjPZgK0r6M8XmDEI08+Yp2wPyQkeUI7ckrox+UVQQYgHq4FZ+vGzVoiDKh8XDB5hbwjLSR3RD
;BLW+jA+Bgvc39/rgRKqNomuAFWl3wqXxbptiIlF31FMnJe7sb3GyhkSXvAcTiJxsyX+8BksPOrqenAT
;Up7d0Q6QVTvxM4eLmJGeMdmDo6ouQVUDKl8P18W6RU/CnsHK1UtXu7M/SIsbk5BwmQejrSSLl5hzXw+
;Xxbp1U1KVVQrRC09gcD+Ei1YTXfAWgGOo6koVnjNfD5fFunVTUpfVCtDLT2Bx/QTMmJ/bdt1F4S0uQV
;RYMcLTT5ijNVMSnsUK1UtZMGjjH1BB0R7wHYCtLW4Kkdj2ghgNniPvCEmJHteIUFU78bifUAHIB6uBW
;frxs1NNwyoD0ovZoanORUfcUUmSGLnyv0RHnVBassFZuvGzVo3DPw8P0IW6dUpLxVnTgpeSPHT/g81W
;ElwwGAVtKO1KlZi2xVQMRbo1U1KexQrVS09kqORfTJyUG7BdxO0oqg0RGn3EF4mc5vVTEp7FCtVLT2B
;o4p9QQdEe8B2ArS1uCpHY9oIYDN3kLA/OSR2RCFZUuyjkH1BByAergVn69XNWjdozRJMOkmaoD06FGZ
;fCl5N5Mb1fUAHIB6uBWeihs1DNwyoGFYyc4emJCUVS1Mscl7uzuEYL3RBasdqCevHzVo3DKh8P18W99
;VNSh99RjBDTujM/yI5fn99wWgXjqi+O0NlxxJgN3mFsE1LexQrVS09gaORZEEHIHrCdTiKqLkzVmDBH
;Uw2eI6KKjgabXQ4TEWBopF9QQcg/sFFZ/LGzVpTYNgjXjFigLQhIxpnQjtKYubR8AQeaklwrgRn68bN
;WjcMqHwpXxbpsSE6JHVFIURc7crwDihpR0HCYBGOqs1bNwyofD9fNqnVWkp7FE85XWLgzeUUIGtJf91
;sCYyZoD9DZMcYP14W6dVNSnvkFFUKPYGj9RExWEJ/3WA4h6e0P0VTyRpLOmS2sDU6FGdeJ0hi9sL4CR
;5zSXPLBWbrxs1aNwyofD93FunVKSYLS0k0Xljez/AEJHV/fMtjCJmjkj9PfMcPSi1ztqIsIw9LXzxAW
;IGikX1BByAeqkVn98bNWlNg2CNdPmWMiiErAnFZCk9S88f0Dx5oRnjdYBPrx81aNwyofD9fFs3VTUof
;eFsKT1zyxs4RIH5FbPFmCIWyoi9FU80ETzBlnKcoFQ99RjAtPIGjkX1BBwheri5n68apNkdTyh1MOkm
;FtDQvCUtOJllU7MLlFC5pf2rHaAK0paI3R2nGD14rf4a7TUt7FCtVLT2Bo5FZQQcgesJ1OImnvj9oYM
;kFWi1Jj7whJhJ6TApIRfHM4ggzYn9qx2gC68fNWjcMqHzPYBbw1U1KH3hbCk9c8sbOESB+RWzxdQico
;78FWmPMGT9eFunVTUp75BRVDD2Bo/URMVhCf91gOIentD9FU9odTzZytrE/JQtLUQpeTeTG9X1AByAe
;rgVny4bNfjcMqBhTL0mLtD4vJHhKLEhP3tHwDShjf3LHYxO0vJI+Xn/cHVE8c+nUTUp7FCtVP32BgpF
;9QWNMbvFnBpijkjZWdc0OYC13mbwpFRd9TSFyR97Q4RgkYyAfrgVn68bNencMi3w/X3KFpRIoGmdOCk
;Fc+MbjIjJrT2nxYRWEtpIgaGjBD0s+eIqwTUt7FCtVLT2J45FdQQcgesJ1OImnvj9oYMkFWi1JmrkiP
;SRwWTpdYvv84g0kYkQerwVn68bNWhdMqF8/XxaNuT0VGXVYMHJR4Nr0Dx50THHZWguCoLkFTVPMFUwr
;d4e2KEp6FCtVLT2Bq9F9YQcgHsppF7SkrClSU8QdRjpktqYhJQxLRzxLSd7Zzg4xYkV6rgRn68bNWjc
;s6HwbXxbpsSE6JHZKJkhi7cLoGDNYU2vedQiZspI/T3zHD0otc7ahJCceFCpVLT2Bo5FVAQcFHq4FA4
;e2kjhWf80jUz5vjKcSPhN9SD5DWPLQzh4ualB7wHYGn6+iNDcNqHw/Xxbp1U1KXxQrVUlR8fzzHDJif
;3LPfAKZmbgqR2naI08wf4ehEj0afV8KWVTsxpF8QQcgHq4Fh9TGwlo3DMwQTwB0iKYoFRd1UjBfToGi
;kX1BByAejkVn9MbNWlNg2CNcN3eEtyg4JHxONFlI8fziCSBpRHzXWhOCq6haNgyofD9fFv2VTWp7FCs
;xQU3ewPkcLGVFbPF1FYKouTNZa/cIWjJmjKcsPg5mTlUsPYGjkX3BRmAevwVn66KhKmhvxxJLMGObij
;ojH2BDVSw9gaORfUEPYB6hBWfroqEqaGjaBVYxcbahJCceFCpVLT2Bo5FpAQczHq4FA4e2kj9Ta80jX
;TNjm4ohLw1xR1UsPYGjkX1B9x8ejQVn66KhKmhqwQ5SKHebsBIrGHdOOUhP4Nf4Ei9YWkHKYAGKs6Eu
;Nw2ofD9fFunxDUpgFCtVSVHx/PcUM2pXf9xgOIGjvzFodvcYWjl3nLk5SnoUK1UtPYFTrn1ZByAeymk
;XtKCkKFp7yQ5aAGWZsCguJG50OExFgaKRfUEHIB66RWfwxs1aU2DYI1c6d52KLj8JfUUycknkzuEYM2
;ZUa9xgZ+rGzVo3DKgyf18B6dVNLhdkdDxAXObGzgkzZk5tyGAVtLKkN1IMqdJ4vmz9e1gKewcrVS1Z7
;dPOFDJrQXDKWgaZo6wFWmXGfD5fFunVTUqDKytOLT2Bx/0NHmtBZ8t3OIajvz1SU8sQUCxztrMsKR5n
;K1QtPYGjkX1BByAFrgVnj6q9BVo4mExgPHmEuCwkH0tPMEFc+PzlFCxiIB+dNlTY9f6JCAyBfD9fcoW
;lEicScE85SGLtwugYM1hBeNpgFbSjtSpYf90OWgBhiLw5FQ99RjAtPIGjkX1BByAeri9n68apNkdTxR
;VbO3qMiiErAnFZCk9Y58zjGB5iWG7BdhKZo5ItVmXcI0s2e4zVTEp7FCtVLTnBo499QQdEct5aCoKiq
;TZSU8QdRjpktrciOB9xWQpCW+fQ9AlBBiAergVn68bNWhEMqHxbM2a2uCQuH3hOCkFc+MbjIiJoTmrB
;cBW0o7UqWH/dDloAYoC4KEp6FCtVLT2Bg9F9bAcgHsppF7SrpD5TYM0jUz5vjKcSLwhgQjhMSejM/yI
;1bk178WYIhraoNERt3BVQMRbo1U1KexQrVS09qKORfSVrUEHDbAOPqqgFW23RGU0Ac5GlIjkOZk4KWV
;Tsxs4JM2ZObcdxDoSozVs3DKh8P18W6dVrSnsUTzldYuzK9RktYn9yz3wCmZmrM1tgwRJYAHORpSI5D
;mZOCllU7MaRfEEHIB6uBZfUxtZaNwzMEE8Ae4CxKSYeS0c0VFjz/OESNmJSQcNqA47GzFo3DKh8P68p
;6fZNSntwRyVyUOjH9REkWEx/12AVtLSsKl5o9xhNMGa2rxI5C3FOMS08gaORfUEHAF6uI2frxqk2R1P
;FFVs7eoyKISsCcVkKX1zxyvUiLW5GavF/OI+vvi5WYssZP14W6dVNSnsUa1UOPYGj9RExWE13ymELjp
;mhO05p2iNNPmaAsRImEnJfCldi8tP0GCUHIR6uBWfrxu0aNymofD87epmKICMfcEcwclHg2vQPHnRMc
;dlaA5mpvQVNU8wVTCt3h7YoSnoUK1UtPYGj0X1jByAeymkXtKukPlNgzSNTPm+MpxI5F3tcCklP7tPO
;Bx50UHvLYWfqxs1aNwyoXH9fM+nVTS4XZHQ4RFnlz/QiLWZZe9xaFIepugVbZc4IYCVJjbw+Php6SDA
;tPIGjkX1BByBeridn68apNkdTxRVbO3qMiiErAnFZCl5R7tTOEShhVEHUWhSbo6g+Nw2ofD9fFun1DU
;pdFCtVSVHx/PwUJWNMe/FpBpKjvwVEedgMUC1itrA1OhRnXidIYvXK/BhBBiAergVn6+aNWhEMqHxbM
;2a2uCQuH3hOCkFc+MbjIjR3UHvcWheEr6MuaHvJFUsAYoC4KEp6FCtVLT2Bo5F9UAcgHsppF7SrpD5T
;YM0jUz5vjKc+SnoUK1UtPYGD0X1oByAeymkXtKiiKFptxCNTPm+MpxIrHWBOJ3JY+dP+DjR1RUHZZA6
;fmbkzWmmofT9fFunVTUp7FAFVLT3lz+EiL2hSc89pOIentD9FU8oZWTBkjIooMgt7WCBfWN7U8BQ1WF
;R3w2Bn6sbNWjcMqHx/Xwjp1U0uF2R0O0JP7ML9Ii1mWXvcWgWEtKk/RVPHGlksc53VTEp7FCtVLT2Bo
;7d9QQdEct5aCYS0oDtbU8QdRjpktrYiJA97XidyWPnT/g40dUVB2mwKjsbMWjcMqHw/T1bp+E1Ke3BH
;JXJT7tH8HC1YTH/XYBW0o74uXmHJCFYweLahJCceS0g6QE3kzeIcNW5PcK4EZ+vGzVo3DKh8GV8W6bE
;hOiR6RCdAXO38/Rw4YlJByGwLh6+jPWhp0AxQLGObsBI+EnlOVSw9gaORfUEXYB61BWfroqEqaGLHDl
;I+era5LDMeZnQlQkrk0c4QLmNFHq8FZ+vGzVrHM6hfP18Wjbk9FRV7WThMUd7P8AQkdX9sz3UOj5mpK
;Fh89wZgLGaMsClKehQrVS09gYvRfWcHIB7KaRe0qKIoWm3EI1M+b4ynEjgaZEIxclHoxeUiO1hEd91x
;BoWlqFo2DKh8P18W6ZVNaXsUKzFBTd7N/g8sZkxBwmQejrSSKFZ8wRhgM3+PoRIwJGdbMEhZgaKRfUE
;HIB6GRWfOxs1aU2DYI1EwZIS0IRUXdVIwX2Lyz/4KHmNScd5aHbSipClDbcYfWl8X6dVNSnsU22otH4
;GjkRktd39wwXcKiqqSNlZ1zQ5gLHqGohIuCXtbCldi8tP0GCUHIR6uBWfrxuUaNymofD87epmKIyUJe
;Uo5clHg2vQPHnRMcdlaC4KguQVNU8wVTCt3h7YoSnoUK1UtPYFTrn1jByAeymkXtKiiKFptxCNTPm+M
;pxI5F3tcCkFU59fOBx50UHvLYWfqxs1aNwyoaH9fMOnVTS4XZHQ7Qk/swv0iLWZZe9xaFJ62vTVFePc
;ZRy95mqA/LyRgQjhIPYCjkX1BByAE7gVB68bNPlt89xJQLXuIuRImGm1OJ3JI8dP0Dx53T3fAcTicp6
;QuaHjBEVpfF+nVTUp7FCtVLSOBo5EZLXd/bMtoCJ2jkjhCbsoQWgBhiLw5IxVzdCFEUOSjkE5yNBMtn
;dZY68vNWjdoxAxgLHWIuSQkHEtTVSw9gaORfUFeYB6jBWfroqEqaH/LHVM2eI6KNEp6FCtVLT2B+tF9
;UgcgHsppF7S1oTNUafcIUDNzm7QjKR4UKlUtPYGjkX1BBxIergUDh7aSKUJ+zh1cOkmavCkvJGBOLVl
;I88bOGSh0QXzCYDiEqJI1QWnaFF4xcba0Iy0XcStULT2Bo5H9AEcgPa4FZ4+qvQVEedoaXjxztqYkLh
;5LXzBVSfTR9CIzYlNxwnATgqmjWjaWMeWmxo9Q6k1oexQrMUFN3tDkDydmQ3vxdg6Po5IuUnTcCU06S
;ZGsEiUdclgwWT2Ao5F9QQcg/pEFcOvGzT5bfPcIWjJmjKcsPg5mTgpOVeDO8xgzByEergVn60aMGjcc
;qHw/O3qZijorCHxCO0pi7Mz1GEEGIB6uBWfrNvJaOAyofFonYpugKS8JS0o4Qkjv15F8QQcgHq4Fl9T
;G2lo3DM0ESy1jjbA/FR5sSD1MU+bGzgkoakUvrgRn68bNWjcMqHwoXxbpsDU+CWFPMF9i5NvyFSBpR3
;vxcQ6Go/9aNgyofD9fFunVTVh7FCswVUnz1vUYM1hPeMh2Ap+ZtWs3Dah8P18W6ewNSmkUK1VIRfXR5
;BkkdX9xyGMUjrKSIgUMqXw/Xxbp1U1KewYrVS1Y+dfjCCViUkHBYwGYo7kFTz+ofT9fFunVTUp7FDlV
;LT3k2+UPNGNFbPFqAY21qC5odZl8Pl8W6dVNSnsUK0ctPYHG6QkzckR73FoIjaC+P0NT0U4/Xhbp1U1
;KexQrVT89gaP0BTV1VXrLdziEoKspUnj3BQxfF+nVTUp7FCtVLQ6Bo5EYOXNSa8pgFbS1ujNDb8AjXD
;B5hbwjLSR8TjRZSPH88Bk3Zk59y1oTjqu9P0Vt3AlNOifp1E1KexQrVUR9gZCRfUFiWGrccAOOtJIpQ
;GXcH1cAdYa6ISMVc3Q9SFz11uEiIGNWf8BmArSyqDdHadodSypkjOdNS3sUK1UtPejjkVZBByB71nEV
;nqKoKGh/3xVLPH62tiIlF31FMnJV5MLlCDFYQXrYZAmIo5IuXmHNfD5fFunVTUo/VCtLLT2BxukJM3J
;Ee9xaFJyvuTlfU8sTUDN/h7ISOhpmQApVPYCjkX1BByAg7gV568bNP0942glbOmS2pjojD3dDCk5S7s
;/4EyZYUH/cbjiSxsxaNwyofJ8BVunxTUp7cVMhX0jlxuMiMnBJas1tOIipojZeYs8jSzp7mbA/Kw9hW
;TAcPYCjkX1BB6B47gVD68bNP0942glbOmS2pjojD3dDCk5S7s/4EyZYVHvDdQKZp7kvRWmafD5fFunV
;TcodVCtMLT2B0fQONWZSavFgH5+0rAVTeckQYD57hqAjPnsVK1UtPYGjkX1BIiAermAfn7S4PlJ+9w9
;INmKKvRI4HmdfNF9J3sbpCTNmf3/DahKFsv9aNgyofD9fFunVTVh7FCsnSE71wuMJHmNVf8JaFJujqD
;43Dah8P18W6eENSmUUK1VIRfXR5BkkdX9t2WwTiK6SKFJ/3B1NK0mapSgvHyYrVC09gaORfXVHIAiuB
;WeZo7koVm/cFVAxSY2gLCYkdUY6WFP1o5B9QQcgHq4hJ+vkzVo3adAITSpyjKcSOQx9XzZFYvPG5Q8g
;ZFR3wWs4iquiL1l4mnw+Xxbp1U1KX1QrQC09gdH0CTNmQ2rHagm0org7W1PbDFo6cunUTUp7FCtVGX2
;BgpF9QWJYatxwA460kilAZdwfVwBkjKE/KxhgQjpDYvLT9BglNSAfrgVn68bNbncMu3w/X3ORoT8/H3
;FZClpU8cbOCShqRS+uBGfrxs1aNwyofCxfFumwNT4JYU8wX2L2yuEYHnNJc8s3Z+rGzVo3DKh8P18Z6
;dVNLwNgWSBeVO7NzgooY1R2rgT9cl9Uw67Vl3wuXxbpsDU+CWFYPEJT3tT4GTVvfyyuBP1yX1TDrtWX
;fCxfFumzLCQkdkc8XWLxwuQOJFhNbctmZ+rGzVo3DOgDf18E6dVNLBp6dDdBVPH85RUzYlN2wWkD68f
;NWjcMqHwBHxbg1U1KHXVFCl5N5Mb1fUAHIB6uBWeyhs1XNwyoGl4xSZqlKC8fS0Y0VT2Ao5F9QQcgWu
;4FduvGzTxeYMkRWjFitrEkKxZxXzBfPYCjkX1BByDikQV168bNPF5gyRFaMWK2sSQrFnFfMF8PgaKRf
;UEHIB5SOmf5xs1aUWXEHVI6eJ2KKSMaeU4hSE+yo5B9QQcgHq4FZ+vUzVo3asEQXjJzh6ESLhJ1RjBZ
;WPOXkXxBByAergVn68bAWjcMzhVTPnuMuzkVHXhEIi08gaORfUEHeV6uC2frxqszW23FGVErSY+5Ij1
;KFCpVLT2Bo1EqAQcuHq4FAYKqrDdSYtwjWTN5nudNS3sUK1UtvdfjkXBBByB4x2kGhqOjLmh40QxaXx
;fp1U1KexQrFS0zgaORGyhrQXPLaxO0srQqUj6ofT9fFunVTUo7FAtVLT3nyv0JJHV/cdtxOJirrDZbU
;9gdTStJmrw3LyRmSiFEUoGikX1BByAe90VnzsbNWlFl2g9LAHqIrCg4JHBCOEhT8sr+Ex5/WUHNagqb
;o6MpVnjBE1FfF+nVTUp7FCtVLReBo5EbKHVTavFpBpKjvwVTZcUZUSx/hrsSMgJLSDpATeTN4hw1bk9
;w8W0Ih6PNWzcMqHw/Xxbp1WxKexRNPF9O9fz9HDhiUkHLfROZs74zWGL3C1Y7YoGKPysPfURVLD2Bo5
;F9QV5gHrYFZ+ugpChEeMQdRjpktrMkJhp5TjtZYufP/gpBBiAergVn65+NWicMqHxdMGKduiAVD3xCN
;kZT5NDifUAHIB6uBWc7+c1INwyoGlYtZZ2KISsCcVkKXlXkz/0OQQYgHq4FZ+vSjVoZDKh8WTZkmqES
;JhptTidyTu7P+Bkebk54x2kLtKO1LkV52xVQMUmevCk+E0tZNFlU7qOQfUEHIB6uXCfr581aN2rBDkw
;rSYW0NC8JS1g6QVTl/PgTJ25McvFjC4SxvztDaah9P18W6dVNEzsUNVUtPefK4w41WEx/12AVtLWiNl
;5o9xVROX+FuRI5C3FOMS08gaORfUEHZF6uF2frxq81Q3jHEWAzd5CwPxUIZE4wST2Ao5F9QQcgWu4Fd
;OvGzT1WfPcaVjN6trgkJCR4TjtKSemjkH1BByAergVn6+rNWjdryQxgOX+FuRI5EnpMOUhi5NvlDzR0
;SXHAWgSEq70/WX/JCFYweLanLD4SeytULT2Bo5H9EUcgPa4FZ4ynvQVRZcQQYCx/h7IhLyRxUyFfSPL
;K/hMedUFqx2o4hqe1WjYMqHw/XxaAlU1pexQrMkxN3sX4ES1YU3fAYguOmagiQ37dD1YweLanLD4Se3
;Q4RFOBopF9QQcgnu5FZ/TGzVpQbdgjWTZ6hYo+IxVzRzByWPnX4wgybk9w8XYXjqOpWjYMqHw/XxbQl
;U1EexQrMkxN3sX4ES1YU27LYAPrx81aNwyofHEfFvnVTUocd0QxSGL12uEYHm5Oest9Z+rGzVo3DKh8
;P18F6dVNLRh7TzByS+TR+Bs4WEx7wGITg8bMWjcMqOhuRlfpxk1Ke3NIOklY3tX0DyhhWUHBYwGYo7l
;aNgyofD9fFunVTUV7FCsyQVLjwv0iLmFGbctxOJPGzFo3DKh8P18W6dpNSntzRzpPXO38/hsndEVq8X
;xn6sbNWjcMqHw/Xxnp1U0tF3tJNEFi7sX3DiRzf2SuBGfrxs1aNwyofCpfFum9KCsPfUUycl7uxvcbK
;GRJe8BxOIrGzKBJZhQIrDep6cBNSnt8TjRZVO/Ezh4uYkZ4x2YOjqi5BVUMqXw/Xxbp1U0KewErVS1V
;5MLlFC9gf33BYAGNr64zUmLcI1xfF+nVTUp7FGUVLSGBo5EVJGZUd8BiOJ+voD9oadsIVjJ3nbwiJCR
;gUiVIPYCjkX1BByAergVy68bNMlJt3AlPAHGKuikvJGdOJFhY78D0fUAHIB6uBWfrxs16NwyoFVE5f4
;W5EisfdVshREvk/PgTJ25McvF3Bp+vogVabdB8Pl8W6dVNSkVUK3UtPYHK/xsoa0xBz2EGm7KkLFJTw
;RJZNnqFij8rD31ECkBU76OQfUEHIB6uESfr2c1aN2XGGlYzera0KSsLYEIjSGLozf8YM1hFZt5kCZiv
;ojQ3DTLlpsaPcDxySm0UK1VEU+fK/REeZkR/3nEOnaOSNlZ1zQ5MXxfp1U1KexQ/FS0ngaORFC9hSXL
;CWgaPp70uXnrNI006cpy2OSMUelhVLD2Bo5F9QQdgHrcFZ+uvozxeYMQjXjt3maEkPB5LXDxJSen8/B
;QvByEergVn68bFGjcXqHw/NniPvCEmJHVFNkVS8/z9GC9gVHbxYwaIsqIoNw2ofD9fFunVTUp0FCtVR
;FPnyv0RHmZSe89aCoKozVs3DKh8P18W6dVRSnsUQjtLVO3Pzg4xZlJty1oEhKuvM1lp9xBeJnObpk1L
;exQrVS09cZyRYUEHIHfAYw6HqpI/T3jaCUw2eYeKOiMfYEMKX1z1yv59QAcgHq4F572GzU43DKgVUTl
;/hbkSLBJ4SjhIU/X89xEucCAfrgVn68ZNDHcMp3w/X3+HsyQmF0tEM0tO5NfOBUEGIB6uBWfrxs1aOA
;yofFYxcIC5IRUUck0mSEne2pF8QQcgHq4FZ+vGwVo3DM4VUzNJhqMoOBd1W1UsPYGjkX1BF2AeogVn6
;6CkNltTzBlRLH+drE1LexQrVS09peORcEEHIHfAYw6HqpIpX2nEEExfF+nVTUp7FCtVLTGBo5EUL2FJ
;csJaFJujqD43Dah8P18W6ZsNSmsUK1VEU+fK/REecEl62m04hq+jWjaWMeWmxo9A6k1uexQrPENT5NH
;OHzNuRHnHawC0o7UuRXnbFVAxSZ68KT4TS1k0WVTuo5B9QQcgHq5cJ+vRzVo3ZcYSWi1Ji6ckLhx9RT
;JyW+3M5g8gc0UerwVn68bNWm5MqGg/XxaAuyMvCUtJJ0RZ5sr/Gh50UHvLYWfqxs1aNwyoMn9fN+nVT
;SMVZ04hclTvzfQPHmJYatxwFIKpowVAZcwIVwBkiKEkJXsVK1UtPYGjyD1BEyAermwJmKO5BV5ixhlN
;AHCFujo4GmBOVSw9gaORfcFRYB6iBWfrr6MpUnjQI0wvc4yxTUt7FCtVLT3F45FcQQcgd8B2Ap+Zoi9
;DadojWidim6A+IxR6dCJEWfXLzg8gc0lxrgRn68bNWjdV6HwrXxbpvCM5HmB0OlhJ5NHOGy1oV2zPcQ
;Lrx81aNwyofGYfFuXVTUoSelgwWQ3e0OEYJGMgH64FZ+vGTRt3DLZ8P19/h6EoOBd7SD5EU+b88xI0a
;UR/3Hw4j6++LlZiyxk/Xhbp1U1KexRrVTo9gaP4EzViUnLBZgyCqKoFVGnEEGA+eI65KEp6FCtVLT0B
;ldF9WQcgHsdrE460oTVUZ8ESWAB1jLkhFRd1UjBfToGikX1BByAerkVn/MbNWl5i3BlNM3mKviQkHEt
;IMEFR3tT4GTVvIB80nP5yX1SzCAy6fD9ff4ehKDgXe0g+RFPm/PUYMXNIHq8FZ+vGzVo3TKhxP18WgK
;ciJBJ6TApMU+bP9H1AByAergXnvYbNSjcMqBVNMHiAuyoVHXhEIl9c9caRfEEHIB6uBXOrxsBaNwzBD
;lAxf4eyEiMVZ04hLTwbOgjk2J7pIa4QZ+vGpChYYsESWAB6gLsoFR99WCFMU+LGkXxBByAergVn68bA
;WjcMwQ5QMX+HshI5C3FOMS08gaORfUEHBF6uDmfrxqc/RWf3HlArYoa4TUt7FCtVLT2V45FuQQcgdMt
;3DLSkoi5DY8UjTCpkj7QuL3sVK1UtPYGjhT1BFyAerm8Cma2SPF5+2whgM3eQsD9KehQrVS09gbfRfU
;oHIB7EYBWAmaQ0UWXEED9eFunVTUp7AGtVPT2Bo/sYM2x/d8B2Ap+ZpDRZadp8Pl8W6dVNSm9UK0UtP
;YHJ9A8qWElw3WATtKm4LlJ+qH0/Xxbp1U1eOxQhVS0968bjFh53UnfAcWfqxs1aNwyoaH9fGunVTSAe
;ZkAKXkjx0/4PNQchHq4FZ+vG2Ro3BKh8PzVzm74SPhRkK1QtPYGjkX1VRyAOrgVngaO/MWh4xwxgLGO
;bsywpHhQqVS09gaORaQEHKx6uBQ2OtKYFQ37JClozFujVTUp7FCtBbT2Ko5F9MXVJcNpaFJujqD43Da
;h8P18W6ZENSncUK1VBXPjG4yIpYkl5xnFn6sbNWjcMqKwAXzDp1U0mGm1OJ3JV5Mr2FTVYQXrPdROCs
;KgFWm3QI1c6f469ORUJdV88Qj2Ao5F9QQcgUO4FQevGzTZWdc0OYDdzgLIlPiR1TzRdSejV9CIsbk5B
;xmAOjK65BUVt3BVQXxfp1U1KexQSFS0egaORESB+RWzxbQKCoaUuaG3MHU8rf5+wEjkaeVs5RFPm/OI
;JJHcgH9URyawnt94IDIN8P196iKwoOCR8TjxKVfX88Bkgd1R32GA4mLKoKlh6zQ5gPXmdoSInJGZKIU
;RSgaKRfUEHIB7nRWfDxs1aW23RGU0Afoy8KiIPS0oxTE31yucYHnRUe95qEY60ki5YfPcOXit/htVMS
;nsUK1UtdMGjhn1BB0x/12AVtKuoKFBp9x9TMGWMiisrGHFYVSynGDoI5Ni+Hx62BWfrqqwjUn73D1o4
;e4y7ORUXcUUyWVXezvgTQQa6hzec/nJ/8lo8DKh8SD56hYo+Ih54RyYtPIGjkX1BBzBerhFn68ahO05
;p2iNMN3OFuT4VFGJOJ0Fc8aOQfUEHIB6uTCfr681aN2DJBVotSZqhLDgPS1s6RFP1/OIeIHVGQcRqDo
;WykjtZa8QZYCt+m7A+IhR4T1UsPYGjkX0hZGAeigVn66qsI1J+9w9LPmSdij0lEnpfCl5e4NH3IitoS
;XDaWguOqKouXwypfD9fFunVeQp7PStVLVHg2vQPHnRUf9xxOJuppDRDU9sfXi1wtr8iIxVgdCZdWOTH
;zg8gc0lxrgRn68bNWjdV6HwPXxbpuSwzHmZ0Jllc89fODS5uTmrxdgSKtKsFXWPBEksAZZ20Pz4kfE4
;8SlX1/OMcNW5PHq8FZ+vGzVo3DKhfP18WhbQ0LwlLWCFMT/X84RIoaVRB3WYGmaCSMFhlxghgLGKMpT
;5KehQrVS09gYfRfVQHIB7CZB6OtJIpQ23aCE8wf4ehEj4CZE5VLD2Bo5F9QQ9gHr0FZ+ugpCJSaPcQX
;iZzm4o+PhpmXwpVPYCjkX1BByAergV068bNPF50zRhgM3eQsD8VCGBKJ1li+KOQfUEHIB6uBWfr2c1a
;N2HJCGA8eYezfBUdfUc0QFjv184eLmpQe8B2Bp+vojQ3Dah8P18W6YwNSmEUK1VAXPX88hIvYRFByGw
;LiquoNENTzBlRLH+drE1LexQrVS1dEuORZkEHIHPPcTiIqaM8BlPOFVM+e4y7ORUffUo4SEnk0ZF8QQ
;cgHq4Fm9TG1lo3DMUdSwB1hrsreyRyQjlMUOTN5SIxdUl9y1oEhcbMWjcMqHzfN1bpzk1Ke3lKIXJe7
;s33TB5hSXLPaAKFspIqRWXLGWA1ZunUTUp7FCvdnn2Bv5F9QWpBavFmCIWg/AVRZcQdUjp4nYo9OBJ3
;TgpGUvOjkH1BByAe7ton693NWjdhyQhgPHmHs3wVHX1HNEBY79fODTNuQ3vxcBTrx81aN6zYgQcfFsX
;VTUoWdV8KTlLvxaAiJ25Mf8NgCZ+Zvj9DeMESWCxJj7whKxZxRSFyWeTN4hQ1fiAfrgVn68atyXcMhX
;w/X3uIoRIpFHpNZHJb6M/wECRpVEHdYBOfr6M9RFPOFVM+e4y7ORUffUo4SEnk0ZF8QQcgHq4Fm9TG4
;Fo3DMUdSwB1hrsreyRyQjlMUOTN5SIyYlRqx2sAmJmrM1ttxRlRK0mPuSI9CXVfMC08gaORfUEHeV6u
;L2frxqA7Q1PLE1E5J7azJCYaeU47WWLyxuUJKGlHbfFjDoenoD9ZePcMTTZ1jNVMSnsUiyXQBcGjv31
;BB01/2loEhKira2hqwRBeMnOHoRI5HmBfPENa8vz3FC1mTXvAcTido78zUXX3FVtfF+nVTUr7hOgVLS
;GBo5EQIHN/fcFrAdqZqzNbbcUZUStJn7A/Ix1tdDxJPYCjkX1Bh7Dd7gV468bNN1Z49x9QMXDbiisjF
;3VGMENJ3sD+EDFiTm3PcQ6EqM1bNwyofD9fT6nVV0p7FEY0WWLizP8bc1hGd8JkCo6ouQVTacYPVitv
;6dRNSnsUKzW+fYG4kX1BakFq8WYIhaD/BVFlxB1SOnidiikjGnlOIUhPgaKRfUEHIB5SOmfwxs1aWm3
;cI1wweI/nEiwSeEo4SFP1/OEPKGRFQc1rZ+rGzVo3DEgUf18N6dVNJxpgdDZCU+eRzhsoa0Fzy2sTtL
;a/M1Rp9xZPXxfp1U1Ke5yYFS0hgaORECBzf33BawHZmaszW23FGVErSZmnJCkeS0A6Xz2Ao5F9QQdgw
;e4FfOvGzTdWePcfUDFw24orIxd1RjBDSd7T4xQiYn9r3QVm68bN+kfxkDw/cxbp1SArD0tIOkNbs/z3
;FC1mTXvAcTiYo7kuXmLPD2A5f4W0IC8VYHQxSFPyyuUEQQYgHq4FZ4tVjVoaDKh8Uj5itrYiJB0mdDN
;EUeDO9BM1WFN72nEOhaG+BVFlxB1SOnidiikjGnlOIUhPgaKRfUEHIB5SOmfGxs1aWm3cI1wweI/nEi
;wSeEo4SFP1/OIYNXNJcMl2OI2voTtaacYIYDl6hqI/Kw9xK1QtPYGjkX0YRyA0rgVnhqe5BVRjxhoNA
;HCAuSwnHnpfCl5Y9df4EyZ0f3jHaQaGo6MuaHzaFVw6FujVTUrbZNZtbT2vo5F9LGZUQc1qCY30kjxe
;YMkRWjFitqYoPg99RTJeYufK/RwsYk5q8XMCma+rI2hlzHw+Xxbp1c3auFQrSS09gc7wCR5kT3DINzi
;Nr6E7WmnGCGApc5u8KzMkfU9VLD2Bo5H90cRgHrkFZ+urrC5SfsEdUwBlirQhLyRySjZZUvP86X1ADf
;e93jhNsobNTTcMqBFeK3ObvCwmJGdINEFY3sXwHjVoUkHXBWbWzBr5RxHxPD9IFunVICsPcVk8TFHe0
;PIcLWJ/eM9mE4S0kiA3Dah8P18W6YwNSm4UK1VAXPn85xItck172ncOiJm+KlJpzE0/Xhbp1U1KexQr
;VTg9gaP8HDlYVnHCcAqOsr8zVFPbDFo6ctvVTEp7FCtVLT2Bo4x9QQdNccpgC7S2vz9UZdsZYCVJgbA
;kLRNgdDlMROTR4n1AByAergVn/4bNUTcMqBJQJWyFsBI5Em5OVSw9gaMx5NjeHx6gBWfrsaw2W1PcFF
;Y8fYewPjl7FbHMtKQYOnhCQRUgHq52Epu2oihDU9IjWzZlnbQjKR4UKmYeDrKQor5+BzUergUInaO/M
;lZizyNMN3OFuT4VGnpMOUg9gKORfUEHICDuBX7rxs01QWnaFF4xcbamJS8XeFgKS1zv/OINJGJEHq8F
;Z+vGzVpuTKhkP18WhqMoOBN1RTJyTunG/REyWEZywXIVirKoWjYMqHw/XxawlU1fexQrOltY88vwEyZ
;YU3bLaQuYmb4qUmnMfD5fFunVTUoyVCtELT2B0+MYMnRVbMtaBo+wrDRUaZl8Pl8W6dVNSnsUK0QtPY
;HT4xgydFVsy1oGj7CsNFRpmnw+Xxbp1U1KexQrTS09gdPjGDJ0VWzLWgaPsKw0VGn3FVE5f4W5fEp6F
;CtVLT2Bo5F9WQcgHt53Api1uChSU8kYST54irASIxVyQjlBD4GikX1BByAergVn9sbNWkd+zQ9MKmSM
;iiwuDXVFNkhi6M3iGDVYSXDAYBXaxsxaNwyofD9fFunITUp7ZFkwXk700fQiIGNWf8BmArSvoylSePc
;VUTFzm+dNS3sUK1UtPYGjkWBBByBu3GAUmLO/P2htzApeMXWMiiQkCHFfCkJI9cbjTEEGIB6uBWfrxs
;1aKgyofE8tc5qmODgeS0oxW1zvwPQiKGlTe9paCJ6yqCgFDKl8P18W6dVNSnsJK1UtTfPG4g40dUVBz
;2ERiqiuP2h4xwxgLGObsywpHiUrVC09gaORfUEHIAOuBWebtKgpRHnaGWA+cp+0IykeS186XWLy1uMb
;IGRFLK4EZ+vGzVo3DKh8E18W6aU/IxVgTidyXu7N9yIkf1Rs22ECmfeSOVtpyQ5eMXWMii8rGH90Okt
;b8sblfUAHIB6uBWfrxs1zNwyoDE02eJ2wPxUYe0Uzclj51+MIJWJSL/FmC46nvztZb80jWidim6ApLw
;kUKlUtPYGjkX1BBw0ergUXma+jLlJ+9x9QMXC2sDU+CWFPMF8M3sD9GCB1QXDNYDiNtKI0Q1PHGlksc
;53VTEp7FCtVLT2Bo719QQdQbMdrE460kjlYYs4jWidim6ApLwkldDZBWODR8BMiYn9yy2MTtKmrPERp
;3Hw+Xxbp1U1KexQreC09gdPjFC9zRWzxZgiFoJI/T3jaCVs6ZNiKLiYedVk0Q17k/OMUJm9UQcFjAZi
;juVo2DKh8P18W6dVNensUKyVfVO/X9A8eZE9wyFoCk7K/L1Np2k1gPGOaoSInJGRZPENJ4MH9GB51RX
;nHagm0vs1bNwyofD9fFunVeUp7FFsnRFP1xuMiImhOePFgH5+0uD5SfpkjXCplnbogFQtmQjtZXOPP9
;CIzYkd3wWs4k7WkIFIMqXw/XxbpVSYKeyQrVS1N88r/CSR1f33BawG0o7UuRXnMGU1uSYqgPj4UeXQl
;X1Tv1/AfLWJ/bMtiDoSokiM3Dah8P18W6dVNSk8UK1VdT+jN5RgzWENxwGM4jr65KEJozQ4OAHWcpjk
;lFktbJ0RT9cLzESRYUnvJbAiFmbQpXnbNfD5fFunVTcoQVCt5LT2B0+MUL3NFbPFmCIWgkj9PeNoJWz
;pk24ouJh51WTRDXuT88xwibH9xyGMUjrLNWzcMqHw/Xxbp1WRKexRbJ0RT9cbjIiJoTnjxYB+ftLg+U
;n6aI1wzc4inLCQYcXQwVUnz1vUYMwchHq4FZ+vGPWU3Iah8Py9kgLs5LwlLSDpDW97G6QkzckR73Dc4
;iKqoO0Vtxh9aAHCbuiM+JHtNM15Y9aOQfUEHIB6uBWfr6s1aN3zaFVErc5uKLiUVcnQwVUnz1vUYMzV
;/fcJgBpmnozlSU8QZWStJhrMrOR5gK1QtPYGjkX1BByAzrgVnm7SkNENp2iNcMHiPiigyD2ZeMUhPs/
;zyESRmUn/AZgK0tKQ9X3j3E1k5ZYyhTUt7FCtVLT2Bo5FNQQcgbtxsCZ+jvwVUY8YaYDpunac4Lh5mG
;QpOSPLX/hAed1J3wHEGiaqoBUVpzxVQMUmR1UxKexQrVS09gaOlfUEHUGzHaxOOtJI5WGLOI1onYpug
;KS8JJnQ2WE71zPwiMXVJcNpkBYejkihSa8ETUQBumrw3L3sVK1UtPYGjkX1BNyAernUVgqi5P0VTyxN
;ROUmMrTk4DnBOJx9i4tbiCS5qf27cbAmfp682UlPaGVg2eYeKNEp6FCtVLT2Bo5F9dQcgHt53DoWyqC
;hob8cSWQBzkaE/Px9xWWdyXvTQ5RIsWFBsx2sTiqShP2h+zRtWMHi2rD4jAXErVC09gaORfUEHIASuB
;WebtKQ0Q2naI1wweI+KKisVYFksclXkyvYVNQchHq4FZ+vGzVo3Eah8Py9kgLs5LwlLSDpDW97O8B4p
;bk578WcGnqK/O0NpqH0/Xxbp1W1GOhQ1VS098dH4EzViUkHNagmNmaA7VGTBEloAdIyxEjkTdVswLTy
;Bo5F9QQcgHq4kZ+vGvSheYtwZTQB1hrsrFRZ1SD1EU+T88xglWFR7w3U4hqe1WjYMqHw/X5aylU1sex
;QrJV9U79f0Dx5kT3DIWgqKpaUzWWn3HlozYrayLCQPZlIKTFPmz/R9QAcgHq4F562GzXk3DKgMTTZ4n
;bA/FRh7RTNyUODA+RQvYn99wWgXjqi+O0NlxxJgJxbo1U1KexQrDG09oqORfTF1SXDaYBW0paI0UVPF
;HVw3f4ewEikUeVswQ07g1/gSL1hZHq8FZ+vGzVpuTKhTP18WmackJA9xWQpOUu/FzhAgZEh3wGA4j6e
;5O2hqwRBaAGKBoCAoFXVCOXJV5Mr2FTUHIR6uBWfrxkkaNyKofD8vZIC7OS8JS0g6Q1vezvAeKW5Oe/
;FhBp+nkjxeYM0jSzdjhLcjKxJ4dCJEWfXLkXxBByAergXjq8bXWjcM2A5WMWKMpxIpFHpNCkBc4sv4E
;yRYRHfDWh/rx81aNwyoPFAfFvPVTUoLZkI7WVjz/PISL2F/c89mD4KoqAVTZcUjRl8X6dVNSntURBUt
;J4GjkQ0zbk5qy3c4iKmjPGhhyR9XNniMiikjFktRVSw9gaORfQFoYB6HBWfrtr8zWXjNDmA8eYezEic
;ad0M8Q1jex/gONWZOfctaAZmpoAVVY9oYWi0W6NVNSnsUK1FtPaCjkX0xdUlw2mAVtKWiNFFTxR1cN3
;+HsBIvA2BZIElY8/z/CCwHIR6uBWfrxj1lNyuofD8vZIC7OS8JS0g6Q1vezvAeKW5Oe/FgH5+0uD5Sf
;vcTWTlljKESMkkUKlUtPYGjkUQBBwcergUXma+jLlJ+9x9QMXC2uCwpE31FMHJY+dfjCCViUkHBYwGY
;o7kFTj6ofT9fFunVTUp7FDRVLT3x0fgTNWJSQc1qCY2ZoDtUZMESWgBwgLksJx56XwocPYCjkX1BByA
;e7gV468bNKkVlxghaLUmKuiMsJHlKNkVU78bOGyhrQXPLaxO09M1bNwyofD9fFqnVfUp7FFsnRFP1xu
;MiImhOePFoBoiupDRSU84VTTJhiKcoFRp3SDBBWPPC5RQuaX978WgGk8bMWjcMqHy3nFbp5k1Ke2RZP
;ENJ5NHOHi5pRkHDZASDr6M/aGrBDlIod5uwEisYd045SE/g1/gSL1hQbMdrE4Koqlo2DKh8P19WZpVN
;eHsUKyVfVO/X9A8eZE9wyFoKiqWlM1lp9xpWLXuetD8vJHVINkhR5NHwCShoTkHcYBOZp64uNw2ofD9
;fFplyDUpKFCtVXU/ozeUYM1hDccBjOIanrjJeYs0jWTZkhKIsOB5LSjZOWO3G4xw1bk9w8XEVirCoNj
;cNqHw/XxapWg1KSxQrVV1P6M3lGDNYQ3HAYziGp64yXmLNI1k2ZISiLDgeS0o2TljtxuMcNW5PcPF9O
;IantVo2DKh8P1+CKJVNensUKyVfVO/X9A8eZE9wyFoKiqWlM1lp9xpWLXuetD8vJHVINkhR5NHwCSho
;TkHXWgqKvs1bNwyofD/L16nVfUp7FFsnRFP1xuMiImhOePFoBoiupDRSU84VTTJhiKcoFRp3SDBBWPP
;C5RQuaX9k8WgGk8bMWjcMqHw/Blbp+U1Ke2RZPENJ5NHOHi5pRkHDZASDr6M/aGrBDlIod5uwEiwecU
;8nTEnk/PQiLGZYHq8FZ+vGzVoOTKhQP18WmackJA9xWQpOUu/FzhAgZEh3wGA4ja+/N0Bt2hlgOXOMs
;T8rD3F0LXJQ4NuRfEEHIB6uxRWrxuFaNwzYDlYxYoynEikUek0KQFziy/gTJFhGd9xoEIq0qAVRac0Y
;TT5ijIo0FRZ1U1UsPYGjkX2BdWAeggVn67a/M1l4zQ5gPHmHsxInGndDPENY3sX4DyxwQWzLWgGOo6k
;oVnjNI0UAe4itTUt7FCtVLT2V45FZQQcgbtxsCZ+jvwVUY8YaYDJ3ir0kJB5LTTxfUPbC4xgebUVsxV
;oC68fNWjcMqHwrHxbN1U1KC2ZCO1lY8/zyEi9hf3PPZg+CqKgFUWXaEUg+ZIyKJy8Jf3QtLTyBo5F9Q
;QcIXq4hZ+vGvSheYtwZTQB1hrsrFRZ1SD1EU+T89xQzald/3GA4gaO/MWh1qH0/Xxbp1U1iOxQPVS09
;8dH4EzViUkHNagmNmaA7VGTBEloAcICnID0aZk4KR1jzyM4HQQa6hzec/nIf8loWDKh8Ty1/h6EoOCR
;3RDtLYuzC8hUoaUVByWYIj6OSO1R4wRNRXxfp1U1KexQrVS0WgaORDTNuTmrLdziIqaM8aGHJH1c2eI
;yKKikUcE4KWVX0zvMTIG5MQcZgDoyuuVo2DKh8P18WgJVNYHsUKyVfVO/X9A8eZE9wyFoKiqWlM1lp9
;xtcMHKMijkiDnlJO0xU7fzmFCVzSB6vBWfrxs1aXkyoUD9fFpmnJCQPcVkKTlLvxc4QIGRId8BgOIen
;vi5oedgQUD5ytqYoOA1xWQpZRPHGkXxBByAergVn68bpWjcM2A5WMWKMpxIpFHpNCkBc4sv4EyRYTnH
;UfwuOmakzVmHNCFotFujVTUrbjbKMEj2no5F9MXVJcNpgFbSlojRRU8UdXDd/h7ASJBRuUTlIYuXK8B
;Akc0Vs8Tdn6sbNWpeVMaUAXzDp1U06CX1FIUhP3sD+EydYTX/NbQ6Fo5I0WHbSEFoAYoy4PRUWdVMKH
;D2Ao5F9QQdAbe4FQevGzSpFZcYIWi1JirojLCR5SjZFVO/GzhMufVpyy1oTjqu9BVpt0CMNXxfp1U1K
;e3RYFS0igaORDTNuTmrLdziIqaM8aGHJH1c2eIyKPTgSel8KQFLlxpF8QQcgHq4FZ+vG41o3DNgOVjF
;ijKcSKRR6TQpAXOLL+BMkWFBswWgXn5m4KVJT2h1ZK0mdvT8vCHxEOUk9gKORfUEH4HzuBX3rxs0qRW
;XGCFotSYq6IywkeUo2RVTvxs4ONWJQe64EZ+vGzVo3DKh8EF8W6aU/IxVgTidyXu7N9yIsZkN2x2sCt
;LCkKEN5yRBgOm6dpzguHmZ0Oktb8sblIjk1IB+uBWfrxs1jdwyHfD9fZpu8Iz4eZnQ2QlPn/PwcIm9J
;cMtaEYK0uS9WYPcZRytknLEoOCR7TTNeWPX86E9BBiAergVn68bNWjwMqHxNPnCdiiwjCXNKJS08spC
;iTnI04yGuFmfrxr87UXj3Hl4sc7a5JCQeY0IxWVWBogvk2J65h0c6Z/TGzVpFbc4IYD13mrASLwNgWS
;BeVO7NzgooY1R28XcGn6+iWjYMqHw/XxaAlU1cexQrJ0xb9fzzHDJif3fAYw6HqpI7WWvEGT9eFunVT
;Up7FCtVOz2Bo+McJ3N/fM92ArSvozxeYMQjTT5igLpNS3sUK1UtvcHjkW5BByBsz2MTtKSsKVJT3BRW
;PH2HsD45exUrVS09gaNxQkEXIB6udwaNspI4Vn/NI1M+b4ynPkp6FCtVLT2Bo9F9UAcgHtxkAZ+ZoTN
;ZafcPTz51gLsqSnoUK1UtPYGr0X1OByAe3GQBn5mvO0Rp9w9POnON1UxKexQrVS0dwaOJfUEHUn/IcT
;iCqLk/RWrJH1oAeoC7KD0ScF89LTyykKJOcjTDIa4hZ+vGvztRePcVUStzm7MsKR5LTi1ZT/TQ+BIvW
;Fd3ynEPtLSsLl5jqH0/Xxbp1Y0oOxQwVS0988L3CR5uTmrLdwGKpagFXmLOFVMzSYi7KiYeFCpVLT2B
;oxErAQc7Hq4FFYqguQVeYtwZTTl3irASIxVyQjlBYvPC5RQuByEergVn68aEGjcUqHw/LXePoRIjFWB
;OJ0tc4sbOCSluQ3XAYBSYxswIjxItl26HKenATUp7ZkozWWLozeUYM2FBfctaC4q/qChEDKl8P18W6d
;W9dXsCK1UtT+DF5SIoaVR73GMGiKOSKUdtyxVROBbo1U1KexQrpRI9laORfTNmRmrxbAmfo788Vm/NI
;0wvc4yxTUt7FCtVLT2/45F2QQcgbM9jE7SrrChQZcZ8Pl8W6dVNSm9UK0MtPYHR8Bs1WFNr3GMGiKOS
;Nl5izQtWO2KB1UzQ4o2yzLTkvqOzfUEHUn/IcTiYs788Vm/NI1onYpugPiMUenQiRFn1y84PIHNJca4
;EZ+vGzVo3Veh8Kl8W6acsLA9LWCBfW+DA9CIna09p3GQTjsbMWjcMqHyfOlbpzE1Ke2ZKM1li8tbjGy
;BkRUHHawGCqqEFVmLPEFpfF+nVTUp7FBUVLSuBo5EPIGFUQd1wFY2nrj9oasEQUwBkiKEoSnoUK1UtP
;cH20X1XByAe3GQBn5m+L0VqyR9aAGKBvC4hFXFYJi08qP8ev7Qv7CGuFmfrxr87UXj3D0otcIi2KBUX
;dVIwX06BopF9QQcgHq5FZ//GzVpFbc4IYCxjm7MsKR5LWCVMXujN9n1ADfe93jhtPPnNSDcMqA5eOWK
;2pjg4HXVIMHJO8cb0GUEGIB6uBWfriI1aIwyofE0+cJ2KOTgaYk45ckX4/OINJGJEHq8FZ+vGzRpnTK
;hoP18Wm7A+PhpmXwpIRfXR8CIgak9rwHFn6sbNWjcMqHw/XwDp1U04HmdfNF9J3sbpCTNmf3/DahKFs
;pJoNw2ofD9fFunVTUp2FCtVX1jy1/APNVhTbstgA+vHzVo3DKh8Bh8W5tVNSglxWCFMT/X84g0kYkRB
;nAVm68bNWjcMkTw/Thbp1T8vD2ZKNllU7s3OHCxoVXDaBWbrxs1aNwygPD9MFunVPy8PZko2WVTuzc4
;cLGhVcNpaVevHzVo3DKh8Nx8W/tVNSglxXydMXvXK/hMeY1Vsx2sAtLGkKlI+qH0/Xxbp1U1KexQMVS
;0988blDyBkVHfBaziOqKw4W2n3E0orZYCxKBUZe18hQlDez/AEJHVTHq8FZ+vGzVrHM6hYP18Wm7A5O
;Bp3XzxCU97G/xwja0VBwXATmK+pP2h4xwxgM3eQsD85exUrVS09gaORPUEbIB6udwKftKw5Q2XHEmAy
;f4e8ICsXS04tWU/00PgSLwchZbqrIAq8WWU3Eqh8Py1znacsKQ99RDtyUOjN+BAga3971nEVnrWkNVl
;Tmnw+JAJHkqww7ysrQC09gdH0CTNmQ2rHagm0q6Q0aHjaHUk6eunUTUp7FCtVOX2BtJF9QXVFatxkBJ
;+vojRoYcESYCtkiKMoJiQmK1QtPYGjkX1VRyAOrgVnmaO5KFZv3BVQMUmapSgvHxQqVS09gaOROQEHM
;h6uBRWOsr87VHjBE1EAZZmwKC4kJitULT2Bo5F9BUcgEK4FZ5mjuShWb9wVUDFJgbo9SnqOssy0pBhq
;rn1RByAe3GATmaeuLl5jxiNXMGa2501L4Y2yzLSkSJyRZ0EHIGzLcRWKpbkzWGL3BlcwZra2IiQffV8
;8QlOwo5B9QQcgHq4FZ+vczVo3fs0ITT51nbwiJCRuQzpdYuLM/xkoc0lxwDdn6sbNWjcMqHw/XwXp1U
;05HndEO0li7cLoGDNYWkHCbAGfxsxaNwyofD9fFunHTUp7Z0MwQVHeyv8bKGtMQcF3A460zVs3DKh8P
;18eqdVBSnsUWD5ET/X8/Rw4YlJtrgRn68bNWjf8l3wvXxbppiYjCWB0OUhT5tf5IixuTh6vBWfrxs1a
;NwyobD9fFpq+JDgPS0c8Q1jewP4IL3MgH64FZ+vGzaoIDLx8P19lgrw/PiR5QjtEUODPzhEkaUdqxgV
;m68bNWjfMyjw/Vhbp1T4hEmZfCkpc8aOQBlWpZ//UgVjrzc1aN3/DFU0rSZqlKC8fFCpVLT2Bo5FTAQ
;c6Hq4FFIepugVTY98SYDl/m6Y5FR1xXApBXPjG4w5BBiAergVn686NWioMqHxMM2W2tCQ4JHlEMUhi5
;Nv5HDR0VEHedwKYtbgoUgypfD9fFunVeQp7CCtVLU7t0M4cKHV/c8FhArS2oT9ZecUjTy1zmqY4OB4U
;KlUtPYGjkVkBBwcergUUh7WSOFh43BNSAGWcpysrGHF0NkJT9czkDx5kT2zAYBW0oqg2VnWofT9fFun
;VTRM7FABVLT3yz+IiI2hUasFoOJizvzxWb80jXDB4nbo4OCRxRTFyXu7O4RgvdEFqx2oJ68fNWjcMqH
;w/XxbN1U1KCHhYCk9S9df+EB50VWzIZASOma41WXjHCU0Ac4exEi4eeEosLTyBo5F9QQcgHq4vZ+vGv
;jZEU8oTSyt5hIo+PwlySjZIYuLM/wkuclJBwmQUjrSSNVFq9xhaM3eQ1UxKexQrVS1kwaO4fUEHU3Ld
;WgWEsrk1WlPbCU05d4qwEikUel86WE/ez/AOJHV/ccBaA46qrCM3Dah8P18W6dVNSl0UK1VeUfL88xI
;1c09z8XYSmaCsOVJTyxNRK3mcpxImGmdOJ3JN7tT0D0EGIB6uBWfrj41aHwyofEwzZba3Ij4Pe0YKXk
;jzxfAeJFhDccBxCJ60kjZeYs0jWzZlnbQjKR4UKs+0pBg6CMR+BwAergUUh7WSOFh43BNSAGWcpysrG
;HF0NkJT9czkDx5rT3Hedmfqxs1aNwyojABfN+nVTTkXZ3Q3Qkn1zPwiMnJSeM9mArSlojRDY90OYDBw
;j6YoPnsVUEGDemDZJcJBLiAernYLmJmvNUN4xxFgLGObsywpHktIOkNJ7tbjIjJkQXDAbAmMma41QmL
;cfD5fFunVTUqLKyt8LT2B0P0OHmVPatpqCrS1uChRbcsZYDx5h6EiPwlLWDZMU+/K/xoedFB7y2Fn6s
;bNWjcM5KF/Xzvp1U05F2d0N0JJ9cz8IjJyUnjPZgK0paI0Q2PdDmAreba8IywSeEcKSVTy1/ATImIgH
;9URyawnt/4IDI58P19lhaYSKBRgXzpAYvLW4xsgZEVBx2sBgqqhBVRj2hJaLUmNsCErAhQqVS09gaOR
;JAEHCh6uBRSHtZI4WHjcE1IAZZynKysYcXQ8Q1voz/0iJGlEQc1qCpujoylWeMETUV8X6dVNSnsUK1U
;tHoGjkQ4tdH98wXEThKuSKUJ+zh1cOkmAuysjF3h0MENZ3sf0ESB+IB+uBWfrxs1aNwyBfD9fZYWmEi
;gUYF86QGLy1uMbIGRFQcdrAYKqoQVbbdsZTQB5j7MSLh54SiwtPIGjkX1BB3leri1n68a+NkRTyhNLK
;3mEij4/CXJKNkhi6M33FC1rf3LPdgKZmaI0aGjNEF4mFujVTUp7FCtVLT2ko5F9MmtTQcxqE5+poAVE
;edoaXjxztrwjLBJ4RwpBXPLG4yIxaFd73AVm68bNWjcM4Tw/eBbp1T4mCEtJOllJ7s7ODjR1Rn/NYDi
;CqKszW2D3EFYxc7axJDkPdUU2SD2AOQjk2J65p5EFRuvGzSlbf/ceUCtihrgSOQ5mTTROWN7K/xsoa0
;xBwXMCmaqsKjcNqHw/Xxbp1U1KUxQrVV5R8vzzEjVzT3PxdhKZoKw5UlPBElk2eoWKPikaekU8Q1rew
;P4IL3MgH64FZ+vGzaoIDJh8P19lhaYSKBRgXzpAYvLW4xsgZEVBx2sBgqqhBURvyRJRNniOii4lDnpf
;Ck9E3s/4EyQHIR6uBWfrxj1lNySofD8sepqKLyUPYEQ4ck700fccImJ/d8BjDoeqkilUbcYSVjFxtqY
;9Lx5wK1QtPYGjkTGcRyAHrgVnmKq+BVVj3AhQMkmaoD8sGndOCkFc+MbjDkEGIB6uBWfrxs1aKwyofE
;wzZba3Ij4Pe0YKXkjzxfAeJFhUdtxgFIOpoT43DRBiurRHUWtySl8UK1VeUfL88xI1c09z8XYSmaCsO
;VJT3BNgMXmbuCwmJHtdMF9R4NORfEEHIB6uBWfrxuRaNwzbEEwAdIahOSUWS1ggX1vgwPQiNWh/asF1
;OJizvzxWb80jUClzm7ksOnsVK1UtPYGjkX1BHyAernYLmJmuNVl4xwlNAHWGpyMvCUtPMEFc+KOQfUE
;HIB6uXCfr2s1aN3/ED2A8eYehIj8JS047SWLizPwNJGlTf9psCIXGzFo3DKh8P18W6cBNSntnRyZyXu
;7N5RI0dX97wGE4j6OhO04MqXw/Xxbp1U1Kew8rVS1O7dDOHi5pVHHbdziHp74/RVPHGlkAcoy5LDN7F
;StVLT2Bo8g9QR0gHq52C5iZrjVZeMcJTQB6iKYoOCR7RQpJWO3C6H1AByAergVn68bNTTcMqA9TLEmK
;uiM+FGFZCkFc8sbjIjFoV3vcBWbrxs1aNwzhPD9DFunVPiYIS0g6Q0nu1uMiLWJOedptOJ+uvz9EZMc
;QW18XUcvIoSqs5WotJIGjkQ4tdH99wWsThLO/BVtlxhlgO3+aoSwkGHErVLekGDoI5Pg4IA+uBWeYqr
;4FVGPGCFAqZLa5IiULZytULT2Bo5F9sTggDK4FZ5iqvgVUY8YIUCpktrorLAhxX1UsRpUN1pw7s58et
;AVn67WhKWhvxxJLMGObij4pGnpFPENa3sD+CC9zIB+uBWfrxs2qCAyyfD9fZYWmEikUel86WE/e0PIc
;L2lJcMlaFJujqD43Dah8P18WpQgNSmUUK1VeUfL88hIvc09r3FoThJmkNFFlxBBgO3+aoSwkGHErVFY
;pL+RwB+U4IDKuBWeYqr4FVGPHEFYxcba2NCYSek8wX2LtzOYYM1hIe89xApmZoDtPU8cJSy9jndVMSn
;sUK1Wta8GjvX1BB1Ny3VoEhKmhM1lr9x9GM3+HsSg4JGFbJUhP3sv0HDViUkHDZB+0qbguR3ncfD5fF
;unVTcotVCtzLT2B0P0OHmRPccJsCYyZqyhYYtwjVi1JgbAsPh5mdDhMRd7M5AkxclQerwVn68bN2mFM
;qG4/XxaauT4VGHtEOURT5vz5GChgSGquBGfrxs1aNyjofCdfFummITkkd0Q6QVTvxM4RIH5FbPFtAoK
;hpS43Dah8P18W6QVySlwUK1VeUfL88hIua0lwyVoLjqC5BVFpzRhgN3OIoSg4JHlKLXJS9NfhCDUHIR
;6uBWfrRpsaNymofD8sepqKLiUUeEI7SmLtxvcJHm5SQcZgBp+jvwVabdAjUCpimaA5SnoUK1UtPQH10
;X1lByAe3WkUtKWiNVtlxhtgL3+aoSIkJHxONFlY8/z8HDlYT2vadRKfxsxaNwyofL8JVunxTUp7Z0cm
;cl7uzP0UL2B/bsFyA460kjxSacwVUThJnbwgLyRxXTBDPYCjkX1BByAergVE68bNKVt/9x9QMHqAuyo
;VC3tcMUhP3sX0GCVuTnnxcQ6Go5I1U2iofT9fFunVTUp7FA5VLT3yz+IiImhPcsdrALS0qDtFU8EOYD
;dziKEoOCR5Si1yUvTX4Qg1ByEergVn60abGjcWqHw/LHqaii4lFHhCO0pi88byEiBzRWzxdheOo6laN
;gyofD9floKVTWJ7FCsmQU7ewP4SLW5OefF3DoyuuQVRac0YYDdziKEoOCR5Si1yUvTX4Qg1ByEergVn
;60abGjcqqHw/LHqaii4lFHhCO0pi88r2FTVYSWzxbQKKsqgoaGHJBGAwY52lOD57FStVLT2BI8c9QR4
;gHq52C5iZqjtHU84VUzNJiro/JB5mdDFIUeDakXxBByAergU+q8bQWjcM2xBMAHGIpRIsEnhHCkhT5f
;zyEix3RXDdZBOCqaNaNgyofD9fFunVTVx7FCsmQU7exPANHmFJcsJaAoWikj5SYMkFP14W6dVNSnsUK
;1UxPYGj4hEyWEd/3loBgqqhBVtt2xlNAHmPsxIuHnhKLC08gaORfUEHeV6uHmfrxr42RFPPHU8AcIC5
;IRUXdVgwX2Luzc4ZJGtBZ64EZ+vGzVo3DKh8J18W6aYhOSRzSiVyW+jP/SItZlN73FoXhLGoKDcNqHw
;/XxbpnA1KZhQrVV5R8vz2HDFYRnfCaTiHo6M9Q2T3CFctc5q9IiYfFCouOZPGQuv5fgc7Hq4FFIe1kj
;1WfPcaVjN6tqYuKxV6QjtKYuLM5BM1ByEergVn68Y9ZTcXqHw/LHqaiiorC0tNPEFR3tDyHC9pSXDJW
;hSbo6g+Nw2ofD9fFqUIDUpsFCtVXlHy/PgTJ25McvFmCJmoqChoaM0QXiYW6NVNSnsUKwxtPZqjkX0y
;a1NBx2sBgqqhBVJizCNcMHuZsCM5GmBCOkM9gKORfUEHIB6uBXPrxs0pW3/3FVE5f4W5Ei8VcHQxSFH
;g2pF8QQcgHq4FZ+vG7Vo3DNsQTAB/h7MkJhdLTDRdYufK/REeZE9swGAVtKKoNlZ1qH0/Xxbp1U0TOx
;QPVS098s/iIihpRnfCaTiMp70FUWXEEGA6eI2KLiUWZE47Xlz1yv4TQQYgHq4FZ+vGzVoqDKh8TDNlt
;rwjLBJ4RwpKXPH89xQta397wGE4j6OhO04MqXw/Xxbp1U1Kez0rVS1O7dDOFC9hSXLCWgCKtpI8XmDE
;I1c+Yoq9Ei4SZ180Q17k/PccInNPbK4EZ+vGzVo3/Jd8HF8W6aYhOSR9RTNEUe389hwxWEZ3wmk4h6e
;+P0VTxxpZAHKMuSwzexUrVS09gaPIPUElIB6udguYmaQ0UWXEEGA4d5mKKyMXeHQ5TE7k0c4SL1hEe8
;JkHuvHzVo3DKh8P18W9tVNSgh4WApEU+fK/REeYEFu8WMOh6qSNlZ/zQ5gL3mesD9KehQrVS09gerRf
;WUHIB7daRS0r6M8XmDEI1g+ZrazJCYXS0cwQ1r1y84JKXVFbcZqC4/GzCEjou+dRdsp6fdNSntnRyZy
;VO/F+BEtWEd/3loBgqqhBURvyRJRNniOii4lDnpfVSw9gaORfUH3Hx6MBWfrtaEpaGXGGlYzerayLDo
;kckI5QWLywPATL25OefF2F46jqVo2DKh8P19aNJVNUHsUKyZBTt7K/xsoa0xBwmQUjrSSNVFq9xhaM3
;eQ1UxKexQrVS1kwaOIfUEHU3LdWg6FoKQ2W1PEHUw6ZLa6IxUfcUc0VD2Ao5F9QQcgHq4FcevGzSlbf
;/cVUTl/hbkSJhpnTidyTe7U9A9BBiAergVn64+NWi8MqHxMM2W2vCMsEnhHCkFU78bOGSh0VH/AZgLr
;x1fDrpUx5YZgFvDVTUoIeFgKRFPnyv0RHnRDf8BrDoWhkjlYecYIP14W6dVNSnvkFFUMPYGj4hEyWEl
;wyGwLh5m+OVZixhVROEmKujgkD0tJLHJR6M30fUAHIB6uBWcb+c1DNwyoD1MsSYC7KyMXeHQmTlzvzf
;gTJlhTbstgA+vHzVo3DKgw4h8W/NVNSgh4WApHSOzTzhEkaUdqxloLgqukLjcNqHw/Xxbp8Q1KaRQrV
;V5R8vz7CCx3f3PPfTiPo6E7TgypfD9fFumVGAp7BitVLU7t0M4XNGpQQcNsCbSiqDZWdah9P18W6dVN
;bjsUJVUtPfLP4iIrck1u8XYXjqOpWjYMqHw/X1o0lU1dexQrJkFO3s/wBCR1f3zBdwOOtJI1UWrbGUt
;fF+nVTUp7FCtVLSaBo5EOLXR/cs98ApmZoD9Fa80jXDN5mrASLBp3TiYtPIGjkX1BByAerh5n68a+Nk
;RTxR1LOmSAtCEVCHdKOUhi58LyCS51f2auBGfrxs1aN1XofCRfFummITkkeUohSE/owv0iMmRBcstaA
;YqluTVFU9F8Pl8W6dVNSiJUK04tPYHQ/Q4eakFqy3cOiqqSKVRtxBlgOXeKoSI4JG4rVC09gaORfRhH
;IDyuBWeYqr4FWWXcDlA4c4eKICUfcXQwVVXg1uIJHndSe912EpmjzVs3DKh8P18iqdVsSnsUWDleYu/
;K5Q8uYEVw8WgIj6OSKltpxglSAGabsD45DmZOVSw9gaORfUEjYB63BWfrtaEpaGLHDlI+era8IywSeE
;cKQkvk0f0cMQchHq4FZ+vGzVo3Lah8Pyx6moojJQl5SjlySe785RIxWFNr3GMGiKOSNUFp2hBeLxbo1
;U1KexQrVS09k6ORfTJrU0HBfR6Mo6MFVGPGCFoxYunUTUp7FCtVOX2BgpF9QXRMbfF1CJyiqChoas0Z
;WzZ4joo/JQ91XzxCU97R8AkoaCAfrgVn68bNqggMnnw/X2WFphI6FGNPMF9i58b0GShpR0HcahOKsqQ
;1WVPaHUs2ebazOCQYYEI6Q2Lg0fQcHmFBfdpqFevHzVo3DKh8P18WxtVNSgh4WApdUvbH9A8eYUV7ym
;wJjJm/NUNt3BVQMUmbtDkjFEtNIENe9cr+Ex5lQW3LBWbrxs1aNwyofD9oFunVPiYIS1s6Wlnk0c4bJ
;GJEd8BiOJmpuTtDZccSYC13nbwiFR1hRTZZVO7Nzh4ualB7wHYGn6+iNDcNqHw/XxbpJXJKXxQrVV5R
;8vzhEjZjRWzxbQKKsqQ0UFPLE1Ivc4emLD4Se0UKWVTsxpF8J2FGeMhje6vG4lo3DNsQTABmm7AlLxp
;gQjtKYuLa/RQvY0Vs8WkInKO/BV9pyQhaLUmEtDUVFGFfJVhJgaKRfUEHIJ74RWfExs1aRGDbI08tc4
;GwLD4SekwKTkTtyv8ZJHV/a951ApmZpT9WeM0OYDJ3kYoiPw9kXiEtPIGjkX1Bh3Zerixn68a+NkRT2
;A5aN3OIoSQkHEtNJ0JT9fz4Dx5vRX/aYBW0q6wiaGPdCE8qYunUTUp7FCvVe32BtpF9QXRMbfF1FY6u
;qDtDZcYbYDdzgLIlPnsVK1UtPYGjuT1BHCAernYLmJm9KFJkzR1LNniOiiErAnFZCkVY6MT5CUEGIB6
;uBWfrFvJaHQyofEwzZbalPy8TcUohRFPm/P0YJ3N/eMtgA7SuqDtDadojUj5utro4PgthX1UsPYGjkX
;3BUWAehgVn67WhKWh82hlXOnedvCMtJHhOM1li6NHOFSRmVHvcWgqKvpI1QnjYCUtfF+nVTUp7lH0VL
;RqBo5EOLXR/btxgD46nuTNZa/cMVixihrsSIh51XzBfYuzC6SIuclRu23Fn6sbNWjcMKCp/XzHp1U05
;F2d0JV9Y6cbwCShpR0HeahCPo78FUWnNGFYxcbahJCceS04jSFOBopF9QQcgHq4FZ83GzVpEYNsjTy1
;zgbAsPhJ6TApdUvbH9A8eYUV7ymwJjJm5M1pp9xNbOxbo1U1KexQrVS09qaORfTJrU0HedwKDo6wuXm
;LPI006d5uKJDgkfE40WVjz/PwcOVhPa9p1Ep/GzFo3DKh8vwlW6chNSntnRyZyTfPG+Rggc0lwyVoVj
;qWiO0Np2iNML3OMsU1LexQrVS296uORVkEHIG3CdjibtKgyUm3cFVE4SZu8KiIPS00wSFney/QcNWJS
;QcNkH7SpuC5Hedx8Pl8W6dVNyi1UK3wtPYHQ/Q4ed1J7xmAGn6+jPWh+wRtXK0mApxIiHnVfMF9i7ML
;pIi5yVG7bcWfqxs1aNwwoKn9fO+nVTTkXZ3QlX1Tv1/gTJlhDZ8JsCY+jvwVbY98ZTQB+jLQ5LwlLRj
;RVYu7W5Q00cyAfrgVn68ZNDHcMhXw/X2WFphI6CX1FIURT5vzyBC1uTnrLdzietr0/RVPAGV4rc5uKI
;CsDS0QgWU3015F8QQcgHq6FMavG6lo3DNsQTABmm7wjPhJ6TApLT+7N5SIodX92y2QTjrSSN1Z09xNK
;K2acoU1LexQrVS291+ORVUEHIG3CdjibtKQ0Q2XGG2Azc4+hEiwecU8KRVjg1/QPHmpBZvFqEp+2uC4
;3Dah8P18WaYMNSl0UK1VeUfL84Q8oaVR3wGI4h6OrLmhl2iNXOnedsD8VFnVTCkJI9dPkCUEGIB6uBW
;drkI1aEgyofEwzZbalPyMVYEI7SmLxyuIJLml/dstkE460kjdWdPcTSitmnKFNS3sUK1UtvdfjkVhBB
;yBtwnY4m7SkNENlxhtgL3mesSg4JHJOMElU78TOCShqRUHLcwKFxsxaNwyofD9fFunxTUp7Z0cmck3z
;yv8JKGlHQd5qEI+jvwVRac0YVjFxtqEkJx5LRDFJPYCjkX1BByAergVB68bNKVt/9wxNNnidvCMtJGZ
;ONF9i6NHOFSRmVHvcWgqKvpI1QnjYCUtfF+nVTUp7lH0VLSaBo5EOLXR/btxsCZ+voz1ofs0fUD5ijK
;cSOQtxTjEtPIGjkX1Bh0terixn68a+NkRT2A5WMWKAuyoVCX1MPVli58b0GR5vRX/aYBW0q6wiaGPdC
;E8qYunUTUp7FCvVe32BhJF9QXRMbfF1FYKouTNZa/cOVjh+nYokOCR8TjRZWPP8/Bw5WE9r2nUSn8bM
;WjcMqHy/CVbpwk1Ke2dHJnJP7srODyRgSXHAWgSOqLk/RVPQfD7/DMYIaexF1CtCLT2B0P0OHnVPd/F
;3AoyvojRob80SSzpktqxNS/JVS7D9379jkWhBByBtwnY4mamkBUVpzxVQMUmbtCkjDmcrVC09gaORfX
;9HIAOuBWeYqr4FRWPBI006cYC6IxUPfFkwXlXuz/UiIHVFf64EZ+vGzVo3KOh8KV8W6aYhOSRnTjJAW
;O/XzhEkaUdqxloKgqjNW81ywsBLzJ7W1WpKexRYOV5i8sv4GC1jf3zBcROEq5I5WGLcE0otSYW8Iy8k
;cEImWVzvwPR9QJ25hzec/lL5zUU3DKgPUyxJmr0kLxdwdDdCSfXM/CIiaE5qwXAVtKqiNUd/qH0/Xxb
;p1U1eOxQHVS098s/iIjJvSXvCYTiJqbkuWGH3H1AxYoagPxUPe3Q8Q1voz/0iJW5Tas9rBI7GzCEjou
;+dRfsp6c5NSntnRyZyTunK9BElWEJx2nEIhpmoIkdtxg9WMHjp1E1KexQrVTl9gYWRfUF0TG3xdg+Co
;6E+aG7HCEswe7a8IywSeEcKQVTvxs4ZKHRUf8BmAuvHV8OulTHlhmAW8dVNSgh4WApeVejG/RkeZU9q
;2moKtKqsI1J+23w+Xxbp1U1KX1Qrdy09gdD9Dh50SHfLaQO0pKIuQ2PFI08teYOwLj4ecHQ5TETk0eJ
;9QAcgHq4FZ7KGzXo3DKgPUyxJmr0kLxdwdDZCU/XM5A8ea0lwy1oDgrW5O1lvzXw+xY9wTNTTwisrTS
;09gdD9Dh50SHfLaQO0paI0Q2PdDmAzeYalPkp6FCtVLT2Bt9F9VgcgHt1pFLS1pTNSYMwjXDBkh7A/F
;R9xRzRUPYCjkX1BByBH7gV868bNKVt/9w9XNnOFsRIvFXB0NkJQ8cb/DiBzSXHABWbrxs1aNwyofD9L
;FunVPiYIS1g9RFjtx84YL2N/estpBpLGzFo3DKh8P18W6cFNSntnRyZyTunK9BElWEVm3mQJmK+iNDc
;NqHw/XxbpJXJKZBQrVV5R8vziFShiTHrxYw6HsqgoaGLJDk0wYbanKC0Se0VVLD2Bo5F9QQ9gHrEFZ+
;u1oSlof8AVWjNytrwjLBJ4RwpBVO/GzhkodFR/wGYC68f+aQQ/m0/sYBbz1U1KCHhYCl5V6Mb9GR5rQ
;W3LdziEoKsFU2nEHUZfF+nVTUp7FHIVLSSBo5EOLXR/bcZsAoeikjZWf80OYDB4trEoJhptK1QtPYGj
;kX1BByAIrgVnmKq+BURkwRlTO0mFtD4vCUtbOlpY86OQfUEHIB6uESfr181aN3/ED2AsfoCwIS4ke00
;zXlj1o5B9QQcgHq4FZ+vfzVo3f8QPYCx+gLAhLiRnSDRDU+jN9iIyd0V7ygVm68bNWjdAdTw/fBbp1T
;4mCEtYIF9b4MD0IjJuRHvxcQKTsrgoUlPaGUwwepyhJCUVFCrPtKQYOgjEfgcCHq4FFIe1kilCfs4dX
;DpJmrwpLyRgTi1ZSPPGzgU4WE94yHYCn8bMWjcMqHw/vynp501Ke2dHJnJJ6cbjECBrf3vAZguEtbgo
;UlPKHUw6SY28Pj4aekgwcknu/PcUM3RUQcJkHo60zVs3DKh8P1/m1tVqSnsUWDleYvXL+BMecEFywlo
;DhLOvNlJTxBVROmW2tiI4FXFZCklY7cLofUAHIB6uBWeyhs1xNwyoD1MsSZ29JCQkY0o5QWLlzOQfLW
;J/csdrApiZqDRTU8sTUi9zh6YsPhJ7RVUsPYGjkX1BByAeigVn67WhKWh4wBVRAGGIuSEVH3teN0FY3
;s/4EyR0f3vAYTiPo6E7TgypfD9fFunVTUp7PitVLU7t0M4JKW5OQdlkC4eZqTVCbsQZYDN/h7A+FRd1
;WDBfYu7F9yIlYkx/1wVm68bNWjcM8Tw/dhbp1T4mCEtfPURT3tTwES1YRHHbZwuOmaEzWWnbI1M+ZYy
;nEiUVS08wQVz4o5B9QQcgHq4FZ+vgzVo3f8QPYCt+gLsSPRp4RwpJUvTB/Rgea0lwy3Y4h6e+P0VT2B
;NIOmTp1E1KexQrVWR9gYqRfUF0TG3xcQ+CqJItVmDEI1swY4u5KBUXfUUwXmLywPATL25OefFmCJ6ou
;Vo2DKh8P18WGepNY3sUKyZBTt7X+RQvWFd/wmk4j6m4OFtp9xBWMXOaij4pGnpFPENa3tDhGCRjIB+u
;BWfrxoGHdwyOfD9fZYWmEj4TfUUKWlztz84OKGlHcstaC4KoqAVUY9oSWi1JjbAhKwIUKlUtPYGjkSQ
;BBwoergUUh7WSLl9lxiNIPnqFij4jFXNHMHJR6M30IiRpREHNagqbo6MpVnjBE1FfF+nVTUp7FCtVLR
;6Bo5EOLXR/asZsCbSxrDZbU9sVUTh6jIohIxVxdDBDWd7H9BEgfiAfrgVn68bNWjcMgXw/X2WFphI+E
;31FClpc7c/ODihpR3LLWguCqKgFW23bGU0AeY+zEi4eeEosLTyBo5F9QQd5Xq4tZ+vGvjZEU9wUVjFJ
;nrQhJiRnQjtKUeT8/RQvYn9yz3YCmZmiNGhozRBeJhbo1U1KexQrVS09pKORfTJrU0HabQ6Fmbo7W2D
;3D1YxcYWwEiYSek4KQVzyxuMiMWhXe9wFZuvGzVo3DOE8P3cW6dU+JghLXz1EU97U8BEtWFN3wGILjp
;mhM1lp9w9cPniHvCMtJHdEIENJgaKRfUEHIB5eOmfDxs1aRGDbI0s3f4eKOisXeHQmRFPmz/QiLW5Oe
;/F2BIqoozNZa/cPTzpzjdVMSnsUK1Vh4MGjtX1BB1Ny3VoThLaSKUJ+zh1cOkmKuiM+FGFZCk5S8830
;Dx5jRXLPfGfqxs1aNwyoJX9fPunVTTkXZ3QhQk3e0OQPJ2ZDe/FmCIWyoi9FU80SWwB1hrg9LxVnSiF
;EUu+jkH1BByAergVn6+fNWjd/xA9gK3mZij4/CXJKNkhi4sz/CS5yUkHLawO0oqg2VnWofT9fFunVTU
;p7FAxVLT3yz+IiNWhQQd1wFY2nrj9ob8cSSzBjm4ohKwhxWQpCW+f89RgtZlkerwVn68bNWm5MqFo/X
;xaauT4VD3tbCl5I88XwHiRYQ3HAcQietJI2Vn/NDmAweLaxKCYabStULT2Bo5F9QQcgPa4FZ5iqvgVD
;Y9gjTCpkj7QuLyR3RDtZUvTRzhEgdEVs8XUInKO/WjYMqHw/XxaglU1vexQrJkFO3tf+DR50VWzIZAS
;Oma41WXjHCU0AeoC7KBUffVghTFPixpF82565hzec3tTG0Fo3DNsQTABihqUSOQ5mTTROWN7A/hM1aF
;Vs8WkIhLa+WjYMqHw/XxYZ6k1UexQrJkFO3tf+DR50VWzIZASOma41WXjHCU0AeY+zPi8PFCouOZPGQ
;uvJ/gcGHq4FFIe1ki5YfPcPSi1wiLYoFRh7RSFCSPP84h4gaU53wGI4iKm4NEMMqXw/Xxbp1b11ezIr
;VS1O7dDOCS53f23bdwGKpagFVGPGCFAqZLamLisVekI7SmLy0/QYJQchHq4FZ+uKEBo3Jqh8Pyx6moo
;5JQtLWCBfW+DA9CIiaE5qwXAVtLKiBV5izhVTM0mNvD4+GnpIMC08+rc/OqB9hCGuJmfrxr42RFPcE0
;8AZZynKysYcXQ8Q1voz/0iImhScMt3OI+joTtODKl8P18W6dUUCnszK1UtTu3Qzgkud39t23cBiqWoB
;V5izhVTM0mMuykVGHtGJUhT8sLlFC5pIB+uBWfrxs1aNwyIfD9fZYWmEj4UZHQmWE/nwvIYHm5OeMdp
;C7Sjoz5oaM0QXiYW6NVNSnsUK1UtPaejkX0ya1NB2moXtLW4KFFtyxlgNniPvCEmJHhKJkhP3sz3Gx5
;jRXLPfGfqxs1aNwyoJX9fM+nVTTkXZ3QhQk3e0OQPJ2ZDe/FsCY2voTZoYMkPWi1JhrsSLh54SiwtPI
;GjkX1BByAeridn68a+NkRT3BNPAGWcpysrGHF0PENb6M/9Ii1mU3vcWheEsagoNw2ofD9fFumcDUpfF
;CtVXlHy/OUSMVhTa9xjBoijkjNZasEQUwB6gLsoFR99WCFMU+LGkXzbnrmHN5ze1MboWjcM2xBMAGKG
;pRI5DmZNNE5Y3sr/GyhrTEHdZgaFqKQ0UFPLE0oxYunUTUp7FCtV3QKBjpF9QXRMbfFxCJuZvi9Fask
;fWgB/h7MkJhdLWDZMU+/K/xoeZE9rwHE4ib+SNl5izXw+Xxbp1U1KiysrcC09gdD9Dh5zT27xdhKZoK
;w5UlPBElk2eoWKPikaekU8Q1re0OEYJGMgH64FZ+vGgYd3DL58P19lhaYSPhRkdCZYT+fC8hgea0Fny
;3cU68fNWjcMqHw/Xxbw1U1KCHhYCllS8fziCDNhQX3LWhODtKgpX2PEGD9ervdQphvDqhRVPz2Bo+IR
;MlhYZ/F2Bo2jkihWaMEJTF8X6dVNSnsUy2otKoGjkQ4sZkxy8WMCirK4KFJ/9xhWPnuMoSg4exUrVS0
;9gaO1PUEbIB6udgqKqqEFUWnJCEotc5qKJSUXcXQxRFzsxuUYMwchHq4FZ+vG0Ro3F6h8Pyx7iLkhFR
;1xSiFYT+TQzhQvYUlywloVirKkNTcNqHw/XxbpjA1KYRQrVV5Q4M/9IidiQWrbdwKYmb4qUmnMI00+Y
;oC6TUt7FCtVLT3I45FfQQcgbcFpDo+ZrzVDeMcRYDpunac4ORJ7RQpaVOXX+SIzZlR3wQVm68bNWjcM
;8Tw/RRbp1T4lF31PCk9S9df+EB5hSXLPaAKFspI8W2PffD5fFunVTYosVCtHLT2B0P4RKGN/fMFxE4S
;rkjZWdc0OP14W6dVNSnsAa1U/PYGj4hItbkRBzGoTn6mgBUR8zRlbXxfp1U1KexRlFS0ngaORDi5rSX
;rxYw6HqpI0Vn7aE0gAcIW6OjgaYE5VLD2Bo5F9gVBgHrgFZ+u1ojZeaPcVUTl/hbkSLwNkSjteVO7Nk
;XxBByAergVn68bvWjcM2xNTNnK2vCMsEnhHCkhF8cL/DihoTkHcYAqEsKgFX2PEGT9eFunVTUp7FCtV
;Pj2Bo+ISLW5EQcdrAYKqoQVEZM0QUywW6NVNSnsUK1UtPZejkX0yaEx3yloOhaCkNltT3xVbK362uCQ
;kexUrVS09gaORfUEYIB6udgiHr6kFQ2PYI1onYpugPiMUenQiRFn1y84PIHNJca4EZ+vGzVo3Veh8KF
;8W6aYiJhJwdCFCTd7F+BEgakVw2loBh6m6WjYMqHw/X9a+lU1FexQrJkJR6MfOCS53f3LPfAKZxsxaN
;wyofD9LVunaTUp7Z0Q5RFne1/4NHnRQe8thZ+rGzVo3DKgyf1836dVNOQ5kWzpfSd7C9Rwxc0loy1oO
;haCkNltT2h1LNnm2uCwyexUrVS09gaPVPUEmIB6udhKbtqIoQ1PJGF4vYoCjKBUSek08QVHe0fAJKGh
;/c8drZ+rGzVo3DKhYf1826dVNOQ5kWzpfSd7C9Rwxc0loy1oOhaioKGhp0AxeMWWAuiNKeo6yzLSkGH
;qufVYHIB7dcBebqb8uaG3MHU8rf5+wEiYabU4nXj2Ao5F9QQcgCu4FfOvGzSlCfNgTTStJiLEsOg99X
;TByT+TH5B41bk9w3QVm68bNWjcMqDw/RRbp1T4/C2REJ1li4MfwDTVuVnvxcg6PsqUFWmXGfD5fFunV
;TUpzVCtGLT2B0OQNMWhSavFnBpijkjZWdc0OTF8X6dVNSnsUK1UtJIGjkQ40d1Bx3HE4iae+P2hgyQV
;aLWW2pj0vHnArVC09gaORfQhHIAuuBWeYs70qWH7cI10tf42yKBUXdVIwX06BopF9QQcgHq4FZ/nGzV
;pEedgMUC1itrc/IxZLXDxJSemjkH1BByAergUn69jNWjd/3QxPMGSdii4lFXpONllU7s3OBThYRHfdc
;QaFpahaNpYx5abGj1DqTVd7FCsmWE3xzOMJHmJYatxwFIKpowVAZcwIVwBkiKEkJXsVK1UtPYGjyD1B
;EiAernYSm7aiKENTzhVTPnuMuzkVHXhEIi08gaORfUEHeV6uHGfrxr4vR3zHDksAf4ezJCYXS0cwQ1r
;1y84QKGkgH64FZ+vGzVo3DL98P19lnKU9JQlgdDxDW+jP/SIuclRyx2sCmMbMWjcMqHw/XxbpxE1Ke2
;deJV1S89fOGyhrTEHcZBOOxsxaNwyofD9hVunYTUp7Z14lXVLz184cL2BMe64EZ+vGzVq3Suh8LF8W6
;aY4Ogt7WSFyTejP/RwzWFN31GBn6sbNWjcMqGx/Xz3p1U05DmRbOl9J3tD8HC1rf3jCagafo6kFUWnJ
;CEotc5qKNTMkcVMlTFPyyv4TQQYgHq4FZ+s28lo6DKh8TCpmmbo/PiRnWzBIWYGikX1BByAe50Vn9sb
;NWkR52AxQLWK2oT8vHktJJ0xT4svOHC9gTHvxaAaTxsxaNwyofL8ZVunOTUp7Z14lXVLz184JM2JFQc
;x3BoWlpQVTacYPVitv6dRNSnsUK1UTfYG/kX1BdFVu3moVn5m5KFJp9x5NPniKvRIuEnVGMFlY86OQf
;UEHIB6uBSfr6s1aN3/dDE8wZJ2KOTgecXQ3X1zvwPkiJW5Bc8txApmZqTVCbsQZYDBjnbkkJB5nK1Qt
;PYGjkX1JRyA+rgVnmLO9Klh+3CNLLXOMii84GnpIPXJZ6ML8GDViUkHDZB/rx81aNwyofBEfFv3VTUo
;IYVslQk/1/OkEHmJYbs9rFIKpo1o2DKh8P18W6dVNWXsUKyZYTfHM4wkef1lBymwUn6ejOVIMqRpZOX
;CPs6t1ewgrVS1O9NPhEjNzf2TxagGNtaguaGjHC1EAeoisKDgIFCpVLT2Bo5GNfgc6Hq4FFJ62vTVFe
;PcGYDBwj6YoPiRhWwpBXPjG4w5BBiAergVn6zbyWigMqHxMKmSPtC4vJGdCMUhi9cbpCTR1RUHcYBSE
;qrguXmPGfD7Fj3BM1NOyKytLLT2B0OQPJ2ZDe/F2Do+jki5SdNwJTTpJkawSJR1yWDBZPYCjkX1BByD
;ukQV568bNKUJ+zh1cOkmauiEjH0tJOllJ7s7OGDl3QXDdbAiFxsxaNwyofD9fFun/TUp7Z14nS1zixs
;4OLmtJevFnCJ+yojdoadAITSplgLojFQx9TyFFYvPC5RQuByEergVn68aUGjcRqHw/LGObsywpHktYO
;kFU5fzzEjVzT3PxYwuEsb87Q2mofT9fFunVTRQ7FDBVLT3y1uMbIGRFQd1qC4KikjhYeNwTUgB6iKwo
;OAgUKlUtPYGjkX1BBzoergUUnrSrO1Rp9w9QM3+Nii8lD2BEOHJO8cb0GUEGIB6uBWfriI1aLAyofEw
;qZI+0Li8kZ0Q5RFne1/4NHmJYbs9rFIKpo1o2DKh8P18W6dVNbXsUKyZYT+fC8hgedE9yx2E4n6m9BV
;J03A5KLH+GuxI9EnBfPXJP4Nf4EkEGIB6uBWfrn41aLQyofEwqZI+0Li8kZ0Q5RFne1/4NHmFMcdl3B
;p+jzVs3DKh8P19IqdVVSnsUWCBfW+DA9CIyaEx3yloThLaSNlZ1zQ5MXxfp1U1KexQrVS0cgaORDjR1
;Rn/NYDiYqaEzU1PcE08AeIinPyUMS005QkrzwuUYQQYgHq4FZ+uYjVogDKh8TCpkj7QuLyRnRDlEWd7
;X/g0edFB7y2Fn6sbNWjcMqEJ/Xwzp1U0+HnlbMF9c9dbjGB5lT2raagq0tbgoUW3LGT9eFunVTUp7fW
;tVBD2Bo+UYLHdFbM9xEpmjkjhYeNwTUgBlnKcrKxhxdDRfWOD85RUzYlN2wWkD68fNWjcMqHxWHxbd1
;U1KD3FGJUhP4NfkDyRYRHvNdwKKtag+aH7JGksAZZynKysYcXQ4Qlnkz84bKHVTavFpBpKjv1o2DKh8
;P18W6dVNW3sUKyVfVO/XzgkkalB73GQTnrSoWjYMqHw/XxaAlU1YexQrJV9U79fOCSRqUHvcZBOetKh
;oNw2ofD9fFkm8DUppFCtVXU/ozeUiNWJNbst3Bp+zvz8EDKl8P18W6dVNSnsGK1UtTfPK/wkec0Vz3m
;AVirK4KFI4qH0/Xxbp1U1KexQ+VS098dH4EzVYQnvKWhOOq70/RW3cCU06FujVTUp7FCsbbT2Oo5F9N
;W9JcPFyBoeqkilHac0YP14W6dVNSntda1UjPYGj4g00dVNBw2QfnK+pLl8MqXw/Xxbp1a11ew0rVS1J
;6cr/IjZmTHLxcg6PsqUFRW3cFVAAe4itTUt7FCtVLT3o45FkQQcgasZsCbSxrDZbU98VWyt+tqcsPhJ
;7dDhEU4GikX1BByAel0Vn58bNWkN+yQpaM0mapSgvHxQqVS09gaPRLQEHPh6uBROZp7s/W1PSI1g8eY
;2wEi4SZ180Q17k/PcUL25Tdq4EZ+vGzVo3GOh8MV8W6a8SPgl1XTBBYvLT9BglByEergVn68bZGjcdq
;Hw/KXObpiQlFUtHNF5J3sb1FDUHIR6uBWfr8wwaNyqofD8peYWgIC8PZkI2ck7xxvQZHnRNccFxD7S1
;qD1aacYIYDNzh7I5InsVK1UtPYGjmT1BJiAernMIh7OgP0N+wR9gLGaMsCkVCHlEOllV3tf5DyR0SHH
;CYWfqxs1aNwyojABfOenVTTwUeF44SEnzyvIiMndFe8paFIapoi5fU9wOXilzhYohLxVzXz1ySenR9A
;4paEx6rgRn68bNWjcY6HwqXxbpoiQ6HktCO0tU7c/OGSh0VH/AZgLaxsxaNwyofD9fFunATUp7Y0IlS
;GLozfcULWt/esd2E4qorj8FDKl8P18W6dVNSnsOK1UtSujT9CIuclR73FoOhbWoLmhowQ9LPniKsHxK
;ehQrVS09gaORfVsHIB7ZbBeOmaIvQ2naI1YxZYyhEi4SZ180Q17kkZF8QQcgHq4FZ+vG2lo3DN8VTzp
;JhqA5LwlLQjteWPX84g0kYkQvrgRn68bNWjdF6HwoXxbpoiQ6HktEIFlY8/z4EzJiVEHddQKOov9aNg
;yofD9fFqCVTWl7FCsiRE3k/OMYNXVBfdpsCIWZrz9RY9oZYCh/mbASLBp3XzpfDIGikX1BByAergVny
;MbNWkBl2BlgLXOdpywpD31EO3Jf5MX+DyRYV3feYDiNp64uWH6afD5fFunVTUp7FCtOLT2B1PgNJFhT
;ccJsA7SvozxeYMQjWzZlnbQjKR4lK1QtPYGjkX1BByAFrgVnnK+9P2h/xxBWO0mAuysjF3h0MURO9cL
;/HiQ1IB+uBWfrxs1aNwy+fD9fYYClKBUIYVslQk/1/PUUMnNBcM1gVuvHzVo3DKh8P18W/9VNSgx9Wz
;ByTvTT4RIzc396x3YTiqiuPwUMqXw/Xxbp1U1KewwrVS1K6NP0IjVvSXDxcgaHqpI+Xn/cHVE8c9jVT
;Ep7FCtVLT2Bo4l9QQdXd95gOJ+upDRoe8kQUwBygKY5KxV3TmctPIGjkX1BByAerhBn68a6M0dp9whQ
;KHObii84Enl0IkRZ9cuRfEEHIB6uBWerxthaNwzfFU86SZ26Oi8JS008VVjl/OESMn8gH64FZ+vGzWN
;3DL18P19hgKUoFQ97XDBfYufK6RglWFBx3Xxn6sbNWjcMCCJ/XwLp1U09EmROCllS9sbjIidrT2ncZB
;OO981bNwyofD9fT6nVWUp7FFw8XVje1/4KJHV/eMJqEJmnuT8FDKl8P18W6dUUCnsCK1UtSujT9CI1a
;Fd73FoOhaCkNltT2h1LOhbo1U1KexQrDG09n6ORfTZuUHvxcQico78FW2PHDEwAc4i2JRUebF8nWFnk
;0ZF8QQcgHq4Fb6vG5lo3DN8VTzpJnbo6LwlLRDZZXObM/xwtWFB3wmkGmZmvNUN4xxFgO3+IuCg+HmY
;rVC09gaORfQhHIDauBWecr70/aHjHC1otSYa2OSsce0U0QWLxyv0RIHV/asF1OI+vrDdSeM0OP14W6d
;VNSnsta1U/PYGj5hQxYn9qwXICmZmiPFF/zQhHXxfp1U1KexQrlS0vgaORCih3RUHaahCOtJI1UWrbG
;UsmFujVTUp7FCtVbT2Ro5F9Nm5Qe/FxCJyjvwVEfM0ZW18X6dVNSnsUFRUtKIGjkQood0VB2moQjrSS
;LFhg3RFaAHuAu01LexQrVS09oeORbUEHIGnHdQK0sqItUn73C1Y7YoHVTEp7FCtVLRXBo4B9QQdPcdR
;gOJiupD9baPcdUTh6jNVMSnsUK1UtA8Gjgn1BB1d33mA4nKehNmhqxBNILXedsHxKehQrVS09gfrRfV
;IHIB7ZbBeOmbo7W2D3GlMwYZu0OS9JFCpVLT2Bo5EkAQc2Hq4FCIS8qAVEZMEZUztJhbwjLyR3RCBDS
;YGikX1BByAeXjpn+cbNWlhj0hlgLH6AsCEuJHtNM15Y9aOQfUEHIB6uBSfryc1aN3vBDFoAYYi5IRUI
;ZE4wST2Ao5F9QQcgV+4FdOvGzTtUb80QWi13nbwiJCRxRTRPUeSjk31BGCAermQEiKOhP0Vt3BVQMUm
;PvD85D0tHNFRY8/z0EyBlTHuuB2fr2s1aN23eE1Y7SYC7Pi8JYHQyTlLlxs4JHmRPc8NkCY/Gz1o3Hq
;h8Py1znacsKQ99RDtyXu7O8xQvYCAcrwVX68bNO0FjwRhgK2SIoygmJHxEOUhO3tPwCSlYTX/WWguOq
;KouX1POHVwreZuKKCQadkcwLT+Bo4F9QQdCe8JxOJmnqy5oacYdXTNz6ddNSmsUK1VPWO3Xzgoga0xB
;y2sGiaqoWjUMqHM/XxaLpyQuHH1FMnJY78LzESQHIh+uHGfrxq8oXmjPFVE4SY+0IxUIZE4wSWLkzfA
;fLWIgHK4FfOvGzThFZcwbVjFxtrMkMh5wdDRDWu3GzhgvZkJyywVl68bbWjcMyg5WO3GAuyoVCHxOOU
;FO3sb/HCNrRR6sBWfxxs1aVX7BEWA6bp2wPyQaeHQmRVjtz+IiJ25SbdoFZevG31o3DMoOVjJJgLs+I
;x9xdDBDXOPP9H1DByA9rgVniKmsKUNlxhtgOniItyEvJH1FM0RR7fziFC9gTHvxaQ6Fo/xaNQyoXz9f
;Foq6LDkPfUUycljvwvMRJFhJcMhsC4eZvjNZa8QZYDN/h7B/SnkUK0EtPYHA/hItbk558WMGhZmkNFR
;+zR1MOhbr1E1RexQrNkJS7cr/Gh53UnfAcRSbo6g+aH/EE0g7eZ67TUh6FAZVLT3izP4RKGlHQd53Do
;WyvipSacwjTDN5nrEiPRVLSiNCVOX8/gg1YlJB3W0Ch6rNWDcMiXw/X3WGuiEjFXN0IkxU9fzjGCBkS
;EHDbAm0qqwjUn73CFYyc+nXTUpfFCtVSVjv0PQiMnJQbsF3E7SnoS5SfsYdSzpJiLsqJh5LTjtMX+3G
;kX9BBz0ergUDjqi+P2h/3QxPMGSdiismFGNZNFlY3sb/HCNrRR6sBWfYxs1aU2nGD1oAZZylPSUJYHQ
;8Q1voz/0iNHRFQcJsCY61kjNZU8AVWDdJjbAjORJgUgpKT+jHkX9ABwIergUDjqi+P2h/3QxPMGSdii
;ErAnFZJnJf7tflEixYRXDPZwuOxs9aNyuofD87epmKLiIaeUkwX2Lx0fgTNW5OefFxAoa2qChWeN0OW
;gBzh7QvJh4UKVUtFoGjkRktd399xmQKiaO/BUNpxQxaLXedoD8vJH1FJkhP9fz2Hi5jRUHLawaJqqha
;NQyoXD9fFo25PRUcd0QxSGLnyv0YL2ZNe/FjCJmrrC5oacYdXTNz6ddNSmwUK1VJUfH8/BgzYEVBwXU
;ChZm+P1BhzRJLLBbr1E1dexQrMUFN3s70DyZif3HYYBWHp70FR23aCExfFOjVUUp7FE85XWLzxvYULm
;lBcvFgH5upvi9FafcZUT50hbBNSHoUM1UtPeXP4SIzYk1x2GA4ibOvOFtp9xlRPnSFsE1IexQCVS095
;c/hIjJyUnjPZgK0taQ+UlPcGUcrY5uwEikUeEQnclPu0fwcLW5ae8oFZevG4Vo3DMwQTwBlnKcrKxhx
;dCZEWeT85Rg5c1Vsy1oDgrWsOFtp9xNRAHmfsD8iGnpMVS88gbyRfUFjTG7xdhKZoKw5UlPbFVs6SZ2
;wNT4OZk4KSFPgwf0YQQUhHo0FZ+uioSpof90OWT51jIo+Ix9xdCFIRfXW4xgea0l5xnECmZm4KjcOqX
;waXxbpsSE6JGdeJ0tc4sbODihjRUHaYB+fs78/aGPdCEw2coyKIiQXbStXLT2fo5F9JWtQQdpgCpujv
;ztDedoZYDx+iLgvLwlLTjtMX+3GkX9ABzUergUCk7KoKFltxCNMN3OFuT4VHX1ZJlk9g6KRZEEHIG3L
;cROCqKoFUnTcDko7c5uKfxUeeko3QViBoZF9ZAcgHst9E5mzqT9FU9sLVit1gYouJRR4QjtKYuPG9xI
;zYn9t2WwTiK7NWDcMjnw/X3ORoT8/H3FZCl5K6NfyFR5kT3HCbAmMmaU/VnjdDGA+cp+0IykeFClVLR
;2Bo5EYOXNSa8pgFbS1ujNDb8AjXDB5hbwjLSR9RTROSejV9H1DByA2rgVnjr65KEJozQ5gLGGAoS4iJ
;HdEOkFU78TODSB1S0HDahGOmag0Vm7EGT9dF+nxTUp7cVMhX0jlxuMiMnBJas1tOJiyoipoe8EMWgBh
;iLkhFQ97XDBfPYOjkUpBByB71nEVnqKoKGh/3xVLPH62pjklC0tcPF1Y3tTwES1YVHHZYBW0paI1W1P
;ME0gxSYytOTgOcE4nLT+Ao559QQdGf8BaBYevvQVSYskeUzoW69VNWHsUKzNMU97A/hItbk558WAJiq
;ShPzcOqXwZXxbpsywkJHdEOkFU78TOCiBuVEHIahW0q6IsUmHNEksAcIC7JDkTcU9VLz2BqJF9QWFBc
;PFgCYqkoT9TDKp9P0wW6dUrKxV7TTNyWuLM9RgeYk5/zGkC68TMWhsMqHxZNmSaoRImGm1OJ3JZ6M70
;EzJuT3DxfR60paI3R2nGD14rf4a7Ei8VdUk5SD2Do5FkQQcgeMd3FJ+ZoTtOadojTDdzhbk+FR56Sjd
;BWIGhkX10ByAeyGwVmLKSNlZ1zQ5gLHmFvCkVEnpNPEFR3sbpCTNyU3fBazicr6kuX1PaHUs2ebawIy
;sZeE5VLz2Bi5F9QWFJbN1xOIentD9FU9sTUzZytrwjLBJ4RwpLUe7U4xw1Yn97wGQFh6PNWDcMjXw/X
;3CApz4+JHhKLEhP3tD+EShjf3fAYw6HqpIpR2nNGGA6eIi3IS97FitVNj2Bo/cRLnBSf9pgOJmjvj9D
;U88fUDtztrAjKxl4TlUvPIGCkX1BYEFu8WMOh6qSNVlg0SNLMGa2tyI+D3tGCl5I88XwHiR0IByuBWj
;rxs09Vnz3GlYzeramJS8XeFhVLzyBupF9QWBBbvFjDoeqkileYs8QWgBzkaE/Pwh9RDstP4CjvH1BB0
;d/3loBgqqhBURlxhtTOkmMrTk4DmdCOkNi4sz8DSRpU3/abAiFmag0Vm7EGT9dFun0TUp7c0g6SVjex
;v8ZHnNVbMBqAY2ZozVNdscQWgB+jLQ5IxVzK1csPZ2jkX0mZE96y1oBgqqoNFZhzSNZMGSEtDkVHnpK
;N0FYgaGRfVkHIB7GYAafr6M9aHjBEVoAdYi5LhUeeko3QViBoZF9WwcgHsdrFI60uQVfackISi9JjrY
;iLh5LTjtMX+3GkX9ABzUergUPjqe5L0dTzx9QO3O2oywmEnBKIUg9g6KRZkEHIHfAYw6HqpJrBzz3CU
;w6SZq6ISMfS0I7S1Ttz5F/QQc2Hq4FDoWgpDZbU8kYXi9igKMoFR56SjdBWIGhkX1lByAex2sBgqqhB
;VRjxh9aMWKbvC4VCHtHPEli9ND0IiZmUEHIbAuHxs9aNxSofD82eI+8ISYkd0Q7Q1ji184YL2NQccdr
;E5jGz1o3AKh8PzZ4j7whJiRyQideSYGhkH1bByAex2sBgqqhBURkzRBTLEmcpigVHHVbCktU7c+Rf0E
;HBR6uBQ6FoKQ2W1PdD1oAeoC7KDkkfUUKRVTmy84ZJGlTd9p8OIy0pD43Dql8LF8W6bwjPh5mRzpOVu
;jN9iIkaUF8wmBn6cbNVDcMqBVNMHiAuyoVHnpKN0FYgaGRfVAHIB7HdwiFr6M9aGHHElAreYe8Lkp5F
;CtHLT2ByfQPKlhEe8JxBrS2vzNZeM0OP10W6d5NSnt+TidGYuTN8B8tYiAcrgVw68bNMFJ+wyNZNmSa
;oRImGm1OJ3JY78LzESQHIh6uH2frxqszT1PAE00tf4u5KBUOZ04KQk3kzc4fKHNTHqwFZ/fGzVpbbdE
;ZTQB+jLwqIg9LSjFMTfXK5xgeYk5/zGkC68TNWiwMqHxTPm+MpxI5E3FHOV5i7tH1GDNYT27abAqCvK
;haNQyoUz9fFoW0NC8JS1ghTE/1/OESKGlUQd1mBpmgkjBYZcYIYD56hbo6FRJ6RTBfYvLL9BEtByIfr
;jRn68ahO05p2iNMK3eboRI6FH1FIXJO4sLjGx5tT3fAcTiKtKIvWWj3GVErf5uwEjkTcUc5LT+Bo7h9
;QQdMf9dgFbS1uTtFePcMUDZ4nYo+KRpmTQpHUujN5SIiaE56x3EOhKisNjcOqXwdXxbpuSwzHmZ0Jll
;c89fODS5uTmrxdgKKq5I/U2vNI1w6eJ2wP0p5FCt3LT2Bz/AEJHV/bdpkFZ+ZvTVeYtwjTDp3hIogJQ
;1xdDxDSuDR9X1DByA9rgVnh6e0P0VT2wheLWK2pSIjFWB0Jkhc7Pz/Eh5oVnvcbQaFob5aNQ2oVT9fF
;oW0NC8JS1ghTE/1/OESKGlUQd1gBoaZozVZU9gTUyZxhrsSPB5mXzBVPYOjkVVBByByz3wCmZm+LlZ+
;3CNPMH+HoRI5HnVGCl9Y7cLlFDdif27Bdg6fr6I0Nw6ofAxfFum4LD4kd0Q7SwzexfgRIGpFcNpaFI6
;yuTNZa9sjUClzm6ckLh5LWDlEXuT84hg1c0lwyXZn6cbNaTcMqBFeK0mKuiMsSUtNPEFc7Mb/CR50RW
;rabAmMtZI1QWnaDlY7c7amISMYcXQmSEn1yv8aMgciHq4lZ+vGqzNPU8ATTS1/i7koFR5sXzBDTujV9
;CIyc0lqzW0OhaHNWDcMtXw/X3CArRIiFGZZPE9R5PzkEyhoTkHBcwKZqqwqR2nMfD1fFv/VTUoWe08w
;QWLx0fQeKHRFQdRaD46vqjJDDKp8P0MW6dUgJR99TTxIT97Q+Rgta1NBw2AVjKOSKlZ+zRJLXxTp1UN
;KexRFOlli8sLnGB50VH/aYGfpxs1HNwyoGlYnSYG6PzgSdkcwckjvyv4THmZMcvFxHpujkjs3Dql8LV
;8W6aYmIwlgdDNCT+LGzhgvZkJyywVl68bBWjcM2xNTNnK2tyI+D3tGVS88gaqRfUF0T3LHYTifqb1aN
;Q2odj9fFp68PS8kYEQiSE+BoZF9XwcgHsFrC5KZojRSU9sUWjN6trojFQ97WwpeSPPF8B4kdCAcrgVx
;68bNNUFp2hReMXG2piUvF3hYCkhT4MH9GEEFIB6OBWfrqbs/RWTJElgAZYGwISYIS000Q2Ly0/QYJVh
;FcM9nC47Gz1o3FKh8PzBgjKc/Ix9xdDNEUeDO9BM1WEVwz2cLjsbPWjcVqHw/MGCMpz8jH3F0M0RR4M
;70EzVYRXDPZwuO9M1YNgywfD9fZpuwPjkOZk4KTFn3wv8eJFhFcM9nC473zVg3DLB8P19mm7A+OQ5mT
;gpMWffC/x4kWEVwz2cLjvTNWDcMu3w/X2abvCM+JHtbMENi8sb2ECRpVG2uB2fr3M1aN3zaFVErSZm0
;Pz4IS1gwXEjkzfIYHmhSest3Z+nGzXQ3DKgMTTZ4nbA/FRh7RTNyWPnX4wglYlIv8WYSmLKiN2h82hV
;RK3eLuSgVCXFMPEJTgaGRfW8HIB7edw6FsqgoaG/HElkAc5GhPz8fcVlncl700OUSLFhQbMdrE4qkoT
;9ofs0bVjB46ddNSmIUK1VdT+jN5RgzWENxwGM4hqeuMl5izSNdOnqd1U9KezkrVS1N88r/CSR1f33Ba
;wG0q6w5X2XGGWA8Y5qhIickZFk8Q0nozfYiMXVJcdxsE5LGz1o3I6h8Py9kgLs5LwlLSDpDW97O8B4p
;bk578WYSmLKiN152zSNLMHmFvSgrH0tOO0xf7cagfUMHIDGuBWebtKQ0Q2naI1wweI+KICsYfEI7SGL
;i1uIJLmpJZMtaE4SpoTJSbcwjWjF3i7koeHsWK1UIPYGj4Q8oaVR73FoEhKirBVptyxRWMXO2sSw+Gk
;tIOkNJ5M3lIiBjRB6sBGfJxs1aR37BEks6ZLa2IiQdS0Y0TlXozfQiJWZUf/FjDoejkjtTaKh+Pl8n6
;dVNOgl9RSFIT97A/hMnWE1/zW0OhaOSP0942glbOmS2pjojD3dDClpc6NfOFSRmVHfAYmfpxs16Nwyo
;DE02eJ2wPxUYe0UzclDgwPkUL2J/eM9rOIipoy5FY8R8PV4WwdVNSgtmQjtZWPP88hIvYX9zz2YPgqi
;oBVFl2hFIPmSMij8vD2ZKNllU7s2Rf0EHDR6uBReZr6MuUn73H1AxcLa4LCkTfUUwclvo0fwKIHVFQd
;psCo6ZqClDZcUdSzZ5h9VPSns+K1UtTfPK/wkkdX99wWsBtKusOV9lxhlgOHWGsSgVHktGIEFJ6NP9B
;B5hTHHZBWXrxuVaNwzYDlYxYoynEikUek0KQFziy/gTJFhHfcFhArSypS9absYdVjNJiLEpSnkUK0gt
;PYHT4xQvc0Vs8WYIhaCSN1ZvwBVROkmBsCw+JHZOMS0/gKOxfUEHUGzHaxOOtJI5WGLOI1I+dYG8Iy8
;kfU8wVWLy2uIJJGogHK4FTuvGzSpFZcYIWi1JirojLCR5SjZFVO/GzhIsblRB3GQOmKO5NUJvwCNcMH
;KM1U9KezYrVS1N88r/CSR1f33BawG0q6w5X2XGGWAwZICyJCQkd047WVjzo5N9QSMgHq51FYKouT9FU
;8sTUTlJhLQuIhJ6TgpdT+7O4QkeclN78XcGjbLNWDcMn3w/X2abvCM+HmZ0NkJT5/z8HCJvSXDLWheZ
;qaAqQ1PdD1oAZIizORUfYVs5RF7g1/gSL1hNd9x3CJnGz1o3K6h8Py9kgLs5LwlLSDpDW97O8B4pbk5
;78XcCh6e5M0Fp9xlHK2ScpiQlFRQpVS0NgaORDTNuTmrLdziIqaM8aGHJH1c2eIyKPy8IcV8KSGLtxv
;8aNW9/cs98ApmZrjJWYs8ZP10W6fpNSntkWTxDSeTRzh4uaUZBw2QEg6+jP2h6yRBWO3edsBI6CX1FI
;URT5vzhDyhoUnfafGfpx81VNwyoDl45Yra+KC8LS0M6QVjyo5N9QRMgHq53Bo2ykjVBadoOVjtztrAj
;Kxl4TlUvPYG1kX1BdUF42loUnrSrO1Rp9xFQMXmduiMjGBQpVS0ggaORGyh/f3bBdxWCpKE/aHnGFVA
;xSYi5IRUPbVswcl+BoZF9aQcgHtxgE5mnri5eY8YjXil5gLESPxV6TjZITvLC4wQebk5B3XAXm6m/Lg
;YMqnw/dxbp1T8vD2ZKNllU7s3OHDdoSXrxcAmFo64/RH/JDkYAf4eKPj8LZEQnWQ+BoZF9WgcgHtxgE
;5mnri5eY8YjWzZliLchLyR1XwpeSeDR5X1DByALrgVnmaO5KFZv3BVQMUmHujkVEnpYPElYgaGRfVYH
;IB7cYBOZp64uXmPGI1sqZIC7KhUMfVswHD2Do5FqQQcgbMtxFYqluTNYYvcYSi1/h7ISPRJkTmctP4G
;jgH1BB1J72ncGiLKkNVlTzRJePXqM1U9LewcrVS1P5NfjHCJzSXHAWgKFp682UlOafD1eFs3VTUoJcV
;8nTF71yv4THmJOf8xpArSkqDxYfs0jUCpijKcSORNxRzktP4Cjh31BB1J72ncGiLKkNVlTxB1GOmSKv
;SwkHHErVyw9mKORfTNiVGzPZhOCqaMFUmLJHlM6SYagOTkScE5VLz2BuJF9QXVFatxkBJ+vojRodsAT
;TwB5h7k0FQh7RzxJDIGhkX1aByAe3GATmaeuLl5jxiNFN3mZiiIkF210JkJR6MejfUMHIAWuBWeYraQ
;oQ1PNBEs6ZIe0IRUIfE45QU7exfgPMnMgHK4Fc+vGzSlbf/cdUTFziLkkJBxLTjtMX+3GkX9ABwEerg
;UUh7WSOVhi3BNKLUmIuTkvCXpKIURL5Pz1FDNiQ2rHagnrxM1aFwyofEwzZba2IiUXfUUycl/kx84JJ
;GpQe9xkE560qAVAbcEIP10W6edNSntnRyZyXu7M/RQvYH9912kOhaKoKGhgxwtaLUmBsCw+HmZ0IUhQ
;8cbjHDVyUnvxcgaCss1YNwyafD9fZYWmEikUe0c8Q1rewOgRKGlEe9xaEpu2qChoZM0dSzpktqEoJwt
;xWTRZSPPGzgogblQerAVnxsbNWkRg2yNcMHmFvCMtJHhOM1li58b0GR5vRX/aYBW0sqg3R2naHUsqZI
;yKOisSYCtXLT2ro5F9MmtTQc1qCIevoz1ofMEPSzB4tr0oKw9xWQpZWOzT9A8gc1Vsy1oQiq+5WjUMq
;FI/XxaauT4VGHtEOURT5vzjFCZvVEHIYAKPmaU/VnjNDmArc4SlKDgaYF4nSGL2wvgJQQUgHr0FZ+u1
;oSloa8kMYDl/hbkSLxV1STlIPYOjkV1BByBtwnY4jKWiPlJTzhVTOniIuCgVHXtZOExJ3sb/HCNrRR6
;sBWfxxs1aRGDbI1YxcIC5IRUcdVsKS1Ttz84YL2ZCcssFZevG+Vo3DNsQTAB/h7MkJhdLRiBBSejT/R
;gedEN/wGsOhaGSOVh5xghgPnqdsD8kGmBCI0hi4M32ESQHIh+uEmfrxr42RFPFGU04c7a6PS8VS1gwS
;lDkzeUOQQUhHrkFZ+u1oSloYc0OWDpJhqMoOBd1WwpdXPPX4n1DBiA6rgVnmKq+BVll3A5QOHOHij04
;FGBONllU7s3ODS50VEHNagiHr6M9Nw6ofCFfFummITkke10wX07ozeUYM25OefFmCIa2qDREbdwVUDE
;W69VNaXsUKyZBTt7T4xgpYkFqx2sAtKSoPmh4zRFPOmSIoTg4HktcNERJgaGQfXQHIB7daRS0tr8/X2
;nJCFYxcba2NCYSek8wX2LtzOYYM1hIe89xApmZuT9afM0OXitjm7ASPRp9X1UvPYGWkX1BdExt8XUVj
;q6oO0NlxhtgPG+FvCMuHmZ0IF1N5NHOFSRmVHvcWhOOq70/RW3cCU06SZ60JD57FitVHT2Bo+IRMlhQ
;bMttAoqypDRQU8QZWStJj7AoLiR8TjRZWPP85Rgsd0Vsz3ESmaOSLVZl3Hw9XxbE1U1KCHhYCl1P5Mv
;0HDVuTnnxdQ6YsqI0aGTNHUs6ZLahKCcLcVk0WUjzxs4KIG5UHqwFZ9rGzVpEYNsjTy1zgbAsPhJ6TA
;pfVObL5SInYkV68W0CirKoKGh4zRFPOmSIoTg4HktcNERJgaGRfVoHIB7daRS0tr8zWXj3CF4sfba5L
;CgeeHQwQ1zjz/R9QwYgP64FZ5iqvgVHfsESSzZ4joovLx9LXzBATeTR8Ak0dUVB2WQOn8bPWzc/qHw/
;LHqaij04EnpfPENa3sDoEShpRHvcWguEsagoaGTNHUs6ZLahKCcLcVk0WUjzxs4KIG5UHqwFZ9jGzVp
;EYNsjTy1/h6EkJBxLSCxBVO/H9A8eclBuy3c4g6OsLlJ+9whaMmaMpyw+DmZOClpc6NeRf0EHDh6uBR
;SHtZIqRWXGCFYxcba5KCwPS00wSFney/QcNWJSQdpgCpujvztDedoZYCh3gKFNSHsUAFUtPfLP4iIxd
;Ulw2mwJjJm9M0R4xxJgN3OIoSg4JGBOOF1Y88LlCDNif2nPbBPrxM1aGAyofEwzZbalPyMVYEI7SmLz
;yvYVNVhGe8thOIOjrC5SfvcIWjJmjKcsPg5mTgpaXOjXkX9BBzgergUUh7WSKFhl9w5aOH+GuxI5GHV
;FCkFc8teRf0EHMR6uBRSHtZIpX2XNEFsAc4e0LyYeFClULRSBo5EOLXR/bdt3AYqlqAVEZcwZYCtzka
;E4OB5LSDpBUvP8/xIzakFyx38Cj8bPWjcTqHw/LHqaij4/CXJKNkhi8sr1GB5zRWbacBWOmag0Vm7EG
;T9dF+n2TUp7Z0cmck700fccImJ/bcdhArSyqCJDedoZYDN/jr05LwlLXiUtP4CjtH1BB1Ny3VoUnrSr
;O1Rp9w9WO3O2oSgyD2FZMHJS9NfiFCVif3HAaR7rxM1aFgyofEwzZbahJS8JeUo5cljvwP0SMnJSe/F
;nBpijkj9ZbcoQWl8U6dVsSnsUWDleYvXL+BMecEFywloDhLOvNlJTxBVROmW2sCMrGXhOVS89gZORfU
;F0TX/CaTiKtKg7aH/HEFY7SYC7KyMXeHQzQVL2/PISLHdFcN1kE4KpowVSYskeUzoW69VNX3sUKyZAX
;O3PzhskZlRr3GAUtKOjO1VgzXw9XxbL1U1KCHlKOUFi58bwCTR1RW3xbAmNr6E2aH7JCFYwSYy7LCgX
;cStXLT2no5F9MmhMd8paAYKqoQVeYsYZTQB0m7wpLRJ6TApMX+7V9CIyd0Fs3WBn6cbNRzcMqA9QM3+
;NiiQkHX1HOXJf7tflEixYTXHAahOEqKQ5Nw6ofBZfFummIiYScHQ8Q1voz/0iL2ZSbMFyOJmjqjNYYv
;cJTDpJirojKR56XydEXoGhkX1bByAe3WoLgqKSM1lqwRBTAGKGpRInFHpEIUJT6MCRf0EHOR6uBRSEq
;qQ+aGXGGlYzeragPi8kc0olclvoz/19QwYgF64FZ5i2pChWYMEGWl8U6dVTSnsUWCVET+DPzhAuY0VB
;3mQTg5mkNENp2gxQM3edvCIkexYqVTo9gaPiCDF3T2zaWgaPp70uXnrNI1oxd4u5KEp5FCtbLT2B0OQ
;NMWhSavFgCYqkoT83Dql8Kl8W6aY4Ogt7WSFyWO/F/g8iYlJBwWsLksbPWjchqHw/LGOZpSI4D0tCO0
;tU7c/OCDJif3LHawKYmaQ0aGTBG1cAcoy7PiMPbXQyX1Tlo5N8QR4gHq52Epu2oihDU8UTWzZwgLA/F
;RxxRTBfXPXGkX9BBwcergUUnra9NUV49w5aPGSMtDkvJHVNIUhP3s7+GShhSXvcWgWEqaE/VmKofj9f
;COnVTTkOZFs6X0ne0PwcLWt/eMJqBp+jqQVRackISi1zmtVPSnsMK1UtTvTT4RIzc39yy2QMkpmuNVl
;izR9LNnmH1U9KewcrVS1O9NH3HCJif3PBYQK0o6M7VWDNfD1fFszVTUoIYVkzTF7k/OIUJWJ/ast9E5
;60qAVUY8QTTQB4hqcgKxd9UTBJPYOjkWZBByBt23cBiqWoBURlzBlgK3ORoTg4HktOO0xf7caRf0AHP
;x6uBRSetKs7VGn3D1Y7c7ahKDIPYVkwclHoxPkJJHV/a94FZerG7Fo3DNsJTTl3irASORJwTgpZWPnX
;5A8kWE9r2nYOj6OSNVlg0Xw9Xxby1U1KCGFZM0xe5PziEi1uREHaahe0q6I0WHjHElY8FuvVTWt7FCs
;hSFDxxuMcNXJSe/FnCJ+yojdof90OWT51jIooJBp2RzAtP4Gjhn1BB1R7w3UCmae5L0Vp9xBWLGK2sC
;MrGXhOVS89ga+RfUF0UGvcdjiOqKw4W2mofj9fCOnVTTwUeF44SEnzyvIiMndFe8paFIapoi5fU80SX
;j16jNVPSnsFK1UtWO/C8xEkWFd33mA4n6m6P0UMqnw/fxbp1TojC3F0IUJK5NHOGyh/RXrxdQiYr7kz
;WGL3GVE+dIWwTUh7FA5VLT32yuEYHnNPact3OIepoipEU80dXDdJjK05OA5wTidyWO/C8xEkByIerg5
;n68aiNU1p9w9XNnOFsU1IehQIVS099srhGB5wQXLCWgGEtK4/U1PKBWAsf4eyIS8kcVMhX0jlxuN9Qw
;cgF64FZ4m0pDdoeNEMWl8V7NVNSjRhXzBfPYyjkX0iZlR7yWoVkpmjO1ppqH8OXxbphT8jFWBOJxxiw
;O3UKR5GGEH+aRKYmZ8Kfj/3L3QNJLacKS8aeUo+SE/e8+MSJ25Me64UZ+vGrjtDac8TTSZJh7QgLyR8
;Ti0tPkWjkX1xNxUunjVQ2fb9bA48mEp6bybe4X16TSEbZRoPsZOiTHE3FVieNVPa9v1ucjyYSApvJtz
;hfXpOUhtlGQyxk6JFcTcVWJ41Utv2/Wx0PJhLCm8m3uZ9ek5SG2UYD7GTpE1xNxQnnjVU2Pb9b3E8mE
;kMbybdl316TiYbZR4PsZOkO3E3FCeeNVHf9v1sAjyYSg5vJt+RfXpNJRtlG3+xk6dIcTcXLJ41Uq32/
;W8HPJhLDW8m35N9ek0iG2UbBLGTpz5xNxYrrhln68a+L0d8xw5LAHKMuz4vJHBeNEFi5NvlDzR0SXHA
;BWTnxs1admDEXFonYpugKS8JFA1VLT3lxv8OJFhTa951CJmykjNZasEQUwB5nKEhIxVxWApIRfXR5Bk
;kdSAdogVn64ehNhdp0AhNKnKMp01YexQrJlhN8czjCR5jRXDdYDifv70/Nw+tfD9fWoC7KDl7OitVLV
;nt084fIHRFQcJkHo60kjtReM0OYDpumbo+PwlxdCZITeDR8AkoaE5ByWYIj6PNWTcMqHw/bRbp1SkmC
;0tJNF5Y3s/wBCR1f3/IcQKZmagiR2PbCU06SZqwPSsJdV88QlPexPISJWJ/btxgZ+jGzVo3DId8P19y
;haUSKBpnTgpBXPjG4yIjYkZx3GA4jr69NUR52hlgLHOZtD8rD31EO3Ja4sz1GEEEIB6uBWfYxs1aU2D
;YI10+ZYyKISsCcVkKT1jnzOMYHmJYbsF2EpmjkilSfMkOXit/hrsSLRh7TzByTfPGkX5BByAeri5n68
;apNkdTyh1MOkmFtDQvCUteJV1Y8/zhEihpVEHdYBeKtKwuXmPGI1g8eY2wTUl7FCtVLRKBo5EZLXd/f
;M92ArSqrCNSfvcJTy9zm4o9JRJ6XwpeWPHC4xw1bk9w8WIEhKKoBUd+zXw8Xxbp1U1HexQrMUFN3sTy
;EiVif3vAYWfoxs1aNwyyfD9fcoWlEi0Ye08wclj51/QPL2ZMQc1qCoanoz43D6h8P18W8NVNSh94Wwp
;KXu7H9CInbkx7wGQKjpmrNUVhyQg/XHDp1U0xHHdEMUhi58r9GC9mTXvxcg6frqIvQ1PNBEsiSZK4LC
;kTfUUwckn40/QiIGVCbMtzDoqypDVZcfcHUj5ijKckKxdLRTRAWN7C8x8zYlZ3z3EOhKiwBUxgyQVaL
;UmBsCQtE2BWOEA9l6ORfSVrUEHJZgiPo5I2VnXNDmA8foi7Ki97FytVLT2BtpF9QWNMbvFiBISiqAVH
;Y9sITy15irA+OXsXK1UtPYGskX1BY0xu8WIEhKKoBUR4yQ5LXxXp1U1Kew0rVS1Z7dPOFSRmVEHNcBW
;CqKoFQ2XFGWAzf5qhTUl7FCtVLSCBo5EZLXd/d8BrApmZrjVZeMcJTQB5j7M+Lw9LRzxeSYGgkX1BBy
;AurgVnj6q9BVplzBhTOkmFtDQvCUtKM1lY8/z0BTFoU2vcYDiYo707RW3cFVAxSY62Ii4eFChVLT2Bo
;6V9QQdEct5aCoKiqTZSU8QdRjpktrQrPh5mdDBVTe7Q5A8kWFN73mQVirKkNVlTzx9QO3O2pT8vexcr
;VS09gZKRfUFjTG7xaA6PoqE/aGDJBVotSYuwKyUJcXQwVU3u0OQPJFhTe95kFYqypDVZU88fUDtz6dZ
;NSnsUK2AtPYHH/Q0eakl6ymkCtKqsI1J+9x5aOXmbsBIvA2REJlhP5PziGDFmUn/abAiFmao5WGjNI0
;8tc+nWTUp7FCt4LT2Bx/0NHmpJesppArSqrCNSfvcJTy9zm4o9JRJ6XwpeWPHC4xw1bk9w8WIEhKKoW
;jQMqHw/Xyfp1U0uF2R0OERZ5c/0Ii1mWXvcWhKbtqgoaHzHFVErSZqwPSsJdV88QlPexPISJWJ/btxg
;Z+jGzVo3DJh8P19yhaUSJBRmRjRBYu3C6BgzWEF42mAVtKO1Klh/3Q5aAGWMpSw4GmBCOkNi5sD+GSQ
;HIx6uBWfr8s1aN2jEDGAxeZu4LCYkeEosSE/ewvcJJHV/e9Z1CJizvz9of80MXi13nbwiJCRzSDpJWN
;7T4xhBBCAergVn2sbNWlNg2CNRMGSEtCEVF3VSMF9i48b3EjNif3vWdQiYs78/aH/NDF4td528IiQkc
;0g6SViBoJF9QQcgK64FZ4+qvQVZY9oRXjNJhbQ0LwlLSTBLUvPGzhg5d09t23cCtLWoKlZ+yQhWMHi2
;si4lH3F0JV9YgaCRfUEHIDOuBWePqr0FWWPaEV4zSYW0NC8JS14lXVjz/OESKGlUQd1gF4q0rC5eY8Y
;jWDx5jbBNSXsUK1UtDIGjkRktd39wwXcKiqqSNlZ1zQ5gKmaZsD8VC3tCO1li8sbhHDNmVHfBaziMpa
;I+UlPYDlpfFenVTUp7AytVLVnt084IN1hDa9xsCYyZuTNaafcQVixi6dZNSnsUK0ktPYHH/Q0ecEFtx
;mwJjJmpKE5lxhtgK3+EsBImEmdfVS49gaORfVQHIB7KaRe0sawpX2XGG2Arf4SwEiYSZ19VLj2Bo5F9
;XgcgHst9E460oztbU8sTUDN/h7ISLBp6dCZdWOTHzhEodFQerQVn68bNVDcMqBpeMUmapSgvH0tHPF5
;JgaCDfUEHESWePlXQ9P1hAjebSQRnLdzlTVt7FCszRFHgzvQTNVhUZ95gOJiyv1o0Bqh8Pw9aqPV8ZE
;whRjgtL4GjkRsoa0Fzy2sTtLK0KlJT2whNbRbq301Ke0RnFA0Mr5SkECwHAB6uBQGCtL4uaGDJBVotS
;Zq6ISMfS0I7S1Ttz84NIHNUe9xrZ+jDzVo3QMESWiwW4NVNSh56T3tKXu7H9H1CHyEerkhW2/LtCQcs
;kxlHK2ScsSg4W3xONFlY84P+GycNbS+aNUe49u1hX2nJCFo7NouwKWoTcUohSE+hzPcbYS9JeI58CJ7
;mpTtBaYgVS3Ycrux8akBmTjlMSejV9F0xaFN32mwIha+iND1LmVx6cifJk356SzQLbl9Y9dHwHjUnVH
;bLJQGCqqw3UmLcXF5/dIChbSgeckQnSB3tyvcJKGlHPtptAsuooiBNYM1QHyt5yacoJh51WDANTu7O9
;F0uYQBqxmBHm7SoKUR52hk1GCfJj2Z7SzRueBgdx5qhTXEnG3PBcwLLnO0vRyzJElt/ZIyhPysYYAsz
;RFHgzvQTNSdFaMtrR4apvz89QZBIH2RlnbA9Oh5mWHVCW+ejm31BB0VwyjdJjKWiPlIMq/k/Xxak539
;7W0AbdX4MsZObMHM1ET76NEe49/1qPUGZTAt/Qtn1HnpxWRplGR3VkrEucQ1tL5o1R7j2xxcGPJ92eG
;Yn45J8aj45GnVrDrGTmzpwJ3o1nitSy4PgbxdUhU4Pf0/E531qPW9fJ0xL5M/ODjFiRXrTDyDZ/u0CB
;yzxTDUSLt3fCnNLFD1VLT3mwP4ZJFhFZtpgFYWnoQVUY8URXjFy6dZNSnsUK0AtPYHG6QkzckR73FoU
;nK+5OV8izx9QO3Pp1k1KexQrQC09gcTyEiVif3jHaQKFp6A/aGrHDlI+YunWKkp7FFAyTlLlxs4bKGt
;FcM9oArSxpC5fY90IYDpunagSMRZ1SD1EU+T85QQxYn9/zGcVjrCkO0NlxxJCAG2PvCErFnFFIXJT4M
;70IiBlQmzLcw6KsqQ1WT3VI0Qzd5CwPxUTcUIyRUn8zvx9UwcgHsJkHo60kjlfbcYbWnFxiropL3sXK
;1UtPYGykX1BYENxymA4m6m+Lkd+xx9aLGXp1k1KexQrRS09gcTyEiVif2zLdQKfr7kzWGKofxVfFunu
;Py8LcV88WVTuzbEaImhEe6RCXtnmiGo9N9oZTzpigKEkJRU0TDZCWeSjgX1BB1J72ncGiLKkNVkizx9
;QO3Pp1k1KexQrXi09gdDlHDNzDnnNagOOxs6sNgyoOw1uNtK4KD4JfUh1W1zt1vQOS0AZLo4+Bom1oj
;ZCeM1cTzBlgKEkJRV9RTIncLmRsUYyYlQ+y30TmbOpP0Us3BMfPnSauiE/D3ELOEJZ5KncTHEwACXdc
;QaZsu0tXnjAXEs3c8mzLCRbe00zJ3qzm7ElcSd5Lo4+CoSwqHpvI/FcSzA2hLwjah56TyZZUvHQmzpz
;PwBEniVchqm7PxdWiAhQf3uAu20vFXBYIUJN8qnWTGFdESuANUet//1qByyTEVApc8mhJS9bZEc0WVv
;u0fxdJWhXcI40Uoarx1BwNZpcem820q8oOBQ0Xz1IHeTb5Q80Y0V6jmkChaG5Mj0G70wfByLa9RR4TD
;RtZx0NsYOxRiZoAGrBJRODo+0/U2vNXFA5Np29KGoZcU91J3q4kbElcSd5Lo5AV8v9vj9DLNIZTTA2n
;bptLx9zTnVCW6HX+RhhZUV6pEJXy4D0agc8iCYOfy2z9Tg6W2NCIUUdsM78dwY2AFicNVfLnP16DFaI
;FFAyc8mmISUMeFJfJ3qwg8tMdCkQPug8V9v27WFaY94ZHyt+jPU9JhpgTTpfUKHH/govJxErw2ht4YH
;8enE1mEwPfy2apSgvHzRYMFlJ6M32dwY+Ej7rKFTL/b8/Q37JH0s2eYffAHtKIwsFX1Tv1/gTJikOMK
;4JZ+vGvi5WftxOETh1hrEoSnikK1UterOSmzp4NypTljdtpvf9bT1LmkQfBybJjH1APCYTdXcNi+SgX
;Rs2FTCeJSHY9v1QYz2iOwZtNqzlRw1KNG1nHQ2h5qBNS0AZLI5AV+GB/HpxPphMHxo7kqcoPgl1SCFE
;Uu/89Qgga39/w2oShbKwUGM8ojsGbTas5UcNSjRtZx0NoeagTUtAGSyOQFfhgfx6cXfcDl4pc4WKPjo
;ecU8oJ3CwkqZdEXVJcNpsCYzo43Q3Bqh8Pzh1hrEoFQ9tWzAtPoejkX0TYlBMz3Vn+sbNWlBvxxhaAG
;CMpyQsAktIOklYgaCJfUEHVn+ZNyHEiZszZ3vtSnY9V4aXBAZPRRZoLSyBo5EUL2FJcsJaBoWhoT9oY
;MEPS18V79VNSk8hEGQeCIG2kX1Bbk54x2kLtKK4O1tTzQRLLWOavCIkexcnVS09wM/9XSR/VGzbYQKZ
;xsNaNwzBElk2eoWKPSsPYE4nQz2Cp5F9QUBSd8oFaOvGzTNFY8YVUThJmbQ5Ph5mRVUuNoGjkS8kZFR
;3wmwJjqe/WioMqHxTPm+MpxI5D3VZIXJN7sr/CR50Q3/cYziBqaQ0Qwyrfz9fFqi5IUpmFCtVQVz4xu
;MiMnNBbNpaF4Svoy5of80dUgB1hqcjLwkUKFstPYHx9BstYlhR3EYIhbCoIjcUqHw/Mnedii4lFXIaC
;ktU7cL8GC9zf3zcZAmPxs5dNwyoLl42ZYzmCUpkFCtVQFz1/PISL2ERQchsC4qrqDRDU8wVTC96iKwS
;JBp5TlUuIYGjkSYTZkltyzYjtuadKFJhwQlSf0allG17VSMeOEA9naORfSxmVEHNagmN95I8XmDJEVo
;xYrayLiUfcXQwQ1mBoJF9QQcgAK4FZ4anuQVUY8YaDgBwgLksJx56XwpKXu7H9CIyc0Fs2gVk68bNWj
;cbqHw/Mnedii4lFXIaCktU7cL8GC9zf3DPaALrxcdaNwz4MH5/J8fieCcWFA9VLT3swuUiImhOeJ9aA
;YKqrDdSYtwjUT57jIosKBlmTiNEXPXK/hNBBCMergU3p4fNQjcMqBFeK0mKuiMsSktNPEFc7Mb/CR5p
;T2rLdmfoxs1aNwy1fD9fe4ihEikUek1kclvoz/AQJGlUQd53Doijki9ZZdx8PF0W6dUGLXsJK1UtUOD
;Xzh4uaUYv8WMOh6egP1l49w9aK2KAuyoVEnArVgk9gaOiH3M0GH3KMUqP/v07GjibHlxyLozsK2dJLE
;ptTw3jwKkbIDQgNK4FZ4anuQVUY8YaDgBwgLksJx56XwpeWPXX+BMmdH94x2kGhqOjLmhu2h1ROxbq0
;k1Ke0ZKPF5YsueRTEEHIHPPcTiIqaM8BlPOFVM+e4y7ORUIcV8hRFPm0M4bKGtBc8trE7SipClHYMkF
;YDF3hLBNSWcUK1V2b+DK4hhyQ30+/ncChq+4Nxdc5D0fbjje4CAnezorVS1Q4NfOHi5pRi/xYw6Hp6A
;/WXj3D1orYoC7KjkkckI5TFDkzeUiJ25Me/FrBoajzVk9DKh8bxNXyeRjfU55RlUDPYGj/Bw1WENxwG
;NWtKCkNlZhzRJLAGWMoTkjFXNYCktU7cL8GC9zf3nNagOOmag0UwyrfD9fFunlTUp7eUohcl7uzfdMH
;mFJcs9oAoWykilSeNwVUThltrMkJhp5TjtZYubA/hkkWFNqz3cT68XNWjcMqFs/XxaEtDkVGHtFMxxi
;58r9HCxiTmrxdgKfsqQ0UH/3GlYzd4SwIz4kfU9VLhmBo5FOIzUTJs1hU8ai9WpWIZxPXTw70bB0LFY
;mEzQVX7HB8kUnZhMehwVn66usLmhvxxJZbkmPvCErFnFFIXJO5NflFC9gU0HIbAuKq6g0Q1PGHVI6Fu
;rfTUp7RGcUDQyvlKQQLAcWHq4FCoqykjlYYs5NYDl/hbQgLxVgdCZISfXK/xoyWEZ3wmQKjqi5BVltx
;RlgPnSLpyg8EnVfPEJTgaCSfUEHcFLvBU3rxs03Vnj3H1AxcNiKKyMXdUYwQ0ne0PQJNW5Oed1aAYKq
;rDdSYtwjUTBijKZNSXsUK1UtIIGjkRAgc399wWsB2pmrM1ttxRlRK0mdsC4iFXtHOkpEgaCZfUEHZnf
;CZAqOqLlaLwyofFI+Yra2IiQdJnQzRFHgzvQTNVhCbM9rA+vFylo3DPodVixz2pFNVXsUKzhMSd7A/h
;MnNX94x2kGhqOjLmhowQ9PM3eQiiMrFnErVjE9gaPKLyBuU3udQTrLlr8/WmXdER8PWqj1fGRMIUY4L
;SGBo5EQIHN/fcFrAdmZqzNbbcUZUStJjrYiLh5LTjtJPYKjkX1BBz4ergUKirKSOVhizk5gOX+FtCAv
;FWB0Mk5S5cbODjVmUmquBmfrxs1aIAyofFI+Yra2IiQdJnQzRFHgzvQTNVhOf8NgZ+jMzVo3XOQ9H24
;43uAgJ3swK1UtUODXzh4uaUYs8WMOh6egP1l49xJeMnO2tC8oCXFdPExJ6Mz/fUIEIB6uVSuqxtVaNw
;zFHUsAdYa7K3gkckI5TFDkzeUiL2hUe90FZOvGzVo3Eah8PzJ3nYouJRVyGQpLVO3C/Bgvc39u3GwEj
;pm4NF54qH89XxbpnipKZhQrVUBc9fzyEi9hEkHIbAuKq6g0Q1PbGUsrf4eyEiMfFChxLT2BkPNPcj9D
;epooA9P2rHcDP8ofEmdz0LNgeEN1EzcdX+Kb9xxyBwoergUKirKSOVhizk5gOX+FtCAvFWB0JkhJ9cr
;/GjJYRnfCZAqOqLkFVX7JEltfFe7VTUopdUImSA7Fo6B9QQdNf9paBISoq2hoasEQXjJzh6ESOR5gXz
;xDWvL89xQtZk17wHE4j6++Kltt0SNRPnuM1U5WexQrDn9c6ND0TgVaAE7cYAqCs6B6Z0DpXA5xIdy4I
;EpVFCtVQFz1/PISL2ESQchsC4qrqDRDU9sZSyt/h7I+FR19RzRAWO/Xzhsoa0VBwGQKjsbOUDcMqCxz
;HjbY+3p/Fnkrey09gc7wCR5kT3DINziNr6E7WmnGCGAsc52hJCQcZ3QzRFHgzvQTNVhHfcFhArSjoz4
;3D6h8P18W2dVNShZ1XwpOUu/FoyInbkx/w2AJn5m+P0N4wRJYLEmPvCErFnFFIXJa4sz1GB50VH/ccW
;foxs1aNwyPfD9fe4ihEikUek1nclvoz/AQJGlUQd1gE5+voz1EU84VUz57jLs5FRJwK1YJPYGjoh9zN
;Bh9yjFKj/79Oxo4mx5cci6M7CtnSSxKbU8N48CpGyA0IDeuBWeGp7kFVGPGGg0AcIC5LCceel8KXlj1
;1/gTJnR/eMdpBoajoy5oYskRWl8V49VNSitYanUcE7aW/BBBMSAermgGn5muNVlqmiNZNnqIuCgkD0t
;YMFlJ6M32Dh5hSXLPaAKFspI0VmHNI149dJuwOyMaYEI6Qz2CoJF9QVdsX64vZ+vGoDtDU8sTUTkktr
;MkJhp5TjtZYvLG5QkoaUdt8WMOh6egP1l49xJQK3Oa1U5KexQrVTA9gaP8HDVYQ3HAY1W0oKQ2VmHNE
;ksAYoy2JSQUeEQyVD2Cq5F9QUFJcs9oAoWyzUs3DKgMUz5ij7o/JyR1Tz1ITujM/31CAyAerlcGjbLN
;QDcMqBNJOmSBtCMtJGdDMEFR8vziDSRiREHCbBSfxs5aNwyofC5fFumlLD8IcXQ9SFTmy+UiLW5Taq4
;GZ+vGzVomDKh8TzN3nbMiOBZLSjFJVPXK/hNBBCQergUphKioWiEMqHxPLXOapjg4HktKMVtc78D0Ij
;V+UHufBWTuxs1acWXQGVtfAOnVTToJcVgmWE/k/PAZN2ZOfctaE5K2qGg3D618P19QgK0oLns2K1UtT
;fPK/wkkdX99wWsBtKusOV9lxhlgPnu2oSgpE3pEOUJa+KOSfkEHIFjoQ2fGxs1aR37BEks6ZLa2IiQd
;S0Y0TlXozfQiInJTasFoDpGjki5YY8QUWj5ytrssJx4lK1YvPYGjxU1BKiAernUVgqi5P0VTyxNROUm
;EtC4iEnpOCk5I8tf+ECh9RUHaagiHrqg7U1PGHVI6JOnWT0p7FH9kLRmBo5ENM25Oast3OIipozxoYc
;kfVzZ4jIorIxd1RjBDSd7N8BAkWBEerQ9n68adFnYsmVIIanuE1WlKexRbJ0RT9cbjIiJoTnjxaAaIr
;qQ0UlPOFVM+e4y7ORUVdUYwcg+BoJt9QQdwUu8lVsXx+DdaDIp8P19mm7wjPh5mdDZCU+f8/Bwib0lw
;y1oBgrSgLVZ+zSNLJmaM1U5NexQrHkFU8dP0D0EYIB6udRWCqLk/RVPLE1E5SYS0LiISek4KQAyxk6A
;iImhEe64GZ+vGzVooDKh8Ty1/h6EoOCR3RDtLYuzC8hUoaUVBwzRX2/SSOVhozXw8Xxbp1U1VexQrJV
;9U79f0Dx5kT3DIWgqKpaUzWWn3EQ1vJtmKLiUfcStWLT2Bo5FcQQcgbtxsCZ+jvwVUY8YaYDJ3ir0kJ
;B5LRDZZUt7C9RkzYlNtrgZn68bNWhcMqHxPLX+HoSg4JHdEO0ti7MLyFShpRUHBZhOEmawqXmfNBT9c
;FunVTUpXFCtVXU/ozeUYM1hDccBjOIanrjJeYs0jUDxihoohKwhgdCBdUe7C9SInaEx6y3dn6MbNWjc
;MjXw/X2abvCM+HmZ0NkJT5/z8HCJvSXDLWhWOtqguXmnaI147cpuwPjl7FytVLT2Bh5F9QXdSd8BxAp
;mZrjVZavcRXjx+gLsoFQlxWzBZVOTRzhwxbkt71wVk68bNWjckqHw/L2SAuzkvCUtIOkNb3s7wHiluT
;nvxdwKbo7kzUn73EF4sYrayPyUOZCtWLT2Bo5FXQQcgbtxsCZ+jvwVUY8YaYDJ3ir0kJB5LWTBdWPXK
;9A8ed1J3wHECmZmjO1ppqH8/Xxbp1VJKexRbJ0RT9cbjIiJoTnjxaAaIrqQ0UlPbGUsrf4eyEiMfFCh
;xLT2BxqQedGQSfZcoXtjx/3cDbpFFEmcu3OJge00nGWIbBbjC9RlxBzkergUXma+jLlJ+9x9QMXC2uC
;wpE31FMHJJ+NP0fUIBIB6uYwuEtr0jNyqofD8vZIC7OS8JS0g6Q1vezvAeKW5Oe/FxHpujkjtVbtoZS
;TZ3nbwiJHsXK1UtPYGvkX1Bd1J3wHECmZm5I0dpqH85XxbpsyElC2RSVSE9gaPhDy5hSXLLWgmKq6ha
;NAyofD9fBenVTTgacl8KSUjgz84YOXNSa91sCIXGzlY3DKg9UzM2jK05OA5wTictLoGjkQ8gYVRBx2s
;BgqqhBUdt3AhaLXjp1khKexRnPENY8qOEfUEHUnvadwaIsqQ1WVPSFFAvSZ2sPS9KFChTLT2B7f4PLG
;ZMHrsFZ+u0qC5FbcsIVjB4tq8lJQtLXyxdWLOjkntBByBQwXcKiqrNTjcMqA9XOnqFiikjCXFIIURS7
;/z9FDJzIB2uBWfrxtlaNwzbF1YtYraxOCsXS04tWU/00PgSLwcjEq4FZ6qqoXpSdNwOSjtzm9VlSnsU
;WDleYuDH9RQ1bk9wz2k4iKmiNl5izyNXOn+OvTkVD31GMHJa88LhFUEEBh6uBVfF9vZrDzyYTBFvLdr
;lY3pAJRNlHQ2vk6pOcTcOLpUzV9v2/XQHDL98P19lhaYSKxV6TjRBVO/Ezh8kY3953GQXg8bOWjcMqH
;wdXxbppiE5JHVFO0hc7cr/Gh5kWXLHawOOtJI2WHvNDmA4ZIilJUp4FCtVLT2jo5F9MmtTQc9rCY6no
;TNZa/cfRjN/h7EoOCRhWyVIT97E4xwxbyAdrgVn68bXWjcM2xBMAHeHuygrF31FMnJN6NDlEi9YR2zP
;dQ/rxc1aNwyobz9fFpq5PhUaYEY6Xk3pxuMYHmpPessFZOjGzVpWZdp8G18W6aYhOSR2RCFZUuz84gg
;zYUF9y1oOhaCkNltTyRJYM3O2uSQ5DxQoUS09gZOqRHEHNx6uBRSHtZI5WGLcE0otSZuwPS8aYHQ4Ql
;nko5J7QQcgX+xGJqmFzWg3DKgPUyxJiroiJhJ6TApMW/XG4yIzYkNxz3EOhaGSLlJh2BlNPmKcpygVD
;31GMHJa88LhFUEENh6uBVbS9uNqDDyGTARuJtn7fXFJIBtlAw2Bg5F9QXRMbfFmCISqpDRQU8oZWwBi
;jLg9Lwl1XyBfWN7P+A41ByMZrgVn2+j9YQY7mHwNXxbppiE5JHdEOkFU78TOHjhrSXDKYBW0qqItUn7
;3FFo+YoynEj4eeVswX1z11uMYHmtJbdoFZOzGzVoHIphHDm4m6edNSntnRyZyXu7M/RQvYH9912kOha
;KoKGh52AxaLUmBsCw+HmZ0IUhQ8cbjHDVyUnvxaQ6Yss1ZMAyofA9xJtLke3p7OStVLU7t0M4eLmhMd
;8BiOIejqy5oas0ZWwB+jLQ5LwlLXzBATeTR8Ak0dUVBwmwUn8bOXTcMqEwRby3Y4X1KZBQrVV5R8vzy
;Ei5rSXDJWgqCqJI2VnXNDmArf4SwEiYSZ19VLj2Bo5F9awcgHt1pFLSlojVbZcYbYC9/mqEiJCR8TjR
;ZWPP85Rgsd0Vsz3ESmaOSNl5/3Hw8WBbp1X1kSy8aYx09paORfTJrU0HNagiHr6M9aHzHD0sAZYq0Iy
;QSekwKSVjtwugiLW5Taq4GYOvGzWoZPJNPEW8WytVNSgh4WApOUu7P+BMmWFBsy1oUiKejNF5izyNbO
;nqIrBImEmdfVS46gaORTW83Gy2ANWfFxs1aRGDbI1wweYW8Iy0kZkIyRUnexfQYJVhIe89xApmZuT9a
;fM0OXitjm7ASJhJnX1UuOoGjkU1vNxsvmjVnycbNWkRg2yNcMHmFvCMtJGBCOEhi9cb8DSR1QWrbdwK
;0ob87R2SofylfFunlY3pAJRxlAw26kaVNcSkQJZ81V8X2zUI3DKgPUyxJjrQ9FR19RzlyT+TT9Bw1WE
;1xymBn6MDNWjdN6T59HFXpzE1Ke2dHJnJa4sz1GB5hSXLLawaGo5I8WH7FHUtfFY/VTUoAc0g6SVjex
;fgRJGlBc8taEIKypTVCePcZRytrtq4gKxh8QjtIYvXa4RgeZkJ83GARgqe5M1hi1SNEMnedsD8jGnh0
;O0xQ5PzwHyN1RWjHZBOCqaMnaHfEHUY6ZLa9KCMcfF8oQFCBkJF9QXRMbfFtAoqypDRQU8oZWTBkjIo
;/Lxh7SiFEU+b85Rgsd0Vsz3ESmaOSLl5hzSNYLXeZvU1JbhQrVR4Nr5OqTW83Gy+ZNUnb/fxoBzyGTD
;9KFunVPiYIS0I7S1Ttz84cL2BMe/FpDpiyzVkzDKh8D2Qv2dVSSnsUWDleYujN9xQta395z3U4ja+hN
;mh+zQxaPmK2uCIuHhQoUy09geLQPwNEYx64BWfrtaEpaGXGGlYzeranKDoedV8KQFLlxpF+RwcgHu9E
;JamFjlovDKh8TDNltrwjLBJ4RwpeXuDN/xQvYH9zwWEC68XIWjcMxRNbOnrpyE1Ke2dHJnJU7830Dx5
;kT3DaahKZmaI8UX/NCGAzf5qhTUl7FCtVLRuBo5EOLXR/bsFyA460kjxSacwVUThJm7o5Kw99RDtyT+
;DX+BIeak96ywVk7sbNWlFl0BlbXzXp1U05F2d0JV9Y6cbwCShpR0HMYAO0sqg3R2naHUsqZIyKISMIY
;CtWDT2Bo6FTcTwRLJ4rV9Dz/XQHN5lLD3Em0uR9elUkEGQaDa+TkUhBByBtwnY4m7SoMlJt3BVROEmK
;rCEjFXBOJ3JR7tT0Dx5vRX/aYBW0sqg3R2naHUsqZIyKISMIYCtWKj2Bo6FTcTwRL54FUuvGzSlbf/c
;MTTp+jLQ5IxVzdDZUUejN9RgzWFVu3mAVtK6oO0Np2iNLOnuZsD8rD2FZMHJR6NDlfUIAIB6uNUnb/f
;xsBwyYfD9fZYWmEjoJcUMwTEnozfYiLWJGavFjAo6ikjJSbdwZTQBijLg9Lwl1XyBfWN7P+A41ByMZr
;gVn2+j9YQY4mHwdXxbppiE5JGRZMEVY4Nf4EyZYTXfAWguKv6goaHjBEVoAeoCmOUp4FCtVLT2so5F9
;MmtTQd53AoOjrC5eYs8jTzZlnbojFRNxSiFIT97X9BAxYlJ/2nAVjpmhM0R4qH84Xxbp5WN6QCUdZS0
;agaORDi10f27cYA+Op7kzWWv3DFAsYramLisVekI7SmLlxv0cOFhMd91xZ+jBzVo3PIZMBGw42dVrSn
;sUWDleYvHR9BUkZlR3wGI4m7SoBURvyRJRNniOiikvF3VSCkFU8teRfkYHIB6eK1fQ9eNqNz2ofD8se
;pqKPTgefE40WVTvxM4PKGBIavFjAo6ikjJSbdwZTQBijLg9Lwl1XyBfWN7P+A41ByMZrgVn2+j9YQY4
;mHwaXxbppiE5JGRZMEVY4Nf4EyZYVHfDYDifo6AqUn7JCEotc7ayPysLfCtWDz2Bo6FTcTwVLoA1XNr
;0/WoZPJNND2842e5+fEskBWUWDLaTv01BJiAernYLmJm9KF5i3BVROEmLsCkVD3FGJUhP4NfkDyRYTH
;fdcWfoz81aNzyGTARuIdn7fUpIFCtVXlHy/OEPKGlUd8BiOIi/oTNZaM0OYDN5nrA/FRNxSiFIT97X9
;BAxYlJ/2nAVjpmhM0R4qH84Xxbp5WN6QCUaZS0OgaORDi10f27cbAmfr6M9aG/REFYxcoynEj8LZE4n
;clXkwuUYM1hUe8N1ApmnuS9FafcQVixi6dZKSnsUG3sdBrCVoX1vByAe3WkUtLa/M1l4wRJYAHqMszk
;VHXFOMXJV5MLlGDNYVHvDdQKZp7kvRWn3EFYsYunWSkp7FBt7HQawl6F9YQcgHt1pFLS2vzNZeMESWA
;B7gLsSJhptTidySejO9CItblNqrgZn68bNWhwMqHxMM2W2pT8jFWBCO0pi8criCS5pf3bLZBOOtJIuU
;mHYGU0+YpynKBUXfVghLT6Go5F9cSkQJZ8zV+vjzVo3f8QPYC9kgLs5IxVzdCVCTvX84h4gaU53wGI4
;j6OhO05TxBVMKxbq0k1KeyQFZRYOr5ORWUEHIG3CdjibtKQ0Q2XGG2AvZIyKPikaekU8Q1rex/QRIH5
;/csd2E+vFylo3DJhSD2Qlx+VNZXsUKyZBTt7T4xQvc0lwyVoVgqGlLmhqzRlbAH6MtDkvCUtfMEBN5N
;HwCTR1RUHCbBSfxs5dNwyoTBFvLdjhfUpYFCtVXlHy/OEPKGlUd8BiOJ+voD9oeM0RTzpkiKE4OB5LT
;CdMTemjknRBByAugDVc2vH9dAcMsHw/X2WFphI4FH10J0ha6Mz/IjJkQXDxaAiPo81ZMQyofFYseoi7
;KUpuFCtVXlHy/OIeIGlOd8BiOJijvC9SYssZP1wY6dVNIxVyQjlBA+LM/wkuclIeowVn67WhKWh/zR1
;SAGKQpShKeBArVS1T7s30fVgHIB7daRS0taUzUmDMI14zcYanJD4TeXQhVE3ko5J/QQcgSJ8Fe+vGzS
;lbf/cPVzZzhbESIxVyQjlBYuDN9hEkWEx33XFn6MHNWjc+mkkEbCfc1WtKexRYOV5i9cv4Ex5wQXLCW
;gOEs682UlPEFVE6ZbanKDoedV8KQFLlxpF+RwcgHu9EJamFjloSDKh8TDNltqElIxVLXDRBUd7Q+BMm
;a0VBwmwJjpm/P0dpyQhgMnmNsE1JfRQrVWx8w+HSPkEmIB6udguYmbk1R1PbCU05d4qwEiMVckI5QWL
;gzfYRJFhMd91xZ+jCzVo3PJNFD18/6dVNORZ1RzlyXPPG8CIyaEx3yloOhaCkNltTzhBQKEmKuiA6Hn
;pYNFlU7s2RfhoHIB6ePlfQ9uNoDDyGSAtrItLlY35AJAVjHAm0mKFTdzwQMJk1UtL9/XQPN5hSCGkn0
;O58ZE4vG3sVCLaSqk96Nw4mlj1e0PX2ahk1mk8OZCPS5WNzTiYbbhwNupKqfVYHIB7daguCopIzWWrB
;EFMAd4eyIS8keEImWT2CpZF9QTMVJZ82UuvSzVo3f8cQVjtJgLsrIxd4dCVMSfXG4xNBBCUergUrgqi
;oKTcXqHw/LHmFvCkVEnpNPEFR3tPwCTViUnDxZwifsqI3Nw+tfD9fWoC7KDl7AitVLU700+ESM3N/et
;tkC7SjtS5FedsVUDEW6tlNSntVRzkNWPnX4wglYlIetwVn67W4Kkdj2ghgNniPvCEmJHVFMkFY3s/4D
;jUHIx2uBWfG8vhaFwyofEwqZpm6Pz4kfUUzRFHt/P4INWtJcMt2OI6+uShCaM0OP1wa6dVNCxd4CzBV
;SfPW9RgzBywergUUnra9NUV49whGL3Pp1khKexRnPENY8qOBfUEHU2vedQiZspIpQ37JCFo4b+nWSUp
;7FH8nSFiBpJF9QXRVbt5qFZ/GzlA3DKg5STpkkKIlLwlxK3YtPYHQ5A8nZkN78XYIh6+pBVVj3AhQMk
;mAuysjF3h0JUxJ9cbjE0EEJR6uBSuCqKgpNyyofD8sY5uzLCkeS1g6QVTl/OUSMVhJcMhsC4eZvTtDe
;M0OUV8V7NVNSjd9RTBePZWjkX01Yk1uy3cGn7O/P2huzRhgM3+aoU1JexQrVS0ogaORCSRqUHvcZBOe
;tKgFW2nOCGAzf5qhTUl7FCtVLSuBo5EJJGpQe9xkE560qAVFZc8USwB6gKY5SngUK1UtPY+jkX01Yk1
;uwmQTjpmjNUNp23w8Xxbp1U1FexQrIkRN5PzlEjZiUkHDagOOxs5QNwyoNVErc5u5LCkecCtFLT2B1P
;gNJFhUcdlgFbS1pTtHaah/Nl8W6YcoKQ91RTJBWIGtkX1BcEluy1oQiqqhBVpjzBk/XBzp1U0DFWBOJ
;0Fc4sb1fVEHIB7Bah2Omb4yXmnEGGArb5mwTUlyFCtVelz1xuM7IGtMHuoFZ+vAzVo3asQTTy9v6dVN
;MDgUKy9uPYHZ0n1BByDTYslZ6sbNknUMqLR9Xhbp1U1Ks1UrVS09g6ORfUMHIB6ugWTrx81aNyOofD9
;VFunVHQY6NBp7GgjszpF9QecfHq6eI+vGihmy5289Px+KrNVNsD0UK51vaIWjkfQRSWcTpB9t68bNV3
;5E7C4/Xxet1U1LHRwtVS09lC1yhkEHIBfeTT6Yxs1IQwyobkteyI/KNUp7ECgcaXzV20uQmaYx3O4RI
;jpZgJjzoKj7fL7+aIelXjHVjlU50c3jwD0XRlKQUePu0P0WRgGX23wvknNSbsdoy2LcgsbrVL9/hn91
;agiqe7WIXK92Uvr1KS8sXHgOm6C72zF+QwFyo5VsARchGr9Fd+rC3BonDaxtf08X7cQNWnoQOhU9PIW
;y0W1AAzFevgRj+obdWzMd6Gw+WwepxUxOalQ7VCkswbOQeVBHMB+qFAeSfFf5hpiwN45BpkX1q3w+Wj
;Xf7Y9NTssTEnPboCHmV7PJle9QsFVdPSMfy1VtSHM2q3UvNaMjsX9JJaA+rA1Fa+bPUhWMiH43fZbJ1
;0Vo+zQpXQ+9oaGZX8EnIhaMhUfpzu/aFw6gXr9/FOH3zWp5HAnVDT+JgRFdQw8Cno4Hb8lG7Vg/Lqj+
;N3+e6VdFavMUqV0NtYEhmV3JB6IWjo1nac7t0jeOoFy3X5Th9cVK+RwL3S2/iYMZfcMPAJauh2/LTs3
;YPywgfL1XNmHVz0JbnCvXJR0JoxN1YY8gnKYl7+tExdoXDqBev38U4ffNankcCdUNP4mBEV1DDwKejg
;dvyUbtWD8uKFw9VzRp9U9CWZQLVyUfAYOTdWOHABymJ+fLxMV4tyyqdB3fNuvdb8pbFiN3rR2Dq7P9Y
;QUoPC4lZctOzdg/LCB8vVc2YdXPQlucK9clHQmjE3VhjyCcpiXv60TFer8MKnQf1xZr3W3Ce5YjdaU9
;A6ux9UGFKD4mBeXj5kVatQSI9D/dHsldTchzNKNVrzWhK5H/SSeoHqYn58vExXi3LKp0Hd82691vyls
;WI3etHYOrs/1hBSg8LiVl4+RNejUEivwfXR7LVW1IczardS81oyOxf0kloD6sDUVr5s9SFYyIfjd9ls
;nXRWj7NCldD72hoZlfQYUoPiYF5ePmRVq1BIj0P90eyV1NyHM0o1WvNaErkf9JJ6geLA1HY8ZPUheEq
;P43f57pV0Vq8xSpXQ21gSGZXckHohaOjWdpzu3SN46gXLdflOH1xUr5HAvdLb/poZE8RRdkHu8Bd6/G
;jF4nSKg9O09S6ZRJWj8UalE9eYHilW0FB2EavkFnqsLdHjdNrGx7X1ftxQlKOhA7ES18hbPVfQADMFq
;uRGP7gs0bMxzsfH5bBq3VDE5rUCtRPH2RopVsARchGr9Fd+rC3BonDaxtf08X7cQNWnoQOhU9PIWy0W
;1AAzFevgRj+obdWzMd6Gw+WwepxUxOalQ7VCkswbOQeVBHMB+qFCf7x8lLdxypeC4fBujRXEo6EDsRL
;XyFs9V9AAMwWq5EY/uCzRszHOx8flsGrdUMTmtQKxQpLcWj0HlRQyBfqhUj64fJSnMM6XgvG5ZWBNHM
;mngt1aUynWmJJnk008OuBWfrj4gUc6LqHL0WEunVxBo1UyZfNzeBo5FwCE9kTK4FZq/GzVtRBK58P18
;DZza2SnsUIiVlZPKjkW81ByAM2gS5jdm1WjcPXzV7HkKRD6CSWhqvZT27UMISZRZWYZxJ+7AL9EUrP8
;gCQT93ADcmANkkaEJv2eNWo7G7JF6C6cAMhz5woNHGxmmqZTuw7FQWkIwpgb/RNnBp9ORoj+Cz8wyFL
;KrN2D8sIHy9VzZh1c9CW5wr1yUdCaMTdWGPIJymJe/rRMV6vwwqdB/XFmvdbcJ7liN1pT0Dq7H1QYUo
;PiYF5ePmRVq1BIj0P90eGe2u3zhBPgBIAGH60LGNz2xVrooVXa1UQ1RnhdpW7QgZv4o7g1cvrTx5geK
;VbQUHYRq+QWeqwt0eN02sbHtfV+3FCUo6EDsRLXyFs9V9AAMwWq5EY/uCzRszHOx8flsGrdUMTmtQKx
;QpLcWj0HlRQyBfqhUj64fJSnMM6XgvGxao0V0OexA6FT08hbLRbUADMV6+BGP6ht1bMx3obD5bB6nFT
;E5qVDtUKSzBs5B5UEcwH6oUJ/vHyUt3HKl4Lh8G6NFcCmsVL0RtLYCngD1RBiQP7hVm79eNSjYIuTwv
;XhL41QxOa1ArFCktxaPQeVFDIF+qFSPrh8lKcwzpeC8bFqjRXQ57VS9FaT3Ap4E5QUYkDuoFJu/WiVp
;2CLg4Px4S+ZFNC38Eb1VsOZHnkTxFF2Qe7wF3r8aMXidIqD07Hwbo0VwKaxUvRG0tgKeAPVEGJA/uFW
;bv141KNgi5PC9eEviVXUt/BWtFLDmQ44F8RRZgDq8BdqvWzF4mTLh9O05W+dRJWzsEKlE8fZGilWwBF
;yEav0V36sLcGicNuDg/HhL5kU0LfwRvVWw5keeRPEUXZB7vAXevxoxeJ0ioPTtPUumUSVo/FGpRPXmB
;4pVtBQdhGr5BZ6rC3R43Taxse19X7cUJSjoQOxEtfIWz1X0AAzBarkRj+4LNXiZMuH07Tlb51ElbOwQ
;qUTx9kaKVbAEXIRq/RXfqwtwaJw2sbX9PF+3EDVp6EDoVPTyFstFtQAMxXr4EY/qG3VszHehsPlsHqc
;VMTmpUO1QpLMGzkHlQRzAfqtRj60TFer8MKnQf1xZr3W3Ce5YjdaU9A6ux9UGFKD4mBeXj5kVatQSI9
;D/dHsldTchzNKNVrzWhK5H/SSeoHiwNR2PGT1IXhKj+N3+e6VdFavMUqV0NtYEhmV3JByg8LiVl4+RN
;ejUEivwfXR7LVW1IczardS81oyOxf0kloD6sDUVr5s9SFYyIfjd9lsnXRWj7NCldD72hoZlfwSciFoy
;FR+nO79oXDqBev38U4ffNankcCdUNP4mBkf9JJ6geLA1HY8ZPUheEqP43f57pV0Vq8xSpXQ21gSGZXc
;kHohaOjWdpzu3SN46gXLdflOH1xUr5HAvdLULiO3YEdARg2rknYPEK0NkpgKh8P19frJsJ5Dl0qUf9P
;YGikX1Bp+8erpBj68b8WjcM+HxNX3/pu00+e3ErJy0MgfyRPEFJIFuuUWe0xoxaDwz3fG9feumgTTl7
;SysHLW2B6pFOQVggTa5OZ7nG/1poDOF8W19z6bRNJ3t1Kz4tWIHRkSJBVyBsrmpnjcakWlsMzXw/TBb
;p1SwpGHFHMF9c9cr+Ex5lT2raagrrx81aNwyoPEAfFvLVTUoad0gwQVjzwuUULml/fMFxE4SrkilCfs
;4dXDoW6NVNSnsUayptPZmjkX0gZEN7wmAVirKkNVlTzhVNLGK2uSwzHmYrVC09gaORPT5HIA2uBWeKp
;a4/W2naHUs2eYeKJCQdfUc5LTyBo5F9QUdfXq4dZ+vGrDlUacQZTT5igLojFRJ6WDBZYujN/xgzByEe
;rgVn64ayGjcUqHw/PnWKsCEvCXVfPEJT3sr/DiRzf3HbcQKZxsxaNwyofH8gVunHTUp7dUg2SFHk0fA
;JKGhOQd53DoWyzVs3DKh8Px9pqdVZSnsUSjZOWO3G4xw1bk9w8XYSm7aiKEMMqXw/XxbplTIKewQrVS
;1c4sD0ESR1QWrHagm0sqIqNw2ofD9fFqmqDUpjFCtVTF7ixv0YM2ZUd8FrOJ+pvQVEedoaXjxz6dRNS
;nsUKxVSfYGwkX1BZkN9y2kCmae5M1hi9whNPmCMuU1LexQrVS19/uORX0EHIH/NZgKHo787Q2XHEmAr
;ZIijKCYkZ0M6X0nex/gONWZOfcsFZuvGzVo3DKh8P3YW6dUsPBR9TwpZT+DV9BEeb09yy3Y4m6e5Mmh
;hyQRgM3OHsjkiJHJKNllS86OQfUEHIB6ubCfr781aN23eE1Y7SZ2nLDweeHQ9QlHk0M4NIHNIQcNkH7
;SoogVFadwOXjxigLojSnoUK1UtPYGjkX1KByAezGALn5miPFF/zQg/Xhbp1U1Ke8QUVTs9gaPzGC1zf
;2zPYxO0p645UmDNDl4rf4a7TUt7FCtVLX3+45FtQQcgfMtpE7S0rDxDU8kVTTh3mdVMSnsUK1Ut3b6j
;g31BB0J7wnE4maerLmhqxBNILXedsE1LexQrVS092OORc0EHIHzLaRO0tKw8Q1PCGU00FujVTUp7FCt
;BbT2Ro5F9I2JMavF3Bo2ykjVRatsZS18X6dVNSnsU22otMoGjkR8ka1RB3GQBn5m+KlJpzHw+Xxbp1U
;1KVVQrRi09gcH0ETVYUn/IcTifrqQ5XGLND0xfF+nVTUp7FNNqLS+Bo5EfJGtUQdlkC4eZqzZYe9odS
;zoW6NVNSnsUKwxtPZWjkX0jYkxq8XIGh6qSNlJizwhXAHuAu01LexQrVS09cZyRckEHIHzLaRO0saw2
;W1PbDFo6cunUTUp7FCtVCX2BvZF9QWVSd8piDoWhkj9PeNoJTDZ5h4o6Ix9gQwpfXPXK/n1AByAergV
;nsobNSDcMqB5NNnKOvCMtJHJKO3JO8cb0GUEGIB6uBWfrn41aIwyofF0tf42yJCQcS008VVjl/PATJm
;tFHq8FZ+vGzVo3DKhlP18Wi6ckLhx9RTJyW+3M8AkkY39/3GAGtKukNDcNqHw/Xxbp4Q1KahQrVU9P6
;Mf2FC9gf3jCahCZp7k/Nw2ofD9fFumMDUpjFCtVT0/ox/YUL2B/bcZgC4e1kjxbY98OXitz6dRNSnsU
;K1V0fYG2kX1BZVJ3ymIOhaGSKV9pxBBMAGWZsCguexUrVS09gaOvPUEJIB6uZxWCoqozWWv3D086c43
;VTEp7FCtVLXPBo7B9QQdCbMdhAIKoqgVEedgMUC1ijLESKwlxSgpfXPXK/iIsZlgerwVn68bNWn5MqH
;M/XxaLpyQnJHhCO0hi4szkEzUHIR6uBWfrxukaNweofD89ZIC4EiUdclgwWT2Ao5F9QQcgHq4FdevGz
;TlYbdsIVjFxtrEkOQ91RTZIDIGikX1BByAergVn+cbNWlRjyQ9LNniOiikjCGBKO05Ys6OQfUEHIB6u
;BWfr6M1aN2/HEls2YoC6IysXS0Q7SGLyy/QRLVhPcPFxCJuZvi9FaskfWixJhLwjFRpmTjQtPIGjkX1
;BByAeripn68auNVlowQhWMHiIuRIlFXF0JkVY7c/OEi9YVHHeWhSetKs7VGnbI1I2eLaiJC4PfCtULT
;2Bo5F9QQcgMa4FZ4ipoz5eeMETUT56tqEiOiRnXidLXOLGzhQvYUlywloXirK5P0Vi9xFWMUmIpygre
;xUrVS09gaORfUE3IB6uZgiFoqQuXmPGHVMAYoalEjkOZk00Tljeyv8bKGtMQd5kE5+jvzRoYcESYCh/
;jaElSnoUK1UtPYGjkX1UByAezWoIh6+jPWhvxxlZOX+KvCgkD0tKVSwQwr96n3ddHx67BWfrpaI1W2X
;GG2A8eYyzKyMYfU47WWLjo5Cwjcvs0mLx2OvTzVo3b8cTUzZ4joouJR5yTTxOVOTN5SIiByEergVn6w
;a/GjcfqHw/PHmGuRInEnp0OUxE5NHOCShqRR6vBWfrxs1aGUyobT9fFoq6IiYkeUI7clvkxvUPIHNFH
;q8FZ+vGzVoTTKhqP18WjbAjOR5LWCBdTe7R5SIna09p3GQTjsbMWjcMqHw/BlbpyE1Ke3BOO15Y3tDk
;DTFoUmrxbAmNr6E2aGPdCFM2eIymTUt7FCtVLT2Bo5FqQQcgbdt1F4S0uQVTacYPWgBwgLkhFQl1XzA
;tPIGjkX1BB3Rerhhn68apP1l/zSNMKmaZuj8+JH1FO0hP3sbpDSBpU3fBa2fqxs1aNwyofD9fBenVTT
;kOZFs6X0nex/QTMmJ/cs98ApnGzFo3DKh8P18W6c5NSntwTjteWN7Q5A0xaFJq8WkGkqO/KWhuxwhLM
;Hvp1E1KexQrVS09gbCRfUFjRXDdYDiYs70qWH7cI0wvc4yxTUt7FCtVLT3I45FkQQcgesdoAoW1pDVZ
;U9AFYDx5hKUoJAh1XzxCU4GikX1BByAergVn9cbNWlNlxRlRLH+GuxIyAktIOkBN5M3iHDVuT3DxbQi
;Ho81bNwyofD9fFunVVEp7FE85XWLgzeUUIGtJf91sCYyZqihWdfcRXicW6NVNSnsUyzptPZijkX0la1
;BBz2sTgqehM1Z/wRJYAHGbtDQVFn1FVSw9gaORfUEHIB64BWfroqEqaG3GCFY+eoC0PiMVc3Q5SEvkz
;5F8QQcgHq4FR6vG2lo3DMwQTwB3h6EkKxd9SiZEU+b8/Bg1b096rgRn68bNWjf8l3wYXxbpsSE6JHZK
;Jkhi7cLoGDNYQXjaYBW0o7UqWH/dDloAYYi8ORUPfUYwLTyBo5F9QQcgHq4tZ+vGqTZHU8odTDpJhbQ
;0LwlLSTBLUvPGzhg5d09t23cCtLGsM0NT3BVSOhbo1U1KexQrUW09naORfSVrUEHMZBSOmaE7TmnaI1
;0wZI2wPxUUck0mSEmBopF9QQcgHq4FZ8/GzVpTYNgjXT5ljIohKwJxWQpOUu/X/ggzWEVm3moUnrSoB
;UNlxRk/Xhbp1U1KezxrVQY9gaP1ETFYQn/dYDiHp7Q/RVPND0s2e4ihJCUVS188QFjewP4QMWJObc9x
;DoSozVs3DKh8P18W6dVpSnsUTzldYuPC4hgea0Fny3c4ja+hNl5izyNaJ2aGpjg4HktfPEBYgaKRfUE
;HIB5eOmfyxs1aU2DYI10+ZYyKISsCcVkKXVL2xuMiLGhEe64EZ+vGzVo3/Jd8Hl8W6bEhOiR2SiZIYu
;3C6BgzWFJ/3mwDtKK/NUdT0iNML3OMsU1LexQrVS09oeORWUEHIHrCdTiJp74/aGDJBVotSZu0PSMfS
;0c8S0ne2c4ZKHRUf8BmAuvHzVo3DKh8LR8WyNVNSh94WwpPXPLGzhEgfkVs8XcGm6+pBVtlzghgJUma
;pSgvHxQqVS09gaORXQEHAx6uBQOHtpI4Vn/NI1M+b4ynEjkXe1wKSU/u084HHmNJbdpkCYijzVs3DKh
;8P18eqdVtSnsUTzldYuPC4hgea0Fny3c4mKqiLWho2hNPAGy2pj0vHnArVC09gaORfWFHID2uBWePqr
;0FVW3bGWAzd5CwPxUIeEQiclHoxeUiO1hEd91xBoWlqFo2DKh8P18W4ZVNansUKzFBTd7B8A4kWEx/1
;2AVtLWhNUBTxBVZK0mTij46HnFPVSw9gaORfUEnYB6KBWfroqEqaG7JD1oAeoisKDgkZ14lXVLz184Y
;OXdPbdt3ArSypDdSDKl8P18W6dVlCnsxK1UtWe3Tzh8gdEVBwmQejrSSLl9lyxdROmWaii4lFmROO15
;c9cr+E0EGIB6uBWfrxs1aEwyofFszZra3LDkeS0c0VFjz/OQNMWJSQd5qDoWyki1WZdwjSzZ7jNVMSn
;sUK1Ut3b6jnn1BB0Ry3loFirWoBVtt0RlNLBbo1U1KexQrdW09nqORfSVrUEHNbQaGpKgoaGTNHUsqZ
;ramOSsVcEkscknozvR9QAcgHq4FZ/+GzXo3DKgYUy9Jir0sJxlxWQpdT+jN5RQvYH9qy2gXjrSsLkJ+
;zXw+Xxbp1U3KOlQrRC09gcf9DR5kT3DaahKZmbozU3jAfD5fFunVTUpzVCtaLT2Bx/0NHmNSZ8drALS
;ypDdSDKl8P18W6dVZCnsHK1UtWe3TzhglYEVBzGkSmZmhP0FpxHw+Xxbp1U1Kiysrdi09gcf9DR5hSW
;zDcgaZo5I7VG/NEFotd528IiQkbnQxSFvg1v0JQQYgHq4FZ+vijVosDKh8WzNmtrMkOBZjSidIYuvG4
;xYefX96y2MGnqq5WjYMqHw/XxYZ6k1SexQrMUFN3sX4DyxwQWzLWhSbo6g+aHb3EV4nFujVTUp7FCtB
;bT2ao5F9JWtQQcZgBp+Zri9FZcYbYCtzhKUoOBpgXidIPYCjkX1BByBQ7gVw68bNPlt89xVSPnGMijk
;4GnpYM0hP3tf4ECQHIbDp5B3/aNgaNx+ofD87epmKJDkXdUUxclzzxvAiLG5OHq8FZ+vGzVrPM6hnP1
;8Wjbk9FRd1UjBfYuzG4xokWENywXYCtKCsOVJ/qH0/Xxbp1U1KexQwVS095c/hIiwzEC7xZgiGq6w0U
;1PMGVM+b7ahJCceFCpmHg6ykKKufgcJHq4FA4e2kjdeaMwQWgB6iKwoOCR1TSFIT97G6Q0udFVsy1oQ
;iq+5BUNlxRk/Xhbp1U1KexQrVQc9gaP1ETFYTXfKYQuOmaE7TmnaI106cIanKBUebFs6Xkjzxs4KIG5
;UQdpsCo7GzFo3DKh8P1tW6ctNSntwRyVyUOjH9REkWEx/12AVtKSiKFNp2iNQOXCasDlKehQrVS09ga
;ORfWcHIB7KaRe0q6Q+U2DNI1M+b4ynEikUel86WE/exukNLnRVbMtaE4KrqFo2DKh8P18WyZVNZ3sUK
;zFBTd7O+Bkla0VBwmQejrSSP0R4wRFeK3+GuxI+EnlOCk5S7NP0EzJmVHfBa2fqxs1aNwyofD9fP+nV
;TS4XZHQ4RFnlz/QiLWZZe9xaApO2oilCfs0jSzZ7jIo5OBp6WDxZVO7NkXxBByAergVn68brWjcMzBB
;PAHuAsSkmHktHNFRY8/z3FC1rSXDJWgKTtqIpQn7NI0s2e4zVTEp7FCtVLc2+o4p9QQdEct5aCoKiqT
;ZSU8QdRjpktqUiPR5mdDhCWeSjkH1BByAervVY6+XNWjdoxAxgMn+NsSEvJHhKLEhP3tHwDShjf3rca
;he0vJIpR2nNGD9eFunVTUp7NGtVCz2Bo/URMVhNd8phC46ZoTtOadojTT5mgLESJhJyXwpXYuXK4gkg
;aUN7rgRn68bNWjcM6HwcXxbpsSE6JHlCMUlR5Pz9HDhiUkHcZBeCopI2XmrcI0UAZZmwKC57FStVLT2
;Bo7E9QSIgHq5hC5uZoDNTaMQZYDN3kLA/FQh4RCJyWfPM4SI7WER33XEGhaWoWjYMqHw/XxbplU1oex
;QrMUFN3s74GSVrRUHCZB6OtJIpW2PfI1steZmKNxUIZE4wST2Ao5F9QQcgPu4FQuvGzT5bfPcRVjtyh
;bASJhptTidyTu3M5iItbkZq8X84j6++LlZiyxk/Xhbp1U1KexRrVQ89gaP1ETFYTXfKYQuOmaE7Tmna
;I0wzeZ6KISMdYHQvck7xxvQZQQYgHq4FZ+vmjVoRDKh8WzNmtrgkLh94TgpBXPjG4yIyclBuwXcTtKO
;1Klh/3Q5aAGKAuChKehQrVS09gYPRfWcHIB7KaRe0q6Q+U2DNI1M+b4ynEj8LZE4nck3uyv8JHnBBd9
;paE4KrqFo2DKh8P18W6dVNW3sUKzFBTd7O+Bkla0VBwmQejrS+WjYMqHw/XxbJlU1jexQrMUFN3s3+D
;yxmTEHCZB6OtJI7UXjNDmA6bpm6Pj8JcXQiTFT1/OUULGIgH64FZ+vGzVo3DIJ8P19yhaUSJBRmRjRB
;Yu3C6BgzWEJ7yGoVjpmoIkdj2wlNOkmetCQ+JGBCOEg9gKORfUEHIB7uBXnrxs0+W3z3ElAte4i5EiY
;abU4ncl/u0fUYM1hPeMh2Ap/GzFo3DKh8P18W6fNNSntwRyVyU+7R/BwtWEx/12AVtKWiNENj3Q5gOm
;6Zuj4/CXF0IURQ5KOQfUEHIB6uFSfr681aN2jEDGAxeZu4LCYkeEosSE/exuIJKGpBasdqCbSypDdSU
;8sTUi9zh6YsPhJ7RVUsPYGjkX1BByAeiAVn66KhKmhixw5SPnq2uSwzHmZ0M0RR7cr/Gh5iWG7BdhKZ
;o5IuXmHNfD5fFunVTUprVCtOLT2Bx/0NHmlPbMNkC7SqrCNSfvcMUChzm4ogJR9xK1QtPYGjkX2xOCA
;9rgVnj6q9BVlj2hFeM0mFtDQvCUtZNF1U5fz1Dy53f2TxdheOo6laNgyofD9fFsGVTWx7FCsxQU3ezf
;4PLGZMQcJkHo60kihWfMEYYDN/j6ESMCRwQiZZXO/A9H1AByAergVn64bNeTcMqBhTL0mHuj8nGnh0O
;UxE5NHODyB3SXrxaQ6NspIgaH/YGVo7FujVTUp7FCt9bT2ko5F9JWtQQcBqFYanoQVbbdEZTQBlhbo6
;FR9mRCVyR97H+A41Zk59ywVm68bNWjcMWEM/fRbp1SkmC0tFOl9Q4M/OESB+RWzxdguEsZI+RWPYI0U
;AZZmwKC57FStVLT2Bo7k9QSIgHq5hC5uZozVFYckQYDN3kLA/FQh4RCJyUejF5SI7WER33XEGhaWoWj
;YMqHw/XxYZ6k1oexQrMUFN3s3+DyxmTEHCZB6OtJIpW2PfI1M2cJ2KNxUIZE4wST2Ao5F9QQcgCu4FQ
;evGzT5bfPcSUC17iLkSJhptTidyTvTT4RIzc3971nUImLO/P2h4wRFaXxfp1U1KexQxFS0bgaORGS13
;f3DBdwqKqpI2VnXNDmAqZpmwPxULe0I7WWL2wvgJHnNJc8sFZuvGzVo3DKh8P0EW6dUpJgtLWTBAUvf
;Gzh80ZUJyy1oQiq+5M1lr9whWMnPp1H55SCcYZv4Cga6RfUFjTG7xdgSKqqQ0UFPQfD5fFunVTUoiVC
;tYLT2Bx/0NHnRDf8JsCYyZtFo2DKh8P18WsJVNWXsUKzFBTd7Q/RQiYn9qwWkCmaejOVIMqXw/Xxbp1
;U1KeyYrVS1Z7dPODjR1Rn/NYDiYr6k/aHjNBEsqZIyKKSMIdUk5SGLuzc4SN2JSds9rALSnoz1baah9
;P18W6dXNCzsUCFUtPeXP4SIyclJ4z2YCtLWkPlJT3BlHK2ObsBI4HmdEOVhJ6Mz/fUCduYc3nP5S+c1
;4NwyoGFMvSZqgPywad04KXlTlxs4JJH9Ua9xgOJO/kjVRatsZS18X6dVNSnsUy2otKoGjkRktd39qy2
;gXjrSsLkJ+zSNcN3eEtyg4exUrVS09gSPQPUEXIB6uYQubmbo7RGTBElgAe4axKEp6FCtVLT2BU659T
;gcgHst9E5mzqT9FU8kRUCp4ndVMSnsUK1Utzb6jhn1BB0Vm2ncSj6O/BVJ0yxReMXGMijkjFnEaVSw9
;gaORfUEHIB65BWfro7UuRXnMGU0Ac5G2JSsVc04KWVTsxqN9QAcgHq4FZ+vGzUg3DKgZRytknLEoOCR
;7TTNeWPX86UxBBiAergVn6/+NWiUMqHxaJ2KboCkvCUtEM0tO5NfOBXMHIR6uBWfrxs1aNx6ofD86bp
;2nOC4eZnQ6S1vyxuUiOTQgH64FZ+vGzVo3DLp8P19zkaE/Px9xWQpCW+fQ9AkefhEerwVn68bNWjcMq
;G4/XxaMrTk4DnBOJ3JS58XiGDVYWSyuBGfrxs1aNwyofC1fFumwNT4JYU8wX2LuxfcOJHN/Z50FZuvG
;zVo3DKh8P2wW6dUoMg9mXjFIT97Q5hQ1ZEhBzWoIh6+jPWhkzR1LKma2tCk8GnpIMHJJ5M7hGDNmVGv
;cYFbrx81aNwyofFYfFtrVTUoebF8nWFnk0c4ONm5UfcZaBISpoTNZa/cUWj5inKUSKx9iSjtOWN7X9B
;AxYlJ/2nAVjvTNWzcMqHw/X3+p1WZKexROLVlP9Mf0Dx50V3faZg+0paI1W2XGG2A3c4ihODokdU8jT
;FPixs4JKGpFHq8FZ+vGzVpzTKhiP18WjK05OA5wTidyTvbK5R4pWENxwWkOhaGSKlZ+wyNHXxfp1U1K
;exQVFS0jgaORGDlzUmvKYBW0tbozQ2/AI1wweYW8Iy0kZEonRmL4o5B9QQcgHg5bJ+vizVo3adAITSp
;yjKcSOQx9XzZFYuLM/hEoaUdB2mAKm6O/O0N52hkOXxfp1U1Ke5RNFS0ZgaORGDlzUmvKYBW0tbozQ2
;/AI1wweYW8Iy0kYE44XVjzwuUIM2ISHq8FZ+vGzdpRTKhlP18Wm7A+PhpmXwpIRfXR8CIlckFy8WQKh
;LOjLjcNqHw/Xxbp1U1KXhQrVUhF9dHkGSR1f23ZbBOIrpIoUn/cHU0rSYytOTgaS0o4Qkjv16N9QAcg
;Hq4FZ+vGzUg3DKgOWixiiKc5FR9hSjlyTvHG9BlBBiAergVn6/KNWikMqHxaJ2KboCkvCUtYIkRJ4sv
;ODyR0VH/ccTiYtqg/Uz6ofT9fFunVTX47FD1VLT3zxuUPIGRUd8FrOI+zrDZobcUTSjFi6dRNSnsUK1
;UJfYGBkX1BYlhq3HADjrSSKUBl3B9XAGSMoT8rGGBCOkNi4M7+CC9zEh6vBWfrxs1aE0yoaT9fFpuwO
;Tgad188QlPex+QcLVhTbstgA+vHzVo3DKh8Cx8WyNVNSh5sXydYWeTRzg42blR9xloVjrK/O1R4wRNR
;AGWZsCguSRQqVS09gaORSQEHMx6uBQKTsr8vU2naI0g2ZoyKOSMWcRpVLD2Bo5F9QQcgHr0FZ+ujtS5
;FecwZTQBhgKUoFQ99RjAfPYCjkX1BByAergVo68bNP0942glMNnmHijojH2BDVSynGDoI5NjeHx6/BW
;fro7UuRXnbFVAxSZ68KT4TSxlVLKcYOgjk2N4fHr0FZ+ugrDRobsQVTwBmiKA+LyR5WDBOPYCjkX1BB
;2Bh7gV168bNPFZi9x5TNma2oSU4HmdDOkFZgaKRfUEHIB6QRWfixs1aUW3GI0wvc4yxTUt7FCtVLT3Y
;45FwQQcgeM9rOJi2qD9TU8UdR18X6dVNSnsUbxUtLIGjkRsoa0Fzy2sTtKKkO1pp3BlNXxfp1U1KexT
;Xai0vgaORGyhrQXPLaxO0oqQ7WmncGU1tFujVTUp7FCupEj2To5F9J25Mf8NgCZ+ZqTNWYc0IWi0l6d
;RNSnsUK1UtPYGxkX1BYUlyz2gChbKSPl5txRlLOmTd1UxKexQrVS09gaOcfUEHRnfCZAqOqLkFUWDHC
;z9eFunVTUp7TWtVIz2Bo/cULWZNe8BxOI2qoi0GDKl8P18W6RUaCnsaK1UtW+jP8BAkaVRByGkInPTN
;WzcMqHw/30Cp1UBKexRNPEFc7Mb/CR5zWW7LBWbrxs1aNwyoPD9RFunVKyMXdUYwQ0ne1+gNJDUgH64
;FZ+vGzVp3DIh8P19wgLk5LwlLRCBZYvLO8BEtWFB/3HE4mK+3P2h+yQhWMBbo1U1KexQrDG09pKORfS
;duUm3aWguKv6goaGjBEVoxZYC6IxUDbXQ2QlDxxv8OIHNJccAFZuvGzVo3DKh8P3UW6dUrIwlnXwpBX
;PjG4yIlbk17wHYOhKiSIk5TyxNSL3OHpiw+EntFCkVS7caRfEEHIB6uBWfrxuxaNwzOFU0sYra5LDMe
;ZnQwVUnz1uIULml/acdhE4OZvztDZcd8Pl8W6dVNSiJUK00tPYHF+A8yc0x/12AVtKCkNlZhzRJLAHC
;FujpKehQrVS09gfrRfVEHIB7MahOfqaAFQ2TBH1Qxc5qmTUt7FCtVLT1RnJFvQQcgeMd3FJ+ZoTtOad
;ojTDdzhbk+SnoUK1UtPYG30X1vByAeyGwVmLKSNlZ1zQ5gLHmFvCkVEnpNPEFR3sbpCTNyU3fBazicr
;6kuX1PaHUs2eenUTUp7FCtVdH2BgpF9QWFJbN1xOIentD9FU9sTUzZytrwjLBJ4RwpLUe7U4xw1YiAf
;rgVn68bNA3cMtnw/X3CApz4+JHhKLEhP3tD+EShjf3fAYw6HqpIpR2nNGD9eFunVTUp7UGtVPz2Bo/M
;SNXNPc/FpBpKjvwVEfM0ZW18X6dVNSnsUbxUtLoGjkRogd394x2kLtKukNGhgzRJYK37p1E1KexQrVS
;09gY+RfUFgQW7xYw6HqpIpXmLPEFoAc5GhPz8IfUQ7cl7uzuEYL3RBasdqCbS0rC5eY6h9P18W6dXNG
;jsUCFUtPebC4SInbkxy8XYOhaGhP2hp0AhNKmWAuiMVCXVfPEJi7MLpfUAHIB6uBWeChs15NwyoG14v
;SY+8ISYkZ0I7SlHk/PQFNXVVbcdqCbS0rC5eY/cRVjEW6NVNSnsUqxVtPZ6jkX0mZlBByGwLh5m+M1l
;rxBlgOm6dpzg5EntFCl5N5Mb1fUAHIB6uBWfShs1UNwyoG14vSY+8ISYkZ1swSFmBopF9QQcgHuBFZ/
;vGzVpQb8cYWgBikKUoFRJ6TzBVPYCjkX1BByAergVo68bNPVtjyh1TAHmPsz4vD0tTVSw9gaORfUEHI
;B6hBWfroaE1VW3EI1A5cJqwORUCFCpVLT2Bo5F9QQcvHq4FAIeprztbU8caWSxznYo3SnoUK1UtPYGj
;kX1UByAexmAGn6+jPWhvxxlZOX+KvCgkD0tKVSzH/8ktCdJvnx67BWfrrqg7Q2XGG2A8eYyzKyMYfU4
;7WWLjo5B9QQcgHq4FJ+vTzVo3ZM0dSzZ4joouJR5yTTxOVOTN5SIiByEergVn68aDGjcQqHw/N3OIoS
;QkHEtfPEBY3sbiCShqQWrHagm0srQqUgypfD9fFunVTUp7AStVLVXkwuUIMVhHfcFhArS1qCtCacYfW
;l8X6dVNSnsUK1UtHYGjkRQvYUlywloGj6e9Ll56zSNWMXCAuSEVCXVfPEJi7MLpfUAHIB6uBWfVhs16
;NwyoFVE5f4W5EisfdVshREvk/PgTJ25McvF3Bp+vogVaZcZ8Pl8W6dVNSm9UK0otPYHK/xsoa0xBz2E
;Gm7KkLFJTwRJROmS2sDU6GnpYPEJTgaIL5NieuYdHOmf9xs1aXmLOFVMzSYixLDoPfV0wclHg2vQPMg
;chHq4FZ+vG2Ro3Fqh8PzZ4j7whJiR1TzRdSejV9CIzYkRrzXEOhKi+WjYMqHw/XxbplU1TexQrPENb6
;M/9IiBjQW7abBGOmbozU3jAI1I2eOnUTUp7FCtVJX2BuJF9QW5OeMdpC7SnozlfY9ojUzp4jqElFR11
;SCFCT4GikX1BByAergVn5MbNWl5izhVTM0mIpygrJHlCOy08gaORfUEHIB6uGWfrxqQ0UWXEEGAsZoi
;nPi8kd0Q4T1Tvxs4RIH5FbN0FZuvGzVo3DFhDP0MW6dUkJB19RzlyWPnX4wgybk9w8XIOj7KlBUVt3B
;VQXxfp1U1Ke5R9FS0pgaORFC9hSXLCWgGCqqw3UmLcI1kzeZ7VTEp7FCtVrWvBo559QQdJcMhsC4eZo
;jxRf80IYCcW6NVNSnsUK1UtPY6jkX0oaUZ3wmk4hKCrKVJ49wU/Xhbp1U1KexQrVSE9gaP3FC1rf3HY
;YBWHp71aNgyofD9fFvmVTUZ7FCszRFHt/PUYL3RJatcFZuvGzVo3DIw8P1IW6dUkJB19RzlyTunG/RE
;yByEergVn68bNWjcAqHw/NniPvCEmJGdbMEhZgaKRfUEHIB7gRWf7xs1aXmLOFVMzSZ68KT4TS0Y8Qz
;2AOQjk2J65t5EFQ+vGzTNZYs0OYD1kgLEqIxVzdDBVSfPW4hQuaX9px2ETg5m/O0Nlx3w+Xxbp1U1KI
;lQrQi09gcr/EyR1f3zcbAOMr6M9aGrEE0gtd52wTUt7FCtVLT3Y45FpQQcgd8BrApmZryheaM8VUThJ
;mqUoLx8UKlUtPYGjkTMBBwEergUOhbWoLmhlxhJaLUmMrTk4DmdCOkNi9sr1CSlYUn/abAjrx81aNwy
;ofGYfFv3VTUoSelgwWWLozf8YM1hGcsFyFYqyqFo2DKh8P1+Wv5VNRnsUKzxDTuTX6SIyd0V7ygVm68
;bNWjcM7Dw/fhbp1SQkCHFfCkJI9cbjIiR/VGzbdg6EqJItXmjcFGAtd528Ikp6FCtVLT2B+tF9VQcgH
;sdrFI6ykjVCeM0OYDl6hqI/Kw9xK1QtPYGjkX0YRyASrgVngqi+P0M89w9POnON1UxKexQrVa18waOP
;fUEHSXDaYBWHqa4xXmLPI10wY4exLDgCS088XkngzfIYQQYgHq4FZ+vGjVogDKh8VjFijKchJRh/Qjt
;KYuLG/REeZk55wmBn6sbNWjcMKEp/Xw7p1U0jFWBOJ0FS4sj4EyZYQ3vCaTiHp7Q/RX+ofT9fFunVTU
;o7FDxVLT3ozeUYM2tPfcVsCYyZrj9bYPcLVjtigdVM0OKNssy01L6jg31BB0lw2mAVh6muMV5izyNbO
;madvU1LexQrVS09geORcEEHIHfcagmCqKoFVmLPEFpfF+nVTUp7lH0VLS2Bo5EUM2hOd8BiOI2qoi1F
;bdwZP14W6dVNSnsAa1UgPYGj+A8uaUlwyVoOhbWoLjcNMuWmxo9wHHJKbhQrVURP7s34EyZYTHfAYDi
;Pr74uVmLLGT9eFunVTUp7FCtVID2Bo/gPLmlJcMlaFJujqD43Dah8P18W6fENSnAUK1VHWPPIzh8uc1
;RxwwVm68bNWjcMvDw/TBbp1ScvCX90N0JJ9cz8IjJyUnjPZgLrx81aNwyofCsfFvnVTUoRcVk+clvo0
;eIJHmtBZ8t3Z+rGzVo3DKhof18d6dVNIB5mQApEU+fK/RFBBiAergVn69KNWicMqHxVOmSCiiQkCHFf
;CkRT78bjfUAHIB6uBWf/hs1KNwyoFlotfba8IzkeYHQ6WEnk0ZF8QQcgHq4Fc6vGx1o3DMIZTTRJmac
;kJA8UKlUtPYGjkWkBBywergUNjrSmBUR52AxQLWLp1E1KexQrVTl9gauRfUFtRWzFWhOEts1bNwyofD
;9fAqnVXUp7FEEwX1be1/4NHnRVbMhkBI7GzFo3DKh8P0tW6d5NSnt+TidGYvXR8AskayAfrgVn68bNT
;ncMo3w/X2abvCM+JGdbMEhZgaKRfUEHIB7qRWfnxs1aW23RGU0Afoy8KiIPFCpVLT2Bo5GtfgcGHq4F
;C4q/qChoZM0VWDditrQpKwtgQiNIYuzC6SIpYkl5xnE4mae5M1gMqXw/Xxbp1QMKezIrVS1R4Nr0Dx5
;vRXfJbRO0p6k7R3jBCloAe4C7EiIefUw9WWLzwuUULgchHq4FZ+vG9Bo3L6h8PzN3kLA/FRNxQjJFSd
;7C9Rwxc0loy1oUiqu9Nl5izyNMK3OZ1Uwxb7pstFe5vqO6fUEHTH/XYBW0rqgzUGTcI147d5mhJDweS
;1ghSE3u1fQPHmVPatpqCrS0rC5eY6h9P18W6dVNAzsUA1UtPe3C6BgzWEh7x2IPn5msPlZ83BVJOkma
;oSg6FGJOJ3JJ7tPODyBzSXGuBGfrxs1aN0XofChfFum5LDMeZnQ4SE/mxs4eLWhTe/FjBoijvlo2ljH
;lpsaPUOpNUnsUKzlMROTRzg4kYE17wHE4h6OjPUNk9xFWMRboT9TT4o2y7BI9iqORfTZmTHLxdg+Oqq
;EpNw2ofD9fFunFDUpvFCtVQVz4xuMiMm9FcsJ2OISwqChbbdh8Pl8W6dVNSjJUK3gtPYHP8AQkdX9t2
;mQVn5m9NV5i3CNMPHebsxIgFH1FIXJc78T9GB5zSGzLdg+EqqlaNgyofD9fdoqVTW57FCs5TETk0c4O
;NWZSavF1CIKouQVEb8kOWQB8hrwjPiR4TjtKSemjkH1BByAerjEn6+/NWjdgyQVaLUmaoSw4D0tbOkR
;T9fziHiB1RkHEag6FspIpR2nNGGAtd528Ikp6FCtVLT2B+tF9cQcgHsJkHo60kilDbdoIYC95gLs5FQ
;h3SidLYuvM+BM1WFNqz3cTtK6oM1Bk3CNNPmKAuk1LexQrVS09gaORXkEHIHLPfAKZmb4uVn7cI08wf
;4ehEjkYdVkzclfuyv8JHnRUe952Z+rGzVo3DKhYf18D6dVNJhptTidyTvXC4wkxaElw2loTkraoWjYM
;qHw/XxbhlU1ZexQrM0RF5MfOESB+RWzxdhOKtLkFTwypfD9fFunVTUp7BytVLVvo2/QZHmtBZ8t3OJi
;yrChDU9F8Pl8W6dVNSnsUK0otPYHO8AkeZE9wyDQ4ja+hO1ppxghgPHmEpSgkCHVfPEJTgaKRfUEHIB
;73RWfxxs1aWm3cI1wweI/kEiwSeEo4SFP1/PUYL3RJatcFZuvGzVo3bDs8P0QW6dUgKw9LSDpDW7D89
;xQtZk17wHE4j6+sN1J4zQ4/Xhbp1U1Ke+gUVTY9gaP8HDVYQ3HAY1a0oKQ2VmHNEksAZpu8Li8kd0VV
;LD2Bo5F9oW9gHrUFZ+urrC5ob8cSWW5Jj7whKxZxRSFyTfPK8hgebVAerwVn68bN0oRMqGA/XxaEtDk
;VGHtFMxxi58r9HCxiTmrxdRWCpagFXGPafD5fFunVTQqkVCtOLT2BzvAJHmRPcMg0OI2voTtaacYIYC
;9kgLYoFQ5nK1QtPYED4YB5RyAyrgVnhqe5BVRjxhoOAHCAuSwnHnpfCl5Y9df4EyZ0f3jHaQaGo6Mua
;GjNEkw2YpDVTEp7FCtVTa7Bo7x9QQdNf9paBISoq2toasEQXjJzh6ESOR5gXzxDWvL89xQtZk17wHE4
;j6+sN1J4zQ4/Xhbp1U1Ke+gUVQA9gaP8HDVYQ3HAY1a0oKQ2VmHNEksAZYyhOSMVc1gKS1TtwvwYL3N
;/eMJqEJmnuT83Dah8P18W6YwNSlEUK1VAXPX88hIvYRFByGwLiquoNENT2xlLK3+Hsj4VHX1HNEBY79
;fODTNuQ3uuBGfrxm0qyjTofBFfFum4LD4kd0Q7SwzexfgRIGpFcNpaFI6yuTNZa9sjWTZ6iLgoJA9LX
;TBfVOfazhQlByEergVna1YOGjcQqHw/Mnedii4lFXIaCktU7cL8GC9zf2jLdw6Nv5IzUwypfD9fFmlF
;jgp7CytVLVDg184eLmlGLPFjDoenoD9ZePcfUDJmjLs+Kw99RDstPIGjkX1BB3lerh9n68agO0NTyxN
;ROSS2syQmGnlOO1li5cb/DihzWR6vBWfrxs06pEyoZz9fFoS0ORUYe0UzH2Lnyv0cLGJOavFhDoqrqC
;5Sfqh9P18W6dVNtkQUMFUtPezC5SIiaE54nFoBgqqsN1Ji3CNPLX+KsBIpFRQqVS09gaNxFQEHOx6uB
;QqKspI5WGLOTmA5f4W0IC8VYHQlX1Tixs4XMQchHq4FZ+tOfho3EKh8PzJ3nYouJRVyGQpLVO3C/Bgv
;c39u3GwEjpmmNUUMqXw/XxbplZIKew8rVS1Q4NfOHi5pRizxYw6Hp6A/WXj3DE02dYyKODl7FStVLZ3
;xXqk9QSsgHq5oBp+ZrjVZapojWTZ6iLgoJA9LWDBZSejN9g4eYUlyz2gChbKSPlJi2xVLJhbo1U1Kex
;RLxm09rKORfSxmVEHNagmN9JI8XmDJEVoxYramKD4PfUUyXmLnyv0cLGJOavFhDoqrqC5Sfqh9P18W6
;dVNtkQUBlUtPezC5SIiaE54nFoBgqqsN1Ji3CNMOmKdvCMtCEtNPEFc7Mb/CR5hTHHZdwafo81bNwyo
;fD9fT6nVZ0p7FEY0WWLizP8bc1hGd8JkCo6ouQVEadwIVjFxmoorIxd1RjBDSd7T4xQiYiAfrgVnS7Y
;wYncMhnw/X3uIoRIpFHpNZ3Jb6M/wECRpVEHdYBOfr6M9RFPOFVM+e4y7ORUNcVk8S0TeyvV9QAcgHq
;6F9yiGzUY3DKgRXitJirojLElLTTxBXOzG/wkecUVsx2MetK+pWjYMqHw/34YqlU1dexQrOExJ5NH4H
;C1YU33PaQK0oKw5Q2PaI0dfF+MC7jpGPnIVLSqBo5EQIHNFbMdkC7S1rjtbafcaXjxihqcSM3sVFl/6
;nvG+yD1BECAermgGn6O/M1Zg9w9cPnqMiisrGGBEJ3JHgaKRfUEHIB73RWf+xs1aWm3QI0kwepy4KD4
;JfUgKXk3kxvVMQQYgHq4FZ+vGzVoiDKh8Uj5utqMiJg55TiFfVOL84g0kYkQsrgRn68bNWjcMqHwiXx
;bpuCIuHnh0JV9Y4sriGB59f3bLbACDspI2VnXNDkxfF+nVTUp7FD8VLTaBo5ETLn1acstaFIK8qFo2D
;Kh8n8aPMOpNRHsUKyJMUe385RUoZEtwy3YU68dXw66VMeXWYBb71U1KCGFbJUJP9fzrIiVuU2rPawSO
;xsxpBD+bTwycKenATUp7e10wX1XgzfYiMm9FcsJ2OIqoqjZSDKl8P18W6dVzCnsNK1UtUvfG4xUgaUd
;B3W0Ch6q+BVFtxiNML3OMsU1LexQrVS092OORZUEHIHHYYBWDp6M9aH/AGVMzZbazISUMZkohSD2Ao5
;F9QQcgR+4FcuvGzTVBadoUXjFxtqYlLxd4WApeTeTG9X1AByAergVnoobNSzcMqAxNOmWaoD8vJHVPI
;0xT4sagfUAHIB6uBWfrxs1LNwyoDE06ZZqgPy8kdU8jTFPixqN9QAcgHq4FZ+vGzUI3DKgMTTplmqA/
;LyR1TyNMU+LGzhQvYUlywjRn6sbNWjcMqHw/Xw7p1U06CXFYJlhP5PzwGTdmTn3LWg6FoKQ2Wz6ofT9
;fFunVTUp7FDZVLT3x0fQOMnJSe/FkA52nozlSU8ESTDpitrwjJB5mGlUsPYGjkX1BByAeswVn67a/P0
;R/3Q5aAHeNoywkGHF0PENO5NfOFC9pRWycBWbrxs1aNwyofD9CFunVPTgeZ1ggX1jewvULIGlDe/FsC
;ZijuQVYedwZTW4W6NVNSnsUK1UtPZyjkX0xdUVt3XAVjpmsPkFtxh9aAH+Hpig+JHteIUhPs6OQfUEH
;IB6uBWfr281aN3zaGUwsY5uwEisfYko7Tlje1/4NHnRVbMhkBI73zVs3DKh8P18W6dVQSnsUWydITvL
;W4xgeZkRoz2sEjpm5NUdT2wlNOXeKsH9KehQrVS09gaORfW0HIB7edw6FsqgoaG/HElkAc5GhPz8fcV
;lkcl7txvAPIGlDe/FnBoitkjVRatsZS18X6dVNSnsUK1UtFIGjkQ0zbk5qy3c4iKmjPGhp0AhNKnKMp
;3wVGHhONF9c78D0IiR/VGzbYQKZxsxaNwyofD9fFun4TUp7ZFk8Q0nk0c4eLmlGQct9E5mzqT9FPfcf
;Uzp3m7QjKR5LTSdCU/X8/hsndEVqrgRn68bNWjcMqHwTXxbppT8jFWBOJ3Je7s33IiR/VGzbYQKZ95I
;5W2nJDl4xdYyKIS8dYHQ6S1vyxuV9QAcgHq4FZ+vGzXc3DKgMTTZ4nbA/FRh7RTNyWPnX4wglYlIv8W
;YLjqe/O1lvzSNNNnGBoRIlHXJYMFk9gKORfUEHIB6uBVfrxs0qRWXGCFotSYq6IywkcVMhX0jlxuNMH
;mRVbdpqCrS2vzNZeMkeUzpJm7AqIxR6dC0tPIGjkX1BByAerjFn68a9KF5i3BlNAHWGuysVHmxfJ1hZ
;5NGgIiJyU2rBaDibtKQ0Q23KEFoAZIyyJCUVS1MmREfko5B9QQcgHi5uJ+v2zVo3fNoVUStzm4ouJRV
;ydDBVSfPW9RgzNn9923YThKuSKkVlxghePXqMij8vHH1EO3JEgaKRfUEHIB6uBWffxs1aR37BEks6ZL
;a2IiQdS04tWU/0x/QPcFhDa91xCIaZvSheYtwdXTNztqcoLRJ7RQpUTujZ9H1AByAergXngIbNdjcMq
;AxNNnidsD8VGHtFM3JY+dfjCCViUizxZguOp787WW/NI10+dYKKIiwdZ04hLTyBo5F9QQcgHq4sZ+vG
;vSheYtwZTQB1hrsrFR5sXydYWeTRoyIia0V/3GQJiKOSP0942glbOmTp1E1KexQrVd0CgY6RfUF3Unf
;AcQKZma41WWr3GUcrZJyxKDhJS0g5SFzzwv8eJFhGbMFrE7SpqzxEadx8Pl8W6dVNSnsUK3ktPYHT4x
;Qvc0Vs8WYIhaCSP0942glbOmTbii4mHnVZNENe5Pz9GCdzf3HIYxSOss1bNwyofD9fFunVYEp7FFsnR
;FP1xuMiImhOePFgH5+0uD5SfpojXDNziKcsJBhxdCdEWunXzhInYVN72gVm68bNWjcMqHw/bxbp1T04
;EnpfMF9i4sz/Gx5iWGrccAOOtP8FVHnbCFAySZmnJCQPdUk5SGLzxvYULml/Zq4EZ+vGzVo3DKh8C18
;W6aU/IxVgTidyXu7N9yIkf1Rs22ECmfSSOUJ/3BNSAGabvCM+GnZHMHJP5MT4Ei9YWG3HfwLrx81aNw
;yofD9fFtnVTUoLZkI7WVjz/PISL2F/e9ZxFZ6iqCgFU8sJTCt5hIo9OBJ6XzRPUeT84xgmbk9w8Xxn6
;sbNWjcMqHw/XyLp1U06CX1FIUhP3sD+EydYRWbadxKPo79oaG/dD0swe7alPyMVYEo3QVje0fQaKGhO
;Qdd2DpGjzVs3DKh8P18W6dVXSnsUWydEU/XG4yIiaE548WIGhbK/I2hkzRVYN2Lp1E1KexQrVS09gb6
;RfUF3UnfAcQKZma41WWr3EV48foC7KBUZdV4xX1z1xpF8QQcgHq4la6rG01o3DNgOVjFijKcSKRR6TQ
;pAXOLL+BMkWEJ7yloUg6e9PzcNqHw/Xxbp1U1KWhQrVV1P6M3lGDNYQ3HAYziGp64yXmLNI106crahK
;CcLS0Y0VT2Ao5F9QQegRe4FQevGzSpFZcYIWi1JirojLCR5SjZFVO/Gzh8ka1RByWQJn7S0BVZizxBa
;Xxfp1U1Ke5RtFS0egaORDTNuTmrLdziIqaM8aGHJH1c2eIyKLiUWZE47Xlz1yv4THn8gH64FZ+vGzQN
;3DIt8P19mm7wjPh5mdDZCU+f8/Bwib0lwy1oEhKu9P1l/yQhWMHi2rE1LexQrVS092OORUkEHIG7cbA
;mfo78FVGPGGmAyd4q9JCQeS080WVzexfgRJFhUdttoBYWnpDZoZM0VWDdi6dRNSnsUK1WpfYGNkX1Bd
;1J3wHECmZmuNVlq9xFePH6AuygVH3VfNHJb6M/0IjVvVXPMawaCqpItXmjcFD9eFunVTUp7kGtVNz2B
;o+EPKGlUe9xaBISoqwVabcsUVjFztrEkJyRsK1QtPYGjkT0uRyAErgVnm7SkNENp2iNcMHiPiiArGHx
;CO0hi5cr8IjgHIR6uBWfrhqIaNxaofD8vZIC7OS8JS0g6Q1vezvAeKW5Oe/FhDoaZt1o2DKh8P19Whp
;VNY3sUKyVfVO/X9A8eZE9wyFoKiqWlM1lp9xhWLGKIuy4vJHJZOkBi48zjGSR1IB+uBWfrxs1edwyJf
;D9fZpu8Iz4eZnQ2QlPn/PwcIm9JcMtaApOyvy9TadojUSp76dRNSnsUK1XdAoGEkX1Bd1J3wHECmZmu
;NVlq9xFePH6AuygVHmxfJ1hZ5NHOEidhU3vaWh/ZxsxaNwyofD9mVunyTUp7ZFk8Q0nk0c4eLmlGQcN
;kBIOvoz9oadAITSpyjKcSJR1yWDBZYviRkXxBByAergVn68bSWjcM2A5WMWKMpxIpFHpNCkBc4sv4Ey
;RYRnfCZAqOqLkFBgypfD9fFunVTQp7CytVLU3zyv8JJHV/fcFrAbSrrDlfZcYZYDl/hbQgLxVgdGctP
;IGjkX1BByBerjVn68a9KF5i3BlNAHWGuysVFnVIPURT5Pz3FDNqV3/cYDiKpa4/W2naHUs2eYeKKBUW
;dVNVLD2Bo5F9ycRgHp0FZ+u2vzNZeM0OYDx5h7MSJxp3QzxDWN7F+A8scEFsy1oGiKWoNlJ+yQhWMHi
;2pT8jFWBCO0o9gKORfUEHYJHuBVXrxs0qRWXGCFotSYq6IywkeUo2RVTvxs4bKHVNac93ArSnrjlSYM
;0OXit/hrsSOB5gWTROSYGikX1BByBuCUVn2sbNWkd+wRJLOmS2tiIkHUtGNE5V6M30IiduUnPZZBWOm
;aw5VGnEGU0+YoC6IxUPZkojSFGBopF9QQcgXiFFZ9vGzVpHfsESSzpktrYiJB1LRjROVejN9CInblJz
;2WQVjpmsOVRpxBlNPmKAuiMVA0tGNFU9gKORfUEHtN/uBVfrxs0qRWXGCFotSYq6IywkeUo2RVTvxs4
;bKHVNac93ArSnrjlSYM0OXit/hrsSMyR5Si0tPIGjkX1Bk+FerjVn68a9KF5i3BlNAHWGuysVFnVIPU
;RT5Pz3FDNqV3/cYDiKpa4/W2naHUs2eYeKNxUWdVNVLD2Bo5F9QV5gHoIFZ+u2vzNZeM0OYDx5h7MSJ
;xp3QzxDWN7F+A8scEFsy1oBjqOpKFZ4zSNaAHuIrU1LexQrVS09uOORUUEHIG7cbAmfo78FVGPGGmAy
;d4q9JCQeS008X1D2wuMYHmFFe8p3Bp+jkiJoYckEP14W6dVNSrtma1UBPYGj4Q8oaVR73FoEhKirBVp
;tyxRWMXO2syQ4FmNKJ0hi58b0GTNmVHvxfDiGp7VaNgyofD9f1puVTWZ7FCslX1Tv1/QPHmRPcMhaCo
;qlpTNZafcaVi17nrQ/LyRyTjBJT+DX9CI7WE1/1gVm68bNWjcMvDw/exbp1T04EnpfMF9i4sz/Gx5qQ
;X3GbAmOmaszRWHfHU06SYOwPyEkcStULT2Bo5F9VUcgOq4FZ5u0pDRDadojXDB4j4ogKxh8QjtIYufK
;4xA2ZlJ78W8Cma2SIjcNqHw/Xxbp/Q1KXxQrVV1P6M3lGDNYQ3HAYziGp64yXmLNI1k2ZISiLDgeS0E
;wX1be2pF8QQcgHq4FT6vG6Vo3DNgOVjFijKcSKRR6TQpAXOLL+BMkWEZ33GgQirSoBV1p2hdgJRboT9
;TT4o2yjBI9oKORfTF1SXDaYBW0paI0UVPFHVw3f4ewEi0Ye08wclzi1/gSLwchHq4FZ+vGzVo3J6h8P
;y9kgLs5LwlLSDpDW97O8B4pbk578WIEhKKoBUNk3RFdMXeAuRIiHn1MPVk9gKORfUEHIHfuBU3rxs0q
;RWXGCFotSYq6IywkeUo2RVTvxs4aImhEe/FxD56rrzRWZcQjSDZynb1NS3sUK1UtPejjkVFBByBu3Gw
;Jn6O/BVRjxhpgMneKvSQkHktHNF5J3tbhES5mREHdYBWdo78FQ3XYGT9eFunVTUp7FCtVCT2Bo+EPKG
;lUe9xaBISoqwVabcsUVjFztrsiMAF4TgpJVODO9AkkdSAfrgVnS19UgwgMjnw/X2abvCM+HmZ0NkJT5
;/z8HCJvSXDLWgmEvLc2UlPMFV4yc52wPxVJFCpVLT0hOgikfgcGHq4FF5mvoy5SfvcfUDFwtrgsKRN9
;RTByU+7Z6xEkWFR7w3U4hqe1BQYMqXw/XxbptT4KezIrVS1N88r/CSR1f33BawG0q6w5X2XGGWAxeZO
;vIS8kYE44XWLswukicwchHq4FZ+umvho3E6h8Py9kgLs5LwlLSDpDW97O8B4pbk578XUVgqi5BVpjzB
;k/Xhbp1U1KexQrVQM9gaPhDyhpVHvcWgSEqKsFWm3LFFYxc7alPyUWZF8KWE7k/OMcJ3N/asZ3Apiuo
;jZTDKl8P18W6RUvCnsOK1UtTfPK/wkkdX99wWsBtKusOV9lxhlgLGKMpShKehQrVS09gaORfW4HIB7e
;dw6FsqgoaG/HElkAe4i2JSMVcXQjRE/11vARHmJYatxwA460kjVRatsZSwBu29VMSnsUK1UtBMGjvn1
;BB1Bsx2sTjrSSOVhiziNSPnWBvCMvJGJCJ1lI4M/OGDlzUmvKYBW0qas8RGncI0ZtFujVTUp7FCtVLT
;2Ko5F9M2ZGavFkDpmhrCo3DZtPDGwl2hZySmgUK1VfXOfXzh8gdEVBwmwJjrGkPkNkqH2lxo9wTNSjR
;BQ0VS0988L3CR5lQW3LWgKTsr8vRGXHEmAof42hJRUJdV88Qj2Ao5F9QQcgd+4FcevGzShWatwjXT5l
;jIokJB19RzlyXO/E/RhBBiAergVn68bNWiEMqHxNPnCdii8rCHF0PENb6M/9IjNmVHfBBWbrxs1aN4z
;oPD9MFunVPysdYHQ3TE7k/OUVKGRLcMt2FOvHzVo3DKh832AW+dVNSgl1TSFyX+DQ9CItZll73HZn6s
;bNWjcMqHx/Xwfp1U04GnJfCkFU78bODjFmQ3fAYmfqxs1aNwyodH9fGenVTTgacl8KT1zyxs4OMWJFe
;q4EZ+vGzVo3LOh8J18W6acsLA9LQjtZWPPF8B4kWEx3wGAQgqK5MjcNm08MbCXaNnJKXxQrVV9c59fO
;FC9zRWzIZASOmagiQ37dD1YweLaiJC4PfHQnTEnozJF8QQcgHq7FBavG1lo3DNodWStJgLs5LwlySjZ
;IYujN9xQta39/wGILjsbMWjcMqHy/CVbpzk1Ke2ZKM1li6M3lGDNhQX3LWg6FoKQ2W1PaHUs2eenUTU
;p7FCtVZH2Bu5F9QXVBeNpaDoWyqChRbcsZYCt+gLYmJB5nWFUsbzm9FJYQ3x8euwVn67SsPENTwRJLO
;mSPtC4vJHhKLEhP8qOQfUEHIB6u9Vjr0M1aN37JGksAf4ehKDgddUgwck7xwvIUL2AgH64FZ+vGzaoI
;DLx8P19kiLM5FRJ6XzBfW+DA9CIyd0V7ygVm68bNWjcMljw/VBbp1T8rHWB0OExP5sr/fUAHIB6uBWf
;/hs1MNwyoDl45YramODgddUgwclHozfQKKGNUdq4E/XJfVMOu1Zd8HV8W6acsLA9LWCBfW+DA9CIkf1
;Rs23YOhKiSLV5o3BRgLXedvCJKehQrVS09gfrRfVQHIB7cZAGfmb4vRWrJH1oAcIW6OjgaYE5VLD2Bo
;5F94WJgHrcFZ+u0rDxDU9sJTTl3irASIxVyQjlBYuDN9hEkByEergVn68bzGjcaqHw/LXePoRI5DmZN
;NE5Y3sX4ES1YUn/aYGfqxs1aNwzoKX9fAOnVTTgacl8KXkjzxfAeJFhUdsdmDIWjvik3DYEgsJ3jwRl
;ySmgUK1VfXOfXzg40dUZ/zWA4h6e0P0V/qH0/Xxbp1U1KOxQ/VS0988L3CR50VWzIZASOmb4qVm/BEl
;hfF+MC7jpGHvxqLS+Bo5EPIGFUQd1wFY2nrj9of9gZWjsW6NVNSnsUKxttPZWjkX0zZkZq8XEVirCoN
;mh00SNML3OMsU1LexQrVS190eORaUEHIGzLdhOKtLkFUnTcDl4Ad4S6OCQPFCpVLT2Bo5F9QQc2Hq4F
;FY61uTtFePcZRytkiIosJxRhRSFyD4GikX1BByAergVn5sbNWkVp2wheLWK2pj0vHnArVC09gaORfXh
;HIBGuBWeZo74uVn7cI0wvc4yxEnh7FStVLT2Bo6g9QRYgHq53Ap+0rDlDZccSYD57hqAjPnsVK1UtPY
;GjmT1BFCAerncCn7SsOUNlxxJgPnuGoCM+JCYrVC09gaORfUlHIAmuBWeZo7koVm/cFVAxSY2gPyMVc
;3QiRE3kkZF8QQcgHq4FZ+vG6lo3DNoZSy13iqEkJRVLTjtMX+3GzhI0c1N3ymA4iam5Llhh9xBeJnOb
;pk1LexQrVS09cZyRWUEHIGzLcRWKpbkzWGL3GVE+dIWwEiUOYFg8SVje1/4NHmtBZ8t3FOvHzVo3DKh
;8Px8W9dVNSglxXydMXvXK/hMeaklwx2gGh5moIkN+3Q9WMHjp1DZe1VPKL7kCgb2RfUF1RWrcZASfr6
;I0aGHBElYyd4WKKDIPZl4mRFLv/KN9QHw0sOnkHX/5zU83DKgOWitkiLY5IxR6dDhEU97X4xw3Ykwer
;wVn68bNWiNMqGs/XxabsDk4GndfPEJT3s74Ex5zUn/YYAu09M1bNwyofD9fAqnVXUp7FFkwWU/gwOUU
;Lml/bd5gAo/GzFo3DKh8PxtW6cdNSntmTiFfXOLX+BIvWFNuy2ADtPTNWzcMqHw/X1Kp1UNKexRZMFl
;P4MDlFC5pf3bBdWfqXFTDrpUxtQBfBunVTTgeYFk0TknozP8iKWhQQZwFZnFfVMOulWFDP0UW6dU/Lw
;9mSjZZVO7NzgcpaFBBzWoJj6+5M1himXw+Xxbp1U1KexQrTy09gdH0CTNmQ2rHagm0vKU1R1PLE1E7f
;528IiRJFCpVLT2Bo5F9QQczHq4FFI6lojRTU8QdRjpktq8SJhJyX1UsPYGjkX1BByAevAVn67WlP1tg
;9xVROX+FuRIlCXBOJy08gaORfUEHKF6uCWfrxr4xXn7cI1M+b4ynPkp6FCtVLT2BU659UQcgHt1uDpm
;ykjZSYs8IVwB7gLtNS3sUK1UtPYGjkW1BByBtxWwVn5mhM1lp9x9QKnid1UxKexQrVS3NvqOFfUEHU3
;XHdxO0q6Q0XmHJEGAzc4eyOSJ7FStVLT2BY/M9QQ4gHq52DIK0uQVQbdh8PiQCR5KsMP8rK14tPYHQ+
;hQzc39t3mACj8bMWjcMqHw/cVbpz01Ke2dHOlpi5czmEx5hSWzdcTiNo7oFW23RGU0sFujVTUp7FCtd
;bT2co5F9MmtTQc9sFbSroj5SU80EVz5jmqESOglxWCZYT+SjkH1BByAerjEn69rNWjd/xA9gPn+biiA
;lH3F0JUFY79b8IjF1RW3dcBWOxsxaNwyofD97VunyTUp7Z0cmcl/u1+USLFhTa9xjBoijkjlYYtwTSi
;1Jiro/JB5mdDFIUeDakXxBByAergU+q8bmWjcM2xBMAHSGoTklFktYIF9b4MD0IiJoTmrBcBW0o6M+a
;G/HEU86eJq0OSMUeitULT2Bo5F9QQcgOq4FZ5iqvgVVY9wIUDJJmqA/LBp3TgpOUu/X/ggzWEVwyloD
;jqqsIzcNqHw/Xxbp1U1KURQrVV5R8vzzEjVzT3PxdhKZoKw5UlPLE1EreZynEiYaZ04nclLnxc4ZJGt
;BZ64EZ+vGzVo3Veh8Fl8W6aYhOSR2RCFZUuz84ggzYUF9y1oEhKi5NUJ+9xBeLHObiiIkJHBOOUxEga
;KRfUEHIB6uBWfNxs1aRGDbI10wYp26IBUIYVkzTF7k/PISL3NPa9xaC4q1qChofMcLWi0W6NVNSnsUK
;xxtPamjkX0ya1NBzGoTn6mgBUR52hpePHO2tiIkD3teJ3JR6M30IiVuU2rPawSOxszArpUx5abmKen1
;TUp7Z0cmcl/u1+USLFhTa9xjBoijkjlYYtwTSi1JhboiOggUKlUtPYGjkY1+BwEergUUh7WSOFh43BN
;SAGWcpysrGHF0NkJT9czkDx5oRnjdYBPrx7ZOmUtJBovgFsDVTUoIeFgKT1L11/4QHnRVbMhkBI6Zrj
;VZeMcJTQBlirQjJBJ6TApOUvTN5X1AByAergVnG/nNczcMqA9TLEmLujk+FHl0JlhP58LyGB5kT3Daa
;hKZmb45VmLGFVE4SZqlKC8fFCpVLT2Bo92gAQcNHq4FFIe1kjhYeNwTUgBlnKcrKxhxdDZCU/XM5A8e
;c09Bx2sBgqqhBVNl2wheMXWM1Uwxb7pstFeZvqO3fUEHU3LdWgWEsrk1WlPbCU05d4qwEiMVckI5QWL
;izOMTJHV/estpBpLGzFo3DKh8PwZW6f9NSntnRyZyX+7X5RIsWFNr3GMGiKOSM1lqwRBTAHOHsRIpFH
;lbMENO4Nf4Ei8HIR6uBWfrxs1aNy+ofD8sepqKLyUPYEQ4ck700fccImJ/d8BjDoeqkj9ZaPcYWjN3k
;NVMSnsUK1UtPYGjuH1BB1Ny3VoFhLK5NVpT2wlNOXeKsBIjFXJCOUFi7cLiGDNYT3jIWgOOqqwjNw2o
;fD9fFumMDUpTFCtVXlHy/PMSNXNPc/F2EpmgrDlSU8ESWTZ6hYohKwhxWQpCU97H9BEgfiAfrgVn68b
;NWjcMjXw/X2WFphIoFGBfOkBi8tbjGyBkRUHHawGCqqEFW23bGU0AZoaiKDh7FStVLT2Bo9g9QSAgHq
;52C5iZrzVDeMcRYCxjm7MsKR5LQjtLVO3PzhEoaUVBymwUn6ejOVIMqeamxo9wTPR1ezUrVS1O7dDOH
;y5zVHHDWhSetKs7VGn3FVE5f4W5EiUNcVk5TE2BopF9QQcgHq4FZ8PGzVpEYNsjXTBinbogFQhhWTNM
;XuT8+BMnbkxy8XYEiqijM1lr9x9QKnid1UxKexQrVS3NvqOhfUEHU3LdWgWEsrk1WlPbCU05d4qwEiM
;VckI5QWLywPATL25OefFmCJ6ouQVVdfcQVjFz6dRNSnsUK1XdAoGLkX1BdExt8WcIn7KiN2h/3Q5ZPn
;WMiiQkHX1HOXJO4sL/EyhpR0HddQKOos1bNwyofD8Ty6nVVEp7FFg5XmLjzOUJLmp/bdt3AYqlqAVbb
;dEZTSwW6NVNSnsUK1UtPZ2jkX0ya1NBzGoTn6mgBUR52hpePHO2oSU4HmdDOkFZgaIpY8TscaYQOmfP
;xs1aRGDbI10wYp26IBUIYVkzTF7k/OUSHmlPbMNkC7Spuz9FYMkMP14W6dVNSnsUK1UEPYGj4hEyWEJ
;x2nEIhpm+L0VqyR9aAGKGijklC0tYIF9b4MD0Ii5xRWzCZBfrx81aNwyofD9fFvHVTUoIeFgKTlLv1/
;4IM1hDcdxrApmZqT9bbdF8Pl8W6dVNSiJUK0ktPYHQ/Q4eZE9w2moSmZmoNFNTyxNSL3OHpiw+EntFV
;Sw9gaORfUEHIB67BWfrtaEpaG/HEkswY5uKKCQfS08wQVz4o5B9QQcgHq4FZ+vdzVo3f8QPYDx5h6Ei
;PwlLRzReWPP8/hsnWER7wmQe68fNWjcMqHxmHxbz1U1KCHhYCk5S79f+CDNYTH/dYBW0qaMFU2nEHUZ
;fF+nVTUp7FCtVLSqBo5EOLXR/fcFrE4SzvwVbbdsZTQBmhqIoOHsVK1UtPYGj2D1BGyAernYLmJmuNV
;l4xwlNAHqMuyo+E0tfPV9Y8sv+ESUHIaawgIy6fgNlNxWofD8sepqKLiUVYEQgX2Ltyv8YHmNJbdpkC
;YijzVutlTHlpsav1tVcSnsUWDleYuLM/wkuclJBwmoIm7XNWzcMqHw/X+bW1V9KexRYOV5i4sz/CS5y
;UkHBYwGYo7laNne80ni+bF1qTVB7FCsmQU7ewP4TNWhVbPF2BIqoozNZa/cfUCp4ndVMSnsUK1Utzb6
;ji31BB1Ny3VoEhKi5NUJ+9w9cPniHvCMtJGdbMEhZgaKRfUEHIFJzRWf1xs1aRGDbI1wweJ26ODgkYE
;QKRFPnyv0RHmNJbdpkCYijzVtMGAY73iWy1tVhSnsUWDleYuLM/hEoaUdBzXwLgqipP0VTxBNIOmS2v
;SgrD3FZCkBc+fz+CDV3VWquBGfrxs1at1rofBNfFummITkkd0Q6QVTvxM4eOGtJcMpgFbSzvSpSfvcU
;Wj5ijKcSJxpsdDpYSfHW5X1AByAergXnvYbNfDcMqA9TLEmKuiImEnpMCktP7s3lIih1f3bLZBOOtJI
;3VnT3E0orZpyhTUt7FCtVLb3X45FvQQcgbcJ2OIipojZeYs8jVzp/jr05SnoUK1UtPYGH0X1ZByAe3W
;kUtKWiNVtlxhtgM3eQsD8VE3FCMkVJgaKRfUEHIB5+OmfMxs1aRGDbI1wweYW8Iy0keE4zWWLnxvQZH
;m9Ff9pgFbSrrCJoY90ITypi6dRNSnsUK9V7fYGGkX1BdExt8WYIhKqkNFBTxBlZK0mApxIiHnVfMF9i
;7MLpIi5yVG7bcWfqxs1aNwwoKn9fMunVTTkXZ3Q2QlLtyv8aHndJbdpqCbSuqDtDadojUj5utro4Pgt
;hX1UsPYGjkX3BUWAeigVn67WhKWhvxxNTNniOij0lDHBOJ3Jb5Mb1FC9gf2rHaAK0o7s/WQypfD9fFu
;nVTUp7NytVLU7t0M4eLmhMd8BiOJupuj5SfvcaWjpygLsqFQ99RjByUuXHkXxBByAergVn68boWjcM2
;xBMAHWGuiEjFXN0J0hc8/z4Dx5vRX/aYBW0q6wiaGPdCE8qYunUTUp7FCvVe32BuZF9QXRMbfFmCISq
;pDRQU9oZXDB3nbA/FQhkTjBJPYCjkX1BB6B17gVP68bNKVt/9x9QMHqAuyoVCX1MPVli58b0GR5vRX/
;aYBW0q6wiaGPdCE8qYunUTUp7FCvVe32BhZF9QXRMbfFmCISqpDRQU9oVWDditrw/FRNxSiFIT97O8A
;UeaFVq3nAT68fNWjcMqPxpHxbw1U1KCHhYCkpc8fz3FC1rf33BdwmOtJI+UmDJBT9eFunVTUp7TWtVM
;D2Bo+IRMlhHf95aAYKqoQVSYswjXDB7mbAjORpgQjpDPYCjkX1BByAergVx68bNKVt/9xteL0mPvCEm
;JHFFMXJZ5M/wBEEGIB6uBWfrxs1aKwyofEwzZbayLDokckI5QWLtwuIYM1hPeMhaA46qrCM3Dah8P18
;W6YwNSmAUK1VeUfL89hwxWEZ3wmk4h6e+P0VTxxJgO3OFtDRKehQrVS09gaORfVkHIB7daRS0oawqaG
;rBEFMAeoimKDgkZEQiSE+BopF9QQcgHudFZ/bGzVpEYNsjWD5mtrMkJhdLRzBDWvXLzgkpdUVtxmoLj
;8bMISOi751F2ynpzk1Ke2dHJnJa4NPOGyhrTEHdZgaFqKQ0UFPLE0oxYunUTUp7FCtV3QKBuJF9QXRM
;bfFiBpuZqzNbYPcPXD54h7wjLSRnWzBIWYGikX1BByBSc0Vn/MbNWkRg2yNWMXCAuSEVGHtZO0hP3sf
;0ESB+IB+uBWfrxs0DdwyzfD9fZYWmEiMVckI5QWLkzfUiImhNbstrFIqypDVZDKl8P18W6dVNSnsAK1
;UtTu3QzhQvYUlywloChaKSPlJgyQU/Xhbp1U1KexQrVQ09gaPiETJYSXDIbAuHmao7R1POFVMzSYq6P
;yQeZnQxSFHg2pF8QQcgHq4FPqvG6Vo3DNsQTAB/h7MkJhdLTDRdYufK/REeYk568WYIhraoNERt3BVQ
;MRbo1U1KexQrVS09nKORfTJrU0HHawGCqqEFUG3YI1k2eoWKKCQfS08wQVz4o5B9QQcgHq4FZ+vvzVo
;3f8QPYDZ4j7whJiRzSiVyW+jP/SIpZlR9xloDgrW5O1lvzSNZPnWduj9KehQrVS09gVOufWIHIB7daR
;S0r6M8XmDEI1g+ZrazJCYXS0c0Xljz/P4bJ1hEe8JkHuvHzVo3DKh8Zh8Wy9VNSgh4WApEU+fK/REeY
;EFu8WMOh6qSNlZ/zQ5gMHi2sSgmGm0rVC09gaORfUEHIAGuBWeYqr4FXmLOFVMzSY60PRUdfUc5clHg
;0PQPHndPact3Z+rGzVo3DKg1f18y6dVNORdndDxDW+jP/SImZlBByGwLh5mhP1lr3BRgK36bsD4iFHh
;PVSxGlQ3WnDuDHx6MBWfrtaEpaGXGGlYzerayLDokckI5QWLywPATL25OefFmCJ6ouVo2DKh8P18WGe
;pNaHsUKyZBTt7K/xsoa0xByWQXtKCkNltT2x9eMXiAuyoVCGROMEk9gKORfUEHbMPuBX3rxs0pW3/3F
;VE5f4W5EiYaZ04nclLnxc4ZJGtBZ64EZ+vGzVo3Veh8Jl8W6aYhOSR9RTNEUe38/RwyYlJBwWs4j6Oh
;O04MqXw/Xxbp1U1KewIrVS1O7dDOFC9hSXLCWguKtagoaHzHC1otFujVTUp7FCscbT2Zo5F9MmtTQcd
;rAYKqoQVbZcYZYDt/mqEsJBhxK1S3pBg6COT4OCAHrgVnmKq+BV5izhVTM0matiwkFX1FMnJe7tb/CU
;EGIB6uBWfrNvJaFgyofEwzZba8IywSeEcKXl7gzf8UL2B/fcFwCZ+ZryNoYMESWl8X6dVNSnsU22otJ
;IGjkQ4tdH93wGMOh6qSKVRtxhJWMXG2pj0vHnArVC09gaORMZxHIAuuBWeYqr4FXXnFDGAzc4eyOSIk
;eEI4REmBopF9QQcgHopFZ/nGzVpEYNsjVSp7mYogKwNLTzBBXPijkH1BByAe7lAn69TNWjd/xA9gNWO
;EpRInEnp0MUhR4NqRfEEHIB6uBUOrxsNaNwzbEEwAfJy4PRUIZE4wST2Ao5F9QQdsw+4FcOvGzSlbf/
;cQXiZzm4ovJQlwTidyUufF4hg1ByEergVn68bNWjcXqHw/LHqaiiErAnFZCkBY88T0IiJrT23LWgGKp
;agpNw2ofD9fFunVTUpgFCtVXlHy/PwcNWJSd89pOJilrDZSU84dXCt5m4o1SnoUK1UtPYH60X1aByAe
;3WkUtKusLlJ+wR1TAGWKtCEvJHJKNllS8/zofUAHIB6uBWeyhs1BNwyoD1MsSYS0OS8JfUo5ck7iwv0
;YHmFBfdpqFbS8zVs3DKh8P19PqdVvSnsUWDleYu/K5Q8uYEVw8WgIj6OSP09kyQlMK0mZpyg5CGFZMC
;08gaORfUEHFF6uJGfrxr42RFPGFUsteY6wIxUWe08wck3txv8ILFhQbMt2FJ60qFo2DKh8P18WzZVNU
;3sUKyZBTt7N/g8sZkxBx2sBgqqhBVh6zQ5TPmbp1E1KexQrVS09gYKRfUF0TG3xawiZq6w2aHjHI0sw
;ZramODgddUgwclL3xuMRIHcgH64FZ+vGzVo3DLp8P19lhaYSJQNtTDBDYuLM/wkkaVQerwVn68bNWiN
;MqF0/XxaauT4VC3tcMUhP3sX0GCVuTnnxdwifp7kzWGL3Dl4rf4bVTEp7FCtVLc2+o6d9QQdTct1aF4
;SxqT9FU84ZWjt/h7ISOBRgSiFEUu/84xw1bk9ByHAJiLKkNVlTyQ5aPkmPtC4+FGYrVC09gaORfUEHI
;DGuBWeYqr4FR2PfGFotSY+wKC4SekwKX1L1wuUULml/bM9xDoSZqy9Zb9wVUDFJi7Q+L3sVK1UtPYGj
;kX1BMCAernYLmJm9NUBozQ5gOXOMsSQkHEtZOllc9cr+Ex51QWrHajiNs6M5Q2XHEmA8eYSlKCQIdV8
;8QlOBopF9QQcgHl46Z8/GzVpEYNsjTzBhjbA/FRNxSiFEU+b88hIsd0Vw3WQTgqmjBUNlxRk/XnCPsy
;ssHQhrVQI9gaPiETJYUGzLbQKKsqQ0UFPLBVM2eI2wPxUXe1wwX2LpxvAJJHV/c899OISzuSpCeKh9P
;18W6dXNHDsUBFUtPfLP4iIxdUV2y2QTgqiqBVR1xBVRO3Obijg6C3FZCkVY4Nf0Dx5qQWbxahKftrgu
;Nw2ofD9fFmmDDUpSFCtVXlHy/OEPJG9Ff9psCYyZqyhYYtwjVi1JgbAsPh5mdDhMRd7M5AkxclQerwV
;n68bN2mFMqGk/XxaauT4VC2ZOPUhc9cr/Gh5vRXfJbRPrx81aNwyofBcfFvLVTUoIeFgKXU/ky/QcNW
;5OefFpBpKjvwVfacEbVysW6NVNSnsUK4USPaujkX0ya1NB3ncCg6OsLl5izyNTOnCdiisvHnB0PUhc9
;cbjIixmWEHBcBObs7laNgyofD9flr+VTWJ7FCsmQU7e0+MYKWJBasdrALSqqDxDU8EOYDdziKEoOCR5
;Si1yUvTX4Qg1ByEergVn60abGjcrqHw/LHqaij04HnxONFlU78TODSh0VHHAWg+Op7k/RVPFHUcAeZy
;hPT8PFCpVLT2BoxErAQcHHq4FFIe1kipFacAZXit/h7ISOhRjTzBfYufG9BkoaUdB2mwKjpmoLFJiqH
;0/Xxbp1U1KexQNVS098s/iIjF1RXbLZBOCqKoFR2PfGFotSY+wKC4SekwKWVTsxs4SJWMgH64FZ+vGz
;Vo3DIB8P19lhaYSOglxQzBMSejN9iIzYkFs8WwVtK6oO0Np2iNSPm62ujg+C2FfVSw9gaORfcFRYB6z
;BWfrtaEpaHzaGVc6d528Iy0kZk42Qlz1xuMiMndFe8oFZuvGzVo3jMM8P3QW6dU+JghLWydIVeTC5RQ
;vYH9sx2IPn5mrP1Jo9xRaPmKMpxInGmx0OlhJ8dblfUAHIB6uBee9hs1zNwyoD1MsSZmnKCIedV88Q1
;re0fgaKXN/d9xaD46nuT9FU8UdRwB5nKE9Pw8UKlUtPYGjESsBBw0ergUUh7WSKkVlxghWMXG2tjQmE
;npPMF9i7czmGDNYSHvPcQKZmaA7T1PHCUsvY53VTEp7FCtVrWvBo7x9QQdTct1aF5mvoy5eYs8jXCZ6
;gLspLwlLXiVdWPP8+Rggc0Vs8WgGk5miL0N83Qg/Xhbp1U1K+0JrVQo9gaPiETJYUGzHaxOCqKoFUX7
;HEksAf5uKJS8aYE4nclDg284SNHNQa9oFZuvGzVo3jP48P3cW6dU+JghLWydEU/XK/xoea0V42loBjq
;OpBV9pyQhaLUmEtDUVFGFfJVhJgaKRfUEHIJ74RWfNxs1aRGDbI08tf4ehJCQcS0cwS0neyuMiKWJBa
;st3OIantQVYedwMSisW6NVNSnsUqwNtPaSjkX0ya1NB3ncOhbKkNFBT2BVMK3mHiiUvGmBOJ3JQ4NvO
;EjRzUGvaBWbrxs1aN4z+PD96FunVPiYIS1snRFP1yv8aHndPacpgFbSgqD9TZcYbYCt/hLASLw1xRVU
;sPYGjkX1BByAeigVn67WhKWh82hVRK3+HshI6FGNPMF9i58b0GShpR0HabAqOmaI+UwypfD9fFunVTU
;p7MitVLU7t0M4NM25OasdrALS0qDtFU8EOYDdziKEoOCR5Si1yUvTX4Qg1ByEergVn60abGjcXqHw/L
;Hqaij04EnpfPENa3tH0Hi5mVHvcWhSbo6g+Nw2ofD9fFmm+DUpSFCtVXlHy/OEPKGlUd8BiOJmvqjJD
;U84ZWjtJgbAsPh5mdDhMRd7M5AkxclQerwVn68bN2mFMqFs/XxaauT4VC2ZCO1lU78TODyhgSGrxbBW
;0rqg7Q2naI1I+bra6OD4LYV9VLD2Bo5F9wVFgHrkFZ+u1oSlofscVYC1zjrwiJCR3TjtZWPP86X1Apz
;oxcyHB1QbNTTcMqA9TLEmbuiQVCXFMPEJT3sD0EzViUkHXBWZih62/5+6WvD9KFunVPiYIS1k6RGLzx
;vYULml/bM9hDp61zVs3DKh8P18oqdVQSnsUWDleYvPM+CIzYkd3wWs4n66/P0RkxxBbAHebsCxKehQr
;VS09gYfRfVcHIB7daRS0tag9WmnGCGAzc4eyOSIkeUI7LTx73fvBNZSoIa4iZ+vGvjZEU9sUVjp6jYo
;vJQ9gRDhyXu7N5RI0dX9yx2sCtKKkKUNtxh9aXxdzTNTT4o2Sai0igaORDi10f23GbAKHopI4WHjcE1
;IAdYa7OSUOZnQ5QlLx0JF8QQcgHq4Fc6vG4Vo3DNsQTABlgbwoJh9LSTpZSe7Ozh4uaVRx23c4n6mSM
;1lqwRBTAHKApjkrFXdOVSxGlQ3WnDujHx61BWfrtaEpaH/AFVozcra3Ij4Pe0YKSEXxwv8OKGhOHq8F
;Z+vGzVojTKhaP18Wmrk+FQh8QjBBWd7B/gk1aE1Bx2sBgqqhBVtlxhlgO3+aoSwkGHErVLekGDoI5Pg
;4IAauBWeYqr4FRGTBGVM7SYu6OT4UeXQ5TETk0eJ9QAcgHq4FZ8+GzXg3DKgPUyxJmr0kLxdwdDdCSf
;XM/CIxdU90y2YTjqKSNlZ1zQ5MXxfp1U1KexRyFS0dgaORDi10f23GbAKHopI5WGLcE0otSYW8Iy8kc
;EImWVzvwPR9QJ25hzec/lL5zUI3DKgPUyxJmr0kLxdwdDZCU/XM5A8ea09x3nZn6sbNWjcMqGh/XwHp
;1U05F2d0JkVU5M/1IiJoUnDLdziPo6E7TgypfD9fFunVFAp7DytVLU7t0M4OKW5FcspaAoWikjlYYdg
;ZUSx3nbwiJHsVK1UtPYGjkX1BEyAernYLmJm+Ml5pxBhgOniNiikvF3VSVSw9gaORfUEHIB66BWfrta
;EpaH/AFVozcrawNToaelg8QlOBopF9QQcgHl46Z/TGzVpEYNsjTDd/jLkpFR19RyFIT97N8A8zaFdB3
;GAAgqmjWjYMqHw/XxbhlU1VexQrJkFO3tD5FCRrREHHawGCqqEFW2XGGWA7f5qhLCQYcStUHg6ykKJO
;kjggBK4FZ5iqvgVEZMEZUztJhbQ+LwlLRDNLYuXG/Rw4ByEergVn68aUGjcVqHw/LHqaij4iEnFHMXJ
;R4ND0Dx5oTkHKYAuKv81bNwyofD9fFunVW0p7FFg5XmLyy/gYLWN/cs92ApmZvTVAadp8Pl8W6dVNSm
;9UK0QtPYHQ/Q4edEh3y2kDtKmrPERp3Hw+Xxbp1U1KexQrTC09gdD9Dh50SHfLaQO0ta47WWLBElgAZ
;ZmwKC57FStVLT2B70w9QSQgHq52C5iZvi9FaskfWgBlgLEoFQ9xUyFYT+T84xgyaExr2mwIhcbMwK6V
;MeWm5inp901Ke2dHJnJO9NH3HCJif23HYQK0sqgiQ3naGWAnb7a6KywIcV9VLD2Bo5F9QecfHpwFZ+u
;1oSloeMAZTTJ3hYooJBh4RCZYT+T88xwyYn96x3YTiqiuP2h4xyNZNmSaoRImGm1OJy08gaORfUEH0C
;GuImfrxr42RFPcFFYxSZ60ISYkcEQgT1Hk/P0UL2JTQc1qFYWjvwVTacQdRl8X6dVNSnsUchUtFoGjk
;Q4tdH9qxmwJtLGsNltTzBNKPXqMiiEjFXFYCkhT5fzyEix3RXDdZBOCqaNaNgyofD9fFunVTW57FCsm
;QU7e1/kUL1hXf8JpOI+puDhbafcQVjFzmoooJB9LTzBBXPijkH1BByAergVn6+zNWjd/xA9gK36AuxI
;9GnhHCklS9MH9GB5rSXDLdjiHp74/RVPHGlkAcoy5LDN7FStVLT2Bo8g9QS4gHq52C5iZuTJeYvcLXj
;N6trEiPxl4TgpBVO/G4iItZlN73FoIhZmpP1tt0Xw+Xxbp1U1KexQrcy09gdD9Dh5zSHfAWhCKqqEFU
;2PdHlM6SYW8Iy8IS0c0Xljz/OESNmJSHq8FZ+vGzVp+TKhVP18Wmrk+FQ98QjtySuDP/SIlaFV8wmA4
;h6+jP0RT2x9eMXiAuyoVGHteO1k9gKORfUEHIO6RBU7rxs0pW3/3CFc2eLaiLCYXS086WF/txs4RKGl
;FbfF2BIqoozNZa/cPTzpzjdVMSnsUK1Vh4MGjt31BB1Ny3VoTg6+jBUBtxBBgLH+HsiEvJHhCO0hi4s
;zjEyR1f3rLaQaSxsxaNwyofD8GVun/TUp7Z0cmcknpyv8iNmZMcvF2DoWhoT9oYMESWgBzh7ESKRR5W
;zBDTuDX+BIvByEergVn68bNWjcvqHw/LHqaijkiEnp0IkxR7fziFC9gTHvxaQ6Fo5I/WWj3GFozd5DV
;TEp7FCtVLT2Bo7h9QQdTct1aE4OvowVAbcQQYCx/h7IhLyR4QjtIYu3C4hgzWE94yFoDjqqsIzcNqHw
;/XxbpjA1KUxQrVV5R8vzlFShpf2nPaQu0taQ0UGDNI1M2eIyKISsIcVkKQlPex/QRIH4gH64FZ+vGzV
;o3DI18P19lhaYSPhN9RQpaXO3Pzg4oaUdyy1oLgqioBVtt2xlNAGaGoig4exUrVS09gaPYPUEvIB6ud
;guYmbkyXmL3C14zeramJCQceE4KQVTvxs4OImZOcMdrALSloi9ZeKh9P18W6dVNukQUA1UtPfLP4iI1
;b0lw8XIGh6qSKV5izxBaAHqAuygVCHdKO0NU78TODjFiRXquBGfrxs1ae9HofBtfFummITkkYEQlck7
;00fccImJ/fcFrE4SzvwVUY9oSWi1JjbAhKwIUKlUtPYGjkSQBBwgergUUh7WSLlh89w9KLXCItigVGH
;tFIUJI8/z0EyVYQ3HDdQKFtawuXmPGfD5fFunVTUp7FCt0LT2B0P0OHnNPbvF2EpmgrDlSU8sTUSt5n
;KcSLxVwdDFIUeDakXxBByAergVn68bqWjcM2xBMAGKGpRI5DmZNNE5Y3sD+EzVoVWzxaQaYo78FWGrO
;I1s6eoisTUt7FCtVLT3Y45FbQQcgbcJ2OJ+pvQVEedoaXjxztrYiJA97XidyUeDQ9A8eaE5BymALir/
;NWzcMqHw/Xxbp1W5KexRYOV5i9czhIjJyUnjPZgK0paI0Q2PdDmAzd5qwPxULe1wwXz2Ao5F9QQcgV+
;4FQuvGzSlbf/cIUC9JmqA/LBp3TgpOUu/X/ggzWEx3wGA4j6++LlZiyxk/XoxwTNTT4q0UVTA9gaPiE
;TJYVHHeWhSetKs7VGn3H1AxYoagPxUXe0QlXj2Ao5F9QQcg7pEFeevGzSlbf/cIUC9JmqA/LBp3TgpO
;Uu/X/ggzWE94yHYCn8bMISOi751F66np801Ke2dHJnJJ7tPODjR1Rn/NYDiIqaMuWHnaI0w8d4e7JCQ
;cS0g6WFP1o5B9QQcgHq71WOvgzVo3f8QPYCt5mYo+PwlySjZIYuLM/wkuclJB3WYGhaikNFBT2wxaOn
;Lp1E1KexQrGfB9gYmRfUF0TG3xcQibmb4vRWrJH1oAdYa7OSUOZnQhQmLozfcULWt/esd2E4qorj83D
;dNokRj3k3FySlgUK1VeUfL85RIxWFNr3GMGiKOSM1lqwRBTAHWGpyMvCUtPMEFc+KOQfUEHIB6uXCfr
;4c1aN3/ED2AreZmKPj8Jcko2SGLozfcULWt/e8BhOIipoCpSYtsdSzZ5h9VMSnsUK1UtPYGjsX1BB1N
;y3VoThLaSKUJ+zh1cOkmAuysjF3h0MENZ3sf0ESB+IB+uBWfrxs1aNwyOfD9fZYWmEj4UZHQmWE/nwv
;IYHm5OeMdpC7SqrClSfvcTWTlJjbAhKwIUKlUtPYGjkSQBBwUergUUh7WSLlh89w9KLXCItigVEnpNP
;EFR3s/wDiR1f3HAWgOOqqwjNw2ofD9fFunVTUpZFCtVXlHy/OUSMVhTa9xjBoijkjNZasEQUwB6iKYo
;OCRkRCJIT4GikX1BByAe50Vnz8bNWkRg2yNLMGa2pjg4HXVIMHJU78X4ES1YTHfAYDiPr74uVmLLGT9
;ejHBM1NPirRRVCD2Bo+IRMlhUcd5aFJ60qztUafcVUTl/hbkSORh1RTtEU+b88hI0aVQerwVn68bNWs
;czqFE/XxaauT4VD3tbCl5I88XwHiRYSXDIbAuHmb45VmLGFVE4SYq6OCQPS0ksclHozfR9QAcgHq4FZ
;xv5zX83DKgPUyxJnbo9FQhhWTNMXuT8+BMnbkxy8XYEiqijM1lr9w9POnON1UxKexQrVWHgwaOHfUEH
;U3LdWhOEtpIpQn7OHVw6SYW0NC8JZytULT2Bo5F9QQcgB64FZ5iqvgVDY9gjTCpkj7QuLyRgQydITun
;M/RlBBpgAK+42U3jyWiUMqHxMM2W2rTQVCHVNMHJP4Mf4CDIHIR6uBWfrxi1lNxuofD8se4i5IRUdcU
;ohWE/k0M4ZKGZNe9pgFevHzVo3DKh8Gx8W9dVNSgh5SjlBYufG8Ak0dUVt8W0Ih6OSPl5txRlLOmTp1
;E1KexQrVTF9gbiRfUF0TX/CaTiNo6wuQn7ND2A2eI+8ISYkZkohRFKBopF9QQcgHvdFZ/HGzVpEYckQ
;UwBwjLQ5PwlxWApeTeTG9SIzZlR3wQVm68bNWjcM4Tw/fRbp1T4lF31PCk9S9df+EB5iWGrccBSCqaM
;FQGXMCFcAZIihJCV7FStVLT2Bo8g9QR0gHq52CIevqQVVY9wIUDJJj7whKxZxRSFyW+3M5n1AByAerg
;WnvIbNSDcMqA9QM3+Nii8lD2BEOHJR4Nr0D0EGIB6uBWfr0o1aJQyofEwweoCxEigUYF86QGLy0/QYJ
;QchHq4FZ+vGgxo3Fqh8Pyx5hbwpFR19RzlyU+DR4xI2WEZywXIVirKoWjYMqHw/X9a+lU1cexQrJkJR
;6MfOFC9hSXLCWgKTtqw0RGXHEj9eFunVTUp7FCtVDz2Bo+ISLW5EQcdrAYKqoQVSdNgdUSx/hrsSOB5
;5RCNIYunM/RhBBiAergVn68bNWiQMqHxMMHqAsRIjFXJCOUFi8sv0ES10IB+uBWfrxs1aNwy+fD9fZY
;a5JC4kfUUzRFHt/OYUJXNIQcNsCevHzVo3DKh8P18W9tVNSgh7RzxJYvXM4SIkf1Rs23YOhKiSLV5o3
;BRgLXedvCJKehQrVS09gfrRfVYHIB7daguCopIuWHz3GlYzd4SwIz4kckc6Wj2Ao5F9QQfgSe4FaOvG
;zSlYYMEYYCt5mYohKwJxWVUsPYGjkX1BE2AeoQVn67WiNl5o9whQL0mapSgvHxQqVS09gaORMwEHAR6
;uBRSetr01RXj3HVs+Zp28Oy8kfUUzRFHt/OMcNW5PQcNkH+vHzVo3DKh8ex8WyNVNSghhWyVCT/X88B
;kgd1R32GA4gqirM1tg9w5eK3+GiiAjFRQqVS09gaORWQEHAB6uBRSetr01RXj3HVs+Zp28Oy8kfUU7S
;E/exukNIGlTd8FrZ+pcVMOulTGlAF8B6dVNOQ5kWzpfSd7C9Rwxc0loy1oLir+oKEQMqXw/Xxbp1VkK
;ew8rVS1O9NPhEjNzf3/KZBefr7s/aH7NGEo8YoC6Izl7FStVLT2Bo5E9QR0gHq52Epu2oihDU8kYXi9
;igKMoFQx9TyFFYuzK/31AByAergVn44bNSTcMqA9KL2aGpzkVGXVYMHJR4Nr0DzIHIR6uBWfrxs1aNx
;WofD8sY5mlIjgPS0k0Xljez/AEJHVTQd11Ao6izVs3DKh8P19fqdVYSnsUWCBdTe7R5SIjdUl6yWA4h
;6e0P0V/qH0/Xxbp1U1KexQ5VS098tbhDS51VEHMdw6GmbozU3jAfD5fFunVTUp7VCtLLT2B0OQNMWhS
;avFmCIWoqDlDZccSYCdvtrEkOQ91RTZIPYA5COTYnrmnkQV668bNKUJ82BNNK0mMrTk4DmdCOkNi9sr
;1CSlYUn/abAjrx81aNwyofGYfFvzVTUoIYVslQk/1/PcULWZNe8BxOI2qoi03Dah8P18W6YwNSmIUK1
;VeSPHT/g81WElwyGwLh5mhP1lr3BRgMn+H1UxKexQrVS09gaOGfUEHU2vedQiZspIzWWrBEFMAeZyhI
;SMVcVhVLD2Bo5F9QQcgHr8FZ+u1uCpHY9oIYDl/hbkSOBpgTlUsPYGjkX1BOWAeowVn67W4Kkdj2ghg
;PniOuShKehQrVS09AeXRfVIHIB7dcBebqb8uaHzBEFM+ZLamJDAeFCpVLT2Bo5FtAQcLHq4FFJ62vTV
;FePcPUj56hYorJhR1XzBJYufG8Ak0dUVt8X0etKO1KlZi2xVQMRbo1U1KexQrpRI9jKORfTJyUG7Bdx
;O0tb0/UmiofT9fFunVTQM7FDZVLT3y1uENLnVUQdp3Ao6ZryhWYssUYD54jrkoFRZ1U1UsPYGjkX3BQ
;WAetQVn67W4Kkdj2ghgK2SMsBIoCXVFNkVi5cb/DihzWR6vBWfrxs1aCUyoYD9fFpqgPToUZl8KWU/k
;xs4fM2ZOfcZaA4KnoD9Dadp8Pl8W6dVNSntUK3ktPYHQ5A0xaFJq8XEVjqOSOEVtxh9XAHKAtCAvD3F
;ZCklS9MH9GB5oVWrCbAmOtc1bNwyofD9fHqnVbUp7FFggXU3u0eUiNXVFe/FnFYqorjJoaMEdUjpijK
;cSJxpsK1QtPYGjkX1vRyAKrgVnmLO9Klh+3CNHJkmMrT0rFWdCOkM9gKORfUEHIB6uBXTrxs0pQnzYE
;00rSZGsEi4SZ180Q17ko5AbJ2FGeMjjWOvazVo3f90MTzBknYo3FRRyTSZISd7H/govWEx/12AVmMbM
;WjcMqHw/rynpz01Ke2deJV1S89fOBx5oRnjdYBO0s70FW23RGU0sFujVTUp7FCulEj2eo5F9MnJSeM9
;mArS1pD5SU9wZRytjm7ASOB5nRDlYSejM/31AnbmHN5z+IvnNRDcMqA9KLXCItigVCH1PMHJJ5NvlCD
;Nif2bXWgiNoL4/QwypfD9fFunVvXV7CitVLU700fccImJ/bcFpDo+ZrzVDeMcRYDpumbQjORJ7RVUsP
;YGjkX1BByAehAVn67W4KFFtyxlgLHmFvCkVGXtfIUJQ3sbpCTNyU3fBazicr6kuX1PaHUs2eenUTUp7
;FCtVdH2BvpF9QXRVbMhkBI6ZvjVbZcwjXTBinbogFR14RCJfXPXGkXxBByAergU5q8bWWjcM2wlNOXe
;KsBI5FHhCMXJf7tflEixYTH/XYBWYxsxaNwyofD9fFunPTUp7Z14nS1zixs4OLmtJevFnCJ+yojdof9
;gZWjsW6NVNSnsUKxttPZqjkX0yclJ4z2YCtLWiNl5o9whQL0mMrT0rFWdCOkM9gKORfUEHIB6uBUDrx
;s0pQn7OHVw6SZq6ISMfS186XWLk2+UPNHRJccBaEIKiuTJofskIVjAW6NVNSnsUKwxtPZujkX0yclJ4
;z2YCtLWiNl5o9whQL0mPuSI9CXVfMC08gaORfUEHfl6uHWfrxr4vRWrJH1oAZYa5JC4kYEQlclHg2vQ
;PMgchHq4FZ+vGzVo3Lah8Pyxjm7MsKR5LWDpBVOX85RIxWE5/3HcInJmrNlh72h1LOhbo1U1KexQrC2
;09lqORfTJyUnjPZgK0taI2Xmj3CFAvSZqlKC8fFCpVLT2Bo5FDAQc6Hq4FE46rvT9FbdwJTTpJi7o5P
;hR5dCZYT+fC8hhBBiAergVn66+NWh4MqHxLOnuZsD8rD2FZMHJf7tflEixYU2vcYwaIo5I7RWnJI0s3
;ZIymJSUXcCtULT2Bo5F9KEcgKq4FZ5+joCpSfskISi1ztrEoKQlxSiZIWd7R8Bs1WFNr3GMGiKOSN1h
;ozRBgOX+bpjkVF3VSMF89gKORfUEHIB6uBXbrxs0qRWXGCGArc4SlKDgaYF4nSD2Ao5F9QQcgd+4Fde
;vGzSpFZcYIYCtzhKUoOBpgXidID4GikX1BByC+x0Vn+cbNWkd+wRJLAGKMuD0vCXVfIF9YsqOQfUEHI
;B6uBWfr1M1aN3zaFVErSZ2wIDoeZkohWE/kl5F8QQcgHq4FZ+vG2Fo3DNgOVjFitrcoLiRgTjhdWPPC
;5QgzYiAfrgVn68bNFHcMp3w/X2KBvCMVDHVHOXJO8cb0GUEGIB6uBWfrj41aOQyofEwvY5umEicabFw
;8SUnpo5B9QQcgHq7lWOvfzVo3eMAVUQBhiLkhFQx9TyFFYvPC5RQuWE1/1gVm68bNWjcMwTw/Rhbp1T
;kiEnp0IkxR7fzmFCVzSEHcZBOCqZI3XmKofT9fFunVTXM7FCdVLT310fALJGt/bd5gAo/GzFo3DKh8f
;w9W6ctNSntgWTRbWO386yImZE96y1oDgrW5O1lvzSNZNniApiVKehQrVS09gbfRfU8HIB7UWhOZp7s/
;W1PbDFo6cunUTUp7FCtVOX2BspF9QXFFbN1sCIWZoTtEePcZWzZi6dRNSnsUK2DsfYGFkX1BcU9y22g
;Cn7SkOWh/2BlaO0mauCIlD3x0Jkha7Mb/CR5rRXDJcQ/rx81aNwyofDcfFsjVTUoNe0cgQFj10fgeHn
;RQe8thOJirojVDZPcIVy1zmr0iJh8UKlUtPYGjkY1+Bw8ergURhKq4N1J42hVcAGWZsCguJGdGOkJJ6
;fzlDyBxRXLxaQKFobkyaHjADlosfoa5KUp6FCtVLT2Bt9F9VAcgHtlsF46ZpDRRZcQQYDt/mqEsJBhx
;GlUsPYGjkX1BByAeuwVn67GkKlJTwRJZNnqFiikjCGBKO05Ys6OQfUEHIB6uBWfr3M1aN3vBDFoAeZy
;hKDgkfUUmSEnex/gONWZOfcs0Z+rGzVo3DKh8P18M6dVNPRJkTgpCSPXG4yIoaVN72loDgrW5O1lvzU
;4/Xhbp1U1KexQrVTo9gaPmFDFif3HbcQKZmaQ0RGncI0wvc4yxfEp6FCtVLT2B6tF9VgcgHtlsF46Zo
;i9DadojVjFljKESOQtxTjEfPYCjkX1BByBX7gVE68bNLV58zSNNOmKbtC4+EntFCk9Y58zjGB5wSW7L
;WgGKpbk1RT2ofT9fFunVTUp7FAhVLT32yuEYHnVFatxkBJ+vojRobs0aUC1ztqIkOh5LTTROSe7Ro31
;AByAergVn68bNQTcMqAtWL3O2piImEnB0PENb6M/9IiVuU2rPawSO981bNwyofD9fFunVVkp7FFw8XV
;je0P4RKGN/d8BjDoeqkj5ef9wdUTxz29VMSnsUK1UtPYGjh31BB1d33mA4mLO9Klh+3CNbNmWdtCMpH
;iUrVC09gaORfUEHIAiuBWecr70/aH/dDE8wZJ2KKSMIYEo7Tlizo5B9QQcgHq4FZ+vezVo3e8EMWgBi
;gbwjFQx1RzlyWejQ5RwvZEUvrgRn68bNWjcMqHwnXxbpoiQ6HktfPURT3tTwES1YRHfdcQaFpahoNw2
;ofD9fFunVTUpuFCtVWlTxxs4JLnBFbPFnFYKrki1eaNwUP14W6dVNSnsUa1U4PYGj5hQxYn9qwXICmZ
;mrM09pzCNPMGWR1UxKexQrVS0EwaOEfUEHV3feYDifqbo/RVPOFUc6cralIjkCFCpVLT2BozEjAQc0H
;q4FEIK2qAVDY98ZTQBwhbo6OBpgTmQtPIGjkX1BB3lerhFn68a6M0dp9whQKHObiismFGNZNFlYs6OQ
;fUEHIB6uXCfr0M1aN3vBDFoAYoaiKDgkfUUzRFHt/OMcNWIgH64FZ+vGzQN3DLZ8P19hgKUoFQ97XDB
;fYu3M/g0yWEV/zW04jr65KEJozQ4/Xhbp1U1KexxrVQY9gaPmFDFif2rBcgKZmaI5Q23PE1E+eralJC
;YXdVkKT1L11/4QHmNJf8NgE460zVs3DKh8P19fqdVlSnsUXDxdWN7X/gokdX9xzXEGjKmjO1tT2BVTM
;3ebijklC0tPPExQ5Nf0D0EGIB6uBWfr/41aJQyofEg2ZoyKOSUMcVkKQlvn0PQJOQchHq4FZ+vGzZo3
;Hqh8Pyh/mbASPhRjTidyUufF4hg1fiAfrgVn68bNWncMuHw/X2GApSgVD3tcMF9i8tP0GCUHIR6uBWf
;rxvMaNxmofD8of5mwEj4UY04nckvuz+QQJFhNd8AFZuvGzVo3DIg8P08W6dU6IwtxdCFCSuTRzgooY1
;R2rgRn68bNWjck6HwuXxbpuiIwHktYPURY7cfOHC9gTHuuBGfrxs1aNzLofCxfFumiJDoeS1w0QVHex
;f0SNnVBass0Z+rGzVo3DKglf18F6dVNPRJkTgpaXO3PzhstaFdsz3EC2cbMWjcMqHw/Blbpw01Ke3tE
;L0hi8sv4GC1jf3LHawK0paIvWXiofT9fFunVTbpEFDlVLT3uzOsYHnRId8tpA7SpqzxEadx8Pl8W6dV
;NSntUK1otPYHU+A0kWFd/wmk4mLaoP1MMqXw/Xxbp1QQKewcrVS1c4sD0ESR1QWrHagm0o6M7VWDNfD
;1fFvbVTUoad0gwQVjzwuUULml/eMd3FJ+ZoTtOadojWjF3i7koSnkUK0ktPYHC5xIoY393wHYCmbKSP
;VRjzBlgK0mKuiAnGnpPVS89gbGRfUF1RWrcZASfr6I0aG/HEV02eI7VT0t7JCtVLVz3zPgZHnNSf9hg
;C7SuojZSf/cMXit+trgsMiR4TjtKSen89xwic09s8WAJiqShPzcOqHwvXxbptygmD0tZNEtJ3sb/HCN
;rRR6sBWf7xs1aVWnECGAod4W5Ei8VdUk5SD2Do5FyQQcgfNxsA4yvoz1oacYdXTNz6ddMSmIUK1VPT+
;jH9hQvYH94z2s4mLaoP1NTzRJePXqM1U9Kew8rVS1f88r1GihpR0HIbB+OopI7WWvEGWA6eIi3IS97F
;itVOz2Bo/MPKGNHd8BiOJiuqDZbf/cZUT50hbBNSHsUMVUtPePR+BAeYlhqy3cJiqqSKV9pxBBMAHCA
;pz4+exYrVT89gaPzDyhqf3fAdg6Po5I/WW3KEFpfFOnVbkp7FEg6TE71yv8aHmJOf8xpArSvozxeYMQ
;jTDZ4jrkoFRd9RTAcPYOjkV5BByB9wWQUn6+jPWhpxh1dM3O2vCMsEnhHCl5U78T9GB5rSXDLN2fpxs
;1ONwyoH1AweoC7KhUddUUKRFPi0fQcMmIgHK8FfOvGzTlYY8QVUThJmackJA9nWzBIWd7Q/RI2Y09pw
;AVl6sbgWjcMyxNQM3+HshI6CX1FIV5N5Mb1IjJrT2nKahCFmawsWGXMI1AqYoynEjkTcUc5LT+Bo7B9
;QQdDccFpDoWhki1WZdwjTTp3ir0SJxJ6dDlMROTRzgkoakUerAVnz8bNWlNpxg9aAGWcpT0lCWB0NEF
;J5NH/HDVif3/AYguOmag0Vm7EGT9dFunITUp7cE47Xlje0OQNMWhSavFjC4SxvztDafcZUT50hbBNSH
;sUGFUtPeXG/w4kWFNr3nUImbKSM1lqwRBTAGOasBImEnpOJnJU7/z5FCZvf3rLaxSCsrQFUH7BGD9dF
;+n3TUp7cE47Xlje0OQNMWhSavFpBpKjvylobscISzB7trAjKxl4TlUvPYGEkX1BY0xu8WYPiquvP0VT
;2A5WMWKAuyoVD3FGJUhP4NfkDyRYRXDPZwuOxs9aNyeofD87epmKLiIaeUkwX2L1xvwNJHVBatt3ArS
;voylSftwjWDx5jbASLxV1STlIPYOjkV1BByB6wnU4jKWiPlJTzhVTOniIuCgVHXtZOExJ3sb/HCNrRR
;6sBWf8xs1aU2DYI1I6ZI6wEiULcUUKXljmzvQTNXQgHK8FcOvGzT5bfPcRWi1xjIoiPB5mRzRdYvHC4
;wkyByIfrhln68apNkdT2hlYNnmHtCEVHmxbOl5I88bOGC9mQnLLBWXqxtVaNwzMEE8AZIy4IjweS0kg
;T1/txs4YL2ZCcssFZevG5Fo3DMwQTwBlnKcrKxhxdCZEWeT85Rg5c1Vsy1oEhKqiKGhixw5SPnqAryg
;uexYrVQE9gaP1ETFYU2vcYwaIo5IpXmjNI0s6bp2gPy8kcEImTF/txs4SL1hPaMt3D4qoqlo1DahjP1
;8Wjbk9FQhhWTNMXuT84hQlYn9qy30TnrSoBVJiyR5TOhbr1E1pexQrMUFN3tDkDydmQ3vxdg6Po5IuU
;nTcCU06SYW8KiIPcVkKWE2BoZB9ZAcgHsppF7S1uChRbcsZYCx/jbASPh5sXyBfWN7M5AkybkR78WoJ
;h7/NWDcMtnw/X3KFpRI+HnlbMF9c9dbjGB5kSH/DZwKZmag0Vm7EGT9dF+nATUp7cVMhSE/vwv0iMm9
;FcsJ2OI2vvylDDKp9P0YW6dU+Lw9gQjtKYuTb5Q80Y0Vs8Tc4jqisOFtpqH4/XzPp1U0vA2BZIElY8/
;ziCihzQ3bxZgiEqqQ0UFPKGVkwZIyKPj0SYEg9LT+Bo7d9QQdFZtp3Eo+jvwVEe8EIXDdJiroiJhJ6T
;ApFWODX5A0eZkRoz2sEjsbPWjcsqHw/Om6dpzguHmZ0JlpU9cD5IiJoT3LHawC0r6M7VHjBClpfFOnV
;ZUp7FE4tWU/0x/QPHnRXd9pmD7SlojVbZcYbYC93m74SJxRiTgpIU+DB/RhBBSEeigVn66O1LkV5zBl
;NAGWevDkpE0tYIUJN3tT4DSRYV3/CaTifqbo/RQyqfD9oFunVKDIPZl4xSE/e0OYUNWRIQd1xCJuZuj
;NHafcLXjN6tqEiPR5mdDZCUu389RI2aX971nEVnqKoKDcOqXwwXxbpsywkJHZHPF1i5M3wHy1iIByuB
;XXrxs08VmL3H1AweoC7KhUeeko3QViBoZB9ZwcgHshkCbSlojVbZcYbYCh3gKESLBRmdDhCS+TO9BM1
;WEZ3wGwUg6OpWjUMqHc/XxaPtCMVHnpKN0FY5aOTfEEUIB6uYwaFqas8aGvLE1s6SYy7LCgXcStXLD2
;to5F9J25SbdpaC4q/qChoaMERWjFlgLojFQNtdDZCUPHG/w4gc0lxwFoChaevNlIMqnw/Rhbp1SsjCW
;dfCkFc+MbjIjJvRXLCdjiOqKw4W2mofj9fI+nVTSwSZlghclHg2vQPHnRPcsdhOIKoqzNbYPcZRytkn
;KYkJRVLXDxJSen84xw1bk9By2sGiaqoWjUMqFQ/XxaPvD85D0tHNFRY8/ziEi1uREHHawGCqqEFUWDH
;C00+YoyKKCQadkcwLT+Bo7R9QQdGd9x2E7SqrCNSfvcPUDN/jYokJB19RzlyTvHG9BkeYk5/zGkC68T
;NWiwMqHxZM3mepyw+HktZMF5Y9fz2Hi5jRUHLawaJqqhaNQ2oXT9fFo60PRUdfUc5clLvz+giNWhQQc
;xqE5+poAVEedoaXjxzmtVPSnsbK1UtWuDTzhsoa0xB3W0Ch6q+WjUNqGU/XxaOtD0VHX1HOXJO6M32E
;SRYRWbadxKYr6I0Nw6pfBJfFumyLDokckI5QWLyyv8aLWJ/e9ZxFZ61pDVZU8sTUi9zh6YsPhJ7RQpI
;U+DB/RhBBSAejwVn66GuNVNp9xlRO0mdoD8kFHJNCkNS+9n+ESRYSHvPcQ6Foc1YNgy0fD9fcYq6KS8
;kckI5SFPgzvQiJ2hSc89xOI6orDhbaah+P18O6dVNIh51XzxDWt7X+BAkWEN/wmY4jqisOFtpqH4/Xw
;zp1U0jFWdOJ1li6cbwCTR3f3nNagOOmag0Vm7EGT9dF+nATUp7fE40WUjx/PYeLmNFQdhkC4KirC5SD
;Kp9P0QW6dUkJB19RzlyDLGTzggyYn9twWkOj5mkNFFlxBA/XRbpw01Ke31FM0RR7fzwGSB3VHfYYDiO
;qKw4W2mofj9fMunVTSMVckI5QWLizP8eJGlUbMdmOJipoTNTU90PWgBxiKUSLBJ4R1UvPYG7kX1Bbk5
;4x2kLtKWiNFlpywhgOniNpSIjFWBYVS89ga+RfUFuTnjHaQu0oKQoRHiofj5fDOnVTSMVckI5QWLyy/
;QRLXR/a91gOIynvQVRZcQQP10W6fBNSnt9RTNEUe385A4kWEx3wGAUtK+jBV9lzxRgO3OHpiQ+AktMJ
;0RZgaGQfVIHIB7HaxOOtKE1VGfBElgAc4e0LyYeFClVLTOBo5EUM2hOd8BiOI6orDhbaah+P18H6dVN
;Iwl7RTxDWt7O/hMuc09wx2Zn6cbNSDcMqBZaLX22sSgmD3V0JV9U79f0D0EFIB6lBWfrrKgoXFPNEl4
;9eozVT0p7AytVLVfk0foiJ25SbdpaC4q/qChoacYdXTNz6ddNSmEUK1VLVPn8+RIzdUl8wmA4nrWoBV
;h8zRJgPX+dpk1IexQ3VS097cLoGDNYSHvHYg+fmaw+VnzcFUk6SYy7LCgXcStXLT2ao5F9LWZZe9xaF
;IOjoTZEU8cOWzpktro9PhJ5Qi9IPYOjkVJBByByz3wCmZm+LlZ+3CNPMH+HoRI5GHVZM3JX7sr/CR5m
;THLBcjiCqKM/RVPbFFozeunXTEpKFCtVQVz4xuMiMnNBbNpaF4Svoy5of8sdTTlJg7okJA9LSidCSO/
;Hzhgvc0lsy1oUg6OhNjcOqHwWXxbpuSwzHmZ0Jllc89fODS5uTmrxdgSKtKsFXWPBEksAdYa7KSMPfU
;Q7TFGBoZB9YwcgHsJkHo60kilDbdoIYC95gLs5FQhxSjhyWOXE9CIiYk5qy3dn6cbNeDcMqBBeJnObi
;j4+GmZfCl1S6M3lIjJiQXPxaAido5IzWXvJDltfFOnVbkp7FEc0VFjz/OIJIHVUQd5qDoWykilSbcUj
;UTBJhqMoOBN1RTJePYOikVRBByByz3wCmZm+LlZ+3CNPMH+HoRI5HnVGCkNS7/zhEi1+R3HAWhGOtLk
;/TwyqfD93FunVISsCcVkKXkng0eUiMWhJcNpaFI6noAVFacQdSzZgjIo9JQh9XzxCU4GhkX1yByAew2
;QTtKWiNFE99xpWM3eEsCM+JGdOIVlU78TiIi5xRWzcbAOOmb42Xm/NI0w6Yp28Iy0IFClVLQ6Bo5EQI
;HN/fcFrAdmZqzNbbcUZUStJmrA5PhJ6TCZyUvfG4w8oY0VB3WkOiKOSKVJ43BVROGXp101KWxQrVUtU
;+fz5EjN1SXzCYDiOvrk/WX/BCloAZZ28OSkTfUUyLT+Bo4x9QQdGd9ZaD4S0vzNVYM0jSjF/hrsSJQ1
;xWTlMTfHG9X1DByAIrgVnhqmpP1tT2A5aPH+asBIwJHxOPEpV9aOTfUEbIB6uaAiPr6szUn73D1c6eo
;WmEiceZkwwck3g0fQTNQciHq4LZ+vGozVDU9sdSTpJmqEsPh4UKVUtIIGjkRsof392wXcVgqShP2h5x
;hVQMUmIuSEVD21bMHJcgaGQfVMHIB7dbg6ZspI8WH7LGWA6eIi3IS97FitVIT2Bo+ISLW5EQcxqE5+p
;oFo1Dah1P18WmrohIx9LXzpdPYOikXdBByBpx3UCtLKiLVJ+qH4/Xwjp1U0lFXhSCkJT5PziFSRrTEH
;Bazifqb0FRHnaGl48c5rVT0p7AitVLVL3xuMVIGlHQd1tAoeqvgVSYskeUzoW69VNansUKzpbWPPL8B
;MmWFN2y2kLmJmrO1lT2wxaOnK2sCMrGXhOVS89gbuRfUFoVnvcdw6Po5I8XmDJEVoxYrawIysZeE5VL
;z2BupF9QWhWe9x3Do+jkjxeYMkRWjFitrAjKxl4TmctP4CjiX1BB1Bsy3YUnrSoBVZo3h1RPHO2sCMr
;GXhOZC0/gaOJfUEHUGzLdhSetKgFVmjeHVE8c7awIysZeE5nLT+Bo4J9QQdQbMdrE7SpvT9ZU9sZWDJ
;zh6E+SnkUK08tPYHT4xQvc39uz3cTmJm+P0Z5zRJcOkmGpykvCRQpVS0TgaORDTNuTmrLdziIqaM8aG
;nQCE0qcoynfBUYYVghQlDe0+MUL3NBfMJgOJmjqjNYYqh+P1846dVNOgl9RSFIT97A/hMnWEVm2ncSj
;6O/aGhv3Q9LMHu2pT8jFWBKN0FY3tH0GihoTh6sBWfyxs1aR37BEks6ZLa2IiQdS0Y0TlXozfQiI2JM
;aq4HZ+vrzVo3fNoVUStzm4ouJRVydDhMXunK/xgeZFVt2moKtLa/M1l4wRJYAGabvCI4EmBSVS89gYy
;RfUF3UnfAcQKZma41WWr3EV48foC7KBUYYVghQlDo2fQiNWhPcsZgBo+ZqDRWbsQZDl8U6dViSnsUWy
;dEU/XG4yIiaE548WgGiK6kNFJTywlMK3mEvDcvJGBEOkFV5ML1IiRpQXzCYFXrxM1aEgyofE8tf4ehK
;Dgkd0Q7S2LswvIVKGlFQcpkE4qZrjVZeM0SSwB3jbFNSHoUCVUtPfHR+BM1YlJBzWoJjZmgO1RkwRJa
;AHKIoSwVHX1HMHJc5ceRf0AHER6uBReZr6MuUn73H1AxcLa4LCkTfUUwclj51+MIJWJSQd1yDp+lpQV
;AbcEIYDdziKEkJBwUKVUtHYGjkQ0zbk5qy3c4iKmjPGhhyR9XNniMiisrFUtIOkNJ88z9fUMGIDauBW
;ebtKQ0Q2naI1wweI+KICsYfEI7SGLnyuMQNmZSe/F3Ap+0rDlDZccSP10W6fhNSntkWTxDSeTRzh4ua
;UZBw2QEg6+jP2hqwQ5SKHebsBI+EnlOCkhO9cr8HDVuT3CuB2fr7M1aN3zaFVErc5uKLiUVcnQ4TF7p
;yv8YHmBDccpgOI6ZoC9beMEMUyZJj7kiPXsWK1UFPYGj4Q8oaVR73FoEhKirBVptyxRWMXO2si4lH3F
;0IUVI7MH/HChrf3/KYWfpxs1HNwyoDE02eJ2wPxUYe0UzclDgwPkUL2J/dstkE7SkqD43Dql8H18W6a
;U/IxVgTidyXu7N9yIsZkN2x2sCtK+pP09T2wVMK3OE1U9Kez0rVS1N88r/CSR1f33BawG0q6w5X2XGG
;WAwe4ChEjgafVgwWVL0wPkiImhEe64HZ+vkzVo3fNoVUStzm4ouJRVydDhMXunK/xgeaFJ3yWwJtKWo
;NENp2nw9XxbN1U1KC2ZCO1lY8/zyEi9hf3PPZg+CqKgFR37HEU8rSZymKBUJdU0hLT+Bo6Z9QQdQbMd
;rE460kjlYYs4jUj51gbwjLyRkWTpATfX85A4kWFJ/yHE4j7O9Nl5vyQhWMHi2uCQ4CXtZVS89gYSRfU
;F3UnfAcQKZma41WWr3EV48foC7KBUJcUc0WVT3xs4YOXNSa91sCIXGz1o3PKh8Py9kgLs5LwlLSDpDW
;97O8B4pbk578XcCmKO5BVJTxBlROGKBiiErAnFZCk5V4M32GEEFIB6BBWfrtr8zWXjNDmA8eYezEica
;d0M8Q1je1fARKGNBastaF5mvoy5eYs8jTy1/hqckPgIUKVQtMoGjkQ8gYVRBxWACm5mlNVtp23w9Xxb
;91U1KCXVNIXJS98bjDyhjRUHLawaJqqhaNQyoaj9fFpu0Kz4kZ14nS1zixs4QLmlPasFrDojGz1o3Ea
;h8Pzl/kYolJQlmQjdBWN7W/xQuaX9/wmk4n7+9P2huqH4/Xz7p1U04HmBZNE5J6Mz/IiBxT3fKWhKFq
;Kg5Un/bHU0mSYC7EjkOZFs6X0mwo5N9QS8gHq53Ap+0rDlDZccSYD5ghrwpFQ56RTBOWPLQ8A84WElw
;8XYSm7aiKEM+qH4/Xw3p1U04HmBZNE5J6Mz/IiVuU3/MaQK0p7kFRHjJDktfFOnVWEp7FFkwWU/gwOU
;ULml/cMFxOIKovjNTaah+P18B6dVNOB5gWTROSejM/yIlclJ3wGI4nK+9PwYMqnw/SBbp1T8vD2ZKNl
;lU7s3OGTR1SXDJWhCCtqhoNw6ofC5fFumnKD4JdUghRFLv/PQTIGVMe64HZuvVzVo3fs0ITT51nbwiJ
;CRxRTRPUeT8o31DBiA6rgVnmaO5KFZv3BVQMUmMuywoF3F0N0hb7tH0Ii5yVHvcWhSDo6E2Nw6pfClf
;FumnKD4JdUghRFLv/P0cOGJSfcZkCYyjzVg2DLF8P19kjKE/KxhgQjpDYuTN8B8tYn9x23EUgqKoWjU
;MqGc/XxabsDk4GndfPEJT3tn5EjFYT3DCfDiYqaEzUz2ofj9fDenVTTgeYFk0TknozP8iO29PbvFqCY
;e/kilYYMEYDV8U6dVWSnsUWD5ET/X89AU1YlJwz2k4mK6oNlt/9xpWLWWd1U9KewArVS1O7dDOHC9pR
;X/CbAmMmag0Vm7EGT9dF+n0TUp7Z0cmcl7uzeUSNHV/f8JxApmorC5ees0jWzZkjLY5IxR6K1ctPaGj
;kX0ya1NBzWoIh6+jPWhuzRhgK3OEpSg4GmBeJ0hi9sL4CUEFIB6cBWfrtaEpaG/HE1M2eI6KLjMXfUU
;xSE/ez/4KJHV/dstkE460ki5SYdgZTT5inKcoFQx1QiEtP4Gjo31BB1Ny3VoEhKmhM1lr9x9GM3+HsS
;g4JGFbJUhP3sv0HDViUkHaYAqbo787Q3naGWAod4ChTUh7FAZVLT3yz+IiImhPcsdrALSqqDxDU84ZW
;jtJgbAsPh5mdCFIUPHG4xw1clJ78XIGgrLNWDcMgnw/X2WFphIpFHtHPENa3tP4DjVoTkHGYAafo78F
;Q2nFDFotd52gPy8kY0o8WT2Do5FTQQcgbcJ2OIipojZeYs8jTTZxgaESLB5xTwpFWODX9A8ec0Vz3mA
;VirK4KFJT3x1WKxbr1U1ZexQrJkFO3sTwDR5hSXLCWgKFp682UgyqfD9/FunVPiYIS0w2Qlnk/PcULW
;JOf8NgOI2pvzdWePcZUT50hbBNSHsUMVUtPfLP4iIoaUZ3wmk4jKe9BVFlxBBgOniItyEvexYrVRk9g
;aPiETJYSXDIbAuHmaAvW3jBDFM6SZq2LCQVfUUycl7u1v8JHmZMast3CYqypCxSU8kSWDNz6ddMSmwU
;K1VeUfL8/BgzYEVBwXUChZm+P1BhzRJLLBbr1E1dexQrJkFO3s70DyZif3HYYBWHp70FR23aCExfFOj
;VaUp7FFg5XmLvyuUPLmBFcPF1FYSyqDlDZccSYC95mqESKRR7RzxDWoGhkX1fByAe3WkUtKm7P0V/wR
;JLOmSAuyoVGHtGJUhT8sLlFC5pIByuBUTrxs0pW3/3DE06foy0OSMVc3Q3SFne1/QQMWJSf9pwFY6Zu
;jteeKh+Pl8j6dVNORdndCVfWOnG8AkoaUdBzXwLgqipP0VTxBNIOmS2vSgrD3FZCllY7NP0DyBzVWzL
;WhCKr7laNQyoST9fFpq5PhULZk49SFz1yv8aHmRZcsdrA460ki9HfM0OYDdziKEoOCRgTjhdWPPC5Qg
;zYn9pz2wT68TNWgcMqHxMM2W2pT8vE3FKIURT5vz9GCdzf3jLYAO0rqg7Q2naI0s6e5mwPysPYVkwck
;rgyuV9QwcgM64FZ5iqvgVHfs0UWj5igLsqFQt9WCFCU97L9Bw1YlJB2mAKm6O/O0N52hlgKHeAoU1Ie
;xQaVS098s/iIjF1RXbLZBOCqKoFRWXPFEsAcIywKRUTcUohSE/e1/QQMWJSf9pwFY6ZujteeKh+P18N
;6dVNORdndCVfVO/XzgkgdEtBwmQFjqqSP1ltyhBaXxTo1WxKexRYOV5i8dH4EzVuTnnxZwKPmbk/Wnz
;NDl4rY5uwEj0afV9VLzyBkJF9QXRMbfF1FYKouTNZa/cfRjN/h7EoOCR4RCJIT97L9Bw1YlJB2mAKm6
;O/O0N52hlgKHeAoU1IexQYVS098s/iIjF1SXDabAmMma4jW2XGGFotSZylPS8JS0MwTEnk0c4JJGpQe
;9xkE560qAVAbcEIP10W6ftNSntnRyZyTfPK/wkoaUdBwmABn5mrP1Jo9xRaPmKMpxI+HnlbMF9c9dbj
;GB5wQXfaBWXrxuZaNwzbEEwAZpu8Iz4SekwKXVTy1/4THm9Ff9pgFbSyqDdHadodSypkjIo6KxJgK1c
;tPa6jkX0ya1NB3ncOhbKkNFBT2hVYN2K2sygvH0tDMExJ5NHOCSRqUHvcZBOetKgFQG3BCD9dFunNTU
;p7Z0cmck/uys4PJGBJccBaFIinowVbbdsIP10W6cRNSntnRyZyTunK9BElWEVwz2cLjsbPWzclqHw/L
;Hqaij4/CXJKNkhi8sr1GB5zRWbacBWOma41W2PaI1EwZIS0ISMBcU9VLz2BvJF9QXRMbfF2EpmgrDlS
;U9sVWzpJnbA1Pg5mTgpIU+DB/RhBBSEejQVn67WhKWh/3Q5ZPnWMij4jH3F0IUhF9dbjGB5rSXnGcQK
;ZmbgqNw6pfBpfFummITkkZ14nS1zixs4OKGNFQdpgH5+zvz9oY90ITDZyjIoiJBdtK1ctPaCjkX0ya1
;NB2m0CmausNmhpxh9TMGWcpygVGXVYMHJY78LzESQHIh6uJGfrxr42RFPcFFYxSZ60ISYkcEQgT1Hk/
;P0UL2JTQctrBomqqFo1DKhMP18WmrgsJhdLSidIXN7Q/hEoY393wGMOh6qSPFtj3yNcMHuZsCM5GmBC
;OkNi5M3wHy1iIByuBXLrxs0pWm3EEGA5c4ihODgeZ3QwQ1zjz/R9QwcgPK4FZ5irrDZbU84ZXitjm7A
;+FRJ6TTxBUd7R8AkoaH97wGQFh6PNWDcMjnw/X2WGuSQuJHJCOUFi6M3/GDNYQmzHYQCCqKoFVm7HCl
;oAZZm0PzkeFClVLSCBo5EOLmtJevFsCY2voTZobscISzB7trgiJBRgRDtEXoGhkX1oByAe3WoLgqKSM
;1lqwRBTAHiIpz8lDEtZMEpU7s3OCDJif33BawSOqLkoXm+ofj9fDOnVTTkUeEIxclTvxfgRLVhUcd5a
;CoSooi5YYsEfP10W6cxNSntnRDlEWd7K/xsoa0xB23YCtKGsKmhqwRBTXxTo1URKexRYJURP4M/4ByQ
;HIh6uG2frxr4qXn7JEGAyeY2wEjoaYEMKRFP1xuMNLmtBasdqCevEzFogDKh8TCpmmbo/PiR1TzRdSe
;jV9CIkaUF8wmBn6cbNVDcMqA9KL2aGpzkVHnpKN0FYgaGQfVQHIB7dcBebqb8uaGnGGlAtdYynEiUVe
;FJVLz2BjpF9QXRVbt5qFZ+ZpDRRZcQQYCpljIohIxVxWApEU97L+BopWER7wHYOn7+SPUVlzHw9Xhbw
;1U1KCGFbJUJP9fz8EiVuRnfLdziMo6M/RW3cGT9dFunyTUp7Z14lXVLz184PJGRSe89xArSnqy5Sfvc
;RUDt/j7woOCR2RDpBWODNkX9BBz4ergUUnra9NUV49w9SPnqFiismFHVfMEli58bwCTR1RW2uB2fr3s
;1aN3/dDE8wZJ2KIS8af1IKTlLvzfQeNW5PcK4HZ+vVzVo3f90OWT51jIogJR9xdDBDXOPP9H1DByA7r
;gVnmLO/PFZvzSNMNnKMijkvA2BeJ0hi4sz9EjNYTnHcaAaHr7c/UwyqfD9EFunVPj8Jcko2SGLyyvUY
;HnNFZtpwFY6ZqDRWbsQZP10X6cpNSntnXidLXOLGzg4oY0VB2mAfn7O/P2hgwRtXK3Obijg6exYqVQw
;9gaPiCDNhQX3LWhSCoqgFQ2nQCEotc7a6OD4IfU8wclLvz+h9QwcgBa4FZ5izvzxWb80jTDB6gLESPh
;RkdDhCU+7X/hMoZCAcrgVG68bNLlJh2BlNPmKcpygVGXtfIUJQ3tDkDydmQ3vxYAmKpKE/Nw6ofChfF
;umhKCcLcVk0WUjzxs4RKHRUQctrBomqqFo1DKhwP18WmqU4OAhLTjtMX+3GkX9BBz4ergURhKq4N1J4
;2hVcAGWZsCguJGdGOkJJ6fz0EyBlTHuuB2fr181aN2nGHV0zc7aiJDoeS186Wljzo5N9QScgHq5yDpu
;jki5Ye80OYDl/kbApFQt7WDxZVO7NzhgvZkJyywVl68boWjcM3xVPOkmdujovCUtHOkJN8vz0HCJvf3
;vWcRWeoqgoaGnGHV0zc+nXTUpwFCtVQlL7xs4OKW5FcsoFZerG7lo3DN8VTzpJnrQhJiRyRCdOWOX88
;wQedElwyWkCtKO1LkV5zBlNXxTp1URKexRJJ0RQ3tfoDSQHIxuuBWeks7k/RQylfD9fdYihKC0UZlIK
;Q1zsxpF+cAcgHv53DoWyqCgGU+kyegtJqO0SGhdhWAp/bciQzi4KVRJB52ECiqusMVJ+9yxNMHCAuSh
;KahQrVU5c9cb2EjN+f3DPaAK0rqgiNw9sfD9fJtngfXpLIxllHQu4k6FLBDcQKZo1V93z/WoAPphMDG
;4m2eALeksgGmUdCcSToUl0NxArmjVX3oD9agM9mEwMZybZ4At6SyEbZR0LwpOhSnQ3ECmdNVfegP1qA
;j6YTApvJtnhdHpLJxhlHQjHk6FIcjcQKuw1V970/WoEPphMChkm2eF0eksiH2UdC7SToUtwNxAo6jVX
;3ff9agFOmEwJaibZ4n96SyFtZR0IsZOhSnM3ECjoNVfd8P1qATWYTAkcJtnjeEpnFCtVXkjx0/4PNVh
;Ee8B2ArSiuDtbU80ESy1jmrwiJHsXJ1UtPcDP/V0kf1Rs22ECmcbrWjcMzBlRLHO2pjg6C3tZIXJU78
;X4ES1YT2vaaQ6Fo74FUnTcDko7c5vVTkZ7FCsUQVGhxukJM3JEe9wFdevGzSlCfNgTTStJjbAjOR5LX
;yxdWIGglH1BB2x3wGAU6+jNWjdoxAxgPXeasBImGm1OJ3Jc59f0Dx5iWG7BdhKZo5IpUnzJDl4rf4a7
;Ei0Ye08wLT6Bo5F9QTUgHq5hC5uZrztEafcQXiZzm4osLA9xWQpIRfHM4ggzYn9ty3UGmae5M1hi9xt
;cMHKMij04HhQoVS09gaO+fUEHRHLeWgWKtagFW23RGU0AdIyzIjgeS04tXVLy1uMYHnRFbs93Bp+voj
;Roa8sTWzoW6tVNSnsUGFUtPeXP4SIjZlN78WkGkqO/BVVpzhNNOkmMrT0lCGFZMHJO5NPwDyBzSXHAW
;gCIqak/aHzaGT9cFunVTUpQFCtVSVHx/PMcMmJ/cs98ApmZuCpHadojTzB/h6ESOR5kSidMSejM/yIm
;ZE96ywVk68bNWjcjqHw/O3qZii8rCHF0OUxE5NHOCDF3RWzxdQiCqLkFRGnYHU0+YoC6IxUcd0QxSGL
;x0fR9QgcgHq4FauvGzT5bfPcbXDByjIooJB8UKFUtPYGji31BB0Ry3loAiKmpP2hp0AhaLXiIuRIpFH
;lGNENZgaCRfUEHIAeuBWePqr0FUG/HGFoAcIC5KCQaeU4KS1LzzvAJQQRGHq4FHIyloj5SU84VUzp4i
;LgoFQx9Xz1CSPX89AU1en9lw2QEg6+jP2h40QxaAHeLtz8vDX1KIURS797OBixmVHvcbAaHmaM7Wmn3
;HV09ZIyjJCsPfUQ7UGL6z/AEJHV/dstsAIOysDdaDL58P19yhaUSLRh7TzByUeDa9A8eZEh/wGIC68X
;NWjcMqGk/XxaNuT0VHHdEMUhi8cziCTF1T33LdhTrxc1aNwyocz9fFo25PRUcd0QxSGLy1/APNQcjHq
;4FZ+vfzVo3aMQMYDdziKESKQ5mQjtKYvXK/Bgea0lt2gVk68bNWjcRqHw/O3qZiiQkFXFZCk5S79f+C
;DNYT3jIdgKfmaEzRHiofz9fFunVfUp7FE85XWLsyvUZLWJ/cs98ApmZrDxDadojWidmhqY4OB5LWDBd
;XPPC5RQuaX95zWoDjsbOWjcMqHwLXxbpsSE6JHlCMUlR5Pz9HDhiUkHPYxOOtJI/T3zHD0otc7amKDo
;aZkohRFLv/PYeLmNFQd53AuvFzVo3DKhNP18Wjbk9FRZ9TzFBWN7P8AQkdX98y2MImaOSP098xw9KLX
;O2pig6GmZKIURS7/z2Hi5jRR6tBWfrxs1vNwyoGFMvSYS8KS4XcXQ5TETk0c4fJGFPbMtaApO2oilCf
;s0jTDpmiKcsPhJ7RQpKXu7H9CIxdUUerQVn68bNdzcMqBhTL0mEvCkuF3F0OUxE5NHOCDF3RWzxdQiC
;qLkFRGnYHU0+YoC6IxUcd0QxSD2Co5F9QQcRHq4FA4e2kjdeaMwQWgB6iKwoOCRhWyVIT97T/hQvc39
;ty3UGmae5M1hi9xtcMHKMij04HhQoVS09gaOhfUEHRHLeWgmEtKA7W1PEHUY6ZLa0Kz4eZnQwVU3u0O
;QPJFhTe95kFYqypDVZU88fUDtz6dZNSnsUK2EtPYHH/Q0eaU9sw2QLtKqsI1J+9x1ZK3ObiigyC3tYI
;F9Y3tD0DSB1QWrHagm0oa41U2n3DE06FurVTUp7FBpVLT3lz+EiL2hSc89pOIentD9FU8oZWTBkjIoo
;Mgt7WCBfWN7Q9A0gdUFqx2oJtKGuNVNpqH8/Xxbp1XhKexRPOV1i78zjECBrf3LPfAKZma8/UWPaGWA
;6bpm6Pj8JcXQmSE3g0fAJKGhOQclmCI+jkipFaah/P18W6dVgSnsUTzldYu/M4xAga39yz3wCmZm4Kk
;dp2iNPMH+HoRI5HmRKJ0xJ6Mz/IiZkT3rLBWTrxs1aNz2ofD87epmKIyUJeUo5clHg2vQPHnJQbst3O
;JuppDRDU9sZTz5kiKEkJRVLTDZCWeT84Q8kByMergVn69HNWjdoxAxgKmC2tjg4EnpMCllU7MbOESh0
;VB6tBWfrxs1GNwyoGFMvSZ60PiISekwKSU/4yv8aHnNJc8taC4K1uVo0DKh8P18D6dVNLhdkdCJMTun
;K/xoec0lzy1oLgrW5WjQMqHw/Xwnp1U0vA2BOJ0Nc7fzyEi5rSXDJWgGKqJIpR2nNGGAzf5qhTUl7FC
;tVLTOBo5EbIGl/bd5gAo+ZoTNEeKh/LV8W6eR2ekAmEGcdBrSYokh6PxsrngV268bNPF5gyRFaMWK2o
;TQ6HktYIV89gqmRfUFXbF+ONEnc86A3Nx6ofD85f4W0IC8VYHQhVE3k/OIJMzUgHaQFZ+uWgRsXPYZL
;CjJ76fVNSntyQideSd7P8AQkdX9twWkOj5mkNFFlxBBgL3edoSg4FRQoUC09ge/4EyR0IBeuBWeOqKl
;0UG/HGFpfFfHUTUo2JRthDW6xg6oYOXNSa8pgFcuuqDtDadpcUDlw45h8fks0eGUNBunG8AkkYwB8y2
;FHg6OsLlJ+iBNZOTbBvCtqAntedUVc98axFDUuKlmXNEfQtKg2VnjBClp/ZoamJD4Se0U8QlOL5KBdB
;CoRPug2V9vm7WFFadwOXjxiyaElL1tyQjlMUOTN5V0gJ0J32iUFjqCiKFIsxBVZK3+Hsm0+E3ELO0JH
;+8/0UWFzTz7cYAuOp74/F3/HEVp/eY/1OSIeNFsnSE7y1uMYS0ARPvQuVtvmiHcCLO5FD28mye4gJQ1
;xCw8NSPGD8BMlJ1J72ncGiLLtPF5gyRFaMWLJsDsvFTRGOl9Yi+6pSWE8U2rLdReOtL56WGrOfDVfFu
;mwIy5JOkw2Qlnko5L4QQcgU5w3VsuS/XpkPZhMNRIk2+RtHko0eGQdDYvuoE11J3QujlZX4Yv8agMs/
;E0fDCbjmHx+SzR4ZSdwsJOmdwY+ERTpNEeu6/x6cT+YTDUYJ8mPZnpVIQsQAAih+7xPcSd5M5w1R629
;uShWes0QYCxmjLApN3FTGW0NZbGDyE1LShgqpEJe28bbWjcMzx9QO3O2sDU+HmZFNEFi4sz8ECBpRB6
;tBWfrxs1PNwyoGUcrZJyxKDgkZ1w8WV7pjfYeLmNFHq0FZ+vGzU83DKgbXDByjIorIxdxRTRAWN7F/g
;8sZlQerWJn68a2PVRjzBlgOX+FsCMrFnF0IkRJ6czkCR5iWGrTWhyGp64yXmLNI0smZoyKLCgZZk4jR
;Fz1yv4TPFhbeMdpBoajoy5oYskRWgB3i7c/Lw19SiFEUu+S7CI6a0Fny3c4g6OkPV941RFSXwTp1U0m
;Gm1OJ3Je6cL/GiQpR33BYQLrxc1aNwyobT9fFo62Ii4eS1s6Xknx0f4eJHRTHq0FZ+vGzUo3DKgbXDB
;yjIo/LwtxXzxZVO7NkX5rByAelXcCm6O5M0NlxxIfOHWGsShAPC0ZdWgNi5jjGDFiVHfabAiF5qo5WG
;jNfC9fFumnKD4JdUghRFLvjfYeLmNFHq0FZ+vGzVE3DKgPSz5knfsqKRRwTlUuy4CjkTpzNgAlw2ATm
;a+uekFtxAlaLByu7H1qQHVJJkJR9Nf0XTFoU3fabAiFr6M9PUGQTh9kZYyhbS8DYFkgSVjzg+USYWZC
;bcFpEp+j7TdYaM12cm4m3vV2OQ91WSENSujX+V01b0U+yGQJy6mrPD1LmkQfBybJjH1qQHlEI0gd2Yz
;IXTVoAHPHa0eOqKkpQ2PYDzUYJNH1F3pbL0Y6W1ih+bEJLidNd8AlAoWivi5YfNt2eG42s+R4ZEs0bW
;wdDbGDqhAucUU+2m0Cy7ahO0Nqxw5Sf3KGoiNqSiFGOCc3xpqjXQQ3ACXUYBWE5rkyUizNBEstY42wK
;WoXcUUyWVWLqdZNYV8ULY5cVdzmi2gHPJhcH2RxhvU5JVtgQzANWOXE9F0uYQBqxmBHiaOpej1LkU4f
;BybJjH1qPiQLbl5Y9YPrGDNoAGrBJQKPoah6WGqICFc6NouwKUA8JAsTFA2xk7EncCcbRI5wF8uxpC5
;fLJkRUlVR2PULeEskCw8dHbr5sRUuakU+3WkInKq0UD1LmVxlbiPH5W0MQiQbZQ0G7MznGGFzSHuOdQ
;uKsqs1RWGIGFAoeMnkeCcWHiESHB3HmqFNcScbbd5gAo/mvj9DeMESWFVR0OdtD1YnC25fWPXR8B41b
;k9wpEhW2vHtCkVlxghWMXHH+2NKdxQrVV5J4NHlT29gQ3HKYGfods1aN0uaTTUYL9nfAHJJHmZkHQqL
;5KNFYV8QPvc1baz09XptPKI7Dn9M2OBjeltSGGUdN9WSmzp4NQBbng8g2uaLaAc8iDkObxyu7H9qPiQ
;hEhwdx5GhTWFCDWXcYBOZp64uXmPGI1sqd4WKLCcUYUUhUDfVk5s6eDUAW54PINrmi2gHPIg5Dm8cru
;x/aj4kIRIcHcfY5Q8gcUVy8XYXjqOpJz1BmU0If0abvCM+EnpMewMTgamRfUFgQ3HKYDifv70/Nw+uf
;D9fRIylHysLFDpVLT3ozfcULWt/f8BiC46ZoTNEeKh/OV8W6eF4cUonHlU4PYGj+BMnbkxy8WESiqqS
;P0942glMNnmH1U5GexQrFEFRocbpCTNyRHvcBWnrxs0zWWrBEFMAZoihOS8JeitWKT2Bo9YPKGMgEa4
;FZ4K0ojReYs8jTz5inbA/JHsXIFUtPdPG8gkoa0lwy2QV69vNWjdgyQVaLUmaoSw4D0tbOkRT9fziHi
;B1RkHEag6Fss1ZNAyofH4zeunITUp7eEosSE/e0OUcM3N/bsFsCZ+Zvj9WYfcfUC14jKdNSXUUK1V/W
;OfP9AUOdWNxwHMCk8bVWjcMxR1LAHWGuyt7JHJCOUxQ5M3lIiN1QXDKBWTsxs1aZW3BD1psUunKTUp7
;eUohcl7uzfdMHmFJcs9oAoWykj5ef9gQXiZJh7QgL3sXN1UtPdrx8BQyYhNa8yU3maOgM0JhiCxzHjb
;Y+3p/FnkrSS09gc7wCR5kT3DINDiNr6E7WmnGCGA4dYaxKBUeek9VLj2Bo5F9XwcgHsNkE7SlojRRPf
;caVjN3hLAjPiRzSDpJWN7Q5RwzcyAdrgVn68baWjcMxR1LAHWGuyt7JHJCOUxQ5M3lIi9mTXuuBm3rx
;s0Ke02ITRFoI4S4TW57FCs4TEnewP4TJzZ/eMdpBoajoy5oYskRWgB3i7c/Lw19SiFEUu+jkn5BByBO
;4kRn88bNWlpt3CNcMHiP5BIsEnhKOEhT9fz/EjViUx6tBWfrxs1HNwyoEV4rSYq6IyxKS008QVzsxv8
;JHndSd81gOJ6opC43D6p8P19djtVQSnsURjRZYuLM/xtwWEZ3wmQKjqi5BURp3AhWMXG2vClKeDArVS
;0O45GiRSJjFDPKPVeK6/lpVW+FRFpmcMTndStDdhs3TgXnwqJ9awcgHsNkE7SlojRRPfcaVjN3hLAjP
;iRnTiFZVO/E4iInbkx/w2AJn5mvKFZizHw8WBbp1R8rEmdOZmk9sKORfSxmVEHNagmN95I8XmDJEVox
;YramKD4PfUUyXmLnyv0cLGJOavFhDpi2oTtOU8YdUjoW6slNSntPeTRETuSQ1SBhV1J7w2wShuadFnY
;smVIIanuE1WNKexRGNFli4sz/G3BYRnfCZAqOqLkFRGncCFYxcZqKKyMXdUYwQ0nexfgRJFhOf8NgZ+
;jMzVo3XOQ9H2443uAgJ3s6K1UtUODXzh4uaUYv8WMOh6egP1l49w9aK2KAuyo5JHJCOUxQ5M3lIiZkT
;3rLWgKFos1ZNwyofD9vFunVICsPS0g6Q1uw/PcULWZNe8BxOJijuS5eYs8PYDl/hbQgLxVgdDJOUuXG
;zg41ZlJqrgZn68bNWhAMqHxSPmK2tiIkHSV0M0RR4M70EzVYU3vacQ6Fob4FUWXEHVI6eJ2KJC57Fw9
;VLT2ywaNOeWREKoNhX9un4G4EbstRBzovj/h/chosSWVPXrnF8E5BLiAermgGn5muNVlqmSNZNnqIuC
;gkD0tYMFlJ6M32Dh5hSXLPaAKFspI0VmHNfDxVFunVHQY6NBp7GgjszpFLQQcgc89xOIipozwGU84VU
;z57jLs5FQhxXyFEU+bQzhsoa0Fzy2sTtKisN1JTyR5dLXOfvCw+EntFVS4+gaORLQ1GIDSuBWeGp7kF
;VGPGGg4AcIC5LCceel8KXlj11/gTJnR/eMdpBoajoy5oYscIWiwW6tVNSnsUNlUtPezC5SIiaE54n1o
;BgqqsN1Ji3CNLOnWBuyImFHNSVS41gaOROyhrQXPLaxPr3s1aN2HJCGA8eYezfxUdfUc0QFjv184fM2
;ZOeq4GYOvGzQhWZdsZDBsW9tVNShZ1XwpOUu/FoyInbkx/w2AJn5mpM0R8xB1GAHiIuChKeAgrVS1m0
;8L4DiQ0ZEOOVRWOq6QvWiz4MH5/J8fieCcWFDdVLT3swuUiImhOeJxaAYKqrDdSYtwjWDx5jbASLxVw
;K1YtPYGjkWNBByBzz3E4iKmjPAVTzhVTPnuMuzkVHHdEMUhi8tfwDzUHIx6uBWfr0c1aN2HJCGA8eYe
;zfxUdfUc0QFjv184TIGpFHq0PZ+vGnRZ2LJlSCGp7hNVpSnsURjRZYuLM/xtzWEZ3wmQKjqi5BVltxR
;lgPnSLpyg8EnVfPEJTgaCSfUEHcFLvBX/rxs03Vnj3H1AxcNuKKyMXdUYwQ0nezf4JJHQgHa4FZ+vG0
;Fo3DMUdSwB1hrsreCRyQjlMUOTN5SIxdUl9y1oSha+5WjQOqHw/FHHpyE1Ke3lKIXJe7s33Tx5hSXLP
;aAKFspIpUnjcFVE4SYCxTUlfFCtVHl+zkKkeJTMNepY1Bsby/jhUIZAZBjk72+0schkkSTYVW+CQkVd
;BByBzz3E4iKmjPAVTzhVTPnuMuzkVCHFfIURT5tDOGyhrQXPLaxO0pL87WWiofzhfFumHLCMIcRgRLQ
;yBo5EQIHN/fcFrAdmZqzNbbcUZUStJmrA5PhJ6TCZyW+jP8BAkaVRBymwUm6qsI2hiyRFaXxX11U1KI
;EZKPF5YsufMXRF1RXPHcArLloEbFz2GSwoye+n7TUp7eUohcl7uzfdPHmFJcs9oAoWykilSeNwVUThl
;trMkJhp5TjtZYufK/RgeaUFzywVk4cbNWmdA6VwOcSHcuCBKVRQrVUBc9fzyEi9hEkHIbAuKq6g0Q1P
;bGUsrf4eyPhUdfUc0QFjv184aImhEe/FgCY/Gzlo3DKh8D18W6bgsPiR3RDtLD97F+BEgakVw2loUjr
;K5M1lr2yNZNnqIuCgkD0tMNkJZ5PziCSB1VB6tBWfrxs19NwyoEV4rSYq6IyxJS008QVzsxv8JHnRFa
;tpsCYy1kjxeYMkRWjFitrwpSngwK1UtDuORokUiYxQzyj1Xiuv5aVVvhURaZnDE53UrQ3YbN04F58Ki
;fWgHIB7DZBO0paI0UT73GlYzd4SwIz4kZ04hWVTvxOIiJ25Mf8NgCZ+Zoztaaah/NV8W6YUBC1slBWI
;YUOyjp31BB01/2loEhKiraGhqwRBeMnOHoRI5HmBfPENa8vz3FC1mTXvAcTiFp6A/aG3KHk06YIC0OS
;MUeitWLj2Bo8ExAAcKHq4FCoqykjlYYs5OYDl/hbQgLxVgdCZISfXK/xoyWEZ3wmQKjqi5BVlj3BlMX
;xXp1U1KewkrVS1Q4NfOHi5pRizxYw6Hp6A/WXj3CFo8foe6ISUcbStWJT2Bo9cULWZNe8BxZ/rGzVpH
;YMkIWTBkhIosLhNxWDxCU4GglX1BB3J/yHFn8cbNWlh6zQ5XPniOij4iHnhHJnJO8cb0GR5rSW3aBWT
;rxs1aNx2ofD8vd5ymKBUTcUIyRUnez/gONQcjHq4FZ+vXzVo3fMQdSzl5m7gSKx9wQiFEUu+jknlBBy
;BQwWsC69DNWjd82hlMLGObsBIrH2JKO05Y3tfoDSQ2IB2rBWfrgKQiUmioaj9fFpmnKDkIYVkwclzl1
;fATImJ/atd1AtnGzl83DKg6VidzjdVvSnsUWydEU/XG4yIiaE548WgGiK6kNFJTyRFgK3OKvSMlF3tM
;LC0+gqORfQdBZh6DBWfrtr8zWXjNDmA8eYezEicad0M8Q1jewOQONWhNd9RgOJ+pojZfackYYDF3hLB
;8SngWK1UtabGjvH1BB1Bsx2sTjrSSOVhiziNSPnWBvCMvJHdeJllS7MrrGB5zT3HCbQKKopI0VmHNTj
;9cFOnVTR5KFA9VLT3x0fgTNWJSQc1qCY2ZoDtUZMESWgBwgLksJx56XwpDXOzGzkxBBCoergU3p4fta
;xk7nRFSXzLp1U06CX1FIUhP3sD+EydYTX/NbQ6Fo5I8XmDJEVoxYra7LCceSxlVLjeBo5EtDUYAL4Ay
;UoarzXg3DKgMTTZ4nbA/FRh7RTNyUODA+RQvYn94x3cKnKe/P2h40QxaXxXu1U1KMHhCJV1Y86OOfUE
;HUGzHaxOOtJI5WGLOI1I+dYG8Iy8keRplHQzewP4ZJAcjHq4FZ+vZzVo3fNoVUStzm4ouJRVydDhMXu
;nK/xgeahEunjc4iKmpPzcPqHw/Xxb21U1KC2ZCO1lY8/zyEi9hf3PPZg+CqKgFWj6YTA8AdYaxKEp4F
;CtVLT2go5F9MXVJcNpgFbSlojRRU8UdXDd/h7ASJRhgRApMWeXR9A4yByMergVn6+bNWjd82hVRK3Ob
;ii4lFXJ0OExe6cr/GB5oQ2rBWgabr6Y/TgyrfD9fFun5TUp7ZFk8Q0nk0c4eLmlGQcNkBIOvoz9oY8s
;IUAB6iKY5FQ5kRzpMWd7F/hElYlIerQVn68bNfzcMqAxNNnidsD8VGHtFM3JQ4MD5FC9if2zLdQKfr6
;goaG3MGE06ZZrVTkp7FCtVCT2Bo+EPKGlUe9xaBISoqwVabcsUVjFztqcoOh5gQjBfYuDT+BYkfiAdr
;gVn68blWjcM2A5WMWKMpxIpFHpNCkBc4sv4EyRYUnveYBOCo78FW23bCGA4ZIagPUp4FCtVLT2ro5F9
;MXVJcNpgFbSlojRRU8UdXDd/h7ASOB5kTiFEWPP84Q8oaVR73FoJiquoWjQMqHw/Xwnp1U06CX1FIUh
;P3sD+EydYTX/NbQ6Fo5IpUnjcFVE4SYCxTUlfFCtVSAjilvJPIj4NJ50yVcbyr2MOIZBECmg72ON+eE
;wiE2xMWeWTkWRBByBu3GwJn6O/BVRjxhpgMneKvSQkHktfLF1YgaCXfUEHRnLBdReSxutaNwzYDlYxY
;oynEikUek0KQFziy/gTJFhUZ95gOIqkryhSesEdSzZ5h9VOSnsUK1UhPYGj4Q8oaVR73FoTkraoWjQK
;qHw/OXqGpT0zexgrVS1N88z3FC1if3DPaALrxc1aNwyobz9fFpu0Kz4kcF40QWLk2+UPNHRJccAFZOf
;GzVp2YMRcWidim6ApLwkUOFUtPfPC9wkebk54x2kLtLasLkNp2hI/XBPp1U0GEnpOJi0ogaORDyRzUn
;/NcQ6EqJIgX2PYI0smZozkTUl9FCtVY1LzzvARQRIgHq53Ap+0rDlDZccSYCV+hqUSPgJkTmctPoejk
;X0PaFJzz2ln/8bNWkRkzRBTAHKApygpD31EO3JR6NDlfUIHIB6uBXPrxs0pXGXaCGA7Y4i5Ei8DYFkg
;XlTuzZF+TQcgHu9pC8ujtS5FecwZTV8+6dVNORdndDRJWejX+BIvZkxBzWoIh6+jPWhkzRVYN2K2oSQ
;nHktMJ0xN6aOSW0EHIC6ANVza/v1qByKYRwxvONnufHJLJBt7HQayk6FTcTwWLp41V8X2zU03DKgPUy
;xJiLsjLxp4QjtKYuPG9SImdUFuxgVk68bNWjcuqHw/LHqaiiwkFXFKOURT5vzyBC1uTnrLdziHqbo/R
;VPPDl4vfunWTUp7FCt3LT2B0P0OHmZOcMtkC4KoqgVUdcQVUTtzm4o4OgtxWQpKT+DT+X1CByAergV9
;68bNKVt/9x1RMXOIuSQkHEtbPF5J7s3OGjNmUHauBmfrxs1aJAyofEwzZba0OScUZ1s9SE/k/PwSJWI
;gHa0FZ+unpCg3KKh8Pyx6moovJQ9gRDhyTvTR9xwiYn93wGMOh6qSO1lrxBlgM3+aoU1JfxQrVR0GuJ
;ORakEHIG3CdjiIqaMuWHnaI006Zoy0ORUWe08wLT6Ho5F9AEVjX+xGZ9nGzVpEYNsjXDB5hbwjLSR1T
;SFIT97R9B4uZlR3wGI4n6OgKlJ+yQhKLXO2oSQnHktMJ0xN6aOSa0EHIC+XNUnb/f10BzeZTA9xJtLn
;eXpLOhtVDT2Bo+IRMlhDccFpDoWhkjhSaPcIWjJmjKcsPg5mTgpBVPLXkX5GByAenitX0Pf6ajc+qHw
;/LHqaii4lFHhCO0pi4tr9FC9jRWzxaQico78FX2nJCFotSZ2wIDoeZkohWE/k/P0UMnMgHakFZ+v242
;oMPZlMP20W6dU+JghLSDpCUejN9iIifkx3wGECmZm4Kkdp2iNXOnedsD8VD3FGJUhP4NfkDyRYTHfdc
;Wfowc1aNzyGTARuINnVYEp7FFg5XmLizP4RKGlHQcJgAZ+Zqz9SaPcUWj5ijKcSPh55WzBfXPXW4xge
;a0lt2gVk7MbNWgcimEcOaybpyk1Ke2dHJnJe7sz9FC9gf3PHaziHp7Q/RVPcFVI6SYW8Pj57FytVLT2
;BiZF9QXRMbfFmCISqpDRQU9gVTCt5h4olLxpgTidySeTO4RgzZlRr3GA4h6++LjcPr3w/XybH5XZ7TS
;QrcS09gdD9Dh5kT3HCbAmMmb01RHj3D1w+eIe8Iy0kcE45TETez/gONQcjGa4FZ9vo/WEEIph8HF8W6
;aYhOSR3RDpBVO/Ezg0zYn9tzWQJha+jPWhozRBeJkmFvD4+excsVS09sY2hRnIpEB6ABWfrtaEpaG/H
;E1M2eI6KPyMcfF8KS1jkx84VJGZUe9xaE46rvT9FbdwJTTpJhbw+PnsXLFUtPbGNoUZwMxAejAVn67W
;hKWhvxxNTNniOijkjFnF0IUhQ8cbjHDVyUnvxYhWKtqVaNBqofD9vONnufH1LOhtuHwmxk79NejYQLo
;A1Z/PGzVpEYNsjWD5mtrMkJhdLWTBdWODXzhAuY0UerQNn68aMG3VO6z8/Rhbp1T4mCEtMNkJZ5Pz3F
;C1iTn/DYDiNqb83Vniof1lfFumuKikUcE4KS1Ttxv8cLGJ/acdxD4SzuQVSdNwBYCR7iLYlIxVxdCFU
;TeT88B8jdUVox2QTgqmjJ2h3xR1LOmSAtCEVFXVGMHJc48HjGDduQWrHagmWmbY2VnXNDmA3c4CyJT4
;GeUZVHj2Bo+IRMlhIe89xDoWhkjhSascOWgBkjLYiKw99RTJySeTO4RgzZlRr3GA4n6+gP2hr2h1PNx
;bqwE1Keycbex0GsY2hRnAwEDCePlbZ9v10Bwy9fD9fZYWmEiMVckI5QWLgzfYRJFhMd91xZ+jCzVo3P
;JNFD18J6dVNORdndDxDW+jP/SImZlBByGwLh5m/P0dpyQhgMnmNsE1JfRQrVWx8w+HSPkERIB6udguY
;maQ0UWXEEGAtc5mwLD4keUQxSD2CpZF9QUZhXOxGJOvezVo3f8QPYDZ4j7whJiRnSDRDU+jN9iIsaER
;7rgZi68bNN1hozRA/Qhbp1T4mCEtCO0NY8/zyEi9zT2vcWgiNoL4/Q1PEFUwrFurVTUp7FA1VLT3yz+
;IiMWhXest3OI2jqD5eYs8jTTBiiKEkJRVLWTRZVO78/BIlYiAdqwVn66CkIlJoqF8/XxaauT4VC2ZOP
;Uhc9cr/Gh5lRXrxcQKGtqgoVnjdDloAeoCmOUp4NCtVLQ2vk6pMczcOLpUwV8X29msAPIZMBG4m2ft9
;cUojG3sdPbSjkX0ya1NB3ncCg6OsLl5izyNcJnqAuykvCUtHOlpY8/z5GCBzRWzxcQKGtqgoVnjdDlo
;AeoCmOUp4EytVLQ2vk6pMcDcgK64FZ5iqvgVHfs0UWj5igLsqFRhtRzxDWeTRzggxd0Vs8W0CirKoKG
;h4zRFPOmSIoTg4HktHPF5JgaCWfUEHEDCePlbd9s1qNwyoD1MsSZmnKCIedV88Q1rez/QbNVhGe8thO
;IOjrC5SfvcIWjJmjKcsPg5mTgpBVPLXkX5GByAenitX0Pf5ajcuqHw/LHqaij04HnxONFlU78TOEChp
;f3LPfAKZmbkzWmn3EFYsYunWTUp7FCt4LT2B0P0OHndSe8ZgBp+voz1ofMEPSzB4tr0oKw9xWQpZWOz
;T9A8gc1Vsy1oLgrW5WjQLqHw/bzjZ7nx8SxQMVS098s/iIjF1RXbLZBOCqKoFR2PbCGAsdYi7IyMVc3
;QxSFHg2s4RKHRUHq0CZ+vG/XQHN5tSD18w6dVNORdndCVfWOnG8AkoaUdB3ncCtLWuO1liwRJYAHKMu
;SwzJHhCJlk9gqSRfUE3Di6VNknbxvxaNwzbEEwAZpuwJS8aYEI7SmLzyvYVNVhGe8thOIOjrC5SfvcI
;WjJmjKcsPg5mTgpBVPLXkX5GByAenitX0Pf5ajcpqHw/LHqaij04HnxONFlU78TOCShqRUHaYAqbo78
;7Q3naGWA4ZIilJUp4NitVLQ2vk6pIcSkQJZ83V9vo/WEGPJhSD2Ql3+V9ZEsvGmIdE7GjsH1BB1Ny3V
;oXma+jLl5izyNdOnK2oSgnC3FZNFlI88bOESh0VB6tDGfrxv10BzeZSw9xJunmTUp7Z0cmck3zyv8JK
;GlHQc18C4KoqT9FU8QTSDpktr0oKw9xWQpZWOzT9A8gc1Vsy1oLgrW5WjQLqHw/bzjZ7nx7SxQYVS09
;8s/iIjF1SXDabAmMma4jW2XGGFotSZylPS8JS0MwTEnk0c4JJGpQe9xkE560qAVbZdsIP1wR6dVNelU
;kEGQbDYGNkX1BdExt8XUVgqi5M1lr9xBaOWK2sygvH0tDMExJ5NHOCSRqUHvcZBOetKgFW2XbCD9cEe
;nVTXpVJBBkGQ2Bg5F9QXRMbfF1FYKouTNZa/cRVjFJhbQ0LwlLXzxAWN7P+A41ByMergVn6+3NWjd/x
;A9gL2SAuzkjFXN0JURO9cz/IiliQWrLdzifo6AqUn7JCEotc7a5JDkPFChSLT2Bk79NejYWLq4gZ+vG
;vjZEU9gOVjFigLsqFQt7WCFyTuLC/xMoaUdBymALir+SNl5/3Hw8WBbp1X1kSy8Yex09paORfTJrU0H
;edw6FsqQ0UFPYDloAZYq0IyQSekwKSVjtwugiLW5Taq4GYOvGzWoZPJNPEW8WxtVNSgh4WApdT+jN5R
;QvYH9sx2IPn5mrP1Jo9xRaPmKMpxI+HnlbMF9c9dbjGB5rSW3aBWTsxs1aByKYRw5rJun2TUp7Z0cmc
;k3zyv8JKGlHQdpsCo6ZuT9afM0OXitjm7ASLQl1Wz0tPoijkX1xKRAlnzJXxfbNQjcMqA9TLEmbuiQV
;CXFMPEJT3tDyHC9YTXHKYGfowM1aN2XbEF4xcunATUp7Z0cmck7iwv8TKGlHQd1gFp6jozlSDKtyP18
;WgLsrIxd4FTZCU/XM5A9BCiAernYLmJm+P1Zh9whGL3Pp1klKexRFOkNYgbqRfUF0TG3xdg+Co6E+aG
;3EG1Atf529IBUPbVswLT6Do5F9FzYgAq4FZ5iqvgVEZMEZUztJgLsrIxd4dDRDWu3GzhEodFQerQJn6
;8b/aAI3m00KXzDp1U05F2d0IUVU7/zmHC1rf3rBcAWHo5I2XmLND2Atc5mwLD4keUQxSD2CpZF9QUZh
;XOxGJOvjzVo3f8QPYCt+gLsSPRp4RwpeVO/E/Rgea0lwy1oVjraoO0NTxRNbOhbq001Ke1VqF29+wqO
;wfUEHU3LdWhOEtpIpQn7OHVw6SYC7KyMXeHQ0Q1rtxs4RKHRUHq0BZ+vG/WEOPKhVP18WmrgsJhdLSi
;dIXN7Q/hEoY393wGMOh6qSPFtj3yNcMHuZsCM5GmBCOkM9gviRfUE3Gy6VNUnZ/f10AzicSARvON3uf
;WRNJR9gFg2vlapNbzAQK5c+V8X+9moZO55NBmQnx+B2elUsHmIcBrOYoVN5PxgnlTZc2+j0aAQ9k0kE
;bzjQ4H96QCUbbhwGgbSRfUF0T3LHYTiCqKszW2D3HVE4eoyKISMIYCtWKz2Bo6VIejYTK64RZ+vGvjV
;bZcwjVjFwgLkhFQt1XyFIT++jknhBByBSx2sCmMbWWjcM2xNTNnK2vCMsEnhHCl1c9df0Dy9YQnHacQ
;iGxs5fNwyoMFYxc5rVW0p7FFggXU3u0eUiJXJBcvFgH5+0uCleY8Z8PFMW6dUMJhc0Ti1ZT/TH9A9BH
;iAernYSm7aiKENTwRJZNnqFiiwkHHhOCkFU8teRfkIHIB6DMVLr5s1aN3/dDE8wZJ2KJCQdfUc5clL0
;1/0UL2JTQct9E5mzqT9FDKtwP18WqLkhah5sXydYWeTRkXFBByBt23UXhLS5BUN12Bk/XBPp1U0GEnp
;OJi0tgaORDjR3UHHccTiYsr87Q2nPBT9cEunVTR4JcU5VKj2Bo+IIMXdPbNoFZOHGzVpyes0ORih+jK
;coSlgUK1VeSPPF8B4kWFNxwmwDtKSiLkNjxSNWMXCAuSEVC3VfIUhP76OSeEEHIFLHawKYxu1aNwzbC
;U05d4qwEjkUeEIxcknu084UL2FJcsJaF4qyuT9FYqh/Ol8W6ZkkJB5nK0EtPYHX9BAxYlJ/2nAVjpmv
;P1NTxBVMKxbq1U1KexQ+VS099cb8DSR1QWrbdwK0qqg8Q1PEFUwrFurVTUp7FD1VLT31xvwNJHVBatt
;3ArS0pD1fePcQVixi6dZNSnsUK1stPYHX9BAxa0Fqy1oJhLKoKTcPqHw/Xxbm1U1KDH1bMHJJ7tT0Dx
;5qT3rLBWThxs1afmLcGU0zd4qwKUprFCtVWlTxxs4JLnBFbPF2D4q2qFo0Bah8Pw1ziqEsJBx4TlUjP
;YGj5hQxYn9pz2kLtKuiPlIMq3Y/XxaguzkvCXhKNkhZgbORfUFoT2TLWhSDr6g2U1PcBU86FurcTUp7
;Q0ohSE/Hwv0RQSggHq4HZ+vGzFo3DO58P18X6dVNRXsUKwYtWIHXkQlBbiBwrmJny8aKWkUMx3xKX2b
;p9U17exUrVS09gaORbUEHIB6uBWfrxs1aNwyofD9fFunVTUp7FCtVLT2Bo5F/QQcgGq4FZ+/GzVpKAq
;h8OV8W6bMhJQtkUlUtPfvgkX07RCAe1EZn68bNl/vAln0/X96r1U2CORUrVS09gWvQfUEHIByuBWfpx
;s1aN4irfD5fFiGUTUp7FCtVDX1Mb11DQQcgHq4F/KjGzcF0DKigfWsW6dVNSnsUKVUtPZWjkX1BByAe
;rgVn68bNWjcMqHw/Xxbp1UxKexQrVS09gaORfUEHIB6uBWfrBMBaNwyofD8HFunVbkp7FE4tWU/0x/Q
;PcFhDa91xCIaZvSheYtwdXTNztqcoLRJ7RQpVPYCjkX1BByAergVA68bNP0942glbOmTYii4/CGBEOH
;JN88r/CSBlTHvxdwKMr6I0aHTbFUU6FujVTUp7FKs+bT2io5F9JH9UbNthApn3kjlCf9wTUgBmm7wjP
;hp2RzByT+TE+BIvWFkerwVn68bNWjcMqFs/XxaMrTk4DnBOJxxi4tbiCS5qf27cbAmfp682UlPaGVg2
;eYeKNDkSbk5VLD2Bo5F9wWxgHo0FZ+ujtS5FecwZTW1JiqA+PhR5dCVfVO/X8B8tYn9sy2IOhKiSIjc
;NqHw/Xxbp1U1KXBQrVUhF9dHkGSR1EkHNcBSfqaAFR37BEks+dIWwEjgec0I6Q2L50PgHJAchHq4FZ+
;vGzVo3L6h8Pzpunac4Lh5mGQpOSPLX/hAed1J3wHEGiaqoBUVpzxVQMUmQ1UxKexQrVS09gaO2fUEHR
;WbadxKPo79oaG/dD0swe7alPyMVYEo3QVje0fQaKGhOQdd2DpGjzVs3DKh8P18W6dVYSnsURjROVejN
;9CIgan9qy2YPhamhNVB1qH0/Xxbp1U1KexQ7VS097MLyFShpRUHMZBKPtKwuUgypfD9fFun1QQt7BSt
;VLVDgwPkUL2J/fMthOJiurCpSDKl8P18W6dVNSnsAK1UtUODA+RQvYn98y2E4n6OgKmhhyQQ/Xhbp1U
;1K+09rVTQ9gaP8HCJvSXDLWgWOqrkFUG3GCE0mSYi7KiYeFCpVLT2BoxE7AQc2Hq4FCoqlpTNZafcfU
;DJmjLs+Kw99RDtyRYGikX1BByAe90Vn/cbNWlptyxRWMXO2tiInC3FFJkxJ6Mz/IjgHIR6uBWfrxpQa
;Ny6ofD8yd4q9JCQeS080WVzexfgRJFhUdttoBYWnpDZoZM0VWDdi6dRNSnsUK1WpfYGCkX1BakF9xmw
;JjpmpO0Nt9xpWM3O2oSU/FnZFNERR3tT4GTVvIB+uBWfrxs3edwylfD9fe4i2JSMVcXQxRFDe25F8QQ
;cgHq5FCKvGwFo3DMUdXDd/h7ASLhJ5dCwtPIGjkX1BR09erghn68agO1RkwRJaAHKAuBIwexUrVS09g
;eP+PUEbIB6uaAaIrqQ0UlPMFUwrd4e2KBUdZkQ4cl/u0fUYMwchHq4FZ+vGyRo3GKh8PzJ3ir0kJB5L
;Ti1ZT/TH9A8eaVVzrgRn68bNWjf8l3wlXxbpuCwpE31FMHJY+dfjCCViUkHBYwGYo7kFTz6ofT9fFun
;VTXM7FDFVLT3swvIVKGlFQct9E5mzqT9FU8caWSxznYo0eHsVK1UtPYGjkX1BFSAermgGiK6kNFJTzh
;VTPnuMuzkVShQqVS09gaORfQEHMh6uBQqKpaUzWWn3GlYzd4SwIz4kJitULT2Bo5F9QUcgPa4FZ4anr
;jJeYs0jWTZkhKIsOB5LSjZOWO3G4xw1bk9w8WA4hqe1WjYMqHw/X54qlU1sexQrOExe6cr/GB5hSWzD
;cgaZo5I7VG/NEFotd528IiQkZFk8Q0nozfZ9QAcgHq4FJ2SGzX83DKgRXjx+gLsoFR19WThaXPPGzhw
;iZEVyy3cGn6+iNGh+zQhNPnWd1UxKexQrVV2awaO1fUEHTX/NbQ6Fo5I8Xn7FC14tc7a0LikeeE4nTE
;nozP8iNXVBaMtpZ+rGzVo3DOjzf1816dVNJxp3QzxDWN7F+A8scEFsy1oGiKWoNlJ+yQhWMHi2rRInG
;mwrVC09gaOR6YBHID2uBWeGp64yXmLNI1k2ZISiLDgeS0o2TljtxuMcNW5PcPF8OIantVo2DKh8P1+C
;KJVNaXsUKzhMXunK/xgeYUlsw3IGmaOSO1RvzRBaLXedvCIkJG50OExFgaKRfUEHIB73RWf0xs1aWm3
;LFFYxc7azJDgWY0onSGLnxvQZM2ZUe/FgOIantVo2DKh8P18W0JVNVXsUKzhMXunK/xgeYUlsw3IGma
;OSPFJpzA5eK3O2rRInGmwrVC09gaORvTNHIAGuBWeGp64yXmLNI1k2ZISiLDgeS00wSFnzwuUYHn5/c
;899Z+rGzVo3DGgOf18J6dVNJxp3QzxDWN7F+A8scEFsy1oBjqOpKFZ4zSNFAHuIrU1LexQrVS09leOR
;akEHIHPPZg+CqKgFUWXaEUg+ZIyKJy8Jf3QwLTyBo5F9QQc0Xq4SZ+vGoDtUZMESWgBwgKcgPRpmTgp
;HWPPIzgVBBiAergVn6+6NWiAMqHxSPnWBvCMvJHJCJ0BK4NH0IitiUnXxfGfqxs1aNwyoVH9fAenVTS
;cad0M8Q1jexfgPLHBBbMtaDY60pgVNDKnmpsaPcEyUdXsBK1UtUODA+RQvYn95z2sTmb+SMlJlzxRLX
;xfp1U1KexQrVS0pgaORECBkSHfAYDiMpaI+UlPJH0s2eYfVTEp7FCtVLT2Bo499QQdNf81tDoWjkj1U
;Y8wZYCt+nLgvJBp9RwpFWOjE+QlBBiAergVn66+NWioMqHxSPnWBvCMvJHNIOklY3tf5CCxlTn/HaTi
;cr6kuXwypfD9fFunVJAp7CytVLVDgwPkUL2J/cs92E7SzvTZYbcwjTDpkn7A/FQ9tWzAtPIGjkX1BBy
;AerhJn68agO1RkwRJaAHiGrzcmHktPPExQ5Nf0D0EGIB6upf5yH/JaLgyofFI+dYG8Iy8kekQvV1Hk/
;PUUIGpFast3ONnGzFo3DAjlpoYp6cxNSnt5SjZFVO/GzhMufVpyy1oTjqu9BVpt0CMOXxfp1U1Ke3RY
;FS0kgaORECBkSHfAYDiFqbcgW2n3CFoyZra4LDIkJitULT2Bo5EdMkcgDK4FZ4anrjJeYs0jTy1/h6E
;SJxRwTlUsPYGjkX1BByAejwVn66usOV9lxhlgL2SGuD0+JGFYMHJP4MXlIjVvUnvdbQiHos1bNwyofD
;+fdKnVQEp7FEY0TlXozfQiMnNFbssFZuvGzVo3DKh8P30W6dUgKxh8QjtIYvfK4wk0ZkxBy30TmbOpP
;0VTxxpZLHOdijV4exUrVS09gaOoPUElIB6uaAaIrqQ0UlPeFU0rY4i5Ei8DYFkgSVjz/P4bJ3RFavF8
;VevHzVo3DKh8P18WyNVNSh5sXydYWeTRoCIiclNqwWg4m7SkNENtyhBaAGSMsiQlFRQpVS0cgaORGDl
;zUmvKYBXZma4vRHjHEWAvZIC7OSsZeE4KX1jmyv4TQQUgHqIFZ+urrDlfZcYZYD1zhaFNSHsUC1UtPe
;zC8hUoaUVBzXAUn6mgBUd+wRJLNniOij04EntZPFlEgaGRfVkHIB7DZASDr6M/aGjJCF4AdYa7OS8VY
;HQ0SVmBoZB9VAcgHsNkBIOvoz9oaMkIXgBwgLkoFRpwT1UvPIGHkX1BakF9xmwJjpmoIkN+3RhaLUma
;oiQ+GHx0IkxU9fz5GCBzSXDJBWXrxt5aNwzFHVw3f4ewEiwaenQ2QlP10f4RQQUhHrUFZ+urrDlfZcY
;ZYDl/m7g6KwlxdCdISfPC8gkoaE4erAVny8bNWlptyxRWMXO2syQ4FmNKJ0hi9cr8GB5iU2rHaAafr6
;I0Nw6ofCJfFum4LCkTfUUwclrizPUYHmJ/c9tpE4K2oSNoasQTSF8U6dVWSnsURjROVejN9CImZE96y
;1oTg7OgOFltwRBgPnKN1U9KewQrVS1Q4MD5FC9if3bLZBO0pKg+Nw6pfCxfFum4LCkTfUUwclTlxuki
;Mn5TastoZ+nGzUY3DKgRXjx+gLsoFRR5QiFyT+DK4hg1aFV9xloEhKKoWjUMqGk/XxaEtC4iEnpOCkJ
;P6MT4Ex5kRXDaYBXrxM1aIAyofFI+dYG8Iy8kZFk6QE31/OQOJFhSf8hxZ+nGzXA3DKgRXjx+gLsoFQ
;tmRDhdSd7W4hgedUF42loDnrahM1Rt3BVQMUmEvD84FGYrVy09m6ORfSxmQ3bHawK0tKg2VnjBCloAc
;5GhPz8IfUQ7LT+Bo7J9QQdNf81tDoWjkihSf80IYDpJhbAjLQ98dDlMROTRzh4pZk55ywVl68bvWjcM
;xR1cN3+HsBI8GnhCMUxJ5PzhDyhpVHfAYjibtKQ1RWXcBT9dF+nCTUp7e10wX0/ox/QiMmtJfctaFI6
;yuTNZa9t8PV8W/tVNShNxSiFEU+b84hQsckx/2mwIhZmpO0NtqH8/Xxbp1VpKexRGNE5V6M30IiduTH
;/DYAmfmaM7Wmn3TT9cHOnVTRo3VQtkAwq0zvx9VgcgHsNkBIOvoz9oasEQXjJzh6ESJBp5TgofPYKpk
;X1BV2xfjjRJ3POgNzcdqHw/MneKvSQkHktNPEFY3s3wECQHIxiuBWeNqqIqR3WoaT9fFoS0LiISek4K
;S1TzzuYcM2J/atd1AuvFylo3DOMQVi9mjKdNQHsUKzhMXunK/xgebkQerSFn68aob1Q5y05cZjvQ5np
;4ViBJbBQQuZukSmw2Fi2cMlHT/6w+Uzyobj9fFoS0LiISek4KQAyxk6AiImhEe64GZ+vGzVolDKh8Uj
;51gbwjLyR5GmUdD97A/hkkByMergVn69TNWjdhyR9XNniMiiB4SyQbCk5S5caRfkEHIB6uCWfrxqA7V
;GTBEloAYpClKEp4EitVLVvtzOENOAc5Hq4FCoqlpTNZafcIRi9ztrQvKAlxXTxMSejM/31CByAergVn
;68bNWjcMqGw/Xxbp1U1KexQrVS09gaORfUEHIh6uBRyWv89aNw2ofD8qFOnVR0p7FHsZbB2wjaZILGo
;gHq7lWOvGVh43DO8/urTRqNUN1j4UK69rPYFr01VDByAergVn5MbNWicMqHxZNnqIuCgkD0tPMENO6N
;fofUAHIB6uBQd4hs1LNwyoGlYzd4SwIz4kcEI0QFj1xuN9QAcgHq4FZxf5zUs3DKgaVjN3hLAjPiRyR
;zpaT+DX9H1AByAergVnsobNVDcMqBpWM3eEsCM+JGRZPE5YgaKRfUGnUOOWRWf5xs1aUWXEHVI6eJ2K
;Oy8JfU0sclTlo5B9QQcgnj7GJ+vRzVo3Y94ZTS1/jbASORd9SDByTuTX5RQvYFMerAVn5cbNWlFlxB1
;SOnidii84GnpPVS46gaORLyBuU3udQWf+xs1aUWXEHVI6eJ2KKSMIZEc0VGLvwvwYQQQ8Hq4FPLmnpC
;lSP+whHw9kjLgkPxY0exlsHbCNpkgsaiAMrgVnja+hO1ppxghgOX+FsBIkGnlOVS43gaORLQ1GAC+AM
;lKGq81INwyoGlYzd4SwIz4kc0g6SVjexv8ZQQQgHq4FZ//GzVpRZcQdUjp4nYoqKRRwTgpeSeDR5X1C
;ByAergVs68bNPF5gyRFaMWK2vClKeDArVS0O45GiRSJjFDPKPVeK6/lpVW+FRFpmcMTndStDdhs3TgX
;nwqJ9TAcgHshsC4qrqDRDU8YdUjoW6t9NSntEZxQNDK+UpBAsBzoergUBgqqsN1Ji3CNRPnuMiiwoGW
;ZOI0Rc9cr+E0EEIx6uBTenh81UNwyoGlYzd4SwIz4kekQhSE6BoJF9QQcgHq4FZ+vGzVonDKh8P18W6
;dVNSnsUK1UtPYGjkX9BByBl0wVn68bNWjcMqHw/Xxbp1U1KexQrVS09gaORfUEHIB6u
;Data end
;Recover start:29
;G21
;G90
;G28 X0 Y0
;G92 X0 Y0 Z{z}
;M221 T0 S100.00
;M140 S60.00
;M104 T0 S200.00
;M109 T0 S200.00
;T0
;M190 S60.00
;G21
;G90
;M82
;M106 S0
;T0
;G92 E0
;G1 F140 E29
;G1 X20 Y0 F140 E30
;G92 E0
;T{current_extruder}
;M106 S{current_fan_speed}
;G92 E{current_extrusion}
;G0 F6000 X{x} Y{y} Z{z}
;G0 F{current_travel_speed}
;G1 F{current_extrude_speed} E{current_extrusion}
;{current_unit}
;{current_pos_abs}
;{current_extrude_abs}
;M117 Printing...
;Recover end
;Print Time: 6284
;Material#1 Used: 9791.5
;Material#1 Cost: 0.73
