;Sliced by ideaMaker 5.5.0.8810, 2026-09-13 11:38:09 UTC+0200
;Slicer Version: 5.5.0.8810
;Dimension: 250.000 250.000 250.000 0.400
;Plate Shape: 0
;Origin Center: 0
;Extruder Offset #1: 25.000 0.000
;Filament Diameter #1: 1.750
;Filament Diameter #2: 1.750
;Filament Compensation #1: 94.000
;Filament Compensation #2: 90.000
;Filament Density #1: 1240.000
;Filament Density #2: 1240.000
;Filament Type #1: PLA
;Filament Type #2: PLA
;Filament Name #1: [Raise3D] Premium PLA 1.75mm
;Filament Name #2: [Raise3D] Premium PLA 1.75mm
;Filament #1: PLA 1.75mm
;Filament #2: PLA 1.75mm
;Printer Type: floppy
;Firmware: Klipper
;Bounding Box: 99.301 150.699 99.332 150.699 0.000 50.100
;Model Gap: 0.000
M221 T0 S94.00
M140 S50.00
M104 T0 S190.00
M109 T0 S190.00
T0
M190 S50.00
G21 ;metric values
G90 ;absolute positioning
M82 ;set extruder to absolute mode
M107 ;start with the fan off
G28 X0 Y0 ;move X/Y to min endstops
G28 Z0 ;move Z to min endstops
G1 Z15.0 F9000 ;move the platform down 15mm

G92 E0 ;zero the extruded length

G0 X43 Y27 F2000  ;go to the edge of the bed
G92 X0 Y0 E0 ;set zero to edge of the bed
G0 F9000 Z1 ;Z up with 1mm
G1 F200 Z0 ;Z home slowly

G1 Z15.0 F9000 ;move the platform down 15mm

G1 F9000 ;speed setting
G92 E-3 ;retraction
M117 Printing...
M1001
;TOTAL_NUM: 1
;PRINTING_TIME: 0
;REMAINING_TIME: 3164
;LAYER:0
;Z:0.300
;HEIGHT:0.300
;PRINTING: NON-OBJECT
;PRINTING_ID: -1
G1 F2400 E-3.0000
G0 F3900 X99.422 Y99.484
G0 F300 Z0.300
G0 F3900 X99.700 Y99.371
;TYPE:SKIRT
;WIDTH:0.400
G1 F1500 E0.0000
G1 F900 X150.385 Y99.332 E2.5287
G1 X150.629 Y99.700 E2.5507
G1 X150.699 Y150.228 E5.0716
G1 X150.578 Y150.516 E5.0872
G1 X150.300 Y150.629 E5.1021
G1 X99.772 Y150.699 E7.6230
G1 X99.484 Y150.578 E7.6386
G1 X99.371 Y150.300 E7.6535
G1 X99.301 Y99.772 E10.1744
G1 X99.422 Y99.484 E10.1900
G1 X99.700 Y99.371 E10.2049
G0 F3900 X99.701 Y99.771
G1 F900 X150.229 Y99.701 E12.7258
G1 X150.299 Y150.229 E15.2467
G1 X99.771 Y150.299 E17.7675
G1 X99.701 Y99.771 E20.2884
;PRINTING: 0.20mm-nozzle-0.40mm-walls-humebeam-flow-calibration-cube.st
;PRINTING_ID: 0
G1 F2400 E17.2884
G1 F300 Z0.500
G0 F3900 X100.080 Y100.080
;TYPE:WALL-OUTER
;WIDTH:0.400
G1 F300 Z0.300
G1 F1500 E20.2884
G1 F2400 X149.920 Y100.080 E22.7749
G1 X149.920 Y149.920 E25.2614
G1 X100.080 Y149.920 E27.7479
G1 X100.080 Y100.080 E30.2345
G0 F3900 X100.480 Y100.480
;TYPE:WALL-INNER
;WIDTH:0.400
G1 F2400 X149.520 Y100.480 E32.6811
G1 X149.520 Y149.520 E35.1277
G1 X100.480 Y149.520 E37.5743
G1 X100.480 Y100.480 E40.0209
G0 F3900 X100.880 Y100.880
G1 F2400 X149.120 Y100.880 E42.4276
G1 X149.120 Y149.120 E44.8343
G1 X100.880 Y149.120 E47.2410
G1 X100.880 Y100.880 E49.6478
G0 F3900 X101.280 Y101.280
G1 F2400 X148.720 Y101.280 E52.0145
G1 X148.720 Y148.720 E54.3813
G1 X101.280 Y148.720 E56.7481
G1 X101.280 Y101.280 E59.1149
G1 F2400 E56.1149
G1 F300 Z0.500
G0 F3900 X101.463 Y148.132
;TYPE:SOLID-FILL
;WIDTH:0.400
G1 F300 Z0.300
G1 F1500 E59.1149
G1 F2400 X101.865 Y148.534 E59.1433
G0 F2400 X102.431 Y148.534
G1 F2400 X101.463 Y147.566 E59.2116
G0 F2400 X101.463 Y147.001
G1 F2400 X102.997 Y148.534 E59.3198
G0 F2400 X103.562 Y148.534
G1 F2400 X101.463 Y146.435 E59.4679
G0 F2400 X101.463 Y145.869
G1 F2400 X104.128 Y148.534 E59.6559
G0 F2400 X104.694 Y148.534
G1 F2400 X101.463 Y145.304 E59.8838
G0 F2400 X101.463 Y144.738
G1 F2400 X105.259 Y148.534 E60.1517
G0 F2400 X105.825 Y148.534
G1 F2400 X101.463 Y144.172 E60.4594
G0 F2400 X101.463 Y143.607
G1 F2400 X106.391 Y148.534 E60.8071
G0 F2400 X106.956 Y148.534
G1 F2400 X101.463 Y143.041 E61.1946
G0 F2400 X101.463 Y142.475
G1 F2400 X107.522 Y148.534 E61.6221
G0 F2400 X108.088 Y148.534
G1 F2400 X101.463 Y141.909 E62.0896
G0 F2400 X101.463 Y141.344
G1 F2400 X108.654 Y148.534 E62.5969
G0 F2400 X109.219 Y148.534
G1 F2400 X101.463 Y140.778 E63.1441
G0 F2400 X101.463 Y140.212
G1 F2400 X109.785 Y148.534 E63.7313
G0 F2400 X110.351 Y148.534
G1 F2400 X101.463 Y139.647 E64.3583
G0 F2400 X101.463 Y139.081
G1 F2400 X110.916 Y148.534 E65.0253
G0 F2400 X111.482 Y148.534
G1 F2400 X101.463 Y138.515 E65.7322
G0 F2400 X101.463 Y137.950
G1 F2400 X112.048 Y148.534 E66.4790
G0 F2400 X112.613 Y148.534
G1 F2400 X101.463 Y137.384 E67.2657
G0 F2400 X101.463 Y136.818
G1 F2400 X113.179 Y148.534 E68.0923
G0 F2400 X113.745 Y148.534
G1 F2400 X101.463 Y136.253 E68.9588
G0 F2400 X101.463 Y135.687
G1 F2400 X114.310 Y148.534 E69.8653
G0 F2400 X114.876 Y148.534
G1 F2400 X101.463 Y135.121 E70.8116
G0 F2400 X101.463 Y134.556
G1 F2400 X115.442 Y148.534 E71.7979
G0 F2400 X116.007 Y148.534
G1 F2400 X101.463 Y133.990 E72.8240
G0 F2400 X101.463 Y133.424
G1 F2400 X116.573 Y148.534 E73.8901
G0 F2400 X117.139 Y148.534
G1 F2400 X101.463 Y132.859 E74.9961
G0 F2400 X101.463 Y132.293
G1 F2400 X117.704 Y148.534 E76.1420
G0 F2400 X118.270 Y148.534
G1 F2400 X101.463 Y131.727 E77.3278
G0 F2400 X101.463 Y131.161
G1 F2400 X118.836 Y148.534 E78.5536
G0 F2400 X119.402 Y148.534
G1 F2400 X101.463 Y130.596 E79.8193
G0 F2400 X101.463 Y130.030
G1 F2400 X119.967 Y148.534 E81.1248
G0 F2400 X120.533 Y148.534
G1 F2400 X101.463 Y129.464 E82.4703
G0 F2400 X101.463 Y128.899
G1 F2400 X121.099 Y148.534 E83.8557
G0 F2400 X121.664 Y148.534
G1 F2400 X101.463 Y128.333 E85.2810
G0 F2400 X101.463 Y127.767
G1 F2400 X122.230 Y148.534 E86.7462
G0 F2400 X122.796 Y148.534
G1 F2400 X101.463 Y127.202 E88.2513
G0 F2400 X101.463 Y126.636
G1 F2400 X123.361 Y148.534 E89.7964
G0 F2400 X123.927 Y148.534
G1 F2400 X101.463 Y126.070 E91.3813
G0 F2400 X101.463 Y125.505
G1 F2400 X124.493 Y148.534 E93.0062
G0 F2400 X125.058 Y148.534
G1 F2400 X101.463 Y124.939 E94.6709
G0 F2400 X101.463 Y124.373
G1 F2400 X125.624 Y148.534 E96.3756
G0 F2400 X126.190 Y148.534
G1 F2400 X101.463 Y123.808 E98.1202
G0 F2400 X101.463 Y123.242
G1 F2400 X126.755 Y148.534 E99.9047
G0 F2400 X127.321 Y148.534
G1 F2400 X101.463 Y122.676 E101.7291
G0 F2400 X101.463 Y122.110
G1 F2400 X127.887 Y148.534 E103.5935
G0 F2400 X128.453 Y148.534
G1 F2400 X101.463 Y121.545 E105.4977
G0 F2400 X101.463 Y120.979
G1 F2400 X129.018 Y148.534 E107.4419
G0 F2400 X129.584 Y148.534
G1 F2400 X101.463 Y120.413 E109.4260
G0 F2400 X101.463 Y119.848
G1 F2400 X130.150 Y148.534 E111.4500
G0 F2400 X130.715 Y148.534
G1 F2400 X101.463 Y119.282 E113.5138
G0 F2400 X101.463 Y118.716
G1 F2400 X131.281 Y148.534 E115.6177
G0 F2400 X131.847 Y148.534
G1 F2400 X101.463 Y118.151 E117.7614
G0 F2400 X101.463 Y117.585
G1 F2400 X132.412 Y148.534 E119.9450
G0 F2400 X132.978 Y148.534
G1 F2400 X101.463 Y117.019 E122.1686
G0 F2400 X101.463 Y116.454
G1 F2400 X133.544 Y148.534 E124.4320
G0 F2400 X134.109 Y148.534
G1 F2400 X101.463 Y115.888 E126.7354
G0 F2400 X101.463 Y115.322
G1 F2400 X134.675 Y148.534 E129.0786
G0 F2400 X135.241 Y148.534
G1 F2400 X101.463 Y114.757 E131.4618
G0 F2400 X101.463 Y114.191
G1 F2400 X135.806 Y148.534 E133.8849
G0 F2400 X136.372 Y148.534
G1 F2400 X101.463 Y113.625 E136.3479
G0 F2400 X101.463 Y113.060
G1 F2400 X136.938 Y148.534 E138.8508
G0 F2400 X137.503 Y148.534
G1 F2400 X101.463 Y112.494 E141.3937
G0 F2400 X101.463 Y111.928
G1 F2400 X138.069 Y148.534 E143.9764
G0 F2400 X138.635 Y148.534
G1 F2400 X101.463 Y111.362 E146.5991
G0 F2400 X101.463 Y110.797
G1 F2400 X139.201 Y148.534 E149.2617
G0 F2400 X139.766 Y148.534
G1 F2400 X101.463 Y110.231 E151.9642
G0 F2400 X101.463 Y109.665
G1 F2400 X140.332 Y148.534 E154.7066
G0 F2400 X140.898 Y148.534
G1 F2400 X101.463 Y109.100 E157.4889
G0 F2400 X101.463 Y108.534
G1 F2400 X141.463 Y148.534 E160.3111
G0 F2400 X142.029 Y148.534
G1 F2400 X101.463 Y107.968 E163.1733
G0 F2400 X101.463 Y107.403
G1 F2400 X142.595 Y148.534 E166.0753
G0 F2400 X143.160 Y148.534
G1 F2400 X101.463 Y106.837 E169.0173
G0 F2400 X101.463 Y106.271
G1 F2400 X143.726 Y148.534 E171.9991
G0 F2400 X144.292 Y148.534
G1 F2400 X101.463 Y105.706 E175.0209
G0 F2400 X101.463 Y105.140
G1 F2400 X144.857 Y148.534 E178.0826
G0 F2400 X145.423 Y148.534
G1 F2400 X101.463 Y104.574 E181.1842
G0 F2400 X101.463 Y104.009
G1 F2400 X145.989 Y148.534 E184.3257
G0 F2400 X146.554 Y148.534
G1 F2400 X101.463 Y103.443 E187.5072
G0 F2400 X101.463 Y102.877
G1 F2400 X147.120 Y148.534 E190.7285
G0 F2400 X147.686 Y148.534
G1 F2400 X101.463 Y102.311 E193.9898
G0 F2400 X101.463 Y101.746
G1 F2400 X148.252 Y148.534 E197.2910
G0 F2400 X148.535 Y148.252
G1 F2400 X101.747 Y101.464 E200.5921
G0 F2400 X102.312 Y101.464
G1 F2400 X148.535 Y147.687 E203.8534
G0 F2400 X148.535 Y147.121
G1 F2400 X102.878 Y101.464 E207.0747
G0 F2400 X103.444 Y101.464
G1 F2400 X148.535 Y146.555 E210.2562
G0 F2400 X148.535 Y145.989
G1 F2400 X104.009 Y101.464 E213.3977
G0 F2400 X104.575 Y101.464
G1 F2400 X148.535 Y145.424 E216.4993
G0 F2400 X148.535 Y144.858
G1 F2400 X105.141 Y101.464 E219.5610
G0 F2400 X105.706 Y101.464
G1 F2400 X148.535 Y144.292 E222.5828
G0 F2400 X148.535 Y143.727
G1 F2400 X106.272 Y101.464 E225.5646
G0 F2400 X106.838 Y101.464
G1 F2400 X148.535 Y143.161 E228.5066
G0 F2400 X148.535 Y142.595
G1 F2400 X107.403 Y101.464 E231.4086
G0 F2400 X107.969 Y101.464
G1 F2400 X148.535 Y142.030 E234.2708
G0 F2400 X148.535 Y141.464
G1 F2400 X108.535 Y101.464 E237.0930
G0 F2400 X109.100 Y101.464
G1 F2400 X148.535 Y140.898 E239.8753
G0 F2400 X148.535 Y140.333
G1 F2400 X109.666 Y101.464 E242.6177
G0 F2400 X110.232 Y101.464
G1 F2400 X148.535 Y139.767 E245.3202
G0 F2400 X148.535 Y139.201
G1 F2400 X110.797 Y101.464 E247.9828
G0 F2400 X111.363 Y101.464
G1 F2400 X148.535 Y138.636 E250.6055
G0 F2400 X148.535 Y138.070
G1 F2400 X111.929 Y101.464 E253.1882
G0 F2400 X112.495 Y101.464
G1 F2400 X148.535 Y137.504 E255.7311
G0 F2400 X148.535 Y136.939
G1 F2400 X113.060 Y101.464 E258.2340
G0 F2400 X113.626 Y101.464
G1 F2400 X148.535 Y136.373 E260.6970
G0 F2400 X148.535 Y135.807
G1 F2400 X114.192 Y101.464 E263.1201
G0 F2400 X114.757 Y101.464
G1 F2400 X148.535 Y135.241 E265.5033
G0 F2400 X148.535 Y134.676
G1 F2400 X115.323 Y101.464 E267.8466
G0 F2400 X115.889 Y101.464
G1 F2400 X148.535 Y134.110 E270.1499
G0 F2400 X148.535 Y133.544
G1 F2400 X116.454 Y101.464 E272.4134
G0 F2400 X117.020 Y101.464
G1 F2400 X148.535 Y132.979 E274.6369
G0 F2400 X148.535 Y132.413
G1 F2400 X117.586 Y101.464 E276.8206
G0 F2400 X118.151 Y101.464
G1 F2400 X148.535 Y131.847 E278.9643
G0 F2400 X148.535 Y131.282
G1 F2400 X118.717 Y101.464 E281.0681
G0 F2400 X119.283 Y101.464
G1 F2400 X148.535 Y130.716 E283.1320
G0 F2400 X148.535 Y130.150
G1 F2400 X119.848 Y101.464 E285.1560
G0 F2400 X120.414 Y101.464
G1 F2400 X148.535 Y129.585 E287.1401
G0 F2400 X148.535 Y129.019
G1 F2400 X120.980 Y101.464 E289.0842
G0 F2400 X121.545 Y101.464
G1 F2400 X148.535 Y128.453 E290.9885
G0 F2400 X148.535 Y127.888
G1 F2400 X122.111 Y101.464 E292.8528
G0 F2400 X122.677 Y101.464
G1 F2400 X148.535 Y127.322 E294.6772
G0 F2400 X148.535 Y126.756
G1 F2400 X123.243 Y101.464 E296.4617
G0 F2400 X123.808 Y101.464
G1 F2400 X148.535 Y126.190 E298.2063
G0 F2400 X148.535 Y125.625
G1 F2400 X124.374 Y101.464 E299.9110
G0 F2400 X124.940 Y101.464
G1 F2400 X148.535 Y125.059 E301.5758
G0 F2400 X148.535 Y124.493
G1 F2400 X125.505 Y101.464 E303.2006
G0 F2400 X126.071 Y101.464
G1 F2400 X148.535 Y123.928 E304.7856
G0 F2400 X148.535 Y123.362
G1 F2400 X126.637 Y101.464 E306.3306
G0 F2400 X127.202 Y101.464
G1 F2400 X148.535 Y122.796 E307.8357
G0 F2400 X148.535 Y122.231
G1 F2400 X127.768 Y101.464 E309.3009
G0 F2400 X128.334 Y101.464
G1 F2400 X148.535 Y121.665 E310.7262
G0 F2400 X148.535 Y121.099
G1 F2400 X128.899 Y101.464 E312.1116
G0 F2400 X129.465 Y101.464
G1 F2400 X148.535 Y120.534 E313.4571
G0 F2400 X148.535 Y119.968
G1 F2400 X130.031 Y101.464 E314.7627
G0 F2400 X130.596 Y101.464
G1 F2400 X148.535 Y119.402 E316.0283
G0 F2400 X148.535 Y118.837
G1 F2400 X131.162 Y101.464 E317.2541
G0 F2400 X131.728 Y101.464
G1 F2400 X148.535 Y118.271 E318.4399
G0 F2400 X148.535 Y117.705
G1 F2400 X132.294 Y101.464 E319.5858
G0 F2400 X132.859 Y101.464
G1 F2400 X148.535 Y117.140 E320.6918
G0 F2400 X148.535 Y116.574
G1 F2400 X133.425 Y101.464 E321.7579
G0 F2400 X133.991 Y101.464
G1 F2400 X148.535 Y116.008 E322.7841
G0 F2400 X148.535 Y115.442
G1 F2400 X134.556 Y101.464 E323.7703
G0 F2400 X135.122 Y101.464
G1 F2400 X148.535 Y114.877 E324.7167
G0 F2400 X148.535 Y114.311
G1 F2400 X135.688 Y101.464 E325.6231
G0 F2400 X136.253 Y101.464
G1 F2400 X148.535 Y113.745 E326.4897
G0 F2400 X148.535 Y113.180
G1 F2400 X136.819 Y101.464 E327.3163
G0 F2400 X137.385 Y101.464
G1 F2400 X148.535 Y112.614 E328.1030
G0 F2400 X148.535 Y112.048
G1 F2400 X137.950 Y101.464 E328.8498
G0 F2400 X138.516 Y101.464
G1 F2400 X148.535 Y111.483 E329.5567
G0 F2400 X148.535 Y110.917
G1 F2400 X139.082 Y101.464 E330.2236
G0 F2400 X139.647 Y101.464
G1 F2400 X148.535 Y110.351 E330.8507
G0 F2400 X148.535 Y109.786
G1 F2400 X140.213 Y101.464 E331.4378
G0 F2400 X140.779 Y101.464
G1 F2400 X148.535 Y109.220 E331.9851
G0 F2400 X148.535 Y108.654
G1 F2400 X141.344 Y101.464 E332.4924
G0 F2400 X141.910 Y101.464
G1 F2400 X148.535 Y108.089 E332.9598
G0 F2400 X148.535 Y107.523
G1 F2400 X142.476 Y101.464 E333.3873
G0 F2400 X143.042 Y101.464
G1 F2400 X148.535 Y106.957 E333.7749
G0 F2400 X148.535 Y106.391
G1 F2400 X143.607 Y101.464 E334.1225
G0 F2400 X144.173 Y101.464
G1 F2400 X148.535 Y105.826 E334.4303
G0 F2400 X148.535 Y105.260
G1 F2400 X144.739 Y101.464 E334.6981
G0 F2400 X145.304 Y101.464
G1 F2400 X148.535 Y104.694 E334.9261
G0 F2400 X148.535 Y104.129
G1 F2400 X145.870 Y101.464 E335.1141
G0 F2400 X146.436 Y101.464
G1 F2400 X148.535 Y103.563 E335.2622
G0 F2400 X148.535 Y102.997
G1 F2400 X147.001 Y101.464 E335.3704
G0 F2400 X147.567 Y101.464
G1 F2400 X148.535 Y102.432 E335.4387
G0 F2400 X148.535 Y101.866
G1 F2400 X148.133 Y101.464 E335.4671
;PRINTING_TIME: 202
;REMAINING_TIME: 2962
;LAYER:1
;Z:0.600
;HEIGHT:0.300
M106 S64
;PRINTING: 0.20mm-nozzle-0.40mm-walls-humebeam-flow-calibration-cube.st
;PRINTING_ID: 0
G1 F2400 E332.4671
G1 F300 Z0.800
G0 F3900 X100.080 Y100.080
G0 F300 Z0.600
;TYPE:WALL-OUTER
;WIDTH:0.400
G1 F300 Z0.600
G1 F1500 E335.4671
G1 F2100 X149.920 Y100.080 E337.9536
G1 X149.920 Y149.920 E340.4401
G1 X100.080 Y149.920 E342.9266
G1 X100.080 Y100.080 E345.4132
G0 F3900 X100.480 Y100.480
;TYPE:WALL-INNER
;WIDTH:0.400
;FLOW:90.0
G1 F2400 X149.520 Y100.480 E347.6151
G1 X149.520 Y149.520 E349.8171
G1 X100.480 Y149.520 E352.0190
G1 X100.480 Y100.480 E354.2210
G0 F3900 X100.880 Y100.880
G1 F2400 X149.120 Y100.880 E356.3870
G1 X149.120 Y149.120 E358.5530
G1 X100.880 Y149.120 E360.7191
G1 X100.880 Y100.880 E362.8851
G0 F3900 X101.280 Y101.280
G1 F2400 X148.720 Y101.280 E365.0152
G1 X148.720 Y148.720 E367.1453
G1 X101.280 Y148.720 E369.2754
G1 X101.280 Y101.280 E371.4056
G0 F3900 X101.464 Y101.899
;TYPE:SOLID-FILL
;WIDTH:0.400
;FLOW:95.0
G1 F2700 X101.900 Y101.463 E371.4348
G0 F2700 X102.466 Y101.463
G1 F2700 X101.464 Y102.465 E371.5019
G0 F2700 X101.464 Y103.031
G1 F2700 X103.031 Y101.463 E371.6070
G0 F2700 X103.597 Y101.463
G1 F2700 X101.464 Y103.596 E371.7500
G0 F2700 X101.464 Y104.162
G1 F2700 X104.163 Y101.463 E371.9309
G0 F2700 X104.728 Y101.463
G1 F2700 X101.464 Y104.728 E372.1497
G0 F2700 X101.464 Y105.293
G1 F2700 X105.294 Y101.463 E372.4064
G0 F2700 X105.860 Y101.463
G1 F2700 X101.464 Y105.859 E372.7011
G0 F2700 X101.464 Y106.425
G1 F2700 X106.425 Y101.463 E373.0336
G0 F2700 X106.991 Y101.463
G1 F2700 X101.464 Y106.990 E373.4041
G0 F2700 X101.464 Y107.556
G1 F2700 X107.557 Y101.463 E373.8125
G0 F2700 X108.122 Y101.463
G1 F2700 X101.464 Y108.122 E374.2588
G0 F2700 X101.464 Y108.687
G1 F2700 X108.688 Y101.463 E374.7430
G0 F2700 X109.254 Y101.463
G1 F2700 X101.464 Y109.253 E375.2651
G0 F2700 X101.464 Y109.819
G1 F2700 X109.820 Y101.463 E375.8252
G0 F2700 X110.385 Y101.463
G1 F2700 X101.464 Y110.385 E376.4232
G0 F2700 X101.464 Y110.950
G1 F2700 X110.951 Y101.463 E377.0591
G0 F2700 X111.517 Y101.463
G1 F2700 X101.464 Y111.516 E377.7329
G0 F2700 X101.464 Y112.082
G1 F2700 X112.082 Y101.463 E378.4447
G0 F2700 X112.648 Y101.463
G1 F2700 X101.464 Y112.647 E379.1943
G0 F2700 X101.464 Y113.213
G1 F2700 X113.214 Y101.463 E379.9819
G0 F2700 X113.779 Y101.463
G1 F2700 X101.464 Y113.779 E380.8074
G0 F2700 X101.464 Y114.344
G1 F2700 X114.345 Y101.463 E381.6707
G0 F2700 X114.911 Y101.463
G1 F2700 X101.464 Y114.910 E382.5721
G0 F2700 X101.464 Y115.476
G1 F2700 X115.476 Y101.463 E383.5113
G0 F2700 X116.042 Y101.463
G1 F2700 X101.464 Y116.041 E384.4884
G0 F2700 X101.464 Y116.607
G1 F2700 X116.608 Y101.463 E385.5035
G0 F2700 X117.173 Y101.463
G1 F2700 X101.464 Y117.173 E386.5565
G0 F2700 X101.464 Y117.738
G1 F2700 X117.739 Y101.463 E387.6473
G0 F2700 X118.305 Y101.463
G1 F2700 X101.464 Y118.304 E388.7761
G0 F2700 X101.464 Y118.870
G1 F2700 X118.871 Y101.463 E389.9429
G0 F2700 X119.436 Y101.463
G1 F2700 X101.464 Y119.435 E391.1475
G0 F2700 X101.464 Y120.001
G1 F2700 X120.002 Y101.463 E392.3901
G0 F2700 X120.568 Y101.463
G1 F2700 X101.464 Y120.567 E393.6706
G0 F2700 X101.464 Y121.133
G1 F2700 X121.133 Y101.463 E394.9890
G0 F2700 X121.699 Y101.463
G1 F2700 X101.464 Y121.698 E396.3453
G0 F2700 X101.464 Y122.264
G1 F2700 X122.265 Y101.463 E397.7395
G0 F2700 X122.830 Y101.463
G1 F2700 X101.464 Y122.830 E399.1717
G0 F2700 X101.464 Y123.395
G1 F2700 X123.396 Y101.463 E400.6417
G0 F2700 X123.962 Y101.463
G1 F2700 X101.464 Y123.961 E402.1497
G0 F2700 X101.464 Y124.527
G1 F2700 X124.527 Y101.463 E403.6956
G0 F2700 X125.093 Y101.463
G1 F2700 X101.464 Y125.092 E405.2794
G0 F2700 X101.464 Y125.658
G1 F2700 X125.659 Y101.463 E406.9011
G0 F2700 X126.224 Y101.463
G1 F2700 X101.464 Y126.224 E408.5608
G0 F2700 X101.464 Y126.789
G1 F2700 X126.790 Y101.463 E410.2583
G0 F2700 X127.356 Y101.463
G1 F2700 X101.464 Y127.355 E411.9938
G0 F2700 X101.464 Y127.921
G1 F2700 X127.921 Y101.463 E413.7672
G0 F2700 X128.487 Y101.463
G1 F2700 X101.464 Y128.486 E415.5784
G0 F2700 X101.464 Y129.052
G1 F2700 X129.053 Y101.463 E417.4277
G0 F2700 X129.619 Y101.463
G1 F2700 X101.464 Y129.618 E419.3148
G0 F2700 X101.464 Y130.184
G1 F2700 X130.184 Y101.463 E421.2399
G0 F2700 X130.750 Y101.463
G1 F2700 X101.464 Y130.749 E423.2029
G0 F2700 X101.464 Y131.315
G1 F2700 X131.316 Y101.463 E425.2038
G0 F2700 X131.881 Y101.463
G1 F2700 X101.464 Y131.881 E427.2426
G0 F2700 X101.464 Y132.446
G1 F2700 X132.447 Y101.463 E429.3193
G0 F2700 X133.013 Y101.463
G1 F2700 X101.464 Y133.012 E431.4340
G0 F2700 X101.464 Y133.578
G1 F2700 X133.578 Y101.463 E433.5865
G0 F2700 X134.144 Y101.463
G1 F2700 X101.464 Y134.143 E435.7770
G0 F2700 X101.464 Y134.709
G1 F2700 X134.710 Y101.463 E438.0054
G0 F2700 X135.275 Y101.463
G1 F2700 X101.464 Y135.275 E440.2717
G0 F2700 X101.464 Y135.840
G1 F2700 X135.841 Y101.463 E442.5759
G0 F2700 X136.407 Y101.463
G1 F2700 X101.464 Y136.406 E444.9180
G0 F2700 X101.464 Y136.972
G1 F2700 X136.972 Y101.463 E447.2981
G0 F2700 X137.538 Y101.463
G1 F2700 X101.464 Y137.537 E449.7161
G0 F2700 X101.464 Y138.103
G1 F2700 X138.104 Y101.463 E452.1719
G0 F2700 X138.670 Y101.463
G1 F2700 X101.464 Y138.669 E454.6658
G0 F2700 X101.464 Y139.234
G1 F2700 X139.235 Y101.463 E457.1975
G0 F2700 X139.801 Y101.463
G1 F2700 X101.464 Y139.800 E459.7671
G0 F2700 X101.464 Y140.366
G1 F2700 X140.367 Y101.463 E462.3747
G0 F2700 X140.932 Y101.463
G1 F2700 X101.464 Y140.932 E465.0202
G0 F2700 X101.464 Y141.497
G1 F2700 X141.498 Y101.463 E467.7036
G0 F2700 X142.064 Y101.463
G1 F2700 X101.464 Y142.063 E470.4249
G0 F2700 X101.464 Y142.629
G1 F2700 X142.629 Y101.463 E473.1841
G0 F2700 X143.195 Y101.463
G1 F2700 X101.464 Y143.194 E475.9812
G0 F2700 X101.464 Y143.760
G1 F2700 X143.761 Y101.463 E478.8163
G0 F2700 X144.326 Y101.463
G1 F2700 X101.464 Y144.326 E481.6893
G0 F2700 X101.464 Y144.891
G1 F2700 X144.892 Y101.463 E484.6001
G0 F2700 X145.458 Y101.463
G1 F2700 X101.464 Y145.457 E487.5490
G0 F2700 X101.464 Y146.023
G1 F2700 X146.023 Y101.463 E490.5357
G0 F2700 X146.589 Y101.463
G1 F2700 X101.464 Y146.588 E493.5603
G0 F2700 X101.464 Y147.154
G1 F2700 X147.155 Y101.463 E496.6229
G0 F2700 X147.720 Y101.463
G1 F2700 X101.464 Y147.720 E499.7233
G0 F2700 X101.464 Y148.285
G1 F2700 X148.286 Y101.463 E502.8617
G0 F2700 X148.534 Y101.780
G1 F2700 X101.780 Y148.535 E505.9955
G0 F2700 X102.345 Y148.535
G1 F2700 X148.534 Y102.346 E509.0915
G0 F2700 X148.534 Y102.912
G1 F2700 X102.911 Y148.535 E512.1495
G0 F2700 X103.477 Y148.535
G1 F2700 X148.534 Y103.478 E515.1695
G0 F2700 X148.534 Y104.043
G1 F2700 X104.042 Y148.535 E518.1517
G0 F2700 X104.608 Y148.535
G1 F2700 X148.534 Y104.609 E521.0960
G0 F2700 X148.534 Y105.175
G1 F2700 X105.174 Y148.535 E524.0023
G0 F2700 X105.740 Y148.535
G1 F2700 X148.534 Y105.740 E526.8707
G0 F2700 X148.534 Y106.306
G1 F2700 X106.305 Y148.535 E529.7012
G0 F2700 X106.871 Y148.535
G1 F2700 X148.534 Y106.872 E532.4938
G0 F2700 X148.534 Y107.437
G1 F2700 X107.437 Y148.535 E535.2485
G0 F2700 X108.002 Y148.535
G1 F2700 X148.534 Y108.003 E537.9652
G0 F2700 X148.534 Y108.569
G1 F2700 X108.568 Y148.535 E540.6441
G0 F2700 X109.134 Y148.535
G1 F2700 X148.534 Y109.134 E543.2850
G0 F2700 X148.534 Y109.700
G1 F2700 X109.699 Y148.535 E545.8880
G0 F2700 X110.265 Y148.535
G1 F2700 X148.534 Y110.266 E548.4531
G0 F2700 X148.534 Y110.831
G1 F2700 X110.831 Y148.535 E550.9803
G0 F2700 X111.396 Y148.535
G1 F2700 X148.534 Y111.397 E553.4695
G0 F2700 X148.534 Y111.963
G1 F2700 X111.962 Y148.535 E555.9209
G0 F2700 X112.528 Y148.535
G1 F2700 X148.534 Y112.528 E558.3343
G0 F2700 X148.534 Y113.094
G1 F2700 X113.093 Y148.535 E560.7098
G0 F2700 X113.659 Y148.535
G1 F2700 X148.534 Y113.660 E563.0474
G0 F2700 X148.534 Y114.226
G1 F2700 X114.225 Y148.535 E565.3471
G0 F2700 X114.791 Y148.535
G1 F2700 X148.534 Y114.791 E567.6088
G0 F2700 X148.534 Y115.357
G1 F2700 X115.356 Y148.535 E569.8327
G0 F2700 X115.922 Y148.535
G1 F2700 X148.534 Y115.923 E572.0186
G0 F2700 X148.534 Y116.488
G1 F2700 X116.488 Y148.535 E574.1666
G0 F2700 X117.053 Y148.535
G1 F2700 X148.534 Y117.054 E576.2767
G0 F2700 X148.534 Y117.620
G1 F2700 X117.619 Y148.535 E578.3488
G0 F2700 X118.185 Y148.535
G1 F2700 X148.534 Y118.185 E580.3831
G0 F2700 X148.534 Y118.751
G1 F2700 X118.750 Y148.535 E582.3794
G0 F2700 X119.316 Y148.535
G1 F2700 X148.534 Y119.317 E584.3378
G0 F2700 X148.534 Y119.882
G1 F2700 X119.882 Y148.535 E586.2583
G0 F2700 X120.447 Y148.535
G1 F2700 X148.534 Y120.448 E588.1409
G0 F2700 X148.534 Y121.014
G1 F2700 X121.013 Y148.535 E589.9856
G0 F2700 X121.579 Y148.535
G1 F2700 X148.534 Y121.579 E591.7924
G0 F2700 X148.534 Y122.145
G1 F2700 X122.144 Y148.535 E593.5612
G0 F2700 X122.710 Y148.535
G1 F2700 X148.534 Y122.711 E595.2922
G0 F2700 X148.534 Y123.276
G1 F2700 X123.276 Y148.535 E596.9852
G0 F2700 X123.841 Y148.535
G1 F2700 X148.534 Y123.842 E598.6403
G0 F2700 X148.534 Y124.408
G1 F2700 X124.407 Y148.535 E600.2575
G0 F2700 X124.973 Y148.535
G1 F2700 X148.534 Y124.974 E601.8367
G0 F2700 X148.534 Y125.539
G1 F2700 X125.539 Y148.535 E603.3780
G0 F2700 X126.104 Y148.535
G1 F2700 X148.534 Y126.105 E604.8815
G0 F2700 X148.534 Y126.671
G1 F2700 X126.670 Y148.535 E606.3470
G0 F2700 X127.236 Y148.535
G1 F2700 X148.534 Y127.236 E607.7745
G0 F2700 X148.534 Y127.802
G1 F2700 X127.801 Y148.535 E609.1642
G0 F2700 X128.367 Y148.535
G1 F2700 X148.534 Y128.368 E610.5160
G0 F2700 X148.534 Y128.933
G1 F2700 X128.933 Y148.535 E611.8298
G0 F2700 X129.498 Y148.535
G1 F2700 X148.534 Y129.499 E613.1058
G0 F2700 X148.534 Y130.065
G1 F2700 X130.064 Y148.535 E614.3438
G0 F2700 X130.630 Y148.535
G1 F2700 X148.534 Y130.630 E615.5439
G0 F2700 X148.534 Y131.196
G1 F2700 X131.195 Y148.535 E616.7060
G0 F2700 X131.761 Y148.535
G1 F2700 X148.534 Y131.762 E617.8303
G0 F2700 X148.534 Y132.327
G1 F2700 X132.327 Y148.535 E618.9167
G0 F2700 X132.892 Y148.535
G1 F2700 X148.534 Y132.893 E619.9651
G0 F2700 X148.534 Y133.459
G1 F2700 X133.458 Y148.535 E620.9756
G0 F2700 X134.024 Y148.535
G1 F2700 X148.534 Y134.025 E621.9482
G0 F2700 X148.534 Y134.590
G1 F2700 X134.589 Y148.535 E622.8829
G0 F2700 X135.155 Y148.535
G1 F2700 X148.534 Y135.156 E623.7796
G0 F2700 X148.534 Y135.722
G1 F2700 X135.721 Y148.535 E624.6385
G0 F2700 X136.287 Y148.535
G1 F2700 X148.534 Y136.287 E625.4594
G0 F2700 X148.534 Y136.853
G1 F2700 X136.852 Y148.535 E626.2424
G0 F2700 X137.418 Y148.535
G1 F2700 X148.534 Y137.419 E626.9875
G0 F2700 X148.534 Y137.984
G1 F2700 X137.984 Y148.535 E627.6947
G0 F2700 X138.549 Y148.535
G1 F2700 X148.534 Y138.550 E628.3639
G0 F2700 X148.534 Y139.116
G1 F2700 X139.115 Y148.535 E628.9953
G0 F2700 X139.681 Y148.535
G1 F2700 X148.534 Y139.681 E629.5887
G0 F2700 X148.534 Y140.247
G1 F2700 X140.246 Y148.535 E630.1442
G0 F2700 X140.812 Y148.535
G1 F2700 X148.534 Y140.813 E630.6618
G0 F2700 X148.534 Y141.378
G1 F2700 X141.378 Y148.535 E631.1415
G0 F2700 X141.943 Y148.535
G1 F2700 X148.534 Y141.944 E631.5833
G0 F2700 X148.534 Y142.510
G1 F2700 X142.509 Y148.535 E631.9871
G0 F2700 X143.075 Y148.535
G1 F2700 X148.534 Y143.075 E632.3530
G0 F2700 X148.534 Y143.641
G1 F2700 X143.640 Y148.535 E632.6811
G0 F2700 X144.206 Y148.535
G1 F2700 X148.534 Y144.207 E632.9712
G0 F2700 X148.534 Y144.773
G1 F2700 X144.772 Y148.535 E633.2233
G0 F2700 X145.338 Y148.535
G1 F2700 X148.534 Y145.338 E633.4376
G0 F2700 X148.534 Y145.904
G1 F2700 X145.903 Y148.535 E633.6139
G0 F2700 X146.469 Y148.535
G1 F2700 X148.534 Y146.470 E633.7523
G0 F2700 X148.534 Y147.035
G1 F2700 X147.035 Y148.535 E633.8529
G0 F2700 X147.600 Y148.535
G1 F2700 X148.534 Y147.601 E633.9155
G0 F2700 X148.534 Y148.167
G1 F2700 X148.166 Y148.535 E633.9401
;PRINTING_TIME: 360
;REMAINING_TIME: 2804
;LAYER:2
;Z:0.900
;HEIGHT:0.300
;FLOW:100.0
;PRINTING: 0.20mm-nozzle-0.40mm-walls-humebeam-flow-calibration-cube.st
;PRINTING_ID: 0
G1 F2400 E630.9401
G1 F300 Z1.100
G0 F3900 X100.080 Y100.080
G0 F300 Z0.900
;TYPE:WALL-OUTER
;WIDTH:0.400
G1 F300 Z0.900
G1 F1500 E633.9401
G1 F2100 X149.920 Y100.080 E636.4267
G1 X149.920 Y149.920 E638.9132
G1 X100.080 Y149.920 E641.3997
G1 X100.080 Y100.080 E643.8862
G0 F3900 X100.480 Y100.480
;TYPE:WALL-INNER
;WIDTH:0.400
;FLOW:90.0
G1 F2400 X149.520 Y100.480 E646.0882
G1 X149.520 Y149.520 E648.2901
G1 X100.480 Y149.520 E650.4921
G1 X100.480 Y100.480 E652.6940
G0 F3900 X100.880 Y100.880
G1 F2400 X149.120 Y100.880 E654.8601
G1 X149.120 Y149.120 E657.0261
G1 X100.880 Y149.120 E659.1921
G1 X100.880 Y100.880 E661.3582
G0 F3900 X101.280 Y101.280
G1 F2400 X148.720 Y101.280 E663.4883
G1 X148.720 Y148.720 E665.6184
G1 X101.280 Y148.720 E667.7485
G1 X101.280 Y101.280 E669.8786
G1 F2400 E666.8786
G1 F300 Z1.100
G0 F3900 X101.463 Y148.132
;TYPE:SOLID-FILL
;WIDTH:0.400
;FLOW:95.0
G1 F300 Z0.900
G1 F1500 E669.8786
G1 F3000 X101.865 Y148.534 E669.9056
G0 F3000 X102.431 Y148.534
G1 F3000 X101.463 Y147.566 E669.9705
G0 F3000 X101.463 Y147.001
G1 F3000 X102.997 Y148.534 E670.0732
G0 F3000 X103.562 Y148.534
G1 F3000 X101.463 Y146.435 E670.2139
G0 F3000 X101.463 Y145.869
G1 F3000 X104.128 Y148.534 E670.3926
G0 F3000 X104.694 Y148.534
G1 F3000 X101.463 Y145.304 E670.6091
G0 F3000 X101.463 Y144.738
G1 F3000 X105.259 Y148.534 E670.8635
G0 F3000 X105.825 Y148.534
G1 F3000 X101.463 Y144.172 E671.1559
G0 F3000 X101.463 Y143.607
G1 F3000 X106.391 Y148.534 E671.4862
G0 F3000 X106.956 Y148.534
G1 F3000 X101.463 Y143.041 E671.8544
G0 F3000 X101.463 Y142.475
G1 F3000 X107.522 Y148.534 E672.2605
G0 F3000 X108.088 Y148.534
G1 F3000 X101.463 Y141.909 E672.7045
G0 F3000 X101.463 Y141.344
G1 F3000 X108.654 Y148.534 E673.1865
G0 F3000 X109.219 Y148.534
G1 F3000 X101.463 Y140.778 E673.7064
G0 F3000 X101.463 Y140.212
G1 F3000 X109.785 Y148.534 E674.2642
G0 F3000 X110.351 Y148.534
G1 F3000 X101.463 Y139.647 E674.8599
G0 F3000 X101.463 Y139.081
G1 F3000 X110.916 Y148.534 E675.4935
G0 F3000 X111.482 Y148.534
G1 F3000 X101.463 Y138.515 E676.1651
G0 F3000 X101.463 Y137.950
G1 F3000 X112.048 Y148.534 E676.8745
G0 F3000 X112.613 Y148.534
G1 F3000 X101.463 Y137.384 E677.6219
G0 F3000 X101.463 Y136.818
G1 F3000 X113.179 Y148.534 E678.4072
G0 F3000 X113.745 Y148.534
G1 F3000 X101.463 Y136.253 E679.2304
G0 F3000 X101.463 Y135.687
G1 F3000 X114.310 Y148.534 E680.0915
G0 F3000 X114.876 Y148.534
G1 F3000 X101.463 Y135.121 E680.9905
G0 F3000 X101.463 Y134.556
G1 F3000 X115.442 Y148.534 E681.9274
G0 F3000 X116.007 Y148.534
G1 F3000 X101.463 Y133.990 E682.9023
G0 F3000 X101.463 Y133.424
G1 F3000 X116.573 Y148.534 E683.9151
G0 F3000 X117.139 Y148.534
G1 F3000 X101.463 Y132.859 E684.9658
G0 F3000 X101.463 Y132.293
G1 F3000 X117.704 Y148.534 E686.0544
G0 F3000 X118.270 Y148.534
G1 F3000 X101.463 Y131.727 E687.1809
G0 F3000 X101.463 Y131.161
G1 F3000 X118.836 Y148.534 E688.3454
G0 F3000 X119.402 Y148.534
G1 F3000 X101.463 Y130.596 E689.5478
G0 F3000 X101.463 Y130.030
G1 F3000 X119.967 Y148.534 E690.7880
G0 F3000 X120.533 Y148.534
G1 F3000 X101.463 Y129.464 E692.0663
G0 F3000 X101.463 Y128.899
G1 F3000 X121.099 Y148.534 E693.3824
G0 F3000 X121.664 Y148.534
G1 F3000 X101.463 Y128.333 E694.7364
G0 F3000 X101.463 Y127.767
G1 F3000 X122.230 Y148.534 E696.1284
G0 F3000 X122.796 Y148.534
G1 F3000 X101.463 Y127.202 E697.5582
G0 F3000 X101.463 Y126.636
G1 F3000 X123.361 Y148.534 E699.0260
G0 F3000 X123.927 Y148.534
G1 F3000 X101.463 Y126.070 E700.5317
G0 F3000 X101.463 Y125.505
G1 F3000 X124.493 Y148.534 E702.0753
G0 F3000 X125.058 Y148.534
G1 F3000 X101.463 Y124.939 E703.6568
G0 F3000 X101.463 Y124.373
G1 F3000 X125.624 Y148.534 E705.2763
G0 F3000 X126.190 Y148.534
G1 F3000 X101.463 Y123.808 E706.9336
G0 F3000 X101.463 Y123.242
G1 F3000 X126.755 Y148.534 E708.6289
G0 F3000 X127.321 Y148.534
G1 F3000 X101.463 Y122.676 E710.3621
G0 F3000 X101.463 Y122.110
G1 F3000 X127.887 Y148.534 E712.1333
G0 F3000 X128.453 Y148.534
G1 F3000 X101.463 Y121.545 E713.9423
G0 F3000 X101.463 Y120.979
G1 F3000 X129.018 Y148.534 E715.7892
G0 F3000 X129.584 Y148.534
G1 F3000 X101.463 Y120.413 E717.6741
G0 F3000 X101.463 Y119.848
G1 F3000 X130.150 Y148.534 E719.5969
G0 F3000 X130.715 Y148.534
G1 F3000 X101.463 Y119.282 E721.5576
G0 F3000 X101.463 Y118.716
G1 F3000 X131.281 Y148.534 E723.5562
G0 F3000 X131.847 Y148.534
G1 F3000 X101.463 Y118.151 E725.5928
G0 F3000 X101.463 Y117.585
G1 F3000 X132.412 Y148.534 E727.6672
G0 F3000 X132.978 Y148.534
G1 F3000 X101.463 Y117.019 E729.7796
G0 F3000 X101.463 Y116.454
G1 F3000 X133.544 Y148.534 E731.9299
G0 F3000 X134.109 Y148.534
G1 F3000 X101.463 Y115.888 E734.1180
G0 F3000 X101.463 Y115.322
G1 F3000 X134.675 Y148.534 E736.3442
G0 F3000 X135.241 Y148.534
G1 F3000 X101.463 Y114.757 E738.6082
G0 F3000 X101.463 Y114.191
G1 F3000 X135.806 Y148.534 E740.9101
G0 F3000 X136.372 Y148.534
G1 F3000 X101.463 Y113.625 E743.2500
G0 F3000 X101.463 Y113.060
G1 F3000 X136.938 Y148.534 E745.6278
G0 F3000 X137.503 Y148.534
G1 F3000 X101.463 Y112.494 E748.0434
G0 F3000 X101.463 Y111.928
G1 F3000 X138.069 Y148.534 E750.4971
G0 F3000 X138.635 Y148.534
G1 F3000 X101.463 Y111.362 E752.9886
G0 F3000 X101.463 Y110.797
G1 F3000 X139.201 Y148.534 E755.5181
G0 F3000 X139.766 Y148.534
G1 F3000 X101.463 Y110.231 E758.0854
G0 F3000 X101.463 Y109.665
G1 F3000 X140.332 Y148.534 E760.6907
G0 F3000 X140.898 Y148.534
G1 F3000 X101.463 Y109.100 E763.3339
G0 F3000 X101.463 Y108.534
G1 F3000 X141.463 Y148.534 E766.0150
G0 F3000 X142.029 Y148.534
G1 F3000 X101.463 Y107.968 E768.7341
G0 F3000 X101.463 Y107.403
G1 F3000 X142.595 Y148.534 E771.4910
G0 F3000 X143.160 Y148.534
G1 F3000 X101.463 Y106.837 E774.2859
G0 F3000 X101.463 Y106.271
G1 F3000 X143.726 Y148.534 E777.1187
G0 F3000 X144.292 Y148.534
G1 F3000 X101.463 Y105.706 E779.9893
G0 F3000 X101.463 Y105.140
G1 F3000 X144.857 Y148.534 E782.8979
G0 F3000 X145.423 Y148.534
G1 F3000 X101.463 Y104.574 E785.8445
G0 F3000 X101.463 Y104.009
G1 F3000 X145.989 Y148.534 E788.8289
G0 F3000 X146.554 Y148.534
G1 F3000 X101.463 Y103.443 E791.8513
G0 F3000 X101.463 Y102.877
G1 F3000 X147.120 Y148.534 E794.9115
G0 F3000 X147.686 Y148.534
G1 F3000 X101.463 Y102.311 E798.0098
G0 F3000 X101.463 Y101.746
G1 F3000 X148.252 Y148.534 E801.1459
G0 F3000 X148.535 Y148.252
G1 F3000 X101.747 Y101.464 E804.2820
G0 F3000 X102.312 Y101.464
G1 F3000 X148.535 Y147.687 E807.3802
G0 F3000 X148.535 Y147.121
G1 F3000 X102.878 Y101.464 E810.4405
G0 F3000 X103.444 Y101.464
G1 F3000 X148.535 Y146.555 E813.4628
G0 F3000 X148.535 Y145.989
G1 F3000 X104.009 Y101.464 E816.4472
G0 F3000 X104.575 Y101.464
G1 F3000 X148.535 Y145.424 E819.3938
G0 F3000 X148.535 Y144.858
G1 F3000 X105.141 Y101.464 E822.3024
G0 F3000 X105.706 Y101.464
G1 F3000 X148.535 Y144.292 E825.1731
G0 F3000 X148.535 Y143.727
G1 F3000 X106.272 Y101.464 E828.0059
G0 F3000 X106.838 Y101.464
G1 F3000 X148.535 Y143.161 E830.8007
G0 F3000 X148.535 Y142.595
G1 F3000 X107.403 Y101.464 E833.5577
G0 F3000 X107.969 Y101.464
G1 F3000 X148.535 Y142.030 E836.2767
G0 F3000 X148.535 Y141.464
G1 F3000 X108.535 Y101.464 E838.9578
G0 F3000 X109.100 Y101.464
G1 F3000 X148.535 Y140.898 E841.6010
G0 F3000 X148.535 Y140.333
G1 F3000 X109.666 Y101.464 E844.2063
G0 F3000 X110.232 Y101.464
G1 F3000 X148.535 Y139.767 E846.7737
G0 F3000 X148.535 Y139.201
G1 F3000 X110.797 Y101.464 E849.3031
G0 F3000 X111.363 Y101.464
G1 F3000 X148.535 Y138.636 E851.7947
G0 F3000 X148.535 Y138.070
G1 F3000 X111.929 Y101.464 E854.2483
G0 F3000 X112.495 Y101.464
G1 F3000 X148.535 Y137.504 E856.6640
G0 F3000 X148.535 Y136.939
G1 F3000 X113.060 Y101.464 E859.0418
G0 F3000 X113.626 Y101.464
G1 F3000 X148.535 Y136.373 E861.3816
G0 F3000 X148.535 Y135.807
G1 F3000 X114.192 Y101.464 E863.6836
G0 F3000 X114.757 Y101.464
G1 F3000 X148.535 Y135.241 E865.9476
G0 F3000 X148.535 Y134.676
G1 F3000 X115.323 Y101.464 E868.1737
G0 F3000 X115.889 Y101.464
G1 F3000 X148.535 Y134.110 E870.3619
G0 F3000 X148.535 Y133.544
G1 F3000 X116.454 Y101.464 E872.5122
G0 F3000 X117.020 Y101.464
G1 F3000 X148.535 Y132.979 E874.6245
G0 F3000 X148.535 Y132.413
G1 F3000 X117.586 Y101.464 E876.6990
G0 F3000 X118.151 Y101.464
G1 F3000 X148.535 Y131.847 E878.7355
G0 F3000 X148.535 Y131.282
G1 F3000 X118.717 Y101.464 E880.7342
G0 F3000 X119.283 Y101.464
G1 F3000 X148.535 Y130.716 E882.6948
G0 F3000 X148.535 Y130.150
G1 F3000 X119.848 Y101.464 E884.6176
G0 F3000 X120.414 Y101.464
G1 F3000 X148.535 Y129.585 E886.5025
G0 F3000 X148.535 Y129.019
G1 F3000 X120.980 Y101.464 E888.3495
G0 F3000 X121.545 Y101.464
G1 F3000 X148.535 Y128.453 E890.1585
G0 F3000 X148.535 Y127.888
G1 F3000 X122.111 Y101.464 E891.9296
G0 F3000 X122.677 Y101.464
G1 F3000 X148.535 Y127.322 E893.6628
G0 F3000 X148.535 Y126.756
G1 F3000 X123.243 Y101.464 E895.3581
G0 F3000 X123.808 Y101.464
G1 F3000 X148.535 Y126.190 E897.0155
G0 F3000 X148.535 Y125.625
G1 F3000 X124.374 Y101.464 E898.6349
G0 F3000 X124.940 Y101.464
G1 F3000 X148.535 Y125.059 E900.2164
G0 F3000 X148.535 Y124.493
G1 F3000 X125.505 Y101.464 E901.7600
G0 F3000 X126.071 Y101.464
G1 F3000 X148.535 Y123.928 E903.2658
G0 F3000 X148.535 Y123.362
G1 F3000 X126.637 Y101.464 E904.7335
G0 F3000 X127.202 Y101.464
G1 F3000 X148.535 Y122.796 E906.1634
G0 F3000 X148.535 Y122.231
G1 F3000 X127.768 Y101.464 E907.5554
G0 F3000 X128.334 Y101.464
G1 F3000 X148.535 Y121.665 E908.9094
G0 F3000 X148.535 Y121.099
G1 F3000 X128.899 Y101.464 E910.2255
G0 F3000 X129.465 Y101.464
G1 F3000 X148.535 Y120.534 E911.5037
G0 F3000 X148.535 Y119.968
G1 F3000 X130.031 Y101.464 E912.7440
G0 F3000 X130.596 Y101.464
G1 F3000 X148.535 Y119.402 E913.9464
G0 F3000 X148.535 Y118.837
G1 F3000 X131.162 Y101.464 E915.1108
G0 F3000 X131.728 Y101.464
G1 F3000 X148.535 Y118.271 E916.2374
G0 F3000 X148.535 Y117.705
G1 F3000 X132.294 Y101.464 E917.3260
G0 F3000 X132.859 Y101.464
G1 F3000 X148.535 Y117.140 E918.3767
G0 F3000 X148.535 Y116.574
G1 F3000 X133.425 Y101.464 E919.3895
G0 F3000 X133.991 Y101.464
G1 F3000 X148.535 Y116.008 E920.3643
G0 F3000 X148.535 Y115.442
G1 F3000 X134.556 Y101.464 E921.3013
G0 F3000 X135.122 Y101.464
G1 F3000 X148.535 Y114.877 E922.2003
G0 F3000 X148.535 Y114.311
G1 F3000 X135.688 Y101.464 E923.0614
G0 F3000 X136.253 Y101.464
G1 F3000 X148.535 Y113.745 E923.8846
G0 F3000 X148.535 Y113.180
G1 F3000 X136.819 Y101.464 E924.6699
G0 F3000 X137.385 Y101.464
G1 F3000 X148.535 Y112.614 E925.4173
G0 F3000 X148.535 Y112.048
G1 F3000 X137.950 Y101.464 E926.1267
G0 F3000 X138.516 Y101.464
G1 F3000 X148.535 Y111.483 E926.7983
G0 F3000 X148.535 Y110.917
G1 F3000 X139.082 Y101.464 E927.4319
G0 F3000 X139.647 Y101.464
G1 F3000 X148.535 Y110.351 E928.0276
G0 F3000 X148.535 Y109.786
G1 F3000 X140.213 Y101.464 E928.5854
G0 F3000 X140.779 Y101.464
G1 F3000 X148.535 Y109.220 E929.1053
G0 F3000 X148.535 Y108.654
G1 F3000 X141.344 Y101.464 E929.5872
G0 F3000 X141.910 Y101.464
G1 F3000 X148.535 Y108.089 E930.0313
G0 F3000 X148.535 Y107.523
G1 F3000 X142.476 Y101.464 E930.4374
G0 F3000 X143.042 Y101.464
G1 F3000 X148.535 Y106.957 E930.8056
G0 F3000 X148.535 Y106.391
G1 F3000 X143.607 Y101.464 E931.1359
G0 F3000 X144.173 Y101.464
G1 F3000 X148.535 Y105.826 E931.4283
G0 F3000 X148.535 Y105.260
G1 F3000 X144.739 Y101.464 E931.6827
G0 F3000 X145.304 Y101.464
G1 F3000 X148.535 Y104.694 E931.8992
G0 F3000 X148.535 Y104.129
G1 F3000 X145.870 Y101.464 E932.0779
G0 F3000 X146.436 Y101.464
G1 F3000 X148.535 Y103.563 E932.2185
G0 F3000 X148.535 Y102.997
G1 F3000 X147.001 Y101.464 E932.3213
G0 F3000 X147.567 Y101.464
G1 F3000 X148.535 Y102.432 E932.3862
G0 F3000 X148.535 Y101.866
G1 F3000 X148.133 Y101.464 E932.4132
;PRINTING_TIME: 508
;REMAINING_TIME: 2656
;LAYER:3
;Z:1.200
;HEIGHT:0.300
;FLOW:100.0
M106 S153
;PRINTING: 0.20mm-nozzle-0.40mm-walls-humebeam-flow-calibration-cube.st
;PRINTING_ID: 0
G1 F2400 E929.4132
G1 F300 Z1.400
G0 F3900 X148.133 Y100.700
G0 F300 Z1.200
G0 F3900 X100.180 Y100.090
G0 X100.080 Y100.080
;TYPE:WALL-OUTER
;WIDTH:0.400
G1 F300 Z1.200
G1 F1500 E932.4132
G1 F2100 X149.920 Y100.080 E934.8997
G1 X149.920 Y149.920 E937.3862
G1 X100.080 Y149.920 E939.8727
G1 X100.080 Y100.080 E942.3593
G1 F2400 E939.3593
G1 F300 Z1.400
G0 F3900 X100.800 Y100.800
G1 F300 Z1.200
G1 F1500 E942.3593
G1 F2100 X100.800 Y149.200 E944.7740
G1 X149.200 Y149.200 E947.1886
G1 X149.200 Y100.800 E949.6033
G1 X100.800 Y100.800 E952.0180
G0 F3900 X100.440 Y100.600
;TYPE:GAP-FILL
;WIDTH:0.320
;FLOW:95.0
G1 F3300 X100.440 Y149.400 E953.8683
;WIDTH:0.374
G1 X100.600 Y149.560 E953.8784
;WIDTH:0.320
G1 X149.400 Y149.560 E955.7287
;WIDTH:0.374
G1 X149.560 Y149.400 E955.7387
;WIDTH:0.320
G1 X149.560 Y100.600 E957.5891
;WIDTH:0.374
G1 X149.400 Y100.440 E957.5991
;WIDTH:0.320
G1 X100.600 Y100.440 E959.4494
;WIDTH:0.374
;WIDTH:0.376
G1 X100.467 Y100.467 E959.4555
G1 X100.440 Y100.600 E959.4615
;PRINTING_TIME: 525
;REMAINING_TIME: 2639
;LAYER:4
;Z:1.500
;HEIGHT:0.300
;FLOW:100.0
;PRINTING: 0.20mm-nozzle-0.40mm-walls-humebeam-flow-calibration-cube.st
;PRINTING_ID: 0
G1 F2400 E956.4615
G1 F300 Z1.700
G0 F3900 X100.080 Y100.080
G0 F300 Z1.500
;TYPE:WALL-OUTER
;WIDTH:0.400
G1 F300 Z1.500
G1 F1500 E959.4615
G1 F2034 X149.920 Y100.080 E961.9480
G1 X149.920 Y149.920 E964.4346
G1 X100.080 Y149.920 E966.9211
G1 X100.080 Y100.080 E969.4076
G1 F2400 E966.4076
G1 F300 Z1.700
G0 F3900 X100.800 Y100.800
G1 F300 Z1.500
G1 F1500 E969.4076
G1 F2034 X100.800 Y149.200 E971.8223
G1 X149.200 Y149.200 E974.2370
G1 X149.200 Y100.800 E976.6517
G1 X100.800 Y100.800 E979.0664
G0 F3900 X100.440 Y100.600
;TYPE:GAP-FILL
;WIDTH:0.320
;FLOW:95.0
G1 F3487 X100.440 Y149.400 E980.9167
;WIDTH:0.374
G1 X100.600 Y149.560 E980.9267
;WIDTH:0.320
G1 X149.400 Y149.560 E982.7770
;WIDTH:0.374
G1 X149.560 Y149.400 E982.7871
;WIDTH:0.320
G1 X149.560 Y100.600 E984.6374
;WIDTH:0.374
G1 X149.400 Y100.440 E984.6474
;WIDTH:0.320
G1 X100.600 Y100.440 E986.4977
;WIDTH:0.374
;WIDTH:0.376
G1 X100.467 Y100.467 E986.5038
G1 X100.440 Y100.600 E986.5098
;PRINTING_TIME: 541
;REMAINING_TIME: 2623
;LAYER:5
;Z:1.800
;HEIGHT:0.300
;FLOW:100.0
;PRINTING: 0.20mm-nozzle-0.40mm-walls-humebeam-flow-calibration-cube.st
;PRINTING_ID: 0
G1 F2400 E983.5098
G1 F300 Z2.000
G0 F3900 X100.080 Y100.080
G0 F300 Z1.800
;TYPE:WALL-OUTER
;WIDTH:0.400
G1 F300 Z1.800
G1 F1500 E986.5098
G1 F2034 X149.920 Y100.080 E988.9964
G1 X149.920 Y149.920 E991.4829
G1 X100.080 Y149.920 E993.9694
G1 X100.080 Y100.080 E996.4559
G1 F2400 E993.4559
G1 F300 Z2.000
G0 F3900 X100.800 Y100.800
G1 F300 Z1.800
G1 F1500 E996.4559
G1 F2034 X100.800 Y149.200 E998.8706
G1 X149.200 Y149.200 E1001.2853
G1 X149.200 Y100.800 E1003.7000
G1 X100.800 Y100.800 E1006.1147
G0 F3900 X100.440 Y100.600
;TYPE:GAP-FILL
;WIDTH:0.320
;FLOW:95.0
G1 F3487 X100.440 Y149.400 E1007.9650
;WIDTH:0.374
G1 X100.600 Y149.560 E1007.9750
;WIDTH:0.320
G1 X149.400 Y149.560 E1009.8254
;WIDTH:0.374
G1 X149.560 Y149.400 E1009.8354
;WIDTH:0.320
G1 X149.560 Y100.600 E1011.6857
;WIDTH:0.374
G1 X149.400 Y100.440 E1011.6958
;WIDTH:0.320
G1 X100.600 Y100.440 E1013.5461
;WIDTH:0.374
;WIDTH:0.376
G1 X100.467 Y100.467 E1013.5521
G1 X100.440 Y100.600 E1013.5582
;PRINTING_TIME: 557
;REMAINING_TIME: 2606
;LAYER:6
;Z:2.100
;HEIGHT:0.300
;FLOW:100.0
;PRINTING: 0.20mm-nozzle-0.40mm-walls-humebeam-flow-calibration-cube.st
;PRINTING_ID: 0
G1 F2400 E1010.5582
G1 F300 Z2.300
G0 F3900 X100.080 Y100.080
G0 F300 Z2.100
;TYPE:WALL-OUTER
;WIDTH:0.400
G1 F300 Z2.100
G1 F1500 E1013.5582
G1 F2034 X149.920 Y100.080 E1016.0447
G1 X149.920 Y149.920 E1018.5312
G1 X100.080 Y149.920 E1021.0178
G1 X100.080 Y100.080 E1023.5043
G1 F2400 E1020.5043
G1 F300 Z2.300
G0 F3900 X100.800 Y100.800
G1 F300 Z2.100
G1 F1500 E1023.5043
G1 F2034 X100.800 Y149.200 E1025.9190
G1 X149.200 Y149.200 E1028.3337
G1 X149.200 Y100.800 E1030.7483
G1 X100.800 Y100.800 E1033.1630
G0 F3900 X100.440 Y100.600
;TYPE:GAP-FILL
;WIDTH:0.320
;FLOW:95.0
G1 F3487 X100.440 Y149.400 E1035.0134
;WIDTH:0.374
G1 X100.600 Y149.560 E1035.0234
;WIDTH:0.320
G1 X149.400 Y149.560 E1036.8737
;WIDTH:0.374
G1 X149.560 Y149.400 E1036.8837
;WIDTH:0.320
G1 X149.560 Y100.600 E1038.7341
;WIDTH:0.374
G1 X149.400 Y100.440 E1038.7441
;WIDTH:0.320
G1 X100.600 Y100.440 E1040.5944
;WIDTH:0.374
;WIDTH:0.376
G1 X100.467 Y100.467 E1040.6005
G1 X100.440 Y100.600 E1040.6065
;PRINTING_TIME: 573
;REMAINING_TIME: 2590
;LAYER:7
;Z:2.400
;HEIGHT:0.300
;FLOW:100.0
;PRINTING: 0.20mm-nozzle-0.40mm-walls-humebeam-flow-calibration-cube.st
;PRINTING_ID: 0
G1 F2400 E1037.6065
G1 F300 Z2.600
G0 F3900 X100.080 Y100.080
G0 F300 Z2.400
;TYPE:WALL-OUTER
;WIDTH:0.400
G1 F300 Z2.400
G1 F1500 E1040.6065
G1 F2034 X149.920 Y100.080 E1043.0930
G1 X149.920 Y149.920 E1045.5796
G1 X100.080 Y149.920 E1048.0661
G1 X100.080 Y100.080 E1050.5526
G1 F2400 E1047.5526
G1 F300 Z2.600
G0 F3900 X100.800 Y100.800
G1 F300 Z2.400
G1 F1500 E1050.5526
G1 F2034 X100.800 Y149.200 E1052.9673
G1 X149.200 Y149.200 E1055.3820
G1 X149.200 Y100.800 E1057.7967
G1 X100.800 Y100.800 E1060.2114
G0 F3900 X100.440 Y100.600
;TYPE:GAP-FILL
;WIDTH:0.320
;FLOW:95.0
G1 F3487 X100.440 Y149.400 E1062.0617
;WIDTH:0.374
G1 X100.600 Y149.560 E1062.0717
;WIDTH:0.320
G1 X149.400 Y149.560 E1063.9221
;WIDTH:0.374
G1 X149.560 Y149.400 E1063.9321
;WIDTH:0.320
G1 X149.560 Y100.600 E1065.7824
;WIDTH:0.374
G1 X149.400 Y100.440 E1065.7924
;WIDTH:0.320
G1 X100.600 Y100.440 E1067.6428
;WIDTH:0.374
;WIDTH:0.376
G1 X100.467 Y100.467 E1067.6488
G1 X100.440 Y100.600 E1067.6549
;PRINTING_TIME: 590
;REMAINING_TIME: 2574
;LAYER:8
;Z:2.700
;HEIGHT:0.300
;FLOW:100.0
;PRINTING: 0.20mm-nozzle-0.40mm-walls-humebeam-flow-calibration-cube.st
;PRINTING_ID: 0
G1 F2400 E1064.6549
G1 F300 Z2.900
G0 F3900 X100.080 Y100.080
G0 F300 Z2.700
;TYPE:WALL-OUTER
;WIDTH:0.400
G1 F300 Z2.700
G1 F1500 E1067.6549
G1 F2034 X149.920 Y100.080 E1070.1414
G1 X149.920 Y149.920 E1072.6279
G1 X100.080 Y149.920 E1075.1144
G1 X100.080 Y100.080 E1077.6010
G1 F2400 E1074.6010
G1 F300 Z2.900
G0 F3900 X100.800 Y100.800
G1 F300 Z2.700
G1 F1500 E1077.6010
G1 F2034 X100.800 Y149.200 E1080.0157
G1 X149.200 Y149.200 E1082.4303
G1 X149.200 Y100.800 E1084.8450
G1 X100.800 Y100.800 E1087.2597
G0 F3900 X100.440 Y100.600
;TYPE:GAP-FILL
;WIDTH:0.320
;FLOW:95.0
G1 F3487 X100.440 Y149.400 E1089.1100
;WIDTH:0.374
G1 X100.600 Y149.560 E1089.1201
;WIDTH:0.320
G1 X149.400 Y149.560 E1090.9704
;WIDTH:0.374
G1 X149.560 Y149.400 E1090.9804
;WIDTH:0.320
G1 X149.560 Y100.600 E1092.8308
;WIDTH:0.374
G1 X149.400 Y100.440 E1092.8408
;WIDTH:0.320
G1 X100.600 Y100.440 E1094.6911
;WIDTH:0.374
;WIDTH:0.376
G1 X100.467 Y100.467 E1094.6972
G1 X100.440 Y100.600 E1094.7032
;PRINTING_TIME: 606
;REMAINING_TIME: 2558
;LAYER:9
;Z:3.000
;HEIGHT:0.300
;FLOW:100.0
;PRINTING: 0.20mm-nozzle-0.40mm-walls-humebeam-flow-calibration-cube.st
;PRINTING_ID: 0
G1 F2400 E1091.7032
G1 F300 Z3.200
G0 F3900 X100.080 Y100.080
G0 F300 Z3.000
;TYPE:WALL-OUTER
;WIDTH:0.400
G1 F300 Z3.000
G1 F1500 E1094.7032
G1 F2034 X149.920 Y100.080 E1097.1897
G1 X149.920 Y149.920 E1099.6763
G1 X100.080 Y149.920 E1102.1628
G1 X100.080 Y100.080 E1104.6493
G1 F2400 E1101.6493
G1 F300 Z3.200
G0 F3900 X100.800 Y100.800
G1 F300 Z3.000
G1 F1500 E1104.6493
G1 F2034 X100.800 Y149.200 E1107.0640
G1 X149.200 Y149.200 E1109.4787
G1 X149.200 Y100.800 E1111.8934
G1 X100.800 Y100.800 E1114.3081
G0 F3900 X100.440 Y100.600
;TYPE:GAP-FILL
;WIDTH:0.320
;FLOW:95.0
G1 F3487 X100.440 Y149.400 E1116.1584
;WIDTH:0.374
G1 X100.600 Y149.560 E1116.1684
;WIDTH:0.320
G1 X149.400 Y149.560 E1118.0187
;WIDTH:0.374
G1 X149.560 Y149.400 E1118.0288
;WIDTH:0.320
G1 X149.560 Y100.600 E1119.8791
;WIDTH:0.374
G1 X149.400 Y100.440 E1119.8891
;WIDTH:0.320
G1 X100.600 Y100.440 E1121.7394
;WIDTH:0.374
;WIDTH:0.376
G1 X100.467 Y100.467 E1121.7455
G1 X100.440 Y100.600 E1121.7515
;PRINTING_TIME: 622
;REMAINING_TIME: 2542
;LAYER:10
;Z:3.300
;HEIGHT:0.300
;FLOW:100.0
;PRINTING: 0.20mm-nozzle-0.40mm-walls-humebeam-flow-calibration-cube.st
;PRINTING_ID: 0
G1 F2400 E1118.7515
G1 F300 Z3.500
G0 F3900 X100.080 Y100.080
G0 F300 Z3.300
;TYPE:WALL-OUTER
;WIDTH:0.400
G1 F300 Z3.300
G1 F1500 E1121.7515
G1 F2034 X149.920 Y100.080 E1124.2381
G1 X149.920 Y149.920 E1126.7246
G1 X100.080 Y149.920 E1129.2111
G1 X100.080 Y100.080 E1131.6976
G1 F2400 E1128.6976
G1 F300 Z3.500
G0 F3900 X100.800 Y100.800
G1 F300 Z3.300
G1 F1500 E1131.6976
G1 F2034 X100.800 Y149.200 E1134.1123
G1 X149.200 Y149.200 E1136.5270
G1 X149.200 Y100.800 E1138.9417
G1 X100.800 Y100.800 E1141.3564
G0 F3900 X100.440 Y100.600
;TYPE:GAP-FILL
;WIDTH:0.320
;FLOW:95.0
G1 F3487 X100.440 Y149.400 E1143.2067
;WIDTH:0.374
G1 X100.600 Y149.560 E1143.2167
;WIDTH:0.320
G1 X149.400 Y149.560 E1145.0671
;WIDTH:0.374
G1 X149.560 Y149.400 E1145.0771
;WIDTH:0.320
G1 X149.560 Y100.600 E1146.9274
;WIDTH:0.374
G1 X149.400 Y100.440 E1146.9375
;WIDTH:0.320
G1 X100.600 Y100.440 E1148.7878
;WIDTH:0.374
;WIDTH:0.376
G1 X100.467 Y100.467 E1148.7938
G1 X100.440 Y100.600 E1148.7999
;PRINTING_TIME: 638
;REMAINING_TIME: 2525
;LAYER:11
;Z:3.600
;HEIGHT:0.300
;FLOW:100.0
;PRINTING: 0.20mm-nozzle-0.40mm-walls-humebeam-flow-calibration-cube.st
;PRINTING_ID: 0
G1 F2400 E1145.7999
G1 F300 Z3.800
G0 F3900 X100.080 Y100.080
G0 F300 Z3.600
;TYPE:WALL-OUTER
;WIDTH:0.400
G1 F300 Z3.600
G1 F1500 E1148.7999
G1 F2034 X149.920 Y100.080 E1151.2864
G1 X149.920 Y149.920 E1153.7729
G1 X100.080 Y149.920 E1156.2595
G1 X100.080 Y100.080 E1158.7460
G1 F2400 E1155.7460
G1 F300 Z3.800
G0 F3900 X100.800 Y100.800
G1 F300 Z3.600
G1 F1500 E1158.7460
G1 F2034 X100.800 Y149.200 E1161.1607
G1 X149.200 Y149.200 E1163.5754
G1 X149.200 Y100.800 E1165.9900
G1 X100.800 Y100.800 E1168.4047
G0 F3900 X100.440 Y100.600
;TYPE:GAP-FILL
;WIDTH:0.320
;FLOW:95.0
G1 F3487 X100.440 Y149.400 E1170.2551
;WIDTH:0.374
G1 X100.600 Y149.560 E1170.2651
;WIDTH:0.320
G1 X149.400 Y149.560 E1172.1154
;WIDTH:0.374
G1 X149.560 Y149.400 E1172.1254
;WIDTH:0.320
G1 X149.560 Y100.600 E1173.9758
;WIDTH:0.374
G1 X149.400 Y100.440 E1173.9858
;WIDTH:0.320
G1 X100.600 Y100.440 E1175.8361
;WIDTH:0.374
;WIDTH:0.376
G1 X100.467 Y100.467 E1175.8422
G1 X100.440 Y100.600 E1175.8482
;PRINTING_TIME: 655
;REMAINING_TIME: 2509
;LAYER:12
;Z:3.900
;HEIGHT:0.300
;FLOW:100.0
;PRINTING: 0.20mm-nozzle-0.40mm-walls-humebeam-flow-calibration-cube.st
;PRINTING_ID: 0
G1 F2400 E1172.8482
G1 F300 Z4.100
G0 F3900 X100.080 Y100.080
G0 F300 Z3.900
;TYPE:WALL-OUTER
;WIDTH:0.400
G1 F300 Z3.900
G1 F1500 E1175.8482
G1 F2034 X149.920 Y100.080 E1178.3347
G1 X149.920 Y149.920 E1180.8213
G1 X100.080 Y149.920 E1183.3078
G1 X100.080 Y100.080 E1185.7943
G1 F2400 E1182.7943
G1 F300 Z4.100
G0 F3900 X100.800 Y100.800
G1 F300 Z3.900
G1 F1500 E1185.7943
G1 F2034 X100.800 Y149.200 E1188.2090
G1 X149.200 Y149.200 E1190.6237
G1 X149.200 Y100.800 E1193.0384
G1 X100.800 Y100.800 E1195.4531
G0 F3900 X100.440 Y100.600
;TYPE:GAP-FILL
;WIDTH:0.320
;FLOW:95.0
G1 F3487 X100.440 Y149.400 E1197.3034
;WIDTH:0.374
G1 X100.600 Y149.560 E1197.3134
;WIDTH:0.320
G1 X149.400 Y149.560 E1199.1638
;WIDTH:0.374
G1 X149.560 Y149.400 E1199.1738
;WIDTH:0.320
G1 X149.560 Y100.600 E1201.0241
;WIDTH:0.374
G1 X149.400 Y100.440 E1201.0341
;WIDTH:0.320
G1 X100.600 Y100.440 E1202.8845
;WIDTH:0.374
;WIDTH:0.376
G1 X100.467 Y100.467 E1202.8905
G1 X100.440 Y100.600 E1202.8966
;PRINTING_TIME: 671
;REMAINING_TIME: 2493
;LAYER:13
;Z:4.200
;HEIGHT:0.300
;FLOW:100.0
;PRINTING: 0.20mm-nozzle-0.40mm-walls-humebeam-flow-calibration-cube.st
;PRINTING_ID: 0
G1 F2400 E1199.8966
G1 F300 Z4.400
G0 F3900 X100.080 Y100.080
G0 F300 Z4.200
;TYPE:WALL-OUTER
;WIDTH:0.400
G1 F300 Z4.200
G1 F1500 E1202.8966
G1 F2034 X149.920 Y100.080 E1205.3831
G1 X149.920 Y149.920 E1207.8696
G1 X100.080 Y149.920 E1210.3561
G1 X100.080 Y100.080 E1212.8427
G1 F2400 E1209.8427
G1 F300 Z4.400
G0 F3900 X100.800 Y100.800
G1 F300 Z4.200
G1 F1500 E1212.8427
G1 F2034 X100.800 Y149.200 E1215.2574
G1 X149.200 Y149.200 E1217.6720
G1 X149.200 Y100.800 E1220.0867
G1 X100.800 Y100.800 E1222.5014
G0 F3900 X100.440 Y100.600
;TYPE:GAP-FILL
;WIDTH:0.320
;FLOW:95.0
G1 F3487 X100.440 Y149.400 E1224.3517
;WIDTH:0.374
G1 X100.600 Y149.560 E1224.3618
;WIDTH:0.320
G1 X149.400 Y149.560 E1226.2121
;WIDTH:0.374
G1 X149.560 Y149.400 E1226.2221
;WIDTH:0.320
G1 X149.560 Y100.600 E1228.0725
;WIDTH:0.374
G1 X149.400 Y100.440 E1228.0825
;WIDTH:0.320
G1 X100.600 Y100.440 E1229.9328
;WIDTH:0.374
;WIDTH:0.376
G1 X100.467 Y100.467 E1229.9389
G1 X100.440 Y100.600 E1229.9449
;PRINTING_TIME: 687
;REMAINING_TIME: 2477
;LAYER:14
;Z:4.500
;HEIGHT:0.300
;FLOW:100.0
;PRINTING: 0.20mm-nozzle-0.40mm-walls-humebeam-flow-calibration-cube.st
;PRINTING_ID: 0
G1 F2400 E1226.9449
G1 F300 Z4.700
G0 F3900 X100.080 Y100.080
G0 F300 Z4.500
;TYPE:WALL-OUTER
;WIDTH:0.400
G1 F300 Z4.500
G1 F1500 E1229.9449
G1 F2034 X149.920 Y100.080 E1232.4314
G1 X149.920 Y149.920 E1234.9180
G1 X100.080 Y149.920 E1237.4045
G1 X100.080 Y100.080 E1239.8910
G1 F2400 E1236.8910
G1 F300 Z4.700
G0 F3900 X100.800 Y100.800
G1 F300 Z4.500
G1 F1500 E1239.8910
G1 F2034 X100.800 Y149.200 E1242.3057
G1 X149.200 Y149.200 E1244.7204
G1 X149.200 Y100.800 E1247.1351
G1 X100.800 Y100.800 E1249.5498
G0 F3900 X100.440 Y100.600
;TYPE:GAP-FILL
;WIDTH:0.320
;FLOW:95.0
G1 F3487 X100.440 Y149.400 E1251.4001
;WIDTH:0.374
G1 X100.600 Y149.560 E1251.4101
;WIDTH:0.320
G1 X149.400 Y149.560 E1253.2604
;WIDTH:0.374
G1 X149.560 Y149.400 E1253.2705
;WIDTH:0.320
G1 X149.560 Y100.600 E1255.1208
;WIDTH:0.374
G1 X149.400 Y100.440 E1255.1308
;WIDTH:0.320
G1 X100.600 Y100.440 E1256.9811
;WIDTH:0.374
;WIDTH:0.376
G1 X100.467 Y100.467 E1256.9872
G1 X100.440 Y100.600 E1256.9932
;PRINTING_TIME: 703
;REMAINING_TIME: 2460
;LAYER:15
;Z:4.800
;HEIGHT:0.300
;FLOW:100.0
;PRINTING: 0.20mm-nozzle-0.40mm-walls-humebeam-flow-calibration-cube.st
;PRINTING_ID: 0
G1 F2400 E1253.9932
G1 F300 Z5.000
G0 F3900 X100.080 Y100.080
G0 F300 Z4.800
;TYPE:WALL-OUTER
;WIDTH:0.400
G1 F300 Z4.800
G1 F1500 E1256.9932
G1 F2034 X149.920 Y100.080 E1259.4798
G1 X149.920 Y149.920 E1261.9663
G1 X100.080 Y149.920 E1264.4528
G1 X100.080 Y100.080 E1266.9393
G1 F2400 E1263.9393
G1 F300 Z5.000
G0 F3900 X100.800 Y100.800
G1 F300 Z4.800
G1 F1500 E1266.9393
G1 F2034 X100.800 Y149.200 E1269.3540
G1 X149.200 Y149.200 E1271.7687
G1 X149.200 Y100.800 E1274.1834
G1 X100.800 Y100.800 E1276.5981
G0 F3900 X100.440 Y100.600
;TYPE:GAP-FILL
;WIDTH:0.320
;FLOW:95.0
G1 F3487 X100.440 Y149.400 E1278.4484
;WIDTH:0.374
G1 X100.600 Y149.560 E1278.4584
;WIDTH:0.320
G1 X149.400 Y149.560 E1280.3088
;WIDTH:0.374
G1 X149.560 Y149.400 E1280.3188
;WIDTH:0.320
G1 X149.560 Y100.600 E1282.1691
;WIDTH:0.374
G1 X149.400 Y100.440 E1282.1792
;WIDTH:0.320
G1 X100.600 Y100.440 E1284.0295
;WIDTH:0.374
;WIDTH:0.376
G1 X100.467 Y100.467 E1284.0355
G1 X100.440 Y100.600 E1284.0416
;PRINTING_TIME: 719
;REMAINING_TIME: 2444
;LAYER:16
;Z:5.100
;HEIGHT:0.300
;FLOW:100.0
;PRINTING: 0.20mm-nozzle-0.40mm-walls-humebeam-flow-calibration-cube.st
;PRINTING_ID: 0
G1 F2400 E1281.0416
G1 F300 Z5.300
G0 F3900 X100.080 Y100.080
G0 F300 Z5.100
;TYPE:WALL-OUTER
;WIDTH:0.400
G1 F300 Z5.100
G1 F1500 E1284.0416
G1 F2034 X149.920 Y100.080 E1286.5281
G1 X149.920 Y149.920 E1289.0146
G1 X100.080 Y149.920 E1291.5012
G1 X100.080 Y100.080 E1293.9877
G1 F2400 E1290.9877
G1 F300 Z5.300
G0 F3900 X100.800 Y100.800
G1 F300 Z5.100
G1 F1500 E1293.9877
G1 F2034 X100.800 Y149.200 E1296.4024
G1 X149.200 Y149.200 E1298.8171
G1 X149.200 Y100.800 E1301.2317
G1 X100.800 Y100.800 E1303.6464
G0 F3900 X100.440 Y100.600
;TYPE:GAP-FILL
;WIDTH:0.320
;FLOW:95.0
G1 F3487 X100.440 Y149.400 E1305.4968
;WIDTH:0.374
G1 X100.600 Y149.560 E1305.5068
;WIDTH:0.320
G1 X149.400 Y149.560 E1307.3571
;WIDTH:0.374
G1 X149.560 Y149.400 E1307.3671
;WIDTH:0.320
G1 X149.560 Y100.600 E1309.2175
;WIDTH:0.374
G1 X149.400 Y100.440 E1309.2275
;WIDTH:0.320
G1 X100.600 Y100.440 E1311.0778
;WIDTH:0.374
;WIDTH:0.376
G1 X100.467 Y100.467 E1311.0839
G1 X100.440 Y100.600 E1311.0899
;PRINTING_TIME: 736
;REMAINING_TIME: 2428
;LAYER:17
;Z:5.400
;HEIGHT:0.300
;FLOW:100.0
;PRINTING: 0.20mm-nozzle-0.40mm-walls-humebeam-flow-calibration-cube.st
;PRINTING_ID: 0
G1 F2400 E1308.0899
G1 F300 Z5.600
G0 F3900 X100.080 Y100.080
G0 F300 Z5.400
;TYPE:WALL-OUTER
;WIDTH:0.400
G1 F300 Z5.400
G1 F1500 E1311.0899
G1 F2034 X149.920 Y100.080 E1313.5764
G1 X149.920 Y149.920 E1316.0630
G1 X100.080 Y149.920 E1318.5495
G1 X100.080 Y100.080 E1321.0360
G1 F2400 E1318.0360
G1 F300 Z5.600
G0 F3900 X100.800 Y100.800
G1 F300 Z5.400
G1 F1500 E1321.0360
G1 F2034 X100.800 Y149.200 E1323.4507
G1 X149.200 Y149.200 E1325.8654
G1 X149.200 Y100.800 E1328.2801
G1 X100.800 Y100.800 E1330.6948
G0 F3900 X100.440 Y100.600
;TYPE:GAP-FILL
;WIDTH:0.320
;FLOW:95.0
G1 F3487 X100.440 Y149.400 E1332.5451
;WIDTH:0.374
G1 X100.600 Y149.560 E1332.5551
;WIDTH:0.320
G1 X149.400 Y149.560 E1334.4055
;WIDTH:0.374
G1 X149.560 Y149.400 E1334.4155
;WIDTH:0.320
G1 X149.560 Y100.600 E1336.2658
;WIDTH:0.374
G1 X149.400 Y100.440 E1336.2758
;WIDTH:0.320
G1 X100.600 Y100.440 E1338.1262
;WIDTH:0.374
;WIDTH:0.376
G1 X100.467 Y100.467 E1338.1322
G1 X100.440 Y100.600 E1338.1383
;PRINTING_TIME: 752
;REMAINING_TIME: 2412
;LAYER:18
;Z:5.700
;HEIGHT:0.300
;FLOW:100.0
;PRINTING: 0.20mm-nozzle-0.40mm-walls-humebeam-flow-calibration-cube.st
;PRINTING_ID: 0
G1 F2400 E1335.1383
G1 F300 Z5.900
G0 F3900 X100.080 Y100.080
G0 F300 Z5.700
;TYPE:WALL-OUTER
;WIDTH:0.400
G1 F300 Z5.700
G1 F1500 E1338.1383
G1 F2034 X149.920 Y100.080 E1340.6248
G1 X149.920 Y149.920 E1343.1113
G1 X100.080 Y149.920 E1345.5978
G1 X100.080 Y100.080 E1348.0844
G1 F2400 E1345.0844
G1 F300 Z5.900
G0 F3900 X100.800 Y100.800
G1 F300 Z5.700
G1 F1500 E1348.0844
G1 F2034 X100.800 Y149.200 E1350.4991
G1 X149.200 Y149.200 E1352.9137
G1 X149.200 Y100.800 E1355.3284
G1 X100.800 Y100.800 E1357.7431
G0 F3900 X100.440 Y100.600
;TYPE:GAP-FILL
;WIDTH:0.320
;FLOW:95.0
G1 F3487 X100.440 Y149.400 E1359.5934
;WIDTH:0.374
G1 X100.600 Y149.560 E1359.6035
;WIDTH:0.320
G1 X149.400 Y149.560 E1361.4538
;WIDTH:0.374
G1 X149.560 Y149.400 E1361.4638
;WIDTH:0.320
G1 X149.560 Y100.600 E1363.3141
;WIDTH:0.374
G1 X149.400 Y100.440 E1363.3242
;WIDTH:0.320
G1 X100.600 Y100.440 E1365.1745
;WIDTH:0.374
;WIDTH:0.376
G1 X100.467 Y100.467 E1365.1806
G1 X100.440 Y100.600 E1365.1866
;PRINTING_TIME: 768
;REMAINING_TIME: 2396
;LAYER:19
;Z:6.000
;HEIGHT:0.300
;FLOW:100.0
;PRINTING: 0.20mm-nozzle-0.40mm-walls-humebeam-flow-calibration-cube.st
;PRINTING_ID: 0
G1 F2400 E1362.1866
G1 F300 Z6.200
G0 F3900 X100.080 Y100.080
G0 F300 Z6.000
;TYPE:WALL-OUTER
;WIDTH:0.400
G1 F300 Z6.000
G1 F1500 E1365.1866
G1 F2034 X149.920 Y100.080 E1367.6731
G1 X149.920 Y149.920 E1370.1597
G1 X100.080 Y149.920 E1372.6462
G1 X100.080 Y100.080 E1375.1327
G1 F2400 E1372.1327
G1 F300 Z6.200
G0 F3900 X100.800 Y100.800
G1 F300 Z6.000
G1 F1500 E1375.1327
G1 F2034 X100.800 Y149.200 E1377.5474
G1 X149.200 Y149.200 E1379.9621
G1 X149.200 Y100.800 E1382.3768
G1 X100.800 Y100.800 E1384.7915
G0 F3900 X100.440 Y100.600
;TYPE:GAP-FILL
;WIDTH:0.320
;FLOW:95.0
G1 F3487 X100.440 Y149.400 E1386.6418
;WIDTH:0.374
G1 X100.600 Y149.560 E1386.6518
;WIDTH:0.320
G1 X149.400 Y149.560 E1388.5021
;WIDTH:0.374
G1 X149.560 Y149.400 E1388.5122
;WIDTH:0.320
G1 X149.560 Y100.600 E1390.3625
;WIDTH:0.374
G1 X149.400 Y100.440 E1390.3725
;WIDTH:0.320
G1 X100.600 Y100.440 E1392.2228
;WIDTH:0.374
;WIDTH:0.376
G1 X100.467 Y100.467 E1392.2289
G1 X100.440 Y100.600 E1392.2349
;PRINTING_TIME: 784
;REMAINING_TIME: 2379
;LAYER:20
;Z:6.300
;HEIGHT:0.300
;FLOW:100.0
;PRINTING: 0.20mm-nozzle-0.40mm-walls-humebeam-flow-calibration-cube.st
;PRINTING_ID: 0
G1 F2400 E1389.2349
G1 F300 Z6.500
G0 F3900 X100.080 Y100.080
G0 F300 Z6.300
;TYPE:WALL-OUTER
;WIDTH:0.400
G1 F300 Z6.300
G1 F1500 E1392.2349
G1 F2034 X149.920 Y100.080 E1394.7215
G1 X149.920 Y149.920 E1397.2080
G1 X100.080 Y149.920 E1399.6945
G1 X100.080 Y100.080 E1402.1810
G1 F2400 E1399.1810
G1 F300 Z6.500
G0 F3900 X100.800 Y100.800
G1 F300 Z6.300
G1 F1500 E1402.1810
G1 F2034 X100.800 Y149.200 E1404.5957
G1 X149.200 Y149.200 E1407.0104
G1 X149.200 Y100.800 E1409.4251
G1 X100.800 Y100.800 E1411.8398
G0 F3900 X100.440 Y100.600
;TYPE:GAP-FILL
;WIDTH:0.320
;FLOW:95.0
G1 F3487 X100.440 Y149.400 E1413.6901
;WIDTH:0.374
G1 X100.600 Y149.560 E1413.7001
;WIDTH:0.320
G1 X149.400 Y149.560 E1415.5505
;WIDTH:0.374
G1 X149.560 Y149.400 E1415.5605
;WIDTH:0.320
G1 X149.560 Y100.600 E1417.4108
;WIDTH:0.374
G1 X149.400 Y100.440 E1417.4209
;WIDTH:0.320
G1 X100.600 Y100.440 E1419.2712
;WIDTH:0.374
;WIDTH:0.376
G1 X100.467 Y100.467 E1419.2772
G1 X100.440 Y100.600 E1419.2833
;PRINTING_TIME: 801
;REMAINING_TIME: 2363
;LAYER:21
;Z:6.600
;HEIGHT:0.300
;FLOW:100.0
;PRINTING: 0.20mm-nozzle-0.40mm-walls-humebeam-flow-calibration-cube.st
;PRINTING_ID: 0
G1 F2400 E1416.2833
G1 F300 Z6.800
G0 F3900 X100.080 Y100.080
G0 F300 Z6.600
;TYPE:WALL-OUTER
;WIDTH:0.400
G1 F300 Z6.600
G1 F1500 E1419.2833
G1 F2034 X149.920 Y100.080 E1421.7698
G1 X149.920 Y149.920 E1424.2563
G1 X100.080 Y149.920 E1426.7429
G1 X100.080 Y100.080 E1429.2294
G1 F2400 E1426.2294
G1 F300 Z6.800
G0 F3900 X100.800 Y100.800
G1 F300 Z6.600
G1 F1500 E1429.2294
G1 F2034 X100.800 Y149.200 E1431.6441
G1 X149.200 Y149.200 E1434.0588
G1 X149.200 Y100.800 E1436.4734
G1 X100.800 Y100.800 E1438.8881
G0 F3900 X100.440 Y100.600
;TYPE:GAP-FILL
;WIDTH:0.320
;FLOW:95.0
G1 F3487 X100.440 Y149.400 E1440.7385
;WIDTH:0.374
G1 X100.600 Y149.560 E1440.7485
;WIDTH:0.320
G1 X149.400 Y149.560 E1442.5988
;WIDTH:0.374
G1 X149.560 Y149.400 E1442.6088
;WIDTH:0.320
G1 X149.560 Y100.600 E1444.4592
;WIDTH:0.374
G1 X149.400 Y100.440 E1444.4692
;WIDTH:0.320
G1 X100.600 Y100.440 E1446.3195
;WIDTH:0.374
;WIDTH:0.376
G1 X100.467 Y100.467 E1446.3256
G1 X100.440 Y100.600 E1446.3316
;PRINTING_TIME: 817
;REMAINING_TIME: 2347
;LAYER:22
;Z:6.900
;HEIGHT:0.300
;FLOW:100.0
;PRINTING: 0.20mm-nozzle-0.40mm-walls-humebeam-flow-calibration-cube.st
;PRINTING_ID: 0
G1 F2400 E1443.3316
G1 F300 Z7.100
G0 F3900 X100.080 Y100.080
G0 F300 Z6.900
;TYPE:WALL-OUTER
;WIDTH:0.400
G1 F300 Z6.900
G1 F1500 E1446.3316
G1 F2034 X149.920 Y100.080 E1448.8181
G1 X149.920 Y149.920 E1451.3047
G1 X100.080 Y149.920 E1453.7912
G1 X100.080 Y100.080 E1456.2777
G1 F2400 E1453.2777
G1 F300 Z7.100
G0 F3900 X100.800 Y100.800
G1 F300 Z6.900
G1 F1500 E1456.2777
G1 F2034 X100.800 Y149.200 E1458.6924
G1 X149.200 Y149.200 E1461.1071
G1 X149.200 Y100.800 E1463.5218
G1 X100.800 Y100.800 E1465.9365
G0 F3900 X100.440 Y100.600
;TYPE:GAP-FILL
;WIDTH:0.320
;FLOW:95.0
G1 F3487 X100.440 Y149.400 E1467.7868
;WIDTH:0.374
G1 X100.600 Y149.560 E1467.7968
;WIDTH:0.320
G1 X149.400 Y149.560 E1469.6472
;WIDTH:0.374
G1 X149.560 Y149.400 E1469.6572
;WIDTH:0.320
G1 X149.560 Y100.600 E1471.5075
;WIDTH:0.374
G1 X149.400 Y100.440 E1471.5175
;WIDTH:0.320
G1 X100.600 Y100.440 E1473.3679
;WIDTH:0.374
;WIDTH:0.376
G1 X100.467 Y100.467 E1473.3739
G1 X100.440 Y100.600 E1473.3800
;PRINTING_TIME: 833
;REMAINING_TIME: 2331
;LAYER:23
;Z:7.200
;HEIGHT:0.300
;FLOW:100.0
;PRINTING: 0.20mm-nozzle-0.40mm-walls-humebeam-flow-calibration-cube.st
;PRINTING_ID: 0
G1 F2400 E1470.3800
G1 F300 Z7.400
G0 F3900 X100.080 Y100.080
G0 F300 Z7.200
;TYPE:WALL-OUTER
;WIDTH:0.400
G1 F300 Z7.200
G1 F1500 E1473.3800
G1 F2034 X149.920 Y100.080 E1475.8665
G1 X149.920 Y149.920 E1478.3530
G1 X100.080 Y149.920 E1480.8395
G1 X100.080 Y100.080 E1483.3261
G1 F2400 E1480.3261
G1 F300 Z7.400
G0 F3900 X100.800 Y100.800
G1 F300 Z7.200
G1 F1500 E1483.3261
G1 F2034 X100.800 Y149.200 E1485.7408
G1 X149.200 Y149.200 E1488.1554
G1 X149.200 Y100.800 E1490.5701
G1 X100.800 Y100.800 E1492.9848
G0 F3900 X100.440 Y100.600
;TYPE:GAP-FILL
;WIDTH:0.320
;FLOW:95.0
G1 F3487 X100.440 Y149.400 E1494.8351
;WIDTH:0.374
G1 X100.600 Y149.560 E1494.8452
;WIDTH:0.320
G1 X149.400 Y149.560 E1496.6955
;WIDTH:0.374
G1 X149.560 Y149.400 E1496.7055
;WIDTH:0.320
G1 X149.560 Y100.600 E1498.5558
;WIDTH:0.374
G1 X149.400 Y100.440 E1498.5659
;WIDTH:0.320
G1 X100.600 Y100.440 E1500.4162
;WIDTH:0.374
;WIDTH:0.376
G1 X100.467 Y100.467 E1500.4223
G1 X100.440 Y100.600 E1500.4283
;PRINTING_TIME: 849
;REMAINING_TIME: 2314
;LAYER:24
;Z:7.500
;HEIGHT:0.300
;FLOW:100.0
;PRINTING: 0.20mm-nozzle-0.40mm-walls-humebeam-flow-calibration-cube.st
;PRINTING_ID: 0
G1 F2400 E1497.4283
G1 F300 Z7.700
G0 F3900 X100.080 Y100.080
G0 F300 Z7.500
;TYPE:WALL-OUTER
;WIDTH:0.400
G1 F300 Z7.500
G1 F1500 E1500.4283
G1 F2034 X149.920 Y100.080 E1502.9148
G1 X149.920 Y149.920 E1505.4014
G1 X100.080 Y149.920 E1507.8879
G1 X100.080 Y100.080 E1510.3744
G1 F2400 E1507.3744
G1 F300 Z7.700
G0 F3900 X100.800 Y100.800
G1 F300 Z7.500
G1 F1500 E1510.3744
G1 F2034 X100.800 Y149.200 E1512.7891
G1 X149.200 Y149.200 E1515.2038
G1 X149.200 Y100.800 E1517.6185
G1 X100.800 Y100.800 E1520.0332
G0 F3900 X100.440 Y100.600
;TYPE:GAP-FILL
;WIDTH:0.320
;FLOW:95.0
G1 F3487 X100.440 Y149.400 E1521.8835
;WIDTH:0.374
G1 X100.600 Y149.560 E1521.8935
;WIDTH:0.320
G1 X149.400 Y149.560 E1523.7438
;WIDTH:0.374
G1 X149.560 Y149.400 E1523.7539
;WIDTH:0.320
G1 X149.560 Y100.600 E1525.6042
;WIDTH:0.374
G1 X149.400 Y100.440 E1525.6142
;WIDTH:0.320
G1 X100.600 Y100.440 E1527.4645
;WIDTH:0.374
;WIDTH:0.376
G1 X100.467 Y100.467 E1527.4706
G1 X100.440 Y100.600 E1527.4766
;PRINTING_TIME: 866
;REMAINING_TIME: 2298
;LAYER:25
;Z:7.800
;HEIGHT:0.300
;FLOW:100.0
;PRINTING: 0.20mm-nozzle-0.40mm-walls-humebeam-flow-calibration-cube.st
;PRINTING_ID: 0
G1 F2400 E1524.4766
G1 F300 Z8.000
G0 F3900 X100.080 Y100.080
G0 F300 Z7.800
;TYPE:WALL-OUTER
;WIDTH:0.400
G1 F300 Z7.800
G1 F1500 E1527.4766
G1 F2034 X149.920 Y100.080 E1529.9632
G1 X149.920 Y149.920 E1532.4497
G1 X100.080 Y149.920 E1534.9362
G1 X100.080 Y100.080 E1537.4227
G1 F2400 E1534.4227
G1 F300 Z8.000
G0 F3900 X100.800 Y100.800
G1 F300 Z7.800
G1 F1500 E1537.4227
G1 F2034 X100.800 Y149.200 E1539.8374
G1 X149.200 Y149.200 E1542.2521
G1 X149.200 Y100.800 E1544.6668
G1 X100.800 Y100.800 E1547.0815
G0 F3900 X100.440 Y100.600
;TYPE:GAP-FILL
;WIDTH:0.320
;FLOW:95.0
G1 F3487 X100.440 Y149.400 E1548.9318
;WIDTH:0.374
G1 X100.600 Y149.560 E1548.9418
;WIDTH:0.320
G1 X149.400 Y149.560 E1550.7922
;WIDTH:0.374
G1 X149.560 Y149.400 E1550.8022
;WIDTH:0.320
G1 X149.560 Y100.600 E1552.6525
;WIDTH:0.374
G1 X149.400 Y100.440 E1552.6626
;WIDTH:0.320
G1 X100.600 Y100.440 E1554.5129
;WIDTH:0.374
;WIDTH:0.376
G1 X100.467 Y100.467 E1554.5189
G1 X100.440 Y100.600 E1554.5250
;PRINTING_TIME: 882
;REMAINING_TIME: 2282
;LAYER:26
;Z:8.100
;HEIGHT:0.300
;FLOW:100.0
;PRINTING: 0.20mm-nozzle-0.40mm-walls-humebeam-flow-calibration-cube.st
;PRINTING_ID: 0
G1 F2400 E1551.5250
G1 F300 Z8.300
G0 F3900 X100.080 Y100.080
G0 F300 Z8.100
;TYPE:WALL-OUTER
;WIDTH:0.400
G1 F300 Z8.100
G1 F1500 E1554.5250
G1 F2034 X149.920 Y100.080 E1557.0115
G1 X149.920 Y149.920 E1559.4980
G1 X100.080 Y149.920 E1561.9846
G1 X100.080 Y100.080 E1564.4711
G1 F2400 E1561.4711
G1 F300 Z8.300
G0 F3900 X100.800 Y100.800
G1 F300 Z8.100
G1 F1500 E1564.4711
G1 F2034 X100.800 Y149.200 E1566.8858
G1 X149.200 Y149.200 E1569.3005
G1 X149.200 Y100.800 E1571.7151
G1 X100.800 Y100.800 E1574.1298
G0 F3900 X100.440 Y100.600
;TYPE:GAP-FILL
;WIDTH:0.320
;FLOW:95.0
G1 F3487 X100.440 Y149.400 E1575.9802
;WIDTH:0.374
G1 X100.600 Y149.560 E1575.9902
;WIDTH:0.320
G1 X149.400 Y149.560 E1577.8405
;WIDTH:0.374
G1 X149.560 Y149.400 E1577.8505
;WIDTH:0.320
G1 X149.560 Y100.600 E1579.7009
;WIDTH:0.374
G1 X149.400 Y100.440 E1579.7109
;WIDTH:0.320
G1 X100.600 Y100.440 E1581.5612
;WIDTH:0.374
;WIDTH:0.376
G1 X100.467 Y100.467 E1581.5673
G1 X100.440 Y100.600 E1581.5733
;PRINTING_TIME: 898
;REMAINING_TIME: 2266
;LAYER:27
;Z:8.400
;HEIGHT:0.300
;FLOW:100.0
;PRINTING: 0.20mm-nozzle-0.40mm-walls-humebeam-flow-calibration-cube.st
;PRINTING_ID: 0
G1 F2400 E1578.5733
G1 F300 Z8.600
G0 F3900 X100.080 Y100.080
G0 F300 Z8.400
;TYPE:WALL-OUTER
;WIDTH:0.400
G1 F300 Z8.400
G1 F1500 E1581.5733
G1 F2034 X149.920 Y100.080 E1584.0598
G1 X149.920 Y149.920 E1586.5464
G1 X100.080 Y149.920 E1589.0329
G1 X100.080 Y100.080 E1591.5194
G1 F2400 E1588.5194
G1 F300 Z8.600
G0 F3900 X100.800 Y100.800
G1 F300 Z8.400
G1 F1500 E1591.5194
G1 F2034 X100.800 Y149.200 E1593.9341
G1 X149.200 Y149.200 E1596.3488
G1 X149.200 Y100.800 E1598.7635
G1 X100.800 Y100.800 E1601.1782
G0 F3900 X100.440 Y100.600
;TYPE:GAP-FILL
;WIDTH:0.320
;FLOW:95.0
G1 F3487 X100.440 Y149.400 E1603.0285
;WIDTH:0.374
G1 X100.600 Y149.560 E1603.0385
;WIDTH:0.320
G1 X149.400 Y149.560 E1604.8889
;WIDTH:0.374
G1 X149.560 Y149.400 E1604.8989
;WIDTH:0.320
G1 X149.560 Y100.600 E1606.7492
;WIDTH:0.374
G1 X149.400 Y100.440 E1606.7592
;WIDTH:0.320
G1 X100.600 Y100.440 E1608.6096
;WIDTH:0.374
;WIDTH:0.376
G1 X100.467 Y100.467 E1608.6156
G1 X100.440 Y100.600 E1608.6217
;PRINTING_TIME: 914
;REMAINING_TIME: 2250
;LAYER:28
;Z:8.700
;HEIGHT:0.300
;FLOW:100.0
;PRINTING: 0.20mm-nozzle-0.40mm-walls-humebeam-flow-calibration-cube.st
;PRINTING_ID: 0
G1 F2400 E1605.6217
G1 F300 Z8.900
G0 F3900 X100.080 Y100.080
G0 F300 Z8.700
;TYPE:WALL-OUTER
;WIDTH:0.400
G1 F300 Z8.700
G1 F1500 E1608.6217
G1 F2034 X149.920 Y100.080 E1611.1082
G1 X149.920 Y149.920 E1613.5947
G1 X100.080 Y149.920 E1616.0812
G1 X100.080 Y100.080 E1618.5678
G1 F2400 E1615.5678
G1 F300 Z8.900
G0 F3900 X100.800 Y100.800
G1 F300 Z8.700
G1 F1500 E1618.5678
G1 F2034 X100.800 Y149.200 E1620.9825
G1 X149.200 Y149.200 E1623.3971
G1 X149.200 Y100.800 E1625.8118
G1 X100.800 Y100.800 E1628.2265
G0 F3900 X100.440 Y100.600
;TYPE:GAP-FILL
;WIDTH:0.320
;FLOW:95.0
G1 F3487 X100.440 Y149.400 E1630.0768
;WIDTH:0.374
G1 X100.600 Y149.560 E1630.0869
;WIDTH:0.320
G1 X149.400 Y149.560 E1631.9372
;WIDTH:0.374
G1 X149.560 Y149.400 E1631.9472
;WIDTH:0.320
G1 X149.560 Y100.600 E1633.7975
;WIDTH:0.374
G1 X149.400 Y100.440 E1633.8076
;WIDTH:0.320
G1 X100.600 Y100.440 E1635.6579
;WIDTH:0.374
;WIDTH:0.376
G1 X100.467 Y100.467 E1635.6639
G1 X100.440 Y100.600 E1635.6700
;PRINTING_TIME: 930
;REMAINING_TIME: 2233
;LAYER:29
;Z:9.000
;HEIGHT:0.300
;FLOW:100.0
;PRINTING: 0.20mm-nozzle-0.40mm-walls-humebeam-flow-calibration-cube.st
;PRINTING_ID: 0
G1 F2400 E1632.6700
G1 F300 Z9.200
G0 F3900 X100.080 Y100.080
G0 F300 Z9.000
;TYPE:WALL-OUTER
;WIDTH:0.400
G1 F300 Z9.000
G1 F1500 E1635.6700
G1 F2034 X149.920 Y100.080 E1638.1565
G1 X149.920 Y149.920 E1640.6431
G1 X100.080 Y149.920 E1643.1296
G1 X100.080 Y100.080 E1645.6161
G1 F2400 E1642.6161
G1 F300 Z9.200
G0 F3900 X100.800 Y100.800
G1 F300 Z9.000
G1 F1500 E1645.6161
G1 F2034 X100.800 Y149.200 E1648.0308
G1 X149.200 Y149.200 E1650.4455
G1 X149.200 Y100.800 E1652.8602
G1 X100.800 Y100.800 E1655.2749
G0 F3900 X100.440 Y100.600
;TYPE:GAP-FILL
;WIDTH:0.320
;FLOW:95.0
G1 F3487 X100.440 Y149.400 E1657.1252
;WIDTH:0.374
G1 X100.600 Y149.560 E1657.1352
;WIDTH:0.320
G1 X149.400 Y149.560 E1658.9855
;WIDTH:0.374
G1 X149.560 Y149.400 E1658.9956
;WIDTH:0.320
G1 X149.560 Y100.600 E1660.8459
;WIDTH:0.374
G1 X149.400 Y100.440 E1660.8559
;WIDTH:0.320
G1 X100.600 Y100.440 E1662.7062
;WIDTH:0.374
;WIDTH:0.376
G1 X100.467 Y100.467 E1662.7123
G1 X100.440 Y100.600 E1662.7183
;PRINTING_TIME: 947
;REMAINING_TIME: 2217
;LAYER:30
;Z:9.300
;HEIGHT:0.300
;FLOW:100.0
;PRINTING: 0.20mm-nozzle-0.40mm-walls-humebeam-flow-calibration-cube.st
;PRINTING_ID: 0
G1 F2400 E1659.7183
G1 F300 Z9.500
G0 F3900 X100.080 Y100.080
G0 F300 Z9.300
;TYPE:WALL-OUTER
;WIDTH:0.400
G1 F300 Z9.300
G1 F1500 E1662.7183
G1 F2034 X149.920 Y100.080 E1665.2049
G1 X149.920 Y149.920 E1667.6914
G1 X100.080 Y149.920 E1670.1779
G1 X100.080 Y100.080 E1672.6644
G1 F2400 E1669.6644
G1 F300 Z9.500
G0 F3900 X100.800 Y100.800
G1 F300 Z9.300
G1 F1500 E1672.6644
G1 F2034 X100.800 Y149.200 E1675.0791
G1 X149.200 Y149.200 E1677.4938
G1 X149.200 Y100.800 E1679.9085
G1 X100.800 Y100.800 E1682.3232
G0 F3900 X100.440 Y100.600
;TYPE:GAP-FILL
;WIDTH:0.320
;FLOW:95.0
G1 F3487 X100.440 Y149.400 E1684.1735
;WIDTH:0.374
G1 X100.600 Y149.560 E1684.1835
;WIDTH:0.320
G1 X149.400 Y149.560 E1686.0339
;WIDTH:0.374
G1 X149.560 Y149.400 E1686.0439
;WIDTH:0.320
G1 X149.560 Y100.600 E1687.8942
;WIDTH:0.374
G1 X149.400 Y100.440 E1687.9043
;WIDTH:0.320
G1 X100.600 Y100.440 E1689.7546
;WIDTH:0.374
;WIDTH:0.376
G1 X100.467 Y100.467 E1689.7606
G1 X100.440 Y100.600 E1689.7667
;PRINTING_TIME: 963
;REMAINING_TIME: 2201
;LAYER:31
;Z:9.600
;HEIGHT:0.300
;FLOW:100.0
;PRINTING: 0.20mm-nozzle-0.40mm-walls-humebeam-flow-calibration-cube.st
;PRINTING_ID: 0
G1 F2400 E1686.7667
G1 F300 Z9.800
G0 F3900 X100.080 Y100.080
G0 F300 Z9.600
;TYPE:WALL-OUTER
;WIDTH:0.400
G1 F300 Z9.600
G1 F1500 E1689.7667
G1 F2034 X149.920 Y100.080 E1692.2532
G1 X149.920 Y149.920 E1694.7397
G1 X100.080 Y149.920 E1697.2263
G1 X100.080 Y100.080 E1699.7128
G1 F2400 E1696.7128
G1 F300 Z9.800
G0 F3900 X100.800 Y100.800
G1 F300 Z9.600
G1 F1500 E1699.7128
G1 F2034 X100.800 Y149.200 E1702.1275
G1 X149.200 Y149.200 E1704.5422
G1 X149.200 Y100.800 E1706.9568
G1 X100.800 Y100.800 E1709.3715
G0 F3900 X100.440 Y100.600
;TYPE:GAP-FILL
;WIDTH:0.320
;FLOW:95.0
G1 F3487 X100.440 Y149.400 E1711.2219
;WIDTH:0.374
G1 X100.600 Y149.560 E1711.2319
;WIDTH:0.320
G1 X149.400 Y149.560 E1713.0822
;WIDTH:0.374
G1 X149.560 Y149.400 E1713.0922
;WIDTH:0.320
G1 X149.560 Y100.600 E1714.9426
;WIDTH:0.374
G1 X149.400 Y100.440 E1714.9526
;WIDTH:0.320
G1 X100.600 Y100.440 E1716.8029
;WIDTH:0.374
;WIDTH:0.376
G1 X100.467 Y100.467 E1716.8090
G1 X100.440 Y100.600 E1716.8150
;PRINTING_TIME: 979
;REMAINING_TIME: 2185
;LAYER:32
;Z:9.900
;HEIGHT:0.300
;FLOW:100.0
;PRINTING: 0.20mm-nozzle-0.40mm-walls-humebeam-flow-calibration-cube.st
;PRINTING_ID: 0
G1 F2400 E1713.8150
G1 F300 Z10.100
G0 F3900 X100.080 Y100.080
G0 F300 Z9.900
;TYPE:WALL-OUTER
;WIDTH:0.400
G1 F300 Z9.900
G1 F1500 E1716.8150
G1 F2034 X149.920 Y100.080 E1719.3015
G1 X149.920 Y149.920 E1721.7881
G1 X100.080 Y149.920 E1724.2746
G1 X100.080 Y100.080 E1726.7611
G1 F2400 E1723.7611
G1 F300 Z10.100
G0 F3900 X100.800 Y100.800
G1 F300 Z9.900
G1 F1500 E1726.7611
G1 F2034 X100.800 Y149.200 E1729.1758
G1 X149.200 Y149.200 E1731.5905
G1 X149.200 Y100.800 E1734.0052
G1 X100.800 Y100.800 E1736.4199
G0 F3900 X100.440 Y100.600
;TYPE:GAP-FILL
;WIDTH:0.320
;FLOW:95.0
G1 F3487 X100.440 Y149.400 E1738.2702
;WIDTH:0.374
G1 X100.600 Y149.560 E1738.2802
;WIDTH:0.320
G1 X149.400 Y149.560 E1740.1306
;WIDTH:0.374
G1 X149.560 Y149.400 E1740.1406
;WIDTH:0.320
G1 X149.560 Y100.600 E1741.9909
;WIDTH:0.374
G1 X149.400 Y100.440 E1742.0009
;WIDTH:0.320
G1 X100.600 Y100.440 E1743.8513
;WIDTH:0.374
;WIDTH:0.376
G1 X100.467 Y100.467 E1743.8573
G1 X100.440 Y100.600 E1743.8634
;PRINTING_TIME: 995
;REMAINING_TIME: 2168
;LAYER:33
;Z:10.200
;HEIGHT:0.300
;FLOW:100.0
;PRINTING: 0.20mm-nozzle-0.40mm-walls-humebeam-flow-calibration-cube.st
;PRINTING_ID: 0
G1 F2400 E1740.8634
G1 F300 Z10.400
G0 F3900 X100.080 Y100.080
G0 F300 Z10.200
;TYPE:WALL-OUTER
;WIDTH:0.400
G1 F300 Z10.200
G1 F1500 E1743.8634
G1 F2034 X149.920 Y100.080 E1746.3499
G1 X149.920 Y149.920 E1748.8364
G1 X100.080 Y149.920 E1751.3229
G1 X100.080 Y100.080 E1753.8095
G1 F2400 E1750.8095
G1 F300 Z10.400
G0 F3900 X100.800 Y100.800
G1 F300 Z10.200
G1 F1500 E1753.8095
G1 F2034 X100.800 Y149.200 E1756.2242
G1 X149.200 Y149.200 E1758.6388
G1 X149.200 Y100.800 E1761.0535
G1 X100.800 Y100.800 E1763.4682
G0 F3900 X100.440 Y100.600
;TYPE:GAP-FILL
;WIDTH:0.320
;FLOW:95.0
G1 F3487 X100.440 Y149.400 E1765.3185
;WIDTH:0.374
G1 X100.600 Y149.560 E1765.3286
;WIDTH:0.320
G1 X149.400 Y149.560 E1767.1789
;WIDTH:0.374
G1 X149.560 Y149.400 E1767.1889
;WIDTH:0.320
G1 X149.560 Y100.600 E1769.0392
;WIDTH:0.374
G1 X149.400 Y100.440 E1769.0493
;WIDTH:0.320
G1 X100.600 Y100.440 E1770.8996
;WIDTH:0.374
;WIDTH:0.376
G1 X100.467 Y100.467 E1770.9056
G1 X100.440 Y100.600 E1770.9117
;PRINTING_TIME: 1012
;REMAINING_TIME: 2152
;LAYER:34
;Z:10.500
;HEIGHT:0.300
;FLOW:100.0
;PRINTING: 0.20mm-nozzle-0.40mm-walls-humebeam-flow-calibration-cube.st
;PRINTING_ID: 0
G1 F2400 E1767.9117
G1 F300 Z10.700
G0 F3900 X100.080 Y100.080
G0 F300 Z10.500
;TYPE:WALL-OUTER
;WIDTH:0.400
G1 F300 Z10.500
G1 F1500 E1770.9117
G1 F2034 X149.920 Y100.080 E1773.3982
G1 X149.920 Y149.920 E1775.8848
G1 X100.080 Y149.920 E1778.3713
G1 X100.080 Y100.080 E1780.8578
G1 F2400 E1777.8578
G1 F300 Z10.700
G0 F3900 X100.800 Y100.800
G1 F300 Z10.500
G1 F1500 E1780.8578
G1 F2034 X100.800 Y149.200 E1783.2725
G1 X149.200 Y149.200 E1785.6872
G1 X149.200 Y100.800 E1788.1019
G1 X100.800 Y100.800 E1790.5165
G0 F3900 X100.440 Y100.600
;TYPE:GAP-FILL
;WIDTH:0.320
;FLOW:95.0
G1 F3487 X100.440 Y149.400 E1792.3669
;WIDTH:0.374
G1 X100.600 Y149.560 E1792.3769
;WIDTH:0.320
G1 X149.400 Y149.560 E1794.2272
;WIDTH:0.374
G1 X149.560 Y149.400 E1794.2373
;WIDTH:0.320
G1 X149.560 Y100.600 E1796.0876
;WIDTH:0.374
G1 X149.400 Y100.440 E1796.0976
;WIDTH:0.320
G1 X100.600 Y100.440 E1797.9479
;WIDTH:0.374
;WIDTH:0.376
G1 X100.467 Y100.467 E1797.9540
G1 X100.440 Y100.600 E1797.9600
;PRINTING_TIME: 1028
;REMAINING_TIME: 2136
;LAYER:35
;Z:10.800
;HEIGHT:0.300
;FLOW:100.0
;PRINTING: 0.20mm-nozzle-0.40mm-walls-humebeam-flow-calibration-cube.st
;PRINTING_ID: 0
G1 F2400 E1794.9600
G1 F300 Z11.000
G0 F3900 X100.080 Y100.080
G0 F300 Z10.800
;TYPE:WALL-OUTER
;WIDTH:0.400
G1 F300 Z10.800
G1 F1500 E1797.9600
G1 F2034 X149.920 Y100.080 E1800.4466
G1 X149.920 Y149.920 E1802.9331
G1 X100.080 Y149.920 E1805.4196
G1 X100.080 Y100.080 E1807.9061
G1 F2400 E1804.9061
G1 F300 Z11.000
G0 F3900 X100.800 Y100.800
G1 F300 Z10.800
G1 F1500 E1807.9061
G1 F2034 X100.800 Y149.200 E1810.3208
G1 X149.200 Y149.200 E1812.7355
G1 X149.200 Y100.800 E1815.1502
G1 X100.800 Y100.800 E1817.5649
G0 F3900 X100.440 Y100.600
;TYPE:GAP-FILL
;WIDTH:0.320
;FLOW:95.0
G1 F3487 X100.440 Y149.400 E1819.4152
;WIDTH:0.374
G1 X100.600 Y149.560 E1819.4252
;WIDTH:0.320
G1 X149.400 Y149.560 E1821.2756
;WIDTH:0.374
G1 X149.560 Y149.400 E1821.2856
;WIDTH:0.320
G1 X149.560 Y100.600 E1823.1359
;WIDTH:0.374
G1 X149.400 Y100.440 E1823.1460
;WIDTH:0.320
G1 X100.600 Y100.440 E1824.9963
;WIDTH:0.374
;WIDTH:0.376
G1 X100.467 Y100.467 E1825.0023
G1 X100.440 Y100.600 E1825.0084
;PRINTING_TIME: 1044
;REMAINING_TIME: 2120
;LAYER:36
;Z:11.100
;HEIGHT:0.300
;FLOW:100.0
;PRINTING: 0.20mm-nozzle-0.40mm-walls-humebeam-flow-calibration-cube.st
;PRINTING_ID: 0
G1 F2400 E1822.0084
G1 F300 Z11.300
G0 F3900 X100.080 Y100.080
G0 F300 Z11.100
;TYPE:WALL-OUTER
;WIDTH:0.400
G1 F300 Z11.100
G1 F1500 E1825.0084
G1 F2034 X149.920 Y100.080 E1827.4949
G1 X149.920 Y149.920 E1829.9814
G1 X100.080 Y149.920 E1832.4680
G1 X100.080 Y100.080 E1834.9545
G1 F2400 E1831.9545
G1 F300 Z11.300
G0 F3900 X100.800 Y100.800
G1 F300 Z11.100
G1 F1500 E1834.9545
G1 F2034 X100.800 Y149.200 E1837.3692
G1 X149.200 Y149.200 E1839.7839
G1 X149.200 Y100.800 E1842.1985
G1 X100.800 Y100.800 E1844.6132
G0 F3900 X100.440 Y100.600
;TYPE:GAP-FILL
;WIDTH:0.320
;FLOW:95.0
G1 F3487 X100.440 Y149.400 E1846.4636
;WIDTH:0.374
G1 X100.600 Y149.560 E1846.4736
;WIDTH:0.320
G1 X149.400 Y149.560 E1848.3239
;WIDTH:0.374
G1 X149.560 Y149.400 E1848.3339
;WIDTH:0.320
G1 X149.560 Y100.600 E1850.1843
;WIDTH:0.374
G1 X149.400 Y100.440 E1850.1943
;WIDTH:0.320
G1 X100.600 Y100.440 E1852.0446
;WIDTH:0.374
;WIDTH:0.376
G1 X100.467 Y100.467 E1852.0507
G1 X100.440 Y100.600 E1852.0567
;PRINTING_TIME: 1060
;REMAINING_TIME: 2103
;LAYER:37
;Z:11.400
;HEIGHT:0.300
;FLOW:100.0
;PRINTING: 0.20mm-nozzle-0.40mm-walls-humebeam-flow-calibration-cube.st
;PRINTING_ID: 0
G1 F2400 E1849.0567
G1 F300 Z11.600
G0 F3900 X100.080 Y100.080
G0 F300 Z11.400
;TYPE:WALL-OUTER
;WIDTH:0.400
G1 F300 Z11.400
G1 F1500 E1852.0567
G1 F2034 X149.920 Y100.080 E1854.5432
G1 X149.920 Y149.920 E1857.0298
G1 X100.080 Y149.920 E1859.5163
G1 X100.080 Y100.080 E1862.0028
G1 F2400 E1859.0028
G1 F300 Z11.600
G0 F3900 X100.800 Y100.800
G1 F300 Z11.400
G1 F1500 E1862.0028
G1 F2034 X100.800 Y149.200 E1864.4175
G1 X149.200 Y149.200 E1866.8322
G1 X149.200 Y100.800 E1869.2469
G1 X100.800 Y100.800 E1871.6616
G0 F3900 X100.440 Y100.600
;TYPE:GAP-FILL
;WIDTH:0.320
;FLOW:95.0
G1 F3487 X100.440 Y149.400 E1873.5119
;WIDTH:0.374
G1 X100.600 Y149.560 E1873.5219
;WIDTH:0.320
G1 X149.400 Y149.560 E1875.3723
;WIDTH:0.374
G1 X149.560 Y149.400 E1875.3823
;WIDTH:0.320
G1 X149.560 Y100.600 E1877.2326
;WIDTH:0.374
G1 X149.400 Y100.440 E1877.2426
;WIDTH:0.320
G1 X100.600 Y100.440 E1879.0930
;WIDTH:0.374
;WIDTH:0.376
G1 X100.467 Y100.467 E1879.0990
G1 X100.440 Y100.600 E1879.1051
;PRINTING_TIME: 1076
;REMAINING_TIME: 2087
;LAYER:38
;Z:11.700
;HEIGHT:0.300
;FLOW:100.0
;PRINTING: 0.20mm-nozzle-0.40mm-walls-humebeam-flow-calibration-cube.st
;PRINTING_ID: 0
G1 F2400 E1876.1051
G1 F300 Z11.900
G0 F3900 X100.080 Y100.080
G0 F300 Z11.700
;TYPE:WALL-OUTER
;WIDTH:0.400
G1 F300 Z11.700
G1 F1500 E1879.1051
G1 F2034 X149.920 Y100.080 E1881.5916
G1 X149.920 Y149.920 E1884.0781
G1 X100.080 Y149.920 E1886.5646
G1 X100.080 Y100.080 E1889.0512
G1 F2400 E1886.0512
G1 F300 Z11.900
G0 F3900 X100.800 Y100.800
G1 F300 Z11.700
G1 F1500 E1889.0512
G1 F2034 X100.800 Y149.200 E1891.4659
G1 X149.200 Y149.200 E1893.8805
G1 X149.200 Y100.800 E1896.2952
G1 X100.800 Y100.800 E1898.7099
G0 F3900 X100.440 Y100.600
;TYPE:GAP-FILL
;WIDTH:0.320
;FLOW:95.0
G1 F3487 X100.440 Y149.400 E1900.5602
;WIDTH:0.374
G1 X100.600 Y149.560 E1900.5703
;WIDTH:0.320
G1 X149.400 Y149.560 E1902.4206
;WIDTH:0.374
G1 X149.560 Y149.400 E1902.4306
;WIDTH:0.320
G1 X149.560 Y100.600 E1904.2809
;WIDTH:0.374
G1 X149.400 Y100.440 E1904.2910
;WIDTH:0.320
G1 X100.600 Y100.440 E1906.1413
;WIDTH:0.374
;WIDTH:0.376
G1 X100.467 Y100.467 E1906.1473
G1 X100.440 Y100.600 E1906.1534
;PRINTING_TIME: 1093
;REMAINING_TIME: 2071
;LAYER:39
;Z:12.000
;HEIGHT:0.300
;FLOW:100.0
;PRINTING: 0.20mm-nozzle-0.40mm-walls-humebeam-flow-calibration-cube.st
;PRINTING_ID: 0
G1 F2400 E1903.1534
G1 F300 Z12.200
G0 F3900 X100.080 Y100.080
G0 F300 Z12.000
;TYPE:WALL-OUTER
;WIDTH:0.400
G1 F300 Z12.000
G1 F1500 E1906.1534
G1 F2034 X149.920 Y100.080 E1908.6399
G1 X149.920 Y149.920 E1911.1265
G1 X100.080 Y149.920 E1913.6130
G1 X100.080 Y100.080 E1916.0995
G1 F2400 E1913.0995
G1 F300 Z12.200
G0 F3900 X100.800 Y100.800
G1 F300 Z12.000
G1 F1500 E1916.0995
G1 F2034 X100.800 Y149.200 E1918.5142
G1 X149.200 Y149.200 E1920.9289
G1 X149.200 Y100.800 E1923.3436
G1 X100.800 Y100.800 E1925.7582
G0 F3900 X100.440 Y100.600
;TYPE:GAP-FILL
;WIDTH:0.320
;FLOW:95.0
G1 F3487 X100.440 Y149.400 E1927.6086
;WIDTH:0.374
G1 X100.600 Y149.560 E1927.6186
;WIDTH:0.320
G1 X149.400 Y149.560 E1929.4689
;WIDTH:0.374
G1 X149.560 Y149.400 E1929.4790
;WIDTH:0.320
G1 X149.560 Y100.600 E1931.3293
;WIDTH:0.374
G1 X149.400 Y100.440 E1931.3393
;WIDTH:0.320
G1 X100.600 Y100.440 E1933.1896
;WIDTH:0.374
;WIDTH:0.376
G1 X100.467 Y100.467 E1933.1957
G1 X100.440 Y100.600 E1933.2017
;PRINTING_TIME: 1109
;REMAINING_TIME: 2055
;LAYER:40
;Z:12.300
;HEIGHT:0.300
;FLOW:100.0
;PRINTING: 0.20mm-nozzle-0.40mm-walls-humebeam-flow-calibration-cube.st
;PRINTING_ID: 0
G1 F2400 E1930.2017
G1 F300 Z12.500
G0 F3900 X100.080 Y100.080
G0 F300 Z12.300
;TYPE:WALL-OUTER
;WIDTH:0.400
G1 F300 Z12.300
G1 F1500 E1933.2017
G1 F2034 X149.920 Y100.080 E1935.6883
G1 X149.920 Y149.920 E1938.1748
G1 X100.080 Y149.920 E1940.6613
G1 X100.080 Y100.080 E1943.1478
G1 F2400 E1940.1478
G1 F300 Z12.500
G0 F3900 X100.800 Y100.800
G1 F300 Z12.300
G1 F1500 E1943.1478
G1 F2034 X100.800 Y149.200 E1945.5625
G1 X149.200 Y149.200 E1947.9772
G1 X149.200 Y100.800 E1950.3919
G1 X100.800 Y100.800 E1952.8066
G0 F3900 X100.440 Y100.600
;TYPE:GAP-FILL
;WIDTH:0.320
;FLOW:95.0
G1 F3487 X100.440 Y149.400 E1954.6569
;WIDTH:0.374
G1 X100.600 Y149.560 E1954.6669
;WIDTH:0.320
G1 X149.400 Y149.560 E1956.5173
;WIDTH:0.374
G1 X149.560 Y149.400 E1956.5273
;WIDTH:0.320
G1 X149.560 Y100.600 E1958.3776
;WIDTH:0.374
G1 X149.400 Y100.440 E1958.3877
;WIDTH:0.320
G1 X100.600 Y100.440 E1960.2380
;WIDTH:0.374
;WIDTH:0.376
G1 X100.467 Y100.467 E1960.2440
G1 X100.440 Y100.600 E1960.2501
;PRINTING_TIME: 1125
;REMAINING_TIME: 2039
;LAYER:41
;Z:12.600
;HEIGHT:0.300
;FLOW:100.0
;PRINTING: 0.20mm-nozzle-0.40mm-walls-humebeam-flow-calibration-cube.st
;PRINTING_ID: 0
G1 F2400 E1957.2501
G1 F300 Z12.800
G0 F3900 X100.080 Y100.080
G0 F300 Z12.600
;TYPE:WALL-OUTER
;WIDTH:0.400
G1 F300 Z12.600
G1 F1500 E1960.2501
G1 F2034 X149.920 Y100.080 E1962.7366
G1 X149.920 Y149.920 E1965.2231
G1 X100.080 Y149.920 E1967.7097
G1 X100.080 Y100.080 E1970.1962
G1 F2400 E1967.1962
G1 F300 Z12.800
G0 F3900 X100.800 Y100.800
G1 F300 Z12.600
G1 F1500 E1970.1962
G1 F2034 X100.800 Y149.200 E1972.6109
G1 X149.200 Y149.200 E1975.0256
G1 X149.200 Y100.800 E1977.4402
G1 X100.800 Y100.800 E1979.8549
G0 F3900 X100.440 Y100.600
;TYPE:GAP-FILL
;WIDTH:0.320
;FLOW:95.0
G1 F3487 X100.440 Y149.400 E1981.7053
;WIDTH:0.374
G1 X100.600 Y149.560 E1981.7153
;WIDTH:0.320
G1 X149.400 Y149.560 E1983.5656
;WIDTH:0.374
G1 X149.560 Y149.400 E1983.5756
;WIDTH:0.320
G1 X149.560 Y100.600 E1985.4260
;WIDTH:0.374
G1 X149.400 Y100.440 E1985.4360
;WIDTH:0.320
G1 X100.600 Y100.440 E1987.2863
;WIDTH:0.374
;WIDTH:0.376
G1 X100.467 Y100.467 E1987.2924
G1 X100.440 Y100.600 E1987.2984
;PRINTING_TIME: 1141
;REMAINING_TIME: 2022
;LAYER:42
;Z:12.900
;HEIGHT:0.300
;FLOW:100.0
;PRINTING: 0.20mm-nozzle-0.40mm-walls-humebeam-flow-calibration-cube.st
;PRINTING_ID: 0
G1 F2400 E1984.2984
G1 F300 Z13.100
G0 F3900 X100.080 Y100.080
G0 F300 Z12.900
;TYPE:WALL-OUTER
;WIDTH:0.400
G1 F300 Z12.900
G1 F1500 E1987.2984
G1 F2034 X149.920 Y100.080 E1989.7849
G1 X149.920 Y149.920 E1992.2715
G1 X100.080 Y149.920 E1994.7580
G1 X100.080 Y100.080 E1997.2445
G1 F2400 E1994.2445
G1 F300 Z13.100
G0 F3900 X100.800 Y100.800
G1 F300 Z12.900
G1 F1500 E1997.2445
G1 F2034 X100.800 Y149.200 E1999.6592
G1 X149.200 Y149.200 E2002.0739
G1 X149.200 Y100.800 E2004.4886
G1 X100.800 Y100.800 E2006.9033
G0 F3900 X100.440 Y100.600
;TYPE:GAP-FILL
;WIDTH:0.320
;FLOW:95.0
G1 F3487 X100.440 Y149.400 E2008.7536
;WIDTH:0.374
G1 X100.600 Y149.560 E2008.7636
;WIDTH:0.320
G1 X149.400 Y149.560 E2010.6140
;WIDTH:0.374
G1 X149.560 Y149.400 E2010.6240
;WIDTH:0.320
G1 X149.560 Y100.600 E2012.4743
;WIDTH:0.374
G1 X149.400 Y100.440 E2012.4843
;WIDTH:0.320
G1 X100.600 Y100.440 E2014.3347
;WIDTH:0.374
;WIDTH:0.376
G1 X100.467 Y100.467 E2014.3407
G1 X100.440 Y100.600 E2014.3468
;PRINTING_TIME: 1158
;REMAINING_TIME: 2006
;LAYER:43
;Z:13.200
;HEIGHT:0.300
;FLOW:100.0
;PRINTING: 0.20mm-nozzle-0.40mm-walls-humebeam-flow-calibration-cube.st
;PRINTING_ID: 0
G1 F2400 E2011.3468
G1 F300 Z13.400
G0 F3900 X100.080 Y100.080
G0 F300 Z13.200
;TYPE:WALL-OUTER
;WIDTH:0.400
G1 F300 Z13.200
G1 F1500 E2014.3468
G1 F2034 X149.920 Y100.080 E2016.8333
G1 X149.920 Y149.920 E2019.3198
G1 X100.080 Y149.920 E2021.8063
G1 X100.080 Y100.080 E2024.2929
G1 F2400 E2021.2929
G1 F300 Z13.400
G0 F3900 X100.800 Y100.800
G1 F300 Z13.200
G1 F1500 E2024.2929
G1 F2034 X100.800 Y149.200 E2026.7076
G1 X149.200 Y149.200 E2029.1222
G1 X149.200 Y100.800 E2031.5369
G1 X100.800 Y100.800 E2033.9516
G0 F3900 X100.440 Y100.600
;TYPE:GAP-FILL
;WIDTH:0.320
;FLOW:95.0
G1 F3487 X100.440 Y149.400 E2035.8019
;WIDTH:0.374
G1 X100.600 Y149.560 E2035.8120
;WIDTH:0.320
G1 X149.400 Y149.560 E2037.6623
;WIDTH:0.374
G1 X149.560 Y149.400 E2037.6723
;WIDTH:0.320
G1 X149.560 Y100.600 E2039.5226
;WIDTH:0.374
G1 X149.400 Y100.440 E2039.5327
;WIDTH:0.320
G1 X100.600 Y100.440 E2041.3830
;WIDTH:0.374
;WIDTH:0.376
G1 X100.467 Y100.467 E2041.3890
G1 X100.440 Y100.600 E2041.3951
;PRINTING_TIME: 1174
;REMAINING_TIME: 1990
;LAYER:44
;Z:13.500
;HEIGHT:0.300
;FLOW:100.0
;PRINTING: 0.20mm-nozzle-0.40mm-walls-humebeam-flow-calibration-cube.st
;PRINTING_ID: 0
G1 F2400 E2038.3951
G1 F300 Z13.700
G0 F3900 X100.080 Y100.080
G0 F300 Z13.500
;TYPE:WALL-OUTER
;WIDTH:0.400
G1 F300 Z13.500
G1 F1500 E2041.3951
G1 F2034 X149.920 Y100.080 E2043.8816
G1 X149.920 Y149.920 E2046.3681
G1 X100.080 Y149.920 E2048.8547
G1 X100.080 Y100.080 E2051.3412
G1 F2400 E2048.3412
G1 F300 Z13.700
G0 F3900 X100.800 Y100.800
G1 F300 Z13.500
G1 F1500 E2051.3412
G1 F2034 X100.800 Y149.200 E2053.7559
G1 X149.200 Y149.200 E2056.1706
G1 X149.200 Y100.800 E2058.5853
G1 X100.800 Y100.800 E2060.9999
G0 F3900 X100.440 Y100.600
;TYPE:GAP-FILL
;WIDTH:0.320
;FLOW:95.0
G1 F3487 X100.440 Y149.400 E2062.8503
;WIDTH:0.374
G1 X100.600 Y149.560 E2062.8603
;WIDTH:0.320
G1 X149.400 Y149.560 E2064.7106
;WIDTH:0.374
G1 X149.560 Y149.400 E2064.7207
;WIDTH:0.320
G1 X149.560 Y100.600 E2066.5710
;WIDTH:0.374
G1 X149.400 Y100.440 E2066.5810
;WIDTH:0.320
G1 X100.600 Y100.440 E2068.4313
;WIDTH:0.374
;WIDTH:0.376
G1 X100.467 Y100.467 E2068.4374
G1 X100.440 Y100.600 E2068.4434
;PRINTING_TIME: 1190
;REMAINING_TIME: 1974
;LAYER:45
;Z:13.800
;HEIGHT:0.300
;FLOW:100.0
;PRINTING: 0.20mm-nozzle-0.40mm-walls-humebeam-flow-calibration-cube.st
;PRINTING_ID: 0
G1 F2400 E2065.4434
G1 F300 Z14.000
G0 F3900 X100.080 Y100.080
G0 F300 Z13.800
;TYPE:WALL-OUTER
;WIDTH:0.400
G1 F300 Z13.800
G1 F1500 E2068.4434
G1 F2034 X149.920 Y100.080 E2070.9300
G1 X149.920 Y149.920 E2073.4165
G1 X100.080 Y149.920 E2075.9030
G1 X100.080 Y100.080 E2078.3895
G1 F2400 E2075.3895
G1 F300 Z14.000
G0 F3900 X100.800 Y100.800
G1 F300 Z13.800
G1 F1500 E2078.3895
G1 F2034 X100.800 Y149.200 E2080.8042
G1 X149.200 Y149.200 E2083.2189
G1 X149.200 Y100.800 E2085.6336
G1 X100.800 Y100.800 E2088.0483
G0 F3900 X100.440 Y100.600
;TYPE:GAP-FILL
;WIDTH:0.320
;FLOW:95.0
G1 F3487 X100.440 Y149.400 E2089.8986
;WIDTH:0.374
G1 X100.600 Y149.560 E2089.9086
;WIDTH:0.320
G1 X149.400 Y149.560 E2091.7590
;WIDTH:0.374
G1 X149.560 Y149.400 E2091.7690
;WIDTH:0.320
G1 X149.560 Y100.600 E2093.6193
;WIDTH:0.374
G1 X149.400 Y100.440 E2093.6294
;WIDTH:0.320
G1 X100.600 Y100.440 E2095.4797
;WIDTH:0.374
;WIDTH:0.376
G1 X100.467 Y100.467 E2095.4857
G1 X100.440 Y100.600 E2095.4918
;PRINTING_TIME: 1206
;REMAINING_TIME: 1957
;LAYER:46
;Z:14.100
;HEIGHT:0.300
;FLOW:100.0
;PRINTING: 0.20mm-nozzle-0.40mm-walls-humebeam-flow-calibration-cube.st
;PRINTING_ID: 0
G1 F2400 E2092.4918
G1 F300 Z14.300
G0 F3900 X100.080 Y100.080
G0 F300 Z14.100
;TYPE:WALL-OUTER
;WIDTH:0.400
G1 F300 Z14.100
G1 F1500 E2095.4918
G1 F2034 X149.920 Y100.080 E2097.9783
G1 X149.920 Y149.920 E2100.4648
G1 X100.080 Y149.920 E2102.9514
G1 X100.080 Y100.080 E2105.4379
G1 F2400 E2102.4379
G1 F300 Z14.300
G0 F3900 X100.800 Y100.800
G1 F300 Z14.100
G1 F1500 E2105.4379
G1 F2034 X100.800 Y149.200 E2107.8526
G1 X149.200 Y149.200 E2110.2673
G1 X149.200 Y100.800 E2112.6819
G1 X100.800 Y100.800 E2115.0966
G0 F3900 X100.440 Y100.600
;TYPE:GAP-FILL
;WIDTH:0.320
;FLOW:95.0
G1 F3487 X100.440 Y149.400 E2116.9470
;WIDTH:0.374
G1 X100.600 Y149.560 E2116.9570
;WIDTH:0.320
G1 X149.400 Y149.560 E2118.8073
;WIDTH:0.374
G1 X149.560 Y149.400 E2118.8173
;WIDTH:0.320
G1 X149.560 Y100.600 E2120.6677
;WIDTH:0.374
G1 X149.400 Y100.440 E2120.6777
;WIDTH:0.320
G1 X100.600 Y100.440 E2122.5280
;WIDTH:0.374
;WIDTH:0.376
G1 X100.467 Y100.467 E2122.5341
G1 X100.440 Y100.600 E2122.5401
;PRINTING_TIME: 1222
;REMAINING_TIME: 1941
;LAYER:47
;Z:14.400
;HEIGHT:0.300
;FLOW:100.0
;PRINTING: 0.20mm-nozzle-0.40mm-walls-humebeam-flow-calibration-cube.st
;PRINTING_ID: 0
G1 F2400 E2119.5401
G1 F300 Z14.600
G0 F3900 X100.080 Y100.080
G0 F300 Z14.400
;TYPE:WALL-OUTER
;WIDTH:0.400
G1 F300 Z14.400
G1 F1500 E2122.5401
G1 F2034 X149.920 Y100.080 E2125.0266
G1 X149.920 Y149.920 E2127.5132
G1 X100.080 Y149.920 E2129.9997
G1 X100.080 Y100.080 E2132.4862
G1 F2400 E2129.4862
G1 F300 Z14.600
G0 F3900 X100.800 Y100.800
G1 F300 Z14.400
G1 F1500 E2132.4862
G1 F2034 X100.800 Y149.200 E2134.9009
G1 X149.200 Y149.200 E2137.3156
G1 X149.200 Y100.800 E2139.7303
G1 X100.800 Y100.800 E2142.1450
G0 F3900 X100.440 Y100.600
;TYPE:GAP-FILL
;WIDTH:0.320
;FLOW:95.0
G1 F3487 X100.440 Y149.400 E2143.9953
;WIDTH:0.374
G1 X100.600 Y149.560 E2144.0053
;WIDTH:0.320
G1 X149.400 Y149.560 E2145.8557
;WIDTH:0.374
G1 X149.560 Y149.400 E2145.8657
;WIDTH:0.320
G1 X149.560 Y100.600 E2147.7160
;WIDTH:0.374
G1 X149.400 Y100.440 E2147.7260
;WIDTH:0.320
G1 X100.600 Y100.440 E2149.5764
;WIDTH:0.374
;WIDTH:0.376
G1 X100.467 Y100.467 E2149.5824
G1 X100.440 Y100.600 E2149.5885
;PRINTING_TIME: 1239
;REMAINING_TIME: 1925
;LAYER:48
;Z:14.700
;HEIGHT:0.300
;FLOW:100.0
;PRINTING: 0.20mm-nozzle-0.40mm-walls-humebeam-flow-calibration-cube.st
;PRINTING_ID: 0
G1 F2400 E2146.5885
G1 F300 Z14.900
G0 F3900 X100.080 Y100.080
G0 F300 Z14.700
;TYPE:WALL-OUTER
;WIDTH:0.400
G1 F300 Z14.700
G1 F1500 E2149.5885
G1 F2034 X149.920 Y100.080 E2152.0750
G1 X149.920 Y149.920 E2154.5615
G1 X100.080 Y149.920 E2157.0480
G1 X100.080 Y100.080 E2159.5346
G1 F2400 E2156.5346
G1 F300 Z14.900
G0 F3900 X100.800 Y100.800
G1 F300 Z14.700
G1 F1500 E2159.5346
G1 F2034 X100.800 Y149.200 E2161.9493
G1 X149.200 Y149.200 E2164.3639
G1 X149.200 Y100.800 E2166.7786
G1 X100.800 Y100.800 E2169.1933
G0 F3900 X100.440 Y100.600
;TYPE:GAP-FILL
;WIDTH:0.320
;FLOW:95.0
G1 F3487 X100.440 Y149.400 E2171.0436
;WIDTH:0.374
G1 X100.600 Y149.560 E2171.0537
;WIDTH:0.320
G1 X149.400 Y149.560 E2172.9040
;WIDTH:0.374
G1 X149.560 Y149.400 E2172.9140
;WIDTH:0.320
G1 X149.560 Y100.600 E2174.7643
;WIDTH:0.374
G1 X149.400 Y100.440 E2174.7744
;WIDTH:0.320
G1 X100.600 Y100.440 E2176.6247
;WIDTH:0.374
;WIDTH:0.376
G1 X100.467 Y100.467 E2176.6307
G1 X100.440 Y100.600 E2176.6368
;PRINTING_TIME: 1255
;REMAINING_TIME: 1909
;LAYER:49
;Z:15.000
;HEIGHT:0.300
;FLOW:100.0
;PRINTING: 0.20mm-nozzle-0.40mm-walls-humebeam-flow-calibration-cube.st
;PRINTING_ID: 0
G1 F2400 E2173.6368
G1 F300 Z15.200
G0 F3900 X100.080 Y100.080
G0 F300 Z15.000
;TYPE:WALL-OUTER
;WIDTH:0.400
G1 F300 Z15.000
G1 F1500 E2176.6368
G1 F2034 X149.920 Y100.080 E2179.1233
G1 X149.920 Y149.920 E2181.6098
G1 X100.080 Y149.920 E2184.0964
G1 X100.080 Y100.080 E2186.5829
G1 F2400 E2183.5829
G1 F300 Z15.200
G0 F3900 X100.800 Y100.800
G1 F300 Z15.000
G1 F1500 E2186.5829
G1 F2034 X100.800 Y149.200 E2188.9976
G1 X149.200 Y149.200 E2191.4123
G1 X149.200 Y100.800 E2193.8270
G1 X100.800 Y100.800 E2196.2416
G0 F3900 X100.440 Y100.600
;TYPE:GAP-FILL
;WIDTH:0.320
;FLOW:95.0
G1 F3487 X100.440 Y149.400 E2198.0920
;WIDTH:0.374
G1 X100.600 Y149.560 E2198.1020
;WIDTH:0.320
G1 X149.400 Y149.560 E2199.9523
;WIDTH:0.374
G1 X149.560 Y149.400 E2199.9624
;WIDTH:0.320
G1 X149.560 Y100.600 E2201.8127
;WIDTH:0.374
G1 X149.400 Y100.440 E2201.8227
;WIDTH:0.320
G1 X100.600 Y100.440 E2203.6730
;WIDTH:0.374
;WIDTH:0.376
G1 X100.467 Y100.467 E2203.6791
G1 X100.440 Y100.600 E2203.6851
;PRINTING_TIME: 1271
;REMAINING_TIME: 1893
;LAYER:50
;Z:15.300
;HEIGHT:0.300
;FLOW:100.0
;PRINTING: 0.20mm-nozzle-0.40mm-walls-humebeam-flow-calibration-cube.st
;PRINTING_ID: 0
G1 F2400 E2200.6851
G1 F300 Z15.500
G0 F3900 X100.080 Y100.080
G0 F300 Z15.300
;TYPE:WALL-OUTER
;WIDTH:0.400
G1 F300 Z15.300
G1 F1500 E2203.6851
G1 F2034 X149.920 Y100.080 E2206.1717
G1 X149.920 Y149.920 E2208.6582
G1 X100.080 Y149.920 E2211.1447
G1 X100.080 Y100.080 E2213.6312
G1 F2400 E2210.6312
G1 F300 Z15.500
G0 F3900 X100.800 Y100.800
G1 F300 Z15.300
G1 F1500 E2213.6312
G1 F2034 X100.800 Y149.200 E2216.0459
G1 X149.200 Y149.200 E2218.4606
G1 X149.200 Y100.800 E2220.8753
G1 X100.800 Y100.800 E2223.2900
G0 F3900 X100.440 Y100.600
;TYPE:GAP-FILL
;WIDTH:0.320
;FLOW:95.0
G1 F3487 X100.440 Y149.400 E2225.1403
;WIDTH:0.374
G1 X100.600 Y149.560 E2225.1503
;WIDTH:0.320
G1 X149.400 Y149.560 E2227.0007
;WIDTH:0.374
G1 X149.560 Y149.400 E2227.0107
;WIDTH:0.320
G1 X149.560 Y100.600 E2228.8610
;WIDTH:0.374
G1 X149.400 Y100.440 E2228.8711
;WIDTH:0.320
G1 X100.600 Y100.440 E2230.7214
;WIDTH:0.374
;WIDTH:0.376
G1 X100.467 Y100.467 E2230.7274
G1 X100.440 Y100.600 E2230.7335
;PRINTING_TIME: 1287
;REMAINING_TIME: 1876
;LAYER:51
;Z:15.600
;HEIGHT:0.300
;FLOW:100.0
;PRINTING: 0.20mm-nozzle-0.40mm-walls-humebeam-flow-calibration-cube.st
;PRINTING_ID: 0
G1 F2400 E2227.7335
G1 F300 Z15.800
G0 F3900 X100.080 Y100.080
G0 F300 Z15.600
;TYPE:WALL-OUTER
;WIDTH:0.400
G1 F300 Z15.600
G1 F1500 E2230.7335
G1 F2034 X149.920 Y100.080 E2233.2200
G1 X149.920 Y149.920 E2235.7065
G1 X100.080 Y149.920 E2238.1931
G1 X100.080 Y100.080 E2240.6796
G1 F2400 E2237.6796
G1 F300 Z15.800
G0 F3900 X100.800 Y100.800
G1 F300 Z15.600
G1 F1500 E2240.6796
G1 F2034 X100.800 Y149.200 E2243.0943
G1 X149.200 Y149.200 E2245.5090
G1 X149.200 Y100.800 E2247.9236
G1 X100.800 Y100.800 E2250.3383
G0 F3900 X100.440 Y100.600
;TYPE:GAP-FILL
;WIDTH:0.320
;FLOW:95.0
G1 F3487 X100.440 Y149.400 E2252.1887
;WIDTH:0.374
G1 X100.600 Y149.560 E2252.1987
;WIDTH:0.320
G1 X149.400 Y149.560 E2254.0490
;WIDTH:0.374
G1 X149.560 Y149.400 E2254.0590
;WIDTH:0.320
G1 X149.560 Y100.600 E2255.9094
;WIDTH:0.374
G1 X149.400 Y100.440 E2255.9194
;WIDTH:0.320
G1 X100.600 Y100.440 E2257.7697
;WIDTH:0.374
;WIDTH:0.376
G1 X100.467 Y100.467 E2257.7758
G1 X100.440 Y100.600 E2257.7818
;PRINTING_TIME: 1304
;REMAINING_TIME: 1860
;LAYER:52
;Z:15.900
;HEIGHT:0.300
;FLOW:100.0
;PRINTING: 0.20mm-nozzle-0.40mm-walls-humebeam-flow-calibration-cube.st
;PRINTING_ID: 0
G1 F2400 E2254.7818
G1 F300 Z16.100
G0 F3900 X100.080 Y100.080
G0 F300 Z15.900
;TYPE:WALL-OUTER
;WIDTH:0.400
G1 F300 Z15.900
G1 F1500 E2257.7818
G1 F2034 X149.920 Y100.080 E2260.2683
G1 X149.920 Y149.920 E2262.7549
G1 X100.080 Y149.920 E2265.2414
G1 X100.080 Y100.080 E2267.7279
G1 F2400 E2264.7279
G1 F300 Z16.100
G0 F3900 X100.800 Y100.800
G1 F300 Z15.900
G1 F1500 E2267.7279
G1 F2034 X100.800 Y149.200 E2270.1426
G1 X149.200 Y149.200 E2272.5573
G1 X149.200 Y100.800 E2274.9720
G1 X100.800 Y100.800 E2277.3867
G0 F3900 X100.440 Y100.600
;TYPE:GAP-FILL
;WIDTH:0.320
;FLOW:95.0
G1 F3487 X100.440 Y149.400 E2279.2370
;WIDTH:0.374
G1 X100.600 Y149.560 E2279.2470
;WIDTH:0.320
G1 X149.400 Y149.560 E2281.0974
;WIDTH:0.374
G1 X149.560 Y149.400 E2281.1074
;WIDTH:0.320
G1 X149.560 Y100.600 E2282.9577
;WIDTH:0.374
G1 X149.400 Y100.440 E2282.9677
;WIDTH:0.320
G1 X100.600 Y100.440 E2284.8181
;WIDTH:0.374
;WIDTH:0.376
G1 X100.467 Y100.467 E2284.8241
G1 X100.440 Y100.600 E2284.8302
;PRINTING_TIME: 1320
;REMAINING_TIME: 1844
;LAYER:53
;Z:16.200
;HEIGHT:0.300
;FLOW:100.0
;PRINTING: 0.20mm-nozzle-0.40mm-walls-humebeam-flow-calibration-cube.st
;PRINTING_ID: 0
G1 F2400 E2281.8302
G1 F300 Z16.400
G0 F3900 X100.080 Y100.080
G0 F300 Z16.200
;TYPE:WALL-OUTER
;WIDTH:0.400
G1 F300 Z16.200
G1 F1500 E2284.8302
G1 F2034 X149.920 Y100.080 E2287.3167
G1 X149.920 Y149.920 E2289.8032
G1 X100.080 Y149.920 E2292.2897
G1 X100.080 Y100.080 E2294.7763
G1 F2400 E2291.7763
G1 F300 Z16.400
G0 F3900 X100.800 Y100.800
G1 F300 Z16.200
G1 F1500 E2294.7763
G1 F2034 X100.800 Y149.200 E2297.1909
G1 X149.200 Y149.200 E2299.6056
G1 X149.200 Y100.800 E2302.0203
G1 X100.800 Y100.800 E2304.4350
G0 F3900 X100.440 Y100.600
;TYPE:GAP-FILL
;WIDTH:0.320
;FLOW:95.0
G1 F3487 X100.440 Y149.400 E2306.2853
;WIDTH:0.374
G1 X100.600 Y149.560 E2306.2954
;WIDTH:0.320
G1 X149.400 Y149.560 E2308.1457
;WIDTH:0.374
G1 X149.560 Y149.400 E2308.1557
;WIDTH:0.320
G1 X149.560 Y100.600 E2310.0060
;WIDTH:0.374
G1 X149.400 Y100.440 E2310.0161
;WIDTH:0.320
G1 X100.600 Y100.440 E2311.8664
;WIDTH:0.374
;WIDTH:0.376
G1 X100.467 Y100.467 E2311.8724
G1 X100.440 Y100.600 E2311.8785
;PRINTING_TIME: 1336
;REMAINING_TIME: 1828
;LAYER:54
;Z:16.500
;HEIGHT:0.300
;FLOW:100.0
;PRINTING: 0.20mm-nozzle-0.40mm-walls-humebeam-flow-calibration-cube.st
;PRINTING_ID: 0
G1 F2400 E2308.8785
G1 F300 Z16.700
G0 F3900 X100.080 Y100.080
G0 F300 Z16.500
;TYPE:WALL-OUTER
;WIDTH:0.400
G1 F300 Z16.500
G1 F1500 E2311.8785
G1 F2034 X149.920 Y100.080 E2314.3650
G1 X149.920 Y149.920 E2316.8515
G1 X100.080 Y149.920 E2319.3381
G1 X100.080 Y100.080 E2321.8246
G1 F2400 E2318.8246
G1 F300 Z16.700
G0 F3900 X100.800 Y100.800
G1 F300 Z16.500
G1 F1500 E2321.8246
G1 F2034 X100.800 Y149.200 E2324.2393
G1 X149.200 Y149.200 E2326.6540
G1 X149.200 Y100.800 E2329.0687
G1 X100.800 Y100.800 E2331.4833
G0 F3900 X100.440 Y100.600
;TYPE:GAP-FILL
;WIDTH:0.320
;FLOW:95.0
G1 F3487 X100.440 Y149.400 E2333.3337
;WIDTH:0.374
G1 X100.600 Y149.560 E2333.3437
;WIDTH:0.320
G1 X149.400 Y149.560 E2335.1940
;WIDTH:0.374
G1 X149.560 Y149.400 E2335.2041
;WIDTH:0.320
G1 X149.560 Y100.600 E2337.0544
;WIDTH:0.374
G1 X149.400 Y100.440 E2337.0644
;WIDTH:0.320
G1 X100.600 Y100.440 E2338.9147
;WIDTH:0.374
;WIDTH:0.376
G1 X100.467 Y100.467 E2338.9208
G1 X100.440 Y100.600 E2338.9268
;PRINTING_TIME: 1352
;REMAINING_TIME: 1811
;LAYER:55
;Z:16.800
;HEIGHT:0.300
;FLOW:100.0
;PRINTING: 0.20mm-nozzle-0.40mm-walls-humebeam-flow-calibration-cube.st
;PRINTING_ID: 0
G1 F2400 E2335.9268
G1 F300 Z17.000
G0 F3900 X100.080 Y100.080
G0 F300 Z16.800
;TYPE:WALL-OUTER
;WIDTH:0.400
G1 F300 Z16.800
G1 F1500 E2338.9268
G1 F2034 X149.920 Y100.080 E2341.4134
G1 X149.920 Y149.920 E2343.8999
G1 X100.080 Y149.920 E2346.3864
G1 X100.080 Y100.080 E2348.8729
G1 F2400 E2345.8729
G1 F300 Z17.000
G0 F3900 X100.800 Y100.800
G1 F300 Z16.800
G1 F1500 E2348.8729
G1 F2034 X100.800 Y149.200 E2351.2876
G1 X149.200 Y149.200 E2353.7023
G1 X149.200 Y100.800 E2356.1170
G1 X100.800 Y100.800 E2358.5317
G0 F3900 X100.440 Y100.600
;TYPE:GAP-FILL
;WIDTH:0.320
;FLOW:95.0
G1 F3487 X100.440 Y149.400 E2360.3820
;WIDTH:0.374
G1 X100.600 Y149.560 E2360.3920
;WIDTH:0.320
G1 X149.400 Y149.560 E2362.2424
;WIDTH:0.374
G1 X149.560 Y149.400 E2362.2524
;WIDTH:0.320
G1 X149.560 Y100.600 E2364.1027
;WIDTH:0.374
G1 X149.400 Y100.440 E2364.1128
;WIDTH:0.320
G1 X100.600 Y100.440 E2365.9631
;WIDTH:0.374
;WIDTH:0.376
G1 X100.467 Y100.467 E2365.9691
G1 X100.440 Y100.600 E2365.9752
;PRINTING_TIME: 1369
;REMAINING_TIME: 1795
;LAYER:56
;Z:17.100
;HEIGHT:0.300
;FLOW:100.0
;PRINTING: 0.20mm-nozzle-0.40mm-walls-humebeam-flow-calibration-cube.st
;PRINTING_ID: 0
G1 F2400 E2362.9752
G1 F300 Z17.300
G0 F3900 X100.080 Y100.080
G0 F300 Z17.100
;TYPE:WALL-OUTER
;WIDTH:0.400
G1 F300 Z17.100
G1 F1500 E2365.9752
G1 F2034 X149.920 Y100.080 E2368.4617
G1 X149.920 Y149.920 E2370.9482
G1 X100.080 Y149.920 E2373.4348
G1 X100.080 Y100.080 E2375.9213
G1 F2400 E2372.9213
G1 F300 Z17.300
G0 F3900 X100.800 Y100.800
G1 F300 Z17.100
G1 F1500 E2375.9213
G1 F2034 X100.800 Y149.200 E2378.3360
G1 X149.200 Y149.200 E2380.7507
G1 X149.200 Y100.800 E2383.1653
G1 X100.800 Y100.800 E2385.5800
G0 F3900 X100.440 Y100.600
;TYPE:GAP-FILL
;WIDTH:0.320
;FLOW:95.0
G1 F3487 X100.440 Y149.400 E2387.4304
;WIDTH:0.374
G1 X100.600 Y149.560 E2387.4404
;WIDTH:0.320
G1 X149.400 Y149.560 E2389.2907
;WIDTH:0.374
G1 X149.560 Y149.400 E2389.3007
;WIDTH:0.320
G1 X149.560 Y100.600 E2391.1511
;WIDTH:0.374
G1 X149.400 Y100.440 E2391.1611
;WIDTH:0.320
G1 X100.600 Y100.440 E2393.0114
;WIDTH:0.374
;WIDTH:0.376
G1 X100.467 Y100.467 E2393.0175
G1 X100.440 Y100.600 E2393.0235
;PRINTING_TIME: 1385
;REMAINING_TIME: 1779
;LAYER:57
;Z:17.400
;HEIGHT:0.300
;FLOW:100.0
;PRINTING: 0.20mm-nozzle-0.40mm-walls-humebeam-flow-calibration-cube.st
;PRINTING_ID: 0
G1 F2400 E2390.0235
G1 F300 Z17.600
G0 F3900 X100.080 Y100.080
G0 F300 Z17.400
;TYPE:WALL-OUTER
;WIDTH:0.400
G1 F300 Z17.400
G1 F1500 E2393.0235
G1 F2034 X149.920 Y100.080 E2395.5100
G1 X149.920 Y149.920 E2397.9966
G1 X100.080 Y149.920 E2400.4831
G1 X100.080 Y100.080 E2402.9696
G1 F2400 E2399.9696
G1 F300 Z17.600
G0 F3900 X100.800 Y100.800
G1 F300 Z17.400
G1 F1500 E2402.9696
G1 F2034 X100.800 Y149.200 E2405.3843
G1 X149.200 Y149.200 E2407.7990
G1 X149.200 Y100.800 E2410.2137
G1 X100.800 Y100.800 E2412.6284
G0 F3900 X100.440 Y100.600
;TYPE:GAP-FILL
;WIDTH:0.320
;FLOW:95.0
G1 F3487 X100.440 Y149.400 E2414.4787
;WIDTH:0.374
G1 X100.600 Y149.560 E2414.4887
;WIDTH:0.320
G1 X149.400 Y149.560 E2416.3390
;WIDTH:0.374
G1 X149.560 Y149.400 E2416.3491
;WIDTH:0.320
G1 X149.560 Y100.600 E2418.1994
;WIDTH:0.374
G1 X149.400 Y100.440 E2418.2094
;WIDTH:0.320
G1 X100.600 Y100.440 E2420.0598
;WIDTH:0.374
;WIDTH:0.376
G1 X100.467 Y100.467 E2420.0658
G1 X100.440 Y100.600 E2420.0719
;PRINTING_TIME: 1401
;REMAINING_TIME: 1763
;LAYER:58
;Z:17.700
;HEIGHT:0.300
;FLOW:100.0
;PRINTING: 0.20mm-nozzle-0.40mm-walls-humebeam-flow-calibration-cube.st
;PRINTING_ID: 0
G1 F2400 E2417.0719
G1 F300 Z17.900
G0 F3900 X100.080 Y100.080
G0 F300 Z17.700
;TYPE:WALL-OUTER
;WIDTH:0.400
G1 F300 Z17.700
G1 F1500 E2420.0719
G1 F2034 X149.920 Y100.080 E2422.5584
G1 X149.920 Y149.920 E2425.0449
G1 X100.080 Y149.920 E2427.5314
G1 X100.080 Y100.080 E2430.0180
G1 F2400 E2427.0180
G1 F300 Z17.900
G0 F3900 X100.800 Y100.800
G1 F300 Z17.700
G1 F1500 E2430.0180
G1 F2034 X100.800 Y149.200 E2432.4326
G1 X149.200 Y149.200 E2434.8473
G1 X149.200 Y100.800 E2437.2620
G1 X100.800 Y100.800 E2439.6767
G0 F3900 X100.440 Y100.600
;TYPE:GAP-FILL
;WIDTH:0.320
;FLOW:95.0
G1 F3487 X100.440 Y149.400 E2441.5270
;WIDTH:0.374
G1 X100.600 Y149.560 E2441.5371
;WIDTH:0.320
G1 X149.400 Y149.560 E2443.3874
;WIDTH:0.374
G1 X149.560 Y149.400 E2443.3974
;WIDTH:0.320
G1 X149.560 Y100.600 E2445.2477
;WIDTH:0.374
G1 X149.400 Y100.440 E2445.2578
;WIDTH:0.320
G1 X100.600 Y100.440 E2447.1081
;WIDTH:0.374
;WIDTH:0.376
G1 X100.467 Y100.467 E2447.1141
G1 X100.440 Y100.600 E2447.1202
;PRINTING_TIME: 1417
;REMAINING_TIME: 1747
;LAYER:59
;Z:18.000
;HEIGHT:0.300
;FLOW:100.0
;PRINTING: 0.20mm-nozzle-0.40mm-walls-humebeam-flow-calibration-cube.st
;PRINTING_ID: 0
G1 F2400 E2444.1202
G1 F300 Z18.200
G0 F3900 X100.080 Y100.080
G0 F300 Z18.000
;TYPE:WALL-OUTER
;WIDTH:0.400
G1 F300 Z18.000
G1 F1500 E2447.1202
G1 F2034 X149.920 Y100.080 E2449.6067
G1 X149.920 Y149.920 E2452.0932
G1 X100.080 Y149.920 E2454.5798
G1 X100.080 Y100.080 E2457.0663
G1 F2400 E2454.0663
G1 F300 Z18.200
G0 F3900 X100.800 Y100.800
G1 F300 Z18.000
G1 F1500 E2457.0663
G1 F2034 X100.800 Y149.200 E2459.4810
G1 X149.200 Y149.200 E2461.8957
G1 X149.200 Y100.800 E2464.3104
G1 X100.800 Y100.800 E2466.7250
G0 F3900 X100.440 Y100.600
;TYPE:GAP-FILL
;WIDTH:0.320
;FLOW:95.0
G1 F3487 X100.440 Y149.400 E2468.5754
;WIDTH:0.374
G1 X100.600 Y149.560 E2468.5854
;WIDTH:0.320
G1 X149.400 Y149.560 E2470.4357
;WIDTH:0.374
G1 X149.560 Y149.400 E2470.4458
;WIDTH:0.320
G1 X149.560 Y100.600 E2472.2961
;WIDTH:0.374
G1 X149.400 Y100.440 E2472.3061
;WIDTH:0.320
G1 X100.600 Y100.440 E2474.1564
;WIDTH:0.374
;WIDTH:0.376
G1 X100.467 Y100.467 E2474.1625
G1 X100.440 Y100.600 E2474.1685
;PRINTING_TIME: 1433
;REMAINING_TIME: 1730
;LAYER:60
;Z:18.300
;HEIGHT:0.300
;FLOW:100.0
;PRINTING: 0.20mm-nozzle-0.40mm-walls-humebeam-flow-calibration-cube.st
;PRINTING_ID: 0
G1 F2400 E2471.1685
G1 F300 Z18.500
G0 F3900 X100.080 Y100.080
G0 F300 Z18.300
;TYPE:WALL-OUTER
;WIDTH:0.400
G1 F300 Z18.300
G1 F1500 E2474.1685
G1 F2034 X149.920 Y100.080 E2476.6551
G1 X149.920 Y149.920 E2479.1416
G1 X100.080 Y149.920 E2481.6281
G1 X100.080 Y100.080 E2484.1146
G1 F2400 E2481.1146
G1 F300 Z18.500
G0 F3900 X100.800 Y100.800
G1 F300 Z18.300
G1 F1500 E2484.1146
G1 F2034 X100.800 Y149.200 E2486.5293
G1 X149.200 Y149.200 E2488.9440
G1 X149.200 Y100.800 E2491.3587
G1 X100.800 Y100.800 E2493.7734
G0 F3900 X100.440 Y100.600
;TYPE:GAP-FILL
;WIDTH:0.320
;FLOW:95.0
G1 F3487 X100.440 Y149.400 E2495.6237
;WIDTH:0.374
G1 X100.600 Y149.560 E2495.6337
;WIDTH:0.320
G1 X149.400 Y149.560 E2497.4841
;WIDTH:0.374
G1 X149.560 Y149.400 E2497.4941
;WIDTH:0.320
G1 X149.560 Y100.600 E2499.3444
;WIDTH:0.374
G1 X149.400 Y100.440 E2499.3545
;WIDTH:0.320
G1 X100.600 Y100.440 E2501.2048
;WIDTH:0.374
;WIDTH:0.376
G1 X100.467 Y100.467 E2501.2108
G1 X100.440 Y100.600 E2501.2169
;PRINTING_TIME: 1450
;REMAINING_TIME: 1714
;LAYER:61
;Z:18.600
;HEIGHT:0.300
;FLOW:100.0
;PRINTING: 0.20mm-nozzle-0.40mm-walls-humebeam-flow-calibration-cube.st
;PRINTING_ID: 0
G1 F2400 E2498.2169
G1 F300 Z18.800
G0 F3900 X100.080 Y100.080
G0 F300 Z18.600
;TYPE:WALL-OUTER
;WIDTH:0.400
G1 F300 Z18.600
G1 F1500 E2501.2169
G1 F2034 X149.920 Y100.080 E2503.7034
G1 X149.920 Y149.920 E2506.1899
G1 X100.080 Y149.920 E2508.6765
G1 X100.080 Y100.080 E2511.1630
G1 F2400 E2508.1630
G1 F300 Z18.800
G0 F3900 X100.800 Y100.800
G1 F300 Z18.600
G1 F1500 E2511.1630
G1 F2034 X100.800 Y149.200 E2513.5777
G1 X149.200 Y149.200 E2515.9924
G1 X149.200 Y100.800 E2518.4070
G1 X100.800 Y100.800 E2520.8217
G0 F3900 X100.440 Y100.600
;TYPE:GAP-FILL
;WIDTH:0.320
;FLOW:95.0
G1 F3487 X100.440 Y149.400 E2522.6721
;WIDTH:0.374
G1 X100.600 Y149.560 E2522.6821
;WIDTH:0.320
G1 X149.400 Y149.560 E2524.5324
;WIDTH:0.374
G1 X149.560 Y149.400 E2524.5424
;WIDTH:0.320
G1 X149.560 Y100.600 E2526.3928
;WIDTH:0.374
G1 X149.400 Y100.440 E2526.4028
;WIDTH:0.320
G1 X100.600 Y100.440 E2528.2531
;WIDTH:0.374
;WIDTH:0.376
G1 X100.467 Y100.467 E2528.2592
G1 X100.440 Y100.600 E2528.2652
;PRINTING_TIME: 1466
;REMAINING_TIME: 1698
;LAYER:62
;Z:18.900
;HEIGHT:0.300
;FLOW:100.0
;PRINTING: 0.20mm-nozzle-0.40mm-walls-humebeam-flow-calibration-cube.st
;PRINTING_ID: 0
G1 F2400 E2525.2652
G1 F300 Z19.100
G0 F3900 X100.080 Y100.080
G0 F300 Z18.900
;TYPE:WALL-OUTER
;WIDTH:0.400
G1 F300 Z18.900
G1 F1500 E2528.2652
G1 F2034 X149.920 Y100.080 E2530.7517
G1 X149.920 Y149.920 E2533.2383
G1 X100.080 Y149.920 E2535.7248
G1 X100.080 Y100.080 E2538.2113
G1 F2400 E2535.2113
G1 F300 Z19.100
G0 F3900 X100.800 Y100.800
G1 F300 Z18.900
G1 F1500 E2538.2113
G1 F2034 X100.800 Y149.200 E2540.6260
G1 X149.200 Y149.200 E2543.0407
G1 X149.200 Y100.800 E2545.4554
G1 X100.800 Y100.800 E2547.8701
G0 F3900 X100.440 Y100.600
;TYPE:GAP-FILL
;WIDTH:0.320
;FLOW:95.0
G1 F3487 X100.440 Y149.400 E2549.7204
;WIDTH:0.374
G1 X100.600 Y149.560 E2549.7304
;WIDTH:0.320
G1 X149.400 Y149.560 E2551.5807
;WIDTH:0.374
G1 X149.560 Y149.400 E2551.5908
;WIDTH:0.320
G1 X149.560 Y100.600 E2553.4411
;WIDTH:0.374
G1 X149.400 Y100.440 E2553.4511
;WIDTH:0.320
G1 X100.600 Y100.440 E2555.3015
;WIDTH:0.374
;WIDTH:0.376
G1 X100.467 Y100.467 E2555.3075
G1 X100.440 Y100.600 E2555.3136
;PRINTING_TIME: 1482
;REMAINING_TIME: 1682
;LAYER:63
;Z:19.200
;HEIGHT:0.300
;FLOW:100.0
;PRINTING: 0.20mm-nozzle-0.40mm-walls-humebeam-flow-calibration-cube.st
;PRINTING_ID: 0
G1 F2400 E2552.3136
G1 F300 Z19.400
G0 F3900 X100.080 Y100.080
G0 F300 Z19.200
;TYPE:WALL-OUTER
;WIDTH:0.400
G1 F300 Z19.200
G1 F1500 E2555.3136
G1 F2034 X149.920 Y100.080 E2557.8001
G1 X149.920 Y149.920 E2560.2866
G1 X100.080 Y149.920 E2562.7731
G1 X100.080 Y100.080 E2565.2597
G1 F2400 E2562.2597
G1 F300 Z19.400
G0 F3900 X100.800 Y100.800
G1 F300 Z19.200
G1 F1500 E2565.2597
G1 F2034 X100.800 Y149.200 E2567.6743
G1 X149.200 Y149.200 E2570.0890
G1 X149.200 Y100.800 E2572.5037
G1 X100.800 Y100.800 E2574.9184
G0 F3900 X100.440 Y100.600
;TYPE:GAP-FILL
;WIDTH:0.320
;FLOW:95.0
G1 F3487 X100.440 Y149.400 E2576.7687
;WIDTH:0.374
G1 X100.600 Y149.560 E2576.7788
;WIDTH:0.320
G1 X149.400 Y149.560 E2578.6291
;WIDTH:0.374
G1 X149.560 Y149.400 E2578.6391
;WIDTH:0.320
G1 X149.560 Y100.600 E2580.4894
;WIDTH:0.374
G1 X149.400 Y100.440 E2580.4995
;WIDTH:0.320
G1 X100.600 Y100.440 E2582.3498
;WIDTH:0.374
;WIDTH:0.376
G1 X100.467 Y100.467 E2582.3558
G1 X100.440 Y100.600 E2582.3619
;PRINTING_TIME: 1498
;REMAINING_TIME: 1665
;LAYER:64
;Z:19.500
;HEIGHT:0.300
;FLOW:100.0
;PRINTING: 0.20mm-nozzle-0.40mm-walls-humebeam-flow-calibration-cube.st
;PRINTING_ID: 0
G1 F2400 E2579.3619
G1 F300 Z19.700
G0 F3900 X100.080 Y100.080
G0 F300 Z19.500
;TYPE:WALL-OUTER
;WIDTH:0.400
G1 F300 Z19.500
G1 F1500 E2582.3619
G1 F2034 X149.920 Y100.080 E2584.8484
G1 X149.920 Y149.920 E2587.3349
G1 X100.080 Y149.920 E2589.8215
G1 X100.080 Y100.080 E2592.3080
G1 F2400 E2589.3080
G1 F300 Z19.700
G0 F3900 X100.800 Y100.800
G1 F300 Z19.500
G1 F1500 E2592.3080
G1 F2034 X100.800 Y149.200 E2594.7227
G1 X149.200 Y149.200 E2597.1374
G1 X149.200 Y100.800 E2599.5521
G1 X100.800 Y100.800 E2601.9667
G0 F3900 X100.440 Y100.600
;TYPE:GAP-FILL
;WIDTH:0.320
;FLOW:95.0
G1 F3487 X100.440 Y149.400 E2603.8171
;WIDTH:0.374
G1 X100.600 Y149.560 E2603.8271
;WIDTH:0.320
G1 X149.400 Y149.560 E2605.6774
;WIDTH:0.374
G1 X149.560 Y149.400 E2605.6875
;WIDTH:0.320
G1 X149.560 Y100.600 E2607.5378
;WIDTH:0.374
G1 X149.400 Y100.440 E2607.5478
;WIDTH:0.320
G1 X100.600 Y100.440 E2609.3981
;WIDTH:0.374
;WIDTH:0.376
G1 X100.467 Y100.467 E2609.4042
G1 X100.440 Y100.600 E2609.4102
;PRINTING_TIME: 1515
;REMAINING_TIME: 1649
;LAYER:65
;Z:19.800
;HEIGHT:0.300
;FLOW:100.0
;PRINTING: 0.20mm-nozzle-0.40mm-walls-humebeam-flow-calibration-cube.st
;PRINTING_ID: 0
G1 F2400 E2606.4102
G1 F300 Z20.000
G0 F3900 X100.080 Y100.080
G0 F300 Z19.800
;TYPE:WALL-OUTER
;WIDTH:0.400
G1 F300 Z19.800
G1 F1500 E2609.4102
G1 F2034 X149.920 Y100.080 E2611.8968
G1 X149.920 Y149.920 E2614.3833
G1 X100.080 Y149.920 E2616.8698
G1 X100.080 Y100.080 E2619.3563
G1 F2400 E2616.3563
G1 F300 Z20.000
G0 F3900 X100.800 Y100.800
G1 F300 Z19.800
G1 F1500 E2619.3563
G1 F2034 X100.800 Y149.200 E2621.7710
G1 X149.200 Y149.200 E2624.1857
G1 X149.200 Y100.800 E2626.6004
G1 X100.800 Y100.800 E2629.0151
G0 F3900 X100.440 Y100.600
;TYPE:GAP-FILL
;WIDTH:0.320
;FLOW:95.0
G1 F3487 X100.440 Y149.400 E2630.8654
;WIDTH:0.374
G1 X100.600 Y149.560 E2630.8754
;WIDTH:0.320
G1 X149.400 Y149.560 E2632.7258
;WIDTH:0.374
G1 X149.560 Y149.400 E2632.7358
;WIDTH:0.320
G1 X149.560 Y100.600 E2634.5861
;WIDTH:0.374
G1 X149.400 Y100.440 E2634.5962
;WIDTH:0.320
G1 X100.600 Y100.440 E2636.4465
;WIDTH:0.374
;WIDTH:0.376
G1 X100.467 Y100.467 E2636.4525
G1 X100.440 Y100.600 E2636.4586
;PRINTING_TIME: 1531
;REMAINING_TIME: 1633
;LAYER:66
;Z:20.100
;HEIGHT:0.300
;FLOW:100.0
;PRINTING: 0.20mm-nozzle-0.40mm-walls-humebeam-flow-calibration-cube.st
;PRINTING_ID: 0
G1 F2400 E2633.4586
G1 F300 Z20.300
G0 F3900 X100.080 Y100.080
G0 F300 Z20.100
;TYPE:WALL-OUTER
;WIDTH:0.400
G1 F300 Z20.100
G1 F1500 E2636.4586
G1 F2034 X149.920 Y100.080 E2638.9451
G1 X149.920 Y149.920 E2641.4316
G1 X100.080 Y149.920 E2643.9182
G1 X100.080 Y100.080 E2646.4047
G1 F2400 E2643.4047
G1 F300 Z20.300
G0 F3900 X100.800 Y100.800
G1 F300 Z20.100
G1 F1500 E2646.4047
G1 F2034 X100.800 Y149.200 E2648.8194
G1 X149.200 Y149.200 E2651.2341
G1 X149.200 Y100.800 E2653.6487
G1 X100.800 Y100.800 E2656.0634
G0 F3900 X100.440 Y100.600
;TYPE:GAP-FILL
;WIDTH:0.320
;FLOW:95.0
G1 F3487 X100.440 Y149.400 E2657.9138
;WIDTH:0.374
G1 X100.600 Y149.560 E2657.9238
;WIDTH:0.320
G1 X149.400 Y149.560 E2659.7741
;WIDTH:0.374
G1 X149.560 Y149.400 E2659.7841
;WIDTH:0.320
G1 X149.560 Y100.600 E2661.6345
;WIDTH:0.374
G1 X149.400 Y100.440 E2661.6445
;WIDTH:0.320
G1 X100.600 Y100.440 E2663.4948
;WIDTH:0.374
;WIDTH:0.376
G1 X100.467 Y100.467 E2663.5009
G1 X100.440 Y100.600 E2663.5069
;PRINTING_TIME: 1547
;REMAINING_TIME: 1617
;LAYER:67
;Z:20.400
;HEIGHT:0.300
;FLOW:100.0
;PRINTING: 0.20mm-nozzle-0.40mm-walls-humebeam-flow-calibration-cube.st
;PRINTING_ID: 0
G1 F2400 E2660.5069
G1 F300 Z20.600
G0 F3900 X100.080 Y100.080
G0 F300 Z20.400
;TYPE:WALL-OUTER
;WIDTH:0.400
G1 F300 Z20.400
G1 F1500 E2663.5069
G1 F2034 X149.920 Y100.080 E2665.9934
G1 X149.920 Y149.920 E2668.4800
G1 X100.080 Y149.920 E2670.9665
G1 X100.080 Y100.080 E2673.4530
G1 F2400 E2670.4530
G1 F300 Z20.600
G0 F3900 X100.800 Y100.800
G1 F300 Z20.400
G1 F1500 E2673.4530
G1 F2034 X100.800 Y149.200 E2675.8677
G1 X149.200 Y149.200 E2678.2824
G1 X149.200 Y100.800 E2680.6971
G1 X100.800 Y100.800 E2683.1118
G0 F3900 X100.440 Y100.600
;TYPE:GAP-FILL
;WIDTH:0.320
;FLOW:95.0
G1 F3487 X100.440 Y149.400 E2684.9621
;WIDTH:0.374
G1 X100.600 Y149.560 E2684.9721
;WIDTH:0.320
G1 X149.400 Y149.560 E2686.8224
;WIDTH:0.374
G1 X149.560 Y149.400 E2686.8325
;WIDTH:0.320
G1 X149.560 Y100.600 E2688.6828
;WIDTH:0.374
G1 X149.400 Y100.440 E2688.6928
;WIDTH:0.320
G1 X100.600 Y100.440 E2690.5432
;WIDTH:0.374
;WIDTH:0.376
G1 X100.467 Y100.467 E2690.5492
G1 X100.440 Y100.600 E2690.5553
;PRINTING_TIME: 1563
;REMAINING_TIME: 1600
;LAYER:68
;Z:20.700
;HEIGHT:0.300
;FLOW:100.0
;PRINTING: 0.20mm-nozzle-0.40mm-walls-humebeam-flow-calibration-cube.st
;PRINTING_ID: 0
G1 F2400 E2687.5553
G1 F300 Z20.900
G0 F3900 X100.080 Y100.080
G0 F300 Z20.700
;TYPE:WALL-OUTER
;WIDTH:0.400
G1 F300 Z20.700
G1 F1500 E2690.5553
G1 F2034 X149.920 Y100.080 E2693.0418
G1 X149.920 Y149.920 E2695.5283
G1 X100.080 Y149.920 E2698.0148
G1 X100.080 Y100.080 E2700.5014
G1 F2400 E2697.5014
G1 F300 Z20.900
G0 F3900 X100.800 Y100.800
G1 F300 Z20.700
G1 F1500 E2700.5014
G1 F2034 X100.800 Y149.200 E2702.9160
G1 X149.200 Y149.200 E2705.3307
G1 X149.200 Y100.800 E2707.7454
G1 X100.800 Y100.800 E2710.1601
G0 F3900 X100.440 Y100.600
;TYPE:GAP-FILL
;WIDTH:0.320
;FLOW:95.0
G1 F3487 X100.440 Y149.400 E2712.0104
;WIDTH:0.374
G1 X100.600 Y149.560 E2712.0205
;WIDTH:0.320
G1 X149.400 Y149.560 E2713.8708
;WIDTH:0.374
G1 X149.560 Y149.400 E2713.8808
;WIDTH:0.320
G1 X149.560 Y100.600 E2715.7311
;WIDTH:0.374
G1 X149.400 Y100.440 E2715.7412
;WIDTH:0.320
G1 X100.600 Y100.440 E2717.5915
;WIDTH:0.374
;WIDTH:0.376
G1 X100.467 Y100.467 E2717.5975
G1 X100.440 Y100.600 E2717.6036
;PRINTING_TIME: 1579
;REMAINING_TIME: 1584
;LAYER:69
;Z:21.000
;HEIGHT:0.300
;FLOW:100.0
;PRINTING: 0.20mm-nozzle-0.40mm-walls-humebeam-flow-calibration-cube.st
;PRINTING_ID: 0
G1 F2400 E2714.6036
G1 F300 Z21.200
G0 F3900 X100.080 Y100.080
G0 F300 Z21.000
;TYPE:WALL-OUTER
;WIDTH:0.400
G1 F300 Z21.000
G1 F1500 E2717.6036
G1 F2034 X149.920 Y100.080 E2720.0901
G1 X149.920 Y149.920 E2722.5766
G1 X100.080 Y149.920 E2725.0632
G1 X100.080 Y100.080 E2727.5497
G1 F2400 E2724.5497
G1 F300 Z21.200
G0 F3900 X100.800 Y100.800
G1 F300 Z21.000
G1 F1500 E2727.5497
G1 F2034 X100.800 Y149.200 E2729.9644
G1 X149.200 Y149.200 E2732.3791
G1 X149.200 Y100.800 E2734.7938
G1 X100.800 Y100.800 E2737.2084
G0 F3900 X100.440 Y100.600
;TYPE:GAP-FILL
;WIDTH:0.320
;FLOW:95.0
G1 F3487 X100.440 Y149.400 E2739.0588
;WIDTH:0.374
G1 X100.600 Y149.560 E2739.0688
;WIDTH:0.320
G1 X149.400 Y149.560 E2740.9191
;WIDTH:0.374
G1 X149.560 Y149.400 E2740.9292
;WIDTH:0.320
G1 X149.560 Y100.600 E2742.7795
;WIDTH:0.374
G1 X149.400 Y100.440 E2742.7895
;WIDTH:0.320
G1 X100.600 Y100.440 E2744.6398
;WIDTH:0.374
;WIDTH:0.376
G1 X100.467 Y100.467 E2744.6459
G1 X100.440 Y100.600 E2744.6519
;PRINTING_TIME: 1596
;REMAINING_TIME: 1568
;LAYER:70
;Z:21.300
;HEIGHT:0.300
;FLOW:100.0
;PRINTING: 0.20mm-nozzle-0.40mm-walls-humebeam-flow-calibration-cube.st
;PRINTING_ID: 0
G1 F2400 E2741.6519
G1 F300 Z21.500
G0 F3900 X100.080 Y100.080
G0 F300 Z21.300
;TYPE:WALL-OUTER
;WIDTH:0.400
G1 F300 Z21.300
G1 F1500 E2744.6519
G1 F2034 X149.920 Y100.080 E2747.1385
G1 X149.920 Y149.920 E2749.6250
G1 X100.080 Y149.920 E2752.1115
G1 X100.080 Y100.080 E2754.5980
G1 F2400 E2751.5980
G1 F300 Z21.500
G0 F3900 X100.800 Y100.800
G1 F300 Z21.300
G1 F1500 E2754.5980
G1 F2034 X100.800 Y149.200 E2757.0127
G1 X149.200 Y149.200 E2759.4274
G1 X149.200 Y100.800 E2761.8421
G1 X100.800 Y100.800 E2764.2568
G0 F3900 X100.440 Y100.600
;TYPE:GAP-FILL
;WIDTH:0.320
;FLOW:95.0
G1 F3487 X100.440 Y149.400 E2766.1071
;WIDTH:0.374
G1 X100.600 Y149.560 E2766.1171
;WIDTH:0.320
G1 X149.400 Y149.560 E2767.9675
;WIDTH:0.374
G1 X149.560 Y149.400 E2767.9775
;WIDTH:0.320
G1 X149.560 Y100.600 E2769.8278
;WIDTH:0.374
G1 X149.400 Y100.440 E2769.8379
;WIDTH:0.320
G1 X100.600 Y100.440 E2771.6882
;WIDTH:0.374
;WIDTH:0.376
G1 X100.467 Y100.467 E2771.6942
G1 X100.440 Y100.600 E2771.7003
;PRINTING_TIME: 1612
;REMAINING_TIME: 1552
;LAYER:71
;Z:21.600
;HEIGHT:0.300
;FLOW:100.0
;PRINTING: 0.20mm-nozzle-0.40mm-walls-humebeam-flow-calibration-cube.st
;PRINTING_ID: 0
G1 F2400 E2768.7003
G1 F300 Z21.800
G0 F3900 X100.080 Y100.080
G0 F300 Z21.600
;TYPE:WALL-OUTER
;WIDTH:0.400
G1 F300 Z21.600
G1 F1500 E2771.7003
G1 F2034 X149.920 Y100.080 E2774.1868
G1 X149.920 Y149.920 E2776.6733
G1 X100.080 Y149.920 E2779.1599
G1 X100.080 Y100.080 E2781.6464
G1 F2400 E2778.6464
G1 F300 Z21.800
G0 F3900 X100.800 Y100.800
G1 F300 Z21.600
G1 F1500 E2781.6464
G1 F2034 X100.800 Y149.200 E2784.0611
G1 X149.200 Y149.200 E2786.4758
G1 X149.200 Y100.800 E2788.8904
G1 X100.800 Y100.800 E2791.3051
G0 F3900 X100.440 Y100.600
;TYPE:GAP-FILL
;WIDTH:0.320
;FLOW:95.0
G1 F3487 X100.440 Y149.400 E2793.1555
;WIDTH:0.374
G1 X100.600 Y149.560 E2793.1655
;WIDTH:0.320
G1 X149.400 Y149.560 E2795.0158
;WIDTH:0.374
G1 X149.560 Y149.400 E2795.0258
;WIDTH:0.320
G1 X149.560 Y100.600 E2796.8762
;WIDTH:0.374
G1 X149.400 Y100.440 E2796.8862
;WIDTH:0.320
G1 X100.600 Y100.440 E2798.7365
;WIDTH:0.374
;WIDTH:0.376
G1 X100.467 Y100.467 E2798.7426
G1 X100.440 Y100.600 E2798.7486
;PRINTING_TIME: 1628
;REMAINING_TIME: 1536
;LAYER:72
;Z:21.900
;HEIGHT:0.300
;FLOW:100.0
;PRINTING: 0.20mm-nozzle-0.40mm-walls-humebeam-flow-calibration-cube.st
;PRINTING_ID: 0
G1 F2400 E2795.7486
G1 F300 Z22.100
G0 F3900 X100.080 Y100.080
G0 F300 Z21.900
;TYPE:WALL-OUTER
;WIDTH:0.400
G1 F300 Z21.900
G1 F1500 E2798.7486
G1 F2034 X149.920 Y100.080 E2801.2351
G1 X149.920 Y149.920 E2803.7217
G1 X100.080 Y149.920 E2806.2082
G1 X100.080 Y100.080 E2808.6947
G1 F2400 E2805.6947
G1 F300 Z22.100
G0 F3900 X100.800 Y100.800
G1 F300 Z21.900
G1 F1500 E2808.6947
G1 F2034 X100.800 Y149.200 E2811.1094
G1 X149.200 Y149.200 E2813.5241
G1 X149.200 Y100.800 E2815.9388
G1 X100.800 Y100.800 E2818.3535
G0 F3900 X100.440 Y100.600
;TYPE:GAP-FILL
;WIDTH:0.320
;FLOW:95.0
G1 F3487 X100.440 Y149.400 E2820.2038
;WIDTH:0.374
G1 X100.600 Y149.560 E2820.2138
;WIDTH:0.320
G1 X149.400 Y149.560 E2822.0641
;WIDTH:0.374
G1 X149.560 Y149.400 E2822.0742
;WIDTH:0.320
G1 X149.560 Y100.600 E2823.9245
;WIDTH:0.374
G1 X149.400 Y100.440 E2823.9345
;WIDTH:0.320
G1 X100.600 Y100.440 E2825.7849
;WIDTH:0.374
;WIDTH:0.376
G1 X100.467 Y100.467 E2825.7909
G1 X100.440 Y100.600 E2825.7970
;PRINTING_TIME: 1644
;REMAINING_TIME: 1519
;LAYER:73
;Z:22.200
;HEIGHT:0.300
;FLOW:100.0
;PRINTING: 0.20mm-nozzle-0.40mm-walls-humebeam-flow-calibration-cube.st
;PRINTING_ID: 0
G1 F2400 E2822.7970
G1 F300 Z22.400
G0 F3900 X100.080 Y100.080
G0 F300 Z22.200
;TYPE:WALL-OUTER
;WIDTH:0.400
G1 F300 Z22.200
G1 F1500 E2825.7970
G1 F2034 X149.920 Y100.080 E2828.2835
G1 X149.920 Y149.920 E2830.7700
G1 X100.080 Y149.920 E2833.2565
G1 X100.080 Y100.080 E2835.7431
G1 F2400 E2832.7431
G1 F300 Z22.400
G0 F3900 X100.800 Y100.800
G1 F300 Z22.200
G1 F1500 E2835.7431
G1 F2034 X100.800 Y149.200 E2838.1577
G1 X149.200 Y149.200 E2840.5724
G1 X149.200 Y100.800 E2842.9871
G1 X100.800 Y100.800 E2845.4018
G0 F3900 X100.440 Y100.600
;TYPE:GAP-FILL
;WIDTH:0.320
;FLOW:95.0
G1 F3487 X100.440 Y149.400 E2847.2521
;WIDTH:0.374
G1 X100.600 Y149.560 E2847.2622
;WIDTH:0.320
G1 X149.400 Y149.560 E2849.1125
;WIDTH:0.374
G1 X149.560 Y149.400 E2849.1225
;WIDTH:0.320
G1 X149.560 Y100.600 E2850.9728
;WIDTH:0.374
G1 X149.400 Y100.440 E2850.9829
;WIDTH:0.320
G1 X100.600 Y100.440 E2852.8332
;WIDTH:0.374
;WIDTH:0.376
G1 X100.467 Y100.467 E2852.8392
G1 X100.440 Y100.600 E2852.8453
;PRINTING_TIME: 1661
;REMAINING_TIME: 1503
;LAYER:74
;Z:22.500
;HEIGHT:0.300
;FLOW:100.0
;PRINTING: 0.20mm-nozzle-0.40mm-walls-humebeam-flow-calibration-cube.st
;PRINTING_ID: 0
G1 F2400 E2849.8453
G1 F300 Z22.700
G0 F3900 X100.080 Y100.080
G0 F300 Z22.500
;TYPE:WALL-OUTER
;WIDTH:0.400
G1 F300 Z22.500
G1 F1500 E2852.8453
G1 F2034 X149.920 Y100.080 E2855.3318
G1 X149.920 Y149.920 E2857.8183
G1 X100.080 Y149.920 E2860.3049
G1 X100.080 Y100.080 E2862.7914
G1 F2400 E2859.7914
G1 F300 Z22.700
G0 F3900 X100.800 Y100.800
G1 F300 Z22.500
G1 F1500 E2862.7914
G1 F2034 X100.800 Y149.200 E2865.2061
G1 X149.200 Y149.200 E2867.6208
G1 X149.200 Y100.800 E2870.0355
G1 X100.800 Y100.800 E2872.4501
G0 F3900 X100.440 Y100.600
;TYPE:GAP-FILL
;WIDTH:0.320
;FLOW:95.0
G1 F3487 X100.440 Y149.400 E2874.3005
;WIDTH:0.374
G1 X100.600 Y149.560 E2874.3105
;WIDTH:0.320
G1 X149.400 Y149.560 E2876.1608
;WIDTH:0.374
G1 X149.560 Y149.400 E2876.1709
;WIDTH:0.320
G1 X149.560 Y100.600 E2878.0212
;WIDTH:0.374
G1 X149.400 Y100.440 E2878.0312
;WIDTH:0.320
G1 X100.600 Y100.440 E2879.8815
;WIDTH:0.374
;WIDTH:0.376
G1 X100.467 Y100.467 E2879.8876
G1 X100.440 Y100.600 E2879.8936
;PRINTING_TIME: 1677
;REMAINING_TIME: 1487
;LAYER:75
;Z:22.800
;HEIGHT:0.300
;FLOW:100.0
;PRINTING: 0.20mm-nozzle-0.40mm-walls-humebeam-flow-calibration-cube.st
;PRINTING_ID: 0
G1 F2400 E2876.8936
G1 F300 Z23.000
G0 F3900 X100.080 Y100.080
G0 F300 Z22.800
;TYPE:WALL-OUTER
;WIDTH:0.400
G1 F300 Z22.800
G1 F1500 E2879.8936
G1 F2034 X149.920 Y100.080 E2882.3802
G1 X149.920 Y149.920 E2884.8667
G1 X100.080 Y149.920 E2887.3532
G1 X100.080 Y100.080 E2889.8397
G1 F2400 E2886.8397
G1 F300 Z23.000
G0 F3900 X100.800 Y100.800
G1 F300 Z22.800
G1 F1500 E2889.8397
G1 F2034 X100.800 Y149.200 E2892.2544
G1 X149.200 Y149.200 E2894.6691
G1 X149.200 Y100.800 E2897.0838
G1 X100.800 Y100.800 E2899.4985
G0 F3900 X100.440 Y100.600
;TYPE:GAP-FILL
;WIDTH:0.320
;FLOW:95.0
G1 F3487 X100.440 Y149.400 E2901.3488
;WIDTH:0.374
G1 X100.600 Y149.560 E2901.3588
;WIDTH:0.320
G1 X149.400 Y149.560 E2903.2092
;WIDTH:0.374
G1 X149.560 Y149.400 E2903.2192
;WIDTH:0.320
G1 X149.560 Y100.600 E2905.0695
;WIDTH:0.374
G1 X149.400 Y100.440 E2905.0796
;WIDTH:0.320
G1 X100.600 Y100.440 E2906.9299
;WIDTH:0.374
;WIDTH:0.376
G1 X100.467 Y100.467 E2906.9359
G1 X100.440 Y100.600 E2906.9420
;PRINTING_TIME: 1693
;REMAINING_TIME: 1471
;LAYER:76
;Z:23.100
;HEIGHT:0.300
;FLOW:100.0
;PRINTING: 0.20mm-nozzle-0.40mm-walls-humebeam-flow-calibration-cube.st
;PRINTING_ID: 0
G1 F2400 E2903.9420
G1 F300 Z23.300
G0 F3900 X100.080 Y100.080
G0 F300 Z23.100
;TYPE:WALL-OUTER
;WIDTH:0.400
G1 F300 Z23.100
G1 F1500 E2906.9420
G1 F2034 X149.920 Y100.080 E2909.4285
G1 X149.920 Y149.920 E2911.9150
G1 X100.080 Y149.920 E2914.4016
G1 X100.080 Y100.080 E2916.8881
G1 F2400 E2913.8881
G1 F300 Z23.300
G0 F3900 X100.800 Y100.800
G1 F300 Z23.100
G1 F1500 E2916.8881
G1 F2034 X100.800 Y149.200 E2919.3028
G1 X149.200 Y149.200 E2921.7175
G1 X149.200 Y100.800 E2924.1321
G1 X100.800 Y100.800 E2926.5468
G0 F3900 X100.440 Y100.600
;TYPE:GAP-FILL
;WIDTH:0.320
;FLOW:95.0
G1 F3487 X100.440 Y149.400 E2928.3972
;WIDTH:0.374
G1 X100.600 Y149.560 E2928.4072
;WIDTH:0.320
G1 X149.400 Y149.560 E2930.2575
;WIDTH:0.374
G1 X149.560 Y149.400 E2930.2675
;WIDTH:0.320
G1 X149.560 Y100.600 E2932.1179
;WIDTH:0.374
G1 X149.400 Y100.440 E2932.1279
;WIDTH:0.320
G1 X100.600 Y100.440 E2933.9782
;WIDTH:0.374
;WIDTH:0.376
G1 X100.467 Y100.467 E2933.9843
G1 X100.440 Y100.600 E2933.9903
;PRINTING_TIME: 1709
;REMAINING_TIME: 1454
;LAYER:77
;Z:23.400
;HEIGHT:0.300
;FLOW:100.0
;PRINTING: 0.20mm-nozzle-0.40mm-walls-humebeam-flow-calibration-cube.st
;PRINTING_ID: 0
G1 F2400 E2930.9903
G1 F300 Z23.600
G0 F3900 X100.080 Y100.080
G0 F300 Z23.400
;TYPE:WALL-OUTER
;WIDTH:0.400
G1 F300 Z23.400
G1 F1500 E2933.9903
G1 F2034 X149.920 Y100.080 E2936.4768
G1 X149.920 Y149.920 E2938.9634
G1 X100.080 Y149.920 E2941.4499
G1 X100.080 Y100.080 E2943.9364
G1 F2400 E2940.9364
G1 F300 Z23.600
G0 F3900 X100.800 Y100.800
G1 F300 Z23.400
G1 F1500 E2943.9364
G1 F2034 X100.800 Y149.200 E2946.3511
G1 X149.200 Y149.200 E2948.7658
G1 X149.200 Y100.800 E2951.1805
G1 X100.800 Y100.800 E2953.5952
G0 F3900 X100.440 Y100.600
;TYPE:GAP-FILL
;WIDTH:0.320
;FLOW:95.0
G1 F3487 X100.440 Y149.400 E2955.4455
;WIDTH:0.374
G1 X100.600 Y149.560 E2955.4555
;WIDTH:0.320
G1 X149.400 Y149.560 E2957.3058
;WIDTH:0.374
G1 X149.560 Y149.400 E2957.3159
;WIDTH:0.320
G1 X149.560 Y100.600 E2959.1662
;WIDTH:0.374
G1 X149.400 Y100.440 E2959.1762
;WIDTH:0.320
G1 X100.600 Y100.440 E2961.0266
;WIDTH:0.374
;WIDTH:0.376
G1 X100.467 Y100.467 E2961.0326
G1 X100.440 Y100.600 E2961.0387
;PRINTING_TIME: 1725
;REMAINING_TIME: 1438
;LAYER:78
;Z:23.700
;HEIGHT:0.300
;FLOW:100.0
;PRINTING: 0.20mm-nozzle-0.40mm-walls-humebeam-flow-calibration-cube.st
;PRINTING_ID: 0
G1 F2400 E2958.0387
G1 F300 Z23.900
G0 F3900 X100.080 Y100.080
G0 F300 Z23.700
;TYPE:WALL-OUTER
;WIDTH:0.400
G1 F300 Z23.700
G1 F1500 E2961.0387
G1 F2034 X149.920 Y100.080 E2963.5252
G1 X149.920 Y149.920 E2966.0117
G1 X100.080 Y149.920 E2968.4982
G1 X100.080 Y100.080 E2970.9848
G1 F2400 E2967.9848
G1 F300 Z23.900
G0 F3900 X100.800 Y100.800
G1 F300 Z23.700
G1 F1500 E2970.9848
G1 F2034 X100.800 Y149.200 E2973.3994
G1 X149.200 Y149.200 E2975.8141
G1 X149.200 Y100.800 E2978.2288
G1 X100.800 Y100.800 E2980.6435
G0 F3900 X100.440 Y100.600
;TYPE:GAP-FILL
;WIDTH:0.320
;FLOW:95.0
G1 F3487 X100.440 Y149.400 E2982.4938
;WIDTH:0.374
G1 X100.600 Y149.560 E2982.5039
;WIDTH:0.320
G1 X149.400 Y149.560 E2984.3542
;WIDTH:0.374
G1 X149.560 Y149.400 E2984.3642
;WIDTH:0.320
G1 X149.560 Y100.600 E2986.2145
;WIDTH:0.374
G1 X149.400 Y100.440 E2986.2246
;WIDTH:0.320
G1 X100.600 Y100.440 E2988.0749
;WIDTH:0.374
;WIDTH:0.376
G1 X100.467 Y100.467 E2988.0809
G1 X100.440 Y100.600 E2988.0870
;PRINTING_TIME: 1742
;REMAINING_TIME: 1422
;LAYER:79
;Z:24.000
;HEIGHT:0.300
;FLOW:100.0
;PRINTING: 0.20mm-nozzle-0.40mm-walls-humebeam-flow-calibration-cube.st
;PRINTING_ID: 0
G1 F2400 E2985.0870
G1 F300 Z24.200
G0 F3900 X100.080 Y100.080
G0 F300 Z24.000
;TYPE:WALL-OUTER
;WIDTH:0.400
G1 F300 Z24.000
G1 F1500 E2988.0870
G1 F2034 X149.920 Y100.080 E2990.5735
G1 X149.920 Y149.920 E2993.0600
G1 X100.080 Y149.920 E2995.5466
G1 X100.080 Y100.080 E2998.0331
G1 F2400 E2995.0331
G1 F300 Z24.200
G0 F3900 X100.800 Y100.800
G1 F300 Z24.000
G1 F1500 E2998.0331
G1 F2034 X100.800 Y149.200 E3000.4478
G1 X149.200 Y149.200 E3002.8625
G1 X149.200 Y100.800 E3005.2772
G1 X100.800 Y100.800 E3007.6918
G0 F3900 X100.440 Y100.600
;TYPE:GAP-FILL
;WIDTH:0.320
;FLOW:95.0
G1 F3487 X100.440 Y149.400 E3009.5422
;WIDTH:0.374
G1 X100.600 Y149.560 E3009.5522
;WIDTH:0.320
G1 X149.400 Y149.560 E3011.4025
;WIDTH:0.374
G1 X149.560 Y149.400 E3011.4126
;WIDTH:0.320
G1 X149.560 Y100.600 E3013.2629
;WIDTH:0.374
G1 X149.400 Y100.440 E3013.2729
;WIDTH:0.320
G1 X100.600 Y100.440 E3015.1232
;WIDTH:0.374
;WIDTH:0.376
G1 X100.467 Y100.467 E3015.1293
G1 X100.440 Y100.600 E3015.1353
;PRINTING_TIME: 1758
;REMAINING_TIME: 1406
;LAYER:80
;Z:24.300
;HEIGHT:0.300
;FLOW:100.0
;PRINTING: 0.20mm-nozzle-0.40mm-walls-humebeam-flow-calibration-cube.st
;PRINTING_ID: 0
G1 F2400 E3012.1353
G1 F300 Z24.500
G0 F3900 X100.080 Y100.080
G0 F300 Z24.300
;TYPE:WALL-OUTER
;WIDTH:0.400
G1 F300 Z24.300
G1 F1500 E3015.1353
G1 F2034 X149.920 Y100.080 E3017.6219
G1 X149.920 Y149.920 E3020.1084
G1 X100.080 Y149.920 E3022.5949
G1 X100.080 Y100.080 E3025.0814
G1 F2400 E3022.0814
G1 F300 Z24.500
G0 F3900 X100.800 Y100.800
G1 F300 Z24.300
G1 F1500 E3025.0814
G1 F2034 X100.800 Y149.200 E3027.4961
G1 X149.200 Y149.200 E3029.9108
G1 X149.200 Y100.800 E3032.3255
G1 X100.800 Y100.800 E3034.7402
G0 F3900 X100.440 Y100.600
;TYPE:GAP-FILL
;WIDTH:0.320
;FLOW:95.0
G1 F3487 X100.440 Y149.400 E3036.5905
;WIDTH:0.374
G1 X100.600 Y149.560 E3036.6005
;WIDTH:0.320
G1 X149.400 Y149.560 E3038.4509
;WIDTH:0.374
G1 X149.560 Y149.400 E3038.4609
;WIDTH:0.320
G1 X149.560 Y100.600 E3040.3112
;WIDTH:0.374
G1 X149.400 Y100.440 E3040.3212
;WIDTH:0.320
G1 X100.600 Y100.440 E3042.1716
;WIDTH:0.374
;WIDTH:0.376
G1 X100.467 Y100.467 E3042.1776
G1 X100.440 Y100.600 E3042.1837
;PRINTING_TIME: 1774
;REMAINING_TIME: 1390
;LAYER:81
;Z:24.600
;HEIGHT:0.300
;FLOW:100.0
;PRINTING: 0.20mm-nozzle-0.40mm-walls-humebeam-flow-calibration-cube.st
;PRINTING_ID: 0
G1 F2400 E3039.1837
G1 F300 Z24.800
G0 F3900 X100.080 Y100.080
G0 F300 Z24.600
;TYPE:WALL-OUTER
;WIDTH:0.400
G1 F300 Z24.600
G1 F1500 E3042.1837
G1 F2034 X149.920 Y100.080 E3044.6702
G1 X149.920 Y149.920 E3047.1567
G1 X100.080 Y149.920 E3049.6433
G1 X100.080 Y100.080 E3052.1298
G1 F2400 E3049.1298
G1 F300 Z24.800
G0 F3900 X100.800 Y100.800
G1 F300 Z24.600
G1 F1500 E3052.1298
G1 F2034 X100.800 Y149.200 E3054.5445
G1 X149.200 Y149.200 E3056.9592
G1 X149.200 Y100.800 E3059.3738
G1 X100.800 Y100.800 E3061.7885
G0 F3900 X100.440 Y100.600
;TYPE:GAP-FILL
;WIDTH:0.320
;FLOW:95.0
G1 F3487 X100.440 Y149.400 E3063.6389
;WIDTH:0.374
G1 X100.600 Y149.560 E3063.6489
;WIDTH:0.320
G1 X149.400 Y149.560 E3065.4992
;WIDTH:0.374
G1 X149.560 Y149.400 E3065.5092
;WIDTH:0.320
G1 X149.560 Y100.600 E3067.3596
;WIDTH:0.374
G1 X149.400 Y100.440 E3067.3696
;WIDTH:0.320
G1 X100.600 Y100.440 E3069.2199
;WIDTH:0.374
;WIDTH:0.376
G1 X100.467 Y100.467 E3069.2260
G1 X100.440 Y100.600 E3069.2320
;PRINTING_TIME: 1790
;REMAINING_TIME: 1373
;LAYER:82
;Z:24.900
;HEIGHT:0.300
;FLOW:100.0
;PRINTING: 0.20mm-nozzle-0.40mm-walls-humebeam-flow-calibration-cube.st
;PRINTING_ID: 0
G1 F2400 E3066.2320
G1 F300 Z25.100
G0 F3900 X100.080 Y100.080
G0 F300 Z24.900
;TYPE:WALL-OUTER
;WIDTH:0.400
G1 F300 Z24.900
G1 F1500 E3069.2320
G1 F2034 X149.920 Y100.080 E3071.7185
G1 X149.920 Y149.920 E3074.2051
G1 X100.080 Y149.920 E3076.6916
G1 X100.080 Y100.080 E3079.1781
G1 F2400 E3076.1781
G1 F300 Z25.100
G0 F3900 X100.800 Y100.800
G1 F300 Z24.900
G1 F1500 E3079.1781
G1 F2034 X100.800 Y149.200 E3081.5928
G1 X149.200 Y149.200 E3084.0075
G1 X149.200 Y100.800 E3086.4222
G1 X100.800 Y100.800 E3088.8369
G0 F3900 X100.440 Y100.600
;TYPE:GAP-FILL
;WIDTH:0.320
;FLOW:95.0
G1 F3487 X100.440 Y149.400 E3090.6872
;WIDTH:0.374
G1 X100.600 Y149.560 E3090.6972
;WIDTH:0.320
G1 X149.400 Y149.560 E3092.5475
;WIDTH:0.374
G1 X149.560 Y149.400 E3092.5576
;WIDTH:0.320
G1 X149.560 Y100.600 E3094.4079
;WIDTH:0.374
G1 X149.400 Y100.440 E3094.4179
;WIDTH:0.320
G1 X100.600 Y100.440 E3096.2683
;WIDTH:0.374
;WIDTH:0.376
G1 X100.467 Y100.467 E3096.2743
G1 X100.440 Y100.600 E3096.2803
;PRINTING_TIME: 1807
;REMAINING_TIME: 1357
;LAYER:83
;Z:25.200
;HEIGHT:0.300
;FLOW:100.0
;PRINTING: 0.20mm-nozzle-0.40mm-walls-humebeam-flow-calibration-cube.st
;PRINTING_ID: 0
G1 F2400 E3093.2803
G1 F300 Z25.400
G0 F3900 X100.080 Y100.080
G0 F300 Z25.200
;TYPE:WALL-OUTER
;WIDTH:0.400
G1 F300 Z25.200
G1 F1500 E3096.2803
G1 F2034 X149.920 Y100.080 E3098.7669
G1 X149.920 Y149.920 E3101.2534
G1 X100.080 Y149.920 E3103.7399
G1 X100.080 Y100.080 E3106.2265
G1 F2400 E3103.2265
G1 F300 Z25.400
G0 F3900 X100.800 Y100.800
G1 F300 Z25.200
G1 F1500 E3106.2265
G1 F2034 X100.800 Y149.200 E3108.6411
G1 X149.200 Y149.200 E3111.0558
G1 X149.200 Y100.800 E3113.4705
G1 X100.800 Y100.800 E3115.8852
G0 F3900 X100.440 Y100.600
;TYPE:GAP-FILL
;WIDTH:0.320
;FLOW:95.0
G1 F3487 X100.440 Y149.400 E3117.7355
;WIDTH:0.374
G1 X100.600 Y149.560 E3117.7456
;WIDTH:0.320
G1 X149.400 Y149.560 E3119.5959
;WIDTH:0.374
G1 X149.560 Y149.400 E3119.6059
;WIDTH:0.320
G1 X149.560 Y100.600 E3121.4562
;WIDTH:0.374
G1 X149.400 Y100.440 E3121.4663
;WIDTH:0.320
G1 X100.600 Y100.440 E3123.3166
;WIDTH:0.374
;WIDTH:0.376
G1 X100.467 Y100.467 E3123.3226
G1 X100.440 Y100.600 E3123.3287
;PRINTING_TIME: 1823
;REMAINING_TIME: 1341
;LAYER:84
;Z:25.500
;HEIGHT:0.300
;FLOW:100.0
;PRINTING: 0.20mm-nozzle-0.40mm-walls-humebeam-flow-calibration-cube.st
;PRINTING_ID: 0
G1 F2400 E3120.3287
G1 F300 Z25.700
G0 F3900 X100.080 Y100.080
G0 F300 Z25.500
;TYPE:WALL-OUTER
;WIDTH:0.400
G1 F300 Z25.500
G1 F1500 E3123.3287
G1 F2034 X149.920 Y100.080 E3125.8152
G1 X149.920 Y149.920 E3128.3017
G1 X100.080 Y149.920 E3130.7883
G1 X100.080 Y100.080 E3133.2748
G1 F2400 E3130.2748
G1 F300 Z25.700
G0 F3900 X100.800 Y100.800
G1 F300 Z25.500
G1 F1500 E3133.2748
G1 F2034 X100.800 Y149.200 E3135.6895
G1 X149.200 Y149.200 E3138.1042
G1 X149.200 Y100.800 E3140.5189
G1 X100.800 Y100.800 E3142.9335
G0 F3900 X100.440 Y100.600
;TYPE:GAP-FILL
;WIDTH:0.320
;FLOW:95.0
G1 F3487 X100.440 Y149.400 E3144.7839
;WIDTH:0.374
G1 X100.600 Y149.560 E3144.7939
;WIDTH:0.320
G1 X149.400 Y149.560 E3146.6442
;WIDTH:0.374
G1 X149.560 Y149.400 E3146.6543
;WIDTH:0.320
G1 X149.560 Y100.600 E3148.5046
;WIDTH:0.374
G1 X149.400 Y100.440 E3148.5146
;WIDTH:0.320
G1 X100.600 Y100.440 E3150.3649
;WIDTH:0.374
;WIDTH:0.376
G1 X100.467 Y100.467 E3150.3710
G1 X100.440 Y100.600 E3150.3770
;PRINTING_TIME: 1839
;REMAINING_TIME: 1325
;LAYER:85
;Z:25.800
;HEIGHT:0.300
;FLOW:100.0
;PRINTING: 0.20mm-nozzle-0.40mm-walls-humebeam-flow-calibration-cube.st
;PRINTING_ID: 0
G1 F2400 E3147.3770
G1 F300 Z26.000
G0 F3900 X100.080 Y100.080
G0 F300 Z25.800
;TYPE:WALL-OUTER
;WIDTH:0.400
G1 F300 Z25.800
G1 F1500 E3150.3770
G1 F2034 X149.920 Y100.080 E3152.8636
G1 X149.920 Y149.920 E3155.3501
G1 X100.080 Y149.920 E3157.8366
G1 X100.080 Y100.080 E3160.3231
G1 F2400 E3157.3231
G1 F300 Z26.000
G0 F3900 X100.800 Y100.800
G1 F300 Z25.800
G1 F1500 E3160.3231
G1 F2034 X100.800 Y149.200 E3162.7378
G1 X149.200 Y149.200 E3165.1525
G1 X149.200 Y100.800 E3167.5672
G1 X100.800 Y100.800 E3169.9819
G0 F3900 X100.440 Y100.600
;TYPE:GAP-FILL
;WIDTH:0.320
;FLOW:95.0
G1 F3487 X100.440 Y149.400 E3171.8322
;WIDTH:0.374
G1 X100.600 Y149.560 E3171.8422
;WIDTH:0.320
G1 X149.400 Y149.560 E3173.6926
;WIDTH:0.374
G1 X149.560 Y149.400 E3173.7026
;WIDTH:0.320
G1 X149.560 Y100.600 E3175.5529
;WIDTH:0.374
G1 X149.400 Y100.440 E3175.5629
;WIDTH:0.320
G1 X100.600 Y100.440 E3177.4133
;WIDTH:0.374
;WIDTH:0.376
G1 X100.467 Y100.467 E3177.4193
G1 X100.440 Y100.600 E3177.4254
;PRINTING_TIME: 1855
;REMAINING_TIME: 1308
;LAYER:86
;Z:26.100
;HEIGHT:0.300
;FLOW:100.0
;PRINTING: 0.20mm-nozzle-0.40mm-walls-humebeam-flow-calibration-cube.st
;PRINTING_ID: 0
G1 F2400 E3174.4254
G1 F300 Z26.300
G0 F3900 X100.080 Y100.080
G0 F300 Z26.100
;TYPE:WALL-OUTER
;WIDTH:0.400
G1 F300 Z26.100
G1 F1500 E3177.4254
G1 F2034 X149.920 Y100.080 E3179.9119
G1 X149.920 Y149.920 E3182.3984
G1 X100.080 Y149.920 E3184.8850
G1 X100.080 Y100.080 E3187.3715
G1 F2400 E3184.3715
G1 F300 Z26.300
G0 F3900 X100.800 Y100.800
G1 F300 Z26.100
G1 F1500 E3187.3715
G1 F2034 X100.800 Y149.200 E3189.7862
G1 X149.200 Y149.200 E3192.2009
G1 X149.200 Y100.800 E3194.6155
G1 X100.800 Y100.800 E3197.0302
G0 F3900 X100.440 Y100.600
;TYPE:GAP-FILL
;WIDTH:0.320
;FLOW:95.0
G1 F3487 X100.440 Y149.400 E3198.8806
;WIDTH:0.374
G1 X100.600 Y149.560 E3198.8906
;WIDTH:0.320
G1 X149.400 Y149.560 E3200.7409
;WIDTH:0.374
G1 X149.560 Y149.400 E3200.7509
;WIDTH:0.320
G1 X149.560 Y100.600 E3202.6013
;WIDTH:0.374
G1 X149.400 Y100.440 E3202.6113
;WIDTH:0.320
G1 X100.600 Y100.440 E3204.4616
;WIDTH:0.374
;WIDTH:0.376
G1 X100.467 Y100.467 E3204.4677
G1 X100.440 Y100.600 E3204.4737
;PRINTING_TIME: 1872
;REMAINING_TIME: 1292
;LAYER:87
;Z:26.400
;HEIGHT:0.300
;FLOW:100.0
;PRINTING: 0.20mm-nozzle-0.40mm-walls-humebeam-flow-calibration-cube.st
;PRINTING_ID: 0
G1 F2400 E3201.4737
G1 F300 Z26.600
G0 F3900 X100.080 Y100.080
G0 F300 Z26.400
;TYPE:WALL-OUTER
;WIDTH:0.400
G1 F300 Z26.400
G1 F1500 E3204.4737
G1 F2034 X149.920 Y100.080 E3206.9602
G1 X149.920 Y149.920 E3209.4468
G1 X100.080 Y149.920 E3211.9333
G1 X100.080 Y100.080 E3214.4198
G1 F2400 E3211.4198
G1 F300 Z26.600
G0 F3900 X100.800 Y100.800
G1 F300 Z26.400
G1 F1500 E3214.4198
G1 F2034 X100.800 Y149.200 E3216.8345
G1 X149.200 Y149.200 E3219.2492
G1 X149.200 Y100.800 E3221.6639
G1 X100.800 Y100.800 E3224.0786
G0 F3900 X100.440 Y100.600
;TYPE:GAP-FILL
;WIDTH:0.320
;FLOW:95.0
G1 F3487 X100.440 Y149.400 E3225.9289
;WIDTH:0.374
G1 X100.600 Y149.560 E3225.9389
;WIDTH:0.320
G1 X149.400 Y149.560 E3227.7892
;WIDTH:0.374
G1 X149.560 Y149.400 E3227.7993
;WIDTH:0.320
G1 X149.560 Y100.600 E3229.6496
;WIDTH:0.374
G1 X149.400 Y100.440 E3229.6596
;WIDTH:0.320
G1 X100.600 Y100.440 E3231.5100
;WIDTH:0.374
;WIDTH:0.376
G1 X100.467 Y100.467 E3231.5160
G1 X100.440 Y100.600 E3231.5220
;PRINTING_TIME: 1888
;REMAINING_TIME: 1276
;LAYER:88
;Z:26.700
;HEIGHT:0.300
;FLOW:100.0
;PRINTING: 0.20mm-nozzle-0.40mm-walls-humebeam-flow-calibration-cube.st
;PRINTING_ID: 0
G1 F2400 E3228.5220
G1 F300 Z26.900
G0 F3900 X100.080 Y100.080
G0 F300 Z26.700
;TYPE:WALL-OUTER
;WIDTH:0.400
G1 F300 Z26.700
G1 F1500 E3231.5220
G1 F2034 X149.920 Y100.080 E3234.0086
G1 X149.920 Y149.920 E3236.4951
G1 X100.080 Y149.920 E3238.9816
G1 X100.080 Y100.080 E3241.4682
G1 F2400 E3238.4682
G1 F300 Z26.900
G0 F3900 X100.800 Y100.800
G1 F300 Z26.700
G1 F1500 E3241.4682
G1 F2034 X100.800 Y149.200 E3243.8828
G1 X149.200 Y149.200 E3246.2975
G1 X149.200 Y100.800 E3248.7122
G1 X100.800 Y100.800 E3251.1269
G0 F3900 X100.440 Y100.600
;TYPE:GAP-FILL
;WIDTH:0.320
;FLOW:95.0
G1 F3487 X100.440 Y149.400 E3252.9772
;WIDTH:0.374
G1 X100.600 Y149.560 E3252.9873
;WIDTH:0.320
G1 X149.400 Y149.560 E3254.8376
;WIDTH:0.374
G1 X149.560 Y149.400 E3254.8476
;WIDTH:0.320
G1 X149.560 Y100.600 E3256.6979
;WIDTH:0.374
G1 X149.400 Y100.440 E3256.7080
;WIDTH:0.320
G1 X100.600 Y100.440 E3258.5583
;WIDTH:0.374
;WIDTH:0.376
G1 X100.467 Y100.467 E3258.5643
G1 X100.440 Y100.600 E3258.5704
;PRINTING_TIME: 1904
;REMAINING_TIME: 1260
;LAYER:89
;Z:27.000
;HEIGHT:0.300
;FLOW:100.0
;PRINTING: 0.20mm-nozzle-0.40mm-walls-humebeam-flow-calibration-cube.st
;PRINTING_ID: 0
G1 F2400 E3255.5704
G1 F300 Z27.200
G0 F3900 X100.080 Y100.080
G0 F300 Z27.000
;TYPE:WALL-OUTER
;WIDTH:0.400
G1 F300 Z27.000
G1 F1500 E3258.5704
G1 F2034 X149.920 Y100.080 E3261.0569
G1 X149.920 Y149.920 E3263.5434
G1 X100.080 Y149.920 E3266.0300
G1 X100.080 Y100.080 E3268.5165
G1 F2400 E3265.5165
G1 F300 Z27.200
G0 F3900 X100.800 Y100.800
G1 F300 Z27.000
G1 F1500 E3268.5165
G1 F2034 X100.800 Y149.200 E3270.9312
G1 X149.200 Y149.200 E3273.3459
G1 X149.200 Y100.800 E3275.7606
G1 X100.800 Y100.800 E3278.1752
G0 F3900 X100.440 Y100.600
;TYPE:GAP-FILL
;WIDTH:0.320
;FLOW:95.0
G1 F3487 X100.440 Y149.400 E3280.0256
;WIDTH:0.374
G1 X100.600 Y149.560 E3280.0356
;WIDTH:0.320
G1 X149.400 Y149.560 E3281.8859
;WIDTH:0.374
G1 X149.560 Y149.400 E3281.8960
;WIDTH:0.320
G1 X149.560 Y100.600 E3283.7463
;WIDTH:0.374
G1 X149.400 Y100.440 E3283.7563
;WIDTH:0.320
G1 X100.600 Y100.440 E3285.6066
;WIDTH:0.374
;WIDTH:0.376
G1 X100.467 Y100.467 E3285.6127
G1 X100.440 Y100.600 E3285.6187
;PRINTING_TIME: 1920
;REMAINING_TIME: 1244
;LAYER:90
;Z:27.300
;HEIGHT:0.300
;FLOW:100.0
;PRINTING: 0.20mm-nozzle-0.40mm-walls-humebeam-flow-calibration-cube.st
;PRINTING_ID: 0
G1 F2400 E3282.6187
G1 F300 Z27.500
G0 F3900 X100.080 Y100.080
G0 F300 Z27.300
;TYPE:WALL-OUTER
;WIDTH:0.400
G1 F300 Z27.300
G1 F1500 E3285.6187
G1 F2034 X149.920 Y100.080 E3288.1053
G1 X149.920 Y149.920 E3290.5918
G1 X100.080 Y149.920 E3293.0783
G1 X100.080 Y100.080 E3295.5648
G1 F2400 E3292.5648
G1 F300 Z27.500
G0 F3900 X100.800 Y100.800
G1 F300 Z27.300
G1 F1500 E3295.5648
G1 F2034 X100.800 Y149.200 E3297.9795
G1 X149.200 Y149.200 E3300.3942
G1 X149.200 Y100.800 E3302.8089
G1 X100.800 Y100.800 E3305.2236
G0 F3900 X100.440 Y100.600
;TYPE:GAP-FILL
;WIDTH:0.320
;FLOW:95.0
G1 F3487 X100.440 Y149.400 E3307.0739
;WIDTH:0.374
G1 X100.600 Y149.560 E3307.0839
;WIDTH:0.320
G1 X149.400 Y149.560 E3308.9343
;WIDTH:0.374
G1 X149.560 Y149.400 E3308.9443
;WIDTH:0.320
G1 X149.560 Y100.600 E3310.7946
;WIDTH:0.374
G1 X149.400 Y100.440 E3310.8046
;WIDTH:0.320
G1 X100.600 Y100.440 E3312.6550
;WIDTH:0.374
;WIDTH:0.376
G1 X100.467 Y100.467 E3312.6610
G1 X100.440 Y100.600 E3312.6671
;PRINTING_TIME: 1936
;REMAINING_TIME: 1227
;LAYER:91
;Z:27.600
;HEIGHT:0.300
;FLOW:100.0
;PRINTING: 0.20mm-nozzle-0.40mm-walls-humebeam-flow-calibration-cube.st
;PRINTING_ID: 0
G1 F2400 E3309.6671
G1 F300 Z27.800
G0 F3900 X100.080 Y100.080
G0 F300 Z27.600
;TYPE:WALL-OUTER
;WIDTH:0.400
G1 F300 Z27.600
G1 F1500 E3312.6671
G1 F2034 X149.920 Y100.080 E3315.1536
G1 X149.920 Y149.920 E3317.6401
G1 X100.080 Y149.920 E3320.1267
G1 X100.080 Y100.080 E3322.6132
G1 F2400 E3319.6132
G1 F300 Z27.800
G0 F3900 X100.800 Y100.800
G1 F300 Z27.600
G1 F1500 E3322.6132
G1 F2034 X100.800 Y149.200 E3325.0279
G1 X149.200 Y149.200 E3327.4426
G1 X149.200 Y100.800 E3329.8572
G1 X100.800 Y100.800 E3332.2719
G0 F3900 X100.440 Y100.600
;TYPE:GAP-FILL
;WIDTH:0.320
;FLOW:95.0
G1 F3487 X100.440 Y149.400 E3334.1223
;WIDTH:0.374
G1 X100.600 Y149.560 E3334.1323
;WIDTH:0.320
G1 X149.400 Y149.560 E3335.9826
;WIDTH:0.374
G1 X149.560 Y149.400 E3335.9926
;WIDTH:0.320
G1 X149.560 Y100.600 E3337.8430
;WIDTH:0.374
G1 X149.400 Y100.440 E3337.8530
;WIDTH:0.320
G1 X100.600 Y100.440 E3339.7033
;WIDTH:0.374
;WIDTH:0.376
G1 X100.467 Y100.467 E3339.7094
G1 X100.440 Y100.600 E3339.7154
;PRINTING_TIME: 1953
;REMAINING_TIME: 1211
;LAYER:92
;Z:27.900
;HEIGHT:0.300
;FLOW:100.0
;PRINTING: 0.20mm-nozzle-0.40mm-walls-humebeam-flow-calibration-cube.st
;PRINTING_ID: 0
G1 F2400 E3336.7154
G1 F300 Z28.100
G0 F3900 X100.080 Y100.080
G0 F300 Z27.900
;TYPE:WALL-OUTER
;WIDTH:0.400
G1 F300 Z27.900
G1 F1500 E3339.7154
G1 F2034 X149.920 Y100.080 E3342.2019
G1 X149.920 Y149.920 E3344.6885
G1 X100.080 Y149.920 E3347.1750
G1 X100.080 Y100.080 E3349.6615
G1 F2400 E3346.6615
G1 F300 Z28.100
G0 F3900 X100.800 Y100.800
G1 F300 Z27.900
G1 F1500 E3349.6615
G1 F2034 X100.800 Y149.200 E3352.0762
G1 X149.200 Y149.200 E3354.4909
G1 X149.200 Y100.800 E3356.9056
G1 X100.800 Y100.800 E3359.3203
G0 F3900 X100.440 Y100.600
;TYPE:GAP-FILL
;WIDTH:0.320
;FLOW:95.0
G1 F3487 X100.440 Y149.400 E3361.1706
;WIDTH:0.374
G1 X100.600 Y149.560 E3361.1806
;WIDTH:0.320
G1 X149.400 Y149.560 E3363.0309
;WIDTH:0.374
G1 X149.560 Y149.400 E3363.0410
;WIDTH:0.320
G1 X149.560 Y100.600 E3364.8913
;WIDTH:0.374
G1 X149.400 Y100.440 E3364.9013
;WIDTH:0.320
G1 X100.600 Y100.440 E3366.7517
;WIDTH:0.374
;WIDTH:0.376
G1 X100.467 Y100.467 E3366.7577
G1 X100.440 Y100.600 E3366.7637
;PRINTING_TIME: 1969
;REMAINING_TIME: 1195
;LAYER:93
;Z:28.200
;HEIGHT:0.300
;FLOW:100.0
;PRINTING: 0.20mm-nozzle-0.40mm-walls-humebeam-flow-calibration-cube.st
;PRINTING_ID: 0
G1 F2400 E3363.7637
G1 F300 Z28.400
G0 F3900 X100.080 Y100.080
G0 F300 Z28.200
;TYPE:WALL-OUTER
;WIDTH:0.400
G1 F300 Z28.200
G1 F1500 E3366.7637
G1 F2034 X149.920 Y100.080 E3369.2503
G1 X149.920 Y149.920 E3371.7368
G1 X100.080 Y149.920 E3374.2233
G1 X100.080 Y100.080 E3376.7099
G1 F2400 E3373.7099
G1 F300 Z28.400
G0 F3900 X100.800 Y100.800
G1 F300 Z28.200
G1 F1500 E3376.7099
G1 F2034 X100.800 Y149.200 E3379.1245
G1 X149.200 Y149.200 E3381.5392
G1 X149.200 Y100.800 E3383.9539
G1 X100.800 Y100.800 E3386.3686
G0 F3900 X100.440 Y100.600
;TYPE:GAP-FILL
;WIDTH:0.320
;FLOW:95.0
G1 F3487 X100.440 Y149.400 E3388.2189
;WIDTH:0.374
G1 X100.600 Y149.560 E3388.2290
;WIDTH:0.320
G1 X149.400 Y149.560 E3390.0793
;WIDTH:0.374
G1 X149.560 Y149.400 E3390.0893
;WIDTH:0.320
G1 X149.560 Y100.600 E3391.9396
;WIDTH:0.374
G1 X149.400 Y100.440 E3391.9497
;WIDTH:0.320
G1 X100.600 Y100.440 E3393.8000
;WIDTH:0.374
;WIDTH:0.376
G1 X100.467 Y100.467 E3393.8060
G1 X100.440 Y100.600 E3393.8121
;PRINTING_TIME: 1985
;REMAINING_TIME: 1179
;LAYER:94
;Z:28.500
;HEIGHT:0.300
;FLOW:100.0
;PRINTING: 0.20mm-nozzle-0.40mm-walls-humebeam-flow-calibration-cube.st
;PRINTING_ID: 0
G1 F2400 E3390.8121
G1 F300 Z28.700
G0 F3900 X100.080 Y100.080
G0 F300 Z28.500
;TYPE:WALL-OUTER
;WIDTH:0.400
G1 F300 Z28.500
G1 F1500 E3393.8121
G1 F2034 X149.920 Y100.080 E3396.2986
G1 X149.920 Y149.920 E3398.7851
G1 X100.080 Y149.920 E3401.2717
G1 X100.080 Y100.080 E3403.7582
G1 F2400 E3400.7582
G1 F300 Z28.700
G0 F3900 X100.800 Y100.800
G1 F300 Z28.500
G1 F1500 E3403.7582
G1 F2034 X100.800 Y149.200 E3406.1729
G1 X149.200 Y149.200 E3408.5876
G1 X149.200 Y100.800 E3411.0023
G1 X100.800 Y100.800 E3413.4169
G0 F3900 X100.440 Y100.600
;TYPE:GAP-FILL
;WIDTH:0.320
;FLOW:95.0
G1 F3487 X100.440 Y149.400 E3415.2673
;WIDTH:0.374
G1 X100.600 Y149.560 E3415.2773
;WIDTH:0.320
G1 X149.400 Y149.560 E3417.1276
;WIDTH:0.374
G1 X149.560 Y149.400 E3417.1377
;WIDTH:0.320
G1 X149.560 Y100.600 E3418.9880
;WIDTH:0.374
G1 X149.400 Y100.440 E3418.9980
;WIDTH:0.320
G1 X100.600 Y100.440 E3420.8483
;WIDTH:0.374
;WIDTH:0.376
G1 X100.467 Y100.467 E3420.8544
G1 X100.440 Y100.600 E3420.8604
;PRINTING_TIME: 2001
;REMAINING_TIME: 1162
;LAYER:95
;Z:28.800
;HEIGHT:0.300
;FLOW:100.0
;PRINTING: 0.20mm-nozzle-0.40mm-walls-humebeam-flow-calibration-cube.st
;PRINTING_ID: 0
G1 F2400 E3417.8604
G1 F300 Z29.000
G0 F3900 X100.080 Y100.080
G0 F300 Z28.800
;TYPE:WALL-OUTER
;WIDTH:0.400
G1 F300 Z28.800
G1 F1500 E3420.8604
G1 F2034 X149.920 Y100.080 E3423.3470
G1 X149.920 Y149.920 E3425.8335
G1 X100.080 Y149.920 E3428.3200
G1 X100.080 Y100.080 E3430.8065
G1 F2400 E3427.8065
G1 F300 Z29.000
G0 F3900 X100.800 Y100.800
G1 F300 Z28.800
G1 F1500 E3430.8065
G1 F2034 X100.800 Y149.200 E3433.2212
G1 X149.200 Y149.200 E3435.6359
G1 X149.200 Y100.800 E3438.0506
G1 X100.800 Y100.800 E3440.4653
G0 F3900 X100.440 Y100.600
;TYPE:GAP-FILL
;WIDTH:0.320
;FLOW:95.0
G1 F3487 X100.440 Y149.400 E3442.3156
;WIDTH:0.374
G1 X100.600 Y149.560 E3442.3256
;WIDTH:0.320
G1 X149.400 Y149.560 E3444.1760
;WIDTH:0.374
G1 X149.560 Y149.400 E3444.1860
;WIDTH:0.320
G1 X149.560 Y100.600 E3446.0363
;WIDTH:0.374
G1 X149.400 Y100.440 E3446.0463
;WIDTH:0.320
G1 X100.600 Y100.440 E3447.8967
;WIDTH:0.374
;WIDTH:0.376
G1 X100.467 Y100.467 E3447.9027
G1 X100.440 Y100.600 E3447.9088
;PRINTING_TIME: 2018
;REMAINING_TIME: 1146
;LAYER:96
;Z:29.100
;HEIGHT:0.300
;FLOW:100.0
;PRINTING: 0.20mm-nozzle-0.40mm-walls-humebeam-flow-calibration-cube.st
;PRINTING_ID: 0
G1 F2400 E3444.9088
G1 F300 Z29.300
G0 F3900 X100.080 Y100.080
G0 F300 Z29.100
;TYPE:WALL-OUTER
;WIDTH:0.400
G1 F300 Z29.100
G1 F1500 E3447.9088
G1 F2034 X149.920 Y100.080 E3450.3953
G1 X149.920 Y149.920 E3452.8818
G1 X100.080 Y149.920 E3455.3684
G1 X100.080 Y100.080 E3457.8549
G1 F2400 E3454.8549
G1 F300 Z29.300
G0 F3900 X100.800 Y100.800
G1 F300 Z29.100
G1 F1500 E3457.8549
G1 F2034 X100.800 Y149.200 E3460.2696
G1 X149.200 Y149.200 E3462.6843
G1 X149.200 Y100.800 E3465.0989
G1 X100.800 Y100.800 E3467.5136
G0 F3900 X100.440 Y100.600
;TYPE:GAP-FILL
;WIDTH:0.320
;FLOW:95.0
G1 F3487 X100.440 Y149.400 E3469.3640
;WIDTH:0.374
G1 X100.600 Y149.560 E3469.3740
;WIDTH:0.320
G1 X149.400 Y149.560 E3471.2243
;WIDTH:0.374
G1 X149.560 Y149.400 E3471.2343
;WIDTH:0.320
G1 X149.560 Y100.600 E3473.0847
;WIDTH:0.374
G1 X149.400 Y100.440 E3473.0947
;WIDTH:0.320
G1 X100.600 Y100.440 E3474.9450
;WIDTH:0.374
;WIDTH:0.376
G1 X100.467 Y100.467 E3474.9511
G1 X100.440 Y100.600 E3474.9571
;PRINTING_TIME: 2034
;REMAINING_TIME: 1130
;LAYER:97
;Z:29.400
;HEIGHT:0.300
;FLOW:100.0
;PRINTING: 0.20mm-nozzle-0.40mm-walls-humebeam-flow-calibration-cube.st
;PRINTING_ID: 0
G1 F2400 E3471.9571
G1 F300 Z29.600
G0 F3900 X100.080 Y100.080
G0 F300 Z29.400
;TYPE:WALL-OUTER
;WIDTH:0.400
G1 F300 Z29.400
G1 F1500 E3474.9571
G1 F2034 X149.920 Y100.080 E3477.4436
G1 X149.920 Y149.920 E3479.9302
G1 X100.080 Y149.920 E3482.4167
G1 X100.080 Y100.080 E3484.9032
G1 F2400 E3481.9032
G1 F300 Z29.600
G0 F3900 X100.800 Y100.800
G1 F300 Z29.400
G1 F1500 E3484.9032
G1 F2034 X100.800 Y149.200 E3487.3179
G1 X149.200 Y149.200 E3489.7326
G1 X149.200 Y100.800 E3492.1473
G1 X100.800 Y100.800 E3494.5620
G0 F3900 X100.440 Y100.600
;TYPE:GAP-FILL
;WIDTH:0.320
;FLOW:95.0
G1 F3487 X100.440 Y149.400 E3496.4123
;WIDTH:0.374
G1 X100.600 Y149.560 E3496.4223
;WIDTH:0.320
G1 X149.400 Y149.560 E3498.2726
;WIDTH:0.374
G1 X149.560 Y149.400 E3498.2827
;WIDTH:0.320
G1 X149.560 Y100.600 E3500.1330
;WIDTH:0.374
G1 X149.400 Y100.440 E3500.1430
;WIDTH:0.320
G1 X100.600 Y100.440 E3501.9934
;WIDTH:0.374
;WIDTH:0.376
G1 X100.467 Y100.467 E3501.9994
G1 X100.440 Y100.600 E3502.0054
;PRINTING_TIME: 2050
;REMAINING_TIME: 1114
;LAYER:98
;Z:29.700
;HEIGHT:0.300
;FLOW:100.0
;PRINTING: 0.20mm-nozzle-0.40mm-walls-humebeam-flow-calibration-cube.st
;PRINTING_ID: 0
G1 F2400 E3499.0054
G1 F300 Z29.900
G0 F3900 X100.080 Y100.080
G0 F300 Z29.700
;TYPE:WALL-OUTER
;WIDTH:0.400
G1 F300 Z29.700
G1 F1500 E3502.0054
G1 F2034 X149.920 Y100.080 E3504.4920
G1 X149.920 Y149.920 E3506.9785
G1 X100.080 Y149.920 E3509.4650
G1 X100.080 Y100.080 E3511.9516
G1 F2400 E3508.9516
G1 F300 Z29.900
G0 F3900 X100.800 Y100.800
G1 F300 Z29.700
G1 F1500 E3511.9516
G1 F2034 X100.800 Y149.200 E3514.3662
G1 X149.200 Y149.200 E3516.7809
G1 X149.200 Y100.800 E3519.1956
G1 X100.800 Y100.800 E3521.6103
G0 F3900 X100.440 Y100.600
;TYPE:GAP-FILL
;WIDTH:0.320
;FLOW:95.0
G1 F3487 X100.440 Y149.400 E3523.4606
;WIDTH:0.374
G1 X100.600 Y149.560 E3523.4707
;WIDTH:0.320
G1 X149.400 Y149.560 E3525.3210
;WIDTH:0.374
G1 X149.560 Y149.400 E3525.3310
;WIDTH:0.320
G1 X149.560 Y100.600 E3527.1813
;WIDTH:0.374
G1 X149.400 Y100.440 E3527.1914
;WIDTH:0.320
G1 X100.600 Y100.440 E3529.0417
;WIDTH:0.374
;WIDTH:0.376
G1 X100.467 Y100.467 E3529.0477
G1 X100.440 Y100.600 E3529.0538
;PRINTING_TIME: 2066
;REMAINING_TIME: 1097
;LAYER:99
;Z:30.000
;HEIGHT:0.300
;FLOW:100.0
;PRINTING: 0.20mm-nozzle-0.40mm-walls-humebeam-flow-calibration-cube.st
;PRINTING_ID: 0
G1 F2400 E3526.0538
G1 F300 Z30.200
G0 F3900 X100.080 Y100.080
G0 F300 Z30.000
;TYPE:WALL-OUTER
;WIDTH:0.400
G1 F300 Z30.000
G1 F1500 E3529.0538
G1 F2034 X149.920 Y100.080 E3531.5403
G1 X149.920 Y149.920 E3534.0268
G1 X100.080 Y149.920 E3536.5134
G1 X100.080 Y100.080 E3538.9999
G1 F2400 E3535.9999
G1 F300 Z30.200
G0 F3900 X100.800 Y100.800
G1 F300 Z30.000
G1 F1500 E3538.9999
G1 F2034 X100.800 Y149.200 E3541.4146
G1 X149.200 Y149.200 E3543.8293
G1 X149.200 Y100.800 E3546.2440
G1 X100.800 Y100.800 E3548.6586
G0 F3900 X100.440 Y100.600
;TYPE:GAP-FILL
;WIDTH:0.320
;FLOW:95.0
G1 F3487 X100.440 Y149.400 E3550.5090
;WIDTH:0.374
G1 X100.600 Y149.560 E3550.5190
;WIDTH:0.320
G1 X149.400 Y149.560 E3552.3693
;WIDTH:0.374
G1 X149.560 Y149.400 E3552.3794
;WIDTH:0.320
G1 X149.560 Y100.600 E3554.2297
;WIDTH:0.374
G1 X149.400 Y100.440 E3554.2397
;WIDTH:0.320
G1 X100.600 Y100.440 E3556.0900
;WIDTH:0.374
;WIDTH:0.376
G1 X100.467 Y100.467 E3556.0961
G1 X100.440 Y100.600 E3556.1021
;PRINTING_TIME: 2082
;REMAINING_TIME: 1081
;LAYER:100
;Z:30.300
;HEIGHT:0.300
;FLOW:100.0
;PRINTING: 0.20mm-nozzle-0.40mm-walls-humebeam-flow-calibration-cube.st
;PRINTING_ID: 0
G1 F2400 E3553.1021
G1 F300 Z30.500
G0 F3900 X100.080 Y100.080
G0 F300 Z30.300
;TYPE:WALL-OUTER
;WIDTH:0.400
G1 F300 Z30.300
G1 F1500 E3556.1021
G1 F2034 X149.920 Y100.080 E3558.5887
G1 X149.920 Y149.920 E3561.0752
G1 X100.080 Y149.920 E3563.5617
G1 X100.080 Y100.080 E3566.0482
G1 F2400 E3563.0482
G1 F300 Z30.500
G0 F3900 X100.800 Y100.800
G1 F300 Z30.300
G1 F1500 E3566.0482
G1 F2034 X100.800 Y149.200 E3568.4629
G1 X149.200 Y149.200 E3570.8776
G1 X149.200 Y100.800 E3573.2923
G1 X100.800 Y100.800 E3575.7070
G0 F3900 X100.440 Y100.600
;TYPE:GAP-FILL
;WIDTH:0.320
;FLOW:95.0
G1 F3487 X100.440 Y149.400 E3577.5573
;WIDTH:0.374
G1 X100.600 Y149.560 E3577.5673
;WIDTH:0.320
G1 X149.400 Y149.560 E3579.4177
;WIDTH:0.374
G1 X149.560 Y149.400 E3579.4277
;WIDTH:0.320
G1 X149.560 Y100.600 E3581.2780
;WIDTH:0.374
G1 X149.400 Y100.440 E3581.2880
;WIDTH:0.320
G1 X100.600 Y100.440 E3583.1384
;WIDTH:0.374
;WIDTH:0.376
G1 X100.467 Y100.467 E3583.1444
G1 X100.440 Y100.600 E3583.1505
;PRINTING_TIME: 2099
;REMAINING_TIME: 1065
;LAYER:101
;Z:30.600
;HEIGHT:0.300
;FLOW:100.0
;PRINTING: 0.20mm-nozzle-0.40mm-walls-humebeam-flow-calibration-cube.st
;PRINTING_ID: 0
G1 F2400 E3580.1505
G1 F300 Z30.800
G0 F3900 X100.080 Y100.080
G0 F300 Z30.600
;TYPE:WALL-OUTER
;WIDTH:0.400
G1 F300 Z30.600
G1 F1500 E3583.1505
G1 F2034 X149.920 Y100.080 E3585.6370
G1 X149.920 Y149.920 E3588.1235
G1 X100.080 Y149.920 E3590.6101
G1 X100.080 Y100.080 E3593.0966
G1 F2400 E3590.0966
G1 F300 Z30.800
G0 F3900 X100.800 Y100.800
G1 F300 Z30.600
G1 F1500 E3593.0966
G1 F2034 X100.800 Y149.200 E3595.5113
G1 X149.200 Y149.200 E3597.9260
G1 X149.200 Y100.800 E3600.3406
G1 X100.800 Y100.800 E3602.7553
G0 F3900 X100.440 Y100.600
;TYPE:GAP-FILL
;WIDTH:0.320
;FLOW:95.0
G1 F3487 X100.440 Y149.400 E3604.6056
;WIDTH:0.374
G1 X100.600 Y149.560 E3604.6157
;WIDTH:0.320
G1 X149.400 Y149.560 E3606.4660
;WIDTH:0.374
G1 X149.560 Y149.400 E3606.4760
;WIDTH:0.320
G1 X149.560 Y100.600 E3608.3264
;WIDTH:0.374
G1 X149.400 Y100.440 E3608.3364
;WIDTH:0.320
G1 X100.600 Y100.440 E3610.1867
;WIDTH:0.374
;WIDTH:0.376
G1 X100.467 Y100.467 E3610.1928
G1 X100.440 Y100.600 E3610.1988
;PRINTING_TIME: 2115
;REMAINING_TIME: 1049
;LAYER:102
;Z:30.900
;HEIGHT:0.300
;FLOW:100.0
;PRINTING: 0.20mm-nozzle-0.40mm-walls-humebeam-flow-calibration-cube.st
;PRINTING_ID: 0
G1 F2400 E3607.1988
G1 F300 Z31.100
G0 F3900 X100.080 Y100.080
G0 F300 Z30.900
;TYPE:WALL-OUTER
;WIDTH:0.400
G1 F300 Z30.900
G1 F1500 E3610.1988
G1 F2034 X149.920 Y100.080 E3612.6853
G1 X149.920 Y149.920 E3615.1719
G1 X100.080 Y149.920 E3617.6584
G1 X100.080 Y100.080 E3620.1449
G1 F2400 E3617.1449
G1 F300 Z31.100
G0 F3900 X100.800 Y100.800
G1 F300 Z30.900
G1 F1500 E3620.1449
G1 F2034 X100.800 Y149.200 E3622.5596
G1 X149.200 Y149.200 E3624.9743
G1 X149.200 Y100.800 E3627.3890
G1 X100.800 Y100.800 E3629.8037
G0 F3900 X100.440 Y100.600
;TYPE:GAP-FILL
;WIDTH:0.320
;FLOW:95.0
G1 F3487 X100.440 Y149.400 E3631.6540
;WIDTH:0.374
G1 X100.600 Y149.560 E3631.6640
;WIDTH:0.320
G1 X149.400 Y149.560 E3633.5143
;WIDTH:0.374
G1 X149.560 Y149.400 E3633.5244
;WIDTH:0.320
G1 X149.560 Y100.600 E3635.3747
;WIDTH:0.374
G1 X149.400 Y100.440 E3635.3847
;WIDTH:0.320
G1 X100.600 Y100.440 E3637.2351
;WIDTH:0.374
;WIDTH:0.376
G1 X100.467 Y100.467 E3637.2411
G1 X100.440 Y100.600 E3637.2471
;PRINTING_TIME: 2131
;REMAINING_TIME: 1033
;LAYER:103
;Z:31.200
;HEIGHT:0.300
;FLOW:100.0
;PRINTING: 0.20mm-nozzle-0.40mm-walls-humebeam-flow-calibration-cube.st
;PRINTING_ID: 0
G1 F2400 E3634.2471
G1 F300 Z31.400
G0 F3900 X100.080 Y100.080
G0 F300 Z31.200
;TYPE:WALL-OUTER
;WIDTH:0.400
G1 F300 Z31.200
G1 F1500 E3637.2471
G1 F2034 X149.920 Y100.080 E3639.7337
G1 X149.920 Y149.920 E3642.2202
G1 X100.080 Y149.920 E3644.7067
G1 X100.080 Y100.080 E3647.1933
G1 F2400 E3644.1933
G1 F300 Z31.400
G0 F3900 X100.800 Y100.800
G1 F300 Z31.200
G1 F1500 E3647.1933
G1 F2034 X100.800 Y149.200 E3649.6079
G1 X149.200 Y149.200 E3652.0226
G1 X149.200 Y100.800 E3654.4373
G1 X100.800 Y100.800 E3656.8520
G0 F3900 X100.440 Y100.600
;TYPE:GAP-FILL
;WIDTH:0.320
;FLOW:95.0
G1 F3487 X100.440 Y149.400 E3658.7023
;WIDTH:0.374
G1 X100.600 Y149.560 E3658.7124
;WIDTH:0.320
G1 X149.400 Y149.560 E3660.5627
;WIDTH:0.374
G1 X149.560 Y149.400 E3660.5727
;WIDTH:0.320
G1 X149.560 Y100.600 E3662.4230
;WIDTH:0.374
G1 X149.400 Y100.440 E3662.4331
;WIDTH:0.320
G1 X100.600 Y100.440 E3664.2834
;WIDTH:0.374
;WIDTH:0.376
G1 X100.467 Y100.467 E3664.2894
G1 X100.440 Y100.600 E3664.2955
;PRINTING_TIME: 2147
;REMAINING_TIME: 1016
;LAYER:104
;Z:31.500
;HEIGHT:0.300
;FLOW:100.0
;PRINTING: 0.20mm-nozzle-0.40mm-walls-humebeam-flow-calibration-cube.st
;PRINTING_ID: 0
G1 F2400 E3661.2955
G1 F300 Z31.700
G0 F3900 X100.080 Y100.080
G0 F300 Z31.500
;TYPE:WALL-OUTER
;WIDTH:0.400
G1 F300 Z31.500
G1 F1500 E3664.2955
G1 F2034 X149.920 Y100.080 E3666.7820
G1 X149.920 Y149.920 E3669.2685
G1 X100.080 Y149.920 E3671.7551
G1 X100.080 Y100.080 E3674.2416
G1 F2400 E3671.2416
G1 F300 Z31.700
G0 F3900 X100.800 Y100.800
G1 F300 Z31.500
G1 F1500 E3674.2416
G1 F2034 X100.800 Y149.200 E3676.6563
G1 X149.200 Y149.200 E3679.0710
G1 X149.200 Y100.800 E3681.4857
G1 X100.800 Y100.800 E3683.9003
G0 F3900 X100.440 Y100.600
;TYPE:GAP-FILL
;WIDTH:0.320
;FLOW:95.0
G1 F3487 X100.440 Y149.400 E3685.7507
;WIDTH:0.374
G1 X100.600 Y149.560 E3685.7607
;WIDTH:0.320
G1 X149.400 Y149.560 E3687.6110
;WIDTH:0.374
G1 X149.560 Y149.400 E3687.6211
;WIDTH:0.320
G1 X149.560 Y100.600 E3689.4714
;WIDTH:0.374
G1 X149.400 Y100.440 E3689.4814
;WIDTH:0.320
G1 X100.600 Y100.440 E3691.3317
;WIDTH:0.374
;WIDTH:0.376
G1 X100.467 Y100.467 E3691.3378
G1 X100.440 Y100.600 E3691.3438
;PRINTING_TIME: 2164
;REMAINING_TIME: 1000
;LAYER:105
;Z:31.800
;HEIGHT:0.300
;FLOW:100.0
;PRINTING: 0.20mm-nozzle-0.40mm-walls-humebeam-flow-calibration-cube.st
;PRINTING_ID: 0
G1 F2400 E3688.3438
G1 F300 Z32.000
G0 F3900 X100.080 Y100.080
G0 F300 Z31.800
;TYPE:WALL-OUTER
;WIDTH:0.400
G1 F300 Z31.800
G1 F1500 E3691.3438
G1 F2034 X149.920 Y100.080 E3693.8304
G1 X149.920 Y149.920 E3696.3169
G1 X100.080 Y149.920 E3698.8034
G1 X100.080 Y100.080 E3701.2899
G1 F2400 E3698.2899
G1 F300 Z32.000
G0 F3900 X100.800 Y100.800
G1 F300 Z31.800
G1 F1500 E3701.2899
G1 F2034 X100.800 Y149.200 E3703.7046
G1 X149.200 Y149.200 E3706.1193
G1 X149.200 Y100.800 E3708.5340
G1 X100.800 Y100.800 E3710.9487
G0 F3900 X100.440 Y100.600
;TYPE:GAP-FILL
;WIDTH:0.320
;FLOW:95.0
G1 F3487 X100.440 Y149.400 E3712.7990
;WIDTH:0.374
G1 X100.600 Y149.560 E3712.8090
;WIDTH:0.320
G1 X149.400 Y149.560 E3714.6594
;WIDTH:0.374
G1 X149.560 Y149.400 E3714.6694
;WIDTH:0.320
G1 X149.560 Y100.600 E3716.5197
;WIDTH:0.374
G1 X149.400 Y100.440 E3716.5297
;WIDTH:0.320
G1 X100.600 Y100.440 E3718.3801
;WIDTH:0.374
;WIDTH:0.376
G1 X100.467 Y100.467 E3718.3861
G1 X100.440 Y100.600 E3718.3922
;PRINTING_TIME: 2180
;REMAINING_TIME: 984
;LAYER:106
;Z:32.100
;HEIGHT:0.300
;FLOW:100.0
;PRINTING: 0.20mm-nozzle-0.40mm-walls-humebeam-flow-calibration-cube.st
;PRINTING_ID: 0
G1 F2400 E3715.3922
G1 F300 Z32.300
G0 F3900 X100.080 Y100.080
G0 F300 Z32.100
;TYPE:WALL-OUTER
;WIDTH:0.400
G1 F300 Z32.100
G1 F1500 E3718.3922
G1 F2034 X149.920 Y100.080 E3720.8787
G1 X149.920 Y149.920 E3723.3652
G1 X100.080 Y149.920 E3725.8518
G1 X100.080 Y100.080 E3728.3383
G1 F2400 E3725.3383
G1 F300 Z32.300
G0 F3900 X100.800 Y100.800
G1 F300 Z32.100
G1 F1500 E3728.3383
G1 F2034 X100.800 Y149.200 E3730.7530
G1 X149.200 Y149.200 E3733.1676
G1 X149.200 Y100.800 E3735.5823
G1 X100.800 Y100.800 E3737.9970
G0 F3900 X100.440 Y100.600
;TYPE:GAP-FILL
;WIDTH:0.320
;FLOW:95.0
G1 F3487 X100.440 Y149.400 E3739.8473
;WIDTH:0.374
G1 X100.600 Y149.560 E3739.8574
;WIDTH:0.320
G1 X149.400 Y149.560 E3741.7077
;WIDTH:0.374
G1 X149.560 Y149.400 E3741.7177
;WIDTH:0.320
G1 X149.560 Y100.600 E3743.5681
;WIDTH:0.374
G1 X149.400 Y100.440 E3743.5781
;WIDTH:0.320
G1 X100.600 Y100.440 E3745.4284
;WIDTH:0.374
;WIDTH:0.376
G1 X100.467 Y100.467 E3745.4345
G1 X100.440 Y100.600 E3745.4405
;PRINTING_TIME: 2196
;REMAINING_TIME: 968
;LAYER:107
;Z:32.400
;HEIGHT:0.300
;FLOW:100.0
;PRINTING: 0.20mm-nozzle-0.40mm-walls-humebeam-flow-calibration-cube.st
;PRINTING_ID: 0
G1 F2400 E3742.4405
G1 F300 Z32.600
G0 F3900 X100.080 Y100.080
G0 F300 Z32.400
;TYPE:WALL-OUTER
;WIDTH:0.400
G1 F300 Z32.400
G1 F1500 E3745.4405
G1 F2034 X149.920 Y100.080 E3747.9270
G1 X149.920 Y149.920 E3750.4136
G1 X100.080 Y149.920 E3752.9001
G1 X100.080 Y100.080 E3755.3866
G1 F2400 E3752.3866
G1 F300 Z32.600
G0 F3900 X100.800 Y100.800
G1 F300 Z32.400
G1 F1500 E3755.3866
G1 F2034 X100.800 Y149.200 E3757.8013
G1 X149.200 Y149.200 E3760.2160
G1 X149.200 Y100.800 E3762.6307
G1 X100.800 Y100.800 E3765.0454
G0 F3900 X100.440 Y100.600
;TYPE:GAP-FILL
;WIDTH:0.320
;FLOW:95.0
G1 F3487 X100.440 Y149.400 E3766.8957
;WIDTH:0.374
G1 X100.600 Y149.560 E3766.9057
;WIDTH:0.320
G1 X149.400 Y149.560 E3768.7560
;WIDTH:0.374
G1 X149.560 Y149.400 E3768.7661
;WIDTH:0.320
G1 X149.560 Y100.600 E3770.6164
;WIDTH:0.374
G1 X149.400 Y100.440 E3770.6264
;WIDTH:0.320
G1 X100.600 Y100.440 E3772.4768
;WIDTH:0.374
;WIDTH:0.376
G1 X100.467 Y100.467 E3772.4828
G1 X100.440 Y100.600 E3772.4888
;PRINTING_TIME: 2212
;REMAINING_TIME: 952
;LAYER:108
;Z:32.700
;HEIGHT:0.300
;FLOW:100.0
;PRINTING: 0.20mm-nozzle-0.40mm-walls-humebeam-flow-calibration-cube.st
;PRINTING_ID: 0
G1 F2400 E3769.4888
G1 F300 Z32.900
G0 F3900 X100.080 Y100.080
G0 F300 Z32.700
;TYPE:WALL-OUTER
;WIDTH:0.400
G1 F300 Z32.700
G1 F1500 E3772.4888
G1 F2034 X149.920 Y100.080 E3774.9754
G1 X149.920 Y149.920 E3777.4619
G1 X100.080 Y149.920 E3779.9484
G1 X100.080 Y100.080 E3782.4350
G1 F2400 E3779.4350
G1 F300 Z32.900
G0 F3900 X100.800 Y100.800
G1 F300 Z32.700
G1 F1500 E3782.4350
G1 F2034 X100.800 Y149.200 E3784.8496
G1 X149.200 Y149.200 E3787.2643
G1 X149.200 Y100.800 E3789.6790
G1 X100.800 Y100.800 E3792.0937
G0 F3900 X100.440 Y100.600
;TYPE:GAP-FILL
;WIDTH:0.320
;FLOW:95.0
G1 F3487 X100.440 Y149.400 E3793.9440
;WIDTH:0.374
G1 X100.600 Y149.560 E3793.9541
;WIDTH:0.320
G1 X149.400 Y149.560 E3795.8044
;WIDTH:0.374
G1 X149.560 Y149.400 E3795.8144
;WIDTH:0.320
G1 X149.560 Y100.600 E3797.6647
;WIDTH:0.374
G1 X149.400 Y100.440 E3797.6748
;WIDTH:0.320
G1 X100.600 Y100.440 E3799.5251
;WIDTH:0.374
;WIDTH:0.376
G1 X100.467 Y100.467 E3799.5311
G1 X100.440 Y100.600 E3799.5372
;PRINTING_TIME: 2228
;REMAINING_TIME: 936
;LAYER:109
;Z:33.000
;HEIGHT:0.300
;FLOW:100.0
;PRINTING: 0.20mm-nozzle-0.40mm-walls-humebeam-flow-calibration-cube.st
;PRINTING_ID: 0
G1 F2400 E3796.5372
G1 F300 Z33.200
G0 F3900 X100.080 Y100.080
G0 F300 Z33.000
;TYPE:WALL-OUTER
;WIDTH:0.400
G1 F300 Z33.000
G1 F1500 E3799.5372
G1 F2034 X149.920 Y100.080 E3802.0237
G1 X149.920 Y149.920 E3804.5102
G1 X100.080 Y149.920 E3806.9968
G1 X100.080 Y100.080 E3809.4833
G1 F2400 E3806.4833
G1 F300 Z33.200
G0 F3900 X100.800 Y100.800
G1 F300 Z33.000
G1 F1500 E3809.4833
G1 F2034 X100.800 Y149.200 E3811.8980
G1 X149.200 Y149.200 E3814.3127
G1 X149.200 Y100.800 E3816.7274
G1 X100.800 Y100.800 E3819.1420
G0 F3900 X100.440 Y100.600
;TYPE:GAP-FILL
;WIDTH:0.320
;FLOW:95.0
G1 F3487 X100.440 Y149.400 E3820.9924
;WIDTH:0.374
G1 X100.600 Y149.560 E3821.0024
;WIDTH:0.320
G1 X149.400 Y149.560 E3822.8527
;WIDTH:0.374
G1 X149.560 Y149.400 E3822.8628
;WIDTH:0.320
G1 X149.560 Y100.600 E3824.7131
;WIDTH:0.374
G1 X149.400 Y100.440 E3824.7231
;WIDTH:0.320
G1 X100.600 Y100.440 E3826.5734
;WIDTH:0.374
;WIDTH:0.376
G1 X100.467 Y100.467 E3826.5795
G1 X100.440 Y100.600 E3826.5855
;PRINTING_TIME: 2244
;REMAINING_TIME: 919
;LAYER:110
;Z:33.300
;HEIGHT:0.300
;FLOW:100.0
;PRINTING: 0.20mm-nozzle-0.40mm-walls-humebeam-flow-calibration-cube.st
;PRINTING_ID: 0
G1 F2400 E3823.5855
G1 F300 Z33.500
G0 F3900 X100.080 Y100.080
G0 F300 Z33.300
;TYPE:WALL-OUTER
;WIDTH:0.400
G1 F300 Z33.300
G1 F1500 E3826.5855
G1 F2034 X149.920 Y100.080 E3829.0721
G1 X149.920 Y149.920 E3831.5586
G1 X100.080 Y149.920 E3834.0451
G1 X100.080 Y100.080 E3836.5316
G1 F2400 E3833.5316
G1 F300 Z33.500
G0 F3900 X100.800 Y100.800
G1 F300 Z33.300
G1 F1500 E3836.5316
G1 F2034 X100.800 Y149.200 E3838.9463
G1 X149.200 Y149.200 E3841.3610
G1 X149.200 Y100.800 E3843.7757
G1 X100.800 Y100.800 E3846.1904
G0 F3900 X100.440 Y100.600
;TYPE:GAP-FILL
;WIDTH:0.320
;FLOW:95.0
G1 F3487 X100.440 Y149.400 E3848.0407
;WIDTH:0.374
G1 X100.600 Y149.560 E3848.0507
;WIDTH:0.320
G1 X149.400 Y149.560 E3849.9011
;WIDTH:0.374
G1 X149.560 Y149.400 E3849.9111
;WIDTH:0.320
G1 X149.560 Y100.600 E3851.7614
;WIDTH:0.374
G1 X149.400 Y100.440 E3851.7714
;WIDTH:0.320
G1 X100.600 Y100.440 E3853.6218
;WIDTH:0.374
;WIDTH:0.376
G1 X100.467 Y100.467 E3853.6278
G1 X100.440 Y100.600 E3853.6339
;PRINTING_TIME: 2260
;REMAINING_TIME: 903
;LAYER:111
;Z:33.600
;HEIGHT:0.300
;FLOW:100.0
;PRINTING: 0.20mm-nozzle-0.40mm-walls-humebeam-flow-calibration-cube.st
;PRINTING_ID: 0
G1 F2400 E3850.6339
G1 F300 Z33.800
G0 F3900 X100.080 Y100.080
G0 F300 Z33.600
;TYPE:WALL-OUTER
;WIDTH:0.400
G1 F300 Z33.600
G1 F1500 E3853.6339
G1 F2034 X149.920 Y100.080 E3856.1204
G1 X149.920 Y149.920 E3858.6069
G1 X100.080 Y149.920 E3861.0934
G1 X100.080 Y100.080 E3863.5800
G1 F2400 E3860.5800
G1 F300 Z33.800
G0 F3900 X100.800 Y100.800
G1 F300 Z33.600
G1 F1500 E3863.5800
G1 F2034 X100.800 Y149.200 E3865.9947
G1 X149.200 Y149.200 E3868.4093
G1 X149.200 Y100.800 E3870.8240
G1 X100.800 Y100.800 E3873.2387
G0 F3900 X100.440 Y100.600
;TYPE:GAP-FILL
;WIDTH:0.320
;FLOW:95.0
G1 F3487 X100.440 Y149.400 E3875.0890
;WIDTH:0.374
G1 X100.600 Y149.560 E3875.0991
;WIDTH:0.320
G1 X149.400 Y149.560 E3876.9494
;WIDTH:0.374
G1 X149.560 Y149.400 E3876.9594
;WIDTH:0.320
G1 X149.560 Y100.600 E3878.8098
;WIDTH:0.374
G1 X149.400 Y100.440 E3878.8198
;WIDTH:0.320
G1 X100.600 Y100.440 E3880.6701
;WIDTH:0.374
;WIDTH:0.376
G1 X100.467 Y100.467 E3880.6762
G1 X100.440 Y100.600 E3880.6822
;PRINTING_TIME: 2276
;REMAINING_TIME: 887
;LAYER:112
;Z:33.900
;HEIGHT:0.300
;FLOW:100.0
;PRINTING: 0.20mm-nozzle-0.40mm-walls-humebeam-flow-calibration-cube.st
;PRINTING_ID: 0
G1 F2400 E3877.6822
G1 F300 Z34.100
G0 F3900 X100.080 Y100.080
G0 F300 Z33.900
;TYPE:WALL-OUTER
;WIDTH:0.400
G1 F300 Z33.900
G1 F1500 E3880.6822
G1 F2034 X149.920 Y100.080 E3883.1687
G1 X149.920 Y149.920 E3885.6553
G1 X100.080 Y149.920 E3888.1418
G1 X100.080 Y100.080 E3890.6283
G1 F2400 E3887.6283
G1 F300 Z34.100
G0 F3900 X100.800 Y100.800
G1 F300 Z33.900
G1 F1500 E3890.6283
G1 F2034 X100.800 Y149.200 E3893.0430
G1 X149.200 Y149.200 E3895.4577
G1 X149.200 Y100.800 E3897.8724
G1 X100.800 Y100.800 E3900.2871
G0 F3900 X100.440 Y100.600
;TYPE:GAP-FILL
;WIDTH:0.320
;FLOW:95.0
G1 F3487 X100.440 Y149.400 E3902.1374
;WIDTH:0.374
G1 X100.600 Y149.560 E3902.1474
;WIDTH:0.320
G1 X149.400 Y149.560 E3903.9977
;WIDTH:0.374
G1 X149.560 Y149.400 E3904.0078
;WIDTH:0.320
G1 X149.560 Y100.600 E3905.8581
;WIDTH:0.374
G1 X149.400 Y100.440 E3905.8681
;WIDTH:0.320
G1 X100.600 Y100.440 E3907.7185
;WIDTH:0.374
;WIDTH:0.376
G1 X100.467 Y100.467 E3907.7245
G1 X100.440 Y100.600 E3907.7305
;PRINTING_TIME: 2292
;REMAINING_TIME: 871
;LAYER:113
;Z:34.200
;HEIGHT:0.300
;FLOW:100.0
;PRINTING: 0.20mm-nozzle-0.40mm-walls-humebeam-flow-calibration-cube.st
;PRINTING_ID: 0
G1 F2400 E3904.7305
G1 F300 Z34.400
G0 F3900 X100.080 Y100.080
G0 F300 Z34.200
;TYPE:WALL-OUTER
;WIDTH:0.400
G1 F300 Z34.200
G1 F1500 E3907.7305
G1 F2034 X149.920 Y100.080 E3910.2171
G1 X149.920 Y149.920 E3912.7036
G1 X100.080 Y149.920 E3915.1901
G1 X100.080 Y100.080 E3917.6767
G1 F2400 E3914.6767
G1 F300 Z34.400
G0 F3900 X100.800 Y100.800
G1 F300 Z34.200
G1 F1500 E3917.6767
G1 F2034 X100.800 Y149.200 E3920.0913
G1 X149.200 Y149.200 E3922.5060
G1 X149.200 Y100.800 E3924.9207
G1 X100.800 Y100.800 E3927.3354
G0 F3900 X100.440 Y100.600
;TYPE:GAP-FILL
;WIDTH:0.320
;FLOW:95.0
G1 F3487 X100.440 Y149.400 E3929.1857
;WIDTH:0.374
G1 X100.600 Y149.560 E3929.1958
;WIDTH:0.320
G1 X149.400 Y149.560 E3931.0461
;WIDTH:0.374
G1 X149.560 Y149.400 E3931.0561
;WIDTH:0.320
G1 X149.560 Y100.600 E3932.9064
;WIDTH:0.374
G1 X149.400 Y100.440 E3932.9165
;WIDTH:0.320
G1 X100.600 Y100.440 E3934.7668
;WIDTH:0.374
;WIDTH:0.376
G1 X100.467 Y100.467 E3934.7728
G1 X100.440 Y100.600 E3934.7789
;PRINTING_TIME: 2309
;REMAINING_TIME: 855
;LAYER:114
;Z:34.500
;HEIGHT:0.300
;FLOW:100.0
;PRINTING: 0.20mm-nozzle-0.40mm-walls-humebeam-flow-calibration-cube.st
;PRINTING_ID: 0
G1 F2400 E3931.7789
G1 F300 Z34.700
G0 F3900 X100.080 Y100.080
G0 F300 Z34.500
;TYPE:WALL-OUTER
;WIDTH:0.400
G1 F300 Z34.500
G1 F1500 E3934.7789
G1 F2034 X149.920 Y100.080 E3937.2654
G1 X149.920 Y149.920 E3939.7519
G1 X100.080 Y149.920 E3942.2385
G1 X100.080 Y100.080 E3944.7250
G1 F2400 E3941.7250
G1 F300 Z34.700
G0 F3900 X100.800 Y100.800
G1 F300 Z34.500
G1 F1500 E3944.7250
G1 F2034 X100.800 Y149.200 E3947.1397
G1 X149.200 Y149.200 E3949.5544
G1 X149.200 Y100.800 E3951.9691
G1 X100.800 Y100.800 E3954.3837
G0 F3900 X100.440 Y100.600
;TYPE:GAP-FILL
;WIDTH:0.320
;FLOW:95.0
G1 F3487 X100.440 Y149.400 E3956.2341
;WIDTH:0.374
G1 X100.600 Y149.560 E3956.2441
;WIDTH:0.320
G1 X149.400 Y149.560 E3958.0944
;WIDTH:0.374
G1 X149.560 Y149.400 E3958.1045
;WIDTH:0.320
G1 X149.560 Y100.600 E3959.9548
;WIDTH:0.374
G1 X149.400 Y100.440 E3959.9648
;WIDTH:0.320
G1 X100.600 Y100.440 E3961.8151
;WIDTH:0.374
;WIDTH:0.376
G1 X100.467 Y100.467 E3961.8212
G1 X100.440 Y100.600 E3961.8272
;PRINTING_TIME: 2325
;REMAINING_TIME: 839
;LAYER:115
;Z:34.800
;HEIGHT:0.300
;FLOW:100.0
;PRINTING: 0.20mm-nozzle-0.40mm-walls-humebeam-flow-calibration-cube.st
;PRINTING_ID: 0
G1 F2400 E3958.8272
G1 F300 Z35.000
G0 F3900 X100.080 Y100.080
G0 F300 Z34.800
;TYPE:WALL-OUTER
;WIDTH:0.400
G1 F300 Z34.800
G1 F1500 E3961.8272
G1 F2034 X149.920 Y100.080 E3964.3138
G1 X149.920 Y149.920 E3966.8003
G1 X100.080 Y149.920 E3969.2868
G1 X100.080 Y100.080 E3971.7733
G1 F2400 E3968.7733
G1 F300 Z35.000
G0 F3900 X100.800 Y100.800
G1 F300 Z34.800
G1 F1500 E3971.7733
G1 F2034 X100.800 Y149.200 E3974.1880
G1 X149.200 Y149.200 E3976.6027
G1 X149.200 Y100.800 E3979.0174
G1 X100.800 Y100.800 E3981.4321
G0 F3900 X100.440 Y100.600
;TYPE:GAP-FILL
;WIDTH:0.320
;FLOW:95.0
G1 F3487 X100.440 Y149.400 E3983.2824
;WIDTH:0.374
G1 X100.600 Y149.560 E3983.2924
;WIDTH:0.320
G1 X149.400 Y149.560 E3985.1428
;WIDTH:0.374
G1 X149.560 Y149.400 E3985.1528
;WIDTH:0.320
G1 X149.560 Y100.600 E3987.0031
;WIDTH:0.374
G1 X149.400 Y100.440 E3987.0131
;WIDTH:0.320
G1 X100.600 Y100.440 E3988.8635
;WIDTH:0.374
;WIDTH:0.376
G1 X100.467 Y100.467 E3988.8695
G1 X100.440 Y100.600 E3988.8756
;PRINTING_TIME: 2341
;REMAINING_TIME: 823
;LAYER:116
;Z:35.100
;HEIGHT:0.300
;FLOW:100.0
;PRINTING: 0.20mm-nozzle-0.40mm-walls-humebeam-flow-calibration-cube.st
;PRINTING_ID: 0
G1 F2400 E3985.8756
G1 F300 Z35.300
G0 F3900 X100.080 Y100.080
G0 F300 Z35.100
;TYPE:WALL-OUTER
;WIDTH:0.400
G1 F300 Z35.100
G1 F1500 E3988.8756
G1 F2034 X149.920 Y100.080 E3991.3621
G1 X149.920 Y149.920 E3993.8486
G1 X100.080 Y149.920 E3996.3351
G1 X100.080 Y100.080 E3998.8217
G1 F2400 E3995.8217
G1 F300 Z35.300
G0 F3900 X100.800 Y100.800
G1 F300 Z35.100
G1 F1500 E3998.8217
G1 F2034 X100.800 Y149.200 E4001.2364
G1 X149.200 Y149.200 E4003.6510
G1 X149.200 Y100.800 E4006.0657
G1 X100.800 Y100.800 E4008.4804
G0 F3900 X100.440 Y100.600
;TYPE:GAP-FILL
;WIDTH:0.320
;FLOW:95.0
G1 F3487 X100.440 Y149.400 E4010.3307
;WIDTH:0.374
G1 X100.600 Y149.560 E4010.3408
;WIDTH:0.320
G1 X149.400 Y149.560 E4012.1911
;WIDTH:0.374
G1 X149.560 Y149.400 E4012.2011
;WIDTH:0.320
G1 X149.560 Y100.600 E4014.0515
;WIDTH:0.374
G1 X149.400 Y100.440 E4014.0615
;WIDTH:0.320
G1 X100.600 Y100.440 E4015.9118
;WIDTH:0.374
;WIDTH:0.376
G1 X100.467 Y100.467 E4015.9179
G1 X100.440 Y100.600 E4015.9239
;PRINTING_TIME: 2357
;REMAINING_TIME: 807
;LAYER:117
;Z:35.400
;HEIGHT:0.300
;FLOW:100.0
;PRINTING: 0.20mm-nozzle-0.40mm-walls-humebeam-flow-calibration-cube.st
;PRINTING_ID: 0
G1 F2400 E4012.9239
G1 F300 Z35.600
G0 F3900 X100.080 Y100.080
G0 F300 Z35.400
;TYPE:WALL-OUTER
;WIDTH:0.400
G1 F300 Z35.400
G1 F1500 E4015.9239
G1 F2034 X149.920 Y100.080 E4018.4104
G1 X149.920 Y149.920 E4020.8970
G1 X100.080 Y149.920 E4023.3835
G1 X100.080 Y100.080 E4025.8700
G1 F2400 E4022.8700
G1 F300 Z35.600
G0 F3900 X100.800 Y100.800
G1 F300 Z35.400
G1 F1500 E4025.8700
G1 F2034 X100.800 Y149.200 E4028.2847
G1 X149.200 Y149.200 E4030.6994
G1 X149.200 Y100.800 E4033.1141
G1 X100.800 Y100.800 E4035.5288
G0 F3900 X100.440 Y100.600
;TYPE:GAP-FILL
;WIDTH:0.320
;FLOW:95.0
G1 F3487 X100.440 Y149.400 E4037.3791
;WIDTH:0.374
G1 X100.600 Y149.560 E4037.3891
;WIDTH:0.320
G1 X149.400 Y149.560 E4039.2394
;WIDTH:0.374
G1 X149.560 Y149.400 E4039.2495
;WIDTH:0.320
G1 X149.560 Y100.600 E4041.0998
;WIDTH:0.374
G1 X149.400 Y100.440 E4041.1098
;WIDTH:0.320
G1 X100.600 Y100.440 E4042.9602
;WIDTH:0.374
;WIDTH:0.376
G1 X100.467 Y100.467 E4042.9662
G1 X100.440 Y100.600 E4042.9722
;PRINTING_TIME: 2373
;REMAINING_TIME: 791
;LAYER:118
;Z:35.700
;HEIGHT:0.300
;FLOW:100.0
;PRINTING: 0.20mm-nozzle-0.40mm-walls-humebeam-flow-calibration-cube.st
;PRINTING_ID: 0
G1 F2400 E4039.9722
G1 F300 Z35.900
G0 F3900 X100.080 Y100.080
G0 F300 Z35.700
;TYPE:WALL-OUTER
;WIDTH:0.400
G1 F300 Z35.700
G1 F1500 E4042.9722
G1 F2034 X149.920 Y100.080 E4045.4588
G1 X149.920 Y149.920 E4047.9453
G1 X100.080 Y149.920 E4050.4318
G1 X100.080 Y100.080 E4052.9184
G1 F2400 E4049.9184
G1 F300 Z35.900
G0 F3900 X100.800 Y100.800
G1 F300 Z35.700
G1 F1500 E4052.9184
G1 F2034 X100.800 Y149.200 E4055.3330
G1 X149.200 Y149.200 E4057.7477
G1 X149.200 Y100.800 E4060.1624
G1 X100.800 Y100.800 E4062.5771
G0 F3900 X100.440 Y100.600
;TYPE:GAP-FILL
;WIDTH:0.320
;FLOW:95.0
G1 F3487 X100.440 Y149.400 E4064.4274
;WIDTH:0.374
G1 X100.600 Y149.560 E4064.4375
;WIDTH:0.320
G1 X149.400 Y149.560 E4066.2878
;WIDTH:0.374
G1 X149.560 Y149.400 E4066.2978
;WIDTH:0.320
G1 X149.560 Y100.600 E4068.1481
;WIDTH:0.374
G1 X149.400 Y100.440 E4068.1582
;WIDTH:0.320
G1 X100.600 Y100.440 E4070.0085
;WIDTH:0.374
;WIDTH:0.376
G1 X100.467 Y100.467 E4070.0145
G1 X100.440 Y100.600 E4070.0206
;PRINTING_TIME: 2389
;REMAINING_TIME: 774
;LAYER:119
;Z:36.000
;HEIGHT:0.300
;FLOW:100.0
;PRINTING: 0.20mm-nozzle-0.40mm-walls-humebeam-flow-calibration-cube.st
;PRINTING_ID: 0
G1 F2400 E4067.0206
G1 F300 Z36.200
G0 F3900 X100.080 Y100.080
G0 F300 Z36.000
;TYPE:WALL-OUTER
;WIDTH:0.400
G1 F300 Z36.000
G1 F1500 E4070.0206
G1 F2034 X149.920 Y100.080 E4072.5071
G1 X149.920 Y149.920 E4074.9936
G1 X100.080 Y149.920 E4077.4802
G1 X100.080 Y100.080 E4079.9667
G1 F2400 E4076.9667
G1 F300 Z36.200
G0 F3900 X100.800 Y100.800
G1 F300 Z36.000
G1 F1500 E4079.9667
G1 F2034 X100.800 Y149.200 E4082.3814
G1 X149.200 Y149.200 E4084.7961
G1 X149.200 Y100.800 E4087.2108
G1 X100.800 Y100.800 E4089.6254
G0 F3900 X100.440 Y100.600
;TYPE:GAP-FILL
;WIDTH:0.320
;FLOW:95.0
G1 F3487 X100.440 Y149.400 E4091.4758
;WIDTH:0.374
G1 X100.600 Y149.560 E4091.4858
;WIDTH:0.320
G1 X149.400 Y149.560 E4093.3361
;WIDTH:0.374
G1 X149.560 Y149.400 E4093.3462
;WIDTH:0.320
G1 X149.560 Y100.600 E4095.1965
;WIDTH:0.374
G1 X149.400 Y100.440 E4095.2065
;WIDTH:0.320
G1 X100.600 Y100.440 E4097.0568
;WIDTH:0.374
;WIDTH:0.376
G1 X100.467 Y100.467 E4097.0629
G1 X100.440 Y100.600 E4097.0689
;PRINTING_TIME: 2406
;REMAINING_TIME: 758
;LAYER:120
;Z:36.300
;HEIGHT:0.300
;FLOW:100.0
;PRINTING: 0.20mm-nozzle-0.40mm-walls-humebeam-flow-calibration-cube.st
;PRINTING_ID: 0
G1 F2400 E4094.0689
G1 F300 Z36.500
G0 F3900 X100.080 Y100.080
G0 F300 Z36.300
;TYPE:WALL-OUTER
;WIDTH:0.400
G1 F300 Z36.300
G1 F1500 E4097.0689
G1 F2034 X149.920 Y100.080 E4099.5555
G1 X149.920 Y149.920 E4102.0420
G1 X100.080 Y149.920 E4104.5285
G1 X100.080 Y100.080 E4107.0150
G1 F2400 E4104.0150
G1 F300 Z36.500
G0 F3900 X100.800 Y100.800
G1 F300 Z36.300
G1 F1500 E4107.0150
G1 F2034 X100.800 Y149.200 E4109.4297
G1 X149.200 Y149.200 E4111.8444
G1 X149.200 Y100.800 E4114.2591
G1 X100.800 Y100.800 E4116.6738
G0 F3900 X100.440 Y100.600
;TYPE:GAP-FILL
;WIDTH:0.320
;FLOW:95.0
G1 F3487 X100.440 Y149.400 E4118.5241
;WIDTH:0.374
G1 X100.600 Y149.560 E4118.5341
;WIDTH:0.320
G1 X149.400 Y149.560 E4120.3845
;WIDTH:0.374
G1 X149.560 Y149.400 E4120.3945
;WIDTH:0.320
G1 X149.560 Y100.600 E4122.2448
;WIDTH:0.374
G1 X149.400 Y100.440 E4122.2548
;WIDTH:0.320
G1 X100.600 Y100.440 E4124.1052
;WIDTH:0.374
;WIDTH:0.376
G1 X100.467 Y100.467 E4124.1112
G1 X100.440 Y100.600 E4124.1173
;PRINTING_TIME: 2422
;REMAINING_TIME: 742
;LAYER:121
;Z:36.600
;HEIGHT:0.300
;FLOW:100.0
;PRINTING: 0.20mm-nozzle-0.40mm-walls-humebeam-flow-calibration-cube.st
;PRINTING_ID: 0
G1 F2400 E4121.1173
G1 F300 Z36.800
G0 F3900 X100.080 Y100.080
G0 F300 Z36.600
;TYPE:WALL-OUTER
;WIDTH:0.400
G1 F300 Z36.600
G1 F1500 E4124.1173
G1 F2034 X149.920 Y100.080 E4126.6038
G1 X149.920 Y149.920 E4129.0903
G1 X100.080 Y149.920 E4131.5768
G1 X100.080 Y100.080 E4134.0634
G1 F2400 E4131.0634
G1 F300 Z36.800
G0 F3900 X100.800 Y100.800
G1 F300 Z36.600
G1 F1500 E4134.0634
G1 F2034 X100.800 Y149.200 E4136.4781
G1 X149.200 Y149.200 E4138.8927
G1 X149.200 Y100.800 E4141.3074
G1 X100.800 Y100.800 E4143.7221
G0 F3900 X100.440 Y100.600
;TYPE:GAP-FILL
;WIDTH:0.320
;FLOW:95.0
G1 F3487 X100.440 Y149.400 E4145.5724
;WIDTH:0.374
G1 X100.600 Y149.560 E4145.5825
;WIDTH:0.320
G1 X149.400 Y149.560 E4147.4328
;WIDTH:0.374
G1 X149.560 Y149.400 E4147.4428
;WIDTH:0.320
G1 X149.560 Y100.600 E4149.2932
;WIDTH:0.374
G1 X149.400 Y100.440 E4149.3032
;WIDTH:0.320
G1 X100.600 Y100.440 E4151.1535
;WIDTH:0.374
;WIDTH:0.376
G1 X100.467 Y100.467 E4151.1596
G1 X100.440 Y100.600 E4151.1656
;PRINTING_TIME: 2438
;REMAINING_TIME: 726
;LAYER:122
;Z:36.900
;HEIGHT:0.300
;FLOW:100.0
;PRINTING: 0.20mm-nozzle-0.40mm-walls-humebeam-flow-calibration-cube.st
;PRINTING_ID: 0
G1 F2400 E4148.1656
G1 F300 Z37.100
G0 F3900 X100.080 Y100.080
G0 F300 Z36.900
;TYPE:WALL-OUTER
;WIDTH:0.400
G1 F300 Z36.900
G1 F1500 E4151.1656
G1 F2034 X149.920 Y100.080 E4153.6521
G1 X149.920 Y149.920 E4156.1387
G1 X100.080 Y149.920 E4158.6252
G1 X100.080 Y100.080 E4161.1117
G1 F2400 E4158.1117
G1 F300 Z37.100
G0 F3900 X100.800 Y100.800
G1 F300 Z36.900
G1 F1500 E4161.1117
G1 F2034 X100.800 Y149.200 E4163.5264
G1 X149.200 Y149.200 E4165.9411
G1 X149.200 Y100.800 E4168.3558
G1 X100.800 Y100.800 E4170.7705
G0 F3900 X100.440 Y100.600
;TYPE:GAP-FILL
;WIDTH:0.320
;FLOW:95.0
G1 F3487 X100.440 Y149.400 E4172.6208
;WIDTH:0.374
G1 X100.600 Y149.560 E4172.6308
;WIDTH:0.320
G1 X149.400 Y149.560 E4174.4811
;WIDTH:0.374
G1 X149.560 Y149.400 E4174.4912
;WIDTH:0.320
G1 X149.560 Y100.600 E4176.3415
;WIDTH:0.374
G1 X149.400 Y100.440 E4176.3515
;WIDTH:0.320
G1 X100.600 Y100.440 E4178.2019
;WIDTH:0.374
;WIDTH:0.376
G1 X100.467 Y100.467 E4178.2079
G1 X100.440 Y100.600 E4178.2139
;PRINTING_TIME: 2454
;REMAINING_TIME: 710
;LAYER:123
;Z:37.200
;HEIGHT:0.300
;FLOW:100.0
;PRINTING: 0.20mm-nozzle-0.40mm-walls-humebeam-flow-calibration-cube.st
;PRINTING_ID: 0
G1 F2400 E4175.2139
G1 F300 Z37.400
G0 F3900 X100.080 Y100.080
G0 F300 Z37.200
;TYPE:WALL-OUTER
;WIDTH:0.400
G1 F300 Z37.200
G1 F1500 E4178.2139
G1 F2034 X149.920 Y100.080 E4180.7005
G1 X149.920 Y149.920 E4183.1870
G1 X100.080 Y149.920 E4185.6735
G1 X100.080 Y100.080 E4188.1601
G1 F2400 E4185.1601
G1 F300 Z37.400
G0 F3900 X100.800 Y100.800
G1 F300 Z37.200
G1 F1500 E4188.1601
G1 F2034 X100.800 Y149.200 E4190.5747
G1 X149.200 Y149.200 E4192.9894
G1 X149.200 Y100.800 E4195.4041
G1 X100.800 Y100.800 E4197.8188
G0 F3900 X100.440 Y100.600
;TYPE:GAP-FILL
;WIDTH:0.320
;FLOW:95.0
G1 F3487 X100.440 Y149.400 E4199.6691
;WIDTH:0.374
G1 X100.600 Y149.560 E4199.6792
;WIDTH:0.320
G1 X149.400 Y149.560 E4201.5295
;WIDTH:0.374
G1 X149.560 Y149.400 E4201.5395
;WIDTH:0.320
G1 X149.560 Y100.600 E4203.3898
;WIDTH:0.374
G1 X149.400 Y100.440 E4203.3999
;WIDTH:0.320
G1 X100.600 Y100.440 E4205.2502
;WIDTH:0.374
;WIDTH:0.376
G1 X100.467 Y100.467 E4205.2562
G1 X100.440 Y100.600 E4205.2623
;PRINTING_TIME: 2470
;REMAINING_TIME: 694
;LAYER:124
;Z:37.500
;HEIGHT:0.300
;FLOW:100.0
;PRINTING: 0.20mm-nozzle-0.40mm-walls-humebeam-flow-calibration-cube.st
;PRINTING_ID: 0
G1 F2400 E4202.2623
G1 F300 Z37.700
G0 F3900 X100.080 Y100.080
G0 F300 Z37.500
;TYPE:WALL-OUTER
;WIDTH:0.400
G1 F300 Z37.500
G1 F1500 E4205.2623
G1 F2034 X149.920 Y100.080 E4207.7488
G1 X149.920 Y149.920 E4210.2353
G1 X100.080 Y149.920 E4212.7219
G1 X100.080 Y100.080 E4215.2084
G1 F2400 E4212.2084
G1 F300 Z37.700
G0 F3900 X100.800 Y100.800
G1 F300 Z37.500
G1 F1500 E4215.2084
G1 F2034 X100.800 Y149.200 E4217.6231
G1 X149.200 Y149.200 E4220.0378
G1 X149.200 Y100.800 E4222.4525
G1 X100.800 Y100.800 E4224.8671
G0 F3900 X100.440 Y100.600
;TYPE:GAP-FILL
;WIDTH:0.320
;FLOW:95.0
G1 F3487 X100.440 Y149.400 E4226.7175
;WIDTH:0.374
G1 X100.600 Y149.560 E4226.7275
;WIDTH:0.320
G1 X149.400 Y149.560 E4228.5778
;WIDTH:0.374
G1 X149.560 Y149.400 E4228.5878
;WIDTH:0.320
G1 X149.560 Y100.600 E4230.4382
;WIDTH:0.374
G1 X149.400 Y100.440 E4230.4482
;WIDTH:0.320
G1 X100.600 Y100.440 E4232.2985
;WIDTH:0.374
;WIDTH:0.376
G1 X100.467 Y100.467 E4232.3046
G1 X100.440 Y100.600 E4232.3106
;PRINTING_TIME: 2486
;REMAINING_TIME: 677
;LAYER:125
;Z:37.800
;HEIGHT:0.300
;FLOW:100.0
;PRINTING: 0.20mm-nozzle-0.40mm-walls-humebeam-flow-calibration-cube.st
;PRINTING_ID: 0
G1 F2400 E4229.3106
G1 F300 Z38.000
G0 F3900 X100.080 Y100.080
G0 F300 Z37.800
;TYPE:WALL-OUTER
;WIDTH:0.400
G1 F300 Z37.800
G1 F1500 E4232.3106
G1 F2034 X149.920 Y100.080 E4234.7972
G1 X149.920 Y149.920 E4237.2837
G1 X100.080 Y149.920 E4239.7702
G1 X100.080 Y100.080 E4242.2567
G1 F2400 E4239.2567
G1 F300 Z38.000
G0 F3900 X100.800 Y100.800
G1 F300 Z37.800
G1 F1500 E4242.2567
G1 F2034 X100.800 Y149.200 E4244.6714
G1 X149.200 Y149.200 E4247.0861
G1 X149.200 Y100.800 E4249.5008
G1 X100.800 Y100.800 E4251.9155
G0 F3900 X100.440 Y100.600
;TYPE:GAP-FILL
;WIDTH:0.320
;FLOW:95.0
G1 F3487 X100.440 Y149.400 E4253.7658
;WIDTH:0.374
G1 X100.600 Y149.560 E4253.7758
;WIDTH:0.320
G1 X149.400 Y149.560 E4255.6262
;WIDTH:0.374
G1 X149.560 Y149.400 E4255.6362
;WIDTH:0.320
G1 X149.560 Y100.600 E4257.4865
;WIDTH:0.374
G1 X149.400 Y100.440 E4257.4965
;WIDTH:0.320
G1 X100.600 Y100.440 E4259.3469
;WIDTH:0.374
;WIDTH:0.376
G1 X100.467 Y100.467 E4259.3529
G1 X100.440 Y100.600 E4259.3590
;PRINTING_TIME: 2502
;REMAINING_TIME: 661
;LAYER:126
;Z:38.100
;HEIGHT:0.300
;FLOW:100.0
;PRINTING: 0.20mm-nozzle-0.40mm-walls-humebeam-flow-calibration-cube.st
;PRINTING_ID: 0
G1 F2400 E4256.3590
G1 F300 Z38.300
G0 F3900 X100.080 Y100.080
G0 F300 Z38.100
;TYPE:WALL-OUTER
;WIDTH:0.400
G1 F300 Z38.100
G1 F1500 E4259.3590
G1 F2034 X149.920 Y100.080 E4261.8455
G1 X149.920 Y149.920 E4264.3320
G1 X100.080 Y149.920 E4266.8185
G1 X100.080 Y100.080 E4269.3051
G1 F2400 E4266.3051
G1 F300 Z38.300
G0 F3900 X100.800 Y100.800
G1 F300 Z38.100
G1 F1500 E4269.3051
G1 F2034 X100.800 Y149.200 E4271.7198
G1 X149.200 Y149.200 E4274.1344
G1 X149.200 Y100.800 E4276.5491
G1 X100.800 Y100.800 E4278.9638
G0 F3900 X100.440 Y100.600
;TYPE:GAP-FILL
;WIDTH:0.320
;FLOW:95.0
G1 F3487 X100.440 Y149.400 E4280.8141
;WIDTH:0.374
G1 X100.600 Y149.560 E4280.8242
;WIDTH:0.320
G1 X149.400 Y149.560 E4282.6745
;WIDTH:0.374
G1 X149.560 Y149.400 E4282.6845
;WIDTH:0.320
G1 X149.560 Y100.600 E4284.5349
;WIDTH:0.374
G1 X149.400 Y100.440 E4284.5449
;WIDTH:0.320
G1 X100.600 Y100.440 E4286.3952
;WIDTH:0.374
;WIDTH:0.376
G1 X100.467 Y100.467 E4286.4013
G1 X100.440 Y100.600 E4286.4073
;PRINTING_TIME: 2518
;REMAINING_TIME: 645
;LAYER:127
;Z:38.400
;HEIGHT:0.300
;FLOW:100.0
;PRINTING: 0.20mm-nozzle-0.40mm-walls-humebeam-flow-calibration-cube.st
;PRINTING_ID: 0
G1 F2400 E4283.4073
G1 F300 Z38.600
G0 F3900 X100.080 Y100.080
G0 F300 Z38.400
;TYPE:WALL-OUTER
;WIDTH:0.400
G1 F300 Z38.400
G1 F1500 E4286.4073
G1 F2034 X149.920 Y100.080 E4288.8938
G1 X149.920 Y149.920 E4291.3804
G1 X100.080 Y149.920 E4293.8669
G1 X100.080 Y100.080 E4296.3534
G1 F2400 E4293.3534
G1 F300 Z38.600
G0 F3900 X100.800 Y100.800
G1 F300 Z38.400
G1 F1500 E4296.3534
G1 F2034 X100.800 Y149.200 E4298.7681
G1 X149.200 Y149.200 E4301.1828
G1 X149.200 Y100.800 E4303.5975
G1 X100.800 Y100.800 E4306.0122
G0 F3900 X100.440 Y100.600
;TYPE:GAP-FILL
;WIDTH:0.320
;FLOW:95.0
G1 F3487 X100.440 Y149.400 E4307.8625
;WIDTH:0.374
G1 X100.600 Y149.560 E4307.8725
;WIDTH:0.320
G1 X149.400 Y149.560 E4309.7228
;WIDTH:0.374
G1 X149.560 Y149.400 E4309.7329
;WIDTH:0.320
G1 X149.560 Y100.600 E4311.5832
;WIDTH:0.374
G1 X149.400 Y100.440 E4311.5932
;WIDTH:0.320
G1 X100.600 Y100.440 E4313.4436
;WIDTH:0.374
;WIDTH:0.376
G1 X100.467 Y100.467 E4313.4496
G1 X100.440 Y100.600 E4313.4556
;PRINTING_TIME: 2534
;REMAINING_TIME: 629
;LAYER:128
;Z:38.700
;HEIGHT:0.300
;FLOW:100.0
;PRINTING: 0.20mm-nozzle-0.40mm-walls-humebeam-flow-calibration-cube.st
;PRINTING_ID: 0
G1 F2400 E4310.4556
G1 F300 Z38.900
G0 F3900 X100.080 Y100.080
G0 F300 Z38.700
;TYPE:WALL-OUTER
;WIDTH:0.400
G1 F300 Z38.700
G1 F1500 E4313.4556
G1 F2034 X149.920 Y100.080 E4315.9422
G1 X149.920 Y149.920 E4318.4287
G1 X100.080 Y149.920 E4320.9152
G1 X100.080 Y100.080 E4323.4018
G1 F2400 E4320.4018
G1 F300 Z38.900
G0 F3900 X100.800 Y100.800
G1 F300 Z38.700
G1 F1500 E4323.4018
G1 F2034 X100.800 Y149.200 E4325.8164
G1 X149.200 Y149.200 E4328.2311
G1 X149.200 Y100.800 E4330.6458
G1 X100.800 Y100.800 E4333.0605
G0 F3900 X100.440 Y100.600
;TYPE:GAP-FILL
;WIDTH:0.320
;FLOW:95.0
G1 F3487 X100.440 Y149.400 E4334.9108
;WIDTH:0.374
G1 X100.600 Y149.560 E4334.9209
;WIDTH:0.320
G1 X149.400 Y149.560 E4336.7712
;WIDTH:0.374
G1 X149.560 Y149.400 E4336.7812
;WIDTH:0.320
G1 X149.560 Y100.600 E4338.6315
;WIDTH:0.374
G1 X149.400 Y100.440 E4338.6416
;WIDTH:0.320
G1 X100.600 Y100.440 E4340.4919
;WIDTH:0.374
;WIDTH:0.376
G1 X100.467 Y100.467 E4340.4979
G1 X100.440 Y100.600 E4340.5040
;PRINTING_TIME: 2551
;REMAINING_TIME: 613
;LAYER:129
;Z:39.000
;HEIGHT:0.300
;FLOW:100.0
;PRINTING: 0.20mm-nozzle-0.40mm-walls-humebeam-flow-calibration-cube.st
;PRINTING_ID: 0
G1 F2400 E4337.5040
G1 F300 Z39.200
G0 F3900 X100.080 Y100.080
G0 F300 Z39.000
;TYPE:WALL-OUTER
;WIDTH:0.400
G1 F300 Z39.000
G1 F1500 E4340.5040
G1 F2034 X149.920 Y100.080 E4342.9905
G1 X149.920 Y149.920 E4345.4770
G1 X100.080 Y149.920 E4347.9636
G1 X100.080 Y100.080 E4350.4501
G1 F2400 E4347.4501
G1 F300 Z39.200
G0 F3900 X100.800 Y100.800
G1 F300 Z39.000
G1 F1500 E4350.4501
G1 F2034 X100.800 Y149.200 E4352.8648
G1 X149.200 Y149.200 E4355.2795
G1 X149.200 Y100.800 E4357.6942
G1 X100.800 Y100.800 E4360.1088
G0 F3900 X100.440 Y100.600
;TYPE:GAP-FILL
;WIDTH:0.320
;FLOW:95.0
G1 F3487 X100.440 Y149.400 E4361.9592
;WIDTH:0.374
G1 X100.600 Y149.560 E4361.9692
;WIDTH:0.320
G1 X149.400 Y149.560 E4363.8195
;WIDTH:0.374
G1 X149.560 Y149.400 E4363.8295
;WIDTH:0.320
G1 X149.560 Y100.600 E4365.6799
;WIDTH:0.374
G1 X149.400 Y100.440 E4365.6899
;WIDTH:0.320
G1 X100.600 Y100.440 E4367.5402
;WIDTH:0.374
;WIDTH:0.376
G1 X100.467 Y100.467 E4367.5463
G1 X100.440 Y100.600 E4367.5523
;PRINTING_TIME: 2567
;REMAINING_TIME: 597
;LAYER:130
;Z:39.300
;HEIGHT:0.300
;FLOW:100.0
;PRINTING: 0.20mm-nozzle-0.40mm-walls-humebeam-flow-calibration-cube.st
;PRINTING_ID: 0
G1 F2400 E4364.5523
G1 F300 Z39.500
G0 F3900 X100.080 Y100.080
G0 F300 Z39.300
;TYPE:WALL-OUTER
;WIDTH:0.400
G1 F300 Z39.300
G1 F1500 E4367.5523
G1 F2034 X149.920 Y100.080 E4370.0389
G1 X149.920 Y149.920 E4372.5254
G1 X100.080 Y149.920 E4375.0119
G1 X100.080 Y100.080 E4377.4984
G1 F2400 E4374.4984
G1 F300 Z39.500
G0 F3900 X100.800 Y100.800
G1 F300 Z39.300
G1 F1500 E4377.4984
G1 F2034 X100.800 Y149.200 E4379.9131
G1 X149.200 Y149.200 E4382.3278
G1 X149.200 Y100.800 E4384.7425
G1 X100.800 Y100.800 E4387.1572
G0 F3900 X100.440 Y100.600
;TYPE:GAP-FILL
;WIDTH:0.320
;FLOW:95.0
G1 F3487 X100.440 Y149.400 E4389.0075
;WIDTH:0.374
G1 X100.600 Y149.560 E4389.0175
;WIDTH:0.320
G1 X149.400 Y149.560 E4390.8679
;WIDTH:0.374
G1 X149.560 Y149.400 E4390.8779
;WIDTH:0.320
G1 X149.560 Y100.600 E4392.7282
;WIDTH:0.374
G1 X149.400 Y100.440 E4392.7382
;WIDTH:0.320
G1 X100.600 Y100.440 E4394.5886
;WIDTH:0.374
;WIDTH:0.376
G1 X100.467 Y100.467 E4394.5946
G1 X100.440 Y100.600 E4394.6007
;PRINTING_TIME: 2583
;REMAINING_TIME: 581
;LAYER:131
;Z:39.600
;HEIGHT:0.300
;FLOW:100.0
;PRINTING: 0.20mm-nozzle-0.40mm-walls-humebeam-flow-calibration-cube.st
;PRINTING_ID: 0
G1 F2400 E4391.6007
G1 F300 Z39.800
G0 F3900 X100.080 Y100.080
G0 F300 Z39.600
;TYPE:WALL-OUTER
;WIDTH:0.400
G1 F300 Z39.600
G1 F1500 E4394.6007
G1 F2034 X149.920 Y100.080 E4397.0872
G1 X149.920 Y149.920 E4399.5737
G1 X100.080 Y149.920 E4402.0602
G1 X100.080 Y100.080 E4404.5468
G1 F2400 E4401.5468
G1 F300 Z39.800
G0 F3900 X100.800 Y100.800
G1 F300 Z39.600
G1 F1500 E4404.5468
G1 F2034 X100.800 Y149.200 E4406.9615
G1 X149.200 Y149.200 E4409.3761
G1 X149.200 Y100.800 E4411.7908
G1 X100.800 Y100.800 E4414.2055
G0 F3900 X100.440 Y100.600
;TYPE:GAP-FILL
;WIDTH:0.320
;FLOW:95.0
G1 F3487 X100.440 Y149.400 E4416.0558
;WIDTH:0.374
G1 X100.600 Y149.560 E4416.0659
;WIDTH:0.320
G1 X149.400 Y149.560 E4417.9162
;WIDTH:0.374
G1 X149.560 Y149.400 E4417.9262
;WIDTH:0.320
G1 X149.560 Y100.600 E4419.7766
;WIDTH:0.374
G1 X149.400 Y100.440 E4419.7866
;WIDTH:0.320
G1 X100.600 Y100.440 E4421.6369
;WIDTH:0.374
;WIDTH:0.376
G1 X100.467 Y100.467 E4421.6430
G1 X100.440 Y100.600 E4421.6490
;PRINTING_TIME: 2599
;REMAINING_TIME: 565
;LAYER:132
;Z:39.900
;HEIGHT:0.300
;FLOW:100.0
;PRINTING: 0.20mm-nozzle-0.40mm-walls-humebeam-flow-calibration-cube.st
;PRINTING_ID: 0
G1 F2400 E4418.6490
G1 F300 Z40.100
G0 F3900 X100.080 Y100.080
G0 F300 Z39.900
;TYPE:WALL-OUTER
;WIDTH:0.400
G1 F300 Z39.900
G1 F1500 E4421.6490
G1 F2034 X149.920 Y100.080 E4424.1355
G1 X149.920 Y149.920 E4426.6221
G1 X100.080 Y149.920 E4429.1086
G1 X100.080 Y100.080 E4431.5951
G1 F2400 E4428.5951
G1 F300 Z40.100
G0 F3900 X100.800 Y100.800
G1 F300 Z39.900
G1 F1500 E4431.5951
G1 F2034 X100.800 Y149.200 E4434.0098
G1 X149.200 Y149.200 E4436.4245
G1 X149.200 Y100.800 E4438.8392
G1 X100.800 Y100.800 E4441.2539
G0 F3900 X100.440 Y100.600
;TYPE:GAP-FILL
;WIDTH:0.320
;FLOW:95.0
G1 F3487 X100.440 Y149.400 E4443.1042
;WIDTH:0.374
G1 X100.600 Y149.560 E4443.1142
;WIDTH:0.320
G1 X149.400 Y149.560 E4444.9645
;WIDTH:0.374
G1 X149.560 Y149.400 E4444.9746
;WIDTH:0.320
G1 X149.560 Y100.600 E4446.8249
;WIDTH:0.374
G1 X149.400 Y100.440 E4446.8349
;WIDTH:0.320
G1 X100.600 Y100.440 E4448.6853
;WIDTH:0.374
;WIDTH:0.376
G1 X100.467 Y100.467 E4448.6913
G1 X100.440 Y100.600 E4448.6973
;PRINTING_TIME: 2615
;REMAINING_TIME: 549
;LAYER:133
;Z:40.200
;HEIGHT:0.300
;FLOW:100.0
;PRINTING: 0.20mm-nozzle-0.40mm-walls-humebeam-flow-calibration-cube.st
;PRINTING_ID: 0
G1 F2400 E4445.6973
G1 F300 Z40.400
G0 F3900 X100.080 Y100.080
G0 F300 Z40.200
;TYPE:WALL-OUTER
;WIDTH:0.400
G1 F300 Z40.200
G1 F1500 E4448.6973
G1 F2034 X149.920 Y100.080 E4451.1839
G1 X149.920 Y149.920 E4453.6704
G1 X100.080 Y149.920 E4456.1569
G1 X100.080 Y100.080 E4458.6435
G1 F2400 E4455.6435
G1 F300 Z40.400
G0 F3900 X100.800 Y100.800
G1 F300 Z40.200
G1 F1500 E4458.6435
G1 F2034 X100.800 Y149.200 E4461.0581
G1 X149.200 Y149.200 E4463.4728
G1 X149.200 Y100.800 E4465.8875
G1 X100.800 Y100.800 E4468.3022
G0 F3900 X100.440 Y100.600
;TYPE:GAP-FILL
;WIDTH:0.320
;FLOW:95.0
G1 F3487 X100.440 Y149.400 E4470.1525
;WIDTH:0.374
G1 X100.600 Y149.560 E4470.1626
;WIDTH:0.320
G1 X149.400 Y149.560 E4472.0129
;WIDTH:0.374
G1 X149.560 Y149.400 E4472.0229
;WIDTH:0.320
G1 X149.560 Y100.600 E4473.8732
;WIDTH:0.374
G1 X149.400 Y100.440 E4473.8833
;WIDTH:0.320
G1 X100.600 Y100.440 E4475.7336
;WIDTH:0.374
;WIDTH:0.376
G1 X100.467 Y100.467 E4475.7396
G1 X100.440 Y100.600 E4475.7457
;PRINTING_TIME: 2631
;REMAINING_TIME: 532
;LAYER:134
;Z:40.500
;HEIGHT:0.300
;FLOW:100.0
;PRINTING: 0.20mm-nozzle-0.40mm-walls-humebeam-flow-calibration-cube.st
;PRINTING_ID: 0
G1 F2400 E4472.7457
G1 F300 Z40.700
G0 F3900 X100.080 Y100.080
G0 F300 Z40.500
;TYPE:WALL-OUTER
;WIDTH:0.400
G1 F300 Z40.500
G1 F1500 E4475.7457
G1 F2034 X149.920 Y100.080 E4478.2322
G1 X149.920 Y149.920 E4480.7187
G1 X100.080 Y149.920 E4483.2053
G1 X100.080 Y100.080 E4485.6918
G1 F2400 E4482.6918
G1 F300 Z40.700
G0 F3900 X100.800 Y100.800
G1 F300 Z40.500
G1 F1500 E4485.6918
G1 F2034 X100.800 Y149.200 E4488.1065
G1 X149.200 Y149.200 E4490.5212
G1 X149.200 Y100.800 E4492.9359
G1 X100.800 Y100.800 E4495.3505
G0 F3900 X100.440 Y100.600
;TYPE:GAP-FILL
;WIDTH:0.320
;FLOW:95.0
G1 F3487 X100.440 Y149.400 E4497.2009
;WIDTH:0.374
G1 X100.600 Y149.560 E4497.2109
;WIDTH:0.320
G1 X149.400 Y149.560 E4499.0612
;WIDTH:0.374
G1 X149.560 Y149.400 E4499.0712
;WIDTH:0.320
G1 X149.560 Y100.600 E4500.9216
;WIDTH:0.374
G1 X149.400 Y100.440 E4500.9316
;WIDTH:0.320
G1 X100.600 Y100.440 E4502.7819
;WIDTH:0.374
;WIDTH:0.376
G1 X100.467 Y100.467 E4502.7880
G1 X100.440 Y100.600 E4502.7940
;PRINTING_TIME: 2648
;REMAINING_TIME: 516
;LAYER:135
;Z:40.800
;HEIGHT:0.300
;FLOW:100.0
;PRINTING: 0.20mm-nozzle-0.40mm-walls-humebeam-flow-calibration-cube.st
;PRINTING_ID: 0
G1 F2400 E4499.7940
G1 F300 Z41.000
G0 F3900 X100.080 Y100.080
G0 F300 Z40.800
;TYPE:WALL-OUTER
;WIDTH:0.400
G1 F300 Z40.800
G1 F1500 E4502.7940
G1 F2034 X149.920 Y100.080 E4505.2806
G1 X149.920 Y149.920 E4507.7671
G1 X100.080 Y149.920 E4510.2536
G1 X100.080 Y100.080 E4512.7401
G1 F2400 E4509.7401
G1 F300 Z41.000
G0 F3900 X100.800 Y100.800
G1 F300 Z40.800
G1 F1500 E4512.7401
G1 F2034 X100.800 Y149.200 E4515.1548
G1 X149.200 Y149.200 E4517.5695
G1 X149.200 Y100.800 E4519.9842
G1 X100.800 Y100.800 E4522.3989
G0 F3900 X100.440 Y100.600
;TYPE:GAP-FILL
;WIDTH:0.320
;FLOW:95.0
G1 F3487 X100.440 Y149.400 E4524.2492
;WIDTH:0.374
G1 X100.600 Y149.560 E4524.2592
;WIDTH:0.320
G1 X149.400 Y149.560 E4526.1096
;WIDTH:0.374
G1 X149.560 Y149.400 E4526.1196
;WIDTH:0.320
G1 X149.560 Y100.600 E4527.9699
;WIDTH:0.374
G1 X149.400 Y100.440 E4527.9799
;WIDTH:0.320
G1 X100.600 Y100.440 E4529.8303
;WIDTH:0.374
;WIDTH:0.376
G1 X100.467 Y100.467 E4529.8363
G1 X100.440 Y100.600 E4529.8424
;PRINTING_TIME: 2664
;REMAINING_TIME: 500
;LAYER:136
;Z:41.100
;HEIGHT:0.300
;FLOW:100.0
;PRINTING: 0.20mm-nozzle-0.40mm-walls-humebeam-flow-calibration-cube.st
;PRINTING_ID: 0
G1 F2400 E4526.8424
G1 F300 Z41.300
G0 F3900 X100.080 Y100.080
G0 F300 Z41.100
;TYPE:WALL-OUTER
;WIDTH:0.400
G1 F300 Z41.100
G1 F1500 E4529.8424
G1 F2034 X149.920 Y100.080 E4532.3289
G1 X149.920 Y149.920 E4534.8154
G1 X100.080 Y149.920 E4537.3019
G1 X100.080 Y100.080 E4539.7885
G1 F2400 E4536.7885
G1 F300 Z41.300
G0 F3900 X100.800 Y100.800
G1 F300 Z41.100
G1 F1500 E4539.7885
G1 F2034 X100.800 Y149.200 E4542.2032
G1 X149.200 Y149.200 E4544.6178
G1 X149.200 Y100.800 E4547.0325
G1 X100.800 Y100.800 E4549.4472
G0 F3900 X100.440 Y100.600
;TYPE:GAP-FILL
;WIDTH:0.320
;FLOW:95.0
G1 F3487 X100.440 Y149.400 E4551.2975
;WIDTH:0.374
G1 X100.600 Y149.560 E4551.3076
;WIDTH:0.320
G1 X149.400 Y149.560 E4553.1579
;WIDTH:0.374
G1 X149.560 Y149.400 E4553.1679
;WIDTH:0.320
G1 X149.560 Y100.600 E4555.0183
;WIDTH:0.374
G1 X149.400 Y100.440 E4555.0283
;WIDTH:0.320
G1 X100.600 Y100.440 E4556.8786
;WIDTH:0.374
;WIDTH:0.376
G1 X100.467 Y100.467 E4556.8847
G1 X100.440 Y100.600 E4556.8907
;PRINTING_TIME: 2680
;REMAINING_TIME: 484
;LAYER:137
;Z:41.400
;HEIGHT:0.300
;FLOW:100.0
;PRINTING: 0.20mm-nozzle-0.40mm-walls-humebeam-flow-calibration-cube.st
;PRINTING_ID: 0
G1 F2400 E4553.8907
G1 F300 Z41.600
G0 F3900 X100.080 Y100.080
G0 F300 Z41.400
;TYPE:WALL-OUTER
;WIDTH:0.400
G1 F300 Z41.400
G1 F1500 E4556.8907
G1 F2034 X149.920 Y100.080 E4559.3772
G1 X149.920 Y149.920 E4561.8638
G1 X100.080 Y149.920 E4564.3503
G1 X100.080 Y100.080 E4566.8368
G1 F2400 E4563.8368
G1 F300 Z41.600
G0 F3900 X100.800 Y100.800
G1 F300 Z41.400
G1 F1500 E4566.8368
G1 F2034 X100.800 Y149.200 E4569.2515
G1 X149.200 Y149.200 E4571.6662
G1 X149.200 Y100.800 E4574.0809
G1 X100.800 Y100.800 E4576.4956
G0 F3900 X100.440 Y100.600
;TYPE:GAP-FILL
;WIDTH:0.320
;FLOW:95.0
G1 F3487 X100.440 Y149.400 E4578.3459
;WIDTH:0.374
G1 X100.600 Y149.560 E4578.3559
;WIDTH:0.320
G1 X149.400 Y149.560 E4580.2062
;WIDTH:0.374
G1 X149.560 Y149.400 E4580.2163
;WIDTH:0.320
G1 X149.560 Y100.600 E4582.0666
;WIDTH:0.374
G1 X149.400 Y100.440 E4582.0766
;WIDTH:0.320
G1 X100.600 Y100.440 E4583.9270
;WIDTH:0.374
;WIDTH:0.376
G1 X100.467 Y100.467 E4583.9330
G1 X100.440 Y100.600 E4583.9390
;PRINTING_TIME: 2696
;REMAINING_TIME: 468
;LAYER:138
;Z:41.700
;HEIGHT:0.300
;FLOW:100.0
;PRINTING: 0.20mm-nozzle-0.40mm-walls-humebeam-flow-calibration-cube.st
;PRINTING_ID: 0
G1 F2400 E4580.9390
G1 F300 Z41.900
G0 F3900 X100.080 Y100.080
G0 F300 Z41.700
;TYPE:WALL-OUTER
;WIDTH:0.400
G1 F300 Z41.700
G1 F1500 E4583.9390
G1 F2034 X149.920 Y100.080 E4586.4256
G1 X149.920 Y149.920 E4588.9121
G1 X100.080 Y149.920 E4591.3986
G1 X100.080 Y100.080 E4593.8852
G1 F2400 E4590.8852
G1 F300 Z41.900
G0 F3900 X100.800 Y100.800
G1 F300 Z41.700
G1 F1500 E4593.8852
G1 F2034 X100.800 Y149.200 E4596.2998
G1 X149.200 Y149.200 E4598.7145
G1 X149.200 Y100.800 E4601.1292
G1 X100.800 Y100.800 E4603.5439
G0 F3900 X100.440 Y100.600
;TYPE:GAP-FILL
;WIDTH:0.320
;FLOW:95.0
G1 F3487 X100.440 Y149.400 E4605.3942
;WIDTH:0.374
G1 X100.600 Y149.560 E4605.4043
;WIDTH:0.320
G1 X149.400 Y149.560 E4607.2546
;WIDTH:0.374
G1 X149.560 Y149.400 E4607.2646
;WIDTH:0.320
G1 X149.560 Y100.600 E4609.1149
;WIDTH:0.374
G1 X149.400 Y100.440 E4609.1250
;WIDTH:0.320
G1 X100.600 Y100.440 E4610.9753
;WIDTH:0.374
;WIDTH:0.376
G1 X100.467 Y100.467 E4610.9813
G1 X100.440 Y100.600 E4610.9874
;PRINTING_TIME: 2712
;REMAINING_TIME: 452
;LAYER:139
;Z:42.000
;HEIGHT:0.300
;FLOW:100.0
;PRINTING: 0.20mm-nozzle-0.40mm-walls-humebeam-flow-calibration-cube.st
;PRINTING_ID: 0
G1 F2400 E4607.9874
G1 F300 Z42.200
G0 F3900 X100.080 Y100.080
G0 F300 Z42.000
;TYPE:WALL-OUTER
;WIDTH:0.400
G1 F300 Z42.000
G1 F1500 E4610.9874
G1 F2034 X149.920 Y100.080 E4613.4739
G1 X149.920 Y149.920 E4615.9604
G1 X100.080 Y149.920 E4618.4470
G1 X100.080 Y100.080 E4620.9335
G1 F2400 E4617.9335
G1 F300 Z42.200
G0 F3900 X100.800 Y100.800
G1 F300 Z42.000
G1 F1500 E4620.9335
G1 F2034 X100.800 Y149.200 E4623.3482
G1 X149.200 Y149.200 E4625.7629
G1 X149.200 Y100.800 E4628.1776
G1 X100.800 Y100.800 E4630.5922
G0 F3900 X100.440 Y100.600
;TYPE:GAP-FILL
;WIDTH:0.320
;FLOW:95.0
G1 F3487 X100.440 Y149.400 E4632.4426
;WIDTH:0.374
G1 X100.600 Y149.560 E4632.4526
;WIDTH:0.320
G1 X149.400 Y149.560 E4634.3029
;WIDTH:0.374
G1 X149.560 Y149.400 E4634.3129
;WIDTH:0.320
G1 X149.560 Y100.600 E4636.1633
;WIDTH:0.374
G1 X149.400 Y100.440 E4636.1733
;WIDTH:0.320
G1 X100.600 Y100.440 E4638.0236
;WIDTH:0.374
;WIDTH:0.376
G1 X100.467 Y100.467 E4638.0297
G1 X100.440 Y100.600 E4638.0357
;PRINTING_TIME: 2728
;REMAINING_TIME: 436
;LAYER:140
;Z:42.300
;HEIGHT:0.300
;FLOW:100.0
;PRINTING: 0.20mm-nozzle-0.40mm-walls-humebeam-flow-calibration-cube.st
;PRINTING_ID: 0
G1 F2400 E4635.0357
G1 F300 Z42.500
G0 F3900 X100.080 Y100.080
G0 F300 Z42.300
;TYPE:WALL-OUTER
;WIDTH:0.400
G1 F300 Z42.300
G1 F1500 E4638.0357
G1 F2034 X149.920 Y100.080 E4640.5223
G1 X149.920 Y149.920 E4643.0088
G1 X100.080 Y149.920 E4645.4953
G1 X100.080 Y100.080 E4647.9818
G1 F2400 E4644.9818
G1 F300 Z42.500
G0 F3900 X100.800 Y100.800
G1 F300 Z42.300
G1 F1500 E4647.9818
G1 F2034 X100.800 Y149.200 E4650.3965
G1 X149.200 Y149.200 E4652.8112
G1 X149.200 Y100.800 E4655.2259
G1 X100.800 Y100.800 E4657.6406
G0 F3900 X100.440 Y100.600
;TYPE:GAP-FILL
;WIDTH:0.320
;FLOW:95.0
G1 F3487 X100.440 Y149.400 E4659.4909
;WIDTH:0.374
G1 X100.600 Y149.560 E4659.5009
;WIDTH:0.320
G1 X149.400 Y149.560 E4661.3513
;WIDTH:0.374
G1 X149.560 Y149.400 E4661.3613
;WIDTH:0.320
G1 X149.560 Y100.600 E4663.2116
;WIDTH:0.374
G1 X149.400 Y100.440 E4663.2216
;WIDTH:0.320
G1 X100.600 Y100.440 E4665.0720
;WIDTH:0.374
;WIDTH:0.376
G1 X100.467 Y100.467 E4665.0780
G1 X100.440 Y100.600 E4665.0841
;PRINTING_TIME: 2744
;REMAINING_TIME: 419
;LAYER:141
;Z:42.600
;HEIGHT:0.300
;FLOW:100.0
;PRINTING: 0.20mm-nozzle-0.40mm-walls-humebeam-flow-calibration-cube.st
;PRINTING_ID: 0
G1 F2400 E4662.0841
G1 F300 Z42.800
G0 F3900 X100.080 Y100.080
G0 F300 Z42.600
;TYPE:WALL-OUTER
;WIDTH:0.400
G1 F300 Z42.600
G1 F1500 E4665.0841
G1 F2034 X149.920 Y100.080 E4667.5706
G1 X149.920 Y149.920 E4670.0571
G1 X100.080 Y149.920 E4672.5436
G1 X100.080 Y100.080 E4675.0302
G1 F2400 E4672.0302
G1 F300 Z42.800
G0 F3900 X100.800 Y100.800
G1 F300 Z42.600
G1 F1500 E4675.0302
G1 F2034 X100.800 Y149.200 E4677.4449
G1 X149.200 Y149.200 E4679.8595
G1 X149.200 Y100.800 E4682.2742
G1 X100.800 Y100.800 E4684.6889
G0 F3900 X100.440 Y100.600
;TYPE:GAP-FILL
;WIDTH:0.320
;FLOW:95.0
G1 F3487 X100.440 Y149.400 E4686.5392
;WIDTH:0.374
G1 X100.600 Y149.560 E4686.5493
;WIDTH:0.320
G1 X149.400 Y149.560 E4688.3996
;WIDTH:0.374
G1 X149.560 Y149.400 E4688.4096
;WIDTH:0.320
G1 X149.560 Y100.600 E4690.2600
;WIDTH:0.374
G1 X149.400 Y100.440 E4690.2700
;WIDTH:0.320
G1 X100.600 Y100.440 E4692.1203
;WIDTH:0.374
;WIDTH:0.376
G1 X100.467 Y100.467 E4692.1264
G1 X100.440 Y100.600 E4692.1324
;PRINTING_TIME: 2760
;REMAINING_TIME: 403
;LAYER:142
;Z:42.900
;HEIGHT:0.300
;FLOW:100.0
;PRINTING: 0.20mm-nozzle-0.40mm-walls-humebeam-flow-calibration-cube.st
;PRINTING_ID: 0
G1 F2400 E4689.1324
G1 F300 Z43.100
G0 F3900 X100.080 Y100.080
G0 F300 Z42.900
;TYPE:WALL-OUTER
;WIDTH:0.400
G1 F300 Z42.900
G1 F1500 E4692.1324
G1 F2034 X149.920 Y100.080 E4694.6189
G1 X149.920 Y149.920 E4697.1055
G1 X100.080 Y149.920 E4699.5920
G1 X100.080 Y100.080 E4702.0785
G1 F2400 E4699.0785
G1 F300 Z43.100
G0 F3900 X100.800 Y100.800
G1 F300 Z42.900
G1 F1500 E4702.0785
G1 F2034 X100.800 Y149.200 E4704.4932
G1 X149.200 Y149.200 E4706.9079
G1 X149.200 Y100.800 E4709.3226
G1 X100.800 Y100.800 E4711.7373
G0 F3900 X100.440 Y100.600
;TYPE:GAP-FILL
;WIDTH:0.320
;FLOW:95.0
G1 F3487 X100.440 Y149.400 E4713.5876
;WIDTH:0.374
G1 X100.600 Y149.560 E4713.5976
;WIDTH:0.320
G1 X149.400 Y149.560 E4715.4479
;WIDTH:0.374
G1 X149.560 Y149.400 E4715.4580
;WIDTH:0.320
G1 X149.560 Y100.600 E4717.3083
;WIDTH:0.374
G1 X149.400 Y100.440 E4717.3183
;WIDTH:0.320
G1 X100.600 Y100.440 E4719.1687
;WIDTH:0.374
;WIDTH:0.376
G1 X100.467 Y100.467 E4719.1747
G1 X100.440 Y100.600 E4719.1807
;PRINTING_TIME: 2776
;REMAINING_TIME: 387
;LAYER:143
;Z:43.200
;HEIGHT:0.300
;FLOW:100.0
;PRINTING: 0.20mm-nozzle-0.40mm-walls-humebeam-flow-calibration-cube.st
;PRINTING_ID: 0
G1 F2400 E4716.1807
G1 F300 Z43.400
G0 F3900 X100.080 Y100.080
G0 F300 Z43.200
;TYPE:WALL-OUTER
;WIDTH:0.400
G1 F300 Z43.200
G1 F1500 E4719.1807
G1 F2034 X149.920 Y100.080 E4721.6673
G1 X149.920 Y149.920 E4724.1538
G1 X100.080 Y149.920 E4726.6403
G1 X100.080 Y100.080 E4729.1269
G1 F2400 E4726.1269
G1 F300 Z43.400
G0 F3900 X100.800 Y100.800
G1 F300 Z43.200
G1 F1500 E4729.1269
G1 F2034 X100.800 Y149.200 E4731.5415
G1 X149.200 Y149.200 E4733.9562
G1 X149.200 Y100.800 E4736.3709
G1 X100.800 Y100.800 E4738.7856
G0 F3900 X100.440 Y100.600
;TYPE:GAP-FILL
;WIDTH:0.320
;FLOW:95.0
G1 F3487 X100.440 Y149.400 E4740.6359
;WIDTH:0.374
G1 X100.600 Y149.560 E4740.6460
;WIDTH:0.320
G1 X149.400 Y149.560 E4742.4963
;WIDTH:0.374
G1 X149.560 Y149.400 E4742.5063
;WIDTH:0.320
G1 X149.560 Y100.600 E4744.3566
;WIDTH:0.374
G1 X149.400 Y100.440 E4744.3667
;WIDTH:0.320
G1 X100.600 Y100.440 E4746.2170
;WIDTH:0.374
;WIDTH:0.376
G1 X100.467 Y100.467 E4746.2230
G1 X100.440 Y100.600 E4746.2291
;PRINTING_TIME: 2793
;REMAINING_TIME: 371
;LAYER:144
;Z:43.500
;HEIGHT:0.300
;FLOW:100.0
;PRINTING: 0.20mm-nozzle-0.40mm-walls-humebeam-flow-calibration-cube.st
;PRINTING_ID: 0
G1 F2400 E4743.2291
G1 F300 Z43.700
G0 F3900 X100.080 Y100.080
G0 F300 Z43.500
;TYPE:WALL-OUTER
;WIDTH:0.400
G1 F300 Z43.500
G1 F1500 E4746.2291
G1 F2034 X149.920 Y100.080 E4748.7156
G1 X149.920 Y149.920 E4751.2021
G1 X100.080 Y149.920 E4753.6887
G1 X100.080 Y100.080 E4756.1752
G1 F2400 E4753.1752
G1 F300 Z43.700
G0 F3900 X100.800 Y100.800
G1 F300 Z43.500
G1 F1500 E4756.1752
G1 F2034 X100.800 Y149.200 E4758.5899
G1 X149.200 Y149.200 E4761.0046
G1 X149.200 Y100.800 E4763.4193
G1 X100.800 Y100.800 E4765.8339
G0 F3900 X100.440 Y100.600
;TYPE:GAP-FILL
;WIDTH:0.320
;FLOW:95.0
G1 F3487 X100.440 Y149.400 E4767.6843
;WIDTH:0.374
G1 X100.600 Y149.560 E4767.6943
;WIDTH:0.320
G1 X149.400 Y149.560 E4769.5446
;WIDTH:0.374
G1 X149.560 Y149.400 E4769.5546
;WIDTH:0.320
G1 X149.560 Y100.600 E4771.4050
;WIDTH:0.374
G1 X149.400 Y100.440 E4771.4150
;WIDTH:0.320
G1 X100.600 Y100.440 E4773.2653
;WIDTH:0.374
;WIDTH:0.376
G1 X100.467 Y100.467 E4773.2714
G1 X100.440 Y100.600 E4773.2774
;PRINTING_TIME: 2809
;REMAINING_TIME: 355
;LAYER:145
;Z:43.800
;HEIGHT:0.300
;FLOW:100.0
;PRINTING: 0.20mm-nozzle-0.40mm-walls-humebeam-flow-calibration-cube.st
;PRINTING_ID: 0
G1 F2400 E4770.2774
G1 F300 Z44.000
G0 F3900 X100.080 Y100.080
G0 F300 Z43.800
;TYPE:WALL-OUTER
;WIDTH:0.400
G1 F300 Z43.800
G1 F1500 E4773.2774
G1 F2034 X149.920 Y100.080 E4775.7640
G1 X149.920 Y149.920 E4778.2505
G1 X100.080 Y149.920 E4780.7370
G1 X100.080 Y100.080 E4783.2235
G1 F2400 E4780.2235
G1 F300 Z44.000
G0 F3900 X100.800 Y100.800
G1 F300 Z43.800
G1 F1500 E4783.2235
G1 F2034 X100.800 Y149.200 E4785.6382
G1 X149.200 Y149.200 E4788.0529
G1 X149.200 Y100.800 E4790.4676
G1 X100.800 Y100.800 E4792.8823
G0 F3900 X100.440 Y100.600
;TYPE:GAP-FILL
;WIDTH:0.320
;FLOW:95.0
G1 F3487 X100.440 Y149.400 E4794.7326
;WIDTH:0.374
G1 X100.600 Y149.560 E4794.7426
;WIDTH:0.320
G1 X149.400 Y149.560 E4796.5930
;WIDTH:0.374
G1 X149.560 Y149.400 E4796.6030
;WIDTH:0.320
G1 X149.560 Y100.600 E4798.4533
;WIDTH:0.374
G1 X149.400 Y100.440 E4798.4633
;WIDTH:0.320
G1 X100.600 Y100.440 E4800.3137
;WIDTH:0.374
;WIDTH:0.376
G1 X100.467 Y100.467 E4800.3197
G1 X100.440 Y100.600 E4800.3258
;PRINTING_TIME: 2825
;REMAINING_TIME: 339
;LAYER:146
;Z:44.100
;HEIGHT:0.300
;FLOW:100.0
;PRINTING: 0.20mm-nozzle-0.40mm-walls-humebeam-flow-calibration-cube.st
;PRINTING_ID: 0
G1 F2400 E4797.3258
G1 F300 Z44.300
G0 F3900 X100.080 Y100.080
G0 F300 Z44.100
;TYPE:WALL-OUTER
;WIDTH:0.400
G1 F300 Z44.100
G1 F1500 E4800.3258
G1 F2034 X149.920 Y100.080 E4802.8123
G1 X149.920 Y149.920 E4805.2988
G1 X100.080 Y149.920 E4807.7853
G1 X100.080 Y100.080 E4810.2719
G1 F2400 E4807.2719
G1 F300 Z44.300
G0 F3900 X100.800 Y100.800
G1 F300 Z44.100
G1 F1500 E4810.2719
G1 F2034 X100.800 Y149.200 E4812.6866
G1 X149.200 Y149.200 E4815.1012
G1 X149.200 Y100.800 E4817.5159
G1 X100.800 Y100.800 E4819.9306
G0 F3900 X100.440 Y100.600
;TYPE:GAP-FILL
;WIDTH:0.320
;FLOW:95.0
G1 F3487 X100.440 Y149.400 E4821.7809
;WIDTH:0.374
G1 X100.600 Y149.560 E4821.7910
;WIDTH:0.320
G1 X149.400 Y149.560 E4823.6413
;WIDTH:0.374
G1 X149.560 Y149.400 E4823.6513
;WIDTH:0.320
G1 X149.560 Y100.600 E4825.5017
;WIDTH:0.374
G1 X149.400 Y100.440 E4825.5117
;WIDTH:0.320
G1 X100.600 Y100.440 E4827.3620
;WIDTH:0.374
;WIDTH:0.376
G1 X100.467 Y100.467 E4827.3681
G1 X100.440 Y100.600 E4827.3741
;PRINTING_TIME: 2841
;REMAINING_TIME: 323
;LAYER:147
;Z:44.400
;HEIGHT:0.300
;FLOW:100.0
;PRINTING: 0.20mm-nozzle-0.40mm-walls-humebeam-flow-calibration-cube.st
;PRINTING_ID: 0
G1 F2400 E4824.3741
G1 F300 Z44.600
G0 F3900 X100.080 Y100.080
G0 F300 Z44.400
;TYPE:WALL-OUTER
;WIDTH:0.400
G1 F300 Z44.400
G1 F1500 E4827.3741
G1 F2034 X149.920 Y100.080 E4829.8606
G1 X149.920 Y149.920 E4832.3472
G1 X100.080 Y149.920 E4834.8337
G1 X100.080 Y100.080 E4837.3202
G1 F2400 E4834.3202
G1 F300 Z44.600
G0 F3900 X100.800 Y100.800
G1 F300 Z44.400
G1 F1500 E4837.3202
G1 F2034 X100.800 Y149.200 E4839.7349
G1 X149.200 Y149.200 E4842.1496
G1 X149.200 Y100.800 E4844.5643
G1 X100.800 Y100.800 E4846.9790
G0 F3900 X100.440 Y100.600
;TYPE:GAP-FILL
;WIDTH:0.320
;FLOW:95.0
G1 F3487 X100.440 Y149.400 E4848.8293
;WIDTH:0.374
G1 X100.600 Y149.560 E4848.8393
;WIDTH:0.320
G1 X149.400 Y149.560 E4850.6896
;WIDTH:0.374
G1 X149.560 Y149.400 E4850.6997
;WIDTH:0.320
G1 X149.560 Y100.600 E4852.5500
;WIDTH:0.374
G1 X149.400 Y100.440 E4852.5600
;WIDTH:0.320
G1 X100.600 Y100.440 E4854.4103
;WIDTH:0.374
;WIDTH:0.376
G1 X100.467 Y100.467 E4854.4164
G1 X100.440 Y100.600 E4854.4224
;PRINTING_TIME: 2857
;REMAINING_TIME: 307
;LAYER:148
;Z:44.700
;HEIGHT:0.300
;FLOW:100.0
;PRINTING: 0.20mm-nozzle-0.40mm-walls-humebeam-flow-calibration-cube.st
;PRINTING_ID: 0
G1 F2400 E4851.4224
G1 F300 Z44.900
G0 F3900 X100.080 Y100.080
G0 F300 Z44.700
;TYPE:WALL-OUTER
;WIDTH:0.400
G1 F300 Z44.700
G1 F1500 E4854.4224
G1 F2034 X149.920 Y100.080 E4856.9090
G1 X149.920 Y149.920 E4859.3955
G1 X100.080 Y149.920 E4861.8820
G1 X100.080 Y100.080 E4864.3686
G1 F2400 E4861.3686
G1 F300 Z44.900
G0 F3900 X100.800 Y100.800
G1 F300 Z44.700
G1 F1500 E4864.3686
G1 F2034 X100.800 Y149.200 E4866.7832
G1 X149.200 Y149.200 E4869.1979
G1 X149.200 Y100.800 E4871.6126
G1 X100.800 Y100.800 E4874.0273
G0 F3900 X100.440 Y100.600
;TYPE:GAP-FILL
;WIDTH:0.320
;FLOW:95.0
G1 F3487 X100.440 Y149.400 E4875.8776
;WIDTH:0.374
G1 X100.600 Y149.560 E4875.8877
;WIDTH:0.320
G1 X149.400 Y149.560 E4877.7380
;WIDTH:0.374
G1 X149.560 Y149.400 E4877.7480
;WIDTH:0.320
G1 X149.560 Y100.600 E4879.5983
;WIDTH:0.374
G1 X149.400 Y100.440 E4879.6084
;WIDTH:0.320
G1 X100.600 Y100.440 E4881.4587
;WIDTH:0.374
;WIDTH:0.376
G1 X100.467 Y100.467 E4881.4647
G1 X100.440 Y100.600 E4881.4708
;PRINTING_TIME: 2873
;REMAINING_TIME: 290
;LAYER:149
;Z:45.000
;HEIGHT:0.300
;FLOW:100.0
;PRINTING: 0.20mm-nozzle-0.40mm-walls-humebeam-flow-calibration-cube.st
;PRINTING_ID: 0
G1 F2400 E4878.4708
G1 F300 Z45.200
G0 F3900 X100.080 Y100.080
G0 F300 Z45.000
;TYPE:WALL-OUTER
;WIDTH:0.400
G1 F300 Z45.000
G1 F1500 E4881.4708
G1 F2034 X149.920 Y100.080 E4883.9573
G1 X149.920 Y149.920 E4886.4438
G1 X100.080 Y149.920 E4888.9304
G1 X100.080 Y100.080 E4891.4169
G1 F2400 E4888.4169
G1 F300 Z45.200
G0 F3900 X100.800 Y100.800
G1 F300 Z45.000
G1 F1500 E4891.4169
G1 F2034 X100.800 Y149.200 E4893.8316
G1 X149.200 Y149.200 E4896.2463
G1 X149.200 Y100.800 E4898.6610
G1 X100.800 Y100.800 E4901.0756
G0 F3900 X100.440 Y100.600
;TYPE:GAP-FILL
;WIDTH:0.320
;FLOW:95.0
G1 F3487 X100.440 Y149.400 E4902.9260
;WIDTH:0.374
G1 X100.600 Y149.560 E4902.9360
;WIDTH:0.320
G1 X149.400 Y149.560 E4904.7863
;WIDTH:0.374
G1 X149.560 Y149.400 E4904.7963
;WIDTH:0.320
G1 X149.560 Y100.600 E4906.6467
;WIDTH:0.374
G1 X149.400 Y100.440 E4906.6567
;WIDTH:0.320
G1 X100.600 Y100.440 E4908.5070
;WIDTH:0.374
;WIDTH:0.376
G1 X100.467 Y100.467 E4908.5131
G1 X100.440 Y100.600 E4908.5191
;PRINTING_TIME: 2890
;REMAINING_TIME: 274
;LAYER:150
;Z:45.300
;HEIGHT:0.300
;FLOW:100.0
;PRINTING: 0.20mm-nozzle-0.40mm-walls-humebeam-flow-calibration-cube.st
;PRINTING_ID: 0
G1 F2400 E4905.5191
G1 F300 Z45.500
G0 F3900 X100.080 Y100.080
G0 F300 Z45.300
;TYPE:WALL-OUTER
;WIDTH:0.400
G1 F300 Z45.300
G1 F1500 E4908.5191
G1 F2034 X149.920 Y100.080 E4911.0056
G1 X149.920 Y149.920 E4913.4922
G1 X100.080 Y149.920 E4915.9787
G1 X100.080 Y100.080 E4918.4652
G1 F2400 E4915.4652
G1 F300 Z45.500
G0 F3900 X100.800 Y100.800
G1 F300 Z45.300
G1 F1500 E4918.4652
G1 F2034 X100.800 Y149.200 E4920.8799
G1 X149.200 Y149.200 E4923.2946
G1 X149.200 Y100.800 E4925.7093
G1 X100.800 Y100.800 E4928.1240
G0 F3900 X100.440 Y100.600
;TYPE:GAP-FILL
;WIDTH:0.320
;FLOW:95.0
G1 F3487 X100.440 Y149.400 E4929.9743
;WIDTH:0.374
G1 X100.600 Y149.560 E4929.9843
;WIDTH:0.320
G1 X149.400 Y149.560 E4931.8347
;WIDTH:0.374
G1 X149.560 Y149.400 E4931.8447
;WIDTH:0.320
G1 X149.560 Y100.600 E4933.6950
;WIDTH:0.374
G1 X149.400 Y100.440 E4933.7050
;WIDTH:0.320
G1 X100.600 Y100.440 E4935.5554
;WIDTH:0.374
;WIDTH:0.376
G1 X100.467 Y100.467 E4935.5614
G1 X100.440 Y100.600 E4935.5675
;PRINTING_TIME: 2906
;REMAINING_TIME: 258
;LAYER:151
;Z:45.600
;HEIGHT:0.300
;FLOW:100.0
;PRINTING: 0.20mm-nozzle-0.40mm-walls-humebeam-flow-calibration-cube.st
;PRINTING_ID: 0
G1 F2400 E4932.5675
G1 F300 Z45.800
G0 F3900 X100.080 Y100.080
G0 F300 Z45.600
;TYPE:WALL-OUTER
;WIDTH:0.400
G1 F300 Z45.600
G1 F1500 E4935.5675
G1 F2034 X149.920 Y100.080 E4938.0540
G1 X149.920 Y149.920 E4940.5405
G1 X100.080 Y149.920 E4943.0270
G1 X100.080 Y100.080 E4945.5136
G1 F2400 E4942.5136
G1 F300 Z45.800
G0 F3900 X100.800 Y100.800
G1 F300 Z45.600
G1 F1500 E4945.5136
G1 F2034 X100.800 Y149.200 E4947.9283
G1 X149.200 Y149.200 E4950.3429
G1 X149.200 Y100.800 E4952.7576
G1 X100.800 Y100.800 E4955.1723
G0 F3900 X100.440 Y100.600
;TYPE:GAP-FILL
;WIDTH:0.320
;FLOW:95.0
G1 F3487 X100.440 Y149.400 E4957.0226
;WIDTH:0.374
G1 X100.600 Y149.560 E4957.0327
;WIDTH:0.320
G1 X149.400 Y149.560 E4958.8830
;WIDTH:0.374
G1 X149.560 Y149.400 E4958.8930
;WIDTH:0.320
G1 X149.560 Y100.600 E4960.7434
;WIDTH:0.374
G1 X149.400 Y100.440 E4960.7534
;WIDTH:0.320
G1 X100.600 Y100.440 E4962.6037
;WIDTH:0.374
;WIDTH:0.376
G1 X100.467 Y100.467 E4962.6098
G1 X100.440 Y100.600 E4962.6158
;PRINTING_TIME: 2922
;REMAINING_TIME: 242
;LAYER:152
;Z:45.900
;HEIGHT:0.300
;FLOW:100.0
;PRINTING: 0.20mm-nozzle-0.40mm-walls-humebeam-flow-calibration-cube.st
;PRINTING_ID: 0
G1 F2400 E4959.6158
G1 F300 Z46.100
G0 F3900 X100.080 Y100.080
G0 F300 Z45.900
;TYPE:WALL-OUTER
;WIDTH:0.400
G1 F300 Z45.900
G1 F1500 E4962.6158
G1 F2034 X149.920 Y100.080 E4965.1023
G1 X149.920 Y149.920 E4967.5889
G1 X100.080 Y149.920 E4970.0754
G1 X100.080 Y100.080 E4972.5619
G1 F2400 E4969.5619
G1 F300 Z46.100
G0 F3900 X100.800 Y100.800
G1 F300 Z45.900
G1 F1500 E4972.5619
G1 F2034 X100.800 Y149.200 E4974.9766
G1 X149.200 Y149.200 E4977.3913
G1 X149.200 Y100.800 E4979.8060
G1 X100.800 Y100.800 E4982.2207
G0 F3900 X100.440 Y100.600
;TYPE:GAP-FILL
;WIDTH:0.320
;FLOW:95.0
G1 F3487 X100.440 Y149.400 E4984.0710
;WIDTH:0.374
G1 X100.600 Y149.560 E4984.0810
;WIDTH:0.320
G1 X149.400 Y149.560 E4985.9313
;WIDTH:0.374
G1 X149.560 Y149.400 E4985.9414
;WIDTH:0.320
G1 X149.560 Y100.600 E4987.7917
;WIDTH:0.374
G1 X149.400 Y100.440 E4987.8017
;WIDTH:0.320
G1 X100.600 Y100.440 E4989.6520
;WIDTH:0.374
;WIDTH:0.376
G1 X100.467 Y100.467 E4989.6581
G1 X100.440 Y100.600 E4989.6641
;PRINTING_TIME: 2938
;REMAINING_TIME: 226
;LAYER:153
;Z:46.200
;HEIGHT:0.300
;FLOW:100.0
;PRINTING: 0.20mm-nozzle-0.40mm-walls-humebeam-flow-calibration-cube.st
;PRINTING_ID: 0
G1 F2400 E4986.6641
G1 F300 Z46.400
G0 F3900 X100.080 Y100.080
G0 F300 Z46.200
;TYPE:WALL-OUTER
;WIDTH:0.400
G1 F300 Z46.200
G1 F1500 E4989.6641
G1 F2034 X149.920 Y100.080 E4992.1507
G1 X149.920 Y149.920 E4994.6372
G1 X100.080 Y149.920 E4997.1237
G1 X100.080 Y100.080 E4999.6103
G1 F2400 E4996.6103
G1 F300 Z46.400
G0 F3900 X100.800 Y100.800
G1 F300 Z46.200
G1 F1500 E4999.6103
G1 F2034 X100.800 Y149.200 E5002.0249
G1 X149.200 Y149.200 E5004.4396
G1 X149.200 Y100.800 E5006.8543
G1 X100.800 Y100.800 E5009.2690
G0 F3900 X100.440 Y100.600
;TYPE:GAP-FILL
;WIDTH:0.320
;FLOW:95.0
G1 F3487 X100.440 Y149.400 E5011.1193
;WIDTH:0.374
G1 X100.600 Y149.560 E5011.1294
;WIDTH:0.320
G1 X149.400 Y149.560 E5012.9797
;WIDTH:0.374
G1 X149.560 Y149.400 E5012.9897
;WIDTH:0.320
G1 X149.560 Y100.600 E5014.8400
;WIDTH:0.374
G1 X149.400 Y100.440 E5014.8501
;WIDTH:0.320
G1 X100.600 Y100.440 E5016.7004
;WIDTH:0.374
;WIDTH:0.376
G1 X100.467 Y100.467 E5016.7064
G1 X100.440 Y100.600 E5016.7125
;PRINTING_TIME: 2954
;REMAINING_TIME: 210
;LAYER:154
;Z:46.500
;HEIGHT:0.300
;FLOW:100.0
;PRINTING: 0.20mm-nozzle-0.40mm-walls-humebeam-flow-calibration-cube.st
;PRINTING_ID: 0
G1 F2400 E5013.7125
G1 F300 Z46.700
G0 F3900 X100.080 Y100.080
G0 F300 Z46.500
;TYPE:WALL-OUTER
;WIDTH:0.400
G1 F300 Z46.500
G1 F1500 E5016.7125
G1 F2034 X149.920 Y100.080 E5019.1990
G1 X149.920 Y149.920 E5021.6855
G1 X100.080 Y149.920 E5024.1721
G1 X100.080 Y100.080 E5026.6586
G1 F2400 E5023.6586
G1 F300 Z46.700
G0 F3900 X100.800 Y100.800
G1 F300 Z46.500
G1 F1500 E5026.6586
G1 F2034 X100.800 Y149.200 E5029.0733
G1 X149.200 Y149.200 E5031.4880
G1 X149.200 Y100.800 E5033.9026
G1 X100.800 Y100.800 E5036.3173
G0 F3900 X100.440 Y100.600
;TYPE:GAP-FILL
;WIDTH:0.320
;FLOW:95.0
G1 F3487 X100.440 Y149.400 E5038.1677
;WIDTH:0.374
G1 X100.600 Y149.560 E5038.1777
;WIDTH:0.320
G1 X149.400 Y149.560 E5040.0280
;WIDTH:0.374
G1 X149.560 Y149.400 E5040.0380
;WIDTH:0.320
G1 X149.560 Y100.600 E5041.8884
;WIDTH:0.374
G1 X149.400 Y100.440 E5041.8984
;WIDTH:0.320
G1 X100.600 Y100.440 E5043.7487
;WIDTH:0.374
;WIDTH:0.376
G1 X100.467 Y100.467 E5043.7548
G1 X100.440 Y100.600 E5043.7608
;PRINTING_TIME: 2970
;REMAINING_TIME: 194
;LAYER:155
;Z:46.800
;HEIGHT:0.300
;FLOW:100.0
;PRINTING: 0.20mm-nozzle-0.40mm-walls-humebeam-flow-calibration-cube.st
;PRINTING_ID: 0
G1 F2400 E5040.7608
G1 F300 Z47.000
G0 F3900 X100.080 Y100.080
G0 F300 Z46.800
;TYPE:WALL-OUTER
;WIDTH:0.400
G1 F300 Z46.800
G1 F1500 E5043.7608
G1 F2034 X149.920 Y100.080 E5046.2473
G1 X149.920 Y149.920 E5048.7339
G1 X100.080 Y149.920 E5051.2204
G1 X100.080 Y100.080 E5053.7069
G1 F2400 E5050.7069
G1 F300 Z47.000
G0 F3900 X100.800 Y100.800
G1 F300 Z46.800
G1 F1500 E5053.7069
G1 F2034 X100.800 Y149.200 E5056.1216
G1 X149.200 Y149.200 E5058.5363
G1 X149.200 Y100.800 E5060.9510
G1 X100.800 Y100.800 E5063.3657
G0 F3900 X100.440 Y100.600
;TYPE:GAP-FILL
;WIDTH:0.320
;FLOW:95.0
G1 F3487 X100.440 Y149.400 E5065.2160
;WIDTH:0.374
G1 X100.600 Y149.560 E5065.2260
;WIDTH:0.320
G1 X149.400 Y149.560 E5067.0764
;WIDTH:0.374
G1 X149.560 Y149.400 E5067.0864
;WIDTH:0.320
G1 X149.560 Y100.600 E5068.9367
;WIDTH:0.374
G1 X149.400 Y100.440 E5068.9467
;WIDTH:0.320
G1 X100.600 Y100.440 E5070.7971
;WIDTH:0.374
;WIDTH:0.376
G1 X100.467 Y100.467 E5070.8031
G1 X100.440 Y100.600 E5070.8092
;PRINTING_TIME: 2986
;REMAINING_TIME: 177
;LAYER:156
;Z:47.100
;HEIGHT:0.300
;FLOW:100.0
;PRINTING: 0.20mm-nozzle-0.40mm-walls-humebeam-flow-calibration-cube.st
;PRINTING_ID: 0
G1 F2400 E5067.8092
G1 F300 Z47.300
G0 F3900 X100.080 Y100.080
G0 F300 Z47.100
;TYPE:WALL-OUTER
;WIDTH:0.400
G1 F300 Z47.100
G1 F1500 E5070.8092
G1 F2034 X149.920 Y100.080 E5073.2957
G1 X149.920 Y149.920 E5075.7822
G1 X100.080 Y149.920 E5078.2687
G1 X100.080 Y100.080 E5080.7553
G1 F2400 E5077.7553
G1 F300 Z47.300
G0 F3900 X100.800 Y100.800
G1 F300 Z47.100
G1 F1500 E5080.7553
G1 F2034 X100.800 Y149.200 E5083.1700
G1 X149.200 Y149.200 E5085.5846
G1 X149.200 Y100.800 E5087.9993
G1 X100.800 Y100.800 E5090.4140
G0 F3900 X100.440 Y100.600
;TYPE:GAP-FILL
;WIDTH:0.320
;FLOW:95.0
G1 F3487 X100.440 Y149.400 E5092.2643
;WIDTH:0.374
G1 X100.600 Y149.560 E5092.2744
;WIDTH:0.320
G1 X149.400 Y149.560 E5094.1247
;WIDTH:0.374
G1 X149.560 Y149.400 E5094.1347
;WIDTH:0.320
G1 X149.560 Y100.600 E5095.9851
;WIDTH:0.374
G1 X149.400 Y100.440 E5095.9951
;WIDTH:0.320
G1 X100.600 Y100.440 E5097.8454
;WIDTH:0.374
;WIDTH:0.376
G1 X100.467 Y100.467 E5097.8515
G1 X100.440 Y100.600 E5097.8575
;PRINTING_TIME: 3002
;REMAINING_TIME: 161
;LAYER:157
;Z:47.400
;HEIGHT:0.300
;FLOW:100.0
;PRINTING: 0.20mm-nozzle-0.40mm-walls-humebeam-flow-calibration-cube.st
;PRINTING_ID: 0
G1 F2400 E5094.8575
G1 F300 Z47.600
G0 F3900 X100.080 Y100.080
G0 F300 Z47.400
;TYPE:WALL-OUTER
;WIDTH:0.400
G1 F300 Z47.400
G1 F1500 E5097.8575
G1 F2034 X149.920 Y100.080 E5100.3440
G1 X149.920 Y149.920 E5102.8306
G1 X100.080 Y149.920 E5105.3171
G1 X100.080 Y100.080 E5107.8036
G1 F2400 E5104.8036
G1 F300 Z47.600
G0 F3900 X100.800 Y100.800
G1 F300 Z47.400
G1 F1500 E5107.8036
G1 F2034 X100.800 Y149.200 E5110.2183
G1 X149.200 Y149.200 E5112.6330
G1 X149.200 Y100.800 E5115.0477
G1 X100.800 Y100.800 E5117.4624
G0 F3900 X100.440 Y100.600
;TYPE:GAP-FILL
;WIDTH:0.320
;FLOW:95.0
G1 F3487 X100.440 Y149.400 E5119.3127
;WIDTH:0.374
G1 X100.600 Y149.560 E5119.3227
;WIDTH:0.320
G1 X149.400 Y149.560 E5121.1730
;WIDTH:0.374
G1 X149.560 Y149.400 E5121.1831
;WIDTH:0.320
G1 X149.560 Y100.600 E5123.0334
;WIDTH:0.374
G1 X149.400 Y100.440 E5123.0434
;WIDTH:0.320
G1 X100.600 Y100.440 E5124.8937
;WIDTH:0.374
;WIDTH:0.376
G1 X100.467 Y100.467 E5124.8998
G1 X100.440 Y100.600 E5124.9058
;PRINTING_TIME: 3018
;REMAINING_TIME: 145
;LAYER:158
;Z:47.700
;HEIGHT:0.300
;FLOW:100.0
;PRINTING: 0.20mm-nozzle-0.40mm-walls-humebeam-flow-calibration-cube.st
;PRINTING_ID: 0
G1 F2400 E5121.9058
G1 F300 Z47.900
G0 F3900 X100.080 Y100.080
G0 F300 Z47.700
;TYPE:WALL-OUTER
;WIDTH:0.400
G1 F300 Z47.700
G1 F1500 E5124.9058
G1 F2034 X149.920 Y100.080 E5127.3924
G1 X149.920 Y149.920 E5129.8789
G1 X100.080 Y149.920 E5132.3654
G1 X100.080 Y100.080 E5134.8520
G1 F2400 E5131.8520
G1 F300 Z47.900
G0 F3900 X100.800 Y100.800
G1 F300 Z47.700
G1 F1500 E5134.8520
G1 F2034 X100.800 Y149.200 E5137.2666
G1 X149.200 Y149.200 E5139.6813
G1 X149.200 Y100.800 E5142.0960
G1 X100.800 Y100.800 E5144.5107
G0 F3900 X100.440 Y100.600
;TYPE:GAP-FILL
;WIDTH:0.320
;FLOW:95.0
G1 F3487 X100.440 Y149.400 E5146.3610
;WIDTH:0.374
G1 X100.600 Y149.560 E5146.3711
;WIDTH:0.320
G1 X149.400 Y149.560 E5148.2214
;WIDTH:0.374
G1 X149.560 Y149.400 E5148.2314
;WIDTH:0.320
G1 X149.560 Y100.600 E5150.0817
;WIDTH:0.374
G1 X149.400 Y100.440 E5150.0918
;WIDTH:0.320
G1 X100.600 Y100.440 E5151.9421
;WIDTH:0.374
;WIDTH:0.376
G1 X100.467 Y100.467 E5151.9481
G1 X100.440 Y100.600 E5151.9542
;PRINTING_TIME: 3035
;REMAINING_TIME: 129
;LAYER:159
;Z:48.000
;HEIGHT:0.300
;FLOW:100.0
;PRINTING: 0.20mm-nozzle-0.40mm-walls-humebeam-flow-calibration-cube.st
;PRINTING_ID: 0
G1 F2400 E5148.9542
G1 F300 Z48.200
G0 F3900 X100.080 Y100.080
G0 F300 Z48.000
;TYPE:WALL-OUTER
;WIDTH:0.400
G1 F300 Z48.000
G1 F1500 E5151.9542
G1 F2034 X149.920 Y100.080 E5154.4407
G1 X149.920 Y149.920 E5156.9272
G1 X100.080 Y149.920 E5159.4138
G1 X100.080 Y100.080 E5161.9003
G1 F2400 E5158.9003
G1 F300 Z48.200
G0 F3900 X100.800 Y100.800
G1 F300 Z48.000
G1 F1500 E5161.9003
G1 F2034 X100.800 Y149.200 E5164.3150
G1 X149.200 Y149.200 E5166.7297
G1 X149.200 Y100.800 E5169.1443
G1 X100.800 Y100.800 E5171.5590
G0 F3900 X100.440 Y100.600
;TYPE:GAP-FILL
;WIDTH:0.320
;FLOW:95.0
G1 F3487 X100.440 Y149.400 E5173.4094
;WIDTH:0.374
G1 X100.600 Y149.560 E5173.4194
;WIDTH:0.320
G1 X149.400 Y149.560 E5175.2697
;WIDTH:0.374
G1 X149.560 Y149.400 E5175.2797
;WIDTH:0.320
G1 X149.560 Y100.600 E5177.1301
;WIDTH:0.374
G1 X149.400 Y100.440 E5177.1401
;WIDTH:0.320
G1 X100.600 Y100.440 E5178.9904
;WIDTH:0.374
;WIDTH:0.376
G1 X100.467 Y100.467 E5178.9965
G1 X100.440 Y100.600 E5179.0025
;PRINTING_TIME: 3051
;REMAINING_TIME: 113
;LAYER:160
;Z:48.300
;HEIGHT:0.300
;FLOW:100.0
;PRINTING: 0.20mm-nozzle-0.40mm-walls-humebeam-flow-calibration-cube.st
;PRINTING_ID: 0
G1 F2400 E5176.0025
G1 F300 Z48.500
G0 F3900 X100.080 Y100.080
G0 F300 Z48.300
;TYPE:WALL-OUTER
;WIDTH:0.400
G1 F300 Z48.300
G1 F1500 E5179.0025
G1 F2034 X149.920 Y100.080 E5181.4890
G1 X149.920 Y149.920 E5183.9756
G1 X100.080 Y149.920 E5186.4621
G1 X100.080 Y100.080 E5188.9486
G1 F2400 E5185.9486
G1 F300 Z48.500
G0 F3900 X100.800 Y100.800
G1 F300 Z48.300
G1 F1500 E5188.9486
G1 F2034 X100.800 Y149.200 E5191.3633
G1 X149.200 Y149.200 E5193.7780
G1 X149.200 Y100.800 E5196.1927
G1 X100.800 Y100.800 E5198.6074
G0 F3900 X100.440 Y100.600
;TYPE:GAP-FILL
;WIDTH:0.320
;FLOW:95.0
G1 F3487 X100.440 Y149.400 E5200.4577
;WIDTH:0.374
G1 X100.600 Y149.560 E5200.4677
;WIDTH:0.320
G1 X149.400 Y149.560 E5202.3181
;WIDTH:0.374
G1 X149.560 Y149.400 E5202.3281
;WIDTH:0.320
G1 X149.560 Y100.600 E5204.1784
;WIDTH:0.374
G1 X149.400 Y100.440 E5204.1884
;WIDTH:0.320
G1 X100.600 Y100.440 E5206.0388
;WIDTH:0.374
;WIDTH:0.376
G1 X100.467 Y100.467 E5206.0448
G1 X100.440 Y100.600 E5206.0509
;PRINTING_TIME: 3067
;REMAINING_TIME: 97
;LAYER:161
;Z:48.600
;HEIGHT:0.300
;FLOW:100.0
;PRINTING: 0.20mm-nozzle-0.40mm-walls-humebeam-flow-calibration-cube.st
;PRINTING_ID: 0
G1 F2400 E5203.0509
G1 F300 Z48.800
G0 F3900 X100.080 Y100.080
G0 F300 Z48.600
;TYPE:WALL-OUTER
;WIDTH:0.400
G1 F300 Z48.600
G1 F1500 E5206.0509
G1 F2034 X149.920 Y100.080 E5208.5374
G1 X149.920 Y149.920 E5211.0239
G1 X100.080 Y149.920 E5213.5104
G1 X100.080 Y100.080 E5215.9970
G1 F2400 E5212.9970
G1 F300 Z48.800
G0 F3900 X100.800 Y100.800
G1 F300 Z48.600
G1 F1500 E5215.9970
G1 F2034 X100.800 Y149.200 E5218.4117
G1 X149.200 Y149.200 E5220.8263
G1 X149.200 Y100.800 E5223.2410
G1 X100.800 Y100.800 E5225.6557
G0 F3900 X100.440 Y100.600
;TYPE:GAP-FILL
;WIDTH:0.320
;FLOW:95.0
G1 F3487 X100.440 Y149.400 E5227.5060
;WIDTH:0.374
G1 X100.600 Y149.560 E5227.5161
;WIDTH:0.320
G1 X149.400 Y149.560 E5229.3664
;WIDTH:0.374
G1 X149.560 Y149.400 E5229.3764
;WIDTH:0.320
G1 X149.560 Y100.600 E5231.2268
;WIDTH:0.374
G1 X149.400 Y100.440 E5231.2368
;WIDTH:0.320
G1 X100.600 Y100.440 E5233.0871
;WIDTH:0.374
;WIDTH:0.376
G1 X100.467 Y100.467 E5233.0932
G1 X100.440 Y100.600 E5233.0992
;PRINTING_TIME: 3083
;REMAINING_TIME: 81
;LAYER:162
;Z:48.900
;HEIGHT:0.300
;FLOW:100.0
;PRINTING: 0.20mm-nozzle-0.40mm-walls-humebeam-flow-calibration-cube.st
;PRINTING_ID: 0
G1 F2400 E5230.0992
G1 F300 Z49.100
G0 F3900 X100.080 Y100.080
G0 F300 Z48.900
;TYPE:WALL-OUTER
;WIDTH:0.400
G1 F300 Z48.900
G1 F1500 E5233.0992
G1 F2034 X149.920 Y100.080 E5235.5857
G1 X149.920 Y149.920 E5238.0723
G1 X100.080 Y149.920 E5240.5588
G1 X100.080 Y100.080 E5243.0453
G1 F2400 E5240.0453
G1 F300 Z49.100
G0 F3900 X100.800 Y100.800
G1 F300 Z48.900
G1 F1500 E5243.0453
G1 F2034 X100.800 Y149.200 E5245.4600
G1 X149.200 Y149.200 E5247.8747
G1 X149.200 Y100.800 E5250.2894
G1 X100.800 Y100.800 E5252.7041
G0 F3900 X100.440 Y100.600
;TYPE:GAP-FILL
;WIDTH:0.320
;FLOW:95.0
G1 F3487 X100.440 Y149.400 E5254.5544
;WIDTH:0.374
G1 X100.600 Y149.560 E5254.5644
;WIDTH:0.320
G1 X149.400 Y149.560 E5256.4147
;WIDTH:0.374
G1 X149.560 Y149.400 E5256.4248
;WIDTH:0.320
G1 X149.560 Y100.600 E5258.2751
;WIDTH:0.374
G1 X149.400 Y100.440 E5258.2851
;WIDTH:0.320
G1 X100.600 Y100.440 E5260.1354
;WIDTH:0.374
;WIDTH:0.376
G1 X100.467 Y100.467 E5260.1415
G1 X100.440 Y100.600 E5260.1475
;PRINTING_TIME: 3099
;REMAINING_TIME: 65
;LAYER:163
;Z:49.200
;HEIGHT:0.300
;FLOW:100.0
;PRINTING: 0.20mm-nozzle-0.40mm-walls-humebeam-flow-calibration-cube.st
;PRINTING_ID: 0
G1 F2400 E5257.1475
G1 F300 Z49.400
G0 F3900 X100.080 Y100.080
G0 F300 Z49.200
;TYPE:WALL-OUTER
;WIDTH:0.400
G1 F300 Z49.200
G1 F1500 E5260.1475
G1 F2034 X149.920 Y100.080 E5262.6341
G1 X149.920 Y149.920 E5265.1206
G1 X100.080 Y149.920 E5267.6071
G1 X100.080 Y100.080 E5270.0937
G1 F2400 E5267.0937
G1 F300 Z49.400
G0 F3900 X100.800 Y100.800
G1 F300 Z49.200
G1 F1500 E5270.0937
G1 F2034 X100.800 Y149.200 E5272.5083
G1 X149.200 Y149.200 E5274.9230
G1 X149.200 Y100.800 E5277.3377
G1 X100.800 Y100.800 E5279.7524
G0 F3900 X100.440 Y100.600
;TYPE:GAP-FILL
;WIDTH:0.320
;FLOW:95.0
G1 F3487 X100.440 Y149.400 E5281.6027
;WIDTH:0.374
G1 X100.600 Y149.560 E5281.6127
;WIDTH:0.320
G1 X149.400 Y149.560 E5283.4631
;WIDTH:0.374
G1 X149.560 Y149.400 E5283.4731
;WIDTH:0.320
G1 X149.560 Y100.600 E5285.3234
;WIDTH:0.374
G1 X149.400 Y100.440 E5285.3335
;WIDTH:0.320
G1 X100.600 Y100.440 E5287.1838
;WIDTH:0.374
;WIDTH:0.376
G1 X100.467 Y100.467 E5287.1898
G1 X100.440 Y100.600 E5287.1959
;PRINTING_TIME: 3115
;REMAINING_TIME: 48
;LAYER:164
;Z:49.500
;HEIGHT:0.300
;FLOW:100.0
;PRINTING: 0.20mm-nozzle-0.40mm-walls-humebeam-flow-calibration-cube.st
;PRINTING_ID: 0
G1 F2400 E5284.1959
G1 F300 Z49.700
G0 F3900 X100.080 Y100.080
G0 F300 Z49.500
;TYPE:WALL-OUTER
;WIDTH:0.400
G1 F300 Z49.500
G1 F1500 E5287.1959
G1 F2034 X149.920 Y100.080 E5289.6824
G1 X149.920 Y149.920 E5292.1689
G1 X100.080 Y149.920 E5294.6555
G1 X100.080 Y100.080 E5297.1420
G1 F2400 E5294.1420
G1 F300 Z49.700
G0 F3900 X100.800 Y100.800
G1 F300 Z49.500
G1 F1500 E5297.1420
G1 F2034 X100.800 Y149.200 E5299.5567
G1 X149.200 Y149.200 E5301.9714
G1 X149.200 Y100.800 E5304.3860
G1 X100.800 Y100.800 E5306.8007
G0 F3900 X100.440 Y100.600
;TYPE:GAP-FILL
;WIDTH:0.320
;FLOW:95.0
G1 F3487 X100.440 Y149.400 E5308.6511
;WIDTH:0.374
G1 X100.600 Y149.560 E5308.6611
;WIDTH:0.320
G1 X149.400 Y149.560 E5310.5114
;WIDTH:0.374
G1 X149.560 Y149.400 E5310.5214
;WIDTH:0.320
G1 X149.560 Y100.600 E5312.3718
;WIDTH:0.374
G1 X149.400 Y100.440 E5312.3818
;WIDTH:0.320
G1 X100.600 Y100.440 E5314.2321
;WIDTH:0.374
;WIDTH:0.376
G1 X100.467 Y100.467 E5314.2382
G1 X100.440 Y100.600 E5314.2442
;PRINTING_TIME: 3131
;REMAINING_TIME: 32
;LAYER:165
;Z:49.800
;HEIGHT:0.300
;FLOW:100.0
;PRINTING: 0.20mm-nozzle-0.40mm-walls-humebeam-flow-calibration-cube.st
;PRINTING_ID: 0
G1 F2400 E5311.2442
G1 F300 Z50.000
G0 F3900 X100.080 Y100.080
G0 F300 Z49.800
;TYPE:WALL-OUTER
;WIDTH:0.400
G1 F300 Z49.800
G1 F1500 E5314.2442
G1 F2034 X149.920 Y100.080 E5316.7307
G1 X149.920 Y149.920 E5319.2173
G1 X100.080 Y149.920 E5321.7038
G1 X100.080 Y100.080 E5324.1903
G1 F2400 E5321.1903
G1 F300 Z50.000
G0 F3900 X100.800 Y100.800
G1 F300 Z49.800
G1 F1500 E5324.1903
G1 F2034 X100.800 Y149.200 E5326.6050
G1 X149.200 Y149.200 E5329.0197
G1 X149.200 Y100.800 E5331.4344
G1 X100.800 Y100.800 E5333.8491
G0 F3900 X100.440 Y100.600
;TYPE:GAP-FILL
;WIDTH:0.320
;FLOW:95.0
G1 F3487 X100.440 Y149.400 E5335.6994
;WIDTH:0.374
G1 X100.600 Y149.560 E5335.7094
;WIDTH:0.320
G1 X149.400 Y149.560 E5337.5598
;WIDTH:0.374
G1 X149.560 Y149.400 E5337.5698
;WIDTH:0.320
G1 X149.560 Y100.600 E5339.4201
;WIDTH:0.374
G1 X149.400 Y100.440 E5339.4301
;WIDTH:0.320
G1 X100.600 Y100.440 E5341.2805
;WIDTH:0.374
;WIDTH:0.376
G1 X100.467 Y100.467 E5341.2865
G1 X100.440 Y100.600 E5341.2926
;PRINTING_TIME: 3148
;REMAINING_TIME: 16
;LAYER:166
;Z:50.100
;HEIGHT:0.300
;FLOW:100.0
;PRINTING: 0.20mm-nozzle-0.40mm-walls-humebeam-flow-calibration-cube.st
;PRINTING_ID: 0
G1 F2400 E5338.2926
G1 F300 Z50.300
G0 F3900 X100.080 Y100.080
G0 F300 Z50.100
;TYPE:WALL-OUTER
;WIDTH:0.400
G1 F300 Z50.100
G1 F1500 E5341.2926
G1 F2034 X149.920 Y100.080 E5343.7791
G1 X149.920 Y149.920 E5346.2656
G1 X100.080 Y149.920 E5348.7521
G1 X100.080 Y100.080 E5351.2387
G1 F2400 E5348.2387
G1 F300 Z50.300
G0 F3900 X100.800 Y100.800
G1 F300 Z50.100
G1 F1500 E5351.2387
G1 F2034 X100.800 Y149.200 E5353.6534
G1 X149.200 Y149.200 E5356.0680
G1 X149.200 Y100.800 E5358.4827
G1 X100.800 Y100.800 E5360.8974
G0 F3900 X100.440 Y100.600
;TYPE:GAP-FILL
;WIDTH:0.320
;FLOW:95.0
G1 F3487 X100.440 Y149.400 E5362.7477
;WIDTH:0.374
G1 X100.600 Y149.560 E5362.7578
;WIDTH:0.320
G1 X149.400 Y149.560 E5364.6081
;WIDTH:0.374
G1 X149.560 Y149.400 E5364.6181
;WIDTH:0.320
G1 X149.560 Y100.600 E5366.4685
;WIDTH:0.374
G1 X149.400 Y100.440 E5366.4785
;WIDTH:0.320
G1 X100.600 Y100.440 E5368.3288
;WIDTH:0.374
;WIDTH:0.376
G1 X100.467 Y100.467 E5368.3349
G1 X100.440 Y100.600 E5368.3409
;PRINTING_TIME: 3164
;REMAINING_TIME: 0
M106 S0
G1 F2400 E5365.3409
G1 F300 Z50.300
G0 F3900 X100.440 Y100.600
G0 F300 Z55.100
M221 T0 S100
G92 E0
M1002
M104 T0 S0
M104 S0 ;extruder heater off
M140 S0 ;heated bed heater off (if you have it)
G91 ;relative positionion
G1 E-1 F300  ;retract the filament a bit before lifting the nozzle, to release some of the pressure
G1 Z+10 E-5 F9000 ;move Z up and retract filament even more
M84 ;steppers off
;Data start:151016:880140d54ca9c881fc00a4b47da85852
;SURFQSAtIFBSSU5UREFUQUlZDHzi6E17riyBkcQfrmfZd1s3GHh8P8gS6dV8SnsUTFVfPeij/31GB0U
;e3AVW6+jNGzdCqDk/BBa21QxKQxRDVX097aPkfUEHfx78BTfr/s1pN1OoLz8bFrvVf0okFFVVST3ko/
;B9XwdBHsUFAuvFzQU3XKgOPz8Wj9UkShcUeVUtLoGjkRxRZEVyy3cGn96iNGhuxwhLP3vp1E1KexQcF
;VJ9gbiRfTJmQ33LaQKZ1rkzWGL3HlAkYoa4EjkOZno0TliBopF9MgcgXtFFZ/O3zVpWb8sZUzVkiKEk
;JRVLejxfTvX8/RxLYlIerwVn67fNGkhMqG8/UBaIti4vF3FuNFlU7s3OFFxhSXLCBWbrt81aN0zXPD9
;IFunVLCkYcXAwX1z1yv4TbW5ObctxOILZoz9FDKl8P1AW6ZUyCnsMHFUtXOLA9BFXdUFqx2oJtN6jKV
;J49xNKJHOb1UxKexQcVW1CwaODfTIHQX3NYAuOxawuXmPGI08if4ehTUt7FBxVLX3+45FpMgcgf81mA
;ofSvztDZccSYCNjmaUiOA8UHVUtPYGj0QJyBzAergUGiNSoNlJ+yQhWP3i2oSI6exUcVS09gePuPTIf
;IB6uZASI0qE/RW3cFVA+SZ26PRUIYW4zTF7ko5B9MgcgHu56J+ukzVo3bcsfWjxzm7Q5IxR6QyFfXPf
;G/X0zByAergUnlPfNeDcMqB1cM3OFsD8rD31zO3JJ88LnGF5YU3bBdxO006QpQ23GH1pQF+nVTUp7FB
;xVLRSBo5EcRGhJevFxFYrBqDZoZMcQWiNJmbQ5IiR5fS1yUeTN9glaWEZ/zXEImbfMWjcMqHw/OVbp/
;E1Ke3VqOkRZ3tfjHERiTEHGaguOxJIqVnjAI1Ixbra7IhUJcWgnTF71yv4TMgYgHq4FZ+u3zVo8DKh8
;XTV6nYoiLB1neSEtPIGjkX0yB/AhrhNn67evP1t49w5eNmK2tC4pHnh5J0xJ6Mz/fTMHIB6uBSeU981
;KNwyoHlo8YranLCwPS308X1rg05F8MgcgHq4Fh9S331o3DMoZUyRJm7QrPiRycDpaT+DX9H0zByAerg
;VnsvfNVDcMqB5aPGK2pywsD0t2MF9WgaKRfTIHIB66RWf7t81aVWnECGAid4+hEiUdcm8wWT2Ao5F9M
;gcg7pEFaOu3zThSYNwjTTFwnYo+Oh5xeFUsPYGjkX0yKWAevQVn69WoNkNT2h1ZJEmdvSQpEHp5Jl49
;gKORfTIHIOaRBXXrt804UmDcI0gxeoWKKyYUY240WViBopF9MgcgHvdFZ/+3zVpVacQIYCd3hbkSJh5
;6eyFFYuzK/30zByAergVnG4jNVTcMqB5aPGK2oiwmF0tvJUhY5aOQfTIHIB6uISfrqc1aN27aFVs3f4
;eyEi8DYG4gXlTuzc4KW2NUdvF3Bp/eolo2DKh8P1AWsJVNWHsUHDdfVOXE+BNVWEZ/wFoUm9KoPjcNq
;Hw/UBbpjA1KbxQcVU9P6Mf2FFxgf3jHfQKP6Kw0UGDNfD5QFunVTUp7FBxMLT2BweMUVmBJcMlaAYfY
;rC5SaPcdTTV3trgkJHsVHFUtPYGjpT0yFiAermcVgtOqM1lr9xpTP2GbtDkvexUcVS09gaPIPTIfIB6
;uZxWC06ozWWv3D1c1eoWmEiwXe2snTEnko5B9MgcgHq5cJ+uizVo3btoVWzd/h7ISORNxcDleYvLT9B
;hWByEergVn67fzGjcCqHw/MmSAsSojFXNDJl1Y5MeRfDIHIB6uBSmrt+xaNwzKDlY0cYC7KhUIYWwlQ
;k/1xvUiU3VFf/F3Bp/eogVabdB8PlAW6dVNSjJUHFotPYHB4xRfWEx3wGA4iNi4NEMMqXw/UBbp1WkK
;ex8cVS1f88r8Il1hRm3LcWfqt81aNwyofD9QBOnVTSkUdW8hRFPm/PUUQXNBcM1gVuu2zVo3DKh8P1A
;W+9VNShh7fSZZVO/EzhlbdFR/wGYC2bfMWjcMqHw/UBbp+01Ke3dzO0lU9cr+E1Nrf3HAYDiY36g2W1
;PHEmAkeZmKPj8Jcn02SE7ezvgTbWZSe88FZuu3zVo3DKh8P38W6dUuJRVwdSFEUu/C/SJdaUVB3W0Ch
;9uSNVlT3BNPD2WcpysrGHFvCkBU7/zmFFZzSB6vBWfrt81aNwyoUz9QFoq6Iy4SYHU6Q1zt/OUSQlhT
;a9xjBojSkjNZasEQUw9miKE5Lwl6QzhEU97C4xhTByEergVn67fNWjc8qHw/M3mHsSQ+EntyNEFi9cz
;hIkFyUnjPZgK03qM8XmDEI08xYp2wPyQkeXU7ckrox+UVMgYgHq4FZ+u3zVoiDKh8XD95hbwjLSR3cz
;BLW+jA+Bhcc39/rgRKqKsmuAFWl3wqUBbptiIlF31yMnJe7sb3G1tkSXvAcTiJt8yX+8BksPOkqenAT
;Up7d3M6QVTvxM4eXWJGeMdmDo7ZuQVUDKl8P1AW6RU/CnsHHFUtXu7M/SJfbk5BwmQejsWSLl5hzXw+
;UBbp1U1KVVQcRC09gcD+El5YTXfAWgGO0qkoVnjNfD5QFunVTUpfVBxDLT2Bx/QTQWJ/bdt1F4TFuQV
;RYMcLTTFijNVMSnsUHFUtZMGjjH0yB0R7wHYCtMS4Kkdj2ghgOXiPvCEmJHtpIUFU78bifTMHIB6uBW
;frt81NNwyoD0ogZoanORUfcXImSGLnyv0RbXVBassFZuu3zVo3DPw8P00W6dUpLxVneQpeSPHT/g9GW
;ElwwGAVtNK1KlZi2xVQPhbo1U1KexQcVS09kqORfUFyUG7BdxO006g0RGn3EF4pc5vVTEp7FBxVLT2B
;o4p9MgdEe8B2ArTEuCpHY9oIYDx3kLA/OSR2cyFZUuyjkH0yByAergVn66TNWjdozRJMNUmaoD06FGZ
;oCl5N5Mb1fTMHIB6uBWei981DNwyoGFY9c4emJCUVS2Qscl7uzuEYXHRBasdqCeu2dUSy5/nEgW8W99
;VNSh99cTBDTujM/yJKfn99wWgXjtm+O0NlxxJgOHmFsE1LexQcVS09gaORZDIHIHrCdTiK2bkzVmDBH
;Uw5eI6KKjgabUM4TEWBopF9Mgcg/sFFZ/K3zVpTYNgjXj5igLQhIxpndTtKYubR8ARtaklwrgRn67fN
;WjcMqHwpUBbpsSE6JHVyIURc7crwDltpR0HCYBGO281bNwyofD9QNqnVWkp7FHg5XWLgzeUUU2tJf91
;sCYzooD9DZMcYP1EW6dVNSnvkI1UKPYGj9RFCWEJ/3WA4h9a0P0VTyRpLNWS2sDU6FGdpJ0hi9sL4CW
;1zSXPLBWbrt81aNwyofD94FunVKSYLS340Xljez/AEV3V/fMtjCJnSkj9PfMcPSiJztqIsIw9LaDxAW
;IGikX0yByAeqkVn97fNWlNg2CNdMWWMiiErAnFuCk9S88f0D21oRnjdYBPrts1aNwyofD9QFs3VTUof
;eGwKT1zyxs4RU35FbPFmCIXDoi9FU80ETz9lnKcoFQ99cTAtPIGjkX0yBwheri5n67epNkdTyh1MNUm
;FtDQvCUt5JllU7MLlFF1pf2rHaAK01KI3R2nGD14kf4a7TUt7FBxVLT2Bo5FZMgcgesJ1OInWvj9oYM
;kFWiJJj7whJhJ6ewpIRfHM4ghAYn9qx2gC67bNWjcMqHzPbxbw1U1KH3hsCk9c8sbOEVN+RWzxdQic0
;r8FWmPMGT9RFunVTUp75CNVDD2Bo/URQlhCf91gOIfWtD9FU9odTzlytrE/JQtLZgpeTeTG9X0zByAe
;rgVny/fNfjcMqBhTIEmLtD4vJHh9LEhP3tHwDVtjf3LHYxO0zZI+Xn/cHVEzc+nUTUp7FBxVP32BgpF
;9MmNMbvFnBpjSkjZWdc0OYCJ3mbwpFRd9eiFyR97Q4RhXYyAfrgVn67fNencMi3w/UHKFpRIoGmd5Ck
;Fc+MbjIkFrT2nxYRWEx5IgaGjBD0sxeIqwTUt7FBxVLT2J45FdMgcgesJ1OInWvj9oYMkFWiJJmrkiP
;SRwbjpdYvv84g1XYkQerwVn67fNWhdMqF8/UBaNuT0VGXVvMHJR4Nr0D210THHZWguC0bkFTVPMFUwk
;d4e2KEp6FBxVLT2Bq9F9EgcgHsppF7TVrClSU8QdRjVktqYhJQxLcDxLSd7Zzg5CYkV6rgRn67fNWjc
;s6HwbUBbpsSE6JHZ9Jkhi7cLoGEBYU2vedQiZw5I/T3zHD0oic7ahJCceFB1VLT2Bo5FVcgcFHq4FA4
;fHkjhWf80jUzFvjKcSPhN9fz5DWPLQzh5dalB7wHYGn96iNDcNqHw/UBbp1U1KXxQcVUlR8fzzHEFif
;3LPfAKZ6LgqR2naI08/f4ehEj0afWgKWVTsxpF8MgcgHq4Fh9S3wlo3DMwQTw90iKYoFRd1ZTBfToGi
;kX0yByAejkVn9LfNWlNg2CNcOHeEtyg4JHx5NFlI8fziCVNpRHzXWhOC2qhaNgyofD9QFv2VTWp7FBw
;xQU3ewPkcX2VFbPF1FYLZuTNZa/cIWj1mjKcsPg5meVUsPYGjkX2yRmAevwVn69OhKmhvxxJLP2Obij
;ojH2B0VSw9gaORfTIPYB6hBWfr06EqaGjaBVY+cbahJCceFB1VLT2Bo5FpcgczHq4FA4fHkj9Ta80jX
;Txjm4ohLw1xcFUsPYGjkX0y9x8ejQVn69OhKmhqwQ5SJ3ebsBIrGHd5OUhP4Nf4ElxYWkHKYAGKwqEu
;Nw2ofD9QFunxDUpgFBxVSVHx/PcUQGpXf9xgOIHSvzFodvcYWjZ3nLk5SnoUHFUtPYFTrn0qByAeymk
;XtNGkKFp7yQ5aD2WZsCguJG5DOExFgaKRfTIHIB66RWfwt81aU2DYI1c1d52KLj8JfXIycknkzuEYQG
;ZUa9xgZ+q3zVo3DKgyf1AB6dVNLhdkQzxAXObGzglAZk5tyGAVtMOkN1IMqdJ4sWz9e1gKewccVS1Z7
;dPOFEFrQXDKWgaZ0qwFWmXGfD5QFunVTUqDKxxOLT2Bx/0NbWtBZ8t3OIbSvz1SU8sQUCNztrMsKR5n
;HFQtPYGjkX0yByAFrgVnj9u9BVo4mExgM3mEuCwkH0t4MEFc+PzlFF9iIB+dNlTYhP6JCAyBfD9QcoW
;lEicScHg5SGLtwugYQFhBeNpgFbTStSpYf90OWg9hiLw5FQ99cTAtPIGjkX0yByAeri9n67epNkdTxR
;VbNHqMiiErAnFuCk9Y58zjGG1iWG7BdhKZ0pItVmXcI0s5e4zVTEp7FBxVLTnBo499MgdEct5aCoLTq
;TZSU8QdRjVktrciOB9xbgpCW+fQ9AkyBiAergVn67fNWhEMqHxbPGa2uCQuH3h5CkFc+MbjIlFoTmrB
;cBW00rUqWH/dDloPYoC4KEp6FBxVLT2Bg9F9HwcgHsppF7TapD5TYM0jUzFvjKcSLwhgdThMSejM/yJ
;Gbk178WYIhseoNERt3BVQPhbo1U1KexQcVS09qKORfVZrUEHDbAOP26gFW23RGU0Pc5GlIjkOZnkKWV
;Tsxs4JQGZObcdxDoTZzVs3DKh8P1AW6dVrSnsUeDldYuzK9RleYn9yz3wCmeirM1tgwRJYD3ORpSI5D
;mZ5CllU7MaRfDIHIB6uBZfUt9ZaNwzMEE8Pe4CxKSYeS3A0VFjz/OESRWJSQcNqA463zFo3DKh8P6Ap
;6fZNSntwcCVyUOjH9RFXWEx/12AVtMWsKl5o9xhNP2a2rxI5C3F5MS08gaORfTIHAF6uI2frt6k2R1P
;FFVs0eoyKISsCcW4KX1zxyvUiXm5GavF/OI/evi5WYssZP1EW6dVNSnsUXFUOPYGj9RFCWE13ymELju
;ihO05p2iNNMWaAsRImEnJoCldi8tP0GFYHIR6uBWfrt+0aNymofD80epmKICMfcHAwclHg2vQPbXRMc
;dlaA5nYvQVNU8wVTCR3h7YoSnoUHFUtPYGj0X0QByAeymkXtNqkPlNgzSNTMW+MpxI5F3trCklP7tPO
;B210UHvLYWfqt81aNwyoXH9QM+nVTS4XZEM4RFnlz/QiXmZZe9xaFIfYugVbZc4IYCpJjbw+Php6fzA
;tPIGjkX0yByBeridn67epNkdTxRVbNHqMiiErAnFuCl5R7tTOEVthVEHUWhSb0qg+Nw2ofD9QFun1DU
;pdFBxVSVHx/PwUVmNMe/FpBpLSvwVEedgMUCJitrA1OhRnaSdIYvXK/BgyBiAergVn65eNWhEMqHxbP
;Ga2uCQuH3h5CkFc+MbjIkd3UHvcWheE3qMuaHvJFUsPYoC4KEp6FBxVLT2Bo5F9IwcgHsppF7TapD5T
;YM0jUzFvjKc+SnoUHFUtPYGD0X0bByAeymkXtNmiKFptxCNTMW+MpxIrHWB5J3JY+dP+Dkd1RUHZZA6
;f6LkzWmmofT9QFunVTUp7FDZVLT3lz+EiXGhSc89pOIfWtD9FU8oZWT9kjIooMgt7byBfWN7U8BRGWF
;R3w2Bn6rfNWjcMqHx/UAjp1U0uF2RDO0JP7ML9Il5mWXvcWgWExak/RVPHGlkjc53VTEp7FBxVLT2Bo
;7d9MgdEct5aCYTFoDtbU8QdRjVktrYiJA97aSdyWPnT/g5HdUVB2mwKjrfMWjcMqHw/QFbp+E1Ke3Bw
;JXJT7tH8HF5YTH/XYBW00r4uXmHJCFY/eLahJCceS386QE3kzeIcRm5PcK4EZ+u3zVo3DKh8GVAW6bE
;hOiR6cydAXO38/RxLYlJByGwLh96jPWhp0AxQI2ObsBI+Enl5VSw9gaORfTIXYB61BWfr06EqaGLHDl
;Ixera5LDMeZkMlQkrk0c4QXWNFHq8FZ+u3zVrHM6hfP1AWjbk9FRV7bjhMUd7P8ARXdX9sz3UOj+ipK
;Fh89wZgI2aMsClKehQcVS09gYvRfRQHIB7KaRe02aIoWm3EI1Mxb4ynEjgaZHUxclHoxeUiSFhEd91x
;BoXUqFo2DKh8P1AW6ZVNaXsUHDFBTd7N/g9fZkxBwmQejsWSKFZ8wRhgPH+PoRIwJGdsMEhZgaKRfTI
;HIB6GRWfOt81aU2DYI1E/ZIS0IRUXdWUwX2Lyz/4KbWNScd5aHbTTpClDbcYfWlAX6dVNSnsU7GotH4
;GjkRled39wwXcKituSNlZ1zQ5gI3qGohIuCXtsCldi8tP0GFYHIR6uBWfrt+UaNymofD80epmKIyUJe
;X05clHg2vQPbXRMcdlaC4LRuQVNU8wVTCR3h7YoSnoUHFUtPYFTrn0QByAeymkXtNmiKFptxCNTMW+M
;pxI5F3trCkFU59fOB210UHvLYWfqt81aNwyoaH9QMOnVTS4XZEM7Qk/swv0iXmZZe9xaFJ7HvTVFePc
;ZRyB5mqA/LyRgdThIPYCjkX0yByAE7gVB67fNPlt89xJQInuIuRImGm15J3JI8dP0D213T3fAcTic1q
;QuaHjBEVpQF+nVTUp7FBxVLSOBo5EZXnd/bMtoCJ3SkjhCbsoQWg9hiLw5IxVzQyFEUOSjkE4BNBMtn
;dZY67rNWjdoxAxgI3WIuSQkHEtkVSw9gaORfTJeYB6jBWfr06EqaH/LHVM5eI6KNEp6FBxVLT2B+tF9
;IQcgHsppF7TEoTNUafcIUDxzm7QjKR4UHVUtPYGjkX0yBxIergUDh8eSKUJ+zh1cNUmavCkvJGB5LVl
;I88bOGVt0QXzCYDiE2ZI1QWnaFF4+cba0Iy0XcRxULT2Bo5H9c0cgPa4FZ4/bvQVEedoaXjNztqYkLh
;5LaDBVSfTR9CJAYlNxwnATgtijWjaWMeWmyY9Q6k1oexQcMUFN3tDkD1RmQ3vxdg6P0pIuUnTcCU01S
;ZGsEiUdcm8wWT2Ao5F9Mgcg/pEFcOu3zT5bfPcIWj1mjKcsPg5meQpOVeDO8xhAByEergVn6zeMGjcc
;qHw/NHqZijorCHx1O0pi7Mz1GDIGIB6uBWfrR/JaOAyofFooYpugKS8JS304Qkjv15F8MgcgHq4Fl9S
;32lo3DM0ESyJjjbA/FR5sfz1MU+bGzglbakUvrgRn67fNWjcMqHwoUBbpsDU+CWF4MF9i5NvyFVNpR3
;vxcQ6G0v9aNgyofD9QFunVTVh7FBwwVUnz1vUYQFhPeMh2Ap/otWs3Dah8P1AW6ewNSmkUHFVIRfXR5
;BlXdX9xyGMUjsOSIgUMqXw/UBbp1U1KewYcVS1Y+dfjCFZiUkHBYwGY0rkFTz+ofT9QFunVTUp7FA5V
;LT3k2+UPR2NFbPFqAY3EqC5odZl8PlAW6dVNSnsUHEctPYHG6QlAckR73FoIjdG+P0NT0U4/URbp1U1
;KexQcVT89gaP0BUZ1VXrLdziE0aspUnj3BQxQF+nVTUp7FBxVLQ6Bo5EYSnNSa8pgFbTEujNDb8AjXD
;95hbwjLSR8eTRZSPH88BlEZk59y1oTjtq9P0Vt3AlNNSfp1E1KexQcVUR9gZCRfTJiWGrccAOOxZIpQ
;GXcH1cPdYa6ISMVc0M9SFz11uEiU2NWf8BmArTDqDdHadodSyVkjOdNS3sUHFUtPejjkVYyByB71nEV
;ntOoKGh/3xVLM362tiIlF31yMnJV5MLlCEJYQXrYZAmI0pIuXmHNfD5QFunVTUo/VBxLLT2BxukJQHJ
;Ee9xaFJzeuTlfU8sTUDx/h7ISOhpmdwpVPYCjkX0yByAg7gV567fNP0942glbNWS2pjojD3d0Ck5S7s
;/4E1VYUH/cbjiSt8xaNwyofJ8OVunxTUp7cWQhX0jlxuMiQXBJas1tOIjYojZeYs8jSzV7mbA/Kw9hb
;jAcPYCjkX0yB6B47gVD67fNP0942glbNWS2pjojD3d0Ck5S7s/4E1VYVHvDdQKZ1rkvRWmafD5QFunV
;TcodVBxMLT2B0fQORmZSavFgH5/FrAVTeckQYDF7hqAjPnsVHFUtPYGjkX0yIiAermAfn8W4PlJ+9w9
;IOWKKvRI4HmdoNF9J3sbpCUBmf3/DahKFw/9aNgyofD9QFunVTVh7FBwnSE71wuMJbWNVf8JaFJvSqD
;43Dah8P1AW6eENSmUUHFVIRfXR5BlXdX9t2WwTiN+SKFJ/3B1NJEmapSgvHyYcVC09gaORfQZHIAiuB
;WeZ0rkoVm/cFVA+SY2gLCYkdXE6WFP1o5B9MgcgHq4hJ+uVzVo3adAITSVyjKcSOQx9aDZFYvPG5Q9T
;ZFR3wWs4itqiL1l4mnw+UBbp1U1KX1QcQC09gdH0CUBmQ2rHagm007g7W1PbDFo1cunUTUp7FBxVGX2
;BgpF9MmJYatxwA47FkilAZdwfVw9kjKE/KxhgdTpDYvLT9BhWNSAfrgVn67fNbncMu3w/UHORoT8/H3
;FuClpU8cbOCVtqRS+uBGfrt81aNwyofCxQFumwNT4JYXgwX2L2yuEYbXNJc8s3Z+q3zVo3DKh8P1AZ6
;dVNLwNgbiBeVO7NzgpbY1R2rgT9ci5Uw67Vl3wuUBbpsDU+CWFvPEJT3tT4GUZvfyyuBP1yLlTDrtWX
;fCxQFumzLCQkdnA8XWLxwuQOV1hNbctmZ+q3zVo3DOgDf1AE6dVNLBp6QzdBVPH85RVAYlN2wWkD67b
;NWjcMqHwBEBbg1U1KHXVyCl5N5Mb1fTMHIB6uBWey981XNwyoGl4+SZqlKC8fS3E0VT2Ao5F9MgcgWu
;4Fduu3zTxeYMkRWj5itrEkKxZxaDBfPYCjkX0yByDikQV167fNPF5gyRFaPmK2sSQrFnFoMF8PgaKRf
;TIHIB5SOmf5t81aUWXEHVI1eJ2KKSMaeXkhSE+yo5B9MgcgHq4FZ+ulzVo3asEQXj1zh6ESLhJ1cTBZ
;WPOXkXwyByAergVn67fAWjcMzhVTMXuMuzkVHXhzIi08gaORfTIHeV6uC2frt6szW23FGVEkSY+5Ij1
;KFB1VLT2Bo1EqcgcuHq4FAYLbrDdSYtwjWTx5nudNS3sUHFUtvdfjkXAyByB4x2kGhtKjLmh40QxaUB
;fp1U1KexQcFS0zgaORG1trQXPLaxO0w7QqUj6ofT9QFunVTUo7FDxVLT3nyv0JV3V/cdtxOJjarDZbU
;9gdTSRJmrw3LyRmfSFEUoGikX0yByAe90VnzrfNWlFl2g9LD3qIrCg4JHB1OEhT8sr+E21/WUHNagqb
;0qMpVnjBE1FQF+nVTUp7FBxVLReBo5EbW3VTavFpBpLSvwVTZcUZUSN/hrsSMgJLfzpATeTN4hxGbk9
;w8W0Ih9LNWzcMqHw/UBbp1WxKexR6PF9O9fz9HEtiUkHLfROZwr4zWGL3C1Y0YoGKPysPfXNVLD2Bo5
;F9Ml5gHrYFZ+vRpChEeMQdRjVktrMkJhp5eTtZYufP/goyBiAergVn6+6NWicMqHxdP2KduiAVD3x1N
;kZT5NDifTM0Ey2dNlQ4iM1INwyoGlYiZZ2KISsCcW4KXlXkz/0OMgYgHq4FZ+ujjVoZDKh8WTlkmqES
;JhpteSdyTu7P+Bltbk54x2kLtNK1LkV52xVQPkmevCk+E0tuNFlU7qOQfTIHIB6uXCfrls1aN2rBDkw
;kSYW0NC8JS286QVTl/PgTVG5McvFjC4TAvztDaah9P1AW6dVNEzsUAlUtPefK4w5GWEx/12AVtMSiNl
;5o9xVRNn+FuRI5C3F5MS08gaORfTIHZF6uF2frt681Q3jHEWA8d5CwPxUIZHkwST2Ao5F9MgcgWu4Fd
;Ou3zT1WfPcaVjx6trgkJCR4eTtKSemjkH0yByAergVn65vNWjdryQxgNn+FuRI5Enp7OUhi5NvlD0d0
;SXHAWgSE2r0/WX/JCFY/eLanLD4SexxULT2Bo5H9YkcgPa4FZ4zWvQVRZcQQYCN/h7IhLyRxZCFfSPL
;K/hNtdUFqx2o4hta1WjYMqHw/UBaAlU1pexQcMkxN3sX4EV5YU3fAYguO6KgiQ37dD1Y/eLanLD4Se0
;M4RFOBopF9Mgcgnu5FZ/S3zVpQbdgjWTl6hYo+IxVzcDByWPnX4whBbk9w8XYXjtKpWjYMqHw/UBbQl
;U1EexQcMkxN3sX4EV5YU27LYAPrts1aNwyofHEQFvnVTUocd3MxSGL12uEYbW5Oest9Z+q3zVo3DKh8
;P1AF6dVNLRh7eDByS+TR+BtLWEx7wGITg7fMWjcMqLT/XFfpxk1Ke3N/OklY3tX0D1thWUHBYwGY0rl
;aNgyofD9QFunVTUV7FBwyQVLjwv0iXWFGbctxOJO3zFo3DKh8P1AW6dpNSntzcDpPXO38/htUdEVq8X
;xn6rfNWjcMqHw/UBnp1U0tF3t+NEFi7sX3Dldzf2SuBGfrt81aNwyofCpQFum9KCsPfXIycl7uxvcbW
;2RJe8BxOIq3zKBJZhQIrDip6cBNSnt8eTRZVO/Ezh5dYkZ4x2YOjtm5BVUMqXw/UBbp1U0KewEcVS1V
;5MLlFFxgf33BYAGN3q4zUmLcI1xQF+nVTUp7FFIVLSGBo5EVV2ZUd8BiOJ/eoD9oadsIVj13nbwiJCR
;gZSVIPYCjkX0yByAergVy67fNMlJt3AlPD3GKuikvJGd5JFhY78D0fTMHIB6uBWfrt816NwyoFVE2f4
;W5EisfdWwhREvk/PgTVG5McvF3Bp/eogVabdB8PlAW6dVNSkVUHHUtPYHK/xtba0xBz2EGm8OkLFJTw
;RJZOXqFij8rD31zCkBU76OQfTIHIB6uESfrqM1aN2XGGlY8era0KSsLYHUjSGLozf8YQFhFZt5kCZje
;ojQ3DTLlpsmPcDxySm0UHFVEU+fK/RFtZkR/3nEOndKSNlZ1zQ5MUBfp1U1KexQIFS0ngaORFFxhSXL
;CWgaP1r0uXnrNI001cpy2OSMUem9VLD2Bo5F9MgdgHrcFZ+veozxeYMQjXjR3maEkPB5LazxJSen8/B
;RcByEergVn67fFGjcXqHw/OXiPvCEmJHVyNkVS8/z9GFxgVHbxYwaIw6IoNw2ofD9QFunVTUp0FBxVR
;FPnyv0RbWZSe89aCoLZzVs3DKh8P1AW6dVRSnsUdTtLVO3Pzg5CZlJty1oEhNqvM1lp9xBeKXObpk1L
;exQcVS09cZyRYTIHIHfAYw6H25I/T3jaCUw5eYeKOiMfYHQKX1z1yv59MwcgHq4F5733zU43DKgVUTZ
;/hbkSLBJ4fThIU/X89xFdcCAfrgVn67dNDHcMp3w/UH+HsyQmF0tzM0tO5NfOBTIGIB6uBWfrt81aOA
;yofFY+cIC5IRUUcnomSEne2pF8MgcgHq4FZ+u3wVo3DM4VUzxJhqMoOBd1bFUsPYGjkX0yF2AeogVn6
;9GkNltTzBlRI3+drE1LexQcVS09peORcDIHIHfAYw6H25IpX2nEEExQF+nVTUp7FBxVLTGBo5EUXGFJ
;csJaFJvSqD43Dah8P1AW6ZsNSmsUHFVEU+fK/RFtcEl62m04ht6jWjaWMeWmyY9A6k1uexQcPENT5NH
;OH0BuRHnHawC00rUuRXnbFVA+SZ68KT4TS240WVTuo5B9MgcgHq5cJ+ugzVo3ZcYSWiJJi6ckLhx9cj
;JyW+3M5g9Tc0UerwVn67fNWm5MqGg/UBaAuyMvCUt+J0RZ5sr/Gm10UHvLYWfqt81aNwyoMn9QN+nVT
;SMVZ3khclTvzfQPbWJYatxwFILYowVAZcwIVw9kiKEkJXsVHFUtPYGjyD0yEyAermwJmNK5BV5ixhlN
;D3CFujo4GmB5VSw9gaORfbJRYB6iBWfr3qMpUnjQI0wgc4yxTUt7FBxVLT3F45FcMgcgd8B2Ap/ooi9
;DadojWihim6A+IxR6QyJEWfXLzg9Tc0lxrgRn67fNWjdV6HwrUBbpvCM5HmBDOlhJ5NHOG15oV2zPcQ
;Lrts1aNwyofGYQFuXVTUoSem8wWQ3e0OEYV2MgH64FZ+u3TRt3DLZ8P1B/h6EoOBd7fz5EU+b88xJHa
;UR/3Hw4j96+LlZiyxk/URbp1U1KexRcVTo9gaP4E0ZiUnLBZgyC2aoFVGnEEGAxeI65KEp6FBxVLT0B
;ldF9KgcgHsdrE47FoTVUZ8ESWA91jLkhFRd1ZTBfToGikX0yByAerkVn/LfNWl5i3BlNPHmKviQkHEt
;/MEFR3tT4GUZvIB80nP5yLlSzCAy6fD9Qf4ehKDgXe38+RFPm/PUYQnNIHq8FZ+u3zVo3TKhxP1AWgK
;ciJBJ6ewpMU+bP9H0zByAergXnvffNSjcMqBVNP3iAuyoVHXhzIl9c9caRfDIHIB6uBXOrt8BaNwzBD
;lA+f4eyEiMVZ3khLTwbOgjkq57pIa4QZ+u3pChYYsESWA96gLsoFR99byFMU+LGkXwyByAergVn67fA
;WjcMwQ5QPn+HshI5C3F5MS08gaORfTIHBF6uDmfrt6c/RWf3HlAkYoa4TUt7FBxVLT2V45FuMgcgdMt
;3DLTVoi5DY8UjTCVkj7QuL3sVHFUtPYGjhT0yFyAerm8CmdySPF5+2whgPHeQsD9KehQcVS09gbfRfT
;kHIB7EYBWA6KQ0UWXEED9RFunVTUp7AFxVPT2Bo/sYQGx/d8B2Ap/opDRZadp8PlAW6dVNSm9UHEUtP
;YHJ9A9ZWElw3WATtNi4LlJ+qH0/UBbp1U1eOxQWVS0968bjFm13UnfAcWfqt81aNwyoaH9QGunVTSAe
;ZncKXkjx0/4PRgchHq4FZ+u32Ro3BKh8Pzpzm74SPhRkHFQtPYGjkX0mRyAOrgVngdK/MWh4xwxgI2O
;bsywpHhQdVS09gaORaXIHKx6uBQ2OxaYFQ37JClo8FujVTUp7FBxBbT2Ko5F9QnVJcNpaFJvSqD43Da
;h8P1AW6ZENSncUHFVBXPjG4yJaYkl5xnFn6oT+aQQ/m68AUDDp1U0mGm15J3JV5Mr2FUZYQXrPdROCw
;agFWm3QI1c1f469ORUJdWg8Qj2Ao5F9MgcgUO4FQeu3zTZWdc0OYDhzgLIlPiR1eDRdSejV9CJfbk5B
;xmAOjN+5BUVt3BVQUBfp1U1KexQlFS0egaOREVN+RWzxbQKC0KUuaG3MHU8kf5+wEjkaeWw5RFPm/OI
;JV3cgH9URyaxWt94IDIN8P1B6iKwoOCR8eTxKVfX88BlTd1R32GA4mMOoKlh6zQ5gMnmdoSInJGZ9IU
;RSgaKRfTIHIB7nRWfDt81aW23RGU0Pfoy8KiIPS30xTE31yucYbXRUe95qEY7Fki5YfPcOXiR/htVMS
;nsUHFUtdMGjhn0yB0x/12AVtNqoKFBp9x9TP2WMiisrGHFvVSynGDoI5Ku+Hx62BWfr26wjUn73D1o3
;e4y7ORUXcXIyWVXezvgTMga6hzec/nIO8lo8DKh8SDF6hYo+Ih54cCYtPIGjkX0yBzBerhFn67ehO05
;p2iNMOHOFuT4VFGJ5J0Fc8aOQfTIHIB6uTCfrms1aN2DJBVoiSZqhLDgPS2w6RFP1/OIeU3VGQcRqDo
;XDkjtZa8QZYCR+m7A+IhR4eFUsPYGjkX1SZGAeigVn69usI1J+9w9LMWSdij0lEnpoCl5e4NH3IlhoS
;XDaWguO2aouXwypfD9QFunVeQp7PRxVLVHg2vQPbXRUf9xxOJvYpDRDU9sfXiJwtr8iIxVgQyZdWOTH
;zg9Tc0lxrgRn67fNWjdV6HwPUBbpuSwzHmZDJllc89fODV1uTmrxdgSKxasFXWPBEksPZZ20Pz4kfHk
;8SlX1/OMcRm5PHq8FZ+u3zVo3DKhfP1AWhbQ0LwlLbyFMT/X84RJbaVRB3WYGmdGSMFhlxghgI2KMpT
;5KehQcVS09gYfRfScHIB7CZB6OxZIpQ23aCE8/f4ehEj4CZHlVLD2Bo5F9Mg9gHr0FZ+vRpCJSaPcQX
;ilzm4o+PhpmaApVPYCjkX0yByAergV067fNPF50zRhgPHeQsD8VCGB9J1li+KOQfTIHIB6uBWfrqM1a
;N2HJCGAzeYezfBUdfXA0QFjv184eXWpQe8B2Bp/eojQ3Dah8P1AWaYINSmEUHFVAXPX88hJcYRFByGw
;LitqoNENTzBlRI3+drE1LexQcVS1dEuORZjIHIHPPcTiI2KM8BlPOFVMxe4y7ORUffX04SEnk0ZF8Mg
;cgHq4Fm9S31lo3DMUdSw91hrsreyRydTlMUOTN5SJCdUl9y1oEhbfMWjcMqHzfOFbpzk1Ke3l9IXJe7
;s33TG1hSXLPaAKFw5IqRWXLGWA6ZunUTUp7FBzdnn2Bv5F9MmpBavFmCIXR/AVRZcQdUjV4nYo9OBJ3
;eQpGUvOjkH0yByAe7ton66zNWjdhyQhgM3mHs3wVHX1wNEBY79fODUBuQ3vxcBTrts1aN6zYgQcQFsX
;VTUoWdWgKTlLvxaAiVG5Mf8NgCZ/ovj9DeMESWCNJj7whKxZxciFyWeTN4hRGfiAfrgVn67etyXcMhX
;w/UHuIoRIpFHp6ZHJb6M/wEFdpVEHdYBOf3qM9RFPOFVMxe4y7ORUffX04SEnk0ZF8MgcgHq4Fm9S34
;Fo3DMUdSw91hrsreyRydTlMUOTN5SJBYlRqx2sAmOirM1ttxRlRJEmPuSI9CXVoMC08gaORfTKHd16u
;L2frt6A7Q1PLE1E2J7azJCYaeXk7WWLyxuUJW2lHbfFjDofWoD9ZePcMTTl1jNVMSnsUvCXQBcGjv30
;yB01/2loEhNmra2hqwRBePXOHoRI5HmBoPENa8vz3FF5mTXvAcTid0r8zUXX3FVtQF+nVTUr7hN8VLS
;GBo5EQU3N/fcFrAdroqzNbbcUZUSRJn7A/Ix1tQzxJPYCjkX0yh7Dd7gV467fNN1Z49x9QPnDbiisjF
;3VxMENJ3sD+EEJiTm3PcQ6E2c1bNwyofD/QQanVV0p7FHE0WWLizP8bAFhGd8JkCo7ZuQVTacYPViRv
;6dRNSnsUHDW+fYG4kX0yakFq8WYIhdH/BVFlxB1SNXidiikjGnl5IUhPgaKRfTIHIB5SOmfwt81aWm3
;cI1w/eI/nEiwSeH04SFP1/OEPW2RFQc1rZ+q3zVo3DEgUf1AN6dVNJxpgQzZCU+eRzhtba0Fzy2sTtM
;e/M1Rp9xZPUBfp1U1Ke5yvFS0hgaOREFNzf33BawHZ6KszW23FGVEkSZmnJCkeS3c6Xz2Ao5F9Mgdgw
;e4FfOu3zTdWePcfUD5w24orIxd1cTBDSd7T4xRRYn9r3QVm67fN+kfxkDw/fBbp1SArD0t/OkNbs/z3
;FF5mTXvAcTiY0rkuXmLPD2A2f4W0IC8VYEMxSFPyyuUEMgYgHq4FZ4skjVoaDKh8UjFitrYiJB0mQzN
;EUeDO9BNGWFN72nEOhdC+BVFlxB1SNXidiikjGnl5IUhPgaKRfTIHIB5SOmfGt81aWm3cI1w/eI/nEi
;wSeH04SFP1/OIYRnNJcMl2OI3eoTtaacYIYDZ6hqI/Kw9xHFQtPYGjkf1lRyA0rgVnhta5BVRjxhoND
;3CAuSwnHnpoCl5Y9df4E1V0f3jHaQaG0qMuaHzaFVw1FujVTUrbZOFtbT2vo5F9X2ZUQc1qCY2Fkjxe
;YMkRWj5itqYoPg99cjJeYufK/RxfYk5q8XMCmd6rI2hlzHw+UBbp1c3auFQcSS09gc7wCW1kT3DINzi
;N3qE7WmnGCGAmc5u8KzMkfXhVLD2Bo5H9osRgHrkFZ+varC5SfsEdUw9lirQhLyRyfTZZUvP86X0zBy
;AergVnsvfNTTcMqBFeJHObvCwmJGd/NEFY3sXwHkZoUkHXBWbrt81aNwzxPD9HFunVICsPcW48TFHe0
;PIcXmJ/eM9mE4TFkiA3Dah8P1AW6YwNSm4UHFVAXPn85xJeck172ncOiOi+KlJpzE0/URbp1U1KexQc
;VTg9gaP8HEpYVnHCcAqOw78zVFPbDFo1ctvVTEp7FBxVLT2Bo4x9MgdNccpgC7THvz9UZdsZYCpJgbA
;kLRNgQzlMROTR4n0zByAergVn//fNUTcMqBJQKmyFsBI5Em55VSw9gaMx5KveHx6gBWfrwKw2W1PcFF
;YzfYewPjl7FYbMtKQYOnhCMhUgHq52EpvHoihDU9IjWzllnbQjKR4UHWYeDrKQor4NBzUergUIndK/M
;lZizyNMOHOFuT4VGnp7OUg9gKORfTIHICDuBX7rt801QWnaFF4+cbamJS8XeG8KS1zv/OINV2JEHq8F
;Z+u3zVpuTKhkP1AWhqMoOBN1cjJyTunG/RFBWEZywXIVisOoWjYMqHw/UBawlU1fexQcOltY88vwE1V
;YU3bLaQuY6L4qUmnMfD5QFunVTUoyVBxELT2B0+MYQXRVbMtaBo/BrDRUaZl8PlAW6dVNSnsUHEQtPY
;HT4xhBdFVsy1oGj8GsNFRpmnw+UBbp1U1KexQcTS09gdPjGEF0VWzLWgaPwaw0VGn3FVE2f4W5fEp6F
;BxVLT2Bo5F9KgcgHt53ApjEuChSU8kYSTF4irASIxVydTlBD4GikX0yByAergVn9rfNWkd+zQ9MJWSM
;iiwuDXVyNkhi6M3iGEZYSXDAYBXat8xaNwyofD9QFunITUp7ZG4wXk700fQiU2NWf8BmArTeoylSePc
;VUT5zm+dNS3sUHFUtPYGjkWAyByBu3GAUmMK/P2htzApePnWMiiQkCHFoCkJI9cbjTDIGIB6uBWfrt8
;1aKgyofE8ic5qmODgeS30xW1zvwPQiW2lTe9paCJ7DqCgFDKl8P1AW6dVNSnsJHFUtTfPG4g5HdUVBz
;2ERitmuP2h4xwxgI2ObsywpHiUcVC09gaORfTIHIAOuBWebxagpRHnaGWAxcp+0IykeS2g6XWLy1uMb
;U2RFLK4EZ+u3zVo3DKh8E1AW6aU/IxVgeSdyXu7N9yJXf1Rs22ECmYaSOVtpyQ5ePnWMii8rGH9DOkt
;b8sblfTMHIB6uBWfrt81zNwyoDE05eJ2wPxUYe3Izclj51+MIVmJSL/FmC47WvztZb80jWihim6ApLw
;kUHVUtPYGjkX0yBw0ergUXmd6jLlJ+9x9QPnC2sDU+CWF4MF8M3sD9GFN1QXDNYDiNxaI0Q1PHGlkjc
;53VTEp7FBxVLT2Bo719MgdQbMdrE47FkjlYYs4jWihim6ApLwklQzZBWODR8BNRYn9yy2MTtNirPERp
;3Hw+UBbp1U1KexQceC09gdPjFFxzRWzxZgiF0ZI/T3jaCVs1ZNiKLiYedW40Q17k/OMUVW9UQcFjAZj
;SuVo2DKh8P1AW6dVNensUHCVfVO/X9A9tZE9wyFoCk8O/L1Np2k1gM2OaoSInJGRuPENJ4MH9GG11RX
;nHagm0z81bNwyofD9QFunVeUp7FGwnRFP1xuMiUWhOePFgH5/FuD5SfpkjXCVlnbogFQtmdTtZXOPP9
;CJAYkd3wWs4k8SkIFIMqXw/UBbpVSYKeyQcVS1N88r/CVd1f33BawG00rUuRXnMGU1hSYqgPj4UeUMl
;X1Tv1/AfXmJ/bMtiDoTZkiM3Dah8P1AW6dVNSk8UHFVdT+jN5RhAWENxwGM4js+5KEJozQ4OD3Wcpjk
;lFktsJ0RT9cLzEVdYUnvJbAiF6LQpXnbNfD5QFunVTcoQVBx5LT2B0+MUXHNFbPFmCIXRkj9PeNoJWz
;Vk24ouJh51bjRDXuT88xxRbH9xyGMUjsPNWzcMqHw/UBbp1WRKexRsJ0RT9cbjIlFoTnjxYB+fxbg+U
;n6aI1w8c4inLCQYcUMwVUnz1vUYQAchHq4FZ+u3PWU3Iah8PyBkgLs5LwlLfzpDW97G6QlAckR73Dc4
;iNuoO0Vtxh9aD3CbuiM+JHt6M15Y9aOQfTIHIB6uBWfrm81aN3zaFVEkc5uKLiUVckMwVUnz1vUYQDV
;/fcJgBpnWozlSU8QZWSRJhrMrOR5gHFQtPYGjkX0yByAzrgVnm8WkNENp2iNcP3iPiigyD2ZpMUhPs/
;zyEVdmUn/AZgK0xaQ9X3j3E1k2ZYyhTUt7FBxVLT2Bo5FNMgcgbtxsCZ/SvwVUY8YaYDVunac4Lh5mL
;gpOSPLX/hBtd1J3wHEGiduoBUVpzxVQPkmR1UxKexQcVS09gaOlfTIHUGzHaxOOxZI5WGLOI1ooYpug
;KS8JJkM2WE71zPwiQnVJcNpkBYfSkihSa8ETUQ9umrw3L3sVHFUtPYGjkX0yNyAernUVgtm5P0VTyxN
;RNkmMrTk4DnB5Jx9i4tbiCV1qf27cbAmf1q82UlPaGVg5eYeKNEp6FBxVLT2Bo5F9BgcgHt53DoXDqC
;hob8cSWQ9zkaE/Px9xbmdyXvTQ5RJfWFBsx2sTitWhP2h+zRtWP3i2rD4jAXEcVC09gaORfTIHIASuB
;WebxaQ0Q2naI1w/eI+KKisVYG4sclXkyvYVRgchHq4FZ+u3zVo3Eah8PyBkgLs5LwlLfzpDW97O8B5a
;bk578WcGntO/O0NpqH0/UBbp1W1GOhQCVS098dH4E0ZiUkHNagmN6KA7VGTBEloPdIyxEjkTdWwwLTy
;Bo5F9MgcgHq4kZ+u3vSheYtwZTQ91hrsrFRZ1fz1EU+T88xhWWFR7w3U4hta1WjYMqHw/UJaylU1sex
;QcJV9U79f0D21kT3DIWgqK1KUzWWn3Hlo8YrayLCQPZmUKTFPmz/R9MwcgHq4F5633zXk3DKgMTTl4n
;bA/FRh7cjNyUODA+RRcYn99wWgXjtm+O0NlxxJgKBbo1U1KexQcDG09oqORfUJ1SXDaYBW01KI0UVPF
;HVw4f4ewEikUeWwwQ07g1/gSXFhZHq8FZ+u3zVpuTKhTP1AWmackJA9xbgpOUu/FzhBTZEh3wGA4j9a
;5O2hqwRBaD2KBoCAoFXV1OXJV5Mr2FUYHIR6uBWfrt0kaNyKofD8gZIC7OS8JS386Q1vezvAeWm5Oe/
;FhBp/WkjxeYM0jSzhjhLcjKxJ4QyJEWfXLkXwyByAergXjq7fXWjcM2A5WPmKMpxIpFHp6CkBc4sv4E
;1dYRHfDWh/rts1aNwyoPFAQFvPVTUoLZnU7WVjz/PISXGF/c89mD4LZqAVTZcUjRlAX6dVNSntUcxUt
;J4GjkQ1Abk5qy3c4iNijPGhhyR9XOXiMiikjFktmVSw9gaORfXJoYB6HBWfrx78zWXjNDmAzeYezEic
;ad3Q8Q1jex/gORmZOfctaAZnYoAVVY9oYWiIW6NVNSnsUHFFtPaCjkX1CdUlw2mAVtNSiNFFTxR1cOH
;+HsBIvA2BuIElY8/z/CF8HIR6uBWfrtz1lNyuofD8gZIC7OS8JS386Q1vezvAeWm5Oe/FgH5/FuD5Sf
;vcTWTZljKESMkkUHVUtPYGjkURyBwcergUXmd6jLlJ+9x9QPnC2uCwpE31yMHJY+dfjCFZiUkHBYwGY
;0rkFTj6ofT9QFunVTUp7FANVLT3x0fgTRmJSQc1qCY3ooDtUZMESWg9wgLksJx56aAocPYCjkX0yByA
;e7gV467fNKkVlxghaIkmKuiMsJHl9NkVU78bOG1trQXPLaxO0hc1bNwyofD9QFqnVfUp7FGwnRFP1xu
;MiUWhOePFoBojfpDRSU84VTT1hiKcoFRp3fzBBWPPC5RRdaX978WgGk7fMWjcMqHy3k1bp5k1Ke2RuP
;ENJ5NHOHl1pRkHDZASD3qM/aGrBDlInd5uwEisYd3k5SE/g1/gSXFhQbMdrE4LZqlo2DKh8P1BWZpVN
;eHsUHCVfVO/X9A9tZE9wyFoKitSlM1lp9xpWInuetD8vJHV/NkhR5NHwCVtoTkHcYBOZ1q4uNw2ofD9
;QFplyDUpKFBxVXU/ozeUYQFhDccBjOIbWrjJeYs0jWTlkhKIsOB5LfTZOWO3G4xxGbk9w8XEVisGoNj
;cNqHw/UBapWg1KSxQcVV1P6M3lGEBYQ3HAYziG1q4yXmLNI1k5ZISiLDgeS302TljtxuMcRm5PcPF9O
;IbWtVo2DKh8P1CCKJVNensUHCVfVO/X9A9tZE9wyFoKitSlM1lp9xpWInuetD8vJHV/NkhR5NHwCVto
;TkHXWgqKz81bNwyofD/E16nVfUp7FGwnRFP1xuMiUWhOePFoBojfpDRSU84VTT1hiKcoFRp3fzBBWPP
;C5RRdaX9k8WgGk7fMWjcMqHw/CVbp+U1Ke2RuPENJ5NHOHl1pRkHDZASD3qM/aGrBDlInd5uwEiwecX
;gnTEnk/PQiX2ZYHq8FZ+u3zVoOTKhQP1AWmackJA9xbgpOUu/FzhBTZEh3wGA4jd6/N0Bt2hlgNnOMs
;T8rD3FDLXJQ4NuRfDIHIB6uxRWrt+FaNwzYDlY+YoynEikUenoKQFziy/gTV1hGd9xoEIrFqAVRac0Y
;TTFijIo0FRZ1ZFUsPYGjkX3ydWAeggVn68e/M1l4zQ5gM3mHsxInGnd0PENY3sX4D19wQWzLWgGO0qk
;oVnjNI0UPe4itTUt7FBxVLT2V45FZMgcgbtxsCZ/SvwVUY8YaYD13ir0kJB5LejxfUPbC4xhtbUVsxV
;oC67bNWjcMqHwrEBbN1U1KC2Z1O1lY8/zyElxhf3PPZg+C2agFUWXaEUgxZIyKJy8Jf0MtLTyBo5F9M
;gcIXq4hZ+u3vSheYtwZTQ91hrsrFRZ1fz1EU+T89xRAald/3GA4gdK/MWh1qH0/UBbp1U1iOxQ4VS09
;8dH4E0ZiUkHNagmN6KA7VGTBEloPcICnID0aZnkKR1jzyM4HMga6hzec/nJu8loWDKh8TyJ/h6EoOCR
;3cztLYuzC8hVbaUVByWYIj9KSO1R4wRNRUBfp1U1KexQcVS0WgaORDUBuTmrLdziI2KM8aGHJH1c5eI
;yKKikUcHkKWVX0zvMTU25MQcZgDozfuVo2DKh8P1AWgJVNYHsUHCVfVO/X9A9tZE9wyFoKitSlM1lp9
;xtcP3KMijkiDnl+O0xU7fzmFFZzSB6vBWfrt81aXkyoUD9QFpmnJCQPcW4KTlLvxc4QU2RId8BgOIfW
;vi5oedgQUDFytqYoOA1xbgpZRPHGkXwyByAergVn67fpWjcM2A5WPmKMpxIpFHp6CkBc4sv4E1dYTnH
;UfwuO6KkzVmHNCFoiFujVTUrbjYWMEj2no5F9QnVJcNpgFbTUojRRU8UdXDh/h7ASJBRuZjlIYuXK8B
;BXc0Vs8Tdn6rfNWpeVMaUAUDDp1U06CX1yIUhP3sD+E1RYTX/NbQ6F0pI0WHbSEFoPYoy4PRUWdWQKH
;D2Ao5F9MgdAbe4FQeu3zSpFZcYIWiJJirojLCR5fTZFVO/GzhNdfVpyy1oTjtq9BVpt0CMNUBfp1U1K
;e3RvFS0igaORDUBuTmrLdziI2KM8aGHJH1c5eIyKPTgSemgKQFLlxpF8MgcgHq4FZ+u341o3DNgOVj5
;ijKcSKRR6egpAXOLL+BNXWFBswWgXn+i4KVJT2h1ZJEmdvT8vCHxzOUk9gKORfTIH4HzuBX3rt80qRW
;XGCFoiSYq6IywkeX02RVTvxs4ORmJQe64EZ+u3zVo3DKh8EFAW6aU/IxVgeSdyXu7N9yJfZkN2x2sCt
;MGkKEN5yRBgNW6dpzguHmZDOktb8sblIko1IB+uBWfrt81jdwyHfD9QZpu8Iz4eZkM2QlPn/PwcUW9J
;cMtaEYLFuS9WYPcZRyRknLEoOCR7ejNeWPX86E8yBiAergVn67fNWjwMqHxNMXCdiiwjCXN9JS08spC
;iTgE04yGuFmfrt787UXj3Hl4jc7a5JCQeY3UxWVWBogvkq565h0c6Z/S3zVpFbc4IYDJ3mrASLwNgbi
;BeVO7NzgpbY1R28XcGn96iWjYMqHw/UBaAlU1cexQcJ0xb9fzzHEFif3fAYw6H25I7WWvEGT9RFunVT
;Up7FBxVOz2Bo+McVHN/fM92ArTeozxeYMQjTTFigLpNS3sUHFUtvcHjkW4yByBsz2MTtNWsKVJT3BRW
;M32HsD45exUcVS09gaNxQjIXIB6udwaNw5I4Vn/NI1Mxb4ynPkp6FBxVLT2Bo9F9IwcgHtxkAZ/ooTN
;ZafcPTzF1gLsqSnoUHFUtPYGr0X09ByAe3GQBn+ivO0Rp9w9PNXON1UxKexQcVS0dwaOJfTIHUn/IcT
;iC2bk/RWrJH1oPeoC7KD0ScGg9LTyykKJOATTDIa4hZ+u3vztRePcVUSRzm7MsKR5LeS1ZT/TQ+BJcW
;Fd3ynEPtMWsLl5jqH0/UBbp1Y0oOxQHVS0988L3CW1uTmrLdwGK1KgFXmLOFVM8SYi7KiYeFB1VLT2B
;oxErcgc7Hq4FFYrRuQVeYtwZTTZ3irASIxVydTlBYvPC5RRdByEergVn67eEGjcUqHw/InePoRIjFWB
;5J0tc4sbOCVpuQ3XAYBSYt8wIjxItl26IKenATUp7Zn0zWWLozeUYQGFBfctaC4rOqChEDKl8P1AW6d
;W9dXsCHFUtT+DF5SJbaVR73GMGiNKSKUdtyxVRNxbo1U1KexQcpRI9laORfUBmRmrxbAmf0r88Vm/NI
;0wgc4yxTUt7FBxVLT2/45F2MgcgbM9jE7TarChQZcZ8PlAW6dVNSm9UHEMtPYHR8BtGWFNr3GMGiNKS
;Nl5izQtWNGKB1UzQ4o2FzLTkvqOzfTIHUn/IcTiYwr88Vm/NI1ooYpugPiMUekMiRFn1y84PU3NJca4
;EZ+u3zVo3Veh8KlAW6acsLA9LbyBfW+DA9CJUa09p3GQTjrfMWjcMqHyfNVbpzE1Ke2Z9M1li8tbjG1
;NkRUHHawGC26EFVmLPEFpQF+nVTUp7FCIVLSuBo5EPU2FUQd1wFY3Wrj9oasEQUw9kiKEoSnoUHFUtP
;cH20X0kByAe3GQBn+i+L0VqyR9aD2KBvC4hFXFvJi08qP8ev8cv7CGuFmfrt787UXj3D0oicIi2KBUX
;dWUwX06BopF9MgcgHq5FZ/+3zVpFbc4IYCNjm7MsKR5LbyVMXujN9n0zDfe93jhtPIjNSDcMqA5eNmK
;2pjg4HXV/MHJO8cb0GTIGIB6uBWfr+Y1aIwyofE0xcJ2KOTgaYnk5ckX4/OINV2JEHq8FZ+u3zRpnTK
;hoP1AWm7A+PhpmaApIRfXR8CJTak9rwHFn6rfNWjcMqHw/UADp1U04HmdoNF9J3sbpCUBmf3/DahKFw
;5JoNw2ofD9QFunVTUp2FBxVX1jy1/APRlhTbstgA+u2zVo3DKh8BhAW5tVNSglxbyFMT/X84g1XYkRB
;nAVm67fNWjcMkTw/QRbp1T8vD2Z9NllU7s3OHF9oVXDaBWbrt81aNwygPD9DFunVPy8PZn02WVTuzc4
;cX2hVcNpaVeu2zVo3DKh8NxAW/tVNSglxaCdMXvXK/hNtY1Vsx2sAtMCkKlI+qH0/UBbp1U1KexQ7VS
;0988blD1NkVHfBaziO2aw4W2n3E0okZYCxKBUZe2ghQlDez/AEV3VTHq8FZ+u3zVrHM6hYP1AWm7A5O
;Bp3aDxCU97G/xxQa0VBwXATmN6pP2h4xwxgPHeQsD85exUcVS09gaORPTIbIB6udwKfxaw5Q2XHEmA9
;f4e8ICsXS3ktWU/00PgSXAchZbqrIArNWWU3Eqh8PyJznacsKQ99cztyUOjN+BBTa3971nEVnsSkNVl
;Tmnw+KwJHkqww7yscQC09gdH0CUBmQ2rHagm02qQ0aHjaHUk1eunUTUp7FBxVOX2BtJF9MnVFatxkBJ
;/eojRoYcESYCRkiKMoJiQmHFQtPYGjkX0mRyAOrgVnmdK5KFZv3BVQPkmapSgvHxQdVS09gaOROXIHM
;h6uBRWOw787VHjBE1EPZZmwKC4kJhxULT2Bo5F9dkcgEK4FZ5nSuShWb9wVUD5Jgbo9SnqOhcy0pBhq
;rn0iByAe3GATmdauLl5jxiNXP2a2501L4Y2FzLSkSJyRZzIHIGzLcRWK1LkzWGL3Blc/Zra2IiQffWg
;8QlOwo5B9MgcgHq4FZ+utzVo3fs0ITTF1nbwiJCRudDpdYuLM/xlbc0lxwDdn6rfNWjcMqHw/UAXp1U
;05HndzO0li7cLoGEBYWkHCbAGft8xaNwyofD9QFunHTUp7Z3QwQVHeyv8bW2tMQcF3A47FzVs3DKh8P
;1AeqdVBSnsUbz5ET/X8/RxLYlJtrgRn67fNWjf8l3wvUBbppiYjCWBDOUhT5tf5Il9uTh6vBWfrt81a
;NwyobD9QFpq+JDgPS3A8Q1jewP4IXHMgH64FZ+u3zVp3DLx8P1Blgrw/PiR5dTtEUODPzhFXaUdqxgV
;m67fNWjfMyjw/WRbp1T4hEmZoCkpc8aOQBiapZ//UgVjrvM1aN3/DFU0kSZqlKC8fFB1VLT2Bo5FTcg
;c6Hq4FFIfYugVTY98SYDZ/m6Y5FR1xawpBXPjG4w4yBiAergVn67+NWioMqHxMPGW2tCQ4JHlzMUhi5
;Nv5HEd0VEHedwKYxLgoUgypfD9QFunVeQp7CBxVLU7t0M4cW3V/c8FhArTHoT9ZecUjTyJzmqY4OB4U
;HVUtPYGjkVlyBwcergUUh8SSOFh43BNSD2WcpysrGHFDNkJT9czkD21kT2zAYBW006g2VnWofT9QFun
;VTRM7FDdVLT3yz+IiUGhUasFoOJjCvzxWb80jXD94nbo4OCRxcjFyXu7O4RhcdEFqx2oJ67bNWjcMqH
;w/UBbN1U1KCHhvCk9S9df+EG10VWzIZASO6K41WXjHCU0Pc4exEi4eeH0sLTyBo5F9MgcgHq4vZ+u3v
;jZEU8oTSyR5hIo+PwlyfTZIYuLM/wldclJBwmQUjsWSNVFq9xhaPHeQ1UxKexQcVS1kwaO4fTIHU3Ld
;WgWEw7k1WlPbCU02d4qwEikUemg6WE/ez/AOV3V/ccBaA47brCM3Dah8P1AW6dVNSl0UHFVeUfL88xJ
;Gc09z8XYSmdGsOVJTyxNRJHmcpxImGmd5J3JN7tT0DzIGIB6uBWfr/o1aHwyofEw8Zba3Ij4Pe3EKXk
;jzxfAeV1hDccBxCJ7FkjZeYs0jWzllnbQjKR4UHc+0pBg6CMQNBwAergUUh8SSOFh43BNSD2WcpysrG
;HFDNkJT9czkD21rT3Hedmfqt81aNwyojABQN+nVTTkXZ0M3Qkn1zPwiQXJSeM9mArTUojRDY90OYD9w
;j6YoPnsVZ0GDemDZJcIyLiAernYLmOivNUN4xxFgI2ObsywpHkt/OkNJ7tbjIkFkQXDAbAmM6K41QmL
;cfD5QFunVTUqLKxx8LT2B0P0ObWVPatpqCrTEuChRbcsZYDN5h6EiPwlLbzZMU+/K/xptdFB7y2Fn6r
;fNWjcM5KF/UDvp1U05F2dDN0JJ9cz8IkFyUnjPZgK01KI0Q2PdDmAkeba8IywSeHAKSVTy1/ATUWIgH
;9URyaxWt/4IDI58P1BlhaYSKBRgaDpAYvLW4xtTZEVBx2sBgtuhBVRj2hJaIkmNsCErAhQdVS09gaOR
;JHIHCh6uBRSHxJI4WHjcE1IPZZynKysYcUM8Q1voz/0iV2lEQc1qCpvSoylWeMETUVAX6dVNSnsUHFU
;tHoGjkQ5edH98wXEThNqSKUJ+zh1cNUmAuysjF3hDMENZ3sf0EVN+IB+uBWfrt81aNwyBfD9QZYWmEi
;gUYGg6QGLy1uMbU2RFQcdrAYLboQVbbdsZTQ95j7MSLh54fSwtPIGjkX0yB3leri1n67e+NkRTyhNLJ
;HmEij4/CXJ9Nkhi6M33FF5rf3LPdgKZ6KI0aGjNEF4pFujVTUp7FBxVLT2ko5F9QWtTQcxqE5/YoAVE
;edoaXjNztrwjLBJ4cApBXPLG4yJCaFd73AVm67fNWjcM4Tw/dxbp1T4mCEt+OllJ7s7ODkd1Rn/NYDi
;C2aszW2D3EFY+c7axJDkPdXI2SD2AOQjkq565p5EFRuu3zSlbf/ceUCRihrgSOQ5mejROWN7K/xtba0
;xBwXMCmdusKjcNqHw/UBbp1U1KUxQcVV5R8vzzEkZzT3PxdhKZ0aw5UlPBElk5eoWKPikaenI8Q1rew
;P4IXHMgH64FZ+u3zaoIDJh8P1BlhaYSKBRgaDpAYvLW4xtTZEVBx2sBgtuhBURvyRJROXiOii4lDnpo
;Ck9E3s/4E1cHIR6uBWfrtz1lNySofD8jepqKLyUPYHM4ck700fccUWJ/d8BjDofbkilUbcYSVj5xtqY
;9Lx5wHFQtPYGjkTHvRyAHrgVnmNu+BVVj3AhQPUmaoD8sGnd5CkFc+MbjDjIGIB6uBWfrt81aKwyofE
;w8Zba3Ij4Pe3EKXkjzxfAeV1hUdtxgFIPYoT43DRBiurtHUWtySl8UHFVeUfL88xJGc09z8XYSmdGsO
;VJT3BNgPnmbuCwmJHtqMF9R4NORfDIHIB6uBWfrt+RaNwzbEEwPdIahOSUWS28gX1vgwPQiRmh/asF1
;OJjCvzxWb80jUCZzm7ksOnsVHFUtPYGjkX0yHyAernYLmOiuNVl4xwlND3WGpyMvCUt4MEFc+KOQfTI
;HIB6uXCfrq81aN3/ED2AzeYehIj8JS3k7SWLizPwNV2lTf9psCIW3zFo3DKh8P1AW6cBNSntncCZyXu
;7N5RJHdX97wGE4j9KhO04MqXw/UBbp1U1Kew8cVS1O7dDOHl1pVHHbdziH1r4/RVPHGlkPcoy5LDN7F
;RxVLT2Bo8g9Mh0gHq52C5jorjVZeMcJTQ96iKYoOCR7cgpJWO3C6H0zByAergVn67fNTTcMqA9TI0mK
;uiM+FGFuCkFc8sbjIkJoV3vcBWbrt81aNwzhPD9MFunVPiYIS386Q0nu1uMiXmJOedptOJ/fvz9EZMc
;QW1AXUcvIoSqs0motJIGjkQ5edH99wWsThMK/BVtlxhlgNH+aoSwkGHEcVLekGDoI5Is4IA+uBWeY27
;4FVGPGCFAlZLa5IiULZxxULT2Bo5F9wjggDK4FZ5jbvgVUY8YIUCVktrorLAhxaFUsRpUN1pxIs58et
;AVn68ShKWhvxxJLP2Obij4pGnpyPENa3sD+CFxzIB+uBWfrt82qCAyyfD9QZYWmEikUemg6WE/e0PIc
;XGlJcMlaFJvSqD43Dah8P1AWpQgNSmUUHFVeUfL88hJcc09r3FoThOikNFFlxBBgNH+aoSwkGHEcVFY
;pL+RwB5Y4IDKuBWeY274FVGPHEFY+cba2NCYSengwX2LtzOYYQFhIe89xApnooDtPU8cJSyBjndVMSn
;sUHFWta8GjvX0yB1Ny3VoEhNihM1lr9x9GPH+HsSg4JGFsJUhP3sv0HEZiUkHDZB+02LguR3ncfD5QF
;unVTcotVBxzLT2B0P0ObWRPccJsCYzoqyhYYtwjViJJgbAsPh5mQzhMRd7M5AlCclQerwVn67fN2mFM
;qG4/UBaauT4VGHtzOURT5vz5GFtgSGquBGfrt81aNyjofCdQFummITkkd3M6QVTvxM4RU35FbPFtAoL
;QpS43DZtPDGMl2gZySlwUHFVeUfL88hJda0lwyVoLjtG5BVFpzRhgOHOIoSg4JHl9LXJS9NfhCEYHIR
;6uBWfrN5saNymofD8jepqKLiUUeHU7SmLtxvcJbW5SQcZgBp/SvwVabdAjUCVimaA5SnoUHFUtPQH10
;X0WByAe3WkUtNSiNVtlxhtgIH+aoSIkJHx5NFlY8/z8HEpYT2vadRKft8xaNwyofL8GVunxTUp7Z3Am
;cl7uzP0UXGB/bsFyA47FkjxSacwVUTdJnbwgLyRxajBDPYCjkX0yByAergVE67fNKVt/9x9QP3qAuyo
;VC3trMUhP3sX0GFZuTnnxcQ6G0pI1U2iofT9QFunVTUp7FDlVLT3yz+IiUWhPcsdrALTFqDtFU8EOYD
;hziKEoOCR5fS1yUvTX4QhGByEergVn6zebGjcWqHw/I3qaii4lFHh1O0pi88byElNzRWzxdheO0qlaN
;gyofD9QloKVTWJ7FBwmQU7ewP4SXm5OefF3DozfuQVRac0YYDhziKEoOCR5fS1yUvTX4QhGByEergVn
;6zebGjcqqHw/I3qaii4lFHh1O0pi88r2FUZYSWzxbQKKw6goaGHJBGA/Y52lOD57FRxVLT2BI8c9Mh4
;gHq52C5joqjtHU84VUzxJiro/JB5mQzFIUeDakXwyByAergU+q7fQWjcM2xBMD3GIpRIsEnhwCkhT5f
;zyEl93RXDdZBOC2KNaNgyofD9QFunVTVx7FBwmQU7exPANbWFJcsJaAoXTkj5SYMkFP1EW6dVNSnsUH
;FUxPYGj4hFBWEd/3loBgtuhBVtt2xlND3mPsxIuHnh9LC08gaORfTIHeV6uHmfrt742RFPPHU8PcIC5
;IRUXdW8wX2Luzc4ZV2tBZ64EZ+u3zVo3DKh8J1AW6aYhOSRzfSVyW+jP/SJeZlN73FoXhMCoKDcNqHw
;/UBbpnA1KZhQcVV5R8vz2HEJYRnfCaTiH0qM9Q2T3CFcic5q9IiYfFB0uOZPGQuv5DQc7Hq4FFIfEkj
;1WfPcaVjx6tqYuKxV6dTtKYuLM5BNGByEergVn67c9ZTcXqHw/I3qaiiorC0t6PEFR3tDyHFxpSXDJW
;hSb0qg+Nw2ofD9QFqUIDUpsFBxVXlHy/PgTVG5McvFmCJnZqChoaM0QXikW6NVNSnsUHAxtPZqjkX1B
;a1NBx2sBgtuhBVJizCNcP3uZsCM5GmB1OkM9gKORfTIHIB6uBXPrt80pW3/3FVE2f4W5Ei8VcEMxSFH
;g2pF8MgcgHq4FZ+u37Vo3DNsQTA9/h7MkJhdLezRdYufK/RFtZE9swGAVtNOoNlZ1qH0/UBbp1U0TOx
;Q4VS098s/iIltpRnfCaTiM1r0FUWXEEGA1eI2KLiUWZHk7Xlz1yv4TMgYgHq4FZ+u3zVoqDKh8TDxlt
;rwjLBJ4cApKXPH89xRea397wGE4j9KhO04MqXw/UBbp1U1Kez0cVS1O7dDOFFxhSXLCWgCKx5I8XmDE
;I1cxYoq9Ei4SZ2g0Q17k/PccUXNPbK4EZ+u3zVo3/Jd8HFAW6aYhOSR9cjNEUe389hxCWEZ3wmk4h9a
;+P0VTxxpZD3KMuSwzexUcVS09gaPIPTIlIB6udguY6KQ0UWXEEGA3d5mKKyMXeEM5TE7k0c4SXFhEe8
;JkHuu2zVo3DKh8P1AW9tVNSgh4bwpEU+fK/RFtYEFu8WMOh9uSNlZ/zQ5gIHmesD9KehQcVS09gerRf
;RYHIB7daRS03qM8XmDEI1gxZrazJCYXS3AwQ1r1y84JWnVFbcZqC4+3zCEjou+dRdQp6fdNSntncCZy
;VO/F+BFeWEd/3loBgtuhBURvyRJROXiOii4lDnpoVSw9gaORfTL3Hx6MBWfrxKEpaGXGGlY8erayLDo
;kcnU5QWLywPATXG5OefF2F47SqVo2DKh8P1BaNJVNUHsUHCZBTt7K/xtba0xBwmQUjsWSNVFq9xhaPH
;eQ1UxKexQcVS1kwaOIfTIHU3LdWg6F0aQ2W1PEHUw1ZLa6IxUfcXA0VD2Ao5F9MgcgHq4Fceu3zSlbf
;/cVUTZ/hbkSJhpneSdyTe7U9A8yBiAergVn6/6NWi8MqHxMPGW2vCMsEnhwCkFU78bOGVt0VH/AZgLr
;tlfDrpUx5YZvFvDVTUoIeG8KRFPnyv0RbXRDf8BrDoXQkjlYecYIP1EW6dVNSnvkI1UMPYGj4hFBWEl
;wyGwLh+i+OVZixhVRN0mKujgkD0t+LHJR6M30fTMHIB6uBWcbiM1DNwyoD1MjSYC7KyMXeEMmTlzvzf
;gTVVhTbstgA+u2zVo3DKgw4hAW/NVNSgh4bwpHSOzTzhFXaUdqxloLgtqkLjcNqHw/UBbp8Q1KaRQcV
;V5R8vz7CF93f3PPfTiP0qE7TgypfD9QFumVGAp7BhxVLU7t0M4XR2pQQcNsCbTTqDZWdah9P1AW6dVN
;bjsUElUtPfLP4iJYck1u8XYXjtKpWjYMqHw/UFo0lU1dexQcJkFO3s/wBFd1f3zBdwOOxZI1UWrbGUt
;QF+nVTUp7FBxVLSaBo5EOXnR/cs98ApnooD9Fa80jXDx5mrASLBp3eSYtPIGjkX0yByAerh5n67e+Nk
;RTxR1LNWSAtCEVCHd9OUhi58LyCV11f2auBGfrt81aN1XofCRQFummITkkeX0hSE/owv0iQWRBcstaA
;YrUuTVFU9F8PlAW6dVNSiJUHE4tPYHQ/Q5takFqy3cOituSKVRtxBlgNneKoSI4JG4cVC09gaORfWtH
;IDyuBWeY274FWWXcDlA3c4eKICUfcUMwVVXg1uIJbXdSe912EpnSzVs3DKh8P1AiqdVsSnsUbzleYu/
;K5Q9dYEVw8WgIj9KSKltpxglSD2absD45DmZ5VSw9gaORfTIjYB63BWfrxKEpaGLHDlIxera8IywSeH
;AKQkvk0f0cQgchHq4FZ+u3zVo3Lah8PyN6moojJQl5fTlySe785RJCWFNr3GMGiNKSNUFp2hBeIBbo1
;U1KexQcVS09k6ORfUFrU0HBfR6M0qMFVGPGCFo+YunUTUp7FBxVOX2BgpF9MnRMbfF1CJzTqChoas0Z
;Wzl4joo/JQ91aDxCU97R8AlbaCAfrgVn67fNqggMnnw/UGWFphI6FGN4MF9i58b0GVtpR0HcahOKw6Q
;1WVPaHUs5ebazOCQYYHU6Q2Lg0fQcbWFBfdpqFeu2zVo3DKh8P1AWxtVNSgh4bwpdUvbH9A9tYUV7ym
;wJjOi/NUNt3BVQPkmbtDkjFEt6IENe9cr+E21lQW3LBWbrt81aNwyofD9nFunVPiYIS2w6Wlnk0c4bV
;2JEd8BiOJnYuTtDZccSYCJ3nbwiFR1hcjZZVO7Nzh5dalB7wHYGn96iNDcNqHw/UBbpJXJKXxQcVV5R
;8vzhEkVjRWzxbQKKw6Q0UFPLE1Igc4emLD4Se3IKWVTsxpF8VGFGeMhje6u34lo3DNsQTA9mm7AlLxp
;gdTtKYuLa/RRcY0Vs8WkInNK/BV9pyQhaIkmEtDUVFGFoJVhJgaKRfTIHIJ74RWfEt81aRGDbI08ic4
;GwLD4SensKTkTtyv8ZV3V/a951ApnopT9WeM0OYD13kYoiPw9kaSEtPIGjkX0yh3Zerixn67e+NkRT2
;A5aOHOIoSQkHEt6J0JT9fz4D21vRX/aYBW02qwiaGPdCE8lYunUTUp7FBzVe32BtpF9MnRMbfF1FY7f
;qDtDZcYbYDhzgLIlPnsVHFUtPYGjuT0yHCAernYLmOi9KFJkzR1LOXiOiiErAnFuCkVY6MT5CTIGEy2
;dNlTYZPJaHQyofEw8ZbalPy8TcX0hRFPm/P0YVHN/eMtgA7TfqDtDadojUjFutro4PgthaFUsPYGjkX
;2yUWAehgVn68ShKWh82hlXNXedvCMtJHh5M1li6NHOFVdmVHvcWgqKz5I1QnjYCUtQF+nVTUp7lEoVL
;RqBo5EOXnR/btxgD47WuTNZa/cMViNihrsSIh51aDBfYuzC6SJdclRu23Fn6rfNWjcMKCp/UDHp1U05
;F2dDJV9Y6cbwCVtpR0HeahCP0r8FUWnNGFY+cbahJCceS3kjSFOBopF9MgcgHq4FZ823zVpEYNsjTyJ
;zgbAsPhJ6ewpdUvbH9A9tYUV7ymwJjOi5M1pp9xNbNBbo1U1KexQcVS09qaORfUFrU0HedwKD0qwuXm
;LPI001d5uKJDgkfHk0WVjz/PwcSlhPa9p1Ep+3zFo3DKh8vwZW6chNSntncCZyTfPG+RhTc0lwyVoVj
;tSiO0Np2iNMIHOMsU1LexQcVS296uORVjIHIG3CdjibxagyUm3cFVE3SZu8KiIPS3owSFney/QcRmJS
;QcNkH7TYuC5Hedx8PlAW6dVNyi1UHHwtPYHQ/Q5td1J7xmAGn96jPWh+wRtXJEmApxIiHnVoMF9i7ML
;pIl1yVG7bcWfqt81aNwwoKn9QO+nVTTkXZ0MlX1Tv1/gTVVhDZ8JsCY/SvwVbY98ZTQ9+jLQ5LwlLcT
;RVYu7W5Q1HcyAfrgVn67dNDHcMhXw/UGWFphI6CX1yIURT5vzyBF5uTnrLdziex70/RVPAGV4kc5uKI
;CsDS3MgWU3015F8MgcgHq6FMau36lo3DNsQTA9mm7wjPhJ6ewpLT+7N5SJbdX92y2QTjsWSN1Z09xNK
;JGacoU1LexQcVS291+ORVTIHIG3CdjibxaQ0Q2XGG2A8c4+hEiwecXgKRVjg1/QPbWpBZvFqEp/HuC4
;3Dah8P1AWaYMNSl0UHFVeUfL84Q9baVR3wGI4h9KrLmhl2iNXNXedsD8VFnVkCkJI9dPkCTIGIB6uBW
;dr4Y1aEgyofEw8ZbalPyMVYHU7SmLxyuIJXWl/dstkE47FkjdWdPcTSiRmnKFNS3sUHFUtvdfjkVgyB
;yBtwnY4m8WkNENlxhtgIHmesSg4JHJ5MElU78TOCVtqRUHLcwKFt8xaNwyofD9QFunxTUp7Z3Amck3z
;yv8JW2lHQd5qEI/SvwVRac0YVj5xtqEkJx5LczFJPYCjkX0yByAergVB67fNKVt/9wxNOXidvCMtJGZ
;5NF9i6NHOFVdmVHvcWgqKz5I1QnjYCUtQF+nVTUp7lEoVLSaBo5EOXnR/btxsCZ/eoz1ofs0fUDFijK
;cSOQtxeTEtPIGjkX0yh0terixn67e+NkRT2A5WPmKAuyoVCX17PVli58b0GW1vRX/aYBW02qwiaGPdC
;E8lYunUTUp7FBzVe32BhJF9MnRMbfF1FYLZuTNZa/cOVjd+nYokOCR8eTRZWPP8/BxKWE9r2nUSn7fM
;WjcMqHy/Blbpwk1Ke2dwJnJP7srOD1dgSXHAWgSO2bk/RVPQfD7wDMYIaexF1BxCLT2B0P0ObXVPd/F
;3AozeojRob80SSzVktqxNS/JVfLD9379jkWgyByBtwnY4mdikBUVpzxVQPkmbtCkjDmccVC09gaORfQ
;xHIAOuBWeY274FRWPBI001cYC6IxUPfG4wXlXuz/UiU3VFf64EZ+u3zVo3KOh8KVAW6aYhOSRneTJAW
;O/XzhFXaUdqxloKgtnNW81ywsBLw57W1WpKexRvOV5i8sv4GF5jf3zBcROE2pI5WGLcE0oiSYW8Iy8k
;cHUmWVzvwPR9M525hzec/lKIzUU3DKgPUyNJmr0kLxdwQzdCSfXM/CJRaE5qwXAVtNuiNUd/qH0/UBb
;p1U1eOxQwVS098s/iIkFvSXvCYTiJ2LkuWGH3H1A+YoagPxUPe0M8Q1voz/0iVm5Tas9rBI63zCEjou
;+dRfQp6c5NSntncCZyTunK9BFWWEJx2nEIhuioIkdtxg9WP3jp1E1KexQcVTl9gYWRfTJ0TG3xdg+C0
;qE+aG7HCEs/e7a8IywSeHAKQVTvxs4ZW3RUf8BmAuu2V8OulTHlhm8W8dVNSgh4bwpeVejG/RltZU9q
;2moKtNusI1J+23w+UBbp1U1KX1Qcdy09gdD9Dm10SHfLaQO01aIuQ2PFI08ieYOwLj4ecEM5TETk0eJ
;9MwcgHq4FZ7L3zXo3DKgPUyNJmr0kLxdwQzZCU/XM5A9ta0lwy1oDgsS5O1lvzXw+yo9wTNTTwiscTS
;09gdD9Dm10SHfLaQO01KI0Q2PdDmA8eYalPkp6FBxVLT2Bt9F9JQcgHt1pFLTEpTNSYMwjXD9kh7A/F
;R9xcDRUPYCjkX0yByBH7gV867fNKVt/9w9XOXOFsRIvFXBDNkJQ8cb/DlNzSXHABWbrt81aNwyofD9E
;FunVPiYIS289RFjtx84YXGN/estpBpK3zFo3DKh8P1AW6cFNSntncCZyTunK9BFWWEVm3mQJmN6iNDc
;NqHw/UBbpJXJKZBQcVV5R8vziFVtiTHrxYw6Hw6goaGLJDk0/YbanKC0Se3JVLD2Bo5F9Mg9gHrEFZ+
;vEoSlof8AVWjxytrwjLBJ4cApBVO/GzhlbdFR/wGYC67b+aQQ/m0/sbxbz1U1KCHhvCl5V6Mb9GW1rQ
;W3LdziE0asFU2nEHUZQF+nVTUp7FEUVLSSBo5EOXnR/bcZsAofTkjZWf80OYD94trEoJhptHFQtPYGj
;kX0yByAIrgVnmNu+BURkwRlTNEmFtD4vCUtsOlpY86OQfTIHIB6uESfrps1aN3/ED2AjfoCwIS4ke3o
;zXlj1o5B9MgcgHq4FZ+uuzVo3f8QPYCN+gLAhLiRnfzRDU+jN9iJBd0V7ygVm67fNWjdAdTw/cxbp1T
;4mCEtvIF9b4MD0IkFuRHvxcQKTw7goUlPaGUw/epyhJCUVFB3PtKQYOgjEDQcCHq4FFIfEkilCfs4dX
;DVJmrwpLyRgeS1ZSPPGzgVLWE94yHYCn7fMWjcMqHw/sCnp501Ke2dwJnJJ6cbjEFNrf3vAZguExLgo
;UlPKHUw1SY28Pj4aen8wcknu/PcUQHRUQcJkHo7FzVs3DKh8P1Dm1tVqSnsUbzleYvXL+BNtcEFywlo
;DhMKvNlJTxBVRNWW2tiI4FXFuCklY7cLofTMHIB6uBWey981xNwyoD1MjSZ29JCQkY305QWLlzOQfXm
;J/csdrApjoqDRTU8sTUiBzh6YsPhJ7clUsPYGjkX0yByAeigVn68ShKWh4wBVRD2GIuSEVH3tpN0FY3
;s/4E1d0f3vAYTiP0qE7TgypfD9QFunVTUp7PhxVLU7t0M4JWm5OQdlkC4foqTVCbsQZYDx/h7A+FRd1
;bzBfYu7F9yJWYkx/1wVm67fNWjcM8Tw/eRbp1T4mCEtoPURT3tTwEV5YRHHbZwuO6KEzWWnbI1MxZYy
;nEiUVS3gwQVz4o5B9MgcgHq4FZ+uRzVo3f8QPYCR+gLsSPRp4cApJUvTB/Rhta0lwy3Y4h9a+P0VT2B
;NINWTp1E1KexQcVWR9gYqRfTJ0TG3xcQ+C2ZItVmDEI1s/Y4u5KBUXfXIwXmLywPATXG5OefFmCJ7Zu
;Vo2DKh8P1AWGepNY3sUHCZBTt7X+RRcWFd/wmk4j9i4OFtp9xBWPnOaij4pGnpyPENa3tDhGFdjIB+u
;BWfrt4GHdwyOfD9QZYWmEj4TfXIKWlztz84OW2lHcstaC4LZqAVUY9oSWiJJjbAhKwIUHVUtPYGjkSR
;yBwoergUUh8SSLl9lxiNIMXqFij4jFXNwMHJR6M30IldpREHNagqb0qMpVnjBE1FQF+nVTUp7FBxVLR
;6Bo5EOXnR/asZsCbTArDZbU9sVUTd6jIohIxVxQzBDWd7H9BFTfiAfrgVn67fNWjcMgXw/UGWFphI+E
;31yClpc7c/ODltpR3LLWguC2agFW23bGU0PeY+zEi4eeH0sLTyBo5F9Mgd5Xq4tZ+u3vjZEU9wUVj5J
;nrQhJiRndTtKUeT8/RRcYn9yz3YCmeiiNGhozRBeKRbo1U1KexQcVS09pKORfUFrU0HabQ6F6Lo7W2D
;3D1Y+cYWwEiYSenkKQVzyxuMiQmhXe9wFZuu3zVo3DOE8P3gW6dU+JghLaD1EU97U8BFeWFN3wGILju
;ihM1lp9w9cMXiHvCMtJHdzIENJgaKRfTIHIB5eOmfDt81aRGDbI0s4f4eKOisXeEMmRFPmz/QiXm5Oe
;/F2BIrZozNZa/cPTzVzjdVMSnsUHFVh4MGjtX0yB1Ny3VoThMeSKUJ+zh1cNUmKuiM+FGFuCk5S8830
;D21jRXLPfGfqt81aNwyoJX9QPunVTTkXZ0MhQk3e0OQPVGZDe/FmCIXDoi9FU80SWw91hrg9LxVnfSF
;EUu+jkH0yByAergVn65bNWjd/xA9gJHmZij4/CXJ9Nkhi4sz/CV1yUkHLawO006g2VnWofT9QFunVTU
;p7FDtVLT3yz+IiRmhQQd1wFY3Wrj9ob8cSSz9jm4ohKwhxbgpCW+f89RheZlkerwVn67fNWm5MqFo/U
;BaauT4VD3tsCl5I88XwHldYQ3HAcQiexZI2Vn/NDmA/eLaxKCYabRxULT2Bo5F9MgcgPa4FZ5jbvgVD
;Y9gjTCVkj7QuLyR3cztZUvTRzhFTdEVs8XUInNK/WjYMqHw/UBaglU1vexQcJkFO3tf+DW10VWzIZAS
;O6K41WXjHCU0PeoC7KBUffW8hTFPixpF8qJ65hzec3tS30Fo3DNsQTA9ihqUSOQ5mejROWN7A/hNGaF
;Vs8WkIhMe+WjYMqHw/UBYZ6k1UexQcJkFO3tf+DW10VWzIZASO6K41WXjHCU0PeY+zPi8PFB0uOZPGQ
;uvJjQcGHq4FFIfEki5YfPcPSiJwiLYoFRh7ciFCSPP84h5TaU53wGI4iNi4NEMMqXw/UBbp1b11ezIc
;VS1O7dDOCV13f23bdwGK1KgFVGPGCFAlZLamLisVenU7SmLy0/QYVgchHq4FZ+v7EBo3Jqh8PyN6moo
;5JQtLbyBfW+DA9CJRaE5qwXAVtMOiBV5izhVTPEmNvD4+Gnp/MC08+rc/OtN9hCGuJmfrt742RFPcE0
;8PZZynKysYcUM8Q1voz/0iUWhScMt3OI/SoTtODKl8P1AW6dUUCnszHFUtTu3Qzgldd39t23cBitSoB
;V5izhVTPEmMuykVGHtxJUhT8sLlFF1pIB+uBWfrt81aNwyIfD9QZYWmEj4UZEMmWE/nwvIYbW5OeMdp
;C7TSoz5oaM0QXikW6NVNSnsUHFUtPaejkX1Ba1NB2moXtMS4KFFtyxlgOXiPvCEmJHh9JkhP3sz3G21
;jRXLPfGfqt81aNwyoJX9QM+nVTTkXZ0MhQk3e0OQPVGZDe/FsCY3eoTZoYMkPWiJJhrsSLh54fSwtPI
;GjkX0yByAeridn67e+NkRT3BNPD2WcpysrGHFDPENb6M/9Il5mU3vcWheEwKgoNw2ofD9QFumcDUpfF
;BxVXlHy/OUSQlhTa9xjBojSkjNZasEQUw96gLsoFR99byFMU+LGkXyonrmHN5ze1LfoWjcM2xBMD2KG
;pRI5DmZ6NE5Y3sr/G1trTEHdZgaF2aQ0UFPLE0o+YunUTUp7FBxV3QKBjpF9MnRMbfFxCJvovi9Fask
;fWg9/h7MkJhdLbzZMU+/K/xptZE9rwHE4ic6SNl5izXw+UBbp1U1KiysccC09gdD9Dm1zT27xdhKZ0a
;w5UlPBElk5eoWKPikaenI8Q1re0OEYV2MgH64FZ+u3gYd3DL58P1BlhaYSPhRkQyZYT+fC8hhta0Fny
;3cU67bNWjcMqHw/UBbw1U1KCHhvCllS8fziCEBhQX3LWhODxagpX2PEGD9RrvdQphvDqiNVPz2Bo+IR
;QVhYZ/F2Bo3SkihWaMEJTFAX6dVNSnsU/GotKoGjkQ5fZkxy8WMCisO4KFJ/9xhWMXuMoSg4exUcVS0
;9gaO1PTIbIB6udgqK26EFUWnJCEoic5qKJSUXcUMxRFzsxuUYQAchHq4FZ+u30Ro3F6h8PyN7iLkhFR
;1xfSFYT+TQzhRcYUlywloVisOkNTcNqHw/UBbpjA1KYRQcVV5Q4M/9IlRiQWrbdwKY6L4qUmnMI00xY
;oC6TUt7FBxVLT3I45FfMgcgbcFpDo/orzVDeMcRYDVunac4ORJ7cgpaVOXX+SJAZlR3wQVm67fNWjcM
;8Tw/Shbp1T4lF314Ck9S9df+EG1hSXLPaAKFw5I8W2PffD5QFunVTYosVBxHLT2B0P4RW2N/fMFxE4T
;akjZWdc0OP1EW6dVNSnsAXFU/PYGj4hJebkRBzGoTn9igBUR8zRlbUBfp1U1KexRSFS0ngaORDl1rSX
;rxYw6H25I0Vn7aE0gPcIW6OjgaYHlVLD2Bo5F98lBgHrgFZ+vEojZeaPcVUTZ/hbkSLwNkfTteVO7Nk
;XwyByAergVn67fvWjcM2xNTOXK2vCMsEnhwCkhF8cL/DltoTkHcYAqEwagFX2PEGT9RFunVTUp7FBxV
;Pj2Bo+ISXm5EQcdrAYLboQVEZM0QUyMW6NVNSnsUHFUtPZejkX1BaEx3yloOhdGkNltT3xVbJH62uCQ
;kexUcVS09gaORfTIYIB6udgiH3qkFQ2PYI1ooYpugPiMUekMiRFn1y84PU3NJca4EZ+u3zVo3Veh8KF
;AW6aYiJhJwQyFCTd7F+BFTakVw2loBh9i6WjYMqHw/UNa+lU1FexQcJkJR6MfOCV13f3LPfAKZt8xaN
;wyofD9EVunaTUp7Z3M5RFne1/4NbXRQe8thZ+q3zVo3DKgyf1A36dVNOQ5kbDpfSd7C9RxCc0loy1oO
;hdGkNltT2h1LOXm2uCwyexUcVS09gaPVPTImIB6udhKbx6IoQ1PJGF4gYoCjKBUSeno8QVHe0fAJW2h
;/c8drZ+q3zVo3DKhYf1A26dVNOQ5kbDpfSd7C9RxCc0loy1oOhdmoKGhp0AxePmWAuiNKeo6FzLSkGH
;qufSUHIB7dcBeb2L8uaG3MHU8kf5+wEiYabXknXj2Ao5F9MgcgCu4FfOu3zSlCfNgTTSRJiLEsOg99a
;jByT+TH5B5Gbk9w3QVm67fNWjcMqDw/Shbp1T4/C2RzJ1li4MfwDUZuVnvxcg6Pw6UFWmXGfD5QFunV
;TUpzVBxGLT2B0OQNQmhSavFnBpjSkjZWdc0OTFAX6dVNSnsUHFUtJIGjkQ5Hd1Bx3HE4ida+P2hgyQV
;aImW2pj0vHnAcVC09gaORfXtHIAuuBWeYwr0qWH7cI10if42yKBUXdWUwX06BopF9MgcgHq4FZ/m3zV
;pEedgMUCJitrc/IxZLazxJSemjkH0yByAergUn66nNWjd/3QxPP2Sdii4lFXp5NllU7s3OBUtYRHfdc
;QaF1KhaNpYx5abJj1DqTVd7FBwmWE3xzOMJbWJYatxwFILYowVAZcwIVw9kiKEkJXsVHFUtPYGjyD0y
;EiAernYSm8eiKENTzhVTMXuMuzkVHXhzIi08gaORfTIHeV6uHGfrt74vR3zHDksPf4ezJCYXS3AwQ1r
;1y84QW2kgH64FZ+u3zVo3DL98P1BlnKU9JQlgQzxDW+jP/SJdclRyx2sCmLfMWjcMqHw/UBbpxE1Ke2
;dpJV1S89fOG1trTEHcZBOOt8xaNwyofD9uVunYTUp7Z2klXVLz184cXGBMe64EZ+u3zVq3Suh8LFAW6
;aY4Ogt7biFyTejP/RxAWFN31GBn6rfNWjcMqGx/UD3p1U05DmRsOl9J3tD8HF5rf3jCagaf0qkFUWnJ
;CEoic5qKNTMkcWQlTFPyyv4TMgYgHq4FZ+tH8lo6DKh8TCVmmbo/PiRnbDBIWYGikX0yByAe50Vn9rf
;NWkR52AxQImK2oT8vHkt+J0xT4svOHFxgTHvxaAaTt8xaNwyofL8WVunOTUp7Z2klXVLz184JQGJFQc
;x3BoXUpQVTacYPViRv6dRNSnsUHFUTfYG/kX0ydFVu3moVn+i5KFJp9x5NMXiKvRIuEnVxMFlY86OQf
;TIHIB6uBSfrm81aN3/dDE8/ZJ2KOTgecUM3X1zvwPkiVm5Bc8txApnoqTVCbsQZYD9jnbkkJB5nHFQt
;PYGjkX06RyA+rgVnmMK9Klh+3CNLInOMii84Gnp/PXJZ6ML8GEZiUkHDZB/rts1aNwyofBEQFv3VTUo
;IYWwlQk/1/OkEbWJYbs9rFILYo1o2DKh8P1AW6dVNWXsUHCZYTfHM4wltf1lBymwUn9ajOVIMqRpZNn
;CPs6t1ewgcVS1O9NPhEkBzf2TxagGNxKguaGjHC1EPeoisKDgIFB1VLT2Bo5GNDQc6Hq4FFJ7HvTVFe
;PcGYD9wj6YoPiRhbApBXPjG4w4yBiAergVn60fyWigMqHxMJWSPtC4vJGd1MUhi9cbpCUd1RUHcYBSE
;27guXmPGfD7Kj3BM1NOyKxxLLT2B0OQPVGZDe/F2Do/Ski5SdNwJTTVJkawSJR1ybzBZPYCjkX0yByD
;ukQV567fNKUJ+zh1cNUmauiEjH0t+OllJ7s7OGEp3QXDdbAiFt8xaNwyofD9QFun/TUp7Z2knS1zixs
;4OXWtJevFnCJ/DojdoadAITSVlgLojFQx9eCFFYvPC5RRdByEergVn67eUGjcRqHw/I2ObsywpHktvO
;kFU5fzzEkZzT3PxYwuEwL87Q2mofT9QFunVTRQ7FAdVLT3y1uMbU2RFQd1qC4LTkjhYeNwTUg96iKwo
;OAgUHVUtPYGjkX0yBzoergUUnsWrO1Rp9w9QPH+Nii8lD2BzOHJO8cb0GTIGIB6uBWfr+Y1aLAyofEw
;lZI+0Li8kZ3M5RFne1/4NbWJYbs9rFILYo1o2DKh8P1AW6dVNbXsUHCZYT+fC8hhtdE9yx2E4n9i9BV
;J03A5KI3+GuxI9EnBoPXJP4Nf4EjIGIB6uBWfr7o1aLQyofEwlZI+0Li8kZ3M5RFne1/4NbWFMcdl3B
;p/SzVs3DKh8P1BIqdVVSnsUbyBfW+DA9CJBaEx3yloThMeSNlZ1zQ5MUBfp1U1KexQcVS0cgaORDkd1
;Rn/NYDiY2KEzU1PcE08PeIinPyUMS3o5QkrzwuUYMgYgHq4FZ+vpjVogDKh8TCVkj7QuLyRnczlEWd7
;X/g1tdFB7y2Fn6rfNWjcMqEJ/UAzp1U0+HnlsMF9c9dbjGG1lT2raagq0xLgoUW3LGT9RFunVTUp7fV
;xVBD2Bo+UYX3dFbM9xEpnSkjhYeNwTUg9lnKcrKxhxQzRfWOD85RVAYlN2wWkD67bNWjcMqHxWEBbd1
;U1KD3FxJUhP4NfkD1dYRHvNdwKKxKg+aH7JGksPZZynKysYcUM4Qlnkz84bW3VTavFpBpLSv1o2DKh8
;P1AW6dVNW3sUHCVfVO/XzglXalB73GQTnsWoWjYMqHw/UNaOlU1YexQcJV9U79fOCVdqUHvcZBOexah
;oNw2ofD9QFkm8DUppFBxVXU/ozeUiRmJNbst3Bp/Cvz8EDKl8P1AW6dVNSnsGHFUtTfPK/wltc0Vz3m
;AVisO4KFI4qH0/UBbp1U1KexQJVS098dH4E0ZYQnvKWhOO2r0/RW3cCU01FujVTUp7FBwcbT2Oo5F9R
;m9JcPFyBofbkilHac0YP1EW6dVNSntdXFUjPYGj4g1HdVNBw2QfnN6pLl8MqXw/UBbp1a11ew0cVS1J
;6cr/IkVmTHLxcg6Pw6UFRW3cFVAPe4itTUt7FBxVLT3o45FkMgcgasZsCbTArDZbU98VWyR+tqcsPhJ
;7QzhEU4GikX0yByAel0Vn57fNWkN+yQpaPEmapSgvHxQdVS09gaPRLXIHPh6uBROZ1rs/W1PSI1gzeY
;2wEi4SZ2g0Q17k/PcUXG5Tdq4EZ+u3zVo3GOh8MVAW6a8SPgl1ajBBYvLT9BhWByEergVn67fZGjcdq
;Hw/JnObpiQlFUtwNF5J3sb1FEYHIR6uBWfrggwaNyqofD8meYWgIC8PZnU2ck7xxvQZbXRNccFxD7TE
;qD1aacYIYDxzh7I5InsVHFUtPYGjmT0yJiAernMIh8KgP0N+wR9gI2aMsCkVCHlzOllV3tf5D1d0SHH
;CYWfqt81aNwyojABQOenVTTwUeGk4SEnzyvIiQXdFe8paFIbYoi5fU9wOXiZzhYohLxVzaD1ySenR9A
;5aaEx6rgRn67fNWjcY6HwqUBbpoiQ6Hkt1O0tU7c/OGVt0VH/AZgLat8xaNwyofD9QFunATUp7Y3UlS
;GLozfcUXmt/esd2E4rZrj8FDKl8P1AW6dVNSnsOHFUtSujT9CJdclR73FoOhcSoLmhowQ9LMXiKsHxK
;ehQcVS09gaORfSgHIB7ZbBeO6KIvQ2naI1Y+ZYyhEi4SZ2g0Q17kkZF8MgcgHq4FZ+u32lo3DN8VTzV
;JhqA5LwlLdTteWPX84g1XYkQvrgRn67fNWjdF6HwoUBbpoiQ6HktzIFlY8/z4E0FiVEHddQKO0/9aNg
;yofD9QFqCVTWl7FBwiRE3k/OMYRnVBfdpsCIXorz9RY9oZYCd/mbASLBp3aDpfDIGikX0yByAergVny
;LfNWkBl2BlgInOdpywpD31zO3Jf5MX+D1dYV3feYDiN1q4uWH6afD5QFunVTUp7FBxOLT2B1PgNV1hT
;ccJsA7TeozxeYMQjWzllnbQjKR4lHFQtPYGjkX0yByAFrgVnnN69P2h/xxBWNEmAuysjF3hDMURO9cL
;/Hlc1IB+uBWfrt81aNwy+fD9QYYClKBUIYWwlQk/1/PUUQXNBcM1gVuu2zVo3DKh8P1AW/9VNSgx9bD
;ByTvTT4RJAc396x3YTitmuPwUMqXw/UBbp1U1KewwcVS1K6NP0IkZvSXDxcgaH25I+Xn/cHVEzc9jVT
;Ep7FBxVLT2Bo4l9MgdXd95gOJ/fpDRoe8kQUw9ygKY5KxV3eWctPIGjkX0yByAerhBn67e6M0dp9whQ
;J3Obii84EnlDIkRZ9cuRfDIHIB6uBWert9haNwzfFU81SZ26Oi8JS3o8VVjl/OESQX8gH64FZ+u3zWN
;3DL18P1BhgKUoFQ97azBfYufK6RhWWFBx3Xxn6rfNWjcMCCJ/UALp1U09EmR5CllS9sbjIlRrT2ncZB
;OOhs1bNwyofD9QT6nVWUp7FGs8XVje1/4KV3V/eMJqEJnWuT8FDKl8P1AW6dUUCnsCHFUtSujT9CJGa
;Fd73FoOhdGkNltT2h1LNRbo1U1KexQcDG09n6ORfUVuUHvxcQic0r8FW2PHDEwPc4i2JRUebGgnWFnk
;0ZF8MgcgHq4Fb6u35lo3DN8VTzVJnbo6LwlLczZZXObM/xxeWFB3wmkGmeivNUN4xxFgNH+IuCg+HmY
;cVC09gaORfXtHIDauBWec3r0/aHjHC1oiSYa2OSsce3I0QWLxyv0RU3V/asF1OI/erDdSeM0OP1EW6d
;VNSnstXFU/PYGj5hRCYn9qwXICmeiiPFF/zQhHUBfp1U1KexQclS0vgaORClt3RUHaahCOxZI1UWrbG
;UspFujVTUp7FBxVbT2Ro5F9RW5Qe/FxCJzSvwVEfM0ZW1AX6dVNSnsUIhUtKIGjkQpbd0VB2moQjsWS
;LFhg3RFaD3uAu01LexQcVS09oeORbTIHIGnHdQK0w6ItUn73C1Y0YoHVTEp7FBxVLRXBo4B9MgdPcdR
;gOJjfpD9baPcdUTd6jNVMSnsUHFUtA8Gjgn0yB1d33mA4nNahNmhqxBNIInedsHxKehQcVS09gfrRfS
;EHIB7ZbBeO6Lo7W2D3GlM/YZu0OS9JFB1VLT2Bo5Ekcgc2Hq4FCITNqAVEZMEZUzRJhbwjLyR3cyBDS
;YGikX0yByAeXjpn+bfNWlhj0hlgI36AsCEuJHt6M15Y9aOQfTIHIB6uBSfruM1aN3vBDFoPYYi5IRUI
;ZHkwST2Ao5F9MgcgV+4FdOu3zTtUb80QWiJ3nbwiJCRxcjRPUeSjk30yGCAermQEiNKhP0Vt3BVQPkm
;PvD85D0twNFRY8/z0E1NlTHuuB2frq81aN23eE1Y0SYC7Pi8JYEMyTlLlxs4JbWRPc8NkCY+3z1o3Hq
;h8PyJznacsKQ99cztyXu7O8xRcYCAcrwVX67fNO0FjwRhgJGSIoygmJHxzOUhO3tPwCVpYTX/WWguO2
;aouX1POHVwkeZuKKCQadnAwLT+Bo4F9MgdCe8JxOJnWqy5oacYdXTxz6ddNSmsUHFVPWO3XzgpTa0xB
;y2sGiduoWjUMqHM/UBaLpyQuHH1yMnJY78LzEVcHIh+uHGfrt68oXmjPFVE3SY+0IxUIZHkwSWLkzfA
;fXmIgHK4FfOu3zThFZcwbVj5xtrMkMh5wQzRDWu3GzhhcZkJyywVl67fbWjcMyg5WNHGAuyoVCHx5OU
;FO3sb/HFBrRR6sBWfxt81aVX7BEWA1bp2wPyQaeEMmRVjtz+IiVG5SbdoFZeu331o3DMoOVj1JgLs+I
;x9xQzBDXOPP9H0wByA9rgVniNisKUNlxhtgNXiItyEvJH1yM0RR7fziFFxgTHvxaQ6F0vxaNQyoXz9Q
;Foq6LDkPfXIycljvwvMRV1hJcMhsC4fovjNZa8QZYDx/h7B/SnkUHEEtPYHA/hJebk558WMGheikNFR
;+zR1MNRbr1E1RexQcNkJS7cr/Gm13UnfAcRSb0qg+aH/EE0g0eZ67TUh6FDFVLT3izP4RW2lHQd53Do
;XDvipSacwjTDx5nrEiPRVLfSNCVOX8/ghGYlJB3W0Ch9vNWDcMiXw/UHWGuiEjFXNDIkxU9fzjGFNkS
;EHDbAm026wjUn73CFY9c+nXTUpfFBxVSVjv0PQiQXJQbsF3E7TWoS5SfsYdSzVJiLsqJh5LeTtMX+3G
;kX8yBz0ergUDjtm+P2h/3QxPP2SdiismFGNuNFlY3sb/HFBrRR6sBWfYt81aU2nGD1oPZZylPSUJYEM
;8Q1voz/0iR3RFQcJsCY7EkjNZU8AVWDhJjbAjORJgZQpKT+jHkX8zBwIergUDjtm+P2h/3QxPP2Sdii
;ErAnFuJnJf7tflEl9YRXDPZwuOt89aNyuofD80epmKLiIaeX4wX2Lx0fgTRm5OefFxAobHqChWeN0OW
;g9zh7QvJh4UHlUtFoGjkRled399xmQKidK/BUNpxQxaInedoD8vJH1yJkhP9fz2Hl1jRUHLawaJ26ha
;NQyoXD9QFo25PRUcd3MxSGLnyv0YXGZNe/FjCJnarC5oacYdXTxz6ddNSmwUHFVJUfH8/BhAYEVBwXU
;Chei+P1BhzRJLIxbr1E1dexQcMUFN3s70D1Vif3HYYBWH1r0FR23aCExQFOjVUUp7FHg5XWLzxvYUXW
;lBcvFgH5vYvi9FafcZUTF0hbBNSHoUBFUtPeXP4SJAYk1x2GA4icKvOFtp9xlRMXSFsE1IexQ1VS095
;c/hIkFyUnjPZgK0xKQ+UlPcGUckY5uwEikUeHMnclPu0fwcXm5ae8oFZeu34Vo3DMwQTw9lnKcrKxhx
;QyZEWeT85RhKc1Vsy1oDgsSsOFtp9xNRD3mfsD8iGnp7VS88gbyRfTJjTG7xdhKZ0aw5UlPbFVs1SZ2
;wNT4OZnkKSFPgwf0YMgUhHo0FZ+vToSpof90OWTF1jIo+Ix9xQyFIRfXW4xhta0l5xnECmei4KjcOqX
;waUBbpsSE6JGdpJ0tc4sbODltjRUHaYB+fwr8/aGPdCEw5coyKIiQXbRxXLT2fo5F9VmtQQdpgCpvSv
;ztDedoZYDN+iLgvLwlLeTtMX+3GkX8zBzUergUCk8OoKFltxCNMOHOFuT4VHX1uJlk9g6KRZDIHIG3L
;cROC2aoFUnTcDko0c5uKfxUeen03QViBoZF9FwcgHst9E5nCqT9FU9sLViR1gYouJRR4dTtKYuPG9xJ
;AYn9t2WwTiN/NWDcMjnw/UHORoT8/H3FuCl5K6NfyFW1kT3HCbAmM6KU/VnjdDGAxcp+0IykeFB5VLR
;2Bo5EYSnNSa8pgFbTEujNDb8AjXD95hbwjLSR9cjROSejV9H0wByA2rgVnjs+5KEJozQ5gI2GAoS4iJ
;HdzOkFU78TODVN1S0HDahGO6Kg0Vm7EGT9SF+nxTUp7cWQhX0jlxuMiQXBJas1tOJjDoipoe8EMWg9h
;iLkhFQ97azBfPYOjkUoyByB71nEVntOoKGh/3xVLM362pjklC0trPF1Y3tTwEV5YVHHZYBW01KI1W1P
;ME0g+SYytOTgOcHknLT+Ao559MgdGf8BaBYfevQVSYskeUzUW69VNWHsUHDNMU97A/hJebk558WAJit
;WhPzcOqXwZUBbpsywkJHdzOkFU78TOClNuVEHIahW02qIsUmHNEksPcIC7JDkTcXhVLz2BqJF9MmFBc
;PFgCYrVoT9TDKp9P0MW6dUrKxV7ejNyWuLM9RhtYk5/zGkC67XMWhsMqHxZOWSaoRImGm15J3JZ6M70
;E0FuT3DxfR601KI3R2nGD14kf4a7Ei8VdX45SD2Do5FkMgcgeMd3FJ/ooTtOadojTDhzhbk+FR56fTd
;BWIGhkX0HByAeyGwVmMOSNlZ1zQ5gI3mFvCkVEnp6PEFR3sbpCUByU3fBazic3qkuX1PaHUs5ebawIy
;sZeHlVLz2Bi5F9MmFJbN1xOIfWtD9FU9sTUzlytrwjLBJ4cApLUe7U4xxGYn97wGQFh9LNWDcMjXw/U
;HCApz4+JHh9LEhP3tD+EVtjf3fAYw6H25IpR2nNGGA1eIi3IS97FhxVNj2Bo/cRXXBSf9pgOJnSvj9D
;U88fUDRztrAjKxl4eVUvPIGCkX0yYEFu8WMOh9uSNVlg0SNLP2a2tyI+D3txCl5I88XwHld0IByuBWj
;rt809Vnz3GlY8eramJS8XeG9VLzyBupF9MmBBbvFjDofbkileYs8QWg9zkaE/Pwh9czstP4CjvH0yB0
;d/3loBgtuhBURlxhtTNUmMrTk4Dmd1OkNi4sz8DVdpU3/abAiF6Kg0Vm7EGT9SFun0TUp7c386SVjex
;v8ZbXNVbMBqAY3oozVNdscQWg9+jLQ5IxVzHFcsPZ2jkX1VZE96y1oBgtuoNFZhzSNZP2SEtDkVHnp9
;N0FYgaGRfSoHIB7GYAaf3qM9aHjBEVoPdYi5LhUeen03QViBoZF9KAcgHsdrFI7FuQVfackISiBJjrY
;iLh5LeTtMX+3GkX8zBzUergUPjta5L0dTzx9QNHO2oywmEnB9IUg9g6KRZjIHIHfAYw6H25JrBzz3CU
;w1SZq6ISMfS3U7S1Ttz5F/Mgc2Hq4FDoXRpDZbU8kYXiBigKMoFR56fTdBWIGhkX0WByAex2sBgtuhB
;VRjxh9aPmKbvC4VCHtwPEli9ND0IlVmUEHIbAuHt89aNxSofD85eI+8ISYkd3M7Q1ji184YXGNQccdr
;E5i3z1o3AKh8Pzl4j7whJiRydSdeSYGhkH0oByAex2sBgtuhBURkzRBTI0mcpigVHHVsCktU7c+RfzI
;HBR6uBQ6F0aQ2W1PdD1oPeoC7KDkkfXIKRVTmy84ZV2lTd9p8OIzFpD43Dql8LFAW6bwjPh5mcDpOVu
;jN9iJXaUF8wmBn6bfNVDcMqBVNP3iAuyoVHnp9N0FYgaGRfSMHIB7HdwiF3qM9aGHHElAkeYe8Lkp5F
;BxHLT2ByfQPWVhEe8JxBrTHvzNZeM0OP1IW6d5NSnt+eSdGYuTN8B9eYiAcrgVw67fNMFJ+wyNZOWSa
;oRImGm15J3JY78LzEVcHIh6uH2frt6szT1PAE00if4u5KBUOZ3kKQk3kzc4fW3NTHqwFZ/e3zVpbbdE
;ZTQ9+jLwqIg9LfTFMTfXK5xhtYk5/zGkC67XNWiwMqHxTMW+MpxI5E3FwOV5i7tH1GEBYT27abAqCza
;haNQyoUz9QFoW0NC8JS28hTE/1/OESW2lUQd1mBpnRkjBYZcYIYDF6hbo6FRJ6cjBfYvLL9BFeByIfr
;jRn67ehO05p2iNMJHeboRI6FH1yIXJO4sLjG21tT3fAcTiKxaIvWWj3GVEkf5uwEjkTcXA5LT+Bo7h9
;MgdMf9dgFbTEuTtFePcMUDl4nYo+KRpmegpHUujN5SJRaE56x3EOhNmsNjcOqXwdUBbpuSwzHmZDJll
;c89fODV1uTmrxdgKK2pI/U2vNI1w1eJ2wP0p5FBx3LT2Bz/AEV3V/bdpkFZ/ovTVeYtwjTDV3hIogJQ
;1xQzxDSuDR9X0wByA9rgVnh9a0P0VT2wheImK2pSIjFWBDJkhc7Pz/Em1oVnvcbQaF0L5aNQ2oVT9QF
;oW0NC8JS28hTE/1/OESW2lUQd1gBoboozVZU9gTUylxhrsSPB5maDBVPYOjkVUyByByz3wCmei+LlZ+
;3CNPP3+HoRI5HnVxCl9Y7cLlFERif27Bdg6f3qI0Nw6ofAxQFum4LD4kd3M7SwzexfgRU2pFcNpaFI7
;DuTNZa9sjUCZzm6ckLh5LbzlEXuT84hhGc0lwyXZn6bfNaTcMqBFeJEmKuiMsSUt6PEFc7Mb/CW10RW
;rabAmMxJI1QWnaDlY0c7amISMYcUMmSEn1yv8aQQciHq4lZ+u3qzNPU8ATTSJ/i7koFR5saDBDTujV9
;CJBc0lqzW0OhdDNWDcMtXw/UHCArRIiFGZuPE9R5PzkE1toTkHBcwKZ26wqR2nMfD1QFv/VTUoWe3gw
;QWLx0fQeW3RFQdRaD47eqjJDDKp8P0wW6dUgJR99ejxIT97Q+Rhea1NBw2AVjNKSKlZ+zRJLUBTp1UN
;KexRyOlli8sLnGG10VH/aYGfpt81HNwyoGlYoSYG6PzgSdnAwckjvyv4TbWZMcvFxHpvSkjs3Dql8LV
;AW6aYmIwlgQzNCT+LGzhhcZkJyywVl67fBWjcM2xNTOXK2tyI+D3txVS88gaqRfTJ0T3LHYTif2L1aN
;Q2odj9QFp68PS8kYHMiSE+BoZF9LAcgHsFrC5LoojRSU9sUWjx6trojFQ97bApeSPPF8B5XdCAcrgVx
;67fNNUFp2hRePnG2piUvF3hvCkhT4MH9GDIFIB6OBWfr2Ls/RWTJElgPZYGwISYIS3o0Q2Ly0/QYVlh
;FcM9nC463z1o3FKh8Pz9gjKc/Ix9xQzNEUeDO9BNGWEVwz2cLjrfPWjcVqHw/P2CMpz8jH3FDM0RR4M
;70E0ZYRXDPZwuOhc1YNgywfD9QZpuwPjkOZnkKTFn3wv8eV1hFcM9nC46GzVg3DLB8P1Bmm7A+OQ5me
;QpMWffC/x5XWEVwz2cLjoXNWDcMu3w/UGabvCM+JHtsMENi8sb2EFdpVG2uB2frrc1aN3zaFVEkSZm0
;Pz4IS28wXEjkzfIYbWhSest3Z+m3zXQ3DKgMTTl4nbA/FRh7cjNyWPnX4whWYlIv8WYSmMOiN2h82hV
;RJHeLuSgVCXF7PEJTgaGRfRwHIB7edw6Fw6goaG/HElkPc5GhPz8fcW5ncl700OUSX1hQbMdrE4rVoT
;9ofs0bVj946ddNSmIUHFVdT+jN5RhAWENxwGM4htauMl5izSNdNXqd1U9KezkcVS1N88r/CVd1f33Ba
;wG02qw5X2XGGWAzY5qhIickZG48Q0nozfYiQnVJcdxsE5K3z1o3I6h8PyBkgLs5LwlLfzpDW97O8B5a
;bk578WYSmMOiN152zSNLP3mFvSgrH0t5O0xf7cagfTAHIDGuBWebxaQ0Q2naI1w/eI+KICsYfHU7SGL
;i1uIJXWpJZMtaE4TYoTJSbcwjWj53i7koeHsWHFUIPYGj4Q9baVR73FoEhNmrBVptyxRWPnO2sSw+Gk
;t/OkNJ5M3lIlNjRB6sBGfJt81aR37BEks1ZLa2IiQdS3E0TlXozfQiVmZUf/FjDofSkjtTaKh+PlAn6
;dVNOgl9ciFIT97A/hNUWE1/zW0OhdKSP0942glbNWS2pjojD3d0Clpc6NfOFVdmVHfAYmfpt816Nwyo
;DE05eJ2wPxUYe3IzclDgwPkUXGJ/eM9rOIjYoy5FY8R8PVEWwdVNSgtmdTtZWPP88hJcYX9zz2YPgtm
;oBVFl2hFIMWSMij8vD2Z9NllU7s2RfzIHDR6uBReZ3qMuUn73H1A+cLa4LCkTfXIwclvo0fwKU3VFQd
;psCo7oqClDZcUdSzl5h9VPSns+HFUtTfPK/wlXdX99wWsBtNqsOV9lxhlgN3WGsSgVHktxIEFJ6NP9B
;G1hTHHZBWXrt+VaNwzYDlY+YoynEikUenoKQFziy/gTV1hHfcFhArTDpS9absYdVjxJiLEpSnkUHEgt
;PYHT4xRcc0Vs8WYIhdGSN1ZvwBVRNUmBsCw+JHZ5MS0/gKOxfTIHUGzHaxOOxZI5WGLOI1IxdYG8Iy8
;kfXgwVWLy2uIJV2ogHK4FTuu3zSpFZcYIWiJJirojLCR5fTZFVO/GzhJfblRB3GQOmNK5NUJvwCNcP3
;KM1U9KezYcVS1N88r/CVd1f33BawG02qw5X2XGGWA/ZICyJCQkd3k7WVjzo5N9MiMgHq51FYLZuT9FU
;8sTUTZJhLQuIhJ6eQpdT+7O4QltclN78XcGjcPNWDcMn3w/UGabvCM+HmZDNkJT5/z8HFFvSXDLWheZ
;2KAqQ1PdD1oPZIizORUfYWw5RF7g1/gSXFhNd9x3CJm3z1o3K6h8PyBkgLs5LwlLfzpDW97O8B5abk5
;78XcCh9a5M0Fp9xlHJGScpiQlFRQeVS0NgaORDUBuTmrLdziI2KM8aGHJH1c5eIyKPy8IcWgKSGLtxv
;8aRm9/cs98ApnorjJWYs8ZP1IW6fpNSntkbjxDSeTRzh5daUZBw2QEg96jP2h6yRBWNHedsBI6CX1yI
;URT5vzhD1toUnfafGfpts1VNwyoDl42Yra+KC8LS3Q6QVjyo5N9MhMgHq53Bo3DkjVBadoOVjRztrAj
;Kxl4eVUvPYG1kX0ydUF42loUnsWrO1Rp9xFQPnmduiMjGBQeVS0ggaORG1t/f3bBdxWC1aE/aHnGFVA
;+SYi5IRUPbWwwcl+BoZF9GgcgHtxgE5nWri5eY8YjXiZ5gLESPxV6eTZITvLC4wRtbk5B3XAXm9i/Lg
;YMqnw/eBbp1T8vD2Z9NllU7s3OHERoSXrxcAmF0q4/RH/JDkYPf4eKPj8LZHMnWQ+BoZF9KQcgHtxgE
;5nWri5eY8YjWzlliLchLyR1aApeSeDR5X0wByALrgVnmdK5KFZv3BVQPkmHujkVEnpvPElYgaGRfSUH
;IB7cYBOZ1q4uXmPGI1slZIC7KhUMfWwwHD2Do5FqMgcgbMtxFYrUuTNYYvcYSiJ/h7ISPRJkeWctP4G
;jgH0yB1J72ncGiMOkNVlTzRJeMnqM1U9LewccVS1P5NfjHFFzSXHAWgKF1q82UlOafD1RFs3VTUoJcW
;gnTF71yv4TbWJOf8xpArTVqDxYfs0jUCVijKcSORNxcDktP4Cjh30yB1J72ncGiMOkNVlTxB1GNWSKv
;SwkHHEcVyw9mKORfUBiVGzPZhOC2KMFUmLJHlM1SYagOTkScHlVLz2BuJF9MnVFatxkBJ/eojRodsAT
;Tw95h7k0FQh7cDxJDIGhkX0pByAe3GATmdauLl5jxiNFOHmZiiIkF21DJkJR6MejfTAHIAWuBWeY3KQ
;oQ1PNBEs1ZIe0IRUIfHk5QU7exfgPQXMgHK4Fc+u3zSlbf/cdUT5ziLkkJBxLeTtMX+3GkX8zBwEerg
;UUh8SSOVhi3BNKIkmIuTkvCXp9IURL5Pz1FEBiQ2rHagnrtc1aFwyofEw8Zba2IiUXfXIycl/kx84JV
;2pQe9xkE57FqAVAbcEIP1IW6edNSntncCZyXu7M/RRcYH9912kOhdOoKGhgxwtaIkmBsCw+HmZDIUhQ
;8cbjHEZyUnvxcgaCw81YNwyafD9QZYWmEikUe3A8Q1rewOgRW2lEe9xaEpvHqChoZM0dSzVktqEoJwt
;xbjRZSPPGzgpTblQerAVnxrfNWkRg2yNcP3mFvCMtJHh5M1li58b0GW1vRX/aYBW0w6g3R2naHUslZI
;yKOisSYBxXLT2ro5F9QWtTQc1qCIfeoz1ofMEPSz94tr0oKw9xbgpZWOzT9A9Tc1Vsy1oQit65WjUMq
;FI/UBaauT4VGHtzOURT5vzjFFVvVEHIYAKP6KU/VnjNDmAkc4SlKDgaYGknSGL2wvgJMgUgHr0FZ+vE
;oSloa8kMYDZ/hbkSLxV1fjlIPYOjkV0yByBtwnY4jNSiPlJTzhVTNXiIuCgVHXtuOExJ3sb/HFBrRR6
;sBWfxt81aRGDbI1Y+cIC5IRUcdWwKS1Ttz84YXGZCcssFZeu3+Vo3DNsQTA9/h7MkJhdLcSBBSejT/R
;htdEN/wGsOhdCSOVh5xghgMXqdsD8kGmB1I0hi4M32EVcHIh+uEmfrt742RFPFGU03c7a6PS8VS28wS
;lDkzeUOMgUhHrkFZ+vEoSloYc0OWDVJhqMoOBd1bApdXPPX4n0wBiA6rgVnmNu+BVll3A5QN3OHij04
;FGB5NllU7s3ODV10VEHNagiH3qM9Nw6ofCFQFummITkke2owX07ozeUYQG5OefFmCIbHqDREbdwVUD4
;W69VNaXsUHCZBTt7T4xhaYkFqx2sAtNWoPmh4zRFPNWSIoTg4HktrNERJgaGQfQcHIB7daRS0x78/X2
;nJCFY+cba2NCYSengwX2LtzOYYQFhIe89xApnouT9afM0OXiRjm7ASPRp9aFUvPYGWkX0ydExt8XUVj
;t+oO0NlxhtgM2+FvCMuHmZDIF1N5NHOFVdmVHvcWhOO2r0/RW3cCU01SZ60JD57FhxVHT2Bo+IRQVhQ
;bMttAorDpDRQU8QZWSRJj7AoLiR8eTRZWPP85Rhfd0Vsz3ESmdKSLVZl3Hw9UBbE1U1KCHhvCl1P5Mv
;0HEZuTnnxdQ6Yw6I0aGTNHUs1ZLahKCcLcW40WUjzxs4KU25UHqwFZ9q3zVpEYNsjTyJzgbAsPhJ6ew
;pfVObL5SJUYkV68W0CisOoKGh4zRFPNWSIoTg4HktrNERJgaGRfSkHIB7daRS0x78zWXj3CF4jfba5L
;CgeeEMwQ1zjz/R9MAYgP64FZ5jbvgVHfsESSzl4joovLx9LaDBATeTR8AlHdUVB2WQOn7fPWzc/qHw/
;I3qaij04EnpoPENa3sDoEVtpRHvcWguEwKgoaGTNHUs1ZLahKCcLcW40WUjzxs4KU25UHqwFZ9i3zVp
;EYNsjTyJ/h6EkJBxLfyxBVO/H9A9tclBuy3c4g9KsLlJ+9whaPWaMpyw+DmZ5Clpc6NeRfzIHDh6uBR
;SHxJIqRWXGCFY+cba5KCwPS3owSFney/QcRmJSQdpgCpvSvztDedoZYCd3gKFNSHsUN1UtPfLP4iJCd
;Ulw2mwJjOi9M0R4xxJgOHOIoSg4JGB5OF1Y88LlCEBif2nPbBPrtc1aGAyofEw8ZbalPyMVYHU7SmLz
;yvYVRlhGe8thOIPSrC5SfvcIWj1mjKcsPg5meQpaXOjXkX8yBzgergUUh8SSKFhl9w5aN3+GuxI5GHV
;yCkFc8teRfzIHMR6uBRSHxJIpX2XNEFsPc4e0LyYeFB5ULRSBo5EOXnR/bdt3AYrUqAVEZcwZYCRzka
;E4OB5LfzpBUvP8/xJAakFyx38Cj7fPWjcTqHw/I3qaij4/CXJ9Nkhi8sr1GG1zRWbacBWO6Kg0Vm7EG
;T9SF+n2TUp7Z3Amck700fccUWJ/bcdhArTDqCJDedoZYDx/jr05LwlLaSUtP4CjtH0yB1Ny3VoUnsWr
;O1Rp9w9WNHO2oSgyD2FuMHJS9NfiFFZif3HAaR7rtc1aFgyofEw8ZbahJS8JeX05cljvwP0SQXJSe/F
;nBpjSkj9ZbcoQWlAU6dVsSnsUbzleYvXL+BNtcEFywloDhMKvNlJTxBVRNWW2sCMrGXh5VS89gZORfT
;J0TX/CaTiKxag7aH/HEFY0SYC7KyMXeEMzQVL2/PISX3dFcN1kE4LYowVSYskeUzUW69VNX3sUHCZAX
;O3PzhtXZlRr3GAUtNKjO1VgzXw9UBbL1U1KCHl9OUFi58bwCUd1RW3xbAmN3qE2aH7JCFY/SYy7LCgX
;cRxXLT2no5F9QWhMd8paAYLboQVeYsYZTQ90m7wpLRJ6ewpMX+7V9CJBd0Fs3WBn6bfNRzcMqA9QPH+
;NiiQkHX1wOXJf7tflEl9YTXHAahOE2aQ5Nw6ofBZQFummIiYScEM8Q1voz/0iXGZSbMFyOJnSqjNYYv
;cJTDVJirojKR56aCdEXoGhkX0oByAe3WoLgtOSM1lqwRBTD2KGpRInFHpzIUJT6MCRfzIHOR6uBRSE2
;6Q+aGXGGlY8eragPi8kc30lclvoz/19MAYgF64FZ5jHpChWYMEGWlAU6dVTSnsUbyVET+DPzhBdY0VB
;3mQTg+ikNENp2gxQPHedvCIkexYdVTo9gaPiCEJ3T2zaWgaP1r0uXnrNI1o+d4u5KEp5FBxbLT2B0OQ
;NQmhSavFgCYrVoT83Dql8KlAW6aY4Ogt7biFyWO/F/g9RYlJBwWsLkrfPWjchqHw/I2OZpSI4D0t1O0
;tU7c/OCEFif3LHawKY6KQ0aGTBG1cPcoy7PiMPbUMyX1Tlo5N8Mh4gHq52EpvHoihDU8UTWzlwgLA/F
;RxxcjBfXPXGkX8yBwcergUUnse9NUV49w5aM2SMtDkvJHV6IUhP3s7+GVthSXvcWgWE2KE/VmKofj9Q
;COnVTTkOZGw6X0ne0PwcXmt/eMJqBp/SqQVRackISiJzmtVPSnsMHFUtTvTT4RJAc39yy2QMkuiuNVl
;izR9LOXmH1U9KewccVS1O9NH3HFFif3PBYQK00qM7VWDNfD1QFszVTUoIYW4zTF7k/OIUVmJ/ast9E5
;7FqAVUY8QTTQ94hqcgKxd9ZjBJPYOjkWYyByBt23cBitSoBURlzBlgJHORoTg4Hkt5O0xf7caRfzMHP
;x6uBRSexas7VGn3D1Y0c7ahKDIPYW4wclHoxPkJV3V/a94FZeq37Fo3DNsJTTZ3irASORJweQpZWPnX
;5A9XWE9r2nYOj9KSNVlg0Xw9UBby1U1KCGFuM0xe5PziEl5uREHaahe02qI0WHjHElYzFuvVTWt7FBw
;hSFDxxuMcRnJSe/FnCJ/Dojdof90OWTF1jIooJBp2cDAtP4Gjhn0yB1R7w3UCmda5L0Vp9xBWI2K2sC
;MrGXh5VS89ga+RfTJ0UGvcdjiO2aw4W2mofj9QCOnVTTwUeGk4SEnzyvIiQXdFe8paFIbYoi5fU80SX
;jJ6jNVPSnsFHFUtWO/C8xFXWFd33mA4n9i6P0UMqnw/cBbp1TojC3FDIUJK5NHOG1t/RXrxdQiY3rkz
;WGL3GVExdIWwTUh7FDlVLT32yuEYbXNPact3OIfYoipEU80dXDhJjK05OA5weSdyWO/C8xFXByIerg5
;n67eiNU1p9w9XOXOFsU1IehQ/VS099srhGG1wQXLCWgGExa4/U1PKBWAjf4eyIS8kcWQhX0jlxuN9MA
;cgF64FZ4nFpDdoeNEMWlAV7NVNSjRhaDBfPYyjkX1RZlR7yWoVkuijO1ppqH8OUBbphT8jFWB5Jxxiw
;O3UKW1GGEH+aRKY6J8Kfj/3L3QCJLacKS8aeX0+SE/e8+MSVG5Me64UZ+u3rjtDac8TTSlJh7QgLyR8
;eS0tPkWjkX0CNxUunjVQ2Yf9bA48mEp6YCbe4X16TSEsZRoPsZOiTAI3FVieNVPah/1ucjyYSApgJtz
;hfXpOUixlGQyxk6JFAjcVWJ41UtuH/Wx0PJhLCmAm3uZ9ek5SLGUYD7GTpE0CNxQnnjVU2If9b3E8mE
;kMYCbdl316TiYsZR4PsZOkOwI3FCeeNVHfh/1sAjyYSg5gJt+RfXpNJSxlG3+xk6dIAjcXLJ41Uq2H/
;W8HPJhLDWAm35N9ek0iLGUbBLGTpz4CNxYrrhln67e+L0d8xw5LD3KMuz4vJHBpNEFi5NvlD0d0SXHA
;BWTnt81admDEXFooYpugKS8JFDpVLT3lxv8OV1hTa951CJnDkjNZasEQUw95nKEhIxVxbwpIRfXR5Bl
;XdSAdogVn6/ahNhdp0AhNJXKMp01YexQcJlhN8czjCW1jRXDdYDifzr0/Nw+tfD9QWoC7KDl7OhxVLV
;nt084fU3RFQcJkHo7FkjtReM0OYDVumbo+PwlxQyZITeDR8AlbaE5ByWYIj9LNWTcMqHw/Yhbp1SkmC
;0t+NF5Y3s/wBFd1f3/IcQKZ6KgiR2PbCU01SZqwPSsJdWg8QlPexPISVmJ/btxgZ+i3zVo3DId8P1By
;haUSKBpneQpBXPjG4yJQYkZx3GA4js+9NUR52hlgI3OZtD8rD31zO3Ja4sz1GDIEIB6uBWfYt81aU2D
;YI10xZYyKISsCcW4KT1jnzOMYbWJYbsF2EpnSkilSfMkOXiR/hrsSLRh7eDByTfPGkX4yByAeri5n67
;epNkdTyh1MNUmFtDQvCUtpJV1Y8/zhEltpVEHdYBeKxawuXmPGI1gzeY2wTUl7FBxVLRKBo5EZXnd/f
;M92ArTbrCNSfvcJTyBzm4o9JRJ6aApeWPHC4xxGbk9w8WIEhNOoBUd+zXw8UBbp1U1HexQcMUFN3sTy
;ElZif3vAYWfot81aNwyyfD9QcoWlEi0Ye3gwclj51/QPXGZMQc1qCobWoz43D6h8P1AW8NVNSh94bAp
;KXu7H9CJUbkx7wGQKjuirNUVhyQg/U3Dp1U0xHHdzMUhi58r9GFxmTXvxcg6f36IvQ1PNBEstSZK4LC
;kTfXIwckn40/QiU2VCbMtzDorDpDVZcfcHUjFijKckKxdLcjRAWN7C8x9AYlZ3z3EOhNmwBUxgyQVaI
;kmBsCQtE2BhOEA9l6ORfVZrUEHJZgiP0pI2VnXNDmAzfoi7Ki97FxxVLT2BtpF9MmNMbvFiBITTqAVH
;Y9sITyJ5irA+OXsXHFUtPYGskX0yY0xu8WIEhNOoBUR4yQ5LUBXp1U1Kew0cVS1Z7dPOFVdmVEHNcBW
;C2aoFQ2XFGWA8f5qhTUl7FBxVLSCBo5EZXnd/d8BrApnorjVZeMcJTQ95j7M+Lw9LcDxeSYGgkX0yBy
;AurgVnj9u9BVplzBhTNUmFtDQvCUt9M1lY8/z0BUJoU2vcYDiY0r07RW3cFVA+SY62Ii4eFB9VLT2Bo
;6V9MgdEct5aCoLTqTZSU8QdRjVktrQrPh5mQzBVTe7Q5A9XWFN73mQVisOkNVlTzx9QNHO2pT8vexcc
;VS09gZKRfTJjTG7xaA6P06E/aGDJBVoiSYuwKyUJcUMwVU3u0OQPV1hTe95kFYrDpDVZU88fUDRz6dZ
;NSnsUHGAtPYHH/Q1takl6ymkCtNusI1J+9x5aNnmbsBIvA2RzJlhP5PziGEJmUn/abAiF6Ko5WGjNI0
;8ic+nWTUp7FBx4LT2Bx/0NbWpJesppArTbrCNSfvcJTyBzm4o9JRJ6aApeWPHC4xxGbk9w8WIEhNOoW
;jQMqHw/UCfp1U0uF2RDOERZ5c/0Il5mWXvcWhKbx6goaHzHFVEkSZqwPSsJdWg8QlPexPISVmJ/btxg
;Z+i3zVo3DJh8P1ByhaUSJBRmcTRBYu3C6BhAWEF42mAVtNK1Klh/3Q5aD2WMpSw4GmB1OkNi5sD+GVc
;HIx6uBWfrg81aN2jEDGA+eZu4LCYkeH0sSE/ewvcJV3V/e9Z1CJjCvz9of80MXiJ3nbwiJCRzfzpJWN
;7T4xgyBCAergVn2rfNWlNg2CNRP2SEtCEVF3VlMF9i48b3EkBif3vWdQiYwr8/aH/NDF4id528IiQkc
;386SViBoJF9MgcgK64FZ4/bvQVZY9oRXjxJhbQ0LwlLfjBLUvPGzhhKd09t23cCtMSoKlZ+yQhWP3i2
;si4lH3FDJV9YgaCRfTIHIDOuBWeP270FWWPaEV48SYW0NC8JS2klXVjz/OESW2lUQd1gF4rFrC5eY8Y
;jWDN5jbBNSXsUHFUtDIGjkRled39wwXcKituSNlZ1zQ5gJWaZsD8VC3t1O1li8sbhHEBmVHfBaziM1K
;I+UlPYDlpQFenVTUp7AxxVLVnt084IRFhDa9xsCYzouTNaafcQViNi6dZNSnsUHEktPYHH/Q1tcEFtx
;mwJjOipKE5lxhtgJH+EsBImEmdoVS49gaORfScHIB7KaRe0wKwpX2XGG2Akf4SwEiYSZ2hVLj2Bo5F9
;LQcgHst9E47FoztbU8sTUDx/h7ISLBp6QyZdWOTHzhFbdFQerQVn67fNVDcMqBpePkmapSgvH0twPF5
;JgaCYfTIHEiWcMFzfjPtqNx2ofD82f4W0IC8VYEMhVE3k/OIJQAcjFK4FZ7v7jHoGIp9JUj0W+9VNSh
;19cDRAWO/XzglLd0VB3XEV2bfOUDcMqCxzETbY+3p/FnkcdS09gcX4D0Fzf3LPfAKZ6L41W2XMI1Y+c
;IC5IRULdWghSE/vo5J4MgcgUsdrApi3xFo3DM0SW35xiropL3sXBFQtPcySoUkSVBA+lWAfn8W4PlJ+
;iBRaMWKMp20lHXIWGBwJsYPCTRI8SHvPcQKPl68/UyzAGV4kc5v1IiwdNDQ8Sx34zORdWmZWe45sE8K
;9imMGLJMOWjx3nbw7L1tkcyZESejM/xRdaSpZnyUixobtHAQ8mFwfa2SMoT8rGGA8IUVYocX4EVNqRX
;DaJQbL1aQuF27NGlAic8m5JCwPfXIyDUnpxrETXX1acsspR5/Y7ShSYM0dTDU2mrogL1t7enVZVeSD4
;Q9XdFNr3GBtrIbtABw9mFx6fSPJk3R6SyQ8bkBS98axJxJyUD7PawPLxaguRW3LCB82f4W0IC8VYDww
;W1jvg/wSQGIqU5YxR9DEuT9HfM0OTHB5j7NNQHsUHDBDWbON9h5dY0UerYBn67eAaAU9iCgPcEXY5X1
;ANiYuZA1psIPCTAI3KlOfNVPL4/16ZDyiMQ5gIsmBfGooJBYYHAmxg8JNOEoRLpkPINKGxx0GLO1RDn
;BQ2uV9QDwlPA8GDa+WsTgfMgBGgzdXy+7gaAcs7gdLInefsCEVCGR5MElAi+SjRRJfED73NW2mj/lQc
;DWYfClQFumyLiUfcUMwVUnk0f8cXlhDccNoBoXTzVk3DKh8P0UW6dUoMg9maTFIT97Q5hRGZEgwyWYI
;j9LNWTcMqHw/RRbp1SopFHB5CktU7cb/HF9if3jBdwqKw81ZUAyofEQ3dYaxKBUdfXAwQ1zsxs4KW3N
;IcdtxOI7PuSdod8UdXDh/h7ASPgJkeQpMX+PR9AtbZlR3wWsatMyrM1ttxRlRJEmHtCAvJHV+N19Y98
;rwCVtoTi/TWhyH1rQ/RVPAGVY3fp2oICd7BhxVLVHg2vQPbWRIf8BiAsXQrjVTaah/P1AW6dVcSnsUe
;zZCWeT84RJBc1BswWYCmMTNWTcMqHw/QBbp1SopFHB5Cl9Y8cblFEZuT3CuBk3rt81hRWnYGUs5YoC6
;I2ocd3MxSDfGmqNddzcqJdxgF47DpC5eY8ZcWDN5jbBNWnsUHCdISfPC8glbaE4wyWYIj9LNWTcMqHw
;/Wxbp1T4+GmZoe0pe7sf0fTHxIR6uQlXal/Y3UnjaFVxwYIi5OC8IHltsHR26wvMOXWtVasslF4TEpC
;5eY8YVUTccpO1/akBneSENWPnX4whWYlI+2mpHitW+NVt53BkfPXmNsEcHSiQrdRZO9cLjCRJwSWrGJ
;ROD0u08VmKIE1k2HK7ndWojJDwMHR26zv4LVyd4MfclE4SXoDNZLM0SWyNihqU+QDwmJHV3DaGY/BJE
;YgBEjnEIy9qkNBdpxhhMJHmZpkcNSjRGZBgTsYPXRAI3ED6VaAid0u0uX2mIDFMxYo+6PydbcHMiQx2
;wlvwQOA1nJ5wlItuX9iBSfsdcSzhzybA1PglheDBJHe3G/xpGbyoU6TVHs4P+em4+n1x5YibZ5W1qQH
;NzdVlSodf5GBJiRHnLJQiNl7kyUizKGVtwHK7sf2ojJDwMHR3Ek7FGQWJUPtRgFYSXuTUXacwbWnB5j
;/U5Ih40fjBJN8aTsTsLNxAujl9Wy4yXekJ8iAtWJH7J5CAncVMtdWsPsZOxJwInG0SObQiG0u0pW2Pf
;EEZaHK7kbRBKITJlDXu4k6FNEjxNcdhgR5/fqHpHYMkIWT9khPUpJQx6PGQYUOypmzoDJ2YnnjVXy4y
;+KlJpzFxMNWKdvCMtcVMlZw14rJCxRkBiVGzPZhOC2KNQej2ZSx8AZIC7OSMVczJ7Az2No5F9QXNBbN
;o3SYzUoj5SDKvMP1AWrud8QDwtLF9gBbOp3EwCMCpZnD1Hs4ftAwcG704HcEzZ3wp7W04tYAMNoeWiT
;QINdC+kQl7Zl4hqPUuZXHliJtn1CHtLHltsHx3Ek5s6AydmLJ41R66atihSeNodXCR/hrsSLg51cApM
;UO7W/wlPDXQupEJe2ZeIaj1LmVx5YibZ9Qh7Sx5bbB8dxJObOgMnZmXadwad0qEFRHzNGVstHKTkfH1
;bRG48Q0nozfZTHCkgFK4FZ4zUoj5SU9wFTzUW6tNNSntGeSV/XPGjgH0yB0d9wWECtMGoKF5q0SNcP3
;KM1U5SexQcHhpM2OLJNVhIRE/9bVTd0qA+Zif9CwJtFvjVTUoSeno8QVHewv8aXmJ/csd2E+u0y1o3D
;JxJBGEl3NVYSnsUdTtLVO3PzhlHZkxBy30TmcK+M1hiqH8zUBbplCEmW3FkIV9I5cbjfTwHIB7HawGC
;26EFR23cCFoieOnWSUp7FFsnRFmBrJF9Mm5SccBsCYzovTtDeM0OUVAV4tVNSilxfyFEUejN9BxABz0
;ergULis6oKGh/3B1NJEmZuiQkD0tvNkxP5/z7EltpVB6tBmfrt4w2Wwy1fD9QeoisKDgkZ2g0X0ne0/
;4UXHN/bctkCrTUoihZadp8PF4W6dUfLx14eS1iT8LM/wtXfyAGrgVnhta5BVRjxhoOD3CAuSwnHnpoC
;k9P4M31fTEAIB6uVwaCxKhpcwy3fD9Qe4ihEikUenpkclvoz/AQV2lUQcpsFJvbrCNoYskRWlAV9dVN
;SiBGfTxeWLLnzF1idUVzx3AKy+eBGxc9hksKPXvpyU1Ke3l9IXJe7s33TG1hSXLPaAKFw5I9VGPMGWA
;1eI3VTkp7FBxVMz2Bo/wcRlhDccBjVrTRpDZWYc0SSw9xiropLyRnaDRfSYGgkX0yByAJrgVnhta5BV
;RjxhoOD3CAuSwnHnpoCkNc7MaRfjgHIB7+SSbLhuNtAmHFfBtQFum4LD4kd3M7SwzexfgRU2pFcNpaC
;YraqAVWbsoOWiZ/iKEkJRUUH1YtPYHz3TwyHyAermgGn+iuNVlqmSNZOXqIuCgkD0tyOllY8qOSfTIH
;IB6zBWfr2qwuaG/HEllhSY+8ISsWcXIhck3zyvIYbXJOd9oFZOm3zVp8a6hhP1AWhLQ5FRh7cjMcYuf
;K/RxfYk5q8XYCn8OkNFBTwRg/UzLp1U15GSYvbU5ZtY71RQJmDSqdZwTGj6hjUSGaRF5odNm3LnIddS
;9VBz2Bo/wcRlhDccBjVrTRpDZWYc0SSw9ljKE5IxVzbwpLVO3C/Bhcc3983GQJj7fOXTcMqC5eOWWM5
;glKShQcVUBc9fzyElxhEUHIbAuK2qg0Q1PbGUskf4eyPhUdfXA0QFjv184ZW3RQcs98OIXWoD83D7R8
;P1BNu7QkOR4nWAgNbfPG/BRHagBO4kRH2pn6b1phqFI/UBaEtDkVGHtyMxxi58r9HF9iTmrxdgKfw6Q
;0UH/3GlY8d4SwIz4kcnU5SGLvwvwYMgQqHq4FN6f27WsZO50RUlA46dVNJxpgQzZCU+eSzhtba0Fzy2
;sTtMSoLkNlxhtMD3CAuSwnHnpoCkpe7sf0IldpRB6tBWfrt81qNwyoEV4kSYq6IyxKS3o8QVzsxv8Jb
;XRFatpsCYzEkjxeYMkRWj5itrIuJR9xQyZZXPPXkX4yByAeriJn67egO0NTyxNRNie2syQmGnl5O1li
;8sblCVtpR23xYw6H1qA/WXj3FVtQFc3VTUpIdi5mFV7ll7wZCjdBM5o2BYia9T8OaoVOBzEui+UvKUN
;yfWYtFIGjkRBTc399wWsB2uirM1ttxRlRJEmasDk+Enp7JnJb6M/wEFdpVEHAZAqOt85QNwyoLHMRNt
;j7en8WeRxjLT2BzvAJbWRPcMg0OI3eoTtaacYIYCNznaEkJBxnQzNEUeDO9BNGWE5/w2A4itWvKFJ6w
;R1LOXmH1U5JexQcBWF8gYmRfTJqQWrxZgiF0fwFUWXEHVI1eJ2KPi8PYHU7Sk7exfgRU2pFcNpaCYTD
;qCk3D6h8P1AW9NVNShZ1aApOUu/FoCJUbkx/w2AJn+i5P1RkxhNTP3GQ1U5CexQcE0RR4M70E0YHOB6
;uBQqKw5I5WGLOTmA2f4W0IC8VYEM3X1zvx5F+NQcgHvxkDpjS/h43E6h8Pz13nYouJRVyLgpLVO3C/B
;hcc396x3YXh9a0BVltxRk/Uwrp1U0RKXV1JkgOxf6xLUBiTXfbaEe7+4x6BiKfSVI9FvXVTUoWdWgKT
;lLvxaMiVG5Mf8NgCZ/oqjlYaM0jWj5y6dZNSnsUHEstPYHO8AltZE9wyDc4jd6hO1ppxghgN3WGsSgV
;CGB9J1k9gqORfTIHNx6uBQqKw5I5WGLOTmA2f4W0IC8VYEM7TFDko5J3MgcgTuJER9qZ+m9aYahYP1A
;WhLQ5FRh7cjMfYufK/RxfYk5q8WsGhtKSO1Vu2hlJOXedvCIkexcfVS090e/QfSoHIB7DZBO01KI0UT
;73GlY8d4SwIz4kenMhSE6BoJF9MgcgA64FZ4bWuQVUY8YaDQ9wgLksJx56aApdT+jA9CJHaUlqrgZl6
;7fNEVAMtXw/UHuIoRIpFHp6Z3Jb6M/wEFdpVEHdYBOf3qM9aGXMfDx0FunVfihJJyQ2SQmsx6lNUyoU
;LcxmStPS9DwaPpAdBzImi7Z1LBonHH8tPYHO8AltZE9wyDc4jd6hO1ppxghgI3OdoSQkHGdDM0RR4M7
;0E0ZYQmzPawPrtMpaNwz6HVYjc9qRTXt7FBw4TEnewP4TVDV/eMdpBobSoy5of80ISzl4jqYSLBJ4fT
;hIU/X89RRBd0x/11oJitqoWjQQqHw/C0SIvD4vSFBBdX1P5M74CF8ncFLvJVbFgPg3WgyGfD9Qe4ihE
;ikUenpnclvoz/AQV2lUQd1gE5/eoz1EU84VUzF7jLs5FR19cDByU+DO9H0xDSAerlUrqpf8dAA5xRE/
;fhbp1SArD0t/OkNbs/z3FF5mTXvAcTiY0rkuXmLPD2A2f4W0IC8VYEMyTlLlxs4YXGMgHa4FZ+u3/Vo
;3DMUdSw91hrsreCRydTlMUOTN5SJBYlRqx2sAmOirM1ttxRlRJEmOtiIuHktvIUxP9aOSfTIHIB6JBW
;fr2qwuaG/HElliSY+8ISsWcXIhck7k1+UUXGBTQchsC4raqDRDU8EYP1My6dVNeRkmL21OWbWO9UUCZ
;g0qnWcExo+oY1EhmkReaHTZty5yHXUvVQQ9gaP8HEZYQ3HAY1W00aQ2VmHNEksPZYyhOSMVc28KS1Tt
;wvwYXHN/cM9oAuu0x1o3DPgwfnAnx+J4JxYUKlUtPezC5SJRaE54nFoBgtusN1Ji3CNMNWKdvCMtCEt
;6PEFc7Mb/CW1pQXPLWgaJ1b8/QWXJCFY/eOnWTkp7FEwZbD2ro5F9X2ZUQc1qCY2FkjxeYMkRWj5itq
;YoPg99cjJeYufK/RxfYk5q8WsIn9K+WjQMqHw/UAvp1U0nGmBDNkJT55HOG1trQXPLaxO0w6g5X2LHE
;FA3b+nWRUp7FFo8QVzsxv8JMhYgHq51C4rDqzVFYfcdWzhzmrwiJHsXGFUtPdPC9wkyHSAermoRjsWl
;O1lr9w9XNXqFphI5C3F5MXJR6NDlfTEHIB6uBXbrt80qVnnbGWA4c4CyJT4keHUmWT2Co5F9MgcxHq4
;FF4fWuTxYfsUjXjRygKEkJRUUH1wtPYHw+hRAc29wwnxn/bfNWkd+zQ9MJWSMiiwuDXVyNkhi9drhGA
;MHIxuuBWet3rU/Uwy+fD9QZpuwPjkOZnkKTFn3wv8eV1hUZ95gVeu0yFo3DO4VRzVy6fdNSntkbjxDS
;eTRzh5daUZBw2QEg96jP2htxSNLNXWBuyImFHNlVS4+gaORO3RBIDOuBWebxaQ0Q2naI1w/eI+KICsY
;fHU7SGLi1uIJXWpJZMtaE4TYoTJSbcwjUTF7jORNSXkUHFV5DYGOkX0yd1J3wHECmeiuNVlq9xFeM36
;AuygVGGFvIUJQ6Nn0IkZoT3LGYAaP6KM7WmmafDxSFunVGXt7MBxVLU3zyv8JV3V/fcFrAbTarDlfZc
;YZYDZ/hbQgLxVgQztMUOT8oH0xDSAerlUrqpf8dAA5xRE/dBbp1T04EnpoMF9i4sz/G21qQX3GbAmO6
;KszW23FGVEkSYe0IC8kJhxWJz2Bo8ExcycRMJkwCoa371o3DNgOVj5ijKcSKRR6egpAXOLL+BNXWEZ3
;3GgQisWoBUN12Bk/UxHp1U0BF31sJUhPgbyRfTJ3UnfAcQKZ6K41WWr3EV4zfoC7KBUWJSxlHGLizPU
;YMgQgHq4FZ/S3zVpHfsESSzVktrYiJB1LcTROVejN9CJfNhAunFoEhNOoWjQMqHw/UAnp1U06CX1yIU
;hP3sD+E1RYTX/NbQ6F0pI3BTyYTGAzeY2wTUl7FBxVLRyBo5ENQG5Oast3OIjYozxoYckfVzl4jIoiK
;Q97QzRJWfPG4g4yBCAergVny7fNWkd+wRJLNWS2tiIkHUtxNE5V6M30Il1kVHHxZBeC3KgjNw+ofD9Q
;FsXVTUoLZnU7WVjz/PISXGF/c89mD4LZqAVYb9wTYDx3mqESPwt4czRJYufM/RlXdSAdrgVn67foWjc
;M2A5WPmKMpxIpFHp6CkBc4sv4E1dYUnveYBOC0r8FVmjMDlojZenWTUp7FBxxLT2B0+MUXHNFbPFmCI
;XRkjdWb8AVUTVJm7A9Lw99eSdyXPHK+hhLByMergVn65/NWjd82hVRJHObii4lFXJDOExe6cr/GG11R
;W7LcQ6OxZI2Vn/cI1gieZylTUl7FBxVLReBo5ENQG5Oast3OIjYozxoYckfVzl4jIo/LwtxaDxIT97T
;4xRcc0Vs8WsGhtLNWTcMqHw/Txbp1T04EnpoMF9i4sz/G21qQX3GbAmO6L4/Q3jBElgPf43VTm57FBw
;wGF60wKMeCyoZLZk3St/V9GMaNJBJCH0n3+Z/fU0sJTRJWbGjiH0yB1Bsx2sTjsWSOVhiziNSMXWBvC
;MvJGBlJUg9gqWRfTJhTHHedR7rkc1aN3zaFVEkc5uKLiUVckM4TF7pyv8YbXNZbstaBonVvz9BZckIV
;j946dZNSnsUHFktPYHT4xRcc0Vs8XEem9LNWTEMqHxZPHmZpTRKdxQcVV1P7sX4EVdYTn/DYGfot81a
;Nwy7fD9QZIizORUfYX05clj51+MIQW5PcK4Ga+u3zRtbYIgZRyRknLEoOHsHHFUtT+DF5SJbaUZ3wmk
;4m9a5LlJ+xnw8VRbp1QEjFXFvVTg9gaPjGEZ1QX3abAiF6LcyWHz3CEYgc9jVTkx7FBwbQk/swv19Jw
;cgHtxgE5nWri5eY8YjRTh5mYo5MwtxLlUuO4GjkTNddU1/wgVz67fNKV9pxBBgNH+bsC4+EntyCkFU8
;teRfjIHIB6uEWfrt74xXn7cI1sld4WKKDIPZmkmRFLvo5JxMgcgX8JpR47PuShCaM0OP3gW6dU+JghL
;fTFJVPXK/hNTa399wWoLgtmqBV9pwRtXJEmdvCAvJHNuNF1VgaC3fTIHEDCePlbTh/1qGTyTTw9+JtL
;kdXpLJDJlFg6xk79NCTEQLp41Sdu32lo3DNsQTA93h7soKxd9cjJyX+THzhpAZlB2rgZn67fNWhUMqH
;xMPGW2tCMkHnVwPENa3sDoEVtpRHvcWguEwKgoaGvaHU84FurVTUp7FD5VLT3yz+IiU2lOe89pDoXQk
;jlOYMESWzVktqA9Oh5mQzJfXPHLkX4yByAerh9n67e+NkRTyRJRNXeFvCMtJGR1JllS7/z2D1N3SB6t
;BWfrt81JNwyoD1MjSYihICUIZHQwX1jezv4ZVwcjHa4FZ4rev1oTDKh8TDxltrciPg97cQpeSPPF8B5
;XWElwyGwLh+isNFBgzSNTOWWd1U5OexQcZRYEsaOGfTIHU3LdWgSE2bk1Qn73Dlogc4ihEicUcHlVLj
;uBo5E8cERhXO0FVeu3zSlbf/cfUD96gLsqFRpyaDBfYvPG8hJTc0lwyVoTjtq9P0Vt3AlNNUmdvCAvJ
;HNuNF1VgaCHfTIHESeeK1fQh+NqDD2YTBFgLdvhfXpVJBx1LT2B0P0ObWRPccJsCYzorz9TU9wZUiBz
;m7Q5PwlxQzlETvWjknoyByAugDVc2oD9WgUMqHxMPGW2tiIlF31yMnJe+M/4E1ZiUkHCahCOxZIyUm3
;cGU0PYoy4PS8JdWggX1jez/gORgcjGa4FZ9uZ/WEGPZh8DVAW6aYhOSR3czpBVO/Ezh5La0lwymAVtM
;K9KlJ+9xRaMWKMpxI+HnlsMF9c9dbjGG1rSW3aBWTst81aByKYRw5mJun4TUp7Z3Amcl7uzP0UXGB/c
;stjE7TRqD9TU8AZXiRzm4o5LxZkeSdMSfTR9CJeblNqrgZg67fNahk8k00LYBb21U1KCHhvCk5S7s/4
;E1VYTXfAWguKzqgoaHjBEVoPeoCmOUp4FBxVLT2ro5F9QWtTQc1qCIfeoz1ofMEPSz94tr0oKw9xbgp
;ZWOzT9A9Tc1Vsy1oLgsS5WjQLqHw/YDjZ7nx8SxQ4VS098s/iIlFoT3LHawC0x6IpQ1PbH14+eIC7Kh
;UfcXA0VGLtyuIJMgQnHq4FV8WH9mkZPKhfP1AWmrk+FRh7czlEU+b84Q9XWFN9z2sJgtmqBVNpxB1GD
;3qApjlKeBMcVS0Nr5OqThw3IDCuBWeY274FVGPHEFY+cbanJC0TYEMzSFjl/PkYU3NFbPFxAobHqChW
;eN0OWg96gKY5SngTHFUtDa+TqkwGNyA8rgVnmNu+BVRjxxBWPnG2oSQnHktoMEBN5NHwCUd1RUHJdwa
;b381ZIQyofA9+JtLkenpVJCdnGQ2xjaFGAzcQMJ4Ff+u3zSlbf/cbXiBJj7whJiRmeSVIXPX8/BJWYi
;AdqAVn6/aMGHVP63wmUBbppiE5JHN/OklY3sX4EVdpQXPLWgGExaA7QwyrGj9QFpKyLiUfcUMzRFHkz
;fAQV1hXd9ptCJ7Dkj9PeNUjRD13ir0kJB5LaCxdWN7C8x9AYlZ3z3EOhNmwBUxhyQhaIn+IuRIkGnl5
;Ckxf49H0C1tmVHfBaxq0zKE7TmnaI1c1f469OTcWeRxmLT2B0P0ObW9Ff9psCYzorz9RY9oZYCJziro
;sPhJ6ewpZWOzT9A9Tc1Vsy1oTgtqoBVB+yQxXUBX81U1KSCQyZRYNr5OqTAU3Di6VNFXbh+NqNxmofD
;8jepqKJCQdfXA5clzvxP0YbWtJbdoFZO+3zVoHN5FMP08W6dU+JghLdTtLVO3PzhpTd394x2kLtMWoK
;lJt3CNSP3KM1U5MexQcFGx/w+DSfSQHIB7daRS03qM8XmDEI001Zoy0ORUWe3gwLT6Ho5F9c0ZiXO1G
;Z/O3zVpEYNsjVj5wgLkhFQh3fTtDVO/EzhBdY0UerQBn67egNVNpxHwiUBbppiE5JH1yO0hP3sD+E0Z
;oVWzxagGNxKguaGDBD0tQFenVTUp7MhxVLU7t0M4NXXBEe9xaAY7SqTNZa/cOUCR3nbwiJCRmfSFEUt
;7O/hlXByMbrgVnjd61P1MMi3w/UGWFphI6CXF0MExJ6M32IlBiREHaYAqb0r87Q3naGWA8f5qhTUlbF
;BxVHROxmKBPAikQJZs1SduM/G0HIphHDmAmx+V2e0wkMmUtCIGjkQ5edH9u3GAPjta5M1lr9x9GPH+H
;sSg4JHhzIkhP3sv0HEZiUkHaYAqb0r87Q3naGWA8f5qhTUl8FBxVHROxmKBMAgcVHq4FFIfEkipFacA
;ZXiR/h7ISKQJ4dTtJWPP85A1CYlJBxmAGn9K/BUNpxQxaInedoD8vJHh1Jlk9gqSRfTI3Di6VNFHbt/
;1aNwzbEEwPZpuwJS8aYHU7SmLtxvcJbWFFe8paD47WuT9FU9wZUiBzm7Q5PwlxQzlETvWjknoyByAug
;DVc2oP9WhUMqHxMPGW2pT8vE3F9IURT5vz8FFxYTH/XYBW0w6Q3UlPEFUwkFurVTUp7FDFVLT3yz+Ii
;QnVFdstkE4LZqgVHZdsIUD5JgbAsPh5mQyFIUPHG4xxGclJ78WkOmMPNWTAMqHwPfibS5Ht6ezMcVS1
;O7dDODUBiSHvPcQ6F0JIqWH/cI0wzd4e7JCQcS3gwQVz4/P0UQXMgHakFZ+uH42oMP4ZMP3YW6dU+Jg
;hLbCdIVeTC5RRcYH9u3GA4mNSsNFllxhtgNHOFtDQVF31vIS0+hqORfQIpECWdK1frhs1aN3/ED2AgZ
;Iy9KCsPfXIyck/oxPkJbWFFe8paD47WuT9FU9wZUiBzm7Q5PwlxQzlETvWjknoyByAugDVc2oP9WhIM
;qHxMPGW2pT8vE3F9IURT5vzlFF9if2rLaBeOxawuQn7NI1gid5m9TUlZFBxVHROxmKRNHDcbL5w1V8W
;H9msHPIZMBGMg2eVjekAlK2UDDYGCkX0ydExt8XUVgtm5M1lr9x5aNEmdsCA6HmZ9IVhP5Pz9FEFzIB
;2nBWfrh+NqDD2fTBFgFtrVTUoIeG8KXU/ozeUUXGB/fddpDoXTqChoYMcLWiJJgbAsPh5mQyFIUPHG4
;xxGclJ78WkOmMPNWTAMqHwPfibS5Hx6eyccVS1O7dDODUBuTmrHawC01LQ2XmLMGU0PY5mlKDgkfHk0
;WVjz/OUYX3dFbM9xEpnSkjZef9x8PFcW6dV9ZEsvLWMdPa+jkX1Ba1NB3ncOhcOkNFBTxBlZJEmPsCg
;uJHx5NFlY8/zlGF93RWzPcRKZ0pI2Xn/cfDxXFunVfWRLLy1hHT2ho5F9QWtTQd53DoXDpDRQU8UVUQ
;96iKwoOCRgdThIYu3K4gkyBCAergVnwLfNWkRg2yNPIn+HoSQkHEtsPF5J7s3OFVdmVHvcWhOO2r0/R
;W3cCU01SYW8Pj57FxtVLT2xjaFGAzEQHosFZ+vEoSlofNoVUSR/h7ISOhRnaApeXuDN/xRcYH96y2kG
;kuihM0R4qH84UBbp5WN6QCcyZS0ZgaORDl50f27cbAmf3qM9aHzaGWAjdYi7IyMVc0MxSFHg2s4RW3R
;UHq0CZ+u3/XQHN5tSD1A56dVNORdnQyVfVO/X+BNVWFJ3yW0TtNGoP1NTwBleJHObijkvFmR5J0xJ9N
;H0Il5uU2quBmDrt81qGTyTTQtgFsrVTUoIeG8KXU/ozeUUXGB/asdoArTDqDdHadodSyVkjIoqOBpkd
;FUuNIGjkU0cNxsvmTVJ27fVWjcM2xBMD2SGvBI4HnN1OkNi8sDwE21qT3rLBWTtt81aXn/EHVE0FvzV
;TUoIeG8KXl7gzf8UXGB/bct0Eo7Zrj83D6Z8P1B/h7MkJhcqfzpDSe7W430/ByAe3WkUtMSoO1pT3AV
;PNRbq0U1Ke3pzO0g9mKORfUFrU0HdbQ6O26kFVmDPE005YoG4Ej4CZHlVLj+Bo5ErAwc8Hq4FFIfEki
;lfZc0QWw9/h7MkJhdLfTtKUeT8/RRBcyAdqQVn64X/bww/mUk/dhbp1T4mCEtoPURT3tTwEV5YRHHbZ
;wuO6KEzWWnbI001Zoy0ORUWe3gwLT6Ho5F9c0ZiXO1GZ863zVpEYNsjSzh/h4o6Kxd4QyZEU+bP9CJe
;bk578XcCm9KsLmhhxxhaUBXv1U1KOlVeF25+gYKRfTJ0TG3xcQib6L4vRWrJH1oPf4ezJCYXS307SlH
;k/P0UQXMgHaoFZ+uH9mMHDIF8P1BlhLQhJiR1bjBMYvLM/RRWWElwyGwLh+irNlh79x9QPWaMuz4rD3
;1zOy0+2qORfQI8ECWeK1XQh+NuAzicRw9+ItLlY3xKICluHRO3mKFTBTcVJ5U1SdOM/XQAOplFBGE43
;O59ZEMhK2QWD7qTv0UKPxklnT5XxY7/aQY3nUcPfi/c531xSiQnZBY9lqORfUFoTHfKWg6F0aQ2W1PJ
;Elg8c7a5JDkPFB9TLT2Bl6RGAzQVHroFZ+vEojZeaPcVUTZ/hbkSOhpgaDBfU4GglH0yB2x3wGAU66z
;NWjd/xxBWNEmAuysjF3hDJUxJ9cbjE21lT2raagrrtMhaNwzkFVE1ZenDTUp7Z2klXVLz184ZR2ZMQc
;t9E5nCvjNYYqh/M1AW6ZQhJltxZCFfSOXG430rByAe3XAXm9i/LmhlxhpWPHq2tCMtF3FDOURO9aOSf
;jIHIDOaMGfLt81aRHnYDFAiYra8IywSeHAKQkj1z/gTV3R/e9ZxFZ7TqCg3D6R8P1BXhbltLwNgbiBJ
;WPOjnX0yB1Nr3nUImcOSLk58zXw8VRbp1QEjFXFvVT09gaPiCEJ3T2zaWhSfxawuUmvRfDxUFunVGTg
;ecRxSLT2B0OQNQmhSaq4Gbeu3zR9BadoFSDhzm7BNaXsUHCZYT+fC8hhtdE9yx2E4idi5Llhh9xVRNn
;+FuRI6GmBoMF9TgaCUfTIHbHfAYBTrl81aN3/dDlkxdYyKPiUXfXgKWVLx/PgTVG5McvF1Bp/DqChZD
;Kt5P1AWpbwjLwgUCFUtPfXG/A1XdUFq23cCtNWoPmhgwQ9LUBXp1U1KewEcVS1J5M7hGEBmVGvcYDiH
;0qsuaGDBD0tQFenVTUp7AhxVLUnkzuEYQGZUa9xgOJneqjJDU8QVTCQW6tVNSnsUElUtPfXG/A1eZlR
;78WsIn9K+WjQMqHw/UBnp1U09EmR5CllS9sbjIl9oRHuuBm3rt80TWXjNDlMxdYyxTVp7FBwiRE3k/O
;USRWJSQd1tBpvSzVk+DKh8bTV1nbQjLRdxHFstPYHU+A1XWFd/wmk4htipPzcPonw/UF+HoSg4F3V/M
;Ek9kaORfV1oWnvxdg+C0qE+aHjRDFpQFeDVTUosdWgwX3vgz/19dgcgHqgFZ+vRoTVHfNF8P1BsqtVN
;MDgUHC9uPYGjkbD+yx4frgWvqbfNknUNqHw/UBYhlE1KexQeVS09g6ORfTKDIx6vBWfrmM1aNwaofD8
;AWqj1fGRMIXE4LT2BQ659MpxkHq5CJG5cChs3TDQ5P1Dsr9VN9jlEGFUttNHt1nA4HSoergVqov+JCD
;cMqTg/UBeP3UtKexQJ287GgaORdEJPeW2uBXWft81IQw12GiAoFunWswM/VUgt99BWjoO/AhNmz3mxA
;skfzV09ictzYlotbKDtOlcUGGpufGCR6bcLNbmG4dn+vxwE/jgMCqbxtq27wfbeGU7LQy97ZFfpaf2I
;1+UQ/JGbbnuMNEpNjkOWb/FfOoNHFJ5dDbWBIZldugeiFo6NZ2m/7dI3jqBct1CU4fXFSvkcPN0tv4m
;DGX2wDwCWrodvyz/N2D8sIHy9WDZh1c9CW5wc1yUdCaMTdRKPIJymNRWm4GqyZbUj+9SFVCk92dCswT
;XPaOZHmfZ2M3jNCIFaAWu4jF4nSKg9O0BS6ZRJWj8UXVE9eYHilW12B2EavkFnqrPdHjdNrGx7UFftx
;QlKOhAMES18hbPVfXMDMFquRGP7880bMxzsfH5UBq3VDE5rUBwUKS3Fo9B5IkMgX6pFd+qz3BonDaxt
;f0AX7cQNWnoQDRU9PIWy0W0zAzFevgRj+vfdWzMd6Gw+VAepxUxOalQMVCkswbOQeSNHMB+qFCf7tsl
;LdxypeC4QBujRXAprFRhEbS2Ap4A9IgYwWq5EY/vzzRszHOx8flQGrdUMTmtQHBQpLcWj0HkiQyBfqh
;Uj6/bJSnMM6XgvFBao0V0Oe1UYRWk9wKeBOTJGJA7qBSbvp4ladgi4OD8REvmRTQt/BFhVbDmR55F5I
;0cwH6oUJ/u2yUt3HKl4LhAG6NFcCmsVGERtLYCngD0iBiQP7hVm76aNSjYIuTwvURL4lV1LfwVcRSw5
;kOOBfDYWYA6vAXarp8xeJky4fTtBVvnUSVs7BB1RPD3Ap4E5MkYkDuoFJu+niVp2CLg4PxES+ZFNC38
;EWFVsOZHnkTw2F2Qe7wF3r7eMXidIqD07QFLplElaPxRdUT15geKVbXYHYRq+QWeqs90eN02sbHtQV+
;3FCUo6EFxFLDmQ44F8NhZgDq8BdqunzF4mTLh9O0FW+dRJWzsEHVE8fZGilWxyFyEav0V36rPcGicNr
;G1/QBftxA1aehANFT08hbLRbTMDMV6+BGP6991bMx3obD5UB6nFAEpbnBzXJR0JoxN1Eo8gnKYl7+s1
;xXq/DCp0H9gWa91twnuWFHWlPQOrsfUyhSg+JgXl45dFWrUEiPQ/0h7JXU3IczSUVa81oSuR/zonqB4
;sDUdjt09SF4So/jfQNuvdb8pbFhR3rR2Dq7P9EgUoPC4lZeOVTXo1BIr8H1Iey1VtSHM2nHUvNaMjsX
;86JaA+rA1Fa5fPUhWMiH43cpbJ10Vo+zQeXQ+9oaGZX7InIhaMhUfpv+/aFw6I9D/SHsldTchzNJRVr
;zWhK5H/OieoHiwNR2O3T1IXhKj+N3Ce6VdFavMUnl0NtYEhmV26B6IWjo1nab89aZ1BZsEmUDQ3grVd
;Jv3VJ9Y9gaORNHdJZLDsZeWss81avlzmOzJaDOPVTUp2XVQRfz2BotV9MgZGFqgFZ+uiQ7nMDKh8NiB
;esKZNSmlgHFU/SYB992JKByAdW0wjquO1gNrbmXa8EAZvBHxmQ4neQ6+AdhzX01BmQbnOlE2+ITlr2J
;mmp8OVEZ9gmy17BHkMu5U03Y1PAf2eqb51TBAJ+uVY176Z5JNn9XhKlrFtgiQxenJVoXKyJyIWjIVH6
;b/v2hcOoF6/cBTh981qeRw+1Q0/iYERXTAPAp6OB2/JN+1YPy4oXD1YNGn1T0JZlDxXJR8Bg5N1EIcA
;HKYn58u1xXi3LKqgY5naIRmrOyZDF1Sa7uv99zsrgQG4x7d3G2BjscXHpIwZ2BZr3W3Ce5YUdaU9A6u
;x9TKFKD4mBeXjl0VatQSI9D/SHsldTchzNJRVrzWhK5H/OieoHiwNR2O3T1IXhKj+N3Ce6VdFavMUnl
;0NtYEhmV26B6IWjo1nab/t0jcEivwfUh7LVW1IczacdS81oyOxfzoloD6sDUVrl89SFYyIfjdylsnXR
;Wj7NB5dD72hoZlfsiciFoyFR+m/79oXDqBev3AU4ffNankcPtUNP4mBEV0wDwKejgdvybdPUheEqP43
;cJ7pV0Vq8xSeXQ21gSGZXboHohaOjWdpv+3SN46gXLdQlOH1xUr5HDzdLb+Jgxl9sA8Alq6Hb8s/zdg
;/LCB8vVg2YdXPQlucHNclHQmjE3USjyCcpoVH6b/v2hcOoF6/cBTh981qeRw+1Q0/iYERXTAPAp6OB2
;/JN+1YPy4oXD1YNGn1T0JZlDxXJR8Bg5N1EIcAHKYn58u1xXi3LKp0HdA2691vylsWFHetHYOrs/0SB
;QCWrodvyz/N2D8sIHy9WDZh1c9CW5wc1yUdCaMTdRKPIJymJe/rNcV6vwwqdB/YFmvdbcJ7lhR1pT0D
;q7H1MoUoPiYF5eOXRVq1BIj0P9IeyV1NyHM0lFWvNaErkXUQhwAcpifny7XFeLcsqnQd0Dbr3W/KWxY
;Ud60dg6uz/RIFKDwuJWXjlU16NQSK/B9SHstVbUhzNpx1LzWjI7F/OiWgPqwNRWuXz1IVjIh+N3KWyd
;dFaPs0Hl2PNIGngD0iBiQP7hVm76aNSjYIuTwvURL4lV1LfwVcRSw5kOOBfDYWYA6vAXarp8xeJky4f
;TtBVvnUSVs7BB1RPH2RopVschchGr9Fd+qz3BonDaxtf0AX7cQNWnoEWFVsOZHnkTw2F2Qe7wF3r7eM
;XidIqD07QFLplElaPxRdUT15geKVbXYHYRq+QWeqs90eN02sbHtQV+3FCUo6EAwRLXyFs9V9cwMwWq5
;EY/vzzRszHOx8flQGrdVJWzsEHVE8fZGilWxyFyEav0V36rPcGicNrG1/QBftxA1aehANFT08hbLRbT
;MDMV6+BGP6991bMx3obD4uUN4avpl3FA16UhiWflZcENMgHq4FLq75ifR1bCpy71AW6NVNSufbHFW4O
;YGjoH0yB3Ae3AUO69nNLjdpqA4/YRa21QxKNRRZVXk93qPQfQoHfx7+BQvrws0pN1OoLj8AFqDVfkok
;FE9VZj3To6N9bQdpHsoFAuvWzTc3bagXPzUWm9USSisUblVCPeej+H1eB0UerhZn67esOVRpxBlNMWK
;AuiMVGXtoIUJQgaKRfTIHIF7RRWfwt81aVm/LGVM1ZIihJCUVS346WUnuzs4OR3VGf81gZ+q3zVo3DO
;gDf1AO6dVNKxh3eTlIT+DX+BJcWEZ33HYTtNusI1J+qH0/UBbp1Q01OxQPVS094MDyGF5iUn/abAiF6
;KQ0UWXEED9RFunVTUo7a1xVNT2Bo/AeUWJMe9xkE4LYowVeYtsZSw9/h7soOHsVHFUtPYHj7j0yHyAe
;rmQEiNKhP0Vt3BVQPkmAuz4vD0tzIFlY86OQfTIHIB7ueifrpc1aN23LH1o8c5u0OSMUekMlX1Tv15F
;8MgcgHq5FGKu32Vo3DMkfXDV6jKcsPhJ7cgpeSPHT/g9GByEergVn6/eyGjccqHw/MXWKsCEvCXVoPE
;JT3tf+DTIGIB6uBWeryI1aLwyofF4zdYy5KDgaYHU6Q2L1zOEiQXJSeM9mAuu2zVo3DKg8QBAW+tVNS
;hp3fzBBWPPC5RRdaX9q3GQRjtvNWzcMqHw/EGmp1W9KexR9Nk5Y7cbjHEZuT3DxcRWKwag2aH/AE00k
;SY28Pj4aen8wLTyBo5F9MgcgHq4sZ+u3rCxYZcwjSyJ3n7AhFRN7cDBeYvHC5RVtakFm8WkChdC5Mmh
;qyR9LP2Tp1E1KexQcVUR9gYqRfTJmVnHHYTifxawsUmD3FFA8c5qKPSsPfEM4TEXezf4iQGJUbM9mE4
;LYo1o2DKh8P1AW6dVNQXsUHDdIUfX8/htUdEVqrgRn67fNWjfcl3wpUBbptygmD0tuNEtJ3sLyHldrR
;WzPcQ6E2c1bNwyofD8QaanVXUp7FH4wQUne0fAbRlhBd9xiBpu3zFo3DKh8P7Ap6cdNSnt2eTlZYvPC
;9wltYUxx2XcGn9LNWzcMqHw/UE+p1UNKexR+MEFJ3tHwG0ZYSnvcbmfqt81aNwyoaH9QBunVTSgeeGg
;KX1zn184SVGFTe9oFZuu3zVo3DFhDP18W6dUvLxdgQydMW/X84g1XYkQerwVn67fNWhlMqG8/UBaLsC
;E+JGZ9M1li9cv4HllpRW3dBWbrt81aNwxQQz9CFunVLy8XYEMiTFHt/PcRXXBSf9pgZ+q3zVo3DKglf
;1AC6dVNKB54aApaXO3PzhFXaUdqxloKgtnNWzcMqHw/UObW1UJKexR+MEFJ3tTwEV5YU27LYAPrts1a
;NwyofBsQFvfVTUoZZnUxSlTvxM4YSnNSa91sCIXoujNTeMAjTTFigLpNS3sUHFUtPdjjkW8yByB83Gw
;DjN6jPWhqyRJgI2aMsClKehQcVS09gfrRfSYHIB7Mdw6P0KQ0UFPOFUc1cra0Iy0XcRxULT2Bo5F9Mg
;cgB64FZ4nFpD5QZcYbYDZ6hrQ5Lx9LfSdIXN7O+BMyBiAergVn64ONWiYMqHxdIn+NsiQkHEt6OUJK8
;8LlGDIGIB6uBWfr7o1aLwyofF0if42yJCQcS289SFHt0M4bXmhXbM9xAuu2zVo3DKh8ZhAW/NVNShlm
;dTFKVO/Ezg5aYkxy3VoUm9KoPjcNqHw/UBbp6w1KdRQcVU9P6Mf2FFxgf23eYAKPt8xaNwyofD8eVun
;0TUp7dm48SVrozfYiQXJQbsF3E47TkjtFackjTTFigLoSJxpsHFQtPYGjkX17RyARrgVnicWkN2hgwR
;JaD3WGoCM+exUcVS09gaO1PTIMIB6uZxWC2pI1UWrbGUtQF+nVTUp7FBxVLS+Bo5EeXWZTasdrALTTp
;ClDbcYfWmEW6NVNSnsUHFUtPZOjkX1RaEFt2mwJjOipM0R4yRJcNSTp1E1KexQcVS09gY2RfTJkT3DK
;bBOC2KM7W1PHEloPZYGwISYke3IKWVLx/OIIQGFBfct2OIbeowVWfs0dP1EW6dVNSnsUHFUCPYGj8hJ
;cY0lqx2oJituSNVlp9w9XNXqFiiIkJGBzJXJO9NH3HFFiU0HDbAm0wKQ+Q2SofT9QFunVTUp7FDNVLT
;3izP8ZW3NJccBkC7TDoipof90OWTF1jIokJB19cDlyTeDX5RhAaX9zx2s4isWoOzcNqHw/UBbp1U1KS
;xQcVU5S78f4CVtoTn/CWhOEx5IpQn7OHVw1SYC7KyMXeEMlTEn1xuMTbWpJcPFyDo/DpVo2DKh8P1AW
;6dVNX3sUHDZCUu3K/xptZE97yGMOiN6oNENTyXw+fVX1Pq98ISscQC09gcD+El5uTnnxZgiO0aszVGX
;NEksPdOnUgIa32NCZ2YKBtpF9MmRPccJsCYzorjVSas4VXDlzh6ESKXsVHFUtPYFj4z0yFCAermYIhN
;uSN15i9xBeKXObijkjFnEcVC09gaORfRxHIA+uBWeI2KI2aGHBEmA2c4yxPysPcRxULT2Bo5F9FkcgC
;K4FZ4/SoylSU9sJTyB5m6ESLBd7aydMSeSjkH0yByAerlwn66rNWjdozRJMNUmaoD06FGZoCkRT58r9
;EW1oVWrCbAmOxM1bNwyofD9QFunVWkp7FG8gXU3u0eUiVmJObctaAYLboQVFbdwZP1EW6dVNSntAXFU
;wPYGj9RhcdEVB3XAXm9i/LmhlxhJaIkmMrT0rFWd1OkM9gKORfTIHIB6uBXTrt80pQnzYE00kSY2wIz
;keS3A0VFjzo5B9MgcgHq4FZ+uszVo3aM0STDVJmqA9OhRmaApBXPjG4w5tZU9q2moK67bNWjcMqHw/U
;Bb61U1KH3FyJkhi8tbhDV11VEHddQKO081bNwyofD9QX6nVVEp7FHg8QFjv0PgSXFhYZ/FmCIbHqDRE
;bdwVUD4W6G1Tz5BFpOsSPZ+jkX1Wbk17wHYOhNmSIk5TyxNSIHOHpiw+EntyCkVS7caRfDIHIB6uBWf
;rt9RaNwzMEE8Pd4ehJCsXfX0mRFPm/PYPU35/c899Z+q3zVo3DEgTf1AP6dVNLhdkQzRDSejC/RRTdE
;lwyVoAmda0BVplxnw+UBbp1U1KexQcQy09gcf9DW1mTmrHZAuC1r4zWWv3EFomc4XVTEp7FBxVLR3Bo
;4Z9MgdEct5aBoXDpDtbZckPVj5xtrgoPhN7eFUsPYGjkX0y9x8eiQVn69OhKmhuyQ9aD3qIrCg4JHV6
;IUhP3sbpDV10VWzLWhCK3rkFQ2XFGT9RFunVTUp7FBxVBT2Bo/URQlhCf91gOIfWtD9FU8oZWT9kjIo
;oMgt7byBfWN7U8BRGWFR3w2Bn6rfNWjcMqHh/UArp1U0uF2RDN0xO5Pz9HEtiUkHMahWP0r8FWGrOD1
;okFujVTUp7FBxVLT2lo5F9VmtQQcxkFI7ooTtOadojXD94nbo4OCRxZCVCTvTR9CJGbk17rgRn67fNW
;jck6HwUUBbpsSE6JHZ9Jkhi7cLoGEBYRW3abAqKw6Q1WVPcFVI1SYq6IDoeem80WVTuzZF8MgcgHq4F
;Z+u36Vo3DMwQTw90iKYoFRd1ZTBfYufK/RFbaUdBy30XhMS4KFJT3BVSNRbo1U1KexQcpRI9mKORfVZ
;rUEHMZBSO6KE7TmnaI08/YYynEicUcHlVLD2Bo5F9MvcfHo8FZ+vToSpobskPWg96iKwoOCRmfSVEWd
;7H4xJCWFpB3XUCjtPNWzcMqHw/UDap1WlKexR4OV1i48LiGG1rQWfLdziZ1r0zU1PEFVkkSZOKKSMIY
;H07TliBopF9MgcgHrxFZ8q3zVpTYNgjXTFljIohKwJxbgpfXPHK9SJebkZq8X84mMeoP1MMqXw/UBbp
;1W0KezccVS1Z7dPOH1N0RUHCZB6OxZIpW2PfI1sieZmKNxUffW8hTFPixpF8MgcgHq4Fb6u37Vo3DMw
;QTw90iKYoFRd1ZTBfYvLP/gptY1Jx3lodtMS9P1JoqH0/UBbp1U1qOxQ/VS095c/hIlBmU3vxaQaS0r
;8FRGDHC2A8f4+hEjAkcHUmWVzvwPR9MwcgHq4FZ+P3zXo3DKgYUyBJi7Q+LyR4fSxIT97Q/RJFWEx3y
;HE4kei+KlJpzHw+UBbp1U1KW1QccS09gcf9DW1lQW3LWguKzqgoaH/dDE8/ZJ2KKDILe28gX1je1/gQ
;VwchHq4FZ+u35Ro3Kah8PzR6mYovKwhxQzlMROTRzglabkN1wGAUmOiuNVp8zRJMMWKAuiNKehQcVS0
;9gaORfRYHIB7KaRe01awpUlPEHUY1ZLagPToeZkMlQlTv184KU25UQdpsCo63zFo3DKh8P7Ap6dpNSn
;twcCVyX+DQ9CJeZll73HZn6rfNWjcMqFx/UAnp1U0uF2RDNkVc7MH0D21vRX/acBe0xLk7WWjKBWAkf
;4SwTUt7FBxVLT2V45FdMgcgesJ1OIjfrDdVadojTyJ/h6EkJBxLaDBATeTR8AlHdUUerwVn67fN2nZM
;qG0/UBaNuT0VGHtyIUJI8/zmFFZzSB6vBWfrt81aP0yocz9QFo25PRUfZmU8Q1re1/gQVwchHq4FZ+u
;32Ro3H6h8PzR6mYooLhxxQzdBSPP8/RhEYkwerwVn67fNWsczqF8/UBaNuT0VHX1uOFpc88bOHFFkRX
;LLdwaf3qI0aHb3GFo2d5y5OUp6FBxVLT2Bh9F9KQcgHsppF7TRpChae8kOWg98jKcmFQFLeDBLXPTP5
;X0zByAergVnG4jNQjcMqBhTIEmPvD8nDHVuMHJO8cb0GW19f3PPfWfqt81aNwyoaH9QDenVTS4XZEM9
;SFz1/PIIQG5OefFxAobHqChWeN0OWlAX6dVNSnsUUhUtKoGjkRled393w2QAjui5KFZi2xpaIkmdvCA
;vexWyEsxHlQ2EPTIUIB6uYQub6KQpW23GGGAxZIy0EicSehxULT2Bo5F9yjggBa4FZ4/bvQVbbdEZTQ
;97jKcqLyR3cDpeWN7F8B5XdCAfrgVn67fNWjcMs3w/UHKFpRInTyQsCk5S7M7wE1ZYRHvCZB60w6Q3U
;gypTwxjJdrmnnV7PRxVLVnt084QW2NEcstaC4rOqChobc4IWiJJjK09JQhhbjBySuDK5SJGbk17rgRn
;67fNWjcMqHwVUBbpsSE6JHl1MUlR5Pz9HEtiUkHMYAGExagFUnTYE0wlZIyKOisSYEMhRFDko5B9Mgc
;gHq4BJ+upzVo3aMQMYD1/jbEhLyR4fSxIT97B/g9WYlJBwWMBmNK5WjYMqHw/UBbp1U1sexQcMUFN3s
;74GVZrRUHCZB6OxZI5WGLcE0oiSYytPSUIYW4wcknozvR9MwcgHq4FZ8v3zXc3DKgYUyBJhLwpLhdxQ
;zlMROTRzhhBc0lzz3EOhNmSLl5hzSNcP3uZsCM5GmB1OkM9gKORfTIHIB6uBU7rt80+W3z3EVY0coWw
;EiYabXknclj50/4OR3VFQdpsCo7ouShWYtsVSzl5h9VMSnsUHFUtPYGjt30yB0Ry3loKgtOpNlJTxB1
;GNWS2syQmF31yMnJY+dP+Dkd1RUHabAqOt8xaNwyofD+gKenOTUp7cHAlclDox/URV1hMf9dgFbTHoi
;1SfvcRUDRz6dRNSnsUHFXdAoGAkX0yY0xu8WgOj9OhP2hgyQVaIkmbtD0jH0t4J0JN3tnODkJiRXquB
;Gfrt81aNyzofBlQFumxITokeXUxSVHk/P0cS2JSQdxkF4LTkjZeatwjRQ9ygKY5KxV3eVUsPYGjkX0y
;B2AejQVn69OhKmhhwRhbPHO2uSwzHmZDJ0xN6MfOEVthVEHUWhSb0qg+Nw2ofD9QFun1DUpeFBxVSVH
;x/PwUVmNMe/FpBpLSvwVEYMcLYDRkhqUSMCRwdSZZXO/A9H0zByAergVn6/fNeDcMqBhTIEmEvCkuF3
;FDOUxE5NHODl5oV0HKdwib6LcFRHzNGVtQF+nVTUp7FDwVLRiBo5EZXnd/c8dhA4fSkjZWdc0OYCN6h
;qISJhJyaApXYuXK4glTaUN7rgRn67fNWjcM6HwdUBbpsSE6JHl1MUlR5Pz9HEtiUkHdaQic6KEzUXj3
;BmAjZoywKUp6FBxVLT2Bg9F9FAcgHsppF7TapD5TYM0jUzFvjKcSOQ5kbDpfSd7G6Q1ddFVsy1oTgtq
;oWjYMqHw/UBbJlU1sexQcMUFN3s74GVZrRUHCZB6OxZIvR3zNDmAgeYC7ORUMdXUhcknozvR9MwcgHq
;4FZ+u3zUs3DKgYUyBJhLwpLhdxQzlMROTR4n0zByAergVny/fNczcMqBhTIEmHuj8nGnhDOUxE5NHOH
;FRzRWzxYB+b2L4vRWn3C145YrahJCceFB1VLT2Bo5F9MgcKHq4FA4fHkjRYfsUdUw96iKwoOCR2eTNC
;T+T89AVCaFNr3GA4nNakLmh4wRFaUBfp1U1KexQcFS0jgaORGV53f3DBdwqK25I2VnXNDmAyeZuxKDg
;ke3ozXlj1o5B9MgcgHq4FZ+uRzVo3aMQMYD55m7gsJiR4fSxIT97A/hNGaFVs8WAfm9i+L0Vp9whWPX
;Pp1E1KexQcVT19gY6RfTJjTG7xawiZ2qw2aGDJBVoiSYymOSMWdWg8QlPe1/gQV1hDccN1AoXErC5eY
;8Z8PlAW6dVNSnsUHHMtPYHH/Q1taU9sw2QLtNusI1J+9xpWPHqAuyoVHmxsOl5I88bOCVtqRR6vBWfr
;t81aJ0yoZz9QFo25PRUVe244TFHez/AEV3V/bsFyApnooDVTaah9P1AW6dVNukQUP1UtPeXP4SJcaFJ
;zz2k4h9a0P0VT2h1POXK2sT8lC0tmCl5N5Mb1fTMHIB6uBWfD9818NwyoGFMgSYe6PycaeEM5TETk0c
;4PU3dJevFpDo3DkiBoaMEPSzF4irBNS3sUHFUtPYHjkV4yByB6wnU4hdi/N1Zg9xBeKXObij8rC314C
;kFU59fOB210UHvLYWfqt81aNwyoVH9QM+nVTS4XZEM7Qk/swv0iXmZZe9xaFIfYugVTfscMYCpJjbw+
;Php6fzAtPIGjkX0yB9Ahridn67epNkdTxhNNPXeFiiErAnFuCl5R7tTOGUBoUEHUWhSb0qg+Nw2ofD9
;QFun9DUpeFBxVSVHx/P8SQGpBcvFpBpLSvwVEYMcLYDx/j6ESMCRwdSZZXO/A9H0zByAergVnG4jNeD
;cMqBhTIEmHuj8nGnhDOUxE5NHODl5oV0HCbAGf6LcFRHzNGVtQF+nVTUp7FAgVLRuBo5EZXnd/cMF3C
;orbkjZWdc0OYCNjmaUiOA9LeS1dUvLW4xhtc0lzywVm67fNWjcMsjw/dhbp1SkmC0tyOl9Q4M/OEVN+
;RWzxcBeb0r8FR2PBEksPYYi8ORUPfXEwLTyBo5F9MgcgHq4bZ+u3qTZHU9oZUj9gjIovPxl2cDBySuD
;K5RRcYH9qx2gC67b+aQQ/m0/sbxbk1U1KH3hsCl5e4M/4E1VYWB6vBWfrt81abkyocT9QFo25PRUId3
;05RFPm/Oh9MwcgHq4FZ7L3zUk3DKgYUyBJmrkkKR5LaDpBWPPC/x5XByEergVn67fNWjc+qHw/NHqZi
;j4/CXJ9Nkhi8sr1GG1zRWbacBWO6KkzRG3KEFoPeYeKIjweZnQ0Q1rewv8aXmIgH64FZ+u3TRt3DIt8
;P1ByhaUSOQ5mejROWN7Q+BlXWFR71nESmdKSKFJ/xxBKJH+Gu01L4Y2FzLSkOJyRXzIHIHrCdTiYwr8
;8Vm/NI0w5coyKOS8DYGknSGL52s4SVGFTe9oFZuu3zVo3DEhDP0cW6dUpJgtLaDBATeTR8AlHdUVBzW
;0GhtWoKDcNqHw/UBZplA1KaxQcVUlR8fzmHEFvSXDJWgqE06haNgyofD9QFhnqTUV7FBwwVUnz1vUYQ
;FhBc8FwCZ+3zFo3DKh8P6Ap6cJNSntxZCFfSOXG4yJXf0N2z2sAjui5M1ppmXw+UBbp1U1KexQcQi09
;gcbpCUByRHvcWgKT1KU7WWvNI0s5e4znTUt7FBxVLT2Bo5FvMgcge9ZxFZ7TqChoY84aTDVitq18Sno
;UHFUtPYGa0X0gByAey30TmcKpP0VTxxpZI3OdijV4exUcVS09gaORfTIVIB6uYB+fxbg+Un73E1k2ZY
;yhEjJIFB1VLT2Bo5F9MgcyHq4FApPDvy9TadojUDZwmrA5FQIlHFQtPYGjkX0yByAMrgVnjs+5KEJoz
;Q5gP3CPpig+JG0uVSw9gaORfTIHIB68BWfr0rUuRXnMGU0PeY+zPi8PS2VmLTyBo5F9MgcgHq42Z+u3
;qCJDft0YWiJJmqIkPhh8QzZCUu3K/xptb0V/2nAXtNapLFZiyxlgJHOEpSg4GmBpJ0gMgaKRfTIHIB7
;HRWfYt81aUnTcDko0c5uKPj0SYH89cl7uzP0UXGB/dstkE57HkjtTeskSXDVJnbAgOh5mfSFYT+SRkX
;wyByAergUOq7fmWjcMzQRLImONsD8VCGN1IU5V3sD+El5uTnnxbQKKw7gqaG3MCl4+dYyKOSMWcRxUL
;T2Bo5F9dkcgAK4FZ47PuShCaM0OYCNhgKEuIiR3czpBVO/Ezg1TdUtB1gVm67fNWjcMljw/Thbp1Sgy
;D2ZpMUhP3tDmFEZkSEHNagiH3qM9aHzJDlQPb+nUTUp7FBz1c32Bh5F9MmJYatxwA47FkilAZdwfVw9
;1hrohIxVzQyFIUPHG4xxGclJ7nwVm67fNWjeMzjw/dBbp1SgyD2ZpMUhP3tDmFEZkSEHNagiH3qM9aH
;jNEU81ZIihODgeJhxULT2Bo5H9VEcgB64FZ5nSvi5WftwjWihim7QSLg51cApMUO7W/wkyBiAergVn6
;7fNWhIMqHxaKGKboCkvCUtvIkRJ4svOD1d0VH/ccTiOz7koVlPJEVAleJ3nTUt7FBxVLT2Bo5FvMgcg
;bMt2E4rFuQVTeckQYCNmjLApSnoUHFUtPYGX0X0sByAey30TmcKpP0VT2wtWJHWBij8vCGB9J1li8tP
;0GFY1IB+uBWfrt81udwy+fD9QZIyhPysYYHU6Q2Ll1vARbWZNcdtrE+u2zVo3DKh8GxAWy9VNSh5saC
;dYWeTRzg5FblR9xloVjsO/O1R4wRNRD3eEujgkDyYcVC09gaORfRZHIAuuBWeZ0rkoVm/cFVA+SY2gL
;CYkZ2wwSFmBopF9MgcgHppFZ8q3zVpSdNwOSjRzm4o+PRJgfz1yT+TX4xxRc0lxwFoUm9KoPgUMqXw/
;UBbp1XkKewccVS1Y+dfjCFZiUkHZbBeO6LkzWmmZfD5QFunVTUp7FBxGLT2BxukJQHJEe9xaEILHqAV
;DZcUZDVAX6dVNSnsUHFUtMoGjkRhKc1Jr3WwIhei6M1N4wHw+yo9wTNTToiscRC09gcbpCUByU3fBaz
;ic3qkuX1OafD7Kj3BM1NOiKxxGLT2BxfATbWVMd95aF4rCvj9oYdsZXFAX6dVNSntUYxUtL4GjkRtTa
;X98wmwXtMOlKFJ/wBNTNBbo1U1KexQca209iKORfVRmTkHddQKO081bNwyofD9QT6nVQEp7FHo0Q2Ly
;0/QYVlhNf9YFZuu3zVo3DOw8P0EW6dUrIxd1cTBDSd7H+BxfYlR73AVm67fNWjcMVEM/Qhbp1SsjF3V
;xMENJ3sf4HF9iVHvcN2fqt81aNwyogABQBOnVTSwSeH04SFP1/PUUU2pFast3VOu2zVo3DKh8P1AW+9
;VNSh19cDRAWO/XzhlbZk172mAV37fMWjcMqHw/UBbp2E1Ke3J1OUxQ5M3lIlRrT2muBGfrt81aN1Xof
;DFQFumzJCYaeXk7WWLnz/4KAwchHq4FZ+t3mho3Aqh8PzZ/hbQgLxVgQzNBUvaRkXwyByAeroUxq7fA
;WjcMzhVTMXuMuzkVD21sMC08gaORfTIHIF6uC2frt6szW23FGVEkSZ2sPS9JFB1VLT2Bo5F9cgcAHq4
;FAYLbuT9FU8cJSw9lhLQhJiRkfSdZYvLK6xhtdUFqx2pn6rfNWjcMqCV/UDPp1U0sEmZvIXJR4Nr0D2
;1jSXPLaxSC2KMFT3X3H1A9Zoy7PisPfXM7LTyBo5F9MgcgHq4vZ+u3qzNFf9wjUzFvjKcSLhJ5eTteV
;O7NzgVLWENxw3UChcSsLl5jxiNXP3qM1UxKexQcVS09gaOwfTIHRnfcdhO026wjUn73GUckZJymJCUV
;S2s8SUnp/OMcRm5PHq8FZ+u3zVpuTKhkP1AWj7w/OQ94fSxIT97F+BFTakVw2loBh9i6WjYMqHw/UBa
;wlU1aexQcN0JJ9cz8IkZvSX3FawKYxM1bBD+bTwxjxdbVX0p7FHo8X071/P0cS2JSQd1tAofbvlo2DK
;h8P1AW/ZVNZHsUHDNET/LXzhFTfkVs8XYIh96pBV5izhVTPEmMrTk4Dmd1OkNi9sr1CVpYUn/abAjrt
;s1aNwyofGYQFsjVTUodfW4mWWLtwugYQFhTccJsA7TeozxeYMQjWTx5nqcsPh4UHVUtPYGjkSRyBz4e
;rgUBgsW+LmhgyQVaIkmauiEjH0t1O0tU7c/ODkJiRXquBGfrt81aN0jofC1QFum3Ij4Pe3EKQVz4xuM
;iQXdFe8oFZuu3zVo3DOw8P0MW6dUqKwtLejxBUd7O+BNta0VwyXEP67bNWjcMqHw/UBbF1U1KHHVsCk
;tU7c/ODltpR3LLWgKTw78vRGXHEmAzeYSlKCQIdWg8QlPe0fAJW2ggH64FZ+u3TQp3DIt8P1BxiKUSL
;BJ4cApeVO/E/RhtYlhq3HAUgtijBUVt3BVQD3uIrU1LexQcVS096OORXjIHIHnPdTiN3qE2aH/BElg8
;c7awNT4JYW88QlPe0fAJW2h/c8drZ+q3zVo3DCg8f1AJ6dVNLRpkQzNEUe384hRcYEx78WAfn8W4KV5
;jxiNMIHOMsU1LexQcVS09uOORczIHIHnPdTiN3qE2aH/YGVo0FujVTUp7FBwbbT2Ro5F9VWRPestaE5
;LHqAVeYswZR1AX6dVNSnsUHFUtMoGjkRpeaEJ/wloIjdG+P0NT0Hw+UBbp1U1KexQcWi09gcT9ElBmT
;EHBYwGY0rkFTgypfD9QFunVTUp7GxxVLVrtzPMcXlhPeMh2Ap/ot1o2DKh8P1AW6dVNX3sUHD1IXPXK
;/xptZE97yGMOiN6oNENTyXw+qmiDaTnZE6scQC09gcv0HEZuTnnxZgiO0aszVGXNEksPdOnUTUp7FBx
;VLX2BtpF9Mm9Ff9psCYzorjVSas4VXDlzh6ESKXsVHFUtPYGj3z0yGyAerm0CisOkNFBT3BVSNUmMpj
;kjFnVoPEJT3tfoDVcHIR6uBWfrt81aNxmofD84c4ihODokc386SVje0PQMR2JOfcsFZuu3zVo3DKh8P
;3AW6dUkJB19cDlyXOXC4QlbcUVBx2sBgtuhBUVt3BVQD3uIrU1LexQcVS09v+ORXTIHIHfAYw6H25I7
;U23YCFYmc7a8IywSeHAKX1z1yv4iX25OHq8FZ+u3zVojTKhjP1AWgLsrIxd4QzRJXPHX+AtXWElwwGA
;VtNK1KlZi2xVQPhboT9TT4o2FvBI9l6ORfVtpRnfCaTiK06wqQ2XeGWA8d5CwPzl7FRxVLT2Bo4U9Mh
;0gHq5sCY3eoTZobcwdTyR/n7ASOB5waTZZVO7N4n0zByAergVn6/fNQzcMqBVRNn+FuRIrH3VsIURL5
;PzmFFZzSEHDbAnrts1aNwyofDcQFvLVTUoSeno8QVHewv8eWmhSQcJgCYzDpQVRbcsIUCIW6NVNSnsU
;HFUtPY6jkX1baUZ3wmk4isWoO2hhwRI/URbp1U1KexQcVTE9gaP4E1RuTHLxdheKxb4/aG/HEV05eIy
;KISsCcW4mLTyBo5F9MgfQIa4ZZ+u3pDRRZcQQYDVunac4ORJ7cgpaVOXX+SJAZlR3wQVm67fNWjeM/j
;w/RBbp1SQkHX1wOXJb6M/wEFdpVEHIaQict8xaNwyofL8GVunaTUp7fXIzRFHt/P4bVHRFavF9Z+q3z
;Vo3DKh8P1AZ6dVNIxVydTlBYu7F9w5Xc39nrgRn67fNWjcMqHwzUBbpsyQmF0tzI0hP7cLhfTMHIB6u
;BWf7981WNwyoGlY8eraxKCQIfWgsLTyBo5F9MgcEXq4IZ+u3pDRRZcQQYCN+jLkhOXsVHFUtPYGjkX0
;yCyAermwJjd6hNmh/2BlaNBbo1U1KexQcG209kaORfVtpRnfCaTic3qkuX1PFFVFQF3NM1NPijbVqLR
;mBo5EUXGlFbPFnFYLTqjNZa/cZRyRknKYkJRVLazxJSen84xxGbk8erwVn67fNWm5MqGs/UBaAuyMvC
;Ut+J0RZ5sr/Gm1hTHHZdwaf0s1bNwyofD9QT6nVWUp7FHU7Q1jz/PMPW2NHd8BiOJjHqD9TDKl8P1AW
;6dUDCns1HFUtVO/Q9Altbk5wy3c4js+5KEJ/wRNRD2GAsTkiJGZ9IURSgaKRfTIHIB73RWf/t81aXmL
;bGUsPf4e7KDgkcnA6Wk/g1/R9MwcgHq4F5733zVY3DKgVUSNzna0SOQtxeTEtPIGjkX0yB2ReriRn67
;ekNERp3CNQJWKMpxIvA2BuIF5U7s3OCltjVHbxdwaf3qJaNgyofD9QFrCVTV57FBw8Q07k184SR3NFb
;PFjC4TAvztDaah9P1AW6dVNEzsUEFUtPejN4hhGN39t3mACj7fMWjcMqHy/EVbpy01Ke31yIUhP7czy
;FltpR0HMahKF06woTlPMFUwkd4e2KEp6FBxVLT2Bo9F9JQcgHsdrE47FoTVUZ8ESWA91jLkhFRp6ezl
;IPYCjkX0yB6Ao7gV/67fNM1l4zQ5TP3WCvCMtJHd5OUFi7cLoGEB0IB+uBWfrt81adwy/fD9Qf4ehKD
;gXe38+RFPm/PIYXmt/acdhE4O3zMCulTHlprkp6cdNSnt9ciFIT+3M8hZbaUdBymAXn9/NWzcMqHw/U
;Bap1UBKexR1J0JT6M32IlNpR3LLBWbrt81aN4z+PD9AFunVJDgUenU7SmLnz/4KQGZUe64EZ+u3zVo3
;GOh8MlAW6bw/JRV9cjJyVO/Q9AkyBrqHN5z+cn7yWiIMqHxWInmHvCMtJHh1O0hi5criCVNpQ3uuBGf
;rt81aNwyofDJQFum8PyUVfXIyck7xxvQZMgYgHq4FZ+uTjVo8DKh8VTVkgoovJQ9gczgtPIGjkX0yBz
;RerhZn67enP0Vn9x5QJGKGuBI5DmZ6NE5YgaKRfTIHIB66RWf7t81aXWnaF2A2f5umORUXdWUwXz2Ao
;5F9MgcgCu4FbOu3zTBSfsMjVj5wgLkhSnoUHFUtPYG30X0iByAexGAVgOikNERp3CNWPniMp01LexQc
;VS09leORbTIHIHTLdwy03qMpUnj3E0okc5vVTEp7FBxVLSnBo5t9MgdKe9xuOJvFpDRDDKl8P1AW6dV
;ZCnsYHFUtV+TR+iJBclBuwXcT67bNWjcMqHwrEBbh1U1KEXFuPnJJ7tORfDIHIB6uBXOrt91aNwzCGU
;07SZ26PRUIYW4zTF7ko5B9MgcgHq4RJ+u8zVo3Zs0OVA9im7Q7LxcUHVUtPYGjkWlyBysergUXmd6jL
;mh/2BlaNBbo1U1KexQcEW09jaORfV5mWXvcWg+O3qoyQwypTwxjJdrmnnV7MhxVLVHg2vQPbW9Fd8lt
;E7TWqTtHeMEKWg97iK0SIh59ez1ZYvPC5RRdByEergVn67eDGjcqqHw/PHeQsD8VE3F1MkVJ3sL1HEJ
;zSWjLWgqC2ZIyUmXPFEsPZIihJCV7FRxVLT2Bo6g9MiQgHq5pBpLSvwVfacEbVyRJiLEsOg99ajByTu
;DO4RFbaUdB3XECm7fMISOi751F1Cnp/k1Ke3h9LEhP3sv0FFVvVEHPYQabw6QsUlPbCFogeZ+wPxUZe
;2ghQlDe0fAJW2ggH64FZ+u3zRN3DIB8P1B6iKwoOCR8eTxKVfX88BlTd1R32GA4mMOoKlh6zQ5gJHmZ
;ij8rD31zVSw9gaORfTJOYB65BWfr26wjUn73EVoicYyKLiYUZ3kKS1zixuJ9M525hzec/lKIzUI3DKg
;QXilzm4o+Lxx5eTtZYu3G/xpGb39zx2tn6i1Uw66VMcUAUB3p1U09GnhwCl5V5M/9DjIGIB6uBWfrp4
;1aIwyofFMxb4ynEjkTcXA5XmLu1fQPXmZQHq8FZ+u3zVp+TKhRP1AWhbQ0LwlLbyFMT/X84RJbaVRB3
;WYGmdGSMFhlxghgMXiOuSgVD3xuMF5V7s/1fTMHIB6uBQeI981+NwyoEF4pc5uKPj4aZmgKXVLozeUi
;QWRBbMhaDYTeoy5oYM0SWCR+6dRNSnsUHFUZfYGKkX0ya0Fny3c4mMOsKENT2BNWPmK2pi4rCXJDP0J
;U79fODkJiRXrxdwaf3qJaNgyofD9QFrCVTXp7FBw5TETk0c4ORmZSavF1CILZuQVEb8kOWQ98hrwjPi
;RnaDRfSd7L9BRVb1RB3GQTgtjNWzcMqHw/UBbp1W5KexRwNFRY8/ziCVN1VEHeag6Fw5IpVG3aGmA6e
;YC7ORUIYHklXj2Ao5F9MgcgOu4Fcuu3zTZWdc0OYCNiiKc5OhR9ciFySfjT9H0zByAergVn4/fNSTcM
;qBpWKHONiiErAnFuCl5J4NHlIkoHIR6uBWfrt81aNx+ofD82f5GwKRUXdWUwX2Ly1/APRlhZHq8FZ+u
;3zVo3DKhjP1AWhLQ5FRh7cjMcYufK/RxfYk5q8WYIhseoNERt3BVQPhbo1U1KexScAm09m6ORfV9mVE
;HNagmNhpI8XmDJEVo+YraxKCQIfWgsLTyBo5F9MmezXq4eZ+u3oDtDU8sTUTYntrMkJhp5eTtZYuXK8
;BBXc0VsrgRn67fNWjfwl3wkUBbpuCw+JHdzO0sM3sX4EVNqRXDaWheZ3q4/aG/GfD5QFunVTaoTVBxO
;LT2BzvAJbWRPcMg0OI3eoTtaacYIYCBkgLYoFRFkHFQtPYGjkfWBRyACrgVnhta5BVRjxhoOD3CAuSw
;nHnpoCl1P6MD0IlloUh6vBWfrt80a6EyoZz9QFoS0ORUYe3IzHGLnyv0cX2JOavF1FYLUqAVCf6h9P1
;AWSaWwcjsUMFUtPezC5SJRaE54n1oBgtusN1Ji3CNMNWKdvCMtCEt6PEFc7Mb/CW1jRXDdbBOSt8xaN
;wyofF/DVun4TUp7eX0hcl7uzfdMbWFJcs9oAoXDkilSeNwVUTdltrMkJhp5eTtZYuXK8BBXc0VsrgRn
;67fNWjfwl3wSUBbpuCw+JHdzO0sM3sX4EVNqRXDaWhSOw7kzWWvbI1k5eoi4KCQPS3o5QkrzwuUYMgY
;gHq4FZ2vgjVodDKh8UjFitrYiJB0lQzNEUeDO9BNGWFN72nEOhdC+BVFlxB1SNXidij04End5VSw9ga
;MxDc8/YB6ABWfr2qwuaG/HEllhSY+8ISsWcXIhck7k1+UUXGBTQchsC4raqDRDU94ZTTlwkIokLnsVH
;FUtPQEzUj0yGyAermgGn+iuNVlqmSNZOXqIuCgkD0tqMF9U59rOFFYHIR6uBWdrJw4aNxOofD89d52K
;LiUVci4KS1TtwvwYXHN/fcFoF47ZvjtDZccSP1EW6dVNSvtDXFU3PYGj/BxGWENxwGNVtNGkNlZhzRJ
;LD3KMuz4jD20cVC09gaORHaFHIAWuBWeG1rkFVGPGGg0PcIC5LCceemgKSVTgzvQJV3UgH64FZ+u3za
;YIDLN8P1B7iKESKRR6emdyW+jP8BBXaVRB3ncOiNKSOVkMqXw/UBbpNSUKew8cVS1Q4NfOHl1pRizxY
;w6H1qA/WXj3DE05dYyKJzp7FRxVLT2BKyI9MhsgHq5oBp/orjVZapojWTl6iLgoJA9LbCdEXuT8+hJA
;ByEergVn6/cSGjcXqHw/PXedii4lFXIuCktU7cL8GFxzf27cbASO6LgpNw2ofD/wZhTtDUpXFBxVQFz
;1/PISXGESQchsC4raqDRDU9sZSyR/h7I+FR19cDRAWO/XzhlXaVN32nxn6rfNWjcMyO9/UDvp1U0nGm
;BDNkJT55HOG1trQXPLaxO0xKguQ2XGG0wPcIC5LCceemgKSVTgzvQJV3UgH64FZ+u3zaYIDIV8P1B7i
;KESKRR6emdyW+jP8BBXaVRB3WATn96jPURTzhVTMXuMuzkVHXhzIl9c9caRfDIHIB6uhTCrt+daNwzF
;HUsPdYa7K3gkcnU5TFDkzeUiQWJUasdrAJjoqzNbbcUZUSRJmackKR4UHVUtPSHTbEVyBw4ergUKisO
;SOVhizk5gNn+FtCAvFWBDJkhJ9cr/GkFYRnfCZAqO2bkFQWnaFVkpSYCxTUt7FBxVra1C45FhMgcgc8
;9xOIjYozwFU84VUzF7jLs5FQ1xbjxLRN7K9X0zByAeroX3KPfNTTcMqBFeJHObvCwmJGd/NEFY3sXwH
;kZoUkHWBWbrt81aNwzxPD9HFunVICsPcW48TFHe0PIcXmJ/eM9mE4TFkiM3Dah8P1AW6YwNSmwUHFVA
;XPXG4xRTa39tzWQLjuirO1R4xw5gKhbo1U1KexQcDG09lKORfV9mWEHYague2qguRWXLI0wgc4yxfEp
;6FBxVLT2Bo5F9JwcgHsNkH7TBojZCYc0ITTl1tqY9Lx5wLlUsPYGjkX0yByAeswVn69qiPlJg9wxNNX
;WApigVAUt0MERa6dfOEVN+RWzdBWbrt81aNwy8PD9bFunVIyUBbnAwck7o2fR9MwcgHg6c/jKIzVQ3D
;KgLXjx6tqElIxh/cjBeToGiC+SrnrmHRzpn+bfNWkR52AxQImK2rxIuEmdoNENe5KOQTgE0Ey2dxljr
;os1aN2PeGU04d4eyEjkTcXA5XmLgzfYRVwchHq4FZ+u38xo3Fah8Pz9gjKclKxVzQyZFWO3P4iJUZk5
;B3XUCjtPNWzcMqHw/UE+p1VVKexRzI0hP6cL/Gm10SHvCaRS00aE1QH7JCFpQF+nVTUp7FEUVLSiBo5
;ESRGJSds9rALTEpT9bYNsjTCBzjLFNS3sUHFUtPcjjkWwyByBu3GAUmMK/P2htzApePnWM5E1LexQcV
;S09gaORbDIHIG7cYBSYwr8/aG3MCl4+dYznTUt7FBxVLT2Bo5FlMgcgbtxgFJjCvz9obcwKXj51jIok
;JB19cDkcPYCjkX0yByAergV/67fNKkVp2w9KInO2tCk8Gnp/MHJU78X4EV41IB+uBWfrt81aNwy1fD9
;QZpuwPjkOZnkKTFn3wv8eV1hJcN1gE7TeozRSfpl8PlAW6dVNSnsUHEgtPYHT4xhBdFVsy1oGj8GsNF
;Rp9xVRI3OdiiQkFXFuZy08gaORfTIHIB6uGGfrt70oUn/bCU01SYixOysVd3kKRFPyxuUiXXJUe9w0Z
;+q3zVo3DKh8P1AL6dVNOglxbyZYT+T88BlEZk59y1oOhcSoLmhj3QhaIiTp1E1KexQcVS09gb6RfTJ3
;UnvddhKZ0pI7U3rJElw1SZ26PRUIYW4zTF7kkpF8MgcgHq4FZ+u30Fo3DNgOWiNlnKcoFRpwajRDXuT
;85RJCWFNr3GMGiNL/WjYMqHw/UBbp1U1mexQcJV9U79f0D21kT3DIWgKTw78vU2naTWAzeoy0PysVd3
;kKT1ziyM4SVGFTe9oFZuu3zVo3DKh8P3kW6dU9OBJ6aDBfYuLM/xttYlhq3HADjsX8BVRgzR1NMXiKs
;BIvA2BuIElY86OQfTIHIB6uBWfrms1aN3zaFVEkc5uKLiUVckMwVUnz1vUYQDZ/fcJgBpnWozlSU84O
;UD5itrorLAhxaFUsPYGjkX0yByAeggVn68e/M1l4zQ5gM3mHsxIvA2BuIElY85LOHl5iQWzPawSO6KE
;/UXj3E1k2ZYyhTUt7FBxVLT2Bo5FQMgcgbtxsCZ/SvwVUY8YaYDVunac4Lh5mLQpOUeTC4xxcZEVB3G
;wAg8OSNVFq2xlLUBfp1U1KexQcVS0NgaORDUBuTmrLdziI2KM8aGnQCE0lcoynfBUYYW8hQlDe0+MUX
;HNBfMJgOJnSqjNYYvcEP1EW6dVNSnsUHFUZPYGj4Q9baVR73FoEhNmrBVJ03A5KNHOb5BIpDmdoOkBi
;8dH4E0ZmQnLLWhWO0KQ1WVPQD1Yqc+nUTUp7FBzVRn2Bk5F9MndSd8BxApnorjVZavcZRyRknLEoOEp
;LfyBeSe7Ozg1Abk5qz2cLjui/P1BlxxJgKRbo1U1KexQcVS09taORfUJ1SXDaYBW01KI0UVPNBEsiY4
;2wP3skd2kmWVLs/OEPW2lUf8xpArTFqD1eY8YjRiN/k7BNS3sUHFUtverjkVEyByBu3GwJn9K/BVRjx
;hpgNW6dpzguHmYuCk5R5MLjHFxkRUHMZASA6KI8UX/NCD9RFunVTUp7FBxVBD2Bo+EPW2lUe9xaBITZ
;qwVSdNwOSjRzm+cSKRdxfSdMU+LGzhhKc1JrymAV67bNWjcMqHzPbxbE1U1KC2Z1O1lY8/zyElxhf3v
;WcRWe06goBVPLEFoxZIi7Li8kcm46Q0nezPcbQWJUHq8FZ+u3zVo3DKhQP1AWmackJA9xbgpOUu/Fzh
;hKc1JrymAV2eiuNlJt2h1RM3O2uSgsD0tzM0tO5NeRfDIHIB6uBWfrt+BaNwzYDlY+YoynEikUenoKS
;EX10eQZV3USQc1pAorFrDRUafcOVjd+nYoiLB1neSEtPIGjkX0yByAerjVn67e9KF5i3BlND3WGuysV
;HmxoJ1hZ5NGjIlFyU2rBaDibxaQ0Q23KEFoPZIyyJCUVS2RVLD2Bo5F9MgcgHpoFZ+vHvzNZeM0OYDN
;5h7MSLwNgbiBJWPORzh5HdFRxw1oXmd6jLlZuxBlgInOOvCIkJGxvPFdYgaKRfTIHIB6uBWfbt81aR3
;7BEks1ZLa2IiQdS3ktWU/0x/QPAFhDa91xCIbovSheYtwdXTxztqcoLRJ7cgpUPYCjkX0yByAergVT6
;7fNKkVlxghaIkmKuiMsJHFkIV9I5cbjT21kVW3aagq0x78zWXjJHlM1SZuwKiMUekMsXlT7xpF8Mgcg
;Hq4FZ+u311o3DNgOVj5ijKcSKRR6egpKXO/X4wRtb0V3yW0T67bNWjcMqHw/UBb01U1KC2Z1O1lY8/z
;yElxhf3PPZg+C2agFVW3dGE0xYozVTEp7FBxVDTHAo499MgdQbMdrE47FkjlYYs4jUjF1gbwjLyR2eT
;FyTunC4RgyBiAergVn67fNWhYMqHxPIn+HoSg4JHdzO0ti7MLyFVtpRUHMYAO0w6g3R1PFHUdQF+nVT
;Up7lEcVLRuBo5ENQG5Oast3OIjYozxoYckfVzl4jIovLxdgQzJMU/XR6CJTaUdyywVm67fNWjeM7jw/
;cxbp1T04EnpoMF9i4sz/G21qQX3GbAmO6K41WnzNEkwxYoC6IxUDFB1VLT2Bo5EkcgcDHq4FF5neoy5
;SfvcfUD5wtrgsKRN9cjByXu7O4RhcdEFqx2oJtM7NWzcMqHw/UE+p1WJKexRsJ0RT9cbjIlFoTnjxaA
;aI36Q0UlPMHUsxSY+8IS8kYHQgQF/vwvgRbW9Fd8ltE+u2zVo3DKh8uxAWx9VNSgtmdTtZWPP88hJcY
;X9zz2YPgtmoBVNt3B1gNn+FsBI+E2FxN0Nc6M/OCltjVHauBGfrt81aN4jofCVQFumlPyMVYHkncl7u
;zfciX2ZDdsdrArTTpDdodKh9P1AW6dUNJTsUBlUtPfHR+BNGYlJBzWoJjeigO1RkwRJaD3KAuBIzexU
;cVS09geP+PTIdIB6udRWC2bk/RVPLE1E2SYS0LiISenkKSVTs/Ot9MwcgHq4FJ4T3zXM3DKgMTTl4nb
;A/FRh7cjNyUODA+RRcYn96x3YTitmuP2hq2hNSD3SGpykvCRQdVS09gaOReXIHAR6uBReZ3qMuUn73H
;1A+cLa4LCkTfXIwclj51+MIVmJSQcBwCuu2zVo3DKh8z28WztVNSgtmdTtZWPP88hJcYX9zz2YPgtmo
;BVJ03A5KNHObiiIsHWd5IXJFs6OQfTIHIB6uPCfrkM1aN3zaFVEkc5uKLiUVckM4TF7pyv8YbWJYatx
;wA47FkjVRatsZSw9v29VMSnsUHFUtPYGjjn0yB1Bsx2sTjsWSOVhiziNSMXWBvCMvJHJ1OUxQ5M3lIg
;MHIR6uBWfrt80aNxOofD8gZIC7OS8JS386Q1vezvAeWm5Oe/FjDofWoD9ZePdOP1EW6dVNSnsUXFUdP
;YGj4Q9baVR73FoEhNmrBVptyxRWPnO2syQ4FmN9J0hi4MDyGF5iUn/abAiF6KgFWm3QfD5QFunVTcK4
;VBxmLT2B0+MUXHNFbPFmCIXRkjdWb8AVUTVJj7w/Jwx1bjByXOLA9BFXdUFqx2oJtMe/M1l4wRJYUBf
;p1U1Ke1STFS0PgaORDUBuTmrLdziI2KM8aGHJH1c5eIyKKyMJeWs0X1jewvIeV2tFbM9xDoTZkihSeN
;odXCQW6NVNSnsUbPJtPbCjkX1CdUlw2mAVtNSiNFFTxR1cOH+HsBIsEmZxIkxP5PzwHlFiTHvcZBOC2
;KMFQ37JClo8FujVTUp7FFzabT2xo5F9QnVJcNpgFbTUojRRU8UdXDh/h7ASLBJmcSJMT+T88B5RYkx7
;3GQTgtijBU9TxR1HUBfp1U1Ke4DdFS0NgaORDUBuTmrLdziI2KM8aGHJH1c5eIyKKyMJeWs0X1jewvI
;eV2tFbM9xDoTZkiNoYckEP1EW6dVNSu/VXFUdPYGj4Q9baVR73FoEhNmrBVptyxRWPnO2syQ4FmN9J0
;hi4MDyGF5iUn/abAiF6LcFWm3QfD5QFunVTUoiVBx5LT2B0+MUXHNFbPFmCIXRkjdWb8AVUTVJj7w/J
;wx1bjByW+TG9Q9Tc0VBy1oKis/NWzcMqHw/UC+p1WFKexRsJ0RT9cbjIlFoTnjxaAaI36Q0UlPOFU09
;YYinKBUdcXkxX1z1xs4FbWpBZq4EZ+u3zVr3fuh8E1AW6aU/IxVgeSdyXu7N9yJfZkN2x2sCtNGkKFp
;7yQ5aD3CMsCk4GmB5ClRi7MLpfTMHIB6uBaeZ9812NwyoDE05eJ2wPxUYe3IzclDgwPkUXGJ/eMd3Cp
;zWvz9oas0ZWyJ3nbASMCR5fS0tPIGjkX0yBzReriFn67e9KF5i3BlND3WGuysVFnV/PURT5Pz3FEBqV
;3/cYDiB0r8xaGmofT9QFunVTV47FDhVLT3x0fgTRmJSQc1qCY3ooDtUZMESWg9wgKcgPRpmeQpHWPPI
;zgUyBiAergVn65+NWhMMqHxPIn+HoSg4JHdzO0ti7MLyFVtpRUHIbBWGwKwoUlPCGU07SZDVTEp7FBx
;VLRXBo7V9MgdQbMdrE47FkjlYYs4jUjF1gbwjLyRydSdASuDR9CJYYlJ18X9n6i1Uw66VMaUAUDfp1U
;06CX1yIUhP3sD+E1RYTX/NbQ6F0pI9VGPMGWAxdZ28IiR7FRxVLT2Bo5F9MiwgHq51FYLZuT9FU8sTU
;TZJhLQuIhJ6eQpKXu7H9CJGb1VzzGsGgtuSMlJlzxRLUBfp1U1KexR1FS0XgaORDUBuTmrLdziI2KM8
;aGHJH1c5eIyKKikUcHkKWVX0zvMTU25MQdlsA5/fzVs3DKh8P1B/qdVhSnsUbCdEU/XG4yJRaE548Wg
;GiN+kNFJTxB1MJEmcpSElGnBDJkhP98bjIkZ+UHuuBGfrt81aNwyofBtQFumlPyMVYHkncl7uzfciX2
;ZDdsdrArTZoiBNYM0jWzl3hLA5LwkUHVUtPSE6CKQNBwYergUXmd6jLlJ+9x9QPnC2uCwpE31yMHJT7
;tnrEVdYRHfPaAKf0r8FBQypfD9QtnBMlHV7MhxVLU3zyv8JV3V/fcFrAbTarDlfZcYZYD55k68hLyRg
;eThdYuzC6SIDByEergVn69e+GjcqqHw/IGSAuzkvCUt/OkNb3s7wHlpuTnvxawiRzaE/aHjNEU8Pe4i
;tEnh7FRxVLT2Bw+I9MhggHq51FYLZuT9FU8sTUTZJhLQuIhJ6eQpdT+jN5SJfaER7rgRn67fNWjcMqH
;wRUBbppT8jFWB5J3Je7s33Il9mQ3bHawK0x781WnzcI0ojc7anLCwPS2g9X1jyy/4RVgchHq4FZ+t3r
;xo3Fqh8PyBkgLs5LwlLfzpDW97O8B5abk578XYTjseoWjYMqHw/UBbp1U1lexQcJV9U79f0D21kT3DI
;WgqK1KUzWWn3ClYiYpy0IRUebGgnWFnk0c4SVGFTe9paH9m3zFo3DKh8P2lW6fpNSntkbjxDSeTRzh5
;daUZBw2QEg96jP2h6wQ5LJXeFiigyD2ZpMUhP3sz3G0FiVEHXN2fqt81aNwyofD9QHenVTTgacmgKTF
;TzxPANMgYTLZ02VNh08lokDKh8TTFwnYovKwhxQzlEU+TU+BlGbyAfNJz+ci5UswgMt3w/UGSIszkVG
;XVvMHJY+dfjCEFuT3Dxcg6Pw6UFRW3cFVBQF+nVTUp7FHUVLSuBo5EPU2FUQcxkFI7opDRRZcQQYDF4
;jrkoSnoUHFUtPYGjkX0kByAe3GQBn+ivO0Rp9xVRNn+FuRI4GmB1Oi08gaORfTKHYF6uFmfrt787UXj
;3Hl4jc7ahJSMYf3IwXk6BopF9MgcgHk46Z/u3zVpFbc4IYDJ3mrASJhpteSdePYCjkX0yByAe7gV267
;fNKFZq3CNTOXiMij46Gnd1O0o9gKORfTIHIBbuBWjrt80oVmrcI10xZYyKPjoecXhVLD2Bo5F9MidgH
;rYFZ+vFrDxDU8ESSzVkj7QuLyR4dTtISujH5RUyBhMtnTZU2FTyWhMMqHxNMXCdiiQkD3FuM0xe5Pz0
;BUZ1VW3Hagm0wKQ+Q2T3Dl4kf4bVTEp7FBxV7V/Bo4p9MgdSf8hxOILZuT9FaskfWg9/h7MkJhdLfTt
;KUeSjkH0yByAeLlMn66zNWjd+yRpLD3+HoSg4HXV/MHJU78X4EV5YUn/abAjrts1aNwyofHYQFvHVTU
;oJdXohclTv1/QPVGZDe/FxD4LUpjRSf9t8PgKu91CmG6MrHEAtPYHR8BtGWElw2mAVjdauP2hgyQVaI
;mXp1E1KexQcVd0CgbWRfTJ1QXjaWg6Fw6goUW3LGWAjZoi2JCQcFB1VLT2Bo5GNDQc0Hq4FFYrRuQVe
;YtwZTTZ3irASOQtxeTEtPIGjkX0yBx5erg5n67e/O1F49xFeInGAu01LexQcVS09leORazIHIGzPYxO
;0xLgoUW3LGWA8f4ewOiMfYHRVLKcYOgjkq94fHowFZ+vFrDxDU9sJTTZ3irASLwNgbiBeVO7NzgpbY1
;R28XcGn96iWjYMqHw/UBawlU1fexQcJ0xb9fziCEBhQX3LWgGH2LooVnjNfD5QFunVTeoeVBxMLT2B0
;fAbRlhTa9xjBojSkjNZasEQUw93h7IhL3sVHFUtPYGjrz0yESAerncGjcOSKUJ+zh1cNUmPvCEmJGZ9
;IUg9gKORfTIHYEvuBXHrt80oVmrcI0wlZI+0Li8kYHQ8TlbvxuIOMgYJQiHHksN78lokDKh8TTFwnYo
;+PwlyfTZIYu3C6BhAdCAfrgVn67fNWncMvHw/UGSIszkVCGFuM0xe5PziDVNkSXDJBWbhYG4qCgZ/Qz
;9CFunVPysdYEMmWE/nwvIYbXRQe8thZ+q3zVo3DKgyf1AC6dVNOBpyaApZT+DV9BFtf1lB3XUCjtPNW
;zcMqHw/EEap1VlKexRuMF5J4NHlIld/VGzPWgaG2Lg0QwypfD9QFunVTUp7AhxVLU/k0OUcQHN/e9Zx
;FYrorDdYecYIYGIW6NVNSnsUHFUtPYyjkX1AYlNqz3cTtMS9P1JoqH0/UBbp1U1zOxQTVS0988biCVN
;1VEHddQKO05JoNw2ofD9QFunsDUpqFBxVX1j10fAeRm5PcPFkCoTCoy43Dah8P1AW6d0NSmgUHFVfWP
;XR8B5Gbk9w8WQKhMKjLmg+qH0/UBbp1U1COxQLVS0988blD1NkVHfBaziPwr8zWWv3C1Ygc9vVTEp7F
;BxVLT2Bo7Z9MgdSe9p3BojDpDVZU80SXjJ6jIoiPw9ndTFIYuPM5Qldan9yz3wCmcTNWzcMqHw/UObW
;1WlKexRuMFlP4MDlFF1pf3vAZAWH0pI1QnjbFVs1SZ26PRUXdWUwX06BopF9MgcgHq5FZ/e3zVpFadw
;OXjNigLojFRZ9cjxAXO389AVGdVVtx2oJ67a2TplLSQarbxb31U1KCXFoJ0xe9cr+E21qSXDHaAaH6K
;giQ37dD1Y/eLbnTUsAALISzEcVnJFoMgcgbMtxFYrUuTNYYvcRVj5JnacsPB54HFQtPYGjkX0mRyAJr
;gVnmdK5KFZv3BVQPkmEvCMVD2Z9I0hR3pGRfDIHIB6uBXOrt91aNwzaGUsid4qhJCUVS28lSFjlo5B9
;MgcgHq5BJ+ulzVo3fs0ITTF1nbwiJCRnbDBIWd6RkXwyByAergUjq7fDWjcM2hlLIneKoSQlFUt0Ol0
;9gDkI5KueudeRBXfrt80oUnjaHVwkf4a7EiIUZENnLTwbOgjkq57pIa4fZ+u3vz9DfskfSzl5h4o3Ih
;RkQzZCU+XK5RRdaREerwVn67fNWjcMqGY/UBabsDk4GndoPEJT3tn5EkJYQ3HAYQ6f3qI0BQypfD9QF
;unVTUp7BxxVLU7kwP4TVlhMf9dgFbTNkjZeatx8PlAW6dVNSnsUHEctPYHQ+Rhea393wGMOh9uSNUVo
;zQ4/URbp1U1KexxcVSE9gaPiFlt1VEHCZB6Oxb5aNgyofD9QFhnqTVp7FBwmRlTz184RV2lHasZaCoL
;ZzVs3DKh8P1AW6dVdSnsUbz5ET/X8/RRcYn99wXAJn7fMWjcMqHw/UFbpwU1Ke2d3PF9J3s74E1tqQX
;LxaQKF0LkyNw2ofD9QFim3DUpyFBxVXlbo0eUiVWZQHq9+c0XwLCCzM6h3P1AWmr4kOA9LbyVIWOWjk
;H0yByAerisn663NWjd/xBNID3KGoiMVHX1uJlli58bmIl5mWXvcdmfqt81aNwyodH9QC+nVTTkXZ0M0
;RE/ezv4ZV1hFZsZkEpjDkipFadsPSiJz6dRNSnsUHFUZfYG/kX0ydExt8WQOmeigNVNp9wxTNXicuBI
;6CXFvJlhP5KOQfTIHIB6uISfrkM1aN3/ED2AyeZ2hIickZ2knS1zixs4eXWlUcdt3OIjYvzRSfvcYWj
;x3kNVMSnsUHFUtZMGjun0yB1Ny3VoFhMO5NVpT2wlNNneKsBIpFHpoOlhP3sb/GW1kT3PeYAmY1rkzW
;GKofT9QFunVTUp7FDhVLT3yz+IiUGhUasFoOJjCvzxWb80jXD94nbo4OCRxcjFyWeTP8AQyBiAergVn
;67fNWh0MqHxMPGW2tyI+D3txCl5I88XwHldYQ3HAcQiexZI2Vn/NDmA/cI+KKS8XdWVVLD2Bo5F9Ml5
;gHocFZ+vEoSlobscISz97tqY4OB11fzByXu7N5RJHdX9yz3YCmeiiNGhozRBeKRbo1U1KexQcVS09p6
;ORfUFrU0HMahOf2KAFRHnaGl4zc7a2IiQPe2knclHg0PQPbXdPact3Z+q3zVo3DKg1f1A+6dVNORdnQ
;zdCSfXM/CJBclJ4z2YCtNSiNENj3Q5gPH+HsBIuEmdoNENe5KOQ56ueuYc3vFjrl81aN3/ED2AyeZ2h
;IickZ2knS1zixs4eXWlUcdt3OIfYoipEDKl8P1AW6dW9dXs1HFUtTu3Qzh9dc1Rxw1oUnsWrO1Rp9x9
;QPmKGoD8VFHJ6JkhJgaLqaZxAwWQaumfCt81aRGDbI10/Yp26IBUIYW4zTF7k/PISXHNPa9xaFIjWoz
;ReYs8jXD9jh6FNS3sUHFUtPXGckVQyByBtwnY4idi5Llhh9w9KInCItigVGHtyIUJI8/ziHlNpTnfAY
;jiYx6g/UwypfD9QFumZkAp7ORxVLU7t0M4fXXNUccNaFJ7FqztUafcfUD5ihqA/FQ97QzxDW+jP/SJW
;blNqz2sEjrfMISOi751F9Cnp801Ke2dwJnJf7tflEl9YU2vcYwaI0pIzWWrBEFMPdYanIy8JS3gwQVz
;4o5B9MgcgHq5cJ+udzVo3f8QPYDJ5naEiJyRnaSdLXOLGzhRcYUlywloChdOSOVhh2BlRI3edvCIkex
;UcVS09gaORfTIkIB6udguY6K81Q3jHEWAjY5uzLCkeS3U7S1Ttz84YXGN/estpBpK3zFo3DKh8P1AW6
;fxNSntncCZyX+7X5RJfWFNr3GMGiNKSM1lqwRBTD3qIpig4JHt6M3JZ5M/wBDIGIB6uBWfr7o1aHwyo
;fEw8Zba3Ij4Pe3EKXkjzxfAeV1hJcMhsC4fooTtEadojUD5JjbAhKwIUHVUtPYGjkX0yBwUergUUh8S
;SOFh43BNSD2WcpysrGHFDPENb6M/9Il5mU3vcWheEwKgoNw2ofD9QFumcDUpcFBxVXlHy/PMSRnNPc/
;F2EpnRrDlSU8ESWTl6hYohIxVxQzFETvXC/x5XByGEN5z+ci50ZTctqHw/I3qaii8lD2BzOHJO9NH3H
;FFif3fAYw6H25I1QWnaEF4gFujVTUp7FBxVLT2po5F9QWtTQcxqE5/YoAVEedoaXjNztrwjLBJ4cApe
;XuDN/xRcYH99wXAJn7fMWjcMqHw/oCnp5U1Ke2dwJnJf7tflEl9YU2vcYwaI0pIzWWrBEFMPZYq0IyQ
;SensKTlL0zeUiUH5/csdrAuu2zVo3DKh8z28WwdVNSgh4bwpPUvXX/hBtdFVsyGQEjuikNFFlxBBgI3
;WIuyMjFXNDJl1Y5MeRfDIHIB6uSbqrt9RaNwzbEEwPdIahOSUWS28gX1vgwPQiXmZZe9x2Z+q3zVo3D
;Kh8P1AK6dVNORdnQzdCSfXM/CJBclJ4z2YCtMOlKFJ/wBNTNBbobVPPkEWk6xI9paORfUFrU0HMahOf
;2KAFRHnaGl4zc7ahIhUVe244TFHezOcYQGtBbq4EZ+u3zVo3DKh8FlAW6aYhOSR2cyFZUuz84ghAYUF
;9y1oThOi5NUdT2wlNNneKsBIlDXFuOUxNgaKRfTIHIB6uBWfzt81aRGDbI1w/eJ26ODgkd3MnQ1jz/P
;UYXmZZHq8FZ+u3zVpuTKhgP1AWmrk+FRh7ciFCSPP89BNWWENxw3UChcSsLl5jxnw+UBbp1U1KexQcQ
;C09gdD9Dm1kT3DaahKZ6Kg0U1PMGVMxb+nUTUp7FBxVLT2BuJF9MnRMbfFmCIXDoi9FU8QdTDVktror
;LCRweTlMRIGikX0yByAe90Vn8bfNWkRg2yNcP3idujg4JHh9JkhP3sz/IlZiTH/XBWbrt81aNwyofD9
;HFunVPiYIS386Q0nu1uMiXmZTe9xaF4TAqCg3Dah8P1AW6ZwNSmcUHFVeUfL88hJcc09r3FoLjtmqLl
;9T3BRNNWWBuiEuexWkS6jW0BtfQjIeIB6udguY6K41WXjHCU0PeoC7KBUffW8hTFPixpF8qJ65hzec3
;tS33Fo3DNsQTA91hrs5JQ5mQzlCUvHQkXwyByAergWX1LffWjcM2xBMD3WGuzklDmZDOktb8sblfTN8
;NLDp5B1fCM1ANwyoD1MjSYq6Iz4UYW4KXl7gzf8UXGB/fcFwCZ+3zFo3DKh8P6Ap6c9NSntncCZyXu7
;N5RJHdX9tzWQJhd6jPWh/2BlaNBbo1U1KexRQiG09n6ORfUFrU0HNagmf2LgoaHjHI1Y+cIC5IRUffW
;8hTFPixpF8SROOWU9/w9S34Vo3DNsQTA91hrohIxVzQzZUUejN9RhAWExx2WAVtN+oO0Np2iNSMW62u
;jg+C2FoVSw9gaORfbJRYB6CBWfrxKEpaG/HE1M5eI6KLjMXfXIxSE/e1uENV3V/dstkE47FkjdWdPcT
;SiRmnKFNS3sUHFUtvdfjkVsyByBtwnY4iNiiNl5izyNZInmHoRIjCUt0MExJ5NHOEFN/f3HbcReew81
;bNwyofD/QQKnVX0p7FG85XmLizP4RW2lHQcZgDozfuVo2DKh8P1AWzZVNUnsUHCZBTt7A/hJebk558W
;kGktK/BV9pwRtXJBbo5n55SCcvhhI9pqORfUFrU0HNagiH3qM9aGDNGksPcIywKRUTcX0hSE/ezvAFb
;WhVat5wE+u2zVo3DKj8aRAWzNVNSgh4bwpOUu7P+BNVWEx7yHE4gsWSMlJt3BlND3uIrRIlDmBsIFk9
;gKORfTIHoEjuBUPrt80pW3/3H1A/eoC7KhULfW8hQlPey/QcRmJSQcNkH7TYuC5Hedx8PlAW6dVNyi1
;UHHEtPYHQ/Q5tZE9xwmwJjOi9NUBozQ5gNnOMsSQkHEtoPEBY3sbnGFwHIR6uBWfrt81aNy+ofD8jep
;qKLiUUeHU7SmLxzOYZV3V/eMtgA4LZqgVDZcUZYD9yjdVMSnsUHFUtPYGjtH0yB1Ny3VoEhNihM1lr9
;w5aMWS2vD8VE3F9IUhP3s7wBW1oVWrecBPrts1aNwyo/GkQFvPVTUoIeG8KTlLuz/gTVVhSe81qBp/S
;vwVEfM0ZW1AX6dVNSnuUdxUtFYGjkQ5edH99wWoLgtmqBUVlzxRLD3CMsCkVE3F9IUhP3s7wBW1oVWr
;ecBPrts1aNwyo/GkQFs/VTUoIeG8KTlLuz/gTVVhSd8ltE7TevwVfackIWiJJhLQ1FRRhaCVYSYGikX
;0yByCe+EVn8rfNWkRg2yNYMWa2syQmF0t/Ol9T5NHOGVdrQWeuBGfrt81aN1XofCJQFummITkkc30lc
;lvoz/0iV2lEQc1qCpvSoylWeMETUVAX6dVNSnsUHFUtK4GjkQ5edH95z3U4jd6hNmhpxhhgNHOFtDRK
;ehQcVS09gaORfS4HIB7daRS00KwqaGrBEFMPeoimKDgke3ozclnkz/AEMgYgHq4FZ+vujVosDKh8TDx
;ltrIsOiRydTlBYu3C4hhAWE9w8WECh9a0WjYMqHw/UBbp1U1SexQcJkFO3sTwDW1hSXLCWguKxKgoaH
;zHC1oiFujVTUp7FBwcbT2co5F9QWtTQclkF7TRpDZbU8QZUTdigYo5Iglxbz1CUeWjkAYmqWf/1IFY6
;6zNWjd/xA9gN3eZiisjF3hDJk5c7834E1VYQ3HbaxPrts1aNwyofM9vFvLVTUoIeG8KSlzx/PcUXmt/
;bc1kCYXeoz1of9gZWjQW6NVNSnsUUIhtPZajkX1Ba1NBx2sBgtuhBVRj2hJaIkmNsCErAhQdVS09gaO
;RJHIHOx6uBRSHxJIzWWrBEFMPc4exEikUeWwwQ07g1/gSXAchHq4FZ+u3zVo3GKh8PyN6mookJB19cD
;lyWO/HzhlXa0FnrgRn67fNWjcMqHwfUBbppiE5JH1yM0RR7fz2HEJYRnfCaTiI2L80Un73GFo8d5DVT
;Ep7FBxVLWTBo7V9MgdTct1aDoXRpDZbU88dTw9wgLkhFR56eApOUuzT9BNBZlR3wWtn6rfNWjcMqHw/
;UAvp1U05F2dDPENb6M/9IlVmUEHIbAuH6Kg0U1PMGVMxb+nUTUp7FBxVLT2BipF9MnRMbfFsCY3eoTZ
;oa8kMYDZ/hbkSIhpgfz1yWejQ5RxcZEVByGQEn9i/WjYMqHw/UBYZ6k1pexQcJkFO3sr/G1trTEHJZB
;e00aQ2W1PEHUw1ZLa6KywkcHk5TESBopF9MgcgHvdFZ8m3zVpEYNsjVj5wgLkhFRx1bApLVO3PzhFTd
;EVs8WoJtNOoNlZ1qH0/UBbp1U1KexQDVS098s/iIltpRnfCaTiM1r0FUWXEEGA8d5qwPxULe2swXz2A
;o5F9MgcgV+4FQ+u3zSlbf/cVUTZ/hbkSLRpkQzNEUe38/RhcYFR28XEPmdK+MlhgzHw+KwJHkqww/ys
;cdy09gdD9Dm1uTnjHaQu00KwqaGrBEFMPZYq0IyQSensKTlL0zeV9MwcgHq4FZxuIzXg3DKgPUyNJgL
;srIxd4QzJMTd7F+BFeWFN9z2sJgtmqBUR8zRlbUBfp1U1Ke1jBFS0ngaORDl50f3fAYw6H25I2Vn/ND
;mA/cI+KKS8XdWVVLD2Bo5F9Ml5gHrcFZ+vEoSloZcYaVjx6trksOR5mQzpDYuXG/RxLByEergVn67fN
;WjcaqHw/I3qaiiQkHX1wOXJR4ND0D213T2nLd2fqt81aNwyoNX9QDunVTTkXZ0M8Q1voz/0iXm5Oe/F
;hDpjDrDRUaah9pcmPcEzU80QUBVUtPfLP4iJbaUZ3wmk4mNSsNFllxhtgM3mcuzlKehQcVS09gVOufR
;MHIB7daRS03qM8XmDEI0wzd4e7JCQcS386WFP1/PMEbWtJcMsFZuu3zVo3DFhDP0kW6dU+JghLdTtLV
;O3Pzg5RZk5wx2sAtMS9P1JoqH0/UBbp1QGXOxQJVS098s/iIlhyTW7xaQKF0LkyaGDBEVYkFujVTUp7
;FBxxbT2To5F9QWtTQcRwCpvooDtPU8wZUzFv6dRNSnsUHBV4fYGxkX0ydExt8W8ShseSN15i9xhaPHe
;Q1UxKexQcVS0ZwaOffTIHU3LdWg2e2r0FRHzNGVtQF+nVTUp7WMEVLSqBo5EOXnR/cs98ApnorzVFaM
;0OYD9wj6YoPnsVHFUtPYGjkX0yHCAernYLmOihO05p2iNSNWSOsBIpF3tvMHJb4MD0DjIGIB6uBWfrt
;81aLAyofEw8Zba4LD4eZnU0QWLywPARV1hGf81xCJnotVo2DKh8P1AWsJVNUXsUHCZBTt7O8AlXdUl/
;wloUiNahP2hqyR9LP2S2rE1LexQcVS092OORZjIHIG3CdjiG1rk/RWXJEGAjdYi5KBUddX8hQk/e2ZF
;8MgcgHq4FPqu371o3DNsQTA94gKE/JRxxcgpAUuXGzhhKb0Fr3XE4m8WoKUR52hk/URbp1U1KeyBcVQ
;w9gaPiEUFYTnfadwiM0qMFWmPMGWAgeoy7OCckZG4wXk700fR9MwcgHq4FZ8/3zUM3DKgPUyNJh7o/J
;xp4QzxDW+jP/SJdcUVswmQX67bNWjcMqHw/UBbI1U1KCHhvCkNS887wEW1zT0Haahe0xLgoUW3LGWA/
;YIynISsLFB1VLT2Bo5F9MgcyHq4FFIfEkjVPdc8ZUQ91hrs5LxVgHFQtPYGjkX0mRyA/rgVnmNu+BUd
;j3xhaIkmPsCguEnp7Cl9S9cLlFF1pf2zPcQ6Et8xaNwyofD+gKenjTUp7Z3Amck3u1PUYQFhGe8thDo
;XQkihYeMkIVj94tqcsPhJ7QzNYU+LX+BJcWEFsy2Q4jdauLlh+qH0/UBbp1U1KexQzVS098s/iIkJoV
;3rLdziN0qg+XmLPI00/YoihJCUVS240WVTu/PcIXGRUd8FrOInWvj83Dah8P1AW6dVNSkwUHFVeUfL8
;4RJFY0Vs8WMCjtOkNFBT2hNLMWKAuiMVCXVoPEJi59b/HkZuT3DxZgiGx6g0RG3cFVA+FujVTUp7FBy
;lEj2lo5F9QWtTQd5qEI/SvwVfackIVj5xtrYiJwtxciZMSejM/yJGbk17rgQBjdGrPFEQ6HwQUBbppi
;E5JGRuMEVY4Nf4E1VYQ2fCbAmP0r8FW2PfGU0Pfoy0OS8JS3E0VWLu1uUNR3MgH64FZ+u3TQx3DId8P
;1BlhaYSOglxdDBMSejN9iJRfkx3wGECmei4Kkdp2iNXNXedsD8VFnVkCkJI9dPkCTIGIB6uBWdr4Y1a
;HgyofEw8ZbalPy8TcX0hRFPm/PcPXWlUQcd3OIPSrC5SfvcRXihJhqA5Og5gHFQtPYGjkf1kRyALrgV
;nmNu+BUd+zRRaMWKAuyoVE3F1MkVJgaKRfTIHIB6GRWfwt81aRGDbI08ic4GwLD4SensKQVz4xuMiWm
;JJecZxZ+qE/mkEP5uvAFA86dVNORdnQyVfWOnG8AlbaUdBwmABn+irP1Jo9xRaMWKMpxInGmxDOlhJ8
;dblfTMHIB6uBee9981yNwyoD1MjSZmnKCIedWg8Q1rez/QbRlhJbPFtAorDqChoYckEYD9jnaU4PnsV
;HFUtPYEjxz0yICAernYLmOi9KFJkzR1LOXiOij0jCGBzO3JV5MLlGEBYTX/WWgiew70vQwypfD9QFul
;VGwp7MxxVLU7t0M4NQGJIe89xDoXQkipYe8wZTQ9wjLApIxVzQyFEUOT89AtXaSAfrgVn67fNWjcMjn
;w/UGWFphI6CXF0MExJ6M32IkJoV3rLdziN0qg+XmLPI0s5e4yKIi4fFB1VLT2Bo5F9MgcIHq4FFIfEk
;ipFacAZXiR/h7ISOB51bgpET97L9BxGYlJBw2QftNi4Lkd53Hw+UBbp1U3KLVQcSC09gdD9Dm13UnvG
;YAaf3qM9aH7NH1AxYoynEjkLcXkxLTyBo5F9ModLXq4uZ+u3vjZEU9gOWjhziKEkJBxLbjxKVfX89xh
;XY392y2QTjsWSN1Z09xNKJGacoU1LexQcVS291+ORVDIHIG3CdjibxagyUm3cFVE3SZu8KiIPS3Uncl
;XkwuUYQFhNf9ZaCJ7DvS9DDKl8P1AW6VUbCns5HFUtTu3Qzg1Abk5qx2sAtNS0Nl5izBlND3qGoig4J
;Hx5NFlY8/z8HEpYT2vadRKft8xaNwyofL8GVun4TUp7Z3Amck3zyv8JW2lHQc18C4LZqT9FU90MTzVk
;tr0oKw9xbgpAXPn8/ghGd1VqrgRn67fNWrda6HwYUBbppiE5JGRuPENJ6M32IlR1T3DaWg6Z6KU/Vnj
;NDmA9d5GKIj8PZGkhLTyBo5F9Mod2Xq4tZ+u3vjZEU9gOVj5igLsqFRdxeiFyW+TG9SJaYkFqy3c4ht
;a1BVh53AxKJBbo1U1KexScA209p6ORfUFrU0Hedw6Fw6Q0UFPEGVkkSYCnEiIedWgwX2LswukiXXJUb
;ttxZ+q3zVo3DCgqf1Az6dVNORdnQyVfVO/X+BNVWFB33XEIheilP1Z4zQ5gPXeRiiI/D2RpIS08gaOR
;fTKHdl6uIGfrt742RFPYDlY+YoC7KhULe2sxSE/exfQYVm5OefFxDobSkj9BacZ8PlAW6dVNSnsUHHE
;tPYHQ/Q5td1J3wHEOhdCSKlh7zBlND3CMsCkjFXNDIURQ5Pz+GVYHIR6uBWfrt81aNyqofD8jepqKPT
;gSemg8Q1re0fQcQFhJbPFtAorDqChoYckEYD9jnaU4PnsVHFUtPYEjxz0yHCAernYLmOi9KF5i3BVRN
;0mbsC4lGmB5J3JO8cb0GTIGIB6uBWdr3I1aHgyofEw8ZbalPyMVYHU7SmLzyvYVRlhGe8thOIPSrC5S
;fvcRXihJhqA5Og5gHFQtPYGjkf1kRyA5rgVnmNu+BUd+wRJLOXiOij8jHHxoCkRP3sv0HEZiUkHDZB+
;02LguR3ncfD5QFunVTcotVBxCLT2B0P0ObXVPd/F3AozeojRob80SSzVktq1NS9sOM4gJm79jkWoyBy
;BtwnY4mdikBUVpzxVQPkmKsCM+HmZDLC08COLxmOLlHt6uEGfrt742RFPaE1YPZIyyJCUVS240SVT00
;JF8MgcgHq4FWau30Fo3DNsQTA9khrwSOB5zdTpDYvXL4xhBb09yyloGmdKsWjYMqHw/UBbNlU1cexQc
;JkFO3tD0Gl9iTmrxaQKF0LkyaGHBEj9R7Je/8T7onCNVCj2Bo+IRQVhTdsdgC4/orzVDeMcRYDN5h6E
;iPwlLcDxDWN7H+A5GZk59ywVmcS5Uw66VEUM/Txbp1T4mCEtvPURY7cfOH11zVHHDWgSE2bk1Qn73EF
;A/ZprVTEp7FBxVLSnBo719MgdTct1aFIPeqDZTU8oTSyR5hIouJRVgcyBfYvXMzhRcYUlywloDgsS5O
;1lvzXw+KwJHkqww3yscTi09gdD9Dm10SHfLaQO01aIuQ2PFI1ooZoi7PiMUehxULT2Bo5F9JkcgOK4F
;Z5jbvgVEZMEZUzRJi7o5PhR5QzxDW+jP/SJebk578WEOmMOsNFRpqH2lyY9wTNTzRBQEVS098s/iIkF
;vSXvCYTiJ2LkuWGH3EF4pc5umTUt7FBxVLT2l45FfMgcgbcJ2OJjfpD9baPceUCRihrgSOgl7djBOSe
;THzhFTfkVs3QVm67fNWjcM8Tw/cBbp1T4mCEtvPURY7cfOHl1pVHHbdziH3qM/aGjBD0sxeIqwTUvhj
;YXMtKQ4nJFlMgcgbcJ2OJjfpD9baPcfUD5ihqA/FRd7cyVePYCjkX0yByAK7gVw67fNKVt/9w9XOXOF
;sRIpFGZyMF9i5cb9HEsHIR6uBWfrt5QaNxeofD8jepqKPiIScXAxcljvx84eXWpQe8B2Bp/eojQ3Dah
;8P1AW6dVNSm8UHFVeUfL84hVbYkx68WAJj+ipP1tt0Xw+UBbp1U1KexQcQS09gdD9Dm10SHfLaQO00r
;UqVmLbFVA+FujVTUp7FBylEj2eo5F9QWtTQd1tDo7bqQVRZcQIWiJJh7Q/OBRjQydIWujM/30zByAer
;gVn4/fNRTcMqA9TI0mavSQvF3BDPENb6M/9Il5uTnvxYQ6Yw6w0VGmofQxjJdrmfplEFAZVLT3yz+Ii
;QW9Je8JhOIfWvj9FU8caWQ9yjLksM3sVHFUtPYGjyD0yHiAernYLmOi+Ml5pxBhgPHeasD8VFHpDMUh
;R4NqRfDIHIB6uBWfrt9taNwzbEEwPZYG8KCYfS3A0Xljz/OESRWJSHq8FZ+u3zVojTKhtP1AWmrk+FQ
;h8dTBBWd7M9xtBYlQerwVn67fNWjcMqGU/UBaauT4VCHx1MEFZ3tDyHFxpSXDJWhSb0qg+Nw2ofD9QF
;qUIDUpYFBxVXlHy/OIIQGFBfctaFILTqAVDadAISiJztqcoORR4aSFEUu+jkOernrmHN7xY65XNWjd/
;xA9gI2ObsywpHktvPElY3tf0BUZyUnvxfR602Ks8RGncfD5QFunVTUqbKxxnLT2B0P0ObXNIe9xoBof
;oqDRUYMcPSiJztrcsOR5LeDxeSeDN8hhtc09ByGwVmMOSNlZ1zQ4/URbp1U1Ke+QjVQo9gaPiEUFYVH
;bHazic1qE2aGjHCV08c7a5JCQeZ0M2Qk/vxuMiVmJMf9cFZuu3zVo3DPE8P3sW6dU+JghLaD1EU97U8
;BFeWERx22cLjuihM1lp2yNaPnK2tiInC3FyJkxJ6Mz/fTMHIB6uBWfrt81+NwyoD1MjSZ29JCQkY305
;QWLlzOQfXmJ/csdrApjoqDRTU8wZUzFv6dRNSnsUHFUtPYGJkX0ydExt8XEPgtmSLVZgxCNbP2OLuSg
;VF31yMF5i7cLiGEBYT3jIWgOO26wjNw2ofD9QFumMDUpSFBxVXlHy/OUVW2l/ac9pC7TToi9VYM0jUz
;l4jKYSJhpneSdyUu/89RheZlkerwVn67fNWjcMqFo/UBaauT4VD3x1O3JK4M/9IlZoVXzCYDiH3qM/R
;FPEHUw1ZLalIj0eZhxULT2Bo5F9e0cgN64FZ5jbvgVDZMESYCd3hbkSLhRhfjlIYu3K/xhBWFN9z2sJ
;gtmqBVRj3RJLUBfp1U1KexTsai0UgaORDl50f2rGbAm0wKw2W1PME0oyeoyKISMVcW8KXl7gzf8UXGB
;/bd5gAo+3zFo3DKh8c41W6fNNSntncCZySenK/yJFZkxy8XYOhdChP2hgwRJaD3WGpyMvCUt4MEFc+K
;OQfTIHIB6uXCfrnc1aN3/ED2AkfoC7Ej0aeHAKXlTvxP0YbWtJcMtaAoXTkjlYYdgZUSN3nbwiJHsVH
;FUtPYGjkX0yJCAernYLmOi5Ml5i9wtePHq2piQkHHh5CkFU78bOGFxjf3rLaQaSt8xaNwyofD9QFun8
;TUp7Z3Amcknpyv8iRWZMcvF2DoXQoT9oYMESWg96iKYoOCR7ejNyWeTP8AQyBiAergVn6+6NWh8MqHx
;MPGW2oSUjFUtrNEFR3tD4E1VrRUHCbAmO6KE7RGnaI1A+SY2wISsCFB1VLT2Bo5F9MgcFHq4FFIfEki
;5fZcYjSDF6hYo+IxVzcDByUejN9CJeZlN73FoXhMCoKDcNqHw/UBbpnA1KUxQcVV5R8vzlFVtpf2nPa
;Qu0xKQ0UGDNI1M5eIyKPikaenI8Q1rewP4IXHMgH64FZ+u3zaoIDIB8P1BlhaYSPhN9cgpaXO3Pzg5b
;aUdyy1oLgtmoBURvyRJROXiOij46HnF4VSw9gaORfX7aYB6KBWfrxKEpaHjHDGAjY5uzLCkeS386Q0n
;u1uMiUWhScMt3OI/SoTtODKl8P1AW6dUUCns8HFUtTu3Qzgldd39t23cBitSoBVRjxghQJWS2sCMuJH
;dzOF1Y79DwCVtoTh6vBWfrt81aNwyoXT9QFpq5PhUPe2wKXkjzxfAeV1hDccBxCJ7Fkj9ZaPcYWjx3k
;NVMSnsUHFUtPYGjtn0yB1Ny3VoThMeSKUJ+zh1cNUmKuiM+FGFuCkFc8sbjIl1hRkHKYAuKzs1bNwyo
;fD9QT6nVa0p7FG85XmL1zOEiQXJSeM9mArTUojRDY90OYDx3mrA/FRR6QzFIUeDakXwyByAergVn67f
;uWjcM2xBMD2KGpRI5DmZ6NE5Y3sD+E0ZoVWzxaQaY0r8FR2PfGU1QF+nVTUp7FFUVLRiBo5EOXnR/as
;F1OJjCvzxWb80jXD94nbo4OCR4dTtIYuXK4glTaUN7rgT9ci5Uw661l3wiUBbppiE5JGBzJXJO9NH3H
;FFif33BaxOEwr8FW2PHDExQF+nVTUp7FOxqLSOBo5EOXnR/asF1OJjCvzxWb80jXD94nbo4OCR7ejNe
;WPWjkAYmqWf/1LHY65HNWjd/xA9gJHmZij4/CXJ9Nkhi4sz/CV1yUkHdZgaF2aQ0UFPLE0o+YunUTUp
;7FBxV3QKBhZF9MnRMbfFxCJvovi9FaskfWg91hrs5JQ5mQyZOXO/N+BNVWFNuy2AD67bNWjcMqDDiEB
;bD1U1KCHhvCllS8fziCEBhQX3LWgSE2bk1Qn73CFAPf4ezJCYXS3g8XkngzfIYMgZbCgBChpET8loUD
;Kh8TDxltqEiOiRnaSdLXOLGzhRcYUlywloEhMWjP0VTzBlTMW/p1E1KexQcVXR9gYSRfTJ0TG3xcQib
;6L4vRWrJH1oPf4ezJCYXS3k7SWLizPwNV2lTf9psCIW3zFo3DKh8P1AW6fVNSntncCZySe7Tzg5HdUZ
;/zWA4gtmrM1tg9xlRNEmNsCErAhQdVS09gaORfTIHBh6uBRSHxJIuWHz3D0oicIi2KBUSeno8QVHez/
;AOV3V/cchjOI/SoTtODKl8P1AW6dUUCnsxHFUtTu3Qzgldd39t23cBitSoBV5izhVTPEmFtD4vCUtzO
;3JZ5M/wBDIGIB6uBWfrt81aFQyofEw8ZbahIjokZ2knS1zixs4UXGFJcsJaC4rEqChofMcLWiIW6NVN
;SnsUHBxtPaWjkX1Ba1NB2moXtMS4KFFtyxlgOXiPvCEmJHh1O0hi5criCVNpQ3uuBP1yLlTDrrWXfBp
;QFummITkkYHMlck700fccUWJ/d8BjDofbkilUbcYSVj5xtrYiPxVgHFQtPYGjkX3COCAzrgVnmNu+BU
;Nj2CNMJWSPtC4vJH1yM0RR7fziHlNpTnfAYjiI2Lg0Q1PKBWA8f4ewTUt7FBxVLT1xnJFYMgcgbcJ2O
;J/YvQVEedoaXjNztrwjLBJ4cApeXuDN/xRcYH9t3mACj7fMWjcMqHxzjVbpw01Ke2dwJnJJ7tPODkd1
;Rn/NYDiH1rQ/RX+ofT9QFunVTUp7FAVVLT3yz+IiRmhQQd1wFY3Wrj9oeMAOWiN+hrkpSnqsAtDGbDk
;drn0gByAe3WkUtM+0BURtzhlgIneNvDg5exUcVS09gaNxQjIQIB6udgqK26EFUWnJCEoic5qKKSMaeX
;khSE+BopF9MgcgHopFZ/e3zVpEYckQUw9wjLQ5PwlxbwpFUu3GzhlbZk172mAV67bNWjcMqHwjEBby1
;U1KCHl9OUFi58bwCUd1RW3xbAmN3qE2aH7JCFY/FujVTUp7FBwMbT2bo5F9QWpBcsJaAY7WuS9Fadsj
;TCBzjLESOBpgdTotPIGjkX0yB2leridn67e+NVtlzCNdP2KduiAVHmxoJ1hO6Mz/IkVuRGrGWhWKw6Q
;1Nw2ofD9QFumMDUphFBxVXlLtyvUiUGhUasFoOI3eoTtaacYIYDZ6hqJNS3sUHFUt/dbjkW8yByBtwW
;kOj+ivNUN4xxFgPHeQsD9KehQcVS09gbfRfSAHIB7daguC05I4WHjcE1IPZZmwKC57FRxVLT2Bo989M
;h0gHq52CIfeqQVRZcQQYD53m6ciPSRycDpaT+DX9H0zByAergWnvPfNTDcMqA9QPH+NiiQkHX1wOXJY
;+dPwE0FuT3CuBGfrt81aNwyofB1QFummIiYScEM8Q1voz/0iV39Qf8B2DoTZkihSYccKWg9+hrkoSno
;UHFUtPYGjkX0hByAe3WoLgtOSM1lqwRBTD2WBsCEmCBQdVS09gaORfTIHNh6uBRSE26Q+aGXGGlY8er
;aiJC4PfEM4RFOBopF9MgcgHq4FZ/S3zVpEY8QVWw9ihqUSLwNgbiBeVO7NzgpbY1R28XcGn96iWjYMq
;Hw/UBawlU1dexQcJkJR6MfOCV13f3jHaQaG0qMuaGrEE0hQF+nVTUp71EsVLTKBo5EOXWtJevFxCJvo
;oTtOadp8PlAW6dVNSm9UHFotPYHQ/hFbY39qwXU4mMeoP1MMqXw/UBbp1QMKezUcVS1O9NPhEkBzf3/
;KZBef3rs/aGXGGlY8eranLD4Se0M4TEWBopF9MgcgHupFZ8q3zVpEedgMUCJitrQpKwtgdSNIYujN9x
;Rea39sz3EOhOigM1kMqXw/UBbp1WkKezQcVS1O9NPhEkBzf3/KZBef3rs/aGXGEloiSYytPSsVZ3U6Q
;z2AOQjkq565x5EFcOu3zSlCfNgTTSRJiLEsOg99ajByUeDa9A9BByEergVn67fZGjcXqHw/I2OZpSI4
;D0t9MUxN9crnGG11RXrbZhOC2KMpNw2ofD9QFunVDUphFBxVXkjx0/4PRlhBes91E4LBqAVAZcwIVw9
;7gLtNS3sUHFUtPYnjkW4yByBt23UXhMW5BVVt2xlgPHeQsD85exUcVS09gaORfTIeIB6udhKbx6IoQ1
;PKHUw1SYW0NC8JZ0MmXVjkx5F8MgcgHq4FLqu32Fo3DNsJTyB5m6ESKAl9eDJIYu3C6BhAdCAfrgVn6
;7fNWjcMunw/UGWcpT0lCWBDN19U7PzmFFZzSB6vBWfrt81aN0yoYj9QFpqgPToUZmgKTlLvzfQeRm5P
;cPF9HrTTpClDbcYfWlAXc0zU0+KNpWotIIGjkQ5Hd1Bx3HE4js+5KEJ/wRNRD2GAsTkiJGZ9IURSgaK
;RfTIHIB73RWf+t81aRHnYDFAiYrazJCYaeXk7WWLnz/4KMgYgHq4FZ+vujVouDKh8TCVmmbo/PiR9cj
;NEUe38/RhcYFR28WgOhbfMWjcMqHw/UBbpwk1Ke2dpJV1S89fOFFxhSXLCWgiew6EzWWnbfD5QFunVT
;Up7FBxELT2B0OQNQmhSavFjDofbkihWeM18PlAW6dVNSkVUHFgtPYHQ5A1CaFJq8WQJjNuoWjYMqHw/
;UJavlU1ZexQcJlhN8czjCW13SXLCZBW0xKQgUgypfD9QFunVXQp7PxxVLU700+ESQHN/bcNkC4foqzZ
;YbdwZWw9wjLQ5PwlxbwpVRN7G6Q1TaVN3wWtn6rfNWjcMqIwAUBvp1U05DmRsOl9J3tDhGFdjIB+uBW
;frt80Tdwy1fD9QZZylPSUJYEMhX1jk/PMPU2lDdvFkCYzbqAVabdB8PlAW6dVNyj1UHE4tPYHQ5A1Ca
;FJq8XEVjtKSOEVtxh9XD3KMuz4jD20cVC09gaORfQxHIAKuBWeYwr0qWH7cI0sic4yKLzgaen89clno
;wvwYRmJSHq8FZ+u3zVo3TKhQP1AWmqA9OhRmaApZT+TGzh9AZk59xloDgtagP0Np2iNbP2OLuSgVFGF
;oOURT5NCRfDIHIB6uBW+rt+1aNwzbCU8geZuhEj4JcXkKT0/gzfIVbWNJf8NgE47FkjdWdKh9P1AW6d
;VNZDsUCFUtPfLW4Q1ddVRB1nw4js+9O1l/wRNRUBfp1U1KexQcVS0ugaORDkd3UHHccTiTzpI+Xn/cH
;VEzc+nUKywdcnozywKBv5F9MnRVbt5qFZ/otwVYas4PWiRJjbo6JCR4fSxIT/KjkH0yByAervVY663N
;Wjd/3QxPP2SdijcVFHJ6JkhJ3tbhIl5mWXvcdmfqt81aNwyojABQCenVTTkOZno0Tlje0PgZV1hUe9Z
;xEpnSkihSf8cQSiR/hrtNS+GNhcy0pEickWMyByBt23cBitSoBURlzBlgJHORoTg4HktkLHJS58XiGE
;YHIR6uBWfrtz1lNxKofD8jY5uzLCkeS286QVTl/PMSRnNPc/FgH5vWoyleY8Z8PlAW6dVNSnsUHH8tP
;YHQ5A9UZkN78XYIh96pBVVj3AhQPUmMrTk4Dmd1OkNi9sr1CVpYUn/abAjrts1aNwyofGYQFvTVTUoI
;YW4zTF7k/OISXm5EQcxqE5/YoAVRYMcLTTFijNVMSnsUHFUtY8Gjin0yB1Nr3GMGiNKSKVhgwRhgMnm
;doSInJHh9LEhP8qOQfTIHIB6uBWfrrc1aN3/dDlkxdYyKPiUXfXgKT1L11/4QbXRQe8thZ+q3zVo3DK
;gyf1AN6dVNOQ5mejROWN7Q/hFbY39qwXU4js+9O1l/wRNRUBfp1U1KexQcVS0agaORDkd1Rn/NYDiY2
;KEzU1PcE08Pc5GhPz8IfXM7ckrox+UVbXVBasdqZ+q3zVo3DKglf1AM6dVNOQ5mejROWN7Q/hFbY39q
;wXU4jduiLUVt3Bk/URbp1U1Ke0pcVTU9gaPiCEBhQX3LWhSE26Q+aHjHDGA8d5CwPzl7FRxVLT2Bo5F
;9MiYgHq52EpnRrDlSU9sTUzlytqEiOiR6fSdfUvb89xFdcFJ/2mBn6rfNWjcMqCJ/UAHp1U05DmZ6NE
;5Y3tD+EVtjf2rBdTiYx6g/UwypfD9QFunVcwp7DhxVLUnkzuEYQGZUa9xgOInYuS5YYfcPSiJwiLYoS
;noUHFUtPYHK0X0bByAe2mAKm9K/O0N52hlgMnmdoSInJGdpJ0tc4sbOHEBiQUHabRWOxKU1W2iofT9Q
;FunVTSM7FChVLT31xvwNV3VBatt3ArTTqDlFackPWjRJm7QrPiRnaSdLXOLGzhBdY0Vy8WMOmcS5BVt
;t0RlNUBfp1U1KexQcVS0sgaORDUBuTmrxcQKGx6goVnjdDlpQF+nVTUp71HsVLS+Bo5ENQG5OavFxAo
;bHqChWeN0OWmIW6NVNSnsUvDxtPZOjkX1CdUlw2loTjtq9P0Vt3AlNNSXp1E1KexQcVS09gbGRfTJ3U
;nfAcTif0qAqUn7JCEoic93VTEp7FBxVLT2Bo4R9MgdQbMdrE7TVqD5oeM0RTzVkiKE4OB4UHVUtPYGj
;kTRyBy8ergUTg96jBUBtxBBgI2aMsClKehQcVS09gerRfTwHIB7ddRKZxJI3VnTfFVskfunUTUp7FBx
;VzQKBupF9MnNId8BaEIrboQVAZcwIVw9kiKEkJSR5fS0tPIGjkX0yB0lerhxn67e5Ml5i9wtePHq2oi
;QuD3xDJ0xJ6MzOEFtpIB+uBWfrt81jdwykfD9QYpu0Oy8XS28lSFjlo5B9MgcgHu5VJ+upzVo3eNodS
;TV6tq8SLRh7eDByWejQ5RxcZEVByGwJgsSlWjYMqHw/UBb9lU1EexQcL3JJ88LnGF5YU27LYAPrts1a
;NwyofCsQFvjVTUoNcW4mRFLv/P0cQXN/e8psE+u2zVo3DKhJ/hAWz9VNSg17cCBAWPXR+B5tdFB7y2E
;4mNqiNUNk9w9aN3uMuzkVF3FyMllVgaKRfTIHIB6mRWfKt81aQWPECVI1Ypu8LhUIZHkwSWLyzv4SRm
;9/asZ3ApjfojZTDKl8P1AW6dW9dXs7HFUtS+7P5BBXc1J3zVoUm9KoPmh/xRNQJH62oT8rDXFwCkFY7
;8TlFW1zSGzLdg+E26laNgyofD9QFv2VTV97FBwiRE3k/PgTVG5McvFhDpjDrDRUaZl8PlAW6dVNSnsU
;HEAtPYHU+A1XWElwyGwLh+ipM0R4yRJcNSTp1E1KexQcVS09gbmRfTJwSW7LWgiew6goaGXGD1okSY2
;8Pj4aen8wHD2Ao5F9MgcgHq4Ffeu3zS1efM0jUCVijKcSIxVneSFyWejQ5RxcZEUsrgRn67fNWjcMqH
;woUBbpoiQ6HktzIFlY8/z4E0FiVEHddQKO0/xaNgyofD9QFqCVTV17FBwiRE3k/P4IRmJSQcdrFI7Dk
;ilHac0YDVAX6dVNSnsUVRUtHoGjkQpbd0VB3GATmdauLl5jxiNdNXCGpygVDH1sMHJb4MDlEkA2IB+u
;BWfrt81aNwyLfD9QYYClKBUJcWgnTF71yv4TbWVFeMF3ArTApCpSU84dXCR5m+dNS3sUHFUtPYGjkWY
;yByBpx3UCtMSiNl5o9xVRNn+FuRIuEmdoNENe5JKRfDIHIB6uBWfrt9ZaNwzfFU81SZq6ISMfS3U7S1
;Ttz84ZW3RUf8BmAtm3zFo3DKh8P1AW6cNNSntjdSVIYvLW4Q1ddVRBymwUn9ajOVI9qH0/UBbp1U1Ke
;xQKVS099srhGG10VW7eahWf6KkzRHjJElw1JOnUTUp7FBxVLT2Bu5F9MnBJbstaE4PeowVAbcQQYDR/
;mqEsJBhxLVUsPYGjkX0yByAetgVn68CkKlJT3BRWPkmetCEmJHB1Jllc78D0TzIGIB6uBWfrt81aIgy
;ofEg5ZoyKOSUMcW4KT0/ozs4KW2NUdq4EZ+u3zVo3DOh8KlAW6aIkOh5LaDpaWPP89xRKYkRB3moUk7
;fMWjcMqHw/aVbpwE1Ke2N1JUhi9czmGEBYRnfWYAO0x6IpTgypfD9QFul1Ewp7ABxVLUro0/QiRmhXe
;9xaAYfYuihWeM1NP1EW6dVNSntNXFU5PYGj5hRCYn9qwXICmeirNlh72h1LNSTp1E1KexQcVXR9gbWR
;fTJwSW7LWhOEwKgoaGXGGlY8eranLD4eFB1VLT2Bo5Ekcgc+Hq4FEILHqAVDY98ZTQ96hro9OSRxfTZ
;FYuTb5Q9HY0VsrgRn67fNWjcE6HwUUBbpoiQ6HktoOlpY8/z+HkZmR3HAZAu0x6Q2W23aI10/Yp26IB
;UffX04SEnk0ZF8MgcgHq4FLqu35Vo3DN8VTzVJnbo6LwlLczZZXObM/xxeWFB3wmkGmei5NUdTzBVeP
;XOdsD9KehQcVS09gZrRfSAHIB7ZbBeO6Lk1QGnaI1A2cJqwOTJ7FRxVLT2Bo5G9MhUgHq5yDpvSki5Y
;e80OYD9wj6YoPgIUHVUtPYGjkX1yBzAergUQgseoBUNj3xlND2WZsCguexUcVS09gaOvPTISIB6ucg6
;b0pIuWHvNDmAmeYWgIC8keXU7LTyBo5F9MgcAXq4VZ+u3ujNHafcIUCdzm4o6Ix9gdFUsPYGjkX0yL2
;AevwVn69iiIFJT2xRWNXqNiiwkHHh5VSw9gaORfTI5YB69BWfrwKQqUlPfHVM8SY+5Ij0JdWgwHD2Ao
;5F9MgcgR+4FdOu3zS1efM0jSDF6hYorJhRjbjRZWLOjkH0yByAerlwn66HNWjdjxwZaD2WBvCgmH0tw
;PENY3sD+CFxzIB+uBWfrt82qCAy6fD9QeYavKBUIfHUwQVnezPcbQWJUHq8FZ+u3zVo3TKhzP1AWnrw
;9LyRjfTlBYvLT9BhWByEergVn67eEGjcfqHw/MXWKsCEvCXVoPEJT3sb/HFBrRR6sBWf0t81aVm/LGV
;M1ZIihJCUVS3o8X071/P0cS2JSQctrBonbqFo1DKhgP1AWiKMiIx9LdTteWPPXzhpRaER78XE4iNigN
;1ZizHw9UBb71U1KCXFoJ0xe9cr+E21kT3PMbAmMt89bNzyofD8xYIa8KRUPZn0jSFHey/4RV3R/bs9x
;D7TarCJoYM0SWCR+trMsKQ97bgpIU+DB/RgyBSAevgVn69WoNkNT2h1ZJEmMuywoF3EcVy09kaORfVB
;iTGrxcgaH25I/WW3KEFpQFOnVQkp7FH4nRFnmyv8abWJOf8xpAuu1zFouDKh8XSJ/jbIkJBxLejRDYv
;LT9BhWWEVwz2cLjrfPWjcXqHw/MmSAsSojFXNDM0RF5MfOHFxgTHvxYAmK1aE/Nw6ofClQFum3PyMfc
;3U7SmLyy/QRXnR/e8BkBYfSzVg3DLJ8P1B0m7wgFR5saDBfU+DPzg5aYkxy3VoBgsW+LjcOqHwtUBbp
;tz8jFkt1O15U5cbOGFxmQnLLBWXrt+5aNwzLE14jYoC7KhUeen03QVjeyv8bW2tMQd1sCYzbqAVbZcY
;ZDlAU6dVuSnsUfzpMTvXK/xptYk5/zGkCtN6jPF5gxCNMOXiOuSgVF31yMB89g6ORaTIHIH3BaguC2a
;oFUW3GI1Y+dZuwLDkeFB5ULSaBo5EeXWhMd8BiOJvFpDRDf9gZWjRJmrkiPR97azstP4CjvH0yB0Nxw
;WkOhdCSKkVlxghMIHOMsRI5F3trMUJK7/zwC11uREHBcBOOxZIpX2nEED9SFun0TUp7d3M6QVTvxM4K
;U25UQdxgBojfkjdeYvcQXilzm4o5IxZxHFctPaWjkX1WYk5ty1oUnse9NUV49x1TJHObuyw+Hkt9O0p
;R5Pz0E1NlTHuuB2frqs1aN2jNEkw1SZqgPToUZmgKS1Hu1OMcRmJ/e8BkBYfSzVg3DJt8P1ByjLs+Ly
;RnaSVdUvPXzhRcYUlywloSmNKSNl5izQ9gOXi2vSQtE0t4MENO6NfoIlV1SXquB2brlc1aN2jNEkw1S
;ZqgPToUZmgKQVz4xuMObWVPatpqCrTSoztVYM18PVAWztVNSh94bApOVeDO8xhAWFBsx2sTgtmqBUNp
;xQxaInedoD8vJHFyNE9R5KOTfTIsIB6uYQub6K4yVmHKGU0PYoy4PS8JdWggX1jeyv8OV3VUQclmCI/
;Skj9ZbcoQWlAU6dVtSnsUeDldYubA/hlXWEZ3wmAJitqoBVFj2hFeJEmMuywoF3EcVy09lqORfVZrUE
;HDYBWM0pI1R2nGI0w1cYSwIz4IFB5ULSqBo5EZXnd/c8t3AI7ooixSfsQdTw9miKc5OXsWHVUxPYGj9
;RFCWFJ7yWwIhdahBVJ02BNMJWSMiigkGnZwMC0/gKOJfTIHRHLeWhWO2qIsUlPKCV0yeoyKKCQadnAw
;LT+Bo7h9MgdEct5aFJ7FqztUafcPVjRztqEoMg9hbjByXu7P/g9taU9sw2QLgs2oPjcOqHwTUBbpsSE
;6JGdpJ0tc4sbODltjRUHaYB+fwr8/aGjBD14yeoyKIiQke2owX1XgzfZ9MAYgAa4FZ4/bvQVEedoaXj
;NztqYkLh5LaDBVSfTR9CJXaUF8wmBn6bbNeTcMqBhTIEmaoD8sGnd5Cl5U5cbOCVd/VGvcYDiH3qoyQ
;2naI0ogFuvUTW97FBwxQU3e0OQPVGZDe/F2Do/Ski5SdNwJTTVJhqA5ORJweQpCU+3akX8yBz4ergUD
;h8eSLlJh2BlNMWKcpygVGHx9OE9Y8/z0E1NlTHuuB2bros1aN2nQCFoieIi5EjkTcXA5XmLnyuMORgc
;iH64cZ+u3vj9DeMESWA9zkaE/Px9xbgofYuTN8B9eYiAcrgVC67fNP0942glbNWS2pjojD3d0Ck5S7s
;/4E1VYQnvIahWO6L4tXnjLFD9SFunzTUp7cWQhX0jlxuMiQXBJas1tOIjYojZeYs8jVzV3naA9FRpwa
;jRDXuSjk30yJyAermAfn8W4PlJ+9w9IOWKKvRIpFHtwPENa3sr/HFFzSWjLBWXrt+VaNwzNBEsiY42w
;PxUIY3UhTlXewP4SXm5OefF1BpnckjdYes0jWj53i7koSnkVHHEtPYHG6QlAckR73FoUnN65OV9T2wh
;QIEmevD0vJGN9OUFi9czmGEAHIh6uMmfrt6giQ37dGFoiSZqiJD4YfEMmWVLx/OYUQmJ/ac9pC7TDoi
;1SfvcfUD96trEiPRVLeS1ZT/TH9A8yBSEeoQVn69GsNGhuxBVPD3OHtC8mHhQeVS0vgaORG1Npf33Ba
;guC2aoFUmLJHlM1FuvUTWx7FBwzTFPewP4SXm5OefFyBoLDkjxYfvcRUCZzhLAjPiRydTtETunG9X0w
;ByAVrgVnjdajBVJiyR5TNXLp10xKaBQcVUtc78z3G21gQ3HKYDiO2aw4W2mofj5QOunVTSwSZm8hclH
;g2vQPbWNJc8trFILYowVPdfcfUD1mjLs+Kw99cztyWO/C8xFXByIerhxn67erM0V/3CNTMW+MpxI5E3
;FwOV5i5M3wH15iIByuBVLrt808Xn7bCGA8d5CwPxUIe3A8SWLozfcUXmt/e9ZxFZ7EpDVZU98VWyR+t
;qcsPhJ7QzBDXOPP9H0wByA2rgVnjd6/KUNTxB1GNWS2piImEnBDPENb6M/9IlRrT2ncZBOO6Kg0Vm7E
;GT9SFunwTUp7cnUnXknez/AEV3V/bcFpDo/opDRRZcQQYCNmjLApFR56fTdBWIGhkX0pByAeyGkInMW
;sLlJT2hlMNWK2si4lH3FDMENc48/0fTAGID+uBWeM1r0FUWXEEGA/eIWsEj4UZEM3Qkn1zPwiQXJSeM
;9mApi3z1o3A6h8Pzd3mYorIxd4QyZFWO3P4n0wBiAHrgVnjNa9BVFlxBBgI3+HsiEvJHFkIV9I8sr+E
;zIFIR6DBWfr0KwqaGrBEFMPZYC7KiYeS3ktWU/00PgSXFhDccN1AoXErC5eY8YjWj53i7koSnkUHHQt
;PYHE8hJWYn97wGE4n8K/NFhqziNRP2yTuiEvJHx5NFlU78SRfzMHPB6uBQCI2Kk/aGrBEFo+d4SwEiw
;UZnE0WWLkzfAfXmIgHK4Ff+u3zTJSbdwVUTdJnbwgLyR3fTlOYuTN8B9eYiAcrgV967fNM1l/zQ5LD3
;6MtDk/C0t7NkJZ5Pz0E1NlTHuuB2bros1aN2TNHUslZrayLiUfcUMjTFHox/AJVwciH64eZ+u3pDRRZ
;cQQYGEm2Yo4OR5LbzpBVOX8+BNUbkxyrgdn66HNWjdlxhpWPHq2tCkrC2B1I0hi5M3wH15iIByuBUPr
;t80zWWrBEFMPdYa7Li8VYG48TmLyzP0UVlhVbctaAIrHkjxeYMR8PVAW8dVNShJ6ejxBUd7A/hNcYkN
;q8WAJj8eiM1l423w9UBbl1U1KEnp6PEFR3sX4D0FzIByvBX3rt80zWWrBEFMPZYGwISYIS2kmSGLmwu
;EiVG5Mcq4HZ+uSzVo3ZcYaVjx6tqA+LyR4dTtITt7K/yJabkd28WEChcSkLk5Tzw5WNBbr1E1ZexQcP
;ENJ5NH9ElFsSXDJWgKF1q82UgyqfD9eFunVJDgUenU7SmLkzfAfXmIgHK4Fduu3zTNFY8YVUTdJhLoj
;JQ97cjxOPYOjkW8yByB0y3cMtNOoNkNt9wxNOXidsD9KeRQcXi09gcn0D1lYRXDPZwuOt89aNxuofD8
;6c5u+EiwSZm8hclHg2vQPbWJOf8xpAuu1zVotDKh8WTlutr0iOAl9fjlIYvTQ9CJdd0Vw8WcOn8TNWD
;cMtHw/UHqIrCg4JHx5PEpV9fzwGVN3VHfYYDiO2aw4W2mofj9QDenVTSYabXknck7pxv0RQVhPbMpgF
;bTYvS5eYcEGWlAU6dViSnsUcDRUWPP84glTdVRB3moOhcOSKVRt2hpgOnmAuzkVGnhwOlpi6M3/GEBY
;U3bLaQvrtcxaBgyofFMxb4ynEjkPdW4hck3uyv8JbXRDf9xjOIHYpDRDU8kOUCV4jYooJA99bjByTun
;G/REyBSAehwVn69usI1J+9w9LMWSdij0lEnpoCl5e4NH3IlhoSXDaWgSE2akzQ2XHEl48FuvUTWh7FB
;w5TETk0c4ORmZSavF1CILZuQVEackRYDVyjrASKR56aDBfPYOjkV8yByByz3wCmei+LlZ+3CNPP3+Ho
;RI5HnVxCkBS98bOFFxwQWzKBWXrt+5aNwzEHUY1ZLamOSsJYEMlQlTv184OV2ZNQcBqOITBqChfbcYb
;TFAU6NVkSnsUcDRUWPP84glTdVRB3moOhcOSKVJtxSNRP3i2pSImAnNzO3JL5NHlGEoHIh6uLWfrt6E
;7TmnaI0wkd5uhEjoUfXIhck7kwvwiQGJMf9psEY7ovTVEZdwVUD4W69VNeXsUHDhMSd7A/hNUNn94x2
;kGhtKjLmh/zQhLOXiOphIlDXFuJ0RZ5PziEVtkRUHdYBOf3qM9RAyqfD9jFunVICsPS386Q1uz/PcUX
;mZNe8BxOJjSuS5eYs8PYD9gjKc/Ix9xQyZBVOLGzg5Xc1R3wGIU67XNWhcMqHxZOW62vSI4CX1+OUhi
;5NvlGFx0SWjLWhSf3rk5X2XGGz9SFunITUp7cnUtclXu0eMUUGtFQdtrDoTZkjVBadoQXiBmjLFNSHs
;UClUtPezM9RheWFBsy2YOmNKSIGhkzRVYOGLp101KZxQcVUBS5cr3FFd1f23GYAuHxJI3Un7PGWAgd5
;uwIz57FhxVIz2Bo/8SRlhTf9hgOJjDrC5SDKp8P00W6dUrIwNLdDpfT+jB/Rhtck53wWs4ituhBUN12
;BlgMRbr1E1YexQcJkZU89fOG111Q3vxYAmK1aE/Nw6ofDNQFummIiYScEM3Qkn1zPx9MAYgF64FZ5jY
;oTNTU9wTT1AU6NVHSnsUazxdWN7X/gpXdSAcrgV567fNNVlg0SNQPnO2piUvF3hDOkNi9czhIkFyUnj
;PZgKYt89aNxqofD8/YIynJSsVc0MmRVjtz+IiV2lBfMJgZ+m3zXo3DKgTSTVkgbQjLSRndDBBUfL89x
;xcWFNuy2ADtNKjO1VgzXw9UBbx1U1KFGJ5J19U5cbOG1trQXPLaxO00qM7VWDNfD1QFvDVTUoUYnknX
;1Tlxs4bW2tBc8trE7TSoztVYM1OP1IX6c1NSntkbjBeTvTR9CJTY1Z/wGYCtNKjO1VgzU0/UhbpzU1K
;e2RuMF5O9NH0IlNjVn/AZgK00qM7VWDNTj9SFunGTUp7ZG48Q0nezOEYXFhTe8loAoXDvlo1DKhmP1A
;WmackJA9LbDRfSfL84hhDckVwzWA4hMWpP0UMqnw/fhbp1T04EnpoMF9i4sz/G21iWGrccAOOxfwFVH
;nbCFA9SZmnJCQPdX45SGLzxvYUXWkgHK4FSeu3zSpFZcYIWiJJirojLCRxZCFfSOXG409tZFVt2moKt
;Me/M1l4yR5TNUmbsCojFHocVy09mKORfUJ1SXDaYBW01KI0UVPFHVw4f4ewEigeeGhVLz2BjpF9MndS
;d8BxApnorjVZavcRXjN+gLsoFRhhbyFCUN7T4xRcc0lwyVoXmd6iKF540Xw9UBbG1U1KC2Z1O1lY8/z
;yElxhf3PPZg+C2agFVHnbCFA9f5OwEj4Ue3A9SFzl/PQTU2VMe58FZeu34lo3DNgOVj5ijKcSKRR6eg
;pAXOLL+BNXWENr3XEIht63P2h4xxNTOHOIsRIvFXV+OUgPgaGRfRcHIB7edw6Fw6goaG/HElkPe4i2J
;SMVcUMxTEng/PISXHNFcNpaBo/TzVg2DIp8P1Bmm7wjPh5mQzZCU+f8/BxRb0lwy1oDisOsBVFlxBlg
;MXKN1U9LeyUcVS1N88r/CVd1f33BawG02qw5X2XGGWA1bp2nOC4eZkMmWlT1wPkiRWZJavFtAorDpDR
;QDKp8P3AW6dU9OBJ6aDBfYuLM/xttakF9xmwJjuirO1lTyxNRJGSGuU1IehQ0VS098dH4E0ZiUkHNag
;mN6KA7VGTBEloPcICnID0aZnkKX1j10fAeRm5PcK4HZ+uazVo3fNoVUSRzm4ouJRVyQzhMXunK/xhtY
;Ulsw3IGmdKSLl5hzSNaI2KAuCw+EntyVS89gYmRfTJ3UnfAcQKZ6K41WWr3EV4zfoC7KBUcd3MxSGLk
;/PwIXnNJbsJ8OI3boi03Dqh8F1AW6aU/IxVgeSdyXu7N9yJfZkN2x2sCtNCuNVNp9whXJXuLuywjF0t
;9MUk9g6ORYDIHIG7cbAmf0r8FVGPGGmA9d4q9JCQeS3QwTEnewfQZMgUhHo4FZ+vHvzNZeM0OYDN5h7
;MSJxp3dDxDWN7K9RhKWFNn3XEChrfPWjclqHw/IGSAuzkvCUt/OkNb3s7wHlpuTnvxagqCw5IoVmXbG
;Us/Y4q9EikUcHlVLz2BgZF9MndSd8BxApnorjVZavcRXjN+gLsoFRRmdTJEU97A9BNGYlIerAVnz7fN
;Wkd+wRJLNWS2tiIkHUtxNE5V6M30IkJ1T3PecTiexKgFRW3OCD9SFuniTUp7ZG48Q0nk0c4eXWlGQcN
;kBIPeoz9ofNoTUiBitqA+LyRmfTNZYuXW4RFbZEFqx2oJtNqkKEVj2nw9UBbO1U1KC2Z1O1lY8/zyEl
;xhf3PPZg+C2agFRWnEHUs5YIyKKDIPZmkmRFLvo5N9MjcgHq51FYLZuT9FU8sTUTZJhLQuIhJ6eQpfW
;PLG5SJXWEx7wGITg+ihO05p2iNcOHeHsihKeRQcei09gdPjFFxzRWzxZgiF0ZI3Vm/AFVE1SZ+0ISMf
;dWgwck3zyv8JW2lHQd53DoTFpC5ODKp9P18W6dU/Kx1gQz5IWPH8+RJeYlMerAVn/7fNWkVtzghgP2C
;Mpz8jH3FDMENc48/0fTAHIAiuBWeZ1qsuaH/dDlkxdYyKICUVe2g6Q1Tio5N9MhogHq5jDpPopTVFfs
;EeUzVJnLskJRVLfTlBYvXa4RhtZSAcrgVP67fNKFJ42h1cJH+GuxIrDXt1MXJI7830Hld0U3/cfDiC2
;ZIpQnzYE00kJ+nXTUpTFBxVX1j10fAeRm5PcPFkEYTeqQVCYsYZXDVlmrQ/MyR9cgpeSPHT/g9GNSAc
;rgV867fNKFJ42h1cJH+GuxIuEmd9N0FY3sLlIkFzQWzaBWXrt9haNwzaGUsid4qhJCUVS3I6WWLozeI
;UVmIgHK4FcOu3zShSeNodXCR/hrsSLg5mdTtKYvbK4RgDByIerhJn67e/P0N+yR9LOXmHiik/CX1yMn
;JK6NP0TzIFIB6/BWfrxaguRW3LCFY/eLawIysZeHlVLzyBsJF9MnVFatxkBJ/eojRoacYdXTxztudNS
;HoUOFUtPfPG5Q9TZFR3wWs4jtmsOFtp9x5aNnmbsBIlDmB5J3JO6cb9ETIFIR64BWfrxaguRW3LCFY/
;eLa5LDMeZn89TFPmxpF/Mwc5Hq4FFY7DvztUeMETUQ9zh7QvJh5LcyBZTujH9H0wByAFrgVnmdK5KFZ
;v3BVQPkmTvSI6JHtyOVRi8sz9FFY2IByuBXzrt80oUnjaHVwkf4a7EjATe2wKQlPt2s4OXWtJepwFZe
;u31lo3DNsXViJitrA1Ph5mcjRBYvLL9BFedH94x3cUn7fPWjcYqHw/I3qaiiwkFXF9OURT5vz0E1NlT
;HuuB2brls1aN3/ED2AzeYehIj8JS305WVjzzfAJW3FFQcpsFY7UuTNYYqh+P1A26dVNORdnQzZCUu3K
;/xptZUV68XEChseoKFZ43Q5aD2GIvDlKeRQcZy09gdD9Dm1kT3HCbAmM6K4jW2XGGFoiSYW6Oi8JS3Q
;wTEnk0c4JV2pQe9xkE57FqAVAbcEIP1IW6edNSntncCZyXu7M/RRcYH9912kOhdOoKGh52AxaIkmBsC
;w+HmZDIUhQ8cbjHEZyUnvxcgaCw81YNwyFfD9QZYWmEikUe3A8Q1rez/QbRlhGe8thOIPSrC5SfvcIW
;j1mjKcsPg5meQpaXOjXkX8yBwoergUUh8SSOVhjxBVRN0mZvD4+FHpDPUhc9cbjIkZiTW7Ldwafwr8/
;aHvJFUtQFOnVY0p7FG85XmLizP4RW2lHQdxsAIPDkjxSacwjVzV3nbA/FQ9xcSVIT+DX5A9XWFd/x3F
;n6bfNSTcMqA9TI0mOtD0VHX1wOXJY78LzEVcHIh6uJWfrt742RFPPH1A0c7azJCYeen04SGLnzOMQU3
;N/e8BkBYfSzVg3DLJ8P1BlhaYSIxVydTlBYubC4SJUbkxy8WAJitWhPzcOqHwLUBbppiE5JH1yM0RR7
;fz8CF5zSW7CYDiY1Kw0WWXGG2AzeZy7ORUaeGgwX1Pg1/gLV1hBcMlpAuu1zFogDKh8TDxltrgoOBxx
;QzpdWO/84hhVakVw2nZn6bbNTTcMqA9TI0mEsD8tHktzI0hP7cLhIkJmUmrdBWXqt+laNwzbEEwPeIC
;hPyUccXIKXU/u1/QeRm5PcPF1CJjDkjlYY8QVUTcW69VNVHsUHCZBTt7M5xhAdElw2mAVgtmqBVRjxQ
;xaPmWIoSQlFRQeVS0egaORDl50f27cYA+O1rkzWWv3Hlo0SZ2wIDoeZn0hWE/k/OYcW3MgHK8FUuu3z
;Slbf/cMTTV+jLQ5IxVzQzZUUejN9RhAWExx2WAVtN+oO0Np2iNLNXuZsD8rD2FuMHJK4MrlfTAHICuu
;BWeY274FR37NFFoxYoC7KhUYbXA8Q1nk0c4IQndFbPFtAorDqChoeM0RTzVkiKE4OB5LazRESYGhkX0
;CByAe3WkUtMe/P19pyQhWPnG2uSgsD0t6MEhZ3sv0HEZiUkHaYAqb0r87Q3naGWAnd4ChTUh7FDFVLT
;3yz+IiQnVFdstkE4LZqgVHZdsIUD5JgbAsPh5mQyFIUPHG4xxGclJ78XIGgsPNWDcMmXw/UGWFphI6C
;XF0MExJ6M32IkBuR3baWgGO0qkFX2nJCFoiSZ2wIDoeZn0hWE/k/OYcW3MgHK4FfOu3zSlbf/cMTTl4
;nYo5Kwh/QzlMX+TPzhhcZkJyywVl6rfsWjcM2xBMD2abvCM+Enp7Ck9Y5fzlGF93RWzPcRKZ0pItVmX
;cfD1RFtrVTUoIeG8KXU/ozeUUXGB/fddpDoXTqChoYMcLWiJJgbAsPh5mQyFIUPHG4xxGclJ78XIGgs
;PNWDcMm3w/UGWFphI6CX1yIURT5vzyBF5uTnrLdziex70/RVPAGV4kc5uKOS8WZHknTEn00fQiRWZJa
;q4HZ+uZzVo3f8QPYCBkgLs5IxVzQzlIW/X89xhXY392y2QTjsWSLlJh2BlNMWKcpygVDHV1IS0/gaO6
;fTIHU3LdWheZ3qMuXmLPI085ZZ26IxUTcX0hSE/e1/QQQmJSf9pwFY7oujteeKh+P1A56dVNORdnQyV
;fVO/X+BNVWFJ3yW0TtNGoP1NTwBleJHObijkvFmR5J0xJ9NH0IkVmSWquB2frr81aN3/ED2AieYCKPy
;8cfXM7ck7iwv8iXmZTaq4HZ+umzVo3f8QPYCN+gLAhLiRxcjRPUeSjk3wyLiAernYLmOi+L0VqyR9aD
;2WAsSgVD3FkIVhP5PzyEl5oUkHAahWG1qEzTWnMfD1QFvbVTUoIeG8KXkjzxfAeV1hTd8pgOJ/StS5C
;fs0jWj53i7koSnkVHHYtPYHQ/Q5tdFVsyGQEjui+M1Np9whaKGKcpygVF317PVlY8/zkDTIFIR6LBWf
;rxKEpaH/dDlkxdYyKPiMfcUMhSEX11uMYbWhVat1sA47oojRbdah+P1A36dVNORdnQyFFWPPO8BFtYk
;59wmoUnsWoBVVt2xlgNXiItyEvexYcVQw9gaPiEUFYVHbHazic1qE2aGjHCV08c7a5JCQeZ0MwQ1zjz
;/R9MAcgLq4FZ5jarDZbU8kOWjFJmrohIx9LdTtLVO3PzhteaFdBzWoKm9KjKVZ4wRNRD3OHtC8mHhQe
;VS0ogaORDl9mTHLxYwKKw7goUn/3GVExdIWwTUh7FD5VLT3yzvARXlhGe89xEpnSvgVeYs4VUzxJm7Q
;5IxRLeTtMX+3GkX8yBwYergUUhNukPmhqwRBTD3+Huyg4JHZuPEla6M32IlNlT2jLWhSb1r8pUgyqfD
;9NFunVPiUXfXgKRFPnyv0RbWVPatpqCrTaojRYeMcSVjMW69VNY3sUHCZCUejHzhRcYUlywloJisW/N
;UBT2hlYOXmHijg5Hkt/OkNe5M3lD1tkIByuBX3rt80pWGDBGGA5eI+8ISYkYHMlclDuzf4JXWlJfa4H
;Z+uuzVo3f8cQVjRJgLsrIxd4QyBeWN7E8A1tYUlywgVl6rfEWjcM2wxWIneFvDcvexYcVTM9gaPiDVt
;1QXLxaAiP0pIqVnjAI1Y+YoynPSUXdWg8QlOBoZB9JQcgHt1wF5vYvy5obcwdTyR/n7ASLxV1fjlIPY
;OjkXMyByBt23UXhMW5BVJiyR5TNRbr1E1fexQcJlhN8czjCW1iTnjBdwSOxZI1WWDRfD1QFsTVTUoIY
;WwlQk/1/PgTVG5McvFwFI7ooTNZadsjVj5JgbwqIiRweTteVPXazhpAbkQerARn8rfNWkR52AxQImK2
;uCIuEnJ1MF9i5sb/GEBmVHuuB2frkM1aN3/dDE8/ZJ2KPy8YZnk0WVjewvcJV3V/c8FhDo3eqChobsc
;TUzV3h9VPSnsKHFUtTvTT4RJAc39tw2QLh+irNlht3BlbD3CMtDk/CXFvVS89gbuRfTJ0VW7eahWf6K
;E/VmfRI1w/eIewLj4Se3JVLz2BsJF9MnRVbMhkBI7ooDVTafcZUTF0hbBNSHsUOVUtPfLW4xtTZEVB3
;WwDjui5P0943Q5aD3WGuSI4JHpzJ0Bc7crrGFYHIh6uHmfrt74vRWrJH1oPZYCxKBUPcWQhWE/k/PQT
;U2VMe64HZuuozVo3f90OWTF1jIo+Ix9xQyFIRfXW4xhta0l5xnECmei4KjcOqXweUBbppjg4HXV/MHJ
;O6Mf0IkZiWGrbdwK02LguRGXMGWA/eIWsTUh7FAdVLT3y1uMbU2RFQd1qC4LTki5YfPcRUD55nbojIx
;gUHlUtHIGjkQlXalB73GQTnsWoBVVj3AhQPUmaoD8sGnd5CkhT4MH9GDIFIB65BWfrw6g3R2naHUslZ
;IyKISMIYEMwQ1zjz/R9MAcgEq4FZ5jHuChEU80SXjJ6jNVPSnsKHFUtS+7P5BBXc1J3zVoUm9KoPmh/
;xRNQJH62sCMrGXh5VS89gbKRfTJiTn/MaQK0wKQqUlPcE0g1ZOnXTUpbFBxVWlTxxs4JXXBFbPFjDpP
;SqQVHY9sVSzl5h4ooJBp2cDAtP4GjtH0yB1d33mA4n9i6P0VTxBNQIGW2sCwpE0t5LVlP9Mf0D21iTn
;/MaQLrtc1aPAyofFA/bIyKPiIScXAxLT+Ao7J9MgdXd95gOJzWoTZoascOXDVytrc0FQh9cjJBWN7G6
;QlAckR73AVl67fEWjcMyg5WPUmdrD0vexcZVS09ztblGEAHLR6uBQSKw6g9WH7RI1Exe4zVTnt7FBwF
;X1Tv1/QPA1hhUOtROKqPkgpbedsjbQBf2ooeASkmQxxJWODO8BZXdX9O3GoBgtuoWiYMqHxcMWKMsiI
;4AktyNEBY3sv0BTIE5B6uBVfbgv1qBzuaTA9mL9nlew9LJCthHQ23lqFNBTUQLp00V9uCi2oHOJlMD2
;RT2eV5f0skKWEdDbTloU0GNhAunT1X24KLagc5mEwPZlXZ5Xp/SyQrZh0NtOWhTQc1EC6bNVfbg/RqB
;z+bTA9lUNnleHlLJCgXHQ20kaFNATUQLptDV9uD9GoHOpxMD2Yj2eV7e0skKhEdDbeSoU0ERRAumDBX
;24D/agc57kwPZSbZ5Xp4SyQqEx0Nt5WhTQQ+EC6YRlfbgfhaKwyofEwlZpm6Pz4kcHk7Xljex+QcXlh
;FZtp3EpjeojQ3D6R8P1BXhbltLwNgbiBJWPOjt30yB0R7wHYCtMS4Kkdj2ghgOXiPvCEmJHtpIUFU78
;biIld/VGzbYQKZt85WNwyoPVM8NoytOTgOcHknLS+Bo5EOR3dQcdxxOI/SoylSU9wFTzUW6tBNSntYd
;TtIToGNkX0yY0xu8WcGmNKSNlZ1zQ5gMXCdsD8VHmxsOl5I88bODld3QWzPcQ6E2ZI9VGPMGT9TFunV
;TUpJFBxVSVHx/PMcQWJ/cs98ApnorDxDadojWihmhqY4OB5LbzBdXPPC5RRdaX95zWoDjui9KFIMq3w
;/UBbp+k1Ke3BwJXJf4ND0Il5mWXvcWgWO0aIoUlPNBE8/ZZynKBUIcWw0X1z1yv4TbWBDccpgZ+i3zV
;o3DJt8P1ByhaUSKBpneQpBXPjG4yJQYkZx3GA4js+9NUR52hlgI3OZtD8rD31zO3Ja4sz1GG13UnuuB
;mfrt81aHAyofFs8Zra3LDkeS3A0VFjz/OQNQmJSQd5qDoXDkilSfMkOXiR/hrsSLRh7eDAtPoGjkX0y
;KCAermELm+ivO0Rp9xBeKXObijg6C3FuCl1S6M3lIkFiUH/cZBOC2KMFUG/HGFoPZpuwTUl7FBxVLTC
;Bo5EZXnd/ec1qA47oqDRTDKt8P1AW6c9NSntwcCVyWuLM9RhtYlhqy3cJituSOVhhxR1RNBbq1U1Kex
;QFVS095c/hIlVkT3rLWgGC26g0VmHNI1k/ZIS0OUp4chxVLUbmwP4ZV1hGd8JgCYraqAVAZdwUUCVit
;rA1PgZLZzhMXunK/xhtc1luy1oGidW/P0FlyQhWP3iUijYnGmB5J0Rc7fz/HF9if3/MZxWOwaQ7Q2XH
;EkIPbYW0NC8JS3QwRFrp1+wQXwc2Hq4FA4fHkj1UY8wZYDx3kLA/FRh8fTtKWIGgkX0yByALrgVnj9u
;9BVBvxxhaD2aGpjk6CXt/MF5OgaCRfTIHIBGuBWeP270FUG/HGFoPZZ20Pz57FxxVLT2BupF9MmNMbv
;FtAorDkjlCfsESWA9igLgoFRd9byEtPoGjkX0yGiAermELm+ikNFlp2iNcP3idujg4JHt6M15Y9fz9F
;EFzIB2uBWfrt/1aNwzMEE8Pe4CxKSYeS3A0VFjz/PAbRmJSQct9F4TEuChSU9sZTzFkiKEkJRVLezZC
;WeSjkn0yByAemgVn69OhKmhhwRhbPHO2uSwzHmZDNEtJ5NHOGEp3T23bdwK0xKgqVn7JCFY/eLayLiU
;fcUMlX1iBoJF9MgcgL64FZ4/bvQVaZcwYUzVJhbQ0LwlLfjBLUvPGzhhKd09t23cCtMSoKlZ+yQhWP3
;i2si4lH3EcVi09gaORSDIHIHrCdTiG3qk+W2n3EF4pc5uKLy8de24wclj50/4OR3VFQd1gF4rFrC5eY
;8YjWDN5jbASOglxHFYtPYGjkVAyByB6wnU4ht6pPltp9xBeKXObijg6C3FuCl1S6M3lIkFiUH/cZBOC
;2KMFUG/HGFpQFenVTUp7JRxVLVnt084QW2NEcstaC4rOqChoedgMWiJJmbokJA9LbzBdXPPC5RRdaX9
;5zWoDjui9KFIMq3w/UBbp5U1Ke3BwJXJT7tH8HF5YTH/XYBW01qsuUn73GUcgeZqgPy8kZ3klTE/g1/
;gSXFhHfcFhAuu0zVo3DKhIP1AWjbk9FRV7bjhMUd7P8ARXdX9/yHECmeioIkdj2wlNNUmasD0rCXVoP
;EJT3sTyElZif27cYGfot81aNwyZfD9QcoWlEiQUZnE0QWLtwugYQFhCe8hqFY7oqCJHY9sJTTVJmrA9
;Kwl1aDxCU97E8hJWYiAdrgVn67f4WjcMzBBPD3iGpyArF0twNFRY8/zzGFRoUnvxYB+b2L4vRWn3D1o
;gd5u0OSMUekMyTlLlxs4NQGIgHa4FZ+u34Fo3DMwQTw94hqcgKxdLcDRUWPP85A1CYlJB3moOhcOSKV
;J8yQ5eJH+GuxItGHt4MC0+gaORfTI2IB6uYQub6KM1RWHJEGA8d5CwPxUOZGwwX2LxzPgTRlhTe95kF
;YrDpDVZU88fUDRztqU/L3sXHFUtPYG0kX0yY0xu8XARtNS4KF5izyNLOXuMiiEjCGAcVi09gaORYTIH
;IHrCdTic1r4yXmLPI1sib4C7KhUPfXEwclHo0OV9MQcgHq4Fcuu3zT5bfPcLXiN+gLsqFQ99cTByUej
;Q5X0xByAergV467fNP094zQ5RMXq2tiIlF31yMnJb4M3ODkJiRXrxaQ6Yw81ZNwyofD9eFunVKysVS2
;8lSFjl/P0UQXMgHacFZ+uF9mgCN5xHCWAW+NVNSh19cDRAWO/XzglLd0VB3XEV67THWjcM+DB+cCfH4
;ngnFhQOVS0958r9HF9iTmrxcR6b0pIpQ36afDxaFunVHQY6NC17GgjszpFdMgcgeMd3FJ/ooTtOadoj
;TD96gLESIxVydTlBYvHC5QlXdU4erQBn67eBM1lp23w2UBbpsCMuVXN/OklYgaCJfDIHbS+eMUe4h+1
;hUnTcDko0c5v1JS8aYHknDVLnxZswAzMQPv01R9DfqDtDacxcXTVyyb0oKw9xbnVCW+eDuRRUJ1lx2y
;UPisGoel54gXZ4aSfJ7j8vF3VoPFtYodP+DltzSXHAbAiFvYprF0mFTR8WJdnlbWpAZnkhX1zi17EJW
;mIAeMdpBobSoy4XbYgeViQ2i7ArJQlxPDlEW/XK/xoSc0h7jmsIkc2hPxss3BMfInOFsCw5HjRvOkBY
;ocz3XUZvRT7edwKYxLgoUgbvTR8KPdjlbQ9WITwTFA2xk7FGX2hWe45fR57H7TtZaIgOWiRkiLY5ah1
;9cDRAWO/XsRhEYk4+w2oVjr2AYgMskw9LNWaZsD85W3t6My03gaORGFxjEjDJZgiP0s1ZsgyofHJiJN
;j1GXpbRy1lHTfMkaNMElMRPv00V9u9gGsHOIgoD3BF2d8Ae0sgPAEcHdKTmzADMxA+/TVtpob9bT1Lk
;U01FyfJkGB7W1IvZR03xpKxJxk3DiuOQErel5V3BTyIJRJiJsmTNj4JdWowQWLy0/QYVnoqWZw9R7OH
;7QMHBuVEC1pR0OVNXHsUHDJOUuXGzhhKc0VswGQLtNSiN1ptxhg/Uxbp1U1KbhQcVUhF9dHkGVd1f23
;ZbBOI3+M9VGPMGT9TFunVTUpuFBxVSl7ux/QiVG5Me8BkCo7oqzVFYckIP1Nx6dVNMRx3czFIYufK/R
;hcZk178XIOn9+iL0NTzQRLLUmSuCwpE31yMHJJ+NP0IlNlQmzLcw6Kw6Q1WXH3B1k5eoi4KCQPS3I0Q
;FjewvMfQGJWd89xDoTZ/Cdod8QdRjVktr0oIxx8aChAUIGxkX0ya0Fny3c4iN+sNFBphhtcP3KM1U5K
;exQcVTw9gaP2Hl1jRUHeahSfx781VGnbDz9TFunVTUprFBxVSl7ux/QiQGJQe9psE4LYo1o0Jqh8P2t
;kjKUoPhJgdTpDHebA/hlXDWcnnCUi2732KFJ8zQhWJH+Gu20tGHt4MC0tgaORD1dzUn/NcQ6E2eM9VG
;PMGT9TFunVTUpwFBxVXkng0eVTVWRPessFZB22zVpwPplcBD1znackKVtifTlYWPKp1kQCJxt/zHYIh
;8K5Pxd8xw9WJH+GuyQkHB5RbR8dutD0CRJiWGrccAOOxe0uWCzJHkw/epyhKGoWe3gwJ3Cwk6ZdCXRU
;f9xxR5zeuTIXeMAZHzZ3h/UiLB0eW2cVHdmTsSQCJxtzwXMCy+/iAxd4x1xSOXjJsCMuCGBzJV43xpG
;pXWg3ACXDahGOl5d6Q2OIEVY+Noy7KTkPe2wmJ3qwg8tMBykQPug8V9uH7WFaY94ZHyR+jPU9Jhpgej
;pfUKHH/gpcJxErw2ht4fD0aBdJmFwEKnObum0+E3E8MFVJ89b1GFYnTHvAYhODvccdByzwSAxwT9vib
;QxJJCxlDR26xP5dRmgAasZgR47Tqj8XY85cSzhzybcoLlseW2wfHdmTsSQCJ2Uujj4UjsPtIFJ+x1xL
;PzaMsSovW3t6dVlV5IPzGFYNZy6OQ17bh/16bT2IR2VwY5n1OiMPfDxkQFCL5KBddDUQLo5fV8uMl3p
;fY8UZHyN6hqIhM3EeW2QNZ7CWv00SQRkunjVH0NqiLFIs3BRacGaFtDksFGZxdUlS9s2xTAdqTRSkQl
;bL8fRqBzyIR0wgc4yxbTkeYGg8Q1qL5KhPEkINLY4+FY7DvztUeMETUVpb2OR6aitmdTtZVO/Ev1McB
;ywergUUn9a/LgUizx9QNHPp1v1KexRbZxw3xpqhd38/EhTjNFfcvYpoDyzwTB8JJuOSf3JbTixfagyh
;+aBIHDcAWJ01V+Hj/FBwNZpcemAcruRtDEkkLHVoDLGp1kQAJ2UupEJWy/H/agcs7VFEInOdpywpD31
;zO3JZ9ML9IlNqT2vAcRrh4/1QcDWaXHpgHK7kbQxJJCx1aAyxqdZEACdlLqRCVsvxti5Fbd4ZUw9lmb
;AoLgYeUWQcCqHz4xRcc0lwyStJxbfHWjcMzx9QNHO2oTQ6HhQfUy09gfH0DWBmUB6/BWfr3qM8XmDEI
;14+cYWwEiYSZ2hVLjuBo5FJBzwRLZsFcuu3zTNZasEQUw9ynLQhFR5saCdYTujM/30xCyAerkQLh5eo
;IkN+3RhaIhbn1U1KEnp6PEFR3tPwCUZiUnCuBmPrt80dRWXMfDBQFum8PyUVfXIyck3g1+UYQGkgHaU
;FZ+vlqDlDZcQVUTV3m9VQSnsUcDRUWPP84glTdVRB3moOhcOSKVRt2hpgOnmAuzlKeBccVS187c+RYD
;IHIHLPfAKZ6L4uVn7cI08/f4ehEjkedXEKTlLzzfQPMgQuHq4FNY7RoT9PQ9o/UD5gjK1NUnsUHDhMS
;d7A/hNUNn94x2kGhtKjLmhu2h1RNBbq0k1Ke0Z9PF5YsueRYjIHIHPPcTiI2KM8BlPOFVMxe4y7ORUf
;fW8lQVz4/P8cX2IgHbIFZ+vsnztef81Pew02uacoJxJhcXV9ccCDoFMFMk1zrhln67egO0NTyxNRNie
;2syQmGnl5O1li5sD+GVdYRXDKBWTrt81aNxKofD89d52KLiUVci0KS1TtwvwYXHN/ec1qA47ovi5Wft
;x8PFAW6dVNXXsUHDhMSd7A/hNUNn94x2kGhtKjLmhiyRFaUBXj1U1KK1hddRwTtpb8EDIjIB6uaAaf6
;K41WWqZI1k5eoi4KCQPS3I0QFjewvMfQGJWd89xDoTZzVk0DKh8bxxX6c1NSnt5fSFyXu7N90xtYUly
;z2gChcOSNFh4zQ8/Uxbp1U1KZhQcVUBc9fzyElxhEUHIbAuK2qg0Q1PYDlYzc7agIyMPFB9XLT2B6PZ
;9LwcgHsNkE7TUojRRPfcaVjx3hLAjPiRneSFZVO/EzhRWByM6rgVn2NX/aQ9vzEgSNC7ZtGB+SHZ/eB
;VYuMW8TwpmGHyeZwTT0axpNyaofD89d52KLiUVci0KS1TtwvwYXHN/bctxE4LZqiloasEQXj1zh6ESK
;Al1cjEtPoajkX1gZkltyzYj64bNWjdhyQhgM3mHs3wVHX1wNEBY79fODldzVHfAYhS00aQ2VmHNEksP
;coCmPSYabUM7TFDko5JhMgcgRfxkDpjS/h5qLPgOWj1/nLhtGjdVPGQDCrTO/H0cByAew2QTtNSiNFE
;99xpWPHeEsCM+JGd5IVlU78TiIlRuTH/DYAmf6KszW2n3El49c+nWR0p7FEwZbB2wjaZIX2ogMK4FZ4
;bWuQVUY8YaDg9wgLksJx56aApeWPXX+BNVdH94x2kGhtKjLmhryxNbNUmMuylKeBQcVS09saORfV9mV
;EHNagmNhpI8XmDJEVo+YramKD4PfXIyXmLnyv0cX2JOavFiBITTqAVEeMkOS1AV6dVNSnszHFUtUODX
;zh5daUYv8WMOh9agP1l49w9aJGKAuyo5JHJ1OUxQ5M3lIltjIB2KBWfrhK9oBDTLGAt9ctHlLGdPJ34
;2AAXkmvdQAD9BJsw1BYiPqzsEDIF8P1B7iKESKRR6emRyW+jP8BBXaVRB3WATn96jPURTzhVTMXuMuz
;kVFXVxMC0+i6ORfWJLYT6fK1De2qBaAQyofFIxYra2IiQdJUMzRFHgzvQTRlhTe9pxDoXQvgVRZcQdU
;jV4nYojKxZxQzRPX/PG5xRTc0lxwAVk6LfNWmdA6XwVUBbpuCw+JHdzO0sM3sX4EVNqRXDaWhSOw7kz
;WWvbI1k5eoi4KCQPS3I6WVjyo5J9MgcgHrMFZ+varC5ob8cSWWFJj7whKxZxciFySeTA+RNda0951wV
;k47fNWnFlxB1SNXid1VVKexRxNFli4sz/GwBYRnfCZAqO2bkFVX7JEltQFe7VTUopdXUmSA7Fo459Mg
;dNf9paBITZq2hoasEQXj1zh6ESLhJnbDlMRN7N8BBXByMCrgVnsOWsM0RpmzhicEabsCAjDnk8BWF8o
;ZK/SgdqTR6yBWfr2qwuaG/HElliSY+8ISsWcXIhclrizPUYbWJOeq4GZ+u3zVopDKh8UjFitrYiJB0m
;QzNEUeDO9BNGWEd9wWECtMS5O0V4qH8/UBbp1VpKexRxNFli4sz/GwBYRnfCZAqO2bkFWW3FGT9THOn
;VTRo3VTxkAwq0zvx9FgcgHsNkE7TUojRRPvcaVjx3hLAjPiR6fThIYuDB8w9XcUl/2mwIhbfOWTcMqC
;xzERbx1U1KFnVoCk5S78WjIlRuTH/DYAmf6KM1Q2nbfDxQFunVTVd7FBw4TEnewP4TVDV/eMdpBobSo
;y5ofNoVXDVJnLskPnsXHlUtPcrEkWAyByBzz3E4iNijPAVTzhVTMXuMuzkVCHFoIURT5vz4GTIEBB6u
;BVSJhf5iVGicUVtoJoj4eXkZdzFtSATnjqNFUz9CLsxmX43W/lodDKh8UjFitrYiJB0mQzNEUeDO9BN
;GWFN72nEOhdC+BVFlxB1SNXidii84Gnp4VS46gaORL1NuU3udQWfat81aWm3cI1w/eI/nEiwSeH04SF
;P1/OIYRnNJcMl2OI3eoTtaacYIYDR/mqUhKwJLcjRAWIGgjX0yB3tMz2wUjoSJBxdc2hlSOWOE9R0GO
;jQtexoI7M6RUzIHIHPPcTiI2KM8BVPOFVMxe4y7ORUIcWghRFPm0M4bW2tBc8trE7TRpDZSU8YdUjUW
;6t9NSntEUBQNDK+UpBBfBw4ergUKisOSOVhizk5gNn+FtCAvFWBDJkhJ9cr/GkFYRnfCZAqO2bkFUG/
;HGFoPc4exTUl7FBxVLQ2Bo5EQU3N/fcFrAdnoqzNbbcUZUSRJmrA5PhJ6eyZyW+jP8BBXaVRByWYIj9
;KSKUNt2gg/Uxbp1U1KXBQcVUBc9fzyElxhEkHIbAuK2qg0Q1PbGUskf4eyPhUdfXA0QFjv184UVgcjO
;q4FZ9jV/2kPb8xIEjQu2bRgfkh2f3gVWLjFvE8KZhh8nmcE09GsaTclqHw/PXedii4lFXIuCktU7cL8
;GFxzf23LcROC2aopaGrBEF49c4ehEiQaeXlVLjeBo5EtfkYAL4AyUobazWw3DKgRXiRJirojLElLejx
;BXOzG/wltdEVq2mwJjMSSPF5gyRFaPmK2uywnHkt9N09P5NX4HEZuT3CuBmTrt80Ke02oVj9QFoS0OR
;UYe3IzH2Lnyv0cX2JOavF2Ap/DpDRQf/caVjx3hLAjPiR6cyFIToGgkX0yByADrgVnhta5BVRjxhoND
;3CAuSwnHnpoCllY4sv/El5oR2euBm/rt80cXmDJEVo+YunETUp7ZHA0WVvu0fwiU2NIe91sCIW3zl43
;DKguXjZi6c9NSnt7ajBfVeDN9iJBb0VywnY4mMeoP1NTxBVMJBbq1U1KexQNVS098cLkDldYSHvHYg+
;f6KEzRHiofz9QFunVXEp7FGw5TEnnzOMQbWZEesdxDoTZzVk+DKh8bDt/m6ECJBdtHEMtPYHT4xhBdF
;Vsy1oGj8GsNFRp9whGIHPY1U5PexQcE0RF5MeRazIHIG7cYBSYwr8/aG3MCl4+dYyKOTMLcS5VLjiBo
;5E7W39Feq4nZ+u3vSheYtwZTQ91hrsrFRZ1fz1EU+T88BBtc0V9xmsIh9iqIzcPq3w/UFCvk01nexQc
;JV9U79f0D21kT3DIWgqK1KUzWWn3H0ojYoa4JDAeS2g6QlHpxvAZbWlBc8s0Z+i1zVo3WJh8ElAW6aU
;/IxVgeSdyXu7N9yJfZkN2x2sCtNS4KUNjxRVFNUmduiImE3F9MXJT4M70TzIEIh6uBTPat+laNwzYDl
;Y+YoynEikUenoKQFziy/gTV1hGd8JkCo7ZuQVZbcUZYGEW6t9NSntEUBQNDK+UpBBfBwQergUXmd6jL
;lJ+9x9QPnC2uCwpE31yMHJb6M/wEFdpVEHAZAqO6P9aNAaofD8AWqj1fGRMIXE4LR+Bo5ENQG5Oast3
;OIjYozxoYckfVzl4jIorIwl5azRfWN7X6A1XByMZrgVnoNukKkdp2nwgUBbppT8jFWB5J3Je7s33Il9
;mQ3bHawK02vxqBz33H1A0c+nWTUp7FBxKLT2B0+MUXHNFbPFmCIXRkjdWb8AVUTVJhOR9eklLfzpJWI
;GgkX0yByABrgVnm8WkNENp2iNcP3iPiiArGHx1O0hi7JGhTQJYQ3HKYGfot81aNwyJfD9QZpu8Iz4eZ
;kM2QlPn/PwcUW9JcMtaCIjDogVWaMwOWiNl6dZNSnsUHHUtPYHT4xRcc0Vs8WYIhdGSN1ZvwBVRNUmG
;tjklJHVsPEZY+KOSfTIHIB6CBWfrx78zWXjNDmAzeYezEicad3Q8Q1jezPIJXVhMf91xOJ7HoTVWaPc
;aUDxyjKdNSXsUHFUtGIGjkQ1Abk5qy3c4iNijPGhhyR9XOXiMij8vC3FoPEhP3sL1GUBiU22uBmfrt8
;1aEwyofE8if4ehKDgkd3M7S2LswvIVW2lFQdxgF47DpD9FU8kMVjtzkNVOSnsUHFUFPYGj4Q9baVR73
;FoEhNmrBVptyxRWPnO2pyg6HmB1MF9i7cLiCW1gUnHbdWfot81aNwyCfD9QZpu8Iz4eZkM2QlPn/Pwc
;UW9JcMtaFY7HqC5eadojTyJ/h6EoOCR6fThIPYKjkX0yBz8ergUXmd6jLlJ+9x9QPnC2uCwpE31yMHJ
;O5NflFFxgf3fKBWTPt81aUjnLSVxiddD4dHlMJjFhTwS4jqlFBzANL5g2VdyB9WNWaMxMP0kW6dU9OB
;J6aDBfYuLM/xttakF9xmwJjui5I0dpqH85UBbpsyElC2RlVQs9gaPhD1tpVHvcWgSE2asFWm3LFFY+c
;7ahNDoeS303T0/k1fgcRm5PcK4GZ+u3zVo7DKh8TyJ/h6EoOCRgZSVIPYKlkX0yYUxx3nUe67vNWjd8
;2hNZOXqMiiMrFnEcVi09gaORbjIHIGzPYxO007g7W1PNBEsiY5q8IiR7FxBVLT3Az/1dV39UbNthApm
;33lo3DNodWSRJgLsrIxd4QyVMSfXG4xMyBCUergUrgtmoKTcZqHw/InOdpywpD31zO3JH6czhIkZ+UH
;ufBWTtt81aeWPaEV48FvzVTUoJcWgnTF71yv4TbX1Icd5aE5LHqGg3D658P1BYhqcgKxcUCFUtPfLL9
;BFeWER33GAEn96iNGhgwQ9LUBXp1U1KewAcVS1O6srjCW1jVX/CWgKTw78vRGXHEj9TGunVTQsXeDww
;VUnz1vUYQAcIHq4FFIfEkjtTaMEIVj94iLkSKRR7cDxDWt7L9BRVb1RB2mwKjuiqKFZ8wHw8dhbp1X1
;kSy8tbR0NsY2hRgE3Di6VNF/bh/10BzebTA9+JtLjfXpLJDJlLSqBo5EOXnR/f8BrAorbpDRQU8oZWw
;9xm7Q9InsXHFUtPYGBkX0ydExt8WQJhdKsNl5izyNcKXqAuykvCUtwOlpY8/z2D1N3SB6tBWfrt814N
;wyoD1MjSYi7Iy8aeHU7SmLi2v0UXGNFbPFwF5vSvwVQfskMV1AV6dVNSnsOHFUtTu3QzhxcaUV/wmwJ
;jOi9M0R4xxJgN2SIpSVKeBQcVS09kqORfUFrU0HPcQqExL0yUn7NI1I/cozVTkl7FBw0RE+Bh5F9MnR
;MbfFnCJ/Dojdof90OWTF1jIokJB19cDlyXO/E/Rhta0lt2gVk77fNWgc3kUw/Rxbp1T4mCEt/OkNJ7t
;bjIkBiUHvPcTiG2Kk/Nw+ufD9QV6uWDAg4FC5VLT3yz+IiUWhPcsdrALTWqy5SfvcOWjN5iKEkJBxLa
;DBATeTR8AlHdUVB2mwKjuiqKFZ8wHw8Rhbp1XxzSzosbh0TsZigTQIpECWcMVfbmf1aFwyofEw8Zba2
;IiUXfXIycl/kx84JV2pQe9xkE57FqAVbZdsIP1MR6dVNelUkJ2QaDYGRkX0ydExt8WYIhNukNFBTywV
;TOXiNsD8VF3trMF9i6cbwCVd1f2rLaBeOxawuQn7NI1M5ZZ3VTk17FBxlAw26kqBNMjUgHq52C5jorj
;VYYMESWA91kLkkJB9xbgpYTfHG4yJaYkFqy3c4n9KgKlJ+yQhKInO2uSQ5DxQfUi09gZO/TQk2Fi6uK
;Gfrt742RFPLE1A8f4eyEiYecmgKS1jkx84VV2ZUe9xaE47avT9FbdwJTTVJhbw+PnsXG1UtPbGNoUYD
;MxAesQVn68ShKWhvxxNTOXiOiiAjFUtwNFRY8/zlFF9if3LHdhPrtM1aNwyoVj9QFpq5PhUYe3M5RFP
;m/OEUQXNPcPFtAorDqChoeM0RTzVkiKE4OB5LcDxeSYGgln0yBxAwnj5W3YfNfjcMqA9TI0mKuiImEn
;p7Cl1S8tfODlFmTnDHawC006g2VnX3EFYjYunWSkp7FCx7HQayjaF9EQcgHt1pFLTUojVbZcYbYCBkj
;Io+KRp6cjxDWt7H9BFTfn9yx3YT67TKWjcMmFIPayXH5U1kexQcJkFO3sD+El5uTnnxdw6M37kFUWnN
;GGA4c4ihKDgkYHk4XVjzwuUIQGJ/csd2E+u0ylo3DJhSD2sn3eVNaHsUHCZBTt7A/hJebk558XEOhtK
;SLlJh2BlNMWKcpygVHGZ9JUU9grWRfTI3Di6VNFDbmf1hBTiYTBFgLdjlfWRLFARVLT3yz+IiVWZQQc
;hsC4fovz9HackIYD15jbBNSX0UHFVsfMPh0j4yHiAernYLmOiqOVhozSNZOXqMuywnHkt6Ol9Q4NeRf
;lQHIB7VYgSE06gFUWXEGVExe4yKOiMPfHMgWWLk2+UAbXxNf81tDoXSki5OfM0jXjJ0m7A7IxpgdTpD
;QN7Y/BxGYlJ3z2k4hdagP2htyh5NNWCAtDkjFHphClZR4Nr0D21vRXfJbROW2qBaBAyofEw8Zba9KCs
;PfXIycl/kxf4PV1hSe81qBp/eoz1oeM0RTzVkiKE4OB5LaDxAWN7E4xxCbyAduwVn64T9dAc3mFIPay
;fe5WN6QCUuZR0TsaOEfTIHU3LdWg6F0aQ2W1PJElg8c7a5JDkPFB9RLT2Bk6pEAgc/Hq4FFIfEkjNZa
;sEQUw9xiKUSLBJ4cApfWPHG8Altak96ywVk7bfNWnZN6j58Exb/1U1KCHhvCkRT58r9EW11RW7LZBO0
;2qI+Ugyrej9QFqiUDwg4VxxNLT2B0P0ObW5OeMdpC7TErjtZYsESWA97hrEoSngRHFUtUO7H9BEyGiA
;ernYLmOikNFlp2iNcP3idujg4JHt6M15Y9fz9FEFzIB2uBWfrt+taNwzbEEwPZoaiKS8JS3owSFnozf
;YiQGhUf9psCIXovztDZccjUj9yjNVOT3sUHDNEReTHkV4yByBtwnY4m8WoMlJt3BVRN0mLsCkVD3FxJ
;UhP4NfkD1dYTHfdcWfol81aNzyGTARhJNn7fXFOJDJlFgy2k79NCTYQLoA1XNqA/XQHDJ18P1BlhaYS
;OglxdDBMSejN9iJRfkx3wGECmeihNUBp2iNXNXedsD8VD3FxJUhP4NfkD1dYTHfdcWfosM1aNzyGTAR
;hJ9nVeEp7FG85XmLx0fQVV2ZUd8BiOIjOoTNZaM0OYCVmmbA/FRNxfSFIT97X9BBCYlJ/2nAVjuihM0
;R4qH84UBbp5WN6QCUqZS0NgaORDl50f27cYA+O1rkzWWv3EFo2YrazKC8fS3QwTEnk0c4JV2pQe9xkE
;57FqAVbZdsIP1MR6dVNelUkJ2QZDYGBkX0ydExt8XUVjt+oO0NlxhtgPX+HiiErAnFuCllU7MbOEVt0
;VB6tBWfrt813NwyoD1MjSZmnKCIedWg8Q1re0/gORmhOQcZgBp/SvwVDacUMWiJ3naA/LyR4dSZZPYK
;kkX0yNw4ulTRR27fqWjcM2xBMD2absCUvGmB1O0pi8cziCW10Q3/Aaw6F0JI+UmDJBWA8f5qhTUl8FB
;xVHROxmKJTAgcGHq4FFIfEkipFacAZXiR/h7ISOglxQyZOXO/N+BNVWER7wmQetNukKUMMq3s/UBbZ+
;31xSDosVRw9gaPiEUFYUGzLbQKKw6Q0UFPaFVg4YrazKC8fS3QwTEnk0c4JV2pQe9xkE57FqAVbZdsI
;P1MR6dVNelUkJ2QZDYGGkX0ydExt8XUVjt+oO0NlxhtgJH+EsBI+HnlsMF9c9dbjGG1gUn/ebWfolc1
;aNzyGTARlJsfldntJJCx7HQawk6FTAjwTKJ41SduM/G0HIph8HlAW6aYhOSRkbjxDSejN9iJQYkRB2m
;AKm9K/O0N52hlgPH+aoU1JchQcVR0TsZigSgIpEB6dBWfrxKEpaHzaFVEkf4eyEikCeHU7SVjz/P0SR
;WJSQcZgBp/SvwVDacUMWiJ3naA/LyR4dSZZPYKkkX0yNw4ulTRW27f+WjcM2xBMD2abvCM+Enp7Ck5E
;7cr/GVd1f2vedQKZ6KU/VnjNDmAkc4SlKDgaYGknSGLtyuIJMgQnHq4FV8WH9msBPKhSP1AWmrk+FQt
;mdTtZVO/EzhFXYVRByGACj+ilP1Z4zQ5gJHOEpSg4GmBpJ0hi7criCTIEJx6uBVfFh/ZrAzyoXD9QFp
;q5PhULZnU7WVTvxM4QW2l/cs98ApnouTNaafcQViNi6dZNSnsUHH4tPYHQ/Q5td1J3wHEOhdCSKl5/3
;BNRD36MtDkvCUtoMEBN5NHwCUd1RUHCbBSft85dNwyoTBFgLdjjfUpeFBxVXlHy/OEPW2lUd8BiOJvY
;vi5of8sdUT5/h7ISLh54fSxyUejQ5X0xACAerjVJ24z+dAcMjHw/UGWFphI6CX1yIURT5vzhD1dYU33
;PawmC2aoFU2nEHUYPeoCmOUp4ExxVLQ2vk6pOHDcgMa4FZ5jbvgVHfsESSzl4joo/Ixx8aApLWOTHzh
;VXZlR73FoTjtq9P0Vt3AlNNUmFvD4+excbVS09sY2hRgMzEB6NBWfrxKEpaHzaFVEkf4eyEj4SeXkKW
;Vjs0/QPU3NVbMtaAJnWvTI3D6F8P1Amx+V2e0wkMmUtJYGjkQ5edH9swWw4mdKqM1hi9w9cMXi2uCIu
;HhQfUy09gcriEVNpRB67BWfrxKEpaH/LHVE+f4eyEjkeZWkwQ17ko5JzMgcgd8BjDofb8zlYYtwTSiI
;W5NVNSgh4bwpeWODOzglLd0UerQFn67ejNVlpqGU/UBaauT4VCHx1MEFZ3sL9Gl11SWrGaDifzr0/Nw
;+qfD9QQNjVUUp7FG85XmLyy/gYXmN/d8BjDofbkjtZa8QZYDx/mqFNSXwUHFUfD7SYokwHBwYergUUh
;8SSLl9lxiNIMXqFiiklDnZwMHJR6M30Dm11RW7LZBO02qI+Ugyrej9QFqiUDwg4VxxwLT2B0P0ObXNI
;d8BaEIrboQVEZcYbUzVJhbwjLyRmeSVIXPX8/BJWYiAdqAVn6/aMGHVP63weUBbppiE5JGBzJXJO9NH
;3HFFif3fAYw6H25I7WWvEGWA8f5qhTUl/FBxVHQa4k5FUMgcgbcNkC4forChSbfcPUDx/jYokJB19cD
;lyW+3M5iJRaE1uy2sUisOkNVkMqyc/UBbZ7n1xSzoubh0TtZelSQk3DiqVNUndhvlvDDyGSgRgON7le
;HNAJDJtFg2vlKdMCzwRMJs+V8WP+G0GN5pHD34u0e10cUgvLHsUD7KSqkgJNw4nmzdX0Ib9YQY3qGs/
;UBaauiEjH0t1O0tU7c/OHFxgTHvxaQ6Yw81ZMQyofAtlLdjmeEpvFBxVXlLtyvUiW2lGd8JpOJvWuS5
;SfsZ8PFUW6dUBIxVxb1U2PYGj4hJebkRBx2sBgtuhBUdt3AhaIni2tyI+D3txVS44gaORMVtpRW2uE2
;frt74vR3zHDksPcpy0IRUebGgnWE7ozP99MQsgHq5EC4eXqCJDft0YWiIW8NVNSghhbCVCT/X8+BNUb
;kxy8WQJjNuoBVtl2wg/UxXp1U1nTyEcdS09gdDkDUJoUmrxbAmN3qE2aGPdCFM5eIymEi8DYG4gSVjz
;o5JxMgcgX8JpR47PuShCaM0OP1wW6dU+PwtkcydZYvXa4RgyBCUergUrgtmoKTccqHw/I2OZpSI4D0t
;vIV9c9cb2BDIEJB6uBTOZ0qhaMAyofEwlZpm6Pz57FxZVLT3E1fQPS3BIe9xgZ8i3zVpEedoaXjNztq
;YiJhJwQzdCSfXM/CJbaUZ3wmk4m9a5LlJ+xnw8VRbp1QEjFXFvVQ09gaPiCEBhQX3LWhSE26Q+aHjHD
;GA5eI+8ISYkZH0hWVjzzZF+NwcgHuJsCY7EzU43DKgIWj1mjKcsPg5meQpPWOX8/RRBcyAdrgVn67fY
;WjcM3BlSIHObtDk/CXFDOUhb9fz9FEFzIB2uBWfrt9taNwzcGVIgc5u0OT8JcUMnRFrp184RW3RUHq0
;FZ+u3zVQ3DKgIWj1mhbQ5LyR6cyFIToGgkX0yByARrgVnnN69P2h4xwtaIkmEuikvexcWVS09yM3lGE
;BrQX3LYWf7t81aQGXYGWAkeZ6wPxUIfH0lSD2CqpF9MlVFfdpkCYzbqFo5DKh8SDlmjIo6Kxd4QzhCW
;eSjkncyByBXwHECmdusOVJoqGw/UBaGujcvJGd0PEhR5fzlBEJiIB2nBWfr4KwuUn7uHVM8FsbVTUp5
;FBxVLD2Bo9d9MgchHq4FaOu3zQk3aagIPyQWgNUjShwUPFVqPfOj/n1HB1AejgVW67bNWjcMqHw/QBb
;p1U1KexQcVS09gaORfTIHIB6uBWfrt81aNwyofD9SFunVSUp7FBhVLT38rZF9NAcgHshpCJvHtFo3DN
;I/P1BsqtVNMDgUHFUt8E1vr3wyB+hcrgWvqbbNWjcMqLR+UBbp1U9KexQeVS09gSeSfTMHINbvBWfrt
;81aF0xlsPNuFunVTUp7j19VLabCo5GhcDMgHq4FZ+u3z1o3DLx8P1AW6dVNSnsUHFUtPYGjkX0yByAe
;rgRn67fNWjcMqHw/UBbp1U1KexQclyA9gaORfTJfIB6uJmfrt6giQ37dGFoiJ7a2ODkPe3EKXU/ozeU
;cUGtFQdxgAILYowVPDKl8P1AW6dVNSnszHFUtWPnX4whWYlIv8WYSmMOiN2h82hVRJHeLuSgVCXF7PE
;JT3tviFEhiIB+uBWfrt00xdwyLfD9Qc5GhPz8fcW5kcl700OUSX1hQbMdrE4rVoT9ofs0bVj94tqxNS
;3sUHFUtPYGjkVoyByB71nEVntOoKAZTywlMJHmEij04EnpoNE9R5PzjGFVuT3DxfBSCzahaNgyofD9Q
;loKVTWl7FBwwVUnz1vUYQDV/fdt2E4TakipFZcYIXjJ6jIo/Lxx9cztyRYGikX0yByAergVnzLfNWlJ
;03A5KNHOb5xIpDmdoOkBi8dH4E0ZmQnLLWhWO0KQ1WVPQD1Yqc+nUTUp7FBxVLT2BgJF9MmJYatxwA4
;7F/wVUedsIUD1JmackJA91fjlIYvPG9hRdaX9nrgRn67fNWjcMqHwYUBbpsDU+CWF4MF8P3sDkDkZoT
;UHedw6Fw6w4W2n3Dlo3f4a7EjMIfWYwLTyBo5F9MgcgHq4QZ+u3oDtUZMESWg93hIo5Lxh8cjpBUuba
;kXwyByAergVn67fdWjcMxR1cOH+HsBIoGmF4J0xJ5KOQfTIHIB6OCSbrps1aN2HJH1c5eIyKLy8fS28
;9TE3ko5B9MgcgHq4FZ+ujzVo3YckfVzl4jIovLx9LaDBATd7O8AUyBiAergVna+yNWi4MqHxSMXWBvC
;MvJHZ5OVli5sL/CUB+f3/AYguOt8xaNwyofL8WVunDTUp7eX02RVTvxs4eXWpQe8B2Bp/eojRodKh9P
;1AW6dVNEzsUClUtPezC8hVbaUVBzWoKm9KjKVZ4wRNRD2/p1E1KexQcVXR9gYGRfTJqQX3GbAmO6Kk7
;Q233GlY8c7ahJT8WdnI0RFHey/QUVW9UHq8FZ+u3zVqzTKhdP1AWhLQuIhJ6eQpJXPXCzhtba0VB2m0
;ShtWjO15g9wtWNGKB1UxKexQcVS25waOcfTIHTX/NbQ6F0pI+XmH3BD9RFunVTUo7e1xVID2Bo/wcUW
;9JcMtaA4LakiM3Dah8P1AWqboNSnYUHFVAXOLL+BNXWER3w1od67bNWjcMqDxQEBb11U1KFnV/PURT5
;Pz1FEFzQXDNYDiNxaI3aG7HDls1ZOnUTUp7FBxVKX2Bt5F9MmpBfcZsCY7oqCJDft0YWiJJh6AgSnoU
;HFUtPYFTrn0oByAew2QEg96jP2hp0AhNJXKMpxIlHXJvMFli+ZGRfDIHIB6uBV6rt9daNwzFHVw4f4e
;wEi8DYG4gSVjz/P4bVHRFavF8Veu2zVo3DKh8P1AW+9VNShZ1fz1EU+T89xReZk17wHE42rfMWjcMqH
;w/UFbpx01Ke3l9NkVU78bOG1trQXPLaxO0hc1bNwyofD9QFqnVbkp7FHE0TlXozfQiVG5Sc9lkFY7or
;DlUacQZTTFigLojFR5LcTRVPYCjkX0yB6jd7gVB67fNN1ZvwBVRNUmPvD8nDHVuMHJc4sD0EVd1QWrH
;agm0x78zWXjBElhQF+nVTUp7VJMVLRiBo5EQU2RId8BgOI3evzdAbdoZYDF1irAhLwl1aDxCU97R9Al
;AZkNqrgRn67fNWker6HwbUBbpuCwpE31yMHJb6NH8ClN1RUHPZgSO26goVnjBE1EPYpu0Oy8XFB1VLT
;2Bo9HycgcDHq4FCorUpTNZafcaViJ7nrQ/LyR1fzZIUeTR8AlbaE5B1loKis/NWzcMqHw/xNep1W5Ke
;xRxNE5V6M30IlRuUnPZZBWO6Kw5VGnEGU0xYoC6IxUCS3E0VT2Ao5F9Mge03+4FROu3zTdWb8AVUTVJ
;j7w/Jwx1bjByXOLA9BFXdUFqx2oJtM2SN1Z0qH0/UBbp1U0TOxQDVS097MLyFVtpRUHIbBWGwKwoUlP
;OGVo0ZIihKBUeS3E0VT2Ao5F9MgcgJ+4FeOu3zTdWb8AVUTVJj7w/Jwx1bjByW+TG9Q9Tc0VB1loKis
;/NWzcMqHw/kGSp1VJKexRxNE5V6M30IlRuUnPZZBWO6Ks/UmjaHUs1SZCKICsDFB1VLT2Bo1EPcgc/H
;q4FCorUpTNZafcaViJ7nrQ/LyRyeTBJT+DX9CJIWE1/1gVm67fNWjcMvDw/Rxbp1SArGHx1O0hi58rj
;EEVmUnvxbwKZ3JI/Nw2ofD9QFunBDUpsFBxVQFziy/gTV1hGd9xoEIrFqAVdadoXYCgW6NVNSnsUHH1
;tPZajkX1fZkN2x2sCtNGkKFp7yQ5aD3yMpyYVAhQdVS09gaORVXIHNx6uBQqK1KUzWWn3GlYie560Py
;8kfnknRmL7o5Dnq565hzfcWOuizVo3YckfVzl4jIoqKxVgbixyVeTK9hVGByEergVn67fNWjcYqHw/P
;XeKvSQkHkt7NkJZ5PzwHkZuT3CuBGfrt81aNwyofCFQFum4LCkTfXIwclrizPUYbXNIa8NnCYreoQVf
;acEbVyQW6NVNSnsUHDxtPZyjkX1fZkN2x2sCtNCuNVNp9whXJXuLuywjF0trPElJ6aOQfTIHIB6ubCf
;rqM1aN2HJH1c5eIyKISsIYEMgXVHuwvUiQWJSaMt3OJ/OvT83Dah8P1AW6dVNSmwUHFVAXOLL+BNXWE
;5x1H8LjuipM1ZhzQhaIhbo1U1K242FjBI9mKORfV9mQ3bHawK02aIgTWDNI1s5d4SwOS8JSy5VLD2Bo
;zHkq94fHrcFZ+varDlfZcYZYD55k68hLyRgeThdYuzC6SIDByEergVn69e+GjcVqHw/PXeKvSQkHkty
;OldH7cbOCVdqUEHDZB+0hc1bNwyofD8wZanVX0p7FHE0TlXozfQiQnVJcNpaCoTTqFo2DKh8P1AW6dV
;Na3sUHDhMXunK/xhtd1Jxw3UTtMK+P2h+yRpLD2KBpyg5E3twMS08gaORfTLHQl6uCGfrt6A7VGTBEl
;oPZZ2wPS97FRxVLT2Bo5F9MiUgHq5oBojfpDRSU94VTSRjiLkSLwNgbiBJWPP8/htUdEVq8X1V67bNW
;jcMqHwGEBbL1U1KFnV/PURT5PznFEBzVX/CWgKTw78vU2naI1A2cJqwORUCJhxULT2Bo5F9MgcgP64F
;Z47PuShCaM0ODg91nKY5JRZLbCdEU/XC8xFXWFJ7yWwIhbfPWjctqHw/NW6dpzguHmYuCk5I8tf+EG1
;3UnfAcQaJ26gFRWnPFVA+FuvVTUZ7FBw4TF7pyv8YbWVFctoFZeu37Vo3DMUdXDh/h7ASKQ5naDpAYv
;HR+BNGbk558XUVgti/M0N1qH4/UA7p1U0nGnd0PENY3sfwCVNYQ3HAcQKFw5I7U2iofj5QA+nVTScad
;3Q8Q1jex/AJU1hGd8JgOIrTqVo1DahYP1AWhLQuIhJ6eQpIRfXR5BlXdX9t2WwTiN+SLVZl3CNXNXed
;vCMtexYcVT49gaP8HFFvSXDLWgGK2ZI5WGLcDlA8FuvUTVF7FBw4TF7pyv8YbWFJbMNyBpnSkihSeNo
;dXCR/hrtNSHsUPFUtPezC8hVbaUVByGwVhsCsKFJT3BVSNUmMpjkjFnVoPEJTgaGRfS8HIB7DZASD3q
;M/aGvLE1s1SYyKID8XYHUlQUTexf0SRQciHq4eZ+u3oDtUZMESWg9xiropLyRgdCBAX+/C+BFtZkR6r
;gdn66fNWjdhyR9XOXiMiiUvGmBDN0hZgaGQfSEHIB7DZASD3qM/aGXMGUcPZZCmOS8WFB5VLSGBo5EQ
;U2RId8BgOITapC5ofskVTDVihqAuIiR3czFIPYOjkWgyByBzz2YPgtmoBVh+wRtWPkmKsCM+HmYcVy0
;9lqORfV9mQ3bHawK0x781WnzcI0ojc7anLCwPFB5VLReBo5EQU2RId8BgOJvFojdHePcJTDVJm7QrPi
;RwaSVBVOLC5RRdaX9zx3cVhMXNWDcMsnw/UHuItiUjFXFDJ0hR4Nf4C1dYRWbadxKY3qI0Nw6ofBxQF
;um4LCkTfXIwck/k0PQJbWJ/cstrAJ/fkjZWdc0OYDN+iLsqL3sWHFUPPYGj/BxRb0lwy1oRitukPlZ4
;zSNPIn+HoSQkHEtsJ0RS88rlBDIFIR65BWfr2Ls/RX7BGFoPZYW8Li8kZ3khWVTvxOJ9MAcgCa4FZ4P
;SrC5eYs8jTDl7nLksPhJ7cgpJXPXCkX4yByAerhJn67egO1RkwRJaD3CAuSwnHnpoCkNc7MbOTDIEKh
;6uBTen9u1rGTudEVJQAenVTScad3Q8Q1jexfgRU2pFcNpaCYraqAUFDKt2P1AWuZkMako6K2BAUIGyk
;X0yakF9xmwJjuirM1tp9xJePXPp1ktKexR6OUJN8dqRaDIHIHPPZg+C2agFUWXaEUgxZIyKOTMLcRxW
;Kj2Bo9oRW3dQe9wFbeu3zTdWb8AVUTVJgLFNSV8UHFVICOKW8k9RPg0nnTJVxoOvYw4hkEQKZzvY435
;4TCIkbExZ5ZORbzIHIHPPZg+C2agFWj2YTA4PdYaxKEp4FBxVLT2To5F9X2ZDdsdrArTa/GoHPvcfUD
;Rz6dZNSnsUHEctPYHO8B5abk578WhV24f9BVRjzBk/Uxbp1U1KdxQcVUBc4sv4E1dYVGfeYGfosc1aN
;2rEE08gb+nMTUp7eX02RVTvxs4JS3dFQc9nBZnSuzNWeMETUVAV6dVNSnsUHFUtPYGjkW0yByAergVn
;67fNWjcMqHw/UBbp101Ke29hLC89gaKRfTJyIh6uD2frt50WdiyZUghle4TVTUqbKxxVtnmBo9Y+t+z
;nX65F+663zaBxDKjAfXgU6dVNSnsUE1UtPZGjkX1Ubkx/w2AJn+ipP1l/wQhGUBfp1U1Ke3SPFS0sga
;ORG1trQXPLaxO006Q7WmncGU1QF+nVTUp7FOBqLSyBo5EbW2tBc8trE7TRoTVAfskIWlAX6dVNSnuUS
;xUtM4GjkRtba0Fzy2sTtMe/M1RpqH0/UBZJpbByOxQOVS0958r9HF9iTmrxcwKZ3qsjaGXMfD5QFunV
;zdq4VBxCLT2BzOcYQHVJestaFIferj9of80ISzl4jqZNSHsUElUtPefK/RxfYk5q8WcVitmpWjQLqHw
;/AneApih5PxQJVS0958r9HF9iTmrxYQ6Yx6E7TlPGHVI1FurJTUp7T040RE7kkNUgEldSe8NsEoaXnR
;Z2LJlSCGV7hNVfSnsUejxBXOzG/wltYUlyy1oJitqoWjQGqHw/AFqo9XxkTCFxOC0vgaORG1trQXPLa
;xO00K41U2n3GVE0FurVTUp7FAhVLT3nyv0cX2JOavFiBITTqAVEeMkOS1AV6dVNSnsfHFUtW+jP8BBX
;aVRBx2Fn6JPNWjc/yk4MaHWN4WAuQyR9eBkO48C8RVc+RjOcPQbT1f04VDTOHQxQG+nVTSwSeH04SFP
;1/P8cX2IgHaQFZ+vngRsXPYZLCj176c9NSntydTlMUOTN5SJcZk178WQFicWoLF5t3BVQPhbq1k1Ke0
;RQFC0zgaORG1trQXPLaxO02aIuUn+ofz9QFunVTUp7FBxVLT2Ro5F9MgcgHq4FZ+u3zVo3DKh8P1IW6
;dU2N3sUHFUtPYGjkX0yByAergVn67fNWjcMqHw/UBbp1U1K
;Data end
;Recover start:29
;G21
;G90
;G28 X0 Y0
;G92 X0 Y0 Z{z}
;M221 T0 S94.00
;M140 S50.00
;M104 T0 S190.00
;M109 T0 S190.00
;T0
;M190 S50.00
;G21
;G90
;M82
;M106 S0
;T0
;G92 E0
;G1 F140 E29
;G1 X20 Y0 F140 E30
;G92 E0
;T{current_extruder}
;M106 S{current_fan_speed}
;G92 E{current_extrusion}
;G0 F6000 X{x} Y{y} Z{z}
;G0 F{current_travel_speed}
;G1 F{current_extrude_speed} E{current_extrusion}
;{current_unit}
;{current_pos_abs}
;{current_extrude_abs}
;M117 Printing...
;Recover end
;Print Time: 3164
;Material#1 Used: 5046.2
;Material#1 Cost: 0.38
