;Sliced by ideaMaker 5.5.0.8810, 2026-09-13 15:14:39 UTC+0200
;Slicer Version: 5.5.0.8810
;Dimension: 250.000 250.000 250.000 0.400
;Plate Shape: 0
;Origin Center: 0
;Extruder Offset #1: 25.000 0.000
;Filament Diameter #1: 1.750
;Filament Diameter #2: 1.750
;Filament Compensation #1: 94.000
;Filament Compensation #2: 90.000
;Filament Density #1: 1240.000
;Filament Density #2: 1240.000
;Filament Type #1: PLA
;Filament Type #2: PLA
;Filament Name #1: [Raise3D] Premium PLA 1.75mm
;Filament Name #2: [Raise3D] Premium PLA 1.75mm
;Filament #1: PLA 1.75mm
;Filament #2: PLA 1.75mm
;Printer Type: floppy
;Firmware: Klipper
;Bounding Box: 99.421 150.579 99.452 150.579 0.000 50.100
;Model Gap: 0.000
M221 T0 S94.00
M140 S50.00
M104 T0 S190.00
M109 T0 S190.00
T0
M190 S50.00
G21 ;metric values
G90 ;absolute positioning
M82 ;set extruder to absolute mode
M107 ;start with the fan off
G28 X0 Y0 ;move X/Y to min endstops
G28 Z0 ;move Z to min endstops
G1 Z15.0 F9000 ;move the platform down 15mm

G92 E0 ;zero the extruded length

G0 X43 Y27 F2000  ;go to the edge of the bed
G92 X0 Y0 E0 ;set zero to edge of the bed
G0 F9000 Z1 ;Z up with 1mm
G1 F200 Z0 ;Z home slowly

G1 Z15.0 F9000 ;move the platform down 15mm

G1 F9000 ;speed setting
G92 E-3 ;retraction
M117 Printing...
M1001
;TOTAL_NUM: 1
;PRINTING_TIME: 0
;REMAINING_TIME: 3152
;LAYER:0
;Z:0.300
;HEIGHT:0.300
;PRINTING: NON-OBJECT
;PRINTING_ID: -1
G1 F2400 E-3.0000
G0 F3900 X99.542 Y99.604
G0 F300 Z0.300
G0 F3900 X99.820 Y99.491
;TYPE:SKIRT
;WIDTH:0.400
G1 F1500 E0.0000
G1 F900 X150.265 Y99.452 E2.5167
G1 X150.509 Y99.820 E2.5387
G1 X150.579 Y150.108 E5.0476
G1 X150.458 Y150.396 E5.0632
G1 X150.180 Y150.509 E5.0782
G1 X99.892 Y150.579 E7.5871
G1 X99.604 Y150.458 E7.6026
G1 X99.491 Y150.180 E7.6176
G1 X99.421 Y99.892 E10.1265
G1 X99.542 Y99.604 E10.1421
G1 X99.820 Y99.491 E10.1571
G0 F3900 X99.821 Y99.891
G1 F900 X150.109 Y99.821 E12.6659
G1 X150.179 Y150.109 E15.1748
G1 X99.891 Y150.179 E17.6837
G1 X99.821 Y99.891 E20.1926
;PRINTING: 0.20mm-nozzle-0.40mm-walls-humebeam-flow-calibration-cube.st
;PRINTING_ID: 0
G1 F2400 E17.1926
G1 F300 Z0.500
G0 F3900 X100.200 Y100.200
;TYPE:WALL-OUTER
;WIDTH:0.400
G1 F300 Z0.300
G1 F1500 E20.1926
G1 F2400 X149.800 Y100.200 E22.6671
G1 X149.800 Y149.800 E25.1417
G1 X100.200 Y149.800 E27.6162
G1 X100.200 Y100.200 E30.0908
G0 F3900 X100.600 Y100.600
;TYPE:WALL-INNER
;WIDTH:0.400
G1 F2400 X149.400 Y100.600 E32.5254
G1 X149.400 Y149.400 E34.9601
G1 X100.600 Y149.400 E37.3947
G1 X100.600 Y100.600 E39.8294
G0 F3900 X101.000 Y101.000
G1 F2400 X149.000 Y101.000 E42.2241
G1 X149.000 Y149.000 E44.6188
G1 X101.000 Y149.000 E47.0135
G1 X101.000 Y101.000 E49.4083
G0 F3900 X101.400 Y101.400
G1 F2400 X148.600 Y101.400 E51.7631
G1 X148.600 Y148.600 E54.1179
G1 X101.400 Y148.600 E56.4727
G1 X101.400 Y101.400 E58.8275
G1 F2400 E55.8275
G1 F300 Z0.500
G0 F3900 X101.583 Y148.252
;TYPE:SOLID-FILL
;WIDTH:0.400
G1 F300 Z0.300
G1 F1500 E58.8275
G1 F2400 X101.746 Y148.415 E58.8391
G0 F2400 X102.311 Y148.415
G1 F2400 X101.583 Y147.687 E58.8904
G0 F2400 X101.583 Y147.121
G1 F2400 X102.877 Y148.415 E58.9817
G0 F2400 X103.443 Y148.415
G1 F2400 X101.583 Y146.555 E59.1129
G0 F2400 X101.583 Y145.989
G1 F2400 X104.009 Y148.415 E59.2841
G0 F2400 X104.574 Y148.415
G1 F2400 X101.583 Y145.424 E59.4951
G0 F2400 X101.583 Y144.858
G1 F2400 X105.140 Y148.415 E59.7461
G0 F2400 X105.706 Y148.415
G1 F2400 X101.583 Y144.292 E60.0370
G0 F2400 X101.583 Y143.727
G1 F2400 X106.271 Y148.415 E60.3678
G0 F2400 X106.837 Y148.415
G1 F2400 X101.583 Y143.161 E60.7385
G0 F2400 X101.583 Y142.595
G1 F2400 X107.403 Y148.415 E61.1491
G0 F2400 X107.968 Y148.415
G1 F2400 X101.583 Y142.030 E61.5996
G0 F2400 X101.583 Y141.464
G1 F2400 X108.534 Y148.415 E62.0900
G0 F2400 X109.100 Y148.415
G1 F2400 X101.583 Y140.898 E62.6204
G0 F2400 X101.583 Y140.333
G1 F2400 X109.665 Y148.415 E63.1906
G0 F2400 X110.231 Y148.415
G1 F2400 X101.583 Y139.767 E63.8008
G0 F2400 X101.583 Y139.201
G1 F2400 X110.797 Y148.415 E64.4509
G0 F2400 X111.362 Y148.415
G1 F2400 X101.583 Y138.636 E65.1408
G0 F2400 X101.583 Y138.070
G1 F2400 X111.928 Y148.415 E65.8707
G0 F2400 X112.494 Y148.415
G1 F2400 X101.583 Y137.504 E66.6406
G0 F2400 X101.583 Y136.939
G1 F2400 X113.060 Y148.415 E67.4503
G0 F2400 X113.625 Y148.415
G1 F2400 X101.583 Y136.373 E68.2999
G0 F2400 X101.583 Y135.807
G1 F2400 X114.191 Y148.415 E69.1895
G0 F2400 X114.757 Y148.415
G1 F2400 X101.583 Y135.241 E70.1190
G0 F2400 X101.583 Y134.676
G1 F2400 X115.322 Y148.415 E71.0883
G0 F2400 X115.888 Y148.415
G1 F2400 X101.583 Y134.110 E72.0976
G0 F2400 X101.583 Y133.544
G1 F2400 X116.454 Y148.415 E73.1469
G0 F2400 X117.019 Y148.415
G1 F2400 X101.583 Y132.979 E74.2360
G0 F2400 X101.583 Y132.413
G1 F2400 X117.585 Y148.415 E75.3650
G0 F2400 X118.151 Y148.415
G1 F2400 X101.583 Y131.847 E76.5340
G0 F2400 X101.583 Y131.282
G1 F2400 X118.716 Y148.415 E77.7428
G0 F2400 X119.282 Y148.415
G1 F2400 X101.583 Y130.716 E78.9915
G0 F2400 X101.583 Y130.150
G1 F2400 X119.848 Y148.415 E80.2802
G0 F2400 X120.413 Y148.415
G1 F2400 X101.583 Y129.585 E81.6088
G0 F2400 X101.583 Y129.019
G1 F2400 X120.979 Y148.415 E82.9773
G0 F2400 X121.545 Y148.415
G1 F2400 X101.583 Y128.453 E84.3857
G0 F2400 X101.583 Y127.888
G1 F2400 X122.110 Y148.415 E85.8340
G0 F2400 X122.676 Y148.415
G1 F2400 X101.583 Y127.322 E87.3222
G0 F2400 X101.583 Y126.756
G1 F2400 X123.242 Y148.415 E88.8504
G0 F2400 X123.808 Y148.415
G1 F2400 X101.583 Y126.190 E90.4185
G0 F2400 X101.583 Y125.625
G1 F2400 X124.373 Y148.415 E92.0264
G0 F2400 X124.939 Y148.415
G1 F2400 X101.583 Y125.059 E93.6743
G0 F2400 X101.583 Y124.493
G1 F2400 X125.505 Y148.415 E95.3622
G0 F2400 X126.070 Y148.415
G1 F2400 X101.583 Y123.928 E97.0898
G0 F2400 X101.583 Y123.362
G1 F2400 X126.636 Y148.415 E98.8575
G0 F2400 X127.202 Y148.415
G1 F2400 X101.583 Y122.796 E100.6650
G0 F2400 X101.583 Y122.231
G1 F2400 X127.767 Y148.415 E102.5125
G0 F2400 X128.333 Y148.415
G1 F2400 X101.583 Y121.665 E104.3998
G0 F2400 X101.583 Y121.099
G1 F2400 X128.899 Y148.415 E106.3271
G0 F2400 X129.464 Y148.415
G1 F2400 X101.583 Y120.534 E108.2943
G0 F2400 X101.583 Y119.968
G1 F2400 X130.030 Y148.415 E110.3013
G0 F2400 X130.596 Y148.415
G1 F2400 X101.583 Y119.402 E112.3484
G0 F2400 X101.583 Y118.837
G1 F2400 X131.161 Y148.415 E114.4353
G0 F2400 X131.727 Y148.415
G1 F2400 X101.583 Y118.271 E116.5621
G0 F2400 X101.583 Y117.705
G1 F2400 X132.293 Y148.415 E118.7288
G0 F2400 X132.859 Y148.415
G1 F2400 X101.583 Y117.140 E120.9355
G0 F2400 X101.583 Y116.574
G1 F2400 X133.424 Y148.415 E123.1820
G0 F2400 X133.990 Y148.415
G1 F2400 X101.583 Y116.008 E125.4685
G0 F2400 X101.583 Y115.442
G1 F2400 X134.556 Y148.415 E127.7950
G0 F2400 X135.121 Y148.415
G1 F2400 X101.583 Y114.877 E130.1612
G0 F2400 X101.583 Y114.311
G1 F2400 X135.687 Y148.415 E132.5675
G0 F2400 X136.253 Y148.415
G1 F2400 X101.583 Y113.745 E135.0136
G0 F2400 X101.583 Y113.180
G1 F2400 X136.818 Y148.415 E137.4996
G0 F2400 X137.384 Y148.415
G1 F2400 X101.583 Y112.614 E140.0256
G0 F2400 X101.583 Y112.048
G1 F2400 X137.950 Y148.415 E142.5915
G0 F2400 X138.515 Y148.415
G1 F2400 X101.583 Y111.483 E145.1972
G0 F2400 X101.583 Y110.917
G1 F2400 X139.081 Y148.415 E147.8429
G0 F2400 X139.647 Y148.415
G1 F2400 X101.583 Y110.351 E150.5285
G0 F2400 X101.583 Y109.786
G1 F2400 X140.212 Y148.415 E153.2540
G0 F2400 X140.778 Y148.415
G1 F2400 X101.583 Y109.220 E156.0194
G0 F2400 X101.583 Y108.654
G1 F2400 X141.344 Y148.415 E158.8248
G0 F2400 X141.909 Y148.415
G1 F2400 X101.583 Y108.089 E161.6700
G0 F2400 X101.583 Y107.523
G1 F2400 X142.475 Y148.415 E164.5552
G0 F2400 X143.041 Y148.415
G1 F2400 X101.583 Y106.957 E167.4803
G0 F2400 X101.583 Y106.391
G1 F2400 X143.607 Y148.415 E170.4453
G0 F2400 X144.172 Y148.415
G1 F2400 X101.583 Y105.826 E173.4502
G0 F2400 X101.583 Y105.260
G1 F2400 X144.738 Y148.415 E176.4950
G0 F2400 X145.304 Y148.415
G1 F2400 X101.583 Y104.694 E179.5797
G0 F2400 X101.583 Y104.129
G1 F2400 X145.869 Y148.415 E182.7043
G0 F2400 X146.435 Y148.415
G1 F2400 X101.583 Y103.563 E185.8689
G0 F2400 X101.583 Y102.997
G1 F2400 X147.001 Y148.415 E189.0734
G0 F2400 X147.566 Y148.415
G1 F2400 X101.583 Y102.432 E192.3177
G0 F2400 X101.583 Y101.866
G1 F2400 X148.132 Y148.415 E195.6020
G0 F2400 X148.415 Y148.132
G1 F2400 X101.866 Y101.583 E198.8863
G0 F2400 X102.432 Y101.583
G1 F2400 X148.415 Y147.566 E202.1306
G0 F2400 X148.415 Y147.001
G1 F2400 X102.997 Y101.583 E205.3351
G0 F2400 X103.563 Y101.583
G1 F2400 X148.415 Y146.435 E208.4997
G0 F2400 X148.415 Y145.869
G1 F2400 X104.129 Y101.583 E211.6243
G0 F2400 X104.694 Y101.583
G1 F2400 X148.415 Y145.304 E214.7091
G0 F2400 X148.415 Y144.738
G1 F2400 X105.260 Y101.583 E217.7539
G0 F2400 X105.826 Y101.583
G1 F2400 X148.415 Y144.172 E220.7588
G0 F2400 X148.415 Y143.607
G1 F2400 X106.391 Y101.583 E223.7238
G0 F2400 X106.957 Y101.583
G1 F2400 X148.415 Y143.041 E226.6489
G0 F2400 X148.415 Y142.475
G1 F2400 X107.523 Y101.583 E229.5340
G0 F2400 X108.089 Y101.583
G1 F2400 X148.415 Y141.909 E232.3792
G0 F2400 X148.415 Y141.344
G1 F2400 X108.654 Y101.583 E235.1846
G0 F2400 X109.220 Y101.583
G1 F2400 X148.415 Y140.778 E237.9500
G0 F2400 X148.415 Y140.212
G1 F2400 X109.786 Y101.583 E240.6755
G0 F2400 X110.351 Y101.583
G1 F2400 X148.415 Y139.647 E243.3611
G0 F2400 X148.415 Y139.081
G1 F2400 X110.917 Y101.583 E246.0068
G0 F2400 X111.483 Y101.583
G1 F2400 X148.415 Y138.515 E248.6125
G0 F2400 X148.415 Y137.950
G1 F2400 X112.048 Y101.583 E251.1784
G0 F2400 X112.614 Y101.583
G1 F2400 X148.415 Y137.384 E253.7044
G0 F2400 X148.415 Y136.818
G1 F2400 X113.180 Y101.583 E256.1904
G0 F2400 X113.745 Y101.583
G1 F2400 X148.415 Y136.253 E258.6366
G0 F2400 X148.415 Y135.687
G1 F2400 X114.311 Y101.583 E261.0428
G0 F2400 X114.877 Y101.583
G1 F2400 X148.415 Y135.121 E263.4091
G0 F2400 X148.415 Y134.556
G1 F2400 X115.442 Y101.583 E265.7355
G0 F2400 X116.008 Y101.583
G1 F2400 X148.415 Y133.990 E268.0220
G0 F2400 X148.415 Y133.424
G1 F2400 X116.574 Y101.583 E270.2685
G0 F2400 X117.140 Y101.583
G1 F2400 X148.415 Y132.859 E272.4752
G0 F2400 X148.415 Y132.293
G1 F2400 X117.705 Y101.583 E274.6420
G0 F2400 X118.271 Y101.583
G1 F2400 X148.415 Y131.727 E276.7688
G0 F2400 X148.415 Y131.161
G1 F2400 X118.837 Y101.583 E278.8557
G0 F2400 X119.402 Y101.583
G1 F2400 X148.415 Y130.596 E280.9027
G0 F2400 X148.415 Y130.030
G1 F2400 X119.968 Y101.583 E282.9098
G0 F2400 X120.534 Y101.583
G1 F2400 X148.415 Y129.464 E284.8769
G0 F2400 X148.415 Y128.899
G1 F2400 X121.099 Y101.583 E286.8042
G0 F2400 X121.665 Y101.583
G1 F2400 X148.415 Y128.333 E288.6916
G0 F2400 X148.415 Y127.767
G1 F2400 X122.231 Y101.583 E290.5390
G0 F2400 X122.796 Y101.583
G1 F2400 X148.415 Y127.202 E292.3466
G0 F2400 X148.415 Y126.636
G1 F2400 X123.362 Y101.583 E294.1142
G0 F2400 X123.928 Y101.583
G1 F2400 X148.415 Y126.070 E295.8419
G0 F2400 X148.415 Y125.505
G1 F2400 X124.493 Y101.583 E297.5297
G0 F2400 X125.059 Y101.583
G1 F2400 X148.415 Y124.939 E299.1776
G0 F2400 X148.415 Y124.373
G1 F2400 X125.625 Y101.583 E300.7856
G0 F2400 X126.190 Y101.583
G1 F2400 X148.415 Y123.808 E302.3536
G0 F2400 X148.415 Y123.242
G1 F2400 X126.756 Y101.583 E303.8818
G0 F2400 X127.322 Y101.583
G1 F2400 X148.415 Y122.676 E305.3700
G0 F2400 X148.415 Y122.110
G1 F2400 X127.888 Y101.583 E306.8183
G0 F2400 X128.453 Y101.583
G1 F2400 X148.415 Y121.545 E308.2267
G0 F2400 X148.415 Y120.979
G1 F2400 X129.019 Y101.583 E309.5952
G0 F2400 X129.585 Y101.583
G1 F2400 X148.415 Y120.413 E310.9238
G0 F2400 X148.415 Y119.848
G1 F2400 X130.150 Y101.583 E312.2125
G0 F2400 X130.716 Y101.583
G1 F2400 X148.415 Y119.282 E313.4613
G0 F2400 X148.415 Y118.716
G1 F2400 X131.282 Y101.583 E314.6701
G0 F2400 X131.847 Y101.583
G1 F2400 X148.415 Y118.151 E315.8390
G0 F2400 X148.415 Y117.585
G1 F2400 X132.413 Y101.583 E316.9681
G0 F2400 X132.979 Y101.583
G1 F2400 X148.415 Y117.019 E318.0572
G0 F2400 X148.415 Y116.454
G1 F2400 X133.544 Y101.583 E319.1064
G0 F2400 X134.110 Y101.583
G1 F2400 X148.415 Y115.888 E320.1157
G0 F2400 X148.415 Y115.322
G1 F2400 X134.676 Y101.583 E321.0850
G0 F2400 X135.241 Y101.583
G1 F2400 X148.415 Y114.757 E322.0145
G0 F2400 X148.415 Y114.191
G1 F2400 X135.807 Y101.583 E322.9041
G0 F2400 X136.373 Y101.583
G1 F2400 X148.415 Y113.625 E323.7537
G0 F2400 X148.415 Y113.060
G1 F2400 X136.939 Y101.583 E324.5635
G0 F2400 X137.504 Y101.583
G1 F2400 X148.415 Y112.494 E325.3333
G0 F2400 X148.415 Y111.928
G1 F2400 X138.070 Y101.583 E326.0632
G0 F2400 X138.636 Y101.583
G1 F2400 X148.415 Y111.362 E326.7531
G0 F2400 X148.415 Y110.797
G1 F2400 X139.201 Y101.583 E327.4032
G0 F2400 X139.767 Y101.583
G1 F2400 X148.415 Y110.231 E328.0134
G0 F2400 X148.415 Y109.665
G1 F2400 X140.333 Y101.583 E328.5836
G0 F2400 X140.898 Y101.583
G1 F2400 X148.415 Y109.100 E329.1140
G0 F2400 X148.415 Y108.534
G1 F2400 X141.464 Y101.583 E329.6044
G0 F2400 X142.030 Y101.583
G1 F2400 X148.415 Y107.968 E330.0549
G0 F2400 X148.415 Y107.403
G1 F2400 X142.595 Y101.583 E330.4656
G0 F2400 X143.161 Y101.583
G1 F2400 X148.415 Y106.837 E330.8363
G0 F2400 X148.415 Y106.271
G1 F2400 X143.727 Y101.583 E331.1670
G0 F2400 X144.292 Y101.583
G1 F2400 X148.415 Y105.706 E331.4579
G0 F2400 X148.415 Y105.140
G1 F2400 X144.858 Y101.583 E331.7089
G0 F2400 X145.424 Y101.583
G1 F2400 X148.415 Y104.574 E331.9199
G0 F2400 X148.415 Y104.009
G1 F2400 X145.989 Y101.583 E332.0911
G0 F2400 X146.555 Y101.583
G1 F2400 X148.415 Y103.443 E332.2223
G0 F2400 X148.415 Y102.877
G1 F2400 X147.121 Y101.583 E332.3136
G0 F2400 X147.687 Y101.583
G1 F2400 X148.415 Y102.311 E332.3650
G0 F2400 X148.415 Y101.746
G1 F2400 X148.252 Y101.583 E332.3765
;PRINTING_TIME: 200
;REMAINING_TIME: 2952
;LAYER:1
;Z:0.600
;HEIGHT:0.300
M106 S64
;PRINTING: 0.20mm-nozzle-0.40mm-walls-humebeam-flow-calibration-cube.st
;PRINTING_ID: 0
G1 F2400 E329.3765
G1 F300 Z0.800
G0 F3900 X100.200 Y100.200
G0 F300 Z0.600
;TYPE:WALL-OUTER
;WIDTH:0.400
G1 F300 Z0.600
G1 F1500 E332.3765
G1 F2100 X149.800 Y100.200 E334.8510
G1 X149.800 Y149.800 E337.3256
G1 X100.200 Y149.800 E339.8001
G1 X100.200 Y100.200 E342.2747
G0 F3900 X100.600 Y100.600
;TYPE:WALL-INNER
;WIDTH:0.400
;FLOW:90.0
G1 F2400 X149.400 Y100.600 E344.4659
G1 X149.400 Y149.400 E346.6571
G1 X100.600 Y149.400 E348.8482
G1 X100.600 Y100.600 E351.0394
G0 F3900 X101.000 Y101.000
G1 F2400 X149.000 Y101.000 E353.1947
G1 X149.000 Y149.000 E355.3499
G1 X101.000 Y149.000 E357.5052
G1 X101.000 Y101.000 E359.6604
G0 F3900 X101.400 Y101.400
G1 F2400 X148.600 Y101.400 E361.7798
G1 X148.600 Y148.600 E363.8991
G1 X101.400 Y148.600 E366.0184
G1 X101.400 Y101.400 E368.1378
G0 F3900 X101.583 Y101.780
;TYPE:SOLID-FILL
;WIDTH:0.400
;FLOW:95.0
G1 F2700 X101.780 Y101.583 E368.1510
G0 F2700 X102.345 Y101.583
G1 F2700 X101.583 Y102.345 E368.2021
G0 F2700 X101.583 Y102.911
G1 F2700 X102.911 Y101.583 E368.2911
G0 F2700 X103.477 Y101.583
G1 F2700 X101.583 Y103.477 E368.4180
G0 F2700 X101.583 Y104.042
G1 F2700 X104.042 Y101.583 E368.5828
G0 F2700 X104.608 Y101.583
G1 F2700 X101.583 Y104.608 E368.7856
G0 F2700 X101.583 Y105.174
G1 F2700 X105.174 Y101.583 E369.0263
G0 F2700 X105.740 Y101.583
G1 F2700 X101.583 Y105.740 E369.3049
G0 F2700 X101.583 Y106.305
G1 F2700 X106.305 Y101.583 E369.6214
G0 F2700 X106.871 Y101.583
G1 F2700 X101.583 Y106.871 E369.9759
G0 F2700 X101.583 Y107.437
G1 F2700 X107.437 Y101.583 E370.3683
G0 F2700 X108.002 Y101.583
G1 F2700 X101.583 Y108.002 E370.7985
G0 F2700 X101.583 Y108.568
G1 F2700 X108.568 Y101.583 E371.2667
G0 F2700 X109.134 Y101.583
G1 F2700 X101.583 Y109.134 E371.7728
G0 F2700 X101.583 Y109.699
G1 F2700 X109.699 Y101.583 E372.3168
G0 F2700 X110.265 Y101.583
G1 F2700 X101.583 Y110.265 E372.8988
G0 F2700 X101.583 Y110.831
G1 F2700 X110.831 Y101.583 E373.5186
G0 F2700 X111.396 Y101.583
G1 F2700 X101.583 Y111.396 E374.1764
G0 F2700 X101.583 Y111.962
G1 F2700 X111.962 Y101.583 E374.8720
G0 F2700 X112.528 Y101.583
G1 F2700 X101.583 Y112.528 E375.6057
G0 F2700 X101.583 Y113.093
G1 F2700 X113.093 Y101.583 E376.3772
G0 F2700 X113.659 Y101.583
G1 F2700 X101.583 Y113.659 E377.1866
G0 F2700 X101.583 Y114.225
G1 F2700 X114.225 Y101.583 E378.0339
G0 F2700 X114.791 Y101.583
G1 F2700 X101.583 Y114.791 E378.9192
G0 F2700 X101.583 Y115.356
G1 F2700 X115.356 Y101.583 E379.8424
G0 F2700 X115.922 Y101.583
G1 F2700 X101.583 Y115.922 E380.8035
G0 F2700 X101.583 Y116.488
G1 F2700 X116.488 Y101.583 E381.8026
G0 F2700 X117.053 Y101.583
G1 F2700 X101.583 Y117.053 E382.8395
G0 F2700 X101.583 Y117.619
G1 F2700 X117.619 Y101.583 E383.9143
G0 F2700 X118.185 Y101.583
G1 F2700 X101.583 Y118.185 E385.0271
G0 F2700 X101.583 Y118.750
G1 F2700 X118.750 Y101.583 E386.1778
G0 F2700 X119.316 Y101.583
G1 F2700 X101.583 Y119.316 E387.3664
G0 F2700 X101.583 Y119.882
G1 F2700 X119.882 Y101.583 E388.5929
G0 F2700 X120.447 Y101.583
G1 F2700 X101.583 Y120.447 E389.8573
G0 F2700 X101.583 Y121.013
G1 F2700 X121.013 Y101.583 E391.1597
G0 F2700 X121.579 Y101.583
G1 F2700 X101.583 Y121.579 E392.5000
G0 F2700 X101.583 Y122.144
G1 F2700 X122.144 Y101.583 E393.8781
G0 F2700 X122.710 Y101.583
G1 F2700 X101.583 Y122.710 E395.2942
G0 F2700 X101.583 Y123.276
G1 F2700 X123.276 Y101.583 E396.7483
G0 F2700 X123.841 Y101.583
G1 F2700 X101.583 Y123.841 E398.2402
G0 F2700 X101.583 Y124.407
G1 F2700 X124.407 Y101.583 E399.7700
G0 F2700 X124.973 Y101.583
G1 F2700 X101.583 Y124.973 E401.3378
G0 F2700 X101.583 Y125.539
G1 F2700 X125.539 Y101.583 E402.9435
G0 F2700 X126.104 Y101.583
G1 F2700 X101.583 Y126.104 E404.5871
G0 F2700 X101.583 Y126.670
G1 F2700 X126.670 Y101.583 E406.2686
G0 F2700 X127.236 Y101.583
G1 F2700 X101.583 Y127.236 E407.9881
G0 F2700 X101.583 Y127.801
G1 F2700 X127.801 Y101.583 E409.7454
G0 F2700 X128.367 Y101.583
G1 F2700 X101.583 Y128.367 E411.5407
G0 F2700 X101.583 Y128.933
G1 F2700 X128.933 Y101.583 E413.3739
G0 F2700 X129.498 Y101.583
G1 F2700 X101.583 Y129.498 E415.2449
G0 F2700 X101.583 Y130.064
G1 F2700 X130.064 Y101.583 E417.1539
G0 F2700 X130.630 Y101.583
G1 F2700 X101.583 Y130.630 E419.1009
G0 F2700 X101.583 Y131.195
G1 F2700 X131.195 Y101.583 E421.0857
G0 F2700 X131.761 Y101.583
G1 F2700 X101.583 Y131.761 E423.1085
G0 F2700 X101.583 Y132.327
G1 F2700 X132.327 Y101.583 E425.1692
G0 F2700 X132.892 Y101.583
G1 F2700 X101.583 Y132.892 E427.2677
G0 F2700 X101.583 Y133.458
G1 F2700 X133.458 Y101.583 E429.4043
G0 F2700 X134.024 Y101.583
G1 F2700 X101.583 Y134.024 E431.5787
G0 F2700 X101.583 Y134.589
G1 F2700 X134.589 Y101.583 E433.7910
G0 F2700 X135.155 Y101.583
G1 F2700 X101.583 Y135.155 E436.0413
G0 F2700 X101.583 Y135.721
G1 F2700 X135.721 Y101.583 E438.3295
G0 F2700 X136.287 Y101.583
G1 F2700 X101.583 Y136.287 E440.6556
G0 F2700 X101.583 Y136.852
G1 F2700 X136.852 Y101.583 E443.0196
G0 F2700 X137.418 Y101.583
G1 F2700 X101.583 Y137.418 E445.4215
G0 F2700 X101.583 Y137.984
G1 F2700 X137.984 Y101.583 E447.8614
G0 F2700 X138.549 Y101.583
G1 F2700 X101.583 Y138.549 E450.3391
G0 F2700 X101.583 Y139.115
G1 F2700 X139.115 Y101.583 E452.8548
G0 F2700 X139.681 Y101.583
G1 F2700 X101.583 Y139.681 E455.4084
G0 F2700 X101.583 Y140.246
G1 F2700 X140.246 Y101.583 E457.9999
G0 F2700 X140.812 Y101.583
G1 F2700 X101.583 Y140.812 E460.6293
G0 F2700 X101.583 Y141.378
G1 F2700 X141.378 Y101.583 E463.2967
G0 F2700 X141.943 Y101.583
G1 F2700 X101.583 Y141.943 E466.0019
G0 F2700 X101.583 Y142.509
G1 F2700 X142.509 Y101.583 E468.7451
G0 F2700 X143.075 Y101.583
G1 F2700 X101.583 Y143.075 E471.5262
G0 F2700 X101.583 Y143.640
G1 F2700 X143.640 Y101.583 E474.3452
G0 F2700 X144.206 Y101.583
G1 F2700 X101.583 Y144.206 E477.2021
G0 F2700 X101.583 Y144.772
G1 F2700 X144.772 Y101.583 E480.0970
G0 F2700 X145.338 Y101.583
G1 F2700 X101.583 Y145.338 E483.0298
G0 F2700 X101.583 Y145.903
G1 F2700 X145.903 Y101.583 E486.0004
G0 F2700 X146.469 Y101.583
G1 F2700 X101.583 Y146.469 E489.0090
G0 F2700 X101.583 Y147.035
G1 F2700 X147.035 Y101.583 E492.0556
G0 F2700 X147.600 Y101.583
G1 F2700 X101.583 Y147.600 E495.1400
G0 F2700 X101.583 Y148.166
G1 F2700 X148.166 Y101.583 E498.2623
G0 F2700 X148.415 Y101.900
G1 F2700 X101.900 Y148.415 E501.3801
G0 F2700 X102.466 Y148.415
G1 F2700 X148.415 Y102.466 E504.4600
G0 F2700 X148.415 Y103.031
G1 F2700 X103.031 Y148.415 E507.5020
G0 F2700 X103.597 Y148.415
G1 F2700 X148.415 Y103.597 E510.5060
G0 F2700 X148.415 Y104.163
G1 F2700 X104.163 Y148.415 E513.4721
G0 F2700 X104.728 Y148.415
G1 F2700 X148.415 Y104.728 E516.4004
G0 F2700 X148.415 Y105.294
G1 F2700 X105.294 Y148.415 E519.2907
G0 F2700 X105.860 Y148.415
G1 F2700 X148.415 Y105.860 E522.1430
G0 F2700 X148.415 Y106.425
G1 F2700 X106.425 Y148.415 E524.9575
G0 F2700 X106.991 Y148.415
G1 F2700 X148.415 Y106.991 E527.7341
G0 F2700 X148.415 Y107.557
G1 F2700 X107.557 Y148.415 E530.4727
G0 F2700 X108.122 Y148.415
G1 F2700 X148.415 Y108.122 E533.1734
G0 F2700 X148.415 Y108.688
G1 F2700 X108.688 Y148.415 E535.8362
G0 F2700 X109.254 Y148.415
G1 F2700 X148.415 Y109.254 E538.4611
G0 F2700 X148.415 Y109.820
G1 F2700 X109.820 Y148.415 E541.0480
G0 F2700 X110.385 Y148.415
G1 F2700 X148.415 Y110.385 E543.5971
G0 F2700 X148.415 Y110.951
G1 F2700 X110.951 Y148.415 E546.1082
G0 F2700 X111.517 Y148.415
G1 F2700 X148.415 Y111.517 E548.5814
G0 F2700 X148.415 Y112.082
G1 F2700 X112.082 Y148.415 E551.0167
G0 F2700 X112.648 Y148.415
G1 F2700 X148.415 Y112.648 E553.4141
G0 F2700 X148.415 Y113.214
G1 F2700 X113.214 Y148.415 E555.7735
G0 F2700 X113.779 Y148.415
G1 F2700 X148.415 Y113.779 E558.0951
G0 F2700 X148.415 Y114.345
G1 F2700 X114.345 Y148.415 E560.3787
G0 F2700 X114.911 Y148.415
G1 F2700 X148.415 Y114.911 E562.6244
G0 F2700 X148.415 Y115.476
G1 F2700 X115.476 Y148.415 E564.8322
G0 F2700 X116.042 Y148.415
G1 F2700 X148.415 Y116.042 E567.0021
G0 F2700 X148.415 Y116.608
G1 F2700 X116.608 Y148.415 E569.1341
G0 F2700 X117.173 Y148.415
G1 F2700 X148.415 Y117.173 E571.2282
G0 F2700 X148.415 Y117.739
G1 F2700 X117.739 Y148.415 E573.2843
G0 F2700 X118.305 Y148.415
G1 F2700 X148.415 Y118.305 E575.3025
G0 F2700 X148.415 Y118.871
G1 F2700 X118.871 Y148.415 E577.2828
G0 F2700 X119.436 Y148.415
G1 F2700 X148.415 Y119.436 E579.2252
G0 F2700 X148.415 Y120.002
G1 F2700 X120.002 Y148.415 E581.1296
G0 F2700 X120.568 Y148.415
G1 F2700 X148.415 Y120.568 E582.9961
G0 F2700 X148.415 Y121.133
G1 F2700 X121.133 Y148.415 E584.8248
G0 F2700 X121.699 Y148.415
G1 F2700 X148.415 Y121.699 E586.6155
G0 F2700 X148.415 Y122.265
G1 F2700 X122.265 Y148.415 E588.3683
G0 F2700 X122.830 Y148.415
G1 F2700 X148.415 Y122.830 E590.0832
G0 F2700 X148.415 Y123.396
G1 F2700 X123.396 Y148.415 E591.7601
G0 F2700 X123.962 Y148.415
G1 F2700 X148.415 Y123.962 E593.3991
G0 F2700 X148.415 Y124.527
G1 F2700 X124.527 Y148.415 E595.0003
G0 F2700 X125.093 Y148.415
G1 F2700 X148.415 Y125.093 E596.5635
G0 F2700 X148.415 Y125.659
G1 F2700 X125.659 Y148.415 E598.0888
G0 F2700 X126.224 Y148.415
G1 F2700 X148.415 Y126.224 E599.5762
G0 F2700 X148.415 Y126.790
G1 F2700 X126.790 Y148.415 E601.0257
G0 F2700 X127.356 Y148.415
G1 F2700 X148.415 Y127.356 E602.4372
G0 F2700 X148.415 Y127.921
G1 F2700 X127.921 Y148.415 E603.8109
G0 F2700 X128.487 Y148.415
G1 F2700 X148.415 Y128.487 E605.1466
G0 F2700 X148.415 Y129.053
G1 F2700 X129.053 Y148.415 E606.4444
G0 F2700 X129.619 Y148.415
G1 F2700 X148.415 Y129.619 E607.7043
G0 F2700 X148.415 Y130.184
G1 F2700 X130.184 Y148.415 E608.9262
G0 F2700 X130.750 Y148.415
G1 F2700 X148.415 Y130.750 E610.1103
G0 F2700 X148.415 Y131.316
G1 F2700 X131.316 Y148.415 E611.2564
G0 F2700 X131.881 Y148.415
G1 F2700 X148.415 Y131.881 E612.3646
G0 F2700 X148.415 Y132.447
G1 F2700 X132.447 Y148.415 E613.4349
G0 F2700 X133.013 Y148.415
G1 F2700 X148.415 Y133.013 E614.4673
G0 F2700 X148.415 Y133.578
G1 F2700 X133.578 Y148.415 E615.4618
G0 F2700 X134.144 Y148.415
G1 F2700 X148.415 Y134.144 E616.4183
G0 F2700 X148.415 Y134.710
G1 F2700 X134.710 Y148.415 E617.3369
G0 F2700 X135.275 Y148.415
G1 F2700 X148.415 Y135.275 E618.2177
G0 F2700 X148.415 Y135.841
G1 F2700 X135.841 Y148.415 E619.0605
G0 F2700 X136.407 Y148.415
G1 F2700 X148.415 Y136.407 E619.8653
G0 F2700 X148.415 Y136.972
G1 F2700 X136.972 Y148.415 E620.6323
G0 F2700 X137.538 Y148.415
G1 F2700 X148.415 Y137.538 E621.3614
G0 F2700 X148.415 Y138.104
G1 F2700 X138.104 Y148.415 E622.0525
G0 F2700 X138.670 Y148.415
G1 F2700 X148.415 Y138.670 E622.7057
G0 F2700 X148.415 Y139.235
G1 F2700 X139.235 Y148.415 E623.3210
G0 F2700 X139.801 Y148.415
G1 F2700 X148.415 Y139.801 E623.8984
G0 F2700 X148.415 Y140.367
G1 F2700 X140.367 Y148.415 E624.4378
G0 F2700 X140.932 Y148.415
G1 F2700 X148.415 Y140.932 E624.9394
G0 F2700 X148.415 Y141.498
G1 F2700 X141.498 Y148.415 E625.4030
G0 F2700 X142.064 Y148.415
G1 F2700 X148.415 Y142.064 E625.8287
G0 F2700 X148.415 Y142.629
G1 F2700 X142.629 Y148.415 E626.2165
G0 F2700 X143.195 Y148.415
G1 F2700 X148.415 Y143.195 E626.5664
G0 F2700 X148.415 Y143.761
G1 F2700 X143.761 Y148.415 E626.8784
G0 F2700 X144.326 Y148.415
G1 F2700 X148.415 Y144.326 E627.1525
G0 F2700 X148.415 Y144.892
G1 F2700 X144.892 Y148.415 E627.3886
G0 F2700 X145.458 Y148.415
G1 F2700 X148.415 Y145.458 E627.5868
G0 F2700 X148.415 Y146.023
G1 F2700 X146.023 Y148.415 E627.7471
G0 F2700 X146.589 Y148.415
G1 F2700 X148.415 Y146.589 E627.8695
G0 F2700 X148.415 Y147.155
G1 F2700 X147.155 Y148.415 E627.9540
G0 F2700 X147.720 Y148.415
G1 F2700 X148.415 Y147.720 E628.0006
G0 F2700 X148.415 Y148.286
G1 F2700 X148.286 Y148.415 E628.0092
;PRINTING_TIME: 357
;REMAINING_TIME: 2795
;LAYER:2
;Z:0.900
;HEIGHT:0.300
;FLOW:100.0
;PRINTING: 0.20mm-nozzle-0.40mm-walls-humebeam-flow-calibration-cube.st
;PRINTING_ID: 0
G1 F2400 E625.0092
G1 F300 Z1.100
G0 F3900 X100.200 Y100.200
G0 F300 Z0.900
;TYPE:WALL-OUTER
;WIDTH:0.400
G1 F300 Z0.900
G1 F1500 E628.0092
G1 F2100 X149.800 Y100.200 E630.4838
G1 X149.800 Y149.800 E632.9583
G1 X100.200 Y149.800 E635.4329
G1 X100.200 Y100.200 E637.9074
G0 F3900 X100.600 Y100.600
;TYPE:WALL-INNER
;WIDTH:0.400
;FLOW:90.0
G1 F2400 X149.400 Y100.600 E640.0986
G1 X149.400 Y149.400 E642.2898
G1 X100.600 Y149.400 E644.4810
G1 X100.600 Y100.600 E646.6721
G0 F3900 X101.000 Y101.000
G1 F2400 X149.000 Y101.000 E648.8274
G1 X149.000 Y149.000 E650.9826
G1 X101.000 Y149.000 E653.1379
G1 X101.000 Y101.000 E655.2932
G0 F3900 X101.400 Y101.400
G1 F2400 X148.600 Y101.400 E657.4125
G1 X148.600 Y148.600 E659.5318
G1 X101.400 Y148.600 E661.6512
G1 X101.400 Y101.400 E663.7705
G1 F2400 E660.7705
G1 F300 Z1.100
G0 F3900 X101.583 Y148.252
;TYPE:SOLID-FILL
;WIDTH:0.400
;FLOW:95.0
G1 F300 Z0.900
G1 F1500 E663.7705
G1 F3000 X101.746 Y148.415 E663.7814
G0 F3000 X102.311 Y148.415
G1 F3000 X101.583 Y147.687 E663.8302
G0 F3000 X101.583 Y147.121
G1 F3000 X102.877 Y148.415 E663.9170
G0 F3000 X103.443 Y148.415
G1 F3000 X101.583 Y146.555 E664.0416
G0 F3000 X101.583 Y145.989
G1 F3000 X104.009 Y148.415 E664.2042
G0 F3000 X104.574 Y148.415
G1 F3000 X101.583 Y145.424 E664.4047
G0 F3000 X101.583 Y144.858
G1 F3000 X105.140 Y148.415 E664.6431
G0 F3000 X105.706 Y148.415
G1 F3000 X101.583 Y144.292 E664.9195
G0 F3000 X101.583 Y143.727
G1 F3000 X106.271 Y148.415 E665.2337
G0 F3000 X106.837 Y148.415
G1 F3000 X101.583 Y143.161 E665.5859
G0 F3000 X101.583 Y142.595
G1 F3000 X107.403 Y148.415 E665.9760
G0 F3000 X107.968 Y148.415
G1 F3000 X101.583 Y142.030 E666.4039
G0 F3000 X101.583 Y141.464
G1 F3000 X108.534 Y148.415 E666.8699
G0 F3000 X109.100 Y148.415
G1 F3000 X101.583 Y140.898 E667.3737
G0 F3000 X101.583 Y140.333
G1 F3000 X109.665 Y148.415 E667.9154
G0 F3000 X110.231 Y148.415
G1 F3000 X101.583 Y139.767 E668.4951
G0 F3000 X101.583 Y139.201
G1 F3000 X110.797 Y148.415 E669.1127
G0 F3000 X111.362 Y148.415
G1 F3000 X101.583 Y138.636 E669.7681
G0 F3000 X101.583 Y138.070
G1 F3000 X111.928 Y148.415 E670.4615
G0 F3000 X112.494 Y148.415
G1 F3000 X101.583 Y137.504 E671.1929
G0 F3000 X101.583 Y136.939
G1 F3000 X113.060 Y148.415 E671.9621
G0 F3000 X113.625 Y148.415
G1 F3000 X101.583 Y136.373 E672.7693
G0 F3000 X101.583 Y135.807
G1 F3000 X114.191 Y148.415 E673.6143
G0 F3000 X114.757 Y148.415
G1 F3000 X101.583 Y135.241 E674.4974
G0 F3000 X101.583 Y134.676
G1 F3000 X115.322 Y148.415 E675.4183
G0 F3000 X115.888 Y148.415
G1 F3000 X101.583 Y134.110 E676.3771
G0 F3000 X101.583 Y133.544
G1 F3000 X116.454 Y148.415 E677.3739
G0 F3000 X117.019 Y148.415
G1 F3000 X101.583 Y132.979 E678.4085
G0 F3000 X101.583 Y132.413
G1 F3000 X117.585 Y148.415 E679.4811
G0 F3000 X118.151 Y148.415
G1 F3000 X101.583 Y131.847 E680.5916
G0 F3000 X101.583 Y131.282
G1 F3000 X118.716 Y148.415 E681.7400
G0 F3000 X119.282 Y148.415
G1 F3000 X101.583 Y130.716 E682.9263
G0 F3000 X101.583 Y130.150
G1 F3000 X119.848 Y148.415 E684.1506
G0 F3000 X120.413 Y148.415
G1 F3000 X101.583 Y129.585 E685.4127
G0 F3000 X101.583 Y129.019
G1 F3000 X120.979 Y148.415 E686.7128
G0 F3000 X121.545 Y148.415
G1 F3000 X101.583 Y128.453 E688.0508
G0 F3000 X101.583 Y127.888
G1 F3000 X122.110 Y148.415 E689.4266
G0 F3000 X122.676 Y148.415
G1 F3000 X101.583 Y127.322 E690.8404
G0 F3000 X101.583 Y126.756
G1 F3000 X123.242 Y148.415 E692.2922
G0 F3000 X123.808 Y148.415
G1 F3000 X101.583 Y126.190 E693.7819
G0 F3000 X101.583 Y125.625
G1 F3000 X124.373 Y148.415 E695.3094
G0 F3000 X124.939 Y148.415
G1 F3000 X101.583 Y125.059 E696.8749
G0 F3000 X101.583 Y124.493
G1 F3000 X125.505 Y148.415 E698.4784
G0 F3000 X126.070 Y148.415
G1 F3000 X101.583 Y123.928 E700.1197
G0 F3000 X101.583 Y123.362
G1 F3000 X126.636 Y148.415 E701.7989
G0 F3000 X127.202 Y148.415
G1 F3000 X101.583 Y122.796 E703.5161
G0 F3000 X101.583 Y122.231
G1 F3000 X127.767 Y148.415 E705.2712
G0 F3000 X128.333 Y148.415
G1 F3000 X101.583 Y121.665 E707.0641
G0 F3000 X101.583 Y121.099
G1 F3000 X128.899 Y148.415 E708.8951
G0 F3000 X129.464 Y148.415
G1 F3000 X101.583 Y120.534 E710.7639
G0 F3000 X101.583 Y119.968
G1 F3000 X130.030 Y148.415 E712.6706
G0 F3000 X130.596 Y148.415
G1 F3000 X101.583 Y119.402 E714.6153
G0 F3000 X101.583 Y118.837
G1 F3000 X131.161 Y148.415 E716.5978
G0 F3000 X131.727 Y148.415
G1 F3000 X101.583 Y118.271 E718.6183
G0 F3000 X101.583 Y117.705
G1 F3000 X132.293 Y148.415 E720.6767
G0 F3000 X132.859 Y148.415
G1 F3000 X101.583 Y117.140 E722.7730
G0 F3000 X101.583 Y116.574
G1 F3000 X133.424 Y148.415 E724.9073
G0 F3000 X133.990 Y148.415
G1 F3000 X101.583 Y116.008 E727.0794
G0 F3000 X101.583 Y115.442
G1 F3000 X134.556 Y148.415 E729.2895
G0 F3000 X135.121 Y148.415
G1 F3000 X101.583 Y114.877 E731.5375
G0 F3000 X101.583 Y114.311
G1 F3000 X135.687 Y148.415 E733.8234
G0 F3000 X136.253 Y148.415
G1 F3000 X101.583 Y113.745 E736.1473
G0 F3000 X101.583 Y113.180
G1 F3000 X136.818 Y148.415 E738.5090
G0 F3000 X137.384 Y148.415
G1 F3000 X101.583 Y112.614 E740.9086
G0 F3000 X101.583 Y112.048
G1 F3000 X137.950 Y148.415 E743.3462
G0 F3000 X138.515 Y148.415
G1 F3000 X101.583 Y111.483 E745.8217
G0 F3000 X101.583 Y110.917
G1 F3000 X139.081 Y148.415 E748.3351
G0 F3000 X139.647 Y148.415
G1 F3000 X101.583 Y110.351 E750.8864
G0 F3000 X101.583 Y109.786
G1 F3000 X140.212 Y148.415 E753.4757
G0 F3000 X140.778 Y148.415
G1 F3000 X101.583 Y109.220 E756.1028
G0 F3000 X101.583 Y108.654
G1 F3000 X141.344 Y148.415 E758.7679
G0 F3000 X141.909 Y148.415
G1 F3000 X101.583 Y108.089 E761.4708
G0 F3000 X101.583 Y107.523
G1 F3000 X142.475 Y148.415 E764.2117
G0 F3000 X143.041 Y148.415
G1 F3000 X101.583 Y106.957 E766.9906
G0 F3000 X101.583 Y106.391
G1 F3000 X143.607 Y148.415 E769.8073
G0 F3000 X144.172 Y148.415
G1 F3000 X101.583 Y105.826 E772.6620
G0 F3000 X101.583 Y105.260
G1 F3000 X144.738 Y148.415 E775.5546
G0 F3000 X145.304 Y148.415
G1 F3000 X101.583 Y104.694 E778.4851
G0 F3000 X101.583 Y104.129
G1 F3000 X145.869 Y148.415 E781.4535
G0 F3000 X146.435 Y148.415
G1 F3000 X101.583 Y103.563 E784.4598
G0 F3000 X101.583 Y102.997
G1 F3000 X147.001 Y148.415 E787.5040
G0 F3000 X147.566 Y148.415
G1 F3000 X101.583 Y102.432 E790.5862
G0 F3000 X101.583 Y101.866
G1 F3000 X148.132 Y148.415 E793.7062
G0 F3000 X148.415 Y148.132
G1 F3000 X101.866 Y101.583 E796.8263
G0 F3000 X102.432 Y101.583
G1 F3000 X148.415 Y147.566 E799.9084
G0 F3000 X148.415 Y147.001
G1 F3000 X102.997 Y101.583 E802.9527
G0 F3000 X103.563 Y101.583
G1 F3000 X148.415 Y146.435 E805.9590
G0 F3000 X148.415 Y145.869
G1 F3000 X104.129 Y101.583 E808.9274
G0 F3000 X104.694 Y101.583
G1 F3000 X148.415 Y145.304 E811.8579
G0 F3000 X148.415 Y144.738
G1 F3000 X105.260 Y101.583 E814.7505
G0 F3000 X105.826 Y101.583
G1 F3000 X148.415 Y144.172 E817.6051
G0 F3000 X148.415 Y143.607
G1 F3000 X106.391 Y101.583 E820.4219
G0 F3000 X106.957 Y101.583
G1 F3000 X148.415 Y143.041 E823.2007
G0 F3000 X148.415 Y142.475
G1 F3000 X107.523 Y101.583 E825.9416
G0 F3000 X108.089 Y101.583
G1 F3000 X148.415 Y141.909 E828.6446
G0 F3000 X148.415 Y141.344
G1 F3000 X108.654 Y101.583 E831.3097
G0 F3000 X109.220 Y101.583
G1 F3000 X148.415 Y140.778 E833.9368
G0 F3000 X148.415 Y140.212
G1 F3000 X109.786 Y101.583 E836.5260
G0 F3000 X110.351 Y101.583
G1 F3000 X148.415 Y139.647 E839.0774
G0 F3000 X148.415 Y139.081
G1 F3000 X110.917 Y101.583 E841.5908
G0 F3000 X111.483 Y101.583
G1 F3000 X148.415 Y138.515 E844.0662
G0 F3000 X148.415 Y137.950
G1 F3000 X112.048 Y101.583 E846.5038
G0 F3000 X112.614 Y101.583
G1 F3000 X148.415 Y137.384 E848.9035
G0 F3000 X148.415 Y136.818
G1 F3000 X113.180 Y101.583 E851.2652
G0 F3000 X113.745 Y101.583
G1 F3000 X148.415 Y136.253 E853.5891
G0 F3000 X148.415 Y135.687
G1 F3000 X114.311 Y101.583 E855.8750
G0 F3000 X114.877 Y101.583
G1 F3000 X148.415 Y135.121 E858.1229
G0 F3000 X148.415 Y134.556
G1 F3000 X115.442 Y101.583 E860.3330
G0 F3000 X116.008 Y101.583
G1 F3000 X148.415 Y133.990 E862.5052
G0 F3000 X148.415 Y133.424
G1 F3000 X116.574 Y101.583 E864.6394
G0 F3000 X117.140 Y101.583
G1 F3000 X148.415 Y132.859 E866.7358
G0 F3000 X148.415 Y132.293
G1 F3000 X117.705 Y101.583 E868.7942
G0 F3000 X118.271 Y101.583
G1 F3000 X148.415 Y131.727 E870.8147
G0 F3000 X148.415 Y131.161
G1 F3000 X118.837 Y101.583 E872.7972
G0 F3000 X119.402 Y101.583
G1 F3000 X148.415 Y130.596 E874.7419
G0 F3000 X148.415 Y130.030
G1 F3000 X119.968 Y101.583 E876.6486
G0 F3000 X120.534 Y101.583
G1 F3000 X148.415 Y129.464 E878.5174
G0 F3000 X148.415 Y128.899
G1 F3000 X121.099 Y101.583 E880.3483
G0 F3000 X121.665 Y101.583
G1 F3000 X148.415 Y128.333 E882.1413
G0 F3000 X148.415 Y127.767
G1 F3000 X122.231 Y101.583 E883.8964
G0 F3000 X122.796 Y101.583
G1 F3000 X148.415 Y127.202 E885.6136
G0 F3000 X148.415 Y126.636
G1 F3000 X123.362 Y101.583 E887.2928
G0 F3000 X123.928 Y101.583
G1 F3000 X148.415 Y126.070 E888.9341
G0 F3000 X148.415 Y125.505
G1 F3000 X124.493 Y101.583 E890.5375
G0 F3000 X125.059 Y101.583
G1 F3000 X148.415 Y124.939 E892.1030
G0 F3000 X148.415 Y124.373
G1 F3000 X125.625 Y101.583 E893.6306
G0 F3000 X126.190 Y101.583
G1 F3000 X148.415 Y123.808 E895.1203
G0 F3000 X148.415 Y123.242
G1 F3000 X126.756 Y101.583 E896.5720
G0 F3000 X127.322 Y101.583
G1 F3000 X148.415 Y122.676 E897.9859
G0 F3000 X148.415 Y122.110
G1 F3000 X127.888 Y101.583 E899.3617
G0 F3000 X128.453 Y101.583
G1 F3000 X148.415 Y121.545 E900.6997
G0 F3000 X148.415 Y120.979
G1 F3000 X129.019 Y101.583 E901.9998
G0 F3000 X129.585 Y101.583
G1 F3000 X148.415 Y120.413 E903.2619
G0 F3000 X148.415 Y119.848
G1 F3000 X130.150 Y101.583 E904.4862
G0 F3000 X130.716 Y101.583
G1 F3000 X148.415 Y119.282 E905.6725
G0 F3000 X148.415 Y118.716
G1 F3000 X131.282 Y101.583 E906.8209
G0 F3000 X131.847 Y101.583
G1 F3000 X148.415 Y118.151 E907.9314
G0 F3000 X148.415 Y117.585
G1 F3000 X132.413 Y101.583 E909.0040
G0 F3000 X132.979 Y101.583
G1 F3000 X148.415 Y117.019 E910.0386
G0 F3000 X148.415 Y116.454
G1 F3000 X133.544 Y101.583 E911.0354
G0 F3000 X134.110 Y101.583
G1 F3000 X148.415 Y115.888 E911.9942
G0 F3000 X148.415 Y115.322
G1 F3000 X134.676 Y101.583 E912.9151
G0 F3000 X135.241 Y101.583
G1 F3000 X148.415 Y114.757 E913.7981
G0 F3000 X148.415 Y114.191
G1 F3000 X135.807 Y101.583 E914.6432
G0 F3000 X136.373 Y101.583
G1 F3000 X148.415 Y113.625 E915.4504
G0 F3000 X148.415 Y113.060
G1 F3000 X136.939 Y101.583 E916.2196
G0 F3000 X137.504 Y101.583
G1 F3000 X148.415 Y112.494 E916.9510
G0 F3000 X148.415 Y111.928
G1 F3000 X138.070 Y101.583 E917.6444
G0 F3000 X138.636 Y101.583
G1 F3000 X148.415 Y111.362 E918.2998
G0 F3000 X148.415 Y110.797
G1 F3000 X139.201 Y101.583 E918.9174
G0 F3000 X139.767 Y101.583
G1 F3000 X148.415 Y110.231 E919.4971
G0 F3000 X148.415 Y109.665
G1 F3000 X140.333 Y101.583 E920.0388
G0 F3000 X140.898 Y101.583
G1 F3000 X148.415 Y109.100 E920.5426
G0 F3000 X148.415 Y108.534
G1 F3000 X141.464 Y101.583 E921.0085
G0 F3000 X142.030 Y101.583
G1 F3000 X148.415 Y107.968 E921.4365
G0 F3000 X148.415 Y107.403
G1 F3000 X142.595 Y101.583 E921.8266
G0 F3000 X143.161 Y101.583
G1 F3000 X148.415 Y106.837 E922.1788
G0 F3000 X148.415 Y106.271
G1 F3000 X143.727 Y101.583 E922.4930
G0 F3000 X144.292 Y101.583
G1 F3000 X148.415 Y105.706 E922.7694
G0 F3000 X148.415 Y105.140
G1 F3000 X144.858 Y101.583 E923.0078
G0 F3000 X145.424 Y101.583
G1 F3000 X148.415 Y104.574 E923.2083
G0 F3000 X148.415 Y104.009
G1 F3000 X145.989 Y101.583 E923.3709
G0 F3000 X146.555 Y101.583
G1 F3000 X148.415 Y103.443 E923.4955
G0 F3000 X148.415 Y102.877
G1 F3000 X147.121 Y101.583 E923.5823
G0 F3000 X147.687 Y101.583
G1 F3000 X148.415 Y102.311 E923.6311
G0 F3000 X148.415 Y101.746
G1 F3000 X148.252 Y101.583 E923.6420
;PRINTING_TIME: 504
;REMAINING_TIME: 2648
;LAYER:3
;Z:1.200
;HEIGHT:0.300
;FLOW:100.0
M106 S153
;PRINTING: 0.20mm-nozzle-0.40mm-walls-humebeam-flow-calibration-cube.st
;PRINTING_ID: 0
G1 F2400 E920.6420
G1 F300 Z1.400
G0 F3900 X148.252 Y100.700
G0 F300 Z1.200
G0 F3900 X100.300 Y100.210
G0 X100.200 Y100.200
;TYPE:WALL-OUTER
;WIDTH:0.400
G1 F300 Z1.200
G1 F1500 E923.6420
G1 F2100 X149.800 Y100.200 E926.1165
G1 X149.800 Y149.800 E928.5911
G1 X100.200 Y149.800 E931.0656
G1 X100.200 Y100.200 E933.5402
G1 F2400 E930.5402
G1 F300 Z1.400
G0 F3900 X100.800 Y100.800
G1 F300 Z1.200
G1 F1500 E933.5402
G1 F2100 X100.800 Y149.200 E935.9549
G1 X149.200 Y149.200 E938.3696
G1 X149.200 Y100.800 E940.7843
G1 X100.800 Y100.800 E943.1989
G0 F3900 X100.517 Y100.517
;TYPE:GAP-FILL
;WIDTH:0.234
;FLOW:95.0
G1 F3300 X100.600 Y149.500 E944.5571
G1 X149.500 Y149.400 E945.9129
G1 X149.400 Y100.500 E947.2687
G1 X100.517 Y100.517 E948.6241
;PRINTING_TIME: 520
;REMAINING_TIME: 2631
;LAYER:4
;Z:1.500
;HEIGHT:0.300
;FLOW:100.0
;PRINTING: 0.20mm-nozzle-0.40mm-walls-humebeam-flow-calibration-cube.st
;PRINTING_ID: 0
G1 F2400 E945.6241
G1 F300 Z1.700
G0 F3900 X100.200 Y100.200
G0 F300 Z1.500
;TYPE:WALL-OUTER
;WIDTH:0.400
G1 F300 Z1.500
G1 F1500 E948.6241
G1 F2028 X149.800 Y100.200 E951.0986
G1 X149.800 Y149.800 E953.5732
G1 X100.200 Y149.800 E956.0477
G1 X100.200 Y100.200 E958.5223
G1 F2400 E955.5223
G1 F300 Z1.700
G0 F3900 X100.800 Y100.800
G1 F300 Z1.500
G1 F1500 E958.5223
G1 F2028 X100.800 Y149.200 E960.9370
G1 X149.200 Y149.200 E963.3517
G1 X149.200 Y100.800 E965.7664
G1 X100.800 Y100.800 E968.1810
G0 F3900 X100.517 Y100.517
;TYPE:GAP-FILL
;WIDTH:0.234
;FLOW:95.0
G1 F3477 X100.600 Y149.500 E969.5392
G1 X149.500 Y149.400 E970.8950
G1 X149.400 Y100.500 E972.2508
G1 X100.517 Y100.517 E973.6062
;PRINTING_TIME: 537
;REMAINING_TIME: 2615
;LAYER:5
;Z:1.800
;HEIGHT:0.300
;FLOW:100.0
;PRINTING: 0.20mm-nozzle-0.40mm-walls-humebeam-flow-calibration-cube.st
;PRINTING_ID: 0
G1 F2400 E970.6062
G1 F300 Z2.000
G0 F3900 X100.200 Y100.200
G0 F300 Z1.800
;TYPE:WALL-OUTER
;WIDTH:0.400
G1 F300 Z1.800
G1 F1500 E973.6062
G1 F2028 X149.800 Y100.200 E976.0807
G1 X149.800 Y149.800 E978.5553
G1 X100.200 Y149.800 E981.0298
G1 X100.200 Y100.200 E983.5044
G1 F2400 E980.5044
G1 F300 Z2.000
G0 F3900 X100.800 Y100.800
G1 F300 Z1.800
G1 F1500 E983.5044
G1 F2028 X100.800 Y149.200 E985.9191
G1 X149.200 Y149.200 E988.3338
G1 X149.200 Y100.800 E990.7485
G1 X100.800 Y100.800 E993.1631
G0 F3900 X100.517 Y100.517
;TYPE:GAP-FILL
;WIDTH:0.234
;FLOW:95.0
G1 F3477 X100.600 Y149.500 E994.5213
G1 X149.500 Y149.400 E995.8771
G1 X149.400 Y100.500 E997.2329
G1 X100.517 Y100.517 E998.5883
;PRINTING_TIME: 553
;REMAINING_TIME: 2599
;LAYER:6
;Z:2.100
;HEIGHT:0.300
;FLOW:100.0
;PRINTING: 0.20mm-nozzle-0.40mm-walls-humebeam-flow-calibration-cube.st
;PRINTING_ID: 0
G1 F2400 E995.5883
G1 F300 Z2.300
G0 F3900 X100.200 Y100.200
G0 F300 Z2.100
;TYPE:WALL-OUTER
;WIDTH:0.400
G1 F300 Z2.100
G1 F1500 E998.5883
G1 F2028 X149.800 Y100.200 E1001.0628
G1 X149.800 Y149.800 E1003.5374
G1 X100.200 Y149.800 E1006.0119
G1 X100.200 Y100.200 E1008.4865
G1 F2400 E1005.4865
G1 F300 Z2.300
G0 F3900 X100.800 Y100.800
G1 F300 Z2.100
G1 F1500 E1008.4865
G1 F2028 X100.800 Y149.200 E1010.9012
G1 X149.200 Y149.200 E1013.3159
G1 X149.200 Y100.800 E1015.7306
G1 X100.800 Y100.800 E1018.1452
G0 F3900 X100.517 Y100.517
;TYPE:GAP-FILL
;WIDTH:0.234
;FLOW:95.0
G1 F3477 X100.600 Y149.500 E1019.5034
G1 X149.500 Y149.400 E1020.8592
G1 X149.400 Y100.500 E1022.2150
G1 X100.517 Y100.517 E1023.5704
;PRINTING_TIME: 569
;REMAINING_TIME: 2583
;LAYER:7
;Z:2.400
;HEIGHT:0.300
;FLOW:100.0
;PRINTING: 0.20mm-nozzle-0.40mm-walls-humebeam-flow-calibration-cube.st
;PRINTING_ID: 0
G1 F2400 E1020.5704
G1 F300 Z2.600
G0 F3900 X100.200 Y100.200
G0 F300 Z2.400
;TYPE:WALL-OUTER
;WIDTH:0.400
G1 F300 Z2.400
G1 F1500 E1023.5704
G1 F2028 X149.800 Y100.200 E1026.0449
G1 X149.800 Y149.800 E1028.5195
G1 X100.200 Y149.800 E1030.9940
G1 X100.200 Y100.200 E1033.4686
G1 F2400 E1030.4686
G1 F300 Z2.600
G0 F3900 X100.800 Y100.800
G1 F300 Z2.400
G1 F1500 E1033.4686
G1 F2028 X100.800 Y149.200 E1035.8833
G1 X149.200 Y149.200 E1038.2980
G1 X149.200 Y100.800 E1040.7126
G1 X100.800 Y100.800 E1043.1273
G0 F3900 X100.517 Y100.517
;TYPE:GAP-FILL
;WIDTH:0.234
;FLOW:95.0
G1 F3477 X100.600 Y149.500 E1044.4855
G1 X149.500 Y149.400 E1045.8413
G1 X149.400 Y100.500 E1047.1971
G1 X100.517 Y100.517 E1048.5525
;PRINTING_TIME: 585
;REMAINING_TIME: 2567
;LAYER:8
;Z:2.700
;HEIGHT:0.300
;FLOW:100.0
;PRINTING: 0.20mm-nozzle-0.40mm-walls-humebeam-flow-calibration-cube.st
;PRINTING_ID: 0
G1 F2400 E1045.5525
G1 F300 Z2.900
G0 F3900 X100.200 Y100.200
G0 F300 Z2.700
;TYPE:WALL-OUTER
;WIDTH:0.400
G1 F300 Z2.700
G1 F1500 E1048.5525
G1 F2028 X149.800 Y100.200 E1051.0270
G1 X149.800 Y149.800 E1053.5016
G1 X100.200 Y149.800 E1055.9761
G1 X100.200 Y100.200 E1058.4507
G1 F2400 E1055.4507
G1 F300 Z2.900
G0 F3900 X100.800 Y100.800
G1 F300 Z2.700
G1 F1500 E1058.4507
G1 F2028 X100.800 Y149.200 E1060.8654
G1 X149.200 Y149.200 E1063.2801
G1 X149.200 Y100.800 E1065.6947
G1 X100.800 Y100.800 E1068.1094
G0 F3900 X100.517 Y100.517
;TYPE:GAP-FILL
;WIDTH:0.234
;FLOW:95.0
G1 F3477 X100.600 Y149.500 E1069.4676
G1 X149.500 Y149.400 E1070.8234
G1 X149.400 Y100.500 E1072.1792
G1 X100.517 Y100.517 E1073.5346
;PRINTING_TIME: 601
;REMAINING_TIME: 2550
;LAYER:9
;Z:3.000
;HEIGHT:0.300
;FLOW:100.0
;PRINTING: 0.20mm-nozzle-0.40mm-walls-humebeam-flow-calibration-cube.st
;PRINTING_ID: 0
G1 F2400 E1070.5346
G1 F300 Z3.200
G0 F3900 X100.200 Y100.200
G0 F300 Z3.000
;TYPE:WALL-OUTER
;WIDTH:0.400
G1 F300 Z3.000
G1 F1500 E1073.5346
G1 F2028 X149.800 Y100.200 E1076.0091
G1 X149.800 Y149.800 E1078.4837
G1 X100.200 Y149.800 E1080.9582
G1 X100.200 Y100.200 E1083.4328
G1 F2400 E1080.4328
G1 F300 Z3.200
G0 F3900 X100.800 Y100.800
G1 F300 Z3.000
G1 F1500 E1083.4328
G1 F2028 X100.800 Y149.200 E1085.8475
G1 X149.200 Y149.200 E1088.2622
G1 X149.200 Y100.800 E1090.6768
G1 X100.800 Y100.800 E1093.0915
G0 F3900 X100.517 Y100.517
;TYPE:GAP-FILL
;WIDTH:0.234
;FLOW:95.0
G1 F3477 X100.600 Y149.500 E1094.4497
G1 X149.500 Y149.400 E1095.8055
G1 X149.400 Y100.500 E1097.1613
G1 X100.517 Y100.517 E1098.5167
;PRINTING_TIME: 617
;REMAINING_TIME: 2534
;LAYER:10
;Z:3.300
;HEIGHT:0.300
;FLOW:100.0
;PRINTING: 0.20mm-nozzle-0.40mm-walls-humebeam-flow-calibration-cube.st
;PRINTING_ID: 0
G1 F2400 E1095.5167
G1 F300 Z3.500
G0 F3900 X100.200 Y100.200
G0 F300 Z3.300
;TYPE:WALL-OUTER
;WIDTH:0.400
G1 F300 Z3.300
G1 F1500 E1098.5167
G1 F2028 X149.800 Y100.200 E1100.9912
G1 X149.800 Y149.800 E1103.4658
G1 X100.200 Y149.800 E1105.9403
G1 X100.200 Y100.200 E1108.4149
G1 F2400 E1105.4149
G1 F300 Z3.500
G0 F3900 X100.800 Y100.800
G1 F300 Z3.300
G1 F1500 E1108.4149
G1 F2028 X100.800 Y149.200 E1110.8296
G1 X149.200 Y149.200 E1113.2443
G1 X149.200 Y100.800 E1115.6589
G1 X100.800 Y100.800 E1118.0736
G0 F3900 X100.517 Y100.517
;TYPE:GAP-FILL
;WIDTH:0.234
;FLOW:95.0
G1 F3477 X100.600 Y149.500 E1119.4318
G1 X149.500 Y149.400 E1120.7876
G1 X149.400 Y100.500 E1122.1434
G1 X100.517 Y100.517 E1123.4988
;PRINTING_TIME: 634
;REMAINING_TIME: 2518
;LAYER:11
;Z:3.600
;HEIGHT:0.300
;FLOW:100.0
;PRINTING: 0.20mm-nozzle-0.40mm-walls-humebeam-flow-calibration-cube.st
;PRINTING_ID: 0
G1 F2400 E1120.4988
G1 F300 Z3.800
G0 F3900 X100.200 Y100.200
G0 F300 Z3.600
;TYPE:WALL-OUTER
;WIDTH:0.400
G1 F300 Z3.600
G1 F1500 E1123.4988
G1 F2028 X149.800 Y100.200 E1125.9733
G1 X149.800 Y149.800 E1128.4479
G1 X100.200 Y149.800 E1130.9224
G1 X100.200 Y100.200 E1133.3970
G1 F2400 E1130.3970
G1 F300 Z3.800
G0 F3900 X100.800 Y100.800
G1 F300 Z3.600
G1 F1500 E1133.3970
G1 F2028 X100.800 Y149.200 E1135.8117
G1 X149.200 Y149.200 E1138.2263
G1 X149.200 Y100.800 E1140.6410
G1 X100.800 Y100.800 E1143.0557
G0 F3900 X100.517 Y100.517
;TYPE:GAP-FILL
;WIDTH:0.234
;FLOW:95.0
G1 F3477 X100.600 Y149.500 E1144.4138
G1 X149.500 Y149.400 E1145.7697
G1 X149.400 Y100.500 E1147.1255
G1 X100.517 Y100.517 E1148.4809
;PRINTING_TIME: 650
;REMAINING_TIME: 2502
;LAYER:12
;Z:3.900
;HEIGHT:0.300
;FLOW:100.0
;PRINTING: 0.20mm-nozzle-0.40mm-walls-humebeam-flow-calibration-cube.st
;PRINTING_ID: 0
G1 F2400 E1145.4809
G1 F300 Z4.100
G0 F3900 X100.200 Y100.200
G0 F300 Z3.900
;TYPE:WALL-OUTER
;WIDTH:0.400
G1 F300 Z3.900
G1 F1500 E1148.4809
G1 F2028 X149.800 Y100.200 E1150.9554
G1 X149.800 Y149.800 E1153.4300
G1 X100.200 Y149.800 E1155.9045
G1 X100.200 Y100.200 E1158.3791
G1 F2400 E1155.3791
G1 F300 Z4.100
G0 F3900 X100.800 Y100.800
G1 F300 Z3.900
G1 F1500 E1158.3791
G1 F2028 X100.800 Y149.200 E1160.7938
G1 X149.200 Y149.200 E1163.2084
G1 X149.200 Y100.800 E1165.6231
G1 X100.800 Y100.800 E1168.0378
G0 F3900 X100.517 Y100.517
;TYPE:GAP-FILL
;WIDTH:0.234
;FLOW:95.0
G1 F3477 X100.600 Y149.500 E1169.3959
G1 X149.500 Y149.400 E1170.7518
G1 X149.400 Y100.500 E1172.1076
G1 X100.517 Y100.517 E1173.4630
;PRINTING_TIME: 666
;REMAINING_TIME: 2486
;LAYER:13
;Z:4.200
;HEIGHT:0.300
;FLOW:100.0
;PRINTING: 0.20mm-nozzle-0.40mm-walls-humebeam-flow-calibration-cube.st
;PRINTING_ID: 0
G1 F2400 E1170.4630
G1 F300 Z4.400
G0 F3900 X100.200 Y100.200
G0 F300 Z4.200
;TYPE:WALL-OUTER
;WIDTH:0.400
G1 F300 Z4.200
G1 F1500 E1173.4630
G1 F2028 X149.800 Y100.200 E1175.9375
G1 X149.800 Y149.800 E1178.4121
G1 X100.200 Y149.800 E1180.8866
G1 X100.200 Y100.200 E1183.3612
G1 F2400 E1180.3612
G1 F300 Z4.400
G0 F3900 X100.800 Y100.800
G1 F300 Z4.200
G1 F1500 E1183.3612
G1 F2028 X100.800 Y149.200 E1185.7759
G1 X149.200 Y149.200 E1188.1905
G1 X149.200 Y100.800 E1190.6052
G1 X100.800 Y100.800 E1193.0199
G0 F3900 X100.517 Y100.517
;TYPE:GAP-FILL
;WIDTH:0.234
;FLOW:95.0
G1 F3477 X100.600 Y149.500 E1194.3780
G1 X149.500 Y149.400 E1195.7339
G1 X149.400 Y100.500 E1197.0897
G1 X100.517 Y100.517 E1198.4450
;PRINTING_TIME: 682
;REMAINING_TIME: 2470
;LAYER:14
;Z:4.500
;HEIGHT:0.300
;FLOW:100.0
;PRINTING: 0.20mm-nozzle-0.40mm-walls-humebeam-flow-calibration-cube.st
;PRINTING_ID: 0
G1 F2400 E1195.4450
G1 F300 Z4.700
G0 F3900 X100.200 Y100.200
G0 F300 Z4.500
;TYPE:WALL-OUTER
;WIDTH:0.400
G1 F300 Z4.500
G1 F1500 E1198.4450
G1 F2028 X149.800 Y100.200 E1200.9196
G1 X149.800 Y149.800 E1203.3942
G1 X100.200 Y149.800 E1205.8687
G1 X100.200 Y100.200 E1208.3433
G1 F2400 E1205.3433
G1 F300 Z4.700
G0 F3900 X100.800 Y100.800
G1 F300 Z4.500
G1 F1500 E1208.3433
G1 F2028 X100.800 Y149.200 E1210.7580
G1 X149.200 Y149.200 E1213.1726
G1 X149.200 Y100.800 E1215.5873
G1 X100.800 Y100.800 E1218.0020
G0 F3900 X100.517 Y100.517
;TYPE:GAP-FILL
;WIDTH:0.234
;FLOW:95.0
G1 F3477 X100.600 Y149.500 E1219.3601
G1 X149.500 Y149.400 E1220.7160
G1 X149.400 Y100.500 E1222.0718
G1 X100.517 Y100.517 E1223.4271
;PRINTING_TIME: 698
;REMAINING_TIME: 2453
;LAYER:15
;Z:4.800
;HEIGHT:0.300
;FLOW:100.0
;PRINTING: 0.20mm-nozzle-0.40mm-walls-humebeam-flow-calibration-cube.st
;PRINTING_ID: 0
G1 F2400 E1220.4271
G1 F300 Z5.000
G0 F3900 X100.200 Y100.200
G0 F300 Z4.800
;TYPE:WALL-OUTER
;WIDTH:0.400
G1 F300 Z4.800
G1 F1500 E1223.4271
G1 F2028 X149.800 Y100.200 E1225.9017
G1 X149.800 Y149.800 E1228.3763
G1 X100.200 Y149.800 E1230.8508
G1 X100.200 Y100.200 E1233.3254
G1 F2400 E1230.3254
G1 F300 Z5.000
G0 F3900 X100.800 Y100.800
G1 F300 Z4.800
G1 F1500 E1233.3254
G1 F2028 X100.800 Y149.200 E1235.7400
G1 X149.200 Y149.200 E1238.1547
G1 X149.200 Y100.800 E1240.5694
G1 X100.800 Y100.800 E1242.9841
G0 F3900 X100.517 Y100.517
;TYPE:GAP-FILL
;WIDTH:0.234
;FLOW:95.0
G1 F3477 X100.600 Y149.500 E1244.3422
G1 X149.500 Y149.400 E1245.6981
G1 X149.400 Y100.500 E1247.0539
G1 X100.517 Y100.517 E1248.4092
;PRINTING_TIME: 715
;REMAINING_TIME: 2437
;LAYER:16
;Z:5.100
;HEIGHT:0.300
;FLOW:100.0
;PRINTING: 0.20mm-nozzle-0.40mm-walls-humebeam-flow-calibration-cube.st
;PRINTING_ID: 0
G1 F2400 E1245.4092
G1 F300 Z5.300
G0 F3900 X100.200 Y100.200
G0 F300 Z5.100
;TYPE:WALL-OUTER
;WIDTH:0.400
G1 F300 Z5.100
G1 F1500 E1248.4092
G1 F2028 X149.800 Y100.200 E1250.8838
G1 X149.800 Y149.800 E1253.3584
G1 X100.200 Y149.800 E1255.8329
G1 X100.200 Y100.200 E1258.3075
G1 F2400 E1255.3075
G1 F300 Z5.300
G0 F3900 X100.800 Y100.800
G1 F300 Z5.100
G1 F1500 E1258.3075
G1 F2028 X100.800 Y149.200 E1260.7221
G1 X149.200 Y149.200 E1263.1368
G1 X149.200 Y100.800 E1265.5515
G1 X100.800 Y100.800 E1267.9662
G0 F3900 X100.517 Y100.517
;TYPE:GAP-FILL
;WIDTH:0.234
;FLOW:95.0
G1 F3477 X100.600 Y149.500 E1269.3243
G1 X149.500 Y149.400 E1270.6802
G1 X149.400 Y100.500 E1272.0360
G1 X100.517 Y100.517 E1273.3913
;PRINTING_TIME: 731
;REMAINING_TIME: 2421
;LAYER:17
;Z:5.400
;HEIGHT:0.300
;FLOW:100.0
;PRINTING: 0.20mm-nozzle-0.40mm-walls-humebeam-flow-calibration-cube.st
;PRINTING_ID: 0
G1 F2400 E1270.3913
G1 F300 Z5.600
G0 F3900 X100.200 Y100.200
G0 F300 Z5.400
;TYPE:WALL-OUTER
;WIDTH:0.400
G1 F300 Z5.400
G1 F1500 E1273.3913
G1 F2028 X149.800 Y100.200 E1275.8659
G1 X149.800 Y149.800 E1278.3404
G1 X100.200 Y149.800 E1280.8150
G1 X100.200 Y100.200 E1283.2896
G1 F2400 E1280.2896
G1 F300 Z5.600
G0 F3900 X100.800 Y100.800
G1 F300 Z5.400
G1 F1500 E1283.2896
G1 F2028 X100.800 Y149.200 E1285.7042
G1 X149.200 Y149.200 E1288.1189
G1 X149.200 Y100.800 E1290.5336
G1 X100.800 Y100.800 E1292.9483
G0 F3900 X100.517 Y100.517
;TYPE:GAP-FILL
;WIDTH:0.234
;FLOW:95.0
G1 F3477 X100.600 Y149.500 E1294.3064
G1 X149.500 Y149.400 E1295.6623
G1 X149.400 Y100.500 E1297.0181
G1 X100.517 Y100.517 E1298.3734
;PRINTING_TIME: 747
;REMAINING_TIME: 2405
;LAYER:18
;Z:5.700
;HEIGHT:0.300
;FLOW:100.0
;PRINTING: 0.20mm-nozzle-0.40mm-walls-humebeam-flow-calibration-cube.st
;PRINTING_ID: 0
G1 F2400 E1295.3734
G1 F300 Z5.900
G0 F3900 X100.200 Y100.200
G0 F300 Z5.700
;TYPE:WALL-OUTER
;WIDTH:0.400
G1 F300 Z5.700
G1 F1500 E1298.3734
G1 F2028 X149.800 Y100.200 E1300.8480
G1 X149.800 Y149.800 E1303.3225
G1 X100.200 Y149.800 E1305.7971
G1 X100.200 Y100.200 E1308.2717
G1 F2400 E1305.2717
G1 F300 Z5.900
G0 F3900 X100.800 Y100.800
G1 F300 Z5.700
G1 F1500 E1308.2717
G1 F2028 X100.800 Y149.200 E1310.6863
G1 X149.200 Y149.200 E1313.1010
G1 X149.200 Y100.800 E1315.5157
G1 X100.800 Y100.800 E1317.9304
G0 F3900 X100.517 Y100.517
;TYPE:GAP-FILL
;WIDTH:0.234
;FLOW:95.0
G1 F3477 X100.600 Y149.500 E1319.2885
G1 X149.500 Y149.400 E1320.6444
G1 X149.400 Y100.500 E1322.0002
G1 X100.517 Y100.517 E1323.3555
;PRINTING_TIME: 763
;REMAINING_TIME: 2389
;LAYER:19
;Z:6.000
;HEIGHT:0.300
;FLOW:100.0
;PRINTING: 0.20mm-nozzle-0.40mm-walls-humebeam-flow-calibration-cube.st
;PRINTING_ID: 0
G1 F2400 E1320.3555
G1 F300 Z6.200
G0 F3900 X100.200 Y100.200
G0 F300 Z6.000
;TYPE:WALL-OUTER
;WIDTH:0.400
G1 F300 Z6.000
G1 F1500 E1323.3555
G1 F2028 X149.800 Y100.200 E1325.8301
G1 X149.800 Y149.800 E1328.3046
G1 X100.200 Y149.800 E1330.7792
G1 X100.200 Y100.200 E1333.2537
G1 F2400 E1330.2537
G1 F300 Z6.200
G0 F3900 X100.800 Y100.800
G1 F300 Z6.000
G1 F1500 E1333.2537
G1 F2028 X100.800 Y149.200 E1335.6684
G1 X149.200 Y149.200 E1338.0831
G1 X149.200 Y100.800 E1340.4978
G1 X100.800 Y100.800 E1342.9125
G0 F3900 X100.517 Y100.517
;TYPE:GAP-FILL
;WIDTH:0.234
;FLOW:95.0
G1 F3477 X100.600 Y149.500 E1344.2706
G1 X149.500 Y149.400 E1345.6264
G1 X149.400 Y100.500 E1346.9823
G1 X100.517 Y100.517 E1348.3376
;PRINTING_TIME: 779
;REMAINING_TIME: 2372
;LAYER:20
;Z:6.300
;HEIGHT:0.300
;FLOW:100.0
;PRINTING: 0.20mm-nozzle-0.40mm-walls-humebeam-flow-calibration-cube.st
;PRINTING_ID: 0
G1 F2400 E1345.3376
G1 F300 Z6.500
G0 F3900 X100.200 Y100.200
G0 F300 Z6.300
;TYPE:WALL-OUTER
;WIDTH:0.400
G1 F300 Z6.300
G1 F1500 E1348.3376
G1 F2028 X149.800 Y100.200 E1350.8122
G1 X149.800 Y149.800 E1353.2867
G1 X100.200 Y149.800 E1355.7613
G1 X100.200 Y100.200 E1358.2358
G1 F2400 E1355.2358
G1 F300 Z6.500
G0 F3900 X100.800 Y100.800
G1 F300 Z6.300
G1 F1500 E1358.2358
G1 F2028 X100.800 Y149.200 E1360.6505
G1 X149.200 Y149.200 E1363.0652
G1 X149.200 Y100.800 E1365.4799
G1 X100.800 Y100.800 E1367.8946
G0 F3900 X100.517 Y100.517
;TYPE:GAP-FILL
;WIDTH:0.234
;FLOW:95.0
G1 F3477 X100.600 Y149.500 E1369.2527
G1 X149.500 Y149.400 E1370.6085
G1 X149.400 Y100.500 E1371.9644
G1 X100.517 Y100.517 E1373.3197
;PRINTING_TIME: 795
;REMAINING_TIME: 2356
;LAYER:21
;Z:6.600
;HEIGHT:0.300
;FLOW:100.0
;PRINTING: 0.20mm-nozzle-0.40mm-walls-humebeam-flow-calibration-cube.st
;PRINTING_ID: 0
G1 F2400 E1370.3197
G1 F300 Z6.800
G0 F3900 X100.200 Y100.200
G0 F300 Z6.600
;TYPE:WALL-OUTER
;WIDTH:0.400
G1 F300 Z6.600
G1 F1500 E1373.3197
G1 F2028 X149.800 Y100.200 E1375.7943
G1 X149.800 Y149.800 E1378.2688
G1 X100.200 Y149.800 E1380.7434
G1 X100.200 Y100.200 E1383.2179
G1 F2400 E1380.2179
G1 F300 Z6.800
G0 F3900 X100.800 Y100.800
G1 F300 Z6.600
G1 F1500 E1383.2179
G1 F2028 X100.800 Y149.200 E1385.6326
G1 X149.200 Y149.200 E1388.0473
G1 X149.200 Y100.800 E1390.4620
G1 X100.800 Y100.800 E1392.8767
G0 F3900 X100.517 Y100.517
;TYPE:GAP-FILL
;WIDTH:0.234
;FLOW:95.0
G1 F3477 X100.600 Y149.500 E1394.2348
G1 X149.500 Y149.400 E1395.5906
G1 X149.400 Y100.500 E1396.9465
G1 X100.517 Y100.517 E1398.3018
;PRINTING_TIME: 812
;REMAINING_TIME: 2340
;LAYER:22
;Z:6.900
;HEIGHT:0.300
;FLOW:100.0
;PRINTING: 0.20mm-nozzle-0.40mm-walls-humebeam-flow-calibration-cube.st
;PRINTING_ID: 0
G1 F2400 E1395.3018
G1 F300 Z7.100
G0 F3900 X100.200 Y100.200
G0 F300 Z6.900
;TYPE:WALL-OUTER
;WIDTH:0.400
G1 F300 Z6.900
G1 F1500 E1398.3018
G1 F2028 X149.800 Y100.200 E1400.7764
G1 X149.800 Y149.800 E1403.2509
G1 X100.200 Y149.800 E1405.7255
G1 X100.200 Y100.200 E1408.2000
G1 F2400 E1405.2000
G1 F300 Z7.100
G0 F3900 X100.800 Y100.800
G1 F300 Z6.900
G1 F1500 E1408.2000
G1 F2028 X100.800 Y149.200 E1410.6147
G1 X149.200 Y149.200 E1413.0294
G1 X149.200 Y100.800 E1415.4441
G1 X100.800 Y100.800 E1417.8588
G0 F3900 X100.517 Y100.517
;TYPE:GAP-FILL
;WIDTH:0.234
;FLOW:95.0
G1 F3477 X100.600 Y149.500 E1419.2169
G1 X149.500 Y149.400 E1420.5727
G1 X149.400 Y100.500 E1421.9286
G1 X100.517 Y100.517 E1423.2839
;PRINTING_TIME: 828
;REMAINING_TIME: 2324
;LAYER:23
;Z:7.200
;HEIGHT:0.300
;FLOW:100.0
;PRINTING: 0.20mm-nozzle-0.40mm-walls-humebeam-flow-calibration-cube.st
;PRINTING_ID: 0
G1 F2400 E1420.2839
G1 F300 Z7.400
G0 F3900 X100.200 Y100.200
G0 F300 Z7.200
;TYPE:WALL-OUTER
;WIDTH:0.400
G1 F300 Z7.200
G1 F1500 E1423.2839
G1 F2028 X149.800 Y100.200 E1425.7585
G1 X149.800 Y149.800 E1428.2330
G1 X100.200 Y149.800 E1430.7076
G1 X100.200 Y100.200 E1433.1821
G1 F2400 E1430.1821
G1 F300 Z7.400
G0 F3900 X100.800 Y100.800
G1 F300 Z7.200
G1 F1500 E1433.1821
G1 F2028 X100.800 Y149.200 E1435.5968
G1 X149.200 Y149.200 E1438.0115
G1 X149.200 Y100.800 E1440.4262
G1 X100.800 Y100.800 E1442.8409
G0 F3900 X100.517 Y100.517
;TYPE:GAP-FILL
;WIDTH:0.234
;FLOW:95.0
G1 F3477 X100.600 Y149.500 E1444.1990
G1 X149.500 Y149.400 E1445.5548
G1 X149.400 Y100.500 E1446.9107
G1 X100.517 Y100.517 E1448.2660
;PRINTING_TIME: 844
;REMAINING_TIME: 2308
;LAYER:24
;Z:7.500
;HEIGHT:0.300
;FLOW:100.0
;PRINTING: 0.20mm-nozzle-0.40mm-walls-humebeam-flow-calibration-cube.st
;PRINTING_ID: 0
G1 F2400 E1445.2660
G1 F300 Z7.700
G0 F3900 X100.200 Y100.200
G0 F300 Z7.500
;TYPE:WALL-OUTER
;WIDTH:0.400
G1 F300 Z7.500
G1 F1500 E1448.2660
G1 F2028 X149.800 Y100.200 E1450.7406
G1 X149.800 Y149.800 E1453.2151
G1 X100.200 Y149.800 E1455.6897
G1 X100.200 Y100.200 E1458.1642
G1 F2400 E1455.1642
G1 F300 Z7.700
G0 F3900 X100.800 Y100.800
G1 F300 Z7.500
G1 F1500 E1458.1642
G1 F2028 X100.800 Y149.200 E1460.5789
G1 X149.200 Y149.200 E1462.9936
G1 X149.200 Y100.800 E1465.4083
G1 X100.800 Y100.800 E1467.8230
G0 F3900 X100.517 Y100.517
;TYPE:GAP-FILL
;WIDTH:0.234
;FLOW:95.0
G1 F3477 X100.600 Y149.500 E1469.1811
G1 X149.500 Y149.400 E1470.5369
G1 X149.400 Y100.500 E1471.8928
G1 X100.517 Y100.517 E1473.2481
;PRINTING_TIME: 860
;REMAINING_TIME: 2292
;LAYER:25
;Z:7.800
;HEIGHT:0.300
;FLOW:100.0
;PRINTING: 0.20mm-nozzle-0.40mm-walls-humebeam-flow-calibration-cube.st
;PRINTING_ID: 0
G1 F2400 E1470.2481
G1 F300 Z8.000
G0 F3900 X100.200 Y100.200
G0 F300 Z7.800
;TYPE:WALL-OUTER
;WIDTH:0.400
G1 F300 Z7.800
G1 F1500 E1473.2481
G1 F2028 X149.800 Y100.200 E1475.7227
G1 X149.800 Y149.800 E1478.1972
G1 X100.200 Y149.800 E1480.6718
G1 X100.200 Y100.200 E1483.1463
G1 F2400 E1480.1463
G1 F300 Z8.000
G0 F3900 X100.800 Y100.800
G1 F300 Z7.800
G1 F1500 E1483.1463
G1 F2028 X100.800 Y149.200 E1485.5610
G1 X149.200 Y149.200 E1487.9757
G1 X149.200 Y100.800 E1490.3904
G1 X100.800 Y100.800 E1492.8051
G0 F3900 X100.517 Y100.517
;TYPE:GAP-FILL
;WIDTH:0.234
;FLOW:95.0
G1 F3477 X100.600 Y149.500 E1494.1632
G1 X149.500 Y149.400 E1495.5190
G1 X149.400 Y100.500 E1496.8749
G1 X100.517 Y100.517 E1498.2302
;PRINTING_TIME: 876
;REMAINING_TIME: 2275
;LAYER:26
;Z:8.100
;HEIGHT:0.300
;FLOW:100.0
;PRINTING: 0.20mm-nozzle-0.40mm-walls-humebeam-flow-calibration-cube.st
;PRINTING_ID: 0
G1 F2400 E1495.2302
G1 F300 Z8.300
G0 F3900 X100.200 Y100.200
G0 F300 Z8.100
;TYPE:WALL-OUTER
;WIDTH:0.400
G1 F300 Z8.100
G1 F1500 E1498.2302
G1 F2028 X149.800 Y100.200 E1500.7048
G1 X149.800 Y149.800 E1503.1793
G1 X100.200 Y149.800 E1505.6539
G1 X100.200 Y100.200 E1508.1284
G1 F2400 E1505.1284
G1 F300 Z8.300
G0 F3900 X100.800 Y100.800
G1 F300 Z8.100
G1 F1500 E1508.1284
G1 F2028 X100.800 Y149.200 E1510.5431
G1 X149.200 Y149.200 E1512.9578
G1 X149.200 Y100.800 E1515.3725
G1 X100.800 Y100.800 E1517.7872
G0 F3900 X100.517 Y100.517
;TYPE:GAP-FILL
;WIDTH:0.234
;FLOW:95.0
G1 F3477 X100.600 Y149.500 E1519.1453
G1 X149.500 Y149.400 E1520.5011
G1 X149.400 Y100.500 E1521.8570
G1 X100.517 Y100.517 E1523.2123
;PRINTING_TIME: 893
;REMAINING_TIME: 2259
;LAYER:27
;Z:8.400
;HEIGHT:0.300
;FLOW:100.0
;PRINTING: 0.20mm-nozzle-0.40mm-walls-humebeam-flow-calibration-cube.st
;PRINTING_ID: 0
G1 F2400 E1520.2123
G1 F300 Z8.600
G0 F3900 X100.200 Y100.200
G0 F300 Z8.400
;TYPE:WALL-OUTER
;WIDTH:0.400
G1 F300 Z8.400
G1 F1500 E1523.2123
G1 F2028 X149.800 Y100.200 E1525.6869
G1 X149.800 Y149.800 E1528.1614
G1 X100.200 Y149.800 E1530.6360
G1 X100.200 Y100.200 E1533.1105
G1 F2400 E1530.1105
G1 F300 Z8.600
G0 F3900 X100.800 Y100.800
G1 F300 Z8.400
G1 F1500 E1533.1105
G1 F2028 X100.800 Y149.200 E1535.5252
G1 X149.200 Y149.200 E1537.9399
G1 X149.200 Y100.800 E1540.3546
G1 X100.800 Y100.800 E1542.7693
G0 F3900 X100.517 Y100.517
;TYPE:GAP-FILL
;WIDTH:0.234
;FLOW:95.0
G1 F3477 X100.600 Y149.500 E1544.1274
G1 X149.500 Y149.400 E1545.4832
G1 X149.400 Y100.500 E1546.8390
G1 X100.517 Y100.517 E1548.1944
;PRINTING_TIME: 909
;REMAINING_TIME: 2243
;LAYER:28
;Z:8.700
;HEIGHT:0.300
;FLOW:100.0
;PRINTING: 0.20mm-nozzle-0.40mm-walls-humebeam-flow-calibration-cube.st
;PRINTING_ID: 0
G1 F2400 E1545.1944
G1 F300 Z8.900
G0 F3900 X100.200 Y100.200
G0 F300 Z8.700
;TYPE:WALL-OUTER
;WIDTH:0.400
G1 F300 Z8.700
G1 F1500 E1548.1944
G1 F2028 X149.800 Y100.200 E1550.6690
G1 X149.800 Y149.800 E1553.1435
G1 X100.200 Y149.800 E1555.6181
G1 X100.200 Y100.200 E1558.0926
G1 F2400 E1555.0926
G1 F300 Z8.900
G0 F3900 X100.800 Y100.800
G1 F300 Z8.700
G1 F1500 E1558.0926
G1 F2028 X100.800 Y149.200 E1560.5073
G1 X149.200 Y149.200 E1562.9220
G1 X149.200 Y100.800 E1565.3367
G1 X100.800 Y100.800 E1567.7514
G0 F3900 X100.517 Y100.517
;TYPE:GAP-FILL
;WIDTH:0.234
;FLOW:95.0
G1 F3477 X100.600 Y149.500 E1569.1095
G1 X149.500 Y149.400 E1570.4653
G1 X149.400 Y100.500 E1571.8211
G1 X100.517 Y100.517 E1573.1765
;PRINTING_TIME: 925
;REMAINING_TIME: 2227
;LAYER:29
;Z:9.000
;HEIGHT:0.300
;FLOW:100.0
;PRINTING: 0.20mm-nozzle-0.40mm-walls-humebeam-flow-calibration-cube.st
;PRINTING_ID: 0
G1 F2400 E1570.1765
G1 F300 Z9.200
G0 F3900 X100.200 Y100.200
G0 F300 Z9.000
;TYPE:WALL-OUTER
;WIDTH:0.400
G1 F300 Z9.000
G1 F1500 E1573.1765
G1 F2028 X149.800 Y100.200 E1575.6511
G1 X149.800 Y149.800 E1578.1256
G1 X100.200 Y149.800 E1580.6002
G1 X100.200 Y100.200 E1583.0747
G1 F2400 E1580.0747
G1 F300 Z9.200
G0 F3900 X100.800 Y100.800
G1 F300 Z9.000
G1 F1500 E1583.0747
G1 F2028 X100.800 Y149.200 E1585.4894
G1 X149.200 Y149.200 E1587.9041
G1 X149.200 Y100.800 E1590.3188
G1 X100.800 Y100.800 E1592.7335
G0 F3900 X100.517 Y100.517
;TYPE:GAP-FILL
;WIDTH:0.234
;FLOW:95.0
G1 F3477 X100.600 Y149.500 E1594.0916
G1 X149.500 Y149.400 E1595.4474
G1 X149.400 Y100.500 E1596.8032
G1 X100.517 Y100.517 E1598.1586
;PRINTING_TIME: 941
;REMAINING_TIME: 2211
;LAYER:30
;Z:9.300
;HEIGHT:0.300
;FLOW:100.0
;PRINTING: 0.20mm-nozzle-0.40mm-walls-humebeam-flow-calibration-cube.st
;PRINTING_ID: 0
G1 F2400 E1595.1586
G1 F300 Z9.500
G0 F3900 X100.200 Y100.200
G0 F300 Z9.300
;TYPE:WALL-OUTER
;WIDTH:0.400
G1 F300 Z9.300
G1 F1500 E1598.1586
G1 F2028 X149.800 Y100.200 E1600.6331
G1 X149.800 Y149.800 E1603.1077
G1 X100.200 Y149.800 E1605.5823
G1 X100.200 Y100.200 E1608.0568
G1 F2400 E1605.0568
G1 F300 Z9.500
G0 F3900 X100.800 Y100.800
G1 F300 Z9.300
G1 F1500 E1608.0568
G1 F2028 X100.800 Y149.200 E1610.4715
G1 X149.200 Y149.200 E1612.8862
G1 X149.200 Y100.800 E1615.3009
G1 X100.800 Y100.800 E1617.7156
G0 F3900 X100.517 Y100.517
;TYPE:GAP-FILL
;WIDTH:0.234
;FLOW:95.0
G1 F3477 X100.600 Y149.500 E1619.0737
G1 X149.500 Y149.400 E1620.4295
G1 X149.400 Y100.500 E1621.7853
G1 X100.517 Y100.517 E1623.1407
;PRINTING_TIME: 957
;REMAINING_TIME: 2194
;LAYER:31
;Z:9.600
;HEIGHT:0.300
;FLOW:100.0
;PRINTING: 0.20mm-nozzle-0.40mm-walls-humebeam-flow-calibration-cube.st
;PRINTING_ID: 0
G1 F2400 E1620.1407
G1 F300 Z9.800
G0 F3900 X100.200 Y100.200
G0 F300 Z9.600
;TYPE:WALL-OUTER
;WIDTH:0.400
G1 F300 Z9.600
G1 F1500 E1623.1407
G1 F2028 X149.800 Y100.200 E1625.6152
G1 X149.800 Y149.800 E1628.0898
G1 X100.200 Y149.800 E1630.5644
G1 X100.200 Y100.200 E1633.0389
G1 F2400 E1630.0389
G1 F300 Z9.800
G0 F3900 X100.800 Y100.800
G1 F300 Z9.600
G1 F1500 E1633.0389
G1 F2028 X100.800 Y149.200 E1635.4536
G1 X149.200 Y149.200 E1637.8683
G1 X149.200 Y100.800 E1640.2830
G1 X100.800 Y100.800 E1642.6977
G0 F3900 X100.517 Y100.517
;TYPE:GAP-FILL
;WIDTH:0.234
;FLOW:95.0
G1 F3477 X100.600 Y149.500 E1644.0558
G1 X149.500 Y149.400 E1645.4116
G1 X149.400 Y100.500 E1646.7674
G1 X100.517 Y100.517 E1648.1228
;PRINTING_TIME: 973
;REMAINING_TIME: 2178
;LAYER:32
;Z:9.900
;HEIGHT:0.300
;FLOW:100.0
;PRINTING: 0.20mm-nozzle-0.40mm-walls-humebeam-flow-calibration-cube.st
;PRINTING_ID: 0
G1 F2400 E1645.1228
G1 F300 Z10.100
G0 F3900 X100.200 Y100.200
G0 F300 Z9.900
;TYPE:WALL-OUTER
;WIDTH:0.400
G1 F300 Z9.900
G1 F1500 E1648.1228
G1 F2028 X149.800 Y100.200 E1650.5973
G1 X149.800 Y149.800 E1653.0719
G1 X100.200 Y149.800 E1655.5464
G1 X100.200 Y100.200 E1658.0210
G1 F2400 E1655.0210
G1 F300 Z10.100
G0 F3900 X100.800 Y100.800
G1 F300 Z9.900
G1 F1500 E1658.0210
G1 F2028 X100.800 Y149.200 E1660.4357
G1 X149.200 Y149.200 E1662.8504
G1 X149.200 Y100.800 E1665.2651
G1 X100.800 Y100.800 E1667.6797
G0 F3900 X100.517 Y100.517
;TYPE:GAP-FILL
;WIDTH:0.234
;FLOW:95.0
G1 F3477 X100.600 Y149.500 E1669.0379
G1 X149.500 Y149.400 E1670.3937
G1 X149.400 Y100.500 E1671.7495
G1 X100.517 Y100.517 E1673.1049
;PRINTING_TIME: 990
;REMAINING_TIME: 2162
;LAYER:33
;Z:10.200
;HEIGHT:0.300
;FLOW:100.0
;PRINTING: 0.20mm-nozzle-0.40mm-walls-humebeam-flow-calibration-cube.st
;PRINTING_ID: 0
G1 F2400 E1670.1049
G1 F300 Z10.400
G0 F3900 X100.200 Y100.200
G0 F300 Z10.200
;TYPE:WALL-OUTER
;WIDTH:0.400
G1 F300 Z10.200
G1 F1500 E1673.1049
G1 F2028 X149.800 Y100.200 E1675.5794
G1 X149.800 Y149.800 E1678.0540
G1 X100.200 Y149.800 E1680.5285
G1 X100.200 Y100.200 E1683.0031
G1 F2400 E1680.0031
G1 F300 Z10.400
G0 F3900 X100.800 Y100.800
G1 F300 Z10.200
G1 F1500 E1683.0031
G1 F2028 X100.800 Y149.200 E1685.4178
G1 X149.200 Y149.200 E1687.8325
G1 X149.200 Y100.800 E1690.2472
G1 X100.800 Y100.800 E1692.6618
G0 F3900 X100.517 Y100.517
;TYPE:GAP-FILL
;WIDTH:0.234
;FLOW:95.0
G1 F3477 X100.600 Y149.500 E1694.0200
G1 X149.500 Y149.400 E1695.3758
G1 X149.400 Y100.500 E1696.7316
G1 X100.517 Y100.517 E1698.0870
;PRINTING_TIME: 1006
;REMAINING_TIME: 2146
;LAYER:34
;Z:10.500
;HEIGHT:0.300
;FLOW:100.0
;PRINTING: 0.20mm-nozzle-0.40mm-walls-humebeam-flow-calibration-cube.st
;PRINTING_ID: 0
G1 F2400 E1695.0870
G1 F300 Z10.700
G0 F3900 X100.200 Y100.200
G0 F300 Z10.500
;TYPE:WALL-OUTER
;WIDTH:0.400
G1 F300 Z10.500
G1 F1500 E1698.0870
G1 F2028 X149.800 Y100.200 E1700.5615
G1 X149.800 Y149.800 E1703.0361
G1 X100.200 Y149.800 E1705.5106
G1 X100.200 Y100.200 E1707.9852
G1 F2400 E1704.9852
G1 F300 Z10.700
G0 F3900 X100.800 Y100.800
G1 F300 Z10.500
G1 F1500 E1707.9852
G1 F2028 X100.800 Y149.200 E1710.3999
G1 X149.200 Y149.200 E1712.8146
G1 X149.200 Y100.800 E1715.2293
G1 X100.800 Y100.800 E1717.6439
G0 F3900 X100.517 Y100.517
;TYPE:GAP-FILL
;WIDTH:0.234
;FLOW:95.0
G1 F3477 X100.600 Y149.500 E1719.0021
G1 X149.500 Y149.400 E1720.3579
G1 X149.400 Y100.500 E1721.7137
G1 X100.517 Y100.517 E1723.0691
;PRINTING_TIME: 1022
;REMAINING_TIME: 2130
;LAYER:35
;Z:10.800
;HEIGHT:0.300
;FLOW:100.0
;PRINTING: 0.20mm-nozzle-0.40mm-walls-humebeam-flow-calibration-cube.st
;PRINTING_ID: 0
G1 F2400 E1720.0691
G1 F300 Z11.000
G0 F3900 X100.200 Y100.200
G0 F300 Z10.800
;TYPE:WALL-OUTER
;WIDTH:0.400
G1 F300 Z10.800
G1 F1500 E1723.0691
G1 F2028 X149.800 Y100.200 E1725.5436
G1 X149.800 Y149.800 E1728.0182
G1 X100.200 Y149.800 E1730.4927
G1 X100.200 Y100.200 E1732.9673
G1 F2400 E1729.9673
G1 F300 Z11.000
G0 F3900 X100.800 Y100.800
G1 F300 Z10.800
G1 F1500 E1732.9673
G1 F2028 X100.800 Y149.200 E1735.3820
G1 X149.200 Y149.200 E1737.7967
G1 X149.200 Y100.800 E1740.2114
G1 X100.800 Y100.800 E1742.6260
G0 F3900 X100.517 Y100.517
;TYPE:GAP-FILL
;WIDTH:0.234
;FLOW:95.0
G1 F3477 X100.600 Y149.500 E1743.9842
G1 X149.500 Y149.400 E1745.3400
G1 X149.400 Y100.500 E1746.6958
G1 X100.517 Y100.517 E1748.0512
;PRINTING_TIME: 1038
;REMAINING_TIME: 2114
;LAYER:36
;Z:11.100
;HEIGHT:0.300
;FLOW:100.0
;PRINTING: 0.20mm-nozzle-0.40mm-walls-humebeam-flow-calibration-cube.st
;PRINTING_ID: 0
G1 F2400 E1745.0512
G1 F300 Z11.300
G0 F3900 X100.200 Y100.200
G0 F300 Z11.100
;TYPE:WALL-OUTER
;WIDTH:0.400
G1 F300 Z11.100
G1 F1500 E1748.0512
G1 F2028 X149.800 Y100.200 E1750.5257
G1 X149.800 Y149.800 E1753.0003
G1 X100.200 Y149.800 E1755.4748
G1 X100.200 Y100.200 E1757.9494
G1 F2400 E1754.9494
G1 F300 Z11.300
G0 F3900 X100.800 Y100.800
G1 F300 Z11.100
G1 F1500 E1757.9494
G1 F2028 X100.800 Y149.200 E1760.3641
G1 X149.200 Y149.200 E1762.7788
G1 X149.200 Y100.800 E1765.1934
G1 X100.800 Y100.800 E1767.6081
G0 F3900 X100.517 Y100.517
;TYPE:GAP-FILL
;WIDTH:0.234
;FLOW:95.0
G1 F3477 X100.600 Y149.500 E1768.9663
G1 X149.500 Y149.400 E1770.3221
G1 X149.400 Y100.500 E1771.6779
G1 X100.517 Y100.517 E1773.0333
;PRINTING_TIME: 1054
;REMAINING_TIME: 2097
;LAYER:37
;Z:11.400
;HEIGHT:0.300
;FLOW:100.0
;PRINTING: 0.20mm-nozzle-0.40mm-walls-humebeam-flow-calibration-cube.st
;PRINTING_ID: 0
G1 F2400 E1770.0333
G1 F300 Z11.600
G0 F3900 X100.200 Y100.200
G0 F300 Z11.400
;TYPE:WALL-OUTER
;WIDTH:0.400
G1 F300 Z11.400
G1 F1500 E1773.0333
G1 F2028 X149.800 Y100.200 E1775.5078
G1 X149.800 Y149.800 E1777.9824
G1 X100.200 Y149.800 E1780.4569
G1 X100.200 Y100.200 E1782.9315
G1 F2400 E1779.9315
G1 F300 Z11.600
G0 F3900 X100.800 Y100.800
G1 F300 Z11.400
G1 F1500 E1782.9315
G1 F2028 X100.800 Y149.200 E1785.3462
G1 X149.200 Y149.200 E1787.7609
G1 X149.200 Y100.800 E1790.1755
G1 X100.800 Y100.800 E1792.5902
G0 F3900 X100.517 Y100.517
;TYPE:GAP-FILL
;WIDTH:0.234
;FLOW:95.0
G1 F3477 X100.600 Y149.500 E1793.9484
G1 X149.500 Y149.400 E1795.3042
G1 X149.400 Y100.500 E1796.6600
G1 X100.517 Y100.517 E1798.0154
;PRINTING_TIME: 1070
;REMAINING_TIME: 2081
;LAYER:38
;Z:11.700
;HEIGHT:0.300
;FLOW:100.0
;PRINTING: 0.20mm-nozzle-0.40mm-walls-humebeam-flow-calibration-cube.st
;PRINTING_ID: 0
G1 F2400 E1795.0154
G1 F300 Z11.900
G0 F3900 X100.200 Y100.200
G0 F300 Z11.700
;TYPE:WALL-OUTER
;WIDTH:0.400
G1 F300 Z11.700
G1 F1500 E1798.0154
G1 F2028 X149.800 Y100.200 E1800.4899
G1 X149.800 Y149.800 E1802.9645
G1 X100.200 Y149.800 E1805.4390
G1 X100.200 Y100.200 E1807.9136
G1 F2400 E1804.9136
G1 F300 Z11.900
G0 F3900 X100.800 Y100.800
G1 F300 Z11.700
G1 F1500 E1807.9136
G1 F2028 X100.800 Y149.200 E1810.3283
G1 X149.200 Y149.200 E1812.7430
G1 X149.200 Y100.800 E1815.1576
G1 X100.800 Y100.800 E1817.5723
G0 F3900 X100.517 Y100.517
;TYPE:GAP-FILL
;WIDTH:0.234
;FLOW:95.0
G1 F3477 X100.600 Y149.500 E1818.9305
G1 X149.500 Y149.400 E1820.2863
G1 X149.400 Y100.500 E1821.6421
G1 X100.517 Y100.517 E1822.9975
;PRINTING_TIME: 1087
;REMAINING_TIME: 2065
;LAYER:39
;Z:12.000
;HEIGHT:0.300
;FLOW:100.0
;PRINTING: 0.20mm-nozzle-0.40mm-walls-humebeam-flow-calibration-cube.st
;PRINTING_ID: 0
G1 F2400 E1819.9975
G1 F300 Z12.200
G0 F3900 X100.200 Y100.200
G0 F300 Z12.000
;TYPE:WALL-OUTER
;WIDTH:0.400
G1 F300 Z12.000
G1 F1500 E1822.9975
G1 F2028 X149.800 Y100.200 E1825.4720
G1 X149.800 Y149.800 E1827.9466
G1 X100.200 Y149.800 E1830.4211
G1 X100.200 Y100.200 E1832.8957
G1 F2400 E1829.8957
G1 F300 Z12.200
G0 F3900 X100.800 Y100.800
G1 F300 Z12.000
G1 F1500 E1832.8957
G1 F2028 X100.800 Y149.200 E1835.3104
G1 X149.200 Y149.200 E1837.7251
G1 X149.200 Y100.800 E1840.1397
G1 X100.800 Y100.800 E1842.5544
G0 F3900 X100.517 Y100.517
;TYPE:GAP-FILL
;WIDTH:0.234
;FLOW:95.0
G1 F3477 X100.600 Y149.500 E1843.9126
G1 X149.500 Y149.400 E1845.2684
G1 X149.400 Y100.500 E1846.6242
G1 X100.517 Y100.517 E1847.9796
;PRINTING_TIME: 1103
;REMAINING_TIME: 2049
;LAYER:40
;Z:12.300
;HEIGHT:0.300
;FLOW:100.0
;PRINTING: 0.20mm-nozzle-0.40mm-walls-humebeam-flow-calibration-cube.st
;PRINTING_ID: 0
G1 F2400 E1844.9796
G1 F300 Z12.500
G0 F3900 X100.200 Y100.200
G0 F300 Z12.300
;TYPE:WALL-OUTER
;WIDTH:0.400
G1 F300 Z12.300
G1 F1500 E1847.9796
G1 F2028 X149.800 Y100.200 E1850.4541
G1 X149.800 Y149.800 E1852.9287
G1 X100.200 Y149.800 E1855.4032
G1 X100.200 Y100.200 E1857.8778
G1 F2400 E1854.8778
G1 F300 Z12.500
G0 F3900 X100.800 Y100.800
G1 F300 Z12.300
G1 F1500 E1857.8778
G1 F2028 X100.800 Y149.200 E1860.2925
G1 X149.200 Y149.200 E1862.7071
G1 X149.200 Y100.800 E1865.1218
G1 X100.800 Y100.800 E1867.5365
G0 F3900 X100.517 Y100.517
;TYPE:GAP-FILL
;WIDTH:0.234
;FLOW:95.0
G1 F3477 X100.600 Y149.500 E1868.8946
G1 X149.500 Y149.400 E1870.2505
G1 X149.400 Y100.500 E1871.6063
G1 X100.517 Y100.517 E1872.9617
;PRINTING_TIME: 1119
;REMAINING_TIME: 2033
;LAYER:41
;Z:12.600
;HEIGHT:0.300
;FLOW:100.0
;PRINTING: 0.20mm-nozzle-0.40mm-walls-humebeam-flow-calibration-cube.st
;PRINTING_ID: 0
G1 F2400 E1869.9617
G1 F300 Z12.800
G0 F3900 X100.200 Y100.200
G0 F300 Z12.600
;TYPE:WALL-OUTER
;WIDTH:0.400
G1 F300 Z12.600
G1 F1500 E1872.9617
G1 F2028 X149.800 Y100.200 E1875.4362
G1 X149.800 Y149.800 E1877.9108
G1 X100.200 Y149.800 E1880.3853
G1 X100.200 Y100.200 E1882.8599
G1 F2400 E1879.8599
G1 F300 Z12.800
G0 F3900 X100.800 Y100.800
G1 F300 Z12.600
G1 F1500 E1882.8599
G1 F2028 X100.800 Y149.200 E1885.2746
G1 X149.200 Y149.200 E1887.6892
G1 X149.200 Y100.800 E1890.1039
G1 X100.800 Y100.800 E1892.5186
G0 F3900 X100.517 Y100.517
;TYPE:GAP-FILL
;WIDTH:0.234
;FLOW:95.0
G1 F3477 X100.600 Y149.500 E1893.8767
G1 X149.500 Y149.400 E1895.2326
G1 X149.400 Y100.500 E1896.5884
G1 X100.517 Y100.517 E1897.9438
;PRINTING_TIME: 1135
;REMAINING_TIME: 2017
;LAYER:42
;Z:12.900
;HEIGHT:0.300
;FLOW:100.0
;PRINTING: 0.20mm-nozzle-0.40mm-walls-humebeam-flow-calibration-cube.st
;PRINTING_ID: 0
G1 F2400 E1894.9438
G1 F300 Z13.100
G0 F3900 X100.200 Y100.200
G0 F300 Z12.900
;TYPE:WALL-OUTER
;WIDTH:0.400
G1 F300 Z12.900
G1 F1500 E1897.9438
G1 F2028 X149.800 Y100.200 E1900.4183
G1 X149.800 Y149.800 E1902.8929
G1 X100.200 Y149.800 E1905.3674
G1 X100.200 Y100.200 E1907.8420
G1 F2400 E1904.8420
G1 F300 Z13.100
G0 F3900 X100.800 Y100.800
G1 F300 Z12.900
G1 F1500 E1907.8420
G1 F2028 X100.800 Y149.200 E1910.2567
G1 X149.200 Y149.200 E1912.6713
G1 X149.200 Y100.800 E1915.0860
G1 X100.800 Y100.800 E1917.5007
G0 F3900 X100.517 Y100.517
;TYPE:GAP-FILL
;WIDTH:0.234
;FLOW:95.0
G1 F3477 X100.600 Y149.500 E1918.8588
G1 X149.500 Y149.400 E1920.2147
G1 X149.400 Y100.500 E1921.5705
G1 X100.517 Y100.517 E1922.9258
;PRINTING_TIME: 1151
;REMAINING_TIME: 2000
;LAYER:43
;Z:13.200
;HEIGHT:0.300
;FLOW:100.0
;PRINTING: 0.20mm-nozzle-0.40mm-walls-humebeam-flow-calibration-cube.st
;PRINTING_ID: 0
G1 F2400 E1919.9258
G1 F300 Z13.400
G0 F3900 X100.200 Y100.200
G0 F300 Z13.200
;TYPE:WALL-OUTER
;WIDTH:0.400
G1 F300 Z13.200
G1 F1500 E1922.9258
G1 F2028 X149.800 Y100.200 E1925.4004
G1 X149.800 Y149.800 E1927.8750
G1 X100.200 Y149.800 E1930.3495
G1 X100.200 Y100.200 E1932.8241
G1 F2400 E1929.8241
G1 F300 Z13.400
G0 F3900 X100.800 Y100.800
G1 F300 Z13.200
G1 F1500 E1932.8241
G1 F2028 X100.800 Y149.200 E1935.2388
G1 X149.200 Y149.200 E1937.6534
G1 X149.200 Y100.800 E1940.0681
G1 X100.800 Y100.800 E1942.4828
G0 F3900 X100.517 Y100.517
;TYPE:GAP-FILL
;WIDTH:0.234
;FLOW:95.0
G1 F3477 X100.600 Y149.500 E1943.8409
G1 X149.500 Y149.400 E1945.1968
G1 X149.400 Y100.500 E1946.5526
G1 X100.517 Y100.517 E1947.9079
;PRINTING_TIME: 1168
;REMAINING_TIME: 1984
;LAYER:44
;Z:13.500
;HEIGHT:0.300
;FLOW:100.0
;PRINTING: 0.20mm-nozzle-0.40mm-walls-humebeam-flow-calibration-cube.st
;PRINTING_ID: 0
G1 F2400 E1944.9079
G1 F300 Z13.700
G0 F3900 X100.200 Y100.200
G0 F300 Z13.500
;TYPE:WALL-OUTER
;WIDTH:0.400
G1 F300 Z13.500
G1 F1500 E1947.9079
G1 F2028 X149.800 Y100.200 E1950.3825
G1 X149.800 Y149.800 E1952.8571
G1 X100.200 Y149.800 E1955.3316
G1 X100.200 Y100.200 E1957.8062
G1 F2400 E1954.8062
G1 F300 Z13.700
G0 F3900 X100.800 Y100.800
G1 F300 Z13.500
G1 F1500 E1957.8062
G1 F2028 X100.800 Y149.200 E1960.2208
G1 X149.200 Y149.200 E1962.6355
G1 X149.200 Y100.800 E1965.0502
G1 X100.800 Y100.800 E1967.4649
G0 F3900 X100.517 Y100.517
;TYPE:GAP-FILL
;WIDTH:0.234
;FLOW:95.0
G1 F3477 X100.600 Y149.500 E1968.8230
G1 X149.500 Y149.400 E1970.1789
G1 X149.400 Y100.500 E1971.5347
G1 X100.517 Y100.517 E1972.8900
;PRINTING_TIME: 1184
;REMAINING_TIME: 1968
;LAYER:45
;Z:13.800
;HEIGHT:0.300
;FLOW:100.0
;PRINTING: 0.20mm-nozzle-0.40mm-walls-humebeam-flow-calibration-cube.st
;PRINTING_ID: 0
G1 F2400 E1969.8900
G1 F300 Z14.000
G0 F3900 X100.200 Y100.200
G0 F300 Z13.800
;TYPE:WALL-OUTER
;WIDTH:0.400
G1 F300 Z13.800
G1 F1500 E1972.8900
G1 F2028 X149.800 Y100.200 E1975.3646
G1 X149.800 Y149.800 E1977.8392
G1 X100.200 Y149.800 E1980.3137
G1 X100.200 Y100.200 E1982.7883
G1 F2400 E1979.7883
G1 F300 Z14.000
G0 F3900 X100.800 Y100.800
G1 F300 Z13.800
G1 F1500 E1982.7883
G1 F2028 X100.800 Y149.200 E1985.2029
G1 X149.200 Y149.200 E1987.6176
G1 X149.200 Y100.800 E1990.0323
G1 X100.800 Y100.800 E1992.4470
G0 F3900 X100.517 Y100.517
;TYPE:GAP-FILL
;WIDTH:0.234
;FLOW:95.0
G1 F3477 X100.600 Y149.500 E1993.8051
G1 X149.500 Y149.400 E1995.1610
G1 X149.400 Y100.500 E1996.5168
G1 X100.517 Y100.517 E1997.8721
;PRINTING_TIME: 1200
;REMAINING_TIME: 1952
;LAYER:46
;Z:14.100
;HEIGHT:0.300
;FLOW:100.0
;PRINTING: 0.20mm-nozzle-0.40mm-walls-humebeam-flow-calibration-cube.st
;PRINTING_ID: 0
G1 F2400 E1994.8721
G1 F300 Z14.300
G0 F3900 X100.200 Y100.200
G0 F300 Z14.100
;TYPE:WALL-OUTER
;WIDTH:0.400
G1 F300 Z14.100
G1 F1500 E1997.8721
G1 F2028 X149.800 Y100.200 E2000.3467
G1 X149.800 Y149.800 E2002.8212
G1 X100.200 Y149.800 E2005.2958
G1 X100.200 Y100.200 E2007.7704
G1 F2400 E2004.7704
G1 F300 Z14.300
G0 F3900 X100.800 Y100.800
G1 F300 Z14.100
G1 F1500 E2007.7704
G1 F2028 X100.800 Y149.200 E2010.1850
G1 X149.200 Y149.200 E2012.5997
G1 X149.200 Y100.800 E2015.0144
G1 X100.800 Y100.800 E2017.4291
G0 F3900 X100.517 Y100.517
;TYPE:GAP-FILL
;WIDTH:0.234
;FLOW:95.0
G1 F3477 X100.600 Y149.500 E2018.7872
G1 X149.500 Y149.400 E2020.1431
G1 X149.400 Y100.500 E2021.4989
G1 X100.517 Y100.517 E2022.8542
;PRINTING_TIME: 1216
;REMAINING_TIME: 1936
;LAYER:47
;Z:14.400
;HEIGHT:0.300
;FLOW:100.0
;PRINTING: 0.20mm-nozzle-0.40mm-walls-humebeam-flow-calibration-cube.st
;PRINTING_ID: 0
G1 F2400 E2019.8542
G1 F300 Z14.600
G0 F3900 X100.200 Y100.200
G0 F300 Z14.400
;TYPE:WALL-OUTER
;WIDTH:0.400
G1 F300 Z14.400
G1 F1500 E2022.8542
G1 F2028 X149.800 Y100.200 E2025.3288
G1 X149.800 Y149.800 E2027.8033
G1 X100.200 Y149.800 E2030.2779
G1 X100.200 Y100.200 E2032.7525
G1 F2400 E2029.7525
G1 F300 Z14.600
G0 F3900 X100.800 Y100.800
G1 F300 Z14.400
G1 F1500 E2032.7525
G1 F2028 X100.800 Y149.200 E2035.1671
G1 X149.200 Y149.200 E2037.5818
G1 X149.200 Y100.800 E2039.9965
G1 X100.800 Y100.800 E2042.4112
G0 F3900 X100.517 Y100.517
;TYPE:GAP-FILL
;WIDTH:0.234
;FLOW:95.0
G1 F3477 X100.600 Y149.500 E2043.7693
G1 X149.500 Y149.400 E2045.1252
G1 X149.400 Y100.500 E2046.4810
G1 X100.517 Y100.517 E2047.8363
;PRINTING_TIME: 1232
;REMAINING_TIME: 1919
;LAYER:48
;Z:14.700
;HEIGHT:0.300
;FLOW:100.0
;PRINTING: 0.20mm-nozzle-0.40mm-walls-humebeam-flow-calibration-cube.st
;PRINTING_ID: 0
G1 F2400 E2044.8363
G1 F300 Z14.900
G0 F3900 X100.200 Y100.200
G0 F300 Z14.700
;TYPE:WALL-OUTER
;WIDTH:0.400
G1 F300 Z14.700
G1 F1500 E2047.8363
G1 F2028 X149.800 Y100.200 E2050.3109
G1 X149.800 Y149.800 E2052.7854
G1 X100.200 Y149.800 E2055.2600
G1 X100.200 Y100.200 E2057.7345
G1 F2400 E2054.7345
G1 F300 Z14.900
G0 F3900 X100.800 Y100.800
G1 F300 Z14.700
G1 F1500 E2057.7345
G1 F2028 X100.800 Y149.200 E2060.1492
G1 X149.200 Y149.200 E2062.5639
G1 X149.200 Y100.800 E2064.9786
G1 X100.800 Y100.800 E2067.3933
G0 F3900 X100.517 Y100.517
;TYPE:GAP-FILL
;WIDTH:0.234
;FLOW:95.0
G1 F3477 X100.600 Y149.500 E2068.7514
G1 X149.500 Y149.400 E2070.1072
G1 X149.400 Y100.500 E2071.4631
G1 X100.517 Y100.517 E2072.8184
;PRINTING_TIME: 1248
;REMAINING_TIME: 1903
;LAYER:49
;Z:15.000
;HEIGHT:0.300
;FLOW:100.0
;PRINTING: 0.20mm-nozzle-0.40mm-walls-humebeam-flow-calibration-cube.st
;PRINTING_ID: 0
G1 F2400 E2069.8184
G1 F300 Z15.200
G0 F3900 X100.200 Y100.200
G0 F300 Z15.000
;TYPE:WALL-OUTER
;WIDTH:0.400
G1 F300 Z15.000
G1 F1500 E2072.8184
G1 F2028 X149.800 Y100.200 E2075.2930
G1 X149.800 Y149.800 E2077.7675
G1 X100.200 Y149.800 E2080.2421
G1 X100.200 Y100.200 E2082.7166
G1 F2400 E2079.7166
G1 F300 Z15.200
G0 F3900 X100.800 Y100.800
G1 F300 Z15.000
G1 F1500 E2082.7166
G1 F2028 X100.800 Y149.200 E2085.1313
G1 X149.200 Y149.200 E2087.5460
G1 X149.200 Y100.800 E2089.9607
G1 X100.800 Y100.800 E2092.3754
G0 F3900 X100.517 Y100.517
;TYPE:GAP-FILL
;WIDTH:0.234
;FLOW:95.0
G1 F3477 X100.600 Y149.500 E2093.7335
G1 X149.500 Y149.400 E2095.0893
G1 X149.400 Y100.500 E2096.4452
G1 X100.517 Y100.517 E2097.8005
;PRINTING_TIME: 1265
;REMAINING_TIME: 1887
;LAYER:50
;Z:15.300
;HEIGHT:0.300
;FLOW:100.0
;PRINTING: 0.20mm-nozzle-0.40mm-walls-humebeam-flow-calibration-cube.st
;PRINTING_ID: 0
G1 F2400 E2094.8005
G1 F300 Z15.500
G0 F3900 X100.200 Y100.200
G0 F300 Z15.300
;TYPE:WALL-OUTER
;WIDTH:0.400
G1 F300 Z15.300
G1 F1500 E2097.8005
G1 F2028 X149.800 Y100.200 E2100.2751
G1 X149.800 Y149.800 E2102.7496
G1 X100.200 Y149.800 E2105.2242
G1 X100.200 Y100.200 E2107.6987
G1 F2400 E2104.6987
G1 F300 Z15.500
G0 F3900 X100.800 Y100.800
G1 F300 Z15.300
G1 F1500 E2107.6987
G1 F2028 X100.800 Y149.200 E2110.1134
G1 X149.200 Y149.200 E2112.5281
G1 X149.200 Y100.800 E2114.9428
G1 X100.800 Y100.800 E2117.3575
G0 F3900 X100.517 Y100.517
;TYPE:GAP-FILL
;WIDTH:0.234
;FLOW:95.0
G1 F3477 X100.600 Y149.500 E2118.7156
G1 X149.500 Y149.400 E2120.0714
G1 X149.400 Y100.500 E2121.4273
G1 X100.517 Y100.517 E2122.7826
;PRINTING_TIME: 1281
;REMAINING_TIME: 1871
;LAYER:51
;Z:15.600
;HEIGHT:0.300
;FLOW:100.0
;PRINTING: 0.20mm-nozzle-0.40mm-walls-humebeam-flow-calibration-cube.st
;PRINTING_ID: 0
G1 F2400 E2119.7826
G1 F300 Z15.800
G0 F3900 X100.200 Y100.200
G0 F300 Z15.600
;TYPE:WALL-OUTER
;WIDTH:0.400
G1 F300 Z15.600
G1 F1500 E2122.7826
G1 F2028 X149.800 Y100.200 E2125.2572
G1 X149.800 Y149.800 E2127.7317
G1 X100.200 Y149.800 E2130.2063
G1 X100.200 Y100.200 E2132.6808
G1 F2400 E2129.6808
G1 F300 Z15.800
G0 F3900 X100.800 Y100.800
G1 F300 Z15.600
G1 F1500 E2132.6808
G1 F2028 X100.800 Y149.200 E2135.0955
G1 X149.200 Y149.200 E2137.5102
G1 X149.200 Y100.800 E2139.9249
G1 X100.800 Y100.800 E2142.3396
G0 F3900 X100.517 Y100.517
;TYPE:GAP-FILL
;WIDTH:0.234
;FLOW:95.0
G1 F3477 X100.600 Y149.500 E2143.6977
G1 X149.500 Y149.400 E2145.0535
G1 X149.400 Y100.500 E2146.4094
G1 X100.517 Y100.517 E2147.7647
;PRINTING_TIME: 1297
;REMAINING_TIME: 1855
;LAYER:52
;Z:15.900
;HEIGHT:0.300
;FLOW:100.0
;PRINTING: 0.20mm-nozzle-0.40mm-walls-humebeam-flow-calibration-cube.st
;PRINTING_ID: 0
G1 F2400 E2144.7647
G1 F300 Z16.100
G0 F3900 X100.200 Y100.200
G0 F300 Z15.900
;TYPE:WALL-OUTER
;WIDTH:0.400
G1 F300 Z15.900
G1 F1500 E2147.7647
G1 F2028 X149.800 Y100.200 E2150.2393
G1 X149.800 Y149.800 E2152.7138
G1 X100.200 Y149.800 E2155.1884
G1 X100.200 Y100.200 E2157.6629
G1 F2400 E2154.6629
G1 F300 Z16.100
G0 F3900 X100.800 Y100.800
G1 F300 Z15.900
G1 F1500 E2157.6629
G1 F2028 X100.800 Y149.200 E2160.0776
G1 X149.200 Y149.200 E2162.4923
G1 X149.200 Y100.800 E2164.9070
G1 X100.800 Y100.800 E2167.3217
G0 F3900 X100.517 Y100.517
;TYPE:GAP-FILL
;WIDTH:0.234
;FLOW:95.0
G1 F3477 X100.600 Y149.500 E2168.6798
G1 X149.500 Y149.400 E2170.0356
G1 X149.400 Y100.500 E2171.3915
G1 X100.517 Y100.517 E2172.7468
;PRINTING_TIME: 1313
;REMAINING_TIME: 1839
;LAYER:53
;Z:16.200
;HEIGHT:0.300
;FLOW:100.0
;PRINTING: 0.20mm-nozzle-0.40mm-walls-humebeam-flow-calibration-cube.st
;PRINTING_ID: 0
G1 F2400 E2169.7468
G1 F300 Z16.400
G0 F3900 X100.200 Y100.200
G0 F300 Z16.200
;TYPE:WALL-OUTER
;WIDTH:0.400
G1 F300 Z16.200
G1 F1500 E2172.7468
G1 F2028 X149.800 Y100.200 E2175.2214
G1 X149.800 Y149.800 E2177.6959
G1 X100.200 Y149.800 E2180.1705
G1 X100.200 Y100.200 E2182.6450
G1 F2400 E2179.6450
G1 F300 Z16.400
G0 F3900 X100.800 Y100.800
G1 F300 Z16.200
G1 F1500 E2182.6450
G1 F2028 X100.800 Y149.200 E2185.0597
G1 X149.200 Y149.200 E2187.4744
G1 X149.200 Y100.800 E2189.8891
G1 X100.800 Y100.800 E2192.3038
G0 F3900 X100.517 Y100.517
;TYPE:GAP-FILL
;WIDTH:0.234
;FLOW:95.0
G1 F3477 X100.600 Y149.500 E2193.6619
G1 X149.500 Y149.400 E2195.0177
G1 X149.400 Y100.500 E2196.3736
G1 X100.517 Y100.517 E2197.7289
;PRINTING_TIME: 1329
;REMAINING_TIME: 1822
;LAYER:54
;Z:16.500
;HEIGHT:0.300
;FLOW:100.0
;PRINTING: 0.20mm-nozzle-0.40mm-walls-humebeam-flow-calibration-cube.st
;PRINTING_ID: 0
G1 F2400 E2194.7289
G1 F300 Z16.700
G0 F3900 X100.200 Y100.200
G0 F300 Z16.500
;TYPE:WALL-OUTER
;WIDTH:0.400
G1 F300 Z16.500
G1 F1500 E2197.7289
G1 F2028 X149.800 Y100.200 E2200.2035
G1 X149.800 Y149.800 E2202.6780
G1 X100.200 Y149.800 E2205.1526
G1 X100.200 Y100.200 E2207.6271
G1 F2400 E2204.6271
G1 F300 Z16.700
G0 F3900 X100.800 Y100.800
G1 F300 Z16.500
G1 F1500 E2207.6271
G1 F2028 X100.800 Y149.200 E2210.0418
G1 X149.200 Y149.200 E2212.4565
G1 X149.200 Y100.800 E2214.8712
G1 X100.800 Y100.800 E2217.2859
G0 F3900 X100.517 Y100.517
;TYPE:GAP-FILL
;WIDTH:0.234
;FLOW:95.0
G1 F3477 X100.600 Y149.500 E2218.6440
G1 X149.500 Y149.400 E2219.9998
G1 X149.400 Y100.500 E2221.3557
G1 X100.517 Y100.517 E2222.7110
;PRINTING_TIME: 1346
;REMAINING_TIME: 1806
;LAYER:55
;Z:16.800
;HEIGHT:0.300
;FLOW:100.0
;PRINTING: 0.20mm-nozzle-0.40mm-walls-humebeam-flow-calibration-cube.st
;PRINTING_ID: 0
G1 F2400 E2219.7110
G1 F300 Z17.000
G0 F3900 X100.200 Y100.200
G0 F300 Z16.800
;TYPE:WALL-OUTER
;WIDTH:0.400
G1 F300 Z16.800
G1 F1500 E2222.7110
G1 F2028 X149.800 Y100.200 E2225.1856
G1 X149.800 Y149.800 E2227.6601
G1 X100.200 Y149.800 E2230.1347
G1 X100.200 Y100.200 E2232.6092
G1 F2400 E2229.6092
G1 F300 Z17.000
G0 F3900 X100.800 Y100.800
G1 F300 Z16.800
G1 F1500 E2232.6092
G1 F2028 X100.800 Y149.200 E2235.0239
G1 X149.200 Y149.200 E2237.4386
G1 X149.200 Y100.800 E2239.8533
G1 X100.800 Y100.800 E2242.2680
G0 F3900 X100.517 Y100.517
;TYPE:GAP-FILL
;WIDTH:0.234
;FLOW:95.0
G1 F3477 X100.600 Y149.500 E2243.6261
G1 X149.500 Y149.400 E2244.9819
G1 X149.400 Y100.500 E2246.3378
G1 X100.517 Y100.517 E2247.6931
;PRINTING_TIME: 1362
;REMAINING_TIME: 1790
;LAYER:56
;Z:17.100
;HEIGHT:0.300
;FLOW:100.0
;PRINTING: 0.20mm-nozzle-0.40mm-walls-humebeam-flow-calibration-cube.st
;PRINTING_ID: 0
G1 F2400 E2244.6931
G1 F300 Z17.300
G0 F3900 X100.200 Y100.200
G0 F300 Z17.100
;TYPE:WALL-OUTER
;WIDTH:0.400
G1 F300 Z17.100
G1 F1500 E2247.6931
G1 F2028 X149.800 Y100.200 E2250.1677
G1 X149.800 Y149.800 E2252.6422
G1 X100.200 Y149.800 E2255.1168
G1 X100.200 Y100.200 E2257.5913
G1 F2400 E2254.5913
G1 F300 Z17.300
G0 F3900 X100.800 Y100.800
G1 F300 Z17.100
G1 F1500 E2257.5913
G1 F2028 X100.800 Y149.200 E2260.0060
G1 X149.200 Y149.200 E2262.4207
G1 X149.200 Y100.800 E2264.8354
G1 X100.800 Y100.800 E2267.2501
G0 F3900 X100.517 Y100.517
;TYPE:GAP-FILL
;WIDTH:0.234
;FLOW:95.0
G1 F3477 X100.600 Y149.500 E2268.6082
G1 X149.500 Y149.400 E2269.9640
G1 X149.400 Y100.500 E2271.3198
G1 X100.517 Y100.517 E2272.6752
;PRINTING_TIME: 1378
;REMAINING_TIME: 1774
;LAYER:57
;Z:17.400
;HEIGHT:0.300
;FLOW:100.0
;PRINTING: 0.20mm-nozzle-0.40mm-walls-humebeam-flow-calibration-cube.st
;PRINTING_ID: 0
G1 F2400 E2269.6752
G1 F300 Z17.600
G0 F3900 X100.200 Y100.200
G0 F300 Z17.400
;TYPE:WALL-OUTER
;WIDTH:0.400
G1 F300 Z17.400
G1 F1500 E2272.6752
G1 F2028 X149.800 Y100.200 E2275.1498
G1 X149.800 Y149.800 E2277.6243
G1 X100.200 Y149.800 E2280.0989
G1 X100.200 Y100.200 E2282.5734
G1 F2400 E2279.5734
G1 F300 Z17.600
G0 F3900 X100.800 Y100.800
G1 F300 Z17.400
G1 F1500 E2282.5734
G1 F2028 X100.800 Y149.200 E2284.9881
G1 X149.200 Y149.200 E2287.4028
G1 X149.200 Y100.800 E2289.8175
G1 X100.800 Y100.800 E2292.2322
G0 F3900 X100.517 Y100.517
;TYPE:GAP-FILL
;WIDTH:0.234
;FLOW:95.0
G1 F3477 X100.600 Y149.500 E2293.5903
G1 X149.500 Y149.400 E2294.9461
G1 X149.400 Y100.500 E2296.3019
G1 X100.517 Y100.517 E2297.6573
;PRINTING_TIME: 1394
;REMAINING_TIME: 1758
;LAYER:58
;Z:17.700
;HEIGHT:0.300
;FLOW:100.0
;PRINTING: 0.20mm-nozzle-0.40mm-walls-humebeam-flow-calibration-cube.st
;PRINTING_ID: 0
G1 F2400 E2294.6573
G1 F300 Z17.900
G0 F3900 X100.200 Y100.200
G0 F300 Z17.700
;TYPE:WALL-OUTER
;WIDTH:0.400
G1 F300 Z17.700
G1 F1500 E2297.6573
G1 F2028 X149.800 Y100.200 E2300.1319
G1 X149.800 Y149.800 E2302.6064
G1 X100.200 Y149.800 E2305.0810
G1 X100.200 Y100.200 E2307.5555
G1 F2400 E2304.5555
G1 F300 Z17.900
G0 F3900 X100.800 Y100.800
G1 F300 Z17.700
G1 F1500 E2307.5555
G1 F2028 X100.800 Y149.200 E2309.9702
G1 X149.200 Y149.200 E2312.3849
G1 X149.200 Y100.800 E2314.7996
G1 X100.800 Y100.800 E2317.2143
G0 F3900 X100.517 Y100.517
;TYPE:GAP-FILL
;WIDTH:0.234
;FLOW:95.0
G1 F3477 X100.600 Y149.500 E2318.5724
G1 X149.500 Y149.400 E2319.9282
G1 X149.400 Y100.500 E2321.2840
G1 X100.517 Y100.517 E2322.6394
;PRINTING_TIME: 1410
;REMAINING_TIME: 1741
;LAYER:59
;Z:18.000
;HEIGHT:0.300
;FLOW:100.0
;PRINTING: 0.20mm-nozzle-0.40mm-walls-humebeam-flow-calibration-cube.st
;PRINTING_ID: 0
G1 F2400 E2319.6394
G1 F300 Z18.200
G0 F3900 X100.200 Y100.200
G0 F300 Z18.000
;TYPE:WALL-OUTER
;WIDTH:0.400
G1 F300 Z18.000
G1 F1500 E2322.6394
G1 F2028 X149.800 Y100.200 E2325.1139
G1 X149.800 Y149.800 E2327.5885
G1 X100.200 Y149.800 E2330.0631
G1 X100.200 Y100.200 E2332.5376
G1 F2400 E2329.5376
G1 F300 Z18.200
G0 F3900 X100.800 Y100.800
G1 F300 Z18.000
G1 F1500 E2332.5376
G1 F2028 X100.800 Y149.200 E2334.9523
G1 X149.200 Y149.200 E2337.3670
G1 X149.200 Y100.800 E2339.7817
G1 X100.800 Y100.800 E2342.1964
G0 F3900 X100.517 Y100.517
;TYPE:GAP-FILL
;WIDTH:0.234
;FLOW:95.0
G1 F3477 X100.600 Y149.500 E2343.5545
G1 X149.500 Y149.400 E2344.9103
G1 X149.400 Y100.500 E2346.2661
G1 X100.517 Y100.517 E2347.6215
;PRINTING_TIME: 1426
;REMAINING_TIME: 1725
;LAYER:60
;Z:18.300
;HEIGHT:0.300
;FLOW:100.0
;PRINTING: 0.20mm-nozzle-0.40mm-walls-humebeam-flow-calibration-cube.st
;PRINTING_ID: 0
G1 F2400 E2344.6215
G1 F300 Z18.500
G0 F3900 X100.200 Y100.200
G0 F300 Z18.300
;TYPE:WALL-OUTER
;WIDTH:0.400
G1 F300 Z18.300
G1 F1500 E2347.6215
G1 F2028 X149.800 Y100.200 E2350.0960
G1 X149.800 Y149.800 E2352.5706
G1 X100.200 Y149.800 E2355.0452
G1 X100.200 Y100.200 E2357.5197
G1 F2400 E2354.5197
G1 F300 Z18.500
G0 F3900 X100.800 Y100.800
G1 F300 Z18.300
G1 F1500 E2357.5197
G1 F2028 X100.800 Y149.200 E2359.9344
G1 X149.200 Y149.200 E2362.3491
G1 X149.200 Y100.800 E2364.7638
G1 X100.800 Y100.800 E2367.1785
G0 F3900 X100.517 Y100.517
;TYPE:GAP-FILL
;WIDTH:0.234
;FLOW:95.0
G1 F3477 X100.600 Y149.500 E2368.5366
G1 X149.500 Y149.400 E2369.8924
G1 X149.400 Y100.500 E2371.2482
G1 X100.517 Y100.517 E2372.6036
;PRINTING_TIME: 1443
;REMAINING_TIME: 1709
;LAYER:61
;Z:18.600
;HEIGHT:0.300
;FLOW:100.0
;PRINTING: 0.20mm-nozzle-0.40mm-walls-humebeam-flow-calibration-cube.st
;PRINTING_ID: 0
G1 F2400 E2369.6036
G1 F300 Z18.800
G0 F3900 X100.200 Y100.200
G0 F300 Z18.600
;TYPE:WALL-OUTER
;WIDTH:0.400
G1 F300 Z18.600
G1 F1500 E2372.6036
G1 F2028 X149.800 Y100.200 E2375.0781
G1 X149.800 Y149.800 E2377.5527
G1 X100.200 Y149.800 E2380.0272
G1 X100.200 Y100.200 E2382.5018
G1 F2400 E2379.5018
G1 F300 Z18.800
G0 F3900 X100.800 Y100.800
G1 F300 Z18.600
G1 F1500 E2382.5018
G1 F2028 X100.800 Y149.200 E2384.9165
G1 X149.200 Y149.200 E2387.3312
G1 X149.200 Y100.800 E2389.7459
G1 X100.800 Y100.800 E2392.1605
G0 F3900 X100.517 Y100.517
;TYPE:GAP-FILL
;WIDTH:0.234
;FLOW:95.0
G1 F3477 X100.600 Y149.500 E2393.5187
G1 X149.500 Y149.400 E2394.8745
G1 X149.400 Y100.500 E2396.2303
G1 X100.517 Y100.517 E2397.5857
;PRINTING_TIME: 1459
;REMAINING_TIME: 1693
;LAYER:62
;Z:18.900
;HEIGHT:0.300
;FLOW:100.0
;PRINTING: 0.20mm-nozzle-0.40mm-walls-humebeam-flow-calibration-cube.st
;PRINTING_ID: 0
G1 F2400 E2394.5857
G1 F300 Z19.100
G0 F3900 X100.200 Y100.200
G0 F300 Z18.900
;TYPE:WALL-OUTER
;WIDTH:0.400
G1 F300 Z18.900
G1 F1500 E2397.5857
G1 F2028 X149.800 Y100.200 E2400.0602
G1 X149.800 Y149.800 E2402.5348
G1 X100.200 Y149.800 E2405.0093
G1 X100.200 Y100.200 E2407.4839
G1 F2400 E2404.4839
G1 F300 Z19.100
G0 F3900 X100.800 Y100.800
G1 F300 Z18.900
G1 F1500 E2407.4839
G1 F2028 X100.800 Y149.200 E2409.8986
G1 X149.200 Y149.200 E2412.3133
G1 X149.200 Y100.800 E2414.7280
G1 X100.800 Y100.800 E2417.1426
G0 F3900 X100.517 Y100.517
;TYPE:GAP-FILL
;WIDTH:0.234
;FLOW:95.0
G1 F3477 X100.600 Y149.500 E2418.5008
G1 X149.500 Y149.400 E2419.8566
G1 X149.400 Y100.500 E2421.2124
G1 X100.517 Y100.517 E2422.5678
;PRINTING_TIME: 1475
;REMAINING_TIME: 1677
;LAYER:63
;Z:19.200
;HEIGHT:0.300
;FLOW:100.0
;PRINTING: 0.20mm-nozzle-0.40mm-walls-humebeam-flow-calibration-cube.st
;PRINTING_ID: 0
G1 F2400 E2419.5678
G1 F300 Z19.400
G0 F3900 X100.200 Y100.200
G0 F300 Z19.200
;TYPE:WALL-OUTER
;WIDTH:0.400
G1 F300 Z19.200
G1 F1500 E2422.5678
G1 F2028 X149.800 Y100.200 E2425.0423
G1 X149.800 Y149.800 E2427.5169
G1 X100.200 Y149.800 E2429.9914
G1 X100.200 Y100.200 E2432.4660
G1 F2400 E2429.4660
G1 F300 Z19.400
G0 F3900 X100.800 Y100.800
G1 F300 Z19.200
G1 F1500 E2432.4660
G1 F2028 X100.800 Y149.200 E2434.8807
G1 X149.200 Y149.200 E2437.2954
G1 X149.200 Y100.800 E2439.7101
G1 X100.800 Y100.800 E2442.1247
G0 F3900 X100.517 Y100.517
;TYPE:GAP-FILL
;WIDTH:0.234
;FLOW:95.0
G1 F3477 X100.600 Y149.500 E2443.4829
G1 X149.500 Y149.400 E2444.8387
G1 X149.400 Y100.500 E2446.1945
G1 X100.517 Y100.517 E2447.5499
;PRINTING_TIME: 1491
;REMAINING_TIME: 1661
;LAYER:64
;Z:19.500
;HEIGHT:0.300
;FLOW:100.0
;PRINTING: 0.20mm-nozzle-0.40mm-walls-humebeam-flow-calibration-cube.st
;PRINTING_ID: 0
G1 F2400 E2444.5499
G1 F300 Z19.700
G0 F3900 X100.200 Y100.200
G0 F300 Z19.500
;TYPE:WALL-OUTER
;WIDTH:0.400
G1 F300 Z19.500
G1 F1500 E2447.5499
G1 F2028 X149.800 Y100.200 E2450.0244
G1 X149.800 Y149.800 E2452.4990
G1 X100.200 Y149.800 E2454.9735
G1 X100.200 Y100.200 E2457.4481
G1 F2400 E2454.4481
G1 F300 Z19.700
G0 F3900 X100.800 Y100.800
G1 F300 Z19.500
G1 F1500 E2457.4481
G1 F2028 X100.800 Y149.200 E2459.8628
G1 X149.200 Y149.200 E2462.2775
G1 X149.200 Y100.800 E2464.6922
G1 X100.800 Y100.800 E2467.1068
G0 F3900 X100.517 Y100.517
;TYPE:GAP-FILL
;WIDTH:0.234
;FLOW:95.0
G1 F3477 X100.600 Y149.500 E2468.4650
G1 X149.500 Y149.400 E2469.8208
G1 X149.400 Y100.500 E2471.1766
G1 X100.517 Y100.517 E2472.5320
;PRINTING_TIME: 1507
;REMAINING_TIME: 1644
;LAYER:65
;Z:19.800
;HEIGHT:0.300
;FLOW:100.0
;PRINTING: 0.20mm-nozzle-0.40mm-walls-humebeam-flow-calibration-cube.st
;PRINTING_ID: 0
G1 F2400 E2469.5320
G1 F300 Z20.000
G0 F3900 X100.200 Y100.200
G0 F300 Z19.800
;TYPE:WALL-OUTER
;WIDTH:0.400
G1 F300 Z19.800
G1 F1500 E2472.5320
G1 F2028 X149.800 Y100.200 E2475.0065
G1 X149.800 Y149.800 E2477.4811
G1 X100.200 Y149.800 E2479.9556
G1 X100.200 Y100.200 E2482.4302
G1 F2400 E2479.4302
G1 F300 Z20.000
G0 F3900 X100.800 Y100.800
G1 F300 Z19.800
G1 F1500 E2482.4302
G1 F2028 X100.800 Y149.200 E2484.8449
G1 X149.200 Y149.200 E2487.2596
G1 X149.200 Y100.800 E2489.6742
G1 X100.800 Y100.800 E2492.0889
G0 F3900 X100.517 Y100.517
;TYPE:GAP-FILL
;WIDTH:0.234
;FLOW:95.0
G1 F3477 X100.600 Y149.500 E2493.4471
G1 X149.500 Y149.400 E2494.8029
G1 X149.400 Y100.500 E2496.1587
G1 X100.517 Y100.517 E2497.5141
;PRINTING_TIME: 1523
;REMAINING_TIME: 1628
;LAYER:66
;Z:20.100
;HEIGHT:0.300
;FLOW:100.0
;PRINTING: 0.20mm-nozzle-0.40mm-walls-humebeam-flow-calibration-cube.st
;PRINTING_ID: 0
G1 F2400 E2494.5141
G1 F300 Z20.300
G0 F3900 X100.200 Y100.200
G0 F300 Z20.100
;TYPE:WALL-OUTER
;WIDTH:0.400
G1 F300 Z20.100
G1 F1500 E2497.5141
G1 F2028 X149.800 Y100.200 E2499.9886
G1 X149.800 Y149.800 E2502.4632
G1 X100.200 Y149.800 E2504.9377
G1 X100.200 Y100.200 E2507.4123
G1 F2400 E2504.4123
G1 F300 Z20.300
G0 F3900 X100.800 Y100.800
G1 F300 Z20.100
G1 F1500 E2507.4123
G1 F2028 X100.800 Y149.200 E2509.8270
G1 X149.200 Y149.200 E2512.2417
G1 X149.200 Y100.800 E2514.6563
G1 X100.800 Y100.800 E2517.0710
G0 F3900 X100.517 Y100.517
;TYPE:GAP-FILL
;WIDTH:0.234
;FLOW:95.0
G1 F3477 X100.600 Y149.500 E2518.4292
G1 X149.500 Y149.400 E2519.7850
G1 X149.400 Y100.500 E2521.1408
G1 X100.517 Y100.517 E2522.4962
;PRINTING_TIME: 1540
;REMAINING_TIME: 1612
;LAYER:67
;Z:20.400
;HEIGHT:0.300
;FLOW:100.0
;PRINTING: 0.20mm-nozzle-0.40mm-walls-humebeam-flow-calibration-cube.st
;PRINTING_ID: 0
G1 F2400 E2519.4962
G1 F300 Z20.600
G0 F3900 X100.200 Y100.200
G0 F300 Z20.400
;TYPE:WALL-OUTER
;WIDTH:0.400
G1 F300 Z20.400
G1 F1500 E2522.4962
G1 F2028 X149.800 Y100.200 E2524.9707
G1 X149.800 Y149.800 E2527.4453
G1 X100.200 Y149.800 E2529.9198
G1 X100.200 Y100.200 E2532.3944
G1 F2400 E2529.3944
G1 F300 Z20.600
G0 F3900 X100.800 Y100.800
G1 F300 Z20.400
G1 F1500 E2532.3944
G1 F2028 X100.800 Y149.200 E2534.8091
G1 X149.200 Y149.200 E2537.2238
G1 X149.200 Y100.800 E2539.6384
G1 X100.800 Y100.800 E2542.0531
G0 F3900 X100.517 Y100.517
;TYPE:GAP-FILL
;WIDTH:0.234
;FLOW:95.0
G1 F3477 X100.600 Y149.500 E2543.4113
G1 X149.500 Y149.400 E2544.7671
G1 X149.400 Y100.500 E2546.1229
G1 X100.517 Y100.517 E2547.4783
;PRINTING_TIME: 1556
;REMAINING_TIME: 1596
;LAYER:68
;Z:20.700
;HEIGHT:0.300
;FLOW:100.0
;PRINTING: 0.20mm-nozzle-0.40mm-walls-humebeam-flow-calibration-cube.st
;PRINTING_ID: 0
G1 F2400 E2544.4783
G1 F300 Z20.900
G0 F3900 X100.200 Y100.200
G0 F300 Z20.700
;TYPE:WALL-OUTER
;WIDTH:0.400
G1 F300 Z20.700
G1 F1500 E2547.4783
G1 F2028 X149.800 Y100.200 E2549.9528
G1 X149.800 Y149.800 E2552.4274
G1 X100.200 Y149.800 E2554.9019
G1 X100.200 Y100.200 E2557.3765
G1 F2400 E2554.3765
G1 F300 Z20.900
G0 F3900 X100.800 Y100.800
G1 F300 Z20.700
G1 F1500 E2557.3765
G1 F2028 X100.800 Y149.200 E2559.7912
G1 X149.200 Y149.200 E2562.2059
G1 X149.200 Y100.800 E2564.6205
G1 X100.800 Y100.800 E2567.0352
G0 F3900 X100.517 Y100.517
;TYPE:GAP-FILL
;WIDTH:0.234
;FLOW:95.0
G1 F3477 X100.600 Y149.500 E2568.3934
G1 X149.500 Y149.400 E2569.7492
G1 X149.400 Y100.500 E2571.1050
G1 X100.517 Y100.517 E2572.4604
;PRINTING_TIME: 1572
;REMAINING_TIME: 1580
;LAYER:69
;Z:21.000
;HEIGHT:0.300
;FLOW:100.0
;PRINTING: 0.20mm-nozzle-0.40mm-walls-humebeam-flow-calibration-cube.st
;PRINTING_ID: 0
G1 F2400 E2569.4604
G1 F300 Z21.200
G0 F3900 X100.200 Y100.200
G0 F300 Z21.000
;TYPE:WALL-OUTER
;WIDTH:0.400
G1 F300 Z21.000
G1 F1500 E2572.4604
G1 F2028 X149.800 Y100.200 E2574.9349
G1 X149.800 Y149.800 E2577.4095
G1 X100.200 Y149.800 E2579.8840
G1 X100.200 Y100.200 E2582.3586
G1 F2400 E2579.3586
G1 F300 Z21.200
G0 F3900 X100.800 Y100.800
G1 F300 Z21.000
G1 F1500 E2582.3586
G1 F2028 X100.800 Y149.200 E2584.7733
G1 X149.200 Y149.200 E2587.1879
G1 X149.200 Y100.800 E2589.6026
G1 X100.800 Y100.800 E2592.0173
G0 F3900 X100.517 Y100.517
;TYPE:GAP-FILL
;WIDTH:0.234
;FLOW:95.0
G1 F3477 X100.600 Y149.500 E2593.3754
G1 X149.500 Y149.400 E2594.7313
G1 X149.400 Y100.500 E2596.0871
G1 X100.517 Y100.517 E2597.4425
;PRINTING_TIME: 1588
;REMAINING_TIME: 1563
;LAYER:70
;Z:21.300
;HEIGHT:0.300
;FLOW:100.0
;PRINTING: 0.20mm-nozzle-0.40mm-walls-humebeam-flow-calibration-cube.st
;PRINTING_ID: 0
G1 F2400 E2594.4425
G1 F300 Z21.500
G0 F3900 X100.200 Y100.200
G0 F300 Z21.300
;TYPE:WALL-OUTER
;WIDTH:0.400
G1 F300 Z21.300
G1 F1500 E2597.4425
G1 F2028 X149.800 Y100.200 E2599.9170
G1 X149.800 Y149.800 E2602.3916
G1 X100.200 Y149.800 E2604.8661
G1 X100.200 Y100.200 E2607.3407
G1 F2400 E2604.3407
G1 F300 Z21.500
G0 F3900 X100.800 Y100.800
G1 F300 Z21.300
G1 F1500 E2607.3407
G1 F2028 X100.800 Y149.200 E2609.7554
G1 X149.200 Y149.200 E2612.1700
G1 X149.200 Y100.800 E2614.5847
G1 X100.800 Y100.800 E2616.9994
G0 F3900 X100.517 Y100.517
;TYPE:GAP-FILL
;WIDTH:0.234
;FLOW:95.0
G1 F3477 X100.600 Y149.500 E2618.3575
G1 X149.500 Y149.400 E2619.7134
G1 X149.400 Y100.500 E2621.0692
G1 X100.517 Y100.517 E2622.4246
;PRINTING_TIME: 1604
;REMAINING_TIME: 1547
;LAYER:71
;Z:21.600
;HEIGHT:0.300
;FLOW:100.0
;PRINTING: 0.20mm-nozzle-0.40mm-walls-humebeam-flow-calibration-cube.st
;PRINTING_ID: 0
G1 F2400 E2619.4246
G1 F300 Z21.800
G0 F3900 X100.200 Y100.200
G0 F300 Z21.600
;TYPE:WALL-OUTER
;WIDTH:0.400
G1 F300 Z21.600
G1 F1500 E2622.4246
G1 F2028 X149.800 Y100.200 E2624.8991
G1 X149.800 Y149.800 E2627.3737
G1 X100.200 Y149.800 E2629.8482
G1 X100.200 Y100.200 E2632.3228
G1 F2400 E2629.3228
G1 F300 Z21.800
G0 F3900 X100.800 Y100.800
G1 F300 Z21.600
G1 F1500 E2632.3228
G1 F2028 X100.800 Y149.200 E2634.7375
G1 X149.200 Y149.200 E2637.1521
G1 X149.200 Y100.800 E2639.5668
G1 X100.800 Y100.800 E2641.9815
G0 F3900 X100.517 Y100.517
;TYPE:GAP-FILL
;WIDTH:0.234
;FLOW:95.0
G1 F3477 X100.600 Y149.500 E2643.3396
G1 X149.500 Y149.400 E2644.6955
G1 X149.400 Y100.500 E2646.0513
G1 X100.517 Y100.517 E2647.4066
;PRINTING_TIME: 1621
;REMAINING_TIME: 1531
;LAYER:72
;Z:21.900
;HEIGHT:0.300
;FLOW:100.0
;PRINTING: 0.20mm-nozzle-0.40mm-walls-humebeam-flow-calibration-cube.st
;PRINTING_ID: 0
G1 F2400 E2644.4066
G1 F300 Z22.100
G0 F3900 X100.200 Y100.200
G0 F300 Z21.900
;TYPE:WALL-OUTER
;WIDTH:0.400
G1 F300 Z21.900
G1 F1500 E2647.4066
G1 F2028 X149.800 Y100.200 E2649.8812
G1 X149.800 Y149.800 E2652.3558
G1 X100.200 Y149.800 E2654.8303
G1 X100.200 Y100.200 E2657.3049
G1 F2400 E2654.3049
G1 F300 Z22.100
G0 F3900 X100.800 Y100.800
G1 F300 Z21.900
G1 F1500 E2657.3049
G1 F2028 X100.800 Y149.200 E2659.7196
G1 X149.200 Y149.200 E2662.1342
G1 X149.200 Y100.800 E2664.5489
G1 X100.800 Y100.800 E2666.9636
G0 F3900 X100.517 Y100.517
;TYPE:GAP-FILL
;WIDTH:0.234
;FLOW:95.0
G1 F3477 X100.600 Y149.500 E2668.3217
G1 X149.500 Y149.400 E2669.6776
G1 X149.400 Y100.500 E2671.0334
G1 X100.517 Y100.517 E2672.3887
;PRINTING_TIME: 1637
;REMAINING_TIME: 1515
;LAYER:73
;Z:22.200
;HEIGHT:0.300
;FLOW:100.0
;PRINTING: 0.20mm-nozzle-0.40mm-walls-humebeam-flow-calibration-cube.st
;PRINTING_ID: 0
G1 F2400 E2669.3887
G1 F300 Z22.400
G0 F3900 X100.200 Y100.200
G0 F300 Z22.200
;TYPE:WALL-OUTER
;WIDTH:0.400
G1 F300 Z22.200
G1 F1500 E2672.3887
G1 F2028 X149.800 Y100.200 E2674.8633
G1 X149.800 Y149.800 E2677.3379
G1 X100.200 Y149.800 E2679.8124
G1 X100.200 Y100.200 E2682.2870
G1 F2400 E2679.2870
G1 F300 Z22.400
G0 F3900 X100.800 Y100.800
G1 F300 Z22.200
G1 F1500 E2682.2870
G1 F2028 X100.800 Y149.200 E2684.7016
G1 X149.200 Y149.200 E2687.1163
G1 X149.200 Y100.800 E2689.5310
G1 X100.800 Y100.800 E2691.9457
G0 F3900 X100.517 Y100.517
;TYPE:GAP-FILL
;WIDTH:0.234
;FLOW:95.0
G1 F3477 X100.600 Y149.500 E2693.3038
G1 X149.500 Y149.400 E2694.6597
G1 X149.400 Y100.500 E2696.0155
G1 X100.517 Y100.517 E2697.3708
;PRINTING_TIME: 1653
;REMAINING_TIME: 1499
;LAYER:74
;Z:22.500
;HEIGHT:0.300
;FLOW:100.0
;PRINTING: 0.20mm-nozzle-0.40mm-walls-humebeam-flow-calibration-cube.st
;PRINTING_ID: 0
G1 F2400 E2694.3708
G1 F300 Z22.700
G0 F3900 X100.200 Y100.200
G0 F300 Z22.500
;TYPE:WALL-OUTER
;WIDTH:0.400
G1 F300 Z22.500
G1 F1500 E2697.3708
G1 F2028 X149.800 Y100.200 E2699.8454
G1 X149.800 Y149.800 E2702.3200
G1 X100.200 Y149.800 E2704.7945
G1 X100.200 Y100.200 E2707.2691
G1 F2400 E2704.2691
G1 F300 Z22.700
G0 F3900 X100.800 Y100.800
G1 F300 Z22.500
G1 F1500 E2707.2691
G1 F2028 X100.800 Y149.200 E2709.6837
G1 X149.200 Y149.200 E2712.0984
G1 X149.200 Y100.800 E2714.5131
G1 X100.800 Y100.800 E2716.9278
G0 F3900 X100.517 Y100.517
;TYPE:GAP-FILL
;WIDTH:0.234
;FLOW:95.0
G1 F3477 X100.600 Y149.500 E2718.2859
G1 X149.500 Y149.400 E2719.6418
G1 X149.400 Y100.500 E2720.9976
G1 X100.517 Y100.517 E2722.3529
;PRINTING_TIME: 1669
;REMAINING_TIME: 1483
;LAYER:75
;Z:22.800
;HEIGHT:0.300
;FLOW:100.0
;PRINTING: 0.20mm-nozzle-0.40mm-walls-humebeam-flow-calibration-cube.st
;PRINTING_ID: 0
G1 F2400 E2719.3529
G1 F300 Z23.000
G0 F3900 X100.200 Y100.200
G0 F300 Z22.800
;TYPE:WALL-OUTER
;WIDTH:0.400
G1 F300 Z22.800
G1 F1500 E2722.3529
G1 F2028 X149.800 Y100.200 E2724.8275
G1 X149.800 Y149.800 E2727.3020
G1 X100.200 Y149.800 E2729.7766
G1 X100.200 Y100.200 E2732.2512
G1 F2400 E2729.2512
G1 F300 Z23.000
G0 F3900 X100.800 Y100.800
G1 F300 Z22.800
G1 F1500 E2732.2512
G1 F2028 X100.800 Y149.200 E2734.6658
G1 X149.200 Y149.200 E2737.0805
G1 X149.200 Y100.800 E2739.4952
G1 X100.800 Y100.800 E2741.9099
G0 F3900 X100.517 Y100.517
;TYPE:GAP-FILL
;WIDTH:0.234
;FLOW:95.0
G1 F3477 X100.600 Y149.500 E2743.2680
G1 X149.500 Y149.400 E2744.6239
G1 X149.400 Y100.500 E2745.9797
G1 X100.517 Y100.517 E2747.3350
;PRINTING_TIME: 1685
;REMAINING_TIME: 1466
;LAYER:76
;Z:23.100
;HEIGHT:0.300
;FLOW:100.0
;PRINTING: 0.20mm-nozzle-0.40mm-walls-humebeam-flow-calibration-cube.st
;PRINTING_ID: 0
G1 F2400 E2744.3350
G1 F300 Z23.300
G0 F3900 X100.200 Y100.200
G0 F300 Z23.100
;TYPE:WALL-OUTER
;WIDTH:0.400
G1 F300 Z23.100
G1 F1500 E2747.3350
G1 F2028 X149.800 Y100.200 E2749.8096
G1 X149.800 Y149.800 E2752.2841
G1 X100.200 Y149.800 E2754.7587
G1 X100.200 Y100.200 E2757.2333
G1 F2400 E2754.2333
G1 F300 Z23.300
G0 F3900 X100.800 Y100.800
G1 F300 Z23.100
G1 F1500 E2757.2333
G1 F2028 X100.800 Y149.200 E2759.6479
G1 X149.200 Y149.200 E2762.0626
G1 X149.200 Y100.800 E2764.4773
G1 X100.800 Y100.800 E2766.8920
G0 F3900 X100.517 Y100.517
;TYPE:GAP-FILL
;WIDTH:0.234
;FLOW:95.0
G1 F3477 X100.600 Y149.500 E2768.2501
G1 X149.500 Y149.400 E2769.6060
G1 X149.400 Y100.500 E2770.9618
G1 X100.517 Y100.517 E2772.3171
;PRINTING_TIME: 1701
;REMAINING_TIME: 1450
;LAYER:77
;Z:23.400
;HEIGHT:0.300
;FLOW:100.0
;PRINTING: 0.20mm-nozzle-0.40mm-walls-humebeam-flow-calibration-cube.st
;PRINTING_ID: 0
G1 F2400 E2769.3171
G1 F300 Z23.600
G0 F3900 X100.200 Y100.200
G0 F300 Z23.400
;TYPE:WALL-OUTER
;WIDTH:0.400
G1 F300 Z23.400
G1 F1500 E2772.3171
G1 F2028 X149.800 Y100.200 E2774.7917
G1 X149.800 Y149.800 E2777.2662
G1 X100.200 Y149.800 E2779.7408
G1 X100.200 Y100.200 E2782.2153
G1 F2400 E2779.2153
G1 F300 Z23.600
G0 F3900 X100.800 Y100.800
G1 F300 Z23.400
G1 F1500 E2782.2153
G1 F2028 X100.800 Y149.200 E2784.6300
G1 X149.200 Y149.200 E2787.0447
G1 X149.200 Y100.800 E2789.4594
G1 X100.800 Y100.800 E2791.8741
G0 F3900 X100.517 Y100.517
;TYPE:GAP-FILL
;WIDTH:0.234
;FLOW:95.0
G1 F3477 X100.600 Y149.500 E2793.2322
G1 X149.500 Y149.400 E2794.5880
G1 X149.400 Y100.500 E2795.9439
G1 X100.517 Y100.517 E2797.2992
;PRINTING_TIME: 1718
;REMAINING_TIME: 1434
;LAYER:78
;Z:23.700
;HEIGHT:0.300
;FLOW:100.0
;PRINTING: 0.20mm-nozzle-0.40mm-walls-humebeam-flow-calibration-cube.st
;PRINTING_ID: 0
G1 F2400 E2794.2992
G1 F300 Z23.900
G0 F3900 X100.200 Y100.200
G0 F300 Z23.700
;TYPE:WALL-OUTER
;WIDTH:0.400
G1 F300 Z23.700
G1 F1500 E2797.2992
G1 F2028 X149.800 Y100.200 E2799.7738
G1 X149.800 Y149.800 E2802.2483
G1 X100.200 Y149.800 E2804.7229
G1 X100.200 Y100.200 E2807.1974
G1 F2400 E2804.1974
G1 F300 Z23.900
G0 F3900 X100.800 Y100.800
G1 F300 Z23.700
G1 F1500 E2807.1974
G1 F2028 X100.800 Y149.200 E2809.6121
G1 X149.200 Y149.200 E2812.0268
G1 X149.200 Y100.800 E2814.4415
G1 X100.800 Y100.800 E2816.8562
G0 F3900 X100.517 Y100.517
;TYPE:GAP-FILL
;WIDTH:0.234
;FLOW:95.0
G1 F3477 X100.600 Y149.500 E2818.2143
G1 X149.500 Y149.400 E2819.5701
G1 X149.400 Y100.500 E2820.9260
G1 X100.517 Y100.517 E2822.2813
;PRINTING_TIME: 1734
;REMAINING_TIME: 1418
;LAYER:79
;Z:24.000
;HEIGHT:0.300
;FLOW:100.0
;PRINTING: 0.20mm-nozzle-0.40mm-walls-humebeam-flow-calibration-cube.st
;PRINTING_ID: 0
G1 F2400 E2819.2813
G1 F300 Z24.200
G0 F3900 X100.200 Y100.200
G0 F300 Z24.000
;TYPE:WALL-OUTER
;WIDTH:0.400
G1 F300 Z24.000
G1 F1500 E2822.2813
G1 F2028 X149.800 Y100.200 E2824.7559
G1 X149.800 Y149.800 E2827.2304
G1 X100.200 Y149.800 E2829.7050
G1 X100.200 Y100.200 E2832.1795
G1 F2400 E2829.1795
G1 F300 Z24.200
G0 F3900 X100.800 Y100.800
G1 F300 Z24.000
G1 F1500 E2832.1795
G1 F2028 X100.800 Y149.200 E2834.5942
G1 X149.200 Y149.200 E2837.0089
G1 X149.200 Y100.800 E2839.4236
G1 X100.800 Y100.800 E2841.8383
G0 F3900 X100.517 Y100.517
;TYPE:GAP-FILL
;WIDTH:0.234
;FLOW:95.0
G1 F3477 X100.600 Y149.500 E2843.1964
G1 X149.500 Y149.400 E2844.5522
G1 X149.400 Y100.500 E2845.9081
G1 X100.517 Y100.517 E2847.2634
;PRINTING_TIME: 1750
;REMAINING_TIME: 1402
;LAYER:80
;Z:24.300
;HEIGHT:0.300
;FLOW:100.0
;PRINTING: 0.20mm-nozzle-0.40mm-walls-humebeam-flow-calibration-cube.st
;PRINTING_ID: 0
G1 F2400 E2844.2634
G1 F300 Z24.500
G0 F3900 X100.200 Y100.200
G0 F300 Z24.300
;TYPE:WALL-OUTER
;WIDTH:0.400
G1 F300 Z24.300
G1 F1500 E2847.2634
G1 F2028 X149.800 Y100.200 E2849.7380
G1 X149.800 Y149.800 E2852.2125
G1 X100.200 Y149.800 E2854.6871
G1 X100.200 Y100.200 E2857.1616
G1 F2400 E2854.1616
G1 F300 Z24.500
G0 F3900 X100.800 Y100.800
G1 F300 Z24.300
G1 F1500 E2857.1616
G1 F2028 X100.800 Y149.200 E2859.5763
G1 X149.200 Y149.200 E2861.9910
G1 X149.200 Y100.800 E2864.4057
G1 X100.800 Y100.800 E2866.8204
G0 F3900 X100.517 Y100.517
;TYPE:GAP-FILL
;WIDTH:0.234
;FLOW:95.0
G1 F3477 X100.600 Y149.500 E2868.1785
G1 X149.500 Y149.400 E2869.5343
G1 X149.400 Y100.500 E2870.8902
G1 X100.517 Y100.517 E2872.2455
;PRINTING_TIME: 1766
;REMAINING_TIME: 1386
;LAYER:81
;Z:24.600
;HEIGHT:0.300
;FLOW:100.0
;PRINTING: 0.20mm-nozzle-0.40mm-walls-humebeam-flow-calibration-cube.st
;PRINTING_ID: 0
G1 F2400 E2869.2455
G1 F300 Z24.800
G0 F3900 X100.200 Y100.200
G0 F300 Z24.600
;TYPE:WALL-OUTER
;WIDTH:0.400
G1 F300 Z24.600
G1 F1500 E2872.2455
G1 F2028 X149.800 Y100.200 E2874.7201
G1 X149.800 Y149.800 E2877.1946
G1 X100.200 Y149.800 E2879.6692
G1 X100.200 Y100.200 E2882.1437
G1 F2400 E2879.1437
G1 F300 Z24.800
G0 F3900 X100.800 Y100.800
G1 F300 Z24.600
G1 F1500 E2882.1437
G1 F2028 X100.800 Y149.200 E2884.5584
G1 X149.200 Y149.200 E2886.9731
G1 X149.200 Y100.800 E2889.3878
G1 X100.800 Y100.800 E2891.8025
G0 F3900 X100.517 Y100.517
;TYPE:GAP-FILL
;WIDTH:0.234
;FLOW:95.0
G1 F3477 X100.600 Y149.500 E2893.1606
G1 X149.500 Y149.400 E2894.5164
G1 X149.400 Y100.500 E2895.8723
G1 X100.517 Y100.517 E2897.2276
;PRINTING_TIME: 1782
;REMAINING_TIME: 1369
;LAYER:82
;Z:24.900
;HEIGHT:0.300
;FLOW:100.0
;PRINTING: 0.20mm-nozzle-0.40mm-walls-humebeam-flow-calibration-cube.st
;PRINTING_ID: 0
G1 F2400 E2894.2276
G1 F300 Z25.100
G0 F3900 X100.200 Y100.200
G0 F300 Z24.900
;TYPE:WALL-OUTER
;WIDTH:0.400
G1 F300 Z24.900
G1 F1500 E2897.2276
G1 F2028 X149.800 Y100.200 E2899.7022
G1 X149.800 Y149.800 E2902.1767
G1 X100.200 Y149.800 E2904.6513
G1 X100.200 Y100.200 E2907.1258
G1 F2400 E2904.1258
G1 F300 Z25.100
G0 F3900 X100.800 Y100.800
G1 F300 Z24.900
G1 F1500 E2907.1258
G1 F2028 X100.800 Y149.200 E2909.5405
G1 X149.200 Y149.200 E2911.9552
G1 X149.200 Y100.800 E2914.3699
G1 X100.800 Y100.800 E2916.7846
G0 F3900 X100.517 Y100.517
;TYPE:GAP-FILL
;WIDTH:0.234
;FLOW:95.0
G1 F3477 X100.600 Y149.500 E2918.1427
G1 X149.500 Y149.400 E2919.4985
G1 X149.400 Y100.500 E2920.8544
G1 X100.517 Y100.517 E2922.2097
;PRINTING_TIME: 1799
;REMAINING_TIME: 1353
;LAYER:83
;Z:25.200
;HEIGHT:0.300
;FLOW:100.0
;PRINTING: 0.20mm-nozzle-0.40mm-walls-humebeam-flow-calibration-cube.st
;PRINTING_ID: 0
G1 F2400 E2919.2097
G1 F300 Z25.400
G0 F3900 X100.200 Y100.200
G0 F300 Z25.200
;TYPE:WALL-OUTER
;WIDTH:0.400
G1 F300 Z25.200
G1 F1500 E2922.2097
G1 F2028 X149.800 Y100.200 E2924.6843
G1 X149.800 Y149.800 E2927.1588
G1 X100.200 Y149.800 E2929.6334
G1 X100.200 Y100.200 E2932.1079
G1 F2400 E2929.1079
G1 F300 Z25.400
G0 F3900 X100.800 Y100.800
G1 F300 Z25.200
G1 F1500 E2932.1079
G1 F2028 X100.800 Y149.200 E2934.5226
G1 X149.200 Y149.200 E2936.9373
G1 X149.200 Y100.800 E2939.3520
G1 X100.800 Y100.800 E2941.7667
G0 F3900 X100.517 Y100.517
;TYPE:GAP-FILL
;WIDTH:0.234
;FLOW:95.0
G1 F3477 X100.600 Y149.500 E2943.1248
G1 X149.500 Y149.400 E2944.4806
G1 X149.400 Y100.500 E2945.8365
G1 X100.517 Y100.517 E2947.1918
;PRINTING_TIME: 1815
;REMAINING_TIME: 1337
;LAYER:84
;Z:25.500
;HEIGHT:0.300
;FLOW:100.0
;PRINTING: 0.20mm-nozzle-0.40mm-walls-humebeam-flow-calibration-cube.st
;PRINTING_ID: 0
G1 F2400 E2944.1918
G1 F300 Z25.700
G0 F3900 X100.200 Y100.200
G0 F300 Z25.500
;TYPE:WALL-OUTER
;WIDTH:0.400
G1 F300 Z25.500
G1 F1500 E2947.1918
G1 F2028 X149.800 Y100.200 E2949.6664
G1 X149.800 Y149.800 E2952.1409
G1 X100.200 Y149.800 E2954.6155
G1 X100.200 Y100.200 E2957.0900
G1 F2400 E2954.0900
G1 F300 Z25.700
G0 F3900 X100.800 Y100.800
G1 F300 Z25.500
G1 F1500 E2957.0900
G1 F2028 X100.800 Y149.200 E2959.5047
G1 X149.200 Y149.200 E2961.9194
G1 X149.200 Y100.800 E2964.3341
G1 X100.800 Y100.800 E2966.7488
G0 F3900 X100.517 Y100.517
;TYPE:GAP-FILL
;WIDTH:0.234
;FLOW:95.0
G1 F3477 X100.600 Y149.500 E2968.1069
G1 X149.500 Y149.400 E2969.4627
G1 X149.400 Y100.500 E2970.8186
G1 X100.517 Y100.517 E2972.1739
;PRINTING_TIME: 1831
;REMAINING_TIME: 1321
;LAYER:85
;Z:25.800
;HEIGHT:0.300
;FLOW:100.0
;PRINTING: 0.20mm-nozzle-0.40mm-walls-humebeam-flow-calibration-cube.st
;PRINTING_ID: 0
G1 F2400 E2969.1739
G1 F300 Z26.000
G0 F3900 X100.200 Y100.200
G0 F300 Z25.800
;TYPE:WALL-OUTER
;WIDTH:0.400
G1 F300 Z25.800
G1 F1500 E2972.1739
G1 F2028 X149.800 Y100.200 E2974.6485
G1 X149.800 Y149.800 E2977.1230
G1 X100.200 Y149.800 E2979.5976
G1 X100.200 Y100.200 E2982.0721
G1 F2400 E2979.0721
G1 F300 Z26.000
G0 F3900 X100.800 Y100.800
G1 F300 Z25.800
G1 F1500 E2982.0721
G1 F2028 X100.800 Y149.200 E2984.4868
G1 X149.200 Y149.200 E2986.9015
G1 X149.200 Y100.800 E2989.3162
G1 X100.800 Y100.800 E2991.7309
G0 F3900 X100.517 Y100.517
;TYPE:GAP-FILL
;WIDTH:0.234
;FLOW:95.0
G1 F3477 X100.600 Y149.500 E2993.0890
G1 X149.500 Y149.400 E2994.4448
G1 X149.400 Y100.500 E2995.8006
G1 X100.517 Y100.517 E2997.1560
;PRINTING_TIME: 1847
;REMAINING_TIME: 1305
;LAYER:86
;Z:26.100
;HEIGHT:0.300
;FLOW:100.0
;PRINTING: 0.20mm-nozzle-0.40mm-walls-humebeam-flow-calibration-cube.st
;PRINTING_ID: 0
G1 F2400 E2994.1560
G1 F300 Z26.300
G0 F3900 X100.200 Y100.200
G0 F300 Z26.100
;TYPE:WALL-OUTER
;WIDTH:0.400
G1 F300 Z26.100
G1 F1500 E2997.1560
G1 F2028 X149.800 Y100.200 E2999.6306
G1 X149.800 Y149.800 E3002.1051
G1 X100.200 Y149.800 E3004.5797
G1 X100.200 Y100.200 E3007.0542
G1 F2400 E3004.0542
G1 F300 Z26.300
G0 F3900 X100.800 Y100.800
G1 F300 Z26.100
G1 F1500 E3007.0542
G1 F2028 X100.800 Y149.200 E3009.4689
G1 X149.200 Y149.200 E3011.8836
G1 X149.200 Y100.800 E3014.2983
G1 X100.800 Y100.800 E3016.7130
G0 F3900 X100.517 Y100.517
;TYPE:GAP-FILL
;WIDTH:0.234
;FLOW:95.0
G1 F3477 X100.600 Y149.500 E3018.0711
G1 X149.500 Y149.400 E3019.4269
G1 X149.400 Y100.500 E3020.7827
G1 X100.517 Y100.517 E3022.1381
;PRINTING_TIME: 1863
;REMAINING_TIME: 1288
;LAYER:87
;Z:26.400
;HEIGHT:0.300
;FLOW:100.0
;PRINTING: 0.20mm-nozzle-0.40mm-walls-humebeam-flow-calibration-cube.st
;PRINTING_ID: 0
G1 F2400 E3019.1381
G1 F300 Z26.600
G0 F3900 X100.200 Y100.200
G0 F300 Z26.400
;TYPE:WALL-OUTER
;WIDTH:0.400
G1 F300 Z26.400
G1 F1500 E3022.1381
G1 F2028 X149.800 Y100.200 E3024.6127
G1 X149.800 Y149.800 E3027.0872
G1 X100.200 Y149.800 E3029.5618
G1 X100.200 Y100.200 E3032.0363
G1 F2400 E3029.0363
G1 F300 Z26.600
G0 F3900 X100.800 Y100.800
G1 F300 Z26.400
G1 F1500 E3032.0363
G1 F2028 X100.800 Y149.200 E3034.4510
G1 X149.200 Y149.200 E3036.8657
G1 X149.200 Y100.800 E3039.2804
G1 X100.800 Y100.800 E3041.6951
G0 F3900 X100.517 Y100.517
;TYPE:GAP-FILL
;WIDTH:0.234
;FLOW:95.0
G1 F3477 X100.600 Y149.500 E3043.0532
G1 X149.500 Y149.400 E3044.4090
G1 X149.400 Y100.500 E3045.7648
G1 X100.517 Y100.517 E3047.1202
;PRINTING_TIME: 1879
;REMAINING_TIME: 1272
;LAYER:88
;Z:26.700
;HEIGHT:0.300
;FLOW:100.0
;PRINTING: 0.20mm-nozzle-0.40mm-walls-humebeam-flow-calibration-cube.st
;PRINTING_ID: 0
G1 F2400 E3044.1202
G1 F300 Z26.900
G0 F3900 X100.200 Y100.200
G0 F300 Z26.700
;TYPE:WALL-OUTER
;WIDTH:0.400
G1 F300 Z26.700
G1 F1500 E3047.1202
G1 F2028 X149.800 Y100.200 E3049.5947
G1 X149.800 Y149.800 E3052.0693
G1 X100.200 Y149.800 E3054.5439
G1 X100.200 Y100.200 E3057.0184
G1 F2400 E3054.0184
G1 F300 Z26.900
G0 F3900 X100.800 Y100.800
G1 F300 Z26.700
G1 F1500 E3057.0184
G1 F2028 X100.800 Y149.200 E3059.4331
G1 X149.200 Y149.200 E3061.8478
G1 X149.200 Y100.800 E3064.2625
G1 X100.800 Y100.800 E3066.6772
G0 F3900 X100.517 Y100.517
;TYPE:GAP-FILL
;WIDTH:0.234
;FLOW:95.0
G1 F3477 X100.600 Y149.500 E3068.0353
G1 X149.500 Y149.400 E3069.3911
G1 X149.400 Y100.500 E3070.7469
G1 X100.517 Y100.517 E3072.1023
;PRINTING_TIME: 1896
;REMAINING_TIME: 1256
;LAYER:89
;Z:27.000
;HEIGHT:0.300
;FLOW:100.0
;PRINTING: 0.20mm-nozzle-0.40mm-walls-humebeam-flow-calibration-cube.st
;PRINTING_ID: 0
G1 F2400 E3069.1023
G1 F300 Z27.200
G0 F3900 X100.200 Y100.200
G0 F300 Z27.000
;TYPE:WALL-OUTER
;WIDTH:0.400
G1 F300 Z27.000
G1 F1500 E3072.1023
G1 F2028 X149.800 Y100.200 E3074.5768
G1 X149.800 Y149.800 E3077.0514
G1 X100.200 Y149.800 E3079.5260
G1 X100.200 Y100.200 E3082.0005
G1 F2400 E3079.0005
G1 F300 Z27.200
G0 F3900 X100.800 Y100.800
G1 F300 Z27.000
G1 F1500 E3082.0005
G1 F2028 X100.800 Y149.200 E3084.4152
G1 X149.200 Y149.200 E3086.8299
G1 X149.200 Y100.800 E3089.2446
G1 X100.800 Y100.800 E3091.6593
G0 F3900 X100.517 Y100.517
;TYPE:GAP-FILL
;WIDTH:0.234
;FLOW:95.0
G1 F3477 X100.600 Y149.500 E3093.0174
G1 X149.500 Y149.400 E3094.3732
G1 X149.400 Y100.500 E3095.7290
G1 X100.517 Y100.517 E3097.0844
;PRINTING_TIME: 1912
;REMAINING_TIME: 1240
;LAYER:90
;Z:27.300
;HEIGHT:0.300
;FLOW:100.0
;PRINTING: 0.20mm-nozzle-0.40mm-walls-humebeam-flow-calibration-cube.st
;PRINTING_ID: 0
G1 F2400 E3094.0844
G1 F300 Z27.500
G0 F3900 X100.200 Y100.200
G0 F300 Z27.300
;TYPE:WALL-OUTER
;WIDTH:0.400
G1 F300 Z27.300
G1 F1500 E3097.0844
G1 F2028 X149.800 Y100.200 E3099.5589
G1 X149.800 Y149.800 E3102.0335
G1 X100.200 Y149.800 E3104.5080
G1 X100.200 Y100.200 E3106.9826
G1 F2400 E3103.9826
G1 F300 Z27.500
G0 F3900 X100.800 Y100.800
G1 F300 Z27.300
G1 F1500 E3106.9826
G1 F2028 X100.800 Y149.200 E3109.3973
G1 X149.200 Y149.200 E3111.8120
G1 X149.200 Y100.800 E3114.2267
G1 X100.800 Y100.800 E3116.6413
G0 F3900 X100.517 Y100.517
;TYPE:GAP-FILL
;WIDTH:0.234
;FLOW:95.0
G1 F3477 X100.600 Y149.500 E3117.9995
G1 X149.500 Y149.400 E3119.3553
G1 X149.400 Y100.500 E3120.7111
G1 X100.517 Y100.517 E3122.0665
;PRINTING_TIME: 1928
;REMAINING_TIME: 1224
;LAYER:91
;Z:27.600
;HEIGHT:0.300
;FLOW:100.0
;PRINTING: 0.20mm-nozzle-0.40mm-walls-humebeam-flow-calibration-cube.st
;PRINTING_ID: 0
G1 F2400 E3119.0665
G1 F300 Z27.800
G0 F3900 X100.200 Y100.200
G0 F300 Z27.600
;TYPE:WALL-OUTER
;WIDTH:0.400
G1 F300 Z27.600
G1 F1500 E3122.0665
G1 F2028 X149.800 Y100.200 E3124.5410
G1 X149.800 Y149.800 E3127.0156
G1 X100.200 Y149.800 E3129.4901
G1 X100.200 Y100.200 E3131.9647
G1 F2400 E3128.9647
G1 F300 Z27.800
G0 F3900 X100.800 Y100.800
G1 F300 Z27.600
G1 F1500 E3131.9647
G1 F2028 X100.800 Y149.200 E3134.3794
G1 X149.200 Y149.200 E3136.7941
G1 X149.200 Y100.800 E3139.2088
G1 X100.800 Y100.800 E3141.6234
G0 F3900 X100.517 Y100.517
;TYPE:GAP-FILL
;WIDTH:0.234
;FLOW:95.0
G1 F3477 X100.600 Y149.500 E3142.9816
G1 X149.500 Y149.400 E3144.3374
G1 X149.400 Y100.500 E3145.6932
G1 X100.517 Y100.517 E3147.0486
;PRINTING_TIME: 1944
;REMAINING_TIME: 1208
;LAYER:92
;Z:27.900
;HEIGHT:0.300
;FLOW:100.0
;PRINTING: 0.20mm-nozzle-0.40mm-walls-humebeam-flow-calibration-cube.st
;PRINTING_ID: 0
G1 F2400 E3144.0486
G1 F300 Z28.100
G0 F3900 X100.200 Y100.200
G0 F300 Z27.900
;TYPE:WALL-OUTER
;WIDTH:0.400
G1 F300 Z27.900
G1 F1500 E3147.0486
G1 F2028 X149.800 Y100.200 E3149.5231
G1 X149.800 Y149.800 E3151.9977
G1 X100.200 Y149.800 E3154.4722
G1 X100.200 Y100.200 E3156.9468
G1 F2400 E3153.9468
G1 F300 Z28.100
G0 F3900 X100.800 Y100.800
G1 F300 Z27.900
G1 F1500 E3156.9468
G1 F2028 X100.800 Y149.200 E3159.3615
G1 X149.200 Y149.200 E3161.7762
G1 X149.200 Y100.800 E3164.1909
G1 X100.800 Y100.800 E3166.6055
G0 F3900 X100.517 Y100.517
;TYPE:GAP-FILL
;WIDTH:0.234
;FLOW:95.0
G1 F3477 X100.600 Y149.500 E3167.9637
G1 X149.500 Y149.400 E3169.3195
G1 X149.400 Y100.500 E3170.6753
G1 X100.517 Y100.517 E3172.0307
;PRINTING_TIME: 1960
;REMAINING_TIME: 1191
;LAYER:93
;Z:28.200
;HEIGHT:0.300
;FLOW:100.0
;PRINTING: 0.20mm-nozzle-0.40mm-walls-humebeam-flow-calibration-cube.st
;PRINTING_ID: 0
G1 F2400 E3169.0307
G1 F300 Z28.400
G0 F3900 X100.200 Y100.200
G0 F300 Z28.200
;TYPE:WALL-OUTER
;WIDTH:0.400
G1 F300 Z28.200
G1 F1500 E3172.0307
G1 F2028 X149.800 Y100.200 E3174.5052
G1 X149.800 Y149.800 E3176.9798
G1 X100.200 Y149.800 E3179.4543
G1 X100.200 Y100.200 E3181.9289
G1 F2400 E3178.9289
G1 F300 Z28.400
G0 F3900 X100.800 Y100.800
G1 F300 Z28.200
G1 F1500 E3181.9289
G1 F2028 X100.800 Y149.200 E3184.3436
G1 X149.200 Y149.200 E3186.7583
G1 X149.200 Y100.800 E3189.1730
G1 X100.800 Y100.800 E3191.5876
G0 F3900 X100.517 Y100.517
;TYPE:GAP-FILL
;WIDTH:0.234
;FLOW:95.0
G1 F3477 X100.600 Y149.500 E3192.9458
G1 X149.500 Y149.400 E3194.3016
G1 X149.400 Y100.500 E3195.6574
G1 X100.517 Y100.517 E3197.0128
;PRINTING_TIME: 1976
;REMAINING_TIME: 1175
;LAYER:94
;Z:28.500
;HEIGHT:0.300
;FLOW:100.0
;PRINTING: 0.20mm-nozzle-0.40mm-walls-humebeam-flow-calibration-cube.st
;PRINTING_ID: 0
G1 F2400 E3194.0128
G1 F300 Z28.700
G0 F3900 X100.200 Y100.200
G0 F300 Z28.500
;TYPE:WALL-OUTER
;WIDTH:0.400
G1 F300 Z28.500
G1 F1500 E3197.0128
G1 F2028 X149.800 Y100.200 E3199.4873
G1 X149.800 Y149.800 E3201.9619
G1 X100.200 Y149.800 E3204.4364
G1 X100.200 Y100.200 E3206.9110
G1 F2400 E3203.9110
G1 F300 Z28.700
G0 F3900 X100.800 Y100.800
G1 F300 Z28.500
G1 F1500 E3206.9110
G1 F2028 X100.800 Y149.200 E3209.3257
G1 X149.200 Y149.200 E3211.7404
G1 X149.200 Y100.800 E3214.1550
G1 X100.800 Y100.800 E3216.5697
G0 F3900 X100.517 Y100.517
;TYPE:GAP-FILL
;WIDTH:0.234
;FLOW:95.0
G1 F3477 X100.600 Y149.500 E3217.9279
G1 X149.500 Y149.400 E3219.2837
G1 X149.400 Y100.500 E3220.6395
G1 X100.517 Y100.517 E3221.9949
;PRINTING_TIME: 1993
;REMAINING_TIME: 1159
;LAYER:95
;Z:28.800
;HEIGHT:0.300
;FLOW:100.0
;PRINTING: 0.20mm-nozzle-0.40mm-walls-humebeam-flow-calibration-cube.st
;PRINTING_ID: 0
G1 F2400 E3218.9949
G1 F300 Z29.000
G0 F3900 X100.200 Y100.200
G0 F300 Z28.800
;TYPE:WALL-OUTER
;WIDTH:0.400
G1 F300 Z28.800
G1 F1500 E3221.9949
G1 F2028 X149.800 Y100.200 E3224.4694
G1 X149.800 Y149.800 E3226.9440
G1 X100.200 Y149.800 E3229.4185
G1 X100.200 Y100.200 E3231.8931
G1 F2400 E3228.8931
G1 F300 Z29.000
G0 F3900 X100.800 Y100.800
G1 F300 Z28.800
G1 F1500 E3231.8931
G1 F2028 X100.800 Y149.200 E3234.3078
G1 X149.200 Y149.200 E3236.7225
G1 X149.200 Y100.800 E3239.1371
G1 X100.800 Y100.800 E3241.5518
G0 F3900 X100.517 Y100.517
;TYPE:GAP-FILL
;WIDTH:0.234
;FLOW:95.0
G1 F3477 X100.600 Y149.500 E3242.9100
G1 X149.500 Y149.400 E3244.2658
G1 X149.400 Y100.500 E3245.6216
G1 X100.517 Y100.517 E3246.9770
;PRINTING_TIME: 2009
;REMAINING_TIME: 1143
;LAYER:96
;Z:29.100
;HEIGHT:0.300
;FLOW:100.0
;PRINTING: 0.20mm-nozzle-0.40mm-walls-humebeam-flow-calibration-cube.st
;PRINTING_ID: 0
G1 F2400 E3243.9770
G1 F300 Z29.300
G0 F3900 X100.200 Y100.200
G0 F300 Z29.100
;TYPE:WALL-OUTER
;WIDTH:0.400
G1 F300 Z29.100
G1 F1500 E3246.9770
G1 F2028 X149.800 Y100.200 E3249.4515
G1 X149.800 Y149.800 E3251.9261
G1 X100.200 Y149.800 E3254.4006
G1 X100.200 Y100.200 E3256.8752
G1 F2400 E3253.8752
G1 F300 Z29.300
G0 F3900 X100.800 Y100.800
G1 F300 Z29.100
G1 F1500 E3256.8752
G1 F2028 X100.800 Y149.200 E3259.2899
G1 X149.200 Y149.200 E3261.7046
G1 X149.200 Y100.800 E3264.1192
G1 X100.800 Y100.800 E3266.5339
G0 F3900 X100.517 Y100.517
;TYPE:GAP-FILL
;WIDTH:0.234
;FLOW:95.0
G1 F3477 X100.600 Y149.500 E3267.8921
G1 X149.500 Y149.400 E3269.2479
G1 X149.400 Y100.500 E3270.6037
G1 X100.517 Y100.517 E3271.9591
;PRINTING_TIME: 2025
;REMAINING_TIME: 1127
;LAYER:97
;Z:29.400
;HEIGHT:0.300
;FLOW:100.0
;PRINTING: 0.20mm-nozzle-0.40mm-walls-humebeam-flow-calibration-cube.st
;PRINTING_ID: 0
G1 F2400 E3268.9591
G1 F300 Z29.600
G0 F3900 X100.200 Y100.200
G0 F300 Z29.400
;TYPE:WALL-OUTER
;WIDTH:0.400
G1 F300 Z29.400
G1 F1500 E3271.9591
G1 F2028 X149.800 Y100.200 E3274.4336
G1 X149.800 Y149.800 E3276.9082
G1 X100.200 Y149.800 E3279.3827
G1 X100.200 Y100.200 E3281.8573
G1 F2400 E3278.8573
G1 F300 Z29.600
G0 F3900 X100.800 Y100.800
G1 F300 Z29.400
G1 F1500 E3281.8573
G1 F2028 X100.800 Y149.200 E3284.2720
G1 X149.200 Y149.200 E3286.6867
G1 X149.200 Y100.800 E3289.1013
G1 X100.800 Y100.800 E3291.5160
G0 F3900 X100.517 Y100.517
;TYPE:GAP-FILL
;WIDTH:0.234
;FLOW:95.0
G1 F3477 X100.600 Y149.500 E3292.8742
G1 X149.500 Y149.400 E3294.2300
G1 X149.400 Y100.500 E3295.5858
G1 X100.517 Y100.517 E3296.9412
;PRINTING_TIME: 2041
;REMAINING_TIME: 1110
;LAYER:98
;Z:29.700
;HEIGHT:0.300
;FLOW:100.0
;PRINTING: 0.20mm-nozzle-0.40mm-walls-humebeam-flow-calibration-cube.st
;PRINTING_ID: 0
G1 F2400 E3293.9412
G1 F300 Z29.900
G0 F3900 X100.200 Y100.200
G0 F300 Z29.700
;TYPE:WALL-OUTER
;WIDTH:0.400
G1 F300 Z29.700
G1 F1500 E3296.9412
G1 F2028 X149.800 Y100.200 E3299.4157
G1 X149.800 Y149.800 E3301.8903
G1 X100.200 Y149.800 E3304.3648
G1 X100.200 Y100.200 E3306.8394
G1 F2400 E3303.8394
G1 F300 Z29.900
G0 F3900 X100.800 Y100.800
G1 F300 Z29.700
G1 F1500 E3306.8394
G1 F2028 X100.800 Y149.200 E3309.2541
G1 X149.200 Y149.200 E3311.6687
G1 X149.200 Y100.800 E3314.0834
G1 X100.800 Y100.800 E3316.4981
G0 F3900 X100.517 Y100.517
;TYPE:GAP-FILL
;WIDTH:0.234
;FLOW:95.0
G1 F3477 X100.600 Y149.500 E3317.8562
G1 X149.500 Y149.400 E3319.2121
G1 X149.400 Y100.500 E3320.5679
G1 X100.517 Y100.517 E3321.9233
;PRINTING_TIME: 2057
;REMAINING_TIME: 1094
;LAYER:99
;Z:30.000
;HEIGHT:0.300
;FLOW:100.0
;PRINTING: 0.20mm-nozzle-0.40mm-walls-humebeam-flow-calibration-cube.st
;PRINTING_ID: 0
G1 F2400 E3318.9233
G1 F300 Z30.200
G0 F3900 X100.200 Y100.200
G0 F300 Z30.000
;TYPE:WALL-OUTER
;WIDTH:0.400
G1 F300 Z30.000
G1 F1500 E3321.9233
G1 F2028 X149.800 Y100.200 E3324.3978
G1 X149.800 Y149.800 E3326.8724
G1 X100.200 Y149.800 E3329.3469
G1 X100.200 Y100.200 E3331.8215
G1 F2400 E3328.8215
G1 F300 Z30.200
G0 F3900 X100.800 Y100.800
G1 F300 Z30.000
G1 F1500 E3331.8215
G1 F2028 X100.800 Y149.200 E3334.2362
G1 X149.200 Y149.200 E3336.6508
G1 X149.200 Y100.800 E3339.0655
G1 X100.800 Y100.800 E3341.4802
G0 F3900 X100.517 Y100.517
;TYPE:GAP-FILL
;WIDTH:0.234
;FLOW:95.0
G1 F3477 X100.600 Y149.500 E3342.8383
G1 X149.500 Y149.400 E3344.1942
G1 X149.400 Y100.500 E3345.5500
G1 X100.517 Y100.517 E3346.9054
;PRINTING_TIME: 2074
;REMAINING_TIME: 1078
;LAYER:100
;Z:30.300
;HEIGHT:0.300
;FLOW:100.0
;PRINTING: 0.20mm-nozzle-0.40mm-walls-humebeam-flow-calibration-cube.st
;PRINTING_ID: 0
G1 F2400 E3343.9054
G1 F300 Z30.500
G0 F3900 X100.200 Y100.200
G0 F300 Z30.300
;TYPE:WALL-OUTER
;WIDTH:0.400
G1 F300 Z30.300
G1 F1500 E3346.9054
G1 F2028 X149.800 Y100.200 E3349.3799
G1 X149.800 Y149.800 E3351.8545
G1 X100.200 Y149.800 E3354.3290
G1 X100.200 Y100.200 E3356.8036
G1 F2400 E3353.8036
G1 F300 Z30.500
G0 F3900 X100.800 Y100.800
G1 F300 Z30.300
G1 F1500 E3356.8036
G1 F2028 X100.800 Y149.200 E3359.2183
G1 X149.200 Y149.200 E3361.6329
G1 X149.200 Y100.800 E3364.0476
G1 X100.800 Y100.800 E3366.4623
G0 F3900 X100.517 Y100.517
;TYPE:GAP-FILL
;WIDTH:0.234
;FLOW:95.0
G1 F3477 X100.600 Y149.500 E3367.8204
G1 X149.500 Y149.400 E3369.1763
G1 X149.400 Y100.500 E3370.5321
G1 X100.517 Y100.517 E3371.8874
;PRINTING_TIME: 2090
;REMAINING_TIME: 1062
;LAYER:101
;Z:30.600
;HEIGHT:0.300
;FLOW:100.0
;PRINTING: 0.20mm-nozzle-0.40mm-walls-humebeam-flow-calibration-cube.st
;PRINTING_ID: 0
G1 F2400 E3368.8874
G1 F300 Z30.800
G0 F3900 X100.200 Y100.200
G0 F300 Z30.600
;TYPE:WALL-OUTER
;WIDTH:0.400
G1 F300 Z30.600
G1 F1500 E3371.8874
G1 F2028 X149.800 Y100.200 E3374.3620
G1 X149.800 Y149.800 E3376.8366
G1 X100.200 Y149.800 E3379.3111
G1 X100.200 Y100.200 E3381.7857
G1 F2400 E3378.7857
G1 F300 Z30.800
G0 F3900 X100.800 Y100.800
G1 F300 Z30.600
G1 F1500 E3381.7857
G1 F2028 X100.800 Y149.200 E3384.2004
G1 X149.200 Y149.200 E3386.6150
G1 X149.200 Y100.800 E3389.0297
G1 X100.800 Y100.800 E3391.4444
G0 F3900 X100.517 Y100.517
;TYPE:GAP-FILL
;WIDTH:0.234
;FLOW:95.0
G1 F3477 X100.600 Y149.500 E3392.8025
G1 X149.500 Y149.400 E3394.1584
G1 X149.400 Y100.500 E3395.5142
G1 X100.517 Y100.517 E3396.8695
;PRINTING_TIME: 2106
;REMAINING_TIME: 1046
;LAYER:102
;Z:30.900
;HEIGHT:0.300
;FLOW:100.0
;PRINTING: 0.20mm-nozzle-0.40mm-walls-humebeam-flow-calibration-cube.st
;PRINTING_ID: 0
G1 F2400 E3393.8695
G1 F300 Z31.100
G0 F3900 X100.200 Y100.200
G0 F300 Z30.900
;TYPE:WALL-OUTER
;WIDTH:0.400
G1 F300 Z30.900
G1 F1500 E3396.8695
G1 F2028 X149.800 Y100.200 E3399.3441
G1 X149.800 Y149.800 E3401.8187
G1 X100.200 Y149.800 E3404.2932
G1 X100.200 Y100.200 E3406.7678
G1 F2400 E3403.7678
G1 F300 Z31.100
G0 F3900 X100.800 Y100.800
G1 F300 Z30.900
G1 F1500 E3406.7678
G1 F2028 X100.800 Y149.200 E3409.1824
G1 X149.200 Y149.200 E3411.5971
G1 X149.200 Y100.800 E3414.0118
G1 X100.800 Y100.800 E3416.4265
G0 F3900 X100.517 Y100.517
;TYPE:GAP-FILL
;WIDTH:0.234
;FLOW:95.0
G1 F3477 X100.600 Y149.500 E3417.7846
G1 X149.500 Y149.400 E3419.1405
G1 X149.400 Y100.500 E3420.4963
G1 X100.517 Y100.517 E3421.8516
;PRINTING_TIME: 2122
;REMAINING_TIME: 1030
;LAYER:103
;Z:31.200
;HEIGHT:0.300
;FLOW:100.0
;PRINTING: 0.20mm-nozzle-0.40mm-walls-humebeam-flow-calibration-cube.st
;PRINTING_ID: 0
G1 F2400 E3418.8516
G1 F300 Z31.400
G0 F3900 X100.200 Y100.200
G0 F300 Z31.200
;TYPE:WALL-OUTER
;WIDTH:0.400
G1 F300 Z31.200
G1 F1500 E3421.8516
G1 F2028 X149.800 Y100.200 E3424.3262
G1 X149.800 Y149.800 E3426.8008
G1 X100.200 Y149.800 E3429.2753
G1 X100.200 Y100.200 E3431.7499
G1 F2400 E3428.7499
G1 F300 Z31.400
G0 F3900 X100.800 Y100.800
G1 F300 Z31.200
G1 F1500 E3431.7499
G1 F2028 X100.800 Y149.200 E3434.1645
G1 X149.200 Y149.200 E3436.5792
G1 X149.200 Y100.800 E3438.9939
G1 X100.800 Y100.800 E3441.4086
G0 F3900 X100.517 Y100.517
;TYPE:GAP-FILL
;WIDTH:0.234
;FLOW:95.0
G1 F3477 X100.600 Y149.500 E3442.7667
G1 X149.500 Y149.400 E3444.1226
G1 X149.400 Y100.500 E3445.4784
G1 X100.517 Y100.517 E3446.8337
;PRINTING_TIME: 2138
;REMAINING_TIME: 1013
;LAYER:104
;Z:31.500
;HEIGHT:0.300
;FLOW:100.0
;PRINTING: 0.20mm-nozzle-0.40mm-walls-humebeam-flow-calibration-cube.st
;PRINTING_ID: 0
G1 F2400 E3443.8337
G1 F300 Z31.700
G0 F3900 X100.200 Y100.200
G0 F300 Z31.500
;TYPE:WALL-OUTER
;WIDTH:0.400
G1 F300 Z31.500
G1 F1500 E3446.8337
G1 F2028 X149.800 Y100.200 E3449.3083
G1 X149.800 Y149.800 E3451.7828
G1 X100.200 Y149.800 E3454.2574
G1 X100.200 Y100.200 E3456.7320
G1 F2400 E3453.7320
G1 F300 Z31.700
G0 F3900 X100.800 Y100.800
G1 F300 Z31.500
G1 F1500 E3456.7320
G1 F2028 X100.800 Y149.200 E3459.1466
G1 X149.200 Y149.200 E3461.5613
G1 X149.200 Y100.800 E3463.9760
G1 X100.800 Y100.800 E3466.3907
G0 F3900 X100.517 Y100.517
;TYPE:GAP-FILL
;WIDTH:0.234
;FLOW:95.0
G1 F3477 X100.600 Y149.500 E3467.7488
G1 X149.500 Y149.400 E3469.1047
G1 X149.400 Y100.500 E3470.4605
G1 X100.517 Y100.517 E3471.8158
;PRINTING_TIME: 2154
;REMAINING_TIME: 997
;LAYER:105
;Z:31.800
;HEIGHT:0.300
;FLOW:100.0
;PRINTING: 0.20mm-nozzle-0.40mm-walls-humebeam-flow-calibration-cube.st
;PRINTING_ID: 0
G1 F2400 E3468.8158
G1 F300 Z32.000
G0 F3900 X100.200 Y100.200
G0 F300 Z31.800
;TYPE:WALL-OUTER
;WIDTH:0.400
G1 F300 Z31.800
G1 F1500 E3471.8158
G1 F2028 X149.800 Y100.200 E3474.2904
G1 X149.800 Y149.800 E3476.7649
G1 X100.200 Y149.800 E3479.2395
G1 X100.200 Y100.200 E3481.7141
G1 F2400 E3478.7141
G1 F300 Z32.000
G0 F3900 X100.800 Y100.800
G1 F300 Z31.800
G1 F1500 E3481.7141
G1 F2028 X100.800 Y149.200 E3484.1287
G1 X149.200 Y149.200 E3486.5434
G1 X149.200 Y100.800 E3488.9581
G1 X100.800 Y100.800 E3491.3728
G0 F3900 X100.517 Y100.517
;TYPE:GAP-FILL
;WIDTH:0.234
;FLOW:95.0
G1 F3477 X100.600 Y149.500 E3492.7309
G1 X149.500 Y149.400 E3494.0868
G1 X149.400 Y100.500 E3495.4426
G1 X100.517 Y100.517 E3496.7979
;PRINTING_TIME: 2171
;REMAINING_TIME: 981
;LAYER:106
;Z:32.100
;HEIGHT:0.300
;FLOW:100.0
;PRINTING: 0.20mm-nozzle-0.40mm-walls-humebeam-flow-calibration-cube.st
;PRINTING_ID: 0
G1 F2400 E3493.7979
G1 F300 Z32.300
G0 F3900 X100.200 Y100.200
G0 F300 Z32.100
;TYPE:WALL-OUTER
;WIDTH:0.400
G1 F300 Z32.100
G1 F1500 E3496.7979
G1 F2028 X149.800 Y100.200 E3499.2725
G1 X149.800 Y149.800 E3501.7470
G1 X100.200 Y149.800 E3504.2216
G1 X100.200 Y100.200 E3506.6961
G1 F2400 E3503.6961
G1 F300 Z32.300
G0 F3900 X100.800 Y100.800
G1 F300 Z32.100
G1 F1500 E3506.6961
G1 F2028 X100.800 Y149.200 E3509.1108
G1 X149.200 Y149.200 E3511.5255
G1 X149.200 Y100.800 E3513.9402
G1 X100.800 Y100.800 E3516.3549
G0 F3900 X100.517 Y100.517
;TYPE:GAP-FILL
;WIDTH:0.234
;FLOW:95.0
G1 F3477 X100.600 Y149.500 E3517.7130
G1 X149.500 Y149.400 E3519.0688
G1 X149.400 Y100.500 E3520.4247
G1 X100.517 Y100.517 E3521.7800
;PRINTING_TIME: 2187
;REMAINING_TIME: 965
;LAYER:107
;Z:32.400
;HEIGHT:0.300
;FLOW:100.0
;PRINTING: 0.20mm-nozzle-0.40mm-walls-humebeam-flow-calibration-cube.st
;PRINTING_ID: 0
G1 F2400 E3518.7800
G1 F300 Z32.600
G0 F3900 X100.200 Y100.200
G0 F300 Z32.400
;TYPE:WALL-OUTER
;WIDTH:0.400
G1 F300 Z32.400
G1 F1500 E3521.7800
G1 F2028 X149.800 Y100.200 E3524.2546
G1 X149.800 Y149.800 E3526.7291
G1 X100.200 Y149.800 E3529.2037
G1 X100.200 Y100.200 E3531.6782
G1 F2400 E3528.6782
G1 F300 Z32.600
G0 F3900 X100.800 Y100.800
G1 F300 Z32.400
G1 F1500 E3531.6782
G1 F2028 X100.800 Y149.200 E3534.0929
G1 X149.200 Y149.200 E3536.5076
G1 X149.200 Y100.800 E3538.9223
G1 X100.800 Y100.800 E3541.3370
G0 F3900 X100.517 Y100.517
;TYPE:GAP-FILL
;WIDTH:0.234
;FLOW:95.0
G1 F3477 X100.600 Y149.500 E3542.6951
G1 X149.500 Y149.400 E3544.0509
G1 X149.400 Y100.500 E3545.4068
G1 X100.517 Y100.517 E3546.7621
;PRINTING_TIME: 2203
;REMAINING_TIME: 949
;LAYER:108
;Z:32.700
;HEIGHT:0.300
;FLOW:100.0
;PRINTING: 0.20mm-nozzle-0.40mm-walls-humebeam-flow-calibration-cube.st
;PRINTING_ID: 0
G1 F2400 E3543.7621
G1 F300 Z32.900
G0 F3900 X100.200 Y100.200
G0 F300 Z32.700
;TYPE:WALL-OUTER
;WIDTH:0.400
G1 F300 Z32.700
G1 F1500 E3546.7621
G1 F2028 X149.800 Y100.200 E3549.2367
G1 X149.800 Y149.800 E3551.7112
G1 X100.200 Y149.800 E3554.1858
G1 X100.200 Y100.200 E3556.6603
G1 F2400 E3553.6603
G1 F300 Z32.900
G0 F3900 X100.800 Y100.800
G1 F300 Z32.700
G1 F1500 E3556.6603
G1 F2028 X100.800 Y149.200 E3559.0750
G1 X149.200 Y149.200 E3561.4897
G1 X149.200 Y100.800 E3563.9044
G1 X100.800 Y100.800 E3566.3191
G0 F3900 X100.517 Y100.517
;TYPE:GAP-FILL
;WIDTH:0.234
;FLOW:95.0
G1 F3477 X100.600 Y149.500 E3567.6772
G1 X149.500 Y149.400 E3569.0330
G1 X149.400 Y100.500 E3570.3889
G1 X100.517 Y100.517 E3571.7442
;PRINTING_TIME: 2219
;REMAINING_TIME: 933
;LAYER:109
;Z:33.000
;HEIGHT:0.300
;FLOW:100.0
;PRINTING: 0.20mm-nozzle-0.40mm-walls-humebeam-flow-calibration-cube.st
;PRINTING_ID: 0
G1 F2400 E3568.7442
G1 F300 Z33.200
G0 F3900 X100.200 Y100.200
G0 F300 Z33.000
;TYPE:WALL-OUTER
;WIDTH:0.400
G1 F300 Z33.000
G1 F1500 E3571.7442
G1 F2028 X149.800 Y100.200 E3574.2188
G1 X149.800 Y149.800 E3576.6933
G1 X100.200 Y149.800 E3579.1679
G1 X100.200 Y100.200 E3581.6424
G1 F2400 E3578.6424
G1 F300 Z33.200
G0 F3900 X100.800 Y100.800
G1 F300 Z33.000
G1 F1500 E3581.6424
G1 F2028 X100.800 Y149.200 E3584.0571
G1 X149.200 Y149.200 E3586.4718
G1 X149.200 Y100.800 E3588.8865
G1 X100.800 Y100.800 E3591.3012
G0 F3900 X100.517 Y100.517
;TYPE:GAP-FILL
;WIDTH:0.234
;FLOW:95.0
G1 F3477 X100.600 Y149.500 E3592.6593
G1 X149.500 Y149.400 E3594.0151
G1 X149.400 Y100.500 E3595.3710
G1 X100.517 Y100.517 E3596.7263
;PRINTING_TIME: 2235
;REMAINING_TIME: 917
;LAYER:110
;Z:33.300
;HEIGHT:0.300
;FLOW:100.0
;PRINTING: 0.20mm-nozzle-0.40mm-walls-humebeam-flow-calibration-cube.st
;PRINTING_ID: 0
G1 F2400 E3593.7263
G1 F300 Z33.500
G0 F3900 X100.200 Y100.200
G0 F300 Z33.300
;TYPE:WALL-OUTER
;WIDTH:0.400
G1 F300 Z33.300
G1 F1500 E3596.7263
G1 F2028 X149.800 Y100.200 E3599.2009
G1 X149.800 Y149.800 E3601.6754
G1 X100.200 Y149.800 E3604.1500
G1 X100.200 Y100.200 E3606.6245
G1 F2400 E3603.6245
G1 F300 Z33.500
G0 F3900 X100.800 Y100.800
G1 F300 Z33.300
G1 F1500 E3606.6245
G1 F2028 X100.800 Y149.200 E3609.0392
G1 X149.200 Y149.200 E3611.4539
G1 X149.200 Y100.800 E3613.8686
G1 X100.800 Y100.800 E3616.2833
G0 F3900 X100.517 Y100.517
;TYPE:GAP-FILL
;WIDTH:0.234
;FLOW:95.0
G1 F3477 X100.600 Y149.500 E3617.6414
G1 X149.500 Y149.400 E3618.9972
G1 X149.400 Y100.500 E3620.3531
G1 X100.517 Y100.517 E3621.7084
;PRINTING_TIME: 2251
;REMAINING_TIME: 901
;LAYER:111
;Z:33.600
;HEIGHT:0.300
;FLOW:100.0
;PRINTING: 0.20mm-nozzle-0.40mm-walls-humebeam-flow-calibration-cube.st
;PRINTING_ID: 0
G1 F2400 E3618.7084
G1 F300 Z33.800
G0 F3900 X100.200 Y100.200
G0 F300 Z33.600
;TYPE:WALL-OUTER
;WIDTH:0.400
G1 F300 Z33.600
G1 F1500 E3621.7084
G1 F2028 X149.800 Y100.200 E3624.1830
G1 X149.800 Y149.800 E3626.6575
G1 X100.200 Y149.800 E3629.1321
G1 X100.200 Y100.200 E3631.6066
G1 F2400 E3628.6066
G1 F300 Z33.800
G0 F3900 X100.800 Y100.800
G1 F300 Z33.600
G1 F1500 E3631.6066
G1 F2028 X100.800 Y149.200 E3634.0213
G1 X149.200 Y149.200 E3636.4360
G1 X149.200 Y100.800 E3638.8507
G1 X100.800 Y100.800 E3641.2654
G0 F3900 X100.517 Y100.517
;TYPE:GAP-FILL
;WIDTH:0.234
;FLOW:95.0
G1 F3477 X100.600 Y149.500 E3642.6235
G1 X149.500 Y149.400 E3643.9793
G1 X149.400 Y100.500 E3645.3352
G1 X100.517 Y100.517 E3646.6905
;PRINTING_TIME: 2267
;REMAINING_TIME: 885
;LAYER:112
;Z:33.900
;HEIGHT:0.300
;FLOW:100.0
;PRINTING: 0.20mm-nozzle-0.40mm-walls-humebeam-flow-calibration-cube.st
;PRINTING_ID: 0
G1 F2400 E3643.6905
G1 F300 Z34.100
G0 F3900 X100.200 Y100.200
G0 F300 Z33.900
;TYPE:WALL-OUTER
;WIDTH:0.400
G1 F300 Z33.900
G1 F1500 E3646.6905
G1 F2028 X149.800 Y100.200 E3649.1651
G1 X149.800 Y149.800 E3651.6396
G1 X100.200 Y149.800 E3654.1142
G1 X100.200 Y100.200 E3656.5887
G1 F2400 E3653.5887
G1 F300 Z34.100
G0 F3900 X100.800 Y100.800
G1 F300 Z33.900
G1 F1500 E3656.5887
G1 F2028 X100.800 Y149.200 E3659.0034
G1 X149.200 Y149.200 E3661.4181
G1 X149.200 Y100.800 E3663.8328
G1 X100.800 Y100.800 E3666.2475
G0 F3900 X100.517 Y100.517
;TYPE:GAP-FILL
;WIDTH:0.234
;FLOW:95.0
G1 F3477 X100.600 Y149.500 E3667.6056
G1 X149.500 Y149.400 E3668.9614
G1 X149.400 Y100.500 E3670.3173
G1 X100.517 Y100.517 E3671.6726
;PRINTING_TIME: 2283
;REMAINING_TIME: 869
;LAYER:113
;Z:34.200
;HEIGHT:0.300
;FLOW:100.0
;PRINTING: 0.20mm-nozzle-0.40mm-walls-humebeam-flow-calibration-cube.st
;PRINTING_ID: 0
G1 F2400 E3668.6726
G1 F300 Z34.400
G0 F3900 X100.200 Y100.200
G0 F300 Z34.200
;TYPE:WALL-OUTER
;WIDTH:0.400
G1 F300 Z34.200
G1 F1500 E3671.6726
G1 F2028 X149.800 Y100.200 E3674.1472
G1 X149.800 Y149.800 E3676.6217
G1 X100.200 Y149.800 E3679.0963
G1 X100.200 Y100.200 E3681.5708
G1 F2400 E3678.5708
G1 F300 Z34.400
G0 F3900 X100.800 Y100.800
G1 F300 Z34.200
G1 F1500 E3681.5708
G1 F2028 X100.800 Y149.200 E3683.9855
G1 X149.200 Y149.200 E3686.4002
G1 X149.200 Y100.800 E3688.8149
G1 X100.800 Y100.800 E3691.2296
G0 F3900 X100.517 Y100.517
;TYPE:GAP-FILL
;WIDTH:0.234
;FLOW:95.0
G1 F3477 X100.600 Y149.500 E3692.5877
G1 X149.500 Y149.400 E3693.9435
G1 X149.400 Y100.500 E3695.2994
G1 X100.517 Y100.517 E3696.6547
;PRINTING_TIME: 2299
;REMAINING_TIME: 853
;LAYER:114
;Z:34.500
;HEIGHT:0.300
;FLOW:100.0
;PRINTING: 0.20mm-nozzle-0.40mm-walls-humebeam-flow-calibration-cube.st
;PRINTING_ID: 0
G1 F2400 E3693.6547
G1 F300 Z34.700
G0 F3900 X100.200 Y100.200
G0 F300 Z34.500
;TYPE:WALL-OUTER
;WIDTH:0.400
G1 F300 Z34.500
G1 F1500 E3696.6547
G1 F2028 X149.800 Y100.200 E3699.1293
G1 X149.800 Y149.800 E3701.6038
G1 X100.200 Y149.800 E3704.0784
G1 X100.200 Y100.200 E3706.5529
G1 F2400 E3703.5529
G1 F300 Z34.700
G0 F3900 X100.800 Y100.800
G1 F300 Z34.500
G1 F1500 E3706.5529
G1 F2028 X100.800 Y149.200 E3708.9676
G1 X149.200 Y149.200 E3711.3823
G1 X149.200 Y100.800 E3713.7970
G1 X100.800 Y100.800 E3716.2117
G0 F3900 X100.517 Y100.517
;TYPE:GAP-FILL
;WIDTH:0.234
;FLOW:95.0
G1 F3477 X100.600 Y149.500 E3717.5698
G1 X149.500 Y149.400 E3718.9256
G1 X149.400 Y100.500 E3720.2814
G1 X100.517 Y100.517 E3721.6368
;PRINTING_TIME: 2315
;REMAINING_TIME: 836
;LAYER:115
;Z:34.800
;HEIGHT:0.300
;FLOW:100.0
;PRINTING: 0.20mm-nozzle-0.40mm-walls-humebeam-flow-calibration-cube.st
;PRINTING_ID: 0
G1 F2400 E3718.6368
G1 F300 Z35.000
G0 F3900 X100.200 Y100.200
G0 F300 Z34.800
;TYPE:WALL-OUTER
;WIDTH:0.400
G1 F300 Z34.800
G1 F1500 E3721.6368
G1 F2028 X149.800 Y100.200 E3724.1114
G1 X149.800 Y149.800 E3726.5859
G1 X100.200 Y149.800 E3729.0605
G1 X100.200 Y100.200 E3731.5350
G1 F2400 E3728.5350
G1 F300 Z35.000
G0 F3900 X100.800 Y100.800
G1 F300 Z34.800
G1 F1500 E3731.5350
G1 F2028 X100.800 Y149.200 E3733.9497
G1 X149.200 Y149.200 E3736.3644
G1 X149.200 Y100.800 E3738.7791
G1 X100.800 Y100.800 E3741.1938
G0 F3900 X100.517 Y100.517
;TYPE:GAP-FILL
;WIDTH:0.234
;FLOW:95.0
G1 F3477 X100.600 Y149.500 E3742.5519
G1 X149.500 Y149.400 E3743.9077
G1 X149.400 Y100.500 E3745.2635
G1 X100.517 Y100.517 E3746.6189
;PRINTING_TIME: 2331
;REMAINING_TIME: 820
;LAYER:116
;Z:35.100
;HEIGHT:0.300
;FLOW:100.0
;PRINTING: 0.20mm-nozzle-0.40mm-walls-humebeam-flow-calibration-cube.st
;PRINTING_ID: 0
G1 F2400 E3743.6189
G1 F300 Z35.300
G0 F3900 X100.200 Y100.200
G0 F300 Z35.100
;TYPE:WALL-OUTER
;WIDTH:0.400
G1 F300 Z35.100
G1 F1500 E3746.6189
G1 F2028 X149.800 Y100.200 E3749.0935
G1 X149.800 Y149.800 E3751.5680
G1 X100.200 Y149.800 E3754.0426
G1 X100.200 Y100.200 E3756.5171
G1 F2400 E3753.5171
G1 F300 Z35.300
G0 F3900 X100.800 Y100.800
G1 F300 Z35.100
G1 F1500 E3756.5171
G1 F2028 X100.800 Y149.200 E3758.9318
G1 X149.200 Y149.200 E3761.3465
G1 X149.200 Y100.800 E3763.7612
G1 X100.800 Y100.800 E3766.1759
G0 F3900 X100.517 Y100.517
;TYPE:GAP-FILL
;WIDTH:0.234
;FLOW:95.0
G1 F3477 X100.600 Y149.500 E3767.5340
G1 X149.500 Y149.400 E3768.8898
G1 X149.400 Y100.500 E3770.2456
G1 X100.517 Y100.517 E3771.6010
;PRINTING_TIME: 2347
;REMAINING_TIME: 804
;LAYER:117
;Z:35.400
;HEIGHT:0.300
;FLOW:100.0
;PRINTING: 0.20mm-nozzle-0.40mm-walls-humebeam-flow-calibration-cube.st
;PRINTING_ID: 0
G1 F2400 E3768.6010
G1 F300 Z35.600
G0 F3900 X100.200 Y100.200
G0 F300 Z35.400
;TYPE:WALL-OUTER
;WIDTH:0.400
G1 F300 Z35.400
G1 F1500 E3771.6010
G1 F2028 X149.800 Y100.200 E3774.0755
G1 X149.800 Y149.800 E3776.5501
G1 X100.200 Y149.800 E3779.0247
G1 X100.200 Y100.200 E3781.4992
G1 F2400 E3778.4992
G1 F300 Z35.600
G0 F3900 X100.800 Y100.800
G1 F300 Z35.400
G1 F1500 E3781.4992
G1 F2028 X100.800 Y149.200 E3783.9139
G1 X149.200 Y149.200 E3786.3286
G1 X149.200 Y100.800 E3788.7433
G1 X100.800 Y100.800 E3791.1580
G0 F3900 X100.517 Y100.517
;TYPE:GAP-FILL
;WIDTH:0.234
;FLOW:95.0
G1 F3477 X100.600 Y149.500 E3792.5161
G1 X149.500 Y149.400 E3793.8719
G1 X149.400 Y100.500 E3795.2277
G1 X100.517 Y100.517 E3796.5831
;PRINTING_TIME: 2363
;REMAINING_TIME: 788
;LAYER:118
;Z:35.700
;HEIGHT:0.300
;FLOW:100.0
;PRINTING: 0.20mm-nozzle-0.40mm-walls-humebeam-flow-calibration-cube.st
;PRINTING_ID: 0
G1 F2400 E3793.5831
G1 F300 Z35.900
G0 F3900 X100.200 Y100.200
G0 F300 Z35.700
;TYPE:WALL-OUTER
;WIDTH:0.400
G1 F300 Z35.700
G1 F1500 E3796.5831
G1 F2028 X149.800 Y100.200 E3799.0576
G1 X149.800 Y149.800 E3801.5322
G1 X100.200 Y149.800 E3804.0068
G1 X100.200 Y100.200 E3806.4813
G1 F2400 E3803.4813
G1 F300 Z35.900
G0 F3900 X100.800 Y100.800
G1 F300 Z35.700
G1 F1500 E3806.4813
G1 F2028 X100.800 Y149.200 E3808.8960
G1 X149.200 Y149.200 E3811.3107
G1 X149.200 Y100.800 E3813.7254
G1 X100.800 Y100.800 E3816.1401
G0 F3900 X100.517 Y100.517
;TYPE:GAP-FILL
;WIDTH:0.234
;FLOW:95.0
G1 F3477 X100.600 Y149.500 E3817.4982
G1 X149.500 Y149.400 E3818.8540
G1 X149.400 Y100.500 E3820.2098
G1 X100.517 Y100.517 E3821.5652
;PRINTING_TIME: 2380
;REMAINING_TIME: 772
;LAYER:119
;Z:36.000
;HEIGHT:0.300
;FLOW:100.0
;PRINTING: 0.20mm-nozzle-0.40mm-walls-humebeam-flow-calibration-cube.st
;PRINTING_ID: 0
G1 F2400 E3818.5652
G1 F300 Z36.200
G0 F3900 X100.200 Y100.200
G0 F300 Z36.000
;TYPE:WALL-OUTER
;WIDTH:0.400
G1 F300 Z36.000
G1 F1500 E3821.5652
G1 F2028 X149.800 Y100.200 E3824.0397
G1 X149.800 Y149.800 E3826.5143
G1 X100.200 Y149.800 E3828.9889
G1 X100.200 Y100.200 E3831.4634
G1 F2400 E3828.4634
G1 F300 Z36.200
G0 F3900 X100.800 Y100.800
G1 F300 Z36.000
G1 F1500 E3831.4634
G1 F2028 X100.800 Y149.200 E3833.8781
G1 X149.200 Y149.200 E3836.2928
G1 X149.200 Y100.800 E3838.7075
G1 X100.800 Y100.800 E3841.1221
G0 F3900 X100.517 Y100.517
;TYPE:GAP-FILL
;WIDTH:0.234
;FLOW:95.0
G1 F3477 X100.600 Y149.500 E3842.4803
G1 X149.500 Y149.400 E3843.8361
G1 X149.400 Y100.500 E3845.1919
G1 X100.517 Y100.517 E3846.5473
;PRINTING_TIME: 2396
;REMAINING_TIME: 756
;LAYER:120
;Z:36.300
;HEIGHT:0.300
;FLOW:100.0
;PRINTING: 0.20mm-nozzle-0.40mm-walls-humebeam-flow-calibration-cube.st
;PRINTING_ID: 0
G1 F2400 E3843.5473
G1 F300 Z36.500
G0 F3900 X100.200 Y100.200
G0 F300 Z36.300
;TYPE:WALL-OUTER
;WIDTH:0.400
G1 F300 Z36.300
G1 F1500 E3846.5473
G1 F2028 X149.800 Y100.200 E3849.0218
G1 X149.800 Y149.800 E3851.4964
G1 X100.200 Y149.800 E3853.9709
G1 X100.200 Y100.200 E3856.4455
G1 F2400 E3853.4455
G1 F300 Z36.500
G0 F3900 X100.800 Y100.800
G1 F300 Z36.300
G1 F1500 E3856.4455
G1 F2028 X100.800 Y149.200 E3858.8602
G1 X149.200 Y149.200 E3861.2749
G1 X149.200 Y100.800 E3863.6896
G1 X100.800 Y100.800 E3866.1042
G0 F3900 X100.517 Y100.517
;TYPE:GAP-FILL
;WIDTH:0.234
;FLOW:95.0
G1 F3477 X100.600 Y149.500 E3867.4624
G1 X149.500 Y149.400 E3868.8182
G1 X149.400 Y100.500 E3870.1740
G1 X100.517 Y100.517 E3871.5294
;PRINTING_TIME: 2412
;REMAINING_TIME: 740
;LAYER:121
;Z:36.600
;HEIGHT:0.300
;FLOW:100.0
;PRINTING: 0.20mm-nozzle-0.40mm-walls-humebeam-flow-calibration-cube.st
;PRINTING_ID: 0
G1 F2400 E3868.5294
G1 F300 Z36.800
G0 F3900 X100.200 Y100.200
G0 F300 Z36.600
;TYPE:WALL-OUTER
;WIDTH:0.400
G1 F300 Z36.600
G1 F1500 E3871.5294
G1 F2028 X149.800 Y100.200 E3874.0039
G1 X149.800 Y149.800 E3876.4785
G1 X100.200 Y149.800 E3878.9530
G1 X100.200 Y100.200 E3881.4276
G1 F2400 E3878.4276
G1 F300 Z36.800
G0 F3900 X100.800 Y100.800
G1 F300 Z36.600
G1 F1500 E3881.4276
G1 F2028 X100.800 Y149.200 E3883.8423
G1 X149.200 Y149.200 E3886.2570
G1 X149.200 Y100.800 E3888.6717
G1 X100.800 Y100.800 E3891.0863
G0 F3900 X100.517 Y100.517
;TYPE:GAP-FILL
;WIDTH:0.234
;FLOW:95.0
G1 F3477 X100.600 Y149.500 E3892.4445
G1 X149.500 Y149.400 E3893.8003
G1 X149.400 Y100.500 E3895.1561
G1 X100.517 Y100.517 E3896.5115
;PRINTING_TIME: 2428
;REMAINING_TIME: 724
;LAYER:122
;Z:36.900
;HEIGHT:0.300
;FLOW:100.0
;PRINTING: 0.20mm-nozzle-0.40mm-walls-humebeam-flow-calibration-cube.st
;PRINTING_ID: 0
G1 F2400 E3893.5115
G1 F300 Z37.100
G0 F3900 X100.200 Y100.200
G0 F300 Z36.900
;TYPE:WALL-OUTER
;WIDTH:0.400
G1 F300 Z36.900
G1 F1500 E3896.5115
G1 F2028 X149.800 Y100.200 E3898.9860
G1 X149.800 Y149.800 E3901.4606
G1 X100.200 Y149.800 E3903.9351
G1 X100.200 Y100.200 E3906.4097
G1 F2400 E3903.4097
G1 F300 Z37.100
G0 F3900 X100.800 Y100.800
G1 F300 Z36.900
G1 F1500 E3906.4097
G1 F2028 X100.800 Y149.200 E3908.8244
G1 X149.200 Y149.200 E3911.2391
G1 X149.200 Y100.800 E3913.6538
G1 X100.800 Y100.800 E3916.0684
G0 F3900 X100.517 Y100.517
;TYPE:GAP-FILL
;WIDTH:0.234
;FLOW:95.0
G1 F3477 X100.600 Y149.500 E3917.4266
G1 X149.500 Y149.400 E3918.7824
G1 X149.400 Y100.500 E3920.1382
G1 X100.517 Y100.517 E3921.4936
;PRINTING_TIME: 2444
;REMAINING_TIME: 708
;LAYER:123
;Z:37.200
;HEIGHT:0.300
;FLOW:100.0
;PRINTING: 0.20mm-nozzle-0.40mm-walls-humebeam-flow-calibration-cube.st
;PRINTING_ID: 0
G1 F2400 E3918.4936
G1 F300 Z37.400
G0 F3900 X100.200 Y100.200
G0 F300 Z37.200
;TYPE:WALL-OUTER
;WIDTH:0.400
G1 F300 Z37.200
G1 F1500 E3921.4936
G1 F2028 X149.800 Y100.200 E3923.9681
G1 X149.800 Y149.800 E3926.4427
G1 X100.200 Y149.800 E3928.9172
G1 X100.200 Y100.200 E3931.3918
G1 F2400 E3928.3918
G1 F300 Z37.400
G0 F3900 X100.800 Y100.800
G1 F300 Z37.200
G1 F1500 E3931.3918
G1 F2028 X100.800 Y149.200 E3933.8065
G1 X149.200 Y149.200 E3936.2212
G1 X149.200 Y100.800 E3938.6358
G1 X100.800 Y100.800 E3941.0505
G0 F3900 X100.517 Y100.517
;TYPE:GAP-FILL
;WIDTH:0.234
;FLOW:95.0
G1 F3477 X100.600 Y149.500 E3942.4087
G1 X149.500 Y149.400 E3943.7645
G1 X149.400 Y100.500 E3945.1203
G1 X100.517 Y100.517 E3946.4757
;PRINTING_TIME: 2460
;REMAINING_TIME: 692
;LAYER:124
;Z:37.500
;HEIGHT:0.300
;FLOW:100.0
;PRINTING: 0.20mm-nozzle-0.40mm-walls-humebeam-flow-calibration-cube.st
;PRINTING_ID: 0
G1 F2400 E3943.4757
G1 F300 Z37.700
G0 F3900 X100.200 Y100.200
G0 F300 Z37.500
;TYPE:WALL-OUTER
;WIDTH:0.400
G1 F300 Z37.500
G1 F1500 E3946.4757
G1 F2028 X149.800 Y100.200 E3948.9502
G1 X149.800 Y149.800 E3951.4248
G1 X100.200 Y149.800 E3953.8993
G1 X100.200 Y100.200 E3956.3739
G1 F2400 E3953.3739
G1 F300 Z37.700
G0 F3900 X100.800 Y100.800
G1 F300 Z37.500
G1 F1500 E3956.3739
G1 F2028 X100.800 Y149.200 E3958.7886
G1 X149.200 Y149.200 E3961.2033
G1 X149.200 Y100.800 E3963.6179
G1 X100.800 Y100.800 E3966.0326
G0 F3900 X100.517 Y100.517
;TYPE:GAP-FILL
;WIDTH:0.234
;FLOW:95.0
G1 F3477 X100.600 Y149.500 E3967.3908
G1 X149.500 Y149.400 E3968.7466
G1 X149.400 Y100.500 E3970.1024
G1 X100.517 Y100.517 E3971.4578
;PRINTING_TIME: 2476
;REMAINING_TIME: 676
;LAYER:125
;Z:37.800
;HEIGHT:0.300
;FLOW:100.0
;PRINTING: 0.20mm-nozzle-0.40mm-walls-humebeam-flow-calibration-cube.st
;PRINTING_ID: 0
G1 F2400 E3968.4578
G1 F300 Z38.000
G0 F3900 X100.200 Y100.200
G0 F300 Z37.800
;TYPE:WALL-OUTER
;WIDTH:0.400
G1 F300 Z37.800
G1 F1500 E3971.4578
G1 F2028 X149.800 Y100.200 E3973.9323
G1 X149.800 Y149.800 E3976.4069
G1 X100.200 Y149.800 E3978.8814
G1 X100.200 Y100.200 E3981.3560
G1 F2400 E3978.3560
G1 F300 Z38.000
G0 F3900 X100.800 Y100.800
G1 F300 Z37.800
G1 F1500 E3981.3560
G1 F2028 X100.800 Y149.200 E3983.7707
G1 X149.200 Y149.200 E3986.1854
G1 X149.200 Y100.800 E3988.6000
G1 X100.800 Y100.800 E3991.0147
G0 F3900 X100.517 Y100.517
;TYPE:GAP-FILL
;WIDTH:0.234
;FLOW:95.0
G1 F3477 X100.600 Y149.500 E3992.3729
G1 X149.500 Y149.400 E3993.7287
G1 X149.400 Y100.500 E3995.0845
G1 X100.517 Y100.517 E3996.4399
;PRINTING_TIME: 2492
;REMAINING_TIME: 659
;LAYER:126
;Z:38.100
;HEIGHT:0.300
;FLOW:100.0
;PRINTING: 0.20mm-nozzle-0.40mm-walls-humebeam-flow-calibration-cube.st
;PRINTING_ID: 0
G1 F2400 E3993.4399
G1 F300 Z38.300
G0 F3900 X100.200 Y100.200
G0 F300 Z38.100
;TYPE:WALL-OUTER
;WIDTH:0.400
G1 F300 Z38.100
G1 F1500 E3996.4399
G1 F2028 X149.800 Y100.200 E3998.9144
G1 X149.800 Y149.800 E4001.3890
G1 X100.200 Y149.800 E4003.8635
G1 X100.200 Y100.200 E4006.3381
G1 F2400 E4003.3381
G1 F300 Z38.300
G0 F3900 X100.800 Y100.800
G1 F300 Z38.100
G1 F1500 E4006.3381
G1 F2028 X100.800 Y149.200 E4008.7528
G1 X149.200 Y149.200 E4011.1675
G1 X149.200 Y100.800 E4013.5821
G1 X100.800 Y100.800 E4015.9968
G0 F3900 X100.517 Y100.517
;TYPE:GAP-FILL
;WIDTH:0.234
;FLOW:95.0
G1 F3477 X100.600 Y149.500 E4017.3550
G1 X149.500 Y149.400 E4018.7108
G1 X149.400 Y100.500 E4020.0666
G1 X100.517 Y100.517 E4021.4220
;PRINTING_TIME: 2508
;REMAINING_TIME: 643
;LAYER:127
;Z:38.400
;HEIGHT:0.300
;FLOW:100.0
;PRINTING: 0.20mm-nozzle-0.40mm-walls-humebeam-flow-calibration-cube.st
;PRINTING_ID: 0
G1 F2400 E4018.4220
G1 F300 Z38.600
G0 F3900 X100.200 Y100.200
G0 F300 Z38.400
;TYPE:WALL-OUTER
;WIDTH:0.400
G1 F300 Z38.400
G1 F1500 E4021.4220
G1 F2028 X149.800 Y100.200 E4023.8965
G1 X149.800 Y149.800 E4026.3711
G1 X100.200 Y149.800 E4028.8456
G1 X100.200 Y100.200 E4031.3202
G1 F2400 E4028.3202
G1 F300 Z38.600
G0 F3900 X100.800 Y100.800
G1 F300 Z38.400
G1 F1500 E4031.3202
G1 F2028 X100.800 Y149.200 E4033.7349
G1 X149.200 Y149.200 E4036.1495
G1 X149.200 Y100.800 E4038.5642
G1 X100.800 Y100.800 E4040.9789
G0 F3900 X100.517 Y100.517
;TYPE:GAP-FILL
;WIDTH:0.234
;FLOW:95.0
G1 F3477 X100.600 Y149.500 E4042.3370
G1 X149.500 Y149.400 E4043.6929
G1 X149.400 Y100.500 E4045.0487
G1 X100.517 Y100.517 E4046.4041
;PRINTING_TIME: 2524
;REMAINING_TIME: 627
;LAYER:128
;Z:38.700
;HEIGHT:0.300
;FLOW:100.0
;PRINTING: 0.20mm-nozzle-0.40mm-walls-humebeam-flow-calibration-cube.st
;PRINTING_ID: 0
G1 F2400 E4043.4041
G1 F300 Z38.900
G0 F3900 X100.200 Y100.200
G0 F300 Z38.700
;TYPE:WALL-OUTER
;WIDTH:0.400
G1 F300 Z38.700
G1 F1500 E4046.4041
G1 F2028 X149.800 Y100.200 E4048.8786
G1 X149.800 Y149.800 E4051.3532
G1 X100.200 Y149.800 E4053.8277
G1 X100.200 Y100.200 E4056.3023
G1 F2400 E4053.3023
G1 F300 Z38.900
G0 F3900 X100.800 Y100.800
G1 F300 Z38.700
G1 F1500 E4056.3023
G1 F2028 X100.800 Y149.200 E4058.7170
G1 X149.200 Y149.200 E4061.1316
G1 X149.200 Y100.800 E4063.5463
G1 X100.800 Y100.800 E4065.9610
G0 F3900 X100.517 Y100.517
;TYPE:GAP-FILL
;WIDTH:0.234
;FLOW:95.0
G1 F3477 X100.600 Y149.500 E4067.3191
G1 X149.500 Y149.400 E4068.6750
G1 X149.400 Y100.500 E4070.0308
G1 X100.517 Y100.517 E4071.3862
;PRINTING_TIME: 2540
;REMAINING_TIME: 611
;LAYER:129
;Z:39.000
;HEIGHT:0.300
;FLOW:100.0
;PRINTING: 0.20mm-nozzle-0.40mm-walls-humebeam-flow-calibration-cube.st
;PRINTING_ID: 0
G1 F2400 E4068.3862
G1 F300 Z39.200
G0 F3900 X100.200 Y100.200
G0 F300 Z39.000
;TYPE:WALL-OUTER
;WIDTH:0.400
G1 F300 Z39.000
G1 F1500 E4071.3862
G1 F2028 X149.800 Y100.200 E4073.8607
G1 X149.800 Y149.800 E4076.3353
G1 X100.200 Y149.800 E4078.8098
G1 X100.200 Y100.200 E4081.2844
G1 F2400 E4078.2844
G1 F300 Z39.200
G0 F3900 X100.800 Y100.800
G1 F300 Z39.000
G1 F1500 E4081.2844
G1 F2028 X100.800 Y149.200 E4083.6991
G1 X149.200 Y149.200 E4086.1137
G1 X149.200 Y100.800 E4088.5284
G1 X100.800 Y100.800 E4090.9431
G0 F3900 X100.517 Y100.517
;TYPE:GAP-FILL
;WIDTH:0.234
;FLOW:95.0
G1 F3477 X100.600 Y149.500 E4092.3012
G1 X149.500 Y149.400 E4093.6571
G1 X149.400 Y100.500 E4095.0129
G1 X100.517 Y100.517 E4096.3683
;PRINTING_TIME: 2557
;REMAINING_TIME: 595
;LAYER:130
;Z:39.300
;HEIGHT:0.300
;FLOW:100.0
;PRINTING: 0.20mm-nozzle-0.40mm-walls-humebeam-flow-calibration-cube.st
;PRINTING_ID: 0
G1 F2400 E4093.3683
G1 F300 Z39.500
G0 F3900 X100.200 Y100.200
G0 F300 Z39.300
;TYPE:WALL-OUTER
;WIDTH:0.400
G1 F300 Z39.300
G1 F1500 E4096.3683
G1 F2028 X149.800 Y100.200 E4098.8428
G1 X149.800 Y149.800 E4101.3174
G1 X100.200 Y149.800 E4103.7919
G1 X100.200 Y100.200 E4106.2665
G1 F2400 E4103.2665
G1 F300 Z39.500
G0 F3900 X100.800 Y100.800
G1 F300 Z39.300
G1 F1500 E4106.2665
G1 F2028 X100.800 Y149.200 E4108.6812
G1 X149.200 Y149.200 E4111.0958
G1 X149.200 Y100.800 E4113.5105
G1 X100.800 Y100.800 E4115.9252
G0 F3900 X100.517 Y100.517
;TYPE:GAP-FILL
;WIDTH:0.234
;FLOW:95.0
G1 F3477 X100.600 Y149.500 E4117.2833
G1 X149.500 Y149.400 E4118.6392
G1 X149.400 Y100.500 E4119.9950
G1 X100.517 Y100.517 E4121.3503
;PRINTING_TIME: 2573
;REMAINING_TIME: 579
;LAYER:131
;Z:39.600
;HEIGHT:0.300
;FLOW:100.0
;PRINTING: 0.20mm-nozzle-0.40mm-walls-humebeam-flow-calibration-cube.st
;PRINTING_ID: 0
G1 F2400 E4118.3503
G1 F300 Z39.800
G0 F3900 X100.200 Y100.200
G0 F300 Z39.600
;TYPE:WALL-OUTER
;WIDTH:0.400
G1 F300 Z39.600
G1 F1500 E4121.3503
G1 F2028 X149.800 Y100.200 E4123.8249
G1 X149.800 Y149.800 E4126.2995
G1 X100.200 Y149.800 E4128.7740
G1 X100.200 Y100.200 E4131.2486
G1 F2400 E4128.2486
G1 F300 Z39.800
G0 F3900 X100.800 Y100.800
G1 F300 Z39.600
G1 F1500 E4131.2486
G1 F2028 X100.800 Y149.200 E4133.6632
G1 X149.200 Y149.200 E4136.0779
G1 X149.200 Y100.800 E4138.4926
G1 X100.800 Y100.800 E4140.9073
G0 F3900 X100.517 Y100.517
;TYPE:GAP-FILL
;WIDTH:0.234
;FLOW:95.0
G1 F3477 X100.600 Y149.500 E4142.2654
G1 X149.500 Y149.400 E4143.6213
G1 X149.400 Y100.500 E4144.9771
G1 X100.517 Y100.517 E4146.3324
;PRINTING_TIME: 2589
;REMAINING_TIME: 563
;LAYER:132
;Z:39.900
;HEIGHT:0.300
;FLOW:100.0
;PRINTING: 0.20mm-nozzle-0.40mm-walls-humebeam-flow-calibration-cube.st
;PRINTING_ID: 0
G1 F2400 E4143.3324
G1 F300 Z40.100
G0 F3900 X100.200 Y100.200
G0 F300 Z39.900
;TYPE:WALL-OUTER
;WIDTH:0.400
G1 F300 Z39.900
G1 F1500 E4146.3324
G1 F2028 X149.800 Y100.200 E4148.8070
G1 X149.800 Y149.800 E4151.2816
G1 X100.200 Y149.800 E4153.7561
G1 X100.200 Y100.200 E4156.2307
G1 F2400 E4153.2307
G1 F300 Z40.100
G0 F3900 X100.800 Y100.800
G1 F300 Z39.900
G1 F1500 E4156.2307
G1 F2028 X100.800 Y149.200 E4158.6453
G1 X149.200 Y149.200 E4161.0600
G1 X149.200 Y100.800 E4163.4747
G1 X100.800 Y100.800 E4165.8894
G0 F3900 X100.517 Y100.517
;TYPE:GAP-FILL
;WIDTH:0.234
;FLOW:95.0
G1 F3477 X100.600 Y149.500 E4167.2475
G1 X149.500 Y149.400 E4168.6034
G1 X149.400 Y100.500 E4169.9592
G1 X100.517 Y100.517 E4171.3145
;PRINTING_TIME: 2605
;REMAINING_TIME: 547
;LAYER:133
;Z:40.200
;HEIGHT:0.300
;FLOW:100.0
;PRINTING: 0.20mm-nozzle-0.40mm-walls-humebeam-flow-calibration-cube.st
;PRINTING_ID: 0
G1 F2400 E4168.3145
G1 F300 Z40.400
G0 F3900 X100.200 Y100.200
G0 F300 Z40.200
;TYPE:WALL-OUTER
;WIDTH:0.400
G1 F300 Z40.200
G1 F1500 E4171.3145
G1 F2028 X149.800 Y100.200 E4173.7891
G1 X149.800 Y149.800 E4176.2636
G1 X100.200 Y149.800 E4178.7382
G1 X100.200 Y100.200 E4181.2128
G1 F2400 E4178.2128
G1 F300 Z40.400
G0 F3900 X100.800 Y100.800
G1 F300 Z40.200
G1 F1500 E4181.2128
G1 F2028 X100.800 Y149.200 E4183.6274
G1 X149.200 Y149.200 E4186.0421
G1 X149.200 Y100.800 E4188.4568
G1 X100.800 Y100.800 E4190.8715
G0 F3900 X100.517 Y100.517
;TYPE:GAP-FILL
;WIDTH:0.234
;FLOW:95.0
G1 F3477 X100.600 Y149.500 E4192.2296
G1 X149.500 Y149.400 E4193.5855
G1 X149.400 Y100.500 E4194.9413
G1 X100.517 Y100.517 E4196.2966
;PRINTING_TIME: 2621
;REMAINING_TIME: 531
;LAYER:134
;Z:40.500
;HEIGHT:0.300
;FLOW:100.0
;PRINTING: 0.20mm-nozzle-0.40mm-walls-humebeam-flow-calibration-cube.st
;PRINTING_ID: 0
G1 F2400 E4193.2966
G1 F300 Z40.700
G0 F3900 X100.200 Y100.200
G0 F300 Z40.500
;TYPE:WALL-OUTER
;WIDTH:0.400
G1 F300 Z40.500
G1 F1500 E4196.2966
G1 F2028 X149.800 Y100.200 E4198.7712
G1 X149.800 Y149.800 E4201.2457
G1 X100.200 Y149.800 E4203.7203
G1 X100.200 Y100.200 E4206.1949
G1 F2400 E4203.1949
G1 F300 Z40.700
G0 F3900 X100.800 Y100.800
G1 F300 Z40.500
G1 F1500 E4206.1949
G1 F2028 X100.800 Y149.200 E4208.6095
G1 X149.200 Y149.200 E4211.0242
G1 X149.200 Y100.800 E4213.4389
G1 X100.800 Y100.800 E4215.8536
G0 F3900 X100.517 Y100.517
;TYPE:GAP-FILL
;WIDTH:0.234
;FLOW:95.0
G1 F3477 X100.600 Y149.500 E4217.2117
G1 X149.500 Y149.400 E4218.5676
G1 X149.400 Y100.500 E4219.9234
G1 X100.517 Y100.517 E4221.2787
;PRINTING_TIME: 2637
;REMAINING_TIME: 515
;LAYER:135
;Z:40.800
;HEIGHT:0.300
;FLOW:100.0
;PRINTING: 0.20mm-nozzle-0.40mm-walls-humebeam-flow-calibration-cube.st
;PRINTING_ID: 0
G1 F2400 E4218.2787
G1 F300 Z41.000
G0 F3900 X100.200 Y100.200
G0 F300 Z40.800
;TYPE:WALL-OUTER
;WIDTH:0.400
G1 F300 Z40.800
G1 F1500 E4221.2787
G1 F2028 X149.800 Y100.200 E4223.7533
G1 X149.800 Y149.800 E4226.2278
G1 X100.200 Y149.800 E4228.7024
G1 X100.200 Y100.200 E4231.1769
G1 F2400 E4228.1769
G1 F300 Z41.000
G0 F3900 X100.800 Y100.800
G1 F300 Z40.800
G1 F1500 E4231.1769
G1 F2028 X100.800 Y149.200 E4233.5916
G1 X149.200 Y149.200 E4236.0063
G1 X149.200 Y100.800 E4238.4210
G1 X100.800 Y100.800 E4240.8357
G0 F3900 X100.517 Y100.517
;TYPE:GAP-FILL
;WIDTH:0.234
;FLOW:95.0
G1 F3477 X100.600 Y149.500 E4242.1938
G1 X149.500 Y149.400 E4243.5496
G1 X149.400 Y100.500 E4244.9055
G1 X100.517 Y100.517 E4246.2608
;PRINTING_TIME: 2653
;REMAINING_TIME: 498
;LAYER:136
;Z:41.100
;HEIGHT:0.300
;FLOW:100.0
;PRINTING: 0.20mm-nozzle-0.40mm-walls-humebeam-flow-calibration-cube.st
;PRINTING_ID: 0
G1 F2400 E4243.2608
G1 F300 Z41.300
G0 F3900 X100.200 Y100.200
G0 F300 Z41.100
;TYPE:WALL-OUTER
;WIDTH:0.400
G1 F300 Z41.100
G1 F1500 E4246.2608
G1 F2028 X149.800 Y100.200 E4248.7354
G1 X149.800 Y149.800 E4251.2099
G1 X100.200 Y149.800 E4253.6845
G1 X100.200 Y100.200 E4256.1590
G1 F2400 E4253.1590
G1 F300 Z41.300
G0 F3900 X100.800 Y100.800
G1 F300 Z41.100
G1 F1500 E4256.1590
G1 F2028 X100.800 Y149.200 E4258.5737
G1 X149.200 Y149.200 E4260.9884
G1 X149.200 Y100.800 E4263.4031
G1 X100.800 Y100.800 E4265.8178
G0 F3900 X100.517 Y100.517
;TYPE:GAP-FILL
;WIDTH:0.234
;FLOW:95.0
G1 F3477 X100.600 Y149.500 E4267.1759
G1 X149.500 Y149.400 E4268.5317
G1 X149.400 Y100.500 E4269.8876
G1 X100.517 Y100.517 E4271.2429
;PRINTING_TIME: 2669
;REMAINING_TIME: 483
;LAYER:137
;Z:41.400
;HEIGHT:0.300
;FLOW:100.0
;PRINTING: 0.20mm-nozzle-0.40mm-walls-humebeam-flow-calibration-cube.st
;PRINTING_ID: 0
G1 F2400 E4268.2429
G1 F300 Z41.600
G0 F3900 X100.200 Y100.200
G0 F300 Z41.400
;TYPE:WALL-OUTER
;WIDTH:0.400
G1 F300 Z41.400
G1 F1500 E4271.2429
G1 F2028 X149.800 Y100.200 E4273.7175
G1 X149.800 Y149.800 E4276.1920
G1 X100.200 Y149.800 E4278.6666
G1 X100.200 Y100.200 E4281.1411
G1 F2400 E4278.1411
G1 F300 Z41.600
G0 F3900 X100.800 Y100.800
G1 F300 Z41.400
G1 F1500 E4281.1411
G1 F2028 X100.800 Y149.200 E4283.5558
G1 X149.200 Y149.200 E4285.9705
G1 X149.200 Y100.800 E4288.3852
G1 X100.800 Y100.800 E4290.7999
G0 F3900 X100.517 Y100.517
;TYPE:GAP-FILL
;WIDTH:0.234
;FLOW:95.0
G1 F3477 X100.600 Y149.500 E4292.1580
G1 X149.500 Y149.400 E4293.5138
G1 X149.400 Y100.500 E4294.8697
G1 X100.517 Y100.517 E4296.2250
;PRINTING_TIME: 2685
;REMAINING_TIME: 467
;LAYER:138
;Z:41.700
;HEIGHT:0.300
;FLOW:100.0
;PRINTING: 0.20mm-nozzle-0.40mm-walls-humebeam-flow-calibration-cube.st
;PRINTING_ID: 0
G1 F2400 E4293.2250
G1 F300 Z41.900
G0 F3900 X100.200 Y100.200
G0 F300 Z41.700
;TYPE:WALL-OUTER
;WIDTH:0.400
G1 F300 Z41.700
G1 F1500 E4296.2250
G1 F2028 X149.800 Y100.200 E4298.6996
G1 X149.800 Y149.800 E4301.1741
G1 X100.200 Y149.800 E4303.6487
G1 X100.200 Y100.200 E4306.1232
G1 F2400 E4303.1232
G1 F300 Z41.900
G0 F3900 X100.800 Y100.800
G1 F300 Z41.700
G1 F1500 E4306.1232
G1 F2028 X100.800 Y149.200 E4308.5379
G1 X149.200 Y149.200 E4310.9526
G1 X149.200 Y100.800 E4313.3673
G1 X100.800 Y100.800 E4315.7820
G0 F3900 X100.517 Y100.517
;TYPE:GAP-FILL
;WIDTH:0.234
;FLOW:95.0
G1 F3477 X100.600 Y149.500 E4317.1401
G1 X149.500 Y149.400 E4318.4959
G1 X149.400 Y100.500 E4319.8518
G1 X100.517 Y100.517 E4321.2071
;PRINTING_TIME: 2701
;REMAINING_TIME: 450
;LAYER:139
;Z:42.000
;HEIGHT:0.300
;FLOW:100.0
;PRINTING: 0.20mm-nozzle-0.40mm-walls-humebeam-flow-calibration-cube.st
;PRINTING_ID: 0
G1 F2400 E4318.2071
G1 F300 Z42.200
G0 F3900 X100.200 Y100.200
G0 F300 Z42.000
;TYPE:WALL-OUTER
;WIDTH:0.400
G1 F300 Z42.000
G1 F1500 E4321.2071
G1 F2028 X149.800 Y100.200 E4323.6817
G1 X149.800 Y149.800 E4326.1562
G1 X100.200 Y149.800 E4328.6308
G1 X100.200 Y100.200 E4331.1053
G1 F2400 E4328.1053
G1 F300 Z42.200
G0 F3900 X100.800 Y100.800
G1 F300 Z42.000
G1 F1500 E4331.1053
G1 F2028 X100.800 Y149.200 E4333.5200
G1 X149.200 Y149.200 E4335.9347
G1 X149.200 Y100.800 E4338.3494
G1 X100.800 Y100.800 E4340.7641
G0 F3900 X100.517 Y100.517
;TYPE:GAP-FILL
;WIDTH:0.234
;FLOW:95.0
G1 F3477 X100.600 Y149.500 E4342.1222
G1 X149.500 Y149.400 E4343.4780
G1 X149.400 Y100.500 E4344.8339
G1 X100.517 Y100.517 E4346.1892
;PRINTING_TIME: 2717
;REMAINING_TIME: 434
;LAYER:140
;Z:42.300
;HEIGHT:0.300
;FLOW:100.0
;PRINTING: 0.20mm-nozzle-0.40mm-walls-humebeam-flow-calibration-cube.st
;PRINTING_ID: 0
G1 F2400 E4343.1892
G1 F300 Z42.500
G0 F3900 X100.200 Y100.200
G0 F300 Z42.300
;TYPE:WALL-OUTER
;WIDTH:0.400
G1 F300 Z42.300
G1 F1500 E4346.1892
G1 F2028 X149.800 Y100.200 E4348.6638
G1 X149.800 Y149.800 E4351.1383
G1 X100.200 Y149.800 E4353.6129
G1 X100.200 Y100.200 E4356.0874
G1 F2400 E4353.0874
G1 F300 Z42.500
G0 F3900 X100.800 Y100.800
G1 F300 Z42.300
G1 F1500 E4356.0874
G1 F2028 X100.800 Y149.200 E4358.5021
G1 X149.200 Y149.200 E4360.9168
G1 X149.200 Y100.800 E4363.3315
G1 X100.800 Y100.800 E4365.7462
G0 F3900 X100.517 Y100.517
;TYPE:GAP-FILL
;WIDTH:0.234
;FLOW:95.0
G1 F3477 X100.600 Y149.500 E4367.1043
G1 X149.500 Y149.400 E4368.4601
G1 X149.400 Y100.500 E4369.8160
G1 X100.517 Y100.517 E4371.1713
;PRINTING_TIME: 2734
;REMAINING_TIME: 418
;LAYER:141
;Z:42.600
;HEIGHT:0.300
;FLOW:100.0
;PRINTING: 0.20mm-nozzle-0.40mm-walls-humebeam-flow-calibration-cube.st
;PRINTING_ID: 0
G1 F2400 E4368.1713
G1 F300 Z42.800
G0 F3900 X100.200 Y100.200
G0 F300 Z42.600
;TYPE:WALL-OUTER
;WIDTH:0.400
G1 F300 Z42.600
G1 F1500 E4371.1713
G1 F2028 X149.800 Y100.200 E4373.6459
G1 X149.800 Y149.800 E4376.1204
G1 X100.200 Y149.800 E4378.5950
G1 X100.200 Y100.200 E4381.0695
G1 F2400 E4378.0695
G1 F300 Z42.800
G0 F3900 X100.800 Y100.800
G1 F300 Z42.600
G1 F1500 E4381.0695
G1 F2028 X100.800 Y149.200 E4383.4842
G1 X149.200 Y149.200 E4385.8989
G1 X149.200 Y100.800 E4388.3136
G1 X100.800 Y100.800 E4390.7283
G0 F3900 X100.517 Y100.517
;TYPE:GAP-FILL
;WIDTH:0.234
;FLOW:95.0
G1 F3477 X100.600 Y149.500 E4392.0864
G1 X149.500 Y149.400 E4393.4422
G1 X149.400 Y100.500 E4394.7981
G1 X100.517 Y100.517 E4396.1534
;PRINTING_TIME: 2750
;REMAINING_TIME: 402
;LAYER:142
;Z:42.900
;HEIGHT:0.300
;FLOW:100.0
;PRINTING: 0.20mm-nozzle-0.40mm-walls-humebeam-flow-calibration-cube.st
;PRINTING_ID: 0
G1 F2400 E4393.1534
G1 F300 Z43.100
G0 F3900 X100.200 Y100.200
G0 F300 Z42.900
;TYPE:WALL-OUTER
;WIDTH:0.400
G1 F300 Z42.900
G1 F1500 E4396.1534
G1 F2028 X149.800 Y100.200 E4398.6280
G1 X149.800 Y149.800 E4401.1025
G1 X100.200 Y149.800 E4403.5771
G1 X100.200 Y100.200 E4406.0516
G1 F2400 E4403.0516
G1 F300 Z43.100
G0 F3900 X100.800 Y100.800
G1 F300 Z42.900
G1 F1500 E4406.0516
G1 F2028 X100.800 Y149.200 E4408.4663
G1 X149.200 Y149.200 E4410.8810
G1 X149.200 Y100.800 E4413.2957
G1 X100.800 Y100.800 E4415.7104
G0 F3900 X100.517 Y100.517
;TYPE:GAP-FILL
;WIDTH:0.234
;FLOW:95.0
G1 F3477 X100.600 Y149.500 E4417.0685
G1 X149.500 Y149.400 E4418.4243
G1 X149.400 Y100.500 E4419.7802
G1 X100.517 Y100.517 E4421.1355
;PRINTING_TIME: 2766
;REMAINING_TIME: 386
;LAYER:143
;Z:43.200
;HEIGHT:0.300
;FLOW:100.0
;PRINTING: 0.20mm-nozzle-0.40mm-walls-humebeam-flow-calibration-cube.st
;PRINTING_ID: 0
G1 F2400 E4418.1355
G1 F300 Z43.400
G0 F3900 X100.200 Y100.200
G0 F300 Z43.200
;TYPE:WALL-OUTER
;WIDTH:0.400
G1 F300 Z43.200
G1 F1500 E4421.1355
G1 F2028 X149.800 Y100.200 E4423.6101
G1 X149.800 Y149.800 E4426.0846
G1 X100.200 Y149.800 E4428.5592
G1 X100.200 Y100.200 E4431.0337
G1 F2400 E4428.0337
G1 F300 Z43.400
G0 F3900 X100.800 Y100.800
G1 F300 Z43.200
G1 F1500 E4431.0337
G1 F2028 X100.800 Y149.200 E4433.4484
G1 X149.200 Y149.200 E4435.8631
G1 X149.200 Y100.800 E4438.2778
G1 X100.800 Y100.800 E4440.6925
G0 F3900 X100.517 Y100.517
;TYPE:GAP-FILL
;WIDTH:0.234
;FLOW:95.0
G1 F3477 X100.600 Y149.500 E4442.0506
G1 X149.500 Y149.400 E4443.4064
G1 X149.400 Y100.500 E4444.7622
G1 X100.517 Y100.517 E4446.1176
;PRINTING_TIME: 2782
;REMAINING_TIME: 370
;LAYER:144
;Z:43.500
;HEIGHT:0.300
;FLOW:100.0
;PRINTING: 0.20mm-nozzle-0.40mm-walls-humebeam-flow-calibration-cube.st
;PRINTING_ID: 0
G1 F2400 E4443.1176
G1 F300 Z43.700
G0 F3900 X100.200 Y100.200
G0 F300 Z43.500
;TYPE:WALL-OUTER
;WIDTH:0.400
G1 F300 Z43.500
G1 F1500 E4446.1176
G1 F2028 X149.800 Y100.200 E4448.5922
G1 X149.800 Y149.800 E4451.0667
G1 X100.200 Y149.800 E4453.5413
G1 X100.200 Y100.200 E4456.0158
G1 F2400 E4453.0158
G1 F300 Z43.700
G0 F3900 X100.800 Y100.800
G1 F300 Z43.500
G1 F1500 E4456.0158
G1 F2028 X100.800 Y149.200 E4458.4305
G1 X149.200 Y149.200 E4460.8452
G1 X149.200 Y100.800 E4463.2599
G1 X100.800 Y100.800 E4465.6746
G0 F3900 X100.517 Y100.517
;TYPE:GAP-FILL
;WIDTH:0.234
;FLOW:95.0
G1 F3477 X100.600 Y149.500 E4467.0327
G1 X149.500 Y149.400 E4468.3885
G1 X149.400 Y100.500 E4469.7443
G1 X100.517 Y100.517 E4471.0997
;PRINTING_TIME: 2798
;REMAINING_TIME: 354
;LAYER:145
;Z:43.800
;HEIGHT:0.300
;FLOW:100.0
;PRINTING: 0.20mm-nozzle-0.40mm-walls-humebeam-flow-calibration-cube.st
;PRINTING_ID: 0
G1 F2400 E4468.0997
G1 F300 Z44.000
G0 F3900 X100.200 Y100.200
G0 F300 Z43.800
;TYPE:WALL-OUTER
;WIDTH:0.400
G1 F300 Z43.800
G1 F1500 E4471.0997
G1 F2028 X149.800 Y100.200 E4473.5743
G1 X149.800 Y149.800 E4476.0488
G1 X100.200 Y149.800 E4478.5234
G1 X100.200 Y100.200 E4480.9979
G1 F2400 E4477.9979
G1 F300 Z44.000
G0 F3900 X100.800 Y100.800
G1 F300 Z43.800
G1 F1500 E4480.9979
G1 F2028 X100.800 Y149.200 E4483.4126
G1 X149.200 Y149.200 E4485.8273
G1 X149.200 Y100.800 E4488.2420
G1 X100.800 Y100.800 E4490.6567
G0 F3900 X100.517 Y100.517
;TYPE:GAP-FILL
;WIDTH:0.234
;FLOW:95.0
G1 F3477 X100.600 Y149.500 E4492.0148
G1 X149.500 Y149.400 E4493.3706
G1 X149.400 Y100.500 E4494.7264
G1 X100.517 Y100.517 E4496.0818
;PRINTING_TIME: 2814
;REMAINING_TIME: 338
;LAYER:146
;Z:44.100
;HEIGHT:0.300
;FLOW:100.0
;PRINTING: 0.20mm-nozzle-0.40mm-walls-humebeam-flow-calibration-cube.st
;PRINTING_ID: 0
G1 F2400 E4493.0818
G1 F300 Z44.300
G0 F3900 X100.200 Y100.200
G0 F300 Z44.100
;TYPE:WALL-OUTER
;WIDTH:0.400
G1 F300 Z44.100
G1 F1500 E4496.0818
G1 F2028 X149.800 Y100.200 E4498.5563
G1 X149.800 Y149.800 E4501.0309
G1 X100.200 Y149.800 E4503.5055
G1 X100.200 Y100.200 E4505.9800
G1 F2400 E4502.9800
G1 F300 Z44.300
G0 F3900 X100.800 Y100.800
G1 F300 Z44.100
G1 F1500 E4505.9800
G1 F2028 X100.800 Y149.200 E4508.3947
G1 X149.200 Y149.200 E4510.8094
G1 X149.200 Y100.800 E4513.2241
G1 X100.800 Y100.800 E4515.6388
G0 F3900 X100.517 Y100.517
;TYPE:GAP-FILL
;WIDTH:0.234
;FLOW:95.0
G1 F3477 X100.600 Y149.500 E4516.9969
G1 X149.500 Y149.400 E4518.3527
G1 X149.400 Y100.500 E4519.7085
G1 X100.517 Y100.517 E4521.0639
;PRINTING_TIME: 2830
;REMAINING_TIME: 322
;LAYER:147
;Z:44.400
;HEIGHT:0.300
;FLOW:100.0
;PRINTING: 0.20mm-nozzle-0.40mm-walls-humebeam-flow-calibration-cube.st
;PRINTING_ID: 0
G1 F2400 E4518.0639
G1 F300 Z44.600
G0 F3900 X100.200 Y100.200
G0 F300 Z44.400
;TYPE:WALL-OUTER
;WIDTH:0.400
G1 F300 Z44.400
G1 F1500 E4521.0639
G1 F2028 X149.800 Y100.200 E4523.5384
G1 X149.800 Y149.800 E4526.0130
G1 X100.200 Y149.800 E4528.4876
G1 X100.200 Y100.200 E4530.9621
G1 F2400 E4527.9621
G1 F300 Z44.600
G0 F3900 X100.800 Y100.800
G1 F300 Z44.400
G1 F1500 E4530.9621
G1 F2028 X100.800 Y149.200 E4533.3768
G1 X149.200 Y149.200 E4535.7915
G1 X149.200 Y100.800 E4538.2062
G1 X100.800 Y100.800 E4540.6209
G0 F3900 X100.517 Y100.517
;TYPE:GAP-FILL
;WIDTH:0.234
;FLOW:95.0
G1 F3477 X100.600 Y149.500 E4541.9790
G1 X149.500 Y149.400 E4543.3348
G1 X149.400 Y100.500 E4544.6906
G1 X100.517 Y100.517 E4546.0460
;PRINTING_TIME: 2846
;REMAINING_TIME: 306
;LAYER:148
;Z:44.700
;HEIGHT:0.300
;FLOW:100.0
;PRINTING: 0.20mm-nozzle-0.40mm-walls-humebeam-flow-calibration-cube.st
;PRINTING_ID: 0
G1 F2400 E4543.0460
G1 F300 Z44.900
G0 F3900 X100.200 Y100.200
G0 F300 Z44.700
;TYPE:WALL-OUTER
;WIDTH:0.400
G1 F300 Z44.700
G1 F1500 E4546.0460
G1 F2028 X149.800 Y100.200 E4548.5205
G1 X149.800 Y149.800 E4550.9951
G1 X100.200 Y149.800 E4553.4697
G1 X100.200 Y100.200 E4555.9442
G1 F2400 E4552.9442
G1 F300 Z44.900
G0 F3900 X100.800 Y100.800
G1 F300 Z44.700
G1 F1500 E4555.9442
G1 F2028 X100.800 Y149.200 E4558.3589
G1 X149.200 Y149.200 E4560.7736
G1 X149.200 Y100.800 E4563.1883
G1 X100.800 Y100.800 E4565.6029
G0 F3900 X100.517 Y100.517
;TYPE:GAP-FILL
;WIDTH:0.234
;FLOW:95.0
G1 F3477 X100.600 Y149.500 E4566.9611
G1 X149.500 Y149.400 E4568.3169
G1 X149.400 Y100.500 E4569.6727
G1 X100.517 Y100.517 E4571.0281
;PRINTING_TIME: 2862
;REMAINING_TIME: 290
;LAYER:149
;Z:45.000
;HEIGHT:0.300
;FLOW:100.0
;PRINTING: 0.20mm-nozzle-0.40mm-walls-humebeam-flow-calibration-cube.st
;PRINTING_ID: 0
G1 F2400 E4568.0281
G1 F300 Z45.200
G0 F3900 X100.200 Y100.200
G0 F300 Z45.000
;TYPE:WALL-OUTER
;WIDTH:0.400
G1 F300 Z45.000
G1 F1500 E4571.0281
G1 F2028 X149.800 Y100.200 E4573.5026
G1 X149.800 Y149.800 E4575.9772
G1 X100.200 Y149.800 E4578.4517
G1 X100.200 Y100.200 E4580.9263
G1 F2400 E4577.9263
G1 F300 Z45.200
G0 F3900 X100.800 Y100.800
G1 F300 Z45.000
G1 F1500 E4580.9263
G1 F2028 X100.800 Y149.200 E4583.3410
G1 X149.200 Y149.200 E4585.7557
G1 X149.200 Y100.800 E4588.1704
G1 X100.800 Y100.800 E4590.5850
G0 F3900 X100.517 Y100.517
;TYPE:GAP-FILL
;WIDTH:0.234
;FLOW:95.0
G1 F3477 X100.600 Y149.500 E4591.9432
G1 X149.500 Y149.400 E4593.2990
G1 X149.400 Y100.500 E4594.6548
G1 X100.517 Y100.517 E4596.0102
;PRINTING_TIME: 2878
;REMAINING_TIME: 273
;LAYER:150
;Z:45.300
;HEIGHT:0.300
;FLOW:100.0
;PRINTING: 0.20mm-nozzle-0.40mm-walls-humebeam-flow-calibration-cube.st
;PRINTING_ID: 0
G1 F2400 E4593.0102
G1 F300 Z45.500
G0 F3900 X100.200 Y100.200
G0 F300 Z45.300
;TYPE:WALL-OUTER
;WIDTH:0.400
G1 F300 Z45.300
G1 F1500 E4596.0102
G1 F2028 X149.800 Y100.200 E4598.4847
G1 X149.800 Y149.800 E4600.9593
G1 X100.200 Y149.800 E4603.4338
G1 X100.200 Y100.200 E4605.9084
G1 F2400 E4602.9084
G1 F300 Z45.500
G0 F3900 X100.800 Y100.800
G1 F300 Z45.300
G1 F1500 E4605.9084
G1 F2028 X100.800 Y149.200 E4608.3231
G1 X149.200 Y149.200 E4610.7378
G1 X149.200 Y100.800 E4613.1525
G1 X100.800 Y100.800 E4615.5671
G0 F3900 X100.517 Y100.517
;TYPE:GAP-FILL
;WIDTH:0.234
;FLOW:95.0
G1 F3477 X100.600 Y149.500 E4616.9253
G1 X149.500 Y149.400 E4618.2811
G1 X149.400 Y100.500 E4619.6369
G1 X100.517 Y100.517 E4620.9923
;PRINTING_TIME: 2894
;REMAINING_TIME: 257
;LAYER:151
;Z:45.600
;HEIGHT:0.300
;FLOW:100.0
;PRINTING: 0.20mm-nozzle-0.40mm-walls-humebeam-flow-calibration-cube.st
;PRINTING_ID: 0
G1 F2400 E4617.9923
G1 F300 Z45.800
G0 F3900 X100.200 Y100.200
G0 F300 Z45.600
;TYPE:WALL-OUTER
;WIDTH:0.400
G1 F300 Z45.600
G1 F1500 E4620.9923
G1 F2028 X149.800 Y100.200 E4623.4668
G1 X149.800 Y149.800 E4625.9414
G1 X100.200 Y149.800 E4628.4159
G1 X100.200 Y100.200 E4630.8905
G1 F2400 E4627.8905
G1 F300 Z45.800
G0 F3900 X100.800 Y100.800
G1 F300 Z45.600
G1 F1500 E4630.8905
G1 F2028 X100.800 Y149.200 E4633.3052
G1 X149.200 Y149.200 E4635.7199
G1 X149.200 Y100.800 E4638.1346
G1 X100.800 Y100.800 E4640.5492
G0 F3900 X100.517 Y100.517
;TYPE:GAP-FILL
;WIDTH:0.234
;FLOW:95.0
G1 F3477 X100.600 Y149.500 E4641.9074
G1 X149.500 Y149.400 E4643.2632
G1 X149.400 Y100.500 E4644.6190
G1 X100.517 Y100.517 E4645.9744
;PRINTING_TIME: 2910
;REMAINING_TIME: 241
;LAYER:152
;Z:45.900
;HEIGHT:0.300
;FLOW:100.0
;PRINTING: 0.20mm-nozzle-0.40mm-walls-humebeam-flow-calibration-cube.st
;PRINTING_ID: 0
G1 F2400 E4642.9744
G1 F300 Z46.100
G0 F3900 X100.200 Y100.200
G0 F300 Z45.900
;TYPE:WALL-OUTER
;WIDTH:0.400
G1 F300 Z45.900
G1 F1500 E4645.9744
G1 F2028 X149.800 Y100.200 E4648.4489
G1 X149.800 Y149.800 E4650.9235
G1 X100.200 Y149.800 E4653.3980
G1 X100.200 Y100.200 E4655.8726
G1 F2400 E4652.8726
G1 F300 Z46.100
G0 F3900 X100.800 Y100.800
G1 F300 Z45.900
G1 F1500 E4655.8726
G1 F2028 X100.800 Y149.200 E4658.2873
G1 X149.200 Y149.200 E4660.7020
G1 X149.200 Y100.800 E4663.1166
G1 X100.800 Y100.800 E4665.5313
G0 F3900 X100.517 Y100.517
;TYPE:GAP-FILL
;WIDTH:0.234
;FLOW:95.0
G1 F3477 X100.600 Y149.500 E4666.8895
G1 X149.500 Y149.400 E4668.2453
G1 X149.400 Y100.500 E4669.6011
G1 X100.517 Y100.517 E4670.9565
;PRINTING_TIME: 2926
;REMAINING_TIME: 225
;LAYER:153
;Z:46.200
;HEIGHT:0.300
;FLOW:100.0
;PRINTING: 0.20mm-nozzle-0.40mm-walls-humebeam-flow-calibration-cube.st
;PRINTING_ID: 0
G1 F2400 E4667.9565
G1 F300 Z46.400
G0 F3900 X100.200 Y100.200
G0 F300 Z46.200
;TYPE:WALL-OUTER
;WIDTH:0.400
G1 F300 Z46.200
G1 F1500 E4670.9565
G1 F2028 X149.800 Y100.200 E4673.4310
G1 X149.800 Y149.800 E4675.9056
G1 X100.200 Y149.800 E4678.3801
G1 X100.200 Y100.200 E4680.8547
G1 F2400 E4677.8547
G1 F300 Z46.400
G0 F3900 X100.800 Y100.800
G1 F300 Z46.200
G1 F1500 E4680.8547
G1 F2028 X100.800 Y149.200 E4683.2694
G1 X149.200 Y149.200 E4685.6841
G1 X149.200 Y100.800 E4688.0987
G1 X100.800 Y100.800 E4690.5134
G0 F3900 X100.517 Y100.517
;TYPE:GAP-FILL
;WIDTH:0.234
;FLOW:95.0
G1 F3477 X100.600 Y149.500 E4691.8716
G1 X149.500 Y149.400 E4693.2274
G1 X149.400 Y100.500 E4694.5832
G1 X100.517 Y100.517 E4695.9386
;PRINTING_TIME: 2943
;REMAINING_TIME: 209
;LAYER:154
;Z:46.500
;HEIGHT:0.300
;FLOW:100.0
;PRINTING: 0.20mm-nozzle-0.40mm-walls-humebeam-flow-calibration-cube.st
;PRINTING_ID: 0
G1 F2400 E4692.9386
G1 F300 Z46.700
G0 F3900 X100.200 Y100.200
G0 F300 Z46.500
;TYPE:WALL-OUTER
;WIDTH:0.400
G1 F300 Z46.500
G1 F1500 E4695.9386
G1 F2028 X149.800 Y100.200 E4698.4131
G1 X149.800 Y149.800 E4700.8877
G1 X100.200 Y149.800 E4703.3622
G1 X100.200 Y100.200 E4705.8368
G1 F2400 E4702.8368
G1 F300 Z46.700
G0 F3900 X100.800 Y100.800
G1 F300 Z46.500
G1 F1500 E4705.8368
G1 F2028 X100.800 Y149.200 E4708.2515
G1 X149.200 Y149.200 E4710.6662
G1 X149.200 Y100.800 E4713.0808
G1 X100.800 Y100.800 E4715.4955
G0 F3900 X100.517 Y100.517
;TYPE:GAP-FILL
;WIDTH:0.234
;FLOW:95.0
G1 F3477 X100.600 Y149.500 E4716.8537
G1 X149.500 Y149.400 E4718.2095
G1 X149.400 Y100.500 E4719.5653
G1 X100.517 Y100.517 E4720.9207
;PRINTING_TIME: 2959
;REMAINING_TIME: 193
;LAYER:155
;Z:46.800
;HEIGHT:0.300
;FLOW:100.0
;PRINTING: 0.20mm-nozzle-0.40mm-walls-humebeam-flow-calibration-cube.st
;PRINTING_ID: 0
G1 F2400 E4717.9207
G1 F300 Z47.000
G0 F3900 X100.200 Y100.200
G0 F300 Z46.800
;TYPE:WALL-OUTER
;WIDTH:0.400
G1 F300 Z46.800
G1 F1500 E4720.9207
G1 F2028 X149.800 Y100.200 E4723.3952
G1 X149.800 Y149.800 E4725.8698
G1 X100.200 Y149.800 E4728.3443
G1 X100.200 Y100.200 E4730.8189
G1 F2400 E4727.8189
G1 F300 Z47.000
G0 F3900 X100.800 Y100.800
G1 F300 Z46.800
G1 F1500 E4730.8189
G1 F2028 X100.800 Y149.200 E4733.2336
G1 X149.200 Y149.200 E4735.6483
G1 X149.200 Y100.800 E4738.0629
G1 X100.800 Y100.800 E4740.4776
G0 F3900 X100.517 Y100.517
;TYPE:GAP-FILL
;WIDTH:0.234
;FLOW:95.0
G1 F3477 X100.600 Y149.500 E4741.8358
G1 X149.500 Y149.400 E4743.1916
G1 X149.400 Y100.500 E4744.5474
G1 X100.517 Y100.517 E4745.9028
;PRINTING_TIME: 2975
;REMAINING_TIME: 177
;LAYER:156
;Z:47.100
;HEIGHT:0.300
;FLOW:100.0
;PRINTING: 0.20mm-nozzle-0.40mm-walls-humebeam-flow-calibration-cube.st
;PRINTING_ID: 0
G1 F2400 E4742.9028
G1 F300 Z47.300
G0 F3900 X100.200 Y100.200
G0 F300 Z47.100
;TYPE:WALL-OUTER
;WIDTH:0.400
G1 F300 Z47.100
G1 F1500 E4745.9028
G1 F2028 X149.800 Y100.200 E4748.3773
G1 X149.800 Y149.800 E4750.8519
G1 X100.200 Y149.800 E4753.3264
G1 X100.200 Y100.200 E4755.8010
G1 F2400 E4752.8010
G1 F300 Z47.300
G0 F3900 X100.800 Y100.800
G1 F300 Z47.100
G1 F1500 E4755.8010
G1 F2028 X100.800 Y149.200 E4758.2157
G1 X149.200 Y149.200 E4760.6303
G1 X149.200 Y100.800 E4763.0450
G1 X100.800 Y100.800 E4765.4597
G0 F3900 X100.517 Y100.517
;TYPE:GAP-FILL
;WIDTH:0.234
;FLOW:95.0
G1 F3477 X100.600 Y149.500 E4766.8178
G1 X149.500 Y149.400 E4768.1737
G1 X149.400 Y100.500 E4769.5295
G1 X100.517 Y100.517 E4770.8849
;PRINTING_TIME: 2991
;REMAINING_TIME: 161
;LAYER:157
;Z:47.400
;HEIGHT:0.300
;FLOW:100.0
;PRINTING: 0.20mm-nozzle-0.40mm-walls-humebeam-flow-calibration-cube.st
;PRINTING_ID: 0
G1 F2400 E4767.8849
G1 F300 Z47.600
G0 F3900 X100.200 Y100.200
G0 F300 Z47.400
;TYPE:WALL-OUTER
;WIDTH:0.400
G1 F300 Z47.400
G1 F1500 E4770.8849
G1 F2028 X149.800 Y100.200 E4773.3594
G1 X149.800 Y149.800 E4775.8340
G1 X100.200 Y149.800 E4778.3085
G1 X100.200 Y100.200 E4780.7831
G1 F2400 E4777.7831
G1 F300 Z47.600
G0 F3900 X100.800 Y100.800
G1 F300 Z47.400
G1 F1500 E4780.7831
G1 F2028 X100.800 Y149.200 E4783.1978
G1 X149.200 Y149.200 E4785.6124
G1 X149.200 Y100.800 E4788.0271
G1 X100.800 Y100.800 E4790.4418
G0 F3900 X100.517 Y100.517
;TYPE:GAP-FILL
;WIDTH:0.234
;FLOW:95.0
G1 F3477 X100.600 Y149.500 E4791.7999
G1 X149.500 Y149.400 E4793.1558
G1 X149.400 Y100.500 E4794.5116
G1 X100.517 Y100.517 E4795.8670
;PRINTING_TIME: 3007
;REMAINING_TIME: 145
;LAYER:158
;Z:47.700
;HEIGHT:0.300
;FLOW:100.0
;PRINTING: 0.20mm-nozzle-0.40mm-walls-humebeam-flow-calibration-cube.st
;PRINTING_ID: 0
G1 F2400 E4792.8670
G1 F300 Z47.900
G0 F3900 X100.200 Y100.200
G0 F300 Z47.700
;TYPE:WALL-OUTER
;WIDTH:0.400
G1 F300 Z47.700
G1 F1500 E4795.8670
G1 F2028 X149.800 Y100.200 E4798.3415
G1 X149.800 Y149.800 E4800.8161
G1 X100.200 Y149.800 E4803.2906
G1 X100.200 Y100.200 E4805.7652
G1 F2400 E4802.7652
G1 F300 Z47.900
G0 F3900 X100.800 Y100.800
G1 F300 Z47.700
G1 F1500 E4805.7652
G1 F2028 X100.800 Y149.200 E4808.1799
G1 X149.200 Y149.200 E4810.5945
G1 X149.200 Y100.800 E4813.0092
G1 X100.800 Y100.800 E4815.4239
G0 F3900 X100.517 Y100.517
;TYPE:GAP-FILL
;WIDTH:0.234
;FLOW:95.0
G1 F3477 X100.600 Y149.500 E4816.7820
G1 X149.500 Y149.400 E4818.1379
G1 X149.400 Y100.500 E4819.4937
G1 X100.517 Y100.517 E4820.8491
;PRINTING_TIME: 3023
;REMAINING_TIME: 129
;LAYER:159
;Z:48.000
;HEIGHT:0.300
;FLOW:100.0
;PRINTING: 0.20mm-nozzle-0.40mm-walls-humebeam-flow-calibration-cube.st
;PRINTING_ID: 0
G1 F2400 E4817.8491
G1 F300 Z48.200
G0 F3900 X100.200 Y100.200
G0 F300 Z48.000
;TYPE:WALL-OUTER
;WIDTH:0.400
G1 F300 Z48.000
G1 F1500 E4820.8491
G1 F2028 X149.800 Y100.200 E4823.3236
G1 X149.800 Y149.800 E4825.7982
G1 X100.200 Y149.800 E4828.2727
G1 X100.200 Y100.200 E4830.7473
G1 F2400 E4827.7473
G1 F300 Z48.200
G0 F3900 X100.800 Y100.800
G1 F300 Z48.000
G1 F1500 E4830.7473
G1 F2028 X100.800 Y149.200 E4833.1620
G1 X149.200 Y149.200 E4835.5766
G1 X149.200 Y100.800 E4837.9913
G1 X100.800 Y100.800 E4840.4060
G0 F3900 X100.517 Y100.517
;TYPE:GAP-FILL
;WIDTH:0.234
;FLOW:95.0
G1 F3477 X100.600 Y149.500 E4841.7641
G1 X149.500 Y149.400 E4843.1200
G1 X149.400 Y100.500 E4844.4758
G1 X100.517 Y100.517 E4845.8311
;PRINTING_TIME: 3039
;REMAINING_TIME: 113
;LAYER:160
;Z:48.300
;HEIGHT:0.300
;FLOW:100.0
;PRINTING: 0.20mm-nozzle-0.40mm-walls-humebeam-flow-calibration-cube.st
;PRINTING_ID: 0
G1 F2400 E4842.8311
G1 F300 Z48.500
G0 F3900 X100.200 Y100.200
G0 F300 Z48.300
;TYPE:WALL-OUTER
;WIDTH:0.400
G1 F300 Z48.300
G1 F1500 E4845.8311
G1 F2028 X149.800 Y100.200 E4848.3057
G1 X149.800 Y149.800 E4850.7803
G1 X100.200 Y149.800 E4853.2548
G1 X100.200 Y100.200 E4855.7294
G1 F2400 E4852.7294
G1 F300 Z48.500
G0 F3900 X100.800 Y100.800
G1 F300 Z48.300
G1 F1500 E4855.7294
G1 F2028 X100.800 Y149.200 E4858.1440
G1 X149.200 Y149.200 E4860.5587
G1 X149.200 Y100.800 E4862.9734
G1 X100.800 Y100.800 E4865.3881
G0 F3900 X100.517 Y100.517
;TYPE:GAP-FILL
;WIDTH:0.234
;FLOW:95.0
G1 F3477 X100.600 Y149.500 E4866.7462
G1 X149.500 Y149.400 E4868.1021
G1 X149.400 Y100.500 E4869.4579
G1 X100.517 Y100.517 E4870.8132
;PRINTING_TIME: 3055
;REMAINING_TIME: 96
;LAYER:161
;Z:48.600
;HEIGHT:0.300
;FLOW:100.0
;PRINTING: 0.20mm-nozzle-0.40mm-walls-humebeam-flow-calibration-cube.st
;PRINTING_ID: 0
G1 F2400 E4867.8132
G1 F300 Z48.800
G0 F3900 X100.200 Y100.200
G0 F300 Z48.600
;TYPE:WALL-OUTER
;WIDTH:0.400
G1 F300 Z48.600
G1 F1500 E4870.8132
G1 F2028 X149.800 Y100.200 E4873.2878
G1 X149.800 Y149.800 E4875.7624
G1 X100.200 Y149.800 E4878.2369
G1 X100.200 Y100.200 E4880.7115
G1 F2400 E4877.7115
G1 F300 Z48.800
G0 F3900 X100.800 Y100.800
G1 F300 Z48.600
G1 F1500 E4880.7115
G1 F2028 X100.800 Y149.200 E4883.1261
G1 X149.200 Y149.200 E4885.5408
G1 X149.200 Y100.800 E4887.9555
G1 X100.800 Y100.800 E4890.3702
G0 F3900 X100.517 Y100.517
;TYPE:GAP-FILL
;WIDTH:0.234
;FLOW:95.0
G1 F3477 X100.600 Y149.500 E4891.7283
G1 X149.500 Y149.400 E4893.0842
G1 X149.400 Y100.500 E4894.4400
G1 X100.517 Y100.517 E4895.7953
;PRINTING_TIME: 3071
;REMAINING_TIME: 80
;LAYER:162
;Z:48.900
;HEIGHT:0.300
;FLOW:100.0
;PRINTING: 0.20mm-nozzle-0.40mm-walls-humebeam-flow-calibration-cube.st
;PRINTING_ID: 0
G1 F2400 E4892.7953
G1 F300 Z49.100
G0 F3900 X100.200 Y100.200
G0 F300 Z48.900
;TYPE:WALL-OUTER
;WIDTH:0.400
G1 F300 Z48.900
G1 F1500 E4895.7953
G1 F2028 X149.800 Y100.200 E4898.2699
G1 X149.800 Y149.800 E4900.7444
G1 X100.200 Y149.800 E4903.2190
G1 X100.200 Y100.200 E4905.6936
G1 F2400 E4902.6936
G1 F300 Z49.100
G0 F3900 X100.800 Y100.800
G1 F300 Z48.900
G1 F1500 E4905.6936
G1 F2028 X100.800 Y149.200 E4908.1082
G1 X149.200 Y149.200 E4910.5229
G1 X149.200 Y100.800 E4912.9376
G1 X100.800 Y100.800 E4915.3523
G0 F3900 X100.517 Y100.517
;TYPE:GAP-FILL
;WIDTH:0.234
;FLOW:95.0
G1 F3477 X100.600 Y149.500 E4916.7104
G1 X149.500 Y149.400 E4918.0663
G1 X149.400 Y100.500 E4919.4221
G1 X100.517 Y100.517 E4920.7774
;PRINTING_TIME: 3087
;REMAINING_TIME: 64
;LAYER:163
;Z:49.200
;HEIGHT:0.300
;FLOW:100.0
;PRINTING: 0.20mm-nozzle-0.40mm-walls-humebeam-flow-calibration-cube.st
;PRINTING_ID: 0
G1 F2400 E4917.7774
G1 F300 Z49.400
G0 F3900 X100.200 Y100.200
G0 F300 Z49.200
;TYPE:WALL-OUTER
;WIDTH:0.400
G1 F300 Z49.200
G1 F1500 E4920.7774
G1 F2028 X149.800 Y100.200 E4923.2520
G1 X149.800 Y149.800 E4925.7265
G1 X100.200 Y149.800 E4928.2011
G1 X100.200 Y100.200 E4930.6757
G1 F2400 E4927.6757
G1 F300 Z49.400
G0 F3900 X100.800 Y100.800
G1 F300 Z49.200
G1 F1500 E4930.6757
G1 F2028 X100.800 Y149.200 E4933.0903
G1 X149.200 Y149.200 E4935.5050
G1 X149.200 Y100.800 E4937.9197
G1 X100.800 Y100.800 E4940.3344
G0 F3900 X100.517 Y100.517
;TYPE:GAP-FILL
;WIDTH:0.234
;FLOW:95.0
G1 F3477 X100.600 Y149.500 E4941.6925
G1 X149.500 Y149.400 E4943.0484
G1 X149.400 Y100.500 E4944.4042
G1 X100.517 Y100.517 E4945.7595
;PRINTING_TIME: 3103
;REMAINING_TIME: 48
;LAYER:164
;Z:49.500
;HEIGHT:0.300
;FLOW:100.0
;PRINTING: 0.20mm-nozzle-0.40mm-walls-humebeam-flow-calibration-cube.st
;PRINTING_ID: 0
G1 F2400 E4942.7595
G1 F300 Z49.700
G0 F3900 X100.200 Y100.200
G0 F300 Z49.500
;TYPE:WALL-OUTER
;WIDTH:0.400
G1 F300 Z49.500
G1 F1500 E4945.7595
G1 F2028 X149.800 Y100.200 E4948.2341
G1 X149.800 Y149.800 E4950.7086
G1 X100.200 Y149.800 E4953.1832
G1 X100.200 Y100.200 E4955.6577
G1 F2400 E4952.6577
G1 F300 Z49.700
G0 F3900 X100.800 Y100.800
G1 F300 Z49.500
G1 F1500 E4955.6577
G1 F2028 X100.800 Y149.200 E4958.0724
G1 X149.200 Y149.200 E4960.4871
G1 X149.200 Y100.800 E4962.9018
G1 X100.800 Y100.800 E4965.3165
G0 F3900 X100.517 Y100.517
;TYPE:GAP-FILL
;WIDTH:0.234
;FLOW:95.0
G1 F3477 X100.600 Y149.500 E4966.6746
G1 X149.500 Y149.400 E4968.0304
G1 X149.400 Y100.500 E4969.3863
G1 X100.517 Y100.517 E4970.7416
;PRINTING_TIME: 3120
;REMAINING_TIME: 32
;LAYER:165
;Z:49.800
;HEIGHT:0.300
;FLOW:100.0
;PRINTING: 0.20mm-nozzle-0.40mm-walls-humebeam-flow-calibration-cube.st
;PRINTING_ID: 0
G1 F2400 E4967.7416
G1 F300 Z50.000
G0 F3900 X100.200 Y100.200
G0 F300 Z49.800
;TYPE:WALL-OUTER
;WIDTH:0.400
G1 F300 Z49.800
G1 F1500 E4970.7416
G1 F2028 X149.800 Y100.200 E4973.2162
G1 X149.800 Y149.800 E4975.6907
G1 X100.200 Y149.800 E4978.1653
G1 X100.200 Y100.200 E4980.6398
G1 F2400 E4977.6398
G1 F300 Z50.000
G0 F3900 X100.800 Y100.800
G1 F300 Z49.800
G1 F1500 E4980.6398
G1 F2028 X100.800 Y149.200 E4983.0545
G1 X149.200 Y149.200 E4985.4692
G1 X149.200 Y100.800 E4987.8839
G1 X100.800 Y100.800 E4990.2986
G0 F3900 X100.517 Y100.517
;TYPE:GAP-FILL
;WIDTH:0.234
;FLOW:95.0
G1 F3477 X100.600 Y149.500 E4991.6567
G1 X149.500 Y149.400 E4993.0125
G1 X149.400 Y100.500 E4994.3684
G1 X100.517 Y100.517 E4995.7237
;PRINTING_TIME: 3136
;REMAINING_TIME: 16
;LAYER:166
;Z:50.100
;HEIGHT:0.300
;FLOW:100.0
;PRINTING: 0.20mm-nozzle-0.40mm-walls-humebeam-flow-calibration-cube.st
;PRINTING_ID: 0
G1 F2400 E4992.7237
G1 F300 Z50.300
G0 F3900 X100.200 Y100.200
G0 F300 Z50.100
;TYPE:WALL-OUTER
;WIDTH:0.400
G1 F300 Z50.100
G1 F1500 E4995.7237
G1 F2028 X149.800 Y100.200 E4998.1983
G1 X149.800 Y149.800 E5000.6728
G1 X100.200 Y149.800 E5003.1474
G1 X100.200 Y100.200 E5005.6219
G1 F2400 E5002.6219
G1 F300 Z50.300
G0 F3900 X100.800 Y100.800
G1 F300 Z50.100
G1 F1500 E5005.6219
G1 F2028 X100.800 Y149.200 E5008.0366
G1 X149.200 Y149.200 E5010.4513
G1 X149.200 Y100.800 E5012.8660
G1 X100.800 Y100.800 E5015.2807
G0 F3900 X100.517 Y100.517
;TYPE:GAP-FILL
;WIDTH:0.234
;FLOW:95.0
G1 F3477 X100.600 Y149.500 E5016.6388
G1 X149.500 Y149.400 E5017.9946
G1 X149.400 Y100.500 E5019.3505
G1 X100.517 Y100.517 E5020.7058
;PRINTING_TIME: 3152
;REMAINING_TIME: 0
M106 S0
G1 F2400 E5017.7058
G1 F300 Z50.300
G0 F3900 X100.517 Y100.517
G0 F300 Z55.100
M221 T0 S100
G92 E0
M1002
M104 T0 S0
M104 S0 ;extruder heater off
M140 S0 ;heated bed heater off (if you have it)
G91 ;relative positionion
G1 E-1 F300  ;retract the filament a bit before lifting the nozzle, to release some of the pressure
G1 Z+10 E-5 F9000 ;move Z up and retract filament even more
M84 ;steppers off
;Data start:151016:6507404d4276052b52d95545fdecab8d
;SURFQSAtIFBSSU5UREFUQUlZDHzi6E17riyBkcQfrmfZd1s3GHh8P8gS6dV8SnsUTFVfPeij/31GB0U
;e3AVW6+jNGzdCqDk/BBa21QxKQxRDVX097aPkfUEHfx78BTfr/s1pN1OoLz8bFrvVf0okFFVVST3ko/
;B9XwdBHsUFAuvFzQU3XKgOPz8Wj9UkShcUeVUtLoGjkRxRZEVyy3cGn96iNGhuxwhLP3vp1E1KexQcF
;VJ9gbiRfTJmQ33LaQKZ1rkzWGL3HlAkYoa4EjkOZno0TliBopF9MgcgXtFFZ/O3zVpWb8sZUzVkiKEk
;JRVLejxfTvX8/RxLYlIerwVn67fNGkhMqG8/UBaIti4vF3FuNFlU7s3OFFxhSXLCBWbrt81aN0zXPD9
;IFunVLCkYcXAwX1z1yv4TbW5ObctxOILZoz9FDKl8P1AW6ZUyCnsMHFUtXOLA9BFXdUFqx2oJtN6jKV
;J49xNKJHOb1UxKexQcVW1CwaODfTIHQX3NYAuOxawuXmPGI08if4ehTUt7FBxVLX3+45FpMgcgf81mA
;ofSvztDZccSYCNjmaUiOA8UHVUtPYGj0QJyBzAergUGiNSoNlJ+yQhWP3i2oSI6exUcVS09gePuPTIf
;IB6uZASI0qE/RW3cFVA+SZ26PRUIYW4zTF7ko5B9MgcgHu56J+ukzVo3bcsfWjxzm7Q5IxR6QyFfXPf
;G/X0zByAergUnlPfNeDcMqB1cM3OFsD8rD31zO3JJ88LnGF5YU3bBdxO006QpQ23GH1pQF+nVTUp7FB
;xVLRSBo5EcRGhJevFxFYrBqDZoZMcQWiNJmbQ5IiR5fS1yUeTN9glaWEZ/zXEImbfMWjcMqHw/OVbp/
;E1Ke3VqOkRZ3tfjHERiTEHGaguOxJIqVnjAI1Ixbra7IhUJcWgnTF71yv4TMgYgHq4FZ+u3zVo8DKh8
;XTV6nYoiLB1neSEtPIGjkX0yB/AhrhNn67evP1t49w5eNmK2tC4pHnh5J0xJ6Mz/fTMHIB6uBSeU981
;KNwyoHlo8YranLCwPS308X1rg05F8MgcgHq4Fh9S331o3DMoZUyRJm7QrPiRycDpaT+DX9H0zByAerg
;VnsvfNVDcMqB5aPGK2pywsD0t2MF9WgaKRfTIHIB66RWf7t81aVWnECGAid4+hEiUdcm8wWT2Ao5F9M
;gcg7pEFaOu3zThSYNwjTTFwnYo+Oh5xeFUsPYGjkX0yKWAevQVn69WoNkNT2h1ZJEmdvSQpEHp5Jl49
;gKORfTIHIOaRBXXrt804UmDcI0gxeoWKKyYUY240WViBopF9MgcgHvdFZ/+3zVpVacQIYCd3hbkSJh5
;6eyFFYuzK/30zByAergVnG4jNVTcMqB5aPGK2oiwmF0tvJUhY5aOQfTIHIB6uISfrqc1aN27aFVs3f4
;eyEi8DYG4gXlTuzc4KW2NUdvF3Bp/eolo2DKh8P1AWsJVNWHsUHDdfVOXE+BNVWEZ/wFoUm9KoPjcNq
;Hw/UBbpjA1KbxQcVU9P6Mf2FFxgf3jHfQKP6Kw0UGDNfD5QFunVTUp7FBxMLT2BweMUVmBJcMlaAYfY
;rC5SaPcdTTV3trgkJHsVHFUtPYGjpT0yFiAermcVgtOqM1lr9xpTP2GbtDkvexUcVS09gaPIPTIfIB6
;uZxWC06ozWWv3D1c1eoWmEiwXe2snTEnko5B9MgcgHq5cJ+uizVo3btoVWzd/h7ISORNxcDleYvLT9B
;hWByEergVn67fzGjcCqHw/MmSAsSojFXNDJl1Y5MeRfDIHIB6uBSmrt+xaNwzKDlY0cYC7KhUIYWwlQ
;k/1xvUiU3VFf/F3Bp/eogVabdB8PlAW6dVNSjJUHFotPYHB4xRfWEx3wGA4iNi4NEMMqXw/UBbp1WkK
;ex8cVS1f88r8Il1hRm3LcWfqt81aNwyofD9QBOnVTSkUdW8hRFPm/PUUQXNBcM1gVuu2zVo3DKh8P1A
;W+9VNShh7fSZZVO/EzhlbdFR/wGYC2bfMWjcMqHw/UBbp+01Ke3dzO0lU9cr+E1Nrf3HAYDiY36g2W1
;PHEmAkeZmKPj8Jcn02SE7ezvgTbWZSe88FZuu3zVo3DKh8P38W6dUuJRVwdSFEUu/C/SJdaUVB3W0Ch
;9uSNVlT3BNPD2WcpysrGHFvCkBU7/zmFFZzSB6vBWfrt81aNwyoUz9QFoq6Iy4SYHU6Q1zt/OUSQlhT
;a9xjBojSkjNZasEQUw9miKE5Lwl6QzhEU97C4xhTByEergVn67fNWjc8qHw/M3mHsSQ+EntyNEFi9cz
;hIkFyUnjPZgK03qM8XmDEI08xYp2wPyQkeXU7ckrox+UVMgYgHq4FZ+u3zVoiDKh8XD95hbwjLSR3cz
;BLW+jA+Bhcc39/rgRKqKsmuAFWl3wqUBbptiIlF31yMnJe7sb3G1tkSXvAcTiJt8yX+8BksPOkqenAT
;Up7d3M6QVTvxM4eXWJGeMdmDo7ZuQVUDKl8P1AW6RU/CnsHHFUtXu7M/SJfbk5BwmQejsWSLl5hzXw+
;UBbp1U1KVVQcRC09gcD+El5YTXfAWgGO0qkoVnjNfD5QFunVTUpfVBxDLT2Bx/QTQWJ/bdt1F4TFuQV
;RYMcLTTFijNVMSnsUHFUtZMGjjH0yB0R7wHYCtMS4Kkdj2ghgOXiPvCEmJHtpIUFU78bifTMHIB6uBW
;frt81NNwyoD0ogZoanORUfcXImSGLnyv0RbXVBassFZuu3zVo3DPw8P00W6dUpLxVneQpeSPHT/g9GW
;ElwwGAVtNK1KlZi2xVQPhbo1U1KexQcVS09kqORfUFyUG7BdxO006g0RGn3EF4pc5vVTEp7FBxVLT2B
;o4p9MgdEe8B2ArTEuCpHY9oIYDx3kLA/OSR2cyFZUuyjkH0yByAergVn66TNWjdozRJMNUmaoD06FGZ
;oCl5N5Mb1fTMHIB6uBWei981DNwyoGFY9c4emJCUVS2Qscl7uzuEYXHRBasdqCeu2zVo3DKh8P1AW99
;VNSh99cTBDTujM/yJKfn99wWgXjtm+O0NlxxJgOHmFsE1LexQcVS09gaORZDIHIHrCdTiK2bkzVmDBH
;Uw5eI6KKjgabUM4TEWBopF9Mgcg/sFFZ/K3zVpTYNgjXj5igLQhIxpndTtKYubR8ARtaklwrgRn67fN
;WjcMqHwpUBbpsSE6JHVyIURc7crwDltpR0HCYBGO281bNwyofD9QNqnVWkp7FHg5XWLgzeUUU2tJf91
;sCYzooD9DZMcYP1EW6dVNSnvkI1UKPYGj9RFCWEJ/3WA4h9a0P0VTyRpLNWS2sDU6FGdpJ0hi9sL4CW
;1zSXPLBWbrt81aNwyofD94FunVKSYLS340Xljez/AEV3V/fMtjCJnSkj9PfMcPSiJztqIsIw9LaDxAW
;IGikX0yByAeqkVn97fNWlNg2CNdMWWMiiErAnFuCk9S88f0D21oRnjdYBPrts1aNwyofD9QFs3VTUof
;eGwKT1zyxs4RU35FbPFmCIXDoi9FU80ETz9lnKcoFQ99cTAtPIGjkX0yBwheri5n67epNkdTyh1MNUm
;FtDQvCUt5JllU7MLlFF1pf2rHaAK01KI3R2nGD14kf4a7TUt7FBxVLT2Bo5FZMgcgesJ1OInWvj9oYM
;kFWiJJj7whJhJ6ewpIRfHM4ghAYn9qx2gC67bNWjcMqHzPbxbw1U1KH3hsCk9c8sbOEVN+RWzxdQic0
;r8FWmPMGT9RFunVTUp75CNVDD2Bo/URQlhCf91gOIfWtD9FU9odTzlytrE/JQtLZgpeTeTG9X0zByAe
;rgVny/fNfjcMqBhTIEmLtD4vJHh9LEhP3tHwDVtjf3LHYxO0zZI+Xn/cHVEzc+nUTUp7FBxVP32BgpF
;9MmNMbvFnBpjSkjZWdc0OYCJ3mbwpFRd9eiFyR97Q4RhXYyAfrgVn67fNencMi3w/UHKFpRIoGmd5Ck
;Fc+MbjIkFrT2nxYRWEx5IgaGjBD0sxeIqwTUt7FBxVLT2J45FdMgcgesJ1OInWvj9oYMkFWiJJmrkiP
;SRwbjpdYvv84g1XYkQerwVn67fNWhdMqF8/UBaNuT0VGXVvMHJR4Nr0D210THHZWguC0bkFTVPMFUwk
;d4e2KEp6FBxVLT2Bq9F9EgcgHsppF7TVrClSU8QdRjVktqYhJQxLcDxLSd7Zzg5CYkV6rgRn67fNWjc
;s6HwbUBbpsSE6JHZ9Jkhi7cLoGEBYU2vedQiZw5I/T3zHD0oic7ahJCceFB1VLT2Bo5FVcgcFHq4FA4
;fHkjhWf80jUzFvjKcSPhN9fz5DWPLQzh5dalB7wHYGn96iNDcNqHw/UBbp1U1KXxQcVUlR8fzzHEFif
;3LPfAKZ6LgqR2naI08/f4ehEj0afWgKWVTsxpF8MgcgHq4Fh9S3wlo3DMwQTw90iKYoFRd1ZTBfToGi
;kX0yByAejkVn9LfNWlNg2CNcOHeEtyg4JHx5NFlI8fziCVNpRHzXWhOC2qhaNgyofD9QFv2VTWp7FBw
;xQU3ewPkcX2VFbPF1FYLZuTNZa/cIWj1mjKcsPg5meVUsPYGjkX2yRmAevwVn69OhKmhvxxJLP2Obij
;ojH2B0VSw9gaORfTIPYB6hBWfr06EqaGjaBVY+cbahJCceFB1VLT2Bo5FpcgczHq4FA4fHkj9Ta80jX
;Txjm4ohLw1xcFUsPYGjkX0y9x8ejQVn69OhKmhqwQ5SJ3ebsBIrGHd5OUhP4Nf4ElxYWkHKYAGKwqEu
;Nw2ofD9QFunxDUpgFBxVSVHx/PcUQGpXf9xgOIHSvzFodvcYWjZ3nLk5SnoUHFUtPYFTrn0qByAeymk
;XtNGkKFp7yQ5aD2WZsCguJG5DOExFgaKRfTIHIB66RWfwt81aU2DYI1c1d52KLj8JfXIycknkzuEYQG
;ZUa9xgZ+q3zVo3DKgyf1AB6dVNLhdkQzxAXObGzglAZk5tyGAVtMOkN1IMqdJ4sWz9e1gKewccVS1Z7
;dPOFEFrQXDKWgaZ0qwFWmXGfD5QFunVTUqDKxxOLT2Bx/0NbWtBZ8t3OIbSvz1SU8sQUCNztrMsKR5n
;HFQtPYGjkX0yByAFrgVnj9u9BVo4mExgM3mEuCwkH0t4MEFc+PzlFF9iIB+dNlTYhP6JCAyBfD9QcoW
;lEicScHg5SGLtwugYQFhBeNpgFbTStSpYf90OWg9hiLw5FQ99cTAtPIGjkX0yByAeri9n67epNkdTxR
;VbNHqMiiErAnFuCk9Y58zjGG1iWG7BdhKZ0pItVmXcI0s5e4zVTEp7FBxVLTnBo499MgdEct5aCoLTq
;TZSU8QdRjVktrciOB9xbgpCW+fQ9AkyBiAergVn67fNWhEMqHxbPGa2uCQuH3h5CkFc+MbjIlFoTmrB
;cBW00rUqWH/dDloPYoC4KEp6FBxVLT2Bg9F9HwcgHsppF7TapD5TYM0jUzFvjKcSLwhgdThMSejM/yJ
;Gbk178WYIhseoNERt3BVQPhbo1U1KexQcVS09qKORfVZrUEHDbAOP26gFW23RGU0Pc5GlIjkOZnkKWV
;Tsxs4JQGZObcdxDoTZzVs3DKh8P1AW6dVrSnsUeDldYuzK9RleYn9yz3wCmeirM1tgwRJYD3ORpSI5D
;mZ5CllU7MaRfDIHIB6uBZfUt9ZaNwzMEE8Pe4CxKSYeS3A0VFjz/OESRWJSQcNqA463zFo3DKh8P6Ap
;6fZNSntwcCVyUOjH9RFXWEx/12AVtMWsKl5o9xhNP2a2rxI5C3F5MS08gaORfTIHAF6uI2frt6k2R1P
;FFVs0eoyKISsCcW4KX1zxyvUiXm5GavF/OI/evi5WYssZP1EW6dVNSnsUXFUOPYGj9RFCWE13ymELju
;ihO05p2iNNMWaAsRImEnJoCldi8tP0GFYHIR6uBWfrt+0aNymofD80epmKICMfcHAwclHg2vQPbXRMc
;dlaA5nYvQVNU8wVTCR3h7YoSnoUHFUtPYGj0X0QByAeymkXtNqkPlNgzSNTMW+MpxI5F3trCklP7tPO
;B210UHvLYWfqt81aNwyoXH9QM+nVTS4XZEM4RFnlz/QiXmZZe9xaFIfYugVbZc4IYCpJjbw+Php6fzA
;tPIGjkX0yByBeridn67epNkdTxRVbNHqMiiErAnFuCl5R7tTOEVthVEHUWhSb0qg+Nw2ofD9QFun1DU
;pdFBxVSVHx/PwUVmNMe/FpBpLSvwVEedgMUCJitrA1OhRnaSdIYvXK/BgyBiAergVn65eNWhEMqHxbP
;Ga2uCQuH3h5CkFc+MbjIkd3UHvcWheE3qMuaHvJFUsPYoC4KEp6FBxVLT2Bo5F9IwcgHsppF7TapD5T
;YM0jUzFvjKc+SnoUHFUtPYGD0X0bByAeymkXtNmiKFptxCNTMW+MpxIrHWB5J3JY+dP+Dkd1RUHZZA6
;f6LkzWmmofT9QFunVTUp7FDZVLT3lz+EiXGhSc89pOIfWtD9FU8oZWT9kjIooMgt7byBfWN7U8BRGWF
;R3w2Bn6rfNWjcMqHx/UAjp1U0uF2RDO0JP7ML9Il5mWXvcWgWExak/RVPHGlkjc53VTEp7FBxVLT2Bo
;7d9MgdEct5aCYTFoDtbU8QdRjVktrYiJA97aSdyWPnT/g5HdUVB2mwKjrfMWjcMqHw/QFbp+E1Ke3Bw
;JXJT7tH8HF5YTH/XYBW00r4uXmHJCFY/eLahJCceS386QE3kzeIcRm5PcK4EZ+u3zVo3DKh8GVAW6bE
;hOiR6cydAXO38/RxLYlJByGwLh96jPWhp0AxQI2ObsBI+Enl5VSw9gaORfTIXYB61BWfr06EqaGLHDl
;Ixera5LDMeZkMlQkrk0c4QXWNFHq8FZ+u3zVrHM6hfP1AWjbk9FRV7bjhMUd7P8ARXdX9sz3UOj+ipK
;Fh89wZgI2aMsClKehQcVS09gYvRfRQHIB7KaRe02aIoWm3EI1Mxb4ynEjgaZHUxclHoxeUiSFhEd91x
;BoXUqFo2DKh8P1AW6ZVNaXsUHDFBTd7N/g9fZkxBwmQejsWSKFZ8wRhgPH+PoRIwJGdsMEhZgaKRfTI
;HIB6GRWfOt81aU2DYI1E/ZIS0IRUXdWUwX2Lyz/4KbWNScd5aHbTTpClDbcYfWlAX6dVNSnsU7GotH4
;GjkRled39wwXcKituSNlZ1zQ5gI3qGohIuCXtsCldi8tP0GFYHIR6uBWfrt+UaNymofD80epmKIyUJe
;X05clHg2vQPbXRMcdlaC4LRuQVNU8wVTCR3h7YoSnoUHFUtPYFTrn0QByAeymkXtNmiKFptxCNTMW+M
;pxI5F3trCkFU59fOB210UHvLYWfqt81aNwyoaH9QMOnVTS4XZEM7Qk/swv0iXmZZe9xaFJ7HvTVFePc
;ZRyB5mqA/LyRgdThIPYCjkX0yByAE7gVB67fNPlt89xJQInuIuRImGm15J3JI8dP0D213T3fAcTic1q
;QuaHjBEVpQF+nVTUp7FBxVLSOBo5EZXnd/bMtoCJ3SkjhCbsoQWg9hiLw5IxVzQyFEUOSjkE4BNBMtn
;dZY67rNWjdoxAxgI3WIuSQkHEtkVSw9gaORfTJeYB6jBWfr06EqaH/LHVM5eI6KNEp6FBxVLT2B+tF9
;IQcgHsppF7TEoTNUafcIUDxzm7QjKR4UHVUtPYGjkX0yBxIergUDh8eSKUJ+zh1cNUmavCkvJGB5LVl
;I88bOGVt0QXzCYDiE2ZI1QWnaFF4+cba0Iy0XcRxULT2Bo5H9c0cgPa4FZ4/bvQVEedoaXjNztqYkLh
;5LaDBVSfTR9CJAYlNxwnATgtijWjaWMeWmyY9Q6k1oexQcMUFN3tDkD1RmQ3vxdg6P0pIuUnTcCU01S
;ZGsEiUdcm8wWT2Ao5F9Mgcg/pEFcOu3zT5bfPcIWj1mjKcsPg5meQpOVeDO8xhAByEergVn6zeMGjcc
;qHw/NHqZijorCHx1O0pi7Mz1GDIGIB6uBWfrR/JaOAyofFooYpugKS8JS304Qkjv15F8MgcgHq4Fl9S
;32lo3DM0ESyJjjbA/FR5sfz1MU+bGzglbakUvrgRn67fNWjcMqHwoUBbpsDU+CWF4MF9i5NvyFVNpR3
;vxcQ6G0v9aNgyofD9QFunVTVh7FBwwVUnz1vUYQFhPeMh2Ap/otWs3Dah8P1AW6ewNSmkUHFVIRfXR5
;BlXdX9xyGMUjsOSIgUMqXw/UBbp1U1KewYcVS1Y+dfjCFZiUkHBYwGY0rkFTz+ofT9QFunVTUp7FA5V
;LT3k2+UPR2NFbPFqAY3EqC5odZl8PlAW6dVNSnsUHEctPYHG6QlAckR73FoIjdG+P0NT0U4/URbp1U1
;KexQcVT89gaP0BUZ1VXrLdziE0aspUnj3BQxQF+nVTUp7FBxVLQ6Bo5EYSnNSa8pgFbTEujNDb8AjXD
;95hbwjLSR8eTRZSPH88BlEZk59y1oTjtq9P0Vt3AlNNSfp1E1KexQcVUR9gZCRfTJiWGrccAOOxZIpQ
;GXcH1cPdYa6ISMVc0M9SFz11uEiU2NWf8BmArTDqDdHadodSyVkjOdNS3sUHFUtPejjkVYyByB71nEV
;ntOoKGh/3xVLM362tiIlF31yMnJV5MLlCEJYQXrYZAmI0pIuXmHNfD5QFunVTUo/VBxLLT2BxukJQHJ
;Ee9xaFJzeuTlfU8sTUDx/h7ISOhpmdwpVPYCjkX0yByAg7gV567fNP0942glbNWS2pjojD3d0Ck5S7s
;/4E1VYUH/cbjiSt8xaNwyofJ8OVunxTUp7cWQhX0jlxuMiQXBJas1tOIjYojZeYs8jSzV7mbA/Kw9hb
;jAcPYCjkX0yB6B47gVD67fNP0942glbNWS2pjojD3d0Ck5S7s/4E1VYVHvDdQKZ1rkvRWmafD5QFunV
;TcodVBxMLT2B0fQORmZSavFgH5/FrAVTeckQYDF7hqAjPnsVHFUtPYGjkX0yIiAermAfn8W4PlJ+9w9
;IOWKKvRI4HmdoNF9J3sbpCUBmf3/DahKFw/9aNgyofD9QFunVTVh7FBwnSE71wuMJbWNVf8JaFJvSqD
;43Dah8P1AW6eENSmUUHFVIRfXR5BlXdX9t2WwTiN+SKFJ/3B1NJEmapSgvHyYcVC09gaORfQZHIAiuB
;WeZ0rkoVm/cFVA+SY2gLCYkdXE6WFP1o5B9MgcgHq4hJ+uVzVo3adAITSVyjKcSOQx9aDZFYvPG5Q9T
;ZFR3wWs4itqiL1l4mnw+UBbp1U1KX1QcQC09gdH0CUBmQ2rHagm007g7W1PbDFo1cunUTUp7FBxVGX2
;BgpF9MmJYatxwA47FkilAZdwfVw9kjKE/KxhgdTpDYvLT9BhWNSAfrgVn67fNbncMu3w/UHORoT8/H3
;FuClpU8cbOCVtqRS+uBGfrt81aNwyofCxQFumwNT4JYXgwX2L2yuEYbXNJc8s3Z+q3zVo3DKh8P1AZ6
;dVNLwNgbiBeVO7NzgpbY1R2rgT9ci5Uw67Vl3wuUBbpsDU+CWFvPEJT3tT4GUZvfyyuBP1yLlTDrtWX
;fCxQFumzLCQkdnA8XWLxwuQOV1hNbctmZ+q3zVo3DOgDf1AE6dVNLBp6QzdBVPH85RVAYlN2wWkD67b
;NWjcMqHwBEBbg1U1KHXVyCl5N5Mb1fTMHIB6uBWey981XNwyoGl4+SZqlKC8fS3E0VT2Ao5F9MgcgWu
;4Fduu3zTxeYMkRWj5itrEkKxZxaDBfPYCjkX0yByDikQV167fNPF5gyRFaPmK2sSQrFnFoMF8PgaKRf
;TIHIB5SOmf5t81aUWXEHVI1eJ2KKSMaeXkhSE+yo5B9MgcgHq4FZ+ulzVo3asEQXj1zh6ESLhJ1cTBZ
;WPOXkXwyByAergVn67fAWjcMzhVTMXuMuzkVHXhzIi08gaORfTIHeV6uC2frt6szW23FGVEkSY+5Ij1
;KFB1VLT2Bo1EqcgcuHq4FAYLbrDdSYtwjWTx5nudNS3sUHFUtvdfjkXAyByB4x2kGhtKjLmh40QxaUB
;fp1U1KexQcFS0zgaORG1trQXPLaxO0w7QqUj6ofT9QFunVTUo7FDxVLT3nyv0JV3V/cdtxOJjarDZbU
;9gdTSRJmrw3LyRmfSFEUoGikX0yByAe90VnzrfNWlFl2g9LD3qIrCg4JHB1OEhT8sr+E21/WUHNagqb
;0qMpVnjBE1FQF+nVTUp7FBxVLReBo5EbW3VTavFpBpLSvwVTZcUZUSN/hrsSMgJLfzpATeTN4hxGbk9
;w8W0Ih9LNWzcMqHw/UBbp1WxKexR6PF9O9fz9HEtiUkHLfROZwr4zWGL3C1Y0YoGKPysPfXNVLD2Bo5
;F9Ml5gHrYFZ+vRpChEeMQdRjVktrMkJhp5eTtZYufP/goyBiAergVn6+6NWicMqHxdP2KduiAVD3x1N
;kZT5NDifTM0Ey2dNlQ4iM1INwyoGlYiZZ2KISsCcW4KXlXkz/0OMgYgHq4FZ+ujjVoZDKh8WTlkmqES
;JhpteSdyTu7P+Bltbk54x2kLtNK1LkV52xVQPkmevCk+E0tuNFlU7qOQfTIHIB6uXCfrls1aN2rBDkw
;kSYW0NC8JS286QVTl/PgTVG5McvFjC4TAvztDaah9P1AW6dVNEzsUAlUtPefK4w5GWEx/12AVtMSiNl
;5o9xVRNn+FuRI5C3F5MS08gaORfTIHZF6uF2frt681Q3jHEWA8d5CwPxUIZHkwST2Ao5F9MgcgWu4Fd
;Ou3zT1WfPcaVjx6trgkJCR4eTtKSemjkH0yByAergVn65vNWjdryQxgNn+FuRI5Enp7OUhi5NvlD0d0
;SXHAWgSE2r0/WX/JCFY/eLanLD4SexxULT2Bo5H9YkcgPa4FZ4zWvQVRZcQQYCN/h7IhLyRxZCFfSPL
;K/hNtdUFqx2o4hta1WjYMqHw/UBaAlU1pexQcMkxN3sX4EV5YU3fAYguO6KgiQ37dD1Y/eLanLD4Se0
;M4RFOBopF9Mgcgnu5FZ/S3zVpQbdgjWTl6hYo+IxVzcDByWPnX4whBbk9w8XYXjtKpWjYMqHw/UBbQl
;U1EexQcMkxN3sX4EV5YU27LYAPrts1aNwyofHEQFvnVTUocd3MxSGL12uEYbW5Oest9Z+q3zVo3DKh8
;P1AF6dVNLRh7eDByS+TR+BtLWEx7wGITg7fMWjcMqFQKV1fpxk1Ke3N/OklY3tX0D1thWUHBYwGY0rl
;aNgyofD9QFunVTUV7FBwyQVLjwv0iXWFGbctxOJO3zFo3DKh8P1AW6dpNSntzcDpPXO38/htUdEVq8X
;xn6rfNWjcMqHw/UBnp1U0tF3t+NEFi7sX3Dldzf2SuBGfrt81aNwyofCpQFum9KCsPfXIycl7uxvcbW
;2RJe8BxOIq3zKBJZhQIrDip6cBNSnt8eTRZVO/Ezh5dYkZ4x2YOjtm5BVUMqXw/UBbp1U0KewEcVS1V
;5MLlFFxgf33BYAGN3q4zUmLcI1xQF+nVTUp7FFIVLSGBo5EVV2ZUd8BiOJ/eoD9oadsIVj13nbwiJCR
;gZSVIPYCjkX0yByAergVy67fNMlJt3AlPD3GKuikvJGd5JFhY78D0fTMHIB6uBWfrt816NwyoFVE2f4
;W5EisfdWwhREvk/PgTVG5McvF3Bp/eogVabdB8PlAW6dVNSkVUHHUtPYHK/xtba0xBz2EGm8OkLFJTw
;RJZOXqFij8rD31zCkBU76OQfTIHIB6uESfrqM1aN2XGGlY8era0KSsLYHUjSGLozf8YQFhFZt5kCZje
;ojQ3DTLlpsmPcDxySm0UHFVEU+fK/RFtZkR/3nEOndKSNlZ1zQ5MUBfp1U1KexQIFS0ngaORFFxhSXL
;CWgaP1r0uXnrNI001cpy2OSMUem9VLD2Bo5F9MgdgHrcFZ+veozxeYMQjXjR3maEkPB5LazxJSen8/B
;RcByEergVn67fFGjcXqHw/OXiPvCEmJHVyNkVS8/z9GFxgVHbxYwaIw6IoNw2ofD9QFunVTUp0FBxVR
;FPnyv0RbWZSe89aCoLZzVs3DKh8P1AW6dVRSnsUdTtLVO3Pzg5CZlJty1oEhNqvM1lp9xBeKXObpk1L
;exQcVS09cZyRYTIHIHfAYw6H25I/T3jaCUw5eYeKOiMfYHQKX1z1yv59MwcgHq4F5733zU43DKgVUTZ
;/hbkSLBJ4fThIU/X89xFdcCAfrgVn67dNDHcMp3w/UH+HsyQmF0tzM0tO5NfOBTIGIB6uBWfrt81aOA
;yofFY+cIC5IRUUcnomSEne2pF8MgcgHq4FZ+u3wVo3DM4VUzxJhqMoOBd1bFUsPYGjkX0yF2AeogVn6
;9GkNltTzBlRI3+drE1LexQcVS09peORcDIHIHfAYw6H25IpX2nEEExQF+nVTUp7FBxVLTGBo5EUXGFJ
;csJaFJvSqD43Dah8P1AW6ZsNSmsUHFVEU+fK/RFtcEl62m04ht6jWjaWMeWmyY9A6k1uexQcPENT5NH
;OH0BuRHnHawC00rUuRXnbFVA+SZ68KT4TS240WVTuo5B9MgcgHq5cJ+ugzVo3ZcYSWiJJi6ckLhx9cj
;JyW+3M5g9Tc0UerwVn67fNWm5MqGg/UBaAuyMvCUt+J0RZ5sr/Gm10UHvLYWfqt81aNwyoMn9QN+nVT
;SMVZ3khclTvzfQPbWJYatxwFILYowVAZcwIVw9kiKEkJXsVHFUtPYGjyD0yEyAermwJmNK5BV5ixhlN
;D3CFujo4GmB5VSw9gaORfbJRYB6iBWfr3qMpUnjQI0wgc4yxTUt7FBxVLT3F45FcMgcgd8B2Ap/ooi9
;DadojWihim6A+IxR6QyJEWfXLzg9Tc0lxrgRn67fNWjdV6HwrUBbpvCM5HmBDOlhJ5NHOG15oV2zPcQ
;Lrts1aNwyofGYQFuXVTUoSem8wWQ3e0OEYV2MgH64FZ+u3TRt3DLZ8P1B/h6EoOBd7fz5EU+b88xJHa
;UR/3Hw4j96+LlZiyxk/URbp1U1KexRcVTo9gaP4E0ZiUnLBZgyC2aoFVGnEEGAxeI65KEp6FBxVLT0B
;ldF9KgcgHsdrE47FoTVUZ8ESWA91jLkhFRd1ZTBfToGikX0yByAerkVn/LfNWl5i3BlNPHmKviQkHEt
;/MEFR3tT4GUZvIB80nP5yLlSzCAy6fD9Qf4ehKDgXe38+RFPm/PUYQnNIHq8FZ+u3zVo3TKhxP1AWgK
;ciJBJ6ewpMU+bP9H0zByAergXnvffNSjcMqBVNP3iAuyoVHXhzIl9c9caRfDIHIB6uBXOrt8BaNwzBD
;lA+f4eyEiMVZ3khLTwbOgjkq57pIa4QZ+u3pChYYsESWA96gLsoFR99byFMU+LGkXwyByAergVn67fA
;WjcMwQ5QPn+HshI5C3F5MS08gaORfTIHBF6uDmfrt6c/RWf3HlAkYoa4TUt7FBxVLT2V45FuMgcgdMt
;3DLTVoi5DY8UjTCVkj7QuL3sVHFUtPYGjhT0yFyAerm8CmdySPF5+2whgPHeQsD9KehQcVS09gbfRfT
;kHIB7EYBWA6KQ0UWXEED9RFunVTUp7AFxVPT2Bo/sYQGx/d8B2Ap/opDRZadp8PlAW6dVNSm9UHEUtP
;YHJ9A9ZWElw3WATtNi4LlJ+qH0/UBbp1U1eOxQWVS0968bjFm13UnfAcWfqt81aNwyoaH9QGunVTSAe
;ZncKXkjx0/4PRgchHq4FZ+u32Ro3BKh8Pzpzm74SPhRkHFQtPYGjkX0mRyAOrgVngdK/MWh4xwxgI2O
;bsywpHhQdVS09gaORaXIHKx6uBQ2OxaYFQ37JClo8FujVTUp7FBxBbT2Ko5F9QnVJcNpaFJvSqD43Da
;h8P1AW6ZENSncUHFVBXPjG4yJaYkl5xnFn6oT+aQQ/m68AUDDp1U0mGm15J3JV5Mr2FUZYQXrPdROCw
;agFWm3QI1c1f469ORUJdWg8Qj2Ao5F9MgcgUO4FQeu3zTZWdc0OYDhzgLIlPiR1eDRdSejV9CJfbk5B
;xmAOjN+5BUVt3BVQUBfp1U1KexQlFS0egaOREVN+RWzxbQKC0KUuaG3MHU8kf5+wEjkaeWw5RFPm/OI
;JV3cgH9URyaxWt94IDIN8P1B6iKwoOCR8eTxKVfX88BlTd1R32GA4mMOoKlh6zQ5gMnmdoSInJGZ9IU
;RSgaKRfTIHIB7nRWfDt81aW23RGU0Pfoy8KiIPS30xTE31yucYbXRUe95qEY7Fki5YfPcOXiR/htVMS
;nsUHFUtdMGjhn0yB0x/12AVtNqoKFBp9x9TP2WMiisrGHFvVSynGDoI5Ku+Hx62BWfr26wjUn73D1o3
;e4y7ORUXcXIyWVXezvgTMga6hzec/nIO8lo8DKh8SDF6hYo+Ih54cCYtPIGjkX0yBzBerhFn67ehO05
;p2iNMOHOFuT4VFGJ5J0Fc8aOQfTIHIB6uTCfrms1aN2DJBVoiSZqhLDgPS2w6RFP1/OIeU3VGQcRqDo
;XDkjtZa8QZYCR+m7A+IhR4eFUsPYGjkX1SZGAeigVn69usI1J+9w9LMWSdij0lEnpoCl5e4NH3IlhoS
;XDaWguO2aouXwypfD9QFunVeQp7PRxVLVHg2vQPbXRUf9xxOJvYpDRDU9sfXiJwtr8iIxVgQyZdWOTH
;zg9Tc0lxrgRn67fNWjdV6HwPUBbpuSwzHmZDJllc89fODV1uTmrxdgSKxasFXWPBEksPZZ20Pz4kfHk
;8SlX1/OMcRm5PHq8FZ+u3zVo3DKhfP1AWhbQ0LwlLbyFMT/X84RJbaVRB3WYGmdGSMFhlxghgI2KMpT
;5KehQcVS09gYfRfScHIB7CZB6OxZIpQ23aCE8/f4ehEj4CZHlVLD2Bo5F9Mg9gHr0FZ+vRpCJSaPcQX
;ilzm4o+PhpmaApVPYCjkX0yByAergV067fNPF50zRhgPHeQsD8VCGB9J1li+KOQfTIHIB6uBWfrqM1a
;N2HJCGAzeYezfBUdfXA0QFjv184eXWpQe8B2Bp/eojQ3Dah8P1AWaYINSmEUHFVAXPX88hJcYRFByGw
;LitqoNENTzBlRI3+drE1LexQcVS1dEuORZjIHIHPPcTiI2KM8BlPOFVMxe4y7ORUffX04SEnk0ZF8Mg
;cgHq4Fm9S31lo3DMUdSw91hrsreyRydTlMUOTN5SJCdUl9y1oEhbfMWjcMqHzfOFbpzk1Ke3l9IXJe7
;s33TG1hSXLPaAKFw5IqRWXLGWA6ZunUTUp7FBzdnn2Bv5F9MmpBavFmCIXR/AVRZcQdUjV4nYo9OBJ3
;eQpGUvOjkH0yByAe7ton66zNWjdhyQhgM3mHs3wVHX1wNEBY79fODUBuQ3vxcBTrts1aN6zYgQcQFsX
;VTUoWdWgKTlLvxaAiVG5Mf8NgCZ/ovj9DeMESWCNJj7whKxZxciFyWeTN4hRGfiAfrgVn67etyXcMhX
;w/UHuIoRIpFHp6ZHJb6M/wEFdpVEHdYBOf3qM9RFPOFVMxe4y7ORUffX04SEnk0ZF8MgcgHq4Fm9S34
;Fo3DMUdSw91hrsreyRydTlMUOTN5SJBYlRqx2sAmOirM1ttxRlRJEmPuSI9CXVoMC08gaORfTKHd16u
;L2frt6A7Q1PLE1E2J7azJCYaeXk7WWLyxuUJW2lHbfFjDofWoD9ZePcMTTl1jNVMSnsUvCXQBcGjv30
;yB01/2loEhNmra2hqwRBePXOHoRI5HmBoPENa8vz3FF5mTXvAcTid0r8zUXX3FVtQF+nVTUr7hN8VLS
;GBo5EQU3N/fcFrAdroqzNbbcUZUSRJn7A/Ix1tQzxJPYCjkX0yh7Dd7gV467fNN1Z49x9QPnDbiisjF
;3VxMENJ3sD+EEJiTm3PcQ6E2c1bNwyofD/QQanVV0p7FHE0WWLizP8bAFhGd8JkCo7ZuQVTacYPViRv
;6dRNSnsUHDW+fYG4kX0yakFq8WYIhdH/BVFlxB1SNXidiikjGnl5IUhPgaKRfTIHIB5SOmfwt81aWm3
;cI1w/eI/nEiwSeH04SFP1/OEPW2RFQc1rZ+q3zVo3DEgUf1AN6dVNJxpgQzZCU+eRzhtba0Fzy2sTtM
;e/M1Rp9xZPUBfp1U1Ke5yvFS0hgaOREFNzf33BawHZ6KszW23FGVEkSZmnJCkeS3c6Xz2Ao5F9Mgdgw
;e4FfOu3zTdWePcfUD5w24orIxd1cTBDSd7T4xRRYn9r3QVm67fN+kfxkDw/fBbp1SArD0t/OkNbs/z3
;FF5mTXvAcTiY0rkuXmLPD2A2f4W0IC8VYEMxSFPyyuUEMgYgHq4FZ4skjVoaDKh8UjFitrYiJB0mQzN
;EUeDO9BNGWFN72nEOhdC+BVFlxB1SNXidiikjGnl5IUhPgaKRfTIHIB5SOmfGt81aWm3cI1w/eI/nEi
;wSeH04SFP1/OIYRnNJcMl2OI3eoTtaacYIYDZ6hqI/Kw9xHFQtPYGjkf1lRyA0rgVnhta5BVRjxhoND
;3CAuSwnHnpoCl5Y9df4E1V0f3jHaQaG0qMuaHzaFVw1FujVTUrbZOFtbT2vo5F9X2ZUQc1qCY2Fkjxe
;YMkRWj5itqYoPg99cjJeYufK/RxfYk5q8XMCmd6rI2hlzHw+UBbp1c3auFQcSS09gc7wCW1kT3DINzi
;N3qE7WmnGCGAmc5u8KzMkfXhVLD2Bo5H9osRgHrkFZ+varC5SfsEdUw9lirQhLyRyfTZZUvP86X0zBy
;AergVnsvfNTTcMqBFeJHObvCwmJGd/NEFY3sXwHkZoUkHXBWbrt81aNwzxPD9HFunVICsPcW48TFHe0
;PIcXmJ/eM9mE4TFkiA3Dah8P1AW6YwNSm4UHFVAXPn85xJeck172ncOiOi+KlJpzE0/URbp1U1KexQc
;VTg9gaP8HEpYVnHCcAqOw78zVFPbDFo1ctvVTEp7FBxVLT2Bo4x9MgdNccpgC7THvz9UZdsZYCpJgbA
;kLRNgQzlMROTR4n0zByAergVn//fNUTcMqBJQKmyFsBI5Em55VSw9gaMx5KveHx6gBWfrwKw2W1PcFF
;YzfYewPjl7FYbMtKQYOnhCMhUgHq52EpvHoihDU9IjWzllnbQjKR4UHWYeDrKQor4NBzUergUIndK/M
;lZizyNMOHOFuT4VGnp7OUg9gKORfTIHICDuBX7rt801QWnaFF4+cbamJS8XeG8KS1zv/OINV2JEHq8F
;Z+u3zVpuTKhkP1AWhqMoOBN1cjJyTunG/RFBWEZywXIVisOoWjYMqHw/UBawlU1fexQcOltY88vwE1V
;YU3bLaQuY6L4qUmnMfD5QFunVTUoyVBxELT2B0+MYQXRVbMtaBo/BrDRUaZl8PlAW6dVNSnsUHEQtPY
;HT4xhBdFVsy1oGj8GsNFRpmnw+UBbp1U1KexQcTS09gdPjGEF0VWzLWgaPwaw0VGn3FVE2f4W5fEp6F
;BxVLT2Bo5F9KgcgHt53ApjEuChSU8kYSTF4irASIxVydTlBD4GikX0yByAergVn9rfNWkd+zQ9MJWSM
;iiwuDXVyNkhi6M3iGEZYSXDAYBXat8xaNwyofD9QFunITUp7ZG4wXk700fQiU2NWf8BmArTeoylSePc
;VUT5zm+dNS3sUHFUtPYGjkWAyByBu3GAUmMK/P2htzApePnWMiiQkCHFoCkJI9cbjTDIGIB6uBWfrt8
;1aKgyofE8ic5qmODgeS30xW1zvwPQiW2lTe9paCJ7DqCgFDKl8P1AW6dVNSnsJHFUtTfPG4g5HdUVBz
;2ERitmuP2h4xwxgI2ObsywpHiUcVC09gaORfTIHIAOuBWebxagpRHnaGWAxcp+0IykeS2g6XWLy1uMb
;U2RFLK4EZ+u3zVo3DKh8E1AW6aU/IxVgeSdyXu7N9yJXf1Rs22ECmYaSOVtpyQ5ePnWMii8rGH9DOkt
;b8sblfTMHIB6uBWfrt81zNwyoDE05eJ2wPxUYe3Izclj51+MIVmJSL/FmC47WvztZb80jWihim6ApLw
;kUHVUtPYGjkX0yBw0ergUXmd6jLlJ+9x9QPnC2sDU+CWF4MF8M3sD9GFN1QXDNYDiNxaI0Q1PHGlkjc
;53VTEp7FBxVLT2Bo719MgdQbMdrE47FkjlYYs4jWihim6ApLwklQzZBWODR8BNRYn9yy2MTtNirPERp
;3Hw+UBbp1U1KexQceC09gdPjFFxzRWzxZgiF0ZI/T3jaCVs1ZNiKLiYedW40Q17k/OMUVW9UQcFjAZj
;SuVo2DKh8P1AW6dVNensUHCVfVO/X9A9tZE9wyFoCk8O/L1Np2k1gM2OaoSInJGRuPENJ4MH9GG11RX
;nHagm0z81bNwyofD9QFunVeUp7FGwnRFP1xuMiUWhOePFgH5/FuD5SfpkjXCVlnbogFQtmdTtZXOPP9
;CJAYkd3wWs4k8SkIFIMqXw/UBbpVSYKeyQcVS1N88r/CVd1f33BawG00rUuRXnMGU1hSYqgPj4UeUMl
;X1Tv1/AfXmJ/bMtiDoTZkiM3Dah8P1AW6dVNSk8UHFVdT+jN5RhAWENxwGM4js+5KEJozQ4OD3Wcpjk
;lFktsJ0RT9cLzEVdYUnvJbAiF6LQpXnbNfD5QFunVTcoQVBx5LT2B0+MUXHNFbPFmCIXRkj9PeNoJWz
;Vk24ouJh51bjRDXuT88xxRbH9xyGMUjsPNWzcMqHw/UBbp1WRKexRsJ0RT9cbjIlFoTnjxYB+fxbg+U
;n6aI1w8c4inLCQYcUMwVUnz1vUYQAchHq4FZ+u3PWU3Iah8PyBkgLs5LwlLfzpDW97G6QlAckR73Dc4
;iNuoO0Vtxh9aD3CbuiM+JHt6M15Y9aOQfTIHIB6uBWfrm81aN3zaFVEkc5uKLiUVckMwVUnz1vUYQDV
;/fcJgBpnWozlSU8QZWSRJhrMrOR5gHFQtPYGjkX0yByAzrgVnm8WkNENp2iNcP3iPiigyD2ZpMUhPs/
;zyEVdmUn/AZgK0xaQ9X3j3E1k2ZYyhTUt7FBxVLT2Bo5FNMgcgbtxsCZ/SvwVUY8YaYDVunac4Lh5mL
;gpOSPLX/hBtd1J3wHEGiduoBUVpzxVQPkmR1UxKexQcVS09gaOlfTIHUGzHaxOOxZI5WGLOI1ooYpug
;KS8JJkM2WE71zPwiQnVJcNpkBYfSkihSa8ETUQ9umrw3L3sVHFUtPYGjkX0yNyAernUVgtm5P0VTyxN
;RNkmMrTk4DnB5Jx9i4tbiCV1qf27cbAmf1q82UlPaGVg5eYeKNEp6FBxVLT2Bo5F9BgcgHt53DoXDqC
;hob8cSWQ9zkaE/Px9xbmdyXvTQ5RJfWFBsx2sTitWhP2h+zRtWP3i2rD4jAXEcVC09gaORfTIHIASuB
;WebxaQ0Q2naI1w/eI+KKisVYG4sclXkyvYVRgchHq4FZ+u3zVo3Eah8PyBkgLs5LwlLfzpDW97O8B5a
;bk578WcGntO/O0NpqH0/UBbp1W1GOhQCVS098dH4E0ZiUkHNagmN6KA7VGTBEloPdIyxEjkTdWwwLTy
;Bo5F9MgcgHq4kZ+u3vSheYtwZTQ91hrsrFRZ1fz1EU+T88xhWWFR7w3U4hta1WjYMqHw/UJaylU1sex
;QcJV9U79f0D21kT3DIWgqK1KUzWWn3Hlo8YrayLCQPZmUKTFPmz/R9MwcgHq4F5633zXk3DKgMTTl4n
;bA/FRh7cjNyUODA+RRcYn99wWgXjtm+O0NlxxJgKBbo1U1KexQcDG09oqORfUJ1SXDaYBW01KI0UVPF
;HVw4f4ewEikUeWwwQ07g1/gSXFhZHq8FZ+u3zVpuTKhTP1AWmackJA9xbgpOUu/FzhBTZEh3wGA4j9a
;5O2hqwRBaD2KBoCAoFXV1OXJV5Mr2FUYHIR6uBWfrt0kaNyKofD8gZIC7OS8JS386Q1vezvAeWm5Oe/
;FhBp/WkjxeYM0jSzhjhLcjKxJ4QyJEWfXLkXwyByAergXjq7fXWjcM2A5WPmKMpxIpFHp6CkBc4sv4E
;1dYRHfDWh/rts1aNwyoPFAQFvPVTUoLZnU7WVjz/PISXGF/c89mD4LZqAVTZcUjRlAX6dVNSntUcxUt
;J4GjkQ1Abk5qy3c4iNijPGhhyR9XOXiMiikjFktmVSw9gaORfXJoYB6HBWfrx78zWXjNDmAzeYezEic
;ad3Q8Q1jex/gORmZOfctaAZnYoAVVY9oYWiIW6NVNSnsUHFFtPaCjkX1CdUlw2mAVtNSiNFFTxR1cOH
;+HsBIvA2BuIElY8/z/CF8HIR6uBWfrtz1lNyuofD8gZIC7OS8JS386Q1vezvAeWm5Oe/FgH5/FuD5Sf
;vcTWTZljKESMkkUHVUtPYGjkURyBwcergUXmd6jLlJ+9x9QPnC2uCwpE31yMHJY+dfjCFZiUkHBYwGY
;0rkFTj6ofT9QFunVTUp7FANVLT3x0fgTRmJSQc1qCY3ooDtUZMESWg9wgLksJx56aAocPYCjkX0yByA
;e7gV467fNKkVlxghaIkmKuiMsJHl9NkVU78bOG1trQXPLaxO0hc1bNwyofD9QFqnVfUp7FGwnRFP1xu
;MiUWhOePFoBojfpDRSU84VTT1hiKcoFRp3fzBBWPPC5RRdaX978WgGk7fMWjcMqHy3k1bp5k1Ke2RuP
;ENJ5NHOHl1pRkHDZASD3qM/aGrBDlInd5uwEisYd3k5SE/g1/gSXFhQbMdrE4LZqlo2DKh8P1BWZpVN
;eHsUHCVfVO/X9A9tZE9wyFoKitSlM1lp9xpWInuetD8vJHV/NkhR5NHwCVtoTkHcYBOZ1q4uNw2ofD9
;QFplyDUpKFBxVXU/ozeUYQFhDccBjOIbWrjJeYs0jWTlkhKIsOB5LfTZOWO3G4xxGbk9w8XEVisGoNj
;cNqHw/UBapWg1KSxQcVV1P6M3lGEBYQ3HAYziG1q4yXmLNI1k5ZISiLDgeS302TljtxuMcRm5PcPF9O
;IbWtVo2DKh8P1CCKJVNensUHCVfVO/X9A9tZE9wyFoKitSlM1lp9xpWInuetD8vJHV/NkhR5NHwCVto
;TkHXWgqKz81bNwyofD/E16nVfUp7FGwnRFP1xuMiUWhOePFoBojfpDRSU84VTT1hiKcoFRp3fzBBWPP
;C5RRdaX9k8WgGk7fMWjcMqHw/CVbp+U1Ke2RuPENJ5NHOHl1pRkHDZASD3qM/aGrBDlInd5uwEiwecX
;gnTEnk/PQiX2ZYHq8FZ+u3zVoOTKhQP1AWmackJA9xbgpOUu/FzhBTZEh3wGA4jd6/N0Bt2hlgNnOMs
;T8rD3FDLXJQ4NuRfDIHIB6uxRWrt+FaNwzYDlY+YoynEikUenoKQFziy/gTV1hGd9xoEIrFqAVRac0Y
;TTFijIo0FRZ1ZFUsPYGjkX3ydWAeggVn68e/M1l4zQ5gM3mHsxInGnd0PENY3sX4D19wQWzLWgGO0qk
;oVnjNI0UPe4itTUt7FBxVLT2V45FZMgcgbtxsCZ/SvwVUY8YaYD13ir0kJB5LejxfUPbC4xhtbUVsxV
;oC67bNWjcMqHwrEBbN1U1KC2Z1O1lY8/zyElxhf3PPZg+C2agFUWXaEUgxZIyKJy8Jf0MtLTyBo5F9M
;gcIXq4hZ+u3vSheYtwZTQ91hrsrFRZ1fz1EU+T89xRAald/3GA4gdK/MWh1qH0/UBbp1U1iOxQ4VS09
;8dH4E0ZiUkHNagmN6KA7VGTBEloPcICnID0aZnkKR1jzyM4HMga6hzec/nJu8loWDKh8TyJ/h6EoOCR
;3cztLYuzC8hVbaUVByWYIj9KSO1R4wRNRUBfp1U1KexQcVS0WgaORDUBuTmrLdziI2KM8aGHJH1c5eI
;yKKikUcHkKWVX0zvMTU25MQcZgDozfuVo2DKh8P1AWgJVNYHsUHCVfVO/X9A9tZE9wyFoKitSlM1lp9
;xtcP3KMijkiDnl+O0xU7fzmFFZzSB6vBWfrt81aXkyoUD9QFpmnJCQPcW4KTlLvxc4QU2RId8BgOIfW
;vi5oedgQUDFytqYoOA1xbgpZRPHGkXwyByAergVn67fpWjcM2A5WPmKMpxIpFHp6CkBc4sv4E1dYTnH
;UfwuO6KkzVmHNCFoiFujVTUrbjYWMEj2no5F9QnVJcNpgFbTUojRRU8UdXDh/h7ASJBRuZjlIYuXK8B
;BXc0Vs8Tdn6rfNWpeVMaUAUDDp1U06CX1yIUhP3sD+E1RYTX/NbQ6F0pI0WHbSEFoPYoy4PRUWdWQKH
;D2Ao5F9MgdAbe4FQeu3zSpFZcYIWiJJirojLCR5fTZFVO/GzhNdfVpyy1oTjtq9BVpt0CMNUBfp1U1K
;e3RvFS0igaORDUBuTmrLdziI2KM8aGHJH1c5eIyKPTgSemgKQFLlxpF8MgcgHq4FZ+u341o3DNgOVj5
;ijKcSKRR6egpAXOLL+BNXWFBswWgXn+i4KVJT2h1ZJEmdvT8vCHxzOUk9gKORfTIH4HzuBX3rt80qRW
;XGCFoiSYq6IywkeX02RVTvxs4ORmJQe64EZ+u3zVo3DKh8EFAW6aU/IxVgeSdyXu7N9yJfZkN2x2sCt
;MGkKEN5yRBgNW6dpzguHmZDOktb8sblIko1IB+uBWfrt81jdwyHfD9QZpu8Iz4eZkM2QlPn/PwcUW9J
;cMtaEYLFuS9WYPcZRyRknLEoOCR7ejNeWPX86E8yBiAergVn67fNWjwMqHxNMXCdiiwjCXN9JS08spC
;iTgE04yGuFmfrt787UXj3Hl4jc7a5JCQeY3UxWVWBogvkq565h0c6Z/S3zVpFbc4IYDJ3mrASLwNgbi
;BeVO7NzgpbY1R28XcGn96iWjYMqHw/UBaAlU1cexQcJ0xb9fzzHEFif3fAYw6H25I7WWvEGT9RFunVT
;Up7FBxVOz2Bo+McVHN/fM92ArTeozxeYMQjTTFigLpNS3sUHFUtvcHjkW4yByBsz2MTtNWsKVJT3BRW
;M32HsD45exUcVS09gaNxQjIXIB6udwaNw5I4Vn/NI1Mxb4ynPkp6FBxVLT2Bo9F9IwcgHtxkAZ/ooTN
;ZafcPTzF1gLsqSnoUHFUtPYGr0X09ByAe3GQBn+ivO0Rp9w9PNXON1UxKexQcVS0dwaOJfTIHUn/IcT
;iC2bk/RWrJH1oPeoC7KD0ScGg9LTyykKJOATTDIa4hZ+u3vztRePcVUSRzm7MsKR5LeS1ZT/TQ+BJcW
;Fd3ynEPtMWsLl5jqH0/UBbp1Y0oOxQHVS0988L3CW1uTmrLdwGK1KgFXmLOFVM8SYi7KiYeFB1VLT2B
;oxErcgc7Hq4FFYrRuQVeYtwZTTZ3irASIxVydTlBYvPC5RRdByEergVn67eEGjcUqHw/InePoRIjFWB
;5J0tc4sbOCVpuQ3XAYBSYt8wIjxItl26IKenATUp7Zn0zWWLozeUYQGFBfctaC4rOqChEDKl8P1AW6d
;W9dXsCHFUtT+DF5SJbaVR73GMGiNKSKUdtyxVRNxbo1U1KexQcpRI9laORfUBmRmrxbAmf0r88Vm/NI
;0wgc4yxTUt7FBxVLT2/45F2MgcgbM9jE7TarChQZcZ8PlAW6dVNSm9UHEMtPYHR8BtGWFNr3GMGiNKS
;Nl5izQtWNGKB1UzQ4o2FzLTkvqOzfTIHUn/IcTiYwr88Vm/NI1ooYpugPiMUekMiRFn1y84PU3NJca4
;EZ+u3zVo3Veh8KlAW6acsLA9LbyBfW+DA9CJUa09p3GQTjrfMWjcMqHyfNVbpzE1Ke2Z9M1li8tbjG1
;NkRUHHawGC26EFVmLPEFpQF+nVTUp7FCIVLSuBo5EPU2FUQd1wFY3Wrj9oasEQUw9kiKEoSnoUHFUtP
;cH20X0kByAe3GQBn+i+L0VqyR9aD2KBvC4hFXFvJi08qP8ev8cv7CGuFmfrt787UXj3D0oicIi2KBUX
;dWUwX06BopF9MgcgHq5FZ/+3zVpFbc4IYCNjm7MsKR5LbyVMXujN9n0zDfe93jhtPIjNSDcMqA5eNmK
;2pjg4HXV/MHJO8cb0GTIGIB6uBWfr+Y1aIwyofE0xcJ2KOTgaYnk5ckX4/OINV2JEHq8FZ+u3zRpnTK
;hoP1AWm7A+PhpmaApIRfXR8CJTak9rwHFn6rfNWjcMqHw/UADp1U04HmdoNF9J3sbpCUBmf3/DahKFw
;5JoNw2ofD9QFunVTUp2FBxVX1jy1/APRlhTbstgA+u2zVo3DKh8BhAW5tVNSglxbyFMT/X84g1XYkRB
;nAVm67fNWjcMkTw/QRbp1T8vD2Z9NllU7s3OHF9oVXDaBWbrt81aNwygPD9DFunVPy8PZn02WVTuzc4
;cX2hVcNpaVeu2zVo3DKh8NxAW/tVNSglxaCdMXvXK/hNtY1Vsx2sAtMCkKlI+qH0/UBbp1U1KexQ7VS
;0988blD1NkVHfBaziO2aw4W2n3E0okZYCxKBUZe2ghQlDez/AEV3VTHq8FZ+u3zVrHM6hYP1AWm7A5O
;Bp3aDxCU97G/xxQa0VBwXATmN6pP2h4xwxgPHeQsD85exUcVS09gaORPTIbIB6udwKfxaw5Q2XHEmA9
;f4e8ICsXS3ktWU/00PgSXAchZbqrIArNWWU3Eqh8PyJznacsKQ99cztyUOjN+BBTa3971nEVnsSkNVl
;Tmnw+KwJHkqww7yscQC09gdH0CUBmQ2rHagm02qQ0aHjaHUk1eunUTUp7FBxVOX2BtJF9MnVFatxkBJ
;/eojRoYcESYCRkiKMoJiQmHFQtPYGjkX0mRyAOrgVnmdK5KFZv3BVQPkmapSgvHxQdVS09gaOROXIHM
;h6uBRWOw787VHjBE1EPZZmwKC4kJhxULT2Bo5F9dkcgEK4FZ5nSuShWb9wVUD5Jgbo9SnqOhcy0pBhq
;rn0iByAe3GATmdauLl5jxiNXP2a2501L4Y2FzLSkSJyRZzIHIGzLcRWK1LkzWGL3Blc/Zra2IiQffWg
;8QlOwo5B9MgcgHq4FZ+utzVo3fs0ITTF1nbwiJCRudDpdYuLM/xlbc0lxwDdn6rfNWjcMqHw/UAXp1U
;05HndzO0li7cLoGEBYWkHCbAGft8xaNwyofD9QFunHTUp7Z3QwQVHeyv8bW2tMQcF3A47FzVs3DKh8P
;1AeqdVBSnsUbz5ET/X8/RxLYlJtrgRn67fNWjf8l3wvUBbppiYjCWBDOUhT5tf5Il9uTh6vBWfrt81a
;NwyobD9QFpq+JDgPS3A8Q1jewP4IXHMgH64FZ+u3zVp3DLx8P1Blgrw/PiR5dTtEUODPzhFXaUdqxgV
;m67fNWjfMyjw/WRbp1T4hEmZoCkpc8aOQBiapZ//UgVjrvM1aN3/DFU0kSZqlKC8fFB1VLT2Bo5FTcg
;c6Hq4FFIfYugVTY98SYDZ/m6Y5FR1xawpBXPjG4w4yBiAergVn67+NWioMqHxMPGW2tCQ4JHlzMUhi5
;Nv5HEd0VEHedwKYxLgoUgypfD9QFunVeQp7CBxVLU7t0M4cW3V/c8FhArTHoT9ZecUjTyJzmqY4OB4U
;HVUtPYGjkVlyBwcergUUh8SSOFh43BNSD2WcpysrGHFDNkJT9czkD21kT2zAYBW006g2VnWofT9QFun
;VTRM7FDdVLT3yz+IiUGhUasFoOJjCvzxWb80jXD94nbo4OCRxcjFyXu7O4RhcdEFqx2oJ67bNWjcMqH
;w/UBbN1U1KCHhvCk9S9df+EG10VWzIZASO6K41WXjHCU0Pc4exEi4eeH0sLTyBo5F9MgcgHq4vZ+u3v
;jZEU8oTSyR5hIo+PwlyfTZIYuLM/wldclJBwmQUjsWSNVFq9xhaPHeQ1UxKexQcVS1kwaO4fTIHU3Ld
;WgWEw7k1WlPbCU02d4qwEikUemg6WE/ez/AOV3V/ccBaA47brCM3Dah8P1AW6dVNSl0UHFVeUfL88xJ
;Gc09z8XYSmdGsOVJTyxNRJHmcpxImGmd5J3JN7tT0DzIGIB6uBWfr/o1aHwyofEw8Zba3Ij4Pe3EKXk
;jzxfAeV1hDccBxCJ7FkjZeYs0jWzllnbQjKR4UHc+0pBg6CMQNBwAergUUh8SSOFh43BNSD2WcpysrG
;HFDNkJT9czkD21rT3Hedmfqt81aNwyojABQN+nVTTkXZ0M3Qkn1zPwiQXJSeM9mArTUojRDY90OYD9w
;j6YoPnsVZ0GDemDZJcIyLiAernYLmOivNUN4xxFgI2ObsywpHkt/OkNJ7tbjIkFkQXDAbAmM6K41QmL
;cfD5QFunVTUqLKxx8LT2B0P0ObWVPatpqCrTEuChRbcsZYDN5h6EiPwlLbzZMU+/K/xptdFB7y2Fn6r
;fNWjcM5KF/UDvp1U05F2dDN0JJ9cz8IkFyUnjPZgK01KI0Q2PdDmAkeba8IywSeHAKSVTy1/ATUWIgH
;9URyaxWt/4IDI58P1BlhaYSKBRgaDpAYvLW4xtTZEVBx2sBgtuhBVRj2hJaIkmNsCErAhQdVS09gaOR
;JHIHCh6uBRSHxJI4WHjcE1IPZZynKysYcUM8Q1voz/0iV2lEQc1qCpvSoylWeMETUVAX6dVNSnsUHFU
;tHoGjkQ5edH98wXEThNqSKUJ+zh1cNUmAuysjF3hDMENZ3sf0EVN+IB+uBWfrt81aNwyBfD9QZYWmEi
;gUYGg6QGLy1uMbU2RFQcdrAYLboQVbbdsZTQ95j7MSLh54fSwtPIGjkX0yB3leri1n67e+NkRTyhNLJ
;HmEij4/CXJ9Nkhi6M33FF5rf3LPdgKZ6KI0aGjNEF4pFujVTUp7FBxVLT2ko5F9QWtTQcxqE5/YoAVE
;edoaXjNztrwjLBJ4cApBXPLG4yJCaFd73AVm67fNWjcM4Tw/dxbp1T4mCEt+OllJ7s7ODkd1Rn/NYDi
;C2aszW2D3EFY+c7axJDkPdXI2SD2AOQjkq565p5EFRuu3zSlbf/ceUCRihrgSOQ5mejROWN7K/xtba0
;xBwXMCmdusKjcNqHw/UBbp1U1KUxQcVV5R8vzzEkZzT3PxdhKZ0aw5UlPBElk5eoWKPikaenI8Q1rew
;P4IXHMgH64FZ+u3zaoIDJh8P1BlhaYSKBRgaDpAYvLW4xtTZEVBx2sBgtuhBURvyRJROXiOii4lDnpo
;Ck9E3s/4E1cHIR6uBWfrtz1lNySofD8jepqKLyUPYHM4ck700fccUWJ/d8BjDofbkilUbcYSVj5xtqY
;9Lx5wHFQtPYGjkTHvRyAHrgVnmNu+BVVj3AhQPUmaoD8sGnd5CkFc+MbjDjIGIB6uBWfrt81aKwyofE
;w8Zba3Ij4Pe3EKXkjzxfAeV1hUdtxgFIPYoT43DRBiurtHUWtySl8UHFVeUfL88xJGc09z8XYSmdGsO
;VJT3BNgPnmbuCwmJHtqMF9R4NORfDIHIB6uBWfrt+RaNwzbEEwPdIahOSUWS28gX1vgwPQiRmh/asF1
;OJjCvzxWb80jUCZzm7ksOnsVHFUtPYGjkX0yHyAernYLmOiuNVl4xwlND3WGpyMvCUt4MEFc+KOQfTI
;HIB6uXCfrq81aN3/ED2AzeYehIj8JS3k7SWLizPwNV2lTf9psCIW3zFo3DKh8P1AW6cBNSntncCZyXu
;7N5RJHdX97wGE4j9KhO04MqXw/UBbp1U1Kew8cVS1O7dDOHl1pVHHbdziH1r4/RVPHGlkPcoy5LDN7F
;RxVLT2Bo8g9Mh0gHq52C5jorjVZeMcJTQ96iKYoOCR7cgpJWO3C6H0zByAergVn67fNTTcMqA9TI0mK
;uiM+FGFuCkFc8sbjIkJoV3vcBWbrt81aNwzhPD9MFunVPiYIS386Q0nu1uMiXmJOedptOJ/fvz9EZMc
;QW1AXUcvIoSqs0motJIGjkQ5edH99wWsThMK/BVtlxhlgNH+aoSwkGHEcVLekGDoI5Is4IA+uBWeY27
;4FVGPGCFAlZLa5IiULZxxULT2Bo5F9wjggDK4FZ5jbvgVUY8YIUCVktrorLAhxaFUsRpUN1pxIs58et
;AVn68ShKWhvxxJLP2Obij4pGnpyPENa3sD+CFxzIB+uBWfrt82qCAyyfD9QZYWmEikUemg6WE/e0PIc
;XGlJcMlaFJvSqD43Dah8P1AWpQgNSmUUHFVeUfL88hJcc09r3FoThOikNFFlxBBgNH+aoSwkGHEcVFY
;pL+RwB5Y4IDKuBWeY274FVGPHEFY+cba2NCYSengwX2LtzOYYQFhIe89xApnooDtPU8cJSyBjndVMSn
;sUHFWta8GjvX0yB1Ny3VoEhNihM1lr9x9GPH+HsSg4JGFsJUhP3sv0HEZiUkHDZB+02LguR3ncfD5QF
;unVTcotVBxzLT2B0P0ObWRPccJsCYzoqyhYYtwjViJJgbAsPh5mQzhMRd7M5AlCclQerwVn67fN2mFM
;qG4/UBaauT4VGHtzOURT5vz5GFtgSGquBGfrt81aNyjofCdQFummITkkd3M6QVTvxM4RU35FbPFtAoL
;QpS43DZtPDGMl2gZySlwUHFVeUfL88hJda0lwyVoLjtG5BVFpzRhgOHOIoSg4JHl9LXJS9NfhCEYHIR
;6uBWfrN5saNymofD8jepqKLiUUeHU7SmLtxvcJbW5SQcZgBp/SvwVabdAjUCVimaA5SnoUHFUtPQH10
;X0WByAe3WkUtNSiNVtlxhtgIH+aoSIkJHx5NFlY8/z8HEpYT2vadRKft8xaNwyofL8GVunxTUp7Z3Am
;cl7uzP0UXGB/bsFyA47FkjxSacwVUTdJnbwgLyRxajBDPYCjkX0yByAergVE67fNKVt/9x9QP3qAuyo
;VC3trMUhP3sX0GFZuTnnxcQ6G0pI1U2iofT9QFunVTUp7FDlVLT3yz+IiUWhPcsdrALTFqDtFU8EOYD
;hziKEoOCR5fS1yUvTX4QhGByEergVn6zebGjcWqHw/I3qaii4lFHh1O0pi88byElNzRWzxdheO0qlaN
;gyofD9QloKVTWJ7FBwmQU7ewP4SXm5OefF3DozfuQVRac0YYDhziKEoOCR5fS1yUvTX4QhGByEergVn
;6zebGjcqqHw/I3qaii4lFHh1O0pi88r2FUZYSWzxbQKKw6goaGHJBGA/Y52lOD57FRxVLT2BI8c9Mh4
;gHq52C5joqjtHU84VUzxJiro/JB5mQzFIUeDakXwyByAergU+q7fQWjcM2xBMD3GIpRIsEnhwCkhT5f
;zyEl93RXDdZBOC2KNaNgyofD9QFunVTVx7FBwmQU7exPANbWFJcsJaAoXTkj5SYMkFP1EW6dVNSnsUH
;FUxPYGj4hFBWEd/3loBgtuhBVtt2xlND3mPsxIuHnh9LC08gaORfTIHeV6uHmfrt742RFPPHU8PcIC5
;IRUXdW8wX2Luzc4ZV2tBZ64EZ+u3zVo3DKh8J1AW6aYhOSRzfSVyW+jP/SJeZlN73FoXhMCoKDcNqHw
;/UBbpnA1KZhQcVV5R8vz2HEJYRnfCaTiH0qM9Q2T3CFcic5q9IiYfFB0uOZPGQuv5DQc7Hq4FFIfEkj
;1WfPcaVjx6tqYuKxV6dTtKYuLM5BNGByEergVn67c9ZTcXqHw/I3qaiiorC0t6PEFR3tDyHFxpSXDJW
;hSb0qg+Nw2ofD9QFqUIDUpsFBxVXlHy/PgTVG5McvFmCJnZqChoaM0QXikW6NVNSnsUHAxtPZqjkX1B
;a1NBx2sBgtuhBVJizCNcP3uZsCM5GmB1OkM9gKORfTIHIB6uBXPrt80pW3/3FVE2f4W5Ei8VcEMxSFH
;g2pF8MgcgHq4FZ+u37Vo3DNsQTA9/h7MkJhdLezRdYufK/RFtZE9swGAVtNOoNlZ1qH0/UBbp1U0TOx
;Q4VS098s/iIltpRnfCaTiM1r0FUWXEEGA1eI2KLiUWZHk7Xlz1yv4TMgYgHq4FZ+u3zVoqDKh8TDxlt
;rwjLBJ4cApKXPH89xRea397wGE4j9KhO04MqXw/UBbp1U1Kez0cVS1O7dDOFFxhSXLCWgCKx5I8XmDE
;I1cxYoq9Ei4SZ2g0Q17k/PccUXNPbK4EZ+u3zVo3/Jd8HFAW6aYhOSR9cjNEUe389hxCWEZ3wmk4h9a
;+P0VTxxpZD3KMuSwzexUcVS09gaPIPTIlIB6udguY6KQ0UWXEEGA3d5mKKyMXeEM5TE7k0c4SXFhEe8
;JkHuu2zVo3DKh8P1AW9tVNSgh4bwpEU+fK/RFtYEFu8WMOh9uSNlZ/zQ5gIHmesD9KehQcVS09gerRf
;RYHIB7daRS03qM8XmDEI1gxZrazJCYXS3AwQ1r1y84JWnVFbcZqC4+3zCEjou+dRdQp6fdNSntncCZy
;VO/F+BFeWEd/3loBgtuhBURvyRJROXiOii4lDnpoVSw9gaORfTL3Hx6MBWfrxKEpaGXGGlY8erayLDo
;kcnU5QWLywPATXG5OefF2F47SqVo2DKh8P1BaNJVNUHsUHCZBTt7K/xtba0xBwmQUjsWSNVFq9xhaPH
;eQ1UxKexQcVS1kwaOIfTIHU3LdWg6F0aQ2W1PEHUw1ZLa6IxUfcXA0VD2Ao5F9MgcgHq4Fceu3zSlbf
;/cVUTZ/hbkSJhpneSdyTe7U9A8yBiAergVn6/6NWi8MqHxMPGW2vCMsEnhwCkFU78bOGVt0VH/AZgLr
;tlfDrpUx5YZvFvDVTUoIeG8KRFPnyv0RbXRDf8BrDoXQkjlYecYIP1EW6dVNSnvkI1UMPYGj4hFBWEl
;wyGwLh+i+OVZixhVRN0mKujgkD0t+LHJR6M30fTMHIB6uBWcbiM1DNwyoD1MjSYC7KyMXeEMmTlzvzf
;gTVVhTbstgA+u2zVo3DKgw4hAW/NVNSgh4bwpHSOzTzhFXaUdqxloLgtqkLjcNqHw/UBbp8Q1KaRQcV
;V5R8vz7CF93f3PPfTiP0qE7TgypfD9QFumVGAp7BhxVLU7t0M4XR2pQQcNsCbTTqDZWdah9P1AW6dVN
;bjsUElUtPfLP4iJYck1u8XYXjtKpWjYMqHw/UFo0lU1dexQcJkFO3s/wBFd1f3zBdwOOxZI1UWrbGUt
;QF+nVTUp7FBxVLSaBo5EOXnR/cs98ApnooD9Fa80jXDx5mrASLBp3eSYtPIGjkX0yByAerh5n67e+Nk
;RTxR1LNWSAtCEVCHd9OUhi58LyCV11f2auBGfrt81aN1XofCRQFummITkkeX0hSE/owv0iQWRBcstaA
;YrUuTVFU9F8PlAW6dVNSiJUHE4tPYHQ/Q5takFqy3cOituSKVRtxBlgNneKoSI4JG4cVC09gaORfWtH
;IDyuBWeY274FWWXcDlA3c4eKICUfcUMwVVXg1uIJbXdSe912EpnSzVs3DKh8P1AiqdVsSnsUbzleYu/
;K5Q9dYEVw8WgIj9KSKltpxglSD2absD45DmZ5VSw9gaORfTIjYB63BWfrxKEpaGLHDlIxera8IywSeH
;AKQkvk0f0cQgchHq4FZ+u3zVo3Lah8PyN6moojJQl5fTlySe785RJCWFNr3GMGiNKSNUFp2hBeIBbo1
;U1KexQcVS09k6ORfUFrU0HBfR6M0qMFVGPGCFo+YunUTUp7FBxVOX2BgpF9MnRMbfF1CJzTqChoas0Z
;Wzl4joo/JQ91aDxCU97R8AlbaCAfrgVn67fNqggMnnw/UGWFphI6FGN4MF9i58b0GVtpR0HcahOKw6Q
;1WVPaHUs5ebazOCQYYHU6Q2Lg0fQcbWFBfdpqFeu2zVo3DKh8P1AWxtVNSgh4bwpdUvbH9A9tYUV7ym
;wJjOi/NUNt3BVQPkmbtDkjFEt6IENe9cr+E21lQW3LBWbrt81aNwyofD9nFunVPiYIS2w6Wlnk0c4bV
;2JEd8BiOJnYuTtDZccSYCJ3nbwiFR1hcjZZVO7Nzh5dalB7wHYGn96iNDcNqHw/UBbpJXJKXxQcVV5R
;8vzhEkVjRWzxbQKKw6Q0UFPLE1Igc4emLD4Se3IKWVTsxpF8VGFGeMhje6u34lo3DNsQTA9mm7AlLxp
;gdTtKYuLa/RRcY0Vs8WkInNK/BV9pyQhaIkmEtDUVFGFoJVhJgaKRfTIHIJ74RWfEt81aRGDbI08ic4
;GwLD4SensKTkTtyv8ZV3V/a951ApnopT9WeM0OYD13kYoiPw9kaSEtPIGjkX0yh3Zerixn67e+NkRT2
;A5aOHOIoSQkHEt6J0JT9fz4D21vRX/aYBW02qwiaGPdCE8lYunUTUp7FBzVe32BtpF9MnRMbfF1FY7f
;qDtDZcYbYDhzgLIlPnsVHFUtPYGjuT0yHCAernYLmOi9KFJkzR1LOXiOiiErAnFuCkVY6MT5CTIGEy2
;dNlTYZPJaHQyofEw8ZbalPy8TcX0hRFPm/P0YVHN/eMtgA7TfqDtDadojUjFutro4PgthaFUsPYGjkX
;2yUWAehgVn68ShKWh82hlXNXedvCMtJHh5M1li6NHOFVdmVHvcWgqKz5I1QnjYCUtQF+nVTUp7lEoVL
;RqBo5EOXnR/btxgD47WuTNZa/cMViNihrsSIh51aDBfYuzC6SJdclRu23Fn6rfNWjcMKCp/UDHp1U05
;F2dDJV9Y6cbwCVtpR0HeahCP0r8FUWnNGFY+cbahJCceS3kjSFOBopF9MgcgHq4FZ823zVpEYNsjTyJ
;zgbAsPhJ6ewpdUvbH9A9tYUV7ymwJjOi5M1pp9xNbNBbo1U1KexQcVS09qaORfUFrU0HedwKD0qwuXm
;LPI001d5uKJDgkfHk0WVjz/PwcSlhPa9p1Ep+3zFo3DKh8vwZW6chNSntncCZyTfPG+RhTc0lwyVoVj
;tSiO0Np2iNMIHOMsU1LexQcVS296uORVjIHIG3CdjibxagyUm3cFVE3SZu8KiIPS3owSFney/QcRmJS
;QcNkH7TYuC5Hedx8PlAW6dVNyi1UHHwtPYHQ/Q5td1J7xmAGn96jPWh+wRtXJEmApxIiHnVoMF9i7ML
;pIl1yVG7bcWfqt81aNwwoKn9QO+nVTTkXZ0MlX1Tv1/gTVVhDZ8JsCY/SvwVbY98ZTQ9+jLQ5LwlLcT
;RVYu7W5Q1HcyAfrgVn67dNDHcMhXw/UGWFphI6CX1yIURT5vzyBF5uTnrLdziex70/RVPAGV4kc5uKI
;CsDS3MgWU3015F8MgcgHq6FMau36lo3DNsQTA9mm7wjPhJ6ewpLT+7N5SJbdX92y2QTjsWSN1Z09xNK
;JGacoU1LexQcVS291+ORVTIHIG3CdjibxaQ0Q2XGG2A8c4+hEiwecXgKRVjg1/QPbWpBZvFqEp/HuC4
;3Dah8P1AWaYMNSl0UHFVeUfL84Q9baVR3wGI4h9KrLmhl2iNXNXedsD8VFnVkCkJI9dPkCTIGIB6uBW
;dr4Y1aEgyofEw8ZbalPyMVYHU7SmLxyuIJXWl/dstkE47FkjdWdPcTSiRmnKFNS3sUHFUtvdfjkVgyB
;yBtwnY4m8WkNENlxhtgIHmesSg4JHJ5MElU78TOCVtqRUHLcwKFt8xaNwyofD9QFunxTUp7Z3Amck3z
;yv8JW2lHQd5qEI/SvwVRac0YVj5xtqEkJx5LczFJPYCjkX0yByAergVB67fNKVt/9wxNOXidvCMtJGZ
;5NF9i6NHOFVdmVHvcWgqKz5I1QnjYCUtQF+nVTUp7lEoVLSaBo5EOXnR/btxsCZ/eoz1ofs0fUDFijK
;cSOQtxeTEtPIGjkX0yh0terixn67e+NkRT2A5WPmKAuyoVCX17PVli58b0GW1vRX/aYBW02qwiaGPdC
;E8lYunUTUp7FBzVe32BhJF9MnRMbfF1FYLZuTNZa/cOVjd+nYokOCR8eTRZWPP8/BxKWE9r2nUSn7fM
;WjcMqHy/Blbpwk1Ke2dwJnJP7srOD1dgSXHAWgSO2bk/RVPQfD7wDMYIaexF1BxCLT2B0P0ObXVPd/F
;3AozeojRob80SSzVktqxNS/JVfLD9379jkWgyByBtwnY4mdikBUVpzxVQPkmbtCkjDmccVC09gaORfQ
;xHIAOuBWeY274FRWPBI001cYC6IxUPfG4wXlXuz/UiU3VFf64EZ+u3zVo3KOh8KVAW6aYhOSRneTJAW
;O/XzhFXaUdqxloKgtnNW81ywsBLw57W1WpKexRvOV5i8sv4GF5jf3zBcROE2pI5WGLcE0oiSYW8Iy8k
;cHUmWVzvwPR9M525hzec/lKIzUU3DKgPUyNJmr0kLxdwQzdCSfXM/CJRaE5qwXAVtNuiNUd/qH0/UBb
;p1U1eOxQwVS098s/iIkFvSXvCYTiJ2LkuWGH3H1A+YoagPxUPe0M8Q1voz/0iVm5Tas9rBI63zCEjou
;+dRfQp6c5NSntncCZyTunK9BFWWEJx2nEIhuioIkdtxg9WP3jp1E1KexQcVTl9gYWRfTJ0TG3xdg+C0
;qE+aG7HCEs/e7a8IywSeHAKQVTvxs4ZW3RUf8BmAuu2V8OulTHlhm8W8dVNSgh4bwpeVejG/RltZU9q
;2moKtNusI1J+23w+UBbp1U1KX1Qcdy09gdD9Dm10SHfLaQO01aIuQ2PFI08ieYOwLj4ecEM5TETk0eJ
;9MwcgHq4FZ7L3zXo3DKgPUyNJmr0kLxdwQzZCU/XM5A9ta0lwy1oDgsS5O1lvzXw+yo9wTNTTwiscTS
;09gdD9Dm10SHfLaQO01KI0Q2PdDmA8eYalPkp6FBxVLT2Bt9F9JQcgHt1pFLTEpTNSYMwjXD9kh7A/F
;R9xcDRUPYCjkX0yByBH7gV867fNKVt/9w9XOXOFsRIvFXBDNkJQ8cb/DlNzSXHABWbrt81aNwyofD9E
;FunVPiYIS289RFjtx84YXGN/estpBpK3zFo3DKh8P1AW6cFNSntncCZyTunK9BFWWEVm3mQJmN6iNDc
;NqHw/UBbpJXJKZBQcVV5R8vziFVtiTHrxYw6Hw6goaGLJDk0/YbanKC0Se3JVLD2Bo5F9Mg9gHrEFZ+
;vEoSlof8AVWjxytrwjLBJ4cApBVO/GzhlbdFR/wGYC67b+aQQ/m0/sbxbz1U1KCHhvCl5V6Mb9GW1rQ
;W3LdziE0asFU2nEHUZQF+nVTUp7FEUVLSSBo5EOXnR/bcZsAofTkjZWf80OYD94trEoJhptHFQtPYGj
;kX0yByAIrgVnmNu+BURkwRlTNEmFtD4vCUtsOlpY86OQfTIHIB6uESfrps1aN3/ED2AjfoCwIS4ke3o
;zXlj1o5B9MgcgHq4FZ+uuzVo3f8QPYCN+gLAhLiRnfzRDU+jN9iJBd0V7ygVm67fNWjdAdTw/cxbp1T
;4mCEtvIF9b4MD0IkFuRHvxcQKTw7goUlPaGUw/epyhJCUVFB3PtKQYOgjEDQcCHq4FFIfEkilCfs4dX
;DVJmrwpLyRgeS1ZSPPGzgVLWE94yHYCn7fMWjcMqHw/sCnp501Ke2dwJnJJ6cbjEFNrf3vAZguExLgo
;UlPKHUw1SY28Pj4aen8wcknu/PcUQHRUQcJkHo7FzVs3DKh8P1Dm1tVqSnsUbzleYvXL+BNtcEFywlo
;DhMKvNlJTxBVRNWW2tiI4FXFuCklY7cLofTMHIB6uBWey981xNwyoD1MjSZ29JCQkY305QWLlzOQfXm
;J/csdrApjoqDRTU8sTUiBzh6YsPhJ7clUsPYGjkX0yByAeigVn68ShKWh4wBVRD2GIuSEVH3tpN0FY3
;s/4E1d0f3vAYTiP0qE7TgypfD9QFunVTUp7PhxVLU7t0M4JWm5OQdlkC4foqTVCbsQZYDx/h7A+FRd1
;bzBfYu7F9yJWYkx/1wVm67fNWjcM8Tw/eRbp1T4mCEtoPURT3tTwEV5YRHHbZwuO6KEzWWnbI1MxZYy
;nEiUVS3gwQVz4o5B9MgcgHq4FZ+uRzVo3f8QPYCR+gLsSPRp4cApJUvTB/Rhta0lwy3Y4h9a+P0VT2B
;NINWTp1E1KexQcVWR9gYqRfTJ0TG3xcQ+C2ZItVmDEI1s/Y4u5KBUXfXIwXmLywPATXG5OefFmCJ7Zu
;Vo2DKh8P1AWGepNY3sUHCZBTt7X+RRcWFd/wmk4j9i4OFtp9xBWPnOaij4pGnpyPENa3tDhGFdjIB+u
;BWfrt4GHdwyOfD9QZYWmEj4TfXIKWlztz84OW2lHcstaC4LZqAVUY9oSWiJJjbAhKwIUHVUtPYGjkSR
;yBwoergUUh8SSLl9lxiNIMXqFij4jFXNwMHJR6M30IldpREHNagqb0qMpVnjBE1FQF+nVTUp7FBxVLR
;6Bo5EOXnR/asZsCbTArDZbU9sVUTd6jIohIxVxQzBDWd7H9BFTfiAfrgVn67fNWjcMgXw/UGWFphI+E
;31yClpc7c/ODltpR3LLWguC2agFW23bGU0PeY+zEi4eeH0sLTyBo5F9Mgd5Xq4tZ+u3vjZEU9wUVj5J
;nrQhJiRndTtKUeT8/RRcYn9yz3YCmeiiNGhozRBeKRbo1U1KexQcVS09pKORfUFrU0HabQ6F6Lo7W2D
;3D1Y+cYWwEiYSenkKQVzyxuMiQmhXe9wFZuu3zVo3DOE8P3gW6dU+JghLaD1EU97U8BFeWFN3wGILju
;ihM1lp9w9cMXiHvCMtJHdzIENJgaKRfTIHIB5eOmfDt81aRGDbI0s4f4eKOisXeEMmRFPmz/QiXm5Oe
;/F2BIrZozNZa/cPTzVzjdVMSnsUHFVh4MGjtX0yB1Ny3VoThMeSKUJ+zh1cNUmKuiM+FGFuCk5S8830
;D21jRXLPfGfqt81aNwyoJX9QPunVTTkXZ0MhQk3e0OQPVGZDe/FmCIXDoi9FU80SWw91hrg9LxVnfSF
;EUu+jkH0yByAergVn65bNWjd/xA9gJHmZij4/CXJ9Nkhi4sz/CV1yUkHLawO006g2VnWofT9QFunVTU
;p7FDtVLT3yz+IiRmhQQd1wFY3Wrj9ob8cSSz9jm4ohKwhxbgpCW+f89RheZlkerwVn67fNWm5MqFo/U
;BaauT4VD3tsCl5I88XwHldYQ3HAcQiexZI2Vn/NDmA/eLaxKCYabRxULT2Bo5F9MgcgPa4FZ5jbvgVD
;Y9gjTCVkj7QuLyR3cztZUvTRzhFTdEVs8XUInNK/WjYMqHw/UBaglU1vexQcJkFO3tf+DW10VWzIZAS
;O6K41WXjHCU0PeoC7KBUffW8hTFPixpF8qJ65hzec3tS30Fo3DNsQTA9ihqUSOQ5mejROWN7A/hNGaF
;Vs8WkIhMe+WjYMqHw/UBYZ6k1UexQcJkFO3tf+DW10VWzIZASO6K41WXjHCU0PeY+zPi8PFB0uOZPGQ
;uvJjQcGHq4FFIfEki5YfPcPSiJwiLYoFRh7ciFCSPP84h5TaU53wGI4iNi4NEMMqXw/UBbp1b11ezIc
;VS1O7dDOCV13f23bdwGK1KgFVGPGCFAlZLamLisVenU7SmLy0/QYVgchHq4FZ+v7EBo3Jqh8PyN6moo
;5JQtLbyBfW+DA9CJRaE5qwXAVtMOiBV5izhVTPEmNvD4+Gnp/MC08+rc/OtN9hCGuJmfrt742RFPcE0
;8PZZynKysYcUM8Q1voz/0iUWhScMt3OI/SoTtODKl8P1AW6dUUCnszHFUtTu3Qzgldd39t23cBitSoB
;V5izhVTPEmMuykVGHtxJUhT8sLlFF1pIB+uBWfrt81aNwyIfD9QZYWmEj4UZEMmWE/nwvIYbW5OeMdp
;C7TSoz5oaM0QXikW6NVNSnsUHFUtPaejkX1Ba1NB2moXtMS4KFFtyxlgOXiPvCEmJHh9JkhP3sz3G21
;jRXLPfGfqt81aNwyoJX9QM+nVTTkXZ0MhQk3e0OQPVGZDe/FsCY3eoTZoYMkPWiJJhrsSLh54fSwtPI
;GjkX0yByAeridn67e+NkRT3BNPD2WcpysrGHFDPENb6M/9Il5mU3vcWheEwKgoNw2ofD9QFumcDUpfF
;BxVXlHy/OUSQlhTa9xjBojSkjNZasEQUw96gLsoFR99byFMU+LGkXyonrmHN5ze1LfoWjcM2xBMD2KG
;pRI5DmZ6NE5Y3sr/G1trTEHdZgaF2aQ0UFPLE0o+YunUTUp7FBxV3QKBjpF9MnRMbfFxCJvovi9Fask
;fWg9/h7MkJhdLbzZMU+/K/xptZE9rwHE4ic6SNl5izXw+UBbp1U1KiysccC09gdD9Dm1zT27xdhKZ0a
;w5UlPBElk5eoWKPikaenI8Q1re0OEYV2MgH64FZ+u3gYd3DL58P1BlhaYSPhRkQyZYT+fC8hhta0Fny
;3cU67bNWjcMqHw/UBbw1U1KCHhvCllS8fziCEBhQX3LWhODxagpX2PEGD9RrvdQphvDqiNVPz2Bo+IR
;QVhYZ/F2Bo3SkihWaMEJTFAX6dVNSnsU/GotKoGjkQ5fZkxy8WMCisO4KFJ/9xhWMXuMoSg4exUcVS0
;9gaO1PTIbIB6udgqK26EFUWnJCEoic5qKJSUXcUMxRFzsxuUYQAchHq4FZ+u30Ro3F6h8PyN7iLkhFR
;1xfSFYT+TQzhRcYUlywloVisOkNTcNqHw/UBbpjA1KYRQcVV5Q4M/9IlRiQWrbdwKY6L4qUmnMI00xY
;oC6TUt7FBxVLT3I45FfMgcgbcFpDo/orzVDeMcRYDVunac4ORJ7cgpaVOXX+SJAZlR3wQVm67fNWjcM
;8Tw/Shbp1T4lF314Ck9S9df+EG1hSXLPaAKFw5I8W2PffD5QFunVTYosVBxHLT2B0P4RW2N/fMFxE4T
;akjZWdc0OP1EW6dVNSnsAXFU/PYGj4hJebkRBzGoTn9igBUR8zRlbUBfp1U1KexRSFS0ngaORDl1rSX
;rxYw6H25I0Vn7aE0gPcIW6OjgaYHlVLD2Bo5F98lBgHrgFZ+vEojZeaPcVUTZ/hbkSLwNkfTteVO7Nk
;XwyByAergVn67fvWjcM2xNTOXK2vCMsEnhwCkhF8cL/DltoTkHcYAqEwagFX2PEGT9RFunVTUp7FBxV
;Pj2Bo+ISXm5EQcdrAYLboQVEZM0QUyMW6NVNSnsUHFUtPZejkX1BaEx3yloOhdGkNltT3xVbJH62uCQ
;kexUcVS09gaORfTIYIB6udgiH3qkFQ2PYI1ooYpugPiMUekMiRFn1y84PU3NJca4EZ+u3zVo3Veh8KF
;AW6aYiJhJwQyFCTd7F+BFTakVw2loBh9i6WjYMqHw/UNa+lU1FexQcJkJR6MfOCV13f3LPfAKZt8xaN
;wyofD9EVunaTUp7Z3M5RFne1/4NbXRQe8thZ+q3zVo3DKgyf1A36dVNOQ5kbDpfSd7C9RxCc0loy1oO
;hdGkNltT2h1LOXm2uCwyexUcVS09gaPVPTImIB6udhKbx6IoQ1PJGF4gYoCjKBUSeno8QVHe0fAJW2h
;/c8drZ+q3zVo3DKhYf1A26dVNOQ5kbDpfSd7C9RxCc0loy1oOhdmoKGhp0AxePmWAuiNKeo6FzLSkGH
;qufSUHIB7dcBeb2L8uaG3MHU8kf5+wEiYabXknXj2Ao5F9MgcgCu4FfOu3zSlCfNgTTSRJiLEsOg99a
;jByT+TH5B5Gbk9w3QVm67fNWjcMqDw/Shbp1T4/C2RzJ1li4MfwDUZuVnvxcg6Pw6UFWmXGfD5QFunV
;TUpzVBxGLT2B0OQNQmhSavFnBpjSkjZWdc0OTFAX6dVNSnsUHFUtJIGjkQ5Hd1Bx3HE4ida+P2hgyQV
;aImW2pj0vHnAcVC09gaORfXtHIAuuBWeYwr0qWH7cI10if42yKBUXdWUwX06BopF9MgcgHq4FZ/m3zV
;pEedgMUCJitrc/IxZLazxJSemjkH0yByAergUn66nNWjd/3QxPP2Sdii4lFXp5NllU7s3OBUtYRHfdc
;QaF1KhaNpYx5abJj1DqTVd7FBwmWE3xzOMJbWJYatxwFILYowVAZcwIVw9kiKEkJXsVHFUtPYGjyD0y
;EiAernYSm8eiKENTzhVTMXuMuzkVHXhzIi08gaORfTIHeV6uHGfrt74vR3zHDksPf4ezJCYXS3AwQ1r
;1y84QW2kgH64FZ+u3zVo3DL98P1BlnKU9JQlgQzxDW+jP/SJdclRyx2sCmLfMWjcMqHw/UBbpxE1Ke2
;dpJV1S89fOG1trTEHcZBOOt8xaNwyofD9uVunYTUp7Z2klXVLz184cXGBMe64EZ+u3zVq3Suh8LFAW6
;aY4Ogt7biFyTejP/RxAWFN31GBn6rfNWjcMqGx/UD3p1U05DmRsOl9J3tD8HF5rf3jCagaf0qkFUWnJ
;CEoic5qKNTMkcWQlTFPyyv4TMgYgHq4FZ+tH8lo6DKh8TCVmmbo/PiRnbDBIWYGikX0yByAe50Vn9rf
;NWkR52AxQImK2oT8vHkt+J0xT4svOHFxgTHvxaAaTt8xaNwyofL8WVunOTUp7Z2klXVLz184JQGJFQc
;x3BoXUpQVTacYPViRv6dRNSnsUHFUTfYG/kX0ydFVu3moVn+i5KFJp9x5NMXiKvRIuEnVxMFlY86OQf
;TIHIB6uBSfrm81aN3/dDE8/ZJ2KOTgecUM3X1zvwPkiVm5Bc8txApnoqTVCbsQZYD9jnbkkJB5nHFQt
;PYGjkX06RyA+rgVnmMK9Klh+3CNLInOMii84Gnp/PXJZ6ML8GEZiUkHDZB/rts1aNwyofBEQFv3VTUo
;IYWwlQk/1/OkEbWJYbs9rFILYo1o2DKh8P1AW6dVNWXsUHCZYTfHM4wltf1lBymwUn9ajOVIMqRpZNn
;CPs6t1ewgcVS1O9NPhEkBzf2TxagGNxKguaGjHC1EPeoisKDgIFB1VLT2Bo5GNDQc6Hq4FFJ7HvTVFe
;PcGYD9wj6YoPiRhbApBXPjG4w4yBiAergVn60fyWigMqHxMJWSPtC4vJGd1MUhi9cbpCUd1RUHcYBSE
;27guXmPGfD7Kj3BM1NOyKxxLLT2B0OQPVGZDe/F2Do/Ski5SdNwJTTVJkawSJR1ybzBZPYCjkX0yByD
;ukQV567fNKUJ+zh1cNUmauiEjH0t+OllJ7s7OGEp3QXDdbAiFt8xaNwyofD9QFun/TUp7Z2knS1zixs
;4OXWtJevFnCJ/DojdoadAITSVlgLojFQx9eCFFYvPC5RRdByEergVn67eUGjcRqHw/I2ObsywpHktvO
;kFU5fzzEkZzT3PxYwuEwL87Q2mofT9QFunVTRQ7FAdVLT3y1uMbU2RFQd1qC4LTkjhYeNwTUg96iKwo
;OAgUHVUtPYGjkX0yBzoergUUnsWrO1Rp9w9QPH+Nii8lD2BzOHJO8cb0GTIGIB6uBWfr+Y1aLAyofEw
;lZI+0Li8kZ3M5RFne1/4NbWJYbs9rFILYo1o2DKh8P1AW6dVNbXsUHCZYT+fC8hhtdE9yx2E4n9i9BV
;J03A5KI3+GuxI9EnBoPXJP4Nf4EjIGIB6uBWfr7o1aLQyofEwlZI+0Li8kZ3M5RFne1/4NbWFMcdl3B
;p/SzVs3DKh8P1BIqdVVSnsUbyBfW+DA9CJBaEx3yloThMeSNlZ1zQ5MUBfp1U1KexQcVS0cgaORDkd1
;Rn/NYDiY2KEzU1PcE08PeIinPyUMS3o5QkrzwuUYMgYgHq4FZ+vpjVogDKh8TCVkj7QuLyRnczlEWd7
;X/g1tdFB7y2Fn6rfNWjcMqEJ/UAzp1U0+HnlsMF9c9dbjGG1lT2raagq0xLgoUW3LGT9RFunVTUp7fV
;xVBD2Bo+UYX3dFbM9xEpnSkjhYeNwTUg9lnKcrKxhxQzRfWOD85RVAYlN2wWkD67bNWjcMqHxWEBbd1
;U1KD3FxJUhP4NfkD1dYRHvNdwKKxKg+aH7JGksPZZynKysYcUM4Qlnkz84bW3VTavFpBpLSv1o2DKh8
;P1AW6dVNW3sUHCVfVO/XzglXalB73GQTnsWoWjYMqHw/UNaOlU1YexQcJV9U79fOCVdqUHvcZBOexah
;oNw2ofD9QFkm8DUppFBxVXU/ozeUiRmJNbst3Bp/Cvz8EDKl8P1AW6dVNSnsGHFUtTfPK/wltc0Vz3m
;AVisO4KFI4qH0/UBbp1U1KexQJVS098dH4E0ZYQnvKWhOO2r0/RW3cCU01FujVTUp7FBwcbT2Oo5F9R
;m9JcPFyBofbkilHac0YP1EW6dVNSntdXFUjPYGj4g1HdVNBw2QfnN6pLl8MqXw/UBbp1a11ew0cVS1J
;6cr/IkVmTHLxcg6Pw6UFRW3cFVAPe4itTUt7FBxVLT3o45FkMgcgasZsCbTArDZbU98VWyR+tqcsPhJ
;7QzhEU4GikX0yByAel0Vn57fNWkN+yQpaPEmapSgvHxQdVS09gaPRLXIHPh6uBROZ1rs/W1PSI1gzeY
;2wEi4SZ2g0Q17k/PcUXG5Tdq4EZ+u3zVo3GOh8MVAW6a8SPgl1ajBBYvLT9BhWByEergVn67fZGjcdq
;Hw/JnObpiQlFUtwNF5J3sb1FEYHIR6uBWfrggwaNyqofD8meYWgIC8PZnU2ck7xxvQZbXRNccFxD7TE
;qD1aacYIYDxzh7I5InsVHFUtPYGjmT0yJiAernMIh8KgP0N+wR9gI2aMsCkVCHlzOllV3tf5D1d0SHH
;CYWfqt81aNwyojABQOenVTTwUeGk4SEnzyvIiQXdFe8paFIbYoi5fU9wOXiZzhYohLxVzaD1ySenR9A
;5aaEx6rgRn67fNWjcY6HwqUBbpoiQ6Hkt1O0tU7c/OGVt0VH/AZgLat8xaNwyofD9QFunATUp7Y3UlS
;GLozfcUXmt/esd2E4rZrj8FDKl8P1AW6dVNSnsOHFUtSujT9CJdclR73FoOhcSoLmhowQ9LMXiKsHxK
;ehQcVS09gaORfSgHIB7ZbBeO6KIvQ2naI1Y+ZYyhEi4SZ2g0Q17kkZF8MgcgHq4FZ+u32lo3DN8VTzV
;JhqA5LwlLdTteWPX84g1XYkQvrgRn67fNWjdF6HwoUBbpoiQ6HktzIFlY8/z4E0FiVEHddQKO0/9aNg
;yofD9QFqCVTWl7FBwiRE3k/OMYRnVBfdpsCIXorz9RY9oZYCd/mbASLBp3aDpfDIGikX0yByAergVny
;LfNWkBl2BlgInOdpywpD31zO3Jf5MX+D1dYV3feYDiN1q4uWH6afD5QFunVTUp7FBxOLT2B1PgNV1hT
;ccJsA7TeozxeYMQjWzllnbQjKR4lHFQtPYGjkX0yByAFrgVnnN69P2h/xxBWNEmAuysjF3hDMURO9cL
;/Hlc1IB+uBWfrt81aNwy+fD9QYYClKBUIYWwlQk/1/PUUQXNBcM1gVuu2zVo3DKh8P1AW/9VNSgx9bD
;ByTvTT4RJAc396x3YTitmuPwUMqXw/UBbp1U1KewwcVS1K6NP0IkZvSXDxcgaH25I+Xn/cHVEzc9jVT
;Ep7FBxVLT2Bo4l9MgdXd95gOJ/fpDRoe8kQUw9ygKY5KxV3eWctPIGjkX0yByAerhBn67e6M0dp9whQ
;J3Obii84EnlDIkRZ9cuRfDIHIB6uBWert9haNwzfFU81SZ26Oi8JS3o8VVjl/OESQX8gH64FZ+u3zWN
;3DL18P1BhgKUoFQ97azBfYufK6RhWWFBx3Xxn6rfNWjcMCCJ/UALp1U09EmR5CllS9sbjIlRrT2ncZB
;OOhs1bNwyofD9QT6nVWUp7FGs8XVje1/4KV3V/eMJqEJnWuT8FDKl8P1AW6dUUCnsCHFUtSujT9CJGa
;Fd73FoOhdGkNltT2h1LNRbo1U1KexQcDG09n6ORfUVuUHvxcQic0r8FW2PHDEwPc4i2JRUebGgnWFnk
;0ZF8MgcgHq4Fb6u35lo3DN8VTzVJnbo6LwlLczZZXObM/xxeWFB3wmkGmeivNUN4xxFgNH+IuCg+HmY
;cVC09gaORfXtHIDauBWec3r0/aHjHC1oiSYa2OSsce3I0QWLxyv0RU3V/asF1OI/erDdSeM0OP1EW6d
;VNSnstXFU/PYGj5hRCYn9qwXICmeiiPFF/zQhHUBfp1U1KexQclS0vgaORClt3RUHaahCOxZI1UWrbG
;UspFujVTUp7FBxVbT2Ro5F9RW5Qe/FxCJzSvwVEfM0ZW1AX6dVNSnsUIhUtKIGjkQpbd0VB2moQjsWS
;LFhg3RFaD3uAu01LexQcVS09oeORbTIHIGnHdQK0w6ItUn73C1Y0YoHVTEp7FBxVLRXBo4B9MgdPcdR
;gOJjfpD9baPcdUTd6jNVMSnsUHFUtA8Gjgn0yB1d33mA4nNahNmhqxBNIInedsHxKehQcVS09gfrRfS
;EHIB7ZbBeO6Lo7W2D3GlM/YZu0OS9JFB1VLT2Bo5Ekcgc2Hq4FCITNqAVEZMEZUzRJhbwjLyR3cyBDS
;YGikX0yByAeXjpn+bfNWlhj0hlgI36AsCEuJHt6M15Y9aOQfTIHIB6uBSfruM1aN3vBDFoPYYi5IRUI
;ZHkwST2Ao5F9MgcgV+4FdOu3zTtUb80QWiJ3nbwiJCRxcjRPUeSjk30yGCAermQEiNKhP0Vt3BVQPkm
;PvD85D0twNFRY8/z0E1NlTHuuB2frq81aN23eE1Y0SYC7Pi8JYEMyTlLlxs4JbWRPc8NkCY+3z1o3Hq
;h8PyJznacsKQ99cztyXu7O8xRcYCAcrwVX67fNO0FjwRhgJGSIoygmJHxzOUhO3tPwCVpYTX/WWguO2
;aouX1POHVwkeZuKKCQadnAwLT+Bo4F9MgdCe8JxOJnWqy5oacYdXTxz6ddNSmsUHFVPWO3XzgpTa0xB
;y2sGiduoWjUMqHM/UBaLpyQuHH1yMnJY78LzEVcHIh+uHGfrt68oXmjPFVE3SY+0IxUIZHkwSWLkzfA
;fXmIgHK4FfOu3zThFZcwbVj5xtrMkMh5wQzRDWu3GzhhcZkJyywVl67fbWjcMyg5WNHGAuyoVCHx5OU
;FO3sb/HFBrRR6sBWfxt81aVX7BEWA1bp2wPyQaeEMmRVjtz+IiVG5SbdoFZeu331o3DMoOVj1JgLs+I
;x9xQzBDXOPP9H0wByA9rgVniNisKUNlxhtgNXiItyEvJH1yM0RR7fziFFxgTHvxaQ6F0vxaNQyoXz9Q
;Foq6LDkPfXIycljvwvMRV1hJcMhsC4fovjNZa8QZYDx/h7B/SnkUHEEtPYHA/hJebk558WMGheikNFR
;+zR1MNRbr1E1RexQcNkJS7cr/Gm13UnfAcRSb0qg+aH/EE0g0eZ67TUh6FDFVLT3izP4RW2lHQd53Do
;XDvipSacwjTDx5nrEiPRVLfSNCVOX8/ghGYlJB3W0Ch9vNWDcMiXw/UHWGuiEjFXNDIkxU9fzjGFNkS
;EHDbAm026wjUn73CFY9c+nXTUpfFBxVSVjv0PQiQXJQbsF3E7TWoS5SfsYdSzVJiLsqJh5LeTtMX+3G
;kX8yBz0ergUDjtm+P2h/3QxPP2SdiismFGNuNFlY3sb/HFBrRR6sBWfYt81aU2nGD1oPZZylPSUJYEM
;8Q1voz/0iR3RFQcJsCY7EkjNZU8AVWDhJjbAjORJgZQpKT+jHkX8zBwIergUDjtm+P2h/3QxPP2Sdii
;ErAnFuJnJf7tflEl9YRXDPZwuOt89aNyuofD80epmKLiIaeX4wX2Lx0fgTRm5OefFxAobHqChWeN0OW
;g9zh7QvJh4UHlUtFoGjkRled399xmQKidK/BUNpxQxaInedoD8vJH1yJkhP9fz2Hl1jRUHLawaJ26ha
;NQyoXD9QFo25PRUcd3MxSGLnyv0YXGZNe/FjCJnarC5oacYdXTxz6ddNSmwUHFVJUfH8/BhAYEVBwXU
;Chei+P1BhzRJLIxbr1E1dexQcMUFN3s70D1Vif3HYYBWH1r0FR23aCExQFOjVUUp7FHg5XWLzxvYUXW
;lBcvFgH5vYvi9FafcZUTF0hbBNSHoUBFUtPeXP4SJAYk1x2GA4icKvOFtp9xlRMXSFsE1IexQ1VS095
;c/hIkFyUnjPZgK0xKQ+UlPcGUckY5uwEikUeHMnclPu0fwcXm5ae8oFZeu34Vo3DMwQTw9lnKcrKxhx
;QyZEWeT85RhKc1Vsy1oDgsSsOFtp9xNRD3mfsD8iGnp7VS88gbyRfTJjTG7xdhKZ0aw5UlPbFVs1SZ2
;wNT4OZnkKSFPgwf0YMgUhHo0FZ+vToSpof90OWTF1jIo+Ix9xQyFIRfXW4xhta0l5xnECmei4KjcOqX
;waUBbpsSE6JGdpJ0tc4sbODltjRUHaYB+fwr8/aGPdCEw5coyKIiQXbRxXLT2fo5F9VmtQQdpgCpvSv
;ztDedoZYDN+iLgvLwlLeTtMX+3GkX8zBzUergUCk8OoKFltxCNMOHOFuT4VHX1uJlk9g6KRZDIHIG3L
;cROC2aoFUnTcDko0c5uKfxUeen03QViBoZF9FwcgHst9E5nCqT9FU9sLViR1gYouJRR4dTtKYuPG9xJ
;AYn9t2WwTiN/NWDcMjnw/UHORoT8/H3FuCl5K6NfyFW1kT3HCbAmM6KU/VnjdDGAxcp+0IykeFB5VLR
;2Bo5EYSnNSa8pgFbTEujNDb8AjXD95hbwjLSR9cjROSejV9H0wByA2rgVnjs+5KEJozQ5gI2GAoS4iJ
;HdzOkFU78TODVN1S0HDahGO6Kg0Vm7EGT9SF+nxTUp7cWQhX0jlxuMiQXBJas1tOJjDoipoe8EMWg9h
;iLkhFQ97azBfPYOjkUoyByB71nEVntOoKGh/3xVLM362pjklC0trPF1Y3tTwEV5YVHHZYBW01KI1W1P
;ME0g+SYytOTgOcHknLT+Ao559MgdGf8BaBYfevQVSYskeUzUW69VNWHsUHDNMU97A/hJebk558WAJit
;WhPzcOqXwZUBbpsywkJHdzOkFU78TOClNuVEHIahW02qIsUmHNEksPcIC7JDkTcXhVLz2BqJF9MmFBc
;PFgCYrVoT9TDKp9P0MW6dUrKxV7ejNyWuLM9RhtYk5/zGkC67XMWhsMqHxZOWSaoRImGm15J3JZ6M70
;E0FuT3DxfR601KI3R2nGD14kf4a7Ei8VdX45SD2Do5FkMgcgeMd3FJ/ooTtOadojTDhzhbk+FR56fTd
;BWIGhkX0HByAeyGwVmMOSNlZ1zQ5gI3mFvCkVEnp6PEFR3sbpCUByU3fBazic3qkuX1PaHUs5ebawIy
;sZeHlVLz2Bi5F9MmFJbN1xOIfWtD9FU9sTUzlytrwjLBJ4cApLUe7U4xxGYn97wGQFh9LNWDcMjXw/U
;HCApz4+JHh9LEhP3tD+EVtjf3fAYw6H25IpR2nNGGA1eIi3IS97FhxVNj2Bo/cRXXBSf9pgOJnSvj9D
;U88fUDRztrAjKxl4eVUvPIGCkX0yYEFu8WMOh9uSNVlg0SNLP2a2tyI+D3txCl5I88XwHld0IByuBWj
;rt809Vnz3GlY8eramJS8XeG9VLzyBupF9MmBBbvFjDofbkileYs8QWg9zkaE/Pwh9czstP4CjvH0yB0
;d/3loBgtuhBURlxhtTNUmMrTk4Dmd1OkNi4sz8DVdpU3/abAiF6Kg0Vm7EGT9SFun0TUp7c386SVjex
;v8ZbXNVbMBqAY3oozVNdscQWg9+jLQ5IxVzHFcsPZ2jkX1VZE96y1oBgtuoNFZhzSNZP2SEtDkVHnp9
;N0FYgaGRfSoHIB7GYAaf3qM9aHjBEVoPdYi5LhUeen03QViBoZF9KAcgHsdrFI7FuQVfackISiBJjrY
;iLh5LeTtMX+3GkX8zBzUergUPjta5L0dTzx9QNHO2oywmEnB9IUg9g6KRZjIHIHfAYw6H25JrBzz3CU
;w1SZq6ISMfS3U7S1Ttz5F/Mgc2Hq4FDoXRpDZbU8kYXiBigKMoFR56fTdBWIGhkX0WByAex2sBgtuhB
;VRjxh9aPmKbvC4VCHtwPEli9ND0IlVmUEHIbAuHt89aNxSofD85eI+8ISYkd3M7Q1ji184YXGNQccdr
;E5i3z1o3AKh8Pzl4j7whJiRydSdeSYGhkH0oByAex2sBgtuhBURkzRBTI0mcpigVHHVsCktU7c+RfzI
;HBR6uBQ6F0aQ2W1PdD1oPeoC7KDkkfXIKRVTmy84ZV2lTd9p8OIzFpD43Dql8LFAW6bwjPh5mcDpOVu
;jN9iJXaUF8wmBn6bfNVDcMqBVNP3iAuyoVHnp9N0FYgaGRfSMHIB7HdwiF3qM9aGHHElAkeYe8Lkp5F
;BxHLT2ByfQPWVhEe8JxBrTHvzNZeM0OP1IW6d5NSnt+eSdGYuTN8B9eYiAcrgVw67fNMFJ+wyNZOWSa
;oRImGm15J3JY78LzEVcHIh6uH2frt6szT1PAE00if4u5KBUOZ3kKQk3kzc4fW3NTHqwFZ/e3zVpbbdE
;ZTQ9+jLwqIg9LfTFMTfXK5xhtYk5/zGkC67XNWiwMqHxTMW+MpxI5E3FwOV5i7tH1GEBYT27abAqCza
;haNQyoUz9QFoW0NC8JS28hTE/1/OESW2lUQd1mBpnRkjBYZcYIYDF6hbo6FRJ6cjBfYvLL9BFeByIfr
;jRn67ehO05p2iNMJHeboRI6FH1yIXJO4sLjG21tT3fAcTiKxaIvWWj3GVEkf5uwEjkTcXA5LT+Bo7h9
;MgdMf9dgFbTEuTtFePcMUDl4nYo+KRpmegpHUujN5SJRaE56x3EOhNmsNjcOqXwdUBbpuSwzHmZDJll
;c89fODV1uTmrxdgKK2pI/U2vNI1w1eJ2wP0p5FBx3LT2Bz/AEV3V/bdpkFZ/ovTVeYtwjTDV3hIogJQ
;1xQzxDSuDR9X0wByA9rgVnh9a0P0VT2wheImK2pSIjFWBDJkhc7Pz/Em1oVnvcbQaF0L5aNQ2oVT9QF
;oW0NC8JS28hTE/1/OESW2lUQd1gBoboozVZU9gTUylxhrsSPB5maDBVPYOjkVUyByByz3wCmei+LlZ+
;3CNPP3+HoRI5HnVxCl9Y7cLlFERif27Bdg6f3qI0Nw6ofAxQFum4LD4kd3M7SwzexfgRU2pFcNpaFI7
;DuTNZa9sjUCZzm6ckLh5LbzlEXuT84hhGc0lwyXZn6bfNaTcMqBFeJEmKuiMsSUt6PEFc7Mb/CW10RW
;rabAmMxJI1QWnaDlY0c7amISMYcUMmSEn1yv8aQQciHq4lZ+u3qzNPU8ATTSJ/i7koFR5saDBDTujV9
;CJBc0lqzW0OhdDNWDcMtXw/UHCArRIiFGZuPE9R5PzkE1toTkHBcwKZ26wqR2nMfD1QFv/VTUoWe3gw
;QWLx0fQeW3RFQdRaD47eqjJDDKp8P0wW6dUgJR99ejxIT97Q+Rhea1NBw2AVjNKSKlZ+zRJLUBTp1UN
;KexRyOlli8sLnGG10VH/aYGfpt81HNwyoGlYoSYG6PzgSdnAwckjvyv4TbWZMcvFxHpvSkjs3Dql8LV
;AW6aYmIwlgQzNCT+LGzhhcZkJyywVl67fBWjcM2xNTOXK2tyI+D3txVS88gaqRfTJ0T3LHYTif2L1aN
;Q2odj9QFp68PS8kYHMiSE+BoZF9LAcgHsFrC5LoojRSU9sUWjx6trojFQ97bApeSPPF8B5XdCAcrgVx
;67fNNUFp2hRePnG2piUvF3hvCkhT4MH9GDIFIB6OBWfr2Ls/RWTJElgPZYGwISYIS3o0Q2Ly0/QYVlh
;FcM9nC463z1o3FKh8Pz9gjKc/Ix9xQzNEUeDO9BNGWEVwz2cLjrfPWjcVqHw/P2CMpz8jH3FDM0RR4M
;70E0ZYRXDPZwuOhc1YNgywfD9QZpuwPjkOZnkKTFn3wv8eV1hFcM9nC46GzVg3DLB8P1Bmm7A+OQ5me
;QpMWffC/x5XWEVwz2cLjoXNWDcMu3w/UGabvCM+JHtsMENi8sb2EFdpVG2uB2frrc1aN3zaFVEkSZm0
;Pz4IS28wXEjkzfIYbWhSest3Z+m3zXQ3DKgMTTl4nbA/FRh7cjNyWPnX4whWYlIv8WYSmMOiN2h82hV
;RJHeLuSgVCXF7PEJTgaGRfRwHIB7edw6Fw6goaG/HElkPc5GhPz8fcW5ncl700OUSX1hQbMdrE4rVoT
;9ofs0bVj946ddNSmIUHFVdT+jN5RhAWENxwGM4htauMl5izSNdNXqd1U9KezkcVS1N88r/CVd1f33Ba
;wG02qw5X2XGGWAzY5qhIickZG48Q0nozfYiQnVJcdxsE5K3z1o3I6h8PyBkgLs5LwlLfzpDW97O8B5a
;bk578WYSmMOiN152zSNLP3mFvSgrH0t5O0xf7cagfTAHIDGuBWebxaQ0Q2naI1w/eI+KICsYfHU7SGL
;i1uIJXWpJZMtaE4TYoTJSbcwjWj53i7koeHsWHFUIPYGj4Q9baVR73FoEhNmrBVptyxRWPnO2sSw+Gk
;t/OkNJ5M3lIlNjRB6sBGfJt81aR37BEks1ZLa2IiQdS3E0TlXozfQiVmZUf/FjDofSkjtTaKh+PlAn6
;dVNOgl9ciFIT97A/hNUWE1/zW0OhdKSP0942glbNWS2pjojD3d0Clpc6NfOFVdmVHfAYmfpt816Nwyo
;DE05eJ2wPxUYe3IzclDgwPkUXGJ/eM9rOIjYoy5FY8R8PVEWwdVNSgtmdTtZWPP88hJcYX9zz2YPgtm
;oBVFl2hFIMWSMij8vD2Z9NllU7s2RfzIHDR6uBReZ3qMuUn73H1A+cLa4LCkTfXIwclvo0fwKU3VFQd
;psCo7oqClDZcUdSzl5h9VPSns+HFUtTfPK/wlXdX99wWsBtNqsOV9lxhlgN3WGsSgVHktxIEFJ6NP9B
;G1hTHHZBWXrt+VaNwzYDlY+YoynEikUenoKQFziy/gTV1hHfcFhArTDpS9absYdVjxJiLEpSnkUHEgt
;PYHT4xRcc0Vs8WYIhdGSN1ZvwBVRNUmBsCw+JHZ5MS0/gKOxfTIHUGzHaxOOxZI5WGLOI1IxdYG8Iy8
;kfXgwVWLy2uIJV2ogHK4FTuu3zSpFZcYIWiJJirojLCR5fTZFVO/GzhJfblRB3GQOmNK5NUJvwCNcP3
;KM1U9KezYcVS1N88r/CVd1f33BawG02qw5X2XGGWA/ZICyJCQkd3k7WVjzo5N9MiMgHq51FYLZuT9FU
;8sTUTZJhLQuIhJ6eQpdT+7O4QltclN78XcGjcPNWDcMn3w/UGabvCM+HmZDNkJT5/z8HFFvSXDLWheZ
;2KAqQ1PdD1oPZIizORUfYWw5RF7g1/gSXFhNd9x3CJm3z1o3K6h8PyBkgLs5LwlLfzpDW97O8B5abk5
;78XcCh9a5M0Fp9xlHJGScpiQlFRQeVS0NgaORDUBuTmrLdziI2KM8aGHJH1c5eIyKPy8IcWgKSGLtxv
;8aRm9/cs98ApnorjJWYs8ZP1IW6fpNSntkbjxDSeTRzh5daUZBw2QEg96jP2h6yRBWNHedsBI6CX1yI
;URT5vzhD1toUnfafGfpts1VNwyoDl42Yra+KC8LS3Q6QVjyo5N9MhMgHq53Bo3DkjVBadoOVjRztrAj
;Kxl4eVUvPYG1kX0ydUF42loUnsWrO1Rp9xFQPnmduiMjGBQeVS0ggaORG1t/f3bBdxWC1aE/aHnGFVA
;+SYi5IRUPbWwwcl+BoZF9GgcgHtxgE5nWri5eY8YjXiZ5gLESPxV6eTZITvLC4wRtbk5B3XAXm9i/Lg
;YMqnw/eBbp1T8vD2Z9NllU7s3OHERoSXrxcAmF0q4/RH/JDkYPf4eKPj8LZHMnWQ+BoZF9KQcgHtxgE
;5nWri5eY8YjWzlliLchLyR1aApeSeDR5X0wByALrgVnmdK5KFZv3BVQPkmHujkVEnpvPElYgaGRfSUH
;IB7cYBOZ1q4uXmPGI1slZIC7KhUMfWwwHD2Do5FqMgcgbMtxFYrUuTNYYvcYSiJ/h7ISPRJkeWctP4G
;jgH0yB1J72ncGiMOkNVlTzRJeMnqM1U9LewccVS1P5NfjHFFzSXHAWgKF1q82UlOafD1RFs3VTUoJcW
;gnTF71yv4TbWJOf8xpArTVqDxYfs0jUCVijKcSORNxcDktP4Cjh30yB1J72ncGiMOkNVlTxB1GNWSKv
;SwkHHEcVyw9mKORfUBiVGzPZhOC2KMFUmLJHlM1SYagOTkScHlVLz2BuJF9MnVFatxkBJ/eojRodsAT
;Tw95h7k0FQh7cDxJDIGhkX0pByAe3GATmdauLl5jxiNFOHmZiiIkF21DJkJR6MejfTAHIAWuBWeY3KQ
;oQ1PNBEs1ZIe0IRUIfHk5QU7exfgPQXMgHK4Fc+u3zSlbf/cdUT5ziLkkJBxLeTtMX+3GkX8zBwEerg
;UUh8SSOVhi3BNKIkmIuTkvCXp9IURL5Pz1FEBiQ2rHagnrtc1aFwyofEw8Zba2IiUXfXIycl/kx84JV
;2pQe9xkE57FqAVAbcEIP1IW6edNSntncCZyXu7M/RRcYH9912kOhdOoKGhgxwtaIkmBsCw+HmZDIUhQ
;8cbjHEZyUnvxcgaCw81YNwyafD9QZYWmEikUe3A8Q1rewOgRW2lEe9xaEpvHqChoZM0dSzVktqEoJwt
;xbjRZSPPGzgpTblQerAVnxrfNWkRg2yNcP3mFvCMtJHh5M1li58b0GW1vRX/aYBW0w6g3R2naHUslZI
;yKOisSYBxXLT2ro5F9QWtTQc1qCIfeoz1ofMEPSz94tr0oKw9xbgpZWOzT9A9Tc1Vsy1oQit65WjUMq
;FI/UBaauT4VGHtzOURT5vzjFFVvVEHIYAKP6KU/VnjNDmAkc4SlKDgaYGknSGL2wvgJMgUgHr0FZ+vE
;oSloa8kMYDZ/hbkSLxV1fjlIPYOjkV0yByBtwnY4jNSiPlJTzhVTNXiIuCgVHXtuOExJ3sb/HFBrRR6
;sBWfxt81aRGDbI1Y+cIC5IRUcdWwKS1Ttz84YXGZCcssFZeu3+Vo3DNsQTA9/h7MkJhdLcSBBSejT/R
;htdEN/wGsOhdCSOVh5xghgMXqdsD8kGmB1I0hi4M32EVcHIh+uEmfrt742RFPFGU03c7a6PS8VS28wS
;lDkzeUOMgUhHrkFZ+vEoSloYc0OWDVJhqMoOBd1bApdXPPX4n0wBiA6rgVnmNu+BVll3A5QN3OHij04
;FGB5NllU7s3ODV10VEHNagiH3qM9Nw6ofCFQFummITkke2owX07ozeUYQG5OefFmCIbHqDREbdwVUD4
;W69VNaXsUHCZBTt7T4xhaYkFqx2sAtNWoPmh4zRFPNWSIoTg4HktrNERJgaGQfQcHIB7daRS0x78/X2
;nJCFY+cba2NCYSengwX2LtzOYYQFhIe89xApnouT9afM0OXiRjm7ASPRp9aFUvPYGWkX0ydExt8XUVj
;t+oO0NlxhtgM2+FvCMuHmZDIF1N5NHOFVdmVHvcWhOO2r0/RW3cCU01SZ60JD57FhxVHT2Bo+IRQVhQ
;bMttAorDpDRQU8QZWSRJj7AoLiR8eTRZWPP85Rhfd0Vsz3ESmdKSLVZl3Hw9UBbE1U1KCHhvCl1P5Mv
;0HEZuTnnxdQ6Yw6I0aGTNHUs1ZLahKCcLcW40WUjzxs4KU25UHqwFZ9q3zVpEYNsjTyJzgbAsPhJ6ew
;pfVObL5SJUYkV68W0CisOoKGh4zRFPNWSIoTg4HktrNERJgaGRfSkHIB7daRS0x78zWXj3CF4jfba5L
;CgeeEMwQ1zjz/R9MAYgP64FZ5jbvgVHfsESSzl4joovLx9LaDBATeTR8AlHdUVB2WQOn7fPWzc/qHw/
;I3qaij04EnpoPENa3sDoEVtpRHvcWguEwKgoaGTNHUs1ZLahKCcLcW40WUjzxs4KU25UHqwFZ9i3zVp
;EYNsjTyJ/h6EkJBxLfyxBVO/H9A9tclBuy3c4g9KsLlJ+9whaPWaMpyw+DmZ5Clpc6NeRfzIHDh6uBR
;SHxJIqRWXGCFY+cba5KCwPS3owSFney/QcRmJSQdpgCpvSvztDedoZYCd3gKFNSHsUN1UtPfLP4iJCd
;Ulw2mwJjOi9M0R4xxJgOHOIoSg4JGB5OF1Y88LlCEBif2nPbBPrtc1aGAyofEw8ZbalPyMVYHU7SmLz
;yvYVRlhGe8thOIPSrC5SfvcIWj1mjKcsPg5meQpaXOjXkX8yBzgergUUh8SSKFhl9w5aN3+GuxI5GHV
;yCkFc8teRfzIHMR6uBRSHxJIpX2XNEFsPc4e0LyYeFB5ULRSBo5EOXnR/bdt3AYrUqAVEZcwZYCRzka
;E4OB5LfzpBUvP8/xJAakFyx38Cj7fPWjcTqHw/I3qaij4/CXJ9Nkhi8sr1GG1zRWbacBWO6Kg0Vm7EG
;T9SF+n2TUp7Z3Amck700fccUWJ/bcdhArTDqCJDedoZYDx/jr05LwlLaSUtP4CjtH0yB1Ny3VoUnsWr
;O1Rp9w9WNHO2oSgyD2FuMHJS9NfiFFZif3HAaR7rtc1aFgyofEw8ZbahJS8JeX05cljvwP0SQXJSe/F
;nBpjSkj9ZbcoQWlAU6dVsSnsUbzleYvXL+BNtcEFywloDhMKvNlJTxBVRNWW2sCMrGXh5VS89gZORfT
;J0TX/CaTiKxag7aH/HEFY0SYC7KyMXeEMzQVL2/PISX3dFcN1kE4LYowVSYskeUzUW69VNX3sUHCZAX
;O3PzhtXZlRr3GAUtNKjO1VgzXw9UBbL1U1KCHl9OUFi58bwCUd1RW3xbAmN3qE2aH7JCFY/SYy7LCgX
;cRxXLT2no5F9QWhMd8paAYLboQVeYsYZTQ90m7wpLRJ6ewpMX+7V9CJBd0Fs3WBn6bfNRzcMqA9QPH+
;NiiQkHX1wOXJf7tflEl9YTXHAahOE2aQ5Nw6ofBZQFummIiYScEM8Q1voz/0iXGZSbMFyOJnSqjNYYv
;cJTDVJirojKR56aCdEXoGhkX0oByAe3WoLgtOSM1lqwRBTD2KGpRInFHpzIUJT6MCRfzIHOR6uBRSE2
;6Q+aGXGGlY8eragPi8kc30lclvoz/19MAYgF64FZ5jHpChWYMEGWlAU6dVTSnsUbyVET+DPzhBdY0VB
;3mQTg+ikNENp2gxQPHedvCIkexYdVTo9gaPiCEJ3T2zaWgaP1r0uXnrNI1o+d4u5KEp5FBxbLT2B0OQ
;NQmhSavFgCYrVoT83Dql8KlAW6aY4Ogt7biFyWO/F/g9RYlJBwWsLkrfPWjchqHw/I2OZpSI4D0t1O0
;tU7c/OCEFif3LHawKY6KQ0aGTBG1cPcoy7PiMPbUMyX1Tlo5N8Mh4gHq52EpvHoihDU8UTWzlwgLA/F
;RxxcjBfXPXGkX8yBwcergUUnse9NUV49w5aM2SMtDkvJHV6IUhP3s7+GVthSXvcWgWE2KE/VmKofj9Q
;COnVTTkOZGw6X0ne0PwcXmt/eMJqBp/SqQVRackISiJzmtVPSnsMHFUtTvTT4RJAc39yy2QMkuiuNVl
;izR9LOXmH1U9KewccVS1O9NH3HFFif3PBYQK00qM7VWDNfD1QFszVTUoIYW4zTF7k/OIUVmJ/ast9E5
;7FqAVUY8QTTQ94hqcgKxd9ZjBJPYOjkWYyByBt23cBitSoBURlzBlgJHORoTg4Hkt5O0xf7caRfzMHP
;x6uBRSexas7VGn3D1Y0c7ahKDIPYW4wclHoxPkJV3V/a94FZeq37Fo3DNsJTTZ3irASORJweQpZWPnX
;5A9XWE9r2nYOj9KSNVlg0Xw9UBby1U1KCGFuM0xe5PziEl5uREHaahe02qI0WHjHElYzFuvVTWt7FBw
;hSFDxxuMcRnJSe/FnCJ/Dojdof90OWTF1jIooJBp2cDAtP4Gjhn0yB1R7w3UCmda5L0Vp9xBWI2K2sC
;MrGXh5VS89ga+RfTJ0UGvcdjiO2aw4W2mofj9QCOnVTTwUeGk4SEnzyvIiQXdFe8paFIbYoi5fU80SX
;jJ6jNVPSnsFHFUtWO/C8xFXWFd33mA4n9i6P0UMqnw/cBbp1TojC3FDIUJK5NHOG1t/RXrxdQiY3rkz
;WGL3GVExdIWwTUh7FDlVLT32yuEYbXNPact3OIfYoipEU80dXDhJjK05OA5weSdyWO/C8xFXByIerg5
;n67eiNU1p9w9XOXOFsU1IehQ/VS099srhGG1wQXLCWgGExa4/U1PKBWAjf4eyIS8kcWQhX0jlxuN9MA
;cgF64FZ4nFpDdoeNEMWlAV7NVNSjRhaDBfPYyjkX1RZlR7yWoVkuijO1ppqH8OUBbphT8jFWB5Jxxiw
;O3UKW1GGEH+aRKY6J8Kfj/3L3QCJLacKS8aeX0+SE/e8+MSVG5Me64UZ+u3rjtDac8TTSlJh7QgLyR8
;eS0tPkWjkX0CNxUunjVQ2Yf9bA48mEp6YCbe4X16TSEsZRoPsZOiTAI3FVieNVPah/1ucjyYSApgJtz
;hfXpOUixlGQyxk6JFAjcVWJ41UtuH/Wx0PJhLCmAm3uZ9ek5SLGUYD7GTpE0CNxQnnjVU2If9b3E8mE
;kMYCbdl316TiYsZR4PsZOkOwI3FCeeNVHfh/1sAjyYSg5gJt+RfXpNJSxlG3+xk6dIAjcXLJ41Uq2H/
;W8HPJhLDWAm35N9ek0iLGUbBLGTpz4CNxYrrhln67e+L0d8xw5LD3KMuz4vJHBpNEFi5NvlD0d0SXHA
;BWTnt81admDEXFooYpugKS8JFDpVLT3lxv8OV1hTa951CJnDkjNZasEQUw95nKEhIxVxbwpIRfXR5Bl
;XdSAdogVn6/ahNhdp0AhNJXKMp01YexQcJlhN8czjCW1jRXDdYDifzr0/Nw+tfD9QWoC7KDl7OhxVLV
;nt084fU3RFQcJkHo7FkjtReM0OYDVumbo+PwlxQyZITeDR8AlbaE5ByWYIj9LNWTcMqHw/Yhbp1SkmC
;0t+NF5Y3s/wBFd1f3/IcQKZ6KgiR2PbCU01SZqwPSsJdWg8QlPexPISVmJ/btxgZ+i3zVo3DId8P1By
;haUSKBpneQpBXPjG4yJQYkZx3GA4js+9NUR52hlgI3OZtD8rD31zO3Ja4sz1GDIEIB6uBWfYt81aU2D
;YI10xZYyKISsCcW4KT1jnzOMYbWJYbsF2EpnSkilSfMkOXiR/hrsSLRh7eDByTfPGkX4yByAeri5n67
;epNkdTyh1MNUmFtDQvCUtpJV1Y8/zhEltpVEHdYBeKxawuXmPGI1gzeY2wTUl7FBxVLRKBo5EZXnd/f
;M92ArTbrCNSfvcJTyBzm4o9JRJ6aApeWPHC4xxGbk9w8WIEhNOoBUd+zXw8UBbp1U1HexQcMUFN3sTy
;ElZif3vAYWfot81aNwyyfD9QcoWlEi0Ye3gwclj51/QPXGZMQc1qCobWoz43D6h8P1AW8NVNSh94bAp
;KXu7H9CJUbkx7wGQKjuirNUVhyQg/U3Dp1U0xHHdzMUhi58r9GFxmTXvxcg6f36IvQ1PNBEstSZK4LC
;kTfXIwckn40/QiU2VCbMtzDorDpDVZcfcHUjFijKckKxdLcjRAWN7C8x9AYlZ3z3EOhNmwBUxgyQVaI
;kmBsCQtE2BhOEA9l6ORfVZrUEHJZgiP0pI2VnXNDmAzfoi7Ki97FxxVLT2BtpF9MmNMbvFiBITTqAVH
;Y9sITyJ5irA+OXsXHFUtPYGskX0yY0xu8WIEhNOoBUR4yQ5LUBXp1U1Kew0cVS1Z7dPOFVdmVEHNcBW
;C2aoFQ2XFGWA8f5qhTUl7FBxVLSCBo5EZXnd/d8BrApnorjVZeMcJTQ95j7M+Lw9LcDxeSYGgkX0yBy
;AurgVnj9u9BVplzBhTNUmFtDQvCUt9M1lY8/z0BUJoU2vcYDiY0r07RW3cFVA+SY62Ii4eFB9VLT2Bo
;6V9MgdEct5aCoLTqTZSU8QdRjVktrQrPh5mQzBVTe7Q5A9XWFN73mQVisOkNVlTzx9QNHO2pT8vexcc
;VS09gZKRfTJjTG7xaA6P06E/aGDJBVoiSYuwKyUJcUMwVU3u0OQPV1hTe95kFYrDpDVZU88fUDRz6dZ
;NSnsUHGAtPYHH/Q1takl6ymkCtNusI1J+9x5aNnmbsBIvA2RzJlhP5PziGEJmUn/abAiF6Ko5WGjNI0
;8ic+nWTUp7FBx4LT2Bx/0NbWpJesppArTbrCNSfvcJTyBzm4o9JRJ6aApeWPHC4xxGbk9w8WIEhNOoW
;jQMqHw/UCfp1U0uF2RDOERZ5c/0Il5mWXvcWhKbx6goaHzHFVEkSZqwPSsJdWg8QlPexPISVmJ/btxg
;Z+i3zVo3DJh8P1ByhaUSJBRmcTRBYu3C6BhAWEF42mAVtNK1Klh/3Q5aD2WMpSw4GmB1OkNi5sD+GVc
;HIx6uBWfrg81aN2jEDGA+eZu4LCYkeH0sSE/ewvcJV3V/e9Z1CJjCvz9of80MXiJ3nbwiJCRzfzpJWN
;7T4xgyBCAergVn2rfNWlNg2CNRP2SEtCEVF3VlMF9i48b3EkBif3vWdQiYwr8/aH/NDF4id528IiQkc
;386SViBoJF9MgcgK64FZ4/bvQVZY9oRXjxJhbQ0LwlLfjBLUvPGzhhKd09t23cCtMSoKlZ+yQhWP3i2
;si4lH3FDJV9YgaCRfTIHIDOuBWeP270FWWPaEV48SYW0NC8JS2klXVjz/OESW2lUQd1gF4rFrC5eY8Y
;jWDN5jbBNSXsUHFUtDIGjkRled39wwXcKituSNlZ1zQ5gJWaZsD8VC3t1O1li8sbhHEBmVHfBaziM1K
;I+UlPYDlpQFenVTUp7AxxVLVnt084IRFhDa9xsCYzouTNaafcQViNi6dZNSnsUHEktPYHH/Q1tcEFtx
;mwJjOipKE5lxhtgJH+EsBImEmdoVS49gaORfScHIB7KaRe0wKwpX2XGG2Akf4SwEiYSZ2hVLj2Bo5F9
;LQcgHst9E47FoztbU8sTUDx/h7ISLBp6QyZdWOTHzhFbdFQerQVn67fNVDcMqBpePkmapSgvH0twPF5
;JgaCYfTIHEiWcMFzfjPtqNx2ofD82f4W0IC8VYEMhVE3k/OIJQAcjFK4FZ7v7jHoGIp9JUj0W+9VNSh
;19cDRAWO/XzglLd0VB3XEV2bfOUDcMqCxzETbY+3p/FnkcdS09gcX4D0Fzf3LPfAKZ6L41W2XMI1Y+c
;IC5IRULdWghSE/vo5J4MgcgUsdrApi3xFo3DM0SW35xiropL3sXBFQtPcySoUkSVBA+lWAfn8W4PlJ+
;iBRaMWKMp20lHXIWGBwJsYPCTRI8SHvPcQKPl68/UyzAGV4kc5v1IiwdNDQ8Sx34zORdWmZWe45sE8K
;9imMGLJMOWjx3nbw7L1tkcyZESejM/xRdaSpZnyUixobtHAQ8mFwfa2SMoT8rGGA8IUVYocX4EVNqRX
;DaJQbL1aQuF27NGlAic8m5JCwPfXIyDUnpxrETXX1acsspR5/Y7ShSYM0dTDU2mrogL1t7enVZVeSD4
;Q9XdFNr3GBtrIbtABw9mFx6fSPJk3R6SyQ8bkBS98axJxJyUD7PawPLxaguRW3LCB82f4W0IC8VYDww
;W1jvg/wSQGIqU5YxR9DEuT9HfM0OTHB5j7NNQHsUHDBDWbON9h5dY0UerYBn67eAaAU9iCgPcEXY5X1
;ANiYuZA1psIPCTAI3KlOfNVPL4/16ZDyiMQ5gIsmBfGooJBYYHAmxg8JNOEoRLpkPINKGxx0GLO1RDn
;BQ2uV9QDwlPA8GDa+WsTgfMgBGgzdXy+7gaAcs7gdLInefsCEVCGR5MElAi+SjRRJfED73NW2mj/lQc
;DWYfClQFumyLiUfcUMwVUnk0f8cXlhDccNoBoXTzVk3DKh8P0UW6dUoMg9maTFIT97Q5hRGZEgwyWYI
;j9LNWTcMqHw/RRbp1SopFHB5CktU7cb/HF9if3jBdwqKw81ZUAyofEQ3dYaxKBUdfXAwQ1zsxs4KW3N
;IcdtxOI7PuSdod8UdXDh/h7ASPgJkeQpMX+PR9AtbZlR3wWsatMyrM1ttxRlRJEmHtCAvJHV+N19Y98
;rwCVtoTi/TWhyH1rQ/RVPAGVY3fp2oICd7BhxVLVHg2vQPbWRIf8BiAsXQrjVTaah/P1AW6dVcSnsUe
;zZCWeT84RJBc1BswWYCmMTNWTcMqHw/QBbp1SopFHB5Cl9Y8cblFEZuT3CuBk3rt81hRWnYGUs5YoC6
;I2ocd3MxSDfGmqNddzcqJdxgF47DpC5eY8ZcWDN5jbBNWnsUHCdISfPC8glbaE4wyWYIj9LNWTcMqHw
;/Wxbp1T4+GmZoe0pe7sf0fTHxIR6uQlXal/Y3UnjaFVxwYIi5OC8IHltsHR26wvMOXWtVasslF4TEpC
;5eY8YVUTccpO1/akBneSENWPnX4whWYlI+2mpHitW+NVt53BkfPXmNsEcHSiQrdRZO9cLjCRJwSWrGJ
;ROD0u08VmKIE1k2HK7ndWojJDwMHR26zv4LVyd4MfclE4SXoDNZLM0SWyNihqU+QDwmJHV3DaGY/BJE
;YgBEjnEIy9qkNBdpxhhMJHmZpkcNSjRGZBgTsYPXRAI3ED6VaAid0u0uX2mIDFMxYo+6PydbcHMiQx2
;wlvwQOA1nJ5wlItuX9iBSfsdcSzhzybA1PglheDBJHe3G/xpGbyoU6TVHs4P+em4+n1x5YibZ5W1qQH
;NzdVlSodf5GBJiRHnLJQiNl7kyUizKGVtwHK7sf2ojJDwMHR3Ek7FGQWJUPtRgFYSXuTUXacwbWnB5j
;/U5Ih40fjBJN8aTsTsLNxAujl9Wy4yXekJ8iAtWJH7J5CAncVMtdWsPsZOxJwInG0SObQiG0u0pW2Pf
;EEZaHK7kbRBKITJlDXu4k6FNEjxNcdhgR5/fqHpHYMkIWT9khPUpJQx6PGQYUOypmzoDJ2YnnjVXy4y
;+KlJpzFxMNWKdvCMtcVMlZw14rJCxRkBiVGzPZhOC2KNQej2ZSx8AZIC7OSMVczJ7Az2No5F9QXNBbN
;o3SYzUoj5SDKvMP1AWrud8QDwtLF9gBbOp3EwCMCpZnD1Hs4ftAwcG704HcEzZ3wp7W04tYAMNoeWiT
;QINdC+kQl7Zl4hqPUuZXHliJtn1CHtLHltsHx3Ek5s6AydmLJ41R66atihSeNodXCR/hrsSLg51cApM
;UO7W/wlPDXQupEJe2ZeIaj1LmVx5YibZ9Qh7Sx5bbB8dxJObOgMnZmXadwad0qEFRHzNGVstHKTkfH1
;bRG48Q0nozfZTHCkgFK4FZ4zUoj5SU9wFTzUW6tNNSntGeSV/XPGjgH0yB0d9wWECtMGoKF5q0SNcP3
;KM1U5SexQcemNy79XhNUdVc1CdTSyF24YuZ0b7LQJtFvjVTUoSeno8QVHewv8aXmJ/csd2E+u0y1o3D
;JxJBGEl3NVYSnsUdTtLVO3PzhlHZkxBy30TmcK+M1hiqH8zUBbplCEmW3FkIV9I5cbjfTwHIB7HawGC
;26EFR23cCFoieOnWSUp7FFsnRFmBrJF9Mm5SccBsCYzovTtDeM0OUVAV4tVNSilxfyFEUejN9BxABz0
;ergULis6oKGh/3B1NJEmZuiQkD0tvNkxP5/z7EltpVB6tBmfrt4w2Wwy1fD9QeoisKDgkZ2g0X0ne0/
;4UXHN/bctkCrTUoihZadp8PF4W6dUfLx14eS1iT8LM/wtXfyAGrgVnhta5BVRjxhoOD3CAuSwnHnpoC
;k9P4M31fTEAIB6uVwaCxKhpcwy3fD9Qe4ihEikUenpkclvoz/AQV2lUQcpsFJvbrCNoYskRWlAV9dVN
;SiBGfTxeWLLnzF1idUVzx3AKy+eBGxc9hksKPXvpyU1Ke3l9IXJe7s33TG1hSXLPaAKFw5I9VGPMGWA
;1eI3VTkp7FBxVMz2Bo/wcRlhDccBjVrTRpDZWYc0SSw9xiropLyRnaDRfSYGgkX0yByAJrgVnhta5BV
;RjxhoOD3CAuSwnHnpoCkNc7MaRfjgHIB7+SSbLhuNtAmHFfBtQFum4LD4kd3M7SwzexfgRU2pFcNpaC
;YraqAVWbsoOWiZ/iKEkJRUUH1YtPYHz3TwyHyAermgGn+iuNVlqmSNZOXqIuCgkD0tyOllY8qOSfTIH
;IB6zBWfr2qwuaG/HEllhSY+8ISsWcXIhck3zyvIYbXJOd9oFZOm3zVp8a6hhP1AWhLQ5FRh7cjMcYuf
;K/RxfYk5q8XYCn8OkNFBTwRg/UzLp1U15GSYvbU5ZtY71RQJmDSqdZwTGj6hjUSGaRF5odNm3LnIddS
;9VBz2Bo/wcRlhDccBjVrTRpDZWYc0SSw9ljKE5IxVzbwpLVO3C/Bhcc3983GQJj7fOXTcMqC5eOWWM5
;glKShQcVUBc9fzyElxhEUHIbAuK2qg0Q1PbGUskf4eyPhUdfXA0QFjv184ZW3RQcs98OIXWoD83D7R8
;P1BNu7QkOR4nWAgNbfPG/BRHagBO4kRH2pn6b1phqFI/UBaEtDkVGHtyMxxi58r9HF9iTmrxdgKfw6Q
;0UH/3GlY8d4SwIz4kcnU5SGLvwvwYMgQqHq4FN6f27WsZO50RUlA46dVNJxpgQzZCU+eSzhtba0Fzy2
;sTtMSoLkNlxhtMD3CAuSwnHnpoCkpe7sf0IldpRB6tBWfrt81qNwyoEV4kSYq6IyxKS3o8QVzsxv8Jb
;XRFatpsCYzEkjxeYMkRWj5itrIuJR9xQyZZXPPXkX4yByAeriJn67egO0NTyxNRNie2syQmGnl5O1li
;8sblCVtpR23xYw6H1qA/WXj3FVtQFc3VTUpIdi5mFV7ll7wZCjdBM5o2BYia9T8OaoVOBzEui+UvKUN
;yfWYtFIGjkRBTc399wWsB2uirM1ttxRlRJEmasDk+Enp7JnJb6M/wEFdpVEHAZAqOt85QNwyoLHMRNt
;j7en8WeRxjLT2BzvAJbWRPcMg0OI3eoTtaacYIYCNznaEkJBxnQzNEUeDO9BNGWE5/w2A4itWvKFJ6w
;R1LOXmH1U5JexQcBWF8gYmRfTJqQWrxZgiF0fwFUWXEHVI1eJ2KPi8PYHU7Sk7exfgRU2pFcNpaCYTD
;qCk3D6h8P1AW9NVNShZ1aApOUu/FoCJUbkx/w2AJn+i5P1RkxhNTP3GQ1U5CexQcE0RR4M70E0YHOB6
;uBQqKw5I5WGLOTmA2f4W0IC8VYEM3X1zvx5F+NQcgHvxkDpjS/h43E6h8Pz13nYouJRVyLgpLVO3C/B
;hcc396x3YXh9a0BVltxRk/Uwrp1U0RKXV1JkgOxf6xLUBiTXfbaEe7+4x6BiKfSVI9FvXVTUoWdWgKT
;lLvxaMiVG5Mf8NgCZ/oqjlYaM0jWj5y6dZNSnsUHEstPYHO8AltZE9wyDc4jd6hO1ppxghgN3WGsSgV
;CGB9J1k9gqORfTIHNx6uBQqKw5I5WGLOTmA2f4W0IC8VYEM7TFDko5J3MgcgTuJER9qZ+m9aYahYP1A
;WhLQ5FRh7cjMfYufK/RxfYk5q8WsGhtKSO1Vu2hlJOXedvCIkexcfVS090e/QfSoHIB7DZBO01KI0UT
;73GlY8d4SwIz4kenMhSE6BoJF9MgcgA64FZ4bWuQVUY8YaDQ9wgLksJx56aApdT+jA9CJHaUlqrgZl6
;7fNEVAMtXw/UHuIoRIpFHp6Z3Jb6M/wEFdpVEHdYBOf3qM9aGXMfDx0FunVfihJJyQ2SQmsx6lNUyoU
;LcxmStPS9DwaPpAdBzImi7Z1LBonHH8tPYHO8AltZE9wyDc4jd6hO1ppxghgI3OdoSQkHGdDM0RR4M7
;0E0ZYQmzPawPrtMpaNwz6HVYjc9qRTXt7FBw4TEnewP4TVDV/eMdpBobSoy5of80ISzl4jqYSLBJ4fT
;hIU/X89RRBd0x/11oJitqoWjQQqHw/C0SIvD4vSFBBdX1P5M74CF8ncFLvJVbFgPg3WgyGfD9Qe4ihE
;ikUenpnclvoz/AQV2lUQd1gE5/eoz1EU84VUzF7jLs5FR19cDByU+DO9H0xDSAerlUrqpf8dAA5xRE/
;fhbp1SArD0t/OkNbs/z3FF5mTXvAcTiY0rkuXmLPD2A2f4W0IC8VYEMyTlLlxs4YXGMgHa4FZ+u3/Vo
;3DMUdSw91hrsreCRydTlMUOTN5SJBYlRqx2sAmOirM1ttxRlRJEmOtiIuHktvIUxP9aOSfTIHIB6JBW
;fr2qwuaG/HElliSY+8ISsWcXIhck7k1+UUXGBTQchsC4raqDRDU8EYP1My6dVNeRkmL21OWbWO9UUCZ
;g0qnWcExo+oY1EhmkReaHTZty5yHXUvVQQ9gaP8HEZYQ3HAY1W00aQ2VmHNEksPZYyhOSMVc28KS1Tt
;wvwYXHN/cM9oAuu0x1o3DPgwfnAnx+J4JxYUKlUtPezC5SJRaE54nFoBgtusN1Ji3CNMNWKdvCMtCEt
;6PEFc7Mb/CW1pQXPLWgaJ1b8/QWXJCFY/eOnWTkp7FEwZbD2ro5F9X2ZUQc1qCY2FkjxeYMkRWj5itq
;YoPg99cjJeYufK/RxfYk5q8WsIn9K+WjQMqHw/UAvp1U0nGmBDNkJT55HOG1trQXPLaxO0w6g5X2LHE
;FA3b+nWRUp7FFo8QVzsxv8JMhYgHq51C4rDqzVFYfcdWzhzmrwiJHsXGFUtPdPC9wkyHSAermoRjsWl
;O1lr9w9XNXqFphI5C3F5MXJR6NDlfTEHIB6uBXbrt80qVnnbGWA4c4CyJT4keHUmWT2Co5F9MgcxHq4
;FF4fWuTxYfsUjXjRygKEkJRUUH1wtPYHw+hRAc29wwnxn/bfNWkd+zQ9MJWSMiiwuDXVyNkhi9drhGA
;MHIxuuBWet3rU/Uwy+fD9QZpuwPjkOZnkKTFn3wv8eV1hUZ95gVeu0yFo3DO4VRzVy6fdNSntkbjxDS
;eTRzh5daUZBw2QEg96jP2htxSNLNXWBuyImFHNlVS4+gaORO3RBIDOuBWebxaQ0Q2naI1w/eI+KICsY
;fHU7SGLi1uIJXWpJZMtaE4TYoTJSbcwjUTF7jORNSXkUHFV5DYGOkX0yd1J3wHECmeiuNVlq9xFeM36
;AuygVGGFvIUJQ6Nn0IkZoT3LGYAaP6KM7WmmafDxSFunVGXt7MBxVLU3zyv8JV3V/fcFrAbTarDlfZc
;YZYDZ/hbQgLxVgQztMUOT8oH0xDSAerlUrqpf8dAA5xRE/dBbp1T04EnpoMF9i4sz/G21qQX3GbAmO6
;KszW23FGVEkSYe0IC8kJhxWJz2Bo8ExcycRMJkwCoa371o3DNgOVj5ijKcSKRR6egpAXOLL+BNXWEZ3
;3GgQisWoBUN12Bk/UxHp1U0BF31sJUhPgbyRfTJ3UnfAcQKZ6K41WWr3EV4zfoC7KBUWJSxlHGLizPU
;YMgQgHq4FZ/S3zVpHfsESSzVktrYiJB1LcTROVejN9CJfNhAunFoEhNOoWjQMqHw/UAnp1U06CX1yIU
;hP3sD+E1RYTX/NbQ6F0pI3BTyYTGAzeY2wTUl7FBxVLRyBo5ENQG5Oast3OIjYozxoYckfVzl4jIoiK
;Q97QzRJWfPG4g4yBCAergVny7fNWkd+wRJLNWS2tiIkHUtxNE5V6M30Il1kVHHxZBeC3KgjNw+ofD9Q
;FsXVTUoLZnU7WVjz/PISXGF/c89mD4LZqAVYb9wTYDx3mqESPwt4czRJYufM/RlXdSAdrgVn67foWjc
;M2A5WPmKMpxIpFHp6CkBc4sv4E1dYUnveYBOC0r8FVmjMDlojZenWTUp7FBxxLT2B0+MUXHNFbPFmCI
;XRkjdWb8AVUTVJm7A9Lw99eSdyXPHK+hhLByMergVn65/NWjd82hVRJHObii4lFXJDOExe6cr/GG11R
;W7LcQ6OxZI2Vn/cI1gieZylTUl7FBxVLReBo5ENQG5Oast3OIjYozxoYckfVzl4jIo/LwtxaDxIT97T
;4xRcc0Vs8WsGhtLNWTcMqHw/Txbp1T04EnpoMF9i4sz/G21qQX3GbAmO6L4/Q3jBElgPf43VTm57FBw
;wGF60wKMeCyoZLZk3St/V9GMaNJBJCH0n3+Z/fU0sJTRJWbGjiH0yB1Bsx2sTjsWSOVhiziNSMXWBvC
;MvJGBlJUg9gqWRfTJhTHHedR7rkc1aN3zaFVEkc5uKLiUVckM4TF7pyv8YbXNZbstaBonVvz9BZckIV
;j946dZNSnsUHFktPYHT4xRcc0Vs8XEem9LNWTEMqHxZPHmZpTRKdxQcVV1P7sX4EVdYTn/DYGfot81a
;Nwy7fD9QZIizORUfYX05clj51+MIQW5PcK4Ga+u3zRtbYIgZRyRknLEoOHsHHFUtT+DF5SJbaUZ3wmk
;4m9a5LlJ+xnw8VRbp1QEjFXFvVTg9gaPjGEZ1QX3abAiF6LcyWHz3CEYgc9jVTkx7FBwbQk/swv19Jw
;cgHtxgE5nWri5eY8YjRTh5mYo5MwtxLlUuO4GjkTNddU1/wgVz67fNKV9pxBBgNH+bsC4+EntyCkFU8
;teRfjIHIB6uEWfrt74xXn7cI1sld4WKKDIPZmkmRFLvo5JxMgcgX8JpR47PuShCaM0OP3gW6dU+JghL
;fTFJVPXK/hNTa399wWoLgtmqBV9pwRtXJEmdvCAvJHNuNF1VgaC3fTIHEDCePlbTh/1qGTyTTw9+JtL
;kdXpLJDJlFg6xk79NCTEQLp41Sdu32lo3DNsQTA93h7soKxd9cjJyX+THzhpAZlB2rgZn67fNWhUMqH
;xMPGW2tCMkHnVwPENa3sDoEVtpRHvcWguEwKgoaGvaHU84FurVTUp7FD5VLT3yz+IiU2lOe89pDoXQk
;jlOYMESWzVktqA9Oh5mQzJfXPHLkX4yByAerh9n67e+NkRTyRJRNXeFvCMtJGR1JllS7/z2D1N3SB6t
;BWfrt81JNwyoD1MjSYihICUIZHQwX1jezv4ZVwcjHa4FZ4rev1oTDKh8TDxltrciPg97cQpeSPPF8B5
;XWElwyGwLh+isNFBgzSNTOWWd1U5OexQcZRYEsaOGfTIHU3LdWgSE2bk1Qn73Dlogc4ihEicUcHlVLj
;uBo5E8cERhXO0FVeu3zSlbf/cfUD96gLsqFRpyaDBfYvPG8hJTc0lwyVoTjtq9P0Vt3AlNNUmdvCAvJ
;HNuNF1VgaCHfTIHESeeK1fQh+NqDD2YTBFgLdvhfXpVJBx1LT2B0P0ObWRPccJsCYzorz9TU9wZUiBz
;m7Q5PwlxQzlETvWjknoyByAugDVc2oD9WgUMqHxMPGW2tiIlF31yMnJe+M/4E1ZiUkHCahCOxZIyUm3
;cGU0PYoy4PS8JdWggX1jez/gORgcjGa4FZ9uZ/WEGPZh8DVAW6aYhOSR3czpBVO/Ezh5La0lwymAVtM
;K9KlJ+9xRaMWKMpxI+HnlsMF9c9dbjGG1rSW3aBWTst81aByKYRw5mJun4TUp7Z3Amcl7uzP0UXGB/c
;stjE7TRqD9TU8AZXiRzm4o5LxZkeSdMSfTR9CJeblNqrgZg67fNahk8k00LYBb21U1KCHhvCk5S7s/4
;E1VYTXfAWguKzqgoaHjBEVoPeoCmOUp4FBxVLT2ro5F9QWtTQc1qCIfeoz1ofMEPSz94tr0oKw9xbgp
;ZWOzT9A9Tc1Vsy1oLgsS5WjQLqHw/YDjZ7nx8SxQ4VS098s/iIlFoT3LHawC0x6IpQ1PbH14+eIC7Kh
;UfcXA0VGLtyuIJMgQnHq4FV8WH9mkZPKhfP1AWmrk+FRh7czlEU+b84Q9XWFN9z2sJgtmqBVNpxB1GD
;3qApjlKeBMcVS0Nr5OqThw3IDCuBWeY274FVGPHEFY+cbanJC0TYEMzSFjl/PkYU3NFbPFxAobHqChW
;eN0OWg96gKY5SngTHFUtDa+TqkwGNyA8rgVnmNu+BVRjxxBWPnG2oSQnHktoMEBN5NHwCUd1RUHJdwa
;b381ZIQyofA9+JtLkenpVJCdnGQ2xjaFGAzcQMJ4Ff+u3zSlbf/cbXiBJj7whJiRmeSVIXPX8/BJWYi
;AdqAVn6/aMGHVP63wmUBbppiE5JHN/OklY3sX4EVdpQXPLWgGExaA7QwyrGj9QFpKyLiUfcUMzRFHkz
;fAQV1hXd9ptCJ7Dkj9PeNUjRD13ir0kJB5LaCxdWN7C8x9AYlZ3z3EOhNmwBUxhyQhaIn+IuRIkGnl5
;Ckxf49H0C1tmVHfBaxq0zKE7TmnaI1c1f469OTcWeRxmLT2B0P0ObW9Ff9psCYzorz9RY9oZYCJziro
;sPhJ6ewpZWOzT9A9Tc1Vsy1oTgtqoBVB+yQxXUBX81U1KSCQyZRYNr5OqTAU3Di6VNFXbh+NqNxmofD
;8jepqKJCQdfXA5clzvxP0YbWtJbdoFZO+3zVoHN5FMP08W6dU+JghLdTtLVO3PzhpTd394x2kLtMWoK
;lJt3CNSP3KM1U5MexQcFGx/w+DSfSQHIB7daRS03qM8XmDEI001Zoy0ORUWe3gwLT6Ho5F9c0ZiXO1G
;Z/O3zVpEYNsjVj5wgLkhFQh3fTtDVO/EzhBdY0UerQBn67egNVNpxHwiUBbppiE5JH1yO0hP3sD+E0Z
;oVWzxagGNxKguaGDBD0tQFenVTUp7MhxVLU7t0M4NXXBEe9xaAY7SqTNZa/cOUCR3nbwiJCRmfSFEUt
;7O/hlXByMbrgVnjd61P1MMi3w/UGWFphI6CXF0MExJ6M32IlBiREHaYAqb0r87Q3naGWA8f5qhTUlbF
;BxVHROxmKBPAikQJZs1SduM/G0HIphHDmAmx+V2e0wkMmUtCIGjkQ5edH9u3GAPjta5M1lr9x9GPH+H
;sSg4JHhzIkhP3sv0HEZiUkHaYAqb0r87Q3naGWA8f5qhTUl8FBxVHROxmKBMAgcVHq4FFIfEkipFacA
;ZXiR/h7ISKQJ4dTtJWPP85A1CYlJBxmAGn9K/BUNpxQxaInedoD8vJHh1Jlk9gqSRfTI3Di6VNFHbt/
;1aNwzbEEwPZpuwJS8aYHU7SmLtxvcJbWFFe8paD47WuT9FU9wZUiBzm7Q5PwlxQzlETvWjknoyByAug
;DVc2oP9WhUMqHxMPGW2pT8vE3F9IURT5vz8FFxYTH/XYBW0w6Q3UlPEFUwkFurVTUp7FDFVLT3yz+Ii
;QnVFdstkE4LZqgVHZdsIUD5JgbAsPh5mQyFIUPHG4xxGclJ78WkOmMPNWTAMqHwPfibS5Ht6ezMcVS1
;O7dDODUBiSHvPcQ6F0JIqWH/cI0wzd4e7JCQcS3gwQVz4/P0UQXMgHakFZ+uH42oMP4ZMP3YW6dU+Jg
;hLbCdIVeTC5RRcYH9u3GA4mNSsNFllxhtgNHOFtDQVF31vIS0+hqORfQIpECWdK1frhs1aN3/ED2AgZ
;Iy9KCsPfXIyck/oxPkJbWFFe8paD47WuT9FU9wZUiBzm7Q5PwlxQzlETvWjknoyByAugDVc2oP9WhIM
;qHxMPGW2pT8vE3F9IURT5vzlFF9if2rLaBeOxawuQn7NI1gid5m9TUlZFBxVHROxmKRNHDcbL5w1V8W
;H9msHPIZMBGMg2eVjekAlK2UDDYGCkX0ydExt8XUVgtm5M1lr9x5aNEmdsCA6HmZ9IVhP5Pz9FEFzIB
;2nBWfrh+NqDD2fTBFgFtrVTUoIeG8KXU/ozeUUXGB/fddpDoXTqChoYMcLWiJJgbAsPh5mQyFIUPHG4
;xxGclJ78WkOmMPNWTAMqHwPfibS5Hx6eyccVS1O7dDODUBuTmrHawC01LQ2XmLMGU0PY5mlKDgkfHk0
;WVjz/OUYX3dFbM9xEpnSkjZef9x8PFcW6dV9ZEsvLWMdPa+jkX1Ba1NB3ncOhcOkNFBTxBlZJEmPsCg
;uJHx5NFlY8/zlGF93RWzPcRKZ0pI2Xn/cfDxXFunVfWRLLy1hHT2ho5F9QWtTQd53DoXDpDRQU8UVUQ
;96iKwoOCRgdThIYu3K4gkyBCAergVnwLfNWkRg2yNPIn+HoSQkHEtsPF5J7s3OFVdmVHvcWhOO2r0/R
;W3cCU01SYW8Pj57FxtVLT2xjaFGAzEQHosFZ+vEoSlofNoVUSR/h7ISOhRnaApeXuDN/xRcYH96y2kG
;kuihM0R4qH84UBbp5WN6QCcyZS0ZgaORDl50f27cbAmf3qM9aHzaGWAjdYi7IyMVc0MxSFHg2s4RW3R
;UHq0CZ+u3/XQHN5tSD1A56dVNORdnQyVfVO/X+BNVWFJ3yW0TtNGoP1NTwBleJHObijkvFmR5J0xJ9N
;H0Il5uU2quBmDrt81qGTyTTQtgFsrVTUoIeG8KXU/ozeUUXGB/asdoArTDqDdHadodSyVkjIoqOBpkd
;FUuNIGjkU0cNxsvmTVJ27fVWjcM2xBMD2SGvBI4HnN1OkNi8sDwE21qT3rLBWTtt81aXn/EHVE0FvzV
;TUoIeG8KXl7gzf8UXGB/bct0Eo7Zrj83D6Z8P1B/h7MkJhcqfzpDSe7W430/ByAe3WkUtMSoO1pT3AV
;PNRbq0U1Ke3pzO0g9mKORfUFrU0HdbQ6O26kFVmDPE005YoG4Ej4CZHlVLj+Bo5ErAwc8Hq4FFIfEki
;lfZc0QWw9/h7MkJhdLfTtKUeT8/RRBcyAdqQVn64X/bww/mUk/dhbp1T4mCEtoPURT3tTwEV5YRHHbZ
;wuO6KEzWWnbI001Zoy0ORUWe3gwLT6Ho5F9c0ZiXO1GZ863zVpEYNsjSzh/h4o6Kxd4QyZEU+bP9CJe
;bk578XcCm9KsLmhhxxhaUBXv1U1KOlVeF25+gYKRfTJ0TG3xcQib6L4vRWrJH1oPf4ezJCYXS307SlH
;k/P0UQXMgHaoFZ+uH9mMHDIF8P1BlhLQhJiR1bjBMYvLM/RRWWElwyGwLh+irNlh79x9QPWaMuz4rD3
;1zOy0+2qORfQI8ECWeK1XQh+NuAzicRw9+ItLlY3xKICluHRO3mKFTBTcVJ5U1SdOM/XQAOplFBGE43
;O59ZEMhK2QWD7qTv0UKPxklnT5XxY7/aQY3nUcPfi/c531xSiQnZBY9lqORfUFoTHfKWg6F0aQ2W1PJ
;Elg8c7a5JDkPFB9TLT2Bl6RGAzQVHroFZ+vEojZeaPcVUTZ/hbkSOhpgaDBfU4GglH0yB2x3wGAU66z
;NWjd/xxBWNEmAuysjF3hDJUxJ9cbjE21lT2raagrrtMhaNwzkFVE1ZenDTUp7Z2klXVLz184ZR2ZMQc
;t9E5nCvjNYYqh/M1AW6ZQhJltxZCFfSOXG430rByAe3XAXm9i/LmhlxhpWPHq2tCMtF3FDOURO9aOSf
;jIHIDOaMGfLt81aRHnYDFAiYra8IywSeHAKQkj1z/gTV3R/e9ZxFZ7TqCg3D6R8P1BXhbltLwNgbiBJ
;WPOjnX0yB1Nr3nUImcOSLk58zXw8VRbp1QEjFXFvVT09gaPiCEJ3T2zaWhSfxawuUmvRfDxUFunVGTg
;ecRxSLT2B0OQNQmhSaq4Gbeu3zR9BadoFSDhzm7BNaXsUHCZYT+fC8hhtdE9yx2E4idi5Llhh9xVRNn
;+FuRI6GmBoMF9TgaCUfTIHbHfAYBTrl81aN3/dDlkxdYyKPiUXfXgKWVLx/PgTVG5McvF1Bp/DqChZD
;Kt5P1AWpbwjLwgUCFUtPfXG/A1XdUFq23cCtNWoPmhgwQ9LUBXp1U1KewEcVS1J5M7hGEBmVGvcYDiH
;0qsuaGDBD0tQFenVTUp7AhxVLUnkzuEYQGZUa9xgOJneqjJDU8QVTCQW6tVNSnsUElUtPfXG/A1eZlR
;78WsIn9K+WjQMqHw/UBnp1U09EmR5CllS9sbjIl9oRHuuBm3rt80TWXjNDlMxdYyxTVp7FBwiRE3k/O
;USRWJSQd1tBpvSzVk+DKh8bTV1nbQjLRdxHFstPYHU+A1XWFd/wmk4htipPzcPonw/UF+HoSg4F3V/M
;Ek9kaORfV1oWnvxdg+C0qE+aHjRDFpQFeDVTUosdWgwX3vgz/19dgcgHqgFZ+vRoTVHfNF8P1BsqtVN
;MDgUHC9uPYGjkbD+yx4frgWvqbfNknUNqHw/UBYhlE1KexQeVS09g6ORfTKDIx6vBWfrmM1aNwaofD8
;AWqj1fGRMIXE4LT2BQ659MpxkHq5CJG5cChs3TDQ5P1Dsr9VN9jlEGFUttNHt1nA4HSoergVqov+JCD
;cMqTg/UBeP3UtKexQJ287GgaORdEJPeW2uBXWft81IQw12GiAoFunWswM/VUgt99BWjoO/AhNmz3mxA
;skfzV09ictzYlotbKDtOlcUGGpufGCR6bcLNbmG4dn+vxwE/jgMCqbxtq27wfbeGU7LQy97ZFfpaf2I
;1+UQ/JGbbnuMNEpNjkOWb/FfOoNHFJ5dDbWBIZldugeiFo6NZ2m/7dI3jqBct1CU4fXFSvkcPN0tv4m
;DGX2wDwCWrodvyz/N2D8sIHy9WDZh1c9CW5wc1yUdCaMTdRKPIJymNRWm4GqyZbUj+9SFVCk92dCswT
;XPaOZHmfZ2M3jNCIFaAWu4jF4nSKg9O0BS6ZRJWj8UXVE9eYHilW12B2EavkFnqrPdHjdNrGx7UFftx
;QlKOhAMES18hbPVfXMDMFquRGP7880bMxzsfH5UBq3VDE5rUBwUKS3Fo9B5IkMgX6pFd+qz3BonDaxt
;f0AX7cQNWnoQDRU9PIWy0W0zAzFevgRj+vfdWzMd6Gw+VAepxUxOalQMVCkswbOQeSNHMB+qFCf7tsl
;LdxypeC4QBujRXAprFRhEbS2Ap4A9IgYwWq5EY/vzzRszHOx8flQGrdUMTmtQHBQpLcWj0HkiQyBfqh
;Uj6/bJSnMM6XgvFBao0V0Oe1UYRWk9wKeBOTJGJA7qBSbvp4ladgi4OD8REvmRTQt/BFhVbDmR55F5I
;0cwH6oUJ/u2yUt3HKl4LhAG6NFcCmsVGERtLYCngD0iBiQP7hVm76aNSjYIuTwvURL4lV1LfwVcRSw5
;kOOBfDYWYA6vAXarp8xeJky4fTtBVvnUSVs7BB1RPD3Ap4E5MkYkDuoFJu+niVp2CLg4PxES+ZFNC38
;EWFVsOZHnkTw2F2Qe7wF3r7eMXidIqD07QFLplElaPxRdUT15geKVbXYHYRq+QWeqs90eN02sbHtQV+
;3FCUo6EFxFLDmQ44F8NhZgDq8BdqunzF4mTLh9O0FW+dRJWzsEHVE8fZGilWxyFyEav0V36rPcGicNr
;G1/QBftxA1aehANFT08hbLRbTMDMV6+BGP6991bMx3obD5UB6nFAEpbnBzXJR0JoxN1Eo8gnKYl7+s1
;xXq/DCp0H9gWa91twnuWFHWlPQOrsfUyhSg+JgXl45dFWrUEiPQ/0h7JXU3IczSUVa81oSuR/zonqB4
;sDUdjt09SF4So/jfQNuvdb8pbFhR3rR2Dq7P9EgUoPC4lZeOVTXo1BIr8H1Iey1VtSHM2nHUvNaMjsX
;86JaA+rA1Fa5fPUhWMiH43cpbJ10Vo+zQeXQ+9oaGZX7InIhaMhUfpv+/aFw6I9D/SHsldTchzNJRVr
;zWhK5H/OieoHiwNR2O3T1IXhKj+N3Ce6VdFavMUnl0NtYEhmV26B6IWjo1nab89aZ1BZsEmUDQ3grVd
;Jv3VJ9Y9gaORNHdJZLDsZeWss81avlzmOzJaDOPVTUp2XVQRfz2BotV9MgZGFqgFZ+uiQ7nMDKh8NiB
;esKZNSmlgHFU/SYB992JKByAdW0wjquO1gNrbmXa8EAZvBHxmQ4neQ6+AdhzX01BmQbnOlE2+ITlr2J
;mmp8OVEZ9gmy17BHkMu5U03Y1PAf2eqb51TBAJ+uVY176Z5JNn9XhKlrFtgiQxenJVoXKyJyIWjIVH6
;b/v2hcOoF6/cBTh981qeRw+1Q0/iYERXTAPAp6OB2/JN+1YPy4oXD1YNGn1T0JZlDxXJR8Bg5N1EIcA
;HKYn58u1xXi3LKqgY5naIRmrOyZDF1Sa7uv99zsrgQG4x7d3G2BjscXHpIwZ2BZr3W3Ce5YUdaU9A6u
;x9TKFKD4mBeXjl0VatQSI9D/SHsldTchzNJRVrzWhK5H/OieoHiwNR2O3T1IXhKj+N3Ce6VdFavMUnl
;0NtYEhmV26B6IWjo1nab/t0jcEivwfUh7LVW1IczacdS81oyOxfzoloD6sDUVrl89SFYyIfjdylsnXR
;Wj7NB5dD72hoZlfsiciFoyFR+m/79oXDqBev3AU4ffNankcPtUNP4mBEV0wDwKejgdvybdPUheEqP43
;cJ7pV0Vq8xSeXQ21gSGZXboHohaOjWdpv+3SN46gXLdQlOH1xUr5HDzdLb+Jgxl9sA8Alq6Hb8s/zdg
;/LCB8vVg2YdXPQlucHNclHQmjE3USjyCcpoVH6b/v2hcOoF6/cBTh981qeRw+1Q0/iYERXTAPAp6OB2
;/JN+1YPy4oXD1YNGn1T0JZlDxXJR8Bg5N1EIcAHKYn58u1xXi3LKp0HdA2691vylsWFHetHYOrs/0SB
;QCWrodvyz/N2D8sIHy9WDZh1c9CW5wc1yUdCaMTdRKPIJymJe/rNcV6vwwqdB/YFmvdbcJ7lhR1pT0D
;q7H1MoUoPiYF5eOXRVq1BIj0P9IeyV1NyHM0lFWvNaErkXUQhwAcpifny7XFeLcsqnQd0Dbr3W/KWxY
;Ud60dg6uz/RIFKDwuJWXjlU16NQSK/B9SHstVbUhzNpx1LzWjI7F/OiWgPqwNRWuXz1IVjIh+N3KWyd
;dFaPs0Hl2PNIGngD0iBiQP7hVm76aNSjYIuTwvURL4lV1LfwVcRSw5kOOBfDYWYA6vAXarp8xeJky4f
;TtBVvnUSVs7BB1RPH2RopVschchGr9Fd+qz3BonDaxtf0AX7cQNWnoEWFVsOZHnkTw2F2Qe7wF3r7eM
;XidIqD07QFLplElaPxRdUT15geKVbXYHYRq+QWeqs90eN02sbHtQV+3FCUo6EAwRLXyFs9V9cwMwWq5
;EY/vzzRszHOx8flQGrdVJWzsEHVE8fZGilWxyFyEav0V36rPcGicNrG1/QBftxA1aehANFT08hbLRbT
;MDMV6+BGP6991bMx3obD4uUN4avpl3FA16UhiWflZcENMgHq4FLq75ifR1bCpy71AW6NVNSufbHFW4O
;YGjoH0yB3Ae3AUO69nNLjdpqA4/YRa21QxKNRRZVXk93qPQfQoHfx7+BQvrws0pN1OoLj8AFqDVfkok
;FE9VZj3To6N9bQdpHsoFAuvWzTc3bagXPzUWm9USSisUblVCPeej+H1eB0UerhZn67esOVRpxBlNMWK
;AuiMVGXtoIUJQgaKRfTIHIF7RRWfwt81aVm/LGVM1ZIihJCUVS346WUnuzs4OR3VGf81gZ+q3zVo3DO
;gDf1AO6dVNKxh3eTlIT+DX+BJcWEZ33HYTtNusI1J+qH0/UBbp1Q01OxQPVS094MDyGF5iUn/abAiF6
;KQ0UWXEED9RFunVTUo7a1xVNT2Bo/AeUWJMe9xkE4LYowVeYtsZSw9/h7soOHsVHFUtPYHj7j0yHyAe
;rmQEiNKhP0Vt3BVQPkmAuz4vD0tzIFlY86OQfTIHIB7ueifrpc1aN23LH1o8c5u0OSMUekMlX1Tv15F
;8MgcgHq5FGKu32Vo3DMkfXDV6jKcsPhJ7cgpeSPHT/g9GByEergVn6/eyGjccqHw/MXWKsCEvCXVoPE
;JT3tf+DTIGIB6uBWeryI1aLwyofF4zdYy5KDgaYHU6Q2L1zOEiQXJSeM9mAuu2zVo3DKg8QBAW+tVNS
;hp3fzBBWPPC5RRdaX9q3GQRjtvNWzcMqHw/EGmp1W9KexR9Nk5Y7cbjHEZuT3DxcRWKwag2aH/AE00k
;SY28Pj4aen8wLTyBo5F9MgcgHq4sZ+u3rCxYZcwjSyJ3n7AhFRN7cDBeYvHC5RVtakFm8WkChdC5Mmh
;qyR9LP2Tp1E1KexQcVUR9gYqRfTJmVnHHYTifxawsUmD3FFA8c5qKPSsPfEM4TEXezf4iQGJUbM9mE4
;LYo1o2DKh8P1AW6dVNQXsUHDdIUfX8/htUdEVqrgRn67fNWjfcl3wpUBbptygmD0tuNEtJ3sLyHldrR
;WzPcQ6E2c1bNwyofD8QaanVXUp7FH4wQUne0fAbRlhBd9xiBpu3zFo3DKh8P7Ap6cdNSnt2eTlZYvPC
;9wltYUxx2XcGn9LNWzcMqHw/UE+p1UNKexR+MEFJ3tHwG0ZYSnvcbmfqt81aNwyoaH9QBunVTSgeeGg
;KX1zn184SVGFTe9oFZuu3zVo3DFhDP18W6dUvLxdgQydMW/X84g1XYkQerwVn67fNWhlMqG8/UBaLsC
;E+JGZ9M1li9cv4HllpRW3dBWbrt81aNwxQQz9CFunVLy8XYEMiTFHt/PcRXXBSf9pgZ+q3zVo3DKglf
;1AC6dVNKB54aApaXO3PzhFXaUdqxloKgtnNWzcMqHw/UObW1UJKexR+MEFJ3tTwEV5YU27LYAPrts1a
;NwyofBsQFvfVTUoZZnUxSlTvxM4YSnNSa91sCIXoujNTeMAjTTFigLpNS3sUHFUtPdjjkW8yByB83Gw
;DjN6jPWhqyRJgI2aMsClKehQcVS09gfrRfSYHIB7Mdw6P0KQ0UFPOFUc1cra0Iy0XcRxULT2Bo5F9Mg
;cgB64FZ4nFpD5QZcYbYDZ6hrQ5Lx9LfSdIXN7O+BMyBiAergVn64ONWiYMqHxdIn+NsiQkHEt6OUJK8
;8LlGDIGIB6uBWfr7o1aLwyofF0if42yJCQcS289SFHt0M4bXmhXbM9xAuu2zVo3DKh8ZhAW/NVNShlm
;dTFKVO/Ezg5aYkxy3VoUm9KoPjcNqHw/UBbp6w1KdRQcVU9P6Mf2FFxgf23eYAKPt8xaNwyofD8eVun
;0TUp7dm48SVrozfYiQXJQbsF3E47TkjtFackjTTFigLoSJxpsHFQtPYGjkX17RyARrgVnicWkN2hgwR
;JaD3WGoCM+exUcVS09gaO1PTIMIB6uZxWC2pI1UWrbGUtQF+nVTUp7FBxVLS+Bo5EeXWZTasdrALTTp
;ClDbcYfWmEW6NVNSnsUHFUtPZOjkX1RaEFt2mwJjOipM0R4yRJcNSTp1E1KexQcVS09gY2RfTJkT3DK
;bBOC2KM7W1PHEloPZYGwISYke3IKWVLx/OIIQGFBfct2OIbeowVWfs0dP1EW6dVNSnsUHFUCPYGj8hJ
;cY0lqx2oJituSNVlp9w9XNXqFiiIkJGBzJXJO9NH3HFFiU0HDbAm0wKQ+Q2SofT9QFunVTUp7FDNVLT
;3izP8ZW3NJccBkC7TDoipof90OWTF1jIokJB19cDlyTeDX5RhAaX9zx2s4isWoOzcNqHw/UBbp1U1KS
;xQcVU5S78f4CVtoTn/CWhOEx5IpQn7OHVw1SYC7KyMXeEMlTEn1xuMTbWpJcPFyDo/DpVo2DKh8P1AW
;6dVNX3sUHDZCUu3K/xptZE97yGMOiN6oNENTyXw+fVX1Pq98ISscQC09gcD+El5uTnnxZgiO0aszVGX
;NEksPdOnUgIa32NCZ2YKBtpF9MmRPccJsCYzorjVSas4VXDlzh6ESKXsVHFUtPYFj4z0yFCAermYIhN
;uSN15i9xBeKXObijkjFnEcVC09gaORfRxHIA+uBWeI2KI2aGHBEmA2c4yxPysPcRxULT2Bo5F9FkcgC
;K4FZ4/SoylSU9sJTyB5m6ESLBd7aydMSeSjkH0yByAerlwn66rNWjdozRJMNUmaoD06FGZoCkRT58r9
;EW1oVWrCbAmOxM1bNwyofD9QFunVWkp7FG8gXU3u0eUiVmJObctaAYLboQVFbdwZP1EW6dVNSntAXFU
;wPYGj9RhcdEVB3XAXm9i/LmhlxhJaIkmMrT0rFWd1OkM9gKORfTIHIB6uBXTrt80pQnzYE00kSY2wIz
;keS3A0VFjzo5B9MgcgHq4FZ+uszVo3aM0STDVJmqA9OhRmaApBXPjG4w5tZU9q2moK67bNWjcMqHw/U
;Bb61U1KH3FyJkhi8tbhDV11VEHddQKO081bNwyofD9QX6nVVEp7FHg8QFjv0PgSXFhYZ/FmCIbHqDRE
;bdwVUD4W6NVNSnsUHFUtPZ+jkX1Wbk17wHYOhNmSIk5TyxNSIHOHpiw+EntyCkVS7caRfDIHIB6uBWf
;rt9RaNwzMEE8Pd4ehJCsXfX0mRFPm/PYPU35/c899Z+q3zVo3DEgTf1AP6dVNLhdkQzRDSejC/RRTdE
;lwyVoAmda0BVplxnw+UBbp1U1KexQcQy09gcf9DW1mTmrHZAuC1r4zWWv3EFomc4XVTEp7FBxVLR3Bo
;4Z9MgdEct5aBoXDpDtbZckPVj5xtrgoPhN7eFUsPYGjkX0y9x8eiQVn69OhKmhuyQ9aD3qIrCg4JHV6
;IUhP3sbpDV10VWzLWhCK3rkFQ2XFGT9RFunVTUp7FBxVBT2Bo/URQlhCf91gOIfWtD9FU8oZWT9kjIo
;oMgt7byBfWN7U8BRGWFR3w2Bn6rfNWjcMqHh/UArp1U0uF2RDN0xO5Pz9HEtiUkHMahWP0r8FWGrOD1
;okFujVTUp7FBxVLT2lo5F9VmtQQcxkFI7ooTtOadojXD94nbo4OCRxZCVCTvTR9CJGbk17rgRn67fNW
;jck6HwUUBbpsSE6JHZ9Jkhi7cLoGEBYRW3abAqKw6Q1WVPcFVI1SYq6IDoeem80WVTuzZF8MgcgHq4F
;Z+u36Vo3DMwQTw90iKYoFRd1ZTBfYufK/RFbaUdBy30XhMS4KFJT3BVSNRbo1U1KexQcpRI9mKORfVZ
;rUEHMZBSO6KE7TmnaI08/YYynEicUcHlVLD2Bo5F9MvcfHo8FZ+vToSpobskPWg96iKwoOCRmfSVEWd
;7H4xJCWFpB3XUCjtPNWzcMqHw/UDap1WlKexR4OV1i48LiGG1rQWfLdziZ1r0zU1PEFVkkSZOKKSMIY
;H07TliBopF9MgcgHrxFZ8q3zVpTYNgjXTFljIohKwJxbgpfXPHK9SJebkZq8X84mMeoP1MMqXw/UBbp
;1W0KezccVS1Z7dPOH1N0RUHCZB6OxZIpW2PfI1sieZmKNxUffW8hTFPixpF8MgcgHq4Fb6u37Vo3DMw
;QTw90iKYoFRd1ZTBfYvLP/gptY1Jx3lodtMS9P1JoqH0/UBbp1U1qOxQ/VS095c/hIlBmU3vxaQaS0r
;8FRGDHC2A8f4+hEjAkcHUmWVzvwPR9MwcgHq4FZ+P3zXo3DKgYUyBJi7Q+LyR4fSxIT97Q/RJFWEx3y
;HE4kei+KlJpzHw+UBbp1U1KW1QccS09gcf9DW1lQW3LWguKzqgoaH/dDE8/ZJ2KKDILe28gX1je1/gQ
;VwchHq4FZ+u35Ro3Kah8PzR6mYovKwhxQzlMROTRzglabkN1wGAUmOiuNVp8zRJMMWKAuiNKehQcVS0
;9gaORfRYHIB7KaRe01awpUlPEHUY1ZLagPToeZkMlQlTv184KU25UQdpsCo63zFo3DKh8P7Ap6dpNSn
;twcCVyX+DQ9CJeZll73HZn6rfNWjcMqFx/UAnp1U0uF2RDNkVc7MH0D21vRX/acBe0xLk7WWjKBWAkf
;4SwTUt7FBxVLT2V45FdMgcgesJ1OIjfrDdVadojTyJ/h6EkJBxLaDBATeTR8AlHdUUerwVn67fN2nZM
;qG0/UBaNuT0VGHtyIUJI8/zmFFZzSB6vBWfrt81aP0yocz9QFo25PRUfZmU8Q1re1/gQVwchHq4FZ+u
;32Ro3H6h8PzR6mYooLhxxQzdBSPP8/RhEYkwerwVn67fNWsczqF8/UBaNuT0VHX1uOFpc88bOHFFkRX
;LLdwaf3qI0aHb3GFo2d5y5OUp6FBxVLT2Bh9F9KQcgHsppF7TRpChae8kOWg98jKcmFQFLeDBLXPTP5
;X0zByAergVnG4jNQjcMqBhTIEmPvD8nDHVuMHJO8cb0GW19f3PPfWfqt81aNwyoaH9QDenVTS4XZEM9
;SFz1/PIIQG5OefFxAobHqChWeN0OWlAX6dVNSnsUUhUtKoGjkRled393w2QAjui5KFZi2xpaIkmdvCA
;vexWyEsxHlQ2EPTIUIB6uYQub6KQpW23GGGAxZIy0EicSehxULT2Bo5F9yjggBa4FZ4/bvQVbbdEZTQ
;97jKcqLyR3cDpeWN7F8B5XdCAfrgVn67fNWjcMs3w/UHKFpRInTyQsCk5S7M7wE1ZYRHvCZB60w6Q3U
;gypTwxjJdrmnnV7PRxVLVnt084QW2NEcstaC4rOqChobc4IWiJJjK09JQhhbjBySuDK5SJGbk17rgRn
;67fNWjcMqHwVUBbpsSE6JHl1MUlR5Pz9HEtiUkHMYAGExagFUnTYE0wlZIyKOisSYEMhRFDko5B9Mgc
;gHq4BJ+upzVo3aMQMYD1/jbEhLyR4fSxIT97B/g9WYlJBwWMBmNK5WjYMqHw/UBbp1U1sexQcMUFN3s
;74GVZrRUHCZB6OxZI5WGLcE0oiSYytPSUIYW4wcknozvR9MwcgHq4FZ8v3zXc3DKgYUyBJhLwpLhdxQ
;zlMROTRzhhBc0lzz3EOhNmSLl5hzSNcP3uZsCM5GmB1OkM9gKORfTIHIB6uBU7rt80+W3z3EVY0coWw
;EiYabXknclj50/4OR3VFQdpsCo7ouShWYtsVSzl5h9VMSnsUHFUtPYGjt30yB0Ry3loKgtOpNlJTxB1
;GNWS2syQmF31yMnJY+dP+Dkd1RUHabAqOt8xaNwyofD+gKenOTUp7cHAlclDox/URV1hMf9dgFbTHoi
;1SfvcRUDRz6dRNSnsUHFXdAoGAkX0yY0xu8WgOj9OhP2hgyQVaIkmbtD0jH0t4J0JN3tnODkJiRXquB
;Gfrt81aNyzofBlQFumxITokeXUxSVHk/P0cS2JSQdxkF4LTkjZeatwjRQ9ygKY5KxV3eVUsPYGjkX0y
;B2AejQVn69OhKmhhwRhbPHO2uSwzHmZDJ0xN6MfOEVthVEHUWhSb0qg+Nw2ofD9QFun1DUpeFBxVSVH
;x/PwUVmNMe/FpBpLSvwVEYMcLYDRkhqUSMCRwdSZZXO/A9H0zByAergVn6/fNeDcMqBhTIEmEvCkuF3
;FDOUxE5NHODl5oV0HKdwib6LcFRHzNGVtQF+nVTUp7FDwVLRiBo5EZXnd/c8dhA4fSkjZWdc0OYCN6h
;qISJhJyaApXYuXK4glTaUN7rgRn67fNWjcM6HwdUBbpsSE6JHl1MUlR5Pz9HEtiUkHdaQic6KEzUXj3
;BmAjZoywKUp6FBxVLT2Bg9F9FAcgHsppF7TapD5TYM0jUzFvjKcSOQ5kbDpfSd7G6Q1ddFVsy1oTgtq
;oWjYMqHw/UBbJlU1sexQcMUFN3s74GVZrRUHCZB6OxZIvR3zNDmAgeYC7ORUMdXUhcknozvR9MwcgHq
;4FZ+u3zUs3DKgYUyBJhLwpLhdxQzlMROTR4n0zByAergVny/fNczcMqBhTIEmHuj8nGnhDOUxE5NHOH
;FRzRWzxYB+b2L4vRWn3C145YrahJCceFB1VLT2Bo5F9MgcKHq4FA4fHkjRYfsUdUw96iKwoOCR2eTNC
;T+T89AVCaFNr3GA4nNakLmh4wRFaUBfp1U1KexQcFS0jgaORGV53f3DBdwqK25I2VnXNDmAyeZuxKDg
;ke3ozXlj1o5B9MgcgHq4FZ+uRzVo3aMQMYD55m7gsJiR4fSxIT97A/hNGaFVs8WAfm9i+L0Vp9whWPX
;Pp1E1KexQcVT19gY6RfTJjTG7xawiZ2qw2aGDJBVoiSYymOSMWdWg8QlPe1/gQV1hDccN1AoXErC5eY
;8Z8PlAW6dVNSnsUHHMtPYHH/Q1taU9sw2QLtNusI1J+9xpWPHqAuyoVHmxsOl5I88bOCVtqRR6vBWfr
;t81aJ0yoZz9QFo25PRUVe244TFHez/AEV3V/bsFyApnooDVTaah9P1AW6dVNukQUP1UtPeXP4SJcaFJ
;zz2k4h9a0P0VT2h1POXK2sT8lC0tmCl5N5Mb1fTMHIB6uBWfD9818NwyoGFMgSYe6PycaeEM5TETk0c
;4PU3dJevFpDo3DkiBoaMEPSzF4irBNS3sUHFUtPYHjkV4yByB6wnU4hdi/N1Zg9xBeKXObij8rC314C
;kFU59fOB210UHvLYWfqt81aNwyoVH9QM+nVTS4XZEM7Qk/swv0iXmZZe9xaFIfYugVTfscMYCpJjbw+
;Php6fzAtPIGjkX0yB9Ahridn67epNkdTxhNNPXeFiiErAnFuCl5R7tTOGUBoUEHUWhSb0qg+Nw2ofD9
;QFun9DUpeFBxVSVHx/P8SQGpBcvFpBpLSvwVEYMcLYDx/j6ESMCRwdSZZXO/A9H0zByAergVnG4jNeD
;cMqBhTIEmHuj8nGnhDOUxE5NHODl5oV0HCbAGf6LcFRHzNGVtQF+nVTUp7FAgVLRuBo5EZXnd/cMF3C
;orbkjZWdc0OYCNjmaUiOA9LeS1dUvLW4xhtc0lzywVm67fNWjcMsjw/dhbp1SkmC0tyOl9Q4M/OEVN+
;RWzxcBeb0r8FR2PBEksPYYi8ORUPfXEwLTyBo5F9MgcgHq4bZ+u3qTZHU9oZUj9gjIovPxl2cDBySuD
;K5RRcYH9qx2gC67b+aQQ/m0/sbxbk1U1KH3hsCl5e4M/4E1VYWB6vBWfrt81abkyocT9QFo25PRUId3
;05RFPm/Oh9MwcgHq4FZ7L3zUk3DKgYUyBJmrkkKR5LaDpBWPPC/x5XByEergVn67fNWjc+qHw/NHqZi
;j4/CXJ9Nkhi8sr1GG1zRWbacBWO6KkzRG3KEFoPeYeKIjweZnQ0Q1rewv8aXmIgH64FZ+u3TRt3DIt8
;P1ByhaUSOQ5mejROWN7Q+BlXWFR71nESmdKSKFJ/xxBKJH+Gu01L4Y2FzLSkOJyRXzIHIHrCdTiYwr8
;8Vm/NI0w5coyKOS8DYGknSGL52s4SVGFTe9oFZuu3zVo3DEhDP0cW6dUpJgtLaDBATeTR8AlHdUVBzW
;0GhtWoKDcNqHw/UBZplA1KaxQcVUlR8fzmHEFvSXDJWgqE06haNgyofD9QFhnqTUV7FBwwVUnz1vUYQ
;FhBc8FwCZ+3zFo3DKh8P6Ap6cJNSntxZCFfSOXG4yJXf0N2z2sAjui5M1ppmXw+UBbp1U1KexQcQi09
;gcbpCUByRHvcWgKT1KU7WWvNI0s5e4znTUt7FBxVLT2Bo5FvMgcge9ZxFZ7TqChoY84aTDVitq18Sno
;UHFUtPYGa0X0gByAey30TmcKpP0VTxxpZI3OdijV4exUcVS09gaORfTIVIB6uYB+fxbg+Un73E1k2ZY
;yhEjJIFB1VLT2Bo5F9MgcyHq4FApPDvy9TadojUDZwmrA5FQIlHFQtPYGjkX0yByAMrgVnjs+5KEJoz
;Q5gP3CPpig+JG0uVSw9gaORfTIHIB68BWfr0rUuRXnMGU0PeY+zPi8PS2VmLTyBo5F9MgcgHq42Z+u3
;qCJDft0YWiJJmqIkPhh8QzZCUu3K/xptb0V/2nAXtNapLFZiyxlgJHOEpSg4GmBpJ0gMgaKRfTIHIB7
;HRWfYt81aUnTcDko0c5uKPj0SYH89cl7uzP0UXGB/dstkE57HkjtTeskSXDVJnbAgOh5mfSFYT+SRkX
;wyByAergUOq7fmWjcMzQRLImONsD8VCGN1IU5V3sD+El5uTnnxbQKKw7gqaG3MCl4+dYyKOSMWcRxUL
;T2Bo5F9dkcgAK4FZ47PuShCaM0OYCNhgKEuIiR3czpBVO/Ezg1TdUtB1gVm67fNWjcMljw/Thbp1Sgy
;D2ZpMUhP3tDmFEZkSEHNagiH3qM9aHzJDlQPb+nUTUp7FBz1c32Bh5F9MmJYatxwA47FkilAZdwfVw9
;1hrohIxVzQyFIUPHG4xxGclJ7nwVm67fNWjeMzjw/dBbp1SgyD2ZpMUhP3tDmFEZkSEHNagiH3qM9aH
;jNEU81ZIihODgeJhxULT2Bo5H9VEcgB64FZ5nSvi5WftwjWihim7QSLg51cApMUO7W/wkyBiAergVn6
;7fNWhIMqHxaKGKboCkvCUtvIkRJ4svOD1d0VH/ccTiOz7koVlPJEVAleJ3nTUt7FBxVLT2Bo5FvMgcg
;bMt2E4rFuQVTeckQYCNmjLApSnoUHFUtPYGX0X0sByAey30TmcKpP0VT2wtWJHWBij8vCGB9J1li8tP
;0GFY1IB+uBWfrt81udwy+fD9QZIyhPysYYHU6Q2Ll1vARbWZNcdtrE+u2zVo3DKh8GxAWy9VNSh5saC
;dYWeTRzg5FblR9xloVjsO/O1R4wRNRD3eEujgkDyYcVC09gaORfRZHIAuuBWeZ0rkoVm/cFVA+SY2gL
;CYkZ2wwSFmBopF9MgcgHppFZ8q3zVpSdNwOSjRzm4o+PRJgfz1yT+TX4xxRc0lxwFoUm9KoPgUMqXw/
;UBbp1XkKewccVS1Y+dfjCFZiUkHZbBeO6LkzWmmZfD5QFunVTUp7FBxGLT2BxukJQHJEe9xaEILHqAV
;DZcUZDVAX6dVNSnsUHFUtMoGjkRhKc1Jr3WwIhei6M1N4wHw+yo9wTNTToiscRC09gcbpCUByU3fBaz
;ic3qkuX1OafD7Kj3BM1NOiKxxGLT2BxfATbWVMd95aF4rCvj9oYdsZXFAX6dVNSntUYxUtL4GjkRtTa
;X98wmwXtMOlKFJ/wBNTNBbo1U1KexQca209iKORfVRmTkHddQKO081bNwyofD9QT6nVQEp7FHo0Q2Ly
;0/QYVlhNf9YFZuu3zVo3DOw8P0EW6dUrIxd1cTBDSd7H+BxfYlR73AVm67fNWjcMVEM/Qhbp1SsjF3V
;xMENJ3sf4HF9iVHvcN2fqt81aNwyogABQBOnVTSwSeH04SFP1/PUUU2pFast3VOu2zVo3DKh8P1AW+9
;VNSh19cDRAWO/XzhlbZk172mAV37fMWjcMqHw/UBbp2E1Ke3J1OUxQ5M3lIlRrT2muBGfrt81aN1Xof
;DFQFumzJCYaeXk7WWLnz/4KAwchHq4FZ+t3mho3Aqh8PzZ/hbQgLxVgQzNBUvaRkXwyByAeroUxq7fA
;WjcMzhVTMXuMuzkVD21sMC08gaORfTIHIF6uC2frt6szW23FGVEkSZ2sPS9JFB1VLT2Bo5F9cgcAHq4
;FAYLbuT9FU8cJSw9lhLQhJiRkfSdZYvLK6xhtdUFqx2pn6rfNWjcMqCV/UDPp1U0sEmZvIXJR4Nr0D2
;1jSXPLaxSC2KMFT3X3H1A9Zoy7PisPfXM7LTyBo5F9MgcgHq4vZ+u3qzNFf9wjUzFvjKcSLhJ5eTteV
;O7NzgVLWENxw3UChcSsLl5jxiNXP3qM1UxKexQcVS09gaOwfTIHRnfcdhO026wjUn73GUckZJymJCUV
;S2s8SUnp/OMcRm5PHq8FZ+u3zVpuTKhkP1AWj7w/OQ94fSxIT97F+BFTakVw2loBh9i6WjYMqHw/UBa
;wlU1aexQcN0JJ9cz8IkZvSX3FawKYxM1bBD+bTwxjxdbVX0p7FHo8X071/P0cS2JSQd1tAofbvlo2DK
;h8P1AW/ZVNZHsUHDNET/LXzhFTfkVs8XYIh96pBV5izhVTPEmMrTk4Dmd1OkNi9sr1CVpYUn/abAjrt
;s1aNwyofGYQFsjVTUodfW4mWWLtwugYQFhTccJsA7TeozxeYMQjWTx5nqcsPh4UHVUtPYGjkSRyBz4e
;rgUBgsW+LmhgyQVaIkmauiEjH0t1O0tU7c/ODkJiRXquBGfrt81aN0jofC1QFum3Ij4Pe3EKQVz4xuM
;iQXdFe8oFZuu3zVo3DOw8P0MW6dUqKwtLejxBUd7O+BNta0VwyXEP67bNWjcMqHw/UBbF1U1KHHVsCk
;tU7c/ODltpR3LLWgKTw78vRGXHEmAzeYSlKCQIdWg8QlPe0fAJW2ggH64FZ+u3TQp3DIt8P1BxiKUSL
;BJ4cApeVO/E/RhtYlhq3HAUgtijBUVt3BVQD3uIrU1LexQcVS096OORXjIHIHnPdTiN3qE2aH/BElg8
;c7awNT4JYW88QlPe0fAJW2h/c8drZ+q3zVo3DCg8f1AJ6dVNLRpkQzNEUe384hRcYEx78WAfn8W4KV5
;jxiNMIHOMsU1LexQcVS09uOORczIHIHnPdTiN3qE2aH/YGVo0FujVTUp7FBwbbT2Ro5F9VWRPestaE5
;LHqAVeYswZR1AX6dVNSnsUHFUtMoGjkRpeaEJ/wloIjdG+P0NT0Hw+UBbp1U1KexQcWi09gcT9ElBmT
;EHBYwGY0rkFTgypfD9QFunVTUp7GxxVLVrtzPMcXlhPeMh2Ap/ot1o2DKh8P1AW6dVNX3sUHD1IXPXK
;/xptZE97yGMOiN6oNENTyXw+qmiDaTnZE6scQC09gcv0HEZuTnnxZgiO0aszVGXNEksPdOnUTUp7FBx
;VLX2BtpF9Mm9Ff9psCYzorjVSas4VXDlzh6ESKXsVHFUtPYGj3z0yGyAerm0CisOkNFBT3BVSNUmMpj
;kjFnVoPEJT3tfoDVcHIR6uBWfrt81aNxmofD84c4ihODokc386SVje0PQMR2JOfcsFZuu3zVo3DKh8P
;3AW6dUkJB19cDlyXOXC4QlbcUVBx2sBgtuhBUVt3BVQD3uIrU1LexQcVS09v+ORXTIHIHfAYw6H25I7
;U23YCFYmc7a8IywSeHAKX1z1yv4iX25OHq8FZ+u3zVojTKhjP1AWgLsrIxd4QzRJXPHX+AtXWElwwGA
;VtNK1KlZi2xVQPhboT9TT4o2FvBI9l6ORfVtpRnfCaTiK06wqQ2XeGWA8d5CwPzl7FRxVLT2Bo4U9Mh
;0gHq5sCY3eoTZobcwdTyR/n7ASOB5waTZZVO7N4n0zByAergVn6/fNQzcMqBVRNn+FuRIrH3VsIURL5
;PzmFFZzSEHDbAnrts1aNwyofDcQFvLVTUoSeno8QVHewv8eWmhSQcJgCYzDpQVRbcsIUCIW6NVNSnsU
;HFUtPY6jkX1baUZ3wmk4isWoO2hhwRI/URbp1U1KexQcVTE9gaP4E1RuTHLxdheKxb4/aG/HEV05eIy
;KISsCcW4mLTyBo5F9MgfQIa4ZZ+u3pDRRZcQQYDVunac4ORJ7cgpaVOXX+SJAZlR3wQVm67fNWjeM/j
;w/RBbp1SQkHX1wOXJb6M/wEFdpVEHIaQict8xaNwyofL8GVunaTUp7fXIzRFHt/P4bVHRFavF9Z+q3z
;Vo3DKh8P1AZ6dVNIxVydTlBYu7F9w5Xc39nrgRn67fNWjcMqHwzUBbpsyQmF0tzI0hP7cLhfTMHIB6u
;BWf7981WNwyoGlY8eraxKCQIfWgsLTyBo5F9MgcEXq4IZ+u3pDRRZcQQYCN+jLkhOXsVHFUtPYGjkX0
;yCyAermwJjd6hNmh/2BlaNBbo1U1KexQcG209kaORfVtpRnfCaTic3qkuX1PFFVFQF3NM1NPijbVqLR
;mBo5EUXGlFbPFnFYLTqjNZa/cZRyRknKYkJRVLazxJSen84xxGbk8erwVn67fNWm5MqGs/UBaAuyMvC
;Ut+J0RZ5sr/Gm1hTHHZdwaf0s1bNwyofD9QT6nVWUp7FHU7Q1jz/PMPW2NHd8BiOJjHqD9TDKl8P1AW
;6dUDCns1HFUtVO/Q9Altbk5wy3c4js+5KEJ/wRNRD2GAsTkiJGZ9IURSgaKRfTIHIB73RWf/t81aXmL
;bGUsPf4e7KDgkcnA6Wk/g1/R9MwcgHq4F5733zVY3DKgVUSNzna0SOQtxeTEtPIGjkX0yB2ReriRn67
;ekNERp3CNQJWKMpxIvA2BuIF5U7s3OCltjVHbxdwaf3qJaNgyofD9QFrCVTV57FBw8Q07k184SR3NFb
;PFjC4TAvztDaah9P1AW6dVNEzsUEFUtPejN4hhGN39t3mACj7fMWjcMqHy/EVbpy01Ke31yIUhP7czy
;FltpR0HMahKF06woTlPMFUwkd4e2KEp6FBxVLT2Bo9F9JQcgHsdrE47FoTVUZ8ESWA91jLkhFRp6ezl
;IPYCjkX0yB6Ao7gV/67fNM1l4zQ5TP3WCvCMtJHd5OUFi7cLoGEB0IB+uBWfrt81adwy/fD9Qf4ehKD
;gXe38+RFPm/PIYXmt/acdhE4O3zMCulTHlprkp6cdNSnt9ciFIT+3M8hZbaUdBymAXn9/NWzcMqHw/U
;Bap1UBKexR1J0JT6M32IlNpR3LLBWbrt81aN4z+PD9AFunVJDgUenU7SmLnz/4KQGZUe64EZ+u3zVo3
;GOh8MlAW6bw/JRV9cjJyVO/Q9AkyBrqHN5z+cn7yWiIMqHxWInmHvCMtJHh1O0hi5criCVNpQ3uuBGf
;rt81aNwyofDJQFum8PyUVfXIyck7xxvQZMgYgHq4FZ+uTjVo8DKh8VTVkgoovJQ9gczgtPIGjkX0yBz
;RerhZn67enP0Vn9x5QJGKGuBI5DmZ6NE5YgaKRfTIHIB66RWf7t81aXWnaF2A2f5umORUXdWUwXz2Ao
;5F9MgcgCu4FbOu3zTBSfsMjVj5wgLkhSnoUHFUtPYG30X0iByAexGAVgOikNERp3CNWPniMp01LexQc
;VS09leORbTIHIHTLdwy03qMpUnj3E0okc5vVTEp7FBxVLSnBo5t9MgdKe9xuOJvFpDRDDKl8P1AW6dV
;ZCnsYHFUtV+TR+iJBclBuwXcT67bNWjcMqHwrEBbh1U1KEXFuPnJJ7tORfDIHIB6uBXOrt91aNwzCGU
;07SZ26PRUIYW4zTF7ko5B9MgcgHq4RJ+u8zVo3Zs0OVA9im7Q7LxcUHVUtPYGjkWlyBysergUXmd6jL
;mh/2BlaNBbo1U1KexQcEW09jaORfV5mWXvcWg+O3qoyQwypTwxjJdrmnnV7MhxVLVHg2vQPbW9Fd8lt
;E7TWqTtHeMEKWg97iK0SIh59ez1ZYvPC5RRdByEergVn67eDGjcqqHw/PHeQsD8VE3F1MkVJ3sL1HEJ
;zSWjLWgqC2ZIyUmXPFEsPZIihJCV7FRxVLT2Bo6g9MiQgHq5pBpLSvwVfacEbVyRJiLEsOg99ajByTu
;DO4RFbaUdB3XECm7fMISOi751F1Cnp/k1Ke3h9LEhP3sv0FFVvVEHPYQabw6QsUlPbCFogeZ+wPxUZe
;2ghQlDe0fAJW2ggH64FZ+u3zRN3DIB8P1B6iKwoOCR8eTxKVfX88BlTd1R32GA4mMOoKlh6zQ5gJHmZ
;ij8rD31zVSw9gaORfTJOYB65BWfr26wjUn73EVoicYyKLiYUZ3kKS1zixuJ9M525hzec/lKIzUI3DKg
;QXilzm4o+Lxx5eTtZYu3G/xpGb39zx2tn6i1Uw66VMcUAUB3p1U09GnhwCl5V5M/9DjIGIB6uBWfrp4
;1aIwyofFMxb4ynEjkTcXA5XmLu1fQPXmZQHq8FZ+u3zVp+TKhRP1AWhbQ0LwlLbyFMT/X84RJbaVRB3
;WYGmdGSMFhlxghgMXiOuSgVD3xuMF5V7s/1fTMHIB6uBQeI981+NwyoEF4pc5uKPj4aZmgKXVLozeUi
;QWRBbMhaDYTeoy5oYM0SWCR+6dRNSnsUHFUZfYGKkX0ya0Fny3c4mMOsKENT2BNWPmK2pi4rCXJDP0J
;U79fODkJiRXrxdwaf3qJaNgyofD9QFrCVTXp7FBw5TETk0c4ORmZSavF1CILZuQVEb8kOWQ98hrwjPi
;RnaDRfSd7L9BRVb1RB3GQTgtjNWzcMqHw/UBbp1W5KexRwNFRY8/ziCVN1VEHeag6Fw5IpVG3aGmA6e
;YC7ORUIYHklXj2Ao5F9MgcgOu4Fcuu3zTZWdc0OYCNiiKc5OhR9ciFySfjT9H0zByAergVn4/fNSTcM
;qBpWKHONiiErAnFuCl5J4NHlIkoHIR6uBWfrt81aNx+ofD82f5GwKRUXdWUwX2Ly1/APRlhZHq8FZ+u
;3zVo3DKhjP1AWhLQ5FRh7cjMcYufK/RxfYk5q8WYIhseoNERt3BVQPhbo1U1KexScAm09m6ORfV9mVE
;HNagmNhpI8XmDJEVo+YraxKCQIfWgsLTyBo5F9MmezXq4eZ+u3oDtDU8sTUTYntrMkJhp5eTtZYuXK8
;BBXc0VsrgRn67fNWjfwl3wkUBbpuCw+JHdzO0sM3sX4EVNqRXDaWheZ3q4/aG/GfD5QFunVTaoTVBxO
;LT2BzvAJbWRPcMg0OI3eoTtaacYIYCBkgLYoFRFkHFQtPYGjkfWBRyACrgVnhta5BVRjxhoOD3CAuSw
;nHnpoCl1P6MD0IlloUh6vBWfrt80a6EyoZz9QFoS0ORUYe3IzHGLnyv0cX2JOavF1FYLUqAVCf6h9P1
;AWSaWwcjsUMFUtPezC5SJRaE54n1oBgtusN1Ji3CNMNWKdvCMtCEt6PEFc7Mb/CW1jRXDdbBOSt8xaN
;wyofF/DVun4TUp7eX0hcl7uzfdMbWFJcs9oAoXDkilSeNwVUTdltrMkJhp5eTtZYuXK8BBXc0VsrgRn
;67fNWjfwl3wSUBbpuCw+JHdzO0sM3sX4EVNqRXDaWhSOw7kzWWvbI1k5eoi4KCQPS3o5QkrzwuUYMgY
;gHq4FZ2vgjVodDKh8UjFitrYiJB0lQzNEUeDO9BNGWFN72nEOhdC+BVFlxB1SNXidij04End5VSw9ga
;MxDc8/YB6ABWfr2qwuaG/HEllhSY+8ISsWcXIhck7k1+UUXGBTQchsC4raqDRDU94ZTTlwkIokLnsVH
;FUtPQEzUj0yGyAermgGn+iuNVlqmSNZOXqIuCgkD0tqMF9U59rOFFYHIR6uBWdrJw4aNxOofD89d52K
;LiUVci4KS1TtwvwYXHN/fcFoF47ZvjtDZccSP1EW6dVNSvtDXFU3PYGj/BxGWENxwGNVtNGkNlZhzRJ
;LD3KMuz4jD20cVC09gaORHaFHIAWuBWeG1rkFVGPGGg0PcIC5LCceemgKSVTgzvQJV3UgH64FZ+u3za
;YIDLN8P1B7iKESKRR6emdyW+jP8BBXaVRB3ncOiNKSOVkMqXw/UBbpNSUKew8cVS1Q4NfOHl1pRizxY
;w6H1qA/WXj3DE05dYyKJzp7FRxVLT2BKyI9MhsgHq5oBp/orjVZapojWTl6iLgoJA9LbCdEXuT8+hJA
;ByEergVn6/cSGjcXqHw/PXedii4lFXIuCktU7cL8GFxzf27cbASO6LgpNw2ofD/wZhTtDUpXFBxVQFz
;1/PISXGESQchsC4raqDRDU9sZSyR/h7I+FR19cDRAWO/XzhlXaVN32nxn6rfNWjcMyO9/UDvp1U0nGm
;BDNkJT55HOG1trQXPLaxO0xKguQ2XGG0wPcIC5LCceemgKSVTgzvQJV3UgH64FZ+u3zaYIDIV8P1B7i
;KESKRR6emdyW+jP8BBXaVRB3WATn96jPURTzhVTMXuMuzkVHXhzIl9c9caRfDIHIB6uhTCrt+daNwzF
;HUsPdYa7K3gkcnU5TFDkzeUiQWJUasdrAJjoqzNbbcUZUSRJmackKR4UHVUtPSHTbEVyBw4ergUKisO
;SOVhizk5gNn+FtCAvFWBDJkhJ9cr/GkFYRnfCZAqO2bkFQWnaFVkpSYCxTUt7FBxVra1C45FhMgcgc8
;9xOIjYozwFU84VUzF7jLs5FQ1xbjxLRN7K9X0zByAeroX3KPfNTTcMqBFeJHObvCwmJGd/NEFY3sXwH
;kZoUkHWBWbrt81aNwzxPD9HFunVICsPcW48TFHe0PIcXmJ/eM9mE4TFkiM3Dah8P1AW6YwNSmwUHFVA
;XPXG4xRTa39tzWQLjuirO1R4xw5gKhbo1U1KexQcDG09lKORfV9mWEHYague2qguRWXLI0wgc4yxfEp
;6FBxVLT2Bo5F9JwcgHsNkH7TBojZCYc0ITTl1tqY9Lx5wLlUsPYGjkX0yByAeswVn69qiPlJg9wxNNX
;WApigVAUt0MERa6dfOEVN+RWzdBWbrt81aNwy8PD9bFunVIyUBbnAwck7o2fR9MwcgHg6c/jKIzVQ3D
;KgLXjx6tqElIxh/cjBeToGiC+SrnrmHRzpn+bfNWkR52AxQImK2rxIuEmdoNENe5KOQTgE0Ey2dxljr
;os1aN2PeGU04d4eyEjkTcXA5XmLgzfYRVwchHq4FZ+u38xo3Fah8Pz9gjKclKxVzQyZFWO3P4iJUZk5
;B3XUCjtPNWzcMqHw/UE+p1VVKexRzI0hP6cL/Gm10SHvCaRS00aE1QH7JCFpQF+nVTUp7FEUVLSiBo5
;ESRGJSds9rALTEpT9bYNsjTCBzjLFNS3sUHFUtPcjjkWwyByBu3GAUmMK/P2htzApePnWM5E1LexQcV
;S09gaORbDIHIG7cYBSYwr8/aG3MCl4+dYznTUt7FBxVLT2Bo5FlMgcgbtxgFJjCvz9obcwKXj51jIok
;JB19cDkcPYCjkX0yByAergV/67fNKkVp2w9KInO2tCk8Gnp/MHJU78X4EV41IB+uBWfrt81aNwy1fD9
;QZpuwPjkOZnkKTFn3wv8eV1hJcN1gE7TeozRSfpl8PlAW6dVNSnsUHEgtPYHT4xhBdFVsy1oGj8GsNF
;Rp9xVRI3OdiiQkFXFuZy08gaORfTIHIB6uGGfrt70oUn/bCU01SYixOysVd3kKRFPyxuUiXXJUe9w0Z
;+q3zVo3DKh8P1AL6dVNOglxbyZYT+T88BlEZk59y1oOhcSoLmhj3QhaIiTp1E1KexQcVS09gb6RfTJ3
;UnvddhKZ0pI7U3rJElw1SZ26PRUIYW4zTF7kkpF8MgcgHq4FZ+u30Fo3DNgOWiNlnKcoFRpwajRDXuT
;85RJCWFNr3GMGiNL/WjYMqHw/UBbp1U1mexQcJV9U79f0D21kT3DIWgKTw78vU2naTWAzeoy0PysVd3
;kKT1ziyM4SVGFTe9oFZuu3zVo3DKh8P3kW6dU9OBJ6aDBfYuLM/xttYlhq3HADjsX8BVRgzR1NMXiKs
;BIvA2BuIElY86OQfTIHIB6uBWfrms1aN3zaFVEkc5uKLiUVckMwVUnz1vUYQDZ/fcJgBpnWozlSU84O
;UD5itrorLAhxaFUsPYGjkX0yByAeggVn68e/M1l4zQ5gM3mHsxIvA2BuIElY85LOHl5iQWzPawSO6KE
;/UXj3E1k2ZYyhTUt7FBxVLT2Bo5FQMgcgbtxsCZ/SvwVUY8YaYDVunac4Lh5mLQpOUeTC4xxcZEVB3G
;wAg8OSNVFq2xlLUBfp1U1KexQcVS0NgaORDUBuTmrLdziI2KM8aGnQCE0lcoynfBUYYW8hQlDe0+MUX
;HNBfMJgOJnSqjNYYvcEP1EW6dVNSnsUHFUZPYGj4Q9baVR73FoEhNmrBVJ03A5KNHOb5BIpDmdoOkBi
;8dH4E0ZmQnLLWhWO0KQ1WVPQD1Yqc+nUTUp7FBzVRn2Bk5F9MndSd8BxApnorjVZavcZRyRknLEoOEp
;LfyBeSe7Ozg1Abk5qz2cLjui/P1BlxxJgKRbo1U1KexQcVS09taORfUJ1SXDaYBW01KI0UVPNBEsiY4
;2wP3skd2kmWVLs/OEPW2lUf8xpArTFqD1eY8YjRiN/k7BNS3sUHFUtverjkVEyByBu3GwJn9K/BVRjx
;hpgNW6dpzguHmYuCk5R5MLjHFxkRUHMZASA6KI8UX/NCD9RFunVTUp7FBxVBD2Bo+EPW2lUe9xaBITZ
;qwVSdNwOSjRzm+cSKRdxfSdMU+LGzhhKc1JrymAV67bNWjcMqHzPbxbE1U1KC2Z1O1lY8/zyElxhf3v
;WcRWe06goBVPLEFoxZIi7Li8kcm46Q0nezPcbQWJUHq8FZ+u3zVo3DKhQP1AWmackJA9xbgpOUu/Fzh
;hKc1JrymAV2eiuNlJt2h1RM3O2uSgsD0tzM0tO5NeRfDIHIB6uBWfrt+BaNwzYDlY+YoynEikUenoKS
;EX10eQZV3USQc1pAorFrDRUafcOVjd+nYoiLB1neSEtPIGjkX0yByAerjVn67e9KF5i3BlND3WGuysV
;HmxoJ1hZ5NGjIlFyU2rBaDibxaQ0Q23KEFoPZIyyJCUVS2RVLD2Bo5F9MgcgHpoFZ+vHvzNZeM0OYDN
;5h7MSLwNgbiBJWPORzh5HdFRxw1oXmd6jLlZuxBlgInOOvCIkJGxvPFdYgaKRfTIHIB6uBWfbt81aR3
;7BEks1ZLa2IiQdS3ktWU/0x/QPAFhDa91xCIbovSheYtwdXTxztqcoLRJ7cgpUPYCjkX0yByAergVT6
;7fNKkVlxghaIkmKuiMsJHFkIV9I5cbjT21kVW3aagq0x78zWXjJHlM1SZuwKiMUekMsXlT7xpF8Mgcg
;Hq4FZ+u311o3DNgOVj5ijKcSKRR6egpKXO/X4wRtb0V3yW0T67bNWjcMqHw/UBb01U1KC2Z1O1lY8/z
;yElxhf3PPZg+C2agFVW3dGE0xYozVTEp7FBxVDTHAo499MgdQbMdrE47FkjlYYs4jUjF1gbwjLyR2eT
;FyTunC4RgyBiAergVn67fNWhYMqHxPIn+HoSg4JHdzO0ti7MLyFVtpRUHMYAO0w6g3R1PFHUdQF+nVT
;Up7lEcVLRuBo5ENQG5Oast3OIjYozxoYckfVzl4jIovLxdgQzJMU/XR6CJTaUdyywVm67fNWjeM7jw/
;cxbp1T04EnpoMF9i4sz/G21qQX3GbAmO6K41WnzNEkwxYoC6IxUDFB1VLT2Bo5EkcgcDHq4FF5neoy5
;SfvcfUD5wtrgsKRN9cjByXu7O4RhcdEFqx2oJtM7NWzcMqHw/UE+p1WJKexRsJ0RT9cbjIlFoTnjxaA
;aI36Q0UlPMHUsxSY+8IS8kYHQgQF/vwvgRbW9Fd8ltE+u2zVo3DKh8uxAWx9VNSgtmdTtZWPP88hJcY
;X9zz2YPgtmoBVNt3B1gNn+FsBI+E2FxN0Nc6M/OCltjVHauBGfrt81aN4jofCVQFumlPyMVYHkncl7u
;zfciX2ZDdsdrArTTpDdodKh9P1AW6dUNJTsUBlUtPfHR+BNGYlJBzWoJjeigO1RkwRJaD3KAuBIzexU
;cVS09geP+PTIdIB6udRWC2bk/RVPLE1E2SYS0LiISenkKSVTs/Ot9MwcgHq4FJ4T3zXM3DKgMTTl4nb
;A/FRh7cjNyUODA+RRcYn96x3YTitmuP2hq2hNSD3SGpykvCRQdVS09gaOReXIHAR6uBReZ3qMuUn73H
;1A+cLa4LCkTfXIwclj51+MIVmJSQcBwCuu2zVo3DKh8z28WztVNSgtmdTtZWPP88hJcYX9zz2YPgtmo
;BVJ03A5KNHObiiIsHWd5IXJFs6OQfTIHIB6uPCfrkM1aN3zaFVEkc5uKLiUVckM4TF7pyv8YbWJYatx
;wA47FkjVRatsZSw9v29VMSnsUHFUtPYGjjn0yB1Bsx2sTjsWSOVhiziNSMXWBvCMvJHJ1OUxQ5M3lIg
;MHIR6uBWfrt80aNxOofD8gZIC7OS8JS386Q1vezvAeWm5Oe/FjDofWoD9ZePdOP1EW6dVNSnsUXFUdP
;YGj4Q9baVR73FoEhNmrBVptyxRWPnO2syQ4FmN9J0hi4MDyGF5iUn/abAiF6KgFWm3QfD5QFunVTcK4
;VBxmLT2B0+MUXHNFbPFmCIXRkjdWb8AVUTVJj7w/Jwx1bjByXOLA9BFXdUFqx2oJtMe/M1l4wRJYUBf
;p1U1Ke1STFS0PgaORDUBuTmrLdziI2KM8aGHJH1c5eIyKKyMJeWs0X1jewvIeV2tFbM9xDoTZkihSeN
;odXCQW6NVNSnsUbPJtPbCjkX1CdUlw2mAVtNSiNFFTxR1cOH+HsBIsEmZxIkxP5PzwHlFiTHvcZBOC2
;KMFQ37JClo8FujVTUp7FFzabT2xo5F9QnVJcNpgFbTUojRRU8UdXDh/h7ASLBJmcSJMT+T88B5RYkx7
;3GQTgtijBU9TxR1HUBfp1U1Ke4DdFS0NgaORDUBuTmrLdziI2KM8aGHJH1c5eIyKKyMJeWs0X1jewvI
;eV2tFbM9xDoTZkiNoYckEP1EW6dVNSu/VXFUdPYGj4Q9baVR73FoEhNmrBVptyxRWPnO2syQ4FmN9J0
;hi4MDyGF5iUn/abAiF6LcFWm3QfD5QFunVTUoiVBx5LT2B0+MUXHNFbPFmCIXRkjdWb8AVUTVJj7w/J
;wx1bjByW+TG9Q9Tc0VBy1oKis/NWzcMqHw/UC+p1WFKexRsJ0RT9cbjIlFoTnjxaAaI36Q0UlPOFU09
;YYinKBUdcXkxX1z1xs4FbWpBZq4EZ+u3zVr3fuh8E1AW6aU/IxVgeSdyXu7N9yJfZkN2x2sCtNGkKFp
;7yQ5aD3CMsCk4GmB5ClRi7MLpfTMHIB6uBaeZ9812NwyoDE05eJ2wPxUYe3IzclDgwPkUXGJ/eMd3Cp
;zWvz9oas0ZWyJ3nbASMCR5fS0tPIGjkX0yBzReriFn67e9KF5i3BlND3WGuysVFnV/PURT5Pz3FEBqV
;3/cYDiB0r8xaGmofT9QFunVTV47FDhVLT3x0fgTRmJSQc1qCY3ooDtUZMESWg9wgKcgPRpmeQpHWPPI
;zgUyBiAergVn65+NWhMMqHxPIn+HoSg4JHdzO0ti7MLyFVtpRUHIbBWGwKwoUlPCGU07SZDVTEp7FBx
;VLRXBo7V9MgdQbMdrE47FkjlYYs4jUjF1gbwjLyRydSdASuDR9CJYYlJ18X9n6i1Uw66VMaUAUDfp1U
;06CX1yIUhP3sD+E1RYTX/NbQ6F0pI9VGPMGWAxdZ28IiR7FRxVLT2Bo5F9MiwgHq51FYLZuT9FU8sTU
;TZJhLQuIhJ6eQpKXu7H9CJGb1VzzGsGgtuSMlJlzxRLUBfp1U1KexR1FS0XgaORDUBuTmrLdziI2KM8
;aGHJH1c5eIyKKikUcHkKWVX0zvMTU25MQdlsA5/fzVs3DKh8P1B/qdVhSnsUbCdEU/XG4yJRaE548Wg
;GiN+kNFJTxB1MJEmcpSElGnBDJkhP98bjIkZ+UHuuBGfrt81aNwyofBtQFumlPyMVYHkncl7uzfciX2
;ZDdsdrArTZoiBNYM0jWzl3hLA5LwkUHVUtPSE6CKQNBwYergUXmd6jLlJ+9x9QPnC2uCwpE31yMHJT7
;tnrEVdYRHfPaAKf0r8FBQypfD9QtnBMlHV7MhxVLU3zyv8JV3V/fcFrAbTarDlfZcYZYD55k68hLyRg
;eThdYuzC6SIDByEergVn69e+GjcqqHw/IGSAuzkvCUt/OkNb3s7wHlpuTnvxawiRzaE/aHjNEU8Pe4i
;tEnh7FRxVLT2Bw+I9MhggHq51FYLZuT9FU8sTUTZJhLQuIhJ6eQpdT+jN5SJfaER7rgRn67fNWjcMqH
;wRUBbppT8jFWB5J3Je7s33Il9mQ3bHawK0x781WnzcI0ojc7anLCwPS2g9X1jyy/4RVgchHq4FZ+t3r
;xo3Fqh8PyBkgLs5LwlLfzpDW97O8B5abk578XYTjseoWjYMqHw/UBbp1U1lexQcJV9U79f0D21kT3DI
;WgqK1KUzWWn3ClYiYpy0IRUebGgnWFnk0c4SVGFTe9paH9m3zFo3DKh8P2lW6fpNSntkbjxDSeTRzh5
;daUZBw2QEg96jP2h6wQ5LJXeFiigyD2ZpMUhP3sz3G0FiVEHXN2fqt81aNwyofD9QHenVTTgacmgKTF
;TzxPANMgYTLZ02VNh08lokDKh8TTFwnYovKwhxQzlEU+TU+BlGbyAfNJz+ci5UswgMt3w/UGSIszkVG
;XVvMHJY+dfjCEFuT3Dxcg6Pw6UFRW3cFVBQF+nVTUp7FHUVLSuBo5EPU2FUQcxkFI7opDRRZcQQYDF4
;jrkoSnoUHFUtPYGjkX0kByAe3GQBn+ivO0Rp9xVRNn+FuRI4GmB1Oi08gaORfTKHYF6uFmfrt787UXj
;3Hl4jc7ahJSMYf3IwXk6BopF9MgcgHk46Z/u3zVpFbc4IYDJ3mrASJhpteSdePYCjkX0yByAe7gV267
;fNKFZq3CNTOXiMij46Gnd1O0o9gKORfTIHIBbuBWjrt80oVmrcI10xZYyKPjoecXhVLD2Bo5F9MidgH
;rYFZ+vFrDxDU8ESSzVkj7QuLyR4dTtISujH5RUyBhMtnTZU2FTyWhMMqHxNMXCdiiQkD3FuM0xe5Pz0
;BUZ1VW3Hagm0wKQ+Q2T3Dl4kf4bVTEp7FBxV7V/Bo4p9MgdSf8hxOILZuT9FaskfWg9/h7MkJhdLfTt
;KUeSjkH0yByAeLlMn66zNWjd+yRpLD3+HoSg4HXV/MHJU78X4EV5YUn/abAjrts1aNwyofHYQFvHVTU
;oJdXohclTv1/QPVGZDe/FxD4LUpjRSf9t8PgKu91CmG6MrHEAtPYHR8BtGWElw2mAVjdauP2hgyQVaI
;mXp1E1KexQcVd0CgbWRfTJ1QXjaWg6Fw6goUW3LGWAjZoi2JCQcFB1VLT2Bo5GNDQc0Hq4FFYrRuQVe
;YtwZTTZ3irASOQtxeTEtPIGjkX0yBx5erg5n67e/O1F49xFeInGAu01LexQcVS09leORazIHIGzPYxO
;0xLgoUW3LGWA8f4ewOiMfYHRVLKcYOgjkq94fHowFZ+vFrDxDU9sJTTZ3irASLwNgbiBeVO7NzgpbY1
;R28XcGn96iWjYMqHw/UBawlU1fexQcJ0xb9fziCEBhQX3LWgGH2LooVnjNfD5QFunVTeoeVBxMLT2B0
;fAbRlhTa9xjBojSkjNZasEQUw93h7IhL3sVHFUtPYGjrz0yESAerncGjcOSKUJ+zh1cNUmPvCEmJGZ9
;IUg9gKORfTIHYEvuBXHrt80oVmrcI0wlZI+0Li8kYHQ8TlbvxuIOMgYJQiHHksN78lokDKh8TTFwnYo
;+PwlyfTZIYu3C6BhAdCAfrgVn67fNWncMvHw/UGSIszkVCGFuM0xe5PziDVNkSXDJBWbhYG4qCgZ/Qz
;9CFunVPysdYEMmWE/nwvIYbXRQe8thZ+q3zVo3DKgyf1AC6dVNOBpyaApZT+DV9BFtf1lB3XUCjtPNW
;zcMqHw/EEap1VlKexRuMF5J4NHlIld/VGzPWgaG2Lg0QwypfD9QFunVTUp7AhxVLU/k0OUcQHN/e9Zx
;FYrorDdYecYIYGIW6NVNSnsUHFUtPYyjkX1AYlNqz3cTtMS9P1JoqH0/UBbp1U1zOxQTVS0988biCVN
;1VEHddQKO05JoNw2ofD9QFunsDUpqFBxVX1j10fAeRm5PcPFkCoTCoy43Dah8P1AW6d0NSmgUHFVfWP
;XR8B5Gbk9w8WQKhMKjLmg+qH0/UBbp1U1COxQLVS0988blD1NkVHfBaziPwr8zWWv3C1Ygc9vVTEp7F
;BxVLT2Bo7Z9MgdSe9p3BojDpDVZU80SXjJ6jIoiPw9ndTFIYuPM5Qldan9yz3wCmcTNWzcMqHw/UObW
;1WlKexRuMFlP4MDlFF1pf3vAZAWH0pI1QnjbFVs1SZ26PRUXdWUwX06BopF9MgcgHq5FZ/e3zVpFadw
;OXjNigLojFRZ9cjxAXO389AVGdVVtx2oJ67a2TplLSQarbxb31U1KCXFoJ0xe9cr+E21qSXDHaAaH6K
;giQ37dD1Y/eLbnTUsAALISzEcVnJFoMgcgbMtxFYrUuTNYYvcRVj5JnacsPB54HFQtPYGjkX0mRyAJr
;gVnmdK5KFZv3BVQPkmEvCMVD2Z9I0hR3pGRfDIHIB6uBXOrt91aNwzaGUsid4qhJCUVS28lSFjlo5B9
;MgcgHq5BJ+ulzVo3fs0ITTF1nbwiJCRnbDBIWd6RkXwyByAergUjq7fDWjcM2hlLIneKoSQlFUt0Ol0
;9gDkI5KueudeRBXfrt80oUnjaHVwkf4a7EiIUZENnLTwbOgjkq57pIa4fZ+u3vz9DfskfSzl5h4o3Ih
;RkQzZCU+XK5RRdaREerwVn67fNWjcMqGY/UBabsDk4GndoPEJT3tn5EkJYQ3HAYQ6f3qI0BQypfD9QF
;unVTUp7BxxVLU7kwP4TVlhMf9dgFbTNkjZeatx8PlAW6dVNSnsUHEctPYHQ+Rhea393wGMOh9uSNUVo
;zQ4/URbp1U1KexxcVSE9gaPiFlt1VEHCZB6Oxb5aNgyofD9QFhnqTVp7FBwmRlTz184RV2lHasZaCoL
;ZzVs3DKh8P1AW6dVdSnsUbz5ET/X8/RRcYn99wXAJn7fMWjcMqHw/UFbpwU1Ke2d3PF9J3s74E1tqQX
;LxaQKF0LkyNw2ofD9QFim3DUpyFBxVXlbo0eUiVWZQHq9+c0XwLCCzM6h3P1AWmr4kOA9LbyVIWOWjk
;H0yByAerisn663NWjd/xBNID3KGoiMVHX1uJlli58bmIl5mWXvcdmfqt81aNwyodH9QC+nVTTkXZ0M0
;RE/ezv4ZV1hFZsZkEpjDkipFadsPSiJz6dRNSnsUHFUZfYG/kX0ydExt8WQOmeigNVNp9wxTNXicuBI
;6CXFvJlhP5KOQfTIHIB6uISfrkM1aN3/ED2AyeZ2hIickZ2knS1zixs4eXWlUcdt3OIjYvzRSfvcYWj
;x3kNVMSnsUHFUtZMGjun0yB1Ny3VoFhMO5NVpT2wlNNneKsBIpFHpoOlhP3sb/GW1kT3PeYAmY1rkzW
;GKofT9QFunVTUp7FDhVLT3yz+IiUGhUasFoOJjCvzxWb80jXD94nbo4OCRxcjFyWeTP8AQyBiAergVn
;67fNWh0MqHxMPGW2tyI+D3txCl5I88XwHldYQ3HAcQiexZI2Vn/NDmA/cI+KKS8XdWVVLD2Bo5F9Ml5
;gHocFZ+vEoSlobscISz97tqY4OB11fzByXu7N5RJHdX9yz3YCmeiiNGhozRBeKRbo1U1KexQcVS09p6
;ORfUFrU0HMahOf2KAFRHnaGl4zc7a2IiQPe2knclHg0PQPbXdPact3Z+q3zVo3DKg1f1A+6dVNORdnQ
;zdCSfXM/CJBclJ4z2YCtNSiNENj3Q5gPH+HsBIuEmdoNENe5KOQ56ueuYc3vFjrl81aN3/ED2AyeZ2h
;IickZ2knS1zixs4eXWlUcdt3OIfYoipEDKl8P1AW6dW9dXs1HFUtTu3Qzh9dc1Rxw1oUnsWrO1Rp9x9
;QPmKGoD8VFHJ6JkhJgaLqaZxAwWQaumfCt81aRGDbI10/Yp26IBUIYW4zTF7k/PISXHNPa9xaFIjWoz
;ReYs8jXD9jh6FNS3sUHFUtPXGckVQyByBtwnY4idi5Llhh9w9KInCItigVGHtyIUJI8/ziHlNpTnfAY
;jiYx6g/UwypfD9QFumZkAp7ORxVLU7t0M4fXXNUccNaFJ7FqztUafcfUD5ihqA/FQ97QzxDW+jP/SJW
;blNqz2sEjrfMISOi751F9Cnp801Ke2dwJnJf7tflEl9YU2vcYwaI0pIzWWrBEFMPdYanIy8JS3gwQVz
;4o5B9MgcgHq5cJ+udzVo3f8QPYDJ5naEiJyRnaSdLXOLGzhRcYUlywloChdOSOVhh2BlRI3edvCIkex
;UcVS09gaORfTIkIB6udguY6K81Q3jHEWAjY5uzLCkeS3U7S1Ttz84YXGN/estpBpK3zFo3DKh8P1AW6
;fxNSntncCZyX+7X5RJfWFNr3GMGiNKSM1lqwRBTD3qIpig4JHt6M3JZ5M/wBDIGIB6uBWfr7o1aHwyo
;fEw8Zba3Ij4Pe3EKXkjzxfAeV1hJcMhsC4fooTtEadojUD5JjbAhKwIUHVUtPYGjkX0yBwUergUUh8S
;SOFh43BNSD2WcpysrGHFDPENb6M/9Il5mU3vcWheEwKgoNw2ofD9QFumcDUpcFBxVXlHy/PMSRnNPc/
;F2EpnRrDlSU8ESWTl6hYohIxVxQzFETvXC/x5XByGEN5z+ci50ZTctqHw/I3qaii8lD2BzOHJO9NH3H
;FFif3fAYw6H25I1QWnaEF4gFujVTUp7FBxVLT2po5F9QWtTQcxqE5/YoAVEedoaXjNztrwjLBJ4cApe
;XuDN/xRcYH99wXAJn7fMWjcMqHw/oCnp5U1Ke2dwJnJf7tflEl9YU2vcYwaI0pIzWWrBEFMPZYq0IyQ
;SensKTlL0zeUiUH5/csdrAuu2zVo3DKh8z28WwdVNSgh4bwpPUvXX/hBtdFVsyGQEjuikNFFlxBBgI3
;WIuyMjFXNDJl1Y5MeRfDIHIB6uSbqrt9RaNwzbEEwPdIahOSUWS28gX1vgwPQiXmZZe9x2Z+q3zVo3D
;Kh8P1AK6dVNORdnQzdCSfXM/CJBclJ4z2YCtMOlKFJ/wBNTNBbobVPPkEWk6xI9paORfUFrU0HMahOf
;2KAFRHnaGl4zc7ahIhUVe244TFHezOcYQGtBbq4EZ+u3zVo3DKh8FlAW6aYhOSR2cyFZUuz84ghAYUF
;9y1oThOi5NUdT2wlNNneKsBIlDXFuOUxNgaKRfTIHIB6uBWfzt81aRGDbI1w/eJ26ODgkd3MnQ1jz/P
;UYXmZZHq8FZ+u3zVpuTKhgP1AWmrk+FRh7ciFCSPP89BNWWENxw3UChcSsLl5jxnw+UBbp1U1KexQcQ
;C09gdD9Dm1kT3DaahKZ6Kg0U1PMGVMxb+nUTUp7FBxVLT2BuJF9MnRMbfFmCIXDoi9FU8QdTDVktror
;LCRweTlMRIGikX0yByAe90Vn8bfNWkRg2yNcP3idujg4JHh9JkhP3sz/IlZiTH/XBWbrt81aNwyofD9
;HFunVPiYIS386Q0nu1uMiXmZTe9xaF4TAqCg3Dah8P1AW6ZwNSmcUHFVeUfL88hJcc09r3FoLjtmqLl
;9T3BRNNWWBuiEuexWkS6jW0BtfQjIeIB6udguY6K41WXjHCU0PeoC7KBUffW8hTFPixpF8qJ65hzec3
;tS33Fo3DNsQTA91hrs5JQ5mQzlCUvHQkXwyByAergWX1LffWjcM2xBMD3WGuzklDmZDOktb8sblfTN8
;NLDp5B1fCM1ANwyoD1MjSYq6Iz4UYW4KXl7gzf8UXGB/fcFwCZ+3zFo3DKh8P6Ap6c9NSntncCZyXu7
;N5RJHdX9tzWQJhd6jPWh/2BlaNBbo1U1KexRQiG09n6ORfUFrU0HNagmf2LgoaHjHI1Y+cIC5IRUffW
;8hTFPixpF8SROOWU9/w9S34Vo3DNsQTA91hrohIxVzQzZUUejN9RhAWExx2WAVtN+oO0Np2iNSMW62u
;jg+C2FoVSw9gaORfbJRYB6CBWfrxKEpaG/HE1M5eI6KLjMXfXIxSE/e1uENV3V/dstkE47FkjdWdPcT
;SiRmnKFNS3sUHFUtvdfjkVsyByBtwnY4iNiiNl5izyNZInmHoRIjCUt0MExJ5NHOEFN/f3HbcReew81
;bNwyofD/QQKnVX0p7FG85XmLizP4RW2lHQcZgDozfuVo2DKh8P1AWzZVNUnsUHCZBTt7A/hJebk558W
;kGktK/BV9pwRtXJBbo5n55SCcvhhI9pqORfUFrU0HNagiH3qM9aGDNGksPcIywKRUTcX0hSE/ezvAFb
;WhVat5wE+u2zVo3DKj8aRAWzNVNSgh4bwpOUu7P+BNVWEx7yHE4gsWSMlJt3BlND3uIrRIlDmBsIFk9
;gKORfTIHoEjuBUPrt80pW3/3H1A/eoC7KhULfW8hQlPey/QcRmJSQcNkH7TYuC5Hedx8PlAW6dVNyi1
;UHHEtPYHQ/Q5tZE9xwmwJjOi9NUBozQ5gNnOMsSQkHEtoPEBY3sbnGFwHIR6uBWfrt81aNy+ofD8jep
;qKLiUUeHU7SmLxzOYZV3V/eMtgA4LZqgVDZcUZYD9yjdVMSnsUHFUtPYGjtH0yB1Ny3VoEhNihM1lr9
;w5aMWS2vD8VE3F9IUhP3s7wBW1oVWrecBPrts1aNwyo/GkQFvPVTUoIeG8KTlLuz/gTVVhSe81qBp/S
;vwVEfM0ZW1AX6dVNSnuUdxUtFYGjkQ5edH99wWoLgtmqBUVlzxRLD3CMsCkVE3F9IUhP3s7wBW1oVWr
;ecBPrts1aNwyo/GkQFs/VTUoIeG8KTlLuz/gTVVhSd8ltE7TevwVfackIWiJJhLQ1FRRhaCVYSYGikX
;0yByCe+EVn8rfNWkRg2yNYMWa2syQmF0t/Ol9T5NHOGVdrQWeuBGfrt81aN1XofCJQFummITkkc30lc
;lvoz/0iV2lEQc1qCpvSoylWeMETUVAX6dVNSnsUHFUtK4GjkQ5edH95z3U4jd6hNmhpxhhgNHOFtDRK
;ehQcVS09gaORfS4HIB7daRS00KwqaGrBEFMPeoimKDgke3ozclnkz/AEMgYgHq4FZ+vujVosDKh8TDx
;ltrIsOiRydTlBYu3C4hhAWE9w8WECh9a0WjYMqHw/UBbp1U1SexQcJkFO3sTwDW1hSXLCWguKxKgoaH
;zHC1oiFujVTUp7FBwcbT2co5F9QWtTQclkF7TRpDZbU8QZUTdigYo5Iglxbz1CUeWjkAYmqWf/1IFY6
;6zNWjd/xA9gN3eZiisjF3hDJk5c7834E1VYQ3HbaxPrts1aNwyofM9vFvLVTUoIeG8KSlzx/PcUXmt/
;bc1kCYXeoz1of9gZWjQW6NVNSnsUUIhtPZajkX1Ba1NBx2sBgtuhBVRj2hJaIkmNsCErAhQdVS09gaO
;RJHIHOx6uBRSHxJIzWWrBEFMPc4exEikUeWwwQ07g1/gSXAchHq4FZ+u3zVo3GKh8PyN6mookJB19cD
;lyWO/HzhlXa0FnrgRn67fNWjcMqHwfUBbppiE5JH1yM0RR7fz2HEJYRnfCaTiI2L80Un73GFo8d5DVT
;Ep7FBxVLWTBo7V9MgdTct1aDoXRpDZbU88dTw9wgLkhFR56eApOUuzT9BNBZlR3wWtn6rfNWjcMqHw/
;UAvp1U05F2dDPENb6M/9IlVmUEHIbAuH6Kg0U1PMGVMxb+nUTUp7FBxVLT2BipF9MnRMbfFsCY3eoTZ
;oa8kMYDZ/hbkSIhpgfz1yWejQ5RxcZEVByGQEn9i/WjYMqHw/UBYZ6k1pexQcJkFO3sr/G1trTEHJZB
;e00aQ2W1PEHUw1ZLa6KywkcHk5TESBopF9MgcgHvdFZ8m3zVpEYNsjVj5wgLkhFRx1bApLVO3PzhFTd
;EVs8WoJtNOoNlZ1qH0/UBbp1U1KexQDVS098s/iIltpRnfCaTiM1r0FUWXEEGA8d5qwPxULe2swXz2A
;o5F9MgcgV+4FQ+u3zSlbf/cVUTZ/hbkSLRpkQzNEUe38/RhcYFR28XEPmdK+MlhgzHw+KwJHkqww/ys
;cdy09gdD9Dm1uTnjHaQu00KwqaGrBEFMPZYq0IyQSensKTlL0zeV9MwcgHq4FZxuIzXg3DKgPUyNJgL
;srIxd4QzJMTd7F+BFeWFN9z2sJgtmqBUR8zRlbUBfp1U1Ke1jBFS0ngaORDl50f3fAYw6H25I2Vn/ND
;mA/cI+KKS8XdWVVLD2Bo5F9Ml5gHrcFZ+vEoSloZcYaVjx6trksOR5mQzpDYuXG/RxLByEergVn67fN
;WjcaqHw/I3qaiiQkHX1wOXJR4ND0D213T2nLd2fqt81aNwyoNX9QDunVTTkXZ0M8Q1voz/0iXm5Oe/F
;hDpjDrDRUaah9pcmPcEzU80QUBVUtPfLP4iJbaUZ3wmk4mNSsNFllxhtgM3mcuzlKehQcVS09gVOufR
;MHIB7daRS03qM8XmDEI0wzd4e7JCQcS386WFP1/PMEbWtJcMsFZuu3zVo3DFhDP0kW6dU+JghLdTtLV
;O3Pzg5RZk5wx2sAtMS9P1JoqH0/UBbp1QGXOxQJVS098s/iIlhyTW7xaQKF0LkyaGDBEVYkFujVTUp7
;FBxxbT2To5F9QWtTQcRwCpvooDtPU8wZUzFv6dRNSnsUHBV4fYGxkX0ydExt8W8ShseSN15i9xhaPHe
;Q1UxKexQcVS0ZwaOffTIHU3LdWg2e2r0FRHzNGVtQF+nVTUp7WMEVLSqBo5EOXnR/cs98ApnorzVFaM
;0OYD9wj6YoPnsVHFUtPYGjkX0yHCAernYLmOihO05p2iNSNWSOsBIpF3tvMHJb4MD0DjIGIB6uBWfrt
;81aLAyofEw8Zba4LD4eZnU0QWLywPARV1hGf81xCJnotVo2DKh8P1AWsJVNUXsUHCZBTt7O8AlXdUl/
;wloUiNahP2hqyR9LP2S2rE1LexQcVS092OORZjIHIG3CdjiG1rk/RWXJEGAjdYi5KBUddX8hQk/e2ZF
;8MgcgHq4FPqu371o3DNsQTA94gKE/JRxxcgpAUuXGzhhKb0Fr3XE4m8WoKUR52hk/URbp1U1KeyBcVQ
;w9gaPiEUFYTnfadwiM0qMFWmPMGWAgeoy7OCckZG4wXk700fR9MwcgHq4FZ8/3zUM3DKgPUyNJh7o/J
;xp4QzxDW+jP/SJdcUVswmQX67bNWjcMqHw/UBbI1U1KCHhvCkNS887wEW1zT0Haahe0xLgoUW3LGWA/
;YIynISsLFB1VLT2Bo5F9MgcyHq4FFIfEkjVPdc8ZUQ91hrs5LxVgHFQtPYGjkX0mRyA/rgVnmNu+BUd
;j3xhaIkmPsCguEnp7Cl9S9cLlFF1pf2zPcQ6Et8xaNwyofD+gKenjTUp7Z3Amck3u1PUYQFhGe8thDo
;XQkihYeMkIVj94tqcsPhJ7QzNYU+LX+BJcWEFsy2Q4jdauLlh+qH0/UBbp1U1KexQzVS098s/iIkJoV
;3rLdziN0qg+XmLPI00/YoihJCUVS240WVTu/PcIXGRUd8FrOInWvj83Dah8P1AW6dVNSkwUHFVeUfL8
;4RJFY0Vs8WMCjtOkNFBT2hNLMWKAuiMVCXVoPEJi59b/HkZuT3DxZgiGx6g0RG3cFVA+FujVTUp7FBy
;lEj2lo5F9QWtTQd5qEI/SvwVfackIVj5xtrYiJwtxciZMSejM/yJGbk17rgQBjdGrPFEQ6HwQUBbppi
;E5JGRuMEVY4Nf4E1VYQ2fCbAmP0r8FW2PfGU0Pfoy0OS8JS3E0VWLu1uUNR3MgH64FZ+u3TQx3DId8P
;1BlhaYSOglxdDBMSejN9iJRfkx3wGECmei4Kkdp2iNXNXedsD8VFnVkCkJI9dPkCTIGIB6uBWdr4Y1a
;HgyofEw8ZbalPy8TcX0hRFPm/PcPXWlUQcd3OIPSrC5SfvcRXihJhqA5Og5gHFQtPYGjkf1kRyALrgV
;nmNu+BUd+zRRaMWKAuyoVE3F1MkVJgaKRfTIHIB6GRWfwt81aRGDbI08ic4GwLD4SensKQVz4xuMiWm
;JJecZxZ+qE/mkEP5uvAFA86dVNORdnQyVfWOnG8AlbaUdBwmABn+irP1Jo9xRaMWKMpxInGmxDOlhJ8
;dblfTMHIB6uBee9981yNwyoD1MjSZmnKCIedWg8Q1rez/QbRlhJbPFtAorDqChoYckEYD9jnaU4PnsV
;HFUtPYEjxz0yICAernYLmOi9KFJkzR1LOXiOij0jCGBzO3JV5MLlGEBYTX/WWgiew70vQwypfD9QFul
;VGwp7MxxVLU7t0M4NQGJIe89xDoXQkipYe8wZTQ9wjLApIxVzQyFEUOT89AtXaSAfrgVn67fNWjcMjn
;w/UGWFphI6CXF0MExJ6M32IkJoV3rLdziN0qg+XmLPI0s5e4yKIi4fFB1VLT2Bo5F9MgcIHq4FFIfEk
;ipFacAZXiR/h7ISOB51bgpET97L9BxGYlJBw2QftNi4Lkd53Hw+UBbp1U3KLVQcSC09gdD9Dm13UnvG
;YAaf3qM9aH7NH1AxYoynEjkLcXkxLTyBo5F9ModLXq4uZ+u3vjZEU9gOWjhziKEkJBxLbjxKVfX89xh
;XY392y2QTjsWSN1Z09xNKJGacoU1LexQcVS291+ORVDIHIG3CdjibxagyUm3cFVE3SZu8KiIPS3Uncl
;XkwuUYQFhNf9ZaCJ7DvS9DDKl8P1AW6VUbCns5HFUtTu3Qzg1Abk5qx2sAtNS0Nl5izBlND3qGoig4J
;Hx5NFlY8/z8HEpYT2vadRKft8xaNwyofL8GVun4TUp7Z3Amck3zyv8JW2lHQc18C4LZqT9FU90MTzVk
;tr0oKw9xbgpAXPn8/ghGd1VqrgRn67fNWrda6HwYUBbppiE5JGRuPENJ6M32IlR1T3DaWg6Z6KU/Vnj
;NDmA9d5GKIj8PZGkhLTyBo5F9Mod2Xq4tZ+u3vjZEU9gOVj5igLsqFRdxeiFyW+TG9SJaYkFqy3c4ht
;a1BVh53AxKJBbo1U1KexScA209p6ORfUFrU0Hedw6Fw6Q0UFPEGVkkSYCnEiIedWgwX2LswukiXXJUb
;ttxZ+q3zVo3DCgqf1Az6dVNORdnQyVfVO/X+BNVWFB33XEIheilP1Z4zQ5gPXeRiiI/D2RpIS08gaOR
;fTKHdl6uIGfrt742RFPYDlY+YoC7KhULe2sxSE/exfQYVm5OefFxDobSkj9BacZ8PlAW6dVNSnsUHHE
;tPYHQ/Q5td1J3wHEOhdCSKlh7zBlND3CMsCkjFXNDIURQ5Pz+GVYHIR6uBWfrt81aNyqofD8jepqKPT
;gSemg8Q1re0fQcQFhJbPFtAorDqChoYckEYD9jnaU4PnsVHFUtPYEjxz0yHCAernYLmOi9KF5i3BVRN
;0mbsC4lGmB5J3JO8cb0GTIGIB6uBWdr3I1aHgyofEw8ZbalPyMVYHU7SmLzyvYVRlhGe8thOIPSrC5S
;fvcRXihJhqA5Og5gHFQtPYGjkf1kRyA5rgVnmNu+BUd+wRJLOXiOij8jHHxoCkRP3sv0HEZiUkHDZB+
;02LguR3ncfD5QFunVTcotVBxCLT2B0P0ObXVPd/F3AozeojRob80SSzVktq1NS9sOM4gJm79jkWoyBy
;BtwnY4mdikBUVpzxVQPkmKsCM+HmZDLC08COLxmOLlHt6uEGfrt742RFPaE1YPZIyyJCUVS240SVT00
;JF8MgcgHq4FWau30Fo3DNsQTA9khrwSOB5zdTpDYvXL4xhBb09yyloGmdKsWjYMqHw/UBbNlU1cexQc
;JkFO3tD0Gl9iTmrxaQKF0LkyaGHBEj9R7Je/8T7onCNVCj2Bo+IRQVhTdsdgC4/orzVDeMcRYDN5h6E
;iPwlLcDxDWN7H+A5GZk59ywVmcS5Uw66VEUM/Txbp1T4mCEtvPURY7cfOH11zVHHDWgSE2bk1Qn73EF
;A/ZprVTEp7FBxVLSnBo719MgdTct1aFIPeqDZTU8oTSyR5hIouJRVgcyBfYvXMzhRcYUlywloDgsS5O
;1lvzXw+KwJHkqww3yscTi09gdD9Dm10SHfLaQO01aIuQ2PFI1ooZoi7PiMUehxULT2Bo5F9JkcgOK4F
;Z5jbvgVEZMEZUzRJi7o5PhR5QzxDW+jP/SJebk578WEOmMOsNFRpqH2lyY9wTNTzRBQEVS098s/iIkF
;vSXvCYTiJ2LkuWGH3EF4pc5umTUt7FBxVLT2l45FfMgcgbcJ2OJjfpD9baPceUCRihrgSOgl7djBOSe
;THzhFTfkVs3QVm67fNWjcM8Tw/cBbp1T4mCEtvPURY7cfOHl1pVHHbdziH3qM/aGjBD0sxeIqwTUvhj
;YXMtKQ4nJFlMgcgbcJ2OJjfpD9baPcfUD5ihqA/FRd7cyVePYCjkX0yByAK7gVw67fNKVt/9w9XOXOF
;sRIpFGZyMF9i5cb9HEsHIR6uBWfrt5QaNxeofD8jepqKPiIScXAxcljvx84eXWpQe8B2Bp/eojQ3Dah
;8P1AW6dVNSm8UHFVeUfL84hVbYkx68WAJj+ipP1tt0Xw+UBbp1U1KexQcQS09gdD9Dm10SHfLaQO00r
;UqVmLbFVA+FujVTUp7FBylEj2eo5F9QWtTQd1tDo7bqQVRZcQIWiJJh7Q/OBRjQydIWujM/30zByAer
;gVn4/fNRTcMqA9TI0mavSQvF3BDPENb6M/9Il5uTnvxYQ6Yw6w0VGmofQxjJdrmfplEFAZVLT3yz+Ii
;QW9Je8JhOIfWvj9FU8caWQ9yjLksM3sVHFUtPYGjyD0yHiAernYLmOi+Ml5pxBhgPHeasD8VFHpDMUh
;R4NqRfDIHIB6uBWfrt9taNwzbEEwPZYG8KCYfS3A0Xljz/OESRWJSHq8FZ+u3zVojTKhtP1AWmrk+FQ
;h8dTBBWd7M9xtBYlQerwVn67fNWjcMqGU/UBaauT4VCHx1MEFZ3tDyHFxpSXDJWhSb0qg+Nw2ofD9QF
;qUIDUpYFBxVXlHy/OIIQGFBfctaFILTqAVDadAISiJztqcoORR4aSFEUu+jkOernrmHN7xY65XNWjd/
;xA9gI2ObsywpHktvPElY3tf0BUZyUnvxfR602Ks8RGncfD5QFunVTUqbKxxnLT2B0P0ObXNIe9xoBof
;oqDRUYMcPSiJztrcsOR5LeDxeSeDN8hhtc09ByGwVmMOSNlZ1zQ4/URbp1U1Ke+QjVQo9gaPiEUFYVH
;bHazic1qE2aGjHCV08c7a5JCQeZ0M2Qk/vxuMiVmJMf9cFZuu3zVo3DPE8P3sW6dU+JghLaD1EU97U8
;BFeWERx22cLjuihM1lp2yNaPnK2tiInC3FyJkxJ6Mz/fTMHIB6uBWfrt81+NwyoD1MjSZ29JCQkY305
;QWLlzOQfXmJ/csdrApjoqDRTU8wZUzFv6dRNSnsUHFUtPYGJkX0ydExt8XEPgtmSLVZgxCNbP2OLuSg
;VF31yMF5i7cLiGEBYT3jIWgOO26wjNw2ofD9QFumMDUpSFBxVXlHy/OUVW2l/ac9pC7TToi9VYM0jUz
;l4jKYSJhpneSdyUu/89RheZlkerwVn67fNWjcMqFo/UBaauT4VD3x1O3JK4M/9IlZoVXzCYDiH3qM/R
;FPEHUw1ZLalIj0eZhxULT2Bo5F9e0cgN64FZ5jbvgVDZMESYCd3hbkSLhRhfjlIYu3K/xhBWFN9z2sJ
;gtmqBVRj3RJLUBfp1U1KexTsai0UgaORDl50f2rGbAm0wKw2W1PME0oyeoyKISMVcW8KXl7gzf8UXGB
;/bd5gAo+3zFo3DKh8c41W6fNNSntncCZySenK/yJFZkxy8XYOhdChP2hgwRJaD3WGpyMvCUt4MEFc+K
;OQfTIHIB6uXCfrnc1aN3/ED2AkfoC7Ej0aeHAKXlTvxP0YbWtJcMtaAoXTkjlYYdgZUSN3nbwiJHsVH
;FUtPYGjkX0yJCAernYLmOi5Ml5i9wtePHq2piQkHHh5CkFU78bOGFxjf3rLaQaSt8xaNwyofD9QFun8
;TUp7Z3Amcknpyv8iRWZMcvF2DoXQoT9oYMESWg96iKYoOCR7ejNyWeTP8AQyBiAergVn6+6NWh8MqHx
;MPGW2oSUjFUtrNEFR3tD4E1VrRUHCbAmO6KE7RGnaI1A+SY2wISsCFB1VLT2Bo5F9MgcFHq4FFIfEki
;5fZcYjSDF6hYo+IxVzcDByUejN9CJeZlN73FoXhMCoKDcNqHw/UBbpnA1KUxQcVV5R8vzlFVtpf2nPa
;Qu0xKQ0UGDNI1M5eIyKPikaenI8Q1rewP4IXHMgH64FZ+u3zaoIDIB8P1BlhaYSPhN9cgpaXO3Pzg5b
;aUdyy1oLgtmoBURvyRJROXiOij46HnF4VSw9gaORfX7aYB6KBWfrxKEpaHjHDGAjY5uzLCkeS386Q0n
;u1uMiUWhScMt3OI/SoTtODKl8P1AW6dUUCns8HFUtTu3Qzgldd39t23cBitSoBVRjxghQJWS2sCMuJH
;dzOF1Y79DwCVtoTh6vBWfrt81aNwyoXT9QFpq5PhUPe2wKXkjzxfAeV1hDccBxCJ7Fkj9ZaPcYWjx3k
;NVMSnsUHFUtPYGjtn0yB1Ny3VoThMeSKUJ+zh1cNUmKuiM+FGFuCkFc8sbjIl1hRkHKYAuKzs1bNwyo
;fD9QT6nVa0p7FG85XmL1zOEiQXJSeM9mArTUojRDY90OYDx3mrA/FRR6QzFIUeDakXwyByAergVn67f
;uWjcM2xBMD2KGpRI5DmZ6NE5Y3sD+E0ZoVWzxaQaY0r8FR2PfGU1QF+nVTUp7FFUVLRiBo5EOXnR/as
;F1OJjCvzxWb80jXD94nbo4OCR4dTtIYuXK4glTaUN7rgT9ci5Uw661l3wiUBbppiE5JGBzJXJO9NH3H
;FFif33BaxOEwr8FW2PHDExQF+nVTUp7FOxqLSOBo5EOXnR/asF1OJjCvzxWb80jXD94nbo4OCR7ejNe
;WPWjkAYmqWf/1LHY65HNWjd/xA9gJHmZij4/CXJ9Nkhi4sz/CV1yUkHdZgaF2aQ0UFPLE0o+YunUTUp
;7FBxV3QKBhZF9MnRMbfFxCJvovi9FaskfWg91hrs5JQ5mQyZOXO/N+BNVWFNuy2AD67bNWjcMqDDiEB
;bD1U1KCHhvCllS8fziCEBhQX3LWgSE2bk1Qn73CFAPf4ezJCYXS3g8XkngzfIYMgZbCgBChpET8loUD
;Kh8TDxltqEiOiRnaSdLXOLGzhRcYUlywloEhMWjP0VTzBlTMW/p1E1KexQcVXR9gYSRfTJ0TG3xcQib
;6L4vRWrJH1oPf4ezJCYXS3k7SWLizPwNV2lTf9psCIW3zFo3DKh8P1AW6fVNSntncCZySe7Tzg5HdUZ
;/zWA4gtmrM1tg9xlRNEmNsCErAhQdVS09gaORfTIHBh6uBRSHxJIuWHz3D0oicIi2KBUSeno8QVHez/
;AOV3V/cchjOI/SoTtODKl8P1AW6dUUCnsxHFUtTu3Qzgldd39t23cBitSoBV5izhVTPEmFtD4vCUtzO
;3JZ5M/wBDIGIB6uBWfrt81aFQyofEw8ZbahIjokZ2knS1zixs4UXGFJcsJaC4rEqChofMcLWiIW6NVN
;SnsUHBxtPaWjkX1Ba1NB2moXtMS4KFFtyxlgOXiPvCEmJHh1O0hi5criCVNpQ3uuBP1yLlTDrrWXfBp
;QFummITkkYHMlck700fccUWJ/d8BjDofbkilUbcYSVj5xtrYiPxVgHFQtPYGjkX3COCAzrgVnmNu+BU
;Nj2CNMJWSPtC4vJH1yM0RR7fziHlNpTnfAYjiI2Lg0Q1PKBWA8f4ewTUt7FBxVLT1xnJFYMgcgbcJ2O
;J/YvQVEedoaXjNztrwjLBJ4cApeXuDN/xRcYH9t3mACj7fMWjcMqHxzjVbpw01Ke2dwJnJJ7tPODkd1
;Rn/NYDiH1rQ/RX+ofT9QFunVTUp7FAVVLT3yz+IiRmhQQd1wFY3Wrj9oeMAOWiN+hrkpSnqsAtDGbDk
;drn0gByAe3WkUtM+0BURtzhlgIneNvDg5exUcVS09gaNxQjIQIB6udgqK26EFUWnJCEoic5qKKSMaeX
;khSE+BopF9MgcgHopFZ/e3zVpEYckQUw9wjLQ5PwlxbwpFUu3GzhlbZk172mAV67bNWjcMqHwjEBby1
;U1KCHl9OUFi58bwCUd1RW3xbAmN3qE2aH7JCFY/FujVTUp7FBwMbT2bo5F9QWpBcsJaAY7WuS9Fadsj
;TCBzjLESOBpgdTotPIGjkX0yB2leridn67e+NVtlzCNdP2KduiAVHmxoJ1hO6Mz/IkVuRGrGWhWKw6Q
;1Nw2ofD9QFumMDUphFBxVXlLtyvUiUGhUasFoOI3eoTtaacYIYDZ6hqJNS3sUHFUt/dbjkW8yByBtwW
;kOj+ivNUN4xxFgPHeQsD9KehQcVS09gbfRfSAHIB7daguC05I4WHjcE1IPZZmwKC57FRxVLT2Bo989M
;h0gHq52CIfeqQVRZcQQYD53m6ciPSRycDpaT+DX9H0zByAergWnvPfNTDcMqA9QPH+NiiQkHX1wOXJY
;+dPwE0FuT3CuBGfrt81aNwyofB1QFummIiYScEM8Q1voz/0iV39Qf8B2DoTZkihSYccKWg9+hrkoSno
;UHFUtPYGjkX0hByAe3WoLgtOSM1lqwRBTD2WBsCEmCBQdVS09gaORfTIHNh6uBRSE26Q+aGXGGlY8er
;aiJC4PfEM4RFOBopF9MgcgHq4FZ/S3zVpEY8QVWw9ihqUSLwNgbiBeVO7NzgpbY1R28XcGn96iWjYMq
;Hw/UBawlU1dexQcJkJR6MfOCV13f3jHaQaG0qMuaGrEE0hQF+nVTUp71EsVLTKBo5EOXWtJevFxCJvo
;oTtOadp8PlAW6dVNSm9UHFotPYHQ/hFbY39qwXU4mMeoP1MMqXw/UBbp1QMKezUcVS1O9NPhEkBzf3/
;KZBef3rs/aGXGGlY8eranLD4Se0M4TEWBopF9MgcgHupFZ8q3zVpEedgMUCJitrQpKwtgdSNIYujN9x
;Rea39sz3EOhOigM1kMqXw/UBbp1WkKezQcVS1O9NPhEkBzf3/KZBef3rs/aGXGEloiSYytPSsVZ3U6Q
;z2AOQjkq565x5EFcOu3zSlCfNgTTSRJiLEsOg99ajByUeDa9A9BByEergVn67fZGjcXqHw/I2OZpSI4
;D0t9MUxN9crnGG11RXrbZhOC2KMpNw2ofD9QFunVDUphFBxVXkjx0/4PRlhBes91E4LBqAVAZcwIVw9
;7gLtNS3sUHFUtPYnjkW4yByBt23UXhMW5BVVt2xlgPHeQsD85exUcVS09gaORfTIeIB6udhKbx6IoQ1
;PKHUw1SYW0NC8JZ0MmXVjkx5F8MgcgHq4FLqu32Fo3DNsJTyB5m6ESKAl9eDJIYu3C6BhAdCAfrgVn6
;7fNWjcMunw/UGWcpT0lCWBDN19U7PzmFFZzSB6vBWfrt81aN0yoYj9QFpqgPToUZmgKTlLvzfQeRm5P
;cPF9HrTTpClDbcYfWlAXc0zU0+KNpWotIIGjkQ5Hd1Bx3HE4js+5KEJ/wRNRD2GAsTkiJGZ9IURSgaK
;RfTIHIB73RWf+t81aRHnYDFAiYrazJCYaeXk7WWLnz/4KMgYgHq4FZ+vujVouDKh8TCVmmbo/PiR9cj
;NEUe38/RhcYFR28WgOhbfMWjcMqHw/UBbpwk1Ke2dpJV1S89fOFFxhSXLCWgiew6EzWWnbfD5QFunVT
;Up7FBxELT2B0OQNQmhSavFjDofbkihWeM18PlAW6dVNSkVUHFgtPYHQ5A1CaFJq8WQJjNuoWjYMqHw/
;UJavlU1ZexQcJlhN8czjCW13SXLCZBW0xKQgUgypfD9QFunVXQp7PxxVLU700+ESQHN/bcNkC4foqzZ
;YbdwZWw9wjLQ5PwlxbwpVRN7G6Q1TaVN3wWtn6rfNWjcMqIwAUBvp1U05DmRsOl9J3tDhGFdjIB+uBW
;frt80Tdwy1fD9QZZylPSUJYEMhX1jk/PMPU2lDdvFkCYzbqAVabdB8PlAW6dVNyj1UHE4tPYHQ5A1Ca
;FJq8XEVjtKSOEVtxh9XD3KMuz4jD20cVC09gaORfQxHIAKuBWeYwr0qWH7cI0sic4yKLzgaen89clno
;wvwYRmJSHq8FZ+u3zVo3TKhQP1AWmqA9OhRmaApZT+TGzh9AZk59xloDgtagP0Np2iNbP2OLuSgVFGF
;oOURT5NCRfDIHIB6uBW+rt+1aNwzbCU8geZuhEj4JcXkKT0/gzfIVbWNJf8NgE47FkjdWdKh9P1AW6d
;VNZDsUCFUtPfLW4Q1ddVRB1nw4js+9O1l/wRNRUBfp1U1KexQcVS0ugaORDkd3UHHccTiTzpI+Xn/cH
;VEzc+nUKywdcnozywKBv5F9MnRVbt5qFZ/otwVYas4PWiRJjbo6JCR4fSxIT/KjkH0yByAervVY663N
;Wjd/3QxPP2SdijcVFHJ6JkhJ3tbhIl5mWXvcdmfqt81aNwyojABQCenVTTkOZno0Tlje0PgZV1hUe9Z
;xEpnSkihSf8cQSiR/hrtNS+GNhcy0pEickWMyByBt23cBitSoBURlzBlgJHORoTg4HktkLHJS58XiGE
;YHIR6uBWfrtz1lNxKofD8jY5uzLCkeS286QVTl/PMSRnNPc/FgH5vWoyleY8Z8PlAW6dVNSnsUHH8tP
;YHQ5A9UZkN78XYIh96pBVVj3AhQPUmMrTk4Dmd1OkNi9sr1CVpYUn/abAjrts1aNwyofGYQFvTVTUoI
;YW4zTF7k/OISXm5EQcxqE5/YoAVRYMcLTTFijNVMSnsUHFUtY8Gjin0yB1Nr3GMGiNKSKVhgwRhgMnm
;doSInJHh9LEhP8qOQfTIHIB6uBWfrrc1aN3/dDlkxdYyKPiUXfXgKT1L11/4QbXRQe8thZ+q3zVo3DK
;gyf1AN6dVNOQ5mejROWN7Q/hFbY39qwXU4js+9O1l/wRNRUBfp1U1KexQcVS0agaORDkd1Rn/NYDiY2
;KEzU1PcE08Pc5GhPz8IfXM7ckrox+UVbXVBasdqZ+q3zVo3DKglf1AM6dVNOQ5mejROWN7Q/hFbY39q
;wXU4jduiLUVt3Bk/URbp1U1Ke0pcVTU9gaPiCEBhQX3LWhSE26Q+aHjHDGA8d5CwPzl7FRxVLT2Bo5F
;9MiYgHq52EpnRrDlSU9sTUzlytqEiOiR6fSdfUvb89xFdcFJ/2mBn6rfNWjcMqCJ/UAHp1U05DmZ6NE
;5Y3tD+EVtjf2rBdTiYx6g/UwypfD9QFunVcwp7DhxVLUnkzuEYQGZUa9xgOInYuS5YYfcPSiJwiLYoS
;noUHFUtPYHK0X0bByAe2mAKm9K/O0N52hlgMnmdoSInJGdpJ0tc4sbOHEBiQUHabRWOxKU1W2iofT9Q
;FunVTSM7FChVLT31xvwNV3VBatt3ArTTqDlFackPWjRJm7QrPiRnaSdLXOLGzhBdY0Vy8WMOmcS5BVt
;t0RlNUBfp1U1KexQcVS0sgaORDUBuTmrxcQKGx6goVnjdDlpQF+nVTUp71HsVLS+Bo5ENQG5OavFxAo
;bHqChWeN0OWmIW6NVNSnsUvDxtPZOjkX1CdUlw2loTjtq9P0Vt3AlNNSXp1E1KexQcVS09gbGRfTJ3U
;nfAcTif0qAqUn7JCEoic93VTEp7FBxVLT2Bo4R9MgdQbMdrE7TVqD5oeM0RTzVkiKE4OB4UHVUtPYGj
;kTRyBy8ergUTg96jBUBtxBBgI2aMsClKehQcVS09gerRfTwHIB7ddRKZxJI3VnTfFVskfunUTUp7FBx
;VzQKBupF9MnNId8BaEIrboQVAZcwIVw9kiKEkJSR5fS0tPIGjkX0yB0lerhxn67e5Ml5i9wtePHq2oi
;QuD3xDJ0xJ6MzOEFtpIB+uBWfrt81jdwykfD9QYpu0Oy8XS28lSFjlo5B9MgcgHu5VJ+upzVo3eNodS
;TV6tq8SLRh7eDByWejQ5RxcZEVByGwJgsSlWjYMqHw/UBb9lU1EexQcL3JJ88LnGF5YU27LYAPrts1a
;NwyofCsQFvjVTUoNcW4mRFLv/P0cQXN/e8psE+u2zVo3DKhJ/hAWz9VNSg17cCBAWPXR+B5tdFB7y2E
;4mNqiNUNk9w9aN3uMuzkVF3FyMllVgaKRfTIHIB6mRWfKt81aQWPECVI1Ypu8LhUIZHkwSWLyzv4SRm
;9/asZ3ApjfojZTDKl8P1AW6dW9dXs7HFUtS+7P5BBXc1J3zVoUm9KoPmh/xRNQJH62oT8rDXFwCkFY7
;8TlFW1zSGzLdg+E26laNgyofD9QFv2VTV97FBwiRE3k/PgTVG5McvFhDpjDrDRUaZl8PlAW6dVNSnsU
;HEAtPYHU+A1XWElwyGwLh+ipM0R4yRJcNSTp1E1KexQcVS09gbmRfTJwSW7LWgiew6goaGXGD1okSY2
;8Pj4aen8wHD2Ao5F9MgcgHq4Ffeu3zS1efM0jUCVijKcSIxVneSFyWejQ5RxcZEUsrgRn67fNWjcMqH
;woUBbpoiQ6HktzIFlY8/z4E0FiVEHddQKO0/xaNgyofD9QFqCVTV17FBwiRE3k/P4IRmJSQcdrFI7Dk
;ilHac0YDVAX6dVNSnsUVRUtHoGjkQpbd0VB3GATmdauLl5jxiNdNXCGpygVDH1sMHJb4MDlEkA2IB+u
;BWfrt81aNwyLfD9QYYClKBUJcWgnTF71yv4TbWVFeMF3ArTApCpSU84dXCR5m+dNS3sUHFUtPYGjkWY
;yByBpx3UCtMSiNl5o9xVRNn+FuRIuEmdoNENe5JKRfDIHIB6uBWfrt9ZaNwzfFU81SZq6ISMfS3U7S1
;Ttz84ZW3RUf8BmAtm3zFo3DKh8P1AW6cNNSntjdSVIYvLW4Q1ddVRBymwUn9ajOVI9qH0/UBbp1U1Ke
;xQKVS099srhGG10VW7eahWf6KkzRHjJElw1JOnUTUp7FBxVLT2Bu5F9MnBJbstaE4PeowVAbcQQYDR/
;mqEsJBhxLVUsPYGjkX0yByAetgVn68CkKlJT3BRWPkmetCEmJHB1Jllc78D0TzIGIB6uBWfrt81aIgy
;ofEg5ZoyKOSUMcW4KT0/ozs4KW2NUdq4EZ+u3zVo3DOh8KlAW6aIkOh5LaDpaWPP89xRKYkRB3moUk7
;fMWjcMqHw/aVbpwE1Ke2N1JUhi9czmGEBYRnfWYAO0x6IpTgypfD9QFul1Ewp7ABxVLUro0/QiRmhXe
;9xaAYfYuihWeM1NP1EW6dVNSntNXFU5PYGj5hRCYn9qwXICmeirNlh72h1LNSTp1E1KexQcVXR9gbWR
;fTJwSW7LWhOEwKgoaGXGGlY8eranLD4eFB1VLT2Bo5Ekcgc+Hq4FEILHqAVDY98ZTQ96hro9OSRxfTZ
;FYuTb5Q9HY0VsrgRn67fNWjcE6HwUUBbpoiQ6HktoOlpY8/z+HkZmR3HAZAu0x6Q2W23aI10/Yp26IB
;UffX04SEnk0ZF8MgcgHq4FLqu35Vo3DN8VTzVJnbo6LwlLczZZXObM/xxeWFB3wmkGmei5NUdTzBVeP
;XOdsD9KehQcVS09gZrRfSAHIB7ZbBeO6Lk1QGnaI1A2cJqwOTJ7FRxVLT2Bo5G9MhUgHq5yDpvSki5Y
;e80OYD9wj6YoPgIUHVUtPYGjkX1yBzAergUQgseoBUNj3xlND2WZsCguexUcVS09gaOvPTISIB6ucg6
;b0pIuWHvNDmAmeYWgIC8keXU7LTyBo5F9MgcAXq4VZ+u3ujNHafcIUCdzm4o6Ix9gdFUsPYGjkX0yL2
;AevwVn69iiIFJT2xRWNXqNiiwkHHh5VSw9gaORfTI5YB69BWfrwKQqUlPfHVM8SY+5Ij0JdWgwHD2Ao
;5F9MgcgR+4FdOu3zS1efM0jSDF6hYorJhRjbjRZWLOjkH0yByAerlwn66HNWjdjxwZaD2WBvCgmH0tw
;PENY3sD+CFxzIB+uBWfrt82qCAy6fD9QeYavKBUIfHUwQVnezPcbQWJUHq8FZ+u3zVo3TKhzP1AWnrw
;9LyRjfTlBYvLT9BhWByEergVn67eEGjcfqHw/MXWKsCEvCXVoPEJT3sb/HFBrRR6sBWf0t81aVm/LGV
;M1ZIihJCUVS3o8X071/P0cS2JSQctrBonbqFo1DKhgP1AWiKMiIx9LdTteWPPXzhpRaER78XE4iNigN
;1ZizHw9UBb71U1KCXFoJ0xe9cr+E21kT3PMbAmMt89bNzyofD8xYIa8KRUPZn0jSFHey/4RV3R/bs9x
;D7TarCJoYM0SWCR+trMsKQ97bgpIU+DB/RgyBSAevgVn69WoNkNT2h1ZJEmMuywoF3EcVy09kaORfVB
;iTGrxcgaH25I/WW3KEFpQFOnVQkp7FH4nRFnmyv8abWJOf8xpAuu1zFouDKh8XSJ/jbIkJBxLejRDYv
;LT9BhWWEVwz2cLjrfPWjcXqHw/MmSAsSojFXNDM0RF5MfOHFxgTHvxYAmK1aE/Nw6ofClQFum3PyMfc
;3U7SmLyy/QRXnR/e8BkBYfSzVg3DLJ8P1B0m7wgFR5saDBfU+DPzg5aYkxy3VoBgsW+LjcOqHwtUBbp
;tz8jFkt1O15U5cbOGFxmQnLLBWXrt+5aNwzLE14jYoC7KhUeen03QVjeyv8bW2tMQd1sCYzbqAVbZcY
;ZDlAU6dVuSnsUfzpMTvXK/xptYk5/zGkCtN6jPF5gxCNMOXiOuSgVF31yMB89g6ORaTIHIH3BaguC2a
;oFUW3GI1Y+dZuwLDkeFB5ULSaBo5EeXWhMd8BiOJvFpDRDf9gZWjRJmrkiPR97azstP4CjvH0yB0Nxw
;WkOhdCSKkVlxghMIHOMsRI5F3trMUJK7/zwC11uREHBcBOOxZIpX2nEED9SFun0TUp7d3M6QVTvxM4K
;U25UQdxgBojfkjdeYvcQXilzm4o5IxZxHFctPaWjkX1WYk5ty1oUnse9NUV49x1TJHObuyw+Hkt9O0p
;R5Pz0E1NlTHuuB2frqs1aN2jNEkw1SZqgPToUZmgKS1Hu1OMcRmJ/e8BkBYfSzVg3DJt8P1ByjLs+Ly
;RnaSVdUvPXzhRcYUlywloSmNKSNl5izQ9gOXi2vSQtE0t4MENO6NfoIlV1SXquB2brlc1aN2jNEkw1S
;ZqgPToUZmgKQVz4xuMObWVPatpqCrTSoztVYM18PVAWztVNSh94bApOVeDO8xhAWFBsx2sTgtmqBUNp
;xQxaInedoD8vJHFyNE9R5KOTfTIsIB6uYQub6K4yVmHKGU0PYoy4PS8JdWggX1jeyv8OV3VUQclmCI/
;Skj9ZbcoQWlAU6dVtSnsUeDldYubA/hlXWEZ3wmAJitqoBVFj2hFeJEmMuywoF3EcVy09lqORfVZrUE
;HDYBWM0pI1R2nGI0w1cYSwIz4IFB5ULSqBo5EZXnd/c8t3AI7ooixSfsQdTw9miKc5OXsWHVUxPYGj9
;RFCWFJ7yWwIhdahBVJ02BNMJWSMiigkGnZwMC0/gKOJfTIHRHLeWhWO2qIsUlPKCV0yeoyKKCQadnAw
;LT+Bo7h9MgdEct5aFJ7FqztUafcPVjRztqEoMg9hbjByXu7P/g9taU9sw2QLgs2oPjcOqHwTUBbpsSE
;6JGdpJ0tc4sbODltjRUHaYB+fwr8/aGjBD14yeoyKIiQke2owX1XgzfZ9MAYgAa4FZ4/bvQVEedoaXj
;NztqYkLh5LaDBVSfTR9CJXaUF8wmBn6bbNeTcMqBhTIEmaoD8sGnd5Cl5U5cbOCVd/VGvcYDiH3qoyQ
;2naI0ogFuvUTW97FBwxQU3e0OQPVGZDe/F2Do/Ski5SdNwJTTVJhqA5ORJweQpCU+3akX8yBz4ergUD
;h8eSLlJh2BlNMWKcpygVGHx9OE9Y8/z0E1NlTHuuB2bros1aN2nQCFoieIi5EjkTcXA5XmLnyuMORgc
;iH64cZ+u3vj9DeMESWA9zkaE/Px9xbgofYuTN8B9eYiAcrgVC67fNP0942glbNWS2pjojD3d0Ck5S7s
;/4E1VYQnvIahWO6L4tXnjLFD9SFunzTUp7cWQhX0jlxuMiQXBJas1tOIjYojZeYs8jVzV3naA9FRpwa
;jRDXuSjk30yJyAermAfn8W4PlJ+9w9IOWKKvRIpFHtwPENa3sr/HFFzSWjLBWXrt+VaNwzNBEsiY42w
;PxUIY3UhTlXewP4SXm5OefF1BpnckjdYes0jWj53i7koSnkVHHEtPYHG6QlAckR73FoUnN65OV9T2wh
;QIEmevD0vJGN9OUFi9czmGEAHIh6uMmfrt6giQ37dGFoiSZqiJD4YfEMmWVLx/OYUQmJ/ac9pC7TDoi
;1SfvcfUD96trEiPRVLeS1ZT/TH9A8yBSEeoQVn69GsNGhuxBVPD3OHtC8mHhQeVS0vgaORG1Npf33Ba
;guC2aoFUmLJHlM1FuvUTWx7FBwzTFPewP4SXm5OefFyBoLDkjxYfvcRUCZzhLAjPiRydTtETunG9X0w
;ByAVrgVnjdajBVJiyR5TNXLp10xKaBQcVUtc78z3G21gQ3HKYDiO2aw4W2mofj5QOunVTSwSZm8hclH
;g2vQPbWNJc8trFILYowVPdfcfUD1mjLs+Kw99cztyWO/C8xFXByIerhxn67erM0V/3CNTMW+MpxI5E3
;FwOV5i5M3wH15iIByuBVLrt808Xn7bCGA8d5CwPxUIe3A8SWLozfcUXmt/e9ZxFZ7EpDVZU98VWyR+t
;qcsPhJ7QzBDXOPP9H0wByA2rgVnjd6/KUNTxB1GNWS2piImEnBDPENb6M/9IlRrT2ncZBOO6Kg0Vm7E
;GT9SFunwTUp7cnUnXknez/AEV3V/bcFpDo/opDRRZcQQYCNmjLApFR56fTdBWIGhkX0pByAeyGkInMW
;sLlJT2hlMNWK2si4lH3FDMENc48/0fTAGID+uBWeM1r0FUWXEEGA/eIWsEj4UZEM3Qkn1zPwiQXJSeM
;9mApi3z1o3A6h8Pzd3mYorIxd4QyZFWO3P4n0wBiAHrgVnjNa9BVFlxBBgI3+HsiEvJHFkIV9I8sr+E
;zIFIR6DBWfr0KwqaGrBEFMPZYC7KiYeS3ktWU/00PgSXFhDccN1AoXErC5eY8YjWj53i7koSnkUHHQt
;PYHE8hJWYn97wGE4n8K/NFhqziNRP2yTuiEvJHx5NFlU78SRfzMHPB6uBQCI2Kk/aGrBEFo+d4SwEiw
;UZnE0WWLkzfAfXmIgHK4Ff+u3zTJSbdwVUTdJnbwgLyR3fTlOYuTN8B9eYiAcrgV967fNM1l/zQ5LD3
;6MtDk/C0t7NkJZ5Pz0E1NlTHuuB2bros1aN2TNHUslZrayLiUfcUMjTFHox/AJVwciH64eZ+u3pDRRZ
;cQQYGEm2Yo4OR5LbzpBVOX8+BNUbkxyrgdn66HNWjdlxhpWPHq2tCkrC2B1I0hi5M3wH15iIByuBUPr
;t80zWWrBEFMPdYa7Li8VYG48TmLyzP0UVlhVbctaAIrHkjxeYMR8PVAW8dVNShJ6ejxBUd7A/hNcYkN
;q8WAJj8eiM1l423w9UBbl1U1KEnp6PEFR3sX4D0FzIByvBX3rt80zWWrBEFMPZYGwISYIS2kmSGLmwu
;EiVG5Mcq4HZ+uSzVo3ZcYaVjx6tqA+LyR4dTtITt7K/yJabkd28WEChcSkLk5Tzw5WNBbr1E1ZexQcP
;ENJ5NH9ElFsSXDJWgKF1q82UgyqfD9eFunVJDgUenU7SmLkzfAfXmIgHK4Fduu3zTNFY8YVUTdJhLoj
;JQ97cjxOPYOjkW8yByB0y3cMtNOoNkNt9wxNOXidsD9KeRQcXi09gcn0D1lYRXDPZwuOt89aNxuofD8
;6c5u+EiwSZm8hclHg2vQPbWJOf8xpAuu1zVotDKh8WTlutr0iOAl9fjlIYvTQ9CJdd0Vw8WcOn8TNWD
;cMtHw/UHqIrCg4JHx5PEpV9fzwGVN3VHfYYDiO2aw4W2mofj9QDenVTSYabXknck7pxv0RQVhPbMpgF
;bTYvS5eYcEGWlAU6dViSnsUcDRUWPP84glTdVRB3moOhcOSKVRt2hpgOnmAuzkVGnhwOlpi6M3/GEBY
;U3bLaQvrtcxaBgyofFMxb4ynEjkPdW4hck3uyv8JbXRDf9xjOIHYpDRDU8kOUCV4jYooJA99bjByTun
;G/REyBSAehwVn69usI1J+9w9LMWSdij0lEnpoCl5e4NH3IlhoSXDaWgSE2akzQ2XHEl48FuvUTWh7FB
;w5TETk0c4ORmZSavF1CILZuQVEackRYDVyjrASKR56aDBfPYOjkV8yByByz3wCmei+LlZ+3CNPP3+Ho
;RI5HnVxCkBS98bOFFxwQWzKBWXrt+5aNwzEHUY1ZLamOSsJYEMlQlTv184OV2ZNQcBqOITBqChfbcYb
;TFAU6NVkSnsUcDRUWPP84glTdVRB3moOhcOSKVJtxSNRP3i2pSImAnNzO3JL5NHlGEoHIh6uLWfrt6E
;7TmnaI0wkd5uhEjoUfXIhck7kwvwiQGJMf9psEY7ovTVEZdwVUD4W69VNeXsUHDhMSd7A/hNUNn94x2
;kGhtKjLmh/zQhLOXiOphIlDXFuJ0RZ5PziEVtkRUHdYBOf3qM9RAyqfD9jFunVICsPS386Q1uz/PcUX
;mZNe8BxOJjSuS5eYs8PYD9gjKc/Ix9xQyZBVOLGzg5Xc1R3wGIU67XNWhcMqHxZOW62vSI4CX1+OUhi
;5NvlGFx0SWjLWhSf3rk5X2XGGz9SFunITUp7cnUtclXu0eMUUGtFQdtrDoTZkjVBadoQXiBmjLFNSHs
;UClUtPezM9RheWFBsy2YOmNKSIGhkzRVYOGLp101KZxQcVUBS5cr3FFd1f23GYAuHxJI3Un7PGWAgd5
;uwIz57FhxVIz2Bo/8SRlhTf9hgOJjDrC5SDKp8P00W6dUrIwNLdDpfT+jB/Rhtck53wWs4ituhBUN12
;BlgMRbr1E1YexQcJkZU89fOG111Q3vxYAmK1aE/Nw6ofDNQFummIiYScEM3Qkn1zPx9MAYgF64FZ5jY
;oTNTU9wTT1AU6NVHSnsUazxdWN7X/gpXdSAcrgV567fNNVlg0SNQPnO2piUvF3hDOkNi9czhIkFyUnj
;PZgKYt89aNxqofD8/YIynJSsVc0MmRVjtz+IiV2lBfMJgZ+m3zXo3DKgTSTVkgbQjLSRndDBBUfL89x
;xcWFNuy2ADtNKjO1VgzXw9UBbx1U1KFGJ5J19U5cbOG1trQXPLaxO00qM7VWDNfD1QFvDVTUoUYnknX
;1Tlxs4bW2tBc8trE7TSoztVYM1OP1IX6c1NSntkbjBeTvTR9CJTY1Z/wGYCtNKjO1VgzU0/UhbpzU1K
;e2RuMF5O9NH0IlNjVn/AZgK00qM7VWDNTj9SFunGTUp7ZG48Q0nezOEYXFhTe8loAoXDvlo1DKhmP1A
;WmackJA9LbDRfSfL84hhDckVwzWA4hMWpP0UMqnw/fhbp1T04EnpoMF9i4sz/G21iWGrccAOOxfwFVH
;nbCFA9SZmnJCQPdX45SGLzxvYUXWkgHK4FSeu3zSpFZcYIWiJJirojLCRxZCFfSOXG409tZFVt2moKt
;Me/M1l4yR5TNUmbsCojFHocVy09mKORfUJ1SXDaYBW01KI0UVPFHVw4f4ewEigeeGhVLz2BjpF9MndS
;d8BxApnorjVZavcRXjN+gLsoFRhhbyFCUN7T4xRcc0lwyVoXmd6iKF540Xw9UBbG1U1KC2Z1O1lY8/z
;yElxhf3PPZg+C2agFVHnbCFA9f5OwEj4Ue3A9SFzl/PQTU2VMe58FZeu34lo3DNgOVj5ijKcSKRR6eg
;pAXOLL+BNXWENr3XEIht63P2h4xxNTOHOIsRIvFXV+OUgPgaGRfRcHIB7edw6Fw6goaG/HElkPe4i2J
;SMVcUMxTEng/PISXHNFcNpaBo/TzVg2DIp8P1Bmm7wjPh5mQzZCU+f8/BxRb0lwy1oDisOsBVFlxBlg
;MXKN1U9LeyUcVS1N88r/CVd1f33BawG02qw5X2XGGWA1bp2nOC4eZkMmWlT1wPkiRWZJavFtAorDpDR
;QDKp8P3AW6dU9OBJ6aDBfYuLM/xttakF9xmwJjuirO1lTyxNRJGSGuU1IehQ0VS098dH4E0ZiUkHNag
;mN6KA7VGTBEloPcICnID0aZnkKX1j10fAeRm5PcK4HZ+uazVo3fNoVUSRzm4ouJRVyQzhMXunK/xhtY
;Ulsw3IGmdKSLl5hzSNaI2KAuCw+EntyVS89gYmRfTJ3UnfAcQKZ6K41WWr3EV4zfoC7KBUcd3MxSGLk
;/PwIXnNJbsJ8OI3boi03Dqh8F1AW6aU/IxVgeSdyXu7N9yJfZkN2x2sCtNCuNVNp9whXJXuLuywjF0t
;9MUk9g6ORYDIHIG7cbAmf0r8FVGPGGmA9d4q9JCQeS3QwTEnewfQZMgUhHo4FZ+vHvzNZeM0OYDN5h7
;MSJxp3dDxDWN7K9RhKWFNn3XEChrfPWjclqHw/IGSAuzkvCUt/OkNb3s7wHlpuTnvxagqCw5IoVmXbG
;Us/Y4q9EikUcHlVLz2BgZF9MndSd8BxApnorjVZavcRXjN+gLsoFRRmdTJEU97A9BNGYlIerAVnz7fN
;Wkd+wRJLNWS2tiIkHUtxNE5V6M30IkJ1T3PecTiexKgFRW3OCD9SFuniTUp7ZG48Q0nk0c4eXWlGQcN
;kBIPeoz9ofNoTUiBitqA+LyRmfTNZYuXW4RFbZEFqx2oJtNqkKEVj2nw9UBbO1U1KC2Z1O1lY8/zyEl
;xhf3PPZg+C2agFRWnEHUs5YIyKKDIPZmkmRFLvo5N9MjcgHq51FYLZuT9FU8sTUTZJhLQuIhJ6eQpfW
;PLG5SJXWEx7wGITg+ihO05p2iNcOHeHsihKeRQcei09gdPjFFxzRWzxZgiF0ZI3Vm/AFVE1SZ+0ISMf
;dWgwck3zyv8JW2lHQd53DoTFpC5ODKp9P18W6dU/Kx1gQz5IWPH8+RJeYlMerAVn/7fNWkVtzghgP2C
;Mpz8jH3FDMENc48/0fTAHIAiuBWeZ1qsuaH/dDlkxdYyKICUVe2g6Q1Tio5N9MhogHq5jDpPopTVFfs
;EeUzVJnLskJRVLfTlBYvXa4RhtZSAcrgVP67fNKFJ42h1cJH+GuxIrDXt1MXJI7830Hld0U3/cfDiC2
;ZIpQnzYE00kJ+nXTUpTFBxVX1j10fAeRm5PcPFkEYTeqQVCYsYZXDVlmrQ/MyR9cgpeSPHT/g9GNSAc
;rgV867fNKFJ42h1cJH+GuxIuEmd9N0FY3sLlIkFzQWzaBWXrt9haNwzaGUsid4qhJCUVS3I6WWLozeI
;UVmIgHK4FcOu3zShSeNodXCR/hrsSLg5mdTtKYvbK4RgDByIerhJn67e/P0N+yR9LOXmHiik/CX1yMn
;JK6NP0TzIFIB6/BWfrxaguRW3LCFY/eLawIysZeHlVLzyBsJF9MnVFatxkBJ/eojRoacYdXTxztudNS
;HoUOFUtPfPG5Q9TZFR3wWs4jtmsOFtp9x5aNnmbsBIlDmB5J3JO6cb9ETIFIR64BWfrxaguRW3LCFY/
;eLa5LDMeZn89TFPmxpF/Mwc5Hq4FFY7DvztUeMETUQ9zh7QvJh5LcyBZTujH9H0wByAFrgVnmdK5KFZ
;v3BVQPkmTvSI6JHtyOVRi8sz9FFY2IByuBXzrt80oUnjaHVwkf4a7EjATe2wKQlPt2s4OXWtJepwFZe
;u31lo3DNsXViJitrA1Ph5mcjRBYvLL9BFedH94x3cUn7fPWjcYqHw/I3qaiiwkFXF9OURT5vz0E1NlT
;HuuB2brls1aN3/ED2AzeYehIj8JS305WVjzzfAJW3FFQcpsFY7UuTNYYqh+P1A26dVNORdnQzZCUu3K
;/xptZUV68XEChseoKFZ43Q5aD2GIvDlKeRQcZy09gdD9Dm1kT3HCbAmM6K4jW2XGGFoiSYW6Oi8JS3Q
;wTEnk0c4JV2pQe9xkE57FqAVAbcEIP1IW6edNSntncCZyXu7M/RRcYH9912kOhdOoKGh52AxaIkmBsC
;w+HmZDIUhQ8cbjHEZyUnvxcgaCw81YNwyFfD9QZYWmEikUe3A8Q1rez/QbRlhGe8thOIPSrC5SfvcIW
;j1mjKcsPg5meQpaXOjXkX8yBwoergUUh8SSOVhjxBVRN0mZvD4+FHpDPUhc9cbjIkZiTW7Ldwafwr8/
;aHvJFUtQFOnVY0p7FG85XmLizP4RW2lHQdxsAIPDkjxSacwjVzV3nbA/FQ9xcSVIT+DX5A9XWFd/x3F
;n6bfNSTcMqA9TI0mOtD0VHX1wOXJY78LzEVcHIh6uJWfrt742RFPPH1A0c7azJCYeen04SGLnzOMQU3
;N/e8BkBYfSzVg3DLJ8P1BlhaYSIxVydTlBYubC4SJUbkxy8WAJitWhPzcOqHwLUBbppiE5JH1yM0RR7
;fz8CF5zSW7CYDiY1Kw0WWXGG2AzeZy7ORUaeGgwX1Pg1/gLV1hBcMlpAuu1zFogDKh8TDxltrgoOBxx
;QzpdWO/84hhVakVw2nZn6bbNTTcMqA9TI0mEsD8tHktzI0hP7cLhIkJmUmrdBWXqt+laNwzbEEwPeIC
;hPyUccXIKXU/u1/QeRm5PcPF1CJjDkjlYY8QVUTcW69VNVHsUHCZBTt7M5xhAdElw2mAVgtmqBVRjxQ
;xaPmWIoSQlFRQeVS0egaORDl50f27cYA+O1rkzWWv3Hlo0SZ2wIDoeZn0hWE/k/OYcW3MgHK8FUuu3z
;Slbf/cMTTV+jLQ5IxVzQzZUUejN9RhAWExx2WAVtN+oO0Np2iNLNXuZsD8rD2FuMHJK4MrlfTAHICuu
;BWeY274FR37NFFoxYoC7KhUYbXA8Q1nk0c4IQndFbPFtAorDqChoeM0RTzVkiKE4OB5LazRESYGhkX0
;CByAe3WkUtMe/P19pyQhWPnG2uSgsD0t6MEhZ3sv0HEZiUkHaYAqb0r87Q3naGWAnd4ChTUh7FDFVLT
;3yz+IiQnVFdstkE4LZqgVHZdsIUD5JgbAsPh5mQyFIUPHG4xxGclJ78XIGgsPNWDcMmXw/UGWFphI6C
;XF0MExJ6M32IkBuR3baWgGO0qkFX2nJCFoiSZ2wIDoeZn0hWE/k/OYcW3MgHK4FfOu3zSlbf/cMTTl4
;nYo5Kwh/QzlMX+TPzhhcZkJyywVl6rfsWjcM2xBMD2abvCM+Enp7Ck9Y5fzlGF93RWzPcRKZ0pItVmX
;cfD1RFtrVTUoIeG8KXU/ozeUUXGB/fddpDoXTqChoYMcLWiJJgbAsPh5mQyFIUPHG4xxGclJ78XIGgs
;PNWDcMm3w/UGWFphI6CX1yIURT5vzyBF5uTnrLdziex70/RVPAGV4kc5uKOS8WZHknTEn00fQiRWZJa
;q4HZ+uZzVo3f8QPYCBkgLs5IxVzQzlIW/X89xhXY392y2QTjsWSLlJh2BlNMWKcpygVDHV1IS0/gaO6
;fTIHU3LdWheZ3qMuXmLPI085ZZ26IxUTcX0hSE/e1/QQQmJSf9pwFY7oujteeKh+P1A56dVNORdnQyV
;fVO/X+BNVWFJ3yW0TtNGoP1NTwBleJHObijkvFmR5J0xJ9NH0IkVmSWquB2frr81aN3/ED2AieYCKPy
;8cfXM7ck7iwv8iXmZTaq4HZ+umzVo3f8QPYCN+gLAhLiRxcjRPUeSjk3wyLiAernYLmOi+L0VqyR9aD
;2WAsSgVD3FkIVhP5PzyEl5oUkHAahWG1qEzTWnMfD1QFvbVTUoIeG8KXkjzxfAeV1hTd8pgOJ/StS5C
;fs0jWj53i7koSnkVHHYtPYHQ/Q5tdFVsyGQEjui+M1Np9whaKGKcpygVF317PVlY8/zkDTIFIR6LBWf
;rxKEpaH/dDlkxdYyKPiMfcUMhSEX11uMYbWhVat1sA47oojRbdah+P1A36dVNORdnQyFFWPPO8BFtYk
;59wmoUnsWoBVVt2xlgNXiItyEvexYcVQw9gaPiEUFYVHbHazic1qE2aGjHCV08c7a5JCQeZ0MwQ1zjz
;/R9MAcgLq4FZ5jarDZbU8kOWjFJmrohIx9LdTtLVO3PzhteaFdBzWoKm9KjKVZ4wRNRD3OHtC8mHhQe
;VS0ogaORDl9mTHLxYwKKw7goUn/3GVExdIWwTUh7FD5VLT3yzvARXlhGe89xEpnSvgVeYs4VUzxJm7Q
;5IxRLeTtMX+3GkX8yBwYergUUhNukPmhqwRBTD3+Huyg4JHZuPEla6M32IlNlT2jLWhSb1r8pUgyqfD
;9NFunVPiUXfXgKRFPnyv0RbWVPatpqCrTaojRYeMcSVjMW69VNY3sUHCZCUejHzhRcYUlywloJisW/N
;UBT2hlYOXmHijg5Hkt/OkNe5M3lD1tkIByuBX3rt80pWGDBGGA5eI+8ISYkYHMlclDuzf4JXWlJfa4H
;Z+uuzVo3f8cQVjRJgLsrIxd4QyBeWN7E8A1tYUlywgVl6rfEWjcM2wxWIneFvDcvexYcVTM9gaPiDVt
;1QXLxaAiP0pIqVnjAI1Y+YoynPSUXdWg8QlOBoZB9JQcgHt1wF5vYvy5obcwdTyR/n7ASLxV1fjlIPY
;OjkXMyByBt23UXhMW5BVJiyR5TNRbr1E1fexQcJlhN8czjCW1iTnjBdwSOxZI1WWDRfD1QFsTVTUoIY
;WwlQk/1/PgTVG5McvFwFI7ooTNZadsjVj5JgbwqIiRweTteVPXazhpAbkQerARn8rfNWkR52AxQImK2
;uCIuEnJ1MF9i5sb/GEBmVHuuB2frkM1aN3/dDE8/ZJ2KPy8YZnk0WVjewvcJV3V/c8FhDo3eqChobsc
;TUzV3h9VPSnsKHFUtTvTT4RJAc39tw2QLh+irNlht3BlbD3CMtDk/CXFvVS89gbuRfTJ0VW7eahWf6K
;E/VmfRI1w/eIewLj4Se3JVLz2BsJF9MnRVbMhkBI7ooDVTafcZUTF0hbBNSHsUOVUtPfLW4xtTZEVB3
;WwDjui5P0943Q5aD3WGuSI4JHpzJ0Bc7crrGFYHIh6uHmfrt74vRWrJH1oPZYCxKBUPcWQhWE/k/PQT
;U2VMe64HZuuozVo3f90OWTF1jIo+Ix9xQyFIRfXW4xhta0l5xnECmei4KjcOqXweUBbppjg4HXV/MHJ
;O6Mf0IkZiWGrbdwK02LguRGXMGWA/eIWsTUh7FAdVLT3y1uMbU2RFQd1qC4LTki5YfPcRUD55nbojIx
;gUHlUtHIGjkQlXalB73GQTnsWoBVVj3AhQPUmaoD8sGnd5CkhT4MH9GDIFIB65BWfrw6g3R2naHUslZ
;IyKISMIYEMwQ1zjz/R9MAcgEq4FZ5jHuChEU80SXjJ6jNVPSnsKHFUtS+7P5BBXc1J3zVoUm9KoPmh/
;xRNQJH62sCMrGXh5VS89gbKRfTJiTn/MaQK0wKQqUlPcE0g1ZOnXTUpbFBxVWlTxxs4JXXBFbPFjDpP
;SqQVHY9sVSzl5h4ooJBp2cDAtP4GjtH0yB1d33mA4n9i6P0VTxBNQIGW2sCwpE0t5LVlP9Mf0D21iTn
;/MaQLrtc1aPAyofFA/bIyKPiIScXAxLT+Ao7J9MgdXd95gOJzWoTZoascOXDVytrc0FQh9cjJBWN7G6
;QlAckR73AVl67fEWjcMyg5WPUmdrD0vexcZVS09ztblGEAHLR6uBQSKw6g9WH7RI1Exe4zVTnt7FBwF
;X1Tv1/QPA1hhUOtROKqPkgpbedsjbQBf2ooeASkmQxxJWODO8BZXdX9O3GoBgtuoWiYMqHxcMWKMsiI
;4AktyNEBY3sv0BTIE5B6uBVfbgv1qBzuaTA9mL9nlew9LJCthHQ23lqFNBTUQLp00V9uCi2oHOJlMD2
;RT2eV5f0skKWEdDbTloU0GNhAunT1X24KLagc5mEwPZlXZ5Xp/SyQrZh0NtOWhTQc1EC6bNVfbg/RqB
;z+bTA9lUNnleHlLJCgXHQ20kaFNATUQLptDV9uD9GoHOpxMD2Yj2eV7e0skKhEdDbeSoU0ERRAumDBX
;24D/agc57kwPZSbZ5Xp4SyQqEx0Nt5WhTQQ+EC6YRlfbgfhaKwyofEwlZpm6Pz4kcHk7Xljex+QcXlh
;FZtp3EpjeojQ3D6R8P1BXhbltLwNgbiBJWPOjt30yB0R7wHYCtMS4Kkdj2ghgOXiPvCEmJHtpIUFU78
;biIld/VGzbYQKZt85WNwyoPVM8NoytOTgOcHknLS+Bo5EOR3dQcdxxOI/SoylSU9wFTzUW6tBNSntYd
;TtIToGNkX0yY0xu8WcGmNKSNlZ1zQ5gMXCdsD8VHmxsOl5I88bODld3QWzPcQ6E2ZI9VGPMGT9TFunV
;TUpJFBxVSVHx/PMcQWJ/cs98ApnorDxDadojWihmhqY4OB5LbzBdXPPC5RRdaX95zWoDjui9KFIMq3w
;/UBbp+k1Ke3BwJXJf4ND0Il5mWXvcWgWO0aIoUlPNBE8/ZZynKBUIcWw0X1z1yv4TbWBDccpgZ+i3zV
;o3DJt8P1ByhaUSKBpneQpBXPjG4yJQYkZx3GA4js+9NUR52hlgI3OZtD8rD31zO3Ja4sz1GG13UnuuB
;mfrt81aHAyofFs8Zra3LDkeS3A0VFjz/OQNQmJSQd5qDoXDkilSfMkOXiR/hrsSLRh7eDAtPoGjkX0y
;KCAermELm+ivO0Rp9xBeKXObijg6C3FuCl1S6M3lIkFiUH/cZBOC2KMFUG/HGFoPZpuwTUl7FBxVLTC
;Bo5EZXnd/ec1qA47oqDRTDKt8P1AW6c9NSntwcCVyWuLM9RhtYlhqy3cJituSOVhhxR1RNBbq1U1Kex
;QFVS095c/hIlVkT3rLWgGC26g0VmHNI1k/ZIS0OUp4chxVLUbmwP4ZV1hGd8JgCYraqAVAZdwUUCVit
;rA1PgZLZzhMXunK/xhtc1luy1oGidW/P0FlyQhWP3iUijYnGmB5J0Rc7fz/HF9if3/MZxWOwaQ7Q2XH
;EkIPbYW0NC8JS3QwRFrp1+wQXwc2Hq4FA4fHkj1UY8wZYDx3kLA/FRh8fTtKWIGgkX0yByALrgVnj9u
;9BVBvxxhaD2aGpjk6CXt/MF5OgaCRfTIHIBGuBWeP270FUG/HGFoPZZ20Pz57FxxVLT2BupF9MmNMbv
;FtAorDkjlCfsESWA9igLgoFRd9byEtPoGjkX0yGiAermELm+ikNFlp2iNcP3idujg4JHt6M15Y9fz9F
;EFzIB2uBWfrt/1aNwzMEE8Pe4CxKSYeS3A0VFjz/PAbRmJSQct9F4TEuChSU9sZTzFkiKEkJRVLezZC
;WeSjkn0yByAemgVn69OhKmhhwRhbPHO2uSwzHmZDNEtJ5NHOGEp3T23bdwK0xKgqVn7JCFY/eLayLiU
;fcUMlX1iBoJF9MgcgL64FZ4/bvQVaZcwYUzVJhbQ0LwlLfjBLUvPGzhhKd09t23cCtMSoKlZ+yQhWP3
;i2si4lH3EcVi09gaORSDIHIHrCdTiG3qk+W2n3EF4pc5uKLy8de24wclj50/4OR3VFQd1gF4rFrC5eY
;8YjWDN5jbASOglxHFYtPYGjkVAyByB6wnU4ht6pPltp9xBeKXObijg6C3FuCl1S6M3lIkFiUH/cZBOC
;2KMFUG/HGFpQFenVTUp7JRxVLVnt084QW2NEcstaC4rOqChoedgMWiJJmbokJA9LbzBdXPPC5RRdaX9
;5zWoDjui9KFIMq3w/UBbp5U1Ke3BwJXJT7tH8HF5YTH/XYBW01qsuUn73GUcgeZqgPy8kZ3klTE/g1/
;gSXFhHfcFhAuu0zVo3DKhIP1AWjbk9FRV7bjhMUd7P8ARXdX9/yHECmeioIkdj2wlNNUmasD0rCXVoP
;EJT3sTyElZif27cYGfot81aNwyZfD9QcoWlEiQUZnE0QWLtwugYQFhCe8hqFY7oqCJHY9sJTTVJmrA9
;Kwl1aDxCU97E8hJWYiAdrgVn67f4WjcMzBBPD3iGpyArF0twNFRY8/zzGFRoUnvxYB+b2L4vRWn3D1o
;gd5u0OSMUekMyTlLlxs4NQGIgHa4FZ+u34Fo3DMwQTw94hqcgKxdLcDRUWPP85A1CYlJB3moOhcOSKV
;J8yQ5eJH+GuxItGHt4MC0+gaORfTI2IB6uYQub6KM1RWHJEGA8d5CwPxUOZGwwX2LxzPgTRlhTe95kF
;YrDpDVZU88fUDRztqU/L3sXHFUtPYG0kX0yY0xu8XARtNS4KF5izyNLOXuMiiEjCGAcVi09gaORYTIH
;IHrCdTic1r4yXmLPI1sib4C7KhUPfXEwclHo0OV9MQcgHq4Fcuu3zT5bfPcLXiN+gLsqFQ99cTByUej
;Q5X0xByAergV467fNP094zQ5RMXq2tiIlF31yMnJb4M3ODkJiRXrxaQ6Yw81ZNwyofD9eFunVKysVS2
;8lSFjl/P0UQXMgHacFZ+uF9mgCN5xHCWAW+NVNSh19cDRAWO/XzglLd0VB3XEV67THWjcM+DB+cCfH4
;ngnFhQOVS0958r9HF9iTmrxcR6b0pIpQ36afDxaFunVHQY6NC17GgjszpFdMgcgeMd3FJ/ooTtOadoj
;TD96gLESIxVydTlBYvHC5QlXdU4erQBn67eBM1lp23w2UBbpsCMuVXN/OklYgaCJfDIHbS+eMUe4h+1
;hUnTcDko0c5v1JS8aYHknDVLnxZswAzMQPv01R9DfqDtDacxcXTVyyb0oKw9xbnVCW+eDuRRUJ1lx2y
;UPisGoel54gXZ4aSfJ7j8vF3VoPFtYodP+DltzSXHAbAiFvYprF0mFTR8WJdnlbWpAZnkhX1zi17EJW
;mIAeMdpBobSoy4XbYgeViQ2i7ArJQlxPDlEW/XK/xoSc0h7jmsIkc2hPxss3BMfInOFsCw5HjRvOkBY
;ocz3XUZvRT7edwKYxLgoUgbvTR8KPdjlbQ9WITwTFA2xk7FGX2hWe45fR57H7TtZaIgOWiRkiLY5ah1
;9cDRAWO/XsRhEYk4+w2oVjr2AYgMskw9LNWaZsD85W3t6My03gaORGFxjEjDJZgiP0s1ZsgyofHJiJN
;j1GXpbRy1lHTfMkaNMElMRPv00V9u9gGsHOIgoD3BF2d8Ae0sgPAEcHdKTmzADMxA+/TVtpob9bT1Lk
;U01FyfJkGB7W1IvZR03xpKxJxk3DiuOQErel5V3BTyIJRJiJsmTNj4JdWowQWLy0/QYVnoqWZw9R7OH
;7QMHBuVEC1pR0OVNXHsUHDJOUuXGzhhKc0VswGQLtNSiN1ptxhg/Uxbp1U1KbhQcVUhF9dHkGVd1f23
;ZbBOI3+M9VGPMGT9TFunVTUpuFBxVSl7ux/QiVG5Me8BkCo7oqzVFYckIP1Nx6dVNMRx3czFIYufK/R
;hcZk178XIOn9+iL0NTzQRLLUmSuCwpE31yMHJJ+NP0IlNlQmzLcw6Kw6Q1WXH3B1k5eoi4KCQPS3I0Q
;FjewvMfQGJWd89xDoTZ/Cdod8QdRjVktr0oIxx8aChAUIGxkX0ya0Fny3c4iN+sNFBphhtcP3KM1U5K
;exQcVTw9gaP2Hl1jRUHeahSfx781VGnbDz9TFunVTUprFBxVSl7ux/QiQGJQe9psE4LYo1o0Jqh8P2t
;kjKUoPhJgdTpDHebA/hlXDWcnnCUi2732KFJ8zQhWJH+Gu20tGHt4MC0tgaORD1dzUn/NcQ6E2eM9VG
;PMGT9TFunVTUpwFBxVXkng0eVTVWRPessFZB22zVpwPplcBD1znackKVtifTlYWPKp1kQCJxt/zHYIh
;8K5Pxd8xw9WJH+GuyQkHB5RbR8dutD0CRJiWGrccAOOxe0uWCzJHkw/epyhKGoWe3gwJ3Cwk6ZdCXRU
;f9xxR5zeuTIXeMAZHzZ3h/UiLB0eW2cVHdmTsSQCJxtzwXMCy+/iAxd4x1xSOXjJsCMuCGBzJV43xpG
;pXWg3ACXDahGOl5d6Q2OIEVY+Noy7KTkPe2wmJ3qwg8tMBykQPug8V9uH7WFaY94ZHyR+jPU9Jhpgej
;pfUKHH/gpcJxErw2ht4fD0aBdJmFwEKnObum0+E3E8MFVJ89b1GFYnTHvAYhODvccdByzwSAxwT9vib
;QxJJCxlDR26xP5dRmgAasZgR47Tqj8XY85cSzhzybcoLlseW2wfHdmTsSQCJ2Uujj4UjsPtIFJ+x1xL
;PzaMsSovW3t6dVlV5IPzGFYNZy6OQ17bh/16bT2IR2VwY5n1OiMPfDxkQFCL5KBddDUQLo5fV8uMl3p
;fY8UZHyN6hqIhM3EeW2QNZ7CWv00SQRkunjVH0NqiLFIs3BRacGaFtDksFGZxdUlS9s2xTAdqTRSkQl
;bL8fRqBzyIR0wgc4yxbTkeYGg8Q1qL5KhPEkINLY4+FY7DvztUeMETUVpb2OR6aitmdTtZVO/Ev1McB
;ywergUUn9a/LgUizx9QNHPp1v1KexRbZxw3xpqhd38/EhTjNFfcvYpoDyzwTB8JJuOSf3JbTixfagyh
;+aBIHDcAWJ01V+Hj/FBwNZpcemAcruRtDEkkLHVoDLGp1kQAJ2UupEJWy/H/agcs7VFEInOdpywpD31
;zO3JZ9ML9IlNqT2vAcRrh4/1QcDWaXHpgHK7kbQxJJCx1aAyxqdZEACdlLqRCVsvxti5Fbd4ZUw9lmb
;AoLgYeUWQcCqHz4xRcc0lwyStJxbfHWjcMzx9QNHO2oTQ6HhQfUy09gfH0DWBmUB6/BWfr3qM8XmDEI
;14+cYWwEiYSZ2hVLjuBo5FJBzwRLZsFcuu3zTNZasEQUw9ynLQhFR5saCdYTujM/30xCyAerkQLh5eo
;IkN+3RhaIhbn1U1KEnp6PEFR3tPwCUZiUnCuBmPrt80dRWXMfDBQFum8PyUVfXIyck3g1+UYQGkgHaU
;FZ+vlqDlDZcQVUTV3m9VQSnsUcDRUWPP84glTdVRB3moOhcOSKVRt2hpgOnmAuzlKeBccVS187c+RYD
;IHIHLPfAKZ6L4uVn7cI08/f4ehEjkedXEKTlLzzfQPMgQuHq4FNY7RoT9PQ9o/UD5gjK1NUnsUHDhMS
;d7A/hNUNn94x2kGhtKjLmhu2h1RNBbq0k1Ke0Z9PF5YsueRYjIHIHPPcTiI2KM8BlPOFVMxe4y7ORUf
;fW8lQVz4/P8cX2IgHbIFZ+vsnztef81Pew02uacoJxJhcXV9ccCDoFMFMk1zrhln67egO0NTyxNRNie
;2syQmGnl5O1li5sD+GVdYRXDKBWTrt81aNxKofD89d52KLiUVci0KS1TtwvwYXHN/ec1qA47ovi5Wft
;x8PFAW6dVNXXsUHDhMSd7A/hNUNn94x2kGhtKjLmhiyRFaUBXj1U1KK1hddRwTtpb8EDIjIB6uaAaf6
;K41WWqZI1k5eoi4KCQPS3I0QFjewvMfQGJWd89xDoTZzVk0DKh8bxxX6c1NSnt5fSFyXu7N90xtYUly
;z2gChcOSNFh4zQ8/Uxbp1U1KZhQcVUBc9fzyElxhEUHIbAuK2qg0Q1PYDlYzc7agIyMPFB9XLT2B6PZ
;9LwcgHsNkE7TUojRRPfcaVjx3hLAjPiRneSFZVO/EzhRWByM6rgVn2NX/aQ9vzEgSNC7ZtGB+SHZ/eB
;VYuMW8TwpmGHyeZwTT0axpNyaofD89d52KLiUVci0KS1TtwvwYXHN/bctxE4LZqiloasEQXj1zh6ESK
;Al1cjEtPoajkX1gZkltyzYj64bNWjdhyQhgM3mHs3wVHX1wNEBY79fODldzVHfAYhS00aQ2VmHNEksP
;coCmPSYabUM7TFDko5JhMgcgRfxkDpjS/h5qLPgOWj1/nLhtGjdVPGQDCrTO/H0cByAew2QTtNSiNFE
;99xpWPHeEsCM+JGd5IVlU78TiIlRuTH/DYAmf6KszW2n3El49c+nWR0p7FEwZbB2wjaZIX2ogMK4FZ4
;bWuQVUY8YaDg9wgLksJx56aApeWPXX+BNVdH94x2kGhtKjLmhryxNbNUmMuylKeBQcVS09saORfV9mV
;EHNagmNhpI8XmDJEVo+YramKD4PfXIyXmLnyv0cX2JOavFiBITTqAVEeMkOS1AV6dVNSnszHFUtUODX
;zh5daUYv8WMOh9agP1l49w9aJGKAuyo5JHJ1OUxQ5M3lIltjIB2KBWfrhK9oBDTLGAt9ctHlLGdPJ34
;2AAXkmvdQAD9BJsw1BYiPqzsEDIF8P1B7iKESKRR6emRyW+jP8BBXaVRB3WATn96jPURTzhVTMXuMuz
;kVFXVxMC0+i6ORfWJLYT6fK1De2qBaAQyofFIxYra2IiQdJUMzRFHgzvQTRlhTe9pxDoXQvgVRZcQdU
;jV4nYojKxZxQzRPX/PG5xRTc0lxwAVk6LfNWmdA6XwVUBbpuCw+JHdzO0sM3sX4EVNqRXDaWhSOw7kz
;WWvbI1k5eoi4KCQPS3I6WVjyo5J9MgcgHrMFZ+varC5ob8cSWWFJj7whKxZxciFySeTA+RNda0951wV
;k47fNWnFlxB1SNXid1VVKexRxNFli4sz/GwBYRnfCZAqO2bkFVX7JEltQFe7VTUopdXUmSA7Fo459Mg
;dNf9paBITZq2hoasEQXj1zh6ESLhJnbDlMRN7N8BBXByMCrgVnsOWsM0RpmzhicEabsCAjDnk8BWF8o
;ZK/SgdqTR6yBWfr2qwuaG/HElliSY+8ISsWcXIhclrizPUYbWJOeq4GZ+u3zVopDKh8UjFitrYiJB0m
;QzNEUeDO9BNGWEd9wWECtMS5O0V4qH8/UBbp1VpKexRxNFli4sz/GwBYRnfCZAqO2bkFWW3FGT9THOn
;VTRo3VTxkAwq0zvx9FgcgHsNkE7TUojRRPvcaVjx3hLAjPiR6fThIYuDB8w9XcUl/2mwIhbfOWTcMqC
;xzERbx1U1KFnVoCk5S78WjIlRuTH/DYAmf6KM1Q2nbfDxQFunVTVd7FBw4TEnewP4TVDV/eMdpBobSo
;y5ofNoVXDVJnLskPnsXHlUtPcrEkWAyByBzz3E4iNijPAVTzhVTMXuMuzkVCHFoIURT5vz4GTIEBB6u
;BVSJhf5iVGicUVtoJoj4eXkZdzFtSATnjqNFUz9CLsxmX43W/lodDKh8UjFitrYiJB0mQzNEUeDO9BN
;GWFN72nEOhdC+BVFlxB1SNXidii84Gnp4VS46gaORL1NuU3udQWfat81aWm3cI1w/eI/nEiwSeH04SF
;P1/OIYRnNJcMl2OI3eoTtaacYIYDR/mqUhKwJLcjRAWIGgjX0yB3tMz2wUjoSJBxdc2hlSOWOE9R0GO
;jQtexoI7M6RUzIHIHPPcTiI2KM8BVPOFVMxe4y7ORUIcWghRFPm0M4bW2tBc8trE7TRpDZSU8YdUjUW
;6t9NSntEUBQNDK+UpBBfBw4ergUKisOSOVhizk5gNn+FtCAvFWBDJkhJ9cr/GkFYRnfCZAqO2bkFUG/
;HGFoPc4exTUl7FBxVLQ2Bo5EQU3N/fcFrAdnoqzNbbcUZUSRJmrA5PhJ6eyZyW+jP8BBXaVRByWYIj9
;KSKUNt2gg/Uxbp1U1KXBQcVUBc9fzyElxhEkHIbAuK2qg0Q1PbGUskf4eyPhUdfXA0QFjv184UVgcjO
;q4FZ9jV/2kPb8xIEjQu2bRgfkh2f3gVWLjFvE8KZhh8nmcE09GsaTclqHw/PXedii4lFXIuCktU7cL8
;GFxzf23LcROC2aopaGrBEF49c4ehEiQaeXlVLjeBo5EtfkYAL4AyUobazWw3DKgRXiRJirojLElLejx
;BXOzG/wltdEVq2mwJjMSSPF5gyRFaPmK2uywnHkt9N09P5NX4HEZuT3CuBmTrt80Ke02oVj9QFoS0OR
;UYe3IzH2Lnyv0cX2JOavF2Ap/DpDRQf/caVjx3hLAjPiR6cyFIToGgkX0yByADrgVnhta5BVRjxhoND
;3CAuSwnHnpoCllY4sv/El5oR2euBm/rt80cXmDJEVo+YunETUp7ZHA0WVvu0fwiU2NIe91sCIW3zl43
;DKguXjZi6c9NSnt7ajBfVeDN9iJBb0VywnY4mMeoP1NTxBVMJBbq1U1KexQNVS098cLkDldYSHvHYg+
;f6KEzRHiofz9QFunVXEp7FGw5TEnnzOMQbWZEesdxDoTZzVk+DKh8bDt/m6ECJBdtHEMtPYHT4xhBdF
;Vsy1oGj8GsNFRp9whGIHPY1U5PexQcE0RF5MeRazIHIG7cYBSYwr8/aG3MCl4+dYyKOTMLcS5VLjiBo
;5E7W39Feq4nZ+u3vSheYtwZTQ91hrsrFRZ1fz1EU+T88BBtc0V9xmsIh9iqIzcPq3w/UFCvk01nexQc
;JV9U79f0D21kT3DIWgqK1KUzWWn3H0ojYoa4JDAeS2g6QlHpxvAZbWlBc8s0Z+i1zVo3WJh8ElAW6aU
;/IxVgeSdyXu7N9yJfZkN2x2sCtNS4KUNjxRVFNUmduiImE3F9MXJT4M70TzIEIh6uBTPat+laNwzYDl
;Y+YoynEikUenoKQFziy/gTV1hGd8JkCo7ZuQVZbcUZYGEW6t9NSntEUBQNDK+UpBBfBwQergUXmd6jL
;lJ+9x9QPnC2uCwpE31yMHJb6M/wEFdpVEHAZAqO6P9aNAaofD8AWqj1fGRMIXE4LR+Bo5ENQG5Oast3
;OIjYozxoYckfVzl4jIorIwl5azRfWN7X6A1XByMZrgVnoNukKkdp2nwgUBbppT8jFWB5J3Je7s33Il9
;mQ3bHawK02vxqBz33H1A0c+nWTUp7FBxKLT2B0+MUXHNFbPFmCIXRkjdWb8AVUTVJhOR9eklLfzpJWI
;GgkX0yByABrgVnm8WkNENp2iNcP3iPiiArGHx1O0hi7JGhTQJYQ3HKYGfot81aNwyJfD9QZpu8Iz4eZ
;kM2QlPn/PwcUW9JcMtaCIjDogVWaMwOWiNl6dZNSnsUHHUtPYHT4xRcc0Vs8WYIhdGSN1ZvwBVRNUmG
;tjklJHVsPEZY+KOSfTIHIB6CBWfrx78zWXjNDmAzeYezEicad3Q8Q1jezPIJXVhMf91xOJ7HoTVWaPc
;aUDxyjKdNSXsUHFUtGIGjkQ1Abk5qy3c4iNijPGhhyR9XOXiMij8vC3FoPEhP3sL1GUBiU22uBmfrt8
;1aEwyofE8if4ehKDgkd3M7S2LswvIVW2lFQdxgF47DpD9FU8kMVjtzkNVOSnsUHFUFPYGj4Q9baVR73
;FoEhNmrBVptyxRWPnO2pyg6HmB1MF9i7cLiCW1gUnHbdWfot81aNwyCfD9QZpu8Iz4eZkM2QlPn/Pwc
;UW9JcMtaFY7HqC5eadojTyJ/h6EoOCR6fThIPYKjkX0yBz8ergUXmd6jLlJ+9x9QPnC2uCwpE31yMHJ
;O5NflFFxgf3fKBWTPt81aUjnLSVxiddD4dHlMJjFhTwS4jqlFBzANL5g2VdyB9WNWaMxMP0kW6dU9OB
;J6aDBfYuLM/xttakF9xmwJjui5I0dpqH85UBbpsyElC2RlVQs9gaPhD1tpVHvcWgSE2asFWm3LFFY+c
;7ahNDoeS303T0/k1fgcRm5PcK4GZ+u3zVo7DKh8TyJ/h6EoOCRgZSVIPYKlkX0yYUxx3nUe67vNWjd8
;2hNZOXqMiiMrFnEcVi09gaORbjIHIGzPYxO007g7W1PNBEsiY5q8IiR7FxBVLT3Az/1dV39UbNthApm
;33lo3DNodWSRJgLsrIxd4QyVMSfXG4xMyBCUergUrgtmoKTcZqHw/InOdpywpD31zO3JH6czhIkZ+UH
;ufBWTtt81aeWPaEV48FvzVTUoJcWgnTF71yv4TbX1Icd5aE5LHqGg3D658P1BYhqcgKxcUCFUtPfLL9
;BFeWER33GAEn96iNGhgwQ9LUBXp1U1KewAcVS1O6srjCW1jVX/CWgKTw78vRGXHEj9TGunVTQsXeDww
;VUnz1vUYQAcIHq4FFIfEkjtTaMEIVj94iLkSKRR7cDxDWt7L9BRVb1RB2mwKjuiqKFZ8wHw8dhbp1X1
;kSy8tbR0NsY2hRgE3Di6VNF/bh/10BzebTA9+JtLjfXpLJDJlLSqBo5EOXnR/f8BrAorbpDRQU8oZWw
;9xm7Q9InsXHFUtPYGBkX0ydExt8WQJhdKsNl5izyNcKXqAuykvCUtwOlpY8/z2D1N3SB6tBWfrt814N
;wyoD1MjSYi7Iy8aeHU7SmLi2v0UXGNFbPFwF5vSvwVQfskMV1AV6dVNSnsOHFUtTu3QzhxcaUV/wmwJ
;jOi9M0R4xxJgN2SIpSVKeBQcVS09kqORfUFrU0HPcQqExL0yUn7NI1I/cozVTkl7FBw0RE+Bh5F9MnR
;MbfFnCJ/Dojdof90OWTF1jIokJB19cDlyXO/E/Rhta0lt2gVk77fNWgc3kUw/Rxbp1T4mCEt/OkNJ7t
;bjIkBiUHvPcTiG2Kk/Nw+ufD9QV6uWDAg4FC5VLT3yz+IiUWhPcsdrALTWqy5SfvcOWjN5iKEkJBxLa
;DBATeTR8AlHdUVB2mwKjuiqKFZ8wHw8Rhbp1XxzSzosbh0TsZigTQIpECWcMVfbmf1aFwyofEw8Zba2
;IiUXfXIycl/kx84JV2pQe9xkE57FqAVbZdsIP1MR6dVNelUkJ2QaDYGRkX0ydExt8WYIhNukNFBTywV
;TOXiNsD8VF3trMF9i6cbwCVd1f2rLaBeOxawuQn7NI1M5ZZ3VTk17FBxlAw26kqBNMjUgHq52C5jorj
;VYYMESWA91kLkkJB9xbgpYTfHG4yJaYkFqy3c4n9KgKlJ+yQhKInO2uSQ5DxQfUi09gZO/TQk2Fi6uK
;Gfrt742RFPLE1A8f4eyEiYecmgKS1jkx84VV2ZUe9xaE47avT9FbdwJTTVJhbw+PnsXG1UtPbGNoUYD
;MxAesQVn68ShKWhvxxNTOXiOiiAjFUtwNFRY8/zlFF9if3LHdhPrtM1aNwyoVj9QFpq5PhUYe3M5RFP
;m/OEUQXNPcPFtAorDqChoeM0RTzVkiKE4OB5LcDxeSYGgln0yBxAwnj5W3YfNfjcMqA9TI0mKuiImEn
;p7Cl1S8tfODlFmTnDHawC006g2VnX3EFYjYunWSkp7FCx7HQayjaF9EQcgHt1pFLTUojVbZcYbYCBkj
;Io+KRp6cjxDWt7H9BFTfn9yx3YT67TKWjcMmFIPayXH5U1kexQcJkFO3sD+El5uTnnxdw6M37kFUWnN
;GGA4c4ihKDgkYHk4XVjzwuUIQGJ/csd2E+u0ylo3DJhSD2sn3eVNaHsUHCZBTt7A/hJebk558XEOhtK
;SLlJh2BlNMWKcpygVHGZ9JUU9grWRfTI3Di6VNFDbmf1hBTiYTBFgLdjlfWRLFARVLT3yz+IiVWZQQc
;hsC4fovz9HackIYD15jbBNSX0UHFVsfMPh0j4yHiAernYLmOiqOVhozSNZOXqMuywnHkt6Ol9Q4NeRf
;lQHIB7VYgSE06gFUWXEGVExe4yKOiMPfHMgWWLk2+UAbXxNf81tDoXSki5OfM0jXjJ0m7A7IxpgdTpD
;QN7Y/BxGYlJ3z2k4hdagP2htyh5NNWCAtDkjFHphClZR4Nr0D21vRXfJbROW2qBaBAyofEw8Zba9KCs
;PfXIycl/kxf4PV1hSe81qBp/eoz1oeM0RTzVkiKE4OB5LaDxAWN7E4xxCbyAduwVn64T9dAc3mFIPay
;fe5WN6QCUuZR0TsaOEfTIHU3LdWg6F0aQ2W1PJElg8c7a5JDkPFB9RLT2Bk6pEAgc/Hq4FFIfEkjNZa
;sEQUw9xiKUSLBJ4cApfWPHG8Altak96ywVk7bfNWnZN6j58Exb/1U1KCHhvCkRT58r9EW11RW7LZBO0
;2qI+Ugyrej9QFqiUDwg4VxxNLT2B0P0ObW5OeMdpC7TErjtZYsESWA97hrEoSngRHFUtUO7H9BEyGiA
;ernYLmOikNFlp2iNcP3idujg4JHt6M15Y9fz9FEFzIB2uBWfrt+taNwzbEEwPZoaiKS8JS3owSFnozf
;YiQGhUf9psCIXovztDZccjUj9yjNVOT3sUHDNEReTHkV4yByBtwnY4m8WoMlJt3BVRN0mLsCkVD3FxJ
;UhP4NfkD1dYTHfdcWfol81aNzyGTARhJNn7fXFOJDJlFgy2k79NCTYQLoA1XNqA/XQHDJ18P1BlhaYS
;OglxdDBMSejN9iJRfkx3wGECmeihNUBp2iNXNXedsD8VD3FxJUhP4NfkD1dYTHfdcWfosM1aNzyGTAR
;hJ9nVeEp7FG85XmLx0fQVV2ZUd8BiOIjOoTNZaM0OYCVmmbA/FRNxfSFIT97X9BBCYlJ/2nAVjuihM0
;R4qH84UBbp5WN6QCUqZS0NgaORDl50f27cYA+O1rkzWWv3EFo2YrazKC8fS3QwTEnk0c4JV2pQe9xkE
;57FqAVbZdsIP1MR6dVNelUkJ2QZDYGBkX0ydExt8XUVjt+oO0NlxhtgPX+HiiErAnFuCllU7MbOEVt0
;VB6tBWfrt813NwyoD1MjSZmnKCIedWg8Q1re0/gORmhOQcZgBp/SvwVDacUMWiJ3naA/LyR4dSZZPYK
;kkX0yNw4ulTRR27fqWjcM2xBMD2absCUvGmB1O0pi8cziCW10Q3/Aaw6F0JI+UmDJBWA8f5qhTUl8FB
;xVHROxmKJTAgcGHq4FFIfEkipFacAZXiR/h7ISOglxQyZOXO/N+BNVWER7wmQetNukKUMMq3s/UBbZ+
;31xSDosVRw9gaPiEUFYUGzLbQKKw6Q0UFPaFVg4YrazKC8fS3QwTEnk0c4JV2pQe9xkE57FqAVbZdsI
;P1MR6dVNelUkJ2QZDYGGkX0ydExt8XUVjt+oO0NlxhtgJH+EsBI+HnlsMF9c9dbjGG1gUn/ebWfolc1
;aNzyGTARlJsfldntJJCx7HQawk6FTAjwTKJ41SduM/G0HIph8HlAW6aYhOSRkbjxDSejN9iJQYkRB2m
;AKm9K/O0N52hlgPH+aoU1JchQcVR0TsZigSgIpEB6dBWfrxKEpaHzaFVEkf4eyEikCeHU7SVjz/P0SR
;WJSQcZgBp/SvwVDacUMWiJ3naA/LyR4dSZZPYKkkX0yNw4ulTRW27f+WjcM2xBMD2abvCM+Enp7Ck5E
;7cr/GVd1f2vedQKZ6KU/VnjNDmAkc4SlKDgaYGknSGLtyuIJMgQnHq4FV8WH9msBPKhSP1AWmrk+FQt
;mdTtZVO/EzhFXYVRByGACj+ilP1Z4zQ5gJHOEpSg4GmBpJ0hi7criCTIEJx6uBVfFh/ZrAzyoXD9QFp
;q5PhULZnU7WVTvxM4QW2l/cs98ApnouTNaafcQViNi6dZNSnsUHH4tPYHQ/Q5td1J3wHEOhdCSKl5/3
;BNRD36MtDkvCUtoMEBN5NHwCUd1RUHCbBSft85dNwyoTBFgLdjjfUpeFBxVXlHy/OEPW2lUd8BiOJvY
;vi5of8sdUT5/h7ISLh54fSxyUejQ5X0xACAerjVJ24z+dAcMjHw/UGWFphI6CX1yIURT5vzhD1dYU33
;PawmC2aoFU2nEHUYPeoCmOUp4ExxVLQ2vk6pOHDcgMa4FZ5jbvgVHfsESSzl4joo/Ixx8aApLWOTHzh
;VXZlR73FoTjtq9P0Vt3AlNNUmFvD4+excbVS09sY2hRgMzEB6NBWfrxKEpaHzaFVEkf4eyEj4SeXkKW
;Vjs0/QPU3NVbMtaAJnWvTI3D6F8P1Amx+V2e0wkMmUtJYGjkQ5edH9swWw4mdKqM1hi9w9cMXi2uCIu
;HhQfUy09gcriEVNpRB67BWfrxKEpaH/LHVE+f4eyEjkeZWkwQ17ko5JzMgcgd8BjDofb8zlYYtwTSiI
;W5NVNSgh4bwpeWODOzglLd0UerQFn67ejNVlpqGU/UBaauT4VCHx1MEFZ3sL9Gl11SWrGaDifzr0/Nw
;+qfD9QQNjVUUp7FG85XmLyy/gYXmN/d8BjDofbkjtZa8QZYDx/mqFNSXwUHFUfD7SYokwHBwYergUUh
;8SSLl9lxiNIMXqFiiklDnZwMHJR6M30Dm11RW7LZBO02qI+Ugyrej9QFqiUDwg4VxxwLT2B0P0ObXNI
;d8BaEIrboQVEZcYbUzVJhbwjLyRmeSVIXPX8/BJWYiAdqAVn6/aMGHVP63weUBbppiE5JGBzJXJO9NH
;3HFFif3fAYw6H25I7WWvEGWA8f5qhTUl/FBxVHQa4k5FUMgcgbcNkC4forChSbfcPUDx/jYokJB19cD
;lyW+3M5iJRaE1uy2sUisOkNVkMqyc/UBbZ7n1xSzoubh0TtZelSQk3DiqVNUndhvlvDDyGSgRgON7le
;HNAJDJtFg2vlKdMCzwRMJs+V8WP+G0GN5pHD34u0e10cUgvLHsUD7KSqkgJNw4nmzdX0Ib9YQY3qGs/
;UBaauiEjH0t1O0tU7c/OHFxgTHvxaQ6Yw81ZMQyofAtlLdjmeEpvFBxVXlLtyvUiW2lGd8JpOJvWuS5
;SfsZ8PFUW6dUBIxVxb1U2PYGj4hJebkRBx2sBgtuhBUdt3AhaIni2tyI+D3txVS44gaORMVtpRW2uE2
;frt74vR3zHDksPcpy0IRUebGgnWE7ozP99MQsgHq5EC4eXqCJDft0YWiIW8NVNSghhbCVCT/X8+BNUb
;kxy8WQJjNuoBVtl2wg/UxXp1U1nTyEcdS09gdDkDUJoUmrxbAmN3qE2aGPdCFM5eIymEi8DYG4gSVjz
;o5JxMgcgX8JpR47PuShCaM0OP1wW6dU+PwtkcydZYvXa4RgyBCUergUrgtmoKTccqHw/I2OZpSI4D0t
;vIV9c9cb2BDIEJB6uBTOZ0qhaMAyofEwlZpm6Pz57FxZVLT3E1fQPS3BIe9xgZ8i3zVpEedoaXjNztq
;YiJhJwQzdCSfXM/CJbaUZ3wmk4m9a5LlJ+xnw8VRbp1QEjFXFvVQ09gaPiCEBhQX3LWhSE26Q+aHjHD
;GA5eI+8ISYkZH0hWVjzzZF+NwcgHuJsCY7EzU43DKgIWj1mjKcsPg5meQpPWOX8/RRBcyAdrgVn67fY
;WjcM3BlSIHObtDk/CXFDOUhb9fz9FEFzIB2uBWfrt9taNwzcGVIgc5u0OT8JcUMnRFrp184RW3RUHq0
;FZ+u3zVQ3DKgIWj1mhbQ5LyR6cyFIToGgkX0yByARrgVnnN69P2h4xwtaIkmEuikvexcWVS09yM3lGE
;BrQX3LYWf7t81aQGXYGWAkeZ6wPxUIfH0lSD2CqpF9MlVFfdpkCYzbqFo5DKh8SDlmjIo6Kxd4QzhCW
;eSjkncyByBXwHECmdusOVJoqGw/UBaGujcvJGd0PEhR5fzlBEJiIB2nBWfr4KwuUn7uHVM8FsbVTUp5
;FBxVLD2Bo9d9MgchHq4FaOu3zQk3aagIPyQWgNUjShwUPFVqPfOj/n1HB1AejgVW67bNWjcMqHw/QBb
;p1U1KexQcVS09gaORfTIHIB6uBWfrt81aNwyofD9SFunVSUp7FBhVLT38rZF9NAcgHshpCJvHtFo3DN
;I/P1BsqtVNMDgUHFUt8E1vr3wyB+hcrgWvqbbNWjcMqLR+UBbp1U9KexQeVS09gSeSfTMHINbvBWfrt
;81aF0xlsPNuFunVTUp7j19VLabCo5GhcDMgHq4FZ+u3z1o3DLx8P1AW6dVNSnsUHFUtPYGjkX0yByAe
;rgRn67fNWjcMqHw/UBbp1U1KexQclyA9gaORfTJfIB6uJmfrt6giQ37dGFoiJ7a2ODkPe3EKXU/ozeU
;cUGtFQdxgAILYowVPDKl8P1AW6dVNSnszHFUtWPnX4whWYlIv8WYSmMOiN2h82hVRJHeLuSgVCXF7PE
;JT3tviFEhiIB+uBWfrt00xdwyLfD9Qc5GhPz8fcW5kcl700OUSX1hQbMdrE4rVoT9ofs0bVj94tqxNS
;3sUHFUtPYGjkVoyByB71nEVntOoKAZTywlMJHmEij04EnpoNE9R5PzjGFVuT3DxfBSCzahaNgyofD9Q
;loKVTWl7FBwwVUnz1vUYQDV/fdt2E4TakipFZcYIXjJ6jIo/Lxx9cztyRYGikX0yByAergVnzLfNWlJ
;03A5KNHOb5xIpDmdoOkBi8dH4E0ZmQnLLWhWO0KQ1WVPQD1Yqc+nUTUp7FBxVLT2BgJF9MmJYatxwA4
;7F/wVUedsIUD1JmackJA91fjlIYvPG9hRdaX9nrgRn67fNWjcMqHwYUBbpsDU+CWF4MF8P3sDkDkZoT
;UHedw6Fw6w4W2n3Dlo3f4a7EjMIfWYwLTyBo5F9MgcgHq4QZ+u3oDtUZMESWg93hIo5Lxh8cjpBUuba
;kXwyByAergVn67fdWjcMxR1cOH+HsBIoGmF4J0xJ5KOQfTIHIB6OCSbrps1aN2HJH1c5eIyKLy8fS28
;9TE3ko5B9MgcgHq4FZ+ujzVo3YckfVzl4jIovLx9LaDBATd7O8AUyBiAergVna+yNWi4MqHxSMXWBvC
;MvJHZ5OVli5sL/CUB+f3/AYguOt8xaNwyofL8WVunDTUp7eX02RVTvxs4eXWpQe8B2Bp/eojRodKh9P
;1AW6dVNEzsUClUtPezC8hVbaUVBzWoKm9KjKVZ4wRNRD2/p1E1KexQcVXR9gYGRfTJqQX3GbAmO6Kk7
;Q233GlY8c7ahJT8WdnI0RFHey/QUVW9UHq8FZ+u3zVqzTKhdP1AWhLQuIhJ6eQpJXPXCzhtba0VB2m0
;ShtWjO15g9wtWNGKB1UxKexQcVS25waOcfTIHTX/NbQ6F0pI+XmH3BD9RFunVTUo7e1xVID2Bo/wcUW
;9JcMtaA4LakiM3Dah8P1AWqboNSnYUHFVAXOLL+BNXWER3w1od67bNWjcMqDxQEBb11U1KFnV/PURT5
;Pz1FEFzQXDNYDiNxaI3aG7HDls1ZOnUTUp7FBxVKX2Bt5F9MmpBfcZsCY7oqCJDft0YWiJJh6AgSnoU
;HFUtPYFTrn0oByAew2QEg96jP2hp0AhNJXKMpxIlHXJvMFli+ZGRfDIHIB6uBV6rt9daNwzFHVw4f4e
;wEi8DYG4gSVjz/P4bVHRFavF8Veu2zVo3DKh8P1AW+9VNShZ1fz1EU+T89xReZk17wHE42rfMWjcMqH
;w/UFbpx01Ke3l9NkVU78bOG1trQXPLaxO0hc1bNwyofD9QFqnVbkp7FHE0TlXozfQiVG5Sc9lkFY7or
;DlUacQZTTFigLojFR5LcTRVPYCjkX0yB6jd7gVB67fNN1ZvwBVRNUmPvD8nDHVuMHJc4sD0EVd1QWrH
;agm0x78zWXjBElhQF+nVTUp7VJMVLRiBo5EQU2RId8BgOI3evzdAbdoZYDF1irAhLwl1aDxCU97R9Al
;AZkNqrgRn67fNWker6HwbUBbpuCwpE31yMHJb6NH8ClN1RUHPZgSO26goVnjBE1EPYpu0Oy8XFB1VLT
;2Bo9HycgcDHq4FCorUpTNZafcaViJ7nrQ/LyR1fzZIUeTR8AlbaE5B1loKis/NWzcMqHw/xNep1W5Ke
;xRxNE5V6M30IlRuUnPZZBWO6Kw5VGnEGU0xYoC6IxUCS3E0VT2Ao5F9Mge03+4FROu3zTdWb8AVUTVJ
;j7w/Jwx1bjByXOLA9BFXdUFqx2oJtM2SN1Z0qH0/UBbp1U0TOxQDVS097MLyFVtpRUHIbBWGwKwoUlP
;OGVo0ZIihKBUeS3E0VT2Ao5F9MgcgJ+4FeOu3zTdWb8AVUTVJj7w/Jwx1bjByW+TG9Q9Tc0VB1loKis
;/NWzcMqHw/kGSp1VJKexRxNE5V6M30IlRuUnPZZBWO6Ks/UmjaHUs1SZCKICsDFB1VLT2Bo1EPcgc/H
;q4FCorUpTNZafcaViJ7nrQ/LyRyeTBJT+DX9CJIWE1/1gVm67fNWjcMvDw/Rxbp1SArGHx1O0hi58rj
;EEVmUnvxbwKZ3JI/Nw2ofD9QFunBDUpsFBxVQFziy/gTV1hGd9xoEIrFqAVdadoXYCgW6NVNSnsUHH1
;tPZajkX1fZkN2x2sCtNGkKFp7yQ5aD3yMpyYVAhQdVS09gaORVXIHNx6uBQqK1KUzWWn3GlYie560Py
;8kfnknRmL7o5Dnq565hzfcWOuizVo3YckfVzl4jIoqKxVgbixyVeTK9hVGByEergVn67fNWjcYqHw/P
;XeKvSQkHkt7NkJZ5PzwHkZuT3CuBGfrt81aNwyofCFQFum4LCkTfXIwclrizPUYbXNIa8NnCYreoQVf
;acEbVyQW6NVNSnsUHDxtPZyjkX1fZkN2x2sCtNCuNVNp9whXJXuLuywjF0trPElJ6aOQfTIHIB6ubCf
;rqM1aN2HJH1c5eIyKISsIYEMgXVHuwvUiQWJSaMt3OJ/OvT83Dah8P1AW6dVNSmwUHFVAXOLL+BNXWE
;5x1H8LjuipM1ZhzQhaIhbo1U1K242FjBI9mKORfV9mQ3bHawK02aIgTWDNI1s5d4SwOS8JSy5VLD2Bo
;zHkq94fHrcFZ+varDlfZcYZYD55k68hLyRgeThdYuzC6SIDByEergVn69e+GjcVqHw/PXeKvSQkHkty
;OldH7cbOCVdqUEHDZB+0hc1bNwyofD8wZanVX0p7FHE0TlXozfQiQnVJcNpaCoTTqFo2DKh8P1AW6dV
;Na3sUHDhMXunK/xhtd1Jxw3UTtMK+P2h+yRpLD2KBpyg5E3twMS08gaORfTLHQl6uCGfrt6A7VGTBEl
;oPZZ2wPS97FRxVLT2Bo5F9MiUgHq5oBojfpDRSU94VTSRjiLkSLwNgbiBJWPP8/htUdEVq8X1V67bNW
;jcMqHwGEBbL1U1KFnV/PURT5PznFEBzVX/CWgKTw78vU2naI1A2cJqwORUCJhxULT2Bo5F9MgcgP64F
;Z47PuShCaM0ODg91nKY5JRZLbCdEU/XC8xFXWFJ7yWwIhbfPWjctqHw/NW6dpzguHmYuCk5I8tf+EG1
;3UnfAcQaJ26gFRWnPFVA+FuvVTUZ7FBw4TF7pyv8YbWVFctoFZeu37Vo3DMUdXDh/h7ASKQ5naDpAYv
;HR+BNGbk558XUVgti/M0N1qH4/UA7p1U0nGnd0PENY3sfwCVNYQ3HAcQKFw5I7U2iofj5QA+nVTScad
;3Q8Q1jex/AJU1hGd8JgOIrTqVo1DahYP1AWhLQuIhJ6eQpIRfXR5BlXdX9t2WwTiN+SLVZl3CNXNXed
;vCMtexYcVT49gaP8HFFvSXDLWgGK2ZI5WGLcDlA8FuvUTVF7FBw4TF7pyv8YbWFJbMNyBpnSkihSeNo
;dXCR/hrtNSHsUPFUtPezC8hVbaUVByGwVhsCsKFJT3BVSNUmMpjkjFnVoPEJTgaGRfS8HIB7DZASD3q
;M/aGvLE1s1SYyKID8XYHUlQUTexf0SRQciHq4eZ+u3oDtUZMESWg9xiropLyRgdCBAX+/C+BFtZkR6r
;gdn66fNWjdhyR9XOXiMiiUvGmBDN0hZgaGQfSEHIB7DZASD3qM/aGXMGUcPZZCmOS8WFB5VLSGBo5EQ
;U2RId8BgOITapC5ofskVTDVihqAuIiR3czFIPYOjkWgyByBzz2YPgtmoBVh+wRtWPkmKsCM+HmYcVy0
;9lqORfV9mQ3bHawK0x781WnzcI0ojc7anLCwPFB5VLReBo5EQU2RId8BgOJvFojdHePcJTDVJm7QrPi
;RwaSVBVOLC5RRdaX9zx3cVhMXNWDcMsnw/UHuItiUjFXFDJ0hR4Nf4C1dYRWbadxKY3qI0Nw6ofBxQF
;um4LCkTfXIwck/k0PQJbWJ/cstrAJ/fkjZWdc0OYDN+iLsqL3sWHFUPPYGj/BxRb0lwy1oRitukPlZ4
;zSNPIn+HoSQkHEtsJ0RS88rlBDIFIR65BWfr2Ls/RX7BGFoPZYW8Li8kZ3khWVTvxOJ9MAcgCa4FZ4P
;SrC5eYs8jTDl7nLksPhJ7cgpJXPXCkX4yByAerhJn67egO1RkwRJaD3CAuSwnHnpoCkNc7MbOTDIEKh
;6uBTen9u1rGTudEVJQAenVTScad3Q8Q1jexfgRU2pFcNpaCYraqAUFDKt2P1AWuZkMako6K2BAUIGyk
;X0yakF9xmwJjuirM1tp9xJePXPp1ktKexR6OUJN8dqRaDIHIHPPZg+C2agFUWXaEUgxZIyKOTMLcRxW
;Kj2Bo9oRW3dQe9wFbeu3zTdWb8AVUTVJgLFNSV8UHFVICOKW8k9RPg0nnTJVxoOvYw4hkEQKZzvY435
;4TCIkbExZ5ZORbzIHIHPPZg+C2agFWj2YTA4PdYaxKEp4FBxVLT2To5F9X2ZDdsdrArTa/GoHPvcfUD
;Rz6dZNSnsUHEctPYHO8B5abk578WhV24f9BVRjzBk/Uxbp1U1KdxQcVUBc4sv4E1dYVGfeYGfosc1aN
;2rEE08gb+nMTUp7eX02RVTvxs4JS3dFQc9nBZnSuzNWeMETUVAV6dVNSnsUHFUtPYGjkW0yByAergVn
;67fNWjcMqHw/UBbp101Ke29hLC89gaKRfTJyIh6uD2frt50WdiyZUghle4TVTUqbKxxVtnmBo9Y+t+z
;nX65F+663zaBxDKjAfXgU6dVNSnsUE1UtPZGjkX1Ubkx/w2AJn+ipP1l/wQhGUBfp1U1Ke3SPFS0sga
;ORG1trQXPLaxO006Q7WmncGU1QF+nVTUp7FOBqLSyBo5EbW2tBc8trE7TRoTVAfskIWlAX6dVNSnuUS
;xUtM4GjkRtba0Fzy2sTtMe/M1RpqH0/UBZJpbByOxQOVS0958r9HF9iTmrxcwKZ3qsjaGXMfD5QFunV
;zdq4VBxCLT2BzOcYQHVJestaFIferj9of80ISzl4jqZNSHsUElUtPefK/RxfYk5q8WcVitmpWjQLqHw
;/AneApih5PxQJVS0958r9HF9iTmrxYQ6Yx6E7TlPGHVI1FurJTUp7T040RE7kkNUgEldSe8NsEoaXnR
;Z2LJlSCGV7hNVfSnsUejxBXOzG/wltYUlyy1oJitqoWjQGqHw/AFqo9XxkTCFxOC0vgaORG1trQXPLa
;xO00K41U2n3GVE0FurVTUp7FAhVLT3nyv0cX2JOavFiBITTqAVEeMkOS1AV6dVNSnsfHFUtW+jP8BBX
;aVRBx2Fn6JPNWjc/yk4MaHWN4WAuQyR9eBkO48C8RVc+RjOcPQbT1f04VDTOHQxQG+nVTSwSeH04SFP
;1/P8cX2IgHaQFZ+vngRsXPYZLCj176c9NSntydTlMUOTN5SJcZk178WQFicWoLF5t3BVQPhbq1k1Ke0
;RQFC0zgaORG1trQXPLaxO02aIuUn+ofz9QFunVTUp7FBxVLT2Ro5F9MgcgHq4FZ+u3zVo3DKh8P1IW6
;dU2N3sUHFUtPYGjkX0yByAergVn67fNWjcMqHw/UBbp1U1K
;Data end
;Recover start:29
;G21
;G90
;G28 X0 Y0
;G92 X0 Y0 Z{z}
;M221 T0 S94.00
;M140 S50.00
;M104 T0 S190.00
;M109 T0 S190.00
;T0
;M190 S50.00
;G21
;G90
;M82
;M106 S0
;T0
;G92 E0
;G1 F140 E29
;G1 X20 Y0 F140 E30
;G92 E0
;T{current_extruder}
;M106 S{current_fan_speed}
;G92 E{current_extrusion}
;G0 F6000 X{x} Y{y} Z{z}
;G0 F{current_travel_speed}
;G1 F{current_extrude_speed} E{current_extrusion}
;{current_unit}
;{current_pos_abs}
;{current_extrude_abs}
;M117 Printing...
;Recover end
;Print Time: 3152
;Material#1 Used: 4719.5
;Material#1 Cost: 0.35
