;Sliced by ideaMaker 5.5.0.8810, 2026-09-28 16:39:49 UTC+0200
;Slicer Version: 5.5.0.8810
;Dimension: 250.000 250.000 250.000 0.400
;Plate Shape: 0
;Origin Center: 0
;Extruder Offset #1: 25.000 0.000
;Filament Diameter #1: 1.750
;Filament Diameter #2: 1.750
;Filament Compensation #1: 94.000
;Filament Compensation #2: 90.000
;Filament Density #1: 1240.000
;Filament Density #2: 1240.000
;Filament Type #1: PLA
;Filament Type #2: PLA
;Filament Name #1: [Raise3D] Premium PLA 1.75mm
;Filament Name #2: [Raise3D] Premium PLA 1.75mm
;Filament #1: PLA 1.75mm
;Filament #2: PLA 1.75mm
;Printer Type: floppy
;Firmware: Klipper
;Bounding Box: 109.901 140.099 109.931 140.069 0.000 30.000
;Model Gap: 0.000
M221 T0 S94.00
M140 S60.00
M104 T0 S200.00
M109 T0 S200.00
T0
M190 S60.00
G21 ;metric values
G90 ;absolute positioning
M82 ;set extruder to absolute mode
M107 ;start with the fan off
G28 X0 Y0 ;move X/Y to min endstops
G28 Z0 ;move Z to min endstops
G1 Z15.0 F9000 ;move the platform down 15mm

G92 E0 ;zero the extruded length

G0 X43 Y27 F2000  ;go to the edge of the bed
G92 X0 Y0 E0 ;set zero to edge of the bed
G0 F9000 Z1 ;Z up with 1mm
G1 F200 Z0 ;Z home slowly

G1 Z15.0 F9000 ;move the platform down 15mm

G1 F9000 ;speed setting
G92 E-3 ;retraction
M117 Printing...
M1001
;TOTAL_NUM: 1
;PRINTING_TIME: 0
;REMAINING_TIME: 2171
;LAYER:0
;Z:0.250
;HEIGHT:0.250
M106 S0
;PRINTING: Flow_Calibration_Cube_0.4_mm.stl
;PRINTING_ID: 0
G1 F2400 E-3.0000
G0 F3900 X110.101 Y110.131
G0 F300 Z0.250
;TYPE:WALL-OUTER
;WIDTH:0.400
G1 F1500 E0.0000
G1 F2400 X139.898 Y110.131 E1.2388
G1 X139.898 Y139.869 E2.4752
G1 X110.101 Y139.869 E3.7140
G1 X110.101 Y110.131 E4.9504
G0 F3900 X110.501 Y110.531
;TYPE:WALL-INNER
;WIDTH:0.400
G1 F2400 X139.498 Y110.531 E6.1559
G1 X139.498 Y139.469 E7.3590
G1 X110.501 Y139.469 E8.5646
G1 X110.501 Y110.531 E9.7677
G0 F3900 X110.901 Y110.931
G1 F2400 X139.098 Y110.931 E10.9400
G1 X139.098 Y139.069 E12.1098
G1 X110.901 Y139.069 E13.2821
G1 X110.901 Y110.931 E14.4519
G0 F3900 X111.301 Y111.331
G1 F2400 X138.698 Y111.331 E15.5910
G1 X138.698 Y138.669 E16.7276
G1 X111.301 Y138.669 E17.8666
G1 X111.301 Y111.331 E19.0032
G1 F2400 E16.0032
G1 F300 Z0.450
G0 F3900 X111.484 Y138.354
;TYPE:SOLID-FILL
;WIDTH:0.400
G1 F300 Z0.250
G1 F1500 E19.0032
G1 F2400 X111.613 Y138.484 E19.0108
G0 F2400 X112.179 Y138.484
G1 F2400 X111.484 Y137.788 E19.0517
G0 F2400 X111.484 Y137.223
G1 F2400 X112.745 Y138.484 E19.1258
G0 F2400 X113.311 Y138.484
G1 F2400 X111.484 Y136.657 E19.2332
G0 F2400 X111.484 Y136.091
G1 F2400 X113.876 Y138.484 E19.3739
G0 F2400 X114.442 Y138.484
G1 F2400 X111.484 Y135.526 E19.5478
G0 F2400 X111.484 Y134.960
G1 F2400 X115.008 Y138.484 E19.7550
G0 F2400 X115.573 Y138.484
G1 F2400 X111.484 Y134.394 E19.9955
G0 F2400 X111.484 Y133.829
G1 F2400 X116.139 Y138.484 E20.2692
G0 F2400 X116.705 Y138.484
G1 F2400 X111.484 Y133.263 E20.5762
G0 F2400 X111.484 Y132.697
G1 F2400 X117.270 Y138.484 E20.9164
G0 F2400 X117.836 Y138.484
G1 F2400 X111.484 Y132.132 E21.2898
G0 F2400 X111.484 Y131.566
G1 F2400 X118.402 Y138.484 E21.6966
G0 F2400 X118.967 Y138.484
G1 F2400 X111.484 Y131.000 E22.1366
G0 F2400 X111.484 Y130.435
G1 F2400 X119.533 Y138.484 E22.6099
G0 F2400 X120.099 Y138.484
G1 F2400 X111.484 Y129.869 E23.1164
G0 F2400 X111.484 Y129.303
G1 F2400 X120.664 Y138.484 E23.6562
G0 F2400 X121.230 Y138.484
G1 F2400 X111.484 Y128.737 E24.2292
G0 F2400 X111.484 Y128.172
G1 F2400 X121.796 Y138.484 E24.8355
G0 F2400 X122.362 Y138.484
G1 F2400 X111.484 Y127.606 E25.4751
G0 F2400 X111.484 Y127.040
G1 F2400 X122.927 Y138.484 E26.1479
G0 F2400 X123.493 Y138.484
G1 F2400 X111.484 Y126.475 E26.8540
G0 F2400 X111.484 Y125.909
G1 F2400 X124.059 Y138.484 E27.5934
G0 F2400 X124.624 Y138.484
G1 F2400 X111.484 Y125.343 E28.3660
G0 F2400 X111.484 Y124.778
G1 F2400 X125.190 Y138.484 E29.1719
G0 F2400 X125.756 Y138.484
G1 F2400 X111.484 Y124.212 E30.0110
G0 F2400 X111.484 Y123.646
G1 F2400 X126.321 Y138.484 E30.8834
G0 F2400 X126.887 Y138.484
G1 F2400 X111.484 Y123.081 E31.7890
G0 F2400 X111.484 Y122.515
G1 F2400 X127.453 Y138.484 E32.7279
G0 F2400 X128.018 Y138.484
G1 F2400 X111.484 Y121.949 E33.7001
G0 F2400 X111.484 Y121.384
G1 F2400 X128.584 Y138.484 E34.7055
G0 F2400 X129.150 Y138.484
G1 F2400 X111.484 Y120.818 E35.7442
G0 F2400 X111.484 Y120.252
G1 F2400 X129.715 Y138.484 E36.8162
G0 F2400 X130.281 Y138.484
G1 F2400 X111.484 Y119.687 E37.9213
G0 F2400 X111.484 Y119.121
G1 F2400 X130.847 Y138.484 E39.0598
G0 F2400 X131.412 Y138.484
G1 F2400 X111.484 Y118.555 E40.2315
G0 F2400 X111.484 Y117.989
G1 F2400 X131.978 Y138.484 E41.4365
G0 F2400 X132.544 Y138.484
G1 F2400 X111.484 Y117.424 E42.6748
G0 F2400 X111.484 Y116.858
G1 F2400 X133.110 Y138.484 E43.9463
G0 F2400 X133.675 Y138.484
G1 F2400 X111.484 Y116.292 E45.2511
G0 F2400 X111.484 Y115.727
G1 F2400 X134.241 Y138.484 E46.5891
G0 F2400 X134.807 Y138.484
G1 F2400 X111.484 Y115.161 E47.9604
G0 F2400 X111.484 Y114.595
G1 F2400 X135.372 Y138.484 E49.3650
G0 F2400 X135.938 Y138.484
G1 F2400 X111.484 Y114.030 E50.8028
G0 F2400 X111.484 Y113.464
G1 F2400 X136.504 Y138.484 E52.2738
G0 F2400 X137.069 Y138.484
G1 F2400 X111.484 Y112.898 E53.7782
G0 F2400 X111.484 Y112.333
G1 F2400 X137.635 Y138.484 E55.3158
G0 F2400 X138.201 Y138.484
G1 F2400 X111.484 Y111.767 E56.8866
G0 F2400 X111.797 Y111.514
G1 F2400 X138.513 Y138.230 E58.4574
G0 F2400 X138.513 Y137.665
G1 F2400 X112.363 Y111.514 E59.9950
G0 F2400 X112.929 Y111.514
G1 F2400 X138.513 Y137.099 E61.4992
G0 F2400 X138.513 Y136.533
G1 F2400 X113.494 Y111.514 E62.9702
G0 F2400 X114.060 Y111.514
G1 F2400 X138.513 Y135.968 E64.4080
G0 F2400 X138.513 Y135.402
G1 F2400 X114.626 Y111.514 E65.8125
G0 F2400 X115.191 Y111.514
G1 F2400 X138.513 Y134.836 E67.1838
G0 F2400 X138.513 Y134.271
G1 F2400 X115.757 Y111.514 E68.5218
G0 F2400 X116.323 Y111.514
G1 F2400 X138.513 Y133.705 E69.8265
G0 F2400 X138.513 Y133.139
G1 F2400 X116.888 Y111.514 E71.0979
G0 F2400 X117.454 Y111.514
G1 F2400 X138.513 Y132.574 E72.3362
G0 F2400 X138.513 Y132.008
G1 F2400 X118.020 Y111.514 E73.5411
G0 F2400 X118.586 Y111.514
G1 F2400 X138.513 Y131.442 E74.7128
G0 F2400 X138.513 Y130.876
G1 F2400 X119.151 Y111.514 E75.8512
G0 F2400 X119.717 Y111.514
G1 F2400 X138.513 Y130.311 E76.9563
G0 F2400 X138.513 Y129.745
G1 F2400 X120.283 Y111.514 E78.0282
G0 F2400 X120.848 Y111.514
G1 F2400 X138.513 Y129.179 E79.0668
G0 F2400 X138.513 Y128.614
G1 F2400 X121.414 Y111.514 E80.0722
G0 F2400 X121.980 Y111.514
G1 F2400 X138.513 Y128.048 E81.0443
G0 F2400 X138.513 Y127.482
G1 F2400 X122.545 Y111.514 E81.9832
G0 F2400 X123.111 Y111.514
G1 F2400 X138.513 Y126.917 E82.8888
G0 F2400 X138.513 Y126.351
G1 F2400 X123.677 Y111.514 E83.7611
G0 F2400 X124.242 Y111.514
G1 F2400 X138.513 Y125.785 E84.6002
G0 F2400 X138.513 Y125.220
G1 F2400 X124.808 Y111.514 E85.4060
G0 F2400 X125.374 Y111.514
G1 F2400 X138.513 Y124.654 E86.1786
G0 F2400 X138.513 Y124.088
G1 F2400 X125.939 Y111.514 E86.9179
G0 F2400 X126.505 Y111.514
G1 F2400 X138.513 Y123.523 E87.6240
G0 F2400 X138.513 Y122.957
G1 F2400 X127.071 Y111.514 E88.2967
G0 F2400 X127.637 Y111.514
G1 F2400 X138.513 Y122.391 E88.9362
G0 F2400 X138.513 Y121.826
G1 F2400 X128.202 Y111.514 E89.5425
G0 F2400 X128.768 Y111.514
G1 F2400 X138.513 Y121.260 E90.1155
G0 F2400 X138.513 Y120.694
G1 F2400 X129.334 Y111.514 E90.6552
G0 F2400 X129.899 Y111.514
G1 F2400 X138.513 Y120.128 E91.1617
G0 F2400 X138.513 Y119.563
G1 F2400 X130.465 Y111.514 E91.6349
G0 F2400 X131.031 Y111.514
G1 F2400 X138.513 Y118.997 E92.0748
G0 F2400 X138.513 Y118.431
G1 F2400 X131.596 Y111.514 E92.4815
G0 F2400 X132.162 Y111.514
G1 F2400 X138.513 Y117.866 E92.8550
G0 F2400 X138.513 Y117.300
G1 F2400 X132.728 Y111.514 E93.1952
G0 F2400 X133.293 Y111.514
G1 F2400 X138.513 Y116.734 E93.5021
G0 F2400 X138.513 Y116.169
G1 F2400 X133.859 Y111.514 E93.7757
G0 F2400 X134.425 Y111.514
G1 F2400 X138.513 Y115.603 E94.0161
G0 F2400 X138.513 Y115.037
G1 F2400 X134.990 Y111.514 E94.2233
G0 F2400 X135.556 Y111.514
G1 F2400 X138.513 Y114.472 E94.3972
G0 F2400 X138.513 Y113.906
G1 F2400 X136.122 Y111.514 E94.5378
G0 F2400 X136.687 Y111.514
G1 F2400 X138.513 Y113.340 E94.6451
G0 F2400 X138.513 Y112.775
G1 F2400 X137.253 Y111.514 E94.7192
G0 F2400 X137.819 Y111.514
G1 F2400 X138.513 Y112.209 E94.7601
G0 F2400 X138.513 Y111.643
G1 F2400 X138.385 Y111.514 E94.7676
;PRINTING_TIME: 68
;REMAINING_TIME: 2103
;LAYER:1
;Z:0.500
;HEIGHT:0.250
M106 S51
;PRINTING: Flow_Calibration_Cube_0.4_mm.stl
;PRINTING_ID: 0
G1 F2400 E91.7676
G1 F300 Z0.700
G0 F3900 X110.101 Y110.131
G0 F300 Z0.500
;TYPE:WALL-OUTER
;WIDTH:0.400
G1 F300 Z0.500
G1 F1500 E94.7676
G1 F2100 X139.898 Y110.131 E96.0064
G1 X139.898 Y139.869 E97.2428
G1 X110.101 Y139.869 E98.4816
G1 X110.101 Y110.131 E99.7180
G0 F3900 X110.501 Y110.531
;TYPE:WALL-INNER
;WIDTH:0.400
;FLOW:90.0
G1 F2400 X139.498 Y110.531 E100.8030
G1 X139.498 Y139.469 E101.8858
G1 X110.501 Y139.469 E102.9708
G1 X110.501 Y110.531 E104.0536
G0 F3900 X110.901 Y110.931
G1 F2400 X139.098 Y110.931 E105.1086
G1 X139.098 Y139.069 E106.1615
G1 X110.901 Y139.069 E107.2166
G1 X110.901 Y110.931 E108.2694
G0 F3900 X111.301 Y111.331
G1 F2400 X138.698 Y111.331 E109.2945
G1 X138.698 Y138.669 E110.3175
G1 X111.301 Y138.669 E111.3426
G1 X111.301 Y111.331 E112.3655
G0 F3900 X111.485 Y111.677
;TYPE:SOLID-FILL
;WIDTH:0.400
;FLOW:95.0
G1 F2700 X111.648 Y111.514 E112.3746
G0 F2700 X112.214 Y111.514
G1 F2700 X111.485 Y112.243 E112.4153
G0 F2700 X111.485 Y112.808
G1 F2700 X112.779 Y111.514 E112.4876
G0 F2700 X113.345 Y111.514
G1 F2700 X111.485 Y113.374 E112.5915
G0 F2700 X111.485 Y113.940
G1 F2700 X113.911 Y111.514 E112.7270
G0 F2700 X114.477 Y111.514
G1 F2700 X111.485 Y114.506 E112.8941
G0 F2700 X111.485 Y115.071
G1 F2700 X115.042 Y111.514 E113.0928
G0 F2700 X115.608 Y111.514
G1 F2700 X111.485 Y115.637 E113.3231
G0 F2700 X111.485 Y116.203
G1 F2700 X116.174 Y111.514 E113.5850
G0 F2700 X116.739 Y111.514
G1 F2700 X111.485 Y116.768 E113.8785
G0 F2700 X111.485 Y117.334
G1 F2700 X117.305 Y111.514 E114.2036
G0 F2700 X117.871 Y111.514
G1 F2700 X111.485 Y117.900 E114.5603
G0 F2700 X111.485 Y118.465
G1 F2700 X118.436 Y111.514 E114.9485
G0 F2700 X119.002 Y111.514
G1 F2700 X111.485 Y119.031 E115.3684
G0 F2700 X111.485 Y119.597
G1 F2700 X119.568 Y111.514 E115.8199
G0 F2700 X120.133 Y111.514
G1 F2700 X111.485 Y120.162 E116.3029
G0 F2700 X111.485 Y120.728
G1 F2700 X120.699 Y111.514 E116.8176
G0 F2700 X121.265 Y111.514
G1 F2700 X111.485 Y121.294 E117.3639
G0 F2700 X111.485 Y121.859
G1 F2700 X121.830 Y111.514 E117.9417
G0 F2700 X122.396 Y111.514
G1 F2700 X111.485 Y122.425 E118.5512
G0 F2700 X111.485 Y122.991
G1 F2700 X122.962 Y111.514 E119.1922
G0 F2700 X123.528 Y111.514
G1 F2700 X111.485 Y123.557 E119.8649
G0 F2700 X111.485 Y124.122
G1 F2700 X124.093 Y111.514 E120.5691
G0 F2700 X124.659 Y111.514
G1 F2700 X111.485 Y124.688 E121.3050
G0 F2700 X111.485 Y125.254
G1 F2700 X125.225 Y111.514 E122.0725
G0 F2700 X125.790 Y111.514
G1 F2700 X111.485 Y125.819 E122.8715
G0 F2700 X111.485 Y126.385
G1 F2700 X126.356 Y111.514 E123.7021
G0 F2700 X126.922 Y111.514
G1 F2700 X111.485 Y126.951 E124.5644
G0 F2700 X111.485 Y127.516
G1 F2700 X127.487 Y111.514 E125.4582
G0 F2700 X128.053 Y111.514
G1 F2700 X111.485 Y128.082 E126.3836
G0 F2700 X111.485 Y128.648
G1 F2700 X128.619 Y111.514 E127.3407
G0 F2700 X129.184 Y111.514
G1 F2700 X111.485 Y129.213 E128.3293
G0 F2700 X111.485 Y129.779
G1 F2700 X129.750 Y111.514 E129.3495
G0 F2700 X130.316 Y111.514
G1 F2700 X111.485 Y130.345 E130.4013
G0 F2700 X111.485 Y130.910
G1 F2700 X130.881 Y111.514 E131.4847
G0 F2700 X131.447 Y111.514
G1 F2700 X111.485 Y131.476 E132.5997
G0 F2700 X111.485 Y132.042
G1 F2700 X132.013 Y111.514 E133.7463
G0 F2700 X132.578 Y111.514
G1 F2700 X111.485 Y132.607 E134.9245
G0 F2700 X111.485 Y133.173
G1 F2700 X133.144 Y111.514 E136.1343
G0 F2700 X133.710 Y111.514
G1 F2700 X111.485 Y133.739 E137.3757
G0 F2700 X111.485 Y134.305
G1 F2700 X134.276 Y111.514 E138.6487
G0 F2700 X134.841 Y111.514
G1 F2700 X111.485 Y134.870 E139.9533
G0 F2700 X111.485 Y135.436
G1 F2700 X135.407 Y111.514 E141.2895
G0 F2700 X135.973 Y111.514
G1 F2700 X111.485 Y136.002 E142.6573
G0 F2700 X111.485 Y136.567
G1 F2700 X136.538 Y111.514 E144.0567
G0 F2700 X137.104 Y111.514
G1 F2700 X111.485 Y137.133 E145.4877
G0 F2700 X111.485 Y137.699
G1 F2700 X137.670 Y111.514 E146.9503
G0 F2700 X138.235 Y111.514
G1 F2700 X111.485 Y138.264 E148.4444
G0 F2700 X111.831 Y138.484
G1 F2700 X138.513 Y111.802 E149.9348
G0 F2700 X138.513 Y112.368
G1 F2700 X112.396 Y138.484 E151.3936
G0 F2700 X112.962 Y138.484
G1 F2700 X138.513 Y112.934 E152.8207
G0 F2700 X138.513 Y113.499
G1 F2700 X113.528 Y138.484 E154.2163
G0 F2700 X114.093 Y138.484
G1 F2700 X138.513 Y114.065 E155.5803
G0 F2700 X138.513 Y114.631
G1 F2700 X114.659 Y138.484 E156.9126
G0 F2700 X115.225 Y138.484
G1 F2700 X138.513 Y115.196 E158.2134
G0 F2700 X138.513 Y115.762
G1 F2700 X115.790 Y138.484 E159.4826
G0 F2700 X116.356 Y138.484
G1 F2700 X138.513 Y116.328 E160.7202
G0 F2700 X138.513 Y116.893
G1 F2700 X116.922 Y138.484 E161.9262
G0 F2700 X117.487 Y138.484
G1 F2700 X138.513 Y117.459 E163.1006
G0 F2700 X138.513 Y118.025
G1 F2700 X118.053 Y138.484 E164.2434
G0 F2700 X118.619 Y138.484
G1 F2700 X138.513 Y118.590 E165.3546
G0 F2700 X138.513 Y119.156
G1 F2700 X119.184 Y138.484 E166.4342
G0 F2700 X119.750 Y138.484
G1 F2700 X138.513 Y119.722 E167.4822
G0 F2700 X138.513 Y120.288
G1 F2700 X120.316 Y138.484 E168.4986
G0 F2700 X120.882 Y138.484
G1 F2700 X138.513 Y120.853 E169.4834
G0 F2700 X138.513 Y121.419
G1 F2700 X121.447 Y138.484 E170.4366
G0 F2700 X122.013 Y138.484
G1 F2700 X138.513 Y121.985 E171.3582
G0 F2700 X138.513 Y122.550
G1 F2700 X122.579 Y138.484 E172.2483
G0 F2700 X123.144 Y138.484
G1 F2700 X138.513 Y123.116 E173.1067
G0 F2700 X138.513 Y123.682
G1 F2700 X123.710 Y138.484 E173.9335
G0 F2700 X124.276 Y138.484
G1 F2700 X138.513 Y124.247 E174.7287
G0 F2700 X138.513 Y124.813
G1 F2700 X124.841 Y138.484 E175.4924
G0 F2700 X125.407 Y138.484
G1 F2700 X138.513 Y125.379 E176.2244
G0 F2700 X138.513 Y125.944
G1 F2700 X125.973 Y138.484 E176.9248
G0 F2700 X126.538 Y138.484
G1 F2700 X138.513 Y126.510 E177.5937
G0 F2700 X138.513 Y127.076
G1 F2700 X127.104 Y138.484 E178.2309
G0 F2700 X127.670 Y138.484
G1 F2700 X138.513 Y127.641 E178.8366
G0 F2700 X138.513 Y128.207
G1 F2700 X128.235 Y138.484 E179.4106
G0 F2700 X128.801 Y138.484
G1 F2700 X138.513 Y128.773 E179.9531
G0 F2700 X138.513 Y129.339
G1 F2700 X129.367 Y138.484 E180.4639
G0 F2700 X129.932 Y138.484
G1 F2700 X138.513 Y129.904 E180.9432
G0 F2700 X138.513 Y130.470
G1 F2700 X130.498 Y138.484 E181.3909
G0 F2700 X131.064 Y138.484
G1 F2700 X138.513 Y131.036 E181.8069
G0 F2700 X138.513 Y131.601
G1 F2700 X131.630 Y138.484 E182.1914
G0 F2700 X132.195 Y138.484
G1 F2700 X138.513 Y132.167 E182.5442
G0 F2700 X138.513 Y132.733
G1 F2700 X132.761 Y138.484 E182.8655
G0 F2700 X133.327 Y138.484
G1 F2700 X138.513 Y133.298 E183.1552
G0 F2700 X138.513 Y133.864
G1 F2700 X133.892 Y138.484 E183.4132
G0 F2700 X134.458 Y138.484
G1 F2700 X138.513 Y134.430 E183.6397
G0 F2700 X138.513 Y134.995
G1 F2700 X135.024 Y138.484 E183.8346
G0 F2700 X135.589 Y138.484
G1 F2700 X138.513 Y135.561 E183.9979
G0 F2700 X138.513 Y136.127
G1 F2700 X136.155 Y138.484 E184.1296
G0 F2700 X136.721 Y138.484
G1 F2700 X138.513 Y136.692 E184.2297
G0 F2700 X138.513 Y137.258
G1 F2700 X137.286 Y138.484 E184.2982
G0 F2700 X137.852 Y138.484
G1 F2700 X138.513 Y137.824 E184.3351
G0 F2700 X138.513 Y138.389
G1 F2700 X138.418 Y138.484 E184.3404
;PRINTING_TIME: 129
;REMAINING_TIME: 2041
;LAYER:2
;Z:0.750
;HEIGHT:0.250
;FLOW:100.0
;PRINTING: Flow_Calibration_Cube_0.4_mm.stl
;PRINTING_ID: 0
G1 F2400 E181.3404
G1 F300 Z0.950
G0 F3900 X110.101 Y110.131
G0 F300 Z0.750
;TYPE:WALL-OUTER
;WIDTH:0.400
G1 F300 Z0.750
G1 F1500 E184.3404
G1 F2100 X139.898 Y110.131 E185.5792
G1 X139.898 Y139.869 E186.8156
G1 X110.101 Y139.869 E188.0544
G1 X110.101 Y110.131 E189.2907
G0 F3900 X110.501 Y110.531
;TYPE:WALL-INNER
;WIDTH:0.400
;FLOW:90.0
G1 F2400 X139.498 Y110.531 E190.3757
G1 X139.498 Y139.469 E191.4585
G1 X110.501 Y139.469 E192.5435
G1 X110.501 Y110.531 E193.6263
G0 F3900 X110.901 Y110.931
G1 F2400 X139.098 Y110.931 E194.6814
G1 X139.098 Y139.069 E195.7342
G1 X110.901 Y139.069 E196.7893
G1 X110.901 Y110.931 E197.8422
G0 F3900 X111.301 Y111.331
G1 F2400 X138.698 Y111.331 E198.8673
G1 X138.698 Y138.669 E199.8902
G1 X111.301 Y138.669 E200.9154
G1 X111.301 Y111.331 E201.9383
G1 F2400 E198.9383
G1 F300 Z0.950
G0 F3900 X111.484 Y138.354
;TYPE:SOLID-FILL
;WIDTH:0.400
;FLOW:95.0
G1 F300 Z0.750
G1 F1500 E201.9383
G1 F3000 X111.613 Y138.484 E201.9455
G0 F3000 X112.179 Y138.484
G1 F3000 X111.484 Y137.788 E201.9844
G0 F3000 X111.484 Y137.223
G1 F3000 X112.745 Y138.484 E202.0548
G0 F3000 X113.311 Y138.484
G1 F3000 X111.484 Y136.657 E202.1568
G0 F3000 X111.484 Y136.091
G1 F3000 X113.876 Y138.484 E202.2905
G0 F3000 X114.442 Y138.484
G1 F3000 X111.484 Y135.526 E202.4557
G0 F3000 X111.484 Y134.960
G1 F3000 X115.008 Y138.484 E202.6525
G0 F3000 X115.573 Y138.484
G1 F3000 X111.484 Y134.394 E202.8810
G0 F3000 X111.484 Y133.829
G1 F3000 X116.139 Y138.484 E203.1410
G0 F3000 X116.705 Y138.484
G1 F3000 X111.484 Y133.263 E203.4326
G0 F3000 X111.484 Y132.697
G1 F3000 X117.270 Y138.484 E203.7558
G0 F3000 X117.836 Y138.484
G1 F3000 X111.484 Y132.132 E204.1106
G0 F3000 X111.484 Y131.566
G1 F3000 X118.402 Y138.484 E204.4970
G0 F3000 X118.967 Y138.484
G1 F3000 X111.484 Y131.000 E204.9150
G0 F3000 X111.484 Y130.435
G1 F3000 X119.533 Y138.484 E205.3646
G0 F3000 X120.099 Y138.484
G1 F3000 X111.484 Y129.869 E205.8458
G0 F3000 X111.484 Y129.303
G1 F3000 X120.664 Y138.484 E206.3586
G0 F3000 X121.230 Y138.484
G1 F3000 X111.484 Y128.737 E206.9030
G0 F3000 X111.484 Y128.172
G1 F3000 X121.796 Y138.484 E207.4790
G0 F3000 X122.362 Y138.484
G1 F3000 X111.484 Y127.606 E208.0866
G0 F3000 X111.484 Y127.040
G1 F3000 X122.927 Y138.484 E208.7258
G0 F3000 X123.493 Y138.484
G1 F3000 X111.484 Y126.475 E209.3966
G0 F3000 X111.484 Y125.909
G1 F3000 X124.059 Y138.484 E210.0990
G0 F3000 X124.624 Y138.484
G1 F3000 X111.484 Y125.343 E210.8330
G0 F3000 X111.484 Y124.778
G1 F3000 X125.190 Y138.484 E211.5985
G0 F3000 X125.756 Y138.484
G1 F3000 X111.484 Y124.212 E212.3957
G0 F3000 X111.484 Y123.646
G1 F3000 X126.321 Y138.484 E213.2245
G0 F3000 X126.887 Y138.484
G1 F3000 X111.484 Y123.081 E214.0848
G0 F3000 X111.484 Y122.515
G1 F3000 X127.453 Y138.484 E214.9768
G0 F3000 X128.018 Y138.484
G1 F3000 X111.484 Y121.949 E215.9004
G0 F3000 X111.484 Y121.384
G1 F3000 X128.584 Y138.484 E216.8555
G0 F3000 X129.150 Y138.484
G1 F3000 X111.484 Y120.818 E217.8423
G0 F3000 X111.484 Y120.252
G1 F3000 X129.715 Y138.484 E218.8606
G0 F3000 X130.281 Y138.484
G1 F3000 X111.484 Y119.687 E219.9105
G0 F3000 X111.484 Y119.121
G1 F3000 X130.847 Y138.484 E220.9921
G0 F3000 X131.412 Y138.484
G1 F3000 X111.484 Y118.555 E222.1052
G0 F3000 X111.484 Y117.989
G1 F3000 X131.978 Y138.484 E223.2500
G0 F3000 X132.544 Y138.484
G1 F3000 X111.484 Y117.424 E224.4263
G0 F3000 X111.484 Y116.858
G1 F3000 X133.110 Y138.484 E225.6342
G0 F3000 X133.675 Y138.484
G1 F3000 X111.484 Y116.292 E226.8738
G0 F3000 X111.484 Y115.727
G1 F3000 X134.241 Y138.484 E228.1449
G0 F3000 X134.807 Y138.484
G1 F3000 X111.484 Y115.161 E229.4476
G0 F3000 X111.484 Y114.595
G1 F3000 X135.372 Y138.484 E230.7820
G0 F3000 X135.938 Y138.484
G1 F3000 X111.484 Y114.030 E232.1479
G0 F3000 X111.484 Y113.464
G1 F3000 X136.504 Y138.484 E233.5454
G0 F3000 X137.069 Y138.484
G1 F3000 X111.484 Y112.898 E234.9745
G0 F3000 X111.484 Y112.333
G1 F3000 X137.635 Y138.484 E236.4352
G0 F3000 X138.201 Y138.484
G1 F3000 X111.484 Y111.767 E237.9275
G0 F3000 X111.797 Y111.514
G1 F3000 X138.513 Y138.230 E239.4198
G0 F3000 X138.513 Y137.665
G1 F3000 X112.363 Y111.514 E240.8805
G0 F3000 X112.929 Y111.514
G1 F3000 X138.513 Y137.099 E242.3095
G0 F3000 X138.513 Y136.533
G1 F3000 X113.494 Y111.514 E243.7070
G0 F3000 X114.060 Y111.514
G1 F3000 X138.513 Y135.968 E245.0729
G0 F3000 X138.513 Y135.402
G1 F3000 X114.626 Y111.514 E246.4071
G0 F3000 X115.191 Y111.514
G1 F3000 X138.513 Y134.836 E247.7098
G0 F3000 X138.513 Y134.271
G1 F3000 X115.757 Y111.514 E248.9809
G0 F3000 X116.323 Y111.514
G1 F3000 X138.513 Y133.705 E250.2204
G0 F3000 X138.513 Y133.139
G1 F3000 X116.888 Y111.514 E251.4283
G0 F3000 X117.454 Y111.514
G1 F3000 X138.513 Y132.574 E252.6046
G0 F3000 X138.513 Y132.008
G1 F3000 X118.020 Y111.514 E253.7493
G0 F3000 X118.586 Y111.514
G1 F3000 X138.513 Y131.442 E254.8624
G0 F3000 X138.513 Y130.876
G1 F3000 X119.151 Y111.514 E255.9439
G0 F3000 X119.717 Y111.514
G1 F3000 X138.513 Y130.311 E256.9938
G0 F3000 X138.513 Y129.745
G1 F3000 X120.283 Y111.514 E258.0121
G0 F3000 X120.848 Y111.514
G1 F3000 X138.513 Y129.179 E258.9988
G0 F3000 X138.513 Y128.614
G1 F3000 X121.414 Y111.514 E259.9539
G0 F3000 X121.980 Y111.514
G1 F3000 X138.513 Y128.048 E260.8774
G0 F3000 X138.513 Y127.482
G1 F3000 X122.545 Y111.514 E261.7693
G0 F3000 X123.111 Y111.514
G1 F3000 X138.513 Y126.917 E262.6296
G0 F3000 X138.513 Y126.351
G1 F3000 X123.677 Y111.514 E263.4583
G0 F3000 X124.242 Y111.514
G1 F3000 X138.513 Y125.785 E264.2555
G0 F3000 X138.513 Y125.220
G1 F3000 X124.808 Y111.514 E265.0210
G0 F3000 X125.374 Y111.514
G1 F3000 X138.513 Y124.654 E265.7549
G0 F3000 X138.513 Y124.088
G1 F3000 X125.939 Y111.514 E266.4573
G0 F3000 X126.505 Y111.514
G1 F3000 X138.513 Y123.523 E267.1280
G0 F3000 X138.513 Y122.957
G1 F3000 X127.071 Y111.514 E267.7671
G0 F3000 X127.637 Y111.514
G1 F3000 X138.513 Y122.391 E268.3747
G0 F3000 X138.513 Y121.826
G1 F3000 X128.202 Y111.514 E268.9506
G0 F3000 X128.768 Y111.514
G1 F3000 X138.513 Y121.260 E269.4950
G0 F3000 X138.513 Y120.694
G1 F3000 X129.334 Y111.514 E270.0077
G0 F3000 X129.899 Y111.514
G1 F3000 X138.513 Y120.128 E270.4889
G0 F3000 X138.513 Y119.563
G1 F3000 X130.465 Y111.514 E270.9384
G0 F3000 X131.031 Y111.514
G1 F3000 X138.513 Y118.997 E271.3564
G0 F3000 X138.513 Y118.431
G1 F3000 X131.596 Y111.514 E271.7427
G0 F3000 X132.162 Y111.514
G1 F3000 X138.513 Y117.866 E272.0975
G0 F3000 X138.513 Y117.300
G1 F3000 X132.728 Y111.514 E272.4206
G0 F3000 X133.293 Y111.514
G1 F3000 X138.513 Y116.734 E272.7122
G0 F3000 X138.513 Y116.169
G1 F3000 X133.859 Y111.514 E272.9722
G0 F3000 X134.425 Y111.514
G1 F3000 X138.513 Y115.603 E273.2006
G0 F3000 X138.513 Y115.037
G1 F3000 X134.990 Y111.514 E273.3974
G0 F3000 X135.556 Y111.514
G1 F3000 X138.513 Y114.472 E273.5625
G0 F3000 X138.513 Y113.906
G1 F3000 X136.122 Y111.514 E273.6961
G0 F3000 X136.687 Y111.514
G1 F3000 X138.513 Y113.340 E273.7981
G0 F3000 X138.513 Y112.775
G1 F3000 X137.253 Y111.514 E273.8685
G0 F3000 X137.819 Y111.514
G1 F3000 X138.513 Y112.209 E273.9073
G0 F3000 X138.513 Y111.643
G1 F3000 X138.385 Y111.514 E273.9145
;PRINTING_TIME: 188
;REMAINING_TIME: 1983
;LAYER:3
;Z:1.000
;HEIGHT:0.250
;FLOW:100.0
;PRINTING: Flow_Calibration_Cube_0.4_mm.stl
;PRINTING_ID: 0
G1 F2400 E270.9145
G1 F300 Z1.200
G0 F3900 X110.101 Y110.131
G0 F300 Z1.000
;TYPE:WALL-OUTER
;WIDTH:0.400
G1 F300 Z1.000
G1 F1500 E273.9145
G1 F2100 X139.898 Y110.131 E275.1533
G1 X139.898 Y139.869 E276.3897
G1 X110.101 Y139.869 E277.6285
G1 X110.101 Y110.131 E278.8649
G0 F3900 X110.501 Y110.531
;TYPE:WALL-INNER
;WIDTH:0.400
;FLOW:90.0
G1 F2400 X139.498 Y110.531 E279.9499
G1 X139.498 Y139.469 E281.0326
G1 X110.501 Y139.469 E282.1176
G1 X110.501 Y110.531 E283.2004
G0 F3900 X110.901 Y110.931
G1 F2400 X139.098 Y110.931 E284.2555
G1 X139.098 Y139.069 E285.3084
G1 X110.901 Y139.069 E286.3634
G1 X110.901 Y110.931 E287.4163
G0 F3900 X111.301 Y111.331
G1 F2400 X138.698 Y111.331 E288.4414
G1 X138.698 Y138.669 E289.4643
G1 X111.301 Y138.669 E290.4895
G1 X111.301 Y111.331 E291.5124
G0 F3900 X111.485 Y111.677
;TYPE:SOLID-FILL
;WIDTH:0.400
;FLOW:95.0
G1 F3300 X111.648 Y111.514 E291.5215
G0 F3300 X112.214 Y111.514
G1 F3300 X111.485 Y112.243 E291.5622
G0 F3300 X111.485 Y112.808
G1 F3300 X112.779 Y111.514 E291.6345
G0 F3300 X113.345 Y111.514
G1 F3300 X111.485 Y113.374 E291.7384
G0 F3300 X111.485 Y113.940
G1 F3300 X113.911 Y111.514 E291.8739
G0 F3300 X114.477 Y111.514
G1 F3300 X111.485 Y114.506 E292.0410
G0 F3300 X111.485 Y115.071
G1 F3300 X115.042 Y111.514 E292.2397
G0 F3300 X115.608 Y111.514
G1 F3300 X111.485 Y115.637 E292.4700
G0 F3300 X111.485 Y116.203
G1 F3300 X116.174 Y111.514 E292.7319
G0 F3300 X116.739 Y111.514
G1 F3300 X111.485 Y116.768 E293.0254
G0 F3300 X111.485 Y117.334
G1 F3300 X117.305 Y111.514 E293.3505
G0 F3300 X117.871 Y111.514
G1 F3300 X111.485 Y117.900 E293.7072
G0 F3300 X111.485 Y118.465
G1 F3300 X118.436 Y111.514 E294.0954
G0 F3300 X119.002 Y111.514
G1 F3300 X111.485 Y119.031 E294.5153
G0 F3300 X111.485 Y119.597
G1 F3300 X119.568 Y111.514 E294.9668
G0 F3300 X120.133 Y111.514
G1 F3300 X111.485 Y120.162 E295.4498
G0 F3300 X111.485 Y120.728
G1 F3300 X120.699 Y111.514 E295.9645
G0 F3300 X121.265 Y111.514
G1 F3300 X111.485 Y121.294 E296.5108
G0 F3300 X111.485 Y121.859
G1 F3300 X121.830 Y111.514 E297.0886
G0 F3300 X122.396 Y111.514
G1 F3300 X111.485 Y122.425 E297.6980
G0 F3300 X111.485 Y122.991
G1 F3300 X122.962 Y111.514 E298.3391
G0 F3300 X123.528 Y111.514
G1 F3300 X111.485 Y123.557 E299.0118
G0 F3300 X111.485 Y124.122
G1 F3300 X124.093 Y111.514 E299.7160
G0 F3300 X124.659 Y111.514
G1 F3300 X111.485 Y124.688 E300.4519
G0 F3300 X111.485 Y125.254
G1 F3300 X125.225 Y111.514 E301.2193
G0 F3300 X125.790 Y111.514
G1 F3300 X111.485 Y125.819 E302.0184
G0 F3300 X111.485 Y126.385
G1 F3300 X126.356 Y111.514 E302.8490
G0 F3300 X126.922 Y111.514
G1 F3300 X111.485 Y126.951 E303.7113
G0 F3300 X111.485 Y127.516
G1 F3300 X127.487 Y111.514 E304.6051
G0 F3300 X128.053 Y111.514
G1 F3300 X111.485 Y128.082 E305.5305
G0 F3300 X111.485 Y128.648
G1 F3300 X128.619 Y111.514 E306.4875
G0 F3300 X129.184 Y111.514
G1 F3300 X111.485 Y129.213 E307.4761
G0 F3300 X111.485 Y129.779
G1 F3300 X129.750 Y111.514 E308.4964
G0 F3300 X130.316 Y111.514
G1 F3300 X111.485 Y130.345 E309.5482
G0 F3300 X111.485 Y130.910
G1 F3300 X130.881 Y111.514 E310.6316
G0 F3300 X131.447 Y111.514
G1 F3300 X111.485 Y131.476 E311.7466
G0 F3300 X111.485 Y132.042
G1 F3300 X132.013 Y111.514 E312.8932
G0 F3300 X132.578 Y111.514
G1 F3300 X111.485 Y132.607 E314.0714
G0 F3300 X111.485 Y133.173
G1 F3300 X133.144 Y111.514 E315.2812
G0 F3300 X133.710 Y111.514
G1 F3300 X111.485 Y133.739 E316.5226
G0 F3300 X111.485 Y134.305
G1 F3300 X134.276 Y111.514 E317.7956
G0 F3300 X134.841 Y111.514
G1 F3300 X111.485 Y134.870 E319.1002
G0 F3300 X111.485 Y135.436
G1 F3300 X135.407 Y111.514 E320.4364
G0 F3300 X135.973 Y111.514
G1 F3300 X111.485 Y136.002 E321.8042
G0 F3300 X111.485 Y136.567
G1 F3300 X136.538 Y111.514 E323.2036
G0 F3300 X137.104 Y111.514
G1 F3300 X111.485 Y137.133 E324.6345
G0 F3300 X111.485 Y137.699
G1 F3300 X137.670 Y111.514 E326.0971
G0 F3300 X138.235 Y111.514
G1 F3300 X111.485 Y138.264 E327.5913
G0 F3300 X111.831 Y138.484
G1 F3300 X138.513 Y111.802 E329.0817
G0 F3300 X138.513 Y112.368
G1 F3300 X112.396 Y138.484 E330.5404
G0 F3300 X112.962 Y138.484
G1 F3300 X138.513 Y112.934 E331.9676
G0 F3300 X138.513 Y113.499
G1 F3300 X113.528 Y138.484 E333.3632
G0 F3300 X114.093 Y138.484
G1 F3300 X138.513 Y114.065 E334.7271
G0 F3300 X138.513 Y114.631
G1 F3300 X114.659 Y138.484 E336.0595
G0 F3300 X115.225 Y138.484
G1 F3300 X138.513 Y115.196 E337.3603
G0 F3300 X138.513 Y115.762
G1 F3300 X115.790 Y138.484 E338.6295
G0 F3300 X116.356 Y138.484
G1 F3300 X138.513 Y116.328 E339.8671
G0 F3300 X138.513 Y116.893
G1 F3300 X116.922 Y138.484 E341.0731
G0 F3300 X117.487 Y138.484
G1 F3300 X138.513 Y117.459 E342.2475
G0 F3300 X138.513 Y118.025
G1 F3300 X118.053 Y138.484 E343.3903
G0 F3300 X118.619 Y138.484
G1 F3300 X138.513 Y118.590 E344.5015
G0 F3300 X138.513 Y119.156
G1 F3300 X119.184 Y138.484 E345.5811
G0 F3300 X119.750 Y138.484
G1 F3300 X138.513 Y119.722 E346.6291
G0 F3300 X138.513 Y120.288
G1 F3300 X120.316 Y138.484 E347.6455
G0 F3300 X120.882 Y138.484
G1 F3300 X138.513 Y120.853 E348.6303
G0 F3300 X138.513 Y121.419
G1 F3300 X121.447 Y138.484 E349.5835
G0 F3300 X122.013 Y138.484
G1 F3300 X138.513 Y121.985 E350.5051
G0 F3300 X138.513 Y122.550
G1 F3300 X122.579 Y138.484 E351.3951
G0 F3300 X123.144 Y138.484
G1 F3300 X138.513 Y123.116 E352.2536
G0 F3300 X138.513 Y123.682
G1 F3300 X123.710 Y138.484 E353.0804
G0 F3300 X124.276 Y138.484
G1 F3300 X138.513 Y124.247 E353.8756
G0 F3300 X138.513 Y124.813
G1 F3300 X124.841 Y138.484 E354.6392
G0 F3300 X125.407 Y138.484
G1 F3300 X138.513 Y125.379 E355.3713
G0 F3300 X138.513 Y125.944
G1 F3300 X125.973 Y138.484 E356.0717
G0 F3300 X126.538 Y138.484
G1 F3300 X138.513 Y126.510 E356.7406
G0 F3300 X138.513 Y127.076
G1 F3300 X127.104 Y138.484 E357.3778
G0 F3300 X127.670 Y138.484
G1 F3300 X138.513 Y127.641 E357.9834
G0 F3300 X138.513 Y128.207
G1 F3300 X128.235 Y138.484 E358.5575
G0 F3300 X128.801 Y138.484
G1 F3300 X138.513 Y128.773 E359.1000
G0 F3300 X138.513 Y129.339
G1 F3300 X129.367 Y138.484 E359.6108
G0 F3300 X129.932 Y138.484
G1 F3300 X138.513 Y129.904 E360.0901
G0 F3300 X138.513 Y130.470
G1 F3300 X130.498 Y138.484 E360.5377
G0 F3300 X131.064 Y138.484
G1 F3300 X138.513 Y131.036 E360.9538
G0 F3300 X138.513 Y131.601
G1 F3300 X131.630 Y138.484 E361.3382
G0 F3300 X132.195 Y138.484
G1 F3300 X138.513 Y132.167 E361.6911
G0 F3300 X138.513 Y132.733
G1 F3300 X132.761 Y138.484 E362.0124
G0 F3300 X133.327 Y138.484
G1 F3300 X138.513 Y133.298 E362.3020
G0 F3300 X138.513 Y133.864
G1 F3300 X133.892 Y138.484 E362.5601
G0 F3300 X134.458 Y138.484
G1 F3300 X138.513 Y134.430 E362.7866
G0 F3300 X138.513 Y134.995
G1 F3300 X135.024 Y138.484 E362.9815
G0 F3300 X135.589 Y138.484
G1 F3300 X138.513 Y135.561 E363.1448
G0 F3300 X138.513 Y136.127
G1 F3300 X136.155 Y138.484 E363.2765
G0 F3300 X136.721 Y138.484
G1 F3300 X138.513 Y136.692 E363.3765
G0 F3300 X138.513 Y137.258
G1 F3300 X137.286 Y138.484 E363.4451
G0 F3300 X137.852 Y138.484
G1 F3300 X138.513 Y137.824 E363.4819
G0 F3300 X138.513 Y138.389
G1 F3300 X138.418 Y138.484 E363.4873
;PRINTING_TIME: 243
;REMAINING_TIME: 1928
;LAYER:4
;Z:1.250
;HEIGHT:0.250
;FLOW:100.0
M106 S89
;PRINTING: Flow_Calibration_Cube_0.4_mm.stl
;PRINTING_ID: 0
G1 F2400 E360.4873
G1 F300 Z1.450
G0 F3900 X110.101 Y110.131
G0 F300 Z1.250
;TYPE:WALL-OUTER
;WIDTH:0.400
G1 F300 Z1.250
G1 F1500 E363.4873
G1 F2100 X139.898 Y110.131 E364.7261
G1 X139.898 Y139.869 E365.9624
G1 X110.101 Y139.869 E367.2012
G1 X110.101 Y110.131 E368.4376
G0 F3900 X110.501 Y110.531
;TYPE:WALL-INNER
;WIDTH:0.400
;FLOW:90.0
G1 F2400 X139.498 Y110.531 E369.5226
G1 X139.498 Y139.469 E370.6054
G1 X110.501 Y139.469 E371.6904
G1 X110.501 Y110.531 E372.7732
G0 F3900 X110.901 Y110.931
G1 F2400 X139.098 Y110.931 E373.8283
G1 X139.098 Y139.069 E374.8811
G1 X110.901 Y139.069 E375.9362
G1 X110.901 Y110.931 E376.9890
G0 F3900 X111.301 Y111.331
G1 F2400 X138.698 Y111.331 E378.0142
G1 X138.698 Y138.669 E379.0371
G1 X111.301 Y138.669 E380.0622
G1 X111.301 Y111.331 E381.0851
G1 F2400 E378.0851
G1 F300 Z1.450
G0 F3900 X111.484 Y138.354
;TYPE:SOLID-FILL
;WIDTH:0.400
;FLOW:95.0
G1 F300 Z1.250
G1 F1500 E381.0851
G1 F3600 X111.613 Y138.484 E381.0924
G0 F3600 X112.179 Y138.484
G1 F3600 X111.484 Y137.788 E381.1312
G0 F3600 X111.484 Y137.223
G1 F3600 X112.745 Y138.484 E381.2017
G0 F3600 X113.311 Y138.484
G1 F3600 X111.484 Y136.657 E381.3037
G0 F3600 X111.484 Y136.091
G1 F3600 X113.876 Y138.484 E381.4374
G0 F3600 X114.442 Y138.484
G1 F3600 X111.484 Y135.526 E381.6026
G0 F3600 X111.484 Y134.960
G1 F3600 X115.008 Y138.484 E381.7994
G0 F3600 X115.573 Y138.484
G1 F3600 X111.484 Y134.394 E382.0278
G0 F3600 X111.484 Y133.829
G1 F3600 X116.139 Y138.484 E382.2878
G0 F3600 X116.705 Y138.484
G1 F3600 X111.484 Y133.263 E382.5795
G0 F3600 X111.484 Y132.697
G1 F3600 X117.270 Y138.484 E382.9027
G0 F3600 X117.836 Y138.484
G1 F3600 X111.484 Y132.132 E383.2575
G0 F3600 X111.484 Y131.566
G1 F3600 X118.402 Y138.484 E383.6439
G0 F3600 X118.967 Y138.484
G1 F3600 X111.484 Y131.000 E384.0619
G0 F3600 X111.484 Y130.435
G1 F3600 X119.533 Y138.484 E384.5115
G0 F3600 X120.099 Y138.484
G1 F3600 X111.484 Y129.869 E384.9927
G0 F3600 X111.484 Y129.303
G1 F3600 X120.664 Y138.484 E385.5055
G0 F3600 X121.230 Y138.484
G1 F3600 X111.484 Y128.737 E386.0499
G0 F3600 X111.484 Y128.172
G1 F3600 X121.796 Y138.484 E386.6259
G0 F3600 X122.362 Y138.484
G1 F3600 X111.484 Y127.606 E387.2335
G0 F3600 X111.484 Y127.040
G1 F3600 X122.927 Y138.484 E387.8727
G0 F3600 X123.493 Y138.484
G1 F3600 X111.484 Y126.475 E388.5435
G0 F3600 X111.484 Y125.909
G1 F3600 X124.059 Y138.484 E389.2458
G0 F3600 X124.624 Y138.484
G1 F3600 X111.484 Y125.343 E389.9798
G0 F3600 X111.484 Y124.778
G1 F3600 X125.190 Y138.484 E390.7454
G0 F3600 X125.756 Y138.484
G1 F3600 X111.484 Y124.212 E391.5426
G0 F3600 X111.484 Y123.646
G1 F3600 X126.321 Y138.484 E392.3713
G0 F3600 X126.887 Y138.484
G1 F3600 X111.484 Y123.081 E393.2317
G0 F3600 X111.484 Y122.515
G1 F3600 X127.453 Y138.484 E394.1237
G0 F3600 X128.018 Y138.484
G1 F3600 X111.484 Y121.949 E395.0472
G0 F3600 X111.484 Y121.384
G1 F3600 X128.584 Y138.484 E396.0024
G0 F3600 X129.150 Y138.484
G1 F3600 X111.484 Y120.818 E396.9891
G0 F3600 X111.484 Y120.252
G1 F3600 X129.715 Y138.484 E398.0075
G0 F3600 X130.281 Y138.484
G1 F3600 X111.484 Y119.687 E399.0574
G0 F3600 X111.484 Y119.121
G1 F3600 X130.847 Y138.484 E400.1390
G0 F3600 X131.412 Y138.484
G1 F3600 X111.484 Y118.555 E401.2521
G0 F3600 X111.484 Y117.989
G1 F3600 X131.978 Y138.484 E402.3968
G0 F3600 X132.544 Y138.484
G1 F3600 X111.484 Y117.424 E403.5732
G0 F3600 X111.484 Y116.858
G1 F3600 X133.110 Y138.484 E404.7811
G0 F3600 X133.675 Y138.484
G1 F3600 X111.484 Y116.292 E406.0207
G0 F3600 X111.484 Y115.727
G1 F3600 X134.241 Y138.484 E407.2918
G0 F3600 X134.807 Y138.484
G1 F3600 X111.484 Y115.161 E408.5945
G0 F3600 X111.484 Y114.595
G1 F3600 X135.372 Y138.484 E409.9288
G0 F3600 X135.938 Y138.484
G1 F3600 X111.484 Y114.030 E411.2948
G0 F3600 X111.484 Y113.464
G1 F3600 X136.504 Y138.484 E412.6923
G0 F3600 X137.069 Y138.484
G1 F3600 X111.484 Y112.898 E414.1214
G0 F3600 X111.484 Y112.333
G1 F3600 X137.635 Y138.484 E415.5821
G0 F3600 X138.201 Y138.484
G1 F3600 X111.484 Y111.767 E417.0744
G0 F3600 X111.797 Y111.514
G1 F3600 X138.513 Y138.230 E418.5667
G0 F3600 X138.513 Y137.665
G1 F3600 X112.363 Y111.514 E420.0273
G0 F3600 X112.929 Y111.514
G1 F3600 X138.513 Y137.099 E421.4564
G0 F3600 X138.513 Y136.533
G1 F3600 X113.494 Y111.514 E422.8539
G0 F3600 X114.060 Y111.514
G1 F3600 X138.513 Y135.968 E424.2197
G0 F3600 X138.513 Y135.402
G1 F3600 X114.626 Y111.514 E425.5540
G0 F3600 X115.191 Y111.514
G1 F3600 X138.513 Y134.836 E426.8567
G0 F3600 X138.513 Y134.271
G1 F3600 X115.757 Y111.514 E428.1278
G0 F3600 X116.323 Y111.514
G1 F3600 X138.513 Y133.705 E429.3673
G0 F3600 X138.513 Y133.139
G1 F3600 X116.888 Y111.514 E430.5752
G0 F3600 X117.454 Y111.514
G1 F3600 X138.513 Y132.574 E431.7515
G0 F3600 X138.513 Y132.008
G1 F3600 X118.020 Y111.514 E432.8962
G0 F3600 X118.586 Y111.514
G1 F3600 X138.513 Y131.442 E434.0092
G0 F3600 X138.513 Y130.876
G1 F3600 X119.151 Y111.514 E435.0907
G0 F3600 X119.717 Y111.514
G1 F3600 X138.513 Y130.311 E436.1406
G0 F3600 X138.513 Y129.745
G1 F3600 X120.283 Y111.514 E437.1589
G0 F3600 X120.848 Y111.514
G1 F3600 X138.513 Y129.179 E438.1456
G0 F3600 X138.513 Y128.614
G1 F3600 X121.414 Y111.514 E439.1007
G0 F3600 X121.980 Y111.514
G1 F3600 X138.513 Y128.048 E440.0242
G0 F3600 X138.513 Y127.482
G1 F3600 X122.545 Y111.514 E440.9162
G0 F3600 X123.111 Y111.514
G1 F3600 X138.513 Y126.917 E441.7765
G0 F3600 X138.513 Y126.351
G1 F3600 X123.677 Y111.514 E442.6052
G0 F3600 X124.242 Y111.514
G1 F3600 X138.513 Y125.785 E443.4023
G0 F3600 X138.513 Y125.220
G1 F3600 X124.808 Y111.514 E444.1679
G0 F3600 X125.374 Y111.514
G1 F3600 X138.513 Y124.654 E444.9018
G0 F3600 X138.513 Y124.088
G1 F3600 X125.939 Y111.514 E445.6041
G0 F3600 X126.505 Y111.514
G1 F3600 X138.513 Y123.523 E446.2749
G0 F3600 X138.513 Y122.957
G1 F3600 X127.071 Y111.514 E446.9140
G0 F3600 X127.637 Y111.514
G1 F3600 X138.513 Y122.391 E447.5215
G0 F3600 X138.513 Y121.826
G1 F3600 X128.202 Y111.514 E448.0975
G0 F3600 X128.768 Y111.514
G1 F3600 X138.513 Y121.260 E448.6419
G0 F3600 X138.513 Y120.694
G1 F3600 X129.334 Y111.514 E449.1546
G0 F3600 X129.899 Y111.514
G1 F3600 X138.513 Y120.128 E449.6357
G0 F3600 X138.513 Y119.563
G1 F3600 X130.465 Y111.514 E450.0853
G0 F3600 X131.031 Y111.514
G1 F3600 X138.513 Y118.997 E450.5032
G0 F3600 X138.513 Y118.431
G1 F3600 X131.596 Y111.514 E450.8896
G0 F3600 X132.162 Y111.514
G1 F3600 X138.513 Y117.866 E451.2444
G0 F3600 X138.513 Y117.300
G1 F3600 X132.728 Y111.514 E451.5675
G0 F3600 X133.293 Y111.514
G1 F3600 X138.513 Y116.734 E451.8591
G0 F3600 X138.513 Y116.169
G1 F3600 X133.859 Y111.514 E452.1191
G0 F3600 X134.425 Y111.514
G1 F3600 X138.513 Y115.603 E452.3474
G0 F3600 X138.513 Y115.037
G1 F3600 X134.990 Y111.514 E452.5442
G0 F3600 X135.556 Y111.514
G1 F3600 X138.513 Y114.472 E452.7094
G0 F3600 X138.513 Y113.906
G1 F3600 X136.122 Y111.514 E452.8430
G0 F3600 X136.687 Y111.514
G1 F3600 X138.513 Y113.340 E452.9450
G0 F3600 X138.513 Y112.775
G1 F3600 X137.253 Y111.514 E453.0154
G0 F3600 X137.819 Y111.514
G1 F3600 X138.513 Y112.209 E453.0542
G0 F3600 X138.513 Y111.643
G1 F3600 X138.385 Y111.514 E453.0614
;PRINTING_TIME: 297
;REMAINING_TIME: 1874
;LAYER:5
;Z:1.500
;HEIGHT:0.250
;FLOW:100.0
;PRINTING: Flow_Calibration_Cube_0.4_mm.stl
;PRINTING_ID: 0
G1 F2400 E450.0614
G1 F300 Z1.700
G0 F3900 X110.101 Y110.131
G0 F300 Z1.500
;TYPE:WALL-OUTER
;WIDTH:0.400
G1 F300 Z1.500
G1 F1500 E453.0614
G1 F2100 X139.898 Y110.131 E454.3002
G1 X139.898 Y139.869 E455.5366
G1 X110.101 Y139.869 E456.7754
G1 X110.101 Y110.131 E458.0117
G0 F3900 X110.501 Y110.531
;TYPE:WALL-INNER
;WIDTH:0.400
;FLOW:90.0
G1 F2400 X139.498 Y110.531 E459.0967
G1 X139.498 Y139.469 E460.1795
G1 X110.501 Y139.469 E461.2645
G1 X110.501 Y110.531 E462.3473
G0 F3900 X110.901 Y110.931
G1 F2400 X139.098 Y110.931 E463.4024
G1 X139.098 Y139.069 E464.4552
G1 X110.901 Y139.069 E465.5103
G1 X110.901 Y110.931 E466.5632
G0 F3900 X111.301 Y111.331
G1 F2400 X138.698 Y111.331 E467.5883
G1 X138.698 Y138.669 E468.6112
G1 X111.301 Y138.669 E469.6363
G1 X111.301 Y111.331 E470.6593
G0 F3900 X111.485 Y111.677
;TYPE:SOLID-FILL
;WIDTH:0.400
;FLOW:95.0
G1 F3600 X111.648 Y111.514 E470.6684
G0 F3600 X112.214 Y111.514
G1 F3600 X111.485 Y112.243 E470.7091
G0 F3600 X111.485 Y112.808
G1 F3600 X112.779 Y111.514 E470.7814
G0 F3600 X113.345 Y111.514
G1 F3600 X111.485 Y113.374 E470.8853
G0 F3600 X111.485 Y113.940
G1 F3600 X113.911 Y111.514 E471.0208
G0 F3600 X114.477 Y111.514
G1 F3600 X111.485 Y114.506 E471.1879
G0 F3600 X111.485 Y115.071
G1 F3600 X115.042 Y111.514 E471.3866
G0 F3600 X115.608 Y111.514
G1 F3600 X111.485 Y115.637 E471.6169
G0 F3600 X111.485 Y116.203
G1 F3600 X116.174 Y111.514 E471.8788
G0 F3600 X116.739 Y111.514
G1 F3600 X111.485 Y116.768 E472.1723
G0 F3600 X111.485 Y117.334
G1 F3600 X117.305 Y111.514 E472.4973
G0 F3600 X117.871 Y111.514
G1 F3600 X111.485 Y117.900 E472.8540
G0 F3600 X111.485 Y118.465
G1 F3600 X118.436 Y111.514 E473.2423
G0 F3600 X119.002 Y111.514
G1 F3600 X111.485 Y119.031 E473.6622
G0 F3600 X111.485 Y119.597
G1 F3600 X119.568 Y111.514 E474.1137
G0 F3600 X120.133 Y111.514
G1 F3600 X111.485 Y120.162 E474.5967
G0 F3600 X111.485 Y120.728
G1 F3600 X120.699 Y111.514 E475.1114
G0 F3600 X121.265 Y111.514
G1 F3600 X111.485 Y121.294 E475.6576
G0 F3600 X111.485 Y121.859
G1 F3600 X121.830 Y111.514 E476.2355
G0 F3600 X122.396 Y111.514
G1 F3600 X111.485 Y122.425 E476.8449
G0 F3600 X111.485 Y122.991
G1 F3600 X122.962 Y111.514 E477.4860
G0 F3600 X123.528 Y111.514
G1 F3600 X111.485 Y123.557 E478.1587
G0 F3600 X111.485 Y124.122
G1 F3600 X124.093 Y111.514 E478.8629
G0 F3600 X124.659 Y111.514
G1 F3600 X111.485 Y124.688 E479.5987
G0 F3600 X111.485 Y125.254
G1 F3600 X125.225 Y111.514 E480.3662
G0 F3600 X125.790 Y111.514
G1 F3600 X111.485 Y125.819 E481.1652
G0 F3600 X111.485 Y126.385
G1 F3600 X126.356 Y111.514 E481.9959
G0 F3600 X126.922 Y111.514
G1 F3600 X111.485 Y126.951 E482.8581
G0 F3600 X111.485 Y127.516
G1 F3600 X127.487 Y111.514 E483.7519
G0 F3600 X128.053 Y111.514
G1 F3600 X111.485 Y128.082 E484.6774
G0 F3600 X111.485 Y128.648
G1 F3600 X128.619 Y111.514 E485.6344
G0 F3600 X129.184 Y111.514
G1 F3600 X111.485 Y129.213 E486.6230
G0 F3600 X111.485 Y129.779
G1 F3600 X129.750 Y111.514 E487.6432
G0 F3600 X130.316 Y111.514
G1 F3600 X111.485 Y130.345 E488.6951
G0 F3600 X111.485 Y130.910
G1 F3600 X130.881 Y111.514 E489.7785
G0 F3600 X131.447 Y111.514
G1 F3600 X111.485 Y131.476 E490.8935
G0 F3600 X111.485 Y132.042
G1 F3600 X132.013 Y111.514 E492.0401
G0 F3600 X132.578 Y111.514
G1 F3600 X111.485 Y132.607 E493.2183
G0 F3600 X111.485 Y133.173
G1 F3600 X133.144 Y111.514 E494.4280
G0 F3600 X133.710 Y111.514
G1 F3600 X111.485 Y133.739 E495.6695
G0 F3600 X111.485 Y134.305
G1 F3600 X134.276 Y111.514 E496.9425
G0 F3600 X134.841 Y111.514
G1 F3600 X111.485 Y134.870 E498.2471
G0 F3600 X111.485 Y135.436
G1 F3600 X135.407 Y111.514 E499.5833
G0 F3600 X135.973 Y111.514
G1 F3600 X111.485 Y136.002 E500.9511
G0 F3600 X111.485 Y136.567
G1 F3600 X136.538 Y111.514 E502.3504
G0 F3600 X137.104 Y111.514
G1 F3600 X111.485 Y137.133 E503.7814
G0 F3600 X111.485 Y137.699
G1 F3600 X137.670 Y111.514 E505.2440
G0 F3600 X138.235 Y111.514
G1 F3600 X111.485 Y138.264 E506.7382
G0 F3600 X111.831 Y138.484
G1 F3600 X138.513 Y111.802 E508.2285
G0 F3600 X138.513 Y112.368
G1 F3600 X112.396 Y138.484 E509.6873
G0 F3600 X112.962 Y138.484
G1 F3600 X138.513 Y112.934 E511.1145
G0 F3600 X138.513 Y113.499
G1 F3600 X113.528 Y138.484 E512.5100
G0 F3600 X114.093 Y138.484
G1 F3600 X138.513 Y114.065 E513.8740
G0 F3600 X138.513 Y114.631
G1 F3600 X114.659 Y138.484 E515.2064
G0 F3600 X115.225 Y138.484
G1 F3600 X138.513 Y115.196 E516.5072
G0 F3600 X138.513 Y115.762
G1 F3600 X115.790 Y138.484 E517.7764
G0 F3600 X116.356 Y138.484
G1 F3600 X138.513 Y116.328 E519.0140
G0 F3600 X138.513 Y116.893
G1 F3600 X116.922 Y138.484 E520.2199
G0 F3600 X117.487 Y138.484
G1 F3600 X138.513 Y117.459 E521.3944
G0 F3600 X138.513 Y118.025
G1 F3600 X118.053 Y138.484 E522.5371
G0 F3600 X118.619 Y138.484
G1 F3600 X138.513 Y118.590 E523.6484
G0 F3600 X138.513 Y119.156
G1 F3600 X119.184 Y138.484 E524.7280
G0 F3600 X119.750 Y138.484
G1 F3600 X138.513 Y119.722 E525.7760
G0 F3600 X138.513 Y120.288
G1 F3600 X120.316 Y138.484 E526.7924
G0 F3600 X120.882 Y138.484
G1 F3600 X138.513 Y120.853 E527.7772
G0 F3600 X138.513 Y121.419
G1 F3600 X121.447 Y138.484 E528.7304
G0 F3600 X122.013 Y138.484
G1 F3600 X138.513 Y121.985 E529.6520
G0 F3600 X138.513 Y122.550
G1 F3600 X122.579 Y138.484 E530.5420
G0 F3600 X123.144 Y138.484
G1 F3600 X138.513 Y123.116 E531.4004
G0 F3600 X138.513 Y123.682
G1 F3600 X123.710 Y138.484 E532.2272
G0 F3600 X124.276 Y138.484
G1 F3600 X138.513 Y124.247 E533.0225
G0 F3600 X138.513 Y124.813
G1 F3600 X124.841 Y138.484 E533.7861
G0 F3600 X125.407 Y138.484
G1 F3600 X138.513 Y125.379 E534.5181
G0 F3600 X138.513 Y125.944
G1 F3600 X125.973 Y138.484 E535.2186
G0 F3600 X126.538 Y138.484
G1 F3600 X138.513 Y126.510 E535.8874
G0 F3600 X138.513 Y127.076
G1 F3600 X127.104 Y138.484 E536.5247
G0 F3600 X127.670 Y138.484
G1 F3600 X138.513 Y127.641 E537.1303
G0 F3600 X138.513 Y128.207
G1 F3600 X128.235 Y138.484 E537.7044
G0 F3600 X128.801 Y138.484
G1 F3600 X138.513 Y128.773 E538.2468
G0 F3600 X138.513 Y129.339
G1 F3600 X129.367 Y138.484 E538.7577
G0 F3600 X129.932 Y138.484
G1 F3600 X138.513 Y129.904 E539.2369
G0 F3600 X138.513 Y130.470
G1 F3600 X130.498 Y138.484 E539.6846
G0 F3600 X131.064 Y138.484
G1 F3600 X138.513 Y131.036 E540.1006
G0 F3600 X138.513 Y131.601
G1 F3600 X131.630 Y138.484 E540.4851
G0 F3600 X132.195 Y138.484
G1 F3600 X138.513 Y132.167 E540.8380
G0 F3600 X138.513 Y132.733
G1 F3600 X132.761 Y138.484 E541.1592
G0 F3600 X133.327 Y138.484
G1 F3600 X138.513 Y133.298 E541.4489
G0 F3600 X138.513 Y133.864
G1 F3600 X133.892 Y138.484 E541.7070
G0 F3600 X134.458 Y138.484
G1 F3600 X138.513 Y134.430 E541.9335
G0 F3600 X138.513 Y134.995
G1 F3600 X135.024 Y138.484 E542.1283
G0 F3600 X135.589 Y138.484
G1 F3600 X138.513 Y135.561 E542.2916
G0 F3600 X138.513 Y136.127
G1 F3600 X136.155 Y138.484 E542.4233
G0 F3600 X136.721 Y138.484
G1 F3600 X138.513 Y136.692 E542.5234
G0 F3600 X138.513 Y137.258
G1 F3600 X137.286 Y138.484 E542.5919
G0 F3600 X137.852 Y138.484
G1 F3600 X138.513 Y137.824 E542.6288
G0 F3600 X138.513 Y138.389
G1 F3600 X138.418 Y138.484 E542.6341
;PRINTING_TIME: 350
;REMAINING_TIME: 1821
;LAYER:6
;Z:1.750
;HEIGHT:0.250
;FLOW:100.0
M106 S99
;PRINTING: Flow_Calibration_Cube_0.4_mm.stl
;PRINTING_ID: 0
G1 F2400 E539.6341
G1 F300 Z1.950
G0 F3900 X138.418 Y139.163
G0 F300 Z1.750
G0 F3900 X110.767 Y139.204
G0 X110.201 Y110.141
G0 X110.101 Y110.131
;TYPE:WALL-OUTER
;WIDTH:0.400
G1 F300 Z1.750
G1 F1500 E542.6341
G1 F1273 X139.898 Y110.131 E543.8729
G1 X139.898 Y139.869 E545.1093
G1 X110.101 Y139.869 E546.3481
G1 X110.101 Y110.131 E547.5845
G1 F2400 E544.5845
G1 F300 Z1.950
G0 F3900 X110.908 Y110.936
G1 F300 Z1.750
G1 F1500 E547.5845
G1 F1273 X110.908 Y139.063 E548.7539
G1 X139.091 Y139.063 E549.9256
G1 X139.091 Y110.936 E551.0950
G1 X110.908 Y110.936 E552.2667
G0 F3900 X110.708 Y110.533
;TYPE:GAP-FILL
;WIDTH:0.476
;FLOW:95.0
;WIDTH:0.475
G1 F2183 X110.539 Y110.569 E552.2748
G1 X110.504 Y110.736 E552.2828
;WIDTH:0.408
G1 X110.504 Y139.263 E553.4320
;WIDTH:0.476
G1 X110.708 Y139.466 E553.4456
;WIDTH:0.406
G1 X139.291 Y139.466 E554.5914
;WIDTH:0.476
G1 X139.494 Y139.263 E554.6049
;WIDTH:0.408
G1 X139.494 Y110.736 E555.7542
;WIDTH:0.476
G1 X139.291 Y110.533 E555.7677
;WIDTH:0.406
G1 X110.708 Y110.533 E556.9135
;PRINTING_TIME: 366
;REMAINING_TIME: 1805
;LAYER:7
;Z:2.000
;HEIGHT:0.250
;FLOW:100.0
M106 S128
;PRINTING: Flow_Calibration_Cube_0.4_mm.stl
;PRINTING_ID: 0
G1 F2400 E553.9135
G1 F300 Z2.200
G0 F3900 X110.101 Y110.131
G0 F300 Z2.000
;TYPE:WALL-OUTER
;WIDTH:0.400
G1 F300 Z2.000
G1 F1500 E556.9135
G1 F1199 X139.898 Y110.131 E558.1523
G1 X139.898 Y139.869 E559.3887
G1 X110.101 Y139.869 E560.6275
G1 X110.101 Y110.131 E561.8639
G1 F2400 E558.8639
G1 F300 Z2.200
G0 F3900 X110.908 Y110.936
G1 F300 Z2.000
G1 F1500 E561.8639
G1 F1199 X110.908 Y139.063 E563.0333
G1 X139.091 Y139.063 E564.2050
G1 X139.091 Y110.936 E565.3744
G1 X110.908 Y110.936 E566.5461
G0 F3900 X110.708 Y110.533
;TYPE:GAP-FILL
;WIDTH:0.476
;FLOW:95.0
;WIDTH:0.475
G1 F2055 X110.539 Y110.569 E566.5542
G1 X110.504 Y110.736 E566.5622
;WIDTH:0.408
G1 X110.504 Y139.263 E567.7114
;WIDTH:0.476
G1 X110.708 Y139.466 E567.7249
;WIDTH:0.406
G1 X139.291 Y139.466 E568.8708
;WIDTH:0.476
G1 X139.494 Y139.263 E568.8843
;WIDTH:0.408
G1 X139.494 Y110.736 E570.0335
;WIDTH:0.476
G1 X139.291 Y110.533 E570.0470
;WIDTH:0.406
G1 X110.708 Y110.533 E571.1929
;PRINTING_TIME: 382
;REMAINING_TIME: 1789
;LAYER:8
;Z:2.250
;HEIGHT:0.250
;FLOW:100.0
;PRINTING: Flow_Calibration_Cube_0.4_mm.stl
;PRINTING_ID: 0
G1 F2400 E568.1929
G1 F300 Z2.450
G0 F3900 X110.101 Y110.131
G0 F300 Z2.250
;TYPE:WALL-OUTER
;WIDTH:0.400
G1 F300 Z2.250
G1 F1500 E571.1929
G1 F1199 X139.898 Y110.131 E572.4317
G1 X139.898 Y139.869 E573.6681
G1 X110.101 Y139.869 E574.9069
G1 X110.101 Y110.131 E576.1433
G1 F2400 E573.1433
G1 F300 Z2.450
G0 F3900 X110.908 Y110.936
G1 F300 Z2.250
G1 F1500 E576.1433
G1 F1199 X110.908 Y139.063 E577.3126
G1 X139.091 Y139.063 E578.4844
G1 X139.091 Y110.936 E579.6537
G1 X110.908 Y110.936 E580.8255
G0 F3900 X110.708 Y110.533
;TYPE:GAP-FILL
;WIDTH:0.476
;FLOW:95.0
;WIDTH:0.475
G1 F2055 X110.539 Y110.569 E580.8336
G1 X110.504 Y110.736 E580.8416
;WIDTH:0.408
G1 X110.504 Y139.263 E581.9908
;WIDTH:0.476
G1 X110.708 Y139.466 E582.0043
;WIDTH:0.406
G1 X139.291 Y139.466 E583.1502
;WIDTH:0.476
G1 X139.494 Y139.263 E583.1637
;WIDTH:0.408
G1 X139.494 Y110.736 E584.3129
;WIDTH:0.476
G1 X139.291 Y110.533 E584.3264
;WIDTH:0.406
G1 X110.708 Y110.533 E585.4723
;PRINTING_TIME: 398
;REMAINING_TIME: 1773
;LAYER:9
;Z:2.500
;HEIGHT:0.250
;FLOW:100.0
;PRINTING: Flow_Calibration_Cube_0.4_mm.stl
;PRINTING_ID: 0
G1 F2400 E582.4723
G1 F300 Z2.700
G0 F3900 X110.101 Y110.131
G0 F300 Z2.500
;TYPE:WALL-OUTER
;WIDTH:0.400
G1 F300 Z2.500
G1 F1500 E585.4723
G1 F1199 X139.898 Y110.131 E586.7111
G1 X139.898 Y139.869 E587.9475
G1 X110.101 Y139.869 E589.1863
G1 X110.101 Y110.131 E590.4226
G1 F2400 E587.4226
G1 F300 Z2.700
G0 F3900 X110.908 Y110.936
G1 F300 Z2.500
G1 F1500 E590.4226
G1 F1199 X110.908 Y139.063 E591.5920
G1 X139.091 Y139.063 E592.7637
G1 X139.091 Y110.936 E593.9331
G1 X110.908 Y110.936 E595.1048
G0 F3900 X110.708 Y110.533
;TYPE:GAP-FILL
;WIDTH:0.476
;FLOW:95.0
;WIDTH:0.475
G1 F2055 X110.539 Y110.569 E595.1129
G1 X110.504 Y110.736 E595.1209
;WIDTH:0.408
G1 X110.504 Y139.263 E596.2702
;WIDTH:0.476
G1 X110.708 Y139.466 E596.2837
;WIDTH:0.406
G1 X139.291 Y139.466 E597.4296
;WIDTH:0.476
G1 X139.494 Y139.263 E597.4431
;WIDTH:0.408
G1 X139.494 Y110.736 E598.5923
;WIDTH:0.476
G1 X139.291 Y110.533 E598.6058
;WIDTH:0.406
G1 X110.708 Y110.533 E599.7517
;PRINTING_TIME: 414
;REMAINING_TIME: 1757
;LAYER:10
;Z:2.750
;HEIGHT:0.250
;FLOW:100.0
;PRINTING: Flow_Calibration_Cube_0.4_mm.stl
;PRINTING_ID: 0
G1 F2400 E596.7517
G1 F300 Z2.950
G0 F3900 X110.101 Y110.131
G0 F300 Z2.750
;TYPE:WALL-OUTER
;WIDTH:0.400
G1 F300 Z2.750
G1 F1500 E599.7517
G1 F1199 X139.898 Y110.131 E600.9905
G1 X139.898 Y139.869 E602.2269
G1 X110.101 Y139.869 E603.4657
G1 X110.101 Y110.131 E604.7020
G1 F2400 E601.7020
G1 F300 Z2.950
G0 F3900 X110.908 Y110.936
G1 F300 Z2.750
G1 F1500 E604.7020
G1 F1199 X110.908 Y139.063 E605.8714
G1 X139.091 Y139.063 E607.0431
G1 X139.091 Y110.936 E608.2125
G1 X110.908 Y110.936 E609.3842
G0 F3900 X110.708 Y110.533
;TYPE:GAP-FILL
;WIDTH:0.476
;FLOW:95.0
;WIDTH:0.475
G1 F2055 X110.539 Y110.569 E609.3923
G1 X110.504 Y110.736 E609.4003
;WIDTH:0.408
G1 X110.504 Y139.263 E610.5496
;WIDTH:0.476
G1 X110.708 Y139.466 E610.5631
;WIDTH:0.406
G1 X139.291 Y139.466 E611.7090
;WIDTH:0.476
G1 X139.494 Y139.263 E611.7225
;WIDTH:0.408
G1 X139.494 Y110.736 E612.8717
;WIDTH:0.476
G1 X139.291 Y110.533 E612.8852
;WIDTH:0.406
G1 X110.708 Y110.533 E614.0311
;PRINTING_TIME: 430
;REMAINING_TIME: 1741
;LAYER:11
;Z:3.000
;HEIGHT:0.250
;FLOW:100.0
;PRINTING: Flow_Calibration_Cube_0.4_mm.stl
;PRINTING_ID: 0
G1 F2400 E611.0311
G1 F300 Z3.200
G0 F3900 X110.101 Y110.131
G0 F300 Z3.000
;TYPE:WALL-OUTER
;WIDTH:0.400
G1 F300 Z3.000
G1 F1500 E614.0311
G1 F1199 X139.898 Y110.131 E615.2699
G1 X139.898 Y139.869 E616.5062
G1 X110.101 Y139.869 E617.7451
G1 X110.101 Y110.131 E618.9814
G1 F2400 E615.9814
G1 F300 Z3.200
G0 F3900 X110.908 Y110.936
G1 F300 Z3.000
G1 F1500 E618.9814
G1 F1199 X110.908 Y139.063 E620.1508
G1 X139.091 Y139.063 E621.3225
G1 X139.091 Y110.936 E622.4919
G1 X110.908 Y110.936 E623.6636
G0 F3900 X110.708 Y110.533
;TYPE:GAP-FILL
;WIDTH:0.476
;FLOW:95.0
;WIDTH:0.475
G1 F2055 X110.539 Y110.569 E623.6717
G1 X110.504 Y110.736 E623.6797
;WIDTH:0.408
G1 X110.504 Y139.263 E624.8290
;WIDTH:0.476
G1 X110.708 Y139.466 E624.8425
;WIDTH:0.406
G1 X139.291 Y139.466 E625.9884
;WIDTH:0.476
G1 X139.494 Y139.263 E626.0018
;WIDTH:0.408
G1 X139.494 Y110.736 E627.1511
;WIDTH:0.476
G1 X139.291 Y110.533 E627.1646
;WIDTH:0.406
G1 X110.708 Y110.533 E628.3104
;PRINTING_TIME: 446
;REMAINING_TIME: 1725
;LAYER:12
;Z:3.250
;HEIGHT:0.250
;FLOW:100.0
;PRINTING: Flow_Calibration_Cube_0.4_mm.stl
;PRINTING_ID: 0
G1 F2400 E625.3104
G1 F300 Z3.450
G0 F3900 X110.101 Y110.131
G0 F300 Z3.250
;TYPE:WALL-OUTER
;WIDTH:0.400
G1 F300 Z3.250
G1 F1500 E628.3104
G1 F1199 X139.898 Y110.131 E629.5493
G1 X139.898 Y139.869 E630.7856
G1 X110.101 Y139.869 E632.0244
G1 X110.101 Y110.131 E633.2608
G1 F2400 E630.2608
G1 F300 Z3.450
G0 F3900 X110.908 Y110.936
G1 F300 Z3.250
G1 F1500 E633.2608
G1 F1199 X110.908 Y139.063 E634.4302
G1 X139.091 Y139.063 E635.6019
G1 X139.091 Y110.936 E636.7713
G1 X110.908 Y110.936 E637.9430
G0 F3900 X110.708 Y110.533
;TYPE:GAP-FILL
;WIDTH:0.476
;FLOW:95.0
;WIDTH:0.475
G1 F2055 X110.539 Y110.569 E637.9511
G1 X110.504 Y110.736 E637.9591
;WIDTH:0.408
G1 X110.504 Y139.263 E639.1084
;WIDTH:0.476
G1 X110.708 Y139.466 E639.1219
;WIDTH:0.406
G1 X139.291 Y139.466 E640.2677
;WIDTH:0.476
G1 X139.494 Y139.263 E640.2812
;WIDTH:0.408
G1 X139.494 Y110.736 E641.4305
;WIDTH:0.476
G1 X139.291 Y110.533 E641.4440
;WIDTH:0.406
G1 X110.708 Y110.533 E642.5898
;PRINTING_TIME: 462
;REMAINING_TIME: 1709
;LAYER:13
;Z:3.500
;HEIGHT:0.250
;FLOW:100.0
;PRINTING: Flow_Calibration_Cube_0.4_mm.stl
;PRINTING_ID: 0
G1 F2400 E639.5898
G1 F300 Z3.700
G0 F3900 X110.101 Y110.131
G0 F300 Z3.500
;TYPE:WALL-OUTER
;WIDTH:0.400
G1 F300 Z3.500
G1 F1500 E642.5898
G1 F1199 X139.898 Y110.131 E643.8287
G1 X139.898 Y139.869 E645.0650
G1 X110.101 Y139.869 E646.3038
G1 X110.101 Y110.131 E647.5402
G1 F2400 E644.5402
G1 F300 Z3.700
G0 F3900 X110.908 Y110.936
G1 F300 Z3.500
G1 F1500 E647.5402
G1 F1199 X110.908 Y139.063 E648.7096
G1 X139.091 Y139.063 E649.8813
G1 X139.091 Y110.936 E651.0507
G1 X110.908 Y110.936 E652.2224
G0 F3900 X110.708 Y110.533
;TYPE:GAP-FILL
;WIDTH:0.476
;FLOW:95.0
;WIDTH:0.475
G1 F2055 X110.539 Y110.569 E652.2305
G1 X110.504 Y110.736 E652.2385
;WIDTH:0.408
G1 X110.504 Y139.263 E653.3877
;WIDTH:0.476
G1 X110.708 Y139.466 E653.4013
;WIDTH:0.406
G1 X139.291 Y139.466 E654.5471
;WIDTH:0.476
G1 X139.494 Y139.263 E654.5606
;WIDTH:0.408
G1 X139.494 Y110.736 E655.7099
;WIDTH:0.476
G1 X139.291 Y110.533 E655.7234
;WIDTH:0.406
G1 X110.708 Y110.533 E656.8692
;PRINTING_TIME: 478
;REMAINING_TIME: 1693
;LAYER:14
;Z:3.750
;HEIGHT:0.250
;FLOW:100.0
;PRINTING: Flow_Calibration_Cube_0.4_mm.stl
;PRINTING_ID: 0
G1 F2400 E653.8692
G1 F300 Z3.950
G0 F3900 X110.101 Y110.131
G0 F300 Z3.750
;TYPE:WALL-OUTER
;WIDTH:0.400
G1 F300 Z3.750
G1 F1500 E656.8692
G1 F1199 X139.898 Y110.131 E658.1080
G1 X139.898 Y139.869 E659.3444
G1 X110.101 Y139.869 E660.5832
G1 X110.101 Y110.131 E661.8196
G1 F2400 E658.8196
G1 F300 Z3.950
G0 F3900 X110.908 Y110.936
G1 F300 Z3.750
G1 F1500 E661.8196
G1 F1199 X110.908 Y139.063 E662.9890
G1 X139.091 Y139.063 E664.1607
G1 X139.091 Y110.936 E665.3301
G1 X110.908 Y110.936 E666.5018
G0 F3900 X110.708 Y110.533
;TYPE:GAP-FILL
;WIDTH:0.476
;FLOW:95.0
;WIDTH:0.475
G1 F2055 X110.539 Y110.569 E666.5099
G1 X110.504 Y110.736 E666.5179
;WIDTH:0.408
G1 X110.504 Y139.263 E667.6671
;WIDTH:0.476
G1 X110.708 Y139.466 E667.6807
;WIDTH:0.406
G1 X139.291 Y139.466 E668.8265
;WIDTH:0.476
G1 X139.494 Y139.263 E668.8400
;WIDTH:0.408
G1 X139.494 Y110.736 E669.9893
;WIDTH:0.476
G1 X139.291 Y110.533 E670.0028
;WIDTH:0.406
G1 X110.708 Y110.533 E671.1486
;PRINTING_TIME: 494
;REMAINING_TIME: 1677
;LAYER:15
;Z:4.000
;HEIGHT:0.250
;FLOW:100.0
;PRINTING: Flow_Calibration_Cube_0.4_mm.stl
;PRINTING_ID: 0
G1 F2400 E668.1486
G1 F300 Z4.200
G0 F3900 X110.101 Y110.131
G0 F300 Z4.000
;TYPE:WALL-OUTER
;WIDTH:0.400
G1 F300 Z4.000
G1 F1500 E671.1486
G1 F1199 X139.898 Y110.131 E672.3874
G1 X139.898 Y139.869 E673.6238
G1 X110.101 Y139.869 E674.8626
G1 X110.101 Y110.131 E676.0990
G1 F2400 E673.0990
G1 F300 Z4.200
G0 F3900 X110.908 Y110.936
G1 F300 Z4.000
G1 F1500 E676.0990
G1 F1199 X110.908 Y139.063 E677.2684
G1 X139.091 Y139.063 E678.4401
G1 X139.091 Y110.936 E679.6094
G1 X110.908 Y110.936 E680.7812
G0 F3900 X110.708 Y110.533
;TYPE:GAP-FILL
;WIDTH:0.476
;FLOW:95.0
;WIDTH:0.475
G1 F2055 X110.539 Y110.569 E680.7893
G1 X110.504 Y110.736 E680.7973
;WIDTH:0.408
G1 X110.504 Y139.263 E681.9465
;WIDTH:0.476
G1 X110.708 Y139.466 E681.9600
;WIDTH:0.406
G1 X139.291 Y139.466 E683.1059
;WIDTH:0.476
G1 X139.494 Y139.263 E683.1194
;WIDTH:0.408
G1 X139.494 Y110.736 E684.2686
;WIDTH:0.476
G1 X139.291 Y110.533 E684.2821
;WIDTH:0.406
G1 X110.708 Y110.533 E685.4280
;PRINTING_TIME: 510
;REMAINING_TIME: 1661
;LAYER:16
;Z:4.250
;HEIGHT:0.250
;FLOW:100.0
;PRINTING: Flow_Calibration_Cube_0.4_mm.stl
;PRINTING_ID: 0
G1 F2400 E682.4280
G1 F300 Z4.450
G0 F3900 X110.101 Y110.131
G0 F300 Z4.250
;TYPE:WALL-OUTER
;WIDTH:0.400
G1 F300 Z4.250
G1 F1500 E685.4280
G1 F1199 X139.898 Y110.131 E686.6668
G1 X139.898 Y139.869 E687.9032
G1 X110.101 Y139.869 E689.1420
G1 X110.101 Y110.131 E690.3784
G1 F2400 E687.3784
G1 F300 Z4.450
G0 F3900 X110.908 Y110.936
G1 F300 Z4.250
G1 F1500 E690.3784
G1 F1199 X110.908 Y139.063 E691.5477
G1 X139.091 Y139.063 E692.7195
G1 X139.091 Y110.936 E693.8888
G1 X110.908 Y110.936 E695.0605
G0 F3900 X110.708 Y110.533
;TYPE:GAP-FILL
;WIDTH:0.476
;FLOW:95.0
;WIDTH:0.475
G1 F2055 X110.539 Y110.569 E695.0687
G1 X110.504 Y110.736 E695.0767
;WIDTH:0.408
G1 X110.504 Y139.263 E696.2259
;WIDTH:0.476
G1 X110.708 Y139.466 E696.2394
;WIDTH:0.406
G1 X139.291 Y139.466 E697.3853
;WIDTH:0.476
G1 X139.494 Y139.263 E697.3988
;WIDTH:0.408
G1 X139.494 Y110.736 E698.5480
;WIDTH:0.476
G1 X139.291 Y110.533 E698.5615
;WIDTH:0.406
G1 X110.708 Y110.533 E699.7074
;PRINTING_TIME: 526
;REMAINING_TIME: 1645
;LAYER:17
;Z:4.500
;HEIGHT:0.250
;FLOW:100.0
;PRINTING: Flow_Calibration_Cube_0.4_mm.stl
;PRINTING_ID: 0
G1 F2400 E696.7074
G1 F300 Z4.700
G0 F3900 X110.101 Y110.131
G0 F300 Z4.500
;TYPE:WALL-OUTER
;WIDTH:0.400
G1 F300 Z4.500
G1 F1500 E699.7074
G1 F1199 X139.898 Y110.131 E700.9462
G1 X139.898 Y139.869 E702.1826
G1 X110.101 Y139.869 E703.4214
G1 X110.101 Y110.131 E704.6577
G1 F2400 E701.6577
G1 F300 Z4.700
G0 F3900 X110.908 Y110.936
G1 F300 Z4.500
G1 F1500 E704.6577
G1 F1199 X110.908 Y139.063 E705.8271
G1 X139.091 Y139.063 E706.9988
G1 X139.091 Y110.936 E708.1682
G1 X110.908 Y110.936 E709.3399
G0 F3900 X110.708 Y110.533
;TYPE:GAP-FILL
;WIDTH:0.476
;FLOW:95.0
;WIDTH:0.475
G1 F2055 X110.539 Y110.569 E709.3480
G1 X110.504 Y110.736 E709.3560
;WIDTH:0.408
G1 X110.504 Y139.263 E710.5053
;WIDTH:0.476
G1 X110.708 Y139.466 E710.5188
;WIDTH:0.406
G1 X139.291 Y139.466 E711.6647
;WIDTH:0.476
G1 X139.494 Y139.263 E711.6782
;WIDTH:0.408
G1 X139.494 Y110.736 E712.8274
;WIDTH:0.476
G1 X139.291 Y110.533 E712.8409
;WIDTH:0.406
G1 X110.708 Y110.533 E713.9868
;PRINTING_TIME: 542
;REMAINING_TIME: 1629
;LAYER:18
;Z:4.750
;HEIGHT:0.250
;FLOW:100.0
;PRINTING: Flow_Calibration_Cube_0.4_mm.stl
;PRINTING_ID: 0
G1 F2400 E710.9868
G1 F300 Z4.950
G0 F3900 X110.101 Y110.131
G0 F300 Z4.750
;TYPE:WALL-OUTER
;WIDTH:0.400
G1 F300 Z4.750
G1 F1500 E713.9868
G1 F1199 X139.898 Y110.131 E715.2256
G1 X139.898 Y139.869 E716.4620
G1 X110.101 Y139.869 E717.7008
G1 X110.101 Y110.131 E718.9371
G1 F2400 E715.9371
G1 F300 Z4.950
G0 F3900 X110.908 Y110.936
G1 F300 Z4.750
G1 F1500 E718.9371
G1 F1199 X110.908 Y139.063 E720.1065
G1 X139.091 Y139.063 E721.2782
G1 X139.091 Y110.936 E722.4476
G1 X110.908 Y110.936 E723.6193
G0 F3900 X110.708 Y110.533
;TYPE:GAP-FILL
;WIDTH:0.476
;FLOW:95.0
;WIDTH:0.475
G1 F2055 X110.539 Y110.569 E723.6274
G1 X110.504 Y110.736 E723.6354
;WIDTH:0.408
G1 X110.504 Y139.263 E724.7847
;WIDTH:0.476
G1 X110.708 Y139.466 E724.7982
;WIDTH:0.406
G1 X139.291 Y139.466 E725.9441
;WIDTH:0.476
G1 X139.494 Y139.263 E725.9576
;WIDTH:0.408
G1 X139.494 Y110.736 E727.1068
;WIDTH:0.476
G1 X139.291 Y110.533 E727.1203
;WIDTH:0.406
G1 X110.708 Y110.533 E728.2662
;PRINTING_TIME: 558
;REMAINING_TIME: 1613
;LAYER:19
;Z:5.000
;HEIGHT:0.250
;FLOW:100.0
;PRINTING: Flow_Calibration_Cube_0.4_mm.stl
;PRINTING_ID: 0
G1 F2400 E725.2662
G1 F300 Z5.200
G0 F3900 X110.101 Y110.131
G0 F300 Z5.000
;TYPE:WALL-OUTER
;WIDTH:0.400
G1 F300 Z5.000
G1 F1500 E728.2662
G1 F1199 X139.898 Y110.131 E729.5050
G1 X139.898 Y139.869 E730.7413
G1 X110.101 Y139.869 E731.9802
G1 X110.101 Y110.131 E733.2165
G1 F2400 E730.2165
G1 F300 Z5.200
G0 F3900 X110.908 Y110.936
G1 F300 Z5.000
G1 F1500 E733.2165
G1 F1199 X110.908 Y139.063 E734.3859
G1 X139.091 Y139.063 E735.5576
G1 X139.091 Y110.936 E736.7270
G1 X110.908 Y110.936 E737.8987
G0 F3900 X110.708 Y110.533
;TYPE:GAP-FILL
;WIDTH:0.476
;FLOW:95.0
;WIDTH:0.475
G1 F2055 X110.539 Y110.569 E737.9068
G1 X110.504 Y110.736 E737.9148
;WIDTH:0.408
G1 X110.504 Y139.263 E739.0641
;WIDTH:0.476
G1 X110.708 Y139.466 E739.0776
;WIDTH:0.406
G1 X139.291 Y139.466 E740.2235
;WIDTH:0.476
G1 X139.494 Y139.263 E740.2369
;WIDTH:0.408
G1 X139.494 Y110.736 E741.3862
;WIDTH:0.476
G1 X139.291 Y110.533 E741.3997
;WIDTH:0.406
G1 X110.708 Y110.533 E742.5455
;PRINTING_TIME: 574
;REMAINING_TIME: 1597
;LAYER:20
;Z:5.250
;HEIGHT:0.250
;FLOW:100.0
;PRINTING: Flow_Calibration_Cube_0.4_mm.stl
;PRINTING_ID: 0
G1 F2400 E739.5455
G1 F300 Z5.450
G0 F3900 X110.101 Y110.131
G0 F300 Z5.250
;TYPE:WALL-OUTER
;WIDTH:0.400
G1 F300 Z5.250
G1 F1500 E742.5455
G1 F1199 X139.898 Y110.131 E743.7844
G1 X139.898 Y139.869 E745.0207
G1 X110.101 Y139.869 E746.2595
G1 X110.101 Y110.131 E747.4959
G1 F2400 E744.4959
G1 F300 Z5.450
G0 F3900 X110.908 Y110.936
G1 F300 Z5.250
G1 F1500 E747.4959
G1 F1199 X110.908 Y139.063 E748.6653
G1 X139.091 Y139.063 E749.8370
G1 X139.091 Y110.936 E751.0064
G1 X110.908 Y110.936 E752.1781
G0 F3900 X110.708 Y110.533
;TYPE:GAP-FILL
;WIDTH:0.476
;FLOW:95.0
;WIDTH:0.475
G1 F2055 X110.539 Y110.569 E752.1862
G1 X110.504 Y110.736 E752.1942
;WIDTH:0.408
G1 X110.504 Y139.263 E753.3435
;WIDTH:0.476
G1 X110.708 Y139.466 E753.3570
;WIDTH:0.406
G1 X139.291 Y139.466 E754.5028
;WIDTH:0.476
G1 X139.494 Y139.263 E754.5163
;WIDTH:0.408
G1 X139.494 Y110.736 E755.6656
;WIDTH:0.476
G1 X139.291 Y110.533 E755.6791
;WIDTH:0.406
G1 X110.708 Y110.533 E756.8249
;PRINTING_TIME: 590
;REMAINING_TIME: 1581
;LAYER:21
;Z:5.500
;HEIGHT:0.250
;FLOW:100.0
;PRINTING: Flow_Calibration_Cube_0.4_mm.stl
;PRINTING_ID: 0
G1 F2400 E753.8249
G1 F300 Z5.700
G0 F3900 X110.101 Y110.131
G0 F300 Z5.500
;TYPE:WALL-OUTER
;WIDTH:0.400
G1 F300 Z5.500
G1 F1500 E756.8249
G1 F1199 X139.898 Y110.131 E758.0637
G1 X139.898 Y139.869 E759.3001
G1 X110.101 Y139.869 E760.5389
G1 X110.101 Y110.131 E761.7753
G1 F2400 E758.7753
G1 F300 Z5.700
G0 F3900 X110.908 Y110.936
G1 F300 Z5.500
G1 F1500 E761.7753
G1 F1199 X110.908 Y139.063 E762.9447
G1 X139.091 Y139.063 E764.1164
G1 X139.091 Y110.936 E765.2858
G1 X110.908 Y110.936 E766.4575
G0 F3900 X110.708 Y110.533
;TYPE:GAP-FILL
;WIDTH:0.476
;FLOW:95.0
;WIDTH:0.475
G1 F2055 X110.539 Y110.569 E766.4656
G1 X110.504 Y110.736 E766.4736
;WIDTH:0.408
G1 X110.504 Y139.263 E767.6228
;WIDTH:0.476
G1 X110.708 Y139.466 E767.6364
;WIDTH:0.406
G1 X139.291 Y139.466 E768.7822
;WIDTH:0.476
G1 X139.494 Y139.263 E768.7957
;WIDTH:0.408
G1 X139.494 Y110.736 E769.9450
;WIDTH:0.476
G1 X139.291 Y110.533 E769.9585
;WIDTH:0.406
G1 X110.708 Y110.533 E771.1043
;PRINTING_TIME: 606
;REMAINING_TIME: 1565
;LAYER:22
;Z:5.750
;HEIGHT:0.250
;FLOW:100.0
;PRINTING: Flow_Calibration_Cube_0.4_mm.stl
;PRINTING_ID: 0
G1 F2400 E768.1043
G1 F300 Z5.950
G0 F3900 X110.101 Y110.131
G0 F300 Z5.750
;TYPE:WALL-OUTER
;WIDTH:0.400
G1 F300 Z5.750
G1 F1500 E771.1043
G1 F1199 X139.898 Y110.131 E772.3431
G1 X139.898 Y139.869 E773.5795
G1 X110.101 Y139.869 E774.8183
G1 X110.101 Y110.131 E776.0547
G1 F2400 E773.0547
G1 F300 Z5.950
G0 F3900 X110.908 Y110.936
G1 F300 Z5.750
G1 F1500 E776.0547
G1 F1199 X110.908 Y139.063 E777.2241
G1 X139.091 Y139.063 E778.3958
G1 X139.091 Y110.936 E779.5652
G1 X110.908 Y110.936 E780.7369
G0 F3900 X110.708 Y110.533
;TYPE:GAP-FILL
;WIDTH:0.476
;FLOW:95.0
;WIDTH:0.475
G1 F2055 X110.539 Y110.569 E780.7450
G1 X110.504 Y110.736 E780.7530
;WIDTH:0.408
G1 X110.504 Y139.263 E781.9022
;WIDTH:0.476
G1 X110.708 Y139.466 E781.9158
;WIDTH:0.406
G1 X139.291 Y139.466 E783.0616
;WIDTH:0.476
G1 X139.494 Y139.263 E783.0751
;WIDTH:0.408
G1 X139.494 Y110.736 E784.2244
;WIDTH:0.476
G1 X139.291 Y110.533 E784.2378
;WIDTH:0.406
G1 X110.708 Y110.533 E785.3837
;PRINTING_TIME: 622
;REMAINING_TIME: 1549
;LAYER:23
;Z:6.000
;HEIGHT:0.250
;FLOW:100.0
;PRINTING: Flow_Calibration_Cube_0.4_mm.stl
;PRINTING_ID: 0
G1 F2400 E782.3837
G1 F300 Z6.200
G0 F3900 X110.101 Y110.131
G0 F300 Z6.000
;TYPE:WALL-OUTER
;WIDTH:0.400
G1 F300 Z6.000
G1 F1500 E785.3837
G1 F1199 X139.898 Y110.131 E786.6225
G1 X139.898 Y139.869 E787.8589
G1 X110.101 Y139.869 E789.0977
G1 X110.101 Y110.131 E790.3341
G1 F2400 E787.3341
G1 F300 Z6.200
G0 F3900 X110.908 Y110.936
G1 F300 Z6.000
G1 F1500 E790.3341
G1 F1199 X110.908 Y139.063 E791.5034
G1 X139.091 Y139.063 E792.6752
G1 X139.091 Y110.936 E793.8445
G1 X110.908 Y110.936 E795.0163
G0 F3900 X110.708 Y110.533
;TYPE:GAP-FILL
;WIDTH:0.476
;FLOW:95.0
;WIDTH:0.475
G1 F2055 X110.539 Y110.569 E795.0244
G1 X110.504 Y110.736 E795.0324
;WIDTH:0.408
G1 X110.504 Y139.263 E796.1816
;WIDTH:0.476
G1 X110.708 Y139.466 E796.1951
;WIDTH:0.406
G1 X139.291 Y139.466 E797.3410
;WIDTH:0.476
G1 X139.494 Y139.263 E797.3545
;WIDTH:0.408
G1 X139.494 Y110.736 E798.5037
;WIDTH:0.476
G1 X139.291 Y110.533 E798.5172
;WIDTH:0.406
G1 X110.708 Y110.533 E799.6631
;PRINTING_TIME: 638
;REMAINING_TIME: 1533
;LAYER:24
;Z:6.250
;HEIGHT:0.250
;FLOW:100.0
;PRINTING: Flow_Calibration_Cube_0.4_mm.stl
;PRINTING_ID: 0
G1 F2400 E796.6631
G1 F300 Z6.450
G0 F3900 X110.101 Y110.131
G0 F300 Z6.250
;TYPE:WALL-OUTER
;WIDTH:0.400
G1 F300 Z6.250
G1 F1500 E799.6631
G1 F1199 X139.898 Y110.131 E800.9019
G1 X139.898 Y139.869 E802.1383
G1 X110.101 Y139.869 E803.3771
G1 X110.101 Y110.131 E804.6135
G1 F2400 E801.6135
G1 F300 Z6.450
G0 F3900 X110.908 Y110.936
G1 F300 Z6.250
G1 F1500 E804.6135
G1 F1199 X110.908 Y139.063 E805.7828
G1 X139.091 Y139.063 E806.9545
G1 X139.091 Y110.936 E808.1239
G1 X110.908 Y110.936 E809.2956
G0 F3900 X110.708 Y110.533
;TYPE:GAP-FILL
;WIDTH:0.476
;FLOW:95.0
;WIDTH:0.475
G1 F2055 X110.539 Y110.569 E809.3038
G1 X110.504 Y110.736 E809.3118
;WIDTH:0.408
G1 X110.504 Y139.263 E810.4610
;WIDTH:0.476
G1 X110.708 Y139.466 E810.4745
;WIDTH:0.406
G1 X139.291 Y139.466 E811.6204
;WIDTH:0.476
G1 X139.494 Y139.263 E811.6339
;WIDTH:0.408
G1 X139.494 Y110.736 E812.7831
;WIDTH:0.476
G1 X139.291 Y110.533 E812.7966
;WIDTH:0.406
G1 X110.708 Y110.533 E813.9425
;PRINTING_TIME: 653
;REMAINING_TIME: 1517
;LAYER:25
;Z:6.500
;HEIGHT:0.250
;FLOW:100.0
;PRINTING: Flow_Calibration_Cube_0.4_mm.stl
;PRINTING_ID: 0
G1 F2400 E810.9425
G1 F300 Z6.700
G0 F3900 X110.101 Y110.131
G0 F300 Z6.500
;TYPE:WALL-OUTER
;WIDTH:0.400
G1 F300 Z6.500
G1 F1500 E813.9425
G1 F1199 X139.898 Y110.131 E815.1813
G1 X139.898 Y139.869 E816.4177
G1 X110.101 Y139.869 E817.6565
G1 X110.101 Y110.131 E818.8928
G1 F2400 E815.8928
G1 F300 Z6.700
G0 F3900 X110.908 Y110.936
G1 F300 Z6.500
G1 F1500 E818.8928
G1 F1199 X110.908 Y139.063 E820.0622
G1 X139.091 Y139.063 E821.2339
G1 X139.091 Y110.936 E822.4033
G1 X110.908 Y110.936 E823.5750
G0 F3900 X110.708 Y110.533
;TYPE:GAP-FILL
;WIDTH:0.476
;FLOW:95.0
;WIDTH:0.475
G1 F2055 X110.539 Y110.569 E823.5831
G1 X110.504 Y110.736 E823.5911
;WIDTH:0.408
G1 X110.504 Y139.263 E824.7404
;WIDTH:0.476
G1 X110.708 Y139.466 E824.7539
;WIDTH:0.406
G1 X139.291 Y139.466 E825.8998
;WIDTH:0.476
G1 X139.494 Y139.263 E825.9133
;WIDTH:0.408
G1 X139.494 Y110.736 E827.0625
;WIDTH:0.476
G1 X139.291 Y110.533 E827.0760
;WIDTH:0.406
G1 X110.708 Y110.533 E828.2219
;PRINTING_TIME: 669
;REMAINING_TIME: 1501
;LAYER:26
;Z:6.750
;HEIGHT:0.250
;FLOW:100.0
;PRINTING: Flow_Calibration_Cube_0.4_mm.stl
;PRINTING_ID: 0
G1 F2400 E825.2219
G1 F300 Z6.950
G0 F3900 X110.101 Y110.131
G0 F300 Z6.750
;TYPE:WALL-OUTER
;WIDTH:0.400
G1 F300 Z6.750
G1 F1500 E828.2219
G1 F1199 X139.898 Y110.131 E829.4607
G1 X139.898 Y139.869 E830.6970
G1 X110.101 Y139.869 E831.9359
G1 X110.101 Y110.131 E833.1722
G1 F2400 E830.1722
G1 F300 Z6.950
G0 F3900 X110.908 Y110.936
G1 F300 Z6.750
G1 F1500 E833.1722
G1 F1199 X110.908 Y139.063 E834.3416
G1 X139.091 Y139.063 E835.5133
G1 X139.091 Y110.936 E836.6827
G1 X110.908 Y110.936 E837.8544
G0 F3900 X110.708 Y110.533
;TYPE:GAP-FILL
;WIDTH:0.476
;FLOW:95.0
;WIDTH:0.475
G1 F2055 X110.539 Y110.569 E837.8625
G1 X110.504 Y110.736 E837.8705
;WIDTH:0.408
G1 X110.504 Y139.263 E839.0198
;WIDTH:0.476
G1 X110.708 Y139.466 E839.0333
;WIDTH:0.406
G1 X139.291 Y139.466 E840.1792
;WIDTH:0.476
G1 X139.494 Y139.263 E840.1927
;WIDTH:0.408
G1 X139.494 Y110.736 E841.3419
;WIDTH:0.476
G1 X139.291 Y110.533 E841.3554
;WIDTH:0.406
G1 X110.708 Y110.533 E842.5013
;PRINTING_TIME: 685
;REMAINING_TIME: 1485
;LAYER:27
;Z:7.000
;HEIGHT:0.250
;FLOW:100.0
;PRINTING: Flow_Calibration_Cube_0.4_mm.stl
;PRINTING_ID: 0
G1 F2400 E839.5013
G1 F300 Z7.200
G0 F3900 X110.101 Y110.131
G0 F300 Z7.000
;TYPE:WALL-OUTER
;WIDTH:0.400
G1 F300 Z7.000
G1 F1500 E842.5013
G1 F1199 X139.898 Y110.131 E843.7401
G1 X139.898 Y139.869 E844.9764
G1 X110.101 Y139.869 E846.2153
G1 X110.101 Y110.131 E847.4516
G1 F2400 E844.4516
G1 F300 Z7.200
G0 F3900 X110.908 Y110.936
G1 F300 Z7.000
G1 F1500 E847.4516
G1 F1199 X110.908 Y139.063 E848.6210
G1 X139.091 Y139.063 E849.7927
G1 X139.091 Y110.936 E850.9621
G1 X110.908 Y110.936 E852.1338
G0 F3900 X110.708 Y110.533
;TYPE:GAP-FILL
;WIDTH:0.476
;FLOW:95.0
;WIDTH:0.475
G1 F2055 X110.539 Y110.569 E852.1419
G1 X110.504 Y110.736 E852.1499
;WIDTH:0.408
G1 X110.504 Y139.263 E853.2992
;WIDTH:0.476
G1 X110.708 Y139.466 E853.3127
;WIDTH:0.406
G1 X139.291 Y139.466 E854.4586
;WIDTH:0.476
G1 X139.494 Y139.263 E854.4720
;WIDTH:0.408
G1 X139.494 Y110.736 E855.6213
;WIDTH:0.476
G1 X139.291 Y110.533 E855.6348
;WIDTH:0.406
G1 X110.708 Y110.533 E856.7806
;PRINTING_TIME: 701
;REMAINING_TIME: 1469
;LAYER:28
;Z:7.250
;HEIGHT:0.250
;FLOW:100.0
;PRINTING: Flow_Calibration_Cube_0.4_mm.stl
;PRINTING_ID: 0
G1 F2400 E853.7806
G1 F300 Z7.450
G0 F3900 X110.101 Y110.131
G0 F300 Z7.250
;TYPE:WALL-OUTER
;WIDTH:0.400
G1 F300 Z7.250
G1 F1500 E856.7806
G1 F1199 X139.898 Y110.131 E858.0195
G1 X139.898 Y139.869 E859.2558
G1 X110.101 Y139.869 E860.4946
G1 X110.101 Y110.131 E861.7310
G1 F2400 E858.7310
G1 F300 Z7.450
G0 F3900 X110.908 Y110.936
G1 F300 Z7.250
G1 F1500 E861.7310
G1 F1199 X110.908 Y139.063 E862.9004
G1 X139.091 Y139.063 E864.0721
G1 X139.091 Y110.936 E865.2415
G1 X110.908 Y110.936 E866.4132
G0 F3900 X110.708 Y110.533
;TYPE:GAP-FILL
;WIDTH:0.476
;FLOW:95.0
;WIDTH:0.475
G1 F2055 X110.539 Y110.569 E866.4213
G1 X110.504 Y110.736 E866.4293
;WIDTH:0.408
G1 X110.504 Y139.263 E867.5786
;WIDTH:0.476
G1 X110.708 Y139.466 E867.5921
;WIDTH:0.406
G1 X139.291 Y139.466 E868.7379
;WIDTH:0.476
G1 X139.494 Y139.263 E868.7514
;WIDTH:0.408
G1 X139.494 Y110.736 E869.9007
;WIDTH:0.476
G1 X139.291 Y110.533 E869.9142
;WIDTH:0.406
G1 X110.708 Y110.533 E871.0600
;PRINTING_TIME: 717
;REMAINING_TIME: 1453
;LAYER:29
;Z:7.500
;HEIGHT:0.250
;FLOW:100.0
;PRINTING: Flow_Calibration_Cube_0.4_mm.stl
;PRINTING_ID: 0
G1 F2400 E868.0600
G1 F300 Z7.700
G0 F3900 X110.101 Y110.131
G0 F300 Z7.500
;TYPE:WALL-OUTER
;WIDTH:0.400
G1 F300 Z7.500
G1 F1500 E871.0600
G1 F1199 X139.898 Y110.131 E872.2988
G1 X139.898 Y139.869 E873.5352
G1 X110.101 Y139.869 E874.7740
G1 X110.101 Y110.131 E876.0104
G1 F2400 E873.0104
G1 F300 Z7.700
G0 F3900 X110.908 Y110.936
G1 F300 Z7.500
G1 F1500 E876.0104
G1 F1199 X110.908 Y139.063 E877.1798
G1 X139.091 Y139.063 E878.3515
G1 X139.091 Y110.936 E879.5209
G1 X110.908 Y110.936 E880.6926
G0 F3900 X110.708 Y110.533
;TYPE:GAP-FILL
;WIDTH:0.476
;FLOW:95.0
;WIDTH:0.475
G1 F2055 X110.539 Y110.569 E880.7007
G1 X110.504 Y110.736 E880.7087
;WIDTH:0.408
G1 X110.504 Y139.263 E881.8579
;WIDTH:0.476
G1 X110.708 Y139.466 E881.8715
;WIDTH:0.406
G1 X139.291 Y139.466 E883.0173
;WIDTH:0.476
G1 X139.494 Y139.263 E883.0308
;WIDTH:0.408
G1 X139.494 Y110.736 E884.1801
;WIDTH:0.476
G1 X139.291 Y110.533 E884.1936
;WIDTH:0.406
G1 X110.708 Y110.533 E885.3394
;PRINTING_TIME: 733
;REMAINING_TIME: 1438
;LAYER:30
;Z:7.750
;HEIGHT:0.250
;FLOW:100.0
;PRINTING: Flow_Calibration_Cube_0.4_mm.stl
;PRINTING_ID: 0
G1 F2400 E882.3394
G1 F300 Z7.950
G0 F3900 X110.101 Y110.131
G0 F300 Z7.750
;TYPE:WALL-OUTER
;WIDTH:0.400
G1 F300 Z7.750
G1 F1500 E885.3394
G1 F1199 X139.898 Y110.131 E886.5782
G1 X139.898 Y139.869 E887.8146
G1 X110.101 Y139.869 E889.0534
G1 X110.101 Y110.131 E890.2898
G1 F2400 E887.2898
G1 F300 Z7.950
G0 F3900 X110.908 Y110.936
G1 F300 Z7.750
G1 F1500 E890.2898
G1 F1199 X110.908 Y139.063 E891.4592
G1 X139.091 Y139.063 E892.6309
G1 X139.091 Y110.936 E893.8003
G1 X110.908 Y110.936 E894.9720
G0 F3900 X110.708 Y110.533
;TYPE:GAP-FILL
;WIDTH:0.476
;FLOW:95.0
;WIDTH:0.475
G1 F2055 X110.539 Y110.569 E894.9801
G1 X110.504 Y110.736 E894.9881
;WIDTH:0.408
G1 X110.504 Y139.263 E896.1373
;WIDTH:0.476
G1 X110.708 Y139.466 E896.1509
;WIDTH:0.406
G1 X139.291 Y139.466 E897.2967
;WIDTH:0.476
G1 X139.494 Y139.263 E897.3102
;WIDTH:0.408
G1 X139.494 Y110.736 E898.4595
;WIDTH:0.476
G1 X139.291 Y110.533 E898.4729
;WIDTH:0.406
G1 X110.708 Y110.533 E899.6188
;PRINTING_TIME: 749
;REMAINING_TIME: 1422
;LAYER:31
;Z:8.000
;HEIGHT:0.250
;FLOW:100.0
;PRINTING: Flow_Calibration_Cube_0.4_mm.stl
;PRINTING_ID: 0
G1 F2400 E896.6188
G1 F300 Z8.200
G0 F3900 X110.101 Y110.131
G0 F300 Z8.000
;TYPE:WALL-OUTER
;WIDTH:0.400
G1 F300 Z8.000
G1 F1500 E899.6188
G1 F1199 X139.898 Y110.131 E900.8576
G1 X139.898 Y139.869 E902.0940
G1 X110.101 Y139.869 E903.3328
G1 X110.101 Y110.131 E904.5692
G1 F2400 E901.5692
G1 F300 Z8.200
G0 F3900 X110.908 Y110.936
G1 F300 Z8.000
G1 F1500 E904.5692
G1 F1199 X110.908 Y139.063 E905.7385
G1 X139.091 Y139.063 E906.9103
G1 X139.091 Y110.936 E908.0796
G1 X110.908 Y110.936 E909.2514
G0 F3900 X110.708 Y110.533
;TYPE:GAP-FILL
;WIDTH:0.476
;FLOW:95.0
;WIDTH:0.475
G1 F2055 X110.539 Y110.569 E909.2595
G1 X110.504 Y110.736 E909.2675
;WIDTH:0.408
G1 X110.504 Y139.263 E910.4167
;WIDTH:0.476
G1 X110.708 Y139.466 E910.4302
;WIDTH:0.406
G1 X139.291 Y139.466 E911.5761
;WIDTH:0.476
G1 X139.494 Y139.263 E911.5896
;WIDTH:0.408
G1 X139.494 Y110.736 E912.7388
;WIDTH:0.476
G1 X139.291 Y110.533 E912.7523
;WIDTH:0.406
G1 X110.708 Y110.533 E913.8982
;PRINTING_TIME: 765
;REMAINING_TIME: 1406
;LAYER:32
;Z:8.250
;HEIGHT:0.250
;FLOW:100.0
;PRINTING: Flow_Calibration_Cube_0.4_mm.stl
;PRINTING_ID: 0
G1 F2400 E910.8982
G1 F300 Z8.450
G0 F3900 X110.101 Y110.131
G0 F300 Z8.250
;TYPE:WALL-OUTER
;WIDTH:0.400
G1 F300 Z8.250
G1 F1500 E913.8982
G1 F1199 X139.898 Y110.131 E915.1370
G1 X139.898 Y139.869 E916.3734
G1 X110.101 Y139.869 E917.6122
G1 X110.101 Y110.131 E918.8485
G1 F2400 E915.8485
G1 F300 Z8.450
G0 F3900 X110.908 Y110.936
G1 F300 Z8.250
G1 F1500 E918.8485
G1 F1199 X110.908 Y139.063 E920.0179
G1 X139.091 Y139.063 E921.1896
G1 X139.091 Y110.936 E922.3590
G1 X110.908 Y110.936 E923.5307
G0 F3900 X110.708 Y110.533
;TYPE:GAP-FILL
;WIDTH:0.476
;FLOW:95.0
;WIDTH:0.475
G1 F2055 X110.539 Y110.569 E923.5388
G1 X110.504 Y110.736 E923.5469
;WIDTH:0.408
G1 X110.504 Y139.263 E924.6961
;WIDTH:0.476
G1 X110.708 Y139.466 E924.7096
;WIDTH:0.406
G1 X139.291 Y139.466 E925.8555
;WIDTH:0.476
G1 X139.494 Y139.263 E925.8690
;WIDTH:0.408
G1 X139.494 Y110.736 E927.0182
;WIDTH:0.476
G1 X139.291 Y110.533 E927.0317
;WIDTH:0.406
G1 X110.708 Y110.533 E928.1776
;PRINTING_TIME: 781
;REMAINING_TIME: 1390
;LAYER:33
;Z:8.500
;HEIGHT:0.250
;FLOW:100.0
;PRINTING: Flow_Calibration_Cube_0.4_mm.stl
;PRINTING_ID: 0
G1 F2400 E925.1776
G1 F300 Z8.700
G0 F3900 X110.101 Y110.131
G0 F300 Z8.500
;TYPE:WALL-OUTER
;WIDTH:0.400
G1 F300 Z8.500
G1 F1500 E928.1776
G1 F1199 X139.898 Y110.131 E929.4164
G1 X139.898 Y139.869 E930.6528
G1 X110.101 Y139.869 E931.8916
G1 X110.101 Y110.131 E933.1279
G1 F2400 E930.1279
G1 F300 Z8.700
G0 F3900 X110.908 Y110.936
G1 F300 Z8.500
G1 F1500 E933.1279
G1 F1199 X110.908 Y139.063 E934.2973
G1 X139.091 Y139.063 E935.4690
G1 X139.091 Y110.936 E936.6384
G1 X110.908 Y110.936 E937.8101
G0 F3900 X110.708 Y110.533
;TYPE:GAP-FILL
;WIDTH:0.476
;FLOW:95.0
;WIDTH:0.475
G1 F2055 X110.539 Y110.569 E937.8182
G1 X110.504 Y110.736 E937.8262
;WIDTH:0.408
G1 X110.504 Y139.263 E938.9755
;WIDTH:0.476
G1 X110.708 Y139.466 E938.9890
;WIDTH:0.406
G1 X139.291 Y139.466 E940.1349
;WIDTH:0.476
G1 X139.494 Y139.263 E940.1484
;WIDTH:0.408
G1 X139.494 Y110.736 E941.2976
;WIDTH:0.476
G1 X139.291 Y110.533 E941.3111
;WIDTH:0.406
G1 X110.708 Y110.533 E942.4570
;PRINTING_TIME: 797
;REMAINING_TIME: 1374
;LAYER:34
;Z:8.750
;HEIGHT:0.250
;FLOW:100.0
;PRINTING: Flow_Calibration_Cube_0.4_mm.stl
;PRINTING_ID: 0
G1 F2400 E939.4570
G1 F300 Z8.950
G0 F3900 X110.101 Y110.131
G0 F300 Z8.750
;TYPE:WALL-OUTER
;WIDTH:0.400
G1 F300 Z8.750
G1 F1500 E942.4570
G1 F1199 X139.898 Y110.131 E943.6958
G1 X139.898 Y139.869 E944.9321
G1 X110.101 Y139.869 E946.1710
G1 X110.101 Y110.131 E947.4073
G1 F2400 E944.4073
G1 F300 Z8.950
G0 F3900 X110.908 Y110.936
G1 F300 Z8.750
G1 F1500 E947.4073
G1 F1199 X110.908 Y139.063 E948.5767
G1 X139.091 Y139.063 E949.7484
G1 X139.091 Y110.936 E950.9178
G1 X110.908 Y110.936 E952.0895
G0 F3900 X110.708 Y110.533
;TYPE:GAP-FILL
;WIDTH:0.476
;FLOW:95.0
;WIDTH:0.475
G1 F2055 X110.539 Y110.569 E952.0976
G1 X110.504 Y110.736 E952.1056
;WIDTH:0.408
G1 X110.504 Y139.263 E953.2549
;WIDTH:0.476
G1 X110.708 Y139.466 E953.2684
;WIDTH:0.406
G1 X139.291 Y139.466 E954.4143
;WIDTH:0.476
G1 X139.494 Y139.263 E954.4278
;WIDTH:0.408
G1 X139.494 Y110.736 E955.5770
;WIDTH:0.476
G1 X139.291 Y110.533 E955.5905
;WIDTH:0.406
G1 X110.708 Y110.533 E956.7364
;PRINTING_TIME: 813
;REMAINING_TIME: 1358
;LAYER:35
;Z:9.000
;HEIGHT:0.250
;FLOW:100.0
;PRINTING: Flow_Calibration_Cube_0.4_mm.stl
;PRINTING_ID: 0
G1 F2400 E953.7364
G1 F300 Z9.200
G0 F3900 X110.101 Y110.131
G0 F300 Z9.000
;TYPE:WALL-OUTER
;WIDTH:0.400
G1 F300 Z9.000
G1 F1500 E956.7364
G1 F1199 X139.898 Y110.131 E957.9752
G1 X139.898 Y139.869 E959.2115
G1 X110.101 Y139.869 E960.4503
G1 X110.101 Y110.131 E961.6867
G1 F2400 E958.6867
G1 F300 Z9.200
G0 F3900 X110.908 Y110.936
G1 F300 Z9.000
G1 F1500 E961.6867
G1 F1199 X110.908 Y139.063 E962.8561
G1 X139.091 Y139.063 E964.0278
G1 X139.091 Y110.936 E965.1972
G1 X110.908 Y110.936 E966.3689
G0 F3900 X110.708 Y110.533
;TYPE:GAP-FILL
;WIDTH:0.476
;FLOW:95.0
;WIDTH:0.475
G1 F2055 X110.539 Y110.569 E966.3770
G1 X110.504 Y110.736 E966.3850
;WIDTH:0.408
G1 X110.504 Y139.263 E967.5343
;WIDTH:0.476
G1 X110.708 Y139.466 E967.5478
;WIDTH:0.406
G1 X139.291 Y139.466 E968.6936
;WIDTH:0.476
G1 X139.494 Y139.263 E968.7071
;WIDTH:0.408
G1 X139.494 Y110.736 E969.8564
;WIDTH:0.476
G1 X139.291 Y110.533 E969.8699
;WIDTH:0.406
G1 X110.708 Y110.533 E971.0157
;PRINTING_TIME: 829
;REMAINING_TIME: 1342
;LAYER:36
;Z:9.250
;HEIGHT:0.250
;FLOW:100.0
;PRINTING: Flow_Calibration_Cube_0.4_mm.stl
;PRINTING_ID: 0
G1 F2400 E968.0157
G1 F300 Z9.450
G0 F3900 X110.101 Y110.131
G0 F300 Z9.250
;TYPE:WALL-OUTER
;WIDTH:0.400
G1 F300 Z9.250
G1 F1500 E971.0157
G1 F1199 X139.898 Y110.131 E972.2546
G1 X139.898 Y139.869 E973.4909
G1 X110.101 Y139.869 E974.7297
G1 X110.101 Y110.131 E975.9661
G1 F2400 E972.9661
G1 F300 Z9.450
G0 F3900 X110.908 Y110.936
G1 F300 Z9.250
G1 F1500 E975.9661
G1 F1199 X110.908 Y139.063 E977.1355
G1 X139.091 Y139.063 E978.3072
G1 X139.091 Y110.936 E979.4766
G1 X110.908 Y110.936 E980.6483
G0 F3900 X110.708 Y110.533
;TYPE:GAP-FILL
;WIDTH:0.476
;FLOW:95.0
;WIDTH:0.475
G1 F2055 X110.539 Y110.569 E980.6564
G1 X110.504 Y110.736 E980.6644
;WIDTH:0.408
G1 X110.504 Y139.263 E981.8136
;WIDTH:0.476
G1 X110.708 Y139.466 E981.8272
;WIDTH:0.406
G1 X139.291 Y139.466 E982.9730
;WIDTH:0.476
G1 X139.494 Y139.263 E982.9865
;WIDTH:0.408
G1 X139.494 Y110.736 E984.1358
;WIDTH:0.476
G1 X139.291 Y110.533 E984.1493
;WIDTH:0.406
G1 X110.708 Y110.533 E985.2951
;PRINTING_TIME: 845
;REMAINING_TIME: 1326
;LAYER:37
;Z:9.500
;HEIGHT:0.250
;FLOW:100.0
;PRINTING: Flow_Calibration_Cube_0.4_mm.stl
;PRINTING_ID: 0
G1 F2400 E982.2951
G1 F300 Z9.700
G0 F3900 X110.101 Y110.131
G0 F300 Z9.500
;TYPE:WALL-OUTER
;WIDTH:0.400
G1 F300 Z9.500
G1 F1500 E985.2951
G1 F1199 X139.898 Y110.131 E986.5339
G1 X139.898 Y139.869 E987.7703
G1 X110.101 Y139.869 E989.0091
G1 X110.101 Y110.131 E990.2455
G1 F2400 E987.2455
G1 F300 Z9.700
G0 F3900 X110.908 Y110.936
G1 F300 Z9.500
G1 F1500 E990.2455
G1 F1199 X110.908 Y139.063 E991.4149
G1 X139.091 Y139.063 E992.5866
G1 X139.091 Y110.936 E993.7560
G1 X110.908 Y110.936 E994.9277
G0 F3900 X110.708 Y110.533
;TYPE:GAP-FILL
;WIDTH:0.476
;FLOW:95.0
;WIDTH:0.475
G1 F2055 X110.539 Y110.569 E994.9358
G1 X110.504 Y110.736 E994.9438
;WIDTH:0.408
G1 X110.504 Y139.263 E996.0930
;WIDTH:0.476
G1 X110.708 Y139.466 E996.1066
;WIDTH:0.406
G1 X139.291 Y139.466 E997.2524
;WIDTH:0.476
G1 X139.494 Y139.263 E997.2659
;WIDTH:0.408
G1 X139.494 Y110.736 E998.4152
;WIDTH:0.476
G1 X139.291 Y110.533 E998.4287
;WIDTH:0.406
G1 X110.708 Y110.533 E999.5745
;PRINTING_TIME: 861
;REMAINING_TIME: 1310
;LAYER:38
;Z:9.750
;HEIGHT:0.250
;FLOW:100.0
;PRINTING: Flow_Calibration_Cube_0.4_mm.stl
;PRINTING_ID: 0
G1 F2400 E996.5745
G1 F300 Z9.950
G0 F3900 X110.101 Y110.131
G0 F300 Z9.750
;TYPE:WALL-OUTER
;WIDTH:0.400
G1 F300 Z9.750
G1 F1500 E999.5745
G1 F1199 X139.898 Y110.131 E1000.8133
G1 X139.898 Y139.869 E1002.0497
G1 X110.101 Y139.869 E1003.2885
G1 X110.101 Y110.131 E1004.5249
G1 F2400 E1001.5249
G1 F300 Z9.950
G0 F3900 X110.908 Y110.936
G1 F300 Z9.750
G1 F1500 E1004.5249
G1 F1199 X110.908 Y139.063 E1005.6943
G1 X139.091 Y139.063 E1006.8660
G1 X139.091 Y110.936 E1008.0354
G1 X110.908 Y110.936 E1009.2071
G0 F3900 X110.708 Y110.533
;TYPE:GAP-FILL
;WIDTH:0.476
;FLOW:95.0
;WIDTH:0.475
G1 F2055 X110.539 Y110.569 E1009.2152
G1 X110.504 Y110.736 E1009.2232
;WIDTH:0.408
G1 X110.504 Y139.263 E1010.3724
;WIDTH:0.476
G1 X110.708 Y139.466 E1010.3859
;WIDTH:0.406
G1 X139.291 Y139.466 E1011.5318
;WIDTH:0.476
G1 X139.494 Y139.263 E1011.5453
;WIDTH:0.408
G1 X139.494 Y110.736 E1012.6946
;WIDTH:0.476
G1 X139.291 Y110.533 E1012.7080
;WIDTH:0.406
G1 X110.708 Y110.533 E1013.8539
;PRINTING_TIME: 877
;REMAINING_TIME: 1294
;LAYER:39
;Z:10.000
;HEIGHT:0.250
;FLOW:100.0
;PRINTING: Flow_Calibration_Cube_0.4_mm.stl
;PRINTING_ID: 0
G1 F2400 E1010.8539
G1 F300 Z10.200
G0 F3900 X110.101 Y110.131
G0 F300 Z10.000
;TYPE:WALL-OUTER
;WIDTH:0.400
G1 F300 Z10.000
G1 F1500 E1013.8539
G1 F1199 X139.898 Y110.131 E1015.0927
G1 X139.898 Y139.869 E1016.3291
G1 X110.101 Y139.869 E1017.5679
G1 X110.101 Y110.131 E1018.8043
G1 F2400 E1015.8043
G1 F300 Z10.200
G0 F3900 X110.908 Y110.936
G1 F300 Z10.000
G1 F1500 E1018.8043
G1 F1199 X110.908 Y139.063 E1019.9736
G1 X139.091 Y139.063 E1021.1454
G1 X139.091 Y110.936 E1022.3147
G1 X110.908 Y110.936 E1023.4865
G0 F3900 X110.708 Y110.533
;TYPE:GAP-FILL
;WIDTH:0.476
;FLOW:95.0
;WIDTH:0.475
G1 F2055 X110.539 Y110.569 E1023.4946
G1 X110.504 Y110.736 E1023.5026
;WIDTH:0.408
G1 X110.504 Y139.263 E1024.6518
;WIDTH:0.476
G1 X110.708 Y139.466 E1024.6653
;WIDTH:0.406
G1 X139.291 Y139.466 E1025.8112
;WIDTH:0.476
G1 X139.494 Y139.263 E1025.8247
;WIDTH:0.408
G1 X139.494 Y110.736 E1026.9739
;WIDTH:0.476
G1 X139.291 Y110.533 E1026.9874
;WIDTH:0.406
G1 X110.708 Y110.533 E1028.1333
;PRINTING_TIME: 893
;REMAINING_TIME: 1278
;LAYER:40
;Z:10.250
;HEIGHT:0.250
;FLOW:100.0
;PRINTING: Flow_Calibration_Cube_0.4_mm.stl
;PRINTING_ID: 0
G1 F2400 E1025.1333
G1 F300 Z10.450
G0 F3900 X110.101 Y110.131
G0 F300 Z10.250
;TYPE:WALL-OUTER
;WIDTH:0.400
G1 F300 Z10.250
G1 F1500 E1028.1333
G1 F1199 X139.898 Y110.131 E1029.3721
G1 X139.898 Y139.869 E1030.6085
G1 X110.101 Y139.869 E1031.8473
G1 X110.101 Y110.131 E1033.0836
G1 F2400 E1030.0836
G1 F300 Z10.450
G0 F3900 X110.908 Y110.936
G1 F300 Z10.250
G1 F1500 E1033.0836
G1 F1199 X110.908 Y139.063 E1034.2530
G1 X139.091 Y139.063 E1035.4247
G1 X139.091 Y110.936 E1036.5941
G1 X110.908 Y110.936 E1037.7658
G0 F3900 X110.708 Y110.533
;TYPE:GAP-FILL
;WIDTH:0.476
;FLOW:95.0
;WIDTH:0.475
G1 F2055 X110.539 Y110.569 E1037.7739
G1 X110.504 Y110.736 E1037.7819
;WIDTH:0.408
G1 X110.504 Y139.263 E1038.9312
;WIDTH:0.476
G1 X110.708 Y139.466 E1038.9447
;WIDTH:0.406
G1 X139.291 Y139.466 E1040.0906
;WIDTH:0.476
G1 X139.494 Y139.263 E1040.1041
;WIDTH:0.408
G1 X139.494 Y110.736 E1041.2533
;WIDTH:0.476
G1 X139.291 Y110.533 E1041.2668
;WIDTH:0.406
G1 X110.708 Y110.533 E1042.4127
;PRINTING_TIME: 909
;REMAINING_TIME: 1262
;LAYER:41
;Z:10.500
;HEIGHT:0.250
;FLOW:100.0
;PRINTING: Flow_Calibration_Cube_0.4_mm.stl
;PRINTING_ID: 0
G1 F2400 E1039.4127
G1 F300 Z10.700
G0 F3900 X110.101 Y110.131
G0 F300 Z10.500
;TYPE:WALL-OUTER
;WIDTH:0.400
G1 F300 Z10.500
G1 F1500 E1042.4127
G1 F1199 X139.898 Y110.131 E1043.6515
G1 X139.898 Y139.869 E1044.8879
G1 X110.101 Y139.869 E1046.1267
G1 X110.101 Y110.131 E1047.3630
G1 F2400 E1044.3630
G1 F300 Z10.700
G0 F3900 X110.908 Y110.936
G1 F300 Z10.500
G1 F1500 E1047.3630
G1 F1199 X110.908 Y139.063 E1048.5324
G1 X139.091 Y139.063 E1049.7041
G1 X139.091 Y110.936 E1050.8735
G1 X110.908 Y110.936 E1052.0452
G0 F3900 X110.708 Y110.533
;TYPE:GAP-FILL
;WIDTH:0.476
;FLOW:95.0
;WIDTH:0.475
G1 F2055 X110.539 Y110.569 E1052.0533
G1 X110.504 Y110.736 E1052.0613
;WIDTH:0.408
G1 X110.504 Y139.263 E1053.2106
;WIDTH:0.476
G1 X110.708 Y139.466 E1053.2241
;WIDTH:0.406
G1 X139.291 Y139.466 E1054.3700
;WIDTH:0.476
G1 X139.494 Y139.263 E1054.3835
;WIDTH:0.408
G1 X139.494 Y110.736 E1055.5327
;WIDTH:0.476
G1 X139.291 Y110.533 E1055.5462
;WIDTH:0.406
G1 X110.708 Y110.533 E1056.6921
;PRINTING_TIME: 925
;REMAINING_TIME: 1246
;LAYER:42
;Z:10.750
;HEIGHT:0.250
;FLOW:100.0
;PRINTING: Flow_Calibration_Cube_0.4_mm.stl
;PRINTING_ID: 0
G1 F2400 E1053.6921
G1 F300 Z10.950
G0 F3900 X110.101 Y110.131
G0 F300 Z10.750
;TYPE:WALL-OUTER
;WIDTH:0.400
G1 F300 Z10.750
G1 F1500 E1056.6921
G1 F1199 X139.898 Y110.131 E1057.9309
G1 X139.898 Y139.869 E1059.1672
G1 X110.101 Y139.869 E1060.4061
G1 X110.101 Y110.131 E1061.6424
G1 F2400 E1058.6424
G1 F300 Z10.950
G0 F3900 X110.908 Y110.936
G1 F300 Z10.750
G1 F1500 E1061.6424
G1 F1199 X110.908 Y139.063 E1062.8118
G1 X139.091 Y139.063 E1063.9835
G1 X139.091 Y110.936 E1065.1529
G1 X110.908 Y110.936 E1066.3246
G0 F3900 X110.708 Y110.533
;TYPE:GAP-FILL
;WIDTH:0.476
;FLOW:95.0
;WIDTH:0.475
G1 F2055 X110.539 Y110.569 E1066.3327
G1 X110.504 Y110.736 E1066.3407
;WIDTH:0.408
G1 X110.504 Y139.263 E1067.4900
;WIDTH:0.476
G1 X110.708 Y139.466 E1067.5035
;WIDTH:0.406
G1 X139.291 Y139.466 E1068.6494
;WIDTH:0.476
G1 X139.494 Y139.263 E1068.6629
;WIDTH:0.408
G1 X139.494 Y110.736 E1069.8121
;WIDTH:0.476
G1 X139.291 Y110.533 E1069.8256
;WIDTH:0.406
G1 X110.708 Y110.533 E1070.9715
;PRINTING_TIME: 941
;REMAINING_TIME: 1230
;LAYER:43
;Z:11.000
;HEIGHT:0.250
;FLOW:100.0
;PRINTING: Flow_Calibration_Cube_0.4_mm.stl
;PRINTING_ID: 0
G1 F2400 E1067.9715
G1 F300 Z11.200
G0 F3900 X110.101 Y110.131
G0 F300 Z11.000
;TYPE:WALL-OUTER
;WIDTH:0.400
G1 F300 Z11.000
G1 F1500 E1070.9715
G1 F1199 X139.898 Y110.131 E1072.2103
G1 X139.898 Y139.869 E1073.4466
G1 X110.101 Y139.869 E1074.6854
G1 X110.101 Y110.131 E1075.9218
G1 F2400 E1072.9218
G1 F300 Z11.200
G0 F3900 X110.908 Y110.936
G1 F300 Z11.000
G1 F1500 E1075.9218
G1 F1199 X110.908 Y139.063 E1077.0912
G1 X139.091 Y139.063 E1078.2629
G1 X139.091 Y110.936 E1079.4323
G1 X110.908 Y110.936 E1080.6040
G0 F3900 X110.708 Y110.533
;TYPE:GAP-FILL
;WIDTH:0.476
;FLOW:95.0
;WIDTH:0.475
G1 F2055 X110.539 Y110.569 E1080.6121
G1 X110.504 Y110.736 E1080.6201
;WIDTH:0.408
G1 X110.504 Y139.263 E1081.7694
;WIDTH:0.476
G1 X110.708 Y139.466 E1081.7829
;WIDTH:0.406
G1 X139.291 Y139.466 E1082.9287
;WIDTH:0.476
G1 X139.494 Y139.263 E1082.9422
;WIDTH:0.408
G1 X139.494 Y110.736 E1084.0915
;WIDTH:0.476
G1 X139.291 Y110.533 E1084.1050
;WIDTH:0.406
G1 X110.708 Y110.533 E1085.2508
;PRINTING_TIME: 957
;REMAINING_TIME: 1214
;LAYER:44
;Z:11.250
;HEIGHT:0.250
;FLOW:100.0
;PRINTING: Flow_Calibration_Cube_0.4_mm.stl
;PRINTING_ID: 0
G1 F2400 E1082.2508
G1 F300 Z11.450
G0 F3900 X110.101 Y110.131
G0 F300 Z11.250
;TYPE:WALL-OUTER
;WIDTH:0.400
G1 F300 Z11.250
G1 F1500 E1085.2508
G1 F1199 X139.898 Y110.131 E1086.4897
G1 X139.898 Y139.869 E1087.7260
G1 X110.101 Y139.869 E1088.9648
G1 X110.101 Y110.131 E1090.2012
G1 F2400 E1087.2012
G1 F300 Z11.450
G0 F3900 X110.908 Y110.936
G1 F300 Z11.250
G1 F1500 E1090.2012
G1 F1199 X110.908 Y139.063 E1091.3706
G1 X139.091 Y139.063 E1092.5423
G1 X139.091 Y110.936 E1093.7117
G1 X110.908 Y110.936 E1094.8834
G0 F3900 X110.708 Y110.533
;TYPE:GAP-FILL
;WIDTH:0.476
;FLOW:95.0
;WIDTH:0.475
G1 F2055 X110.539 Y110.569 E1094.8915
G1 X110.504 Y110.736 E1094.8995
;WIDTH:0.408
G1 X110.504 Y139.263 E1096.0487
;WIDTH:0.476
G1 X110.708 Y139.466 E1096.0623
;WIDTH:0.406
G1 X139.291 Y139.466 E1097.2081
;WIDTH:0.476
G1 X139.494 Y139.263 E1097.2216
;WIDTH:0.408
G1 X139.494 Y110.736 E1098.3709
;WIDTH:0.476
G1 X139.291 Y110.533 E1098.3844
;WIDTH:0.406
G1 X110.708 Y110.533 E1099.5302
;PRINTING_TIME: 973
;REMAINING_TIME: 1198
;LAYER:45
;Z:11.500
;HEIGHT:0.250
;FLOW:100.0
;PRINTING: Flow_Calibration_Cube_0.4_mm.stl
;PRINTING_ID: 0
G1 F2400 E1096.5302
G1 F300 Z11.700
G0 F3900 X110.101 Y110.131
G0 F300 Z11.500
;TYPE:WALL-OUTER
;WIDTH:0.400
G1 F300 Z11.500
G1 F1500 E1099.5302
G1 F1199 X139.898 Y110.131 E1100.7690
G1 X139.898 Y139.869 E1102.0054
G1 X110.101 Y139.869 E1103.2442
G1 X110.101 Y110.131 E1104.4806
G1 F2400 E1101.4806
G1 F300 Z11.700
G0 F3900 X110.908 Y110.936
G1 F300 Z11.500
G1 F1500 E1104.4806
G1 F1199 X110.908 Y139.063 E1105.6500
G1 X139.091 Y139.063 E1106.8217
G1 X139.091 Y110.936 E1107.9911
G1 X110.908 Y110.936 E1109.1628
G0 F3900 X110.708 Y110.533
;TYPE:GAP-FILL
;WIDTH:0.476
;FLOW:95.0
;WIDTH:0.475
G1 F2055 X110.539 Y110.569 E1109.1709
G1 X110.504 Y110.736 E1109.1789
;WIDTH:0.408
G1 X110.504 Y139.263 E1110.3281
;WIDTH:0.476
G1 X110.708 Y139.466 E1110.3417
;WIDTH:0.406
G1 X139.291 Y139.466 E1111.4875
;WIDTH:0.476
G1 X139.494 Y139.263 E1111.5010
;WIDTH:0.408
G1 X139.494 Y110.736 E1112.6503
;WIDTH:0.476
G1 X139.291 Y110.533 E1112.6638
;WIDTH:0.406
G1 X110.708 Y110.533 E1113.8096
;PRINTING_TIME: 989
;REMAINING_TIME: 1182
;LAYER:46
;Z:11.750
;HEIGHT:0.250
;FLOW:100.0
;PRINTING: Flow_Calibration_Cube_0.4_mm.stl
;PRINTING_ID: 0
G1 F2400 E1110.8096
G1 F300 Z11.950
G0 F3900 X110.101 Y110.131
G0 F300 Z11.750
;TYPE:WALL-OUTER
;WIDTH:0.400
G1 F300 Z11.750
G1 F1500 E1113.8096
G1 F1199 X139.898 Y110.131 E1115.0484
G1 X139.898 Y139.869 E1116.2848
G1 X110.101 Y139.869 E1117.5236
G1 X110.101 Y110.131 E1118.7600
G1 F2400 E1115.7600
G1 F300 Z11.950
G0 F3900 X110.908 Y110.936
G1 F300 Z11.750
G1 F1500 E1118.7600
G1 F1199 X110.908 Y139.063 E1119.9294
G1 X139.091 Y139.063 E1121.1011
G1 X139.091 Y110.936 E1122.2705
G1 X110.908 Y110.936 E1123.4422
G0 F3900 X110.708 Y110.533
;TYPE:GAP-FILL
;WIDTH:0.476
;FLOW:95.0
;WIDTH:0.475
G1 F2055 X110.539 Y110.569 E1123.4503
G1 X110.504 Y110.736 E1123.4583
;WIDTH:0.408
G1 X110.504 Y139.263 E1124.6075
;WIDTH:0.476
G1 X110.708 Y139.466 E1124.6210
;WIDTH:0.406
G1 X139.291 Y139.466 E1125.7669
;WIDTH:0.476
G1 X139.494 Y139.263 E1125.7804
;WIDTH:0.408
G1 X139.494 Y110.736 E1126.9296
;WIDTH:0.476
G1 X139.291 Y110.533 E1126.9431
;WIDTH:0.406
G1 X110.708 Y110.533 E1128.0890
;PRINTING_TIME: 1005
;REMAINING_TIME: 1166
;LAYER:47
;Z:12.000
;HEIGHT:0.250
;FLOW:100.0
;PRINTING: Flow_Calibration_Cube_0.4_mm.stl
;PRINTING_ID: 0
G1 F2400 E1125.0890
G1 F300 Z12.200
G0 F3900 X110.101 Y110.131
G0 F300 Z12.000
;TYPE:WALL-OUTER
;WIDTH:0.400
G1 F300 Z12.000
G1 F1500 E1128.0890
G1 F1199 X139.898 Y110.131 E1129.3278
G1 X139.898 Y139.869 E1130.5642
G1 X110.101 Y139.869 E1131.8030
G1 X110.101 Y110.131 E1133.0394
G1 F2400 E1130.0394
G1 F300 Z12.200
G0 F3900 X110.908 Y110.936
G1 F300 Z12.000
G1 F1500 E1133.0394
G1 F1199 X110.908 Y139.063 E1134.2087
G1 X139.091 Y139.063 E1135.3805
G1 X139.091 Y110.936 E1136.5498
G1 X110.908 Y110.936 E1137.7216
G0 F3900 X110.708 Y110.533
;TYPE:GAP-FILL
;WIDTH:0.476
;FLOW:95.0
;WIDTH:0.475
G1 F2055 X110.539 Y110.569 E1137.7297
G1 X110.504 Y110.736 E1137.7377
;WIDTH:0.408
G1 X110.504 Y139.263 E1138.8869
;WIDTH:0.476
G1 X110.708 Y139.466 E1138.9004
;WIDTH:0.406
G1 X139.291 Y139.466 E1140.0463
;WIDTH:0.476
G1 X139.494 Y139.263 E1140.0598
;WIDTH:0.408
G1 X139.494 Y110.736 E1141.2090
;WIDTH:0.476
G1 X139.291 Y110.533 E1141.2225
;WIDTH:0.406
G1 X110.708 Y110.533 E1142.3684
;PRINTING_TIME: 1021
;REMAINING_TIME: 1150
;LAYER:48
;Z:12.250
;HEIGHT:0.250
;FLOW:100.0
;PRINTING: Flow_Calibration_Cube_0.4_mm.stl
;PRINTING_ID: 0
G1 F2400 E1139.3684
G1 F300 Z12.450
G0 F3900 X110.101 Y110.131
G0 F300 Z12.250
;TYPE:WALL-OUTER
;WIDTH:0.400
G1 F300 Z12.250
G1 F1500 E1142.3684
G1 F1199 X139.898 Y110.131 E1143.6072
G1 X139.898 Y139.869 E1144.8436
G1 X110.101 Y139.869 E1146.0824
G1 X110.101 Y110.131 E1147.3187
G1 F2400 E1144.3187
G1 F300 Z12.450
G0 F3900 X110.908 Y110.936
G1 F300 Z12.250
G1 F1500 E1147.3187
G1 F1199 X110.908 Y139.063 E1148.4881
G1 X139.091 Y139.063 E1149.6598
G1 X139.091 Y110.936 E1150.8292
G1 X110.908 Y110.936 E1152.0009
G0 F3900 X110.708 Y110.533
;TYPE:GAP-FILL
;WIDTH:0.476
;FLOW:95.0
;WIDTH:0.475
G1 F2055 X110.539 Y110.569 E1152.0090
G1 X110.504 Y110.736 E1152.0170
;WIDTH:0.408
G1 X110.504 Y139.263 E1153.1663
;WIDTH:0.476
G1 X110.708 Y139.466 E1153.1798
;WIDTH:0.406
G1 X139.291 Y139.466 E1154.3257
;WIDTH:0.476
G1 X139.494 Y139.263 E1154.3392
;WIDTH:0.408
G1 X139.494 Y110.736 E1155.4884
;WIDTH:0.476
G1 X139.291 Y110.533 E1155.5019
;WIDTH:0.406
G1 X110.708 Y110.533 E1156.6478
;PRINTING_TIME: 1037
;REMAINING_TIME: 1134
;LAYER:49
;Z:12.500
;HEIGHT:0.250
;FLOW:100.0
;PRINTING: Flow_Calibration_Cube_0.4_mm.stl
;PRINTING_ID: 0
G1 F2400 E1153.6478
G1 F300 Z12.700
G0 F3900 X110.101 Y110.131
G0 F300 Z12.500
;TYPE:WALL-OUTER
;WIDTH:0.400
G1 F300 Z12.500
G1 F1500 E1156.6478
G1 F1199 X139.898 Y110.131 E1157.8866
G1 X139.898 Y139.869 E1159.1230
G1 X110.101 Y139.869 E1160.3618
G1 X110.101 Y110.131 E1161.5981
G1 F2400 E1158.5981
G1 F300 Z12.700
G0 F3900 X110.908 Y110.936
G1 F300 Z12.500
G1 F1500 E1161.5981
G1 F1199 X110.908 Y139.063 E1162.7675
G1 X139.091 Y139.063 E1163.9392
G1 X139.091 Y110.936 E1165.1086
G1 X110.908 Y110.936 E1166.2803
G0 F3900 X110.708 Y110.533
;TYPE:GAP-FILL
;WIDTH:0.476
;FLOW:95.0
;WIDTH:0.475
G1 F2055 X110.539 Y110.569 E1166.2884
G1 X110.504 Y110.736 E1166.2964
;WIDTH:0.408
G1 X110.504 Y139.263 E1167.4457
;WIDTH:0.476
G1 X110.708 Y139.466 E1167.4592
;WIDTH:0.406
G1 X139.291 Y139.466 E1168.6051
;WIDTH:0.476
G1 X139.494 Y139.263 E1168.6186
;WIDTH:0.408
G1 X139.494 Y110.736 E1169.7678
;WIDTH:0.476
G1 X139.291 Y110.533 E1169.7813
;WIDTH:0.406
G1 X110.708 Y110.533 E1170.9272
;PRINTING_TIME: 1053
;REMAINING_TIME: 1118
;LAYER:50
;Z:12.750
;HEIGHT:0.250
;FLOW:100.0
;PRINTING: Flow_Calibration_Cube_0.4_mm.stl
;PRINTING_ID: 0
G1 F2400 E1167.9272
G1 F300 Z12.950
G0 F3900 X110.101 Y110.131
G0 F300 Z12.750
;TYPE:WALL-OUTER
;WIDTH:0.400
G1 F300 Z12.750
G1 F1500 E1170.9272
G1 F1199 X139.898 Y110.131 E1172.1660
G1 X139.898 Y139.869 E1173.4023
G1 X110.101 Y139.869 E1174.6412
G1 X110.101 Y110.131 E1175.8775
G1 F2400 E1172.8775
G1 F300 Z12.950
G0 F3900 X110.908 Y110.936
G1 F300 Z12.750
G1 F1500 E1175.8775
G1 F1199 X110.908 Y139.063 E1177.0469
G1 X139.091 Y139.063 E1178.2186
G1 X139.091 Y110.936 E1179.3880
G1 X110.908 Y110.936 E1180.5597
G0 F3900 X110.708 Y110.533
;TYPE:GAP-FILL
;WIDTH:0.476
;FLOW:95.0
;WIDTH:0.475
G1 F2055 X110.539 Y110.569 E1180.5678
G1 X110.504 Y110.736 E1180.5758
;WIDTH:0.408
G1 X110.504 Y139.263 E1181.7251
;WIDTH:0.476
G1 X110.708 Y139.466 E1181.7386
;WIDTH:0.406
G1 X139.291 Y139.466 E1182.8845
;WIDTH:0.476
G1 X139.494 Y139.263 E1182.8979
;WIDTH:0.408
G1 X139.494 Y110.736 E1184.0472
;WIDTH:0.476
G1 X139.291 Y110.533 E1184.0607
;WIDTH:0.406
G1 X110.708 Y110.533 E1185.2066
;PRINTING_TIME: 1069
;REMAINING_TIME: 1102
;LAYER:51
;Z:13.000
;HEIGHT:0.250
;FLOW:100.0
;PRINTING: Flow_Calibration_Cube_0.4_mm.stl
;PRINTING_ID: 0
G1 F2400 E1182.2066
G1 F300 Z13.200
G0 F3900 X110.101 Y110.131
G0 F300 Z13.000
;TYPE:WALL-OUTER
;WIDTH:0.400
G1 F300 Z13.000
G1 F1500 E1185.2066
G1 F1199 X139.898 Y110.131 E1186.4454
G1 X139.898 Y139.869 E1187.6817
G1 X110.101 Y139.869 E1188.9205
G1 X110.101 Y110.131 E1190.1569
G1 F2400 E1187.1569
G1 F300 Z13.200
G0 F3900 X110.908 Y110.936
G1 F300 Z13.000
G1 F1500 E1190.1569
G1 F1199 X110.908 Y139.063 E1191.3263
G1 X139.091 Y139.063 E1192.4980
G1 X139.091 Y110.936 E1193.6674
G1 X110.908 Y110.936 E1194.8391
G0 F3900 X110.708 Y110.533
;TYPE:GAP-FILL
;WIDTH:0.476
;FLOW:95.0
;WIDTH:0.475
G1 F2055 X110.539 Y110.569 E1194.8472
G1 X110.504 Y110.736 E1194.8552
;WIDTH:0.408
G1 X110.504 Y139.263 E1196.0045
;WIDTH:0.476
G1 X110.708 Y139.466 E1196.0180
;WIDTH:0.406
G1 X139.291 Y139.466 E1197.1638
;WIDTH:0.476
G1 X139.494 Y139.263 E1197.1773
;WIDTH:0.408
G1 X139.494 Y110.736 E1198.3266
;WIDTH:0.476
G1 X139.291 Y110.533 E1198.3401
;WIDTH:0.406
G1 X110.708 Y110.533 E1199.4859
;PRINTING_TIME: 1085
;REMAINING_TIME: 1086
;LAYER:52
;Z:13.250
;HEIGHT:0.250
;FLOW:100.0
;PRINTING: Flow_Calibration_Cube_0.4_mm.stl
;PRINTING_ID: 0
G1 F2400 E1196.4859
G1 F300 Z13.450
G0 F3900 X110.101 Y110.131
G0 F300 Z13.250
;TYPE:WALL-OUTER
;WIDTH:0.400
G1 F300 Z13.250
G1 F1500 E1199.4859
G1 F1199 X139.898 Y110.131 E1200.7248
G1 X139.898 Y139.869 E1201.9611
G1 X110.101 Y139.869 E1203.1999
G1 X110.101 Y110.131 E1204.4363
G1 F2400 E1201.4363
G1 F300 Z13.450
G0 F3900 X110.908 Y110.936
G1 F300 Z13.250
G1 F1500 E1204.4363
G1 F1199 X110.908 Y139.063 E1205.6057
G1 X139.091 Y139.063 E1206.7774
G1 X139.091 Y110.936 E1207.9468
G1 X110.908 Y110.936 E1209.1185
G0 F3900 X110.708 Y110.533
;TYPE:GAP-FILL
;WIDTH:0.476
;FLOW:95.0
;WIDTH:0.475
G1 F2055 X110.539 Y110.569 E1209.1266
G1 X110.504 Y110.736 E1209.1346
;WIDTH:0.408
G1 X110.504 Y139.263 E1210.2838
;WIDTH:0.476
G1 X110.708 Y139.466 E1210.2974
;WIDTH:0.406
G1 X139.291 Y139.466 E1211.4432
;WIDTH:0.476
G1 X139.494 Y139.263 E1211.4567
;WIDTH:0.408
G1 X139.494 Y110.736 E1212.6060
;WIDTH:0.476
G1 X139.291 Y110.533 E1212.6195
;WIDTH:0.406
G1 X110.708 Y110.533 E1213.7653
;PRINTING_TIME: 1101
;REMAINING_TIME: 1070
;LAYER:53
;Z:13.500
;HEIGHT:0.250
;FLOW:100.0
;PRINTING: Flow_Calibration_Cube_0.4_mm.stl
;PRINTING_ID: 0
G1 F2400 E1210.7653
G1 F300 Z13.700
G0 F3900 X110.101 Y110.131
G0 F300 Z13.500
;TYPE:WALL-OUTER
;WIDTH:0.400
G1 F300 Z13.500
G1 F1500 E1213.7653
G1 F1199 X139.898 Y110.131 E1215.0041
G1 X139.898 Y139.869 E1216.2405
G1 X110.101 Y139.869 E1217.4793
G1 X110.101 Y110.131 E1218.7157
G1 F2400 E1215.7157
G1 F300 Z13.700
G0 F3900 X110.908 Y110.936
G1 F300 Z13.500
G1 F1500 E1218.7157
G1 F1199 X110.908 Y139.063 E1219.8851
G1 X139.091 Y139.063 E1221.0568
G1 X139.091 Y110.936 E1222.2262
G1 X110.908 Y110.936 E1223.3979
G0 F3900 X110.708 Y110.533
;TYPE:GAP-FILL
;WIDTH:0.476
;FLOW:95.0
;WIDTH:0.475
G1 F2055 X110.539 Y110.569 E1223.4060
G1 X110.504 Y110.736 E1223.4140
;WIDTH:0.408
G1 X110.504 Y139.263 E1224.5632
;WIDTH:0.476
G1 X110.708 Y139.466 E1224.5768
;WIDTH:0.406
G1 X139.291 Y139.466 E1225.7226
;WIDTH:0.476
G1 X139.494 Y139.263 E1225.7361
;WIDTH:0.408
G1 X139.494 Y110.736 E1226.8854
;WIDTH:0.476
G1 X139.291 Y110.533 E1226.8989
;WIDTH:0.406
G1 X110.708 Y110.533 E1228.0447
;PRINTING_TIME: 1117
;REMAINING_TIME: 1054
;LAYER:54
;Z:13.750
;HEIGHT:0.250
;FLOW:100.0
;PRINTING: Flow_Calibration_Cube_0.4_mm.stl
;PRINTING_ID: 0
G1 F2400 E1225.0447
G1 F300 Z13.950
G0 F3900 X110.101 Y110.131
G0 F300 Z13.750
;TYPE:WALL-OUTER
;WIDTH:0.400
G1 F300 Z13.750
G1 F1500 E1228.0447
G1 F1199 X139.898 Y110.131 E1229.2835
G1 X139.898 Y139.869 E1230.5199
G1 X110.101 Y139.869 E1231.7587
G1 X110.101 Y110.131 E1232.9951
G1 F2400 E1229.9951
G1 F300 Z13.950
G0 F3900 X110.908 Y110.936
G1 F300 Z13.750
G1 F1500 E1232.9951
G1 F1199 X110.908 Y139.063 E1234.1645
G1 X139.091 Y139.063 E1235.3362
G1 X139.091 Y110.936 E1236.5056
G1 X110.908 Y110.936 E1237.6773
G0 F3900 X110.708 Y110.533
;TYPE:GAP-FILL
;WIDTH:0.476
;FLOW:95.0
;WIDTH:0.475
G1 F2055 X110.539 Y110.569 E1237.6854
G1 X110.504 Y110.736 E1237.6934
;WIDTH:0.408
G1 X110.504 Y139.263 E1238.8426
;WIDTH:0.476
G1 X110.708 Y139.466 E1238.8561
;WIDTH:0.406
G1 X139.291 Y139.466 E1240.0020
;WIDTH:0.476
G1 X139.494 Y139.263 E1240.0155
;WIDTH:0.408
G1 X139.494 Y110.736 E1241.1647
;WIDTH:0.476
G1 X139.291 Y110.533 E1241.1782
;WIDTH:0.406
G1 X110.708 Y110.533 E1242.3241
;PRINTING_TIME: 1133
;REMAINING_TIME: 1038
;LAYER:55
;Z:14.000
;HEIGHT:0.250
;FLOW:100.0
;PRINTING: Flow_Calibration_Cube_0.4_mm.stl
;PRINTING_ID: 0
G1 F2400 E1239.3241
G1 F300 Z14.200
G0 F3900 X110.101 Y110.131
G0 F300 Z14.000
;TYPE:WALL-OUTER
;WIDTH:0.400
G1 F300 Z14.000
G1 F1500 E1242.3241
G1 F1199 X139.898 Y110.131 E1243.5629
G1 X139.898 Y139.869 E1244.7993
G1 X110.101 Y139.869 E1246.0381
G1 X110.101 Y110.131 E1247.2745
G1 F2400 E1244.2745
G1 F300 Z14.200
G0 F3900 X110.908 Y110.936
G1 F300 Z14.000
G1 F1500 E1247.2745
G1 F1199 X110.908 Y139.063 E1248.4438
G1 X139.091 Y139.063 E1249.6156
G1 X139.091 Y110.936 E1250.7849
G1 X110.908 Y110.936 E1251.9567
G0 F3900 X110.708 Y110.533
;TYPE:GAP-FILL
;WIDTH:0.476
;FLOW:95.0
;WIDTH:0.475
G1 F2055 X110.539 Y110.569 E1251.9648
G1 X110.504 Y110.736 E1251.9728
;WIDTH:0.408
G1 X110.504 Y139.263 E1253.1220
;WIDTH:0.476
G1 X110.708 Y139.466 E1253.1355
;WIDTH:0.406
G1 X139.291 Y139.466 E1254.2814
;WIDTH:0.476
G1 X139.494 Y139.263 E1254.2949
;WIDTH:0.408
G1 X139.494 Y110.736 E1255.4441
;WIDTH:0.476
G1 X139.291 Y110.533 E1255.4576
;WIDTH:0.406
G1 X110.708 Y110.533 E1256.6035
;PRINTING_TIME: 1149
;REMAINING_TIME: 1022
;LAYER:56
;Z:14.250
;HEIGHT:0.250
;FLOW:100.0
;PRINTING: Flow_Calibration_Cube_0.4_mm.stl
;PRINTING_ID: 0
G1 F2400 E1253.6035
G1 F300 Z14.450
G0 F3900 X110.101 Y110.131
G0 F300 Z14.250
;TYPE:WALL-OUTER
;WIDTH:0.400
G1 F300 Z14.250
G1 F1500 E1256.6035
G1 F1199 X139.898 Y110.131 E1257.8423
G1 X139.898 Y139.869 E1259.0787
G1 X110.101 Y139.869 E1260.3175
G1 X110.101 Y110.131 E1261.5538
G1 F2400 E1258.5538
G1 F300 Z14.450
G0 F3900 X110.908 Y110.936
G1 F300 Z14.250
G1 F1500 E1261.5538
G1 F1199 X110.908 Y139.063 E1262.7232
G1 X139.091 Y139.063 E1263.8949
G1 X139.091 Y110.936 E1265.0643
G1 X110.908 Y110.936 E1266.2360
G0 F3900 X110.708 Y110.533
;TYPE:GAP-FILL
;WIDTH:0.476
;FLOW:95.0
;WIDTH:0.475
G1 F2055 X110.539 Y110.569 E1266.2441
G1 X110.504 Y110.736 E1266.2521
;WIDTH:0.408
G1 X110.504 Y139.263 E1267.4014
;WIDTH:0.476
G1 X110.708 Y139.466 E1267.4149
;WIDTH:0.406
G1 X139.291 Y139.466 E1268.5608
;WIDTH:0.476
G1 X139.494 Y139.263 E1268.5743
;WIDTH:0.408
G1 X139.494 Y110.736 E1269.7235
;WIDTH:0.476
G1 X139.291 Y110.533 E1269.7370
;WIDTH:0.406
G1 X110.708 Y110.533 E1270.8829
;PRINTING_TIME: 1165
;REMAINING_TIME: 1006
;LAYER:57
;Z:14.500
;HEIGHT:0.250
;FLOW:100.0
;PRINTING: Flow_Calibration_Cube_0.4_mm.stl
;PRINTING_ID: 0
G1 F2400 E1267.8829
G1 F300 Z14.700
G0 F3900 X110.101 Y110.131
G0 F300 Z14.500
;TYPE:WALL-OUTER
;WIDTH:0.400
G1 F300 Z14.500
G1 F1500 E1270.8829
G1 F1199 X139.898 Y110.131 E1272.1217
G1 X139.898 Y139.869 E1273.3581
G1 X110.101 Y139.869 E1274.5969
G1 X110.101 Y110.131 E1275.8332
G1 F2400 E1272.8332
G1 F300 Z14.700
G0 F3900 X110.908 Y110.936
G1 F300 Z14.500
G1 F1500 E1275.8332
G1 F1199 X110.908 Y139.063 E1277.0026
G1 X139.091 Y139.063 E1278.1743
G1 X139.091 Y110.936 E1279.3437
G1 X110.908 Y110.936 E1280.5154
G0 F3900 X110.708 Y110.533
;TYPE:GAP-FILL
;WIDTH:0.476
;FLOW:95.0
;WIDTH:0.475
G1 F2055 X110.539 Y110.569 E1280.5235
G1 X110.504 Y110.736 E1280.5315
;WIDTH:0.408
G1 X110.504 Y139.263 E1281.6808
;WIDTH:0.476
G1 X110.708 Y139.466 E1281.6943
;WIDTH:0.406
G1 X139.291 Y139.466 E1282.8402
;WIDTH:0.476
G1 X139.494 Y139.263 E1282.8537
;WIDTH:0.408
G1 X139.494 Y110.736 E1284.0029
;WIDTH:0.476
G1 X139.291 Y110.533 E1284.0164
;WIDTH:0.406
G1 X110.708 Y110.533 E1285.1623
;PRINTING_TIME: 1181
;REMAINING_TIME: 990
;LAYER:58
;Z:14.750
;HEIGHT:0.250
;FLOW:100.0
;PRINTING: Flow_Calibration_Cube_0.4_mm.stl
;PRINTING_ID: 0
G1 F2400 E1282.1623
G1 F300 Z14.950
G0 F3900 X110.101 Y110.131
G0 F300 Z14.750
;TYPE:WALL-OUTER
;WIDTH:0.400
G1 F300 Z14.750
G1 F1500 E1285.1623
G1 F1199 X139.898 Y110.131 E1286.4011
G1 X139.898 Y139.869 E1287.6374
G1 X110.101 Y139.869 E1288.8763
G1 X110.101 Y110.131 E1290.1126
G1 F2400 E1287.1126
G1 F300 Z14.950
G0 F3900 X110.908 Y110.936
G1 F300 Z14.750
G1 F1500 E1290.1126
G1 F1199 X110.908 Y139.063 E1291.2820
G1 X139.091 Y139.063 E1292.4537
G1 X139.091 Y110.936 E1293.6231
G1 X110.908 Y110.936 E1294.7948
G0 F3900 X110.708 Y110.533
;TYPE:GAP-FILL
;WIDTH:0.476
;FLOW:95.0
;WIDTH:0.475
G1 F2055 X110.539 Y110.569 E1294.8029
G1 X110.504 Y110.736 E1294.8109
;WIDTH:0.408
G1 X110.504 Y139.263 E1295.9602
;WIDTH:0.476
G1 X110.708 Y139.466 E1295.9737
;WIDTH:0.406
G1 X139.291 Y139.466 E1297.1196
;WIDTH:0.476
G1 X139.494 Y139.263 E1297.1330
;WIDTH:0.408
G1 X139.494 Y110.736 E1298.2823
;WIDTH:0.476
G1 X139.291 Y110.533 E1298.2958
;WIDTH:0.406
G1 X110.708 Y110.533 E1299.4416
;PRINTING_TIME: 1197
;REMAINING_TIME: 974
;LAYER:59
;Z:15.000
;HEIGHT:0.250
;FLOW:100.0
;PRINTING: Flow_Calibration_Cube_0.4_mm.stl
;PRINTING_ID: 0
G1 F2400 E1296.4416
G1 F300 Z15.200
G0 F3900 X110.101 Y110.131
G0 F300 Z15.000
;TYPE:WALL-OUTER
;WIDTH:0.400
G1 F300 Z15.000
G1 F1500 E1299.4416
G1 F1199 X139.898 Y110.131 E1300.6805
G1 X139.898 Y139.869 E1301.9168
G1 X110.101 Y139.869 E1303.1556
G1 X110.101 Y110.131 E1304.3920
G1 F2400 E1301.3920
G1 F300 Z15.200
G0 F3900 X110.908 Y110.936
G1 F300 Z15.000
G1 F1500 E1304.3920
G1 F1199 X110.908 Y139.063 E1305.5614
G1 X139.091 Y139.063 E1306.7331
G1 X139.091 Y110.936 E1307.9025
G1 X110.908 Y110.936 E1309.0742
G0 F3900 X110.708 Y110.533
;TYPE:GAP-FILL
;WIDTH:0.476
;FLOW:95.0
;WIDTH:0.475
G1 F2055 X110.539 Y110.569 E1309.0823
G1 X110.504 Y110.736 E1309.0903
;WIDTH:0.408
G1 X110.504 Y139.263 E1310.2396
;WIDTH:0.476
G1 X110.708 Y139.466 E1310.2531
;WIDTH:0.406
G1 X139.291 Y139.466 E1311.3989
;WIDTH:0.476
G1 X139.494 Y139.263 E1311.4124
;WIDTH:0.408
G1 X139.494 Y110.736 E1312.5617
;WIDTH:0.476
G1 X139.291 Y110.533 E1312.5752
;WIDTH:0.406
G1 X110.708 Y110.533 E1313.7210
;PRINTING_TIME: 1213
;REMAINING_TIME: 958
;LAYER:60
;Z:15.250
;HEIGHT:0.250
;FLOW:100.0
;PRINTING: Flow_Calibration_Cube_0.4_mm.stl
;PRINTING_ID: 0
G1 F2400 E1310.7210
G1 F300 Z15.450
G0 F3900 X110.101 Y110.131
G0 F300 Z15.250
;TYPE:WALL-OUTER
;WIDTH:0.400
G1 F300 Z15.250
G1 F1500 E1313.7210
G1 F1199 X139.898 Y110.131 E1314.9599
G1 X139.898 Y139.869 E1316.1962
G1 X110.101 Y139.869 E1317.4350
G1 X110.101 Y110.131 E1318.6714
G1 F2400 E1315.6714
G1 F300 Z15.450
G0 F3900 X110.908 Y110.936
G1 F300 Z15.250
G1 F1500 E1318.6714
G1 F1199 X110.908 Y139.063 E1319.8408
G1 X139.091 Y139.063 E1321.0125
G1 X139.091 Y110.936 E1322.1819
G1 X110.908 Y110.936 E1323.3536
G0 F3900 X110.708 Y110.533
;TYPE:GAP-FILL
;WIDTH:0.476
;FLOW:95.0
;WIDTH:0.475
G1 F2055 X110.539 Y110.569 E1323.3617
G1 X110.504 Y110.736 E1323.3697
;WIDTH:0.408
G1 X110.504 Y139.263 E1324.5189
;WIDTH:0.476
G1 X110.708 Y139.466 E1324.5325
;WIDTH:0.406
G1 X139.291 Y139.466 E1325.6783
;WIDTH:0.476
G1 X139.494 Y139.263 E1325.6918
;WIDTH:0.408
G1 X139.494 Y110.736 E1326.8411
;WIDTH:0.476
G1 X139.291 Y110.533 E1326.8546
;WIDTH:0.406
G1 X110.708 Y110.533 E1328.0004
;PRINTING_TIME: 1228
;REMAINING_TIME: 942
;LAYER:61
;Z:15.500
;HEIGHT:0.250
;FLOW:100.0
;PRINTING: Flow_Calibration_Cube_0.4_mm.stl
;PRINTING_ID: 0
G1 F2400 E1325.0004
G1 F300 Z15.700
G0 F3900 X110.101 Y110.131
G0 F300 Z15.500
;TYPE:WALL-OUTER
;WIDTH:0.400
G1 F300 Z15.500
G1 F1500 E1328.0004
G1 F1199 X139.898 Y110.131 E1329.2392
G1 X139.898 Y139.869 E1330.4756
G1 X110.101 Y139.869 E1331.7144
G1 X110.101 Y110.131 E1332.9508
G1 F2400 E1329.9508
G1 F300 Z15.700
G0 F3900 X110.908 Y110.936
G1 F300 Z15.500
G1 F1500 E1332.9508
G1 F1199 X110.908 Y139.063 E1334.1202
G1 X139.091 Y139.063 E1335.2919
G1 X139.091 Y110.936 E1336.4613
G1 X110.908 Y110.936 E1337.6330
G0 F3900 X110.708 Y110.533
;TYPE:GAP-FILL
;WIDTH:0.476
;FLOW:95.0
;WIDTH:0.475
G1 F2055 X110.539 Y110.569 E1337.6411
G1 X110.504 Y110.736 E1337.6491
;WIDTH:0.408
G1 X110.504 Y139.263 E1338.7983
;WIDTH:0.476
G1 X110.708 Y139.466 E1338.8119
;WIDTH:0.406
G1 X139.291 Y139.466 E1339.9577
;WIDTH:0.476
G1 X139.494 Y139.263 E1339.9712
;WIDTH:0.408
G1 X139.494 Y110.736 E1341.1205
;WIDTH:0.476
G1 X139.291 Y110.533 E1341.1340
;WIDTH:0.406
G1 X110.708 Y110.533 E1342.2798
;PRINTING_TIME: 1244
;REMAINING_TIME: 926
;LAYER:62
;Z:15.750
;HEIGHT:0.250
;FLOW:100.0
;PRINTING: Flow_Calibration_Cube_0.4_mm.stl
;PRINTING_ID: 0
G1 F2400 E1339.2798
G1 F300 Z15.950
G0 F3900 X110.101 Y110.131
G0 F300 Z15.750
;TYPE:WALL-OUTER
;WIDTH:0.400
G1 F300 Z15.750
G1 F1500 E1342.2798
G1 F1199 X139.898 Y110.131 E1343.5186
G1 X139.898 Y139.869 E1344.7550
G1 X110.101 Y139.869 E1345.9938
G1 X110.101 Y110.131 E1347.2302
G1 F2400 E1344.2302
G1 F300 Z15.950
G0 F3900 X110.908 Y110.936
G1 F300 Z15.750
G1 F1500 E1347.2302
G1 F1199 X110.908 Y139.063 E1348.3996
G1 X139.091 Y139.063 E1349.5713
G1 X139.091 Y110.936 E1350.7406
G1 X110.908 Y110.936 E1351.9124
G0 F3900 X110.708 Y110.533
;TYPE:GAP-FILL
;WIDTH:0.476
;FLOW:95.0
;WIDTH:0.475
G1 F2055 X110.539 Y110.569 E1351.9205
G1 X110.504 Y110.736 E1351.9285
;WIDTH:0.408
G1 X110.504 Y139.263 E1353.0777
;WIDTH:0.476
G1 X110.708 Y139.466 E1353.0912
;WIDTH:0.406
G1 X139.291 Y139.466 E1354.2371
;WIDTH:0.476
G1 X139.494 Y139.263 E1354.2506
;WIDTH:0.408
G1 X139.494 Y110.736 E1355.3998
;WIDTH:0.476
G1 X139.291 Y110.533 E1355.4133
;WIDTH:0.406
G1 X110.708 Y110.533 E1356.5592
;PRINTING_TIME: 1260
;REMAINING_TIME: 910
;LAYER:63
;Z:16.000
;HEIGHT:0.250
;FLOW:100.0
;PRINTING: Flow_Calibration_Cube_0.4_mm.stl
;PRINTING_ID: 0
G1 F2400 E1353.5592
G1 F300 Z16.200
G0 F3900 X110.101 Y110.131
G0 F300 Z16.000
;TYPE:WALL-OUTER
;WIDTH:0.400
G1 F300 Z16.000
G1 F1500 E1356.5592
G1 F1199 X139.898 Y110.131 E1357.7980
G1 X139.898 Y139.869 E1359.0344
G1 X110.101 Y139.869 E1360.2732
G1 X110.101 Y110.131 E1361.5096
G1 F2400 E1358.5096
G1 F300 Z16.200
G0 F3900 X110.908 Y110.936
G1 F300 Z16.000
G1 F1500 E1361.5096
G1 F1199 X110.908 Y139.063 E1362.6789
G1 X139.091 Y139.063 E1363.8507
G1 X139.091 Y110.936 E1365.0200
G1 X110.908 Y110.936 E1366.1917
G0 F3900 X110.708 Y110.533
;TYPE:GAP-FILL
;WIDTH:0.476
;FLOW:95.0
;WIDTH:0.475
G1 F2055 X110.539 Y110.569 E1366.1999
G1 X110.504 Y110.736 E1366.2079
;WIDTH:0.408
G1 X110.504 Y139.263 E1367.3571
;WIDTH:0.476
G1 X110.708 Y139.466 E1367.3706
;WIDTH:0.406
G1 X139.291 Y139.466 E1368.5165
;WIDTH:0.476
G1 X139.494 Y139.263 E1368.5300
;WIDTH:0.408
G1 X139.494 Y110.736 E1369.6792
;WIDTH:0.476
G1 X139.291 Y110.533 E1369.6927
;WIDTH:0.406
G1 X110.708 Y110.533 E1370.8386
;PRINTING_TIME: 1276
;REMAINING_TIME: 894
;LAYER:64
;Z:16.250
;HEIGHT:0.250
;FLOW:100.0
;PRINTING: Flow_Calibration_Cube_0.4_mm.stl
;PRINTING_ID: 0
G1 F2400 E1367.8386
G1 F300 Z16.450
G0 F3900 X110.101 Y110.131
G0 F300 Z16.250
;TYPE:WALL-OUTER
;WIDTH:0.400
G1 F300 Z16.250
G1 F1500 E1370.8386
G1 F1199 X139.898 Y110.131 E1372.0774
G1 X139.898 Y139.869 E1373.3138
G1 X110.101 Y139.869 E1374.5526
G1 X110.101 Y110.131 E1375.7889
G1 F2400 E1372.7889
G1 F300 Z16.450
G0 F3900 X110.908 Y110.936
G1 F300 Z16.250
G1 F1500 E1375.7889
G1 F1199 X110.908 Y139.063 E1376.9583
G1 X139.091 Y139.063 E1378.1300
G1 X139.091 Y110.936 E1379.2994
G1 X110.908 Y110.936 E1380.4711
G0 F3900 X110.708 Y110.533
;TYPE:GAP-FILL
;WIDTH:0.476
;FLOW:95.0
;WIDTH:0.475
G1 F2055 X110.539 Y110.569 E1380.4792
G1 X110.504 Y110.736 E1380.4872
;WIDTH:0.408
G1 X110.504 Y139.263 E1381.6365
;WIDTH:0.476
G1 X110.708 Y139.466 E1381.6500
;WIDTH:0.406
G1 X139.291 Y139.466 E1382.7959
;WIDTH:0.476
G1 X139.494 Y139.263 E1382.8094
;WIDTH:0.408
G1 X139.494 Y110.736 E1383.9586
;WIDTH:0.476
G1 X139.291 Y110.533 E1383.9721
;WIDTH:0.406
G1 X110.708 Y110.533 E1385.1180
;PRINTING_TIME: 1292
;REMAINING_TIME: 878
;LAYER:65
;Z:16.500
;HEIGHT:0.250
;FLOW:100.0
;PRINTING: Flow_Calibration_Cube_0.4_mm.stl
;PRINTING_ID: 0
G1 F2400 E1382.1180
G1 F300 Z16.700
G0 F3900 X110.101 Y110.131
G0 F300 Z16.500
;TYPE:WALL-OUTER
;WIDTH:0.400
G1 F300 Z16.500
G1 F1500 E1385.1180
G1 F1199 X139.898 Y110.131 E1386.3568
G1 X139.898 Y139.869 E1387.5931
G1 X110.101 Y139.869 E1388.8320
G1 X110.101 Y110.131 E1390.0683
G1 F2400 E1387.0683
G1 F300 Z16.700
G0 F3900 X110.908 Y110.936
G1 F300 Z16.500
G1 F1500 E1390.0683
G1 F1199 X110.908 Y139.063 E1391.2377
G1 X139.091 Y139.063 E1392.4094
G1 X139.091 Y110.936 E1393.5788
G1 X110.908 Y110.936 E1394.7505
G0 F3900 X110.708 Y110.533
;TYPE:GAP-FILL
;WIDTH:0.476
;FLOW:95.0
;WIDTH:0.475
G1 F2055 X110.539 Y110.569 E1394.7586
G1 X110.504 Y110.736 E1394.7666
;WIDTH:0.408
G1 X110.504 Y139.263 E1395.9159
;WIDTH:0.476
G1 X110.708 Y139.466 E1395.9294
;WIDTH:0.406
G1 X139.291 Y139.466 E1397.0753
;WIDTH:0.476
G1 X139.494 Y139.263 E1397.0888
;WIDTH:0.408
G1 X139.494 Y110.736 E1398.2380
;WIDTH:0.476
G1 X139.291 Y110.533 E1398.2515
;WIDTH:0.406
G1 X110.708 Y110.533 E1399.3974
;PRINTING_TIME: 1308
;REMAINING_TIME: 863
;LAYER:66
;Z:16.750
;HEIGHT:0.250
;FLOW:100.0
;PRINTING: Flow_Calibration_Cube_0.4_mm.stl
;PRINTING_ID: 0
G1 F2400 E1396.3974
G1 F300 Z16.950
G0 F3900 X110.101 Y110.131
G0 F300 Z16.750
;TYPE:WALL-OUTER
;WIDTH:0.400
G1 F300 Z16.750
G1 F1500 E1399.3974
G1 F1199 X139.898 Y110.131 E1400.6362
G1 X139.898 Y139.869 E1401.8725
G1 X110.101 Y139.869 E1403.1114
G1 X110.101 Y110.131 E1404.3477
G1 F2400 E1401.3477
G1 F300 Z16.950
G0 F3900 X110.908 Y110.936
G1 F300 Z16.750
G1 F1500 E1404.3477
G1 F1199 X110.908 Y139.063 E1405.5171
G1 X139.091 Y139.063 E1406.6888
G1 X139.091 Y110.936 E1407.8582
G1 X110.908 Y110.936 E1409.0299
G0 F3900 X110.708 Y110.533
;TYPE:GAP-FILL
;WIDTH:0.476
;FLOW:95.0
;WIDTH:0.475
G1 F2055 X110.539 Y110.569 E1409.0380
G1 X110.504 Y110.736 E1409.0460
;WIDTH:0.408
G1 X110.504 Y139.263 E1410.1953
;WIDTH:0.476
G1 X110.708 Y139.466 E1410.2088
;WIDTH:0.406
G1 X139.291 Y139.466 E1411.3547
;WIDTH:0.476
G1 X139.494 Y139.263 E1411.3681
;WIDTH:0.408
G1 X139.494 Y110.736 E1412.5174
;WIDTH:0.476
G1 X139.291 Y110.533 E1412.5309
;WIDTH:0.406
G1 X110.708 Y110.533 E1413.6767
;PRINTING_TIME: 1324
;REMAINING_TIME: 847
;LAYER:67
;Z:17.000
;HEIGHT:0.250
;FLOW:100.0
;PRINTING: Flow_Calibration_Cube_0.4_mm.stl
;PRINTING_ID: 0
G1 F2400 E1410.6767
G1 F300 Z17.200
G0 F3900 X110.101 Y110.131
G0 F300 Z17.000
;TYPE:WALL-OUTER
;WIDTH:0.400
G1 F300 Z17.000
G1 F1500 E1413.6767
G1 F1199 X139.898 Y110.131 E1414.9156
G1 X139.898 Y139.869 E1416.1519
G1 X110.101 Y139.869 E1417.3907
G1 X110.101 Y110.131 E1418.6271
G1 F2400 E1415.6271
G1 F300 Z17.200
G0 F3900 X110.908 Y110.936
G1 F300 Z17.000
G1 F1500 E1418.6271
G1 F1199 X110.908 Y139.063 E1419.7965
G1 X139.091 Y139.063 E1420.9682
G1 X139.091 Y110.936 E1422.1376
G1 X110.908 Y110.936 E1423.3093
G0 F3900 X110.708 Y110.533
;TYPE:GAP-FILL
;WIDTH:0.476
;FLOW:95.0
;WIDTH:0.475
G1 F2055 X110.539 Y110.569 E1423.3174
G1 X110.504 Y110.736 E1423.3254
;WIDTH:0.408
G1 X110.504 Y139.263 E1424.4747
;WIDTH:0.476
G1 X110.708 Y139.466 E1424.4882
;WIDTH:0.406
G1 X139.291 Y139.466 E1425.6340
;WIDTH:0.476
G1 X139.494 Y139.263 E1425.6475
;WIDTH:0.408
G1 X139.494 Y110.736 E1426.7968
;WIDTH:0.476
G1 X139.291 Y110.533 E1426.8103
;WIDTH:0.406
G1 X110.708 Y110.533 E1427.9561
;PRINTING_TIME: 1340
;REMAINING_TIME: 831
;LAYER:68
;Z:17.250
;HEIGHT:0.250
;FLOW:100.0
;PRINTING: Flow_Calibration_Cube_0.4_mm.stl
;PRINTING_ID: 0
G1 F2400 E1424.9561
G1 F300 Z17.450
G0 F3900 X110.101 Y110.131
G0 F300 Z17.250
;TYPE:WALL-OUTER
;WIDTH:0.400
G1 F300 Z17.250
G1 F1500 E1427.9561
G1 F1199 X139.898 Y110.131 E1429.1949
G1 X139.898 Y139.869 E1430.4313
G1 X110.101 Y139.869 E1431.6701
G1 X110.101 Y110.131 E1432.9065
G1 F2400 E1429.9065
G1 F300 Z17.450
G0 F3900 X110.908 Y110.936
G1 F300 Z17.250
G1 F1500 E1432.9065
G1 F1199 X110.908 Y139.063 E1434.0759
G1 X139.091 Y139.063 E1435.2476
G1 X139.091 Y110.936 E1436.4170
G1 X110.908 Y110.936 E1437.5887
G0 F3900 X110.708 Y110.533
;TYPE:GAP-FILL
;WIDTH:0.476
;FLOW:95.0
;WIDTH:0.475
G1 F2055 X110.539 Y110.569 E1437.5968
G1 X110.504 Y110.736 E1437.6048
;WIDTH:0.408
G1 X110.504 Y139.263 E1438.7540
;WIDTH:0.476
G1 X110.708 Y139.466 E1438.7676
;WIDTH:0.406
G1 X139.291 Y139.466 E1439.9134
;WIDTH:0.476
G1 X139.494 Y139.263 E1439.9269
;WIDTH:0.408
G1 X139.494 Y110.736 E1441.0762
;WIDTH:0.476
G1 X139.291 Y110.533 E1441.0897
;WIDTH:0.406
G1 X110.708 Y110.533 E1442.2355
;PRINTING_TIME: 1356
;REMAINING_TIME: 815
;LAYER:69
;Z:17.500
;HEIGHT:0.250
;FLOW:100.0
;PRINTING: Flow_Calibration_Cube_0.4_mm.stl
;PRINTING_ID: 0
G1 F2400 E1439.2355
G1 F300 Z17.700
G0 F3900 X110.101 Y110.131
G0 F300 Z17.500
;TYPE:WALL-OUTER
;WIDTH:0.400
G1 F300 Z17.500
G1 F1500 E1442.2355
G1 F1199 X139.898 Y110.131 E1443.4743
G1 X139.898 Y139.869 E1444.7107
G1 X110.101 Y139.869 E1445.9495
G1 X110.101 Y110.131 E1447.1859
G1 F2400 E1444.1859
G1 F300 Z17.700
G0 F3900 X110.908 Y110.936
G1 F300 Z17.500
G1 F1500 E1447.1859
G1 F1199 X110.908 Y139.063 E1448.3553
G1 X139.091 Y139.063 E1449.5270
G1 X139.091 Y110.936 E1450.6964
G1 X110.908 Y110.936 E1451.8681
G0 F3900 X110.708 Y110.533
;TYPE:GAP-FILL
;WIDTH:0.476
;FLOW:95.0
;WIDTH:0.475
G1 F2055 X110.539 Y110.569 E1451.8762
G1 X110.504 Y110.736 E1451.8842
;WIDTH:0.408
G1 X110.504 Y139.263 E1453.0334
;WIDTH:0.476
G1 X110.708 Y139.466 E1453.0470
;WIDTH:0.406
G1 X139.291 Y139.466 E1454.1928
;WIDTH:0.476
G1 X139.494 Y139.263 E1454.2063
;WIDTH:0.408
G1 X139.494 Y110.736 E1455.3556
;WIDTH:0.476
G1 X139.291 Y110.533 E1455.3690
;WIDTH:0.406
G1 X110.708 Y110.533 E1456.5149
;PRINTING_TIME: 1372
;REMAINING_TIME: 799
;LAYER:70
;Z:17.750
;HEIGHT:0.250
;FLOW:100.0
;PRINTING: Flow_Calibration_Cube_0.4_mm.stl
;PRINTING_ID: 0
G1 F2400 E1453.5149
G1 F300 Z17.950
G0 F3900 X110.101 Y110.131
G0 F300 Z17.750
;TYPE:WALL-OUTER
;WIDTH:0.400
G1 F300 Z17.750
G1 F1500 E1456.5149
G1 F1199 X139.898 Y110.131 E1457.7537
G1 X139.898 Y139.869 E1458.9901
G1 X110.101 Y139.869 E1460.2289
G1 X110.101 Y110.131 E1461.4653
G1 F2400 E1458.4653
G1 F300 Z17.950
G0 F3900 X110.908 Y110.936
G1 F300 Z17.750
G1 F1500 E1461.4653
G1 F1199 X110.908 Y139.063 E1462.6346
G1 X139.091 Y139.063 E1463.8064
G1 X139.091 Y110.936 E1464.9757
G1 X110.908 Y110.936 E1466.1475
G0 F3900 X110.708 Y110.533
;TYPE:GAP-FILL
;WIDTH:0.476
;FLOW:95.0
;WIDTH:0.475
G1 F2055 X110.539 Y110.569 E1466.1556
G1 X110.504 Y110.736 E1466.1636
;WIDTH:0.408
G1 X110.504 Y139.263 E1467.3128
;WIDTH:0.476
G1 X110.708 Y139.466 E1467.3263
;WIDTH:0.406
G1 X139.291 Y139.466 E1468.4722
;WIDTH:0.476
G1 X139.494 Y139.263 E1468.4857
;WIDTH:0.408
G1 X139.494 Y110.736 E1469.6349
;WIDTH:0.476
G1 X139.291 Y110.533 E1469.6484
;WIDTH:0.406
G1 X110.708 Y110.533 E1470.7943
;PRINTING_TIME: 1388
;REMAINING_TIME: 783
;LAYER:71
;Z:18.000
;HEIGHT:0.250
;FLOW:100.0
;PRINTING: Flow_Calibration_Cube_0.4_mm.stl
;PRINTING_ID: 0
G1 F2400 E1467.7943
G1 F300 Z18.200
G0 F3900 X110.101 Y110.131
G0 F300 Z18.000
;TYPE:WALL-OUTER
;WIDTH:0.400
G1 F300 Z18.000
G1 F1500 E1470.7943
G1 F1199 X139.898 Y110.131 E1472.0331
G1 X139.898 Y139.869 E1473.2695
G1 X110.101 Y139.869 E1474.5083
G1 X110.101 Y110.131 E1475.7447
G1 F2400 E1472.7447
G1 F300 Z18.200
G0 F3900 X110.908 Y110.936
G1 F300 Z18.000
G1 F1500 E1475.7447
G1 F1199 X110.908 Y139.063 E1476.9140
G1 X139.091 Y139.063 E1478.0857
G1 X139.091 Y110.936 E1479.2551
G1 X110.908 Y110.936 E1480.4268
G0 F3900 X110.708 Y110.533
;TYPE:GAP-FILL
;WIDTH:0.476
;FLOW:95.0
;WIDTH:0.475
G1 F2055 X110.539 Y110.569 E1480.4350
G1 X110.504 Y110.736 E1480.4430
;WIDTH:0.408
G1 X110.504 Y139.263 E1481.5922
;WIDTH:0.476
G1 X110.708 Y139.466 E1481.6057
;WIDTH:0.406
G1 X139.291 Y139.466 E1482.7516
;WIDTH:0.476
G1 X139.494 Y139.263 E1482.7651
;WIDTH:0.408
G1 X139.494 Y110.736 E1483.9143
;WIDTH:0.476
G1 X139.291 Y110.533 E1483.9278
;WIDTH:0.406
G1 X110.708 Y110.533 E1485.0737
;PRINTING_TIME: 1404
;REMAINING_TIME: 767
;LAYER:72
;Z:18.250
;HEIGHT:0.250
;FLOW:100.0
;PRINTING: Flow_Calibration_Cube_0.4_mm.stl
;PRINTING_ID: 0
G1 F2400 E1482.0737
G1 F300 Z18.450
G0 F3900 X110.101 Y110.131
G0 F300 Z18.250
;TYPE:WALL-OUTER
;WIDTH:0.400
G1 F300 Z18.250
G1 F1500 E1485.0737
G1 F1199 X139.898 Y110.131 E1486.3125
G1 X139.898 Y139.869 E1487.5489
G1 X110.101 Y139.869 E1488.7877
G1 X110.101 Y110.131 E1490.0240
G1 F2400 E1487.0240
G1 F300 Z18.450
G0 F3900 X110.908 Y110.936
G1 F300 Z18.250
G1 F1500 E1490.0240
G1 F1199 X110.908 Y139.063 E1491.1934
G1 X139.091 Y139.063 E1492.3651
G1 X139.091 Y110.936 E1493.5345
G1 X110.908 Y110.936 E1494.7062
G0 F3900 X110.708 Y110.533
;TYPE:GAP-FILL
;WIDTH:0.476
;FLOW:95.0
;WIDTH:0.475
G1 F2055 X110.539 Y110.569 E1494.7143
G1 X110.504 Y110.736 E1494.7223
;WIDTH:0.408
G1 X110.504 Y139.263 E1495.8716
;WIDTH:0.476
G1 X110.708 Y139.466 E1495.8851
;WIDTH:0.406
G1 X139.291 Y139.466 E1497.0310
;WIDTH:0.476
G1 X139.494 Y139.263 E1497.0445
;WIDTH:0.408
G1 X139.494 Y110.736 E1498.1937
;WIDTH:0.476
G1 X139.291 Y110.533 E1498.2072
;WIDTH:0.406
G1 X110.708 Y110.533 E1499.3531
;PRINTING_TIME: 1420
;REMAINING_TIME: 751
;LAYER:73
;Z:18.500
;HEIGHT:0.250
;FLOW:100.0
;PRINTING: Flow_Calibration_Cube_0.4_mm.stl
;PRINTING_ID: 0
G1 F2400 E1496.3531
G1 F300 Z18.700
G0 F3900 X110.101 Y110.131
G0 F300 Z18.500
;TYPE:WALL-OUTER
;WIDTH:0.400
G1 F300 Z18.500
G1 F1500 E1499.3531
G1 F1199 X139.898 Y110.131 E1500.5919
G1 X139.898 Y139.869 E1501.8282
G1 X110.101 Y139.869 E1503.0671
G1 X110.101 Y110.131 E1504.3034
G1 F2400 E1501.3034
G1 F300 Z18.700
G0 F3900 X110.908 Y110.936
G1 F300 Z18.500
G1 F1500 E1504.3034
G1 F1199 X110.908 Y139.063 E1505.4728
G1 X139.091 Y139.063 E1506.6445
G1 X139.091 Y110.936 E1507.8139
G1 X110.908 Y110.936 E1508.9856
G0 F3900 X110.708 Y110.533
;TYPE:GAP-FILL
;WIDTH:0.476
;FLOW:95.0
;WIDTH:0.475
G1 F2055 X110.539 Y110.569 E1508.9937
G1 X110.504 Y110.736 E1509.0017
;WIDTH:0.408
G1 X110.504 Y139.263 E1510.1510
;WIDTH:0.476
G1 X110.708 Y139.466 E1510.1645
;WIDTH:0.406
G1 X139.291 Y139.466 E1511.3104
;WIDTH:0.476
G1 X139.494 Y139.263 E1511.3239
;WIDTH:0.408
G1 X139.494 Y110.736 E1512.4731
;WIDTH:0.476
G1 X139.291 Y110.533 E1512.4866
;WIDTH:0.406
G1 X110.708 Y110.533 E1513.6325
;PRINTING_TIME: 1436
;REMAINING_TIME: 735
;LAYER:74
;Z:18.750
;HEIGHT:0.250
;FLOW:100.0
;PRINTING: Flow_Calibration_Cube_0.4_mm.stl
;PRINTING_ID: 0
G1 F2400 E1510.6325
G1 F300 Z18.950
G0 F3900 X110.101 Y110.131
G0 F300 Z18.750
;TYPE:WALL-OUTER
;WIDTH:0.400
G1 F300 Z18.750
G1 F1500 E1513.6325
G1 F1199 X139.898 Y110.131 E1514.8713
G1 X139.898 Y139.869 E1516.1076
G1 X110.101 Y139.869 E1517.3464
G1 X110.101 Y110.131 E1518.5828
G1 F2400 E1515.5828
G1 F300 Z18.950
G0 F3900 X110.908 Y110.936
G1 F300 Z18.750
G1 F1500 E1518.5828
G1 F1199 X110.908 Y139.063 E1519.7522
G1 X139.091 Y139.063 E1520.9239
G1 X139.091 Y110.936 E1522.0933
G1 X110.908 Y110.936 E1523.2650
G0 F3900 X110.708 Y110.533
;TYPE:GAP-FILL
;WIDTH:0.476
;FLOW:95.0
;WIDTH:0.475
G1 F2055 X110.539 Y110.569 E1523.2731
G1 X110.504 Y110.736 E1523.2811
;WIDTH:0.408
G1 X110.504 Y139.263 E1524.4304
;WIDTH:0.476
G1 X110.708 Y139.466 E1524.4439
;WIDTH:0.406
G1 X139.291 Y139.466 E1525.5897
;WIDTH:0.476
G1 X139.494 Y139.263 E1525.6032
;WIDTH:0.408
G1 X139.494 Y110.736 E1526.7525
;WIDTH:0.476
G1 X139.291 Y110.533 E1526.7660
;WIDTH:0.406
G1 X110.708 Y110.533 E1527.9118
;PRINTING_TIME: 1452
;REMAINING_TIME: 719
;LAYER:75
;Z:19.000
;HEIGHT:0.250
;FLOW:100.0
;PRINTING: Flow_Calibration_Cube_0.4_mm.stl
;PRINTING_ID: 0
G1 F2400 E1524.9118
G1 F300 Z19.200
G0 F3900 X110.101 Y110.131
G0 F300 Z19.000
;TYPE:WALL-OUTER
;WIDTH:0.400
G1 F300 Z19.000
G1 F1500 E1527.9118
G1 F1199 X139.898 Y110.131 E1529.1507
G1 X139.898 Y139.869 E1530.3870
G1 X110.101 Y139.869 E1531.6258
G1 X110.101 Y110.131 E1532.8622
G1 F2400 E1529.8622
G1 F300 Z19.200
G0 F3900 X110.908 Y110.936
G1 F300 Z19.000
G1 F1500 E1532.8622
G1 F1199 X110.908 Y139.063 E1534.0316
G1 X139.091 Y139.063 E1535.2033
G1 X139.091 Y110.936 E1536.3727
G1 X110.908 Y110.936 E1537.5444
G0 F3900 X110.708 Y110.533
;TYPE:GAP-FILL
;WIDTH:0.476
;FLOW:95.0
;WIDTH:0.475
G1 F2055 X110.539 Y110.569 E1537.5525
G1 X110.504 Y110.736 E1537.5605
;WIDTH:0.408
G1 X110.504 Y139.263 E1538.7098
;WIDTH:0.476
G1 X110.708 Y139.466 E1538.7233
;WIDTH:0.406
G1 X139.291 Y139.466 E1539.8691
;WIDTH:0.476
G1 X139.494 Y139.263 E1539.8826
;WIDTH:0.408
G1 X139.494 Y110.736 E1541.0319
;WIDTH:0.476
G1 X139.291 Y110.533 E1541.0454
;WIDTH:0.406
G1 X110.708 Y110.533 E1542.1912
;PRINTING_TIME: 1468
;REMAINING_TIME: 703
;LAYER:76
;Z:19.250
;HEIGHT:0.250
;FLOW:100.0
;PRINTING: Flow_Calibration_Cube_0.4_mm.stl
;PRINTING_ID: 0
G1 F2400 E1539.1912
G1 F300 Z19.450
G0 F3900 X110.101 Y110.131
G0 F300 Z19.250
;TYPE:WALL-OUTER
;WIDTH:0.400
G1 F300 Z19.250
G1 F1500 E1542.1912
G1 F1199 X139.898 Y110.131 E1543.4300
G1 X139.898 Y139.869 E1544.6664
G1 X110.101 Y139.869 E1545.9052
G1 X110.101 Y110.131 E1547.1416
G1 F2400 E1544.1416
G1 F300 Z19.450
G0 F3900 X110.908 Y110.936
G1 F300 Z19.250
G1 F1500 E1547.1416
G1 F1199 X110.908 Y139.063 E1548.3110
G1 X139.091 Y139.063 E1549.4827
G1 X139.091 Y110.936 E1550.6521
G1 X110.908 Y110.936 E1551.8238
G0 F3900 X110.708 Y110.533
;TYPE:GAP-FILL
;WIDTH:0.476
;FLOW:95.0
;WIDTH:0.475
G1 F2055 X110.539 Y110.569 E1551.8319
G1 X110.504 Y110.736 E1551.8399
;WIDTH:0.408
G1 X110.504 Y139.263 E1552.9891
;WIDTH:0.476
G1 X110.708 Y139.466 E1553.0027
;WIDTH:0.406
G1 X139.291 Y139.466 E1554.1485
;WIDTH:0.476
G1 X139.494 Y139.263 E1554.1620
;WIDTH:0.408
G1 X139.494 Y110.736 E1555.3113
;WIDTH:0.476
G1 X139.291 Y110.533 E1555.3248
;WIDTH:0.406
G1 X110.708 Y110.533 E1556.4706
;PRINTING_TIME: 1484
;REMAINING_TIME: 687
;LAYER:77
;Z:19.500
;HEIGHT:0.250
;FLOW:100.0
;PRINTING: Flow_Calibration_Cube_0.4_mm.stl
;PRINTING_ID: 0
G1 F2400 E1553.4706
G1 F300 Z19.700
G0 F3900 X110.101 Y110.131
G0 F300 Z19.500
;TYPE:WALL-OUTER
;WIDTH:0.400
G1 F300 Z19.500
G1 F1500 E1556.4706
G1 F1199 X139.898 Y110.131 E1557.7094
G1 X139.898 Y139.869 E1558.9458
G1 X110.101 Y139.869 E1560.1846
G1 X110.101 Y110.131 E1561.4210
G1 F2400 E1558.4210
G1 F300 Z19.700
G0 F3900 X110.908 Y110.936
G1 F300 Z19.500
G1 F1500 E1561.4210
G1 F1199 X110.908 Y139.063 E1562.5904
G1 X139.091 Y139.063 E1563.7621
G1 X139.091 Y110.936 E1564.9315
G1 X110.908 Y110.936 E1566.1032
G0 F3900 X110.708 Y110.533
;TYPE:GAP-FILL
;WIDTH:0.476
;FLOW:95.0
;WIDTH:0.475
G1 F2055 X110.539 Y110.569 E1566.1113
G1 X110.504 Y110.736 E1566.1193
;WIDTH:0.408
G1 X110.504 Y139.263 E1567.2685
;WIDTH:0.476
G1 X110.708 Y139.466 E1567.2821
;WIDTH:0.406
G1 X139.291 Y139.466 E1568.4279
;WIDTH:0.476
G1 X139.494 Y139.263 E1568.4414
;WIDTH:0.408
G1 X139.494 Y110.736 E1569.5907
;WIDTH:0.476
G1 X139.291 Y110.533 E1569.6041
;WIDTH:0.406
G1 X110.708 Y110.533 E1570.7500
;PRINTING_TIME: 1500
;REMAINING_TIME: 671
;LAYER:78
;Z:19.750
;HEIGHT:0.250
;FLOW:100.0
;PRINTING: Flow_Calibration_Cube_0.4_mm.stl
;PRINTING_ID: 0
G1 F2400 E1567.7500
G1 F300 Z19.950
G0 F3900 X110.101 Y110.131
G0 F300 Z19.750
;TYPE:WALL-OUTER
;WIDTH:0.400
G1 F300 Z19.750
G1 F1500 E1570.7500
G1 F1199 X139.898 Y110.131 E1571.9888
G1 X139.898 Y139.869 E1573.2252
G1 X110.101 Y139.869 E1574.4640
G1 X110.101 Y110.131 E1575.7004
G1 F2400 E1572.7004
G1 F300 Z19.950
G0 F3900 X110.908 Y110.936
G1 F300 Z19.750
G1 F1500 E1575.7004
G1 F1199 X110.908 Y139.063 E1576.8697
G1 X139.091 Y139.063 E1578.0415
G1 X139.091 Y110.936 E1579.2108
G1 X110.908 Y110.936 E1580.3826
G0 F3900 X110.708 Y110.533
;TYPE:GAP-FILL
;WIDTH:0.476
;FLOW:95.0
;WIDTH:0.475
G1 F2055 X110.539 Y110.569 E1580.3907
G1 X110.504 Y110.736 E1580.3987
;WIDTH:0.408
G1 X110.504 Y139.263 E1581.5479
;WIDTH:0.476
G1 X110.708 Y139.466 E1581.5614
;WIDTH:0.406
G1 X139.291 Y139.466 E1582.7073
;WIDTH:0.476
G1 X139.494 Y139.263 E1582.7208
;WIDTH:0.408
G1 X139.494 Y110.736 E1583.8700
;WIDTH:0.476
G1 X139.291 Y110.533 E1583.8835
;WIDTH:0.406
G1 X110.708 Y110.533 E1585.0294
;PRINTING_TIME: 1516
;REMAINING_TIME: 655
;LAYER:79
;Z:20.000
;HEIGHT:0.250
;FLOW:100.0
;PRINTING: Flow_Calibration_Cube_0.4_mm.stl
;PRINTING_ID: 0
G1 F2400 E1582.0294
G1 F300 Z20.200
G0 F3900 X110.101 Y110.131
G0 F300 Z20.000
;TYPE:WALL-OUTER
;WIDTH:0.400
G1 F300 Z20.000
G1 F1500 E1585.0294
G1 F1199 X139.898 Y110.131 E1586.2682
G1 X139.898 Y139.869 E1587.5046
G1 X110.101 Y139.869 E1588.7434
G1 X110.101 Y110.131 E1589.9797
G1 F2400 E1586.9797
G1 F300 Z20.200
G0 F3900 X110.908 Y110.936
G1 F300 Z20.000
G1 F1500 E1589.9797
G1 F1199 X110.908 Y139.063 E1591.1491
G1 X139.091 Y139.063 E1592.3208
G1 X139.091 Y110.936 E1593.4902
G1 X110.908 Y110.936 E1594.6619
G0 F3900 X110.708 Y110.533
;TYPE:GAP-FILL
;WIDTH:0.476
;FLOW:95.0
;WIDTH:0.475
G1 F2055 X110.539 Y110.569 E1594.6700
G1 X110.504 Y110.736 E1594.6781
;WIDTH:0.408
G1 X110.504 Y139.263 E1595.8273
;WIDTH:0.476
G1 X110.708 Y139.466 E1595.8408
;WIDTH:0.406
G1 X139.291 Y139.466 E1596.9867
;WIDTH:0.476
G1 X139.494 Y139.263 E1597.0002
;WIDTH:0.408
G1 X139.494 Y110.736 E1598.1494
;WIDTH:0.476
G1 X139.291 Y110.533 E1598.1629
;WIDTH:0.406
G1 X110.708 Y110.533 E1599.3088
;PRINTING_TIME: 1532
;REMAINING_TIME: 639
;LAYER:80
;Z:20.250
;HEIGHT:0.250
;FLOW:100.0
;PRINTING: Flow_Calibration_Cube_0.4_mm.stl
;PRINTING_ID: 0
G1 F2400 E1596.3088
G1 F300 Z20.450
G0 F3900 X110.101 Y110.131
G0 F300 Z20.250
;TYPE:WALL-OUTER
;WIDTH:0.400
G1 F300 Z20.250
G1 F1500 E1599.3088
G1 F1199 X139.898 Y110.131 E1600.5476
G1 X139.898 Y139.869 E1601.7840
G1 X110.101 Y139.869 E1603.0228
G1 X110.101 Y110.131 E1604.2591
G1 F2400 E1601.2591
G1 F300 Z20.450
G0 F3900 X110.908 Y110.936
G1 F300 Z20.250
G1 F1500 E1604.2591
G1 F1199 X110.908 Y139.063 E1605.4285
G1 X139.091 Y139.063 E1606.6002
G1 X139.091 Y110.936 E1607.7696
G1 X110.908 Y110.936 E1608.9413
G0 F3900 X110.708 Y110.533
;TYPE:GAP-FILL
;WIDTH:0.476
;FLOW:95.0
;WIDTH:0.475
G1 F2055 X110.539 Y110.569 E1608.9494
G1 X110.504 Y110.736 E1608.9574
;WIDTH:0.408
G1 X110.504 Y139.263 E1610.1067
;WIDTH:0.476
G1 X110.708 Y139.466 E1610.1202
;WIDTH:0.406
G1 X139.291 Y139.466 E1611.2661
;WIDTH:0.476
G1 X139.494 Y139.263 E1611.2796
;WIDTH:0.408
G1 X139.494 Y110.736 E1612.4288
;WIDTH:0.476
G1 X139.291 Y110.533 E1612.4423
;WIDTH:0.406
G1 X110.708 Y110.533 E1613.5882
;PRINTING_TIME: 1548
;REMAINING_TIME: 623
;LAYER:81
;Z:20.500
;HEIGHT:0.250
;FLOW:100.0
;PRINTING: Flow_Calibration_Cube_0.4_mm.stl
;PRINTING_ID: 0
G1 F2400 E1610.5882
G1 F300 Z20.700
G0 F3900 X110.101 Y110.131
G0 F300 Z20.500
;TYPE:WALL-OUTER
;WIDTH:0.400
G1 F300 Z20.500
G1 F1500 E1613.5882
G1 F1199 X139.898 Y110.131 E1614.8270
G1 X139.898 Y139.869 E1616.0633
G1 X110.101 Y139.869 E1617.3022
G1 X110.101 Y110.131 E1618.5385
G1 F2400 E1615.5385
G1 F300 Z20.700
G0 F3900 X110.908 Y110.936
G1 F300 Z20.500
G1 F1500 E1618.5385
G1 F1199 X110.908 Y139.063 E1619.7079
G1 X139.091 Y139.063 E1620.8796
G1 X139.091 Y110.936 E1622.0490
G1 X110.908 Y110.936 E1623.2207
G0 F3900 X110.708 Y110.533
;TYPE:GAP-FILL
;WIDTH:0.476
;FLOW:95.0
;WIDTH:0.475
G1 F2055 X110.539 Y110.569 E1623.2288
G1 X110.504 Y110.736 E1623.2368
;WIDTH:0.408
G1 X110.504 Y139.263 E1624.3861
;WIDTH:0.476
G1 X110.708 Y139.466 E1624.3996
;WIDTH:0.406
G1 X139.291 Y139.466 E1625.5455
;WIDTH:0.476
G1 X139.494 Y139.263 E1625.5590
;WIDTH:0.408
G1 X139.494 Y110.736 E1626.7082
;WIDTH:0.476
G1 X139.291 Y110.533 E1626.7217
;WIDTH:0.406
G1 X110.708 Y110.533 E1627.8676
;PRINTING_TIME: 1564
;REMAINING_TIME: 607
;LAYER:82
;Z:20.750
;HEIGHT:0.250
;FLOW:100.0
;PRINTING: Flow_Calibration_Cube_0.4_mm.stl
;PRINTING_ID: 0
G1 F2400 E1624.8676
G1 F300 Z20.950
G0 F3900 X110.101 Y110.131
G0 F300 Z20.750
;TYPE:WALL-OUTER
;WIDTH:0.400
G1 F300 Z20.750
G1 F1500 E1627.8676
G1 F1199 X139.898 Y110.131 E1629.1064
G1 X139.898 Y139.869 E1630.3427
G1 X110.101 Y139.869 E1631.5815
G1 X110.101 Y110.131 E1632.8179
G1 F2400 E1629.8179
G1 F300 Z20.950
G0 F3900 X110.908 Y110.936
G1 F300 Z20.750
G1 F1500 E1632.8179
G1 F1199 X110.908 Y139.063 E1633.9873
G1 X139.091 Y139.063 E1635.1590
G1 X139.091 Y110.936 E1636.3284
G1 X110.908 Y110.936 E1637.5001
G0 F3900 X110.708 Y110.533
;TYPE:GAP-FILL
;WIDTH:0.476
;FLOW:95.0
;WIDTH:0.475
G1 F2055 X110.539 Y110.569 E1637.5082
G1 X110.504 Y110.736 E1637.5162
;WIDTH:0.408
G1 X110.504 Y139.263 E1638.6655
;WIDTH:0.476
G1 X110.708 Y139.466 E1638.6790
;WIDTH:0.406
G1 X139.291 Y139.466 E1639.8248
;WIDTH:0.476
G1 X139.494 Y139.263 E1639.8383
;WIDTH:0.408
G1 X139.494 Y110.736 E1640.9876
;WIDTH:0.476
G1 X139.291 Y110.533 E1641.0011
;WIDTH:0.406
G1 X110.708 Y110.533 E1642.1469
;PRINTING_TIME: 1580
;REMAINING_TIME: 591
;LAYER:83
;Z:21.000
;HEIGHT:0.250
;FLOW:100.0
;PRINTING: Flow_Calibration_Cube_0.4_mm.stl
;PRINTING_ID: 0
G1 F2400 E1639.1469
G1 F300 Z21.200
G0 F3900 X110.101 Y110.131
G0 F300 Z21.000
;TYPE:WALL-OUTER
;WIDTH:0.400
G1 F300 Z21.000
G1 F1500 E1642.1469
G1 F1199 X139.898 Y110.131 E1643.3858
G1 X139.898 Y139.869 E1644.6221
G1 X110.101 Y139.869 E1645.8609
G1 X110.101 Y110.131 E1647.0973
G1 F2400 E1644.0973
G1 F300 Z21.200
G0 F3900 X110.908 Y110.936
G1 F300 Z21.000
G1 F1500 E1647.0973
G1 F1199 X110.908 Y139.063 E1648.2667
G1 X139.091 Y139.063 E1649.4384
G1 X139.091 Y110.936 E1650.6078
G1 X110.908 Y110.936 E1651.7795
G0 F3900 X110.708 Y110.533
;TYPE:GAP-FILL
;WIDTH:0.476
;FLOW:95.0
;WIDTH:0.475
G1 F2055 X110.539 Y110.569 E1651.7876
G1 X110.504 Y110.736 E1651.7956
;WIDTH:0.408
G1 X110.504 Y139.263 E1652.9448
;WIDTH:0.476
G1 X110.708 Y139.466 E1652.9584
;WIDTH:0.406
G1 X139.291 Y139.466 E1654.1042
;WIDTH:0.476
G1 X139.494 Y139.263 E1654.1177
;WIDTH:0.408
G1 X139.494 Y110.736 E1655.2670
;WIDTH:0.476
G1 X139.291 Y110.533 E1655.2805
;WIDTH:0.406
G1 X110.708 Y110.533 E1656.4263
;PRINTING_TIME: 1596
;REMAINING_TIME: 575
;LAYER:84
;Z:21.250
;HEIGHT:0.250
;FLOW:100.0
;PRINTING: Flow_Calibration_Cube_0.4_mm.stl
;PRINTING_ID: 0
G1 F2400 E1653.4263
G1 F300 Z21.450
G0 F3900 X110.101 Y110.131
G0 F300 Z21.250
;TYPE:WALL-OUTER
;WIDTH:0.400
G1 F300 Z21.250
G1 F1500 E1656.4263
G1 F1199 X139.898 Y110.131 E1657.6651
G1 X139.898 Y139.869 E1658.9015
G1 X110.101 Y139.869 E1660.1403
G1 X110.101 Y110.131 E1661.3767
G1 F2400 E1658.3767
G1 F300 Z21.450
G0 F3900 X110.908 Y110.936
G1 F300 Z21.250
G1 F1500 E1661.3767
G1 F1199 X110.908 Y139.063 E1662.5461
G1 X139.091 Y139.063 E1663.7178
G1 X139.091 Y110.936 E1664.8872
G1 X110.908 Y110.936 E1666.0589
G0 F3900 X110.708 Y110.533
;TYPE:GAP-FILL
;WIDTH:0.476
;FLOW:95.0
;WIDTH:0.475
G1 F2055 X110.539 Y110.569 E1666.0670
G1 X110.504 Y110.736 E1666.0750
;WIDTH:0.408
G1 X110.504 Y139.263 E1667.2242
;WIDTH:0.476
G1 X110.708 Y139.466 E1667.2378
;WIDTH:0.406
G1 X139.291 Y139.466 E1668.3836
;WIDTH:0.476
G1 X139.494 Y139.263 E1668.3971
;WIDTH:0.408
G1 X139.494 Y110.736 E1669.5464
;WIDTH:0.476
G1 X139.291 Y110.533 E1669.5599
;WIDTH:0.406
G1 X110.708 Y110.533 E1670.7057
;PRINTING_TIME: 1612
;REMAINING_TIME: 559
;LAYER:85
;Z:21.500
;HEIGHT:0.250
;FLOW:100.0
;PRINTING: Flow_Calibration_Cube_0.4_mm.stl
;PRINTING_ID: 0
G1 F2400 E1667.7057
G1 F300 Z21.700
G0 F3900 X110.101 Y110.131
G0 F300 Z21.500
;TYPE:WALL-OUTER
;WIDTH:0.400
G1 F300 Z21.500
G1 F1500 E1670.7057
G1 F1199 X139.898 Y110.131 E1671.9445
G1 X139.898 Y139.869 E1673.1809
G1 X110.101 Y139.869 E1674.4197
G1 X110.101 Y110.131 E1675.6561
G1 F2400 E1672.6561
G1 F300 Z21.700
G0 F3900 X110.908 Y110.936
G1 F300 Z21.500
G1 F1500 E1675.6561
G1 F1199 X110.908 Y139.063 E1676.8255
G1 X139.091 Y139.063 E1677.9972
G1 X139.091 Y110.936 E1679.1666
G1 X110.908 Y110.936 E1680.3383
G0 F3900 X110.708 Y110.533
;TYPE:GAP-FILL
;WIDTH:0.476
;FLOW:95.0
;WIDTH:0.475
G1 F2055 X110.539 Y110.569 E1680.3464
G1 X110.504 Y110.736 E1680.3544
;WIDTH:0.408
G1 X110.504 Y139.263 E1681.5036
;WIDTH:0.476
G1 X110.708 Y139.466 E1681.5171
;WIDTH:0.406
G1 X139.291 Y139.466 E1682.6630
;WIDTH:0.476
G1 X139.494 Y139.263 E1682.6765
;WIDTH:0.408
G1 X139.494 Y110.736 E1683.8258
;WIDTH:0.476
G1 X139.291 Y110.533 E1683.8392
;WIDTH:0.406
G1 X110.708 Y110.533 E1684.9851
;PRINTING_TIME: 1628
;REMAINING_TIME: 543
;LAYER:86
;Z:21.750
;HEIGHT:0.250
;FLOW:100.0
;PRINTING: Flow_Calibration_Cube_0.4_mm.stl
;PRINTING_ID: 0
G1 F2400 E1681.9851
G1 F300 Z21.950
G0 F3900 X110.101 Y110.131
G0 F300 Z21.750
;TYPE:WALL-OUTER
;WIDTH:0.400
G1 F300 Z21.750
G1 F1500 E1684.9851
G1 F1199 X139.898 Y110.131 E1686.2239
G1 X139.898 Y139.869 E1687.4603
G1 X110.101 Y139.869 E1688.6991
G1 X110.101 Y110.131 E1689.9355
G1 F2400 E1686.9355
G1 F300 Z21.950
G0 F3900 X110.908 Y110.936
G1 F300 Z21.750
G1 F1500 E1689.9355
G1 F1199 X110.908 Y139.063 E1691.1048
G1 X139.091 Y139.063 E1692.2766
G1 X139.091 Y110.936 E1693.4459
G1 X110.908 Y110.936 E1694.6177
G0 F3900 X110.708 Y110.533
;TYPE:GAP-FILL
;WIDTH:0.476
;FLOW:95.0
;WIDTH:0.475
G1 F2055 X110.539 Y110.569 E1694.6258
G1 X110.504 Y110.736 E1694.6338
;WIDTH:0.408
G1 X110.504 Y139.263 E1695.7830
;WIDTH:0.476
G1 X110.708 Y139.466 E1695.7965
;WIDTH:0.406
G1 X139.291 Y139.466 E1696.9424
;WIDTH:0.476
G1 X139.494 Y139.263 E1696.9559
;WIDTH:0.408
G1 X139.494 Y110.736 E1698.1051
;WIDTH:0.476
G1 X139.291 Y110.533 E1698.1186
;WIDTH:0.406
G1 X110.708 Y110.533 E1699.2645
;PRINTING_TIME: 1644
;REMAINING_TIME: 527
;LAYER:87
;Z:22.000
;HEIGHT:0.250
;FLOW:100.0
;PRINTING: Flow_Calibration_Cube_0.4_mm.stl
;PRINTING_ID: 0
G1 F2400 E1696.2645
G1 F300 Z22.200
G0 F3900 X110.101 Y110.131
G0 F300 Z22.000
;TYPE:WALL-OUTER
;WIDTH:0.400
G1 F300 Z22.000
G1 F1500 E1699.2645
G1 F1199 X139.898 Y110.131 E1700.5033
G1 X139.898 Y139.869 E1701.7397
G1 X110.101 Y139.869 E1702.9785
G1 X110.101 Y110.131 E1704.2148
G1 F2400 E1701.2148
G1 F300 Z22.200
G0 F3900 X110.908 Y110.936
G1 F300 Z22.000
G1 F1500 E1704.2148
G1 F1199 X110.908 Y139.063 E1705.3842
G1 X139.091 Y139.063 E1706.5559
G1 X139.091 Y110.936 E1707.7253
G1 X110.908 Y110.936 E1708.8970
G0 F3900 X110.708 Y110.533
;TYPE:GAP-FILL
;WIDTH:0.476
;FLOW:95.0
;WIDTH:0.475
G1 F2055 X110.539 Y110.569 E1708.9051
G1 X110.504 Y110.736 E1708.9131
;WIDTH:0.408
G1 X110.504 Y139.263 E1710.0624
;WIDTH:0.476
G1 X110.708 Y139.466 E1710.0759
;WIDTH:0.406
G1 X139.291 Y139.466 E1711.2218
;WIDTH:0.476
G1 X139.494 Y139.263 E1711.2353
;WIDTH:0.408
G1 X139.494 Y110.736 E1712.3845
;WIDTH:0.476
G1 X139.291 Y110.533 E1712.3980
;WIDTH:0.406
G1 X110.708 Y110.533 E1713.5439
;PRINTING_TIME: 1660
;REMAINING_TIME: 511
;LAYER:88
;Z:22.250
;HEIGHT:0.250
;FLOW:100.0
;PRINTING: Flow_Calibration_Cube_0.4_mm.stl
;PRINTING_ID: 0
G1 F2400 E1710.5439
G1 F300 Z22.450
G0 F3900 X110.101 Y110.131
G0 F300 Z22.250
;TYPE:WALL-OUTER
;WIDTH:0.400
G1 F300 Z22.250
G1 F1500 E1713.5439
G1 F1199 X139.898 Y110.131 E1714.7827
G1 X139.898 Y139.869 E1716.0191
G1 X110.101 Y139.869 E1717.2579
G1 X110.101 Y110.131 E1718.4942
G1 F2400 E1715.4942
G1 F300 Z22.450
G0 F3900 X110.908 Y110.936
G1 F300 Z22.250
G1 F1500 E1718.4942
G1 F1199 X110.908 Y139.063 E1719.6636
G1 X139.091 Y139.063 E1720.8353
G1 X139.091 Y110.936 E1722.0047
G1 X110.908 Y110.936 E1723.1764
G0 F3900 X110.708 Y110.533
;TYPE:GAP-FILL
;WIDTH:0.476
;FLOW:95.0
;WIDTH:0.475
G1 F2055 X110.539 Y110.569 E1723.1845
G1 X110.504 Y110.736 E1723.1925
;WIDTH:0.408
G1 X110.504 Y139.263 E1724.3418
;WIDTH:0.476
G1 X110.708 Y139.466 E1724.3553
;WIDTH:0.406
G1 X139.291 Y139.466 E1725.5012
;WIDTH:0.476
G1 X139.494 Y139.263 E1725.5147
;WIDTH:0.408
G1 X139.494 Y110.736 E1726.6639
;WIDTH:0.476
G1 X139.291 Y110.533 E1726.6774
;WIDTH:0.406
G1 X110.708 Y110.533 E1727.8233
;PRINTING_TIME: 1676
;REMAINING_TIME: 495
;LAYER:89
;Z:22.500
;HEIGHT:0.250
;FLOW:100.0
;PRINTING: Flow_Calibration_Cube_0.4_mm.stl
;PRINTING_ID: 0
G1 F2400 E1724.8233
G1 F300 Z22.700
G0 F3900 X110.101 Y110.131
G0 F300 Z22.500
;TYPE:WALL-OUTER
;WIDTH:0.400
G1 F300 Z22.500
G1 F1500 E1727.8233
G1 F1199 X139.898 Y110.131 E1729.0621
G1 X139.898 Y139.869 E1730.2984
G1 X110.101 Y139.869 E1731.5373
G1 X110.101 Y110.131 E1732.7736
G1 F2400 E1729.7736
G1 F300 Z22.700
G0 F3900 X110.908 Y110.936
G1 F300 Z22.500
G1 F1500 E1732.7736
G1 F1199 X110.908 Y139.063 E1733.9430
G1 X139.091 Y139.063 E1735.1147
G1 X139.091 Y110.936 E1736.2841
G1 X110.908 Y110.936 E1737.4558
G0 F3900 X110.708 Y110.533
;TYPE:GAP-FILL
;WIDTH:0.476
;FLOW:95.0
;WIDTH:0.475
G1 F2055 X110.539 Y110.569 E1737.4639
G1 X110.504 Y110.736 E1737.4719
;WIDTH:0.408
G1 X110.504 Y139.263 E1738.6212
;WIDTH:0.476
G1 X110.708 Y139.466 E1738.6347
;WIDTH:0.406
G1 X139.291 Y139.466 E1739.7806
;WIDTH:0.476
G1 X139.494 Y139.263 E1739.7941
;WIDTH:0.408
G1 X139.494 Y110.736 E1740.9433
;WIDTH:0.476
G1 X139.291 Y110.533 E1740.9568
;WIDTH:0.406
G1 X110.708 Y110.533 E1742.1027
;PRINTING_TIME: 1692
;REMAINING_TIME: 479
;LAYER:90
;Z:22.750
;HEIGHT:0.250
;FLOW:100.0
;PRINTING: Flow_Calibration_Cube_0.4_mm.stl
;PRINTING_ID: 0
G1 F2400 E1739.1027
G1 F300 Z22.950
G0 F3900 X110.101 Y110.131
G0 F300 Z22.750
;TYPE:WALL-OUTER
;WIDTH:0.400
G1 F300 Z22.750
G1 F1500 E1742.1027
G1 F1199 X139.898 Y110.131 E1743.3415
G1 X139.898 Y139.869 E1744.5778
G1 X110.101 Y139.869 E1745.8166
G1 X110.101 Y110.131 E1747.0530
G1 F2400 E1744.0530
G1 F300 Z22.950
G0 F3900 X110.908 Y110.936
G1 F300 Z22.750
G1 F1500 E1747.0530
G1 F1199 X110.908 Y139.063 E1748.2224
G1 X139.091 Y139.063 E1749.3941
G1 X139.091 Y110.936 E1750.5635
G1 X110.908 Y110.936 E1751.7352
G0 F3900 X110.708 Y110.533
;TYPE:GAP-FILL
;WIDTH:0.476
;FLOW:95.0
;WIDTH:0.475
G1 F2055 X110.539 Y110.569 E1751.7433
G1 X110.504 Y110.736 E1751.7513
;WIDTH:0.408
G1 X110.504 Y139.263 E1752.9006
;WIDTH:0.476
G1 X110.708 Y139.466 E1752.9141
;WIDTH:0.406
G1 X139.291 Y139.466 E1754.0599
;WIDTH:0.476
G1 X139.494 Y139.263 E1754.0734
;WIDTH:0.408
G1 X139.494 Y110.736 E1755.2227
;WIDTH:0.476
G1 X139.291 Y110.533 E1755.2362
;WIDTH:0.406
G1 X110.708 Y110.533 E1756.3820
;PRINTING_TIME: 1708
;REMAINING_TIME: 463
;LAYER:91
;Z:23.000
;HEIGHT:0.250
;FLOW:100.0
;PRINTING: Flow_Calibration_Cube_0.4_mm.stl
;PRINTING_ID: 0
G1 F2400 E1753.3820
G1 F300 Z23.200
G0 F3900 X110.101 Y110.131
G0 F300 Z23.000
;TYPE:WALL-OUTER
;WIDTH:0.400
G1 F300 Z23.000
G1 F1500 E1756.3820
G1 F1199 X139.898 Y110.131 E1757.6209
G1 X139.898 Y139.869 E1758.8572
G1 X110.101 Y139.869 E1760.0960
G1 X110.101 Y110.131 E1761.3324
G1 F2400 E1758.3324
G1 F300 Z23.200
G0 F3900 X110.908 Y110.936
G1 F300 Z23.000
G1 F1500 E1761.3324
G1 F1199 X110.908 Y139.063 E1762.5018
G1 X139.091 Y139.063 E1763.6735
G1 X139.091 Y110.936 E1764.8429
G1 X110.908 Y110.936 E1766.0146
G0 F3900 X110.708 Y110.533
;TYPE:GAP-FILL
;WIDTH:0.476
;FLOW:95.0
;WIDTH:0.475
G1 F2055 X110.539 Y110.569 E1766.0227
G1 X110.504 Y110.736 E1766.0307
;WIDTH:0.408
G1 X110.504 Y139.263 E1767.1799
;WIDTH:0.476
G1 X110.708 Y139.466 E1767.1935
;WIDTH:0.406
G1 X139.291 Y139.466 E1768.3393
;WIDTH:0.476
G1 X139.494 Y139.263 E1768.3528
;WIDTH:0.408
G1 X139.494 Y110.736 E1769.5021
;WIDTH:0.476
G1 X139.291 Y110.533 E1769.5156
;WIDTH:0.406
G1 X110.708 Y110.533 E1770.6614
;PRINTING_TIME: 1724
;REMAINING_TIME: 447
;LAYER:92
;Z:23.250
;HEIGHT:0.250
;FLOW:100.0
;PRINTING: Flow_Calibration_Cube_0.4_mm.stl
;PRINTING_ID: 0
G1 F2400 E1767.6614
G1 F300 Z23.450
G0 F3900 X110.101 Y110.131
G0 F300 Z23.250
;TYPE:WALL-OUTER
;WIDTH:0.400
G1 F300 Z23.250
G1 F1500 E1770.6614
G1 F1199 X139.898 Y110.131 E1771.9002
G1 X139.898 Y139.869 E1773.1366
G1 X110.101 Y139.869 E1774.3754
G1 X110.101 Y110.131 E1775.6118
G1 F2400 E1772.6118
G1 F300 Z23.450
G0 F3900 X110.908 Y110.936
G1 F300 Z23.250
G1 F1500 E1775.6118
G1 F1199 X110.908 Y139.063 E1776.7812
G1 X139.091 Y139.063 E1777.9529
G1 X139.091 Y110.936 E1779.1223
G1 X110.908 Y110.936 E1780.2940
G0 F3900 X110.708 Y110.533
;TYPE:GAP-FILL
;WIDTH:0.476
;FLOW:95.0
;WIDTH:0.475
G1 F2055 X110.539 Y110.569 E1780.3021
G1 X110.504 Y110.736 E1780.3101
;WIDTH:0.408
G1 X110.504 Y139.263 E1781.4593
;WIDTH:0.476
G1 X110.708 Y139.466 E1781.4729
;WIDTH:0.406
G1 X139.291 Y139.466 E1782.6187
;WIDTH:0.476
G1 X139.494 Y139.263 E1782.6322
;WIDTH:0.408
G1 X139.494 Y110.736 E1783.7815
;WIDTH:0.476
G1 X139.291 Y110.533 E1783.7950
;WIDTH:0.406
G1 X110.708 Y110.533 E1784.9408
;PRINTING_TIME: 1740
;REMAINING_TIME: 431
;LAYER:93
;Z:23.500
;HEIGHT:0.250
;FLOW:100.0
;PRINTING: Flow_Calibration_Cube_0.4_mm.stl
;PRINTING_ID: 0
G1 F2400 E1781.9408
G1 F300 Z23.700
G0 F3900 X110.101 Y110.131
G0 F300 Z23.500
;TYPE:WALL-OUTER
;WIDTH:0.400
G1 F300 Z23.500
G1 F1500 E1784.9408
G1 F1199 X139.898 Y110.131 E1786.1796
G1 X139.898 Y139.869 E1787.4160
G1 X110.101 Y139.869 E1788.6548
G1 X110.101 Y110.131 E1789.8912
G1 F2400 E1786.8912
G1 F300 Z23.700
G0 F3900 X110.908 Y110.936
G1 F300 Z23.500
G1 F1500 E1789.8912
G1 F1199 X110.908 Y139.063 E1791.0606
G1 X139.091 Y139.063 E1792.2323
G1 X139.091 Y110.936 E1793.4017
G1 X110.908 Y110.936 E1794.5734
G0 F3900 X110.708 Y110.533
;TYPE:GAP-FILL
;WIDTH:0.476
;FLOW:95.0
;WIDTH:0.475
G1 F2055 X110.539 Y110.569 E1794.5815
G1 X110.504 Y110.736 E1794.5895
;WIDTH:0.408
G1 X110.504 Y139.263 E1795.7387
;WIDTH:0.476
G1 X110.708 Y139.466 E1795.7522
;WIDTH:0.406
G1 X139.291 Y139.466 E1796.8981
;WIDTH:0.476
G1 X139.494 Y139.263 E1796.9116
;WIDTH:0.408
G1 X139.494 Y110.736 E1798.0608
;WIDTH:0.476
G1 X139.291 Y110.533 E1798.0743
;WIDTH:0.406
G1 X110.708 Y110.533 E1799.2202
;PRINTING_TIME: 1756
;REMAINING_TIME: 415
;LAYER:94
;Z:23.750
;HEIGHT:0.250
;FLOW:100.0
;PRINTING: Flow_Calibration_Cube_0.4_mm.stl
;PRINTING_ID: 0
G1 F2400 E1796.2202
G1 F300 Z23.950
G0 F3900 X110.101 Y110.131
G0 F300 Z23.750
;TYPE:WALL-OUTER
;WIDTH:0.400
G1 F300 Z23.750
G1 F1500 E1799.2202
G1 F1199 X139.898 Y110.131 E1800.4590
G1 X139.898 Y139.869 E1801.6954
G1 X110.101 Y139.869 E1802.9342
G1 X110.101 Y110.131 E1804.1706
G1 F2400 E1801.1706
G1 F300 Z23.950
G0 F3900 X110.908 Y110.936
G1 F300 Z23.750
G1 F1500 E1804.1706
G1 F1199 X110.908 Y139.063 E1805.3399
G1 X139.091 Y139.063 E1806.5117
G1 X139.091 Y110.936 E1807.6810
G1 X110.908 Y110.936 E1808.8528
G0 F3900 X110.708 Y110.533
;TYPE:GAP-FILL
;WIDTH:0.476
;FLOW:95.0
;WIDTH:0.475
G1 F2055 X110.539 Y110.569 E1808.8609
G1 X110.504 Y110.736 E1808.8689
;WIDTH:0.408
G1 X110.504 Y139.263 E1810.0181
;WIDTH:0.476
G1 X110.708 Y139.466 E1810.0316
;WIDTH:0.406
G1 X139.291 Y139.466 E1811.1775
;WIDTH:0.476
G1 X139.494 Y139.263 E1811.1910
;WIDTH:0.408
G1 X139.494 Y110.736 E1812.3402
;WIDTH:0.476
G1 X139.291 Y110.533 E1812.3537
;WIDTH:0.406
G1 X110.708 Y110.533 E1813.4996
;PRINTING_TIME: 1772
;REMAINING_TIME: 399
;LAYER:95
;Z:24.000
;HEIGHT:0.250
;FLOW:100.0
;PRINTING: Flow_Calibration_Cube_0.4_mm.stl
;PRINTING_ID: 0
G1 F2400 E1810.4996
G1 F300 Z24.200
G0 F3900 X110.101 Y110.131
G0 F300 Z24.000
;TYPE:WALL-OUTER
;WIDTH:0.400
G1 F300 Z24.000
G1 F1500 E1813.4996
G1 F1199 X139.898 Y110.131 E1814.7384
G1 X139.898 Y139.869 E1815.9748
G1 X110.101 Y139.869 E1817.2136
G1 X110.101 Y110.131 E1818.4499
G1 F2400 E1815.4499
G1 F300 Z24.200
G0 F3900 X110.908 Y110.936
G1 F300 Z24.000
G1 F1500 E1818.4499
G1 F1199 X110.908 Y139.063 E1819.6193
G1 X139.091 Y139.063 E1820.7910
G1 X139.091 Y110.936 E1821.9604
G1 X110.908 Y110.936 E1823.1321
G0 F3900 X110.708 Y110.533
;TYPE:GAP-FILL
;WIDTH:0.476
;FLOW:95.0
;WIDTH:0.475
G1 F2055 X110.539 Y110.569 E1823.1402
G1 X110.504 Y110.736 E1823.1482
;WIDTH:0.408
G1 X110.504 Y139.263 E1824.2975
;WIDTH:0.476
G1 X110.708 Y139.466 E1824.3110
;WIDTH:0.406
G1 X139.291 Y139.466 E1825.4569
;WIDTH:0.476
G1 X139.494 Y139.263 E1825.4704
;WIDTH:0.408
G1 X139.494 Y110.736 E1826.6196
;WIDTH:0.476
G1 X139.291 Y110.533 E1826.6331
;WIDTH:0.406
G1 X110.708 Y110.533 E1827.7790
;PRINTING_TIME: 1788
;REMAINING_TIME: 383
;LAYER:96
;Z:24.250
;HEIGHT:0.250
;FLOW:100.0
;PRINTING: Flow_Calibration_Cube_0.4_mm.stl
;PRINTING_ID: 0
G1 F2400 E1824.7790
G1 F300 Z24.450
G0 F3900 X110.101 Y110.131
G0 F300 Z24.250
;TYPE:WALL-OUTER
;WIDTH:0.400
G1 F300 Z24.250
G1 F1500 E1827.7790
G1 F1199 X139.898 Y110.131 E1829.0178
G1 X139.898 Y139.869 E1830.2542
G1 X110.101 Y139.869 E1831.4930
G1 X110.101 Y110.131 E1832.7293
G1 F2400 E1829.7293
G1 F300 Z24.450
G0 F3900 X110.908 Y110.936
G1 F300 Z24.250
G1 F1500 E1832.7293
G1 F1199 X110.908 Y139.063 E1833.8987
G1 X139.091 Y139.063 E1835.0704
G1 X139.091 Y110.936 E1836.2398
G1 X110.908 Y110.936 E1837.4115
G0 F3900 X110.708 Y110.533
;TYPE:GAP-FILL
;WIDTH:0.476
;FLOW:95.0
;WIDTH:0.475
G1 F2055 X110.539 Y110.569 E1837.4196
G1 X110.504 Y110.736 E1837.4276
;WIDTH:0.408
G1 X110.504 Y139.263 E1838.5769
;WIDTH:0.476
G1 X110.708 Y139.466 E1838.5904
;WIDTH:0.406
G1 X139.291 Y139.466 E1839.7363
;WIDTH:0.476
G1 X139.494 Y139.263 E1839.7498
;WIDTH:0.408
G1 X139.494 Y110.736 E1840.8990
;WIDTH:0.476
G1 X139.291 Y110.533 E1840.9125
;WIDTH:0.406
G1 X110.708 Y110.533 E1842.0584
;PRINTING_TIME: 1803
;REMAINING_TIME: 367
;LAYER:97
;Z:24.500
;HEIGHT:0.250
;FLOW:100.0
;PRINTING: Flow_Calibration_Cube_0.4_mm.stl
;PRINTING_ID: 0
G1 F2400 E1839.0584
G1 F300 Z24.700
G0 F3900 X110.101 Y110.131
G0 F300 Z24.500
;TYPE:WALL-OUTER
;WIDTH:0.400
G1 F300 Z24.500
G1 F1500 E1842.0584
G1 F1199 X139.898 Y110.131 E1843.2972
G1 X139.898 Y139.869 E1844.5335
G1 X110.101 Y139.869 E1845.7724
G1 X110.101 Y110.131 E1847.0087
G1 F2400 E1844.0087
G1 F300 Z24.700
G0 F3900 X110.908 Y110.936
G1 F300 Z24.500
G1 F1500 E1847.0087
G1 F1199 X110.908 Y139.063 E1848.1781
G1 X139.091 Y139.063 E1849.3498
G1 X139.091 Y110.936 E1850.5192
G1 X110.908 Y110.936 E1851.6909
G0 F3900 X110.708 Y110.533
;TYPE:GAP-FILL
;WIDTH:0.476
;FLOW:95.0
;WIDTH:0.475
G1 F2055 X110.539 Y110.569 E1851.6990
G1 X110.504 Y110.736 E1851.7070
;WIDTH:0.408
G1 X110.504 Y139.263 E1852.8563
;WIDTH:0.476
G1 X110.708 Y139.466 E1852.8698
;WIDTH:0.406
G1 X139.291 Y139.466 E1854.0157
;WIDTH:0.476
G1 X139.494 Y139.263 E1854.0291
;WIDTH:0.408
G1 X139.494 Y110.736 E1855.1784
;WIDTH:0.476
G1 X139.291 Y110.533 E1855.1919
;WIDTH:0.406
G1 X110.708 Y110.533 E1856.3377
;PRINTING_TIME: 1819
;REMAINING_TIME: 351
;LAYER:98
;Z:24.750
;HEIGHT:0.250
;FLOW:100.0
;PRINTING: Flow_Calibration_Cube_0.4_mm.stl
;PRINTING_ID: 0
G1 F2400 E1853.3377
G1 F300 Z24.950
G0 F3900 X110.101 Y110.131
G0 F300 Z24.750
;TYPE:WALL-OUTER
;WIDTH:0.400
G1 F300 Z24.750
G1 F1500 E1856.3377
G1 F1199 X139.898 Y110.131 E1857.5766
G1 X139.898 Y139.869 E1858.8129
G1 X110.101 Y139.869 E1860.0517
G1 X110.101 Y110.131 E1861.2881
G1 F2400 E1858.2881
G1 F300 Z24.950
G0 F3900 X110.908 Y110.936
G1 F300 Z24.750
G1 F1500 E1861.2881
G1 F1199 X110.908 Y139.063 E1862.4575
G1 X139.091 Y139.063 E1863.6292
G1 X139.091 Y110.936 E1864.7986
G1 X110.908 Y110.936 E1865.9703
G0 F3900 X110.708 Y110.533
;TYPE:GAP-FILL
;WIDTH:0.476
;FLOW:95.0
;WIDTH:0.475
G1 F2055 X110.539 Y110.569 E1865.9784
G1 X110.504 Y110.736 E1865.9864
;WIDTH:0.408
G1 X110.504 Y139.263 E1867.1357
;WIDTH:0.476
G1 X110.708 Y139.466 E1867.1492
;WIDTH:0.406
G1 X139.291 Y139.466 E1868.2950
;WIDTH:0.476
G1 X139.494 Y139.263 E1868.3085
;WIDTH:0.408
G1 X139.494 Y110.736 E1869.4578
;WIDTH:0.476
G1 X139.291 Y110.533 E1869.4713
;WIDTH:0.406
G1 X110.708 Y110.533 E1870.6171
;PRINTING_TIME: 1835
;REMAINING_TIME: 335
;LAYER:99
;Z:25.000
;HEIGHT:0.250
;FLOW:100.0
;PRINTING: Flow_Calibration_Cube_0.4_mm.stl
;PRINTING_ID: 0
G1 F2400 E1867.6171
G1 F300 Z25.200
G0 F3900 X110.101 Y110.131
G0 F300 Z25.000
;TYPE:WALL-OUTER
;WIDTH:0.400
G1 F300 Z25.000
G1 F1500 E1870.6171
G1 F1199 X139.898 Y110.131 E1871.8560
G1 X139.898 Y139.869 E1873.0923
G1 X110.101 Y139.869 E1874.3311
G1 X110.101 Y110.131 E1875.5675
G1 F2400 E1872.5675
G1 F300 Z25.200
G0 F3900 X110.908 Y110.936
G1 F300 Z25.000
G1 F1500 E1875.5675
G1 F1199 X110.908 Y139.063 E1876.7369
G1 X139.091 Y139.063 E1877.9086
G1 X139.091 Y110.936 E1879.0780
G1 X110.908 Y110.936 E1880.2497
G0 F3900 X110.708 Y110.533
;TYPE:GAP-FILL
;WIDTH:0.476
;FLOW:95.0
;WIDTH:0.475
G1 F2055 X110.539 Y110.569 E1880.2578
G1 X110.504 Y110.736 E1880.2658
;WIDTH:0.408
G1 X110.504 Y139.263 E1881.4150
;WIDTH:0.476
G1 X110.708 Y139.466 E1881.4286
;WIDTH:0.406
G1 X139.291 Y139.466 E1882.5744
;WIDTH:0.476
G1 X139.494 Y139.263 E1882.5879
;WIDTH:0.408
G1 X139.494 Y110.736 E1883.7372
;WIDTH:0.476
G1 X139.291 Y110.533 E1883.7507
;WIDTH:0.406
G1 X110.708 Y110.533 E1884.8965
;PRINTING_TIME: 1851
;REMAINING_TIME: 319
;LAYER:100
;Z:25.250
;HEIGHT:0.250
;FLOW:100.0
;PRINTING: Flow_Calibration_Cube_0.4_mm.stl
;PRINTING_ID: 0
G1 F2400 E1881.8965
G1 F300 Z25.450
G0 F3900 X110.101 Y110.131
G0 F300 Z25.250
;TYPE:WALL-OUTER
;WIDTH:0.400
G1 F300 Z25.250
G1 F1500 E1884.8965
G1 F1199 X139.898 Y110.131 E1886.1353
G1 X139.898 Y139.869 E1887.3717
G1 X110.101 Y139.869 E1888.6105
G1 X110.101 Y110.131 E1889.8469
G1 F2400 E1886.8469
G1 F300 Z25.450
G0 F3900 X110.908 Y110.936
G1 F300 Z25.250
G1 F1500 E1889.8469
G1 F1199 X110.908 Y139.063 E1891.0163
G1 X139.091 Y139.063 E1892.1880
G1 X139.091 Y110.936 E1893.3574
G1 X110.908 Y110.936 E1894.5291
G0 F3900 X110.708 Y110.533
;TYPE:GAP-FILL
;WIDTH:0.476
;FLOW:95.0
;WIDTH:0.475
G1 F2055 X110.539 Y110.569 E1894.5372
G1 X110.504 Y110.736 E1894.5452
;WIDTH:0.408
G1 X110.504 Y139.263 E1895.6944
;WIDTH:0.476
G1 X110.708 Y139.466 E1895.7080
;WIDTH:0.406
G1 X139.291 Y139.466 E1896.8538
;WIDTH:0.476
G1 X139.494 Y139.263 E1896.8673
;WIDTH:0.408
G1 X139.494 Y110.736 E1898.0166
;WIDTH:0.476
G1 X139.291 Y110.533 E1898.0301
;WIDTH:0.406
G1 X110.708 Y110.533 E1899.1759
;PRINTING_TIME: 1867
;REMAINING_TIME: 303
;LAYER:101
;Z:25.500
;HEIGHT:0.250
;FLOW:100.0
;PRINTING: Flow_Calibration_Cube_0.4_mm.stl
;PRINTING_ID: 0
G1 F2400 E1896.1759
G1 F300 Z25.700
G0 F3900 X110.101 Y110.131
G0 F300 Z25.500
;TYPE:WALL-OUTER
;WIDTH:0.400
G1 F300 Z25.500
G1 F1500 E1899.1759
G1 F1199 X139.898 Y110.131 E1900.4147
G1 X139.898 Y139.869 E1901.6511
G1 X110.101 Y139.869 E1902.8899
G1 X110.101 Y110.131 E1904.1263
G1 F2400 E1901.1263
G1 F300 Z25.700
G0 F3900 X110.908 Y110.936
G1 F300 Z25.500
G1 F1500 E1904.1263
G1 F1199 X110.908 Y139.063 E1905.2957
G1 X139.091 Y139.063 E1906.4674
G1 X139.091 Y110.936 E1907.6367
G1 X110.908 Y110.936 E1908.8085
G0 F3900 X110.708 Y110.533
;TYPE:GAP-FILL
;WIDTH:0.476
;FLOW:95.0
;WIDTH:0.475
G1 F2055 X110.539 Y110.569 E1908.8166
G1 X110.504 Y110.736 E1908.8246
;WIDTH:0.408
G1 X110.504 Y139.263 E1909.9738
;WIDTH:0.476
G1 X110.708 Y139.466 E1909.9873
;WIDTH:0.406
G1 X139.291 Y139.466 E1911.1332
;WIDTH:0.476
G1 X139.494 Y139.263 E1911.1467
;WIDTH:0.408
G1 X139.494 Y110.736 E1912.2959
;WIDTH:0.476
G1 X139.291 Y110.533 E1912.3094
;WIDTH:0.406
G1 X110.708 Y110.533 E1913.4553
;PRINTING_TIME: 1883
;REMAINING_TIME: 288
;LAYER:102
;Z:25.750
;HEIGHT:0.250
;FLOW:100.0
;PRINTING: Flow_Calibration_Cube_0.4_mm.stl
;PRINTING_ID: 0
G1 F2400 E1910.4553
G1 F300 Z25.950
G0 F3900 X110.101 Y110.131
G0 F300 Z25.750
;TYPE:WALL-OUTER
;WIDTH:0.400
G1 F300 Z25.750
G1 F1500 E1913.4553
G1 F1199 X139.898 Y110.131 E1914.6941
G1 X139.898 Y139.869 E1915.9305
G1 X110.101 Y139.869 E1917.1693
G1 X110.101 Y110.131 E1918.4057
G1 F2400 E1915.4057
G1 F300 Z25.950
G0 F3900 X110.908 Y110.936
G1 F300 Z25.750
G1 F1500 E1918.4057
G1 F1199 X110.908 Y139.063 E1919.5750
G1 X139.091 Y139.063 E1920.7468
G1 X139.091 Y110.936 E1921.9161
G1 X110.908 Y110.936 E1923.0878
G0 F3900 X110.708 Y110.533
;TYPE:GAP-FILL
;WIDTH:0.476
;FLOW:95.0
;WIDTH:0.475
G1 F2055 X110.539 Y110.569 E1923.0960
G1 X110.504 Y110.736 E1923.1040
;WIDTH:0.408
G1 X110.504 Y139.263 E1924.2532
;WIDTH:0.476
G1 X110.708 Y139.466 E1924.2667
;WIDTH:0.406
G1 X139.291 Y139.466 E1925.4126
;WIDTH:0.476
G1 X139.494 Y139.263 E1925.4261
;WIDTH:0.408
G1 X139.494 Y110.736 E1926.5753
;WIDTH:0.476
G1 X139.291 Y110.533 E1926.5888
;WIDTH:0.406
G1 X110.708 Y110.533 E1927.7347
;PRINTING_TIME: 1899
;REMAINING_TIME: 272
;LAYER:103
;Z:26.000
;HEIGHT:0.250
;FLOW:100.0
;PRINTING: Flow_Calibration_Cube_0.4_mm.stl
;PRINTING_ID: 0
G1 F2400 E1924.7347
G1 F300 Z26.200
G0 F3900 X110.101 Y110.131
G0 F300 Z26.000
;TYPE:WALL-OUTER
;WIDTH:0.400
G1 F300 Z26.000
G1 F1500 E1927.7347
G1 F1199 X139.898 Y110.131 E1928.9735
G1 X139.898 Y139.869 E1930.2099
G1 X110.101 Y139.869 E1931.4487
G1 X110.101 Y110.131 E1932.6850
G1 F2400 E1929.6850
G1 F300 Z26.200
G0 F3900 X110.908 Y110.936
G1 F300 Z26.000
G1 F1500 E1932.6850
G1 F1199 X110.908 Y139.063 E1933.8544
G1 X139.091 Y139.063 E1935.0261
G1 X139.091 Y110.936 E1936.1955
G1 X110.908 Y110.936 E1937.3672
G0 F3900 X110.708 Y110.533
;TYPE:GAP-FILL
;WIDTH:0.476
;FLOW:95.0
;WIDTH:0.475
G1 F2055 X110.539 Y110.569 E1937.3753
G1 X110.504 Y110.736 E1937.3833
;WIDTH:0.408
G1 X110.504 Y139.263 E1938.5326
;WIDTH:0.476
G1 X110.708 Y139.466 E1938.5461
;WIDTH:0.406
G1 X139.291 Y139.466 E1939.6920
;WIDTH:0.476
G1 X139.494 Y139.263 E1939.7055
;WIDTH:0.408
G1 X139.494 Y110.736 E1940.8547
;WIDTH:0.476
G1 X139.291 Y110.533 E1940.8682
;WIDTH:0.406
G1 X110.708 Y110.533 E1942.0141
;PRINTING_TIME: 1915
;REMAINING_TIME: 256
;LAYER:104
;Z:26.250
;HEIGHT:0.250
;FLOW:100.0
;PRINTING: Flow_Calibration_Cube_0.4_mm.stl
;PRINTING_ID: 0
G1 F2400 E1939.0141
G1 F300 Z26.450
G0 F3900 X110.101 Y110.131
G0 F300 Z26.250
;TYPE:WALL-OUTER
;WIDTH:0.400
G1 F300 Z26.250
G1 F1500 E1942.0141
G1 F1199 X139.898 Y110.131 E1943.2529
G1 X139.898 Y139.869 E1944.4893
G1 X110.101 Y139.869 E1945.7281
G1 X110.101 Y110.131 E1946.9644
G1 F2400 E1943.9644
G1 F300 Z26.450
G0 F3900 X110.908 Y110.936
G1 F300 Z26.250
G1 F1500 E1946.9644
G1 F1199 X110.908 Y139.063 E1948.1338
G1 X139.091 Y139.063 E1949.3055
G1 X139.091 Y110.936 E1950.4749
G1 X110.908 Y110.936 E1951.6466
G0 F3900 X110.708 Y110.533
;TYPE:GAP-FILL
;WIDTH:0.476
;FLOW:95.0
;WIDTH:0.475
G1 F2055 X110.539 Y110.569 E1951.6547
G1 X110.504 Y110.736 E1951.6627
;WIDTH:0.408
G1 X110.504 Y139.263 E1952.8120
;WIDTH:0.476
G1 X110.708 Y139.466 E1952.8255
;WIDTH:0.406
G1 X139.291 Y139.466 E1953.9714
;WIDTH:0.476
G1 X139.494 Y139.263 E1953.9849
;WIDTH:0.408
G1 X139.494 Y110.736 E1955.1341
;WIDTH:0.476
G1 X139.291 Y110.533 E1955.1476
;WIDTH:0.406
G1 X110.708 Y110.533 E1956.2935
;PRINTING_TIME: 1931
;REMAINING_TIME: 240
;LAYER:105
;Z:26.500
;HEIGHT:0.250
;FLOW:100.0
;PRINTING: Flow_Calibration_Cube_0.4_mm.stl
;PRINTING_ID: 0
G1 F2400 E1953.2935
G1 F300 Z26.700
G0 F3900 X110.101 Y110.131
G0 F300 Z26.500
;TYPE:WALL-OUTER
;WIDTH:0.400
G1 F300 Z26.500
G1 F1500 E1956.2935
G1 F1199 X139.898 Y110.131 E1957.5323
G1 X139.898 Y139.869 E1958.7686
G1 X110.101 Y139.869 E1960.0075
G1 X110.101 Y110.131 E1961.2438
G1 F2400 E1958.2438
G1 F300 Z26.700
G0 F3900 X110.908 Y110.936
G1 F300 Z26.500
G1 F1500 E1961.2438
G1 F1199 X110.908 Y139.063 E1962.4132
G1 X139.091 Y139.063 E1963.5849
G1 X139.091 Y110.936 E1964.7543
G1 X110.908 Y110.936 E1965.9260
G0 F3900 X110.708 Y110.533
;TYPE:GAP-FILL
;WIDTH:0.476
;FLOW:95.0
;WIDTH:0.475
G1 F2055 X110.539 Y110.569 E1965.9341
G1 X110.504 Y110.736 E1965.9421
;WIDTH:0.408
G1 X110.504 Y139.263 E1967.0914
;WIDTH:0.476
G1 X110.708 Y139.466 E1967.1049
;WIDTH:0.406
G1 X139.291 Y139.466 E1968.2508
;WIDTH:0.476
G1 X139.494 Y139.263 E1968.2642
;WIDTH:0.408
G1 X139.494 Y110.736 E1969.4135
;WIDTH:0.476
G1 X139.291 Y110.533 E1969.4270
;WIDTH:0.406
G1 X110.708 Y110.533 E1970.5728
;PRINTING_TIME: 1947
;REMAINING_TIME: 224
;LAYER:106
;Z:26.750
;HEIGHT:0.250
;FLOW:100.0
;PRINTING: Flow_Calibration_Cube_0.4_mm.stl
;PRINTING_ID: 0
G1 F2400 E1967.5728
G1 F300 Z26.950
G0 F3900 X110.101 Y110.131
G0 F300 Z26.750
;TYPE:WALL-OUTER
;WIDTH:0.400
G1 F300 Z26.750
G1 F1500 E1970.5728
G1 F1199 X139.898 Y110.131 E1971.8117
G1 X139.898 Y139.869 E1973.0480
G1 X110.101 Y139.869 E1974.2868
G1 X110.101 Y110.131 E1975.5232
G1 F2400 E1972.5232
G1 F300 Z26.950
G0 F3900 X110.908 Y110.936
G1 F300 Z26.750
G1 F1500 E1975.5232
G1 F1199 X110.908 Y139.063 E1976.6926
G1 X139.091 Y139.063 E1977.8643
G1 X139.091 Y110.936 E1979.0337
G1 X110.908 Y110.936 E1980.2054
G0 F3900 X110.708 Y110.533
;TYPE:GAP-FILL
;WIDTH:0.476
;FLOW:95.0
;WIDTH:0.475
G1 F2055 X110.539 Y110.569 E1980.2135
G1 X110.504 Y110.736 E1980.2215
;WIDTH:0.408
G1 X110.504 Y139.263 E1981.3708
;WIDTH:0.476
G1 X110.708 Y139.466 E1981.3843
;WIDTH:0.406
G1 X139.291 Y139.466 E1982.5301
;WIDTH:0.476
G1 X139.494 Y139.263 E1982.5436
;WIDTH:0.408
G1 X139.494 Y110.736 E1983.6929
;WIDTH:0.476
G1 X139.291 Y110.533 E1983.7064
;WIDTH:0.406
G1 X110.708 Y110.533 E1984.8522
;PRINTING_TIME: 1963
;REMAINING_TIME: 208
;LAYER:107
;Z:27.000
;HEIGHT:0.250
;FLOW:100.0
;PRINTING: Flow_Calibration_Cube_0.4_mm.stl
;PRINTING_ID: 0
G1 F2400 E1981.8522
G1 F300 Z27.200
G0 F3900 X110.101 Y110.131
G0 F300 Z27.000
;TYPE:WALL-OUTER
;WIDTH:0.400
G1 F300 Z27.000
G1 F1500 E1984.8522
G1 F1199 X139.898 Y110.131 E1986.0911
G1 X139.898 Y139.869 E1987.3274
G1 X110.101 Y139.869 E1988.5662
G1 X110.101 Y110.131 E1989.8026
G1 F2400 E1986.8026
G1 F300 Z27.200
G0 F3900 X110.908 Y110.936
G1 F300 Z27.000
G1 F1500 E1989.8026
G1 F1199 X110.908 Y139.063 E1990.9720
G1 X139.091 Y139.063 E1992.1437
G1 X139.091 Y110.936 E1993.3131
G1 X110.908 Y110.936 E1994.4848
G0 F3900 X110.708 Y110.533
;TYPE:GAP-FILL
;WIDTH:0.476
;FLOW:95.0
;WIDTH:0.475
G1 F2055 X110.539 Y110.569 E1994.4929
G1 X110.504 Y110.736 E1994.5009
;WIDTH:0.408
G1 X110.504 Y139.263 E1995.6501
;WIDTH:0.476
G1 X110.708 Y139.466 E1995.6637
;WIDTH:0.406
G1 X139.291 Y139.466 E1996.8095
;WIDTH:0.476
G1 X139.494 Y139.263 E1996.8230
;WIDTH:0.408
G1 X139.494 Y110.736 E1997.9723
;WIDTH:0.476
G1 X139.291 Y110.533 E1997.9858
;WIDTH:0.406
G1 X110.708 Y110.533 E1999.1316
;PRINTING_TIME: 1979
;REMAINING_TIME: 192
;LAYER:108
;Z:27.250
;HEIGHT:0.250
;FLOW:100.0
;PRINTING: Flow_Calibration_Cube_0.4_mm.stl
;PRINTING_ID: 0
G1 F2400 E1996.1316
G1 F300 Z27.450
G0 F3900 X110.101 Y110.131
G0 F300 Z27.250
;TYPE:WALL-OUTER
;WIDTH:0.400
G1 F300 Z27.250
G1 F1500 E1999.1316
G1 F1199 X139.898 Y110.131 E2000.3704
G1 X139.898 Y139.869 E2001.6068
G1 X110.101 Y139.869 E2002.8456
G1 X110.101 Y110.131 E2004.0820
G1 F2400 E2001.0820
G1 F300 Z27.450
G0 F3900 X110.908 Y110.936
G1 F300 Z27.250
G1 F1500 E2004.0820
G1 F1199 X110.908 Y139.063 E2005.2514
G1 X139.091 Y139.063 E2006.4231
G1 X139.091 Y110.936 E2007.5925
G1 X110.908 Y110.936 E2008.7642
G0 F3900 X110.708 Y110.533
;TYPE:GAP-FILL
;WIDTH:0.476
;FLOW:95.0
;WIDTH:0.475
G1 F2055 X110.539 Y110.569 E2008.7723
G1 X110.504 Y110.736 E2008.7803
;WIDTH:0.408
G1 X110.504 Y139.263 E2009.9295
;WIDTH:0.476
G1 X110.708 Y139.466 E2009.9431
;WIDTH:0.406
G1 X139.291 Y139.466 E2011.0889
;WIDTH:0.476
G1 X139.494 Y139.263 E2011.1024
;WIDTH:0.408
G1 X139.494 Y110.736 E2012.2517
;WIDTH:0.476
G1 X139.291 Y110.533 E2012.2651
;WIDTH:0.406
G1 X110.708 Y110.533 E2013.4110
;PRINTING_TIME: 1995
;REMAINING_TIME: 176
;LAYER:109
;Z:27.500
;HEIGHT:0.250
;FLOW:100.0
;PRINTING: Flow_Calibration_Cube_0.4_mm.stl
;PRINTING_ID: 0
G1 F2400 E2010.4110
G1 F300 Z27.700
G0 F3900 X110.101 Y110.131
G0 F300 Z27.500
;TYPE:WALL-OUTER
;WIDTH:0.400
G1 F300 Z27.500
G1 F1500 E2013.4110
G1 F1199 X139.898 Y110.131 E2014.6498
G1 X139.898 Y139.869 E2015.8862
G1 X110.101 Y139.869 E2017.1250
G1 X110.101 Y110.131 E2018.3614
G1 F2400 E2015.3614
G1 F300 Z27.700
G0 F3900 X110.908 Y110.936
G1 F300 Z27.500
G1 F1500 E2018.3614
G1 F1199 X110.908 Y139.063 E2019.5307
G1 X139.091 Y139.063 E2020.7025
G1 X139.091 Y110.936 E2021.8718
G1 X110.908 Y110.936 E2023.0436
G0 F3900 X110.708 Y110.533
;TYPE:GAP-FILL
;WIDTH:0.476
;FLOW:95.0
;WIDTH:0.475
G1 F2055 X110.539 Y110.569 E2023.0517
G1 X110.504 Y110.736 E2023.0597
;WIDTH:0.408
G1 X110.504 Y139.263 E2024.2089
;WIDTH:0.476
G1 X110.708 Y139.466 E2024.2224
;WIDTH:0.406
G1 X139.291 Y139.466 E2025.3683
;WIDTH:0.476
G1 X139.494 Y139.263 E2025.3818
;WIDTH:0.408
G1 X139.494 Y110.736 E2026.5310
;WIDTH:0.476
G1 X139.291 Y110.533 E2026.5445
;WIDTH:0.406
G1 X110.708 Y110.533 E2027.6904
;PRINTING_TIME: 2011
;REMAINING_TIME: 160
;LAYER:110
;Z:27.750
;HEIGHT:0.250
;FLOW:100.0
;PRINTING: Flow_Calibration_Cube_0.4_mm.stl
;PRINTING_ID: 0
G1 F2400 E2024.6904
G1 F300 Z27.950
G0 F3900 X110.101 Y110.131
G0 F300 Z27.750
;TYPE:WALL-OUTER
;WIDTH:0.400
G1 F300 Z27.750
G1 F1500 E2027.6904
G1 F1199 X139.898 Y110.131 E2028.9292
G1 X139.898 Y139.869 E2030.1656
G1 X110.101 Y139.869 E2031.4044
G1 X110.101 Y110.131 E2032.6408
G1 F2400 E2029.6408
G1 F300 Z27.950
G0 F3900 X110.908 Y110.936
G1 F300 Z27.750
G1 F1500 E2032.6408
G1 F1199 X110.908 Y139.063 E2033.8101
G1 X139.091 Y139.063 E2034.9818
G1 X139.091 Y110.936 E2036.1512
G1 X110.908 Y110.936 E2037.3229
G0 F3900 X110.708 Y110.533
;TYPE:GAP-FILL
;WIDTH:0.476
;FLOW:95.0
;WIDTH:0.475
G1 F2055 X110.539 Y110.569 E2037.3311
G1 X110.504 Y110.736 E2037.3391
;WIDTH:0.408
G1 X110.504 Y139.263 E2038.4883
;WIDTH:0.476
G1 X110.708 Y139.466 E2038.5018
;WIDTH:0.406
G1 X139.291 Y139.466 E2039.6477
;WIDTH:0.476
G1 X139.494 Y139.263 E2039.6612
;WIDTH:0.408
G1 X139.494 Y110.736 E2040.8104
;WIDTH:0.476
G1 X139.291 Y110.533 E2040.8239
;WIDTH:0.406
G1 X110.708 Y110.533 E2041.9698
;PRINTING_TIME: 2027
;REMAINING_TIME: 144
;LAYER:111
;Z:28.000
;HEIGHT:0.250
;FLOW:100.0
;PRINTING: Flow_Calibration_Cube_0.4_mm.stl
;PRINTING_ID: 0
G1 F2400 E2038.9698
G1 F300 Z28.200
G0 F3900 X110.101 Y110.131
G0 F300 Z28.000
;TYPE:WALL-OUTER
;WIDTH:0.400
G1 F300 Z28.000
G1 F1500 E2041.9698
G1 F1199 X139.898 Y110.131 E2043.2086
G1 X139.898 Y139.869 E2044.4450
G1 X110.101 Y139.869 E2045.6838
G1 X110.101 Y110.131 E2046.9201
G1 F2400 E2043.9201
G1 F300 Z28.200
G0 F3900 X110.908 Y110.936
G1 F300 Z28.000
G1 F1500 E2046.9201
G1 F1199 X110.908 Y139.063 E2048.0895
G1 X139.091 Y139.063 E2049.2612
G1 X139.091 Y110.936 E2050.4306
G1 X110.908 Y110.936 E2051.6023
G0 F3900 X110.708 Y110.533
;TYPE:GAP-FILL
;WIDTH:0.476
;FLOW:95.0
;WIDTH:0.475
G1 F2055 X110.539 Y110.569 E2051.6104
G1 X110.504 Y110.736 E2051.6184
;WIDTH:0.408
G1 X110.504 Y139.263 E2052.7677
;WIDTH:0.476
G1 X110.708 Y139.466 E2052.7812
;WIDTH:0.406
G1 X139.291 Y139.466 E2053.9271
;WIDTH:0.476
G1 X139.494 Y139.263 E2053.9406
;WIDTH:0.408
G1 X139.494 Y110.736 E2055.0898
;WIDTH:0.476
G1 X139.291 Y110.533 E2055.1033
;WIDTH:0.406
G1 X110.708 Y110.533 E2056.2492
;PRINTING_TIME: 2043
;REMAINING_TIME: 128
;LAYER:112
;Z:28.250
;HEIGHT:0.250
;FLOW:100.0
;PRINTING: Flow_Calibration_Cube_0.4_mm.stl
;PRINTING_ID: 0
G1 F2400 E2053.2492
G1 F300 Z28.450
G0 F3900 X110.101 Y110.131
G0 F300 Z28.250
;TYPE:WALL-OUTER
;WIDTH:0.400
G1 F300 Z28.250
G1 F1500 E2056.2492
G1 F1199 X139.898 Y110.131 E2057.4880
G1 X139.898 Y139.869 E2058.7243
G1 X110.101 Y139.869 E2059.9632
G1 X110.101 Y110.131 E2061.1995
G1 F2400 E2058.1995
G1 F300 Z28.450
G0 F3900 X110.908 Y110.936
G1 F300 Z28.250
G1 F1500 E2061.1995
G1 F1199 X110.908 Y139.063 E2062.3689
G1 X139.091 Y139.063 E2063.5406
G1 X139.091 Y110.936 E2064.7100
G1 X110.908 Y110.936 E2065.8817
G0 F3900 X110.708 Y110.533
;TYPE:GAP-FILL
;WIDTH:0.476
;FLOW:95.0
;WIDTH:0.475
G1 F2055 X110.539 Y110.569 E2065.8898
G1 X110.504 Y110.736 E2065.8978
;WIDTH:0.408
G1 X110.504 Y139.263 E2067.0471
;WIDTH:0.476
G1 X110.708 Y139.466 E2067.0606
;WIDTH:0.406
G1 X139.291 Y139.466 E2068.2065
;WIDTH:0.476
G1 X139.494 Y139.263 E2068.2200
;WIDTH:0.408
G1 X139.494 Y110.736 E2069.3692
;WIDTH:0.476
G1 X139.291 Y110.533 E2069.3827
;WIDTH:0.406
G1 X110.708 Y110.533 E2070.5286
;PRINTING_TIME: 2059
;REMAINING_TIME: 112
;LAYER:113
;Z:28.500
;HEIGHT:0.250
;FLOW:100.0
;PRINTING: Flow_Calibration_Cube_0.4_mm.stl
;PRINTING_ID: 0
G1 F2400 E2067.5286
G1 F300 Z28.700
G0 F3900 X110.101 Y110.131
G0 F300 Z28.500
;TYPE:WALL-OUTER
;WIDTH:0.400
G1 F300 Z28.500
G1 F1500 E2070.5286
G1 F1199 X139.898 Y110.131 E2071.7674
G1 X139.898 Y139.869 E2073.0037
G1 X110.101 Y139.869 E2074.2426
G1 X110.101 Y110.131 E2075.4789
G1 F2400 E2072.4789
G1 F300 Z28.700
G0 F3900 X110.908 Y110.936
G1 F300 Z28.500
G1 F1500 E2075.4789
G1 F1199 X110.908 Y139.063 E2076.6483
G1 X139.091 Y139.063 E2077.8200
G1 X139.091 Y110.936 E2078.9894
G1 X110.908 Y110.936 E2080.1611
G0 F3900 X110.708 Y110.533
;TYPE:GAP-FILL
;WIDTH:0.476
;FLOW:95.0
;WIDTH:0.475
G1 F2055 X110.539 Y110.569 E2080.1692
G1 X110.504 Y110.736 E2080.1772
;WIDTH:0.408
G1 X110.504 Y139.263 E2081.3265
;WIDTH:0.476
G1 X110.708 Y139.466 E2081.3400
;WIDTH:0.406
G1 X139.291 Y139.466 E2082.4859
;WIDTH:0.476
G1 X139.494 Y139.263 E2082.4993
;WIDTH:0.408
G1 X139.494 Y110.736 E2083.6486
;WIDTH:0.476
G1 X139.291 Y110.533 E2083.6621
;WIDTH:0.406
G1 X110.708 Y110.533 E2084.8079
;PRINTING_TIME: 2075
;REMAINING_TIME: 96
;LAYER:114
;Z:28.750
;HEIGHT:0.250
;FLOW:100.0
;PRINTING: Flow_Calibration_Cube_0.4_mm.stl
;PRINTING_ID: 0
G1 F2400 E2081.8079
G1 F300 Z28.950
G0 F3900 X110.101 Y110.131
G0 F300 Z28.750
;TYPE:WALL-OUTER
;WIDTH:0.400
G1 F300 Z28.750
G1 F1500 E2084.8079
G1 F1199 X139.898 Y110.131 E2086.0468
G1 X139.898 Y139.869 E2087.2831
G1 X110.101 Y139.869 E2088.5219
G1 X110.101 Y110.131 E2089.7583
G1 F2400 E2086.7583
G1 F300 Z28.950
G0 F3900 X110.908 Y110.936
G1 F300 Z28.750
G1 F1500 E2089.7583
G1 F1199 X110.908 Y139.063 E2090.9277
G1 X139.091 Y139.063 E2092.0994
G1 X139.091 Y110.936 E2093.2688
G1 X110.908 Y110.936 E2094.4405
G0 F3900 X110.708 Y110.533
;TYPE:GAP-FILL
;WIDTH:0.476
;FLOW:95.0
;WIDTH:0.475
G1 F2055 X110.539 Y110.569 E2094.4486
G1 X110.504 Y110.736 E2094.4566
;WIDTH:0.408
G1 X110.504 Y139.263 E2095.6059
;WIDTH:0.476
G1 X110.708 Y139.466 E2095.6194
;WIDTH:0.406
G1 X139.291 Y139.466 E2096.7652
;WIDTH:0.476
G1 X139.494 Y139.263 E2096.7787
;WIDTH:0.408
G1 X139.494 Y110.736 E2097.9280
;WIDTH:0.476
G1 X139.291 Y110.533 E2097.9415
;WIDTH:0.406
G1 X110.708 Y110.533 E2099.0873
;PRINTING_TIME: 2091
;REMAINING_TIME: 80
;LAYER:115
;Z:29.000
;HEIGHT:0.250
;FLOW:100.0
;PRINTING: Flow_Calibration_Cube_0.4_mm.stl
;PRINTING_ID: 0
G1 F2400 E2096.0873
G1 F300 Z29.200
G0 F3900 X110.101 Y110.131
G0 F300 Z29.000
;TYPE:WALL-OUTER
;WIDTH:0.400
G1 F300 Z29.000
G1 F1500 E2099.0873
G1 F1199 X139.898 Y110.131 E2100.3261
G1 X139.898 Y139.869 E2101.5625
G1 X110.101 Y139.869 E2102.8013
G1 X110.101 Y110.131 E2104.0377
G1 F2400 E2101.0377
G1 F300 Z29.200
G0 F3900 X110.908 Y110.936
G1 F300 Z29.000
G1 F1500 E2104.0377
G1 F1199 X110.908 Y139.063 E2105.2071
G1 X139.091 Y139.063 E2106.3788
G1 X139.091 Y110.936 E2107.5482
G1 X110.908 Y110.936 E2108.7199
G0 F3900 X110.708 Y110.533
;TYPE:GAP-FILL
;WIDTH:0.476
;FLOW:95.0
;WIDTH:0.475
G1 F2055 X110.539 Y110.569 E2108.7280
G1 X110.504 Y110.736 E2108.7360
;WIDTH:0.408
G1 X110.504 Y139.263 E2109.8852
;WIDTH:0.476
G1 X110.708 Y139.466 E2109.8988
;WIDTH:0.406
G1 X139.291 Y139.466 E2111.0446
;WIDTH:0.476
G1 X139.494 Y139.263 E2111.0581
;WIDTH:0.408
G1 X139.494 Y110.736 E2112.2074
;WIDTH:0.476
G1 X139.291 Y110.533 E2112.2209
;WIDTH:0.406
G1 X110.708 Y110.533 E2113.3667
;PRINTING_TIME: 2107
;REMAINING_TIME: 64
;LAYER:116
;Z:29.250
;HEIGHT:0.250
;FLOW:100.0
;PRINTING: Flow_Calibration_Cube_0.4_mm.stl
;PRINTING_ID: 0
G1 F2400 E2110.3667
G1 F300 Z29.450
G0 F3900 X110.101 Y110.131
G0 F300 Z29.250
;TYPE:WALL-OUTER
;WIDTH:0.400
G1 F300 Z29.250
G1 F1500 E2113.3667
G1 F1199 X139.898 Y110.131 E2114.6055
G1 X139.898 Y139.869 E2115.8419
G1 X110.101 Y139.869 E2117.0807
G1 X110.101 Y110.131 E2118.3171
G1 F2400 E2115.3171
G1 F300 Z29.450
G0 F3900 X110.908 Y110.936
G1 F300 Z29.250
G1 F1500 E2118.3171
G1 F1199 X110.908 Y139.063 E2119.4865
G1 X139.091 Y139.063 E2120.6582
G1 X139.091 Y110.936 E2121.8276
G1 X110.908 Y110.936 E2122.9993
G0 F3900 X110.708 Y110.533
;TYPE:GAP-FILL
;WIDTH:0.476
;FLOW:95.0
;WIDTH:0.475
G1 F2055 X110.539 Y110.569 E2123.0074
G1 X110.504 Y110.736 E2123.0154
;WIDTH:0.408
G1 X110.504 Y139.263 E2124.1646
;WIDTH:0.476
G1 X110.708 Y139.466 E2124.1782
;WIDTH:0.406
G1 X139.291 Y139.466 E2125.3240
;WIDTH:0.476
G1 X139.494 Y139.263 E2125.3375
;WIDTH:0.408
G1 X139.494 Y110.736 E2126.4868
;WIDTH:0.476
G1 X139.291 Y110.533 E2126.5002
;WIDTH:0.406
G1 X110.708 Y110.533 E2127.6461
;PRINTING_TIME: 2123
;REMAINING_TIME: 48
;LAYER:117
;Z:29.500
;HEIGHT:0.250
;FLOW:100.0
;PRINTING: Flow_Calibration_Cube_0.4_mm.stl
;PRINTING_ID: 0
G1 F2400 E2124.6461
G1 F300 Z29.700
G0 F3900 X110.101 Y110.131
G0 F300 Z29.500
;TYPE:WALL-OUTER
;WIDTH:0.400
G1 F300 Z29.500
G1 F1500 E2127.6461
G1 F1199 X139.898 Y110.131 E2128.8849
G1 X139.898 Y139.869 E2130.1213
G1 X110.101 Y139.869 E2131.3601
G1 X110.101 Y110.131 E2132.5965
G1 F2400 E2129.5965
G1 F300 Z29.700
G0 F3900 X110.908 Y110.936
G1 F300 Z29.500
G1 F1500 E2132.5965
G1 F1199 X110.908 Y139.063 E2133.7658
G1 X139.091 Y139.063 E2134.9376
G1 X139.091 Y110.936 E2136.1069
G1 X110.908 Y110.936 E2137.2787
G0 F3900 X110.708 Y110.533
;TYPE:GAP-FILL
;WIDTH:0.476
;FLOW:95.0
;WIDTH:0.475
G1 F2055 X110.539 Y110.569 E2137.2868
G1 X110.504 Y110.736 E2137.2948
;WIDTH:0.408
G1 X110.504 Y139.263 E2138.4440
;WIDTH:0.476
G1 X110.708 Y139.466 E2138.4575
;WIDTH:0.406
G1 X139.291 Y139.466 E2139.6034
;WIDTH:0.476
G1 X139.494 Y139.263 E2139.6169
;WIDTH:0.408
G1 X139.494 Y110.736 E2140.7661
;WIDTH:0.476
G1 X139.291 Y110.533 E2140.7796
;WIDTH:0.406
G1 X110.708 Y110.533 E2141.9255
;PRINTING_TIME: 2139
;REMAINING_TIME: 32
;LAYER:118
;Z:29.750
;HEIGHT:0.250
;FLOW:100.0
;PRINTING: Flow_Calibration_Cube_0.4_mm.stl
;PRINTING_ID: 0
G1 F2400 E2138.9255
G1 F300 Z29.950
G0 F3900 X110.101 Y110.131
G0 F300 Z29.750
;TYPE:WALL-OUTER
;WIDTH:0.400
G1 F300 Z29.750
G1 F1500 E2141.9255
G1 F1199 X139.898 Y110.131 E2143.1643
G1 X139.898 Y139.869 E2144.4007
G1 X110.101 Y139.869 E2145.6395
G1 X110.101 Y110.131 E2146.8758
G1 F2400 E2143.8758
G1 F300 Z29.950
G0 F3900 X110.908 Y110.936
G1 F300 Z29.750
G1 F1500 E2146.8758
G1 F1199 X110.908 Y139.063 E2148.0452
G1 X139.091 Y139.063 E2149.2169
G1 X139.091 Y110.936 E2150.3863
G1 X110.908 Y110.936 E2151.5580
G0 F3900 X110.708 Y110.533
;TYPE:GAP-FILL
;WIDTH:0.476
;FLOW:95.0
;WIDTH:0.475
G1 F2055 X110.539 Y110.569 E2151.5661
G1 X110.504 Y110.736 E2151.5742
;WIDTH:0.408
G1 X110.504 Y139.263 E2152.7234
;WIDTH:0.476
G1 X110.708 Y139.466 E2152.7369
;WIDTH:0.406
G1 X139.291 Y139.466 E2153.8828
;WIDTH:0.476
G1 X139.494 Y139.263 E2153.8963
;WIDTH:0.408
G1 X139.494 Y110.736 E2155.0455
;WIDTH:0.476
G1 X139.291 Y110.533 E2155.0590
;WIDTH:0.406
G1 X110.708 Y110.533 E2156.2049
;PRINTING_TIME: 2155
;REMAINING_TIME: 16
;LAYER:119
;Z:30.000
;HEIGHT:0.250
;FLOW:100.0
;PRINTING: Flow_Calibration_Cube_0.4_mm.stl
;PRINTING_ID: 0
G1 F2400 E2153.2049
G1 F300 Z30.200
G0 F3900 X110.101 Y110.131
G0 F300 Z30.000
;TYPE:WALL-OUTER
;WIDTH:0.400
G1 F300 Z30.000
G1 F1500 E2156.2049
G1 F1199 X139.898 Y110.131 E2157.4437
G1 X139.898 Y139.869 E2158.6801
G1 X110.101 Y139.869 E2159.9189
G1 X110.101 Y110.131 E2161.1552
G1 F2400 E2158.1552
G1 F300 Z30.200
G0 F3900 X110.908 Y110.936
G1 F300 Z30.000
G1 F1500 E2161.1552
G1 F1199 X110.908 Y139.063 E2162.3246
G1 X139.091 Y139.063 E2163.4963
G1 X139.091 Y110.936 E2164.6657
G1 X110.908 Y110.936 E2165.8374
G0 F3900 X110.708 Y110.533
;TYPE:GAP-FILL
;WIDTH:0.476
;FLOW:95.0
;WIDTH:0.475
G1 F2055 X110.539 Y110.569 E2165.8455
G1 X110.504 Y110.736 E2165.8535
;WIDTH:0.408
G1 X110.504 Y139.263 E2167.0028
;WIDTH:0.476
G1 X110.708 Y139.466 E2167.0163
;WIDTH:0.406
G1 X139.291 Y139.466 E2168.1622
;WIDTH:0.476
G1 X139.494 Y139.263 E2168.1757
;WIDTH:0.408
G1 X139.494 Y110.736 E2169.3249
;WIDTH:0.476
G1 X139.291 Y110.533 E2169.3384
;WIDTH:0.406
G1 X110.708 Y110.533 E2170.4843
;PRINTING_TIME: 2171
;REMAINING_TIME: 0
M106 S0
G1 F2400 E2167.4843
G1 F300 Z30.200
G0 F3900 X110.708 Y110.533
G0 F300 Z35.000
M221 T0 S100
G92 E0
M1002
M104 T0 S0
M104 S0 ;extruder heater off
M140 S0 ;heated bed heater off (if you have it)
G91 ;relative positionion
G1 E-1 F300  ;retract the filament a bit before lifting the nozzle, to release some of the pressure
G1 Z+10 E-5 F9000 ;move Z up and retract filament even more
M84 ;steppers off
;Data start:151036:9442c5ecc742f5d3441ee3ac97ec4087
;SURFQSAtIFBSSU5UREFUQUlZDHzi6E17riyBkcQfrme7d1s3FHh8P8cS6dV8SnsUe1VfPeij/301B0U
;e3AVW65nNGzdCqDk/Cxa21QxKQxR0VX097aPkfTIHfx78BTfrj81pN1OoLz8UFrvVf0okFGJVST3ko/
;B9LAdBHsUFAuu0zQU3XKgOPzAWj9UkShcUTlUtLoGjkRwiZEVyy3cGn6+iNGhuxwhLMHvp1E1KexQrF
;VJ9gbiRfUFmQ33LaQKZp7kzWGL3HlArYoa4EjkOZk00TliBopF9QQcgXtFFZ/PGzVpWb8sZUzpkiKEk
;JRVLTTxfTvX8/Rw4YlIerwVn68bNGkhMqG8/XxaIti4vF3FZNFlU7s3OFC9hSXLCBWbrxs1aN0zXPD9
;HFunVLCkYcUcwX1z1yv4THm5ObctxOIKooz9FDKl8P18W6ZUyCnsMK1UtXOLA9BEkdUFqx2oJtK+jKV
;J49xNKK3Ob1UxKexQrVW1CwaODfUEHQX3NYAuOtKwuXmPGI08tf4ehTUt7FCtVLX3+45FpQQcgf81mA
;oejvztDZccSYCxjmaUiOA8UKlUtPYGj0QIBBzAergUGiKWoNlJ+yQhWMHi2oSI6exUrVS09gePuPUEf
;IB6uZASIo6E/RW3cFVAxSZ26PRUIYVkzTF7ko5B9QQcgHu56J+vVzVo3bcsfWjNzm7Q5IxR6dCFfXPf
;G/X1AByAergUnlIbNeDcMqB1cPHOFsD8rD31EO3JJ88LnGC1YU3bBdxO0oqQpQ23GH1pfF+nVTUp7FC
;tVLRSBo5EcN2hJevFxFYqwqDZoZMcQWixJmbQ5IiR5Si1yUeTN9gkpWEZ/zXEImcbMWjcMqHw/Nlbp/
;E1Ke3VdOkRZ3tfjHDdiTEHGaguOtZIqVnjAI1I+bra7IhUJcV8nTF71yv4TQQYgHq4FZ+vGzVo8DKh8
;XTp6nYoiLB1nTiEtPIGjkX1BB/AhrhNn68avP1t49w5eOWK2tC4pHnhOJ0xJ6Mz/fUAHIB6uBSeUhs1
;KNwyoHlozYranLCwPS0o8X1rg05F8QQcgHq4Fh9TG31o3DMoZUytJm7QrPiRyRzpaT+DX9H1AByAerg
;VnsobNVDcMqB5aM2K2pywsD0tBMF9WgaKRfUEHIB66RWf7xs1aVWnECGAtd4+hEiUdclgwWT2Ao5F9Q
;Qcg7pEFaOvGzThSYNwjTT5wnYo+Oh5xT1UsPYGjkX1BKWAevQVn66SoNkNT2h1ZK0mdvSQpEHpOJl49
;gKORfUEHIOaRBXXrxs04UmDcI0g+eoWKKyYUY1k0WViBopF9QQcgHvdFZ//GzVpVacQIYCh3hbkSJh5
;6TCFFYuzK/31AByAergVnG/nNVTcMqB5aM2K2oiwmF0tYJUhY5aOQfUEHIB6uISfr2M1aN27aFVs4f4
;eyEi8DYFkgXlTuzc4KKGNUdvF3Bp+volo2DKh8P18WsJVNWHsUKzdfVOXE+BMmWEZ/wFoUm6OoPjcNq
;Hw/XxbpjA1KbxQrVU9P6Mf2FC9gf3jHfQKPmaw0UGDNfD5fFunVTUp7FCtMLT2BweMUJWBJcMlaAYep
;rC5SaPcdTTp3trgkJHsVK1UtPYGjpT1BFiAermcVgqKqM1lr9xpTMGGbtDkvexUrVS09gaPIPUEfIB6
;uZxWCoqozWWv3D1c6eoWmEiwXe1wnTEnko5B9QQcgHq5cJ+vTzVo3btoVWzh/h7ISORNxRzleYvLT9B
;glByEergVn68bzGjcCqHw/PWSAsSojFXN0Jl1Y5MeRfEEHIB6uBSmrxuxaNwzKDlY7cYC7KhUIYVslQ
;k/1xvUiIHVFf/F3Bp+vogVabdB8Pl8W6dVNSjJUK1otPYHB4xQsWEx3wGA4iKm4NEMMqXw/Xxbp1WkK
;ex8rVS1f88r8Ii5hRm3LcWfqxs1aNwyofD9fBOnVTSkUdVghRFPm/PUUMnNBcM1gVuvHzVo3DKh8P18
;W+9VNShh7SiZZVO/EzhkodFR/wGYC2cbMWjcMqHw/Xxbp+01Ke3dEO0lU9cr+EyBrf3HAYDiYrqg2W1
;PHEmAreZmKPj8Jcko2SE7ezvgTHmZSe88FZuvGzVo3DKh8P3AW6dUuJRVwQiFEUu/C/SIuaUVB3W0Ch
;6qSNVlT3BNPAGWcpysrGHFYCkBU7/zmFCVzSB6vBWfrxs1aNwyoUz9fFoq6Iy4SYEI6Q1zt/OUSMVhT
;a9xjBoijkjNZasEQUwBmiKE5Lwl6dDhEU97C4xggByEergVn68bNWjc8qHw/PHmHsSQ+EntFNEFi9cz
;hIjJyUnjPZgK0r6M8XmDEI08+Yp2wPyQkeUI7ckrox+UVQQYgHq4FZ+vGzVoiDKh8XDB5hbwjLSR3RD
;BLW+jA+Bgvc39/rgRKqNomuAFWl3wqXxbptiIlF31FMnJe7sb3GyhkSXvAcTiJxsyX+8BksPOrqenAT
;Up7d0Q6QVTvxM4eLmJGeMdmDo6ouQVUDKl8P18W6RU/CnsHK1UtXu7M/SIsbk5BwmQejrSSLl5hzXw+
;Xxbp1U1KVVQrRC09gcD+Ei1YTXfAWgGOo6koVnjNfD5fFunVTUpfVCtDLT2Bx/QTMmJ/bdt1F4S0uQV
;RYMcLTT5ijNVMSnsUK1UtZMGjjH1BB0R7wHYCtLW4Kkdj2ghgNniPvCEmJHteIUFU78bifUAHIB6uBW
;frxs1NNwyoD0ovZoanORUfcUUmSGLnyv0RHnVBassFZuvGzVo3DPw8P0IW6dUpLxVnTgpeSPHT/g81W
;ElwwGAVtKO1KlZi2xVQMRbo1U1KexQrVS09kqORfTJyUG7BdxO0oqg0RGn3EF4mc5vVTEp7FCtVLT2B
;o4p9QQdEe8B2ArS1uCpHY9oIYDN3kLA/OSR2RCFZUuyjkH1BByAergVn69XNWjdozRJMOkmaoD06FGZ
;fCl5N5Mb1fUAHIB6uBWeihs1DNwyoGFYyc4emJCUVS1Mscl7uzuEYL3RBasdqCevHzVo3DKh8P18W99
;VNSh99RjBDTujM/yI5fn99wWgXjqi+O0NlxxJgN3mFsE1LexQrVS09gaORZEEHIHrCdTiKqLkzVmDBH
;Uw2eI6KKjgabXQ4TEWBopF9QQcg/sFFZ/LGzVpTYNgjXjFigLQhIxpnQjtKYubR8AQeaklwrgRn68bN
;WjcMqHwpXxbpsSE6JHVFIURc7crwDihpR0HCYBGOqs1bNwyofD9fNqnVWkp7FE85XWLgzeUUIGtJf91
;sCYyZoD9DZMcYP14W6dVNSnvkFFUKPYGj9RExWEJ/3WA4h6e0P0VTyRpLOmS2sDU6FGdeJ0hi9sL4CR
;5zSXPLBWbrxs1aNwyofD93FunVKSYLS0k0Xljez/AEJHV/fMtjCJmjkj9PfMcPSi1ztqIsIw9LXzxAW
;IGikX1BByAeqkVn98bNWlNg2CNdPmWMiiErAnFZCk9S88f0Dx5oRnjdYBPrx81aNwyofD9fFs3VTUof
;eFsKT1zyxs4RIH5FbPFmCIWyoi9FU80ETzBlnKcoFQ99RjAtPIGjkX1BBwheri5n68apNkdTyh1MOkm
;FtDQvCUtOJllU7MLlFC5pf2rHaAK0paI3R2nGD14rf4a7TUt7FCtVLT2Bo5FZQQcgesJ1OImnvj9oYM
;kFWi1Jj7whJhJ6TApIRfHM4ggzYn9qx2gC68fNWjcMqHzPYBbw1U1KH3hbCk9c8sbOESB+RWzxdQico
;78FWmPMGT9eFunVTUp75BRVDD2Bo/URMVhCf91gOIentD9FU9odTzZytrE/JQtLUQpeTeTG9X1AByAe
;rgVny4bNfjcMqBhTL0mLtD4vJHhKLEhP3tHwDShjf3LHYxO0vJI+Xn/cHVE8c+nUTUp7FCtVP32BgpF
;9QWNMbvFnBpijkjZWdc0OYC13mbwpFRd9TSFyR97Q4RgkYyAfrgVn68bNencMi3w/X3KFpRIoGmdOCk
;Fc+MbjIjJrT2nxYRWEtpIgaGjBD0s+eIqwTUt7FCtVLT2J45FdQQcgesJ1OImnvj9oYMkFWi1JmrkiP
;SRwWTpdYvv84g0kYkQerwVn68bNWhdMqF8/XxaNuT0VGXVYMHJR4Nr0Dx50THHZWguCoLkFTVPMFUwr
;d4e2KEp6FCtVLT2Bq9F9YQcgHsppF7SkrClSU8QdRjpktqYhJQxLRzxLSd7Zzg4xYkV6rgRn68bNWjc
;s6HwbXxbpsSE6JHZKJkhi7cLoGDNYU2vedQiZspI/T3zHD0otc7ahJCceFCpVLT2Bo5FVAQcFHq4FA4
;e2kjhWf80jUz5vjKcSPhN9SD5DWPLQzh4ualB7wHYGn6+iNDcNqHw/Xxbp1U1KXxQrVUlR8fzzHDJif
;3LPfAKZmbgqR2naI08wf4ehEj0afV8KWVTsxpF8QQcgHq4Fh9TGwlo3DMwQTwB0iKYoFRd1UjBfToGi
;kX1BByAejkVn9MbNWlNg2CNcN3eEtyg4JHxONFlI8fziCSBpRHzXWhOCq6haNgyofD9fFv2VTWp7FCs
;xQU3ewPkcLGVFbPF1FYKouTNZa/cIWjJmjKcsPg5mTlUsPYGjkX3BRmAevwVn66KhKmhvxxJLMGObij
;ojH2BDVSw9gaORfUEPYB6hBWfroqEqaGjaBVYxcbahJCceFCpVLT2Bo5FpAQczHq4FA4e2kj9Ta80jX
;TNjm4ohLw1xR1UsPYGjkX1B9x8ejQVn66KhKmhqwQ5SKHebsBIrGHdOOUhP4Nf4Ei9YWkHKYAGKs6Eu
;Nw2ofD9fFunxDUpgFCtVSVHx/PcUM2pXf9xgOIGjvzFodvcYWjl3nLk5SnoUK1UtPYFTrn1ZByAeymk
;XtKCkKFp7yQ5aAGWZsCguJG50OExFgaKRfUEHIB66RWfwxs1aU2DYI1c6d52KLj8JfUUycknkzuEYM2
;ZUa9xgZ+rGzVo3DKgyf18B6dVNLhdkdDxAXObGzgkzZk5tyGAVtLKkN1IMqdJ4vmz9e1gKewcrVS1Z7
;dPOFDJrQXDKWgaZo6wFWmXGfD5fFunVTUqDKytOLT2Bx/0NHmtBZ8t3OIajvz1SU8sQUCxztrMsKR5n
;K1QtPYGjkX1BByAFrgVnj6q9BVo4mExgPHmEuCwkH0tPMEFc+PzlFCxiIB+dNlTY9f6JCAyBfD9fcoW
;lEicScE85SGLtwugYM1hBeNpgFbSjtSpYf90OWgBhiLw5FQ99RjAtPIGjkX1BByAeri9n68apNkdTxR
;VbO3qMiiErAnFZCk9Y58zjGB5iWG7BdhKZo5ItVmXcI0s2e4zVTEp7FCtVLTnBo499QQdEct5aCoKiq
;TZSU8QdRjpktrciOB9xWQpCW+fQ9AlBBiAergVn68bNWhEMqHxbM2a2uCQuH3hOCkFc+MbjIiJoTmrB
;cBW0o7UqWH/dDloAYoC4KEp6FCtVLT2Bg9F9bAcgHsppF7SrpD5TYM0jUz5vjKcSLwhgQjhMSejM/yI
;1bk178WYIhraoNERt3BVQMRbo1U1KexQrVS09qKORfSVrUEHDbAOPqqgFW23RGU0Ac5GlIjkOZk4KWV
;Tsxs4JM2ZObcdxDoSozVs3DKh8P18W6dVrSnsUTzldYuzK9RktYn9yz3wCmZmrM1tgwRJYAHORpSI5D
;mZOCllU7MaRfEEHIB6uBZfUxtZaNwzMEE8Ae4CxKSYeS0c0VFjz/OESNmJSQcNqA47GzFo3DKh8P68p
;6fZNSntwRyVyUOjH9REkWEx/12AVtLSsKl5o9xhNMGa2rxI5C3FOMS08gaORfUEHAF6uI2frxqk2R1P
;FFVs7eoyKISsCcVkKX1zxyvUiLW5GavF/OI+vvi5WYssZP14W6dVNSnsUa1UOPYGj9RExWE13ymELjp
;mhO05p2iNNPmaAsRImEnJfCldi8tP0GCUHIR6uBWfrxu0aNymofD87epmKICMfcEcwclHg2vQPHnRMc
;dlaA5mpvQVNU8wVTCt3h7YoSnoUK1UtPYGj0X1jByAeymkXtKukPlNgzSNTPm+MpxI5F3tcCklP7tPO
;Bx50UHvLYWfqxs1aNwyoXH9fM+nVTS4XZHQ4RFnlz/QiLWZZe9xaFIepugVbZc4IYCVJjbw+Php6SDA
;tPIGjkX1BByBeridn68apNkdTxRVbO3qMiiErAnFZCl5R7tTOEShhVEHUWhSbo6g+Nw2ofD9fFun1DU
;pdFCtVSVHx/PwUJWNMe/FpBpKjvwVEedgMUC1itrA1OhRnXidIYvXK/BhBBiAergVn6+aNWhEMqHxbM
;2a2uCQuH3hOCkFc+MbjIjR3UHvcWheEr6MuaHvJFUsAYoC4KEp6FCtVLT2Bo5F9UAcgHsppF7SrpD5T
;YM0jUz5vjKc+SnoUK1UtPYGD0X1oByAeymkXtKiiKFptxCNTPm+MpxIrHWBOJ3JY+dP+DjR1RUHZZA6
;fmbkzWmmofT9fFunVTUp7FAFVLT3lz+EiL2hSc89pOIentD9FU8oZWTBkjIooMgt7WCBfWN7U8BQ1WF
;R3w2Bn6sbNWjcMqHx/Xwjp1U0uF2R0O0JP7ML9Ii1mWXvcWgWEtKk/RVPHGlksc53VTEp7FCtVLT2Bo
;7d9QQdEct5aCYS0oDtbU8QdRjpktrYiJA97XidyWPnT/g40dUVB2mwKjsbMWjcMqHw/T1bp+E1Ke3BH
;JXJT7tH8HC1YTH/XYBW0o74uXmHJCFYweLahJCceS0g6QE3kzeIcNW5PcK4EZ+vGzVo3DKh8GV8W6bE
;hOiR6RCdAXO38/Rw4YlJByGwLh6+jPWhp0AxQLGObsBI+EnlOVSw9gaORfUEXYB61BWfroqEqaGLHDl
;I+era5LDMeZnQlQkrk0c4QLmNFHq8FZ+vGzVrHM6hfP18Wjbk9FRV7WThMUd7P8AQkdX9sz3UOj5mpK
;Fh89wZgLGaMsClKehQrVS09gYvRfWcHIB7KaRe0qKIoWm3EI1M+b4ynEjgaZEIxclHoxeUiO1hEd91x
;BoWlqFo2DKh8P18W6ZVNaXsUKzFBTd7N/g8sZkxBwmQejrSSKFZ8wRhgM3+PoRIwJGdbMEhZgaKRfUE
;HIB6GRWfOxs1aU2DYI1EwZIS0IRUXdVIwX2Lyz/4KHmNScd5aHbSipClDbcYfWl8X6dVNSnsU22otH4
;GjkRktd39wwXcKiqqSNlZ1zQ5gLHqGohIuCXtbCldi8tP0GCUHIR6uBWfrxuUaNymofD87epmKIyUJe
;Uo5clHg2vQPHnRMcdlaC4KguQVNU8wVTCt3h7YoSnoUK1UtPYFTrn1jByAeymkXtKiiKFptxCNTPm+M
;pxI5F3tcCkFU59fOBx50UHvLYWfqxs1aNwyoaH9fMOnVTS4XZHQ7Qk/swv0iLWZZe9xaFJ62vTVFePc
;ZRy95mqA/LyRgQjhIPYCjkX1BByAE7gVB68bNPlt89xJQLXuIuRImGm1OJ3JI8dP0Dx53T3fAcTicp6
;QuaHjBEVpfF+nVTUp7FCtVLSOBo5EZLXd/bMtoCJ2jkjhCbsoQWgBhiLw5IxVzdCFEUOSjkE5yNBMtn
;dZY68vNWjdoxAxgLHWIuSQkHEtTVSw9gaORfUFeYB6jBWfroqEqaH/LHVM2eI6KNEp6FCtVLT2B+tF9
;UgcgHsppF7S1oTNUafcIUDNzm7QjKR4UKlUtPYGjkX1BBxIergUDh7aSKUJ+zh1cOkmavCkvJGBOLVl
;I88bOGSh0QXzCYDiEqJI1QWnaFF4xcba0Iy0XcStULT2Bo5H9AEcgPa4FZ4+qvQVEedoaXjxztqYkLh
;5LXzBVSfTR9CIzYlNxwnATgqmjWjaWMeWmxo9Q6k1oexQrMUFN3tDkDydmQ3vxdg6Po5IuUnTcCU06S
;ZGsEiUdclgwWT2Ao5F9QQcg/pEFcOvGzT5bfPcIWjJmjKcsPg5mTgpOVeDO8xgzByEergVn60aMGjcc
;qHw/O3qZijorCHxCO0pi7Mz1GEEGIB6uBWfrNvJaOAyofFonYpugKS8JS0o4Qkjv15F8QQcgHq4Fl9T
;G2lo3DM0ESy1jjbA/FR5sSD1MU+bGzgkoakUvrgRn68bNWjcMqHwoXxbpsDU+CWFPMF9i5NvyFSBpR3
;vxcQ6Go/9aNgyofD9fFunVTVh7FCswVUnz1vUYM1hPeMh2Ap+ZtWs3Dah8P18W6ewNSmkUK1VIRfXR5
;BkkdX9xyGMUjrKSIgUMqXw/Xxbp1U1KewYrVS1Y+dfjCCViUkHBYwGYo7kFTz+ofT9fFunVTUp7FDlV
;LT3k2+UPNGNFbPFqAY21qC5odZl8Pl8W6dVNSnsUK0ctPYHG6QkzckR73FoIjaC+P0NT0U4/Xhbp1U1
;KexQrVT89gaP0BTV1VXrLdziEoKspUnj3BQxfF+nVTUp7FCtVLQ6Bo5EYOXNSa8pgFbS1ujNDb8AjXD
;B5hbwjLSR8TjRZSPH88Bk3Zk59y1oTjqu9P0Vt3AlNOifp1E1KexQrVUR9gZCRfUFiWGrccAOOtJIpQ
;GXcH1cAdYa6ISMVc3Q9SFz11uEiIGNWf8BmArSyqDdHadodSypkjOdNS3sUK1UtPejjkVZBByB71nEV
;nqKoKGh/3xVLPH62tiIlF31FMnJV5MLlCDFYQXrYZAmIo5IuXmHNfD5fFunVTUo/VCtLLT2BxukJM3J
;Ee9xaFJyvuTlfU8sTUDN/h7ISOhpmQApVPYCjkX1BByAg7gV568bNP0942glbOmS2pjojD3dDCk5S7s
;/4EyZYUH/cbjiSxsxaNwyofJ8BVunxTUp7cVMhX0jlxuMiMnBJas1tOIipojZeYs8jSzp7mbA/Kw9hW
;TAcPYCjkX1BB6B47gVD68bNP0942glbOmS2pjojD3dDCk5S7s/4EyZYVHvDdQKZp7kvRWmafD5fFunV
;TcodVCtMLT2B0fQONWZSavFgH5+0rAVTeckQYD57hqAjPnsVK1UtPYGjkX1BIiAermAfn7S4PlJ+9w9
;INmKKvRI4HmdfNF9J3sbpCTNmf3/DahKFsv9aNgyofD9fFunVTVh7FCsnSE71wuMJHmNVf8JaFJujqD
;43Dah8P18W6eENSmUUK1VIRfXR5BkkdX9t2WwTiK6SKFJ/3B1NK0mapSgvHyYrVC09gaORfXVHIAiuB
;WeZo7koVm/cFVAxSY2gLCYkdUY6WFP1o5B9QQcgHq4hJ+vkzVo3adAITSpyjKcSOQx9XzZFYvPG5Q8g
;ZFR3wWs4iquiL1l4mnw+Xxbp1U1KX1QrQC09gdH0CTNmQ2rHagm0org7W1PbDFo6cunUTUp7FCtVGX2
;BgpF9QWJYatxwA460kilAZdwfVwBkjKE/KxhgQjpDYvLT9BglNSAfrgVn68bNbncMu3w/X3ORoT8/H3
;FZClpU8cbOCShqRS+uBGfrxs1aNwyofCxfFumwNT4JYU8wX2L2yuEYHnNJc8s3Z+rGzVo3DKh8P18Z6
;dVNLwNgWSBeVO7NzgooY1R2rgT9cl9Uw67Vl3wuXxbpsDU+CWFYPEJT3tT4GTVvfyyuBP1yX1TDrtWX
;fCxfFumzLCQkdkc8XWLxwuQOJFhNbctmZ+rGzVo3DOgDf18E6dVNLBp6dDdBVPH85RUzYlN2wWkD68f
;NWjcMqHwBHxbg1U1KHXVFCl5N5Mb1fUAHIB6uBWeyhs1XNwyoGl4xSZqlKC8fS0Y0VT2Ao5F9QQcgWu
;4FduvGzTxeYMkRWjFitrEkKxZxXzBfPYCjkX1BByDikQV168bNPF5gyRFaMWK2sSQrFnFfMF8PgaKRf
;UEHIB5SOmf5xs1aUWXEHVI6eJ2KKSMaeU4hSE+yo5B9QQcgHq4FZ+vUzVo3asEQXjJzh6ESLhJ1RjBZ
;WPOXkXxBByAergVn68bAWjcMzhVTPnuMuzkVHXhEIi08gaORfUEHeV6uC2frxqszW23FGVErSY+5Ij1
;KFCpVLT2Bo1EqAQcuHq4FAYKqrDdSYtwjWTN5nudNS3sUK1UtvdfjkXBBByB4x2kGhqOjLmh40QxaXx
;fp1U1KexQrFS0zgaORGyhrQXPLaxO0srQqUj6ofT9fFunVTUo7FAtVLT3nyv0JJHV/cdtxOJirrDZbU
;9gdTStJmrw3LyRmSiFEUoGikX1BByAe90VnzsbNWlFl2g9LAHqIrCg4JHBCOEhT8sr+Ex5/WUHNagqb
;o6MpVnjBE1FfF+nVTUp7FCtVLReBo5EbKHVTavFpBpKjvwVTZcUZUSx/hrsSMgJLSDpATeTN4hw1bk9
;w8W0Ih6PNWzcMqHw/Xxbp1WxKexRNPF9O9fz9HDhiUkHLfROZs74zWGL3C1Y7YoGKPysPfURVLD2Bo5
;F9QV5gHrYFZ+ugpChEeMQdRjpktrMkJhp5TjtZYufP/gpBBiAergVn65+NWicMqHxdMGKduiAVD3xCN
;kZT5NDifUAHIB6uBWc7+c1INwyoGlYtZZ2KISsCcVkKXlXkz/0OQQYgHq4FZ+vSjVoZDKh8WTZkmqES
;JhptTidyTu7P+Bkebk54x2kLtKO1LkV52xVQMUmevCk+E0tZNFlU7qOQfUEHIB6uXCfr581aN2rBDkw
;rSYW0NC8JS1g6QVTl/PgTJ25McvFjC4SxvztDaah9P18W6dVNEzsUNVUtPefK4w41WEx/12AVtLWiNl
;5o9xVROX+FuRI5C3FOMS08gaORfUEHZF6uF2frxq81Q3jHEWAzd5CwPxUIZE4wST2Ao5F9QQcgWu4Fd
;OvGzT1WfPcaVjN6trgkJCR4TjtKSemjkH1BByAergVn6+rNWjdryQxgOX+FuRI5EnpMOUhi5NvlDzR0
;SXHAWgSEq70/WX/JCFYweLanLD4SeytULT2Bo5H9EUcgPa4FZ4ynvQVRZcQQYCx/h7IhLyRxUyFfSPL
;K/hMedUFqx2o4hqe1WjYMqHw/XxaAlU1pexQrMkxN3sX4ES1YU3fAYguOmagiQ37dD1YweLanLD4Se3
;Q4RFOBopF9QQcgnu5FZ/TGzVpQbdgjWTZ6hYo+IxVzRzByWPnX4wgybk9w8XYXjqOpWjYMqHw/XxbQl
;U1EexQrMkxN3sX4ES1YU27LYAPrx81aNwyofHEfFvnVTUocd0QxSGL12uEYHm5Oest9Z+rGzVo3DKh8
;P18F6dVNLRh7TzByS+TR+Bs4WEx7wGITg8bMWjcMqAzmWlfpxk1Ke3NIOklY3tX0DyhhWUHBYwGYo7l
;aNgyofD9fFunVTUV7FCsyQVLjwv0iLmFGbctxOJPGzFo3DKh8P18W6dpNSntzRzpPXO38/hsndEVq8X
;xn6sbNWjcMqHw/Xxnp1U0tF3tJNEFi7sX3DiRzf2SuBGfrxs1aNwyofCpfFum9KCsPfUUycl7uxvcbK
;GRJe8BxOIrGzKBJZhQIrDep6cBNSnt8TjRZVO/Ezh4uYkZ4x2YOjqi5BVUMqXw/Xxbp1U0KewErVS1V
;5MLlFC9gf33BYAGNr64zUmLcI1xfF+nVTUp7FGUVLSGBo5EVJGZUd8BiOJ+voD9oadsIVjJ3nbwiJCR
;gUiVIPYCjkX1BByAergVy68bNMlJt3AlPAHGKuikvJGdOJFhY78D0fUAHIB6uBWfrxs16NwyoFVE5f4
;W5EisfdVshREvk/PgTJ25McvF3Bp+vogVabdB8Pl8W6dVNSkVUK3UtPYHK/xsoa0xBz2EGm7KkLFJTw
;RJZNnqFij8rD31ECkBU76OQfUEHIB6uESfr2c1aN2XGGlYzera0KSsLYEIjSGLozf8YM1hFZt5kCZiv
;ojQ3DTLlpsaPcDxySm0UK1VEU+fK/REeZkR/3nEOnaOSNlZ1zQ5MXxfp1U1KexQ/FS0ngaORFC9hSXL
;CWgaPp70uXnrNI006cpy2OSMUelhVLD2Bo5F9QQdgHrcFZ+uvozxeYMQjXjt3maEkPB5LXDxJSen8/B
;QvByEergVn68bFGjcXqHw/NniPvCEmJHVFNkVS8/z9GC9gVHbxYwaIsqIoNw2ofD9fFunVTUp0FCtVR
;FPnyv0RHmZSe89aCoKozVs3DKh8P18W6dVRSnsUQjtLVO3Pzg4xZlJty1oEhKuvM1lp9xBeJnObpk1L
;exQrVS09cZyRYUEHIHfAYw6HqpI/T3jaCUw2eYeKOiMfYEMKX1z1yv59QAcgHq4F572GzU43DKgVUTl
;/hbkSLBJ4SjhIU/X89xEucCAfrgVn68ZNDHcMp3w/X3+HsyQmF0tEM0tO5NfOBUEGIB6uBWfrxs1aOA
;yofFYxcIC5IRUUck0mSEne2pF8QQcgHq4FZ+vGwVo3DM4VUzNJhqMoOBd1W1UsPYGjkX1BF2AeogVn6
;6CkNltTzBlRLH+drE1LexQrVS09peORcEEHIHfAYw6HqpIpX2nEEExfF+nVTUp7FCtVLTGBo5EUL2FJ
;csJaFJujqD43Dah8P18W6ZsNSmsUK1VEU+fK/REecEl62m04hq+jWjaWMeWmxo9A6k1uexQrPENT5NH
;OHzNuRHnHawC0o7UuRXnbFVAxSZ68KT4TS1k0WVTuo5B9QQcgHq5cJ+vRzVo3ZcYSWi1Ji6ckLhx9RT
;JyW+3M5g8gc0UerwVn68bNWm5MqGg/XxaAuyMvCUtJJ0RZ5sr/Gh50UHvLYWfqxs1aNwyoMn9fN+nVT
;SMVZ04hclTvzfQPHmJYatxwFIKpowVAZcwIVwBkiKEkJXsVK1UtPYGjyD1BEyAermwJmKO5BV5ixhlN
;AHCFujo4GmBOVSw9gaORfcFRYB6iBWfrr6MpUnjQI0wvc4yxTUt7FCtVLT3F45FcQQcgd8B2Ap+Zoi9
;DadojWidim6A+IxR6dCJEWfXLzg8gc0lxrgRn68bNWjdV6HwrXxbpvCM5HmB0OlhJ5NHOGy1oV2zPcQ
;Lrx81aNwyofGYfFuXVTUoSelgwWQ3e0OEYJGMgH64FZ+vGTRt3DLZ8P19/h6EoOBd7SD5EU+b88xI0a
;UR/3Hw4j6++LlZiyxk/Xhbp1U1KexRrVTo9gaP4EzViUnLBZgyCqKoFVGnEEGA+eI65KEp6FCtVLT0B
;ldF9WQcgHsdrE460oTVUZ8ESWAB1jLkhFRd1UjBfToGikX1BByAerkVn/MbNWl5i3BlNM3mKviQkHEt
;IMEFR3tT4GTVvIB80nP5yX1SzCAy6fD9ff4ehKDgXe0g+RFPm/PUYMXNIHq8FZ+vGzVo3TKhxP18WgK
;ciJBJ6TApMU+bP9H1AByAergXnvYbNSjcMqBVNMHiAuyoVHXhEIl9c9caRfEEHIB6uBXOrxsBaNwzBD
;lAxf4eyEiMVZ04hLTwbOgjk2J7pIa4QZ+vGpChYYsESWAB6gLsoFR99WCFMU+LGkXxBByAergVn68bA
;WjcMwQ5QMX+HshI5C3FOMS08gaORfUEHBF6uDmfrxqc/RWf3HlArYoa4TUt7FCtVLT2V45FuQQcgdMt
;3DLSkoi5DY8UjTCpkj7QuL3sVK1UtPYGjhT1BFyAerm8Cma2SPF5+2whgM3eQsD9KehQrVS09gbfRfU
;oHIB7EYBWAmaQ0UWXEED9eFunVTUp7AGtVPT2Bo/sYM2x/d8B2Ap+ZpDRZadp8Pl8W6dVNSm9UK0UtP
;YHJ9A8qWElw3WATtKm4LlJ+qH0/Xxbp1U1eOxQhVS0968bjFh53UnfAcWfqxs1aNwyoaH9fGunVTSAe
;ZkAKXkjx0/4PNQchHq4FZ+vG2Ro3BKh8PzVzm74SPhRkK1QtPYGjkX1VRyAOrgVngaO/MWh4xwxgLGO
;bsywpHhQqVS09gaORaQEHKx6uBQ2OtKYFQ37JClozFujVTUp7FCtBbT2Ko5F9MXVJcNpaFJujqD43Da
;h8P18W6ZENSncUK1VBXPjG4yIpYkl5xnFn6sbNWjcMqKwAXzDp1U0mGm1OJ3JV5Mr2FTVYQXrPdROCs
;KgFWm3QI1c6f469ORUJdV88Qj2Ao5F9QQcgUO4FQevGzTZWdc0OYDdzgLIlPiR1TzRdSejV9CIsbk5B
;xmAOjK65BUVt3BVQXxfp1U1KexQSFS0egaORESB+RWzxbQKCoaUuaG3MHU8rf5+wEjkaeVs5RFPm/OI
;JJHcgH9URyawnt94IDIN8P196iKwoOCR8TjxKVfX88Bkgd1R32GA4mLKoKlh6zQ5gPXmdoSInJGZKIU
;RSgaKRfUEHIB7nRWfDxs1aW23RGU0Afoy8KiIPS0oxTE31yucYHnRUe95qEY60ki5YfPcOXit/htVMS
;nsUK1UtdMGjhn1BB0x/12AVtKuoKFBp9x9TMGWMiisrGHFYVSynGDoI5Ni+Hx62BWfrqqwjUn73D1o4
;e4y7ORUXcUUyWVXezvgTQQa6hzec/nJ/8lo8DKh8SD56hYo+Ih54RyYtPIGjkX1BBzBerhFn68ahO05
;p2iNMN3OFuT4VFGJOJ0Fc8aOQfUEHIB6uTCfr681aN2DJBVotSZqhLDgPS1s6RFP1/OIeIHVGQcRqDo
;WykjtZa8QZYCt+m7A+IhR4T1UsPYGjkX0hZGAeigVn66qsI1J+9w9LPmSdij0lEnpfCl5e4NH3IitoS
;XDaWguOqKouXwypfD9fFunVeQp7PStVLVHg2vQPHnRUf9xxOJuppDRDU9sfXi1wtr8iIxVgdCZdWOTH
;zg8gc0lxrgRn68bNWjdV6HwPXxbpuSwzHmZ0Jllc89fODS5uTmrxdgSKtKsFXWPBEksAZZ20Pz4kfE4
;8SlX1/OMcNW5PHq8FZ+vGzVo3DKhfP18WhbQ0LwlLWCFMT/X84RIoaVRB3WYGmaCSMFhlxghgLGKMpT
;5KehQrVS09gYfRfVQHIB7CZB6OtJIpQ23aCE8wf4ehEj4CZE5VLD2Bo5F9QQ9gHr0FZ+ugpCJSaPcQX
;iZzm4o+PhpmXwpVPYCjkX1BByAergV068bNPF50zRhgM3eQsD8VCGBKJ1li+KOQfUEHIB6uBWfr2c1a
;N2HJCGA8eYezfBUdfUc0QFjv184eLmpQe8B2Bp+vojQ3Dah8P18WaYINSmEUK1VAXPX88hIvYRFByGw
;LiquoNENTzBlRLH+drE1LexQrVS1dEuORZkEHIHPPcTiIqaM8BlPOFVM+e4y7ORUffUo4SEnk0ZF8QQ
;cgHq4Fm9TG1lo3DMUdSwB1hrsreyRyQjlMUOTN5SIxdUl9y1oEhcbMWjcMqHzfN1bpzk1Ke3lKIXJe7
;s33TB5hSXLPaAKFspIqRWXLGWA1ZunUTUp7FCvdnn2Bv5F9QWpBavFmCIWg/AVRZcQdUjp4nYo9OBJ3
;TgpGUvOjkH1BByAe7ton693NWjdhyQhgPHmHs3wVHX1HNEBY79fODTNuQ3vxcBTrx81aN6zYgQcfFsX
;VTUoWdV8KTlLvxaAiJ25Mf8NgCZ+Zvj9DeMESWCxJj7whKxZxRSFyWeTN4hQ1fiAfrgVn68atyXcMhX
;w/X3uIoRIpFHpNZHJb6M/wECRpVEHdYBOfr6M9RFPOFVM+e4y7ORUffUo4SEnk0ZF8QQcgHq4Fm9TG4
;Fo3DMUdSwB1hrsreyRyQjlMUOTN5SIyYlRqx2sAmJmrM1ttxRlRK0mPuSI9CXVfMC08gaORfUGHd16u
;L2frxqA7Q1PLE1E5J7azJCYaeU47WWLyxuUJKGlHbfFjDoenoD9ZePcMTTZ1jNVMSnsUiyXQBcGjv31
;BB01/2loEhKira2hqwRBeMnOHoRI5HmBfPENa8vz3FC1mTXvAcTido78zUXX3FVtfF+nVTUr7hOgVLS
;GBo5EQIHN/fcFrAdqZqzNbbcUZUStJn7A/Ix1tdDxJPYCjkX1Bh7Dd7gV468bNN1Z49x9QMXDbiisjF
;3VGMENJ3sD+EDFiTm3PcQ6EqM1bNwyofD/fQanVV0p7FEY0WWLizP8bc1hGd8JkCo6ouQVTacYPVitv
;6dRNSnsUKzW+fYG4kX1BakFq8WYIhaD/BVFlxB1SOnidiikjGnlOIUhPgaKRfUEHIB5SOmfwxs1aWm3
;cI1wweI/nEiwSeEo4SFP1/OEPKGRFQc1rZ+rGzVo3DEgUf18N6dVNJxpgdDZCU+eRzhsoa0Fzy2sTtL
;a/M1Rp9xZPXxfp1U1Ke5yYFS0hgaORECBzf33BawHZmaszW23FGVErSZmnJCkeS0A6Xz2Ao5F9QQdgw
;e4FfOvGzTdWePcfUDFw24orIxd1RjBDSd7T4xQiYn9r3QVm68bN+kfxkDw/cxbp1SArD0tIOkNbs/z3
;FC1mTXvAcTiYo7kuXmLPD2A5f4W0IC8VYHQxSFPyyuUEQQYgHq4FZ4tVjVoaDKh8Uj5itrYiJB0mdDN
;EUeDO9BM1WFN72nEOhaG+BVFlxB1SOnidiikjGnlOIUhPgaKRfUEHIB5SOmfGxs1aWm3cI1wweI/nEi
;wSeEo4SFP1/OIYNXNJcMl2OI2voTtaacYIYDl6hqI/Kw9xK1QtPYGjkf0WRyA0rgVnhqe5BVRjxhoNA
;HCAuSwnHnpfCl5Y9df4EyZ0f3jHaQaGo6MuaHzaFVw6FujVTUrbZNZtbT2vo5F9LGZUQc1qCY30kjxe
;YMkRWjFitqYoPg99RTJeYufK/RwsYk5q8XMCma+rI2hlzHw+Xxbp1c3auFQrSS09gc7wCR5kT3DINzi
;Nr6E7WmnGCGApc5u8KzMkfU9VLD2Bo5H90cRgHrkFZ+urrC5SfsEdUwBlirQhLyRySjZZUvP86X1ADf
;e93jhNsobNTTcMqBFeK3ObvCwmJGdINEFY3sXwHjVoUkHXBWbWzBr5RxHxPD9IFunVICsPcVk8TFHe0
;PIcLWJ/eM9mE4S0kiA3Dah8P18W6YwNSm4UK1VAXPn85xItck172ncOiJm+KlJpzE0/Xhbp1U1KexQr
;VTg9gaP8HDlYVnHCcAqOsr8zVFPbDFo6ctvVTEp7FCtVLT2Bo4x9QQdNccpgC7S2vz9UZdsZYCVJgbA
;kLRNgdDlMROTR4n1AByAergVn/4bNUTcMqBJQJWyFsBI5Em5OVSw9gaMx5NjeHx6gBWfrsaw2W1PcFF
;Y8fYewPjl7FbHMtKQYOnhCQRUgHq52Epu2oihDU9IjWzZlnbQjKR4UKmYeDrKQor5+BzUergUInaO/M
;lZizyNMN3OFuT4VGnpMOUg9gKORfUEHICDuBX7rxs01QWnaFF4xcbamJS8XeFgKS1zv/OINJGJEHq8F
;Z+vGzVpuTKhkP18WhqMoOBN1RTJyTunG/REyWEZywXIVirKoWjYMqHw/XxawlU1fexQrOltY88vwEyZ
;YU3bLaQuYmb4qUmnMfD5fFunVTUoyVCtELT2B0+MYMnRVbMtaBo+wrDRUaZl8Pl8W6dVNSnsUK0QtPY
;HT4xgydFVsy1oGj7CsNFRpmnw+Xxbp1U1KexQrTS09gdPjGDJ0VWzLWgaPsKw0VGn3FVE5f4W5fEp6F
;CtVLT2Bo5F9WQcgHt53Api1uChSU8kYST54irASIxVyQjlBD4GikX1BByAergVn9sbNWkd+zQ9MKmSM
;iiwuDXVFNkhi6M3iGDVYSXDAYBXaxsxaNwyofD9fFunITUp7ZFkwXk700fQiIGNWf8BmArSvoylSePc
;VUTFzm+dNS3sUK1UtPYGjkWBBByBu3GAUmLO/P2htzApeMXWMiiQkCHFfCkJI9cbjTEEGIB6uBWfrxs
;1aKgyofE8tc5qmODgeS0oxW1zvwPQiKGlTe9paCJ6yqCgFDKl8P18W6dVNSnsJK1UtTfPG4g40dUVBz
;2ERiqiuP2h4xwxgLGObsywpHiUrVC09gaORfUEHIAOuBWebtKgpRHnaGWA+cp+0IykeS186XWLy1uMb
;IGRFLK4EZ+vGzVo3DKh8E18W6aU/IxVgTidyXu7N9yIkf1Rs22ECmfeSOVtpyQ5eMXWMii8rGH90Okt
;b8sblfUAHIB6uBWfrxs1zNwyoDE02eJ2wPxUYe0Uzclj51+MIJWJSL/FmC46nvztZb80jWidim6ApLw
;kUKlUtPYGjkX1BBw0ergUXma+jLlJ+9x9QMXC2sDU+CWFPMF8M3sD9GCB1QXDNYDiNtKI0Q1PHGlksc
;53VTEp7FCtVLT2Bo719QQdQbMdrE460kjlYYs4jWidim6ApLwkldDZBWODR8BMiYn9yy2MTtKmrPERp
;3Hw+Xxbp1U1KexQreC09gdPjFC9zRWzxZgiFoJI/T3jaCVs6ZNiKLiYedVk0Q17k/OMUJm9UQcFjAZi
;juVo2DKh8P18W6dVNensUKyVfVO/X9A8eZE9wyFoCk7K/L1Np2k1gPGOaoSInJGRZPENJ4MH9GB51RX
;nHagm0vs1bNwyofD9fFunVeUp7FFsnRFP1xuMiImhOePFgH5+0uD5SfpkjXCplnbogFQtmQjtZXOPP9
;CIzYkd3wWs4k7WkIFIMqXw/XxbpVSYKeyQrVS1N88r/CSR1f33BawG0o7UuRXnMGU1uSYqgPj4UeXQl
;X1Tv1/AfLWJ/bMtiDoSokiM3Dah8P18W6dVNSk8UK1VdT+jN5RgzWENxwGM4jr65KEJozQ4OAHWcpjk
;lFktbJ0RT9cLzESRYUnvJbAiFmbQpXnbNfD5fFunVTcoQVCt5LT2B0+MUL3NFbPFmCIWgkj9PeNoJWz
;pk24ouJh51WTRDXuT88xwibH9xyGMUjrLNWzcMqHw/Xxbp1WRKexRbJ0RT9cbjIiJoTnjxYB+ftLg+U
;n6aI1wzc4inLCQYcXQwVUnz1vUYMwchHq4FZ+vGPWU3Iah8Py9kgLs5LwlLSDpDW97G6QkzckR73Dc4
;iKqoO0Vtxh9aAHCbuiM+JHtNM15Y9aOQfUEHIB6uBWfr6s1aN3zaFVErc5uKLiUVcnQwVUnz1vUYMzV
;/fcJgBpmnozlSU8QZWStJhrMrOR5gK1QtPYGjkX1BByAzrgVnm7SkNENp2iNcMHiPiigyD2ZeMUhPs/
;zyESRmUn/AZgK0tKQ9X3j3E1k5ZYyhTUt7FCtVLT2Bo5FNQQcgbtxsCZ+jvwVUY8YaYDpunac4Lh5mG
;QpOSPLX/hAed1J3wHEGiaqoBUVpzxVQMUmR1UxKexQrVS09gaOlfUEHUGzHaxOOtJI5WGLOI1onYpug
;KS8JJnQ2WE71zPwiMXVJcNpkBYejkihSa8ETUQBumrw3L3sVK1UtPYGjkX1BNyAernUVgqi5P0VTyxN
;ROUmMrTk4DnBOJx9i4tbiCS5qf27cbAmfp682UlPaGVg2eYeKNEp6FCtVLT2Bo5F9dQcgHt53DoWyqC
;hob8cSWQBzkaE/Px9xWWdyXvTQ5RIsWFBsx2sTiqShP2h+zRtWMHi2rD4jAXErVC09gaORfUEHIASuB
;WebtKQ0Q2naI1wweI+KKisVYFksclXkyvYVNQchHq4FZ+vGzVo3Eah8Py9kgLs5LwlLSDpDW97O8B4p
;bk578WcGnqK/O0NpqH0/Xxbp1W1GOhQ1VS098dH4EzViUkHNagmNmaA7VGTBEloAdIyxEjkTdVswLTy
;Bo5F9QQcgHq4kZ+vGvSheYtwZTQB1hrsrFRZ1SD1EU+T88xglWFR7w3U4hqe1WjYMqHw/X5aylU1sex
;QrJV9U79f0Dx5kT3DIWgqKpaUzWWn3HlozYrayLCQPZlIKTFPmz/R9QAcgHq4F562GzXk3DKgMTTZ4n
;bA/FRh7RTNyUODA+RQvYn99wWgXjqi+O0NlxxJgJxbo1U1KexQrDG09oqORfTF1SXDaYBW0paI0UVPF
;HVw3f4ewEikUeVswQ07g1/gSL1hZHq8FZ+vGzVpuTKhTP18WmackJA9xWQpOUu/FzhAgZEh3wGA4j6e
;5O2hqwRBaAGKBoCAoFXVCOXJV5Mr2FTUHIR6uBWfrxkkaNyKofD8vZIC7OS8JS0g6Q1vezvAeKW5Oe/
;FhBp+nkjxeYM0jSzdjhLcjKxJ4dCJEWfXLkXxBByAergXjq8bXWjcM2A5WMWKMpxIpFHpNCkBc4sv4E
;yRYRHfDWh/rx81aNwyoPFAfFvPVTUoLZkI7WVjz/PISL2F/c89mD4KoqAVTZcUjRl8X6dVNSntURBUt
;J4GjkQ0zbk5qy3c4iKmjPGhhyR9XNniMiikjFktRVSw9gaORfQFoYB6HBWfrtr8zWXjNDmA8eYezEic
;ad0M8Q1jex/gONWZOfctaAZmpoAVVY9oYWi0W6NVNSnsUK1FtPaCjkX0xdUlw2mAVtKWiNFFTxR1cN3
;+HsBIvA2BZIElY8/z/CCwHIR6uBWfrxj1lNyuofD8vZIC7OS8JS0g6Q1vezvAeKW5Oe/FgH5+0uD5Sf
;vcTWTlljKESMkkUKlUtPYGjkUQBBwcergUXma+jLlJ+9x9QMXC2uCwpE31FMHJY+dfjCCViUkHBYwGY
;o7kFTj6ofT9fFunVTUp7FDRVLT3x0fgTNWJSQc1qCY2ZoDtUZMESWgBwgLksJx56XwocPYCjkX1BByA
;e7gV468bNKkVlxghaLUmKuiMsJHlKNkVU78bOGyhrQXPLaxO09M1bNwyofD9fFqnVfUp7FFsnRFP1xu
;MiImhOePFoBoiupDRSU84VTTJhiKcoFRp3SDBBWPPC5RQuaX978WgGk8bMWjcMqHy3nFbp5k1Ke2RZP
;ENJ5NHOHi5pRkHDZASDr6M/aGrBDlIod5uwEisYd045SE/g1/gSL1hQbMdrE4Koqlo2DKh8P19WZpVN
;eHsUKyVfVO/X9A8eZE9wyFoKiqWlM1lp9xpWLXuetD8vJHVINkhR5NHwCShoTkHcYBOZp64uNw2ofD9
;fFplyDUpKFCtVXU/ozeUYM1hDccBjOIanrjJeYs0jWTZkhKIsOB5LSjZOWO3G4xw1bk9w8XEVirCoNj
;cNqHw/XxapWg1KSxQrVV1P6M3lGDNYQ3HAYziGp64yXmLNI1k2ZISiLDgeS0o2TljtxuMcNW5PcPF9O
;IantVo2DKh8P1+CKJVNensUKyVfVO/X9A8eZE9wyFoKiqWlM1lp9xpWLXuetD8vJHVINkhR5NHwCSho
;TkHXWgqKvs1bNwyofD/L16nVfUp7FFsnRFP1xuMiImhOePFoBoiupDRSU84VTTJhiKcoFRp3SDBBWPP
;C5RQuaX9k8WgGk8bMWjcMqHw/Blbp+U1Ke2RZPENJ5NHOHi5pRkHDZASDr6M/aGrBDlIod5uwEiwecU
;8nTEnk/PQiLGZYHq8FZ+vGzVoOTKhQP18WmackJA9xWQpOUu/FzhAgZEh3wGA4ja+/N0Bt2hlgOXOMs
;T8rD3F0LXJQ4NuRfEEHIB6uxRWrxuFaNwzYDlYxYoynEikUek0KQFziy/gTJFhGd9xoEIq0qAVRac0Y
;TT5ijIo0FRZ1U1UsPYGjkX2BdWAeggVn67a/M1l4zQ5gPHmHsxInGndDPENY3sX4DyxwQWzLWgGOo6k
;oVnjNI0UAe4itTUt7FCtVLT2V45FZQQcgbtxsCZ+jvwVUY8YaYDJ3ir0kJB5LTTxfUPbC4xgebUVsxV
;oC68fNWjcMqHwrHxbN1U1KC2ZCO1lY8/zyEi9hf3PPZg+CqKgFUWXaEUg+ZIyKJy8Jf3QtLTyBo5F9Q
;QcIXq4hZ+vGvSheYtwZTQB1hrsrFRZ1SD1EU+T89xQzald/3GA4gaO/MWh1qH0/Xxbp1U1iOxQPVS09
;8dH4EzViUkHNagmNmaA7VGTBEloAcICnID0aZk4KR1jzyM4HQQa6hzec/nIf8loWDKh8Ty1/h6EoOCR
;3RDtLYuzC8hUoaUVByWYIj6OSO1R4wRNRXxfp1U1KexQrVS0WgaORDTNuTmrLdziIqaM8aGHJH1c2eI
;yKKikUcE4KWVX0zvMTIG5MQcZgDoyuuVo2DKh8P18WgJVNYHsUKyVfVO/X9A8eZE9wyFoKiqWlM1lp9
;xtcMHKMijkiDnlJO0xU7fzmFCVzSB6vBWfrxs1aXkyoUD9fFpmnJCQPcVkKTlLvxc4QIGRId8BgOIen
;vi5oedgQUD5ytqYoOA1xWQpZRPHGkXxBByAergVn68bpWjcM2A5WMWKMpxIpFHpNCkBc4sv4EyRYTnH
;UfwuOmakzVmHNCFotFujVTUrbjbKMEj2no5F9MXVJcNpgFbSlojRRU8UdXDd/h7ASJBRuUTlIYuXK8B
;Akc0Vs8Tdn6sbNWpeVMaUAXzDp1U06CX1FIUhP3sD+EydYTX/NbQ6Fo5I0WHbSEFoAYoy4PRUWdVMKH
;D2Ao5F9QQdAbe4FQevGzSpFZcYIWi1JirojLCR5SjZFVO/GzhMufVpyy1oTjqu9BVpt0CMNXxfp1U1K
;e3RYFS0igaORDTNuTmrLdziIqaM8aGHJH1c2eIyKPTgSel8KQFLlxpF8QQcgHq4FZ+vG41o3DNgOVjF
;ijKcSKRR6TQpAXOLL+BMkWFBswWgXn5m4KVJT2h1ZK0mdvT8vCHxEOUk9gKORfUEH4HzuBX3rxs0qRW
;XGCFotSYq6IywkeUo2RVTvxs4ONWJQe64EZ+vGzVo3DKh8EF8W6aU/IxVgTidyXu7N9yIsZkN2x2sCt
;LCkKEN5yRBgOm6dpzguHmZ0Oktb8sblIjk1IB+uBWfrxs1jdwyHfD9fZpu8Iz4eZnQ2QlPn/PwcIm9J
;cMtaEYK0uS9WYPcZRytknLEoOCR7TTNeWPX86E9BBiAergVn68bNWjwMqHxNPnCdiiwjCXNKJS08spC
;iTnI04yGuFmfrxr87UXj3Hl4sc7a5JCQeY0IxWVWBogvk2J65h0c6Z/TGzVpFbc4IYD13mrASLwNgWS
;BeVO7NzgooY1R28XcGn6+iWjYMqHw/XxaAlU1cexQrJ0xb9fzzHDJif3fAYw6HqpI7WWvEGT9eFunVT
;Up7FCtVOz2Bo+McJ3N/fM92ArSvozxeYMQjTT5igLpNS3sUK1UtvcHjkW5BByBsz2MTtKSsKVJT3BRW
;PH2HsD45exUrVS09gaNxQkEXIB6udwaNspI4Vn/NI1M+b4ynPkp6FCtVLT2Bo9F9UAcgHtxkAZ+ZoTN
;ZafcPTz51gLsqSnoUK1UtPYGr0X1OByAe3GQBn5mvO0Rp9w9POnON1UxKexQrVS0dwaOJfUEHUn/IcT
;iCqLk/RWrJH1oAeoC7KD0ScF89LTyykKJOcjTDIa4hZ+vGvztRePcVUStzm7MsKR5LTi1ZT/TQ+BIvW
;Fd3ynEPtLSsLl5jqH0/Xxbp1Y0oOxQwVS0988L3CR5uTmrLdwGKpagFXmLOFVMzSYi7KiYeFCpVLT2B
;oxErAQc7Hq4FFYqguQVeYtwZTTl3irASIxVyQjlBYvPC5RQuByEergVn68aEGjcUqHw/LXePoRIjFWB
;OJ0tc4sbOCSluQ3XAYBSYxswIjxItl26HKenATUp7ZkozWWLozeUYM2FBfctaC4q/qChEDKl8P18W6d
;W9dXsCK1UtT+DF5SIoaVR73GMGiKOSKUdtyxVROBbo1U1KexQrpRI9laORfTNmRmrxbAmfo788Vm/NI
;0wvc4yxTUt7FCtVLT2/45F2QQcgbM9jE7SrrChQZcZ8Pl8W6dVNSm9UK0MtPYHR8Bs1WFNr3GMGiKOS
;Nl5izQtWO2KB1UzQ4o2yzLTkvqOzfUEHUn/IcTiYs788Vm/NI1onYpugPiMUenQiRFn1y84PIHNJca4
;EZ+vGzVo3Veh8Kl8W6acsLA9LWCBfW+DA9CIna09p3GQTjsbMWjcMqHyfOlbpzE1Ke2ZKM1li8tbjGy
;BkRUHHawGCqqEFVmLPEFpfF+nVTUp7FBUVLSuBo5EPIGFUQd1wFY2nrj9oasEQUwBkiKEoSnoUK1UtP
;cH20X1XByAe3GQBn5m+L0VqyR9aAGKBvC4hFXFYJi08qP8ev7Qv7CGuFmfrxr87UXj3D0otcIi2KBUX
;dVIwX06BopF9QQcgHq5FZ//GzVpFbc4IYCxjm7MsKR5LWCVMXujN9n1ADfe93jhtPPnNSDcMqA5eOWK
;2pjg4HXVIMHJO8cb0GUEGIB6uBWfriI1aIwyofE0+cJ2KOTgaYk45ckX4/OINJGJEHq8FZ+vGzRpnTK
;hoP18Wm7A+PhpmXwpIRfXR8CIgak9rwHFn6sbNWjcMqHw/XwDp1U04HmdfNF9J3sbpCTNmf3/DahKFs
;pJoNw2ofD9fFunVTUp2FCtVX1jy1/APNVhTbstgA+vHzVo3DKh8Bh8W5tVNSglxWCFMT/X84g0kYkRB
;nAVm68bNWjcMkTw/Thbp1T8vD2ZKNllU7s3OHCxoVXDaBWbrxs1aNwygPD9MFunVPy8PZko2WVTuzc4
;cLGhVcNpaVevHzVo3DKh8Nx8W/tVNSglxXydMXvXK/hMeY1Vsx2sAtLGkKlI+qH0/Xxbp1U1KexQMVS
;0988blDyBkVHfBaziOqKw4W2n3E0orZYCxKBUZe18hQlDez/AEJHVTHq8FZ+vGzVrHM6hYP18Wm7A5O
;Bp3XzxCU97G/xwja0VBwXATmK+pP2h4xwxgM3eQsD85exUrVS09gaORPUEbIB6udwKftKw5Q2XHEmAy
;f4e8ICsXS04tWU/00PgSLwchZbqrIAq8WWU3Eqh8Py1znacsKQ99RDtyUOjN+BAga3971nEVnrWkNVl
;Tmnw+JAJHkqww7ysrQC09gdH0CTNmQ2rHagm0q6Q0aHjaHUk6eunUTUp7FCtVOX2BtJF9QXVFatxkBJ
;+vojRoYcESYCtkiKMoJiQmK1QtPYGjkX1VRyAOrgVnmaO5KFZv3BVQMUmapSgvHxQqVS09gaOROQEHM
;h6uBRWOsr87VHjBE1EAZZmwKC4kJitULT2Bo5F9BUcgEK4FZ5mjuShWb9wVUDFJgbo9SnqOssy0pBhq
;rn1RByAe3GATmaeuLl5jxiNXMGa2501L4Y2yzLSkSJyRZ0EHIGzLcRWKpbkzWGL3BlcwZra2IiQffV8
;8QlOwo5B9QQcgHq4FZ+vczVo3fs0ITT51nbwiJCRuQzpdYuLM/xkoc0lxwDdn6sbNWjcMqHw/XwXp1U
;05HndEO0li7cLoGDNYWkHCbAGfxsxaNwyofD9fFunHTUp7Z0MwQVHeyv8bKGtMQcF3A460zVs3DKh8P
;18eqdVBSnsUWD5ET/X8/Rw4YlJtrgRn68bNWjf8l3wvXxbppiYjCWB0OUhT5tf5IixuTh6vBWfrxs1a
;NwyobD9fFpq+JDgPS0c8Q1jewP4IL3MgH64FZ+vGzaoIDLx8P19lgrw/PiR5QjtEUODPzhEkaUdqxgV
;m68bNWjfMyjw/Vhbp1T4hEmZfCkpc8aOQBlWpZ//UgVjrzc1aN3/DFU0rSZqlKC8fFCpVLT2Bo5FTAQ
;c6Hq4FFIepugVTY98SYDl/m6Y5FR1xXApBXPjG4w5BBiAergVn686NWioMqHxMM2W2tCQ4JHlEMUhi5
;Nv5HDR0VEHedwKYtbgoUgypfD9fFunVeQp7CCtVLU7t0M4cKHV/c8FhArS2oT9ZecUjTy1zmqY4OB4U
;KlUtPYGjkVkBBwcergUUh7WSOFh43BNSAGWcpysrGHF0NkJT9czkDx5kT2zAYBW0oqg2VnWofT9fFun
;VTRM7FABVLT3yz+IiI2hUasFoOJizvzxWb80jXDB4nbo4OCRxRTFyXu7O4RgvdEFqx2oJ68fNWjcMqH
;w/XxbN1U1KCHhYCk9S9df+EB50VWzIZASOma41WXjHCU0Ac4exEi4eeEosLTyBo5F9QQcgHq4vZ+vGv
;jZEU8oTSyt5hIo+PwlySjZIYuLM/wkuclJBwmQUjrSSNVFq9xhaM3eQ1UxKexQrVS1kwaO4fUEHU3Ld
;WgWEsrk1WlPbCU05d4qwEikUel86WE/ez/AOJHV/ccBaA46qrCM3Dah8P18W6dVNSl0UK1VeUfL88xI
;1c09z8XYSmaCsOVJTyxNRK3mcpxImGmdOJ3JN7tT0D0EGIB6uBWfrj41aHwyofEwzZba3Ij4Pe0YKXk
;jzxfAeJFhDccBxCJ60kjZeYs0jWzZlnbQjKR4UKs+0pBg6CMR+BwAergUUh7WSOFh43BNSAGWcpysrG
;HF0NkJT9czkDx5rT3Hedmfqxs1aNwyojABfN+nVTTkXZ3Q3Qkn1zPwiMnJSeM9mArSlojRDY90OYDBw
;j6YoPnsVUEGDemDZJcJBLiAernYLmJmvNUN4xxFgLGObsywpHktIOkNJ7tbjIjJkQXDAbAmMma41QmL
;cfD5fFunVTUqLKyt8LT2B0P0OHmVPatpqCrS1uChRbcsZYDx5h6EiPwlLWDZMU+/K/xoedFB7y2Fn6s
;bNWjcM5KF/Xzvp1U05F2d0N0JJ9cz8IjJyUnjPZgK0paI0Q2PdDmAreba8IywSeEcKSVTy1/ATImIgH
;9URyawnt/4IDI58P19lhaYSKBRgXzpAYvLW4xsgZEVBx2sBgqqhBVRj2hJaLUmNsCErAhQqVS09gaOR
;JAEHCh6uBRSHtZI4WHjcE1IAZZynKysYcXQ8Q1voz/0iJGlEQc1qCpujoylWeMETUV8X6dVNSnsUK1U
;tHoGjkQ4tdH98wXEThKuSKUJ+zh1cOkmAuysjF3h0MENZ3sf0ESB+IB+uBWfrxs1aNwyBfD9fZYWmEi
;gUYF86QGLy1uMbIGRFQcdrAYKqoQVbbdsZTQB5j7MSLh54SiwtPIGjkX1BB3leri1n68a+NkRTyhNLK
;3mEij4/CXJKNkhi6M33FC1rf3LPdgKZmaI0aGjNEF4mFujVTUp7FCtVLT2ko5F9MmtTQcxqE5+poAVE
;edoaXjxztrwjLBJ4RwpBXPLG4yIxaFd73AVm68bNWjcM4Tw/eBbp1T4mCEtJOllJ7s7ODjR1Rn/NYDi
;CqKszW2D3EFYxc7axJDkPdUU2SD2AOQjk2J65p5EFRuvGzSlbf/ceUCtihrgSOQ5mTTROWN7K/xsoa0
;xBwXMCmaqsKjcNqHw/Xxbp1U1KUxQrVV5R8vzzEjVzT3PxdhKZoKw5UlPBElk2eoWKPikaekU8Q1rew
;P4IL3MgH64FZ+vGzaoIDJh8P19lhaYSKBRgXzpAYvLW4xsgZEVBx2sBgqqhBURvyRJRNniOii4lDnpf
;Ck9E3s/4EyQHIR6uBWfrxj1lNySofD8sepqKLyUPYEQ4ck700fccImJ/d8BjDoeqkilUbcYSVjFxtqY
;9Lx5wK1QtPYGjkTGcRyAHrgVnmKq+BVVj3AhQMkmaoD8sGndOCkFc+MbjDkEGIB6uBWfrxs1aKwyofE
;wzZba3Ij4Pe0YKXkjzxfAeJFhUdtxgFIOpoT43DRBiurRHUWtySl8UK1VeUfL88xI1c09z8XYSmaCsO
;VJT3BNgMXmbuCwmJHtdMF9R4NORfEEHIB6uBWfrxuRaNwzbEEwAdIahOSUWS1ggX1vgwPQiNWh/asF1
;OJizvzxWb80jUClzm7ksOnsVK1UtPYGjkX1BHyAernYLmJmuNVl4xwlNAHWGpyMvCUtPMEFc+KOQfUE
;HIB6uXCfr2s1aN3/ED2A8eYehIj8JS047SWLizPwNJGlTf9psCIXGzFo3DKh8P18W6cBNSntnRyZyXu
;7N5RI0dX97wGE4j6OhO04MqXw/Xxbp1U1Kew8rVS1O7dDOHi5pVHHbdziHp74/RVPHGlkAcoy5LDN7F
;StVLT2Bo8g9QR0gHq52C5iZrjVZeMcJTQB6iKYoOCR7RQpJWO3C6H1AByAergVn68bNTTcMqA9TLEmK
;uiM+FGFZCkFc8sbjIjFoV3vcBWbrxs1aNwzhPD9DFunVPiYIS0g6Q0nu1uMiLWJOedptOJ+uvz9EZMc
;QW18XUcvIoSqs5WotJIGjkQ4tdH99wWsThLO/BVtlxhlgO3+aoSwkGHErVLekGDoI5Pg4IA+uBWeYqr
;4FVGPGCFAqZLa5IiULZytULT2Bo5F9sTggDK4FZ5iqvgVUY8YIUCpktrorLAhxX1UsRpUN1pw7s58et
;AVn67WhKWhvxxJLMGObij4pGnpFPENa3sD+CC9zIB+uBWfrxs2qCAyyfD9fZYWmEikUel86WE/e0PIc
;L2lJcMlaFJujqD43Dah8P18WpQgNSmUUK1VeUfL88hIvc09r3FoThJmkNFFlxBBgO3+aoSwkGHErVFY
;pL+RwB+U4IDKuBWeYqr4FVGPHEFYxcba2NCYSek8wX2LtzOYYM1hIe89xApmZoDtPU8cJSy9jndVMSn
;sUK1Wta8GjvX1BB1Ny3VoEhKmhM1lr9x9GM3+HsSg4JGFbJUhP3sv0HDViUkHDZB+0qbguR3ncfD5fF
;unVTcotVCtzLT2B0P0OHmRPccJsCYyZqyhYYtwjVi1JgbAsPh5mdDhMRd7M5AkxclQerwVn68bN2mFM
;qG4/XxaauT4VGHtEOURT5vz5GChgSGquBGfrxs1aNyjofCdfFummITkkd0Q6QVTvxM4RIH5FbPFtAoK
;hpS43Dah8P18W6QVySlwUK1VeUfL88hIua0lwyVoLjqC5BVFpzRhgN3OIoSg4JHlKLXJS9NfhCDUHIR
;6uBWfrRpsaNymofD8sepqKLiUUeEI7SmLtxvcJHm5SQcZgBp+jvwVabdAjUCpimaA5SnoUK1UtPQH10
;X1lByAe3WkUtKWiNVtlxhtgL3+aoSIkJHxONFlY8/z8HDlYT2vadRKfxsxaNwyofL8JVunxTUp7Z0cm
;cl7uzP0UL2B/bsFyA460kjxSacwVUThJnbwgLyRxXTBDPYCjkX1BByAergVE68bNKVt/9x9QMHqAuyo
;VC3tcMUhP3sX0GCVuTnnxcQ6Go5I1U2iofT9fFunVTUp7FA5VLT3yz+IiImhPcsdrALS0qDtFU8EOYD
;dziKEoOCR5Si1yUvTX4Qg1ByEergVn60abGjcWqHw/LHqaii4lFHhCO0pi88byEiBzRWzxdheOo6laN
;gyofD9floKVTWJ7FCsmQU7ewP4SLW5OefF3DoyuuQVRac0YYDdziKEoOCR5Si1yUvTX4Qg1ByEergVn
;60abGjcqqHw/LHqaii4lFHhCO0pi88r2FTVYSWzxbQKKsqgoaGHJBGAwY52lOD57FStVLT2BI8c9QR4
;gHq52C5iZqjtHU84VUzNJiro/JB5mdDFIUeDakXxBByAergU+q8bQWjcM2xBMAHGIpRIsEnhHCkhT5f
;zyEix3RXDdZBOCqaNaNgyofD9fFunVTVx7FCsmQU7exPANHmFJcsJaAoWikj5SYMkFP14W6dVNSnsUK
;1UxPYGj4hEyWEd/3loBgqqhBVtt2xlNAHmPsxIuHnhKLC08gaORfUEHeV6uHmfrxr42RFPPHU8AcIC5
;IRUXdVgwX2Luzc4ZJGtBZ64EZ+vGzVo3DKh8J18W6aYhOSRzSiVyW+jP/SItZlN73FoXhLGoKDcNqHw
;/XxbpnA1KZhQrVV5R8vz2HDFYRnfCaTiHo6M9Q2T3CFctc5q9IiYfFCouOZPGQuv5fgc7Hq4FFIe1kj
;1WfPcaVjN6tqYuKxV6QjtKYuLM5BM1ByEergVn68Y9ZTcXqHw/LHqaiiorC0tNPEFR3tDyHC9pSXDJW
;hSbo6g+Nw2ofD9fFqUIDUpsFCtVXlHy/PgTJ25McvFmCJmoqChoaM0QXiYW6NVNSnsUKwxtPZqjkX0y
;a1NBx2sBgqqhBVJizCNcMHuZsCM5GmBCOkM9gKORfUEHIB6uBXPrxs0pW3/3FVE5f4W5Ei8VcHQxSFH
;g2pF8QQcgHq4FZ+vG7Vo3DNsQTAB/h7MkJhdLTDRdYufK/REeZE9swGAVtKKoNlZ1qH0/Xxbp1U0TOx
;QPVS098s/iIihpRnfCaTiMp70FUWXEEGA6eI2KLiUWZE47Xlz1yv4TQQYgHq4FZ+vGzVoqDKh8TDNlt
;rwjLBJ4RwpKXPH89xQta397wGE4j6OhO04MqXw/Xxbp1U1Kez0rVS1O7dDOFC9hSXLCWgCKtpI8XmDE
;I1c+Yoq9Ei4SZ180Q17k/PccInNPbK4EZ+vGzVo3/Jd8HF8W6aYhOSR9RTNEUe389hwxWEZ3wmk4h6e
;+P0VTxxpZAHKMuSwzexUrVS09gaPIPUElIB6udguYmaQ0UWXEEGA4d5mKKyMXeHQ5TE7k0c4SL1hEe8
;JkHuvHzVo3DKh8P18W9tVNSgh4WApEU+fK/REeYEFu8WMOh6qSNlZ/zQ5gL3mesD9KehQrVS09gerRf
;WUHIB7daRS0r6M8XmDEI1g+ZrazJCYXS0cwQ1r1y84JKXVFbcZqC4/GzCEjou+dRdsp6fdNSntnRyZy
;VO/F+BEtWEd/3loBgqqhBURvyRJRNniOii4lDnpfVSw9gaORfUH3Hx6MBWfrtaEpaGXGGlYzerayLDo
;kckI5QWLywPATL25OefF2F46jqVo2DKh8P19aNJVNUHsUKyZBTt7K/xsoa0xBwmQUjrSSNVFq9xhaM3
;eQ1UxKexQrVS1kwaOIfUEHU3LdWg6FoKQ2W1PEHUw6ZLa6IxUfcUc0VD2Ao5F9QQcgHq4FcevGzSlbf
;/cVUTl/hbkSJhpnTidyTe7U9A9BBiAergVn64+NWi8MqHxMM2W2vCMsEnhHCkFU78bOGSh0VH/AZgLr
;x1fDrpUx5YZgFvDVTUoIeFgKRFPnyv0RHnRDf8BrDoWhkjlYecYIP14W6dVNSnvkFFUMPYGj4hEyWEl
;wyGwLh5m+OVZixhVROEmKujgkD0tJLHJR6M30fUAHIB6uBWcb+c1DNwyoD1MsSYC7KyMXeHQmTlzvzf
;gTJlhTbstgA+vHzVo3DKgw4h8W/NVNSgh4WApHSOzTzhEkaUdqxloLgqukLjcNqHw/Xxbp8Q1KaRQrV
;V5R8vz7CCx3f3PPfTiPo6E7TgypfD9fFumVGAp7BitVLU7t0M4XNGpQQcNsCbSiqDZWdah9P18W6dVN
;bjsUJVUtPfLP4iIrck1u8XYXjqOpWjYMqHw/X1o0lU1dexQrJkFO3s/wBCR1f3zBdwOOtJI1UWrbGUt
;fF+nVTUp7FCtVLSaBo5EOLXR/cs98ApmZoD9Fa80jXDN5mrASLBp3TiYtPIGjkX1BByAerh5n68a+Nk
;RTxR1LOmSAtCEVCHdKOUhi58LyCS51f2auBGfrxs1aN1XofCRfFummITkkeUohSE/owv0iMmRBcstaA
;YqluTVFU9F8Pl8W6dVNSiJUK04tPYHQ/Q4eakFqy3cOiqqSKVRtxBlgOXeKoSI4JG4rVC09gaORfRhH
;IDyuBWeYqr4FWWXcDlA4c4eKICUfcXQwVVXg1uIJHndSe912EpmjzVs3DKh8P18iqdVsSnsUWDleYu/
;K5Q8uYEVw8WgIj6OSKltpxglSAGabsD45DmZOVSw9gaORfUEjYB63BWfrtaEpaGLHDlI+era8IywSeE
;cKQkvk0f0cMQchHq4FZ+vGzVo3Lah8Pyx6moojJQl5SjlySe785RIxWFNr3GMGiKOSNUFp2hBeLxbo1
;U1KexQrVS09k6ORfTJrU0HBfR6Mo6MFVGPGCFoxYunUTUp7FCtVOX2BgpF9QXRMbfF1CJyiqChoas0Z
;WzZ4joo/JQ91XzxCU97R8AkoaCAfrgVn68bNqggMnnw/X2WFphI6FGNPMF9i58b0GShpR0HcahOKsqQ
;1WVPaHUs2ebazOCQYYEI6Q2Lg0fQcHmFBfdpqFevHzVo3DKh8P18WxtVNSgh4WApdUvbH9A8eYUV7ym
;wJjJm/NUNt3BVQMUmbtDkjFEtNIENe9cr+Ex5lQW3LBWbrxs1aNwyofD9oFunVPiYIS1s6Wlnk0c4bJ
;GJEd8BiOJmpuTtDZccSYC13nbwiFR1hRTZZVO7Nzh4ualB7wHYGn6+iNDcNqHw/XxbpJXJKXxQrVV5R
;8vzhEjZjRWzxbQKKsqQ0UFPLE1Ivc4emLD4Se0UKWVTsxpF8J2FGeMhje6vG4lo3DNsQTABmm7AlLxp
;gQjtKYuLa/RQvY0Vs8WkInKO/BV9pyQhaLUmEtDUVFGFfJVhJgaKRfUEHIJ74RWfExs1aRGDbI08tc4
;GwLD4SekwKTkTtyv8ZJHV/a951ApmZpT9WeM0OYDJ3kYoiPw9kXiEtPIGjkX1Bh3Zerixn68a+NkRT2
;A5aN3OIoSQkHEtNJ0JT9fz4Dx5vRX/aYBW0q6wiaGPdCE8qYunUTUp7FCvVe32BtpF9QXRMbfF1FY6u
;qDtDZcYbYDdzgLIlPnsVK1UtPYGjuT1BHCAernYLmJm9KFJkzR1LNniOiiErAnFZCkVY6MT5CUEGIB6
;uBWfrFvJaHQyofEwzZbalPy8TcUohRFPm/P0YJ3N/eMtgA7SuqDtDadojUj5utro4PgthX1UsPYGjkX
;3BUWAehgVn67WhKWh82hlXOnedvCMtJHhOM1li6NHOFSRmVHvcWgqKvpI1QnjYCUtfF+nVTUp7lH0VL
;RqBo5EOLXR/btxgD46nuTNZa/cMVixihrsSIh51XzBfYuzC6SIuclRu23Fn6sbNWjcMKCp/XzHp1U05
;F2d0JV9Y6cbwCShpR0HeahCPo78FUWnNGFYxcbahJCceS04jSFOBopF9QQcgHq4FZ83GzVpEYNsjTy1
;zgbAsPhJ6TApdUvbH9A8eYUV7ymwJjJm5M1pp9xNbOxbo1U1KexQrVS09qaORfTJrU0HedwKDo6wuXm
;LPI006d5uKJDgkfE40WVjz/PwcOVhPa9p1Ep/GzFo3DKh8vwlW6chNSntnRyZyTfPG+Rggc0lwyVoVj
;qWiO0Np2iNML3OMsU1LexQrVS296uORVkEHIG3CdjibtKgyUm3cFVE4SZu8KiIPS00wSFney/QcNWJS
;QcNkH7SpuC5Hedx8Pl8W6dVNyi1UK3wtPYHQ/Q4ed1J7xmAGn6+jPWh+wRtXK0mApxIiHnVfMF9i7ML
;pIi5yVG7bcWfqxs1aNwwoKn9fO+nVTTkXZ3QlX1Tv1/gTJlhDZ8JsCY+jvwVbY98ZTQB+jLQ5LwlLRj
;RVYu7W5Q00cyAfrgVn68ZNDHcMhXw/X2WFphI6CX1FIURT5vzyBC1uTnrLdzietr0/RVPAGV4rc5uKI
;CsDS0QgWU3015F8QQcgHq6FMavG6lo3DNsQTABmm7wjPhJ6TApLT+7N5SIodX92y2QTjrSSN1Z09xNK
;K2acoU1LexQrVS291+ORVUEHIG3CdjibtKQ0Q2XGG2Azc4+hEiwecU8KRVjg1/QPHmpBZvFqEp+2uC4
;3Dah8P18WaYMNSl0UK1VeUfL84Q8oaVR3wGI4h6OrLmhl2iNXOnedsD8VFnVTCkJI9dPkCUEGIB6uBW
;drkI1aEgyofEwzZbalPyMVYEI7SmLxyuIJLml/dstkE460kjdWdPcTSitmnKFNS3sUK1UtvdfjkVhBB
;yBtwnY4m7SkNENlxhtgL3mesSg4JHJOMElU78TOCShqRUHLcwKFxsxaNwyofD9fFunxTUp7Z0cmck3z
;yv8JKGlHQd5qEI+jvwVRac0YVjFxtqEkJx5LRDFJPYCjkX1BByAergVB68bNKVt/9wxNNnidvCMtJGZ
;ONF9i6NHOFSRmVHvcWgqKvpI1QnjYCUtfF+nVTUp7lH0VLSaBo5EOLXR/btxsCZ+voz1ofs0fUD5ijK
;cSOQtxTjEtPIGjkX1Bh0terixn68a+NkRT2A5WMWKAuyoVCX1MPVli58b0GR5vRX/aYBW0q6wiaGPdC
;E8qYunUTUp7FCvVe32BhJF9QXRMbfF1FYKouTNZa/cOVjh+nYokOCR8TjRZWPP8/Bw5WE9r2nUSn8bM
;WjcMqHy/CVbpwk1Ke2dHJnJP7srODyRgSXHAWgSOqLk/RVPQfD7/DMYIaexF1CtCLT2B0P0OHnVPd/F
;3AoyvojRob80SSzpktqxNS/JVS7D9379jkWhBByBtwnY4mamkBUVpzxVQMUmbtCkjDmcrVC09gaORfX
;9HIAOuBWeYqr4FRWPBI006cYC6IxUPfFkwXlXuz/UiIHVFf64EZ+vGzVo3KOh8KV8W6aYhOSRnTjJAW
;O/XzhEkaUdqxloKgqjNW81ywsBLzJ7W1WpKexRYOV5i8sv4GC1jf3zBcROEq5I5WGLcE0otSYW8Iy8k
;cEImWVzvwPR9QJ25hzec/lL5zUU3DKgPUyxJmr0kLxdwdDdCSfXM/CIiaE5qwXAVtKqiNUd/qH0/Xxb
;p1U1eOxQHVS098s/iIjJvSXvCYTiJqbkuWGH3H1AxYoagPxUPe3Q8Q1voz/0iJW5Tas9rBI7GzCEjou
;+dRfsp6c5NSntnRyZyTunK9BElWEJx2nEIhpmoIkdtxg9WMHjp1E1KexQrVTl9gYWRfUF0TG3xdg+Co
;6E+aG7HCEswe7a8IywSeEcKQVTvxs4ZKHRUf8BmAuvHV8OulTHlhmAW8dVNSgh4WApeVejG/RkeZU9q
;2moKtKqsI1J+23w+Xxbp1U1KX1Qrdy09gdD9Dh50SHfLaQO0pKIuQ2PFI08teYOwLj4ecHQ5TETk0eJ
;9QAcgHq4FZ7KGzXo3DKgPUyxJmr0kLxdwdDZCU/XM5A8ea0lwy1oDgrW5O1lvzXw+xY9wTNTTwisrTS
;09gdD9Dh50SHfLaQO0paI0Q2PdDmAzeYalPkp6FCtVLT2Bt9F9VgcgHt1pFLS1pTNSYMwjXDBkh7A/F
;R9xRzRUPYCjkX1BByBH7gV868bNKVt/9w9XNnOFsRIvFXB0NkJQ8cb/DiBzSXHABWbrxs1aNwyofD9L
;FunVPiYIS1g9RFjtx84YL2N/estpBpLGzFo3DKh8P18W6cFNSntnRyZyTunK9BElWEVm3mQJmK+iNDc
;NqHw/XxbpJXJKZBQrVV5R8vziFShiTHrxYw6HsqgoaGLJDk0wYbanKC0Se0VVLD2Bo5F9QQ9gHrEFZ+
;u1oSlof8AVWjNytrwjLBJ4RwpBVO/GzhkodFR/wGYC68f+aQQ/m0/sYBbz1U1KCHhYCl5V6Mb9GR5rQ
;W3LdziEoKsFU2nEHUZfF+nVTUp7FHIVLSSBo5EOLXR/bcZsAoeikjZWf80OYDB4trEoJhptK1QtPYGj
;kX1BByAIrgVnmKq+BURkwRlTO0mFtD4vCUtbOlpY86OQfUEHIB6uESfr181aN3/ED2AsfoCwIS4ke00
;zXlj1o5B9QQcgHq4FZ+vfzVo3f8QPYCx+gLAhLiRnSDRDU+jN9iIyd0V7ygVm68bNWjdAdTw/fBbp1T
;4mCEtYIF9b4MD0IjJuRHvxcQKTsrgoUlPaGUwwepyhJCUVFCrPtKQYOgjEfgcCHq4FFIe1kilCfs4dX
;DpJmrwpLyRgTi1ZSPPGzgU4WE94yHYCn8bMWjcMqHw/vynp501Ke2dHJnJJ6cbjECBrf3vAZguEtbgo
;UlPKHUw6SY28Pj4aekgwcknu/PcUM3RUQcJkHo60zVs3DKh8P1/m1tVqSnsUWDleYvXL+BMecEFywlo
;DhLOvNlJTxBVROmW2tiI4FXFZCklY7cLofUAHIB6uBWeyhs1xNwyoD1MsSZ29JCQkY0o5QWLlzOQfLW
;J/csdrApiZqDRTU8sTUi9zh6YsPhJ7RVUsPYGjkX1BByAeigVn67WhKWh4wBVRAGGIuSEVH3teN0FY3
;s/4EyR0f3vAYTiPo6E7TgypfD9fFunVTUp7PitVLU7t0M4JKW5OQdlkC4eZqTVCbsQZYDN/h7A+FRd1
;WDBfYu7F9yIlYkx/1wVm68bNWjcM8Tw/dhbp1T4mCEtfPURT3tTwES1YRHHbZwuOmaEzWWnbI1M+ZYy
;nEiUVS08wQVz4o5B9QQcgHq4FZ+vgzVo3f8QPYCt+gLsSPRp4RwpJUvTB/Rgea0lwy3Y4h6e+P0VT2B
;NIOmTp1E1KexQrVWR9gYqRfUF0TG3xcQ+CqJItVmDEI1swY4u5KBUXfUUwXmLywPATL25OefFmCJ6ou
;Vo2DKh8P18WGepNY3sUKyZBTt7X+RQvWFd/wmk4j6m4OFtp9xBWMXOaij4pGnpFPENa3tDhGCRjIB+u
;BWfrxoGHdwyOfD9fZYWmEj4TfUUKWlztz84OKGlHcstaC4KoqAVUY9oSWi1JjbAhKwIUKlUtPYGjkSQ
;BBwoergUUh7WSLl9lxiNIPnqFij4jFXNHMHJR6M30IiRpREHNagqbo6MpVnjBE1FfF+nVTUp7FCtVLR
;6Bo5EOLXR/asZsCbSxrDZbU9sVUTh6jIohIxVxdDBDWd7H9BEgfiAfrgVn68bNWjcMgXw/X2WFphI+E
;31FClpc7c/ODihpR3LLWguCqKgFW23bGU0AeY+zEi4eeEosLTyBo5F9QQd5Xq4tZ+vGvjZEU9wUVjFJ
;nrQhJiRnQjtKUeT8/RQvYn9yz3YCmZmiNGhozRBeJhbo1U1KexQrVS09pKORfTJrU0HabQ6Fmbo7W2D
;3D1YxcYWwEiYSek4KQVzyxuMiMWhXe9wFZuvGzVo3DOE8P3cW6dU+JghLXz1EU97U8BEtWFN3wGILjp
;mhM1lp9w9cPniHvCMtJHdEIENJgaKRfUEHIB5eOmfDxs1aRGDbI0s3f4eKOisXeHQmRFPmz/QiLW5Oe
;/F2BIqoozNZa/cPTzpzjdVMSnsUK1Vh4MGjtX1BB1Ny3VoThLaSKUJ+zh1cOkmKuiM+FGFZCk5S8830
;Dx5jRXLPfGfqxs1aNwyoJX9fPunVTTkXZ3QhQk3e0OQPJ2ZDe/FmCIWyoi9FU80SWwB1hrg9LxVnSiF
;EUu+jkH1BByAergVn6+fNWjd/xA9gK3mZij4/CXJKNkhi4sz/CS5yUkHLawO0oqg2VnWofT9fFunVTU
;p7FAxVLT3yz+IiNWhQQd1wFY2nrj9ob8cSSzBjm4ohKwhxWQpCW+f89RgtZlkerwVn68bNWm5MqFo/X
;xaauT4VD3tbCl5I88XwHiRYQ3HAcQietJI2Vn/NDmAweLaxKCYabStULT2Bo5F9QQcgPa4FZ5iqvgVD
;Y9gjTCpkj7QuLyR3RDtZUvTRzhEgdEVs8XUInKO/WjYMqHw/XxaglU1vexQrJkFO3tf+DR50VWzIZAS
;Oma41WXjHCU0AeoC7KBUffVghTFPixpF82565hzec3tTG0Fo3DNsQTABihqUSOQ5mTTROWN7A/hM1aF
;Vs8WkIhLa+WjYMqHw/XxYZ6k1UexQrJkFO3tf+DR50VWzIZASOma41WXjHCU0AeY+zPi8PFCouOZPGQ
;uvJ/gcGHq4FFIe1ki5YfPcPSi1wiLYoFRh7RSFCSPP84h4gaU53wGI4iKm4NEMMqXw/Xxbp1b11ezIr
;VS1O7dDOCS53f23bdwGKpagFVGPGCFAqZLamLisVekI7SmLy0/QYJQchHq4FZ+uKEBo3Jqh8Pyx6moo
;5JQtLWCBfW+DA9CIiaE5qwXAVtLKiBV5izhVTM0mNvD4+GnpIMC08+rc/OqB9hCGuJmfrxr42RFPcE0
;8AZZynKysYcXQ8Q1voz/0iImhScMt3OI+joTtODKl8P18W6dUUCnszK1UtTu3Qzgkud39t23cBiqWoB
;V5izhVTM0mMuykVGHtGJUhT8sLlFC5pIB+uBWfrxs1aNwyIfD9fZYWmEj4UZHQmWE/nwvIYHm5OeMdp
;C7Sjoz5oaM0QXiYW6NVNSnsUK1UtPaejkX0ya1NB2moXtLW4KFFtyxlgNniPvCEmJHhKJkhP3sz3Gx5
;jRXLPfGfqxs1aNwyoJX9fM+nVTTkXZ3QhQk3e0OQPJ2ZDe/FsCY2voTZoYMkPWi1JhrsSLh54SiwtPI
;GjkX1BByAeridn68a+NkRT3BNPAGWcpysrGHF0PENb6M/9Ii1mU3vcWheEsagoNw2ofD9fFumcDUpfF
;CtVXlHy/OUSMVhTa9xjBoijkjNZasEQUwB6gLsoFR99WCFMU+LGkXzbnrmHN5ze1MboWjcM2xBMAGKG
;pRI5DmZNNE5Y3sr/GyhrTEHdZgaFqKQ0UFPLE0oxYunUTUp7FCtV3QKBjpF9QXRMbfFxCJuZvi9Fask
;fWgB/h7MkJhdLWDZMU+/K/xoeZE9rwHE4ib+SNl5izXw+Xxbp1U1KiysrcC09gdD9Dh5zT27xdhKZoK
;w5UlPBElk2eoWKPikaekU8Q1re0OEYJGMgH64FZ+vGgYd3DL58P19lhaYSPhRkdCZYT+fC8hgea0Fny
;3cU68fNWjcMqHw/Xxbw1U1KCHhYCllS8fziCDNhQX3LWhODtKgpX2PEGD9ervdQphvDqhRVPz2Bo+IR
;MlhYZ/F2Bo2jkihWaMEJTF8X6dVNSnsUy2otKoGjkQ4sZkxy8WMCirK4KFJ/9xhWPnuMoSg4exUrVS0
;9gaO1PUEbIB6udgqKqqEFUWnJCEotc5qKJSUXcXQxRFzsxuUYMwchHq4FZ+vG0Ro3F6h8Pyx7iLkhFR
;1xSiFYT+TQzhQvYUlywloVirKkNTcNqHw/XxbpjA1KYRQrVV5Q4M/9IidiQWrbdwKYmb4qUmnMI00+Y
;oC6TUt7FCtVLT3I45FfQQcgbcFpDo+ZrzVDeMcRYDpunac4ORJ7RQpaVOXX+SIzZlR3wQVm68bNWjcM
;8Tw/RRbp1T4lF31PCk9S9df+EB5hSXLPaAKFspI8W2PffD5fFunVTYosVCtHLT2B0P4RKGN/fMFxE4S
;rkjZWdc0OP14W6dVNSnsAa1U/PYGj4hItbkRBzGoTn6mgBUR8zRlbXxfp1U1KexRlFS0ngaORDi5rSX
;rxYw6HqpI0Vn7aE0gAcIW6OjgaYE5VLD2Bo5F9gVBgHrgFZ+u1ojZeaPcVUTl/hbkSLwNkSjteVO7Nk
;XxBByAergVn68bvWjcM2xNTNnK2vCMsEnhHCkhF8cL/DihoTkHcYAqEsKgFX2PEGT9eFunVTUp7FCtV
;Pj2Bo+ISLW5EQcdrAYKqoQVEZM0QUywW6NVNSnsUK1UtPZejkX0yaEx3yloOhaCkNltT3xVbK362uCQ
;kexUrVS09gaORfUEYIB6udgiHr6kFQ2PYI1onYpugPiMUenQiRFn1y84PIHNJca4EZ+vGzVo3Veh8KF
;8W6aYiJhJwdCFCTd7F+BEgakVw2loBh6m6WjYMqHw/X9a+lU1FexQrJkJR6MfOCS53f3LPfAKZxsxaN
;wyofD9LVunaTUp7Z0Q5RFne1/4NHnRQe8thZ+rGzVo3DKgyf1836dVNOQ5kWzpfSd7C9Rwxc0loy1oO
;haCkNltT2h1LNnm2uCwyexUrVS09gaPVPUEmIB6udhKbtqIoQ1PJGF4vYoCjKBUSek08QVHe0fAJKGh
;/c8drZ+rGzVo3DKhYf1826dVNOQ5kWzpfSd7C9Rwxc0loy1oOhaioKGhp0AxeMWWAuiNKeo6yzLSkGH
;qufVYHIB7dcBebqb8uaG3MHU8rf5+wEiYabU4nXj2Ao5F9QQcgCu4FfOvGzSlCfNgTTStJiLEsOg99X
;TByT+TH5B41bk9w3QVm68bNWjcMqDw/RRbp1T4/C2REJ1li4MfwDTVuVnvxcg6PsqUFWmXGfD5fFunV
;TUpzVCtGLT2B0OQNMWhSavFnBpijkjZWdc0OTF8X6dVNSnsUK1UtJIGjkQ40d1Bx3HE4iae+P2hgyQV
;aLWW2pj0vHnArVC09gaORfQhHIAuuBWeYs70qWH7cI10tf42yKBUXdVIwX06BopF9QQcgHq4FZ/nGzV
;pEedgMUC1itrc/IxZLXDxJSemjkH1BByAergUn69jNWjd/3QxPMGSdii4lFXpONllU7s3OBThYRHfdc
;QaFpahaNpYx5abGj1DqTVd7FCsmWE3xzOMJHmJYatxwFIKpowVAZcwIVwBkiKEkJXsVK1UtPYGjyD1B
;EiAernYSm7aiKENTzhVTPnuMuzkVHXhEIi08gaORfUEHeV6uHGfrxr4vR3zHDksAf4ezJCYXS0cwQ1r
;1y84QKGkgH64FZ+vGzVo3DL98P19lnKU9JQlgdDxDW+jP/SIuclRyx2sCmMbMWjcMqHw/XxbpxE1Ke2
;deJV1S89fOGyhrTEHcZBOOxsxaNwyofD9hVunYTUp7Z14lXVLz184cL2BMe64EZ+vGzVq3Suh8LF8W6
;aY4Ogt7WSFyTejP/RwzWFN31GBn6sbNWjcMqGx/Xz3p1U05DmRbOl9J3tD8HC1rf3jCagafo6kFUWnJ
;CEotc5qKNTMkcVMlTFPyyv4TQQYgHq4FZ+s28lo6DKh8TCpmmbo/PiRnWzBIWYGikX1BByAe50Vn9sb
;NWkR52AxQLWK2oT8vHktJJ0xT4svOHC9gTHvxaAaTxsxaNwyofL8ZVunOTUp7Z14lXVLz184JM2JFQc
;x3BoWlpQVTacYPVitv6dRNSnsUK1UTfYG/kX1BdFVu3moVn5m5KFJp9x5NPniKvRIuEnVGMFlY86OQf
;UEHIB6uBSfr6s1aN3/dDE8wZJ2KOTgecXQ3X1zvwPkiJW5Bc8txApmZqTVCbsQZYDBjnbkkJB5nK1Qt
;PYGjkX1JRyA+rgVnmLO9Klh+3CNLLXOMii84GnpIPXJZ6ML8GDViUkHDZB/rx81aNwyofBEfFv3VTUo
;IYVslQk/1/OkEHmJYbs9rFIKpo1o2DKh8P18W6dVNWXsUKyZYTfHM4wkef1lBymwUn6ejOVIMqRpZOX
;CPs6t1ewgrVS1O9NPhEjNzf2TxagGNtaguaGjHC1EAeoisKDgIFCpVLT2Bo5GNfgc6Hq4FFJ62vTVFe
;PcGYDBwj6YoPiRhWwpBXPjG4w5BBiAergVn6zbyWigMqHxMKmSPtC4vJGdCMUhi9cbpCTR1RUHcYBSE
;qrguXmPGfD7Fj3BM1NOyKytLLT2B0OQPJ2ZDe/F2Do+jki5SdNwJTTpJkawSJR1yWDBZPYCjkX1BByD
;ukQV568bNKUJ+zh1cOkmauiEjH0tJOllJ7s7OGDl3QXDdbAiFxsxaNwyofD9fFun/TUp7Z14nS1zixs
;4OLmtJevFnCJ+yojdoadAITSplgLojFQx9TyFFYvPC5RQuByEergVn68aUGjcRqHw/LGObsywpHktYO
;kFU5fzzEjVzT3PxYwuEsb87Q2mofT9fFunVTRQ7FDBVLT3y1uMbIGRFQd1qC4KikjhYeNwTUgB6iKwo
;OAgUKlUtPYGjkX1BBzoergUUnrSrO1Rp9w9QM3+Nii8lD2BEOHJO8cb0GUEGIB6uBWfriI1aLAyofEw
;qZI+0Li8kZ0Q5RFne1/4NHmJYbs9rFIKpo1o2DKh8P18W6dVNbXsUKyZYT+fC8hgedE9yx2E4n6m9BV
;J03A5KLH+GuxI9EnBfPXJP4Nf4EkEGIB6uBWfrn41aLQyofEwqZI+0Li8kZ0Q5RFne1/4NHmFMcdl3B
;p+jzVs3DKh8P19IqdVVSnsUWCBfW+DA9CIyaEx3yloThLaSNlZ1zQ5MXxfp1U1KexQrVS0cgaORDjR1
;Rn/NYDiYqaEzU1PcE08AeIinPyUMS005QkrzwuUYQQYgHq4FZ+uYjVogDKh8TCpkj7QuLyRnRDlEWd7
;X/g0edFB7y2Fn6sbNWjcMqEJ/Xwzp1U0+HnlbMF9c9dbjGB5lT2raagq0tbgoUW3LGT9eFunVTUp7fW
;tVBD2Bo+UYLHdFbM9xEpmjkjhYeNwTUgBlnKcrKxhxdDRfWOD85RUzYlN2wWkD68fNWjcMqHxWHxbd1
;U1KD3FGJUhP4NfkDyRYRHvNdwKKtag+aH7JGksAZZynKysYcXQ4Qlnkz84bKHVTavFpBpKjv1o2DKh8
;P18W6dVNW3sUKyVfVO/XzgkkalB73GQTnrSoWjYMqHw/XxaAlU1YexQrJV9U79fOCSRqUHvcZBOetKh
;oNw2ofD9fFkm8DUppFCtVXU/ozeUiNWJNbst3Bp+zvz8EDKl8P18W6dVNSnsGK1UtTfPK/wkec0Vz3m
;AVirK4KFI4qH0/Xxbp1U1KexQ+VS098dH4EzVYQnvKWhOOq70/RW3cCU06FujVTUp7FCsbbT2Oo5F9N
;W9JcPFyBoeqkilHac0YP14W6dVNSntda1UjPYGj4g00dVNBw2QfnK+pLl8MqXw/Xxbp1a11ew0rVS1J
;6cr/IjZmTHLxcg6PsqUFRW3cFVAAe4itTUt7FCtVLT3o45FkQQcgasZsCbSxrDZbU98VWyt+tqcsPhJ
;7dDhEU4GikX1BByAel0Vn58bNWkN+yQpaM0mapSgvHxQqVS09gaPRLQEHPh6uBROZp7s/W1PSI1g8eY
;2wEi4SZ180Q17k/PcUL25Tdq4EZ+vGzVo3GOh8MV8W6a8SPgl1XTBBYvLT9BglByEergVn68bZGjcdq
;Hw/KXObpiQlFUtHNF5J3sb1FDUHIR6uBWfr8wwaNyqofD8peYWgIC8PZkI2ck7xxvQZHnRNccFxD7S1
;qD1aacYIYDNzh7I5InsVK1UtPYGjmT1BJiAernMIh7OgP0N+wR9gLGaMsCkVCHlEOllV3tf5DyR0SHH
;CYWfqxs1aNwyojABfOenVTTwUeF44SEnzyvIiMndFe8paFIapoi5fU9wOXilzhYohLxVzXz1ySenR9A
;4paEx6rgRn68bNWjcY6HwqXxbpoiQ6HktCO0tU7c/OGSh0VH/AZgLaxsxaNwyofD9fFunATUp7Y0IlS
;GLozfcULWt/esd2E4qorj8FDKl8P18W6dVNSnsOK1UtSujT9CIuclR73FoOhbWoLmhowQ9LPniKsHxK
;ehQrVS09gaORfVsHIB7ZbBeOmaIvQ2naI1YxZYyhEi4SZ180Q17kkZF8QQcgHq4FZ+vG2lo3DN8VTzp
;JhqA5LwlLQjteWPX84g0kYkQvrgRn68bNWjdF6HwoXxbpoiQ6HktEIFlY8/z4EzJiVEHddQKOov9aNg
;yofD9fFqCVTWl7FCsiRE3k/OMYNXVBfdpsCIWZrz9RY9oZYCh/mbASLBp3XzpfDIGikX1BByAergVny
;MbNWkBl2BlgLXOdpywpD31EO3Jf5MX+DyRYV3feYDiNp64uWH6afD5fFunVTUp7FCtOLT2B1PgNJFhT
;ccJsA7SvozxeYMQjWzZlnbQjKR4lK1QtPYGjkX1BByAFrgVnnK+9P2h/xxBWO0mAuysjF3h0MURO9cL
;/HiQ1IB+uBWfrxs1aNwy+fD9fYYClKBUIYVslQk/1/PUUMnNBcM1gVuvHzVo3DKh8P18W/9VNSgx9Wz
;ByTvTT4RIzc396x3YTiqiuPwUMqXw/Xxbp1U1KewwrVS1K6NP0IjVvSXDxcgaHqpI+Xn/cHVE8c9jVT
;Ep7FCtVLT2Bo4l9QQdXd95gOJ+upDRoe8kQUwBygKY5KxV3TmctPIGjkX1BByAerhBn68a6M0dp9whQ
;KHObii84Enl0IkRZ9cuRfEEHIB6uBWerxthaNwzfFU86SZ26Oi8JS008VVjl/OESMn8gH64FZ+vGzWN
;3DL18P19hgKUoFQ97XDBfYufK6RglWFBx3Xxn6sbNWjcMCCJ/XwLp1U09EmROCllS9sbjIidrT2ncZB
;OO981bNwyofD9fT6nVWUp7FFw8XVje1/4KJHV/eMJqEJmnuT8FDKl8P18W6dUUCnsCK1UtSujT9CI1a
;Fd73FoOhaCkNltT2h1LOhbo1U1KexQrDG09n6ORfTZuUHvxcQico78FW2PHDEwAc4i2JRUebF8nWFnk
;0ZF8QQcgHq4Fb6vG5lo3DN8VTzpJnbo6LwlLRDZZXObM/xwtWFB3wmkGmZmvNUN4xxFgO3+IuCg+HmY
;rVC09gaORfQhHIDauBWecr70/aHjHC1otSYa2OSsce0U0QWLxyv0RIHV/asF1OI+vrDdSeM0OP14W6d
;VNSnsta1U/PYGj5hQxYn9qwXICmZmiPFF/zQhHXxfp1U1KexQrlS0vgaORCih3RUHaahCOtJI1UWrbG
;UsmFujVTUp7FCtVbT2Ro5F9Nm5Qe/FxCJyjvwVEfM0ZW18X6dVNSnsUFRUtKIGjkQood0VB2moQjrSS
;LFhg3RFaAHuAu01LexQrVS09oeORbUEHIGnHdQK0sqItUn73C1Y7YoHVTEp7FCtVLRXBo4B9QQdPcdR
;gOJiupD9baPcdUTh6jNVMSnsUK1UtA8Gjgn1BB1d33mA4nKehNmhqxBNILXedsHxKehQrVS09gfrRfV
;IHIB7ZbBeOmbo7W2D3GlMwYZu0OS9JFCpVLT2Bo5EkAQc2Hq4FCIS8qAVEZMEZUztJhbwjLyR3RCBDS
;YGikX1BByAeXjpn+cbNWlhj0hlgLH6AsCEuJHtNM15Y9aOQfUEHIB6uBSfryc1aN3vBDFoAYYi5IRUI
;ZE4wST2Ao5F9QQcgV+4FdOvGzTtUb80QWi13nbwiJCRxRTRPUeSjk31BGCAermQEiKOhP0Vt3BVQMUm
;PvD85D0tHNFRY8/z0EyBlTHuuB2fr2s1aN23eE1Y7SYC7Pi8JYHQyTlLlxs4JHmRPc8NkCY/Gz1o3Hq
;h8Py1znacsKQ99RDtyXu7O8xQvYCAcrwVX68bNO0FjwRhgK2SIoygmJHxEOUhO3tPwCSlYTX/WWguOq
;KouX1POHVwreZuKKCQadkcwLT+Bo4F9QQdCe8JxOJmnqy5oacYdXTNz6ddNSmsUK1VPWO3Xzgoga0xB
;y2sGiaqoWjUMqHM/XxaLpyQuHH1FMnJY78LzESQHIh+uHGfrxq8oXmjPFVE4SY+0IxUIZE4wSWLkzfA
;fLWIgHK4FfOvGzThFZcwbVjFxtrMkMh5wdDRDWu3GzhgvZkJyywVl68bbWjcMyg5WO3GAuyoVCHxOOU
;FO3sb/HCNrRR6sBWfxxs1aVX7BEWA6bp2wPyQaeHQmRVjtz+IiJ25SbdoFZevG31o3DMoOVjJJgLs+I
;x9xdDBDXOPP9H1DByA9rgVniKmsKUNlxhtgOniItyEvJH1FM0RR7fziFC9gTHvxaQ6Fo/xaNQyoXz9f
;Foq6LDkPfUUycljvwvMRJFhJcMhsC4eZvjNZa8QZYDN/h7B/SnkUK0EtPYHA/hItbk558WMGhZmkNFR
;+zR1MOhbr1E1RexQrNkJS7cr/Gh53UnfAcRSbo6g+aH/EE0g7eZ67TUh6FAZVLT3izP4RKGlHQd53Do
;WyvipSacwjTDN5nrEiPRVLSiNCVOX8/gg1YlJB3W0Ch6rNWDcMiXw/X3WGuiEjFXN0IkxU9fzjGCBkS
;EHDbAm0qqwjUn73CFYyc+nXTUpfFCtVSVjv0PQiMnJQbsF3E7SnoS5SfsYdSzpJiLsqJh5LTjtMX+3G
;kX9BBz0ergUDjqi+P2h/3QxPMGSdiismFGNZNFlY3sb/HCNrRR6sBWfYxs1aU2nGD1oAZZylPSUJYHQ
;8Q1voz/0iNHRFQcJsCY61kjNZU8AVWDdJjbAjORJgUgpKT+jHkX9ABwIergUDjqi+P2h/3QxPMGSdii
;ErAnFZJnJf7tflEixYRXDPZwuOxs9aNyuofD87epmKLiIaeUkwX2Lx0fgTNW5OefFxAoa2qChWeN0OW
;gBzh7QvJh4UKVUtFoGjkRktd399xmQKiaO/BUNpxQxaLXedoD8vJH1FJkhP9fz2Hi5jRUHLawaJqqha
;NQyoXD9fFo25PRUcd0QxSGLnyv0YL2ZNe/FjCJmrrC5oacYdXTNz6ddNSmwUK1VJUfH8/BgzYEVBwXU
;ChZm+P1BhzRJLLBbr1E1dexQrMUFN3s70DyZif3HYYBWHp70FR23aCExfFOjVUUp7FE85XWLzxvYULm
;lBcvFgH5upvi9FafcZUT50hbBNSHoUM1UtPeXP4SIzYk1x2GA4ibOvOFtp9xlRPnSFsE1IexQCVS095
;c/hIjJyUnjPZgK0taQ+UlPcGUcrY5uwEikUeEQnclPu0fwcLW5ae8oFZevG4Vo3DMwQTwBlnKcrKxhx
;dCZEWeT85Rg5c1Vsy1oDgrWsOFtp9xNRAHmfsD8iGnpMVS88gbyRfUFjTG7xdhKZoKw5UlPbFVs6SZ2
;wNT4OZk4KSFPgwf0YQQUhHo0FZ+uioSpof90OWT51jIo+Ix9xdCFIRfXW4xgea0l5xnECmZm4KjcOqX
;waXxbpsSE6JGdeJ0tc4sbODihjRUHaYB+fs78/aGPdCEw2coyKIiQXbStXLT2fo5F9JWtQQdpgCpujv
;ztDedoZYDx+iLgvLwlLTjtMX+3GkX9ABzUergUCk7KoKFltxCNMN3OFuT4VHX1ZJlk9g6KRZEEHIG3L
;cROCqKoFUnTcDko7c5uKfxUeeko3QViBoZF9ZAcgHst9E5mzqT9FU9sLVit1gYouJRR4QjtKYuPG9xI
;zYn9t2WwTiK7NWDcMjnw/X3ORoT8/H3FZCl5K6NfyFR5kT3HCbAmMmaU/VnjdDGA+cp+0IykeFClVLR
;2Bo5EYOXNSa8pgFbS1ujNDb8AjXDB5hbwjLSR9RTROSejV9H1DByA2rgVnjr65KEJozQ5gLGGAoS4iJ
;HdEOkFU78TODSB1S0HDahGOmag0Vm7EGT9dF+nxTUp7cVMhX0jlxuMiMnBJas1tOJiyoipoe8EMWgBh
;iLkhFQ97XDBfPYOjkUpBByB71nEVnqKoKGh/3xVLPH62pjklC0tcPF1Y3tTwES1YVHHZYBW0paI1W1P
;ME0gxSYytOTgOcE4nLT+Ao559QQdGf8BaBYevvQVSYskeUzoW69VNWHsUKzNMU97A/hItbk558WAJiq
;ShPzcOqXwZXxbpsywkJHdEOkFU78TOCiBuVEHIahW0q6IsUmHNEksAcIC7JDkTcU9VLz2BqJF9QWFBc
;PFgCYqkoT9TDKp9P0wW6dUrKxV7TTNyWuLM9RgeYk5/zGkC68TMWhsMqHxZNmSaoRImGm1OJ3JZ6M70
;EzJuT3DxfR60paI3R2nGD14rf4a7Ei8VdUk5SD2Do5FkQQcgeMd3FJ+ZoTtOadojTDdzhbk+FR56Sjd
;BWIGhkX10ByAeyGwVmLKSNlZ1zQ5gLHmFvCkVEnpNPEFR3sbpCTNyU3fBazicr6kuX1PaHUs2ebawIy
;sZeE5VLz2Bi5F9QWFJbN1xOIentD9FU9sTUzZytrwjLBJ4RwpLUe7U4xw1Yn97wGQFh6PNWDcMjXw/X
;3CApz4+JHhKLEhP3tD+EShjf3fAYw6HqpIpR2nNGGA6eIi3IS97FitVNj2Bo/cRLnBSf9pgOJmjvj9D
;U88fUDtztrAjKxl4TlUvPIGCkX1BYEFu8WMOh6qSNVlg0SNLMGa2tyI+D3tGCl5I88XwHiR0IByuBWj
;rxs09Vnz3GlYzeramJS8XeFhVLzyBupF9QWBBbvFjDoeqkileYs8QWgBzkaE/Pwh9RDstP4CjvH1BB0
;d/3loBgqqhBURlxhtTOkmMrTk4DmdCOkNi4sz8DSRpU3/abAiFmag0Vm7EGT9dFun0TUp7c0g6SVjex
;v8ZHnNVbMBqAY2ZozVNdscQWgB+jLQ5IxVzK1csPZ2jkX0mZE96y1oBgqqoNFZhzSNZMGSEtDkVHnpK
;N0FYgaGRfVkHIB7GYAafr6M9aHjBEVoAdYi5LhUeeko3QViBoZF9WwcgHsdrFI60uQVfackISi9JjrY
;iLh5LTjtMX+3GkX9ABzUergUPjqe5L0dTzx9QO3O2oywmEnBKIUg9g6KRZkEHIHfAYw6HqpJrBzz3CU
;w6SZq6ISMfS0I7S1Ttz5F/QQc2Hq4FDoWgpDZbU8kYXi9igKMoFR56SjdBWIGhkX1lByAex2sBgqqhB
;VRjxh9aMWKbvC4VCHtHPEli9ND0IiZmUEHIbAuHxs9aNxSofD82eI+8ISYkd0Q7Q1ji184YL2NQccdr
;E5jGz1o3AKh8PzZ4j7whJiRyQideSYGhkH1bByAex2sBgqqhBURkzRBTLEmcpigVHHVbCktU7c+Rf0E
;HBR6uBQ6FoKQ2W1PdD1oAeoC7KDkkfUUKRVTmy84ZJGlTd9p8OIy0pD43Dql8LF8W6bwjPh5mRzpOVu
;jN9iIkaUF8wmBn6cbNVDcMqBVNMHiAuyoVHnpKN0FYgaGRfVAHIB7HdwiFr6M9aGHHElAreYe8Lkp5F
;CtHLT2ByfQPKlhEe8JxBrS2vzNZeM0OP10W6d5NSnt+TidGYuTN8B8tYiAcrgVw68bNMFJ+wyNZNmSa
;oRImGm1OJ3JY78LzESQHIh6uH2frxqszT1PAE00tf4u5KBUOZ04KQk3kzc4fKHNTHqwFZ/fGzVpbbdE
;ZTQB+jLwqIg9LSjFMTfXK5xgeYk5/zGkC68TNWiwMqHxTPm+MpxI5E3FHOV5i7tH1GDNYT27abAqCvK
;haNQyoUz9fFoW0NC8JS1ghTE/1/OESKGlUQd1mBpmgkjBYZcYIYD56hbo6FRJ6RTBfYvLL9BEtByIfr
;jRn68ahO05p2iNMK3eboRI6FH1FIXJO4sLjGx5tT3fAcTiKtKIvWWj3GVErf5uwEjkTcUc5LT+Bo7h9
;QQdMf9dgFbS1uTtFePcMUDZ4nYo+KRpmTQpHUujN5SIiaE56x3EOhKisNjcOqXwdXxbpuSwzHmZ0Jll
;c89fODS5uTmrxdgKKq5I/U2vNI1w6eJ2wP0p5FCt3LT2Bz/AEJHV/bdpkFZ+ZvTVeYtwjTDp3hIogJQ
;1xdDxDSuDR9X1DByA9rgVnh6e0P0VT2wheLWK2pSIjFWB0Jkhc7Pz/Eh5oVnvcbQaFob5aNQ2oVT9fF
;oW0NC8JS1ghTE/1/OESKGlUQd1gBoaZozVZU9gTUyZxhrsSPB5mXzBVPYOjkVVBByByz3wCmZm+LlZ+
;3CNPMH+HoRI5HnVGCl9Y7cLlFDdif27Bdg6fr6I0Nw6ofAxfFum4LD4kd0Q7SwzexfgRIGpFcNpaFI6
;yuTNZa9sjUClzm6ckLh5LWDlEXuT84hg1c0lwyXZn6cbNaTcMqBFeK0mKuiMsSUtNPEFc7Mb/CR50RW
;rabAmMtZI1QWnaDlY7c7amISMYcXQmSEn1yv8aMgciHq4lZ+vGqzNPU8ATTS1/i7koFR5sXzBDTujV9
;CIyc0lqzW0OhaHNWDcMtXw/X3CArRIiFGZZPE9R5PzkEyhoTkHBcwKZqqwqR2nMfD1fFv/VTUoWe08w
;QWLx0fQeKHRFQdRaD46vqjJDDKp8P0MW6dUgJR99TTxIT97Q+Rgta1NBw2AVjKOSKlZ+zRJLXxTp1UN
;KexRFOlli8sLnGB50VH/aYGfpxs1HNwyoGlYnSYG6PzgSdkcwckjvyv4THmZMcvFxHpujkjs3Dql8LV
;8W6aYmIwlgdDNCT+LGzhgvZkJyywVl68bBWjcM2xNTNnK2tyI+D3tGVS88gaqRfUF0T3LHYTifqb1aN
;Q2odj9fFp68PS8kYEQiSE+BoZF9XwcgHsFrC5KZojRSU9sUWjN6trojFQ97WwpeSPPF8B4kdCAcrgVx
;68bNNUFp2hReMXG2piUvF3hYCkhT4MH9GEEFIB6OBWfrqbs/RWTJElgAZYGwISYIS000Q2Ly0/QYJVh
;FcM9nC47Gz1o3FKh8PzBgjKc/Ix9xdDNEUeDO9BM1WEVwz2cLjsbPWjcVqHw/MGCMpz8jH3F0M0RR4M
;70EzVYRXDPZwuO9M1YNgywfD9fZpuwPjkOZk4KTFn3wv8eJFhFcM9nC473zVg3DLB8P19mm7A+OQ5mT
;gpMWffC/x4kWEVwz2cLjvTNWDcMu3w/X2abvCM+JHtbMENi8sb2ECRpVG2uB2fr3M1aN3zaFVErSZm0
;Pz4IS1gwXEjkzfIYHmhSest3Z+nGzXQ3DKgMTTZ4nbA/FRh7RTNyWPnX4wglYlIv8WYSmLKiN2h82hV
;RK3eLuSgVCXFMPEJTgaGRfW8HIB7edw6FsqgoaG/HElkAc5GhPz8fcVlncl700OUSLFhQbMdrE4qkoT
;9ofs0bVjB46ddNSmIUK1VdT+jN5RgzWENxwGM4hqeuMl5izSNdOnqd1U9KezkrVS1N88r/CSR1f33Ba
;wG0q6w5X2XGGWA8Y5qhIickZFk8Q0nozfYiMXVJcdxsE5LGz1o3I6h8Py9kgLs5LwlLSDpDW97O8B4p
;bk578WYSmLKiN152zSNLMHmFvSgrH0tOO0xf7cagfUMHIDGuBWebtKQ0Q2naI1wweI+KICsYfEI7SGL
;i1uIJLmpJZMtaE4SpoTJSbcwjWjF3i7koeHsWK1UIPYGj4Q8oaVR73FoEhKirBVptyxRWMXO2sSw+Gk
;tIOkNJ5M3lIiBjRB6sBGfJxs1aR37BEks6ZLa2IiQdS0Y0TlXozfQiJWZUf/FjDoejkjtTaKh+Pl8n6
;dVNOgl9RSFIT97A/hMnWE1/zW0OhaOSP0942glbOmS2pjojD3dDClpc6NfOFSRmVHfAYmfpxs16Nwyo
;DE02eJ2wPxUYe0UzclDgwPkUL2J/eM9rOIipoy5FY8R8PV4WwdVNSgtmQjtZWPP88hIvYX9zz2YPgqi
;oBVFl2hFIPmSMij8vD2ZKNllU7s2Rf0EHDR6uBReZr6MuUn73H1AxcLa4LCkTfUUwclvo0fwKIHVFQd
;psCo6ZqClDZcUdSzZ5h9VPSns+K1UtTfPK/wkkdX99wWsBtKusOV9lxhlgOHWGsSgVHktGIEFJ6NP9B
;B5hTHHZBWXrxuVaNwzYDlYxYoynEikUek0KQFziy/gTJFhHfcFhArSypS9absYdVjNJiLEpSnkUK0gt
;PYHT4xQvc0Vs8WYIhaCSN1ZvwBVROkmBsCw+JHZOMS0/gKOxfUEHUGzHaxOOtJI5WGLOI1I+dYG8Iy8
;kfU8wVWLy2uIJJGogHK4FTuvGzSpFZcYIWi1JirojLCR5SjZFVO/GzhIsblRB3GQOmKO5NUJvwCNcMH
;KM1U9KezYrVS1N88r/CSR1f33BawG0q6w5X2XGGWAwZICyJCQkd047WVjzo5N9QSMgHq51FYKouT9FU
;8sTUTlJhLQuIhJ6TgpdT+7O4QkeclN78XcGjbLNWDcMn3w/X2abvCM+HmZ0NkJT5/z8HCJvSXDLWheZ
;qaAqQ1PdD1oAZIizORUfYVs5RF7g1/gSL1hNd9x3CJnGz1o3K6h8Py9kgLs5LwlLSDpDW97O8B4pbk5
;78XcCh6e5M0Fp9xlHK2ScpiQlFRQpVS0NgaORDTNuTmrLdziIqaM8aGHJH1c2eIyKPy8IcV8KSGLtxv
;8aNW9/cs98ApmZrjJWYs8ZP10W6fpNSntkWTxDSeTRzh4uaUZBw2QEg6+jP2h6yRBWO3edsBI6CX1FI
;URT5vzhDyhoUnfafGfpx81VNwyoDl45Yra+KC8LS0M6QVjyo5N9QRMgHq53Bo2ykjVBadoOVjtztrAj
;Kxl4TlUvPYG1kX1BdUF42loUnrSrO1Rp9xFQMXmduiMjGBQpVS0ggaORGyh/f3bBdxWCpKE/aHnGFVA
;xSYi5IRUPbVswcl+BoZF9aQcgHtxgE5mnri5eY8YjXil5gLESPxV6TjZITvLC4wQebk5B3XAXm6m/Lg
;YMqnw/dxbp1T8vD2ZKNllU7s3OHDdoSXrxcAmFo64/RH/JDkYAf4eKPj8LZEQnWQ+BoZF9WgcgHtxgE
;5mnri5eY8YjWzZliLchLyR1XwpeSeDR5X1DByALrgVnmaO5KFZv3BVQMUmHujkVEnpYPElYgaGRfVYH
;IB7cYBOZp64uXmPGI1sqZIC7KhUMfVswHD2Do5FqQQcgbMtxFYqluTNYYvcYSi1/h7ISPRJkTmctP4G
;jgH1BB1J72ncGiLKkNVlTzRJePXqM1U9LewcrVS1P5NfjHCJzSXHAWgKFp682UlOafD1eFs3VTUoJcV
;8nTF71yv4THmJOf8xpArSkqDxYfs0jUCpijKcSORNxRzktP4Cjh31BB1J72ncGiLKkNVlTxB1GOmSKv
;SwkHHErVyw9mKORfTNiVGzPZhOCqaMFUmLJHlM6SYagOTkScE5VLz2BuJF9QXVFatxkBJ+vojRodsAT
;TwB5h7k0FQh7RzxJDIGhkX1aByAe3GATmaeuLl5jxiNFN3mZiiIkF210JkJR6MejfUMHIAWuBWeYraQ
;oQ1PNBEs6ZIe0IRUIfE45QU7exfgPMnMgHK4Fc+vGzSlbf/cdUTFziLkkJBxLTjtMX+3GkX9ABwEerg
;UUh7WSOVhi3BNKLUmIuTkvCXpKIURL5Pz1FDNiQ2rHagnrxM1aFwyofEwzZba2IiUXfUUycl/kx84JJ
;GpQe9xkE560qAVAbcEIP10W6edNSntnRyZyXu7M/RQvYH9912kOhaKoKGhgxwtaLUmBsCw+HmZ0IUhQ
;8cbjHDVyUnvxcgaCss1YNwyafD9fZYWmEikUe0c8Q1rewOgRKGlEe9xaEpu2qChoZM0dSzpktqEoJwt
;xWTRZSPPGzgogblQerAVnxsbNWkRg2yNcMHmFvCMtJHhOM1li58b0GR5vRX/aYBW0sqg3R2naHUsqZI
;yKOisSYCtXLT2ro5F9MmtTQc1qCIevoz1ofMEPSzB4tr0oKw9xWQpZWOzT9A8gc1Vsy1oQiq+5WjUMq
;FI/XxaauT4VGHtEOURT5vzjFCZvVEHIYAKPmaU/VnjNDmArc4SlKDgaYF4nSGL2wvgJQQUgHr0FZ+u1
;oSloa8kMYDl/hbkSLxV1STlIPYOjkV1BByBtwnY4jKWiPlJTzhVTOniIuCgVHXtZOExJ3sb/HCNrRR6
;sBWfxxs1aRGDbI1YxcIC5IRUcdVsKS1Ttz84YL2ZCcssFZevG+Vo3DNsQTAB/h7MkJhdLRiBBSejT/R
;gedEN/wGsOhaGSOVh5xghgPnqdsD8kGmBCI0hi4M32ESQHIh+uEmfrxr42RFPFGU04c7a6PS8VS1gwS
;lDkzeUOQQUhHrkFZ+u1oSloYc0OWDpJhqMoOBd1WwpdXPPX4n1DBiA6rgVnmKq+BVll3A5QOHOHij04
;FGBONllU7s3ODS50VEHNagiHr6M9Nw6ofCFfFummITkke10wX07ozeUYM25OefFmCIa2qDREbdwVUDE
;W69VNaXsUKyZBTt7T4xgpYkFqx2sAtKSoPmh4zRFPOmSIoTg4HktcNERJgaGQfXQHIB7daRS0tr8/X2
;nJCFYxcba2NCYSek8wX2LtzOYYM1hIe89xApmZuT9afM0OXitjm7ASPRp9X1UvPYGWkX1BdExt8XUVj
;q6oO0NlxhtgPG+FvCMuHmZ0IF1N5NHOFSRmVHvcWhOOq70/RW3cCU06SZ60JD57FitVHT2Bo+IRMlhQ
;bMttAoqypDRQU8QZWStJj7AoLiR8TjRZWPP85Rgsd0Vsz3ESmaOSLVZl3Hw9XxbE1U1KCHhYCl1P5Mv
;0HDVuTnnxdQ6YsqI0aGTNHUs6ZLahKCcLcVk0WUjzxs4KIG5UHqwFZ9rGzVpEYNsjTy1zgbAsPhJ6TA
;pfVObL5SInYkV68W0CirKoKGh4zRFPOmSIoTg4HktcNERJgaGRfVoHIB7daRS0tr8zWXj3CF4sfba5L
;CgeeHQwQ1zjz/R9QwYgP64FZ5iqvgVHfsESSzZ4joovLx9LXzBATeTR8Ak0dUVB2WQOn8bPWzc/qHw/
;LHqaij04EnpfPENa3sDoEShpRHvcWguEsagoaGTNHUs6ZLahKCcLcVk0WUjzxs4KIG5UHqwFZ9jGzVp
;EYNsjTy1/h6EkJBxLSCxBVO/H9A8eclBuy3c4g6OsLlJ+9whaMmaMpyw+DmZOClpc6NeRf0EHDh6uBR
;SHtZIqRWXGCFYxcba5KCwPS00wSFney/QcNWJSQdpgCpujvztDedoZYCh3gKFNSHsUAFUtPfLP4iIxd
;Ulw2mwJjJm9M0R4xxJgN3OIoSg4JGBOOF1Y88LlCDNif2nPbBPrxM1aGAyofEwzZbalPyMVYEI7SmLz
;yvYVNVhGe8thOIOjrC5SfvcIWjJmjKcsPg5mTgpaXOjXkX9BBzgergUUh7WSKFhl9w5aOH+GuxI5GHV
;FCkFc8teRf0EHMR6uBRSHtZIpX2XNEFsAc4e0LyYeFClULRSBo5EOLXR/bdt3AYqlqAVEZcwZYCtzka
;E4OB5LSDpBUvP8/xIzakFyx38Cj8bPWjcTqHw/LHqaij4/CXJKNkhi8sr1GB5zRWbacBWOmag0Vm7EG
;T9dF+n2TUp7Z0cmck700fccImJ/bcdhArSyqCJDedoZYDN/jr05LwlLXiUtP4CjtH1BB1Ny3VoUnrSr
;O1Rp9w9WO3O2oSgyD2FZMHJS9NfiFCVif3HAaR7rxM1aFgyofEwzZbahJS8JeUo5cljvwP0SMnJSe/F
;nBpijkj9ZbcoQWl8U6dVsSnsUWDleYvXL+BMecEFywloDhLOvNlJTxBVROmW2sCMrGXhOVS89gZORfU
;F0TX/CaTiKtKg7aH/HEFY7SYC7KyMXeHQzQVL2/PISLHdFcN1kE4KpowVSYskeUzoW69VNX3sUKyZAX
;O3PzhskZlRr3GAUtKOjO1VgzXw9XxbL1U1KCHlKOUFi58bwCTR1RW3xbAmNr6E2aH7JCFYwSYy7LCgX
;cStXLT2no5F9MmhMd8paAYKqoQVeYsYZTQB0m7wpLRJ6TApMX+7V9CIyd0Fs3WBn6cbNRzcMqA9QM3+
;NiiQkHX1HOXJf7tflEixYTXHAahOEqKQ5Nw6ofBZfFummIiYScHQ8Q1voz/0iL2ZSbMFyOJmjqjNYYv
;cJTDpJirojKR56XydEXoGhkX1bByAe3WoLgqKSM1lqwRBTAGKGpRInFHpEIUJT6MCRf0EHOR6uBRSEq
;qQ+aGXGGlYzeragPi8kc0olclvoz/19QwYgF64FZ5i2pChWYMEGWl8U6dVTSnsUWCVET+DPzhAuY0VB
;3mQTg5mkNENp2gxQM3edvCIkexYqVTo9gaPiCDF3T2zaWgaPp70uXnrNI1oxd4u5KEp5FCtbLT2B0OQ
;NMWhSavFgCYqkoT83Dql8Kl8W6aY4Ogt7WSFyWO/F/g8iYlJBwWsLksbPWjchqHw/LGOZpSI4D0tCO0
;tU7c/OCDJif3LHawKYmaQ0aGTBG1cAcoy7PiMPbXQyX1Tlo5N8QR4gHq52Epu2oihDU8UTWzZwgLA/F
;RxxRTBfXPXGkX9BBwcergUUnra9NUV49w5aPGSMtDkvJHVNIUhP3s7+GShhSXvcWgWEqaE/VmKofj9f
;COnVTTkOZFs6X0ne0PwcLWt/eMJqBp+jqQVRackISi1zmtVPSnsMK1UtTvTT4RIzc39yy2QMkpmuNVl
;izR9LNnmH1U9KewcrVS1O9NH3HCJif3PBYQK0o6M7VWDNfD1fFszVTUoIYVkzTF7k/OIUJWJ/ast9E5
;60qAVUY8QTTQB4hqcgKxd9UTBJPYOjkWZBByBt23cBiqWoBURlzBlgK3ORoTg4HktOO0xf7caRf0AHP
;x6uBRSetKs7VGn3D1Y7c7ahKDIPYVkwclHoxPkJJHV/a94FZerG7Fo3DNsJTTl3irASORJwTgpZWPnX
;5A8kWE9r2nYOj6OSNVlg0Xw9Xxby1U1KCGFZM0xe5PziEi1uREHaahe0q6I0WHjHElY8FuvVTWt7FCs
;hSFDxxuMcNXJSe/FnCJ+yojdof90OWT51jIooJBp2RzAtP4Gjhn1BB1R7w3UCmae5L0Vp9xBWLGK2sC
;MrGXhOVS89ga+RfUF0UGvcdjiOqKw4W2mofj9fCOnVTTwUeF44SEnzyvIiMndFe8paFIapoi5fU80SX
;j16jNVPSnsFK1UtWO/C8xEkWFd33mA4n6m6P0UMqnw/fxbp1TojC3F0IUJK5NHOGyh/RXrxdQiYr7kz
;WGL3GVE+dIWwTUh7FA5VLT32yuEYHnNPact3OIepoipEU80dXDdJjK05OA5wTidyWO/C8xEkByIerg5
;n68aiNU1p9w9XNnOFsU1IehQIVS099srhGB5wQXLCWgGEtK4/U1PKBWAsf4eyIS8kcVMhX0jlxuN9Qw
;cgF64FZ4m0pDdoeNEMWl8V7NVNSjRhXzBfPYyjkX0iZlR7yWoVkpmjO1ppqH8OXxbphT8jFWBOJxxiw
;O3UKR5GGEH+aRKYmZ8Kfj/3L3QNJLacKS8aeUo+SE/e8+MSJ25Me64UZ+vGrjtDac8TTSZJh7QgLyR8
;Ti0tPkWjkX1xNxUunjVQ2fb9bA48mEp6bybe4X16TSEbZRoPsZOiTHE3FVieNVPa9v1ucjyYSApvJtz
;hfXpOUhtlGQyxk6JFcTcVWJ41Utv2/Wx0PJhLCm8m3uZ9ek5SG2UYD7GTpE1xNxQnnjVU2Pb9b3E8mE
;kMbybdl316TiYbZR4PsZOkO3E3FCeeNVHf9v1sAjyYSg5vJt+RfXpNJRtlG3+xk6dIcTcXLJ41Uq32/
;W8HPJhLDW8m35N9ek0iG2UbBLGTpz5xNxYrrhln68a+L0d8xw5LAHKMuz4vJHBeNEFi5NvlDzR0SXHA
;BWTnxs1admDEXFonYpugKS8JFA1VLT3lxv8OJFhTa951CJmykjNZasEQUwB5nKEhIxVxWApIRfXR5Bk
;kdSAdogVn64ehNhdp0AhNKnKMp01YexQrJlhN8czjCR5jRXDdYDifv70/Nw+tfD9fWoC7KDl7OitVLV
;nt084fIHRFQcJkHo60kjtReM0OYDpumbo+PwlxdCZITeDR8AkoaE5ByWYIj6PNWTcMqHw/bRbp1SkmC
;0tJNF5Y3s/wBCR1f3/IcQKZmagiR2PbCU06SZqwPSsJdV88QlPexPISJWJ/btxgZ+jGzVo3DId8P19y
;haUSKBpnTgpBXPjG4yIjYkZx3GA4jr69NUR52hlgLHOZtD8rD31EO3Ja4sz1GEEEIB6uBWfYxs1aU2D
;YI10+ZYyKISsCcVkKT1jnzOMYHmJYbsF2EpmjkilSfMkOXit/hrsSLRh7TzByTfPGkX5BByAeri5n68
;apNkdTyh1MOkmFtDQvCUteJV1Y8/zhEihpVEHdYBeKtKwuXmPGI1g8eY2wTUl7FCtVLRKBo5EZLXd/f
;M92ArSqrCNSfvcJTy9zm4o9JRJ6XwpeWPHC4xw1bk9w8WIEhKKoBUd+zXw8Xxbp1U1HexQrMUFN3sTy
;EiVif3vAYWfoxs1aNwyyfD9fcoWlEi0Ye08wclj51/QPL2ZMQc1qCoanoz43D6h8P18W8NVNSh94Wwp
;KXu7H9CInbkx7wGQKjpmrNUVhyQg/XHDp1U0xHHdEMUhi58r9GC9mTXvxcg6frqIvQ1PNBEsiSZK4LC
;kTfUUwckn40/QiIGVCbMtzDoqypDVZcfcHUj5ijKckKxdLRTRAWN7C8x8zYlZ3z3EOhKiwBUxgyQVaL
;UmBsCQtE2BWOEA9l6ORfSVrUEHJZgiPo5I2VnXNDmA8foi7Ki97FytVLT2BtpF9QWNMbvFiBISiqAVH
;Y9sITy15irA+OXsXK1UtPYGskX1BY0xu8WIEhKKoBUR4yQ5LXxXp1U1Kew0rVS1Z7dPOFSRmVEHNcBW
;CqKoFQ2XFGWAzf5qhTUl7FCtVLSCBo5EZLXd/d8BrApmZrjVZeMcJTQB5j7M+Lw9LRzxeSYGgkX1BBy
;AurgVnj6q9BVplzBhTOkmFtDQvCUtKM1lY8/z0BTFoU2vcYDiYo707RW3cFVAxSY62Ii4eFChVLT2Bo
;6V9QQdEct5aCoKiqTZSU8QdRjpktrQrPh5mdDBVTe7Q5A8kWFN73mQVirKkNVlTzx9QO3O2pT8vexcr
;VS09gZKRfUFjTG7xaA6PoqE/aGDJBVotSYuwKyUJcXQwVU3u0OQPJFhTe95kFYqypDVZU88fUDtz6dZ
;NSnsUK2AtPYHH/Q0eakl6ymkCtKqsI1J+9x5aOXmbsBIvA2REJlhP5PziGDFmUn/abAiFmao5WGjNI0
;8tc+nWTUp7FCt4LT2Bx/0NHmpJesppArSqrCNSfvcJTy9zm4o9JRJ6XwpeWPHC4xw1bk9w8WIEhKKoW
;jQMqHw/Xyfp1U0uF2R0OERZ5c/0Ii1mWXvcWhKbtqgoaHzHFVErSZqwPSsJdV88QlPexPISJWJ/btxg
;Z+jGzVo3DJh8P19yhaUSJBRmRjRBYu3C6BgzWEF42mAVtKO1Klh/3Q5aAGWMpSw4GmBCOkNi5sD+GSQ
;HIx6uBWfr8s1aN2jEDGAxeZu4LCYkeEosSE/ewvcJJHV/e9Z1CJizvz9of80MXi13nbwiJCRzSDpJWN
;7T4xhBBCAergVn2sbNWlNg2CNRMGSEtCEVF3VSMF9i48b3EjNif3vWdQiYs78/aH/NDF4td528IiQkc
;0g6SViBoJF9QQcgK64FZ4+qvQVZY9oRXjNJhbQ0LwlLSTBLUvPGzhg5d09t23cCtLWoKlZ+yQhWMHi2
;si4lH3F0JV9YgaCRfUEHIDOuBWePqr0FWWPaEV4zSYW0NC8JS14lXVjz/OESKGlUQd1gF4q0rC5eY8Y
;jWDx5jbBNSXsUK1UtDIGjkRktd39wwXcKiqqSNlZ1zQ5gKmaZsD8VC3tCO1li8sbhHDNmVHfBaziMpa
;I+UlPYDlpfFenVTUp7AytVLVnt084IN1hDa9xsCYyZuTNaafcQVixi6dZNSnsUK0ktPYHH/Q0ecEFtx
;mwJjJmpKE5lxhtgK3+EsBImEmdfVS49gaORfVQHIB7KaRe0sawpX2XGG2Arf4SwEiYSZ19VLj2Bo5F9
;XgcgHst9E460oztbU8sTUDN/h7ISLBp6dCZdWOTHzhEodFQerQVn68bNVDcMqBpeMUmapSgvH0tHPF5
;JgaCDfUEHESWePlXQ9P1hAjebSQRnLdzlTVt7FCszRFHgzvQTNVhUZ95gOJiyv1o0Bqh8Pw9aqPV8ZE
;whRjgtL4GjkRsoa0Fzy2sTtLK0KlJT2whNbRbq301Ke0RnFA0Mr5SkECwHAB6uBQGCtL4uaGDJBVotS
;Zq6ISMfS0I7S1Ttz84NIHNUe9xrZ+jDzVo3QMESWiwW4NVNSh56T3tKXu7H9H1CHyEerkhW2/LtCQcs
;kxlHK2ScsSg4W3xONFlY84P+GycNbS+aNUe49u1hX2nJCFo7NouwKWoTcUohSE+hzPcbYS9JeI58CJ7
;mpTtBaYgVS3Ycrux8akBmTjlMSejV9F0xaFN32mwIha+iND1LmVx6cifJk356SzQLbl9Y9dHwHjUnVH
;bLJQGCqqw3UmLcXF5/dIChbSgeckQnSB3tyvcJKGlHPtptAsuooiBNYM1QHyt5yacoJh51WDANTu7O9
;F0uYQBqxmBHm7SoKUR52hk1GCfJj2Z7SzRueBgdx5qhTXEnG3PBcwLLnO0vRyzJElt/ZIyhPysYYAsz
;RFHgzvQTNSdFaMtrR4apvz89QZBIH2RlnbA9Oh5mWHVCW+ejm31BB0VwyjdJjKWiPlIMq/k/Xxak539
;7W0AbdX4MsZObMHM1ET76NEe49/1qPUGZTAt/Qtn1HnpxWRplGR3VkrEucQ1tL5o1R7j2xxcGPJ92eG
;Yn45J8aj45GnVrDrGTmzpwJ3o1nitSy4PgbxdUhU4Pf0/E531qPW9fJ0xL5M/ODjFiRXrTDyDZ/u0CB
;yzxTDUSLt3fCnNLFD1VLT3mwP4ZJFhFZtpgFYWnoQVUY8URXjFy6dZNSnsUK0AtPYHG6QkzckR73FoU
;nK+5OV8izx9QO3Pp1k1KexQrQC09gcTyEiVif3jHaQKFp6A/aGrHDlI+YunWKkp7FFAyTlLlxs4bKGt
;FcM9oArSxpC5fY90IYDpunagSMRZ1SD1EU+T85QQxYn9/zGcVjrCkO0NlxxJCAG2PvCErFnFFIXJT4M
;70IiBlQmzLcw6KsqQ1WT3VI0Qzd5CwPxUTcUIyRUn8zvx9UwcgHsJkHo60kjlfbcYbWnFxiropL3sXK
;1UtPYGykX1BYENxymA4m6m+Lkd+xx9aLGXp1k1KexQrRS09gcTyEiVif2zLdQKfr7kzWGKofxVfFunu
;Py8LcV88WVTuzbEaImhEe6RCXtnmiGo9N9oZTzpigKEkJRU0TDZCWeSjgX1BB1J72ncGiLKkNVkizx9
;QO3Pp1k1KexQrXi09gdDlHDNzDnnNagOOxs6sNgyoOw1uNtK4KD4JfUh1W1zt1vQOS0AZLo4+Bom1oj
;ZCeM1cTzBlgKEkJRV9RTIncLmRsUYyYlQ+y30TmbOpP0Us3BMfPnSauiE/D3ELOEJZ5KncTHEwACXdc
;QaZsu0tXnjAXEs3c8mzLCRbe00zJ3qzm7ElcSd5Lo4+CoSwqHpvI/FcSzA2hLwjah56TyZZUvHQmzpz
;PwBEniVchqm7PxdWiAhQf3uAu20vFXBYIUJN8qnWTGFdESuANUet//1qByyTEVApc8mhJS9bZEc0WVv
;u0fxdJWhXcI40Uoarx1BwNZpcem820q8oOBQ0Xz1IHeTb5Q80Y0V6jmkChaG5Mj0G70wfByLa9RR4TD
;RtZx0NsYOxRiZoAGrBJRODo+0/U2vNXFA5Np29KGoZcU91J3q4kbElcSd5Lo5AV8v9vj9DLNIZTTA2n
;bptLx9zTnVCW6HX+RhhZUV6pEJXy4D0agc8iCYOfy2z9Tg6W2NCIUUdsM78dwY2AFicNVfLnP16DFaI
;FFAyc8mmISUMeFJfJ3qwg8tMdCkQPug8V9v27WFaY94ZHyt+jPU9JhpgTTpfUKHH/govJxErw2ht4YH
;8enE1mEwPfy2apSgvHzRYMFlJ6M32dwY+Ej7rKFTL/b8/Q37JH0s2eYffAHtKIwsFX1Tv1/gTJikOMK
;4JZ+vGvi5WftxOETh1hrEoSnikK1UterOSmzp4NypTljdtpvf9bT1LmkQfBybJjH1APCYTdXcNi+SgX
;Rs2FTCeJSHY9v1QYz2iOwZtNqzlRw1KNG1nHQ2h5qBNS0AZLI5AV+GB/HpxPphMHxo7kqcoPgl1SCFE
;Uu/89Qgga39/w2oShbKwUGM8ojsGbTas5UcNSjRtZx0NoeagTUtAGSyOQFfhgfx6cXfcDl4pc4WKPjo
;ecU8oJ3CwkqZdEXVJcNpsCYzo43Q3Bqh8Pzh1hrEoFQ9tWzAtPoejkX0TYlBMz3Vn+sbNWlBvxxhaAG
;CMpyQsAktIOklYgaCJfUEHQnPBZDeugpcZA2rZEWUacovlfxhIcxZoLSyBo5EUL2FJcsJaBoWhoT9oY
;MEPS18V79VNSk8hEGQeCIG2kX1Bbk54x2kLtKK4O1tTzQRLLWOavCIkexcnVS09wM/9XSR/VGzbYQKZ
;xsNaNwzBElk2eoWKPSsPYE4nQz2Cp5F9QUBSd8oFaOvGzTNFY8YVUThJmbQ5Ph5mRVUuNoGjkS8kZFR
;3wmwJjqe/WioMqHxTPm+MpxI5D3VZIXJN7sr/CR50Q3/cYziBqaQ0Qwyrfz9fFqi5IUpmFCtVQVz4xu
;MiMnNBbNpaF4Svoy5of80dUgB1hqcjLwkUKFstPYHx9BstYlhR3EYIhbCoIjcUqHw/Mnedii4lFXIaC
;ktU7cL8GC9zf3zcZAmPxs5dNwyoLl42ZYzmCUpkFCtVQFz1/PISL2ERQchsC4qrqDRDU8wVTC96iKwS
;JBp5TlUuIYGjkSYTZkltyzYjtuadKFJhwQlSf0allG17VSMeOEA9naORfSxmVEHNagmN95I8XmDJEVo
;xYrayLiUfcXQwQ1mBoJF9QQcgAK4FZ4anuQVUY8YaDgBwgLksJx56XwpKXu7H9CIyc0Fs2gVk68bNWj
;cbqHw/Mnedii4lFXIaCktU7cL8GC9zf3DPaALrxcdaNwz4MH5/J8fieCcWFA9VLT3swuUiImhOeJ9aA
;YKqrDdSYtwjUT57jIosKBlmTiNEXPXK/hNBBCMergU3p4fNQjcMqBFeK0mKuiMsSktNPEFc7Mb/CR5p
;T2rLdmfoxs1aNwy1fD9fe4ihEikUek1kclvoz/AQJGlUQd53Doijki9ZZdx8PF0W6dUGLXsJK1UtUOD
;Xzh4uaUYv8WMOh6egP1l49w9aK2KAuyoVEnArVgk9gaOjSydmEH2WMUqP8Po4GjiYGgpyLtrieWcaIR
;szFAS3kKlFczYgNK4FZ4anuQVUY8YaDgBwgLksJx56XwpeWPXX+BMmdH94x2kGhqOjLmhu2h1ROxbq0
;k1Ke0ZKPF5YsueRTEEHIHPPcTiIqaM8BlPOFVM+e4y7ORUIcV8hRFPm0M4bKGtBc8trE7SipClHYMkF
;YDF3hLBNSWcUK1V2b+DK4hhyQ30+/ncChq+4Nxdc5D0fbjje4CAnezorVS1Q4NfOHi5pRi/xYw6Hp6A
;/WXj3D1orYoC7KjkkckI5TFDkzeUiJ25Me/FrBoajzVk9DKh8bxNXyeRjfU55RlUDPYGj/Bw1WENxwG
;NWtKCkNlZhzRJLAGWMoTkjFXNYCktU7cL8GC9zf3nNagOOmag0UwyrfD9fFunlTUp7eUohcl7uzfdMH
;mFJcs9oAoWykilSeNwVUThltrMkJhp5TjtZYubA/hkkWFNqz3cT68XNWjcMqFs/XxaEtDkVGHtFMxxi
;58r9HCxiTmrxdgKfsqQ0UH/3GlYzd4SwIz4kfU9VLhmBo5FPd2FBLs09U8ai+21VIZxMWWo70eZ6flZ
;1HmVLBLiVokV5NREehwVn66usLmhvxxJZbkmPvCErFnFFIXJO5NflFC9gU0HIbAuKq6g0Q1PGHVI6Fu
;rfTUp7RGcUDQyvlKQQLAcWHq4FCoqykjlYYs5NYDl/hbQgLxVgdCZISfXK/xoyWEZ3wmQKjqi5BVltx
;RlgPnSLpyg8EnVfPEJTgaCSfUEHcFLvBU3rxs03Vnj3H1AxcNiKKyMXdUYwQ0ne0PQJNW5Oed1aAYKq
;rDdSYtwjUTBijKZNSXsUK1UtIIGjkRAgc399wWsB2pmrM1ttxRlRK0mdsC4iFXtHOkpEgaCZfUEHZnf
;CZAqOqLlaLwyofFI+Yra2IiQdJnQzRFHgzvQTNVhCbM9rA+vFylo3DPodVixz2pFNVXsUKzhMSd7A/h
;MnNX94x2kGhqOjLmhowQ9PM3eQiiMrFnErVjE9gaPKLyBuU3udQTrLlr8/WmXdER8PWqj1fGRMIUY4L
;SGBo5EQIHN/fcFrAdmZqzNbbcUZUStJjrYiLh5LTjtJPYKjkX1BBz4ergUKirKSOVhizk5gOX+FtCAv
;FWB0Mk5S5cbODjVmUmquBmfrxs1aIAyofFI+Yra2IiQdJnQzRFHgzvQTNVhOf8NgZ+jMzVo3XOQ9H24
;43uAgJ3swK1UtUODXzh4uaUYs8WMOh6egP1l49xJeMnO2tC8oCXFdPExJ6Mz/fUIEIB6uVSuqxtVaNw
;zFHUsAdYa7K3gkckI5TFDkzeUiL2hUe90FZOvGzVo3Eah8PzJ3nYouJRVyGQpLVO3C/Bgvc39u3GwEj
;pm4NF54qH89XxbpnipKZhQrVUBc9fzyEi9hEkHIbAuKq6g0Q1PbGUsrf4eyEiMfFChxLT2BkacbIDdD
;JpooA93xr3cDPM5JEmcl3uFgK04kTWwUC7KbqU9wBwoergUKirKSOVhizk5gOX+FtCAvFWB0JkhJ9cr
;/GjJYRnfCZAqOqLkFVX7JEltfFe7VTUopdUImSA7Fo6B9QQdNf9paBISoq2hoasEQXjJzh6ESOR5gXz
;xDWvL89xQtZk17wHE4j6++Kltt0SNRPnuM1U5WexQrDn9c6ND0TgVaAE7cYAqCs6B6Z0DpXA5xIdy4I
;EpVFCtVQFz1/PISL2ESQchsC4qrqDRDU9sZSyt/h7I+FR19RzRAWO/Xzhsoa0VBwGQKjsbOUDcMqCxz
;HjbY+3p/Fnkrey09gc7wCR5kT3DINziNr6E7WmnGCGAsc52hJCQcZ3QzRFHgzvQTNVhHfcFhArSjoz4
;3D6h8P18W2dVNShZ1XwpOUu/FoyInbkx/w2AJn5m+P0N4wRJYLEmPvCErFnFFIXJa4sz1GB50VH/ccW
;foxs1aNwyPfD9fe4ihEikUek1nclvoz/AQJGlUQd1gE5+voz1EU84VUz57jLs5FRJwK1YJPYGjo0snZ
;hB9ljFKj/D6OBo4mBoKci7a4nlnGiEbMxQEt5CpRXM2IDeuBWeGp7kFVGPGGg0AcIC5LCceel8KXlj1
;1/gTJnR/eMdpBoajoy5oYskRWl8V49VNSitYanUcE7aW/BBBMSAermgGn5muNVlqmiNZNnqIuCgkD0t
;YMFlJ6M32Dh5hSXLPaAKFspI0VmHNI149dJuwOyMaYEI6Qz2CoJF9QVdsX64vZ+vGoDtDU8sTUTkktr
;MkJhp5TjtZYvLG5QkoaUdt8WMOh6egP1l49xJQK3Oa1U5KexQrVTA9gaP8HDVYQ3HAY1W0oKQ2VmHNE
;ksAYoy2JSQUeEQyVD2Cq5F9QUFJcs9oAoWyzUs3DKgMUz5ij7o/JyR1Tz1ITujM/31CAyAerlcGjbLN
;QDcMqBNJOmSBtCMtJGdDMEFR8vziDSRiREHCbBSfxs5aNwyofC5fFumlLD8IcXQ9SFTmy+UiLW5Taq4
;GZ+vGzVomDKh8TzN3nbMiOBZLSjFJVPXK/hNBBCQergUphKioWiEMqHxPLXOapjg4HktKMVtc78D0Ij
;V+UHufBWTuxs1acWXQGVtfAOnVTToJcVgmWE/k/PAZN2ZOfctaE5K2qGg3D618P19QgK0oLns2K1UtT
;fPK/wkkdX99wWsBtKusOV9lxhlgPnu2oSgpE3pEOUJa+KOSfkEHIFjoQ2fGxs1aR37BEks6ZLa2IiQd
;S0Y0TlXozfQiInJTasFoDpGjki5YY8QUWj5ytrssJx4lK1YvPYGjxU1BKiAernUVgqi5P0VTyxNROUm
;EtC4iEnpOCk5I8tf+ECh9RUHaagiHrqg7U1PGHVI6JOnWT0p7FH9kLRmBo5ENM25Oast3OIipozxoYc
;kfVzZ4jIorIxd1RjBDSd7N8BAkWBEerQ9n68adFnYsmVIIanuE1WlKexRbJ0RT9cbjIiJoTnjxaAaIr
;qQ0UlPOFVM+e4y7ORUVdUYwcg+BoJt9QQdwUu8lVsXx+DdaDIp8P19mm7wjPh5mdDZCU+f8/Bwib0lw
;y1oBgrSgLVZ+zSNLJmaM1U5NexQrHkFU8dP0D0EYIB6udRWCqLk/RVPLE1E5SYS0LiISek4KQAyxk6A
;iImhEe64GZ+vGzVooDKh8Ty1/h6EoOCR3RDtLYuzC8hUoaUVBwzRX2/SSOVhozXw8Xxbp1U1VexQrJV
;9U79f0Dx5kT3DIWgqKpaUzWWn3EQ1vJtmKLiUfcStWLT2Bo5FcQQcgbtxsCZ+jvwVUY8YaYDJ3ir0kJ
;B5LRDZZUt7C9RkzYlNtrgZn68bNWhcMqHxPLX+HoSg4JHdEO0ti7MLyFShpRUHBZhOEmawqXmfNBT9c
;FunVTUpXFCtVXU/ozeUYM1hDccBjOIanrjJeYs0jUDxihoohKwhgdCBdUe7C9SInaEx6y3dn6MbNWjc
;MjXw/X2abvCM+HmZ0NkJT5/z8HCJvSXDLWhWOtqguXmnaI147cpuwPjl7FytVLT2Bh5F9QXdSd8BxAp
;mZrjVZavcRXjx+gLsoFQlxWzBZVOTRzhwxbkt71wVk68bNWjckqHw/L2SAuzkvCUtIOkNb3s7wHiluT
;nvxdwKbo7kzUn73EF4sYrayPyUOZCtWLT2Bo5FXQQcgbtxsCZ+jvwVUY8YaYDJ3ir0kJB5LWTBdWPXK
;9A8ed1J3wHECmZmjO1ppqH8/Xxbp1VJKexRbJ0RT9cbjIiJoTnjxaAaIrqQ0UlPbGUsrf4eyEiMfFCh
;xLT2BwKkbeWYUfJooUN/xrHcDbswZEmcjje1gfxomHmdOW7CSqRgjBzkergUXma+jLlJ+9x9QMXC2uC
;wpE31FMHJJ+NP0fUIBIB6uYwuEtr0jNyqofD8vZIC7OS8JS0g6Q1vezvAeKW5Oe/FxHpujkjtVbtoZS
;TZ3nbwiJHsXK1UtPYGvkX1Bd1J3wHECmZm5I0dpqH85XxbpsyElC2RSVSE9gaPhDy5hSXLLWgmKq6ha
;NAyofD9fBenVTTgacl8KSUjgz84YOXNSa91sCIXGzlY3DKg9UzM2jK05OA5wTictLoGjkQ8gYVRBx2s
;BgqqhBUdt3AhaLXjp1khKexRnPENY8qOEfUEHUnvadwaIsqQ1WVPSFFAvSZ2sPS9KFChTLT2B7f4PLG
;ZMHrsFZ+u0qC5FbcsIVjB4tq8lJQtLXyxdWLOjkntBByBQwXcKiqrNTjcMqA9XOnqFiikjCXFIIURS7
;/z9FDJzIB2uBWfrxtlaNwzbF1YtYraxOCsXS04tWU/00PgSLwcjEq4FZ6qqoXpSdNwOSjtzm9VlSnsU
;WDleYuDH9RQ1bk9wz2k4iKmiNl5izyNXOn+OvTkVD31GMHJa88LhFUEEBh6uBVfF9vZrDzyYTBFvLdr
;lY3pAJRNlHQ2vk6pOcTcOLpUzV9v2/XQHDL98P19lhaYSKxV6TjRBVO/Ezh8kY3953GQXg8bOWjcMqH
;wdXxbppiE5JHVFO0hc7cr/Gh5kWXLHawOOtJI2WHvNDmA4ZIilJUp4FCtVLT2jo5F9MmtTQc9rCY6no
;TNZa/cfRjN/h7EoOCRhWyVIT97E4xwxbyAdrgVn68bXWjcM2xBMAHeHuygrF31FMnJN6NDlEi9YR2zP
;dQ/rxc1aNwyobz9fFpq5PhUaYEY6Xk3pxuMYHmpPessFZOjGzVpWZdp8G18W6aYhOSR2RCFZUuz84gg
;zYUF9y1oOhaCkNltTyRJYM3O2uSQ5DxQoUS09gZOqRHEHNx6uBRSHtZI5WGLcE0otSZuwPS8aYHQ4Ql
;nko5J7QQcgX+xGJqmFzWg3DKgPUyxJiroiJhJ6TApMW/XG4yIzYkNxz3EOhaGSLlJh2BlNPmKcpygVD
;31GMHJa88LhFUEENh6uBVbS9uNqDDyGTARuJtn7fXFJIBtlAw2Bg5F9QXRMbfFmCISqpDRQU8oZWwBi
;jLg9Lwl1XyBfWN7P+A41ByMZrgVn2+j9YQY7mHwNXxbppiE5JHdEOkFU78TOHjhrSXDKYBW0qqItUn7
;3FFo+YoynEj4eeVswX1z11uMYHmtJbdoFZOzGzVoHIphHDm4m6edNSntnRyZyXu7M/RQvYH9912kOha
;KoKGh52AxaLUmBsCw+HmZ0IUhQ8cbjHDVyUnvxaQ6Yss1ZMAyofA9xJtLke3p7OStVLU7t0M4eLmhMd
;8BiOIejqy5oas0ZWwB+jLQ5LwlLXzBATeTR8Ak0dUVBwmwUn8bOXTcMqEwRby3Y4X1KZBQrVV5R8vzy
;Ei5rSXDJWgqCqJI2VnXNDmArf4SwEiYSZ19VLj2Bo5F9awcgHt1pFLSlojVbZcYbYC9/mqEiJCR8TjR
;ZWPP85Rgsd0Vsz3ESmaOSNl5/3Hw8WBbp1X1kSy8aYx09paORfTJrU0HNagiHr6M9aHzHD0sAZYq0Iy
;QSekwKSVjtwugiLW5Taq4GYOvGzWoZPJNPEW8WytVNSgh4WApOUu7P+BMmWFBsy1oUiKejNF5izyNbO
;nqIrBImEmdfVS46gaORTW83Gy2ANWfFxs1aRGDbI1wweYW8Iy0kZkIyRUnexfQYJVhIe89xApmZuT9a
;fM0OXitjm7ASJhJnX1UuOoGjkU1vNxsvmjVnycbNWkRg2yNcMHmFvCMtJGBCOEhi9cb8DSR1QWrbdwK
;0ob87R2SofylfFunlY3pAJRxlAw26kaVNcSkQJZ81V8X2zUI3DKgPUyxJjrQ9FR19RzlyT+TT9Bw1WE
;1xymBn6MDNWjdN6T59HFXpzE1Ke2dHJnJa4sz1GB5hSXLLawaGo5I8WH7FHUtfFY/VTUoAc0g6SVjex
;fgRJGlBc8taEIKypTVCePcZRytrtq4gKxh8QjtIYvXa4RgeZkJ83GARgqe5M1hi1SNEMnedsD8jGnh0
;O0xQ5PzwHyN1RWjHZBOCqaMnaHfEHUY6ZLa9KCMcfF8oQFCBkJF9QXRMbfFtAoqypDRQU8oZWTBkjIo
;/Lxh7SiFEU+b85Rgsd0Vsz3ESmaOSLl5hzSNYLXeZvU1JbhQrVR4Nr5OqTW83Gy+ZNUnb/fxoBzyGTD
;9KFunVPiYIS0I7S1Ttz84cL2BMe/FpDpiyzVkzDKh8D2Qv2dVSSnsUWDleYujN9xQta395z3U4ja+hN
;mh+zQxaPmK2uCIuHhQoUy09geLQPwNEYx64BWfrtaEpaGXGGlYzeranKDoedV8KQFLlxpF+RwcgHu9E
;JamFjlovDKh8TDNltrwjLBJ4RwpeXuDN/xQvYH9zwWEC68XIWjcMxRNbOnrpyE1Ke2dHJnJU7830Dx5
;kT3DaahKZmaI8UX/NCGAzf5qhTUl7FCtVLRuBo5EOLXR/bsFyA460kjxSacwVUThJm7o5Kw99RDtyT+
;DX+BIeak96ywVk7sbNWlFl0BlbXzXp1U05F2d0JV9Y6cbwCShpR0HMYAO0sqg3R2naHUsqZIyKISMIY
;CtWDT2Bo6FTcTwRLJ4rV9Dz/XQHN5lLD3Em0uR9elUkEGQaDa+TkUhBByBtwnY4m7SoMlJt3BVROEmK
;rCEjFXBOJ3JR7tT0Dx5vRX/aYBW0sqg3R2naHUsqZIyKISMIYCtWKj2Bo6FTcTwRL54FUuvGzSlbf/c
;MTTp+jLQ5IxVzdDZUUejN9RgzWFVu3mAVtK6oO0Np2iNLOnuZsD8rD2FZMHJR6NDlfUIAIB6uNUnb/f
;xsBwyYfD9fZYWmEjoJcUMwTEnozfYiLWJGavFjAo6ikjJSbdwZTQBijLg9Lwl1XyBfWN7P+A41ByMZr
;gVn2+j9YQY4mHwdXxbppiE5JGRZMEVY4Nf4EyZYTXfAWguKv6goaHjBEVoAeoCmOUp4FCtVLT2so5F9
;MmtTQd53AoOjrC5eYs8jTzZlnbojFRNxSiFIT97X9BAxYlJ/2nAVjpmhM0R4qH84Xxbp5WN6QCUdZS0
;agaORDi10f27cYA+Op7kzWWv3DFAsYramLisVekI7SmLlxv0cOFhMd91xZ+jBzVo3PIZMBGw42dVrSn
;sUWDleYvHR9BUkZlR3wGI4m7SoBURvyRJRNniOiikvF3VSCkFU8teRfkYHIB6eK1fQ9eNqNz2ofD8se
;pqKPTgefE40WVTvxM4PKGBIavFjAo6ikjJSbdwZTQBijLg9Lwl1XyBfWN7P+A41ByMZrgVn2+j9YQY4
;mHwaXxbppiE5JGRZMEVY4Nf4EyZYVHfDYDifo6AqUn7JCEotc7ayPysLfCtWDz2Bo6FTcTwVLoA1XNr
;0/WoZPJNND2842e5+fEskBWUWDLaTv01BJiAernYLmJm9KF5i3BVROEmLsCkVD3FGJUhP4NfkDyRYTH
;fdcWfoz81aNzyGTARuIdn7fUpIFCtVXlHy/OEPKGlUd8BiOIi/oTNZaM0OYDN5nrA/FRNxSiFIT97X9
;BAxYlJ/2nAVjpmhM0R4qH84Xxbp5WN6QCUaZS0OgaORDi10f27cbAmfr6M9aG/REFYxcoynEj8LZE4n
;clXkwuUYM1hUe8N1ApmnuS9FafcQVixi6dZKSnsUG3sdBrCVoX1vByAe3WkUtLa/M1l4wRJYAHqMszk
;VHXFOMXJV5MLlGDNYVHvDdQKZp7kvRWn3EFYsYunWSkp7FBt7HQawl6F9YQcgHt1pFLS2vzNZeMESWA
;B7gLsSJhptTidySejO9CItblNqrgZn68bNWhwMqHxMM2W2pT8jFWBCO0pi8criCS5pf3bLZBOOtJIuU
;mHYGU0+YpynKBUXfVghLT6Go5F9cSkQJZ8zV+vjzVo3f8QPYC9kgLs5IxVzdCVCTvX84h4gaU53wGI4
;j6OhO05TxBVMKxbq0k1KeyQFZRYOr5ORWUEHIG3CdjibtKQ0Q2XGG2AvZIyKPikaekU8Q1rex/QRIH5
;/csd2E+vFylo3DJhSD2Qlx+VNZXsUKyZBTt7T4xQvc0lwyVoVgqGlLmhqzRlbAH6MtDkvCUtfMEBN5N
;HwCTR1RUHCbBSfxs5dNwyoTBFvLdjhfUpYFCtVXlHy/OEPKGlUd8BiOJ+voD9oeM0RTzpkiKE4OB5LT
;CdMTemjknRBByAugDVc2vH9dAcMsHw/X2WFphI4FH10J0ha6Mz/IjJkQXDxaAiPo81ZMQyofFYseoi7
;KUpuFCtVXlHy/OIeIGlOd8BiOJijvC9SYssZP1wY6dVNIxVyQjlBA+LM/wkuclIeowVn67WhKWh/zR1
;SAGKQpShKeBArVS1T7s30fVgHIB7daRS0taUzUmDMI14zcYanJD4TeXQhVE3ko5J/QQcgSJ8Fe+vGzS
;lbf/cPVzZzhbESIxVyQjlBYuDN9hEkWEx33XFn6MHNWjc+mkkEbCfc1WtKexRYOV5i9cv4Ex5wQXLCW
;gOEs682UlPEFVE6ZbanKDoedV8KQFLlxpF+RwcgHu9EJamFjloSDKh8TDNltqElIxVLXDRBUd7Q+BMm
;a0VBwmwJjpm/P0dpyQhgMnmNsE1JfRQrVWx8w+HSPkEmIB6udguYmbk1R1PbCU05d4qwEiMVckI5QWL
;gzfYRJFhMd91xZ+jCzVo3PJNFD18/6dVNORZ1RzlyXPPG8CIyaEx3yloOhaCkNltTzhBQKEmKuiA6Hn
;pYNFlU7s2RfhoHIB6ePlfQ9uNoDDyGSAtrItLlY35AJAVjHAm0mKFTdzwQMJk1UtL9/XQPN5hSCGkn0
;O58ZE4vG3sVCLaSqk96Nw4mlj1e0PX2ahk1mk8OZCPS5WNzTiYbbhwNupKqfVYHIB7daguCopIzWWrB
;EFMAd4eyIS8keEImWT2CpZF9QTMVJZ82UuvSzVo3f8cQVjtJgLsrIxd4dCVMSfXG4xNBBCUergUrgqi
;oKTcXqHw/LHmFvCkVEnpNPEFR3tPwCTViUnDxZwifsqI3Nw+tfD9fWoC7KDl7AitVLU700+ESM3N/et
;tkC7SjtS5FedsVUDEW6tlNSntVRzkNWPnX4wglYlIetwVn67W4Kkdj2ghgNniPvCEmJHVFMkFY3s/4D
;jUHIx2uBWfG8vhaFwyofEwqZpm6Pz4kfUUzRFHt/P4INWtJcMt2OI6+uShCaM0OP1wa6dVNCxd4CzBV
;SfPW9RgzBywergUUnra9NUV49whGL3Pp1khKexRnPENY8qOBfUEHU2vedQiZspIpQ37JCFo4b+nWSUp
;7FH8nSFiBpJF9QXRVbt5qFZ/GzlA3DKg5STpkkKIlLwlxK3YtPYHQ5A8nZkN78XYIh6+pBVVj3AhQMk
;mAuysjF3h0JUxJ9cbjE0EEJR6uBSuCqKgpNyyofD8sY5uzLCkeS1g6QVTl/OUSMVhJcMhsC4eZvTtDe
;M0OUV8V7NVNSjd9RTBePZWjkX01Yk1uy3cGn7O/P2huzRhgM3+aoU1JexQrVS0ogaORCSRqUHvcZBOe
;tKgFW2nOCGAzf5qhTUl7FCtVLSuBo5EJJGpQe9xkE560qAVFZc8USwB6gKY5SngUK1UtPY+jkX01Yk1
;uwmQTjpmjNUNp23w8Xxbp1U1FexQrIkRN5PzlEjZiUkHDagOOxs5QNwyoNVErc5u5LCkecCtFLT2B1P
;gNJFhUcdlgFbS1pTtHaah/Nl8W6YcoKQ91RTJBWIGtkX1BcEluy1oQiqqhBVpjzBk/XBzp1U0DFWBOJ
;0Fc4sb1fVEHIB7Bah2Omb4yXmnEGGArb5mwTUlyFCtVelz1xuM7IGtMHuoFZ+vAzVo3asQTTy9v6dVN
;MDgUKy9uPYHZ0n1BByDTYslZ6sbNknUMqLR9Xhbp1U1Ks1UrVS09g6ORfUMHIB6ugWTrx81aNyOofD9
;VFunVHQY6NBp7GgjszpF9QecfHq6eI+vGihmy5289Px+KrNVNsD0UK+lvaIWjkfQRSWcTpB9t68bNV3
;5E7C4/Xxet1U1LHRwtVS09lC1yhkEHIBfeTT6Yxs1IQwyobkteyI/KNUp7ECgcaXzV20uQmaYx3O4RI
;jpZgJjzoKj7fL7+aIelXjHVjlU50c3jwD0XRlKQUePu0P0WRgGX23wvknNSbsdoy2LcgsbrVL9/hn91
;agiqe7WIXK92Uvr1KS8sXHgOm6C72zF+QwFyo5VsARchGr9Fd+rC3BonDaxtf08X7cQNWnoQOhU9PIW
;y0W1AAzFevgRj+obdWzMd6Gw+WwepxUxOalQ7VCkswbOQeVBHMB+qFAeSfFf5hpiwN45BpkX1q3w+Wj
;Xf7Y9NTssTEnPboCHmV7PJle9QsFVdPSMfy1VtSHM2q3UvNaMjsX9JJaA+rA1Fa+bPUhWMiH43fZbJ1
;0Vo+zQpXQ+9oaGZX8EnIhaMhUfpzu/aFw6gXr9/FOH3zWp5HAnVDT+JgRFdQw8Cno4Hb8lG7Vg/Lqj+
;N3+e6VdFavMUqV0NtYEhmV3JB6IWjo1nac7t0jeOoFy3X5Th9cVK+RwL3S2/iYMZfcMPAJauh2/LTs3
;YPywgfL1XNmHVz0JbnCvXJR0JoxN1YY8gnKYl7+tExdoXDqBev38U4ffNankcCdUNP4mBEV1DDwKejg
;dvyUbtWD8uKFw9VzRp9U9CWZQLVyUfAYOTdWOHABymJ+fLxMV4tyyqdB3fNuvdb8pbFiN3rR2Dq7P9Y
;QUoPC4lZctOzdg/LCB8vVc2YdXPQlucK9clHQmjE3VhjyCcpiXv60TFer8MKnQf1xZr3W3Ce5YjdaU9
;A6ux9UGFKD4mBeXj5kVatQSI9D/dHsldTchzNKNVrzWhK5H/SSeoHqYn58vExXi3LKp0Hd82691vyls
;WI3etHYOrs/1hBSg8LiVl4+RNejUEivwfXR7LVW1IczardS81oyOxf0kloD6sDUVr5s9SFYyIfjd9ls
;nXRWj7NCldD72hoZlfQYUoPiYF5ePmRVq1BIj0P90eyV1NyHM0o1WvNaErkf9JJ6geLA1HY8ZPUheEq
;P43f57pV0Vq8xSpXQ21gSGZXckHohaOjWdpzu3SN46gXLdflOH1xUr5HAvdLb/poZE8RRdkHu8Bd6/G
;jF4nSKg9O09S6ZRJWj8UalE9eYHilW0FB2EavkFnqsLdHjdNrGx7X1ftxQlKOhA7ES18hbPVfQADMFq
;uRGP7gs0bMxzsfH5bBq3VDE5rUCtRPH2RopVsARchGr9Fd+rC3BonDaxtf08X7cQNWnoQOhU9PIWy0W
;1AAzFevgRj+obdWzMd6Gw+WwepxUxOalQ7VCkswbOQeVBHMB+qFCf7x8lLdxypeC4fBujRXEo6EDsRL
;XyFs9V9AAMwWq5EY/uCzRszHOx8flsGrdUMTmtQKxQpLcWj0HlRQyBfqhUj64fJSnMM6XgvG5ZWBNHM
;mngt1aUynWmJJnk008OuBWfrj4gUc6LqHL0WEunVxBo1UyZfNzeBo5FwCE9kTK4FZq/GzVtRBK58P18
;DZza2SnsUIiVlZPKjkW81ByAM2gS5jdm1WjcPXzV7HkKRD6CSWhqvZT27UMISZRZWYZxJ+7AL9EUrP8
;gCQT93ADcmANkkaEJv2eNWo7G7JF6C6cAMhz5woNHGxmmqZTuw7FQWkIwpgb/RNnBp9ORoj+Cz8wyFL
;KrN2D8sIHy9VzZh1c9CW5wr1yUdCaMTdWGPIJymJe/rRMV6vwwqdB/XFmvdbcJ7liN1pT0Dq7H1QYUo
;PiYF5ePmRVq1BIj0P90eGe2u3zhBPgBIAGH60LGNz2xVrooVXa1UQ1RnhdpW7QgZv4o7g1cvrTx5geK
;VbQUHYRq+QWeqwt0eN02sbHtfV+3FCUo6EDsRLXyFs9V9AAMwWq5EY/uCzRszHOx8flsGrdUMTmtQKx
;QpLcWj0HlRQyBfqhUj64fJSnMM6XgvGxao0V0OexA6FT08hbLRbUADMV6+BGP6ht1bMx3obD5bB6nFT
;E5qVDtUKSzBs5B5UEcwH6oUJ/vHyUt3HKl4Lh8G6NFcCmsVL0RtLYCngD1RBiQP7hVm79eNSjYIuTwv
;XhL41QxOa1ArFCktxaPQeVFDIF+qFSPrh8lKcwzpeC8bFqjRXQ57VS9FaT3Ap4E5QUYkDuoFJu/WiVp
;2CLg4Px4S+ZFNC38Eb1VsOZHnkTxFF2Qe7wF3r8aMXidIqD07Hwbo0VwKaxUvRG0tgKeAPVEGJA/uFW
;bv141KNgi5PC9eEviVXUt/BWtFLDmQ44F8RRZgDq8BdqvWzF4mTLh9O05W+dRJWzsEKlE8fZGilWwBF
;yEav0V36sLcGicNuDg/HhL5kU0LfwRvVWw5keeRPEUXZB7vAXevxoxeJ0ioPTtPUumUSVo/FGpRPXmB
;4pVtBQdhGr5BZ6rC3R43Taxse19X7cUJSjoQOxEtfIWz1X0AAzBarkRj+4LNXiZMuH07Tlb51ElbOwQ
;qUTx9kaKVbAEXIRq/RXfqwtwaJw2sbX9PF+3EDVp6EDoVPTyFstFtQAMxXr4EY/qG3VszHehsPlsHqc
;VMTmpUO1QpLMGzkHlQRzAfqtRj60TFer8MKnQf1xZr3W3Ce5YjdaU9A6ux9UGFKD4mBeXj5kVatQSI9
;D/dHsldTchzNKNVrzWhK5H/SSeoHiwNR2PGT1IXhKj+N3+e6VdFavMUqV0NtYEhmV3JByg8LiVl4+RN
;ejUEivwfXR7LVW1IczardS81oyOxf0kloD6sDUVr5s9SFYyIfjd9lsnXRWj7NCldD72hoZlfwSciFoy
;FR+nO79oXDqBev38U4ffNankcCdUNP4mBkf9JJ6geLA1HY8ZPUheEqP43f57pV0Vq8xSpXQ21gSGZXc
;kHohaOjWdpzu3SN46gXLdflOH1xUr5HAvdLULiO3YEdARg2rknYPEK0NkpgKh8P19frJsJ5Dl0qUf9P
;YGikX1Bp+8erpBj68b8WjcM+HxNX3/pu00+e3ErJy0MgfyRPEFJIFuuUWe0xoxaDwz3fG9feumgTTl7
;SysHLW2B6pFOQVggTa5OZ7nG/1poDOF8W19z6bRNJ3t1Kz4tWIHRkSJBVyBsrmpnjcakWlsMzXw/TBb
;p1SwpGHFHMF9c9cr+Ex5lT2raagrrx81aNwyoPEAfFvLVTUoad0gwQVjzwuUULml/fMFxE4SrkilCfs
;4dXDoW6NVNSnsUayptPZmjkX0gZEN7wmAVirKkNVlTzhVNLGK2uSwzHmYrVC09gaORPT5HIA2uBWeKp
;a4/W2naHUs2eYeKJCQdfUc5LTyBo5F9QUdfXq4dZ+vGrDlUacQZTT5igLojFRJ6WDBZYujN/xgzByEe
;rgVn64ayGjcUqHw/PnWKsCEvCXVfPEJT3sr/DiRzf3HbcQKZxsxaNwyofH8gVunHTUp7dUg2SFHk0fA
;JKGhOQd53DoWyzVs3DKh8Px9pqdVZSnsUSjZOWO3G4xw1bk9w8XYSm7aiKEMMqXw/XxbplTIKewQrVS
;1c4sD0ESR1QWrHagm0sqIqNw2ofD9fFqmqDUpjFCtVTF7ixv0YM2ZUd8FrOJ+pvQVEedoaXjxz6dRNS
;nsUKxVSfYGwkX1BZkN9y2kCmae5M1hi9whNPmCMuU1LexQrVS19/uORX0EHIH/NZgKHo787Q2XHEmAr
;ZIijKCYkZ0M6X0nex/gONWZOfcsFZuvGzVo3DKh8P3YW6dUsPBR9TwpZT+DV9BEeb09yy3Y4m6e5Mmh
;hyQRgM3OHsjkiJHJKNllS86OQfUEHIB6ubCfr781aN23eE1Y7SZ2nLDweeHQ9QlHk0M4NIHNIQcNkH7
;SoogVFadwOXjxigLojSnoUK1UtPYGjkX1KByAezGALn5miPFF/zQg/Xhbp1U1Ke8QUVTs9gaPzGC1zf
;2zPYxO0p645UmDNDl4rf4a7TUt7FCtVLX3+45FtQQcgfMtpE7S0rDxDU8kVTTh3mdVMSnsUK1Ut3b6j
;g31BB0J7wnE4maerLmhqxBNILXedsE1LexQrVS092OORc0EHIHzLaRO0tKw8Q1PCGU00FujVTUp7FCt
;BbT2Ro5F9I2JMavF3Bo2ykjVRatsZS18X6dVNSnsU22otMoGjkR8ka1RB3GQBn5m+KlJpzHw+Xxbp1U
;1KVVQrRi09gcH0ETVYUn/IcTifrqQ5XGLND0xfF+nVTUp7FNNqLS+Bo5EfJGtUQdlkC4eZqzZYe9odS
;zoW6NVNSnsUKwxtPZWjkX0jYkxq8XIGh6qSNlJizwhXAHuAu01LexQrVS09cZyRckEHIHzLaRO0saw2
;W1PbDFo6cunUTUp7FCtVCX2BvZF9QWVSd8piDoWhkj9PeNoJTDZ5h4o6Ix9gQwpfXPXK/n1AByAergV
;nsobNSDcMqB5NNnKOvCMtJHJKO3JO8cb0GUEGIB6uBWfrn41aIwyofF0tf42yJCQcS008VVjl/PATJm
;tFHq8FZ+vGzVo3DKhlP18Wi6ckLhx9RTJyW+3M8AkkY39/3GAGtKukNDcNqHw/Xxbp4Q1KahQrVU9P6
;Mf2FC9gf3jCahCZp7k/Nw2ofD9fFumMDUpjFCtVT0/ox/YUL2B/bcZgC4e1kjxbY98OXitz6dRNSnsU
;K1V0fYG2kX1BZVJ3ymIOhaGSKV9pxBBMAGWZsCguexUrVS09gaOvPUEJIB6uZxWCoqozWWv3D086c43
;VTEp7FCtVLXPBo7B9QQdCbMdhAIKoqgVEedgMUC1ijLESKwlxSgpfXPXK/iIsZlgerwVn68bNWn5MqH
;M/XxaLpyQnJHhCO0hi4szkEzUHIR6uBWfrxukaNweofD89ZIC4EiUdclgwWT2Ao5F9QQcgHq4FdevGz
;TlYbdsIVjFxtrEkOQ91RTZIDIGikX1BByAergVn+cbNWlRjyQ9LNniOiikjCGBKO05Ys6OQfUEHIB6u
;BWfr6M1aN2/HEls2YoC6IysXS0Q7SGLyy/QRLVhPcPFxCJuZvi9FaskfWixJhLwjFRpmTjQtPIGjkX1
;BByAeripn68auNVlowQhWMHiIuRIlFXF0JkVY7c/OEi9YVHHeWhSetKs7VGnbI1I2eLaiJC4PfCtULT
;2Bo5F9QQcgMa4FZ4ipoz5eeMETUT56tqEiOiRnXidLXOLGzhQvYUlywloXirK5P0Vi9xFWMUmIpygre
;xUrVS09gaORfUE3IB6uZgiFoqQuXmPGHVMAYoalEjkOZk00Tljeyv8bKGtMQd5kE5+jvzRoYcESYCh/
;jaElSnoUK1UtPYGjkX1UByAezWoIh6+jPWhvxxlZOX+KvCgkD0tKVSwQwr96n3ddHx67BWfrpaI1W2X
;GG2A8eYyzKyMYfU47WWLjo5Cwjcvs0mLx2OvTzVo3b8cTUzZ4joouJR5yTTxOVOTN5SIiByEergVn6w
;a/GjcfqHw/PHmGuRInEnp0OUxE5NHOCShqRR6vBWfrxs1aGUyobT9fFoq6IiYkeUI7clvkxvUPIHNFH
;q8FZ+vGzVoTTKhqP18WjbAjOR5LWCBdTe7R5SIna09p3GQTjsbMWjcMqHw/BlbpyE1Ke3BOO15Y3tDk
;DTFoUmrxbAmNr6E2aGPdCFM2eIymTUt7FCtVLT2Bo5FqQQcgbdt1F4S0uQVTacYPWgBwgLkhFQl1XzA
;tPIGjkX1BB3Rerhhn68apP1l/zSNMKmaZuj8+JH1FO0hP3sbpDSBpU3fBa2fqxs1aNwyofD9fBenVTT
;kOZFs6X0nex/QTMmJ/cs98ApnGzFo3DKh8P18W6c5NSntwTjteWN7Q5A0xaFJq8WkGkqO/KWhuxwhLM
;Hvp1E1KexQrVS09gbCRfUFjRXDdYDiYs70qWH7cI0wvc4yxTUt7FCtVLT3I45FkQQcgesdoAoW1pDVZ
;U9AFYDx5hKUoJAh1XzxCU4GikX1BByAergVn9cbNWlNlxRlRLH+GuxIyAktIOkBN5M3iHDVuT3DxbQi
;Ho81bNwyofD9fFunVVEp7FE85XWLgzeUUIGtJf91sCYyZqihWdfcRXicW6NVNSnsUyzptPZijkX0la1
;BBz2sTgqehM1Z/wRJYAHGbtDQVFn1FVSw9gaORfUEHIB64BWfroqEqaG3GCFY+eoC0PiMVc3Q5SEvkz
;5F8QQcgHq4FR6vG2lo3DMwQTwB3h6EkKxd9SiZEU+b8/Bg1b096rgRn68bNWjf8l3wYXxbpsSE6JHZK
;Jkhi7cLoGDNYQXjaYBW0o7UqWH/dDloAYYi8ORUPfUYwLTyBo5F9QQcgHq4tZ+vGqTZHU8odTDpJhbQ
;0LwlLSTBLUvPGzhg5d09t23cCtLGsM0NT3BVSOhbo1U1KexQrUW09naORfSVrUEHMZBSOmaE7TmnaI1
;0wZI2wPxUUck0mSEmBopF9QQcgHq4FZ8/GzVpTYNgjXT5ljIohKwJxWQpOUu/X/ggzWEVm3moUnrSoB
;UNlxRk/Xhbp1U1KezxrVQY9gaP1ETFYQn/dYDiHp7Q/RVPND0s2e4ihJCUVS188QFjewP4QMWJObc9x
;DoSozVs3DKh8P18W6dVpSnsUTzldYuPC4hgea0Fny3c4ja+hNl5izyNaJ2aGpjg4HktfPEBYgaKRfUE
;HIB5eOmfyxs1aU2DYI10+ZYyKISsCcVkKXVL2xuMiLGhEe64EZ+vGzVo3/Jd8Hl8W6bEhOiR2SiZIYu
;3C6BgzWFJ/3mwDtKK/NUdT0iNML3OMsU1LexQrVS09oeORWUEHIHrCdTiJp74/aGDJBVotSZu0PSMfS
;0c8S0ne2c4ZKHRUf8BmAuvHzVo3DKh8LR8WyNVNSh94WwpPXPLGzhEgfkVs8XcGm6+pBVtlzghgJUma
;pSgvHxQqVS09gaORXQEHAx6uBQOHtpI4Vn/NI1M+b4ynEjkXe1wKSU/u084HHmNJbdpkCYijzVs3DKh
;8P18eqdVtSnsUTzldYuPC4hgea0Fny3c4mKqiLWho2hNPAGy2pj0vHnArVC09gaORfWFHID2uBWePqr
;0FVW3bGWAzd5CwPxUIeEQiclHoxeUiO1hEd91xBoWlqFo2DKh8P18W4ZVNansUKzFBTd7B8A4kWEx/1
;2AVtLWhNUBTxBVZK0mTij46HnFPVSw9gaORfUEnYB6KBWfroqEqaG7JD1oAeoisKDgkZ14lXVLz184Y
;OXdPbdt3ArSypDdSDKl8P18W6dVlCnsxK1UtWe3Tzh8gdEVBwmQejrSSLl9lyxdROmWaii4lFmROO15
;c9cr+E0EGIB6uBWfrxs1aEwyofFszZra3LDkeS0c0VFjz/OQNMWJSQd5qDoWyki1WZdwjSzZ7jNVMSn
;sUK1Ut3b6jnn1BB0Ry3loFirWoBVtt0RlNLBbo1U1KexQrdW09nqORfSVrUEHNbQaGpKgoaGTNHUsqZ
;ramOSsVcEkscknozvR9QAcgHq4FZ/+GzXo3DKgYUy9Jir0sJxlxWQpdT+jN5RQvYH9qy2gXjrSsLkJ+
;zXw+Xxbp1U3KOlQrRC09gcf9DR5kT3DaahKZmbozU3jAfD5fFunVTUpzVCtaLT2Bx/0NHmNSZ8drALS
;ypDdSDKl8P18W6dVZCnsHK1UtWe3TzhglYEVBzGkSmZmhP0FpxHw+Xxbp1U1Kiysrdi09gcf9DR5hSW
;zDcgaZo5I7VG/NEFotd528IiQkbnQxSFvg1v0JQQYgHq4FZ+vijVosDKh8WzNmtrMkOBZjSidIYuvG4
;xYefX96y2MGnqq5WjYMqHw/XxYZ6k1SexQrMUFN3sX4DyxwQWzLWhSbo6g+aHb3EV4nFujVTUp7FCtB
;bT2ao5F9JWtQQcZgBp+Zri9FZcYbYCtzhKUoOBpgXidIPYCjkX1BByBQ7gVw68bNPlt89xVSPnGMijk
;4GnpYM0hP3tf4ECQHIbDp5B3/aNgaNx+ofD87epmKJDkXdUUxclzzxvAiLG5OHq8FZ+vGzVrPM6hnP1
;8Wjbk9FRd1UjBfYuzG4xokWENywXYCtKCsOVJ/qH0/Xxbp1U1KexQwVS095c/hIiwzEC7xZgiGq6w0U
;1PMGVM+b7ahJCceFCpmHg6ykKKufgcJHq4FA4e2kjdeaMwQWgB6iKwoOCR1TSFIT97G6Q0udFVsy1oQ
;iq+5BUNlxRk/Xhbp1U1KexQrVQc9gaP1ETFYTXfKYQuOmaE7TmnaI106cIanKBUebFs6Xkjzxs4KIG5
;UQdpsCo7GzFo3DKh8P1tW6ctNSntwRyVyUOjH9REkWEx/12AVtKSiKFNp2iNQOXCasDlKehQrVS09ga
;ORfWcHIB7KaRe0q6Q+U2DNI1M+b4ynEikUel86WE/exukNLnRVbMtaE4KrqFo2DKh8P18WyZVNZ3sUK
;zFBTd7O+Bkla0VBwmQejrSSP0R4wRFeK3+GuxI+EnlOCk5S7NP0EzJmVHfBa2fqxs1aNwyofD9fP+nV
;TS4XZHQ4RFnlz/QiLWZZe9xaApO2oilCfs0jSzZ7jIo5OBp6WDxZVO7NkXxBByAergVn68brWjcMzBB
;PAHuAsSkmHktHNFRY8/z3FC1rSXDJWgKTtqIpQn7NI0s2e4zVTEp7FCtVLc2+o4p9QQdEct5aCoKiqT
;ZSU8QdRjpktqUiPR5mdDhCWeSjkH1BByAervVY6+XNWjdoxAxgMn+NsSEvJHhKLEhP3tHwDShjf3rca
;he0vJIpR2nNGD9eFunVTUp7NGtVCz2Bo/URMVhNd8phC46ZoTtOadojTT5mgLESJhJyXwpXYuXK4gkg
;aUN7rgRn68bNWjcM6HwcXxbpsSE6JHlCMUlR5Pz9HDhiUkHcZBeCopI2XmrcI0UAZZmwKC57FStVLT2
;Bo7E9QSIgHq5hC5uZoDNTaMQZYDN3kLA/FQh4RCJyWfPM4SI7WER33XEGhaWoWjYMqHw/XxbplU1oex
;QrMUFN3s74GSVrRUHCZB6OtJIpW2PfI1steZmKNxUIZE4wST2Ao5F9QQcgPu4FQuvGzT5bfPcRVjtyh
;bASJhptTidyTu3M5iItbkZq8X84j6++LlZiyxk/Xhbp1U1KexRrVQ89gaP1ETFYTXfKYQuOmaE7Tmna
;I0wzeZ6KISMdYHQvck7xxvQZQQYgHq4FZ+vmjVoRDKh8WzNmtrgkLh94TgpBXPjG4yIyclBuwXcTtKO
;1Klh/3Q5aAGKAuChKehQrVS09gYPRfWcHIB7KaRe0q6Q+U2DNI1M+b4ynEj8LZE4nck3uyv8JHnBBd9
;paE4KrqFo2DKh8P18W6dVNW3sUKzFBTd7O+Bkla0VBwmQejrS+WjYMqHw/XxbJlU1jexQrMUFN3s3+D
;yxmTEHCZB6OtJI7UXjNDmA6bpm6Pj8JcXQiTFT1/OUULGIgH64FZ+vGzVo3DIJ8P19yhaUSJBRmRjRB
;Yu3C6BgzWEJ7yGoVjpmoIkdj2wlNOkmetCQ+JGBCOEg9gKORfUEHIB7uBXnrxs0+W3z3ElAte4i5EiY
;abU4ncl/u0fUYM1hPeMh2Ap/GzFo3DKh8P18W6fNNSntwRyVyU+7R/BwtWEx/12AVtKWiNENj3Q5gOm
;6Zuj4/CXF0IURQ5KOQfUEHIB6uFSfr681aN2jEDGAxeZu4LCYkeEosSE/exuIJKGpBasdqCbSypDdSU
;8sTUi9zh6YsPhJ7RVUsPYGjkX1BByAeiAVn66KhKmhixw5SPnq2uSwzHmZ0M0RR7cr/Gh5iWG7BdhKZ
;o5IuXmHNfD5fFunVTUprVCtOLT2Bx/0NHmlPbMNkC7SqrCNSfvcMUChzm4ogJR9xK1QtPYGjkX2xOCA
;9rgVnj6q9BVlj2hFeM0mFtDQvCUtZNF1U5fz1Dy53f2TxdheOo6laNgyofD9fFsGVTWx7FCsxQU3ezf
;4PLGZMQcJkHo60kihWfMEYYDN/j6ESMCRwQiZZXO/A9H1AByAergVn64bNeTcMqBhTL0mHuj8nGnh0O
;UxE5NHODyB3SXrxaQ6NspIgaH/YGVo7FujVTUp7FCt9bT2ko5F9JWtQQcBqFYanoQVbbdEZTQBlhbo6
;FR9mRCVyR97H+A41Zk59ywVm68bNWjcMWEM/fRbp1SkmC0tFOl9Q4M/OESB+RWzxdguEsZI+RWPYI0U
;AZZmwKC57FStVLT2Bo7k9QSIgHq5hC5uZozVFYckQYDN3kLA/FQh4RCJyUejF5SI7WER33XEGhaWoWj
;YMqHw/XxYZ6k1oexQrMUFN3s3+DyxmTEHCZB6OtJIpW2PfI1M2cJ2KNxUIZE4wST2Ao5F9QQcgCu4FQ
;evGzT5bfPcSUC17iLkSJhptTidyTvTT4RIzc3971nUImLO/P2h4wRFaXxfp1U1KexQxFS0bgaORGS13
;f3DBdwqKqpI2VnXNDmAqZpmwPxULe0I7WWL2wvgJHnNJc8sFZuvGzVo3DKh8P0EW6dUpJgtLWTBAUvf
;Gzh80ZUJyy1oQiq+5M1lr9whWMnPp1H55SCcYZv4Cga6RfUFjTG7xdgSKqqQ0UFPQfD5fFunVTUoiVC
;tYLT2Bx/0NHnRDf8JsCYyZtFo2DKh8P18WsJVNWXsUKzFBTd7Q/RQiYn9qwWkCmaejOVIMqXw/Xxbp1
;U1KeyYrVS1Z7dPODjR1Rn/NYDiYr6k/aHjNBEsqZIyKKSMIdUk5SGLuzc4SN2JSds9rALSnoz1baah9
;P18W6dXNCzsUCFUtPeXP4SIyclJ4z2YCtLWkPlJT3BlHK2ObsBI4HmdEOVhJ6Mz/fUCduYc3nP5S+c1
;4NwyoGFMvSZqgPywad04KXlTlxs4JJH9Ua9xgOJO/kjVRatsZS18X6dVNSnsUy2otKoGjkRktd39qy2
;gXjrSsLkJ+zSNcN3eEtyg4exUrVS09gSPQPUEXIB6uYQubmbo7RGTBElgAe4axKEp6FCtVLT2BU659T
;gcgHst9E5mzqT9FU8kRUCp4ndVMSnsUK1Utzb6jhn1BB0Vm2ncSj6O/BVJ0yxReMXGMijkjFnEaVSw9
;gaORfUEHIB65BWfro7UuRXnMGU0Ac5G2JSsVc04KWVTsxqN9QAcgHq4FZ+vGzUg3DKgZRytknLEoOCR
;7TTNeWPX86UxBBiAergVn6/+NWiUMqHxaJ2KboCkvCUtEM0tO5NfOBXMHIR6uBWfrxs1aNx6ofD86bp
;2nOC4eZnQ6S1vyxuUiOTQgH64FZ+vGzVo3DLp8P19zkaE/Px9xWQpCW+fQ9AkefhEerwVn68bNWjcMq
;G4/XxaMrTk4DnBOJ3JS58XiGDVYWSyuBGfrxs1aNwyofC1fFumwNT4JYU8wX2LuxfcOJHN/Z50FZuvG
;zVo3DKh8P2wW6dUoMg9mXjFIT97Q5hQ1ZEhBzWoIh6+jPWhkzR1LKma2tCk8GnpIMHJJ5M7hGDNmVGv
;cYFbrx81aNwyofFYfFtrVTUoebF8nWFnk0c4ONm5UfcZaBISpoTNZa/cUWj5inKUSKx9iSjtOWN7X9B
;AxYlJ/2nAVjvTNWzcMqHw/X3+p1WZKexROLVlP9Mf0Dx50V3faZg+0paI1W2XGG2A3c4ihODokdU8jT
;FPixs4JKGpFHq8FZ+vGzVpzTKhiP18WjK05OA5wTidyTvbK5R4pWENxwWkOhaGSKlZ+wyNHXxfp1U1K
;exQVFS0jgaORGDlzUmvKYBW0tbozQ2/AI1wweYW8Iy0kZEonRmL4o5B9QQcgHg5bJ+vizVo3adAITSp
;yjKcSOQx9XzZFYuLM/hEoaUdB2mAKm6O/O0N52hkOXxfp1U1Ke5RNFS0ZgaORGDlzUmvKYBW0tbozQ2
;/AI1wweYW8Iy0kYE44XVjzwuUIM2ISHq8FZ+vGzdpRTKhlP18Wm7A+PhpmXwpIRfXR8CIlckFy8WQKh
;LOjLjcNqHw/Xxbp1U1KXhQrVUhF9dHkGSR1f23ZbBOIrpIoUn/cHU0rSYytOTgaS0o4Qkjv16N9QAcg
;Hq4FZ+vGzUg3DKgOWixiiKc5FR9hSjlyTvHG9BlBBiAergVn6/KNWikMqHxaJ2KboCkvCUtYIkRJ4sv
;ODyR0VH/ccTiYtqg/Uz6ofT9fFunVTX47FD1VLT3zxuUPIGRUd8FrOI+zrDZobcUTSjFi6dRNSnsUK1
;UJfYGBkX1BYlhq3HADjrSSKUBl3B9XAGSMoT8rGGBCOkNi4M7+CC9zEh6vBWfrxs1aE0yoaT9fFpuwO
;Tgad188QlPex+QcLVhTbstgA+vHzVo3DKh8Cx8WyNVNSh5sXydYWeTRzg42blR9xloVjrK/O1R4wRNR
;AGWZsCguSRQqVS09gaORSQEHMx6uBQKTsr8vU2naI0g2ZoyKOSMWcRpVLD2Bo5F9QQcgHr0FZ+ujtS5
;FecwZTQBhgKUoFQ99RjAfPYCjkX1BByAergVo68bNP0942glMNnmHijojH2BDVSynGDoI5NjeHx6/BW
;fro7UuRXnbFVAxSZ68KT4TSxlVLKcYOgjk2N4fHr0FZ+ugrDRobsQVTwBmiKA+LyR5WDBOPYCjkX1BB
;2Bh7gV168bNPFZi9x5TNma2oSU4HmdDOkFZgaKRfUEHIB6QRWfixs1aUW3GI0wvc4yxTUt7FCtVLT3Y
;45FwQQcgeM9rOJi2qD9TU8UdR18X6dVNSnsUbxUtLIGjkRsoa0Fzy2sTtKKkO1pp3BlNXxfp1U1KexT
;Xai0vgaORGyhrQXPLaxO0oqQ7WmncGU1tFujVTUp7FCupEj2To5F9J25Mf8NgCZ+ZqTNWYc0IWi0l6d
;RNSnsUK1UtPYGxkX1BYUlyz2gChbKSPl5txRlLOmTd1UxKexQrVS09gaOcfUEHRnfCZAqOqLkFUWDHC
;z9eFunVTUp7TWtVIz2Bo/cULWZNe8BxOI2qoi0GDKl8P18W6RUaCnsaK1UtW+jP8BAkaVRByGkInPTN
;WzcMqHw/30Cp1UBKexRNPEFc7Mb/CR5zWW7LBWbrxs1aNwyoPD9RFunVKyMXdUYwQ0ne1+gNJDUgH64
;FZ+vGzVp3DIh8P19wgLk5LwlLRCBZYvLO8BEtWFB/3HE4mK+3P2h+yQhWMBbo1U1KexQrDG09pKORfS
;duUm3aWguKv6goaGjBEVoxZYC6IxUDbXQ2QlDxxv8OIHNJccAFZuvGzVo3DKh8P3UW6dUrIwlnXwpBX
;PjG4yIlbk17wHYOhKiSIk5TyxNSL3OHpiw+EntFCkVS7caRfEEHIB6uBWfrxuxaNwzOFU0sYra5LDMe
;ZnQwVUnz1uIULml/acdhE4OZvztDZcd8Pl8W6dVNSiJUK00tPYHF+A8yc0x/12AVtKCkNlZhzRJLAHC
;FujpKehQrVS09gfrRfVEHIB7MahOfqaAFQ2TBH1Qxc5qmTUt7FCtVLT1RnJFvQQcgeMd3FJ+ZoTtOad
;ojTDdzhbk+SnoUK1UtPYG30X1vByAeyGwVmLKSNlZ1zQ5gLHmFvCkVEnpNPEFR3sbpCTNyU3fBazicr
;6kuX1PaHUs2eenUTUp7FCtVdH2BgpF9QWFJbN1xOIentD9FU9sTUzZytrwjLBJ4RwpLUe7U4xw1YiAf
;rgVn68bNA3cMtnw/X3CApz4+JHhKLEhP3tD+EShjf3fAYw6HqpIpR2nNGD9eFunVTUp7UGtVPz2Bo/M
;SNXNPc/FpBpKjvwVEfM0ZW18X6dVNSnsUbxUtLoGjkRogd394x2kLtKukNGhgzRJYK37p1E1KexQrVS
;09gY+RfUFgQW7xYw6HqpIpXmLPEFoAc5GhPz8IfUQ7cl7uzuEYL3RBasdqCbS0rC5eY6h9P18W6dXNG
;jsUCFUtPebC4SInbkxy8XYOhaGhP2hp0AhNKmWAuiMVCXVfPEJi7MLpfUAHIB6uBWeChs15NwyoG14v
;SY+8ISYkZ0I7SlHk/PQFNXVVbcdqCbS0rC5eY/cRVjEW6NVNSnsUqxVtPZ6jkX0mZlBByGwLh5m+M1l
;rxBlgOm6dpzg5EntFCl5N5Mb1fUAHIB6uBWfShs1UNwyoG14vSY+8ISYkZ1swSFmBopF9QQcgHuBFZ/
;vGzVpQb8cYWgBikKUoFRJ6TzBVPYCjkX1BByAergVo68bNPVtjyh1TAHmPsz4vD0tTVSw9gaORfUEHI
;B6hBWfroaE1VW3EI1A5cJqwORUCFCpVLT2Bo5F9QQcvHq4FAIeprztbU8caWSxznYo3SnoUK1UtPYGj
;kX1UByAexmAGn6+jPWhvxxlZOX+KvCgkD0tKVSzH/8ktCdJvnx67BWfrrqg7Q2XGG2A8eYyzKyMYfU4
;7WWLjo5B9QQcgHq4FJ+vTzVo3ZM0dSzZ4joouJR5yTTxOVOTN5SIiByEergVn68aDGjcQqHw/N3OIoS
;QkHEtfPEBY3sbiCShqQWrHagm0srQqUgypfD9fFunVTUp7AStVLVXkwuUIMVhHfcFhArS1qCtCacYfW
;l8X6dVNSnsUK1UtHYGjkRQvYUlywloGj6e9Ll56zSNWMXCAuSEVCXVfPEJi7MLpfUAHIB6uBWfVhs16
;NwyoFVE5f4W5EisfdVshREvk/PgTJ25McvF3Bp+vogVaZcZ8Pl8W6dVNSm9UK0otPYHK/xsoa0xBz2E
;Gm7KkLFJTwRJROmS2sDU6GnpYPEJTgaIL5NieuYdHOmf9xs1aXmLOFVMzSYixLDoPfV0wclHg2vQPMg
;chHq4FZ+vG2Ro3Fqh8PzZ4j7whJiR1TzRdSejV9CIzYkRrzXEOhKi+WjYMqHw/XxbplU1TexQrPENb6
;M/9IiBjQW7abBGOmbozU3jAI1I2eOnUTUp7FCtVJX2BuJF9QW5OeMdpC7SnozlfY9ojUzp4jqElFR11
;SCFCT4GikX1BByAergVn5MbNWl5izhVTM0mIpygrJHlCOy08gaORfUEHIB6uGWfrxqQ0UWXEEGAsZoi
;nPi8kd0Q4T1Tvxs4RIH5FbN0FZuvGzVo3DFhDP0MW6dUkJB19RzlyWPnX4wgybk9w8XIOj7KlBUVt3B
;VQXxfp1U1Ke5R9FS0pgaORFC9hSXLCWgGCqqw3UmLcI1kzeZ7VTEp7FCtVrWvBo559QQdJcMhsC4eZo
;jxRf80IYCcW6NVNSnsUK1UtPY6jkX0oaUZ3wmk4hKCrKVJ49wU/Xhbp1U1KexQrVSE9gaP3FC1rf3HY
;YBWHp71aNgyofD9fFvmVTUZ7FCszRFHt/PUYL3RJatcFZuvGzVo3DIw8P1IW6dUkJB19RzlyTunG/RE
;yByEergVn68bNWjcAqHw/NniPvCEmJGdbMEhZgaKRfUEHIB7gRWf7xs1aXmLOFVMzSZ68KT4TS0Y8Qz
;2AOQjk2J65t5EFQ+vGzTNZYs0OYD1kgLEqIxVzdDBVSfPW4hQuaX9px2ETg5m/O0Nlx3w+Xxbp1U1KI
;lQrQi09gcr/EyR1f3zcbAOMr6M9aGrEE0gtd52wTUt7FCtVLT3Y45FpQQcgd8BrApmZryheaM8VUThJ
;mqUoLx8UKlUtPYGjkTMBBwEergUOhbWoLmhlxhJaLUmMrTk4DmdCOkNi9sr1CSlYUn/abAjrx81aNwy
;ofGYfFv3VTUoSelgwWWLozf8YM1hGcsFyFYqyqFo2DKh8P1+Wv5VNRnsUKzxDTuTX6SIyd0V7ygVm68
;bNWjcM7Dw/fhbp1SQkCHFfCkJI9cbjIiR/VGzbdg6EqJItXmjcFGAtd528Ikp6FCtVLT2B+tF9VQcgH
;sdrFI6ykjVCeM0OYDl6hqI/Kw9xK1QtPYGjkX0YRyASrgVngqi+P0M89w9POnON1UxKexQrVa18waOP
;fUEHSXDaYBWHqa4xXmLPI10wY4exLDgCS088XkngzfIYQQYgHq4FZ+vGjVogDKh8VjFijKchJRh/Qjt
;KYuLG/REeZk55wmBn6sbNWjcMKEp/Xw7p1U0jFWBOJ0FS4sj4EyZYQ3vCaTiHp7Q/RX+ofT9fFunVTU
;o7FDxVLT3ozeUYM2tPfcVsCYyZrj9bYPcLVjtigdVM0OKNssy01L6jg31BB0lw2mAVh6muMV5izyNbO
;madvU1LexQrVS09geORcEEHIHfcagmCqKoFVmLPEFpfF+nVTUp7lH0VLS2Bo5EUM2hOd8BiOI2qoi1F
;bdwZP14W6dVNSnsAa1UgPYGj+A8uaUlwyVoOhbWoLjcNMuWmxo9wHHJKbhQrVURP7s34EyZYTHfAYDi
;Pr74uVmLLGT9eFunVTUp7FCtVID2Bo/gPLmlJcMlaFJujqD43Dah8P18W6fENSnAUK1VHWPPIzh8uc1
;RxwwVm68bNWjcMvDw/TBbp1ScvCX90N0JJ9cz8IjJyUnjPZgLrx81aNwyofCsfFvnVTUoRcVk+clvo0
;eIJHmtBZ8t3Z+rGzVo3DKhof18d6dVNIB5mQApEU+fK/RFBBiAergVn69KNWicMqHxVOmSCiiQkCHFf
;CkRT78bjfUAHIB6uBWf/hs1KNwyoFlotfba8IzkeYHQ6WEnk0ZF8QQcgHq4Fc6vGx1o3DMIZTTRJmac
;kJA8UKlUtPYGjkWkBBywergUNjrSmBUR52AxQLWLp1E1KexQrVTl9gauRfUFtRWzFWhOEts1bNwyofD
;9fAqnVXUp7FEEwX1be1/4NHnRVbMhkBI7GzFo3DKh8P0tW6d5NSnt+TidGYvXR8AskayAfrgVn68bNT
;ncMo3w/X2abvCM+JGdbMEhZgaKRfUEHIB7qRWfnxs1aW23RGU0Afoy8KiIPFCpVLT2Bo5GtfgcGHq4F
;C4q/qChoZM0VWDditrQpKwtgQiNIYuzC6SIpYkl5xnE4mae5M1gMqXw/Xxbp1QMKezIrVS1R4Nr0Dx5
;vRXfJbRO0p6k7R3jBCloAe4C7EiIefUw9WWLzwuUULgchHq4FZ+vG9Bo3L6h8PzN3kLA/FRNxQjJFSd
;7C9Rwxc0loy1oUiqu9Nl5izyNMK3OZ1Uwxb7pstFe5vqO6fUEHTH/XYBW0rqgzUGTcI147d5mhJDweS
;1ghSE3u1fQPHmVPatpqCrS0rC5eY6h9P18W6dVNAzsUA1UtPe3C6BgzWEh7x2IPn5msPlZ83BVJOkma
;oSg6FGJOJ3JJ7tPODyBzSXGuBGfrxs1aN0XofChfFum5LDMeZnQ4SE/mxs4eLWhTe/FjBoijvlo2ljH
;lpsaPUOpNUnsUKzlMROTRzg4kYE17wHE4h6OjPUNk9xFWMRboT9TT4o2y7BI9iqORfTZmTHLxdg+Oqq
;EpNw2ofD9fFunFDUpvFCtVQVz4xuMiMm9FcsJ2OISwqChbbdh8Pl8W6dVNSjJUK3gtPYHP8AQkdX9t2
;mQVn5m9NV5i3CNMPHebsxIgFH1FIXJc78T9GB5zSGzLdg+EqqlaNgyofD9fdoqVTW57FCs5TETk0c4O
;NWZSavF1CIKouQVEb8kOWQB8hrwjPiR4TjtKSemjkH1BByAerjEn6+/NWjdgyQVaLUmaoSw4D0tbOkR
;T9fziHiB1RkHEag6FspIpR2nNGGAtd528Ikp6FCtVLT2B+tF9cQcgHsJkHo60kilDbdoIYC95gLs5FQ
;h3SidLYuvM+BM1WFNqz3cTtK6oM1Bk3CNNPmKAuk1LexQrVS09gaORXkEHIHLPfAKZmb4uVn7cI08wf
;4ehEjkYdVkzclfuyv8JHnRUe952Z+rGzVo3DKhYf18D6dVNJhptTidyTvXC4wkxaElw2loTkraoWjYM
;qHw/XxbhlU1ZexQrM0RF5MfOESB+RWzxdhOKtLkFTwypfD9fFunVTUp7BytVLVvo2/QZHmtBZ8t3OJi
;yrChDU9F8Pl8W6dVNSnsUK0otPYHO8AkeZE9wyDQ4ja+hO1ppxghgPHmEpSgkCHVfPEJTgaKRfUEHIJ
;75RWfxxs1aWm3cI1wweI/kEiwSeEo4SFP1/PUYL3RJatcFZuvGzVo3bDs8P0QW6dUgKw9LSDpDW7D89
;xQtZk17wHE4j6+sN1J4zQ4/Xhbp1U1Ke+gUVTY9gaP8HDVYQ3HAY1a0oKQ2VmHNEksAZpu8Li8kd0VV
;LD2Bo5F9oW9gHrUFZ+urrC5ob8cSWW5Jj7whKxZxRSFyTfPK8hgebVAerwVn68bN0oRMqGA/XxaEtDk
;VGHtFMxxi58r9HCxiTmrxdRWCpagFXGPafD5fFunVTQqkVCtOLT2BzvAJHmRPcMg0OI2voTtaacYIYC
;9kgLYoFQ5nK1QtPYED4YB5RyAyrgVnhqe5BVRjxhoOAHCAuSwnHnpfCl5Y9df4EyZ0f3jHaQaGo6Mua
;GjNEkw2YpDVTEp7FCtVTa7Bo7x9QQdNf9paBISoq2toasEQXjJzh6ESOR5gXzxDWvL89xQtZk17wHE4
;j6+sN1J4zQ4/Xhbp1U1Ke+gUVQA9gaP8HDVYQ3HAY1a0oKQ2VmHNEksAZYyhOSMVc1gKS1TtwvwYL3N
;/eMJqEJmnuT83Dah8P18WaYINSlEUK1VAXPX88hIvYRFByGwLiquoNENT2xlLK3+Hsj4VHX1HNEBY79
;fODTNuQ3uuBGfrxm0qyjTofBFfFum4LD4kd0Q7SwzexfgRIGpFcNpaFI6yuTNZa9sjWTZ6iLgoJA9LX
;TBfVOfazhQlByEergVna1YOGjcQqHw/Mnedii4lFXIaCktU7cL8GC9zf2jLdw6Nv5IzUwypfD9fFmlF
;jgp7CytVLVDg184eLmlGLPFjDoenoD9ZePcfUDJmjLs+Kw99RDstPIGjkX1Bh3derh9n68agO0NTyxN
;ROSS2syQmGnlOO1li5cb/DihzWR6vBWfrxs06pEyoZz9fFoS0ORUYe0UzH2Lnyv0cLGJOavFhDoqrqC
;5Sfqh9P18W6dVNtkQUMFUtPezC5SIiaE54nFoBgqqsN1Ji3CNPLX+KsBIpFRQqVS09gaNxFQEHOx6uB
;QqKspI5WGLOTmA5f4W0IC8VYHQlX1Tixs4XMQchHq4FZ+tOfho3EKh8PzJ3nYouJRVyGQpLVO3C/Bgv
;c39u3GwEjpmmNUUMqXw/XxbplZIKew8rVS1Q4NfOHi5pRizxYw6Hp6A/WXj3DE02dYyKODl7FStVLZ3
;xXqk9QSsgHq5oBp+ZrjVZapojWTZ6iLgoJA9LWDBZSejN9g4eYUlyz2gChbKSPlJi2xVLJhbo1U1Kex
;RLxm09rKORfSxmVEHNagmN9JI8XmDJEVoxYramKD4PfUUyXmLnyv0cLGJOavFhDoqrqC5Sfqh9P18W6
;dVNtkQUBlUtPezC5SIiaE54nFoBgqqsN1Ji3CNMOmKdvCMtCEtNPEFc7Mb/CR5hTHHZdwafo81bNwyo
;fD/fQanVZ0p7FEY0WWLizP8bc1hGd8JkCo6ouQVEadwIVjFxmoorIxd1RjBDSd7T4xQiYiAfrgVnS7Y
;wYncMhnw/X3uIoRIpFHpNZ3Jb6M/wECRpVEHdYBOfr6M9RFPOFVM+e4y7ORUNcVk8S0TeyvV9QAcgHq
;6F9yiGzUY3DKgRXitJirojLElLTTxBXOzG/wkecUVsx2MetK+pWjYMqHw/34YqlU1dexQrOExJ5NH4H
;C1YU33PaQK0oKw5Q2PaI0dfF+MC7jpGPnIVLSqBo5EQIHNFbMdkC7S1rjtbafcaXjxihqcSM3sVFl/6
;nvG+yD1BECAermgGn6O/M1Zg9w9cPnqMiisrGGBEJ3JHgaKRfUEHIB73RWf+xs1aWm3QI0kwepy4KD4
;JfUgKXk3kxvVMQQYgHq4FZ+vGzVoiDKh8Uj5utqMiJg55TiFfVOL84g0kYkQsrgRn68bNWjcMqHwiXx
;bpuCIuHnh0JV9Y4sriGB59f3bLbACDspI2VnXNDkxfF+nVTUp7FD8VLTaBo5ETLn1acstaFIK8qFo2D
;Kh8n8aPMOpNRHsUKyJMUe385RUoZEtwy3YU68dXw66VMeXWYBb71U1KCGFbJUJP9fzrIiVuU2rPawSO
;xsxpBD+bTwycKenATUp7e10wX1XgzfYiMm9FcsJ2OIqoqjZSDKl8P18W6dVzCnsNK1UtUvfG4xUgaUd
;B3W0Ch6q+BVFtxiNML3OMsU1LexQrVS092OORZUEHIHHYYBWDp6M9aH/AGVMzZbazISUMZkohSD2Ao5
;F9QQcgR+4FcuvGzTVBadoUXjFxtqYlLxd4WApeTeTG9X1AByAergVnoobNSzcMqAxNOmWaoD8vJHVPI
;0xT4sagfUAHIB6uBWfrxs1LNwyoDE06ZZqgPy8kdU8jTFPixqN9QAcgHq4FZ+vGzUI3DKgMTTplmqA/
;LyR1TyNMU+LGzhQvYUlywjRn6sbNWjcMqHw/Xw7p1U06CXFYJlhP5PzwGTdmTn3LWg6FoKQ2Wz6ofT9
;fFunVTUp7FDZVLT3x0fQOMnJSe/FkA52nozlSU8ESTDpitrwjJB5mGlUsPYGjkX1BByAeswVn67a/P0
;R/3Q5aAHeNoywkGHF0PENO5NfOFC9pRWycBWbrxs1aNwyofD9CFunVPTgeZ1ggX1jewvULIGlDe/FsC
;ZijuQVYedwZTW4W6NVNSnsUK1UtPZyjkX0xdUVt3XAVjpmsPkFtxh9aAH+Hpig+JHteIUhPs6OQfUEH
;IB6uBWfr281aN3zaGUwsY5uwEisfYko7Tlje1/4NHnRVbMhkBI73zVs3DKh8P18W6dVQSnsUWydITvL
;W4xgeZkRoz2sEjpm5NUdT2wlNOXeKsH9KehQrVS09gaORfW0HIB7edw6FsqgoaG/HElkAc5GhPz8fcV
;lkcl7txvAPIGlDe/FnBoitkjVRatsZS18X6dVNSnsUK1UtFIGjkQ0zbk5qy3c4iKmjPGhp0AhNKnKMp
;3wVGHhONF9c78D0IiR/VGzbYQKZxsxaNwyofD9fFun4TUp7ZFk8Q0nk0c4eLmlGQct9E5mzqT9FPfcf
;Uzp3m7QjKR5LTSdCU/X8/hsndEVqrgRn68bNWjcMqHwTXxbppT8jFWBOJ3Je7s33IiR/VGzbYQKZ95I
;5W2nJDl4xdYyKIS8dYHQ6S1vyxuV9QAcgHq4FZ+vGzXc3DKgMTTZ4nbA/FRh7RTNyWPnX4wglYlIv8W
;YLjqe/O1lvzSNNNnGBoRIlHXJYMFk9gKORfUEHIB6uBVfrxs0qRWXGCFotSYq6IywkcVMhX0jlxuNMH
;mRVbdpqCrS2vzNZeMkeUzpJm7AqIxR6dC0tPIGjkX1BByAerjFn68a9KF5i3BlNAHWGuysVHmxfJ1hZ
;5NGgIiJyU2rBaDibtKQ0Q23KEFoAZIyyJCUVS1MmREfko5B9QQcgHi5uJ+v2zVo3fNoVUStzm4ouJRV
;ydDBVSfPW9RgzNn9923YThKuSKkVlxghePXqMij8vHH1EO3JEgaKRfUEHIB6uBWffxs1aR37BEks6ZL
;a2IiQdS04tWU/0x/QPcFhDa91xCIaZvSheYtwdXTNztqcoLRJ7RQpUTujZ9H1AByAergXngIbNdjcMq
;AxNNnidsD8VGHtFM3JY+dfjCCViUizxZguOp787WW/NI10+dYKKIiwdZ04hLTyBo5F9QQcgHq4sZ+vG
;vSheYtwZTQB1hrsrFR5sXydYWeTRoyIia0V/3GQJiKOSP0942glbOmTp1E1KexQrVd0CgY6RfUF3Unf
;AcQKZma41WWr3GUcrZJyxKDhJS0g5SFzzwv8eJFhGbMFrE7SpqzxEadx8Pl8W6dVNSnsUK3ktPYHT4x
;Qvc0Vs8WYIhaCSP0942glbOmTbii4mHnVZNENe5Pz9GCdzf3HIYxSOss1bNwyofD9fFunVYEp7FFsnR
;FP1xuMiImhOePFgH5+0uD5SfpojXDNziKcsJBhxdCdEWunXzhInYVN72gVm68bNWjcMqHw/bxbp1T04
;EnpfMF9i4sz/Gx5iWGrccAOOtP8FVHnbCFAySZmnJCQPdUk5SGLzxvYULml/Zq4EZ+vGzVo3DKh8C18
;W6aU/IxVgTidyXu7N9yIkf1Rs22ECmfSSOUJ/3BNSAGabvCM+GnZHMHJP5MT4Ei9YWG3HfwLrx81aNw
;yofD9fFtnVTUoLZkI7WVjz/PISL2F/e9ZxFZ6iqCgFU8sJTCt5hIo9OBJ6XzRPUeT84xgmbk9w8Xxn6
;sbNWjcMqHw/XyLp1U06CX1FIUhP3sD+EydYRWbadxKPo79oaG/dD0swe7alPyMVYEo3QVje0fQaKGhO
;Qdd2DpGjzVs3DKh8P18W6dVXSnsUWydEU/XG4yIiaE548WIGhbK/I2hkzRVYN2Lp1E1KexQrVS09gb6
;RfUF3UnfAcQKZma41WWr3EV48foC7KBUZdV4xX1z1xpF8QQcgHq4la6rG01o3DNgOVjFijKcSKRR6TQ
;pAXOLL+BMkWEJ7yloUg6e9PzcNqHw/Xxbp1U1KWhQrVV1P6M3lGDNYQ3HAYziGp64yXmLNI106crahK
;CcLS0Y0VT2Ao5F9QQegRe4FQevGzSpFZcYIWi1JirojLCR5SjZFVO/Gzh8ka1RByWQJn7S0BVZizxBa
;Xxfp1U1Ke5RtFS0egaORDTNuTmrLdziIqaM8aGHJH1c2eIyKLiUWZE47Xlz1yv4THn8gH64FZ+vGzQN
;3DIt8P19mm7wjPh5mdDZCU+f8/Bwib0lwy1oEhKu9P1l/yQhWMHi2rE1LexQrVS092OORUkEHIG7cbA
;mfo78FVGPGGmAyd4q9JCQeS080WVzexfgRJFhUdttoBYWnpDZoZM0VWDdi6dRNSnsUK1WpfYGNkX1Bd
;1J3wHECmZmuNVlq9xFePH6AuygVH3VfNHJb6M/0IjVvVXPMawaCqpItXmjcFD9eFunVTUp7kGtVNz2B
;o+EPKGlUe9xaBISoqwVabcsUVjFztrEkJyRsK1QtPYGjkT0uRyAErgVnm7SkNENp2iNcMHiPiiArGHx
;CO0hi5cr8IjgHIR6uBWfrhqIaNxaofD8vZIC7OS8JS0g6Q1vezvAeKW5Oe/FhDoaZt1o2DKh8P19Whp
;VNY3sUKyVfVO/X9A8eZE9wyFoKiqWlM1lp9xhWLGKIuy4vJHJZOkBi48zjGSR1IB+uBWfrxs1edwyJf
;D9fZpu8Iz4eZnQ2QlPn/PwcIm9JcMtaApOyvy9TadojUSp76dRNSnsUK1XdAoGEkX1Bd1J3wHECmZmu
;NVlq9xFePH6AuygVHmxfJ1hZ5NHOEidhU3vaWh/ZxsxaNwyofD9mVunyTUp7ZFk8Q0nk0c4eLmlGQcN
;kBIOvoz9oadAITSpyjKcSJR1yWDBZYviRkXxBByAergVn68bSWjcM2A5WMWKMpxIpFHpNCkBc4sv4Ey
;RYRnfCZAqOqLkFBgypfD9fFunVTQp7CytVLU3zyv8JJHV/fcFrAbSrrDlfZcYZYDl/hbQgLxVgdGctP
;IGjkX1BByBerjVn68a9KF5i3BlNAHWGuysVFnVIPURT5Pz3FDNqV3/cYDiKpa4/W2naHUs2eYeKKBUW
;dVNVLD2Bo5F9ycRgHp0FZ+u2vzNZeM0OYDx5h7MSJxp3QzxDWN7F+A8scEFsy1oGiKWoNlJ+yQhWMHi
;2pT8jFWBCO0o9gKORfUEHYJHuBVXrxs0qRWXGCFotSYq6IywkeUo2RVTvxs4bKHVNac93ArSnrjlSYM
;0OXit/hrsSOB5gWTROSYGikX1BByBuCUVn2sbNWkd+wRJLOmS2tiIkHUtGNE5V6M30IiduUnPZZBWOm
;aw5VGnEGU0+YoC6IxUPZkojSFGBopF9QQcgXiFFZ9vGzVpHfsESSzpktrYiJB1LRjROVejN9CInblJz
;2WQVjpmsOVRpxBlNPmKAuiMVA0tGNFU9gKORfUEHtN/uBVfrxs0qRWXGCFotSYq6IywkeUo2RVTvxs4
;bKHVNac93ArSnrjlSYM0OXit/hrsSMyR5Si0tPIGjkX1Bk+FerjVn68a9KF5i3BlNAHWGuysVFnVIPU
;RT5Pz3FDNqV3/cYDiKpa4/W2naHUs2eYeKNxUWdVNVLD2Bo5F9QV5gHoIFZ+u2vzNZeM0OYDx5h7MSJ
;xp3QzxDWN7F+A8scEFsy1oBjqOpKFZ4zSNaAHuIrU1LexQrVS09uOORUUEHIG7cbAmfo78FVGPGGmAy
;d4q9JCQeS008X1D2wuMYHmFFe8p3Bp+jkiJoYckEP14W6dVNSrtma1UBPYGj4Q8oaVR73FoEhKirBVp
;tyxRWMXO2syQ4FmNKJ0hi58b0GTNmVHvxfDiGp7VaNgyofD9f1puVTWZ7FCslX1Tv1/QPHmRPcMhaCo
;qlpTNZafcaVi17nrQ/LyRyTjBJT+DX9CI7WE1/1gVm68bNWjcMvDw/exbp1T04EnpfMF9i4sz/Gx5qQ
;X3GbAmOmaszRWHfHU06SYOwPyEkcStULT2Bo5F9VUcgOq4FZ5u0pDRDadojXDB4j4ogKxh8QjtIYufK
;4xA2ZlJ78W8Cma2SIjcNqHw/Xxbp/Q1KXxQrVV1P6M3lGDNYQ3HAYziGp64yXmLNI1k2ZISiLDgeS0E
;wX1be2pF8QQcgHq4FT6vG6Vo3DNgOVjFijKcSKRR6TQpAXOLL+BMkWEZ33GgQirSoBV1p2hdgJRboT9
;TT4o2yjBI9oKORfTF1SXDaYBW0paI0UVPFHVw3f4ewEi0Ye08wclzi1/gSLwchHq4FZ+vGzVo3J6h8P
;y9kgLs5LwlLSDpDW97O8B4pbk578WIEhKKoBUNk3RFdMXeAuRIiHn1MPVk9gKORfUEHIHfuBU3rxs0q
;RWXGCFotSYq6IywkeUo2RVTvxs4aImhEe/FxD56rrzRWZcQjSDZynb1NS3sUK1UtPejjkVFBByBu3Gw
;Jn6O/BVRjxhpgMneKvSQkHktHNF5J3tbhES5mREHdYBWdo78FQ3XYGT9eFunVTUp7FCtVCT2Bo+EPKG
;lUe9xaBISoqwVabcsUVjFztrsiMAF4TgpJVODO9AkkdSAfrgVnS19UgwgMjnw/X2abvCM+HmZ0NkJT5
;/z8HCJvSXDLWgmEvLc2UlPMFV4yc52wPxVJFCpVLT0hOgikfgcGHq4FF5mvoy5SfvcfUDFwtrgsKRN9
;RTByU+7Z6xEkWFR7w3U4hqe1BQYMqXw/XxbptT4KezIrVS1N88r/CSR1f33BawG0q6w5X2XGGWAxeZO
;vIS8kYE44XWLswukicwchHq4FZ+umvho3E6h8Py9kgLs5LwlLSDpDW97O8B4pbk578XUVgqi5BVpjzB
;k/Xhbp1U1KexQrVQM9gaPhDyhpVHvcWgSEqKsFWm3LFFYxc7alPyUWZF8KWE7k/OMcJ3N/asZ3Apiuo
;jZTDKl8P18W6RUvCnsOK1UtTfPK/wkkdX99wWsBtKusOV9lxhlgLGKMpShKehQrVS09gaORfW4HIB7e
;dw6FsqgoaG/HElkAe4i2JSMVcXQjRE/11vARHmJYatxwA460kjVRatsZSwBu29VMSnsUK1UtBMGjvn1
;BB1Bsx2sTjrSSOVhiziNSPnWBvCMvJGJCJ1lI4M/OGDlzUmvKYBW0qas8RGncI0ZtFujVTUp7FCtVLT
;2Ko5F9M2ZGavFkDpmhrCo3DZtPDGwl2hZySmgUK1VfXOfXzh8gdEVBwmwJjrGkPkNkqH2lxo9wTNSjR
;BQ0VS0988L3CR5lQW3LWgKTsr8vRGXHEmAof42hJRUJdV88Qj2Ao5F9QQcgd+4FcevGzShWatwjXT5l
;jIokJB19RzlyXO/E/RhBBiAergVn68bNWiEMqHxNPnCdii8rCHF0PENb6M/9IjNmVHfBBWbrxs1aN4z
;oPD9MFunVPysdYHQ3TE7k/OUVKGRLcMt2FOvHzVo3DKh832AW+dVNSgl1TSFyX+DQ9CItZll73HZn6s
;bNWjcMqHx/Xwfp1U04GnJfCkFU78bODjFmQ3fAYmfqxs1aNwyodH9fGenVTTgacl8KT1zyxs4OMWJFe
;q4EZ+vGzVo3LOh8J18W6acsLA9LQjtZWPPF8B4kWEx3wGAQgqK5MjcNm08MbCXaNnJKXxQrVV9c59fO
;FC9zRWzIZASOmagiQ37dD1YweLaiJC4PfHQnTEnozJF8QQcgHq7FBavG1lo3DNodWStJgLs5LwlySjZ
;IYujN9xQta39/wGILjsbMWjcMqHy/CVbpzk1Ke2ZKM1li6M3lGDNhQX3LWg6FoKQ2W1PaHUs2eenUTU
;p7FCtVZH2Bu5F9QXVBeNpaDoWyqChRbcsZYCt+gLYmJB5nWFUsbzm9FJYQ3x8euwVn67SsPENTwRJLO
;mSPtC4vJHhKLEhP8qOQfUEHIB6u9Vjr0M1aN37JGksAf4ehKDgddUgwck7xwvIUL2AgH64FZ+vGzaoI
;DLx8P19kiLM5FRJ6XzBfW+DA9CIyd0V7ygVm68bNWjcMljw/VBbp1T8rHWB0OExP5sr/fUAHIB6uBWf
;/hs1MNwyoDl45YramODgddUgwclHozfQKKGNUdq4E/XJfVMOu1Zd8HV8W6acsLA9LWCBfW+DA9CIkf1
;Rs23YOhKiSLV5o3BRgLXedvCJKehQrVS09gfrRfVQHIB7cZAGfmb4vRWrJH1oAcIW6OjgaYE5VLD2Bo
;5F94WJgHrcFZ+u0rDxDU9sJTTl3irASIxVyQjlBYuDN9hEkByEergVn68bzGjcaqHw/LXePoRI5DmZN
;NE5Y3sX4ES1YUn/aYGfqxs1aNwzoKX9fAOnVTTgacl8KXkjzxfAeJFhUdsdmDIWjvik3DYEgsJ3jwRl
;ySmgUK1VfXOfXzg40dUZ/zWA4h6e0P0V/qH0/Xxbp1U1KOxQ/VS0988L3CR50VWzIZASOmb4qVm/BEl
;hfF+MC7jpGHvxqLS+Bo5EPIGFUQd1wFY2nrj9of9gZWjsW6NVNSnsUKxttPZWjkX0zZkZq8XEVirCoN
;mh00SNML3OMsU1LexQrVS190eORaUEHIGzLdhOKtLkFUnTcDl4Ad4S6OCQPFCpVLT2Bo5F9QQc2Hq4F
;FY61uTtFePcZRytkiIosJxRhRSFyD4GikX1BByAergVn5sbNWkVp2wheLWK2pj0vHnArVC09gaORfXh
;HIBGuBWeZo74uVn7cI0wvc4yxEnh7FStVLT2Bo6g9QRYgHq53Ap+0rDlDZccSYD57hqAjPnsVK1UtPY
;GjmT1BFCAerncCn7SsOUNlxxJgPnuGoCM+JCYrVC09gaORfUlHIAmuBWeZo7koVm/cFVAxSY2gPyMVc
;3QiRE3kkZF8QQcgHq4FZ+vG6lo3DNoZSy13iqEkJRVLTjtMX+3GzhI0c1N3ymA4iam5Llhh9xBeJnOb
;pk1LexQrVS09cZyRWUEHIGzLcRWKpbkzWGL3GVE+dIWwEiUOYFg8SVje1/4NHmtBZ8t3FOvHzVo3DKh
;8Px8W9dVNSglxXydMXvXK/hMeaklwx2gGh5moIkN+3Q9WMHjp1DZe1VPKL7kCgb2RfUF1RWrcZASfr6
;I0aGHBElYyd4WKKDIPZl4mRFLv/KN9QHw0sOnkHX/5zU83DKgOWitkiLY5IxR6dDhEU97X4xw3Ykwer
;wVn68bNWiNMqGs/XxabsDk4GndfPEJT3s74Ex5zUn/YYAu09M1bNwyofD9fAqnVXUp7FFkwWU/gwOUU
;Lml/bd5gAo/GzFo3DKh8PxtW6cdNSntmTiFfXOLX+BIvWFNuy2ADtPTNWzcMqHw/X1Kp1UNKexRZMFl
;P4MDlFC5pf3bBdWfqXFTDrpUxtQBfBunVTTgeYFk0TknozP8iKWhQQZwFZnFfVMOulWFDP0UW6dU/Lw
;9mSjZZVO7NzgcpaFBBzWoJj6+5M1himXw+Xxbp1U1KexQrTy09gdH0CTNmQ2rHagm0vKU1R1PLE1E7f
;528IiRJFCpVLT2Bo5F9QQczHq4FFI6lojRTU8QdRjpktq8SJhJyX1UsPYGjkX1BByAevAVn67WlP1tg
;9xVROX+FuRIlCXBOJy08gaORfUEHKF6uCWfrxr4xXn7cI1M+b4ynPkp6FCtVLT2BU659UQcgHt1uDpm
;ykjZSYs8IVwB7gLtNS3sUK1UtPYGjkW1BByBtxWwVn5mhM1lp9x9QKnid1UxKexQrVS3NvqOFfUEHU3
;XHdxO0q6Q0XmHJEGAzc4eyOSJ7FStVLT2BY/M9QQ4gHq52DIK0uQVQbdh8PiQCR5KsMP8rK14tPYHQ+
;hQzc39t3mACj8bMWjcMqHw/cVbpz01Ke2dHOlpi5czmEx5hSWzdcTiNo7oFW23RGU0sFujVTUp7FCtd
;bT2co5F9MmtTQc9sFbSroj5SU80EVz5jmqESOglxWCZYT+SjkH1BByAerjEn69rNWjd/xA9gPn+biiA
;lH3F0JUFY79b8IjF1RW3dcBWOxsxaNwyofD97VunyTUp7Z0cmcl/u1+USLFhTa9xjBoijkjlYYtwTSi
;1Jiro/JB5mdDFIUeDakXxBByAergU+q8bmWjcM2xBMAHSGoTklFktYIF9b4MD0IiJoTmrBcBW0o6M+a
;G/HEU86eJq0OSMUeitULT2Bo5F9QQcgOq4FZ5iqvgVVY9wIUDJJmqA/LBp3TgpOUu/X/ggzWEVwyloD
;jqqsIzcNqHw/Xxbp1U1KURQrVV5R8vzzEjVzT3PxdhKZoKw5UlPLE1EreZynEiYaZ04nclLnxc4ZJGt
;BZ64EZ+vGzVo3Veh8Fl8W6aYhOSR2RCFZUuz84ggzYUF9y1oEhKi5NUJ+9xBeLHObiiIkJHBOOUxEga
;KRfUEHIB6uBWfNxs1aRGDbI10wYp26IBUIYVkzTF7k/PISL3NPa9xaC4q1qChofMcLWi0W6NVNSnsUK
;xxtPamjkX0ya1NBzGoTn6mgBUR52hpePHO2tiIkD3teJ3JR6M30IiVuU2rPawSOxszArpUx5abmKen1
;TUp7Z0cmcl/u1+USLFhTa9xjBoijkjlYYtwTSi1JhboiOggUKlUtPYGjkY1+BwEergUUh7WSOFh43BN
;SAGWcpysrGHF0NkJT9czkDx5oRnjdYBPrx7ZOmUtJBovgFsDVTUoIeFgKT1L11/4QHnRVbMhkBI6Zrj
;VZeMcJTQBlirQjJBJ6TApOUvTN5X1AByAergVnG/nNczcMqA9TLEmLujk+FHl0JlhP58LyGB5kT3Daa
;hKZmb45VmLGFVE4SZqlKC8fFCpVLT2Bo92gAQcNHq4FFIe1kjhYeNwTUgBlnKcrKxhxdDZCU/XM5A8e
;c09Bx2sBgqqhBVNl2wheMXWM1Uwxb7pstFeZvqO3fUEHU3LdWgWEsrk1WlPbCU05d4qwEiMVckI5QWL
;izOMTJHV/estpBpLGzFo3DKh8PwZW6f9NSntnRyZyX+7X5RIsWFNr3GMGiKOSM1lqwRBTAHOHsRIpFH
;lbMENO4Nf4Ei8HIR6uBWfrxs1aNy+ofD8sepqKLyUPYEQ4ck700fccImJ/d8BjDoeqkj9ZaPcYWjN3k
;NVMSnsUK1UtPYGjuH1BB1Ny3VoFhLK5NVpT2wlNOXeKsBIjFXJCOUFi7cLiGDNYT3jIWgOOqqwjNw2o
;fD9fFumMDUpTFCtVXlHy/PMSNXNPc/F2EpmgrDlSU8ESWTZ6hYohKwhxWQpCU97H9BEgfiAfrgVn68b
;NWjcMjXw/X2WFphIoFGBfOkBi8tbjGyBkRUHHawGCqqEFW23bGU0AZoaiKDh7FStVLT2Bo9g9QSAgHq
;52C5iZrzVDeMcRYCxjm7MsKR5LQjtLVO3PzhEoaUVBymwUn6ejOVIMqeamxo9wTPR1ezUrVS1O7dDOH
;y5zVHHDWhSetKs7VGn3FVE5f4W5EiUNcVk5TE2BopF9QQcgHq4FZ8PGzVpEYNsjXTBinbogFQhhWTNM
;XuT8+BMnbkxy8XYEiqijM1lr9x9QKnid1UxKexQrVS3NvqOhfUEHU3LdWgWEsrk1WlPbCU05d4qwEiM
;VckI5QWLywPATL25OefFmCJ6ouQVVdfcQVjFz6dRNSnsUK1XdAoGLkX1BdExt8WcIn7KiN2h/3Q5ZPn
;WMiiQkHX1HOXJO4sL/EyhpR0HddQKOos1bNwyofD8Ty6nVVEp7FFg5XmLjzOUJLmp/bdt3AYqlqAVbb
;dEZTSwW6NVNSnsUK1UtPZ2jkX0ya1NBzGoTn6mgBUR52hpePHO2oSU4HmdDOkFZgaIpY8TscaYQOmfP
;xs1aRGDbI10wYp26IBUIYVkzTF7k/OUSHmlPbMNkC7Spuz9FYMkMP14W6dVNSnsUK1UEPYGj4hEyWEJ
;x2nEIhpm+L0VqyR9aAGKGijklC0tYIF9b4MD0Ii5xRWzCZBfrx81aNwyofD9fFvHVTUoIeFgKTlLv1/
;4IM1hDcdxrApmZqT9bbdF8Pl8W6dVNSiJUK0ktPYHQ/Q4eZE9w2moSmZmoNFNTyxNSL3OHpiw+EntFV
;Sw9gaORfUEHIB67BWfrtaEpaG/HEkswY5uKKCQfS08wQVz4o5B9QQcgHq4FZ+vdzVo3f8QPYDx5h6Ei
;PwlLRzReWPP8/hsnWER7wmQe68fNWjcMqHxmHxbz1U1KCHhYCk5S79f+CDNYTH/dYBW0qaMFU2nEHUZ
;fF+nVTUp7FCtVLSqBo5EOLXR/fcFrE4SzvwVbbdsZTQBmhqIoOHsVK1UtPYGj2D1BGyAernYLmJmuNV
;l4xwlNAHqMuyo+E0tfPV9Y8sv+ESUHIaawgIy6fgNlNxWofD8sepqKLiUVYEQgX2Ltyv8YHmNJbdpkC
;YijzVutlTHlpsav1tVcSnsUWDleYuLM/wkuclJBwmoIm7XNWzcMqHw/X+bW1V9KexRYOV5i4sz/CS5y
;UkHBYwGYo7laNne80ni+bF1qTVB7FCsmQU7ewP4TNWhVbPF2BIqoozNZa/cfUCp4ndVMSnsUK1Utzb6
;ji31BB1Ny3VoEhKi5NUJ+9w9cPniHvCMtJGdbMEhZgaKRfUEHIFJzRWf1xs1aRGDbI1wweJ26ODgkYE
;QKRFPnyv0RHmNJbdpkCYijzVtMGAY73iWy1tVhSnsUWDleYuLM/hEoaUdBzXwLgqipP0VTxBNIOmS2v
;SgrD3FZCkBc+fz+CDV3VWquBGfrxs1at1rofBNfFummITkkd0Q6QVTvxM4eOGtJcMpgFbSzvSpSfvcU
;Wj5ijKcSJxpsdDpYSfHW5X1AByAergXnvYbNfDcMqA9TLEmKuiImEnpMCktP7s3lIih1f3bLZBOOtJI
;3VnT3E0orZpyhTUt7FCtVLb3X45FvQQcgbcJ2OIipojZeYs8jVzp/jr05SnoUK1UtPYGH0X1ZByAe3W
;kUtKWiNVtlxhtgM3eQsD8VE3FCMkVJgaKRfUEHIB5+OmfMxs1aRGDbI1wweYW8Iy0keE4zWWLnxvQZH
;m9Ff9pgFbSrrCJoY90ITypi6dRNSnsUK9V7fYGGkX1BdExt8WYIhKqkNFBTxBlZK0mApxIiHnVfMF9i
;7MLpIi5yVG7bcWfqxs1aNwwoKn9fMunVTTkXZ3Q2QlLtyv8aHndJbdpqCbSuqDtDadojUj5utro4Pgt
;hX1UsPYGjkX3BUWAeigVn67WhKWhvxxNTNniOij0lDHBOJ3Jb5Mb1FC9gf2rHaAK0o7s/WQypfD9fFu
;nVTUp7NytVLU7t0M4eLmhMd8BiOJupuj5SfvcaWjpygLsqFQ99RjByUuXHkXxBByAergVn68boWjcM2
;xBMAHWGuiEjFXN0J0hc8/z4Dx5vRX/aYBW0q6wiaGPdCE8qYunUTUp7FCvVe32BuZF9QXRMbfFmCISq
;pDRQU9oZXDB3nbA/FQhkTjBJPYCjkX1BB6B17gVP68bNKVt/9x9QMHqAuyoVCX1MPVli58b0GR5vRX/
;aYBW0q6wiaGPdCE8qYunUTUp7FCvVe32BhZF9QXRMbfFmCISqpDRQU9oVWDditrw/FRNxSiFIT97O8A
;UeaFVq3nAT68fNWjcMqPxpHxbw1U1KCHhYCkpc8fz3FC1rf33BdwmOtJI+UmDJBT9eFunVTUp7TWtVM
;D2Bo+IRMlhHf95aAYKqoQVSYswjXDB7mbAjORpgQjpDPYCjkX1BByAergVx68bNKVt/9xteL0mPvCEm
;JHFFMXJZ5M/wBEEGIB6uBWfrxs1aKwyofEwzZbayLDokckI5QWLtwuIYM1hPeMhaA46qrCM3Dah8P18
;W6YwNSmAUK1VeUfL89hwxWEZ3wmk4h6e+P0VTxxJgO3OFtDRKehQrVS09gaORfVkHIB7daRS0oawqaG
;rBEFMAeoimKDgkZEQiSE+BopF9QQcgHudFZ/bGzVpEYNsjWD5mtrMkJhdLRzBDWvXLzgkpdUVtxmoLj
;8bMISOi751F2ynpzk1Ke2dHJnJa4NPOGyhrTEHdZgaFqKQ0UFPLE0oxYunUTUp7FCtV3QKBuJF9QXRM
;bfFiBpuZqzNbYPcPXD54h7wjLSRnWzBIWYGikX1BByBSc0Vn/MbNWkRg2yNWMXCAuSEVGHtZO0hP3sf
;0ESB+IB+uBWfrxs0DdwyzfD9fZYWmEiMVckI5QWLkzfUiImhNbstrFIqypDVZDKl8P18W6dVNSnsAK1
;UtTu3QzhQvYUlywloChaKSPlJgyQU/Xhbp1U1KexQrVQ09gaPiETJYSXDIbAuHmao7R1POFVMzSYq6P
;yQeZnQxSFHg2pF8QQcgHq4FPqvG6Vo3DNsQTAB/h7MkJhdLTDRdYufK/REeYk568WYIhraoNERt3BVQ
;MRbo1U1KexQrVS09nKORfTJrU0HHawGCqqEFUG3YI1k2eoWKKCQfS08wQVz4o5B9QQcgHq4FZ+vvzVo
;3f8QPYDZ4j7whJiRzSiVyW+jP/SIpZlR9xloDgrW5O1lvzSNZPnWduj9KehQrVS09gVOufWIHIB7daR
;S0r6M8XmDEI1g+ZrazJCYXS0c0Xljz/P4bJ1hEe8JkHuvHzVo3DKh8Zh8Wy9VNSgh4WApEU+fK/REeY
;EFu8WMOh6qSNlZ/zQ5gMHi2sSgmGm0rVC09gaORfUEHIAGuBWeYqr4FXmLOFVMzSY60PRUdfUc5clHg
;0PQPHndPact3Z+rGzVo3DKg1f18y6dVNORdndDxDW+jP/SImZlBByGwLh5mhP1lr3BRgK36bsD4iFHh
;PVSxGlQ3WnDuDHx6MBWfrtaEpaGXGGlYzerayLDokckI5QWLywPATL25OefFmCJ6ouVo2DKh8P18WGe
;pNaHsUKyZBTt7K/xsoa0xByWQXtKCkNltT2x9eMXiAuyoVCGROMEk9gKORfUEHbMPuBX3rxs0pW3/3F
;VE5f4W5EiYaZ04nclLnxc4ZJGtBZ64EZ+vGzVo3Veh8Jl8W6aYhOSR9RTNEUe38/RwyYlJBwWs4j6Oh
;O04MqXw/Xxbp1U1KewIrVS1O7dDOFC9hSXLCWguKtagoaHzHC1otFujVTUp7FCscbT2Zo5F9MmtTQcd
;rAYKqoQVbZcYZYDt/mqEsJBhxK1S3pBg6COT4OCAHrgVnmKq+BV5izhVTM0matiwkFX1FMnJe7tb/CU
;EGIB6uBWfrNvJaFgyofEwzZba8IywSeEcKXl7gzf8UL2B/fcFwCZ+ZryNoYMESWl8X6dVNSnsU22otJ
;IGjkQ4tdH93wGMOh6qSKVRtxhJWMXG2pj0vHnArVC09gaORMZxHIAuuBWeYqr4FXXnFDGAzc4eyOSIk
;eEI4REmBopF9QQcgHopFZ/nGzVpEYNsjVSp7mYogKwNLTzBBXPijkH1BByAe7lAn69TNWjd/xA9gNWO
;EpRInEnp0MUhR4NqRfEEHIB6uBUOrxsNaNwzbEEwAfJy4PRUIZE4wST2Ao5F9QQdsw+4FcOvGzSlbf/
;cQXiZzm4ovJQlwTidyUufF4hg1ByEergVn68bNWjcXqHw/LHqaiiErAnFZCkBY88T0IiJrT23LWgGKp
;agpNw2ofD9fFunVTUpgFCtVXlHy/PwcNWJSd89pOJilrDZSU84dXCt5m4o1SnoUK1UtPYH60X1aByAe
;3WkUtKusLlJ+wR1TAGWKtCEvJHJKNllS8/zofUAHIB6uBWeyhs1BNwyoD1MsSYS0OS8JfUo5ck7iwv0
;YHmFBfdpqFbS8zVs3DKh8P19PqdVvSnsUWDleYu/K5Q8uYEVw8WgIj6OSP09kyQlMK0mZpyg5CGFZMC
;08gaORfUEHFF6uJGfrxr42RFPGFUsteY6wIxUWe08wck3txv8ILFhQbMt2FJ60qFo2DKh8P18WzZVNU
;3sUKyZBTt7N/g8sZkxBx2sBgqqhBVh6zQ5TPmbp1E1KexQrVS09gYKRfUF0TG3xawiZq6w2aHjHI0sw
;ZramODgddUgwclL3xuMRIHcgH64FZ+vGzVo3DLp8P19lhaYSJQNtTDBDYuLM/wkkaVQerwVn68bNWiN
;MqF0/XxaauT4VC3tcMUhP3sX0GCVuTnnxdwifp7kzWGL3Dl4rf4bVTEp7FCtVLc2+o6d9QQdTct1aF4
;SxqT9FU84ZWjt/h7ISOBRgSiFEUu/84xw1bk9ByHAJiLKkNVlTyQ5aPkmPtC4+FGYrVC09gaORfUEHI
;DGuBWeYqr4FR2PfGFotSY+wKC4SekwKX1L1wuUULml/bM9xDoSZqy9Zb9wVUDFJi7Q+L3sVK1UtPYGj
;kX1BMCAernYLmJm9NUBozQ5gOXOMsSQkHEtZOllc9cr+Ex51QWrHajiNs6M5Q2XHEmA8eYSlKCQIdV8
;8QlOBopF9QQcgHl46Z8/GzVpEYNsjTzBhjbA/FRNxSiFEU+b88hIsd0Vw3WQTgqmjBUNlxRk/XnCPsy
;ssHQhrVQI9gaPiETJYUGzLbQKKsqQ0UFPLBVM2eI2wPxUXe1wwX2LpxvAJJHV/c899OISzuSpCeKh9P
;18W6dXNHDsUBFUtPfLP4iIxdUV2y2QTgqiqBVR1xBVRO3Obijg6C3FZCkVY4Nf0Dx5qQWbxahKftrgu
;Nw2ofD9fFmmDDUpSFCtVXlHy/OEPJG9Ff9psCYyZqyhYYtwjVi1JgbAsPh5mdDhMRd7M5AkxclQerwV
;n68bN2mFMqGk/XxaauT4VC2ZOPUhc9cr/Gh5vRXfJbRPrx81aNwyofBcfFvLVTUoIeFgKXU/ky/QcNW
;5OefFpBpKjvwVfacEbVysW6NVNSnsUK4USPaujkX0ya1NB3ncCg6OsLl5izyNTOnCdiisvHnB0PUhc9
;cbjIixmWEHBcBObs7laNgyofD9flr+VTWJ7FCsmQU7e0+MYKWJBasdrALSqqDxDU8EOYDdziKEoOCR5
;Si1yUvTX4Qg1ByEergVn60abGjcrqHw/LHqaij04HnxONFlU78TODSh0VHHAWg+Op7k/RVPFHUcAeZy
;hPT8PFCpVLT2BoxErAQcHHq4FFIe1kipFacAZXit/h7ISOhRjTzBfYufG9BkoaUdB2mwKjpmoLFJiqH
;0/Xxbp1U1KexQNVS098s/iIjF1RXbLZBOCqKoFR2PfGFotSY+wKC4SekwKWVTsxs4SJWMgH64FZ+vGz
;Vo3DIB8P19lhaYSOglxQzBMSejN9iIzYkFs8WwVtK6oO0Np2iNSPm62ujg+C2FfVSw9gaORfcFRYB6z
;BWfrtaEpaHzaGVc6d528Iy0kZk42Qlz1xuMiMndFe8oFZuvGzVo3jMM8P3QW6dU+JghLWydIVeTC5RQ
;vYH9sx2IPn5mrP1Jo9xRaPmKMpxInGmx0OlhJ8dblfUAHIB6uBee9hs1zNwyoD1MsSZmnKCIedV88Q1
;re0fgaKXN/d9xaD46nuT9FU8UdRwB5nKE9Pw8UKlUtPYGjESsBBw0ergUUh7WSKkVlxghWMXG2tjQmE
;npPMF9i7czmGDNYSHvPcQKZmaA7T1PHCUsvY53VTEp7FCtVrWvBo7x9QQdTct1aF5mvoy5eYs8jXCZ6
;gLspLwlLXiVdWPP8+Rggc0Vs8WgGk5miL0N83Qg/Xhbp1U1K+0JrVQo9gaPiETJYUGzHaxOCqKoFUX7
;HEksAf5uKJS8aYE4nclDg284SNHNQa9oFZuvGzVo3jP48P3cW6dU+JghLWydEU/XK/xoea0V42loBjq
;OpBV9pyQhaLUmEtDUVFGFfJVhJgaKRfUEHIJ74RWfNxs1aRGDbI08tf4ehJCQcS0cwS0neyuMiKWJBa
;st3OIantQVYedwMSisW6NVNSnsUqwNtPaSjkX0ya1NB3ncOhbKkNFBT2BVMK3mHiiUvGmBOJ3JQ4NvO
;EjRzUGvaBWbrxs1aN4z+PD96FunVPiYIS1snRFP1yv8aHndPacpgFbSgqD9TZcYbYCt/hLASLw1xRVU
;sPYGjkX1BByAeigVn67WhKWh82hVRK3+HshI6FGNPMF9i58b0GShpR0HabAqOmaI+UwypfD9fFunVTU
;p7MitVLU7t0M4NM25OasdrALS0qDtFU8EOYDdziKEoOCR5Si1yUvTX4Qg1ByEergVn60abGjcXqHw/L
;Hqaij04EnpfPENa3tH0Hi5mVHvcWhSbo6g+Nw2ofD9fFmm+DUpSFCtVXlHy/OEPKGlUd8BiOJmvqjJD
;U84ZWjtJgbAsPh5mdDhMRd7M5AkxclQerwVn68bN2mFMqFs/XxaauT4VC2ZCO1lU78TODyhgSGrxbBW
;0rqg7Q2naI1I+bra6OD4LYV9VLD2Bo5F9wVFgHrkFZ+u1oSlofscVYC1zjrwiJCR3TjtZWPP86X1Apz
;oxcyHB1QbNTTcMqA9TLEmbuiQVCXFMPEJT3sD0EzViUkHXBWZih62/5+6WvD9KFunVPiYIS1k6RGLzx
;vYULml/bM9hDp61zVs3DKh8P18oqdVQSnsUWDleYvPM+CIzYkd3wWs4n66/P0RkxxBbAHebsCxKehQr
;VS09gYfRfVcHIB7daRS0tag9WmnGCGAzc4eyOSIkeUI7LTx73fvBNZSoIa4iZ+vGvjZEU9sUVjp6jYo
;vJQ9gRDhyXu7N5RI0dX9yx2sCtKKkKUNtxh9aXxdzTNTT4o2Sai0igaORDi10f23GbAKHopI4WHjcE1
;IAdYa7OSUOZnQ5QlLx0JF8QQcgHq4Fc6vG4Vo3DNsQTABlgbwoJh9LSTpZSe7Ozh4uaVRx23c4n6mSM
;1lqwRBTAHKApjkrFXdOVSxGlQ3WnDujHx61BWfrtaEpaH/AFVozcra3Ij4Pe0YKSEXxwv8OKGhOHq8F
;Z+vGzVojTKhaP18Wmrk+FQh8QjBBWd7B/gk1aE1Bx2sBgqqhBVtlxhlgO3+aoSwkGHErVLekGDoI5Pg
;4IAauBWeYqr4FRGTBGVM7SYu6OT4UeXQ5TETk0eJ9QAcgHq4FZ8+GzXg3DKgPUyxJmr0kLxdwdDdCSf
;XM/CIxdU90y2YTjqKSNlZ1zQ5MXxfp1U1KexRyFS0dgaORDi10f23GbAKHopI5WGLcE0otSYW8Iy8kc
;EImWVzvwPR9QJ25hzec/lL5zUI3DKgPUyxJmr0kLxdwdDZCU/XM5A8ea09x3nZn6sbNWjcMqGh/XwHp
;1U05F2d0JkVU5M/1IiJoUnDLdziPo6E7TgypfD9fFunVFAp7DytVLU7t0M4OKW5FcspaAoWikjlYYdg
;ZUSx3nbwiJHsVK1UtPYGjkX1BEyAernYLmJm+Ml5pxBhgOniNiikvF3VSVSw9gaORfUEHIB66BWfrta
;EpaH/AFVozcrawNToaelg8QlOBopF9QQcgHl46Z/TGzVpEYNsjTDd/jLkpFR19RyFIT97N8A8zaFdB3
;GAAgqmjWjYMqHw/XxbhlU1VexQrJkFO3tD5FCRrREHHawGCqqEFW2XGGWA7f5qhLCQYcStUHg6ykKJO
;kjggBK4FZ5iqvgVEZMEZUztJhbQ+LwlLRDNLYuXG/Rw4ByEergVn68aUGjcVqHw/LHqaij4iEnFHMXJ
;R4ND0Dx5oTkHKYAuKv81bNwyofD9fFunVW0p7FFg5XmLyy/gYLWN/cs92ApmZvTVAadp8Pl8W6dVNSm
;9UK0QtPYHQ/Q4edEh3y2kDtKmrPERp3Hw+Xxbp1U1KexQrTC09gdD9Dh50SHfLaQO0ta47WWLBElgAZ
;ZmwKC57FStVLT2B70w9QSQgHq52C5iZvi9FaskfWgBlgLEoFQ9xUyFYT+T84xgyaExr2mwIhcbMwK6V
;MeWm5inp901Ke2dHJnJO9NH3HCJif23HYQK0sqgiQ3naGWAnb7a6KywIcV9VLD2Bo5F9QecfHpwFZ+u
;1oSloeMAZTTJ3hYooJBh4RCZYT+T88xwyYn96x3YTiqiuP2h4xyNZNmSaoRImGm1OJy08gaORfUEH0C
;GuImfrxr42RFPcFFYxSZ60ISYkcEQgT1Hk/P0UL2JTQc1qFYWjvwVTacQdRl8X6dVNSnsUchUtFoGjk
;Q4tdH9qxmwJtLGsNltTzBNKPXqMiiEjFXFYCkhT5fzyEix3RXDdZBOCqaNaNgyofD9fFunVTW57FCsm
;QU7e1/kUL1hXf8JpOI+puDhbafcQVjFzmoooJB9LTzBBXPijkH1BByAergVn6+zNWjd/xA9gK36AuxI
;9GnhHCklS9MH9GB5rSXDLdjiHp74/RVPHGlkAcoy5LDN7FStVLT2Bo8g9QS4gHq52C5iZuTJeYvcLXj
;N6trEiPxl4TgpBVO/G4iItZlN73FoIhZmpP1tt0Xw+Xxbp1U1KexQrcy09gdD9Dh5zSHfAWhCKqqEFU
;2PdHlM6SYW8Iy8IS0c0Xljz/OESNmJSHq8FZ+vGzVp+TKhVP18Wmrk+FQ98QjtySuDP/SIlaFV8wmA4
;h6+jP0RT2x9eMXiAuyoVGHteO1k9gKORfUEHIO6RBU7rxs0pW3/3CFc2eLaiLCYXS086WF/txs4RKGl
;FbfF2BIqoozNZa/cPTzpzjdVMSnsUK1Vh4MGjt31BB1Ny3VoTg6+jBUBtxBBgLH+HsiEvJHhCO0hi4s
;zjEyR1f3rLaQaSxsxaNwyofD8GVun/TUp7Z0cmcknpyv8iNmZMcvF2DoWhoT9oYMESWgBzh7ESKRR5W
;zBDTuDX+BIvByEergVn68bNWjcvqHw/LHqaijkiEnp0IkxR7fziFC9gTHvxaQ6Fo5I/WWj3GFozd5DV
;TEp7FCtVLT2Bo7h9QQdTct1aE4OvowVAbcQQYCx/h7IhLyR4QjtIYu3C4hgzWE94yFoDjqqsIzcNqHw
;/XxbpjA1KUxQrVV5R8vzlFShpf2nPaQu0taQ0UGDNI1M2eIyKISsIcVkKQlPex/QRIH4gH64FZ+vGzV
;o3DI18P19lhaYSPhN9RQpaXO3Pzg4oaUdyy1oLgqioBVtt2xlNAGaGoig4exUrVS09gaPYPUEvIB6ud
;guYmbkyXmL3C14zeramJCQceE4KQVTvxs4OImZOcMdrALSloi9ZeKh9P18W6dVNukQUA1UtPfLP4iI1
;b0lw8XIGh6qSKV5izxBaAHqAuygVCHdKO0NU78TODjFiRXquBGfrxs1ae9HofBtfFummITkkYEQlck7
;00fccImJ/fcFrE4SzvwVUY9oSWi1JjbAhKwIUKlUtPYGjkSQBBwgergUUh7WSLlh89w9KLXCItigVGH
;tFIUJI8/z0EyVYQ3HDdQKFtawuXmPGfD5fFunVTUp7FCt0LT2B0P0OHnNPbvF2EpmgrDlSU8sTUSt5n
;KcSLxVwdDFIUeDakXxBByAergVn68bqWjcM2xBMAGKGpRI5DmZNNE5Y3sD+EzVoVWzxaQaYo78FWGrO
;I1s6eoisTUt7FCtVLT3Y45FbQQcgbcJ2OJ+pvQVEedoaXjxztrYiJA97XidyUeDQ9A8eaE5BymALir/
;NWzcMqHw/Xxbp1W5KexRYOV5i9czhIjJyUnjPZgK0paI0Q2PdDmAzd5qwPxULe1wwXz2Ao5F9QQcgV+
;4FQuvGzSlbf/cIUC9JmqA/LBp3TgpOUu/X/ggzWEx3wGA4j6++LlZiyxk/XoxwTNTT4q0UVTA9gaPiE
;TJYVHHeWhSetKs7VGn3H1AxYoagPxUXe0QlXj2Ao5F9QQcg7pEFeevGzSlbf/cIUC9JmqA/LBp3TgpO
;Uu/X/ggzWE94yHYCn8bMISOi751F66np801Ke2dHJnJJ7tPODjR1Rn/NYDiIqaMuWHnaI0w8d4e7JCQ
;cS0g6WFP1o5B9QQcgHq71WOvgzVo3f8QPYCt5mYo+PwlySjZIYuLM/wkuclJB3WYGhaikNFBT2wxaOn
;Lp1E1KexQrGfB9gYmRfUF0TG3xcQibmb4vRWrJH1oAdYa7OSUOZnQhQmLozfcULWt/esd2E4qorj83D
;dNokRj3k3FySlgUK1VeUfL85RIxWFNr3GMGiKOSM1lqwRBTAHWGpyMvCUtPMEFc+KOQfUEHIB6uXCfr
;4c1aN3/ED2AreZmKPj8Jcko2SGLozfcULWt/e8BhOIipoCpSYtsdSzZ5h9VMSnsUK1UtPYGjsX1BB1N
;y3VoThLaSKUJ+zh1cOkmAuysjF3h0MENZ3sf0ESB+IB+uBWfrxs1aNwyOfD9fZYWmEj4UZHQmWE/nwv
;IYHm5OeMdpC7SqrClSfvcTWTlJjbAhKwIUKlUtPYGjkSQBBwUergUUh7WSLlh89w9KLXCItigVEnpNP
;EFR3s/wDiR1f3HAWgOOqqwjNw2ofD9fFunVTUpZFCtVXlHy/OUSMVhTa9xjBoijkjNZasEQUwB6iKYo
;OCRkRCJIT4GikX1BByAe50Vnz8bNWkRg2yNLMGa2pjg4HXVIMHJU78X4ES1YTHfAYDiPr74uVmLLGT9
;ejHBM1NPirRRVCD2Bo+IRMlhUcd5aFJ60qztUafcVUTl/hbkSORh1RTtEU+b88hI0aVQerwVn68bNWs
;czqFE/XxaauT4VD3tbCl5I88XwHiRYSXDIbAuHmb45VmLGFVE4SYq6OCQPS0ksclHozfR9QAcgHq4FZ
;xv5zX83DKgPUyxJnbo9FQhhWTNMXuT8+BMnbkxy8XYEiqijM1lr9w9POnON1UxKexQrVWHgwaOHfUEH
;U3LdWhOEtpIpQn7OHVw6SYW0NC8JZytULT2Bo5F9QQcgB64FZ5iqvgVDY9gjTCpkj7QuLyRgQydITun
;M/RlBBpgAK+42U3jyWiUMqHxMM2W2rTQVCHVNMHJP4Mf4CDIHIR6uBWfrxi1lNxuofD8se4i5IRUdcU
;ohWE/k0M4ZKGZNe9pgFevHzVo3DKh8Gx8W9dVNSgh5SjlBYufG8Ak0dUVt8W0Ih6OSPl5txRlLOmTp1
;E1KexQrVTF9gbiRfUF0TX/CaTiNo6wuQn7ND2A2eI+8ISYkZkohRFKBopF9QQcgHvdFZ/HGzVpEYckQ
;UwBwjLQ5PwlxWApeTeTG9SIzZlR3wQVm68bNWjcM4Tw/fRbp1T4lF31PCk9S9df+EB5iWGrccBSCqaM
;FQGXMCFcAZIihJCV7FStVLT2Bo8g9QR0gHq52CIevqQVVY9wIUDJJj7whKxZxRSFyW+3M5n1AByAerg
;WnvIbNSDcMqA9QM3+Nii8lD2BEOHJR4Nr0D0EGIB6uBWfr0o1aJQyofEwweoCxEigUYF86QGLy0/QYJ
;QchHq4FZ+vGgxo3Fqh8Pyx5hbwpFR19RzlyU+DR4xI2WEZywXIVirKoWjYMqHw/X9a+lU1cexQrJkJR
;6MfOFC9hSXLCWgKTtqw0RGXHEj9eFunVTUp7FCtVDz2Bo+ISLW5EQcdrAYKqoQVSdNgdUSx/hrsSOB5
;5RCNIYunM/RhBBiAergVn68bNWiQMqHxMMHqAsRIjFXJCOUFi8sv0ES10IB+uBWfrxs1aNwy+fD9fZY
;a5JC4kfUUzRFHt/OYUJXNIQcNsCevHzVo3DKh8P18W9tVNSgh7RzxJYvXM4SIkf1Rs23YOhKiSLV5o3
;BRgLXedvCJKehQrVS09gfrRfVYHIB7daguCopIuWHz3GlYzd4SwIz4kckc6Wj2Ao5F9QQfgSe4FaOvG
;zSlYYMEYYCt5mYohKwJxWVUsPYGjkX1BE2AeoQVn67WiNl5o9whQL0mapSgvHxQqVS09gaORMwEHAR6
;uBRSetr01RXj3HVs+Zp28Oy8kfUUzRFHt/OMcNW5PQcNkH+vHzVo3DKh8ex8WyNVNSghhWyVCT/X88B
;kgd1R32GA4gqirM1tg9w5eK3+GiiAjFRQqVS09gaORWQEHAB6uBRSetr01RXj3HVs+Zp28Oy8kfUU7S
;E/exukNIGlTd8FrZ+pcVMOulTGlAF8B6dVNOQ5kWzpfSd7C9Rwxc0loy1oLir+oKEQMqXw/Xxbp1VkK
;ew8rVS1O9NPhEjNzf3/KZBefr7s/aH7NGEo8YoC6Izl7FStVLT2Bo5E9QR0gHq52Epu2oihDU8kYXi9
;igKMoFQx9TyFFYuzK/31AByAergVn44bNSTcMqA9KL2aGpzkVGXVYMHJR4Nr0DzIHIR6uBWfrxs1aNx
;WofD8sY5mlIjgPS0k0Xljez/AEJHVTQd11Ao6izVs3DKh8P19fqdVYSnsUWCBdTe7R5SIjdUl6yWA4h
;6e0P0V/qH0/Xxbp1U1KexQ5VS098tbhDS51VEHMdw6GmbozU3jAfD5fFunVTUp7VCtLLT2B0OQNMWhS
;avFmCIWoqDlDZccSYCdvtrEkOQ91RTZIPYA5COTYnrmnkQV668bNKUJ82BNNK0mMrTk4DmdCOkNi9sr
;1CSlYUn/abAjrx81aNwyofGYfFvzVTUoIYVslQk/1/PcULWZNe8BxOI2qoi03Dah8P18W6YwNSmIUK1
;VeSPHT/g81WElwyGwLh5mhP1lr3BRgMn+H1UxKexQrVS09gaOGfUEHU2vedQiZspIzWWrBEFMAeZyhI
;SMVcVhVLD2Bo5F9QQcgHr8FZ+u1uCpHY9oIYDl/hbkSOBpgTlUsPYGjkX1BOWAeowVn67W4Kkdj2ghg
;PniOuShKehQrVS09AeXRfVIHIB7dcBebqb8uaHzBEFM+ZLamJDAeFCpVLT2Bo5FtAQcLHq4FFJ62vTV
;FePcPUj56hYorJhR1XzBJYufG8Ak0dUVt8X0etKO1KlZi2xVQMRbo1U1KexQrpRI9jKORfTJyUG7Bdx
;O0tb0/UmiofT9fFunVTQM7FDZVLT3y1uENLnVUQdp3Ao6ZryhWYssUYD54jrkoFRZ1U1UsPYGjkX3BQ
;WAetQVn67W4Kkdj2ghgK2SMsBIoCXVFNkVi5cb/DihzWR6vBWfrxs1aCUyoYD9fFpqgPToUZl8KWU/k
;xs4fM2ZOfcZaA4KnoD9Dadp8Pl8W6dVNSntUK3ktPYHQ5A0xaFJq8XEVjqOSOEVtxh9XAHKAtCAvD3F
;ZCklS9MH9GB5oVWrCbAmOtc1bNwyofD9fHqnVbUp7FFggXU3u0eUiNXVFe/FnFYqorjJoaMEdUjpijK
;cSJxpsK1QtPYGjkX1vRyAKrgVnmLO9Klh+3CNHJkmMrT0rFWdCOkM9gKORfUEHIB6uBXTrxs0pQnzYE
;00rSZGsEi4SZ180Q17ko5AbJ2FGeMjjWOvazVo3f90MTzBknYo3FRRyTSZISd7H/govWEx/12AVmMbM
;WjcMqHw/rynpz01Ke2deJV1S89fOBx5oRnjdYBO0s70FW23RGU0sFujVTUp7FCulEj2eo5F9MnJSeM9
;mArS1pD5SU9wZRytjm7ASOB5nRDlYSejM/31AnbmHN5z+IvnNRDcMqA9KLXCItigVCH1PMHJJ5NvlCD
;Nif2bXWgiNoL4/QwypfD9fFunVvXV7CitVLU700fccImJ/bcFpDo+ZrzVDeMcRYDpumbQjORJ7RVUsP
;YGjkX1BByAehAVn67W4KFFtyxlgLHmFvCkVGXtfIUJQ3sbpCTNyU3fBazicr6kuX1PaHUs2eenUTUp7
;FCtVdH2BvpF9QXRVbMhkBI6ZvjVbZcwjXTBinbogFR14RCJfXPXGkXxBByAergU5q8bWWjcM2wlNOXe
;KsBI5FHhCMXJf7tflEixYTH/XYBWYxsxaNwyofD9fFunPTUp7Z14nS1zixs4OLmtJevFnCJ+yojdof9
;gZWjsW6NVNSnsUKxttPZqjkX0yclJ4z2YCtLWiNl5o9whQL0mMrT0rFWdCOkM9gKORfUEHIB6uBUDrx
;s0pQn7OHVw6SZq6ISMfS186XWLk2+UPNHRJccBaEIKiuTJofskIVjAW6NVNSnsUKwxtPZujkX0yclJ4
;z2YCtLWiNl5o9whQL0mPuSI9CXVfMC08gaORfUEHfl6uHWfrxr4vRWrJH1oAZYa5JC4kYEQlclHg2vQ
;PMgchHq4FZ+vGzVo3Lah8Pyxjm7MsKR5LWDpBVOX85RIxWE5/3HcInJmrNlh72h1LOhbo1U1KexQrC2
;09lqORfTJyUnjPZgK0taI2Xmj3CFAvSZqlKC8fFCpVLT2Bo5FDAQc6Hq4FE46rvT9FbdwJTTpJi7o5P
;hR5dCZYT+fC8hhBBiAergVn66+NWh4MqHxLOnuZsD8rD2FZMHJf7tflEixYU2vcYwaIo5I7RWnJI0s3
;ZIymJSUXcCtULT2Bo5F9KEcgKq4FZ5+joCpSfskISi1ztrEoKQlxSiZIWd7R8Bs1WFNr3GMGiKOSN1h
;ozRBgOX+bpjkVF3VSMF89gKORfUEHIB6uBXbrxs0qRWXGCGArc4SlKDgaYF4nSD2Ao5F9QQcgd+4Fde
;vGzSpFZcYIYCtzhKUoOBpgXidID4GikX1BByC+x0Vn+cbNWkd+wRJLAGKMuD0vCXVfIF9YsqOQfUEHI
;B6uBWfr1M1aN3zaFVErSZ2wIDoeZkohWE/kl5F8QQcgHq4FZ+vG2Fo3DNgOVjFitrcoLiRgTjhdWPPC
;5QgzYiAfrgVn68bNFHcMp3w/X2KBvCMVDHVHOXJO8cb0GUEGIB6uBWfrj41aOQyofEwvY5umEicabFw
;8SUnpo5B9QQcgHq7lWOvfzVo3eMAVUQBhiLkhFQx9TyFFYvPC5RQuWE1/1gVm68bNWjcMwTw/Rhbp1T
;kiEnp0IkxR7fzmFCVzSEHcZBOCqZI3XmKofT9fFunVTXM7FCdVLT310fALJGt/bd5gAo/GzFo3DKh8f
;w9W6ctNSntgWTRbWO386yImZE96y1oDgrW5O1lvzSNZNniApiVKehQrVS09gbfRfU8HIB7UWhOZp7s/
;W1PbDFo6cunUTUp7FCtVOX2BspF9QXFFbN1sCIWZoTtEePcZWzZi6dRNSnsUK2DsfYGFkX1BcU9y22g
;Cn7SkOWh/2BlaO0mauCIlD3x0Jkha7Mb/CR5rRXDJcQ/rx81aNwyofDcfFsjVTUoNe0cgQFj10fgeHn
;RQe8thOJirojVDZPcIVy1zmr0iJh8UKlUtPYGjkY1+Bw8ergURhKq4N1J42hVcAGWZsCguJGdGOkJJ6
;fzlDyBxRXLxaQKFobkyaHjADlosfoa5KUp6FCtVLT2Bt9F9VAcgHtlsF46ZpDRRZcQQYDt/mqEsJBhx
;GlUsPYGjkX1BByAeuwVn67GkKlJTwRJZNnqFiikjCGBKO05Ys6OQfUEHIB6uBWfr3M1aN3vBDFoAeZy
;hKDgkfUUmSEnex/gONWZOfcs0Z+rGzVo3DKh8P18M6dVNPRJkTgpCSPXG4yIoaVN72loDgrW5O1lvzU
;4/Xhbp1U1KexQrVTo9gaPmFDFif3HbcQKZmaQ0RGncI0wvc4yxfEp6FCtVLT2B6tF9VgcgHtlsF46Zo
;i9DadojVjFljKESOQtxTjEfPYCjkX1BByBX7gVE68bNLV58zSNNOmKbtC4+EntFCk9Y58zjGB5wSW7L
;WgGKpbk1RT2ofT9fFunVTUp7FAhVLT32yuEYHnVFatxkBJ+vojRobs0aUC1ztqIkOh5LTTROSe7Ro31
;AByAergVn68bNQTcMqAtWL3O2piImEnB0PENb6M/9IiVuU2rPawSO981bNwyofD9fFunVVkp7FFw8XV
;je0P4RKGN/d8BjDoeqkj5ef9wdUTxz29VMSnsUK1UtPYGjh31BB1d33mA4mLO9Klh+3CNbNmWdtCMpH
;iUrVC09gaORfUEHIAiuBWecr70/aH/dDE8wZJ2KKSMIYEo7Tlizo5B9QQcgHq4FZ+vezVo3e8EMWgBi
;gbwjFQx1RzlyWejQ5RwvZEUvrgRn68bNWjcMqHwnXxbpoiQ6HktfPURT3tTwES1YRHfdcQaFpahoNw2
;ofD9fFunVTUpuFCtVWlTxxs4JLnBFbPFnFYKrki1eaNwUP14W6dVNSnsUa1U4PYGj5hQxYn9qwXICmZ
;mrM09pzCNPMGWR1UxKexQrVS0EwaOEfUEHV3feYDifqbo/RVPOFUc6cralIjkCFCpVLT2BozEjAQc0H
;q4FEIK2qAVDY98ZTQBwhbo6OBpgTmQtPIGjkX1BB3lerhFn68a6M0dp9whQKHObiismFGNZNFlYs6OQ
;fUEHIB6uXCfr0M1aN3vBDFoAYoaiKDgkfUUzRFHt/OMcNWIgH64FZ+vGzQN3DLZ8P19hgKUoFQ97XDB
;fYu3M/g0yWEV/zW04jr65KEJozQ4/Xhbp1U1KexxrVQY9gaPmFDFif2rBcgKZmaI5Q23PE1E+eralJC
;YXdVkKT1L11/4QHmNJf8NgE460zVs3DKh8P19fqdVlSnsUXDxdWN7X/gokdX9xzXEGjKmjO1tT2BVTM
;3ebijklC0tPPExQ5Nf0D0EGIB6uBWfr/41aJQyofEg2ZoyKOSUMcVkKQlvn0PQJOQchHq4FZ+vGzZo3
;Hqh8Pyh/mbASPhRjTidyUufF4hg1fiAfrgVn68bNWncMuHw/X2GApSgVD3tcMF9i8tP0GCUHIR6uBWf
;rxvMaNxmofD8of5mwEj4UY04nckvuz+QQJFhNd8AFZuvGzVo3DIg8P08W6dU6IwtxdCFCSuTRzgooY1
;R2rgRn68bNWjck6HwuXxbpuiIwHktYPURY7cfOHC9gTHuuBGfrxs1aNzLofCxfFumiJDoeS1w0QVHex
;f0SNnVBass0Z+rGzVo3DKglf18F6dVNPRJkTgpaXO3PzhstaFdsz3EC2cbMWjcMqHw/Blbpw01Ke3tE
;L0hi8sv4GC1jf3LHawK0paIvWXiofT9fFunVTbpEFDlVLT3uzOsYHnRId8tpA7SpqzxEadx8Pl8W6dV
;NSntUK1otPYHU+A0kWFd/wmk4mLaoP1MMqXw/Xxbp1QQKewcrVS1c4sD0ESR1QWrHagm0o6M7VWDNfD
;1fFvbVTUoad0gwQVjzwuUULml/eMd3FJ+ZoTtOadojWjF3i7koSnkUK0ktPYHC5xIoY393wHYCmbKSP
;VRjzBlgK0mKuiAnGnpPVS89gbGRfUF1RWrcZASfr6I0aG/HEV02eI7VT0t7JCtVLVz3zPgZHnNSf9hg
;C7SuojZSf/cMXit+trgsMiR4TjtKSen89xwic09s8WAJiqShPzcOqHwvXxbptygmD0tZNEtJ3sb/HCN
;rRR6sBWf7xs1aVWnECGAod4W5Ei8VdUk5SD2Do5FyQQcgfNxsA4yvoz1oacYdXTNz6ddMSmIUK1VPT+
;jH9hQvYH94z2s4mLaoP1NTzRJePXqM1U9Kew8rVS1f88r1GihpR0HIbB+OopI7WWvEGWA6eIi3IS97F
;itVOz2Bo/MPKGNHd8BiOJiuqDZbf/cZUT50hbBNSHsUMVUtPePR+BAeYlhqy3cJiqqSKV9pxBBMAHCA
;pz4+exYrVT89gaPzDyhqf3fAdg6Po5I/WW3KEFpfFOnVbkp7FEg6TE71yv8aHmJOf8xpArSvozxeYMQ
;jTDZ4jrkoFRd9RTAcPYOjkV5BByB9wWQUn6+jPWhpxh1dM3O2vCMsEnhHCl5U78T9GB5rSXDLN2fpxs
;1ONwyoH1AweoC7KhUddUUKRFPi0fQcMmIgHK8FfOvGzTlYY8QVUThJmackJA9nWzBIWd7Q/RI2Y09pw
;AVl6sbgWjcMyxNQM3+HshI6CX1FIV5N5Mb1IjJrT2nKahCFmawsWGXMI1AqYoynEjkTcUc5LT+Bo7B9
;QQdDccFpDoWhki1WZdwjTTp3ir0SJxJ6dDlMROTRzgkoakUerAVnz8bNWlNpxg9aAGWcpT0lCWB0NEF
;J5NH/HDVif3/AYguOmag0Vm7EGT9dFunITUp7cE47Xlje0OQNMWhSavFjC4SxvztDafcZUT50hbBNSH
;sUGFUtPeXG/w4kWFNr3nUImbKSM1lqwRBTAGOasBImEnpOJnJU7/z5FCZvf3rLaxSCsrQFUH7BGD9dF
;+n3TUp7cE47Xlje0OQNMWhSavFpBpKjvylobscISzB7trAjKxl4TlUvPYGEkX1BY0xu8WYPiquvP0VT
;2A5WMWKAuyoVD3FGJUhP4NfkDyRYRXDPZwuOxs9aNyeofD87epmKLiIaeUkwX2L1xvwNJHVBatt3ArS
;voylSftwjWDx5jbASLxV1STlIPYOjkV1BByB6wnU4jKWiPlJTzhVTOniIuCgVHXtZOExJ3sb/HCNrRR
;6sBWf8xs1aU2DYI1I6ZI6wEiULcUUKXljmzvQTNXQgHK8FcOvGzT5bfPcRWi1xjIoiPB5mRzRdYvHC4
;wkyByIfrhln68apNkdT2hlYNnmHtCEVHmxbOl5I88bOGC9mQnLLBWXqxtVaNwzMEE8AZIy4IjweS0kg
;T1/txs4YL2ZCcssFZevG5Fo3DMwQTwBlnKcrKxhxdCZEWeT85Rg5c1Vsy1oEhKqiKGhixw5SPnqAryg
;uexYrVQE9gaP1ETFYU2vcYwaIo5IpXmjNI0s6bp2gPy8kcEImTF/txs4SL1hPaMt3D4qoqlo1DahjP1
;8Wjbk9FQhhWTNMXuT84hQlYn9qy30TnrSoBVJiyR5TOhbr1E1pexQrMUFN3tDkDydmQ3vxdg6Po5IuU
;nTcCU06SYW8KiIPcVkKWE2BoZB9ZAcgHsppF7S1uChRbcsZYCx/jbASPh5sXyBfWN7M5AkybkR78WoJ
;h7/NWDcMtnw/X3KFpRI+HnlbMF9c9dbjGB5kSH/DZwKZmag0Vm7EGT9dF+nATUp7cVMhSE/vwv0iMm9
;FcsJ2OI2vvylDDKp9P0YW6dU+Lw9gQjtKYuTb5Q80Y0Vs8Tc4jqisOFtpqH4/XzPp1U0vA2BZIElY8/
;ziCihzQ3bxZgiEqqQ0UFPKGVkwZIyKPj0SYEg9LT+Bo7d9QQdFZtp3Eo+jvwVEe8EIXDdJiroiJhJ6T
;ApFWODX5A0eZkRoz2sEjsbPWjcsqHw/Om6dpzguHmZ0JlpU9cD5IiJoT3LHawC0r6M7VHjBClpfFOnV
;ZUp7FE4tWU/0x/QPHnRXd9pmD7SlojVbZcYbYC93m74SJxRiTgpIU+DB/RhBBSEeigVn66O1LkV5zBl
;NAGWevDkpE0tYIUJN3tT4DSRYV3/CaTifqbo/RQyqfD9oFunVKDIPZl4xSE/e0OYUNWRIQd1xCJuZuj
;NHafcLXjN6tqEiPR5mdDZCUu389RI2aX971nEVnqKoKDcOqXwwXxbpsywkJHZHPF1i5M3wHy1iIByuB
;XXrxs08VmL3H1AweoC7KhUeeko3QViBoZB9ZwcgHshkCbSlojVbZcYbYCh3gKESLBRmdDhCS+TO9BM1
;WEZ3wGwUg6OpWjUMqHc/XxaPtCMVHnpKN0FY5aOTfEEUIB6uYwaFqas8aGvLE1s6SYy7LCgXcStXLD2
;to5F9J25SbdpaC4q/qChoaMERWjFlgLojFQNtdDZCUPHG/w4gc0lxwFoChaevNlIMqnw/Rhbp1SsjCW
;dfCkFc+MbjIjJvRXLCdjiOqKw4W2mofj9fI+nVTSwSZlghclHg2vQPHnRPcsdhOIKoqzNbYPcZRytkn
;KYkJRVLXDxJSen84xw1bk9By2sGiaqoWjUMqFQ/XxaPvD85D0tHNFRY8/ziEi1uREHHawGCqqEFUWDH
;C00+YoyKKCQadkcwLT+Bo7R9QQdGd9x2E7SqrCNSfvcPUDN/jYokJB19RzlyTvHG9BkeYk5/zGkC68T
;NWiwMqHxZM3mepyw+HktZMF5Y9fz2Hi5jRUHLawaJqqhaNQ2oXT9fFo60PRUdfUc5clLvz+giNWhQQc
;xqE5+poAVEedoaXjxzmtVPSnsbK1UtWuDTzhsoa0xB3W0Ch6q+WjUNqGU/XxaOtD0VHX1HOXJO6M32E
;SRYRWbadxKYr6I0Nw6pfBJfFumyLDokckI5QWLyyv8aLWJ/e9ZxFZ61pDVZU8sTUi9zh6YsPhJ7RQpI
;U+DB/RhBBSAejwVn66GuNVNp9xlRO0mdoD8kFHJNCkNS+9n+ESRYSHvPcQ6Foc1YNgy0fD9fcYq6KS8
;kckI5SFPgzvQiJ2hSc89xOI6orDhbaah+P18O6dVNIh51XzxDWt7X+BAkWEN/wmY4jqisOFtpqH4/Xw
;zp1U0jFWdOJ1li6cbwCTR3f3nNagOOmag0Vm7EGT9dF+nATUp7fE40WUjx/PYeLmNFQdhkC4KirC5SD
;Kp9P0QW6dUkJB19RzlyDLGTzggyYn9twWkOj5mkNFFlxBA/XRbpw01Ke31FM0RR7fzwGSB3VHfYYDiO
;qKw4W2mofj9fMunVTSMVckI5QWLizP8eJGlUbMdmOJipoTNTU90PWgBxiKUSLBJ4R1UvPYG7kX1Bbk5
;4x2kLtKWiNFlpywhgOniNpSIjFWBYVS89ga+RfUFuTnjHaQu0oKQoRHiofj5fDOnVTSMVckI5QWLyy/
;QRLXR/a91gOIynvQVRZcQQP10W6fBNSnt9RTNEUe385A4kWEx3wGAUtK+jBV9lzxRgO3OHpiQ+AktMJ
;0RZgaGQfVIHIB7HaxOOtKE1VGfBElgAc4e0LyYeFClVLTOBo5EUM2hOd8BiOI6orDhbaah+P18H6dVN
;Iwl7RTxDWt7O/hMuc09wx2Zn6cbNSDcMqBZaLX22sSgmD3V0JV9U79f0D0EFIB6lBWfrrKgoXFPNEl4
;9eozVT0p7AytVLVfk0foiJ25SbdpaC4q/qChoacYdXTNz6ddNSmEUK1VLVPn8+RIzdUl8wmA4nrWoBV
;h8zRJgPX+dpk1IexQ3VS097cLoGDNYSHvHYg+fmaw+VnzcFUk6SYy7LCgXcStXLT2ao5F9LWZZe9xaF
;IOjoTZEU8cOWzpktro9PhJ5Qi9IPYOjkVJBByByz3wCmZm+LlZ+3CNPMH+HoRI5GHVZM3JX7sr/CR5m
;THLBcjiCqKM/RVPbFFozeunXTEpKFCtVQVz4xuMiMnNBbNpaF4Svoy5of8sdTTlJg7okJA9LSidCSO/
;Hzhgvc0lsy1oUg6OhNjcOqHwWXxbpuSwzHmZ0Jllc89fODS5uTmrxdgSKtKsFXWPBEksAdYa7KSMPfU
;Q7TFGBoZB9YwcgHsJkHo60kilDbdoIYC95gLs5FQhxSjhyWOXE9CIiYk5qy3dn6cbNeDcMqBBeJnObi
;j4+GmZfCl1S6M3lIjJiQXPxaAido5IzWXvJDltfFOnVbkp7FEc0VFjz/OIJIHVUQd5qDoWykilSbcUj
;UTBJhqMoOBN1RTJePYOikVRBByByz3wCmZm+LlZ+3CNPMH+HoRI5HnVGCkNS7/zhEi1+R3HAWhGOtLk
;/TwyqfD93FunVISsCcVkKXkng0eUiMWhJcNpaFI6noAVFacQdSzZgjIo9JQh9XzxCU4GhkX1yByAew2
;QTtKWiNFE99xpWM3eEsCM+JGdOIVlU78TiIi5xRWzcbAOOmb42Xm/NI0w6Yp28Iy0IFClVLQ6Bo5EQI
;HN/fcFrAdmZqzNbbcUZUStJmrA5PhJ6TCZyUvfG4w8oY0VB3WkOiKOSKVJ43BVROGXp101KWxQrVUtU
;+fz5EjN1SXzCYDiOvrk/WX/BCloAZZ28OSkTfUUyLT+Bo4x9QQdGd9ZaD4S0vzNVYM0jSjF/hrsSJQ1
;xWTlMTfHG9X1DByAIrgVnhqmpP1tT2A5aPH+asBIwJHxOPEpV9aOTfUEbIB6uaAiPr6szUn73D1c6eo
;WmEiceZkwwck3g0fQTNQciHq4LZ+vGozVDU9sdSTpJmqEsPh4UKVUtIIGjkRsof392wXcVgqShP2h5x
;hVQMUmIuSEVD21bMHJcgaGQfVMHIB7dbg6ZspI8WH7LGWA6eIi3IS97FitVIT2Bo+ISLW5EQcxqE5+p
;oFo1Dah1P18WmrohIx9LXzpdPYOikXdBByBpx3UCtLKiLVJ+qH4/Xwjp1U0lFXhSCkJT5PziFSRrTEH
;Bazifqb0FRHnaGl48c5rVT0p7AitVLVL3xuMVIGlHQd1tAoeqvgVSYskeUzoW69VNansUKzpbWPPL8B
;MmWFN2y2kLmJmrO1lT2wxaOnK2sCMrGXhOVS89gbuRfUFoVnvcdw6Po5I8XmDJEVoxYrawIysZeE5VL
;z2BupF9QWhWe9x3Do+jkjxeYMkRWjFitrAjKxl4TmctP4CjiX1BB1Bsy3YUnrSoBVZo3h1RPHO2sCMr
;GXhOZC0/gaOJfUEHUGzLdhSetKgFVmjeHVE8c7awIysZeE5nLT+Bo4J9QQdQbMdrE7SpvT9ZU9sZWDJ
;zh6E+SnkUK08tPYHT4xQvc39uz3cTmJm+P0Z5zRJcOkmGpykvCRQpVS0TgaORDTNuTmrLdziIqaM8aG
;nQCE0qcoynfBUYYVghQlDe0+MUL3NBfMJgOJmjqjNYYqh+P1846dVNOgl9RSFIT97A/hMnWEVm2ncSj
;6O/aGhv3Q9LMHu2pT8jFWBKN0FY3tH0GihoTh6sBWfyxs1aR37BEks6ZLa2IiQdS0Y0TlXozfQiI2JM
;aq4HZ+vrzVo3fNoVUStzm4ouJRVydDhMXunK/xgeZFVt2moKtLa/M1l4wRJYAGabvCI4EmBSVS89gYy
;RfUF3UnfAcQKZma41WWr3EV48foC7KBUYYVghQlDo2fQiNWhPcsZgBo+ZqDRWbsQZDl8U6dViSnsUWy
;dEU/XG4yIiaE548WgGiK6kNFJTywlMK3mEvDcvJGBEOkFV5ML1IiRpQXzCYFXrxM1aEgyofE8tf4ehK
;Dgkd0Q7S2LswvIVKGlFQcpkE4qZrjVZeM0SSwB3jbFNSHoUCVUtPfHR+BM1YlJBzWoJjZmgO1RkwRJa
;AHKIoSwVHX1HMHJc5ceRf0AHER6uBReZr6MuUn73H1AxcLa4LCkTfUUwclj51+MIJWJSQd1yDp+lpQV
;AbcEIYDdziKEkJBwUKVUtHYGjkQ0zbk5qy3c4iKmjPGhhyR9XNniMiisrFUtIOkNJ88z9fUMGIDauBW
;ebtKQ0Q2naI1wweI+KICsYfEI7SGLnyuMQNmZSe/F3Ap+0rDlDZccSP10W6fhNSntkWTxDSeTRzh4ua
;UZBw2QEg6+jP2hqwQ5SKHebsBI+EnlOCkhO9cr8HDVuT3CuB2fr7M1aN3zaFVErc5uKLiUVcnQ4TF7p
;yv8YHmBDccpgOI6ZoC9beMEMUyZJj7kiPXsWK1UFPYGj4Q8oaVR73FoEhKirBVptyxRWMXO2si4lH3F
;0IUVI7MH/HChrf3/KYWfpxs1HNwyoDE02eJ2wPxUYe0UzclDgwPkUL2J/dstkE7SkqD43Dql8H18W6a
;U/IxVgTidyXu7N9yIsZkN2x2sCtK+pP09T2wVMK3OE1U9Kez0rVS1N88r/CSR1f33BawG0q6w5X2XGG
;WAwe4ChEjgafVgwWVL0wPkiImhEe64HZ+vkzVo3fNoVUStzm4ouJRVydDhMXunK/xgeaFJ3yWwJtKWo
;NENp2nw9XxbN1U1KC2ZCO1lY8/zyEi9hf3PPZg+CqKgFR37HEU8rSZymKBUJdU0hLT+Bo6Z9QQdQbMd
;rE460kjlYYs4jUj51gbwjLyRkWTpATfX85A4kWFJ/yHE4j7O9Nl5vyQhWMHi2uCQ4CXtZVS89gYSRfU
;F3UnfAcQKZma41WWr3EV48foC7KBUJcUc0WVT3xs4YOXNSa91sCIXGz1o3PKh8Py9kgLs5LwlLSDpDW
;97O8B4pbk578XcCmKO5BVJTxBlROGKBiiErAnFZCk5V4M32GEEFIB6BBWfrtr8zWXjNDmA8eYezEica
;d0M8Q1je1fARKGNBastaF5mvoy5eYs8jTy1/hqckPgIUKVQtMoGjkQ8gYVRBxWACm5mlNVtp23w9Xxb
;91U1KCXVNIXJS98bjDyhjRUHLawaJqqhaNQyoaj9fFpu0Kz4kZ14nS1zixs4QLmlPasFrDojGz1o3Ea
;h8Pzl/kYolJQlmQjdBWN7W/xQuaX9/wmk4n7+9P2huqH4/Xz7p1U04HmBZNE5J6Mz/IiBxT3fKWhKFq
;Kg5Un/bHU0mSYC7EjkOZFs6X0mwo5N9QS8gHq53Ap+0rDlDZccSYD5ghrwpFQ56RTBOWPLQ8A84WElw
;8XYSm7aiKEM+qH4/Xw3p1U04HmBZNE5J6Mz/IiVuU3/MaQK0p7kFRHjJDktfFOnVWEp7FFkwWU/gwOU
;ULml/cMFxOIKovjNTaah+P18B6dVNOB5gWTROSejM/yIlclJ3wGI4nK+9PwYMqnw/SBbp1T8vD2ZKNl
;lU7s3OGTR1SXDJWhCCtqhoNw6ofC5fFumnKD4JdUghRFLv/PQTIGVMe64HZuvVzVo3fs0ITT51nbwiJ
;CRxRTRPUeT8o31DBiA6rgVnmaO5KFZv3BVQMUmMuywoF3F0N0hb7tH0Ii5yVHvcWhSDo6E2Nw6pfClf
;FumnKD4JdUghRFLv/P0cOGJSfcZkCYyjzVg2DLF8P19kjKE/KxhgQjpDYuTN8B8tYn9x23EUgqKoWjU
;MqGc/XxabsDk4GndfPEJT3tn5EjFYT3DCfDiYqaEzUz2ofj9fDenVTTgeYFk0TknozP8iO29PbvFqCY
;e/kilYYMEYDV8U6dVWSnsUWD5ET/X89AU1YlJwz2k4mK6oNlt/9xpWLWWd1U9KewArVS1O7dDOHC9pR
;X/CbAmMmag0Vm7EGT9dF+n0TUp7Z0cmcl7uzeUSNHV/f8JxApmorC5ees0jWzZkjLY5IxR6K1ctPaGj
;kX0ya1NBzWoIh6+jPWhuzRhgK3OEpSg4GmBeJ0hi9sL4CUEFIB6cBWfrtaEpaG/HE1M2eI6KLjMXfUU
;xSE/ez/4KJHV/dstkE460ki5SYdgZTT5inKcoFQx1QiEtP4Gjo31BB1Ny3VoEhKmhM1lr9x9GM3+HsS
;g4JGFbJUhP3sv0HDViUkHaYAqbo787Q3naGWAod4ChTUh7FAZVLT3yz+IiImhPcsdrALSqqDxDU84ZW
;jtJgbAsPh5mdCFIUPHG4xw1clJ78XIGgrLNWDcMgnw/X2WFphIpFHtHPENa3tP4DjVoTkHGYAafo78F
;Q2nFDFotd52gPy8kY0o8WT2Do5FTQQcgbcJ2OIipojZeYs8jTTZxgaESLB5xTwpFWODX9A8ec0Vz3mA
;VirK4KFJT3x1WKxbr1U1ZexQrJkFO3sTwDR5hSXLCWgKFp682UgyqfD9/FunVPiYIS0w2Qlnk/PcULW
;JOf8NgOI2pvzdWePcZUT50hbBNSHsUMVUtPfLP4iIoaUZ3wmk4jKe9BVFlxBBgOniItyEvexYrVRk9g
;aPiETJYSXDIbAuHmaAvW3jBDFM6SZq2LCQVfUUycl7u1v8JHmZMast3CYqypCxSU8kSWDNz6ddMSmwU
;K1VeUfL8/BgzYEVBwXUChZm+P1BhzRJLLBbr1E1dexQrJkFO3s70DyZif3HYYBWHp70FR23aCExfFOj
;VaUp7FFg5XmLvyuUPLmBFcPF1FYSyqDlDZccSYC95mqESKRR7RzxDWoGhkX1fByAe3WkUtKm7P0V/wR
;JLOmSAuyoVGHtGJUhT8sLlFC5pIByuBUTrxs0pW3/3DE06foy0OSMVc3Q3SFne1/QQMWJSf9pwFY6Zu
;jteeKh+Pl8j6dVNORdndCVfWOnG8AkoaUdBzXwLgqipP0VTxBNIOmS2vSgrD3FZCllY7NP0DyBzVWzL
;WhCKr7laNQyoST9fFpq5PhULZk49SFz1yv8aHmRZcsdrA460ki9HfM0OYDdziKEoOCRgTjhdWPPC5Qg
;zYn9pz2wT68TNWgcMqHxMM2W2pT8vE3FKIURT5vz9GCdzf3jLYAO0rqg7Q2naI0s6e5mwPysPYVkwck
;rgyuV9QwcgM64FZ5iqvgVHfs0UWj5igLsqFQt9WCFCU97L9Bw1YlJB2mAKm6O/O0N52hlgKHeAoU1Ie
;xQaVS098s/iIjF1RXbLZBOCqKoFRWXPFEsAcIywKRUTcUohSE/e1/QQMWJSf9pwFY6ZujteeKh+P18N
;6dVNORdndCVfVO/XzgkgdEtBwmQFjqqSP1ltyhBaXxTo1WxKexRYOV5i8dH4EzVuTnnxZwKPmbk/Wnz
;NDl4rY5uwEj0afV9VLzyBkJF9QXRMbfF1FYKouTNZa/cfRjN/h7EoOCR4RCJIT97L9Bw1YlJB2mAKm6
;O/O0N52hlgKHeAoU1IexQYVS098s/iIjF1SXDabAmMma4jW2XGGFotSZylPS8JS0MwTEnk0c4JJGpQe
;9xkE560qAVAbcEIP10W6ftNSntnRyZyTfPK/wkoaUdBwmABn5mrP1Jo9xRaPmKMpxI+HnlbMF9c9dbj
;GB5wQXfaBWXrxuZaNwzbEEwAZpu8Iz4SekwKXVTy1/4THm9Ff9pgFbSyqDdHadodSypkjIo6KxJgK1c
;tPa6jkX0ya1NB3ncOhbKkNFBT2hVYN2K2sygvH0tDMExJ5NHOCSRqUHvcZBOetKgFQG3BCD9dFunNTU
;p7Z0cmck/uys4PJGBJccBaFIinowVbbdsIP10W6cRNSntnRyZyTunK9BElWEVwz2cLjsbPWzclqHw/L
;Hqaij4/CXJKNkhi8sr1GB5zRWbacBWOma41W2PaI1EwZIS0ISMBcU9VLz2BvJF9QXRMbfF2EpmgrDlS
;U9sVWzpJnbA1Pg5mTgpIU+DB/RhBBSEejQVn67WhKWh/3Q5ZPnWMij4jH3F0IUhF9dbjGB5rSXnGcQK
;ZmbgqNw6pfBpfFummITkkZ14nS1zixs4OKGNFQdpgH5+zvz9oY90ITDZyjIoiJBdtK1ctPaCjkX0ya1
;NB2m0CmausNmhpxh9TMGWcpygVGXVYMHJY78LzESQHIh6uJGfrxr42RFPcFFYxSZ60ISYkcEQgT1Hk/
;P0UL2JTQctrBomqqFo1DKhMP18WmrgsJhdLSidIXN7Q/hEoY393wGMOh6qSPFtj3yNcMHuZsCM5GmBC
;OkNi5M3wHy1iIByuBXLrxs0pWm3EEGA5c4ihODgeZ3QwQ1zjz/R9QwcgPK4FZ5irrDZbU84ZXitjm7A
;+FRJ6TTxBUd7R8AkoaH97wGQFh6PNWDcMjnw/X2WGuSQuJHJCOUFi6M3/GDNYQmzHYQCCqKoFVm7HCl
;oAZZm0PzkeFClVLSCBo5EOLmtJevFsCY2voTZobscISzB7trgiJBRgRDtEXoGhkX1oByAe3WoLgqKSM
;1lqwRBTAHiIpz8lDEtZMEpU7s3OCDJif33BawSOqLkoXm+ofj9fDOnVTTkUeEIxclTvxfgRLVhUcd5a
;CoSooi5YYsEfP10W6cxNSntnRDlEWd7K/xsoa0xB23YCtKGsKmhqwRBTXxTo1URKexRYJURP4M/4ByQ
;HIh6uG2frxr4qXn7JEGAyeY2wEjoaYEMKRFP1xuMNLmtBasdqCevEzFogDKh8TCpmmbo/PiR1TzRdSe
;jV9CIkaUF8wmBn6cbNVDcMqA9KL2aGpzkVHnpKN0FYgaGQfVQHIB7dcBebqb8uaGnGGlAtdYynEiUVe
;FJVLz2BjpF9QXRVbt5qFZ+ZpDRRZcQQYCpljIohIxVxWApEU97L+BopWER7wHYOn7+SPUVlzHw9Xhbw
;1U1KCGFbJUJP9fz8EiVuRnfLdziMo6M/RW3cGT9dFunyTUp7Z14lXVLz184PJGRSe89xArSnqy5Sfvc
;RUDt/j7woOCR2RDpBWODNkX9BBz4ergUUnra9NUV49w9SPnqFiismFHVfMEli58bwCTR1RW2uB2fr3s
;1aN3/dDE8wZJ2KIS8af1IKTlLvzfQeNW5PcK4HZ+vVzVo3f90OWT51jIogJR9xdDBDXOPP9H1DByA7r
;gVnmLO/PFZvzSNMNnKMijkvA2BeJ0hi4sz9EjNYTnHcaAaHr7c/UwyqfD9EFunVPj8Jcko2SGLyyvUY
;HnNFZtpwFY6ZqDRWbsQZP10X6cpNSntnXidLXOLGzg4oY0VB2mAfn7O/P2hgwRtXK3Obijg6exYqVQw
;9gaPiCDNhQX3LWhSCoqgFQ2nQCEotc7a6OD4IfU8wclLvz+h9QwcgBa4FZ5izvzxWb80jTDB6gLESPh
;RkdDhCU+7X/hMoZCAcrgVG68bNLlJh2BlNPmKcpygVGXtfIUJQ3tDkDydmQ3vxYAmKpKE/Nw6ofChfF
;umhKCcLcVk0WUjzxs4RKHRUQctrBomqqFo1DKhwP18WmqU4OAhLTjtMX+3GkX9BBz4ergURhKq4N1J4
;2hVcAGWZsCguJGdGOkJJ6fz0EyBlTHuuB2fr181aN2nGHV0zc7aiJDoeS186Wljzo5N9QScgHq5yDpu
;jki5Ye80OYDl/kbApFQt7WDxZVO7NzhgvZkJyywVl68boWjcM3xVPOkmdujovCUtHOkJN8vz0HCJvf3
;vWcRWeoqgoaGnGHV0zc+nXTUpwFCtVQlL7xs4OKW5FcsoFZerG7lo3DN8VTzpJnrQhJiRyRCdOWOX88
;wQedElwyWkCtKO1LkV5zBlNXxTp1URKexRJJ0RQ3tfoDSQHIxuuBWeks7k/RQylfD9fdYihKC0UZlIK
;Q1zsxpF+cAcgHv53DoWyqCgGU+kyegtJqO0SGhdhWAp/bciQzi4KVRJB52ECiqusMVJ+9yxNMHCAuSh
;KahQrVU5c9cb2EjN+f3DPaAK0rqgiNw9sfD9fJtngfXpLIxllHQu4k6FLBDcQKZo1V93z/WoAPphMDG
;4m2eALeksgGmUdCcSToUl0NxArmjVX3oD9agM9mEwMZybZ4At6SyEbZR0LwpOhSnQ3ECmdNVfegP1qA
;j6YTApvJtnhdHpLJxhlHQjHk6FIcjcQKuw1V970/WoEPphMChkm2eF0eksiH2UdC7SToUtwNxAo6jVX
;3ff9agFOmEwJaibZ4n96SyFtZR0IsZOhSnM3ECjoNVfd8P1qATWYTAkcJtnjeEpnFCtVXkjx0/4PNVh
;Ee8B2ArSiuDtbU80ESy1jmrwiJHsXJ1UtPcDP/V0kf1Rs22ECmcbrWjcMzBlRLHO2pjg6C3tZIXJU78
;X4ES1YT2vaaQ6Fo74FUnTcDko7c5vVTkZ7FCsUQVGhxukJM3JEe9wFdevGzSlCfNgTTStJjbAjOR5LX
;yxdWIGglH1BB2x3wGAU6+jNWjdoxAxgPXeasBImGm1OJ3Jc59f0Dx5iWG7BdhKZo5IpUnzJDl4rf4a7
;Ei0Ye08wLT6Bo5F9QTUgHq5hC5uZrztEafcQXiZzm4osLA9xWQpIRfHM4ggzYn9ty3UGmae5M1hi9xt
;cMHKMij04HhQoVS09gaO+fUEHRHLeWgWKtagFW23RGU0AdIyzIjgeS04tXVLy1uMYHnRFbs93Bp+voj
;Roa8sTWzoW6tVNSnsUGFUtPeXP4SIjZlN78WkGkqO/BVVpzhNNOkmMrT0lCGFZMHJO5NPwDyBzSXHAW
;gCIqak/aHzaGT9cFunVTUpQFCtVSVHx/PMcMmJ/cs98ApmZuCpHadojTzB/h6ESOR5kSidMSejM/yIm
;ZE96ywVk68bNWjcjqHw/O3qZii8rCHF0OUxE5NHOCDF3RWzxdQiCqLkFRGnYHU0+YoC6IxUcd0QxSGL
;x0fR9QgcgHq4FauvGzT5bfPcbXDByjIooJB8UKFUtPYGji31BB0Ry3loAiKmpP2hp0AhaLXiIuRIpFH
;lGNENZgaCRfUEHIAeuBWePqr0FUG/HGFoAcIC5KCQaeU4KS1LzzvAJQQRGHq4FHIyloj5SU84VUzp4i
;LgoFQx9Xz1CSPX89AU1en9lw2QEg6+jP2h40QxaAHeLtz8vDX1KIURS797OBixmVHvcbAaHmaM7Wmn3
;HV09ZIyjJCsPfUQ7UGL6z/AEJHV/dstsAIOysDdaDL58P19yhaUSLRh7TzByUeDa9A8eZEh/wGIC68X
;NWjcMqGk/XxaNuT0VHHdEMUhi8cziCTF1T33LdhTrxc1aNwyocz9fFo25PRUcd0QxSGLy1/APNQcjHq
;4FZ+vfzVo3aMQMYDdziKESKQ5mQjtKYvXK/Bgea0lt2gVk68bNWjcRqHw/O3qZiiQkFXFZCk5S79f+C
;DNYT3jIdgKfmaEzRHiofz9fFunVfUp7FE85XWLsyvUZLWJ/cs98ApmZrDxDadojWidmhqY4OB5LWDBd
;XPPC5RQuaX95zWoDjsbOWjcMqHwLXxbpsSE6JHlCMUlR5Pz9HDhiUkHPYxOOtJI/T3zHD0otc7amKDo
;aZkohRFLv/PYeLmNFQd53AuvFzVo3DKhNP18Wjbk9FRZ9TzFBWN7P8AQkdX98y2MImaOSP098xw9KLX
;O2pig6GmZKIURS7/z2Hi5jRR6tBWfrxs1vNwyoGFMvSYS8KS4XcXQ5TETk0c4fJGFPbMtaApO2oilCf
;s0jTDpmiKcsPhJ7RQpKXu7H9CIxdUUerQVn68bNdzcMqBhTL0mEvCkuF3F0OUxE5NHOCDF3RWzxdQiC
;qLkFRGnYHU0+YoC6IxUcd0QxSD2Co5F9QQcRHq4FA4e2kjdeaMwQWgB6iKwoOCRhWyVIT97T/hQvc39
;ty3UGmae5M1hi9xtcMHKMij04HhQoVS09gaOhfUEHRHLeWgmEtKA7W1PEHUY6ZLa0Kz4eZnQwVU3u0O
;QPJFhTe95kFYqypDVZU88fUDtz6dZNSnsUK2EtPYHH/Q0eaU9sw2QLtKqsI1J+9x1ZK3ObiigyC3tYI
;F9Y3tD0DSB1QWrHagm0oa41U2n3DE06FurVTUp7FBpVLT3lz+EiL2hSc89pOIentD9FU8oZWTBkjIoo
;Mgt7WCBfWN7Q9A0gdUFqx2oJtKGuNVNpqH8/Xxbp1XhKexRPOV1i78zjECBrf3LPfAKZma8/UWPaGWA
;6bpm6Pj8JcXQmSE3g0fAJKGhOQclmCI+jkipFaah/P18W6dVgSnsUTzldYu/M4xAga39yz3wCmZm4Kk
;dp2iNPMH+HoRI5HmRKJ0xJ6Mz/IiZkT3rLBWTrxs1aNz2ofD87epmKIyUJeUo5clHg2vQPHnJQbst3O
;JuppDRDU9sZTz5kiKEkJRVLTDZCWeT84Q8kByMergVn69HNWjdoxAxgKmC2tjg4EnpMCllU7MbOESh0
;VB6tBWfrxs1GNwyoGFMvSZ60PiISekwKSU/4yv8aHnNJc8taC4K1uVo0DKh8P18D6dVNLhdkdCJMTun
;K/xoec0lzy1oLgrW5WjQMqHw/Xwnp1U0vA2BOJ0Nc7fzyEi5rSXDJWgGKqJIpR2nNGGAzf5qhTUl7FC
;tVLTOBo5EbIGl/bd5gAo+ZoTNEeKh/LV8W6eR2ekAmEGcdBrSYokh6PxsrngV268bNPF5gyRFaMWK2o
;TQ6HktYIV89gqmRfUFXbF+ONEnc86A3Nx6ofD85f4W0IC8VYHQhVE3k/OIJMzUgHaQFZ+uWgRsXPYZL
;CjJ76fVNSntyQideSd7P8AQkdX9twWkOj5mkNFFlxBBgL3edoSg4FRQoUC09ge/4EyR0IBeuBWeOqKl
;0UG/HGFpfFfHUTUo2JRthDW6xg6oYOXNSa8pgFcuuqDtDadpcUDlw45h8fks0eGUNBunG8AkkYwB8y2
;FHg6OsLlJ+iBNZOTbBvCtqAntedUVc98axFDUuKlmXNEfQtKg2VnjBClp/ZoamJD4Se0U8QlOL5KBdB
;CoRPug2V9vm7WFFadwOXjxiyaElL1tyQjlMUOTN5V0gJ0J32iUFjqCiKFIsxBVZK3+Hsm0+E3ELO0JH
;+8/0UWFzTz7cYAuOp74/F3/HEVp/eY/1OSIeNFsnSE7y1uMYS0ARPvQuVtvmiHcCLO5FD28mye4gJQ1
;xCw8NSPGD8BMlJ1J72ncGiLLtPF5gyRFaMWLJsDsvFTRGOl9Yi+6pSWE8U2rLdReOtL56WGrOfDVfFu
;mwIy5JOkw2Qlnko5L4QQcgU5w3VsuS/XpkPZhMNRIk2+RtHko0eGQdDYvuoE11J3QujlZX4Yv8agMs/
;E0fDCbjmHx+SzR4ZSdwsJOmdwY+ERTpNEeu6/x6cT+YTDUYJ8mPZnpVIQsQAAih+7xPcSd5M5w1R629
;uShWes0QYCxmjLApN3FTGW0NZbGDyE1LShgqpEJe28bbWjcMzx9QO3O2sDU+HmZFNEFi4sz8ECBpRB6
;tBWfrxs1PNwyoGUcrZJyxKDgkZ1w8WV7pjfYeLmNFHq0FZ+vGzU83DKgbXDByjIorIxdxRTRAWN7F/g
;8sZlQerWJn68a2PVRjzBlgOX+FsCMrFnF0IkRJ6czkCR5iWGrTWhyGp64yXmLNI0smZoyKLCgZZk4jR
;Fz1yv4TPFhbeMdpBoajoy5oYskRWgB3i7c/Lw19SiFEUu+S7CI6a0Fny3c4g6OkPV941RFSXwTp1U0m
;Gm1OJ3Je6cL/GiQpR33BYQLrxc1aNwyobT9fFo62Ii4eS1s6Xknx0f4eJHRTHq0FZ+vGzUo3DKgbXDB
;yjIo/LwtxXzxZVO7NkX5rByAelXcCm6O5M0NlxxIfOHWGsShAPC0ZdWgNi5jjGDFiVHfabAiF5qo5WG
;jNfC9fFumnKD4JdUghRFLvjfYeLmNFHq0FZ+vGzVE3DKgPSz5knfsqKRRwTlUuy4CjkTpzNgAlw2ATm
;a+uekFtxAlaLByu7H1qQHVJJkJR9Nf0XTFoU3fabAiFr6M9PUGQTh9kZYyhbS8DYFkgSVjzg+USYWZC
;bcFpEp+j7TdYaM12cm4m3vV2OQ91WSENSujX+V01b0U+yGQJy6mrPD1LmkQfBybJjH1qQHlEI0gd2Yz
;IXTVoAHPHa0eOqKkpQ2PYDzUYJNH1F3pbL0Y6W1ih+bEJLidNd8AlAoWivi5YfNt2eG42s+R4ZEs0bW
;wdDbGDqhAucUU+2m0Cy7ahO0Nqxw5Sf3KGoiNqSiFGOCc3xpqjXQQ3ACXUYBWE5rkyUizNBEstY42wK
;WoXcUUyWVWLqdZNYV8ULY5cVdzmi2gHPJhcH2RxhvU5JVtgQzANWOXE9F0uYQBqxmBHiaOpej1LkU4f
;BybJjH1qPiQLbl5Y9YPrGDNoAGrBJQKPoah6WGqICFc6NouwKUA8JAsTFA2xk7EncCcbRI5wF8uxpC5
;fLJkRUlVR2PULeEskCw8dHbr5sRUuakU+3WkInKq0UD1LmVxlbiPH5W0MQiQbZQ0G7MznGGFzSHuOdQ
;uKsqs1RWGIGFAoeMnkeCcWHiESHB3HmqFNcScbbd5gAo/mvj9DeMESWFVR0OdtD1YnC25fWPXR8B41b
;k9wpEhW2vHtCkVlxghWMXHH+2NKdxQrVV5J4NHlT29gQ3HKYGfods1aN0uaTTUYL9nfAHJJHmZkHQqL
;5KNFYV8QPvc1baz09XptPKI7Dn9M2OBjeltSGGUdN9WSmzp4NQBbng8g2uaLaAc8iDkObxyu7H9qPiQ
;hEhwdx5GhTWFCDWXcYBOZp64uXmPGI1sqd4WKLCcUYUUhUDfVk5s6eDUAW54PINrmi2gHPIg5Dm8cru
;x/aj4kIRIcHcfY5Q8gcUVy8XYXjqOpJz1BmU0If0abvCM+EnpMewMTgamRfUFgQ3HKYDifv70/Nw+uf
;D9fRIylHysLFDpVLT3ozfcULWt/f8BiC46ZoTNEeKh/OV8W6eF4cUonHlU4PYGj+BMnbkxy8WESiqqS
;P0942glMNnmH1U5GexQrFEFRocbpCTNyRHvcBWnrxs0zWWrBEFMAZoihOS8JeitWKT2Bo9YPKGMgEa4
;FZ4K0ojReYs8jTz5inbA/JHsXIFUtPdPG8gkoa0lwy2QV69vNWjdgyQVaLUmaoSw4D0tbOkRT9fziHi
;B1RkHEag6Fss1ZNAyofH4zeunITUp7eEosSE/e0OUcM3N/bsFsCZ+Zvj9WYfcfUC14jKdNSXUUK1V/W
;OfP9AUOdWNxwHMCk8bVWjcMxR1LAHWGuyt7JHJCOUxQ5M3lIiN1QXDKBWTsxs1aZW3BD1psUunKTUp7
;eUohcl7uzfdMHmFJcs9oAoWykj5ef9gQXiZJh7QgL3sXN1UtPdrx8BQyYhNa8yU3maOgM0JhiCxzHjb
;Y+3p/FnkrSS09gc7wCR5kT3DINDiNr6E7WmnGCGA4dYaxKBUeek9VLj2Bo5F9XwcgHsNkE7SlojRRPf
;caVjN3hLAjPiRzSDpJWN7Q5RwzcyAdrgVn68baWjcMxR1LAHWGuyt7JHJCOUxQ5M3lIi9mTXuuBm3rx
;s0Ke02ITRFoI4S4TW57FCs4TEnewP4TJzZ/eMdpBoajoy5oYskRWgB3i7c/Lw19SiFEUu+jkn5BByBO
;4kRn88bNWlpt3CNcMHiP5BIsEnhKOEhT9fz/EjViUx6tBWfrxs1HNwyoEV4rSYq6IyxKS008QVzsxv8
;JHndSd81gOJ6opC43D6p8P19djtVQSnsURjRZYuLM/xtwWEZ3wmQKjqi5BURp3AhWMXG2vClKeDArVS
;0Pt8XwTSI/FDPKM1CJ6/lqUTmFRAxoIsS0eHodLRJjHgW5kaB9awcgHsNkE7SlojRRPfcaVjN3hLAjP
;iRnTiFZVO/E4iInbkx/w2AJn5mvKFZizHw8WBbp1R8rEmdOZmk9sKORfSxmVEHNagmN95I8XmDJEVox
;YramKD4PfUUyXmLnyv0cLGJOavFhDpi2oTtOU8YdUjoW6slNSntPeTRETuSQ1SBhV1J7w2wShuadFnY
;smVIIanuE1WNKexRGNFli4sz/G3BYRnfCZAqOqLkFRGncCFYxcZqKKyMXdUYwQ0nexfgRJFhOf8NgZ+
;jMzVo3XOQ9H2443uAgJ3s6K1UtUODXzh4uaUYv8WMOh6egP1l49w9aK2KAuyo5JHJCOUxQ5M3lIiZkT
;3rLWgKFos1ZNwyofD9vFunVICsPS0g6Q1uw/PcULWZNe8BxOJijuS5eYs8PYDl/hbQgLxVgdDJOUuXG
;zg41ZlJqrgZn68bNWhAMqHxSPmK2tiIkHSV0M0RR4M70EzVYU3vacQ6Fob4FUWXEHVI6eJ2KJC57Fw9
;VLT2zlfcccWQYKoNhUdyk4G4Hap1RB2wh3fgsf0tyEmwbDrmbo0xBLiAermgGn5muNVlqmSNZNnqIuC
;gkD0tYMFlJ6M32Dh5hSXLPaAKFspI0VmHNfDxVFunVHQY6NBp7GgjszpFLQQcgc89xOIipozwGU84VU
;z57jLs5FQhxXyFEU+bQzhsoa0Fzy2sTtKisN1JTyR5dLXOfvCw+EntFVS4+gaORLQ1GIDSuBWeGp7kF
;VGPGGg4AcIC5LCceel8KXlj11/gTJnR/eMdpBoajoy5oYscIWiwW6tVNSnsUNlUtPezC5SIiaE54n1o
;BgqqsN1Ji3CNLOnWBuyImFHNSVS41gaOROyhrQXPLaxPr3s1aN2HJCGA8eYezfxUdfUc0QFjv184fM2
;ZOeq4GYOvGzQhWZdsZDBsW9tVNShZ1XwpOUu/FoyInbkx/w2AJn5mpM0R8xB1GAHiIuChKeAgrVS1m0
;8L4DiQ0ZEOOVRWOq6QvWiz4MH5/J8fieCcWFDdVLT3swuUiImhOeJxaAYKqrDdSYtwjWDx5jbASLxVw
;K1YtPYGjkWNBByBzz3E4iKmjPAVTzhVTPnuMuzkVHHdEMUhi8tfwDzUHIx6uBWfr0c1aN2HJCGA8eYe
;zfxUdfUc0QFjv184TIGpFHq0PZ+vGnRZ2LJlSCGp7hNVpSnsURjRZYuLM/xtzWEZ3wmQKjqi5BVltxR
;lgPnSLpyg8EnVfPEJTgaCSfUEHcFLvBX/rxs03Vnj3H1AxcNuKKyMXdUYwQ0nezf4JJHQgHa4FZ+vG0
;Fo3DMUdSwB1hrsreCRyQjlMUOTN5SIxdUl9y1oSha+5WjQOqHw/FHHpyE1Ke3lKIXJe7s33Tx5hSXLP
;aAKFspIpUnjcFVE4SYCxTUlfFCtVHwvnwqEeeTMNepgyBcby/TwCIZBPCGs7iOB9LEItHWYVBbOSkVd
;BByBzz3E4iKmjPAVTzhVTPnuMuzkVCHFfIURT5tDOGyhrQXPLaxO0pL87WWiofzhfFumHLCMIcRgRLQ
;yBo5EQIHN/fcFrAdmZqzNbbcUZUStJmrA5PhJ6TCZyW+jP8BAkaVRBymwUm6qsI2hiyRFaXxX11U1KI
;EZKPF5YsufMXRF1RXPHcArLloEbFz2GSwoye+n7TUp7eUohcl7uzfdPHmFJcs9oAoWykilSeNwVUThl
;trMkJhp5TjtZYufK/RgeaUFzywVk4cbNWmdA6VwOcSHcuCBKVRQrVUBc9fzyEi9hEkHIbAuKq6g0Q1P
;bGUsrf4eyPhUdfUc0QFjv184aImhEe/FgCY/Gzlo3DKh8D18W6bgsPiR3RDtLD97F+BEgakVw2loUjr
;K5M1lr2yNZNnqIuCgkD0tMNkJZ5PziCSB1VB6tBWfrxs19NwyoEV4rSYq6IyxJS008QVzsxv8JHnRFa
;tpsCYy1kjxeYMkRWjFitrwpSngwK1UtD7fF8E0iPxQzyjNQiev5alE5hUQMaCLEtHh6HS0SYx4FuZGg
;fWgHIB7DZBO0paI0UT73GlYzd4SwIz4kZ04hWVTvxOIiJ25Mf8NgCZ+Zoztaaah/NV8W6YUBC1slBWI
;YUOyjp31BB01/2loEhKiraGhqwRBeMnOHoRI5HmBfPENa8vz3FC1mTXvAcTiFp6A/aG3KHk06YIC0OS
;MUeitWLj2Bo8ExAAcKHq4FCoqykjlYYs5OYDl/hbQgLxVgdCZISfXK/xoyWEZ3wmQKjqi5BVlj3BlMX
;xXp1U1KewkrVS1Q4NfOHi5pRizxYw6Hp6A/WXj3CFo8foe6ISUcbStWJT2Bo9cULWZNe8BxZ/rGzVpH
;YMkIWTBkhIosLhNxWDxCU4GglX1BB3J/yHFn8cbNWlh6zQ5XPniOij4iHnhHJnJO8cb0GR5rSW3aBWT
;rxs1aNx2ofD8vd5ymKBUTcUIyRUnez/gONQcjHq4FZ+vXzVo3fMQdSzl5m7gSKx9wQiFEUu+jknlBBy
;BQwWsC69DNWjd82hlMLGObsBIrH2JKO05Y3tfoDSQ2IB2rBWfrgKQiUmioaj9fFpmnKDkIYVkwclzl1
;fATImJ/atd1AtnGzl83DKg6VidzjdVvSnsUWydEU/XG4yIiaE548WgGiK6kNFJTyRFgK3OKvSMlF3tM
;LC0+gqORfQdBZh6DBWfrtr8zWXjNDmA8eYezEicad0M8Q1jewOQONWhNd9RgOJ+pojZfackYYDF3hLB
;8SngWK1UtabGjvH1BB1Bsx2sTjrSSOVhiziNSPnWBvCMvJHdeJllS7MrrGB5zT3HCbQKKopI0VmHNTj
;9cFOnVTR5KFA9VLT3x0fgTNWJSQc1qCY2ZoDtUZMESWgBwgLksJx56XwpDXOzGzkxBBCoergU3p4fta
;xk7nRFSXzLp1U06CX1FIUhP3sD+EydYTX/NbQ6Fo5I8XmDJEVoxYra7LCceSxlVLjeBo5EtDUYAL4Ay
;UoarzXg3DKgMTTZ4nbA/FRh7RTNyUODA+RQvYn94x3cKnKe/P2h40QxaXxXu1U1KMHhCJV1Y86OOfUE
;HUGzHaxOOtJI5WGLOI1I+dYG8Iy8keRplHQzewP4ZJAcjHq4FZ+vZzVo3fNoVUStzm4ouJRVydDhMXu
;nK/xgeahEunjc4iKmpPzcPqHw/Xxb21U1KC2ZCO1lY8/zyEi9hf3PPZg+CqKgFWj6YTA8AdYaxKEp4F
;CtVLT2go5F9MXVJcNpgFbSlojRRU8UdXDd/h7ASJRhgRApMWeXR9A4yByMergVn6+bNWjd82hVRK3Ob
;ii4lFXJ0OExe6cr/GB5oQ2rBWgabr6Y/TgyrfD9fFun5TUp7ZFk8Q0nk0c4eLmlGQcNkBIOvoz9oY8s
;IUAB6iKY5FQ5kRzpMWd7F/hElYlIerQVn68bNfzcMqAxNNnidsD8VGHtFM3JQ4MD5FC9if2zLdQKfr6
;goaG3MGE06ZZrVTkp7FCtVCT2Bo+EPKGlUe9xaBISoqwVabcsUVjFztqcoOh5gQjBfYuDT+BYkfiAdr
;gVn68blWjcM2A5WMWKMpxIpFHpNCkBc4sv4EyRYUnveYBOCo78FW23bCGA4ZIagPUp4FCtVLT2ro5F9
;MXVJcNpgFbSlojRRU8UdXDd/h7ASOB5kTiFEWPP84Q8oaVR73FoJiquoWjQMqHw/Xwnp1U06CX1FIUh
;P3sD+EydYTX/NbQ6Fo5IpUnjcFVE4SYCxTUlfFCtVTgXnm/BJIzMNKZoyBsbyrz5SIZBJW2c73LR/f0
;l3TWQcBeTBkWRBByBu3GwJn6O/BVRjxhpgMneKvSQkHktfLF1YgaCXfUEHRnLBdReSxutaNwzYDlYxY
;oynEikUek0KQFziy/gTJFhUZ95gOIqkryhSesEdSzZ5h9VOSnsUK1UhPYGj4Q8oaVR73FoTkraoWjQK
;qHw/OXqGpT0zexgrVS1N88z3FC1if3DPaALrxc1aNwyobz9fFpu0Kz4kcF40QWLk2+UPNHRJccAFZOf
;GzVp2YMRcWidim6ApLwkUOFUtPfPC9wkebk54x2kLtLasLkNp2hI/XBPp1U0GEnpOJi0ogaORDyRzUn
;/NcQ6EqJIgX2PYI0smZozkTUl9FCtVY1LzzvARQRIgHq53Ap+0rDlDZccSYCV+hqUSPgJkTmctPoejk
;X0PaFJzz2ln/8bNWkRkzRBTAHKApygpD31EO3JR6NDlfUIHIB6uBXPrxs0pXGXaCGA7Y4i5Ei8DYFkg
;XlTuzZF+TQcgHu9pC8ujtS5FecwZTV8+6dVNORdndDRJWejX+BIvZkxBzWoIh6+jPWhkzRVYN2K2oSQ
;nHktMJ0xN6aOSW0EHIC6ANVza/v1qByKYRwxvONnufHJLJBt7HQayk6FTcTwWLp41V8X2zU03DKgPUy
;xJiLsjLxp4QjtKYuPG9SImdUFuxgVk68bNWjcuqHw/LHqaiiwkFXFKOURT5vzyBC1uTnrLdziHqbo/R
;VPPDl4vfunWTUp7FCt3LT2B0P0OHmZOcMtkC4KoqgVUdcQVUTtzm4o4OgtxWQpKT+DT+X1CByAergV9
;68bNKVt/9x1RMXOIuSQkHEtbPF5J7s3OGjNmUHauBmfrxs1aJAyofEwzZba0OScUZ1s9SE/k/PwSJWI
;gHa0FZ+unpCg3KKh8Pyx6moovJQ9gRDhyTvTR9xwiYn93wGMOh6qSO1lrxBlgM3+aoU1JfxQrVR0GuJ
;ORakEHIG3CdjiIqaMuWHnaI006Zoy0ORUWe08wLT6Ho5F9AEVjX+xGZ9nGzVpEYNsjXDB5hbwjLSR1T
;SFIT97R9B4uZlR3wGI4n6OgKlJ+yQhKLXO2oSQnHktMJ0xN6aOSa0EHIC+XNUnb/f10BzeZTA9xJtLn
;eXpLOhtVDT2Bo+IRMlhDccFpDoWhkjhSaPcIWjJmjKcsPg5mTgpBVPLXkX5GByAenitX0Pf6ajc+qHw
;/LHqaii4lFHhCO0pi4tr9FC9jRWzxaQico78FX2nJCFotSZ2wIDoeZkohWE/k/P0UMnMgHakFZ+v242
;oMPZlMP20W6dU+JghLSDpCUejN9iIifkx3wGECmZm4Kkdp2iNXOnedsD8VD3FGJUhP4NfkDyRYTHfdc
;Wfowc1aNzyGTARuINnVYEp7FFg5XmLizP4RKGlHQcJgAZ+Zqz9SaPcUWj5ijKcSPh55WzBfXPXW4xge
;a0lt2gVk7MbNWgcimEcOaybpyk1Ke2dHJnJe7sz9FC9gf3PHaziHp7Q/RVPcFVI6SYW8Pj57FytVLT2
;BiZF9QXRMbfFmCISqpDRQU9gVTCt5h4olLxpgTidySeTO4RgzZlRr3GA4h6++LjcPr3w/XybH5XZ7TS
;QrcS09gdD9Dh5kT3HCbAmMmb01RHj3D1w+eIe8Iy0kcE45TETez/gONQcjGa4FZ9vo/WEEIph8HF8W6
;aYhOSR3RDpBVO/Ezg0zYn9tzWQJha+jPWhozRBeJkmFvD4+excsVS09sY2hRnIpEB6ABWfrtaEpaG/H
;E1M2eI6KPyMcfF8KS1jkx84VJGZUe9xaE46rvT9FbdwJTTpJhbw+PnsXLFUtPbGNoUZwMxAejAVn67W
;hKWhvxxNTNniOijkjFnF0IUhQ8cbjHDVyUnvxYhWKtqVaNBqofD9vONnufH1LOhtuHwmxk79NejYQLo
;A1Z/PGzVpEYNsjWD5mtrMkJhdLWTBdWODXzhAuY0UerQNn68aMG3VO6z8/Rhbp1T4mCEtMNkJZ5Pz3F
;C1iTn/DYDiNqb83Vniof1lfFumuKikUcE4KS1Ttxv8cLGJ/acdxD4SzuQVSdNwBYCR7iLYlIxVxdCFU
;TeT88B8jdUVox2QTgqmjJ2h3xR1LOmSAtCEVFXVGMHJc48HjGDduQWrHagmWmbY2VnXNDmA3c4CyJT4
;GeUZVHj2Bo+IRMlhIe89xDoWhkjhSascOWgBkjLYiKw99RTJySeTO4RgzZlRr3GA4n6+gP2hr2h1PNx
;bqwE1Keycbex0GsY2hRnAwEDCePlbZ9v10Bwy9fD9fZYWmEiMVckI5QWLgzfYRJFhMd91xZ+jCzVo3P
;JNFD18J6dVNORdndDxDW+jP/SImZlBByGwLh5m/P0dpyQhgMnmNsE1JfRQrVWx8w+HSPkERIB6udguY
;maQ0UWXEEGAtc5mwLD4keUQxSD2CpZF9QUZhXOxGJOvezVo3f8QPYDZ4j7whJiRnSDRDU+jN9iIsaER
;7rgZi68bNN1hozRA/Qhbp1T4mCEtCO0NY8/zyEi9zT2vcWgiNoL4/Q1PEFUwrFurVTUp7FA1VLT3yz+
;IiMWhXest3OI2jqD5eYs8jTTBiiKEkJRVLWTRZVO78/BIlYiAdqwVn66CkIlJoqF8/XxaauT4VC2ZOP
;Uhc9cr/Gh5lRXrxcQKGtqgoVnjdDloAeoCmOUp4NCtVLQ2vk6pMczcOLpUwV8X29msAPIZMBG4m2ft9
;cUojG3sdPbSjkX0ya1NB3ncCg6OsLl5izyNcJnqAuykvCUtHOlpY8/z5GCBzRWzxcQKGtqgoVnjdDlo
;AeoCmOUp4EytVLQ2vk6pMcDcgK64FZ5iqvgVHfs0UWj5igLsqFRhtRzxDWeTRzggxd0Vs8W0CirKoKG
;h4zRFPOmSIoTg4HktHPF5JgaCWfUEHEDCePlbd9s1qNwyoD1MsSZmnKCIedV88Q1rez/QbNVhGe8thO
;IOjrC5SfvcIWjJmjKcsPg5mTgpBVPLXkX5GByAenitX0Pf5ajcuqHw/LHqaij04HnxONFlU78TOEChp
;f3LPfAKZmbkzWmn3EFYsYunWTUp7FCt4LT2B0P0OHndSe8ZgBp+voz1ofMEPSzB4tr0oKw9xWQpZWOz
;T9A8gc1Vsy1oLgrW5WjQLqHw/bzjZ7nx8SxQMVS098s/iIjF1RXbLZBOCqKoFR2PbCGAsdYi7IyMVc3
;QxSFHg2s4RKHRUHq0CZ+vG/XQHN5tSD18w6dVNORdndCVfWOnG8AkoaUdB3ncCtLWuO1liwRJYAHKMu
;SwzJHhCJlk9gqSRfUE3Di6VNknbxvxaNwzbEEwAZpuwJS8aYEI7SmLzyvYVNVhGe8thOIOjrC5SfvcI
;WjJmjKcsPg5mTgpBVPLXkX5GByAenitX0Pf5ajcpqHw/LHqaij04HnxONFlU78TOCShqRUHaYAqbo78
;7Q3naGWA4ZIilJUp4NitVLQ2vk6pIcSkQJZ83V9vo/WEGPJhSD2Ql3+V9ZEsvGmIdE7GjsH1BB1Ny3V
;oXma+jLl5izyNdOnK2oSgnC3FZNFlI88bOESh0VB6tDGfrxv10BzeZSw9xJunmTUp7Z0cmck3zyv8JK
;GlHQc18C4KoqT9FU8QTSDpktr0oKw9xWQpZWOzT9A8gc1Vsy1oLgrW5WjQLqHw/bzjZ7nx7SxQYVS09
;8s/iIjF1SXDabAmMma4jW2XGGFotSZylPS8JS0MwTEnk0c4JJGpQe9xkE560qAVbZdsIP1wR6dVNelU
;kEGQbDYGNkX1BdExt8XUVgqi5M1lr9xBaOWK2sygvH0tDMExJ5NHOCSRqUHvcZBOetKgFW2XbCD9cEe
;nVTXpVJBBkGQ2Bg5F9QXRMbfF1FYKouTNZa/cRVjFJhbQ0LwlLXzxAWN7P+A41ByMergVn6+3NWjd/x
;A9gL2SAuzkjFXN0JURO9cz/IiliQWrLdzifo6AqUn7JCEotc7a5JDkPFChSLT2Bk79NejYWLq4gZ+vG
;vjZEU9gOVjFigLsqFQt7WCFyTuLC/xMoaUdBymALir+SNl5/3Hw8WBbp1X1kSy8Yex09paORfTJrU0H
;edw6FsqQ0UFPYDloAZYq0IyQSekwKSVjtwugiLW5Taq4GYOvGzWoZPJNPEW8WxtVNSgh4WApdT+jN5R
;QvYH9sx2IPn5mrP1Jo9xRaPmKMpxI+HnlbMF9c9dbjGB5rSW3aBWTsxs1aByKYRw5rJun2TUp7Z0cmc
;k3zyv8JKGlHQdpsCo6ZuT9afM0OXitjm7ASLQl1Wz0tPoijkX1xKRAlnzJXxfbNQjcMqA9TLEmbuiQV
;CXFMPEJT3tDyHC9YTXHKYGfowM1aN2XbEF4xcunATUp7Z0cmck7iwv8TKGlHQd1gFp6jozlSDKtyP18
;WgLsrIxd4FTZCU/XM5A9BCiAernYLmJm+P1Zh9whGL3Pp1klKexRFOkNYgbqRfUF0TG3xdg+Co6E+aG
;3EG1Atf529IBUPbVswLT6Do5F9FzYgAq4FZ5iqvgVEZMEZUztJgLsrIxd4dDRDWu3GzhEodFQerQJn6
;8b/aAI3m00KXzDp1U05F2d0IUVU7/zmHC1rf3rBcAWHo5I2XmLND2Atc5mwLD4keUQxSD2CpZF9QUZh
;XOxGJOvjzVo3f8QPYCt+gLsSPRp4RwpeVO/E/Rgea0lwy1oVjraoO0NTxRNbOhbq001Ke1VqF29+wqO
;wfUEHU3LdWhOEtpIpQn7OHVw6SYC7KyMXeHQ0Q1rtxs4RKHRUHq0BZ+vG/WEOPKhVP18WmrgsJhdLSi
;dIXN7Q/hEoY393wGMOh6qSPFtj3yNcMHuZsCM5GmBCOkM9gviRfUE3Gy6VNUnZ/f10AzicSARvON3uf
;WRNJR9gFg2vlapNbzAQK5c+V8X+9moZO55NBmQnx+B2elUsHmIcBrOYoVN5PxgnlTZc2+j0aAQ9k0kE
;bzjQ4H96QCUbbhwGgbSRfUF0T3LHYTiCqKszW2D3HVE4eoyKISMIYCtWKz2Bo6VIejYTK64RZ+vGvjV
;bZcwjVjFwgLkhFQt1XyFIT++jknhBByBSx2sCmMbWWjcM2xNTNnK2vCMsEnhHCl1c9df0Dy9YQnHacQ
;iGxs5fNwyoMFYxc5rVW0p7FFggXU3u0eUiJXJBcvFgH5+0uCleY8Z8PFMW6dUMJhc0Ti1ZT/TH9A9BH
;iAernYSm7aiKENTwRJZNnqFiiwkHHhOCkFU8teRfkIHIB6DMVLr5s1aN3/dDE8wZJ2KJCQdfUc5clL0
;1/0UL2JTQct9E5mzqT9FDKtwP18WqLkhah5sXydYWeTRkXFBByBt23UXhLS5BUN12Bk/XBPp1U0GEnp
;OJi0tgaORDjR3UHHccTiYsr87Q2nPBT9cEunVTR4JcU5VKj2Bo+IIMXdPbNoFZOHGzVpyes0ORih+jK
;coSlgUK1VeSPPF8B4kWFNxwmwDtKSiLkNjxSNWMXCAuSEVC3VfIUhP76OSeEEHIFLHawKYxu1aNwzbC
;U05d4qwEjkUeEIxcknu084UL2FJcsJaF4qyuT9FYqh/Ol8W6ZkkJB5nK0EtPYHX9BAxYlJ/2nAVjpmv
;P1NTxBVMKxbq1U1KexQ+VS099cb8DSR1QWrbdwK0qqg8Q1PEFUwrFurVTUp7FD1VLT31xvwNJHVBatt
;3ArS0pD1fePcQVixi6dZNSnsUK1stPYHX9BAxa0Fqy1oJhLKoKTcPqHw/Xxbm1U1KDH1bMHJJ7tT0Dx
;5qT3rLBWThxs1afmLcGU0zd4qwKUprFCtVWlTxxs4JLnBFbPF2D4q2qFo0Bah8Pw1ziqEsJBx4TlUjP
;YGj5hQxYn9pz2kLtKuiPlIMq3Y/XxaguzkvCXhKNkhZgbORfUFoT2TLWhSDr6g2U1PcBU86FurcTUp7
;Q0ohSE/Hwv0RQSggHq4HZ+vGzFo3DO58P18X6dVNRXsUKwYtWIHXkQlBbiBwrmJny8aKWkUMx3xKX2b
;p9U17exUrVS09gaORbUEHIB6uBWfrxs1aNwyofD9fFunVTUp7FCtVLT2Bo5F/QQcgGq4FZ+/GzVpKAq
;h8OV8W6bMhJQtkUlUtPfvgkX07RCAe1EZn68bNl/vAln0/X96r1U2CORUrVS09gWvQfUEHIByuBWfpx
;s1aN4irfD5fFiGUTUp7FCtVDX1Mb11DQQcgHq4F/KjGzcF0DKigfWsW6dVNSnsUKVUtPZWjkX1BByAe
;rgVn68bNWjcMqHw/Xxbp1UxKexQrVS09gaORfUEHIB6uBWfrBMBaNwyofD8HFunVbkp7FE4tWU/0x/Q
;PcFhDa91xCIaZvSheYtwdXTNztqcoLRJ7RQpVPYCjkX1BByAergVA68bNP0942glbOmTYii4/CGBEOH
;JN88r/CSBlTHvxdwKMr6I0aHTbFUU6FujVTUp7FKs+bT2io5F9JH9UbNthApn3kjlCf9wTUgBmm7wjP
;hp2RzByT+TE+BIvWFkerwVn68bNWjcMqFs/XxaMrTk4DnBOJxxi4tbiCS5qf27cbAmfp682UlPaGVg2
;eYeKNDkSbk5VLD2Bo5F9wWxgHo0FZ+ujtS5FecwZTW1JiqA+PhR5dCVfVO/X8B8tYn9sy2IOhKiSIjc
;NqHw/Xxbp1U1KXBQrVUhF9dHkGSR1EkHNcBSfqaAFR37BEks+dIWwEjgec0I6Q2L50PgHJAchHq4FZ+
;vGzVo3L6h8Pzpunac4Lh5mGQpOSPLX/hAed1J3wHEGiaqoBUVpzxVQMUmQ1UxKexQrVS09gaO2fUEHR
;WbadxKPo79oaG/dD0swe7alPyMVYEo3QVje0fQaKGhOQdd2DpGjzVs3DKh8P18W6dVYSnsURjROVejN
;9CIgan9qy2YPhamhNVB1qH0/Xxbp1U1KexQ7VS097MLyFShpRUHMZBKPtKwuUgypfD9fFun1QQt7BSt
;VLVDgwPkUL2J/fMthOJiurCpSDKl8P18W6dVNSnsAK1UtUODA+RQvYn98y2E4n6OgKmhhyQQ/Xhbp1U
;1K+09rVTQ9gaP8HCJvSXDLWgWOqrkFUG3GCE0mSYi7KiYeFCpVLT2BoxE7AQc2Hq4FCoqlpTNZafcfU
;DJmjLs+Kw99RDtyRYGikX1BByAe90Vn/cbNWlptyxRWMXO2tiInC3FFJkxJ6Mz/IjgHIR6uBWfrxpQa
;Ny6ofD8yd4q9JCQeS080WVzexfgRJFhUdttoBYWnpDZoZM0VWDdi6dRNSnsUK1WpfYGCkX1BakF9xmw
;JjpmpO0Nt9xpWM3O2oSU/FnZFNERR3tT4GTVvIB+uBWfrxs3edwylfD9fe4i2JSMVcXQxRFDe25F8QQ
;cgHq5FCKvGwFo3DMUdXDd/h7ASLhJ5dCwtPIGjkX1BR09erghn68agO1RkwRJaAHKAuBIwexUrVS09g
;eP+PUEbIB6uaAaIrqQ0UlPMFUwrd4e2KBUdZkQ4cl/u0fUYMwchHq4FZ+vGyRo3GKh8PzJ3ir0kJB5L
;Ti1ZT/TH9A8eaVVzrgRn68bNWjf8l3wlXxbpuCwpE31FMHJY+dfjCCViUkHBYwGYo7kFTz6ofT9fFun
;VTXM7FDFVLT3swvIVKGlFQct9E5mzqT9FU8caWSxznYo0eHsVK1UtPYGjkX1BFSAermgGiK6kNFJTzh
;VTPnuMuzkVShQqVS09gaORfQEHMh6uBQqKpaUzWWn3GlYzd4SwIz4kJitULT2Bo5F9QUcgPa4FZ4anr
;jJeYs0jWTZkhKIsOB5LSjZOWO3G4xw1bk9w8WA4hqe1WjYMqHw/X54qlU1sexQrOExe6cr/GB5hSWzD
;cgaZo5I7VG/NEFotd528IiQkZFk8Q0nozfZ9QAcgHq4FJ2SGzX83DKgRXjx+gLsoFR19WThaXPPGzhw
;iZEVyy3cGn6+iNGh+zQhNPnWd1UxKexQrVV2awaO1fUEHTX/NbQ6Fo5I8Xn7FC14tc7a0LikeeE4nTE
;nozP8iNXVBaMtpZ+rGzVo3DOjzf1816dVNJxp3QzxDWN7F+A8scEFsy1oGiKWoNlJ+yQhWMHi2rRInG
;mwrVC09gaOR6YBHID2uBWeGp64yXmLNI1k2ZISiLDgeS0o2TljtxuMcNW5PcPF8OIantVo2DKh8P1+C
;KJVNaXsUKzhMXunK/xgeYUlsw3IGmaOSO1RvzRBaLXedvCIkJG50OExFgaKRfUEHIB73RWf0xs1aWm3
;LFFYxc7azJDgWY0onSGLnxvQZM2ZUe/FgOIantVo2DKh8P18W0JVNVXsUKzhMXunK/xgeYUlsw3IGma
;OSPFJpzA5eK3O2rRInGmwrVC09gaORvTNHIAGuBWeGp64yXmLNI1k2ZISiLDgeS00wSFnzwuUYHn5/c
;899Z+rGzVo3DGgOf18J6dVNJxp3QzxDWN7F+A8scEFsy1oBjqOpKFZ4zSNFAHuIrU1LexQrVS09leOR
;akEHIHPPZg+CqKgFUWXaEUg+ZIyKJy8Jf3QwLTyBo5F9QQc0Xq4SZ+vGoDtUZMESWgBwgKcgPRpmTgp
;HWPPIzgVBBiAergVn6+6NWiAMqHxSPnWBvCMvJHJCJ0BK4NH0IitiUnXxfGfqxs1aNwyoVH9fAenVTS
;cad0M8Q1jexfgPLHBBbMtaDY60pgVNDKnmpsaPcEyUdXsBK1UtUODA+RQvYn95z2sTmb+SMlJlzxRLX
;xfp1U1KexQrVS0pgaORECBkSHfAYDiMpaI+UlPJH0s2eYfVTEp7FCtVLT2Bo499QQdNf81tDoWjkj1U
;Y8wZYCt+nLgvJBp9RwpFWOjE+QlBBiAergVn66+NWioMqHxSPnWBvCMvJHNIOklY3tf5CCxlTn/HaTi
;cr6kuXwypfD9fFunVJAp7CytVLVDgwPkUL2J/cs92E7SzvTZYbcwjTDpkn7A/FQ9tWzAtPIGjkX1BBy
;AerhJn68agO1RkwRJaAHiGrzcmHktPPExQ5Nf0D0EGIB6upf5yH/JaLgyofFI+dYG8Iy8kekQvV1Hk/
;PUUIGpFast3ONnGzFo3DAjlpoYp6cxNSnt5SjZFVO/GzhMufVpyy1oTjqu9BVpt0CMOXxfp1U1Ke3RY
;FS0kgaORECBkSHfAYDiFqbcgW2n3CFoyZra4LDIkJitULT2Bo5EdMkcgDK4FZ4anrjJeYs0jTy1/h6E
;SJxRwTlUsPYGjkX1BByAejwVn66usOV9lxhlgL2SGuD0+JGFYMHJP4MXlIjVvUnvdbQiHos1bNwyofD
;+fdKnVQEp7FEY0TlXozfQiMnNFbssFZuvGzVo3DKh8P30W6dUgKxh8QjtIYvfK4wk0ZkxBy30TmbOpP
;0VTxxpZLHOdijV4exUrVS09gaOoPUElIB6uaAaIrqQ0UlPeFU0rY4i5Ei8DYFkgSVjz/P4bJ3RFavF8
;VevHzVo3DKh8P18WyNVNSh5sXydYWeTRoCIiclNqwWg4m7SkNENtyhBaAGSMsiQlFRQpVS0cgaORGDl
;zUmvKYBXZma4vRHjHEWAvZIC7OSsZeE4KX1jmyv4TQQUgHqIFZ+urrDlfZcYZYD1zhaFNSHsUC1UtPe
;zC8hUoaUVBzXAUn6mgBUd+wRJLNniOij04EntZPFlEgaGRfVkHIB7DZASDr6M/aGjJCF4AdYa7OS8VY
;HQ0SVmBoZB9VAcgHsNkBIOvoz9oaMkIXgBwgLkoFRpwT1UvPIGHkX1BakF9xmwJjpmoIkN+3RhaLUma
;oiQ+GHx0IkxU9fz5GCBzSXDJBWXrxt5aNwzFHVw3f4ewEiwaenQ2QlP10f4RQQUhHrUFZ+urrDlfZcY
;ZYDl/m7g6KwlxdCdISfPC8gkoaE4erAVny8bNWlptyxRWMXO2syQ4FmNKJ0hi9cr8GB5iU2rHaAafr6
;I0Nw6ofCJfFum4LCkTfUUwclrizPUYHmJ/c9tpE4K2oSNoasQTSF8U6dVWSnsURjROVejN9CImZE96y
;1oTg7OgOFltwRBgPnKN1U9KewQrVS1Q4MD5FC9if3bLZBO0pKg+Nw6pfCxfFum4LCkTfUUwclTlxuki
;Mn5TastoZ+nGzUY3DKgRXjx+gLsoFRR5QiFyT+DK4hg1aFV9xloEhKKoWjUMqGk/XxaEtC4iEnpOCkJ
;P6MT4Ex5kRXDaYBXrxM1aIAyofFI+dYG8Iy8kZFk6QE31/OQOJFhSf8hxZ+nGzXA3DKgRXjx+gLsoFQ
;tmRDhdSd7W4hgedUF42loDnrahM1Rt3BVQMUmEvD84FGYrVy09m6ORfSxmQ3bHawK0tKg2VnjBCloAc
;5GhPz8IfUQ7LT+Bo7J9QQdNf81tDoWjkihSf80IYDpJhbAjLQ98dDlMROTRzh4pZk55ywVl68bvWjcM
;xR1cN3+HsBI8GnhCMUxJ5PzhDyhpVHfAYjibtKQ1RWXcBT9dF+nCTUp7e10wX0/ox/QiMmtJfctaFI6
;yuTNZa9t8PV8W/tVNShNxSiFEU+b84hQsckx/2mwIhZmpO0NtqH8/Xxbp1VpKexRGNE5V6M30IiduTH
;/DYAmfmaM7Wmn3TT9cHOnVTRo3VQtkAwq0zvx9VgcgHsNkBIOvoz9oasEQXjJzh6ESJBp5TgofPYKpk
;X1BV2xfjjRJ3POgNzcdqHw/MneKvSQkHktNPEFY3s3wECQHIxiuBWeNqqIqR3WoaT9fFoS0LiISek4K
;S1TzzuYcM2J/atd1AuvFylo3DOMQVi9mjKdNQHsUKzhMXunK/xgebkQerSFn68auYlE0yUhdazve4Xo
;rViBJMUgQuZb1RWwyQSybNwSN9/xiUm6obj9fFoS0LiISek4KQAyxk6AiImhEe64GZ+vGzVolDKh8Uj
;51gbwjLyR5GmUdD97A/hkkByMergVn69TNWjdhyR9XNniMiiB4SyQbCk5S5caRfkEHIB6uCWfrxqA7V
;GTBEloAYpClKEp4EitVLVvtzOENOAc5Hq4FCoqlpTNZafcIRi9ztrQvKAlxXTxMSejM/31CByAergVn
;68bNWjcMqGw/Xxbp1U1KexQrVS09gaORfUEHIh6uBRyWv89aNw2ofD8qFOnVR0p7FHsZbB2wjaZILGo
;gHq7lWOvGVh43DO8/urTRqNUN1j4UK69rPYEf01VDByAergVn5MbNWicMqHxZNnqIuCgkD0tPMENO6N
;fofUAHIB6uBQd4hs1LNwyoGlYzd4SwIz4kcEI0QFj1xuN9QAcgHq4FZxf5zUs3DKgaVjN3hLAjPiRyR
;zpaT+DX9H1AByAergXnvIbNVDcMqBpWM3eEsCM+JGRZPE5YgaKRfUGnUOOWRWf5xs1aUWXEHVI6eJ2K
;Oy8JfU0sclTlo5B9QQcgnj7GJ+vRzVo3Y94ZTS1/jbASORd9SDByTuTX5RQvYFMerAVn5cbNWlFlxB1
;SOnidii84GnpPVS46gaORLyBuU3udQWf+xs1aUWXEHVI6eJ2KKSMIZEc0VGLvwvwYQQQ8Hq4FPLmnpC
;lSP+whHw9kjLgkPxY0exlsHbCNpkgsaiAMrgVnja+hO1ppxghgOX+FsBIkGnlOVS43gaORLQ1GAC+AM
;lKGq81INwyoGlYzd4SwIz4kc0g6SVjexv8ZQQQgHq4FZ//GzVpRZcQdUjp4nYoqKRRwTgpeSeDR5X1C
;ByAergVs68bNPF5gyRFaMWK2vClKeDArVS0Pt8XwTSI/FDPKM1CJ6/lqUTmFRAxoIsS0eHodLRJjHgW
;5kaB9TAcgHshsC4qrqDRDU8YdUjoW6t9NSntEZxQNDK+UpBAsBzoergUBgqqsN1Ji3CNRPnuMiiwoGW
;ZOI0Rc9cr+E0EEIx6uBTenh81UNwyoGlYzd4SwIz4kekQhSE6BoJF9QQcgHq4FZ+vGzVonDKh8P18W6
;dVNSnsUK1UtPYGjkX9BByBl0wVn68bNWjcMqHw/Xxbp1U1KexQrVS09gaORfUEHIB6u
;Data end
;Recover start:29
;G21
;G90
;G28 X0 Y0
;G92 X0 Y0 Z{z}
;M221 T0 S94.00
;M140 S60.00
;M104 T0 S200.00
;M109 T0 S200.00
;T0
;M190 S60.00
;G21
;G90
;M82
;M106 S0
;T0
;G92 E0
;G1 F140 E29
;G1 X20 Y0 F140 E30
;G92 E0
;T{current_extruder}
;M106 S{current_fan_speed}
;G92 E{current_extrusion}
;G0 F6000 X{x} Y{y} Z{z}
;G0 F{current_travel_speed}
;G1 F{current_extrude_speed} E{current_extrusion}
;{current_unit}
;{current_pos_abs}
;{current_extrude_abs}
;M117 Printing...
;Recover end
;Print Time: 2171
;Material#1 Used: 2040.3
;Material#1 Cost: 0.15
